Datetime,Open,High,Low,Close,Volume
2024-12-11 09:15:00,332.45001220703125,336.45001220703125,331.54998779296875,333.0,0
2024-12-11 10:15:00,333.29998779296875,333.6000061035156,332.1499938964844,333.3999938964844,2890
2024-12-11 11:15:00,333.0,333.3500061035156,331.25,331.8999938964844,4762
2024-12-11 12:15:00,331.1499938964844,331.3500061035156,330.20001220703125,330.95001220703125,3190
2024-12-11 13:15:00,330.95001220703125,331.29998779296875,328.79998779296875,330.0,6419
2024-12-11 14:15:00,330.29998779296875,333.0,329.20001220703125,331.20001220703125,6998
2024-12-11 15:15:00,331.95001220703125,333.0,330.0,331.5,6176
2024-12-12 09:15:00,331.5,331.5,326.1000061035156,326.5,0
2024-12-12 10:15:00,326.5,331.0,324.8500061035156,329.6000061035156,30200
2024-12-12 11:15:00,329.5,331.45001220703125,329.0,330.0,11963
2024-12-12 12:15:00,330.04998779296875,335.25,330.0,335.0,21505
2024-12-12 13:15:00,335.0,335.25,332.8999938964844,334.8999938964844,16762
2024-12-12 14:15:00,335.25,349.75,335.25,347.8500061035156,98877
2024-12-12 15:15:00,347.8500061035156,348.5,341.29998779296875,346.29998779296875,31340
2024-12-13 09:15:00,345.25,345.54998779296875,338.1000061035156,339.29998779296875,0
2024-12-13 10:15:00,339.20001220703125,339.6000061035156,336.5,338.04998779296875,7463
2024-12-13 11:15:00,338.29998779296875,341.45001220703125,338.20001220703125,341.45001220703125,6787
2024-12-13 12:15:00,341.0,341.45001220703125,339.0,340.45001220703125,3506
2024-12-13 13:15:00,339.6499938964844,341.0,339.0,340.45001220703125,4163
2024-12-13 14:15:00,340.5,347.6000061035156,339.70001220703125,346.0,33252
2024-12-13 15:15:00,346.1000061035156,348.45001220703125,344.0,346.25,20110
2024-12-16 09:15:00,348.1000061035156,350.0,339.25,339.45001220703125,0
2024-12-16 10:15:00,338.54998779296875,341.1499938964844,338.54998779296875,338.8999938964844,10586
2024-12-16 11:15:00,338.5,339.70001220703125,338.20001220703125,338.79998779296875,2670
2024-12-16 12:15:00,338.5,340.0,338.3999938964844,339.54998779296875,4791
2024-12-16 13:15:00,339.3500061035156,340.0,337.5,339.79998779296875,3760
2024-12-16 14:15:00,339.8500061035156,340.0,337.5,338.3500061035156,11845
2024-12-16 15:15:00,338.3500061035156,340.0,337.8999938964844,338.8999938964844,5864
2024-12-17 09:15:00,340.70001220703125,340.70001220703125,338.0,338.70001220703125,0
2024-12-17 10:15:00,338.70001220703125,338.70001220703125,335.25,336.6499938964844,7498
2024-12-17 11:15:00,336.54998779296875,337.6499938964844,335.29998779296875,335.79998779296875,2245
2024-12-17 12:15:00,335.5,336.0,335.25,335.95001220703125,2533
2024-12-17 13:15:00,335.29998779296875,336.0,332.29998779296875,332.29998779296875,216825
2024-12-17 14:15:00,332.75,335.0,332.0,333.20001220703125,12608
2024-12-17 15:15:00,332.75,334.8999938964844,332.0,333.6499938964844,4733
2024-12-18 09:15:00,333.5,333.5,326.20001220703125,326.70001220703125,0
2024-12-18 10:15:00,326.45001220703125,328.04998779296875,326.45001220703125,327.79998779296875,14082
2024-12-18 11:15:00,327.79998779296875,331.1499938964844,327.54998779296875,329.79998779296875,4585
2024-12-18 12:15:00,330.25,330.95001220703125,329.6000061035156,330.29998779296875,4754
2024-12-18 13:15:00,330.75,330.8500061035156,328.45001220703125,328.5,8181
2024-12-18 14:15:00,328.95001220703125,329.79998779296875,327.29998779296875,328.79998779296875,4169
2024-12-18 15:15:00,328.04998779296875,328.79998779296875,327.29998779296875,328.0,3305
2024-12-19 09:15:00,324.0,330.1000061035156,321.0,327.3999938964844,0
2024-12-19 10:15:00,327.75,329.6000061035156,325.75,328.1499938964844,5647
2024-12-19 11:15:00,328.6499938964844,329.8999938964844,328.0,328.54998779296875,6677
2024-12-19 12:15:00,328.5,328.70001220703125,327.0,328.70001220703125,2046
2024-12-19 13:15:00,329.0,329.6000061035156,326.0,326.45001220703125,12022
2024-12-19 14:15:00,327.1499938964844,328.04998779296875,326.45001220703125,327.3999938964844,7958
2024-12-19 15:15:00,326.8500061035156,328.0,326.70001220703125,327.3500061035156,4285
2024-12-20 09:15:00,329.1000061035156,329.1499938964844,326.1000061035156,326.1000061035156,0
2024-12-20 10:15:00,326.45001220703125,327.8500061035156,325.6000061035156,327.29998779296875,3213
2024-12-20 11:15:00,326.5,327.0,325.0,325.0,4384
2024-12-20 12:15:00,325.25,325.8999938964844,323.5,323.54998779296875,3870
2024-12-20 13:15:00,323.54998779296875,324.79998779296875,323.5,323.79998779296875,2712
2024-12-20 14:15:00,323.79998779296875,327.3999938964844,323.0,327.1499938964844,7495
2024-12-20 15:15:00,326.1000061035156,326.8500061035156,323.20001220703125,326.0,2183
2024-12-23 09:15:00,325.1499938964844,328.54998779296875,322.54998779296875,323.3999938964844,0
2024-12-23 10:15:00,323.0,323.0,320.20001220703125,322.70001220703125,7733
2024-12-23 11:15:00,322.70001220703125,328.8999938964844,322.45001220703125,324.70001220703125,42320
2024-12-23 12:15:00,324.8500061035156,326.29998779296875,322.3999938964844,322.6000061035156,2055
2024-12-23 13:15:00,322.70001220703125,324.54998779296875,322.70001220703125,323.29998779296875,9665
2024-12-23 14:15:00,323.3500061035156,324.8999938964844,323.0,323.0,7773
2024-12-23 15:15:00,323.3999938964844,323.70001220703125,323.0,323.29998779296875,11633
2024-12-24 09:15:00,323.25,324.04998779296875,321.0,322.95001220703125,0
2024-12-24 10:15:00,323.29998779296875,323.6499938964844,322.1000061035156,322.70001220703125,2836
2024-12-24 11:15:00,322.79998779296875,323.0,321.8500061035156,323.0,5165
2024-12-24 12:15:00,323.25,323.25,321.95001220703125,322.04998779296875,6113
2024-12-24 13:15:00,322.0,323.5,321.8500061035156,323.5,2452
2024-12-24 14:15:00,322.75,336.29998779296875,322.3999938964844,331.70001220703125,34843
2024-12-24 15:15:00,332.1000061035156,332.6000061035156,330.1000061035156,331.5,6462
2024-12-26 09:15:00,332.29998779296875,332.8500061035156,324.29998779296875,330.8500061035156,0
2024-12-26 10:15:00,330.45001220703125,339.79998779296875,325.75,335.79998779296875,66775
2024-12-26 11:15:00,335.0,336.5,329.0,329.0,17142
2024-12-26 12:15:00,329.0,330.8500061035156,329.0,330.04998779296875,1070
2024-12-26 13:15:00,330.20001220703125,339.79998779296875,330.20001220703125,339.04998779296875,40507
2024-12-26 14:15:00,338.70001220703125,342.8999938964844,335.1000061035156,338.0,182252
2024-12-26 15:15:00,337.6000061035156,339.8500061035156,337.6000061035156,338.5,14095
2024-12-27 09:15:00,336.25,340.3999938964844,336.25,338.0,0
2024-12-27 10:15:00,338.04998779296875,342.1000061035156,337.1000061035156,342.0,8007
2024-12-27 11:15:00,342.0,343.0,340.1000061035156,340.6499938964844,13141
2024-12-27 12:15:00,340.6499938964844,341.79998779296875,340.20001220703125,340.95001220703125,9025
2024-12-27 13:15:00,340.45001220703125,341.1000061035156,338.29998779296875,339.1499938964844,8188
2024-12-27 14:15:00,339.95001220703125,340.20001220703125,337.5,339.70001220703125,9226
2024-12-27 15:15:00,339.8500061035156,340.04998779296875,337.25,339.20001220703125,10264
2024-12-30 09:15:00,340.45001220703125,340.45001220703125,335.8500061035156,337.0,0
2024-12-30 10:15:00,337.29998779296875,337.29998779296875,334.0,335.25,5793
2024-12-30 11:15:00,335.1499938964844,335.6499938964844,334.3999938964844,334.45001220703125,1421
2024-12-30 12:15:00,334.45001220703125,334.8999938964844,332.0,333.0,7285
2024-12-30 13:15:00,332.5,332.75,330.1000061035156,331.5,7454
2024-12-30 14:15:00,331.1499938964844,332.6499938964844,330.1000061035156,331.79998779296875,11083
2024-12-30 15:15:00,332.0,332.25,330.54998779296875,331.45001220703125,4646
2024-12-31 09:15:00,333.20001220703125,333.20001220703125,329.0,330.04998779296875,0
2024-12-31 10:15:00,330.79998779296875,332.3999938964844,330.5,332.1499938964844,3257
2024-12-31 11:15:00,331.8500061035156,331.8999938964844,330.0,331.04998779296875,3207
2024-12-31 12:15:00,331.04998779296875,331.1000061035156,330.0,330.75,667
2024-12-31 13:15:00,330.75,331.3999938964844,330.25,331.0,1599
2024-12-31 14:15:00,331.0,346.25,330.54998779296875,345.3999938964844,53685
2024-12-31 15:15:00,345.3500061035156,345.5,339.0,343.1000061035156,22115
2025-01-01 09:15:00,343.1000061035156,346.0,339.45001220703125,342.95001220703125,0
2025-01-01 10:15:00,342.3500061035156,342.75,340.6499938964844,342.1499938964844,11174
2025-01-01 11:15:00,341.25,342.6499938964844,340.1000061035156,341.70001220703125,4233
2025-01-01 12:15:00,341.70001220703125,343.5,341.04998779296875,341.1499938964844,5636
2025-01-01 13:15:00,341.1499938964844,346.8500061035156,341.1499938964844,343.70001220703125,12139
2025-01-01 14:15:00,343.3500061035156,344.20001220703125,342.3999938964844,343.1000061035156,9667
2025-01-01 15:15:00,342.6000061035156,343.8500061035156,342.0,343.25,2166
2025-01-02 09:15:00,340.1000061035156,342.70001220703125,337.0,337.75,0
2025-01-02 10:15:00,337.75,337.75,335.3500061035156,336.5,5249
2025-01-02 11:15:00,336.3999938964844,336.70001220703125,333.0,335.0,8062
2025-01-02 12:15:00,335.0,336.6000061035156,334.6499938964844,335.95001220703125,3648
2025-01-02 13:15:00,335.29998779296875,337.3999938964844,334.75,335.79998779296875,3984
2025-01-02 14:15:00,335.79998779296875,335.79998779296875,334.0,335.0,5360
2025-01-02 15:15:00,335.5,335.79998779296875,333.54998779296875,334.54998779296875,4281
2025-01-03 09:15:00,336.20001220703125,337.6499938964844,333.25,333.3999938964844,0
2025-01-03 10:15:00,333.70001220703125,334.20001220703125,332.29998779296875,333.25,3526
2025-01-03 11:15:00,333.25,334.45001220703125,332.20001220703125,332.5,2943
2025-01-03 12:15:00,332.45001220703125,333.54998779296875,331.5,332.70001220703125,2054
2025-01-03 13:15:00,333.1000061035156,333.5,332.0,332.1000061035156,4327
2025-01-03 14:15:00,332.0,333.3999938964844,331.6000061035156,332.0,7553
2025-01-03 15:15:00,331.6000061035156,332.3500061035156,331.6000061035156,332.04998779296875,2519
2025-01-06 09:15:00,327.25,332.04998779296875,327.25,328.45001220703125,0
2025-01-06 10:15:00,328.3999938964844,328.5,325.20001220703125,325.75,5503
2025-01-06 11:15:00,325.75,326.25,325.0,325.6499938964844,5736
2025-01-06 12:15:00,326.1499938964844,326.25,324.79998779296875,325.45001220703125,3066
2025-01-06 13:15:00,325.5,325.6000061035156,317.1000061035156,319.25,14818
2025-01-06 14:15:00,319.70001220703125,323.5,314.25,316.5,22156
2025-01-06 15:15:00,316.5,319.45001220703125,316.04998779296875,317.3999938964844,9408
2025-01-07 09:15:00,317.3999938964844,323.79998779296875,317.3999938964844,322.1000061035156,0
2025-01-07 10:15:00,321.79998779296875,322.45001220703125,318.79998779296875,319.6499938964844,14812
2025-01-07 11:15:00,319.20001220703125,320.54998779296875,319.20001220703125,319.8999938964844,2681
2025-01-07 12:15:00,319.8999938964844,320.95001220703125,319.04998779296875,320.8999938964844,161512
2025-01-07 13:15:00,320.95001220703125,321.0,319.5,320.29998779296875,6919
2025-01-07 14:15:00,320.25,320.79998779296875,319.70001220703125,320.3999938964844,7573
2025-01-07 15:15:00,320.54998779296875,320.54998779296875,316.75,317.79998779296875,12839
2025-01-08 09:15:00,318.04998779296875,320.6000061035156,316.70001220703125,317.0,0
2025-01-08 10:15:00,317.70001220703125,317.70001220703125,316.1000061035156,317.1000061035156,4058
2025-01-08 11:15:00,316.0,318.0,315.79998779296875,316.70001220703125,7285
2025-01-08 12:15:00,316.3999938964844,316.79998779296875,314.29998779296875,315.29998779296875,14758
2025-01-08 13:15:00,315.1499938964844,315.8999938964844,315.0,315.45001220703125,3626
2025-01-08 14:15:00,315.54998779296875,316.0,312.95001220703125,314.5,14264
2025-01-08 15:15:00,314.04998779296875,314.5,312.79998779296875,314.0,4766
2025-01-09 09:15:00,313.25,315.95001220703125,310.6000061035156,315.95001220703125,0
2025-01-09 10:15:00,315.8999938964844,317.0,313.70001220703125,314.3999938964844,10121
2025-01-09 11:15:00,314.3999938964844,316.20001220703125,313.75,316.20001220703125,3585
2025-01-09 12:15:00,315.5,324.8999938964844,314.8500061035156,317.5,48584
2025-01-09 13:15:00,318.0,319.0,315.45001220703125,317.6000061035156,6968
2025-01-09 14:15:00,317.6000061035156,318.1000061035156,316.25,316.45001220703125,6818
2025-01-09 15:15:00,316.3500061035156,317.1499938964844,315.0,316.54998779296875,7984
2025-01-10 09:15:00,318.20001220703125,318.20001220703125,306.29998779296875,309.04998779296875,0
2025-01-10 10:15:00,309.75,312.8999938964844,309.0,309.95001220703125,12114
2025-01-10 11:15:00,310.0,310.5,307.79998779296875,309.0,9768
2025-01-10 12:15:00,308.3999938964844,309.6000061035156,308.04998779296875,308.29998779296875,3894
2025-01-10 13:15:00,308.70001220703125,308.79998779296875,300.04998779296875,302.1000061035156,55901
2025-01-10 14:15:00,302.95001220703125,306.04998779296875,301.45001220703125,304.8999938964844,42475
2025-01-10 15:15:00,304.95001220703125,306.25,304.0,305.95001220703125,6385
2025-01-13 09:15:00,300.3999938964844,308.45001220703125,300.3999938964844,307.6499938964844,0
2025-01-13 10:15:00,308.5,311.79998779296875,305.79998779296875,306.1499938964844,20584
2025-01-13 11:15:00,305.79998779296875,307.8999938964844,302.8500061035156,305.70001220703125,17728
2025-01-13 12:15:00,305.0,305.70001220703125,303.1000061035156,304.1000061035156,7092
2025-01-13 13:15:00,304.1499938964844,304.45001220703125,301.0,301.0,9321
2025-01-13 14:15:00,301.0,301.45001220703125,296.54998779296875,300.5,23839
2025-01-13 15:15:00,301.0,301.0,297.0,299.6499938964844,5289
2025-01-14 09:15:00,304.1000061035156,309.1499938964844,304.1000061035156,306.95001220703125,0
2025-01-14 10:15:00,306.95001220703125,309.0,306.20001220703125,309.0,6588
2025-01-14 11:15:00,309.0,309.29998779296875,306.0,306.6499938964844,10684
2025-01-14 12:15:00,306.8500061035156,308.04998779296875,306.70001220703125,307.04998779296875,3156
2025-01-14 13:15:00,307.20001220703125,308.6000061035156,306.70001220703125,308.6000061035156,2547
2025-01-14 14:15:00,308.04998779296875,308.95001220703125,306.75,307.3999938964844,6391
2025-01-14 15:15:00,307.25,319.1000061035156,307.25,311.45001220703125,0
2025-01-15 09:15:00,313.1000061035156,329.0,313.0,320.3500061035156,43496
2025-01-15 10:15:00,320.29998779296875,325.6499938964844,320.04998779296875,321.6000061035156,25578
2025-01-15 11:15:00,322.0,322.29998779296875,320.29998779296875,321.5,3834
2025-01-15 12:15:00,321.5,323.04998779296875,320.0,321.0,4205
2025-01-15 13:15:00,321.0,321.04998779296875,317.0,319.3500061035156,4946
2025-01-15 14:15:00,320.04998779296875,333.0,319.20001220703125,319.70001220703125,57544
2025-01-15 15:15:00,319.20001220703125,320.54998779296875,318.75,319.04998779296875,14194
2025-01-16 09:15:00,320.0,327.0,318.5,321.8500061035156,0
2025-01-16 10:15:00,321.8500061035156,326.5,321.1499938964844,323.20001220703125,11079
2025-01-16 11:15:00,323.75,324.95001220703125,322.0,322.1499938964844,29986
2025-01-16 12:15:00,322.1000061035156,322.29998779296875,320.04998779296875,320.8999938964844,3757
2025-01-16 13:15:00,321.45001220703125,321.5,320.3999938964844,321.04998779296875,5572
2025-01-16 14:15:00,321.0,321.8999938964844,320.20001220703125,321.8999938964844,20115
2025-01-16 15:15:00,320.79998779296875,324.0,320.20001220703125,322.1000061035156,7747
2025-01-17 09:15:00,321.3500061035156,324.20001220703125,319.20001220703125,321.5,0
2025-01-17 10:15:00,322.0,322.6499938964844,320.0,320.8500061035156,7102
2025-01-17 11:15:00,321.0,324.54998779296875,320.3500061035156,322.0,6240
2025-01-17 12:15:00,321.6499938964844,322.0,320.20001220703125,320.70001220703125,4585
2025-01-17 13:15:00,320.0,325.0,320.0,321.25,25313
2025-01-17 14:15:00,321.70001220703125,327.0,319.3999938964844,321.3999938964844,85290
2025-01-17 15:15:00,321.3999938964844,322.0,319.45001220703125,319.8999938964844,14759
2025-01-20 09:15:00,321.5,324.20001220703125,319.29998779296875,320.6499938964844,0
2025-01-20 10:15:00,321.04998779296875,322.0,318.54998779296875,319.95001220703125,11220
2025-01-20 11:15:00,319.95001220703125,321.3999938964844,319.04998779296875,320.0,5693
2025-01-20 12:15:00,320.75,322.0,319.0,320.20001220703125,21969
2025-01-20 13:15:00,320.3500061035156,321.1499938964844,319.0,319.3500061035156,3064
2025-01-20 14:15:00,319.04998779296875,320.1499938964844,314.0,315.5,36824
2025-01-20 15:15:00,315.95001220703125,315.95001220703125,311.0,313.8999938964844,14581
2025-01-21 09:15:00,314.1000061035156,318.3999938964844,314.1000061035156,317.04998779296875,0
2025-01-21 10:15:00,317.04998779296875,317.04998779296875,312.0,312.6000061035156,16997
2025-01-21 11:15:00,313.0,314.95001220703125,312.6499938964844,313.1000061035156,8601
2025-01-21 12:15:00,313.1000061035156,313.6499938964844,310.20001220703125,313.3500061035156,11699
2025-01-21 13:15:00,313.29998779296875,314.3999938964844,312.29998779296875,312.54998779296875,6894
2025-01-21 14:15:00,312.54998779296875,313.6000061035156,311.1499938964844,311.95001220703125,8920
2025-01-21 15:15:00,311.95001220703125,317.3999938964844,311.6499938964844,315.20001220703125,20183
2025-01-22 09:15:00,313.54998779296875,316.1000061035156,310.1000061035156,312.70001220703125,0
2025-01-22 10:15:00,313.3500061035156,318.70001220703125,312.70001220703125,316.45001220703125,22109
2025-01-22 11:15:00,317.54998779296875,318.45001220703125,311.5,312.5,12890
2025-01-22 12:15:00,312.45001220703125,314.25,311.8500061035156,312.45001220703125,12531
2025-01-22 13:15:00,313.0,313.0,308.04998779296875,310.5,17130
2025-01-22 14:15:00,310.20001220703125,315.0,310.1000061035156,313.8999938964844,12123
2025-01-22 15:15:00,313.8999938964844,315.0,311.20001220703125,315.0,7376
2025-01-23 09:15:00,310.70001220703125,318.8500061035156,310.70001220703125,318.0,0
2025-01-23 10:15:00,318.45001220703125,318.45001220703125,314.25,314.79998779296875,15418
2025-01-23 11:15:00,316.8500061035156,317.3500061035156,315.29998779296875,315.29998779296875,4160
2025-01-23 12:15:00,315.0,316.6000061035156,314.0,316.45001220703125,5111
2025-01-23 13:15:00,315.3999938964844,316.1000061035156,314.3999938964844,315.8999938964844,1140
2025-01-23 14:15:00,316.04998779296875,316.04998779296875,311.1000061035156,311.1000061035156,9163
2025-01-23 15:15:00,311.79998779296875,312.1000061035156,309.54998779296875,311.29998779296875,6000
2025-01-24 09:15:00,312.8999938964844,313.25,311.1000061035156,313.0,0
2025-01-24 10:15:00,313.0,314.75,312.25,313.8500061035156,4856
2025-01-24 11:15:00,313.8999938964844,315.20001220703125,313.20001220703125,314.0,11450
2025-01-24 12:15:00,314.20001220703125,314.25,313.6000061035156,314.0,1971
2025-01-24 13:15:00,313.6499938964844,314.1499938964844,312.0,312.0,11697
2025-01-24 14:15:00,313.0,313.0,309.0,309.3999938964844,6359
2025-01-24 15:15:00,309.3999938964844,310.8500061035156,308.0,309.25,2690
2025-01-27 09:15:00,311.0,311.0,299.8999938964844,299.8999938964844,0
2025-01-27 10:15:00,299.8999938964844,300.0,296.79998779296875,299.8999938964844,4868
2025-01-27 11:15:00,299.25,300.0,298.5,299.3999938964844,3713
2025-01-27 12:15:00,299.3999938964844,301.0,299.1000061035156,300.0,5342
2025-01-27 13:15:00,300.6499938964844,300.6499938964844,298.6499938964844,298.6499938964844,6500
2025-01-27 14:15:00,298.8999938964844,301.04998779296875,298.0,298.1000061035156,7132
2025-01-27 15:15:00,298.1000061035156,299.5,297.5,298.70001220703125,4204
2025-01-28 09:15:00,296.0,299.20001220703125,291.8500061035156,292.20001220703125,0
2025-01-28 10:15:00,292.54998779296875,293.5,288.5,290.3500061035156,9065
2025-01-28 11:15:00,291.1499938964844,296.6000061035156,289.0,296.6000061035156,15400
2025-01-28 12:15:00,296.04998779296875,296.6000061035156,294.0,296.0,2635
2025-01-28 13:15:00,296.0,297.6499938964844,294.04998779296875,294.8999938964844,7044
2025-01-28 14:15:00,295.0,298.0,294.20001220703125,296.04998779296875,8065
2025-01-28 15:15:00,295.0,296.6000061035156,294.0,295.1000061035156,4063
2025-01-29 09:15:00,299.54998779296875,303.6499938964844,294.25,301.6499938964844,0
2025-01-29 10:15:00,301.25,314.95001220703125,301.25,311.20001220703125,23569
2025-01-29 11:15:00,310.0,311.0,305.1000061035156,306.3999938964844,7111
2025-01-29 12:15:00,306.5,308.20001220703125,306.0,307.70001220703125,3151
2025-01-29 13:15:00,308.1499938964844,308.79998779296875,307.29998779296875,308.79998779296875,1303
2025-01-29 14:15:00,308.70001220703125,310.29998779296875,307.75,310.1000061035156,10789
2025-01-29 15:15:00,309.70001220703125,310.20001220703125,307.0,309.54998779296875,2832
2025-01-30 09:15:00,311.20001220703125,317.8500061035156,309.95001220703125,316.20001220703125,0
2025-01-30 10:15:00,316.1499938964844,316.1499938964844,312.3999938964844,313.6000061035156,9104
2025-01-30 11:15:00,313.6000061035156,313.75,312.0,313.75,1706
2025-01-30 12:15:00,313.6000061035156,315.0,313.04998779296875,313.04998779296875,1113
2025-01-30 13:15:00,313.0,313.70001220703125,312.25,313.25,1355
2025-01-30 14:15:00,313.20001220703125,313.8999938964844,312.5,313.25,2832
2025-01-30 15:15:00,313.29998779296875,313.3999938964844,312.20001220703125,312.20001220703125,3688
2025-01-31 09:15:00,314.79998779296875,316.0,310.20001220703125,311.54998779296875,0
2025-01-31 10:15:00,312.6000061035156,312.6000061035156,309.54998779296875,310.25,5249
2025-01-31 11:15:00,310.25,315.0,310.25,313.54998779296875,12424
2025-01-31 12:15:00,313.25,314.20001220703125,313.25,313.95001220703125,1487
2025-01-31 13:15:00,313.95001220703125,314.70001220703125,313.0,313.6000061035156,970
2025-01-31 14:15:00,313.29998779296875,316.0,313.1499938964844,315.25,7672
2025-01-31 15:15:00,315.25,315.25,313.04998779296875,315.0,9701
2025-02-03 09:15:00,316.1499938964844,316.1499938964844,310.0,311.79998779296875,0
2025-02-03 10:15:00,311.75,311.79998779296875,308.5,310.25,5196
2025-02-03 11:15:00,310.29998779296875,311.45001220703125,308.25,308.95001220703125,4074
2025-02-03 12:15:00,308.6000061035156,309.3500061035156,308.0,309.20001220703125,3864
2025-02-03 13:15:00,309.1499938964844,309.1499938964844,307.0,308.1499938964844,2559
2025-02-03 14:15:00,308.0,308.0,305.29998779296875,306.8500061035156,3075
2025-02-03 15:15:00,306.8500061035156,307.25,305.3500061035156,306.79998779296875,2715
2025-02-04 09:15:00,300.0,312.0,300.0,310.6000061035156,0
2025-02-04 10:15:00,311.29998779296875,311.45001220703125,305.1000061035156,307.0,3946
2025-02-04 11:15:00,307.0,309.70001220703125,306.5,309.0,5234
2025-02-04 12:15:00,308.54998779296875,309.70001220703125,307.70001220703125,308.3500061035156,1068
2025-02-04 13:15:00,308.29998779296875,310.75,308.0,309.29998779296875,2103
2025-02-04 14:15:00,310.0,310.29998779296875,307.5,309.1000061035156,4743
2025-02-04 15:15:00,309.0,309.20001220703125,307.29998779296875,307.95001220703125,0
2025-02-05 09:15:00,305.20001220703125,310.6000061035156,304.04998779296875,304.29998779296875,64617
2025-02-05 10:15:00,305.1000061035156,306.0,304.0,305.0,11241
2025-02-05 11:15:00,305.6499938964844,305.6499938964844,302.5,303.0,9903
2025-02-05 12:15:00,303.0,303.8999938964844,301.0,302.1000061035156,14246
2025-02-05 13:15:00,302.1000061035156,304.8999938964844,301.04998779296875,303.45001220703125,11586
2025-02-05 14:15:00,304.20001220703125,305.0,301.6000061035156,304.29998779296875,9195
2025-02-05 15:15:00,303.54998779296875,304.54998779296875,302.5,303.0,3724
2025-02-06 09:15:00,308.45001220703125,308.45001220703125,302.3500061035156,303.0,35504
2025-02-06 10:15:00,302.70001220703125,304.1499938964844,302.70001220703125,303.75,2282
2025-02-06 11:15:00,303.20001220703125,304.25,302.8999938964844,303.20001220703125,949
2025-02-06 12:15:00,303.20001220703125,304.3999938964844,303.20001220703125,303.29998779296875,1051
2025-02-06 13:15:00,303.6000061035156,304.20001220703125,301.0,303.0,3791
2025-02-06 14:15:00,303.04998779296875,304.6499938964844,301.8500061035156,303.54998779296875,5817
2025-02-06 15:15:00,304.1499938964844,304.1499938964844,301.8500061035156,303.3999938964844,2581
2025-02-07 09:15:00,304.95001220703125,304.95001220703125,301.79998779296875,303.8500061035156,0
2025-02-07 10:15:00,303.3500061035156,304.75,302.29998779296875,303.54998779296875,5415
2025-02-07 11:15:00,304.20001220703125,306.0,303.1499938964844,303.1499938964844,6538
2025-02-07 12:15:00,303.79998779296875,305.6499938964844,302.79998779296875,303.54998779296875,5316
2025-02-07 13:15:00,303.0,303.04998779296875,301.1000061035156,301.1000061035156,5675
2025-02-07 14:15:00,301.5,304.8999938964844,301.0,304.3500061035156,4965
2025-02-07 15:15:00,304.0,304.8500061035156,303.0,303.95001220703125,1465
2025-02-10 09:15:00,303.25,303.25,300.04998779296875,300.3500061035156,0
2025-02-10 10:15:00,301.1499938964844,304.1499938964844,301.1499938964844,302.95001220703125,4719
2025-02-10 11:15:00,302.3999938964844,304.5,301.0,304.0,4443
2025-02-10 12:15:00,303.3999938964844,304.1000061035156,302.45001220703125,302.6499938964844,2510
2025-02-10 13:15:00,303.20001220703125,304.0,302.79998779296875,303.29998779296875,2020
2025-02-10 14:15:00,303.29998779296875,303.29998779296875,295.3999938964844,298.3999938964844,32269
2025-02-10 15:15:00,298.45001220703125,301.5,298.3500061035156,299.70001220703125,2510
2025-02-11 09:15:00,299.0,299.95001220703125,295.1499938964844,295.79998779296875,0
2025-02-11 10:15:00,296.20001220703125,298.0,294.0,294.6499938964844,11189
2025-02-11 11:15:00,294.8999938964844,294.8999938964844,289.0,289.6000061035156,17813
2025-02-11 12:15:00,289.6000061035156,291.45001220703125,288.45001220703125,289.95001220703125,26789
2025-02-11 13:15:00,289.95001220703125,290.1000061035156,265.6000061035156,277.45001220703125,59211
2025-02-11 14:15:00,278.04998779296875,279.8500061035156,276.1000061035156,277.95001220703125,43567
2025-02-11 15:15:00,277.95001220703125,278.0,272.29998779296875,276.1000061035156,11750
2025-02-12 09:15:00,279.04998779296875,282.95001220703125,268.04998779296875,269.25,0
2025-02-12 10:15:00,268.6499938964844,277.3500061035156,268.0,277.04998779296875,8918
2025-02-12 11:15:00,276.04998779296875,294.20001220703125,275.45001220703125,293.0,19407
2025-02-12 12:15:00,293.0,303.3999938964844,287.79998779296875,298.04998779296875,48411
2025-02-12 13:15:00,297.79998779296875,298.0,294.3999938964844,295.54998779296875,118182
2025-02-12 14:15:00,299.04998779296875,303.3999938964844,294.0,295.70001220703125,47907
2025-02-12 15:15:00,292.0,296.1000061035156,292.0,292.95001220703125,40561
2025-02-13 09:15:00,294.5,299.0,292.0,296.6499938964844,0
2025-02-13 10:15:00,296.6499938964844,298.8999938964844,291.45001220703125,292.3999938964844,16016
2025-02-13 11:15:00,292.3999938964844,292.95001220703125,290.54998779296875,290.54998779296875,2260
2025-02-13 12:15:00,290.8500061035156,293.54998779296875,290.29998779296875,291.29998779296875,5358
2025-02-13 13:15:00,290.75,293.0,290.6499938964844,292.04998779296875,2293
2025-02-13 14:15:00,291.6000061035156,304.8999938964844,290.8999938964844,302.0,36542
2025-02-13 15:15:00,301.8500061035156,304.79998779296875,299.0,299.0,20794
2025-02-14 09:15:00,298.8999938964844,300.04998779296875,292.5,293.0,0
2025-02-14 10:15:00,293.3500061035156,294.3500061035156,285.1000061035156,287.3999938964844,13547
2025-02-14 11:15:00,286.8500061035156,288.8999938964844,283.29998779296875,285.3999938964844,6964
2025-02-14 12:15:00,285.70001220703125,288.29998779296875,284.75,287.75,3176
2025-02-14 13:15:00,288.29998779296875,288.95001220703125,285.0,285.3999938964844,2125
2025-02-14 14:15:00,285.95001220703125,289.6499938964844,284.0,287.1000061035156,4227
2025-02-14 15:15:00,286.70001220703125,286.8999938964844,282.0,285.75,4358
2025-02-17 09:15:00,276.0,282.75,274.29998779296875,275.45001220703125,0
2025-02-17 10:15:00,275.6499938964844,277.70001220703125,272.6000061035156,272.6000061035156,9520
2025-02-17 11:15:00,272.75,274.45001220703125,268.75,269.79998779296875,14689
2025-02-17 12:15:00,270.70001220703125,272.0,265.54998779296875,271.5,34865
2025-02-17 13:15:00,270.70001220703125,274.6499938964844,269.70001220703125,273.3999938964844,42168
2025-02-17 14:15:00,273.0,275.5,270.0,270.04998779296875,65078
2025-02-17 15:15:00,270.3500061035156,271.20001220703125,270.04998779296875,270.1499938964844,3801
2025-02-18 09:15:00,269.0,274.04998779296875,264.6499938964844,265.0,0
2025-02-18 10:15:00,264.8999938964844,269.0,264.29998779296875,267.8999938964844,6278
2025-02-18 11:15:00,268.54998779296875,268.6000061035156,267.0,267.54998779296875,9658
2025-02-18 12:15:00,267.54998779296875,267.54998779296875,265.04998779296875,266.04998779296875,6675
2025-02-18 13:15:00,266.04998779296875,267.20001220703125,265.04998779296875,267.1499938964844,4550
2025-02-18 14:15:00,266.8500061035156,267.8999938964844,266.79998779296875,267.0,12502
2025-02-18 15:15:00,266.8500061035156,268.0,266.8500061035156,267.6000061035156,11150
2025-02-19 09:15:00,267.6000061035156,280.0,267.3500061035156,279.0,0
2025-02-19 10:15:00,278.75,284.5,277.95001220703125,280.29998779296875,27689
2025-02-19 11:15:00,280.54998779296875,281.45001220703125,279.04998779296875,279.04998779296875,3473
2025-02-19 12:15:00,278.29998779296875,283.0,277.8999938964844,278.6499938964844,5818
2025-02-19 13:15:00,278.6499938964844,280.1499938964844,274.54998779296875,275.8500061035156,18778
2025-02-19 14:15:00,275.45001220703125,276.95001220703125,273.04998779296875,276.95001220703125,4807
2025-02-19 15:15:00,275.70001220703125,282.0,273.1499938964844,281.95001220703125,11595
2025-02-20 09:15:00,278.29998779296875,282.45001220703125,271.8500061035156,273.5,0
2025-02-20 10:15:00,273.5,276.45001220703125,271.25,276.29998779296875,8491
2025-02-20 11:15:00,276.6000061035156,277.1499938964844,274.29998779296875,277.1499938964844,4922
2025-02-20 12:15:00,275.95001220703125,277.70001220703125,275.95001220703125,276.25,2391
2025-02-20 13:15:00,275.95001220703125,276.54998779296875,275.0,275.0,3277
2025-02-20 14:15:00,275.0,275.6499938964844,271.6000061035156,273.79998779296875,7966
2025-02-20 15:15:00,273.75,275.20001220703125,273.25,274.1499938964844,9827
2025-02-21 09:15:00,274.95001220703125,284.3999938964844,274.20001220703125,277.6000061035156,0
2025-02-21 10:15:00,277.3500061035156,281.25,276.75,278.75,14482
2025-02-21 11:15:00,278.70001220703125,280.3999938964844,278.70001220703125,279.20001220703125,1066
2025-02-21 12:15:00,279.04998779296875,280.0,278.1000061035156,279.25,2770
2025-02-21 13:15:00,280.25,280.6499938964844,278.25,279.04998779296875,13763
2025-02-21 14:15:00,279.79998779296875,279.95001220703125,278.1000061035156,279.8999938964844,2922
2025-02-21 15:15:00,279.54998779296875,280.0,278.5,279.29998779296875,3424
2025-02-24 09:15:00,280.5,280.5,272.3999938964844,276.20001220703125,0
2025-02-24 10:15:00,276.45001220703125,277.0,274.0,277.0,3105
2025-02-24 11:15:00,276.0,277.95001220703125,275.6000061035156,277.25,3021
2025-02-24 12:15:00,277.25,277.5,276.04998779296875,277.3500061035156,1783
2025-02-24 13:15:00,276.8999938964844,280.0,276.6000061035156,277.0,4794
2025-02-24 14:15:00,277.0,281.29998779296875,276.45001220703125,281.29998779296875,3519
2025-02-24 15:15:00,281.1000061035156,281.70001220703125,279.0,280.45001220703125,2255
2025-02-25 09:15:00,280.45001220703125,281.79998779296875,278.04998779296875,279.6000061035156,0
2025-02-25 10:15:00,279.6000061035156,279.6000061035156,276.6499938964844,277.45001220703125,1787
2025-02-25 11:15:00,276.79998779296875,277.45001220703125,276.0,276.70001220703125,1385
2025-02-25 12:15:00,276.75,276.75,275.75,276.45001220703125,1597
2025-02-25 13:15:00,276.04998779296875,276.8500061035156,275.8500061035156,276.5,675
2025-02-25 14:15:00,276.3500061035156,277.20001220703125,274.6000061035156,275.3999938964844,40220
2025-02-25 15:15:00,275.1499938964844,276.1499938964844,274.0,275.5,1891
2025-02-27 09:15:00,276.25,278.0,271.95001220703125,272.8500061035156,0
2025-02-27 10:15:00,273.0,275.70001220703125,272.25,274.5,4121
2025-02-27 11:15:00,274.1000061035156,275.8999938964844,273.5,274.0,2957
2025-02-27 12:15:00,273.5,275.29998779296875,273.29998779296875,274.70001220703125,4035
2025-02-27 13:15:00,274.3500061035156,275.70001220703125,273.3999938964844,274.0,1895
2025-02-27 14:15:00,274.6000061035156,276.5,274.6000061035156,275.6000061035156,4182
2025-02-27 15:15:00,275.6499938964844,276.04998779296875,272.1499938964844,274.95001220703125,7844
2025-02-28 09:15:00,274.0,275.6000061035156,267.8999938964844,268.54998779296875,0
2025-02-28 10:15:00,268.1499938964844,269.54998779296875,267.6000061035156,268.0,8462
2025-02-28 11:15:00,268.20001220703125,269.1000061035156,267.6000061035156,268.29998779296875,6528
2025-02-28 12:15:00,269.0,269.0,267.1000061035156,268.6000061035156,3177
2025-02-28 13:15:00,268.6000061035156,269.1000061035156,267.29998779296875,268.54998779296875,5783
2025-02-28 14:15:00,268.20001220703125,272.25,267.45001220703125,270.0,24407
2025-02-28 15:15:00,270.0,272.0,267.75,269.8500061035156,5534
2025-03-03 09:15:00,273.95001220703125,274.1000061035156,263.6000061035156,264.3500061035156,0
2025-03-03 10:15:00,264.29998779296875,265.6499938964844,263.5,264.95001220703125,4985
2025-03-03 11:15:00,264.95001220703125,265.20001220703125,262.04998779296875,262.8999938964844,3224
2025-03-03 12:15:00,263.20001220703125,268.8500061035156,262.04998779296875,268.20001220703125,9022
2025-03-03 13:15:00,267.8500061035156,268.6499938964844,266.29998779296875,268.29998779296875,3836
2025-03-03 14:15:00,267.6000061035156,268.5,265.70001220703125,266.29998779296875,7339
2025-03-03 15:15:00,265.1000061035156,268.45001220703125,263.0,266.3999938964844,32157
2025-03-04 09:15:00,265.0,265.70001220703125,260.6000061035156,262.04998779296875,0
2025-03-04 10:15:00,261.95001220703125,265.0,261.95001220703125,264.75,5492
2025-03-04 11:15:00,264.75,264.8999938964844,262.20001220703125,262.29998779296875,6272
2025-03-04 12:15:00,261.75,262.70001220703125,260.0,260.25,3067
2025-03-04 13:15:00,260.79998779296875,261.95001220703125,260.3500061035156,261.70001220703125,2399
2025-03-04 14:15:00,261.6499938964844,263.45001220703125,260.04998779296875,261.1499938964844,10388
2025-03-04 15:15:00,260.6000061035156,261.45001220703125,260.0,260.6499938964844,5759
2025-03-05 09:15:00,260.45001220703125,266.0,260.45001220703125,264.0,0
2025-03-05 10:15:00,263.79998779296875,265.0,262.04998779296875,264.29998779296875,5980
2025-03-05 11:15:00,264.1499938964844,266.0,263.04998779296875,263.79998779296875,7018
2025-03-05 12:15:00,263.54998779296875,264.1000061035156,262.75,263.20001220703125,3103
2025-03-05 13:15:00,263.70001220703125,263.8500061035156,262.6499938964844,262.79998779296875,2167
2025-03-05 14:15:00,262.79998779296875,262.95001220703125,261.1000061035156,261.8999938964844,12367
2025-03-05 15:15:00,261.8999938964844,262.0,258.0,259.45001220703125,18657
2025-03-06 09:15:00,262.70001220703125,265.6499938964844,261.54998779296875,263.1499938964844,0
2025-03-06 10:15:00,263.0,264.0,262.54998779296875,264.0,6323
2025-03-06 11:15:00,264.0,264.0,263.04998779296875,263.3999938964844,4289
2025-03-06 12:15:00,263.5,264.0,263.04998779296875,264.0,4006
2025-03-06 13:15:00,264.0,264.0,263.0,263.5,5480
2025-03-06 14:15:00,263.3999938964844,264.0,263.0,263.95001220703125,14780
2025-03-06 15:15:00,263.95001220703125,264.0,263.3999938964844,263.79998779296875,9824
2025-03-07 09:15:00,264.95001220703125,270.75,264.95001220703125,269.0,0
2025-03-07 10:15:00,269.6499938964844,270.0,267.3999938964844,268.79998779296875,21856
2025-03-07 11:15:00,268.79998779296875,269.0,266.5,266.75,8049
2025-03-07 12:15:00,266.95001220703125,268.0,266.8500061035156,267.75,3424
2025-03-07 13:15:00,267.75,268.0,265.0,265.3500061035156,18578
2025-03-07 14:15:00,266.0,267.3999938964844,264.45001220703125,264.8999938964844,11215
2025-03-07 15:15:00,264.8999938964844,265.79998779296875,261.95001220703125,263.8999938964844,12912
2025-03-10 09:15:00,263.25,267.45001220703125,261.1000061035156,264.8500061035156,0
2025-03-10 10:15:00,264.5,265.6499938964844,263.5,263.5,14006
2025-03-10 11:15:00,263.04998779296875,263.8500061035156,261.0,261.3999938964844,9658
2025-03-10 12:15:00,262.25,262.95001220703125,261.3999938964844,262.04998779296875,3074
2025-03-10 13:15:00,262.1499938964844,262.20001220703125,261.0,262.0,3049
2025-03-10 14:15:00,261.6499938964844,262.04998779296875,260.0,262.0,18321
2025-03-10 15:15:00,262.0,262.75,259.29998779296875,260.75,8049
2025-03-11 09:15:00,259.04998779296875,259.20001220703125,255.25,255.64999389648438,0
2025-03-11 10:15:00,255.5500030517578,258.95001220703125,255.10000610351562,256.79998779296875,28466
2025-03-11 11:15:00,256.20001220703125,256.54998779296875,251.89999389648438,252.64999389648438,17730
2025-03-11 12:15:00,252.64999389648438,253.0,251.5,252.14999389648438,7424
2025-03-11 13:15:00,252.25,252.6999969482422,249.0,249.6999969482422,33391
2025-03-11 14:15:00,249.9499969482422,250.8000030517578,249.0,250.6999969482422,14704
2025-03-11 15:15:00,248.0,251.25,248.0,251.1999969482422,6630
2025-03-12 09:15:00,255.8000030517578,256.5,251.14999389648438,252.6999969482422,0
2025-03-12 10:15:00,252.14999389648438,254.1999969482422,251.8000030517578,253.5500030517578,1429
2025-03-12 11:15:00,253.85000610351562,253.85000610351562,251.8000030517578,252.35000610351562,1601
2025-03-12 12:15:00,252.35000610351562,252.35000610351562,249.60000610351562,250.1999969482422,6718
2025-03-12 13:15:00,250.1999969482422,250.85000610351562,247.35000610351562,248.10000610351562,7280
2025-03-12 14:15:00,248.0500030517578,248.35000610351562,245.1999969482422,246.60000610351562,17137
2025-03-12 15:15:00,245.6999969482422,246.9499969482422,244.14999389648438,245.39999389648438,9146
2025-03-13 09:15:00,246.60000610351562,248.8000030517578,245.5,247.64999389648438,0
2025-03-13 10:15:00,247.85000610351562,247.85000610351562,244.4499969482422,245.39999389648438,32380
2025-03-13 11:15:00,245.89999389648438,246.89999389648438,242.5500030517578,243.5500030517578,14554
2025-03-13 12:15:00,243.0,246.85000610351562,241.0,245.9499969482422,27170
2025-03-13 13:15:00,246.0,249.3000030517578,244.0,249.14999389648438,16015
2025-03-13 14:15:00,248.5,258.0,246.75,255.0500030517578,50290
2025-03-13 15:15:00,255.0500030517578,255.8000030517578,251.60000610351562,254.0,16560
2025-03-17 09:15:00,255.25,255.89999389648438,249.39999389648438,252.3000030517578,0
2025-03-17 10:15:00,252.6999969482422,252.6999969482422,246.5500030517578,246.9499969482422,22267
2025-03-17 11:15:00,246.89999389648438,247.6999969482422,246.5,246.64999389648438,3786
2025-03-17 12:15:00,246.10000610351562,246.64999389648438,243.9499969482422,244.85000610351562,31911
2025-03-17 13:15:00,244.8000030517578,245.6999969482422,244.14999389648438,245.0,6515
2025-03-17 14:15:00,245.4499969482422,245.5,244.5,245.5,4322
2025-03-17 15:15:00,245.25,249.0,244.5,245.25,13693
2025-03-18 09:15:00,246.5,250.35000610351562,245.5500030517578,246.6999969482422,0
2025-03-18 10:15:00,246.1999969482422,247.0,246.0,246.6999969482422,7877
2025-03-18 11:15:00,246.35000610351562,246.75,245.0,246.39999389648438,6079
2025-03-18 12:15:00,246.39999389648438,246.89999389648438,246.0500030517578,246.89999389648438,3341
2025-03-18 13:15:00,246.5500030517578,247.0,239.0500030517578,239.85000610351562,69451
2025-03-18 14:15:00,239.8000030517578,241.3000030517578,239.0,241.0,61310
2025-03-18 15:15:00,240.75,241.0,238.5500030517578,238.60000610351562,21109
2025-03-19 09:15:00,243.0,245.9499969482422,240.3000030517578,243.75,0
2025-03-19 10:15:00,244.0,246.10000610351562,242.8000030517578,245.39999389648438,18541
2025-03-19 11:15:00,245.39999389648438,250.5500030517578,245.0500030517578,247.5500030517578,54627
2025-03-19 12:15:00,247.9499969482422,248.89999389648438,247.5500030517578,247.89999389648438,4305
2025-03-19 13:15:00,247.89999389648438,248.0,246.5,247.39999389648438,2988
2025-03-19 14:15:00,247.64999389648438,247.8000030517578,244.10000610351562,244.10000610351562,12436
2025-03-19 15:15:00,244.4499969482422,245.9499969482422,241.9499969482422,245.9499969482422,21708
2025-03-20 09:15:00,244.60000610351562,281.6000061035156,244.60000610351562,278.6499938964844,230325
2025-03-20 10:15:00,278.6499938964844,285.70001220703125,274.8500061035156,277.8500061035156,288836
2025-03-20 11:15:00,277.8500061035156,279.70001220703125,270.3500061035156,271.5,119479
2025-03-20 12:15:00,271.5,273.70001220703125,269.04998779296875,270.75,94572
2025-03-20 13:15:00,270.20001220703125,271.70001220703125,269.45001220703125,270.29998779296875,27050
2025-03-20 14:15:00,270.0,272.5,269.04998779296875,271.54998779296875,61830
2025-03-20 15:15:00,271.29998779296875,273.0,268.20001220703125,270.25,59209
2025-03-21 09:15:00,271.54998779296875,271.54998779296875,266.1000061035156,269.0,0
2025-03-21 10:15:00,268.5,270.3999938964844,267.45001220703125,267.8999938964844,14450
2025-03-21 11:15:00,267.95001220703125,268.04998779296875,264.0,264.25,27095
2025-03-21 12:15:00,264.25,265.6000061035156,263.79998779296875,264.0,6097
2025-03-21 13:15:00,263.79998779296875,266.79998779296875,263.5,266.29998779296875,15691
2025-03-21 14:15:00,266.70001220703125,273.6499938964844,266.29998779296875,269.0,58463
2025-03-21 15:15:00,269.75,271.95001220703125,267.0,271.25,23615
2025-03-24 09:15:00,270.0,274.3999938964844,267.04998779296875,267.04998779296875,0
2025-03-24 10:15:00,268.0,268.0,265.0,266.1499938964844,19407
2025-03-24 11:15:00,266.25,268.79998779296875,265.70001220703125,268.1000061035156,10257
2025-03-24 12:15:00,268.1000061035156,268.95001220703125,268.0,268.20001220703125,5388
2025-03-24 13:15:00,268.25,268.95001220703125,266.8999938964844,268.25,20171
2025-03-24 14:15:00,268.1499938964844,272.0,267.04998779296875,270.6000061035156,28740
2025-03-24 15:15:00,270.6000061035156,271.04998779296875,268.95001220703125,269.6499938964844,12734
2025-03-25 09:15:00,269.6499938964844,272.0,263.79998779296875,264.8999938964844,0
2025-03-25 10:15:00,264.95001220703125,264.95001220703125,261.8500061035156,262.3500061035156,50067
2025-03-25 11:15:00,262.29998779296875,262.3500061035156,257.1000061035156,258.5,22686
2025-03-25 12:15:00,257.45001220703125,259.1000061035156,257.3999938964844,259.1000061035156,9291
2025-03-25 13:15:00,258.5,259.25,256.3999938964844,256.54998779296875,8532
2025-03-25 14:15:00,256.6000061035156,258.5,255.0,255.85000610351562,29560
2025-03-25 15:15:00,255.5,256.8999938964844,255.0,256.0,6685
2025-03-26 09:15:00,257.8999938964844,260.0,253.0500030517578,254.0500030517578,0
2025-03-26 10:15:00,253.89999389648438,254.60000610351562,250.89999389648438,252.10000610351562,30675
2025-03-26 11:15:00,251.64999389648438,252.60000610351562,250.75,251.35000610351562,17941
2025-03-26 12:15:00,251.0,251.39999389648438,249.35000610351562,250.0500030517578,27154
2025-03-26 13:15:00,249.89999389648438,250.5,248.10000610351562,248.10000610351562,23330
2025-03-26 14:15:00,248.60000610351562,249.0500030517578,243.25,243.64999389648438,38522
2025-03-26 15:15:00,243.8000030517578,245.1999969482422,243.0500030517578,244.4499969482422,25276
2025-03-27 09:15:00,246.10000610351562,247.5500030517578,244.0500030517578,247.3000030517578,0
2025-03-27 10:15:00,247.3000030517578,247.3000030517578,245.25,246.10000610351562,11310
2025-03-27 11:15:00,246.5,246.6999969482422,244.0,245.0,13422
2025-03-27 12:15:00,245.0,245.60000610351562,242.89999389648438,243.5500030517578,42261
2025-03-27 13:15:00,243.5,244.35000610351562,242.39999389648438,243.1999969482422,17345
2025-03-27 14:15:00,243.1999969482422,244.0,240.14999389648438,241.6999969482422,29072
2025-03-27 15:15:00,241.64999389648438,242.75,240.10000610351562,241.0500030517578,20790
2025-03-28 09:15:00,243.89999389648438,247.64999389648438,242.0500030517578,244.1999969482422,0
2025-03-28 10:15:00,243.5500030517578,244.8000030517578,243.5500030517578,243.5500030517578,4419
2025-03-28 11:15:00,243.5,243.89999389648438,242.89999389648438,243.0,6941
2025-03-28 12:15:00,243.0,243.4499969482422,239.0500030517578,240.3000030517578,25031
2025-03-28 13:15:00,240.35000610351562,241.0,239.0500030517578,240.3000030517578,12365
2025-03-28 14:15:00,240.5,244.39999389648438,238.0,243.89999389648438,38801
2025-03-28 15:15:00,245.0,245.0,239.89999389648438,241.6999969482422,20676
2025-04-01 09:15:00,240.8000030517578,244.5500030517578,239.5,243.41000366210938,0
2025-04-01 10:15:00,243.41000366210938,243.5800018310547,240.58999633789062,240.58999633789062,4897
2025-04-01 11:15:00,240.3000030517578,245.5,239.8800048828125,244.47999572753906,22219
2025-04-01 12:15:00,244.47999572753906,248.2899932861328,243.50999450683594,246.8000030517578,19632
2025-04-01 13:15:00,246.4499969482422,246.9199981689453,244.80999755859375,246.5,8228
2025-04-01 14:15:00,246.47000122070312,249.3000030517578,245.35000610351562,249.0,17793
2025-04-01 15:15:00,248.6999969482422,251.6999969482422,245.0,247.85000610351562,16511
2025-04-02 09:15:00,247.85000610351562,247.85000610351562,243.5,247.19000244140625,0
2025-04-02 10:15:00,246.64999389648438,247.5,246.25,247.49000549316406,3738
2025-04-02 11:15:00,247.32000732421875,248.97000122070312,247.0,247.89999389648438,5166
2025-04-02 12:15:00,247.50999450683594,251.1300048828125,247.5,250.44000244140625,13377
2025-04-02 13:15:00,250.0,254.38999938964844,249.8699951171875,252.0,17942
2025-04-02 14:15:00,252.39999389648438,260.0,252.0500030517578,257.1499938964844,40606
2025-04-02 15:15:00,257.1600036621094,258.010009765625,255.0,258.010009765625,19600
2025-04-03 09:15:00,258.010009765625,259.0,255.10000610351562,256.010009765625,0
2025-04-03 10:15:00,255.91000366210938,260.9800109863281,255.91000366210938,259.0,18480
2025-04-03 11:15:00,258.5299987792969,260.0799865722656,258.5299987792969,259.8399963378906,8285
2025-04-03 12:15:00,259.7699890136719,259.7699890136719,257.7699890136719,258.989990234375,3677
2025-04-03 13:15:00,259.0799865722656,260.0799865722656,258.70001220703125,258.92999267578125,4839
2025-04-03 14:15:00,259.4800109863281,259.9800109863281,258.0,259.0,5535
2025-04-03 15:15:00,258.20001220703125,258.20001220703125,254.0,255.5,9785
2025-04-04 09:15:00,257.7900085449219,257.7900085449219,250.42999267578125,251.75,0
2025-04-04 10:15:00,251.6199951171875,253.33999633789062,251.0,253.1699981689453,2861
2025-04-04 11:15:00,253.0500030517578,253.55999755859375,252.1999969482422,252.1999969482422,1885
2025-04-04 12:15:00,252.00999450683594,253.89999389648438,252.00999450683594,252.97000122070312,3382
2025-04-04 13:15:00,252.41000366210938,256.6700134277344,252.39999389648438,254.6300048828125,14801
2025-04-04 14:15:00,254.6999969482422,259.79998779296875,254.50999450683594,257.94000244140625,14465
2025-04-04 15:15:00,257.94000244140625,259.8599853515625,257.30999755859375,258.5199890136719,5386
2025-04-07 09:15:00,230.69000244140625,249.5,230.69000244140625,239.57000732421875,0
2025-04-07 10:15:00,239.77000427246094,242.82000732421875,237.30999755859375,239.07000732421875,30258
2025-04-07 11:15:00,239.61000061035156,242.44000244140625,237.05999755859375,238.63999938964844,15007
2025-04-07 12:15:00,238.6199951171875,239.0,237.64999389648438,238.47999572753906,5292
2025-04-07 13:15:00,238.07000732421875,242.77000427246094,238.07000732421875,241.83999633789062,7951
2025-04-07 14:15:00,241.50999450683594,245.88999938964844,240.97999572753906,244.05999755859375,12818
2025-04-07 15:15:00,243.7899932861328,244.60000610351562,240.0,242.0500030517578,10294
2025-04-08 09:15:00,247.80999755859375,250.63999938964844,245.25999450683594,246.6300048828125,0
2025-04-08 10:15:00,246.49000549316406,247.02000427246094,244.0,246.80999755859375,1162
2025-04-08 11:15:00,246.80999755859375,247.69000244140625,246.52000427246094,246.91000366210938,1966
2025-04-08 12:15:00,247.5500030517578,250.5,247.52000427246094,248.74000549316406,1969
2025-04-08 13:15:00,248.75999450683594,250.5,246.58999633789062,248.35000610351562,5029
2025-04-08 14:15:00,248.33999633789062,252.92999267578125,248.33999633789062,251.3800048828125,4968
2025-04-08 15:15:00,250.82000732421875,255.0,250.80999755859375,252.2100067138672,4068
2025-04-09 09:15:00,252.2100067138672,252.2100067138672,245.1300048828125,245.1300048828125,0
2025-04-09 10:15:00,245.10000610351562,261.1099853515625,244.6699981689453,261.1000061035156,25831
2025-04-09 11:15:00,261.8500061035156,265.0,257.5400085449219,258.19000244140625,38917
2025-04-09 12:15:00,257.8800048828125,263.0,257.5400085449219,258.19000244140625,14871
2025-04-09 13:15:00,258.2099914550781,263.0,258.19000244140625,259.6099853515625,13978
2025-04-09 14:15:00,259.20001220703125,260.0,252.9199981689453,253.77999877929688,25253
2025-04-09 15:15:00,253.14999389648438,256.8900146484375,253.0,254.75,9087
2025-04-11 09:15:00,254.75999450683594,261.0,254.75999450683594,257.0,0
2025-04-11 10:15:00,257.0,260.989990234375,256.1000061035156,259.5,18172
2025-04-11 11:15:00,259.8599853515625,264.95001220703125,259.2300109863281,262.239990234375,14648
2025-04-11 12:15:00,262.2200012207031,264.5,261.6099853515625,262.80999755859375,5018
2025-04-11 13:15:00,262.79998779296875,262.79998779296875,258.3599853515625,258.9700012207031,4826
2025-04-11 14:15:00,258.79998779296875,261.5799865722656,258.79998779296875,260.2300109863281,1639
2025-04-11 15:15:00,259.04998779296875,262.6300048828125,258.69000244140625,260.0299987792969,5960
2025-04-15 09:15:00,260.0299987792969,267.6600036621094,258.17999267578125,267.0,0
2025-04-15 10:15:00,267.4599914550781,271.0,265.19000244140625,271.0,14336
2025-04-15 11:15:00,270.4599914550781,273.6499938964844,269.0,270.8999938964844,25066
2025-04-15 12:15:00,270.2099914550781,271.4100036621094,268.510009765625,271.4100036621094,8870
2025-04-15 13:15:00,271.3500061035156,271.3699951171875,270.0,270.010009765625,5280
2025-04-15 14:15:00,270.17999267578125,275.0,270.0,273.5299987792969,20638
2025-04-15 15:15:00,273.4800109863281,274.3299865722656,273.2300109863281,273.5,6493
2025-04-16 09:15:00,275.0,282.95001220703125,275.0,279.0,176549
2025-04-16 10:15:00,278.510009765625,281.0,275.04998779296875,276.57000732421875,33512
2025-04-16 11:15:00,276.82000732421875,279.2200012207031,276.82000732421875,278.0,5667
2025-04-16 12:15:00,278.5,278.5,277.1000061035156,277.1099853515625,3679
2025-04-16 13:15:00,277.55999755859375,280.79998779296875,275.1600036621094,279.5799865722656,11753
2025-04-16 14:15:00,279.489990234375,284.0,279.20001220703125,283.57000732421875,65113
2025-04-16 15:15:00,283.54998779296875,283.79998779296875,279.94000244140625,282.7099914550781,28183
2025-04-17 09:15:00,284.0,284.0,277.57000732421875,279.010009765625,0
2025-04-17 10:15:00,279.0,280.989990234375,278.4100036621094,278.4100036621094,5913
2025-04-17 11:15:00,278.80999755859375,292.29998779296875,278.7799987792969,291.1199951171875,166213
2025-04-17 12:15:00,290.79998779296875,295.3699951171875,289.80999755859375,293.9200134277344,87677
2025-04-17 13:15:00,293.94000244140625,294.0,291.0,292.2099914550781,173399
2025-04-17 14:15:00,292.07000732421875,292.19000244140625,289.0,291.3299865722656,65392
2025-04-17 15:15:00,290.510009765625,291.1499938964844,289.1600036621094,291.1499938964844,18718
2025-04-21 09:15:00,290.54998779296875,292.69000244140625,286.0,286.5799865722656,0
2025-04-21 10:15:00,286.5799865722656,291.0,286.3999938964844,290.75,20487
2025-04-21 11:15:00,290.010009765625,301.0,290.010009765625,300.739990234375,119990
2025-04-21 12:15:00,300.7099914550781,307.8999938964844,300.0,301.3299865722656,111222
2025-04-21 13:15:00,300.2200012207031,302.5299987792969,300.2099914550781,301.6000061035156,10009
2025-04-21 14:15:00,301.8999938964844,308.9700012207031,300.30999755859375,305.8500061035156,50159
2025-04-21 15:15:00,306.0,309.8900146484375,305.79998779296875,307.6099853515625,44278
2025-04-22 09:15:00,306.6099853515625,307.6499938964844,302.739990234375,304.489990234375,0
2025-04-22 10:15:00,304.989990234375,306.79998779296875,304.95001220703125,305.7900085449219,10584
2025-04-22 11:15:00,305.4599914550781,306.05999755859375,304.0,304.69000244140625,6228
2025-04-22 12:15:00,304.69000244140625,304.9700012207031,302.6000061035156,303.1099853515625,3615
2025-04-22 13:15:00,303.1099853515625,303.70001220703125,300.0,301.6000061035156,8750
2025-04-22 14:15:00,301.57000732421875,302.0,300.2200012207031,301.5,6114
2025-04-22 15:15:00,301.5,302.0,301.0,301.9800109863281,6062
2025-04-23 09:15:00,302.79998779296875,311.260009765625,301.25,302.0,0
2025-04-23 10:15:00,301.4599914550781,302.9800109863281,301.0,302.510009765625,7109
2025-04-23 11:15:00,303.07000732421875,303.9100036621094,301.8999938964844,302.3900146484375,7482
2025-04-23 12:15:00,301.8999938964844,303.70001220703125,301.2099914550781,303.42999267578125,11785
2025-04-23 13:15:00,303.70001220703125,304.989990234375,303.2300109863281,304.05999755859375,4472
2025-04-23 14:15:00,303.0,303.0299987792969,299.260009765625,300.1099853515625,18059
2025-04-23 15:15:00,300.010009765625,301.510009765625,298.0,299.8999938964844,6326
2025-04-24 09:15:00,299.19000244140625,300.989990234375,297.3599853515625,298.20001220703125,9652
2025-04-24 10:15:00,298.260009765625,298.9800109863281,297.5,298.9800109863281,7418
2025-04-24 11:15:00,299.0,299.0,296.0199890136719,296.1700134277344,6115
2025-04-24 12:15:00,296.20001220703125,296.5400085449219,292.0199890136719,292.57000732421875,13432
2025-04-24 13:15:00,292.55999755859375,293.010009765625,291.0,291.9200134277344,10003
2025-04-24 14:15:00,292.0,294.6199951171875,291.54998779296875,293.25,5377
2025-04-24 15:15:00,293.4599914550781,295.2099914550781,292.8500061035156,293.55999755859375,3540
2025-04-25 09:15:00,291.55999755859375,292.9800109863281,279.8399963378906,285.760009765625,0
2025-04-25 10:15:00,285.5899963378906,287.9200134277344,281.1499938964844,282.6099853515625,17626
2025-04-25 11:15:00,283.30999755859375,286.489990234375,282.3699951171875,285.5199890136719,13940
2025-04-25 12:15:00,285.5,286.0199890136719,283.0899963378906,283.6400146484375,8164
2025-04-25 13:15:00,283.5799865722656,285.94000244140625,281.54998779296875,283.5799865722656,7457
2025-04-25 14:15:00,283.6300048828125,285.3500061035156,283.0,283.3500061035156,8745
2025-04-25 15:15:00,283.3599853515625,284.3299865722656,281.0,281.0,4475
2025-04-28 09:15:00,285.3500061035156,285.75,279.1300048828125,282.4100036621094,0
2025-04-28 10:15:00,282.6099853515625,286.1099853515625,282.1300048828125,284.1000061035156,6447
2025-04-28 11:15:00,284.4599914550781,285.3900146484375,284.0,284.239990234375,5207
2025-04-28 12:15:00,284.0799865722656,288.0,284.05999755859375,288.0,6985
2025-04-28 13:15:00,288.9599914550781,295.0,286.5199890136719,295.0,21259
2025-04-28 14:15:00,294.8299865722656,294.8299865722656,287.1300048828125,287.70001220703125,9577
2025-04-28 15:15:00,287.2799987792969,288.6300048828125,284.0,286.8399963378906,6483
2025-04-29 09:15:00,286.3900146484375,290.20001220703125,285.25,286.3900146484375,0
2025-04-29 10:15:00,286.2300109863281,286.2300109863281,281.8999938964844,282.67999267578125,9266
2025-04-29 11:15:00,283.0199890136719,284.3999938964844,282.0400085449219,282.54998779296875,17088
2025-04-29 12:15:00,282.54998779296875,282.54998779296875,279.2699890136719,279.5,8389
2025-04-29 13:15:00,279.5,295.0,279.0899963378906,289.54998779296875,50840
2025-04-29 14:15:00,290.5899963378906,295.0,289.04998779296875,290.0,39313
2025-04-29 15:15:00,290.0,293.0,289.4200134277344,290.4800109863281,6293
2025-04-30 09:15:00,291.0,292.0,285.95001220703125,288.3299865722656,0
2025-04-30 10:15:00,287.6300048828125,288.54998779296875,286.3999938964844,287.989990234375,3256
2025-04-30 11:15:00,287.989990234375,288.75,287.25,287.3299865722656,2275
2025-04-30 12:15:00,286.82000732421875,288.739990234375,286.6400146484375,286.8800048828125,2749
2025-04-30 13:15:00,287.2699890136719,287.2699890136719,285.6000061035156,285.6099853515625,1713
2025-04-30 14:15:00,286.0,289.8500061035156,286.0,289.3999938964844,11029
2025-04-30 15:15:00,289.70001220703125,293.989990234375,287.7799987792969,289.4599914550781,10004
2025-05-02 09:15:00,287.04998779296875,288.6000061035156,285.3500061035156,286.1000061035156,0
2025-05-02 10:15:00,286.3999938964844,286.3999938964844,285.1000061035156,285.95001220703125,1869
2025-05-02 11:15:00,285.5,285.5,283.20001220703125,283.5,3671
2025-05-02 12:15:00,283.5,283.8999938964844,281.70001220703125,283.3500061035156,5725
2025-05-02 13:15:00,283.1000061035156,283.3999938964844,281.04998779296875,282.1499938964844,3290
2025-05-02 14:15:00,281.75,286.0,280.95001220703125,284.6000061035156,13267
2025-05-02 15:15:00,284.8999938964844,285.8500061035156,280.75,280.75,5612
2025-05-05 09:15:00,285.6000061035156,286.6000061035156,279.5,279.5,0
2025-05-05 10:15:00,280.20001220703125,280.95001220703125,279.6000061035156,280.6000061035156,9252
2025-05-05 11:15:00,280.1499938964844,280.95001220703125,278.95001220703125,279.5,8746
2025-05-05 12:15:00,279.5,280.75,279.5,280.1000061035156,2928
2025-05-05 13:15:00,280.1000061035156,280.95001220703125,280.04998779296875,280.8999938964844,2671
2025-05-05 14:15:00,280.5,280.95001220703125,279.0,279.0,4773
2025-05-05 15:15:00,279.29998779296875,279.79998779296875,277.29998779296875,278.29998779296875,6726
2025-05-06 09:15:00,279.95001220703125,279.95001220703125,273.5,273.79998779296875,0
2025-05-06 10:15:00,273.79998779296875,273.79998779296875,270.1000061035156,270.1000061035156,13347
2025-05-06 11:15:00,270.75,270.8999938964844,268.95001220703125,270.25,8695
2025-05-06 12:15:00,270.25,271.0,269.70001220703125,270.20001220703125,8097
2025-05-06 13:15:00,270.20001220703125,270.6000061035156,269.20001220703125,269.20001220703125,2172
2025-05-06 14:15:00,269.04998779296875,269.1499938964844,264.70001220703125,264.70001220703125,7411
2025-05-06 15:15:00,265.5,267.79998779296875,263.25,267.1000061035156,8791
2025-05-07 09:15:00,260.70001220703125,266.79998779296875,260.70001220703125,265.5,0
2025-05-07 10:15:00,265.20001220703125,268.04998779296875,264.0,268.04998779296875,2141
2025-05-07 11:15:00,268.25,270.6499938964844,267.54998779296875,268.79998779296875,3516
2025-05-07 12:15:00,268.70001220703125,269.3500061035156,266.25,266.54998779296875,2748
2025-05-07 13:15:00,266.0,267.79998779296875,264.3500061035156,265.20001220703125,5101
2025-05-07 14:15:00,265.04998779296875,267.1499938964844,263.79998779296875,265.3500061035156,4930
2025-05-07 15:15:00,265.79998779296875,269.25,264.0,266.1499938964844,3801
2025-05-08 09:15:00,266.6000061035156,272.6499938964844,266.6000061035156,272.04998779296875,0
2025-05-08 10:15:00,272.3500061035156,272.3500061035156,267.0,267.0,15825
2025-05-08 11:15:00,266.45001220703125,268.25,266.29998779296875,267.04998779296875,2407
2025-05-08 12:15:00,266.6499938964844,267.20001220703125,265.29998779296875,265.6000061035156,3503
2025-05-08 13:15:00,265.54998779296875,265.75,263.0,263.3500061035156,5472
2025-05-08 14:15:00,263.3500061035156,264.20001220703125,260.8999938964844,262.0,8302
2025-05-08 15:15:00,261.20001220703125,262.0,260.04998779296875,261.3500061035156,5277
2025-05-09 09:15:00,260.0,261.3999938964844,253.60000610351562,255.60000610351562,0
2025-05-09 10:15:00,254.85000610351562,256.8999938964844,254.10000610351562,256.3500061035156,3518
2025-05-09 11:15:00,256.29998779296875,258.1499938964844,255.8000030517578,257.8999938964844,2416
2025-05-09 12:15:00,259.8999938964844,262.20001220703125,258.79998779296875,259.6000061035156,8611
2025-05-09 13:15:00,259.04998779296875,260.95001220703125,258.1499938964844,259.70001220703125,2368
2025-05-09 14:15:00,259.95001220703125,261.3999938964844,258.6000061035156,260.0,4824
2025-05-09 15:15:00,260.75,263.1000061035156,260.29998779296875,260.29998779296875,2512
2025-05-12 09:15:00,269.95001220703125,273.3999938964844,260.79998779296875,263.0,6165
2025-05-12 10:15:00,262.8999938964844,265.0,259.79998779296875,261.95001220703125,61144
2025-05-12 11:15:00,262.29998779296875,264.54998779296875,261.1000061035156,263.6000061035156,16363
2025-05-12 12:15:00,263.0,265.0,263.0,265.0,7181
2025-05-12 13:15:00,264.70001220703125,265.29998779296875,262.5,263.29998779296875,10004
2025-05-12 14:15:00,263.54998779296875,264.0,260.6499938964844,262.75,34342
2025-05-12 15:15:00,262.6000061035156,265.45001220703125,261.6000061035156,262.20001220703125,10855
2025-05-13 09:15:00,266.1499938964844,271.75,262.20001220703125,269.8999938964844,0
2025-05-13 10:15:00,269.29998779296875,270.0,268.04998779296875,268.79998779296875,3255
2025-05-13 11:15:00,269.3500061035156,270.1000061035156,268.5,269.04998779296875,2443
2025-05-13 12:15:00,269.04998779296875,269.6499938964844,267.04998779296875,268.8500061035156,3551
2025-05-13 13:15:00,268.6000061035156,270.45001220703125,267.8500061035156,269.70001220703125,4195
2025-05-13 14:15:00,269.95001220703125,271.0,268.1000061035156,269.0,17391
2025-05-13 15:15:00,268.6000061035156,270.20001220703125,264.3999938964844,264.3999938964844,13915
2025-05-14 09:15:00,266.0,271.79998779296875,266.0,270.20001220703125,15908
2025-05-14 10:15:00,269.5,271.0,268.54998779296875,269.1000061035156,8055
2025-05-14 11:15:00,268.25,269.70001220703125,265.79998779296875,266.70001220703125,8938
2025-05-14 12:15:00,266.8999938964844,267.1499938964844,265.75,266.8999938964844,3738
2025-05-14 13:15:00,266.75,267.6000061035156,266.04998779296875,267.1499938964844,2782
2025-05-14 14:15:00,267.29998779296875,268.70001220703125,266.8999938964844,267.8999938964844,4626
2025-05-14 15:15:00,267.79998779296875,270.0,267.20001220703125,268.20001220703125,5628
2025-05-15 09:15:00,269.8999938964844,272.45001220703125,268.1499938964844,268.25,0
2025-05-15 10:15:00,268.3999938964844,269.70001220703125,267.3999938964844,269.04998779296875,10241
2025-05-15 11:15:00,269.0,269.95001220703125,268.54998779296875,269.20001220703125,2902
2025-05-15 12:15:00,269.6499938964844,269.6499938964844,268.8500061035156,269.54998779296875,2667
2025-05-15 13:15:00,269.6000061035156,270.8999938964844,268.6000061035156,269.0,4448
2025-05-15 14:15:00,269.0,269.0,265.6499938964844,267.20001220703125,19910
2025-05-15 15:15:00,267.20001220703125,269.75,267.04998779296875,267.54998779296875,30133
2025-05-16 09:15:00,270.25,271.0,267.54998779296875,270.20001220703125,0
2025-05-16 10:15:00,270.20001220703125,270.45001220703125,269.0,269.79998779296875,2189
2025-05-16 11:15:00,269.79998779296875,269.79998779296875,268.5,268.6499938964844,3456
2025-05-16 12:15:00,268.6000061035156,269.3500061035156,268.6000061035156,269.1499938964844,949
2025-05-16 13:15:00,269.1499938964844,275.1000061035156,268.6499938964844,274.20001220703125,28047
2025-05-16 14:15:00,274.3999938964844,275.0,273.0,273.04998779296875,14371
2025-05-16 15:15:00,273.5,273.5,272.75,273.3500061035156,10277
2025-05-19 09:15:00,273.95001220703125,277.04998779296875,272.0,274.95001220703125,0
2025-05-19 10:15:00,275.1000061035156,282.0,274.8500061035156,281.04998779296875,31926
2025-05-19 11:15:00,282.0,282.20001220703125,279.25,282.0,15565
2025-05-19 12:15:00,281.54998779296875,283.8500061035156,280.6499938964844,282.5,6658
2025-05-19 13:15:00,282.3500061035156,282.3500061035156,280.25,280.8999938964844,11518
2025-05-19 14:15:00,280.3999938964844,295.0,280.3999938964844,291.04998779296875,296343
2025-05-19 15:15:00,290.5,291.3999938964844,290.1000061035156,290.25,40411
2025-05-20 09:15:00,295.95001220703125,296.95001220703125,290.5,295.5,0
2025-05-20 10:15:00,295.45001220703125,297.0,294.6000061035156,295.29998779296875,33376
2025-05-20 11:15:00,295.29998779296875,296.5,295.0,295.6499938964844,11644
2025-05-20 12:15:00,295.6499938964844,297.5,294.45001220703125,295.29998779296875,26841
2025-05-20 13:15:00,295.3500061035156,297.8999938964844,294.20001220703125,295.54998779296875,30592
2025-05-20 14:15:00,295.54998779296875,296.79998779296875,294.0,296.1000061035156,43451
2025-05-20 15:15:00,296.3999938964844,297.0,294.1000061035156,295.95001220703125,21580
2025-05-21 09:15:00,296.0,297.5,291.1000061035156,295.45001220703125,0
2025-05-21 10:15:00,295.45001220703125,295.70001220703125,293.95001220703125,295.0,15553
2025-05-21 11:15:00,295.3500061035156,297.0,294.5,294.5,8608
2025-05-21 12:15:00,294.54998779296875,296.54998779296875,292.3500061035156,295.1000061035156,62622
2025-05-21 13:15:00,295.25,297.0,294.0,296.8500061035156,10159
2025-05-21 14:15:00,296.29998779296875,298.8999938964844,296.0,298.54998779296875,24998
2025-05-21 15:15:00,298.0,298.79998779296875,298.0,298.54998779296875,13791
2025-05-22 09:15:00,298.8999938964844,298.8999938964844,294.0,295.8999938964844,0
2025-05-22 10:15:00,295.3500061035156,296.1000061035156,294.3500061035156,294.54998779296875,13244
2025-05-22 11:15:00,294.5,303.0,294.25,300.29998779296875,93421
2025-05-22 12:15:00,300.5,301.8999938964844,300.0,301.8999938964844,18149
2025-05-22 13:15:00,301.1000061035156,304.0,301.0,302.1000061035156,46437
2025-05-22 14:15:00,302.1000061035156,303.5,301.04998779296875,301.54998779296875,43183
2025-05-22 15:15:00,301.6000061035156,304.0,299.5,302.75,53948
2025-05-23 09:15:00,305.25,312.0,305.1000061035156,307.1000061035156,0
2025-05-23 10:15:00,307.45001220703125,308.79998779296875,305.3500061035156,308.0,39683
2025-05-23 11:15:00,308.0,309.0,305.75,307.8500061035156,20598
2025-05-23 12:15:00,307.0,307.8999938964844,306.25,307.04998779296875,8296
2025-05-23 13:15:00,307.6000061035156,312.54998779296875,306.75,311.5,57142
2025-05-23 14:15:00,311.54998779296875,315.0,311.20001220703125,313.95001220703125,77807
2025-05-23 15:15:00,313.8999938964844,317.1499938964844,311.70001220703125,313.95001220703125,77031
2025-05-26 09:15:00,327.54998779296875,333.1000061035156,321.45001220703125,325.79998779296875,0
2025-05-26 10:15:00,327.5,333.0,326.8500061035156,330.6499938964844,121765
2025-05-26 11:15:00,331.0,333.0,326.6499938964844,327.5,42426
2025-05-26 12:15:00,326.3999938964844,328.29998779296875,322.45001220703125,325.70001220703125,42510
2025-05-26 13:15:00,325.70001220703125,332.3999938964844,325.20001220703125,331.1000061035156,57973
2025-05-26 14:15:00,331.3999938964844,333.5,327.54998779296875,329.0,80579
2025-05-26 15:15:00,328.70001220703125,330.79998779296875,325.0,328.79998779296875,41933
2025-05-27 09:15:00,332.29998779296875,335.04998779296875,330.0,332.5,0
2025-05-27 10:15:00,332.95001220703125,337.5,330.5,333.5,39495
2025-05-27 11:15:00,333.95001220703125,335.0,332.79998779296875,333.8500061035156,8694
2025-05-27 12:15:00,333.5,334.20001220703125,333.0,333.45001220703125,10004
2025-05-27 13:15:00,333.3999938964844,336.0,332.29998779296875,334.0,52838
2025-05-27 14:15:00,334.5,337.8999938964844,333.0,337.1499938964844,72882
2025-05-27 15:15:00,337.0,340.0,336.6499938964844,337.0,67337
2025-05-28 09:15:00,343.3999938964844,347.20001220703125,339.04998779296875,343.0,0
2025-05-28 10:15:00,343.04998779296875,346.6000061035156,342.1000061035156,343.3999938964844,28248
2025-05-28 11:15:00,343.5,343.54998779296875,338.0,338.8999938964844,21931
2025-05-28 12:15:00,339.6000061035156,340.25,335.3500061035156,336.0,20238
2025-05-28 13:15:00,336.95001220703125,339.45001220703125,333.6499938964844,337.70001220703125,107058
2025-05-28 14:15:00,337.3999938964844,340.8999938964844,337.0,340.04998779296875,37803
2025-05-28 15:15:00,340.04998779296875,340.3999938964844,336.95001220703125,340.0,29595
2025-05-29 09:15:00,341.8500061035156,344.70001220703125,338.0,339.3999938964844,0
2025-05-29 10:15:00,339.70001220703125,341.79998779296875,337.54998779296875,340.0,45901
2025-05-29 11:15:00,340.5,341.8500061035156,338.29998779296875,341.75,42914
2025-05-29 12:15:00,341.1000061035156,341.8500061035156,339.04998779296875,341.3999938964844,17485
2025-05-29 13:15:00,341.0,344.95001220703125,341.0,343.25,55308
2025-05-29 14:15:00,343.04998779296875,343.8999938964844,341.8999938964844,343.5,35426
2025-05-29 15:15:00,343.5,344.25,343.0,344.0,20337
2025-05-30 09:15:00,343.3999938964844,348.6499938964844,343.29998779296875,344.1000061035156,56768
2025-05-30 10:15:00,344.0,346.6000061035156,343.3999938964844,346.6000061035156,15034
2025-05-30 11:15:00,346.70001220703125,347.0,345.0,345.95001220703125,20704
2025-05-30 12:15:00,345.6000061035156,346.1000061035156,345.04998779296875,345.1000061035156,19344
2025-05-30 13:15:00,345.1000061035156,345.79998779296875,345.04998779296875,345.70001220703125,6823
2025-05-30 14:15:00,345.29998779296875,349.1499938964844,345.04998779296875,348.8999938964844,35928
2025-05-30 15:15:00,348.79998779296875,350.1499938964844,348.0,349.0,37729
2025-06-02 09:15:00,348.0,357.0,346.8999938964844,354.0,205
2025-06-02 10:15:00,354.04998779296875,359.79998779296875,354.04998779296875,354.5,104950
2025-06-02 11:15:00,354.5,355.6499938964844,353.5,354.3999938964844,10795
2025-06-02 12:15:00,354.5,355.45001220703125,353.20001220703125,353.20001220703125,12235
2025-06-02 13:15:00,353.20001220703125,353.8999938964844,349.0,351.6000061035156,57548
2025-06-02 14:15:00,351.6000061035156,355.5,351.0,353.3999938964844,24417
2025-06-02 15:15:00,352.95001220703125,355.70001220703125,352.8999938964844,354.25,11409
2025-06-03 09:15:00,355.54998779296875,356.25,350.29998779296875,351.04998779296875,0
2025-06-03 10:15:00,351.04998779296875,353.0,350.54998779296875,352.04998779296875,15351
2025-06-03 11:15:00,352.04998779296875,352.8500061035156,351.25,351.54998779296875,15262
2025-06-03 12:15:00,351.54998779296875,354.45001220703125,351.25,354.0,40487
2025-06-03 13:15:00,353.8500061035156,355.0,353.45001220703125,354.75,10810
2025-06-03 14:15:00,355.0,357.3999938964844,351.54998779296875,355.29998779296875,68238
2025-06-03 15:15:00,355.1000061035156,355.5,354.95001220703125,354.95001220703125,0
2025-06-04 09:15:00,356.54998779296875,359.0,352.79998779296875,358.1000061035156,65315
2025-06-04 10:15:00,356.54998779296875,359.8999938964844,355.70001220703125,358.0,51808
2025-06-04 11:15:00,357.95001220703125,357.95001220703125,356.5,356.5,5228
2025-06-04 12:15:00,356.54998779296875,358.45001220703125,356.20001220703125,358.0,7432
2025-06-04 13:15:00,358.0,359.5,357.3500061035156,358.6499938964844,20201
2025-06-04 14:15:00,358.5,360.1000061035156,357.70001220703125,359.04998779296875,54936
2025-06-04 15:15:00,359.25,360.1000061035156,359.0,359.5,0
2025-06-05 09:15:00,359.25,362.8999938964844,359.25,362.3500061035156,45442
2025-06-05 10:15:00,362.0,364.95001220703125,361.29998779296875,361.95001220703125,28922
2025-06-05 11:15:00,362.45001220703125,367.25,362.3500061035156,365.6000061035156,52946
2025-06-05 12:15:00,365.0,367.8999938964844,365.0,367.1000061035156,44775
2025-06-05 13:15:00,367.1000061035156,368.29998779296875,366.04998779296875,367.0,40724
2025-06-05 14:15:00,367.5,367.5,360.54998779296875,363.5,77308
2025-06-05 15:15:00,363.5,364.5,361.8999938964844,363.25,0
2025-06-06 09:15:00,364.54998779296875,369.79998779296875,364.5,366.29998779296875,79393
2025-06-06 10:15:00,366.20001220703125,366.8500061035156,361.20001220703125,362.8999938964844,27220
2025-06-06 11:15:00,362.29998779296875,363.3999938964844,361.0,362.0,16611
2025-06-06 12:15:00,362.45001220703125,363.95001220703125,361.75,363.1499938964844,16466
2025-06-06 13:15:00,363.0,368.1000061035156,362.8500061035156,367.8999938964844,40929
2025-06-06 14:15:00,367.8999938964844,368.8999938964844,366.75,367.75,29004
2025-06-06 15:15:00,367.20001220703125,368.0,366.75,366.79998779296875,12461
2025-06-09 09:15:00,367.0,374.0,364.6499938964844,372.79998779296875,0
2025-06-09 09:15:00,367.0,374.0,364.6499938964844,372.79998779296875,0
2025-06-09 10:15:00,373.0,373.0,371.1000061035156,371.45001220703125,36747
2025-06-09 10:15:00,373.0,373.0,371.1000061035156,371.45001220703125,36747
2025-06-09 11:15:00,371.45001220703125,371.45001220703125,369.79998779296875,370.20001220703125,76061
2025-06-09 11:15:00,371.45001220703125,371.45001220703125,369.79998779296875,370.20001220703125,76061
2025-06-09 12:15:00,370.20001220703125,373.75,369.3999938964844,373.3999938964844,42745
2025-06-09 12:15:00,370.20001220703125,373.75,369.3999938964844,373.3999938964844,42745
2025-06-09 13:15:00,373.04998779296875,374.6000061035156,372.45001220703125,372.70001220703125,67706
2025-06-09 13:15:00,373.04998779296875,374.6000061035156,372.45001220703125,372.70001220703125,67706
2025-06-09 14:15:00,372.70001220703125,374.3500061035156,372.0,374.20001220703125,37307
2025-06-09 14:15:00,372.70001220703125,374.3500061035156,372.0,374.20001220703125,37307
2025-06-09 15:15:00,374.1000061035156,374.20001220703125,372.54998779296875,373.0,146587
2025-06-09 15:15:00,374.1000061035156,374.20001220703125,372.54998779296875,373.0,146587
2025-06-10 09:15:00,375.20001220703125,377.04998779296875,373.20001220703125,376.6000061035156,129273
2025-06-10 09:15:00,375.20001220703125,377.04998779296875,373.20001220703125,376.6000061035156,129273
2025-06-10 10:15:00,376.5,378.45001220703125,376.29998779296875,377.79998779296875,84579
2025-06-10 10:15:00,376.5,378.45001220703125,376.29998779296875,377.79998779296875,84579
2025-06-10 11:15:00,378.0,389.6499938964844,378.0,387.20001220703125,428397
2025-06-10 11:15:00,378.0,389.6499938964844,378.0,387.20001220703125,428397
2025-06-10 12:15:00,387.3999938964844,388.25,382.04998779296875,383.1000061035156,171423
2025-06-10 12:15:00,387.3999938964844,388.25,382.04998779296875,383.1000061035156,171423
2025-06-10 13:15:00,383.1000061035156,384.5,382.8500061035156,384.5,31983
2025-06-10 13:15:00,383.1000061035156,384.5,382.8500061035156,384.5,31983
2025-06-10 14:15:00,384.5,385.1000061035156,383.1000061035156,383.29998779296875,35847
2025-06-10 14:15:00,384.5,385.1000061035156,383.1000061035156,383.29998779296875,35847
2025-06-10 15:15:00,383.20001220703125,384.1000061035156,383.0,383.6499938964844,0
2025-06-10 15:15:00,383.20001220703125,384.1000061035156,383.0,383.6499938964844,0
2025-06-11 09:15:00,389.3999938964844,393.1000061035156,387.29998779296875,391.3500061035156,159325
2025-06-11 09:15:00,389.3999938964844,393.1000061035156,387.29998779296875,391.3500061035156,159325
2025-06-11 10:15:00,391.3500061035156,392.0,387.29998779296875,390.8999938964844,40746
2025-06-11 10:15:00,391.3500061035156,392.0,387.29998779296875,390.8999938964844,40746
2025-06-11 11:15:00,390.8999938964844,391.5,387.0,387.1499938964844,25884
2025-06-11 11:15:00,390.8999938964844,391.5,387.0,387.1499938964844,25884
2025-06-11 12:15:00,387.45001220703125,390.0,387.0,387.3999938964844,46386
2025-06-11 12:15:00,387.45001220703125,390.0,387.0,387.3999938964844,46386
2025-06-11 13:15:00,387.3999938964844,388.8999938964844,383.0,384.8500061035156,101649
2025-06-11 13:15:00,387.3999938964844,388.8999938964844,383.0,384.8500061035156,101649
2025-06-11 14:15:00,385.0,387.95001220703125,383.3500061035156,386.5,33355
2025-06-11 14:15:00,385.0,387.95001220703125,383.3500061035156,386.5,33355
2025-06-11 15:15:00,386.6000061035156,386.75,385.1000061035156,385.1000061035156,13839
2025-06-11 15:15:00,386.6000061035156,386.75,385.1000061035156,385.1000061035156,13839
2025-06-12 09:15:00,387.79998779296875,388.3999938964844,381.45001220703125,383.6499938964844,0
2025-06-12 09:15:00,387.79998779296875,388.3999938964844,381.45001220703125,383.6499938964844,0
2025-06-12 10:15:00,383.95001220703125,384.8500061035156,382.5,384.25,24722
2025-06-12 10:15:00,383.95001220703125,384.8500061035156,382.5,384.25,24722
2025-06-12 11:15:00,383.6499938964844,385.45001220703125,382.5,383.1000061035156,13110
2025-06-12 11:15:00,383.6499938964844,385.45001220703125,382.5,383.1000061035156,13110
2025-06-12 12:15:00,382.6499938964844,385.3999938964844,382.20001220703125,384.6000061035156,11083
2025-06-12 12:15:00,382.6499938964844,385.3999938964844,382.20001220703125,384.6000061035156,11083
2025-06-12 13:15:00,384.8500061035156,385.25,379.0,379.5,34264
2025-06-12 13:15:00,384.8500061035156,385.25,379.0,379.5,34264
2025-06-12 14:15:00,379.5,382.6000061035156,379.5,381.8500061035156,20375
2025-06-12 14:15:00,379.5,382.6000061035156,379.5,381.8500061035156,20375
2025-06-12 15:15:00,381.20001220703125,384.0,379.20001220703125,381.04998779296875,26473
2025-06-12 15:15:00,381.20001220703125,384.0,379.20001220703125,381.04998779296875,26473
2025-06-13 09:15:00,371.8999938964844,381.1499938964844,371.5,381.1000061035156,0
2025-06-13 09:15:00,371.8999938964844,381.1499938964844,371.5,381.1000061035156,0
2025-06-13 10:15:00,381.3999938964844,382.20001220703125,379.1499938964844,379.3999938964844,30397
2025-06-13 10:15:00,381.3999938964844,382.20001220703125,379.1499938964844,379.3999938964844,30397
2025-06-13 11:15:00,379.04998779296875,379.95001220703125,377.75,377.79998779296875,7764
2025-06-13 11:15:00,379.04998779296875,379.95001220703125,377.75,377.79998779296875,7764
2025-06-13 12:15:00,377.79998779296875,378.95001220703125,376.8999938964844,378.0,11677
2025-06-13 12:15:00,377.79998779296875,378.95001220703125,376.8999938964844,378.0,11677
2025-06-13 13:15:00,378.8500061035156,383.8999938964844,377.54998779296875,382.79998779296875,25459
2025-06-13 13:15:00,378.8500061035156,383.8999938964844,377.54998779296875,382.79998779296875,25459
2025-06-13 14:15:00,382.95001220703125,386.3500061035156,382.1000061035156,382.6000061035156,44914
2025-06-13 14:15:00,382.95001220703125,386.3500061035156,382.1000061035156,382.6000061035156,44914
2025-06-13 15:15:00,382.8500061035156,384.20001220703125,382.3999938964844,382.3999938964844,13691
2025-06-13 15:15:00,382.8500061035156,384.20001220703125,382.3999938964844,382.3999938964844,13691
2025-06-16 09:15:00,382.95001220703125,385.8500061035156,380.0,382.1499938964844,0
2025-06-16 09:15:00,382.95001220703125,385.8500061035156,380.0,382.1499938964844,0
2025-06-16 10:15:00,382.6000061035156,385.45001220703125,382.04998779296875,384.8500061035156,15858
2025-06-16 10:15:00,382.6000061035156,385.45001220703125,382.04998779296875,384.8500061035156,15858
2025-06-16 11:15:00,385.25,387.8500061035156,384.3999938964844,386.25,46731
2025-06-16 11:15:00,385.25,387.8500061035156,384.3999938964844,386.25,46731
2025-06-16 12:15:00,385.75,388.0,384.54998779296875,386.1000061035156,105766
2025-06-16 12:15:00,385.75,388.0,384.54998779296875,386.1000061035156,105766
2025-06-16 13:15:00,385.8500061035156,387.8999938964844,385.29998779296875,386.1499938964844,46751
2025-06-16 13:15:00,385.8500061035156,387.8999938964844,385.29998779296875,386.1499938964844,46751
2025-06-16 14:15:00,386.1499938964844,386.75,385.25,385.6499938964844,15219
2025-06-16 14:15:00,386.1499938964844,386.75,385.25,385.6499938964844,15219
2025-06-16 15:15:00,386.20001220703125,386.75,385.04998779296875,386.1000061035156,14701
2025-06-16 15:15:00,386.20001220703125,386.75,385.04998779296875,386.1000061035156,14701
2025-06-17 09:15:00,387.3999938964844,389.8999938964844,386.3500061035156,386.8999938964844,0
2025-06-17 09:15:00,387.3999938964844,389.8999938964844,386.3500061035156,386.8999938964844,0
2025-06-17 10:15:00,386.95001220703125,388.45001220703125,384.3999938964844,385.95001220703125,38541
2025-06-17 10:15:00,386.95001220703125,388.45001220703125,384.3999938964844,385.95001220703125,38541
2025-06-17 11:15:00,385.0,386.5,384.8999938964844,385.04998779296875,33228
2025-06-17 11:15:00,385.0,386.5,384.8999938964844,385.04998779296875,33228
2025-06-17 12:15:00,385.04998779296875,385.04998779296875,382.54998779296875,383.25,29419
2025-06-17 12:15:00,385.04998779296875,385.04998779296875,382.54998779296875,383.25,29419
2025-06-17 13:15:00,383.70001220703125,386.95001220703125,382.1499938964844,386.8999938964844,39359
2025-06-17 13:15:00,383.70001220703125,386.95001220703125,382.1499938964844,386.8999938964844,39359
2025-06-17 14:15:00,386.6499938964844,387.0,383.3999938964844,385.8500061035156,29267
2025-06-17 14:15:00,386.6499938964844,387.0,383.3999938964844,385.8500061035156,29267
2025-06-17 15:15:00,385.75,386.25,385.0,385.79998779296875,0
2025-06-17 15:15:00,385.75,386.25,385.0,385.79998779296875,0
2025-06-18 09:15:00,385.0,387.75,384.0,384.54998779296875,36924
2025-06-18 09:15:00,385.0,387.75,384.0,384.54998779296875,36924
2025-06-18 10:15:00,384.54998779296875,385.3500061035156,380.29998779296875,383.0,28715
2025-06-18 10:15:00,384.54998779296875,385.3500061035156,380.29998779296875,383.0,28715
2025-06-18 11:15:00,383.0,383.0,381.0,382.6499938964844,15752
2025-06-18 11:15:00,383.0,383.0,381.0,382.6499938964844,15752
2025-06-18 12:15:00,382.1499938964844,384.8500061035156,381.79998779296875,383.95001220703125,12646
2025-06-18 12:15:00,382.1499938964844,384.8500061035156,381.79998779296875,383.95001220703125,12646
2025-06-18 13:15:00,383.8999938964844,383.8999938964844,382.0,382.04998779296875,17715
2025-06-18 13:15:00,383.8999938964844,383.8999938964844,382.0,382.04998779296875,17715
2025-06-18 14:15:00,382.0,384.3500061035156,381.5,382.0,98151
2025-06-18 14:15:00,382.0,384.3500061035156,381.5,382.0,98151
2025-06-18 15:15:00,382.0,383.8500061035156,381.5,382.8500061035156,9460
2025-06-18 15:15:00,382.0,383.8500061035156,381.5,382.8500061035156,9460
2025-06-19 09:15:00,385.0,385.8999938964844,380.0,381.54998779296875,0
2025-06-19 09:15:00,385.0,385.8999938964844,380.0,381.54998779296875,0
2025-06-19 10:15:00,381.54998779296875,383.70001220703125,381.0,382.3500061035156,23825
2025-06-19 10:15:00,381.54998779296875,383.70001220703125,381.0,382.3500061035156,23825
2025-06-19 11:15:00,382.5,382.5,377.0,380.0,47344
2025-06-19 11:15:00,382.5,382.5,377.0,380.0,47344
2025-06-19 12:15:00,379.8999938964844,379.95001220703125,376.1000061035156,378.25,20217
2025-06-19 12:15:00,379.8999938964844,379.95001220703125,376.1000061035156,378.25,20217
2025-06-19 13:15:00,378.25,381.0,376.8500061035156,380.70001220703125,52347
2025-06-19 13:15:00,378.25,381.0,376.8500061035156,380.70001220703125,52347
2025-06-19 14:15:00,380.6499938964844,381.0,375.5,375.5,55554
2025-06-19 14:15:00,380.6499938964844,381.0,375.5,375.5,55554
2025-06-19 15:15:00,375.25,378.0,374.70001220703125,377.29998779296875,28863
2025-06-19 15:15:00,375.25,378.0,374.70001220703125,377.29998779296875,28863
2025-06-20 09:15:00,380.0,380.3999938964844,374.25,375.25,0
2025-06-20 09:15:00,380.0,380.3999938964844,374.25,375.25,0
2025-06-20 10:15:00,374.75,376.8999938964844,373.3999938964844,376.6499938964844,13350
2025-06-20 10:15:00,374.75,376.8999938964844,373.3999938964844,376.6499938964844,13350
2025-06-20 11:15:00,376.54998779296875,378.3500061035156,376.54998779296875,377.8999938964844,12284
2025-06-20 11:15:00,376.54998779296875,378.3500061035156,376.54998779296875,377.8999938964844,12284
2025-06-20 12:15:00,377.8999938964844,378.6499938964844,376.70001220703125,378.5,4586
2025-06-20 12:15:00,377.8999938964844,378.6499938964844,376.70001220703125,378.5,4586
2025-06-20 13:15:00,378.3500061035156,379.1499938964844,378.0,378.95001220703125,13657
2025-06-20 13:15:00,378.3500061035156,379.1499938964844,378.0,378.95001220703125,13657
2025-06-20 14:15:00,378.95001220703125,381.0,378.20001220703125,378.54998779296875,14032
2025-06-20 14:15:00,378.95001220703125,381.0,378.20001220703125,378.54998779296875,14032
2025-06-20 15:15:00,378.29998779296875,379.1499938964844,375.1499938964844,378.20001220703125,0
2025-06-20 15:15:00,378.29998779296875,379.1499938964844,375.1499938964844,378.20001220703125,0
2025-06-23 09:15:00,380.0,380.0,374.1499938964844,375.3500061035156,0
2025-06-23 09:15:00,380.0,380.0,374.1499938964844,375.3500061035156,0
2025-06-23 10:15:00,375.0,376.6000061035156,373.04998779296875,373.8500061035156,37698
2025-06-23 10:15:00,375.0,376.6000061035156,373.04998779296875,373.8500061035156,37698
2025-06-23 11:15:00,373.8999938964844,381.8500061035156,373.1000061035156,379.04998779296875,162915
2025-06-23 11:15:00,373.8999938964844,381.8500061035156,373.1000061035156,379.04998779296875,162915
2025-06-23 12:15:00,378.8999938964844,378.8999938964844,373.70001220703125,376.75,38020
2025-06-23 12:15:00,378.8999938964844,378.8999938964844,373.70001220703125,376.75,38020
2025-06-23 13:15:00,376.54998779296875,376.95001220703125,375.5,376.3999938964844,16475
2025-06-23 13:15:00,376.54998779296875,376.95001220703125,375.5,376.3999938964844,16475
2025-06-23 14:15:00,376.29998779296875,377.0,374.70001220703125,375.95001220703125,20230
2025-06-23 14:15:00,376.29998779296875,377.0,374.70001220703125,375.95001220703125,20230
2025-06-23 15:15:00,375.8999938964844,377.29998779296875,375.0,376.6000061035156,0
2025-06-23 15:15:00,375.8999938964844,377.29998779296875,375.0,376.6000061035156,0
2025-06-24 09:15:00,384.1000061035156,384.1000061035156,379.70001220703125,381.20001220703125,50020
2025-06-24 09:15:00,384.1000061035156,384.1000061035156,379.70001220703125,381.20001220703125,50020
2025-06-24 10:15:00,381.04998779296875,381.8500061035156,379.95001220703125,380.95001220703125,14114
2025-06-24 10:15:00,381.04998779296875,381.8500061035156,379.95001220703125,380.95001220703125,14114
2025-06-24 11:15:00,380.95001220703125,381.0,380.1000061035156,380.1000061035156,2675
2025-06-24 11:15:00,380.95001220703125,381.0,380.1000061035156,380.1000061035156,2675
2025-06-24 12:15:00,380.0,380.6000061035156,379.0,380.5,10682
2025-06-24 12:15:00,380.0,380.6000061035156,379.0,380.5,10682
2025-06-24 13:15:00,380.6000061035156,383.3999938964844,379.3500061035156,380.6000061035156,127018
2025-06-24 13:15:00,380.6000061035156,383.3999938964844,379.3500061035156,380.6000061035156,127018
2025-06-24 14:15:00,380.75,381.0,379.29998779296875,379.54998779296875,17862
2025-06-24 14:15:00,380.75,381.0,379.29998779296875,379.54998779296875,17862
2025-06-24 15:15:00,379.54998779296875,379.79998779296875,377.8500061035156,378.1000061035156,12912
2025-06-24 15:15:00,379.54998779296875,379.79998779296875,377.8500061035156,378.1000061035156,12912
2025-06-25 09:15:00,381.95001220703125,385.6499938964844,381.95001220703125,384.8999938964844,0
2025-06-25 09:15:00,381.95001220703125,385.6499938964844,381.95001220703125,384.8999938964844,0
2025-06-25 10:15:00,384.3999938964844,384.8500061035156,381.0,381.70001220703125,16425
2025-06-25 10:15:00,384.3999938964844,384.8500061035156,381.0,381.70001220703125,16425
2025-06-25 11:15:00,381.8500061035156,382.3999938964844,380.1000061035156,382.3999938964844,28666
2025-06-25 11:15:00,381.8500061035156,382.3999938964844,380.1000061035156,382.3999938964844,28666
2025-06-25 12:15:00,382.20001220703125,386.20001220703125,381.75,384.25,49807
2025-06-25 12:15:00,382.20001220703125,386.20001220703125,381.75,384.25,49807
2025-06-25 13:15:00,384.29998779296875,385.8999938964844,382.70001220703125,384.95001220703125,27805
2025-06-25 13:15:00,384.29998779296875,385.8999938964844,382.70001220703125,384.95001220703125,27805
2025-06-25 14:15:00,385.1000061035156,385.1000061035156,381.79998779296875,381.95001220703125,38580
2025-06-25 14:15:00,385.1000061035156,385.1000061035156,381.79998779296875,381.95001220703125,38580
2025-06-25 15:15:00,382.0,384.45001220703125,381.45001220703125,382.95001220703125,0
2025-06-25 15:15:00,382.0,384.45001220703125,381.45001220703125,382.95001220703125,0
2025-06-26 09:15:00,388.0,388.0,382.0,382.6000061035156,32928
2025-06-26 09:15:00,388.0,388.0,382.0,382.6000061035156,32928
2025-06-26 10:15:00,382.6000061035156,385.0,382.0,382.70001220703125,33787
2025-06-26 10:15:00,382.6000061035156,385.0,382.0,382.70001220703125,33787
2025-06-26 11:15:00,382.70001220703125,382.70001220703125,381.5,381.79998779296875,7060
2025-06-26 11:15:00,382.70001220703125,382.70001220703125,381.5,381.79998779296875,7060
2025-06-26 12:15:00,382.1000061035156,383.70001220703125,381.1000061035156,383.20001220703125,16510
2025-06-26 12:15:00,382.1000061035156,383.70001220703125,381.1000061035156,383.20001220703125,16510
2025-06-26 13:15:00,382.8500061035156,383.1499938964844,381.70001220703125,382.75,12720
2025-06-26 13:15:00,382.8500061035156,383.1499938964844,381.70001220703125,382.75,12720
2025-06-26 14:15:00,382.29998779296875,382.6000061035156,381.1000061035156,381.3999938964844,8886
2025-06-26 14:15:00,382.29998779296875,382.6000061035156,381.1000061035156,381.3999938964844,8886
2025-06-26 15:15:00,381.45001220703125,382.0,381.0,381.3500061035156,0
2025-06-26 15:15:00,381.45001220703125,382.0,381.0,381.3500061035156,0
2025-06-27 09:15:00,383.3999938964844,385.0,382.0,383.75,25595
2025-06-27 09:15:00,383.3999938964844,385.0,382.0,383.75,25595
2025-06-27 10:15:00,383.79998779296875,383.79998779296875,382.5,383.20001220703125,8504
2025-06-27 10:15:00,383.79998779296875,383.79998779296875,382.5,383.20001220703125,8504
2025-06-27 11:15:00,383.20001220703125,383.8999938964844,382.79998779296875,383.5,5825
2025-06-27 11:15:00,383.20001220703125,383.8999938964844,382.79998779296875,383.5,5825
2025-06-27 12:15:00,383.29998779296875,383.8999938964844,382.5,383.75,14319
2025-06-27 12:15:00,383.29998779296875,383.8999938964844,382.5,383.75,14319
2025-06-27 13:15:00,383.70001220703125,384.0,383.04998779296875,383.5,10479
2025-06-27 13:15:00,383.70001220703125,384.0,383.04998779296875,383.5,10479
2025-06-27 14:15:00,383.1000061035156,383.5,382.3999938964844,382.54998779296875,9022
2025-06-27 14:15:00,383.1000061035156,383.5,382.3999938964844,382.54998779296875,9022
2025-06-27 15:15:00,382.95001220703125,383.1000061035156,380.20001220703125,382.20001220703125,0
2025-06-27 15:15:00,382.95001220703125,383.1000061035156,380.20001220703125,382.20001220703125,0
2025-06-30 09:15:00,383.54998779296875,385.0,382.20001220703125,383.04998779296875,0
2025-06-30 09:15:00,383.54998779296875,385.0,382.20001220703125,383.04998779296875,0
2025-06-30 10:15:00,382.95001220703125,382.95001220703125,381.45001220703125,381.8500061035156,7187
2025-06-30 10:15:00,382.95001220703125,382.95001220703125,381.45001220703125,381.8500061035156,7187
2025-06-30 11:15:00,381.6499938964844,382.20001220703125,381.04998779296875,381.95001220703125,3579
2025-06-30 11:15:00,381.6499938964844,382.20001220703125,381.04998779296875,381.95001220703125,3579
2025-06-30 12:15:00,381.70001220703125,381.8500061035156,380.25,380.3500061035156,6995
2025-06-30 12:15:00,381.70001220703125,381.8500061035156,380.25,380.3500061035156,6995
2025-06-30 13:15:00,380.70001220703125,381.79998779296875,379.3500061035156,380.75,15910
2025-06-30 13:15:00,380.70001220703125,381.79998779296875,379.3500061035156,380.75,15910
2025-06-30 14:15:00,380.95001220703125,381.8999938964844,380.54998779296875,381.5,11811
2025-06-30 14:15:00,380.95001220703125,381.8999938964844,380.54998779296875,381.5,11811
2025-06-30 15:15:00,381.70001220703125,381.70001220703125,379.29998779296875,380.79998779296875,0
2025-06-30 15:15:00,381.70001220703125,381.70001220703125,379.29998779296875,380.79998779296875,0
2025-07-01 09:15:00,382.70001220703125,384.3500061035156,375.3500061035156,376.3500061035156,46377
2025-07-01 09:15:00,382.70001220703125,384.3500061035156,375.3500061035156,376.3500061035156,46377
2025-07-01 10:15:00,375.8999938964844,376.95001220703125,373.79998779296875,375.29998779296875,45287
2025-07-01 10:15:00,375.8999938964844,376.95001220703125,373.79998779296875,375.29998779296875,45287
2025-07-01 11:15:00,375.79998779296875,376.1499938964844,374.70001220703125,374.79998779296875,21456
2025-07-01 11:15:00,375.79998779296875,376.1499938964844,374.70001220703125,374.79998779296875,21456
2025-07-01 12:15:00,374.79998779296875,375.5,371.3500061035156,374.25,30245
2025-07-01 12:15:00,374.79998779296875,375.5,371.3500061035156,374.25,30245
2025-07-01 13:15:00,374.6000061035156,376.25,373.0,374.04998779296875,29625
2025-07-01 13:15:00,374.6000061035156,376.25,373.0,374.04998779296875,29625
2025-07-01 14:15:00,374.25,376.0,373.70001220703125,376.0,21555
2025-07-01 14:15:00,374.25,376.0,373.70001220703125,376.0,21555
2025-07-01 15:15:00,376.0,376.20001220703125,374.79998779296875,375.54998779296875,0
2025-07-01 15:15:00,376.0,376.20001220703125,374.79998779296875,375.54998779296875,0
2025-07-02 09:15:00,377.5,377.5,372.6499938964844,372.6499938964844,17156
2025-07-02 09:15:00,377.5,377.5,372.6499938964844,372.6499938964844,17156
2025-07-02 10:15:00,372.45001220703125,372.75,370.3500061035156,371.0,24525
2025-07-02 10:15:00,372.45001220703125,372.75,370.3500061035156,371.0,24525
2025-07-02 11:15:00,371.04998779296875,372.54998779296875,371.0,371.45001220703125,5432
2025-07-02 11:15:00,371.04998779296875,372.54998779296875,371.0,371.45001220703125,5432
2025-07-02 12:15:00,371.8500061035156,372.6499938964844,371.5,372.20001220703125,6264
2025-07-02 12:15:00,371.8500061035156,372.6499938964844,371.5,372.20001220703125,6264
2025-07-02 13:15:00,372.1000061035156,372.25,370.70001220703125,370.75,6268
2025-07-02 13:15:00,372.1000061035156,372.25,370.70001220703125,370.75,6268
2025-07-02 14:15:00,370.70001220703125,372.0,370.6000061035156,371.25,11115
2025-07-02 14:15:00,370.70001220703125,372.0,370.6000061035156,371.25,11115
2025-07-02 15:15:00,371.25,372.0,368.0,372.0,36288
2025-07-02 15:15:00,371.25,372.0,368.0,372.0,36288
2025-07-03 09:15:00,374.0,375.6000061035156,372.5,373.8999938964844,14832
2025-07-03 09:15:00,374.0,375.6000061035156,372.5,373.8999938964844,14832
2025-07-03 10:15:00,373.70001220703125,374.8999938964844,373.0,373.3999938964844,9577
2025-07-03 10:15:00,373.70001220703125,374.8999938964844,373.0,373.3999938964844,9577
2025-07-03 11:15:00,373.3999938964844,374.0,372.0,372.0,7295
2025-07-03 11:15:00,373.3999938964844,374.0,372.0,372.0,7295
2025-07-03 12:15:00,372.45001220703125,373.5,372.04998779296875,373.3999938964844,2734
2025-07-03 12:15:00,372.45001220703125,373.5,372.04998779296875,373.3999938964844,2734
2025-07-03 13:15:00,373.8999938964844,374.6000061035156,373.29998779296875,374.6000061035156,10365
2025-07-03 13:15:00,373.8999938964844,374.6000061035156,373.29998779296875,374.6000061035156,10365
2025-07-03 14:15:00,374.0,374.3500061035156,372.0,372.5,19075
2025-07-03 14:15:00,374.0,374.3500061035156,372.0,372.5,19075
2025-07-03 15:15:00,372.75,373.0,372.0,372.6499938964844,0
2025-07-03 15:15:00,372.75,373.0,372.0,372.6499938964844,0
2025-07-04 09:15:00,374.3999938964844,382.25,374.3999938964844,377.29998779296875,44131
2025-07-04 09:15:00,374.3999938964844,382.25,374.3999938964844,377.29998779296875,44131
2025-07-04 10:15:00,378.0,379.8999938964844,377.8999938964844,379.04998779296875,12100
2025-07-04 10:15:00,378.0,379.8999938964844,377.8999938964844,379.04998779296875,12100
2025-07-04 11:15:00,379.0,379.5,376.1000061035156,376.20001220703125,26503
2025-07-04 11:15:00,379.0,379.5,376.1000061035156,376.20001220703125,26503
2025-07-04 12:15:00,376.0,376.95001220703125,375.6000061035156,375.6499938964844,3022
2025-07-04 12:15:00,376.0,376.95001220703125,375.6000061035156,375.6499938964844,3022
2025-07-04 13:15:00,375.6000061035156,376.29998779296875,373.95001220703125,376.0,8358
2025-07-04 13:15:00,375.6000061035156,376.29998779296875,373.95001220703125,376.0,8358
2025-07-04 14:15:00,376.0,378.0,375.54998779296875,377.95001220703125,12736
2025-07-04 14:15:00,376.0,378.0,375.54998779296875,377.95001220703125,12736
2025-07-04 15:15:00,377.79998779296875,385.0,377.5,382.5,56806
2025-07-04 15:15:00,377.79998779296875,385.0,377.5,382.5,56806
2025-07-07 09:15:00,397.0,408.8999938964844,395.79998779296875,399.0,494049
2025-07-07 09:15:00,397.0,408.8999938964844,395.79998779296875,399.0,494049
2025-07-07 10:15:00,398.6499938964844,406.75,398.0,404.5,205813
2025-07-07 10:15:00,398.6499938964844,406.75,398.0,404.5,205813
2025-07-07 11:15:00,404.45001220703125,408.75,404.1000061035156,408.1000061035156,182541
2025-07-07 11:15:00,404.45001220703125,408.75,404.1000061035156,408.1000061035156,182541
2025-07-07 12:15:00,408.0,409.3999938964844,404.79998779296875,405.1000061035156,140696
2025-07-07 12:15:00,408.0,409.3999938964844,404.79998779296875,405.1000061035156,140696
2025-07-07 13:15:00,405.1000061035156,406.8999938964844,404.70001220703125,406.0,34135
2025-07-07 13:15:00,405.1000061035156,406.8999938964844,404.70001220703125,406.0,34135
2025-07-07 14:15:00,405.79998779296875,409.20001220703125,404.5,407.1000061035156,180085
2025-07-07 14:15:00,405.79998779296875,409.20001220703125,404.5,407.1000061035156,180085
2025-07-07 15:15:00,406.6499938964844,407.0,404.0,405.95001220703125,87547
2025-07-07 15:15:00,406.6499938964844,407.0,404.0,405.95001220703125,87547
2025-07-08 09:15:00,411.95001220703125,415.70001220703125,406.70001220703125,407.75,0
2025-07-08 09:15:00,411.95001220703125,415.70001220703125,406.70001220703125,407.75,0
2025-07-08 10:15:00,407.3999938964844,409.3500061035156,404.1499938964844,406.04998779296875,66575
2025-07-08 10:15:00,407.3999938964844,409.3500061035156,404.1499938964844,406.04998779296875,66575
2025-07-08 11:15:00,406.1000061035156,407.1000061035156,405.0,406.79998779296875,39932
2025-07-08 11:15:00,406.1000061035156,407.1000061035156,405.0,406.79998779296875,39932
2025-07-08 12:15:00,406.5,407.6000061035156,404.79998779296875,406.6000061035156,22821
2025-07-08 12:15:00,406.5,407.6000061035156,404.79998779296875,406.6000061035156,22821
2025-07-08 13:15:00,407.20001220703125,408.3999938964844,406.29998779296875,406.6499938964844,14053
2025-07-08 13:15:00,407.20001220703125,408.3999938964844,406.29998779296875,406.6499938964844,14053
2025-07-08 14:15:00,406.75,412.3999938964844,406.70001220703125,411.0,121073
2025-07-08 14:15:00,406.75,412.3999938964844,406.70001220703125,411.0,121073
2025-07-08 15:15:00,411.5,412.70001220703125,410.04998779296875,411.5,55073
2025-07-08 15:15:00,411.5,412.70001220703125,410.04998779296875,411.5,55073
2025-07-09 09:15:00,414.0,415.3999938964844,411.8999938964844,414.70001220703125,146012
2025-07-09 09:15:00,414.0,415.3999938964844,411.8999938964844,414.70001220703125,146012
2025-07-09 10:15:00,414.5,417.20001220703125,413.70001220703125,416.3500061035156,152904
2025-07-09 10:15:00,414.5,417.20001220703125,413.70001220703125,416.3500061035156,152904
2025-07-09 11:15:00,416.3500061035156,419.95001220703125,415.5,419.95001220703125,123956
2025-07-09 11:15:00,416.3500061035156,419.95001220703125,415.5,419.95001220703125,123956
2025-07-09 12:15:00,419.70001220703125,421.0,418.3999938964844,419.54998779296875,135914
2025-07-09 12:15:00,419.70001220703125,421.0,418.3999938964844,419.54998779296875,135914
2025-07-09 13:15:00,419.1499938964844,419.8500061035156,418.1000061035156,418.75,34850
2025-07-09 13:15:00,419.1499938964844,419.8500061035156,418.1000061035156,418.75,34850
2025-07-09 14:15:00,418.5,419.0,416.0,417.54998779296875,50260
2025-07-09 14:15:00,418.5,419.0,416.0,417.54998779296875,50260
2025-07-09 15:15:00,418.0,419.0,415.70001220703125,417.0,44943
2025-07-09 15:15:00,418.0,419.0,415.70001220703125,417.0,44943
2025-07-10 09:15:00,420.0,425.3999938964844,420.0,422.70001220703125,191771
2025-07-10 09:15:00,420.0,425.3999938964844,420.0,422.70001220703125,191771
2025-07-10 10:15:00,422.29998779296875,424.6000061035156,421.25,421.25,44677
2025-07-10 10:15:00,422.29998779296875,424.6000061035156,421.25,421.25,44677
2025-07-10 11:15:00,421.29998779296875,425.04998779296875,421.1000061035156,424.8999938964844,57459
2025-07-10 11:15:00,421.29998779296875,425.04998779296875,421.1000061035156,424.8999938964844,57459
2025-07-10 12:15:00,424.8999938964844,425.5,423.6000061035156,424.3999938964844,21014
2025-07-10 12:15:00,424.8999938964844,425.5,423.6000061035156,424.3999938964844,21014
2025-07-10 13:15:00,424.5,424.6499938964844,422.70001220703125,423.54998779296875,16272
2025-07-10 13:15:00,424.5,424.6499938964844,422.70001220703125,423.54998779296875,16272
2025-07-10 14:15:00,423.79998779296875,424.5,423.6000061035156,424.20001220703125,23583
2025-07-10 14:15:00,423.79998779296875,424.5,423.6000061035156,424.20001220703125,23583
2025-07-10 15:15:00,424.1000061035156,424.20001220703125,422.25,423.0,44747
2025-07-10 15:15:00,424.1000061035156,424.20001220703125,422.25,423.0,44747
2025-07-11 09:15:00,427.0,427.0,422.5,423.70001220703125,125872
2025-07-11 09:15:00,427.0,427.0,422.5,423.70001220703125,125872
2025-07-11 10:15:00,423.6000061035156,423.8500061035156,422.0,423.0,109012
2025-07-11 10:15:00,423.6000061035156,423.8500061035156,422.0,423.0,109012
2025-07-11 11:15:00,423.0,423.6000061035156,421.0,422.5,51591
2025-07-11 11:15:00,423.0,423.6000061035156,421.0,422.5,51591
2025-07-11 12:15:00,422.54998779296875,423.25,421.29998779296875,421.79998779296875,47817
2025-07-11 12:15:00,422.54998779296875,423.25,421.29998779296875,421.79998779296875,47817
2025-07-11 13:15:00,421.75,422.70001220703125,420.6000061035156,421.0,18458
2025-07-11 13:15:00,421.75,422.70001220703125,420.6000061035156,421.0,18458
2025-07-11 14:15:00,421.0,425.5,419.8999938964844,424.6499938964844,103091
2025-07-11 14:15:00,421.0,425.5,419.8999938964844,424.6499938964844,103091
2025-07-11 15:15:00,424.5,424.95001220703125,421.75,423.6499938964844,103434
2025-07-11 15:15:00,424.5,424.95001220703125,421.75,423.6499938964844,103434
2025-07-14 09:15:00,427.25,428.20001220703125,421.1499938964844,422.79998779296875,0
2025-07-14 09:15:00,427.25,428.20001220703125,421.1499938964844,422.79998779296875,0
2025-07-14 10:15:00,422.5,422.95001220703125,419.1499938964844,420.1499938964844,106539
2025-07-14 10:15:00,422.5,422.95001220703125,419.1499938964844,420.1499938964844,106539
2025-07-14 11:15:00,420.3999938964844,421.1499938964844,419.3999938964844,421.1499938964844,54289
2025-07-14 11:15:00,420.3999938964844,421.1499938964844,419.3999938964844,421.1499938964844,54289
2025-07-14 12:15:00,421.29998779296875,421.70001220703125,417.1499938964844,419.0,49620
2025-07-14 12:15:00,421.29998779296875,421.70001220703125,417.1499938964844,419.0,49620
2025-07-14 13:15:00,418.8999938964844,425.0,418.8999938964844,421.5,214549
2025-07-14 13:15:00,418.8999938964844,425.0,418.8999938964844,421.5,214549
2025-07-14 14:15:00,421.0,423.8500061035156,417.70001220703125,417.79998779296875,93169
2025-07-14 14:15:00,421.0,423.8500061035156,417.70001220703125,417.79998779296875,93169
2025-07-14 15:15:00,417.75,418.29998779296875,415.0,415.0,194614
2025-07-14 15:15:00,417.75,418.29998779296875,415.0,415.0,194614
2025-07-15 09:15:00,421.0,422.5,408.8999938964844,413.5,193531
2025-07-15 09:15:00,421.0,422.5,408.8999938964844,413.5,193531
2025-07-15 10:15:00,413.6499938964844,419.0,413.0,416.0,41255
2025-07-15 10:15:00,413.6499938964844,419.0,413.0,416.0,41255
2025-07-15 11:15:00,415.70001220703125,416.20001220703125,414.1499938964844,415.1000061035156,71538
2025-07-15 11:15:00,415.70001220703125,416.20001220703125,414.1499938964844,415.1000061035156,71538
2025-07-15 12:15:00,415.1000061035156,415.20001220703125,412.95001220703125,414.70001220703125,43048
2025-07-15 12:15:00,415.1000061035156,415.20001220703125,412.95001220703125,414.70001220703125,43048
2025-07-15 13:15:00,414.54998779296875,415.79998779296875,413.70001220703125,415.3999938964844,18536
2025-07-15 13:15:00,414.54998779296875,415.79998779296875,413.70001220703125,415.3999938964844,18536
2025-07-15 14:15:00,414.95001220703125,415.5,412.70001220703125,412.70001220703125,29298
2025-07-15 14:15:00,414.95001220703125,415.5,412.70001220703125,412.70001220703125,29298
2025-07-15 15:15:00,412.54998779296875,414.95001220703125,412.3999938964844,413.8500061035156,0
2025-07-15 15:15:00,412.54998779296875,414.95001220703125,412.3999938964844,413.8500061035156,0
2025-07-16 09:15:00,418.1000061035156,418.8999938964844,415.0,418.8999938964844,60276
2025-07-16 09:15:00,418.1000061035156,418.8999938964844,415.0,418.8999938964844,60276
2025-07-16 10:15:00,418.8500061035156,420.0,418.0,418.5,40829
2025-07-16 10:15:00,418.8500061035156,420.0,418.0,418.5,40829
2025-07-16 11:15:00,418.8500061035156,419.20001220703125,417.6000061035156,418.8500061035156,18800
2025-07-16 11:15:00,418.8500061035156,419.20001220703125,417.6000061035156,418.8500061035156,18800
2025-07-16 12:15:00,419.0,422.5,418.54998779296875,421.3999938964844,82112
2025-07-16 12:15:00,419.0,422.5,418.54998779296875,421.3999938964844,82112
2025-07-16 13:15:00,421.04998779296875,421.1499938964844,418.29998779296875,418.5,16283
2025-07-16 13:15:00,421.04998779296875,421.1499938964844,418.29998779296875,418.5,16283
2025-07-16 14:15:00,418.5,420.0,416.79998779296875,417.45001220703125,31269
2025-07-16 14:15:00,418.5,420.0,416.79998779296875,417.45001220703125,31269
2025-07-16 15:15:00,417.45001220703125,418.0,416.6000061035156,416.6000061035156,15020
2025-07-16 15:15:00,417.45001220703125,418.0,416.6000061035156,416.6000061035156,15020
2025-07-17 09:15:00,420.1000061035156,422.75,417.5,421.3999938964844,68054
2025-07-17 09:15:00,420.1000061035156,422.75,417.5,421.3999938964844,68054
2025-07-17 10:15:00,421.25,422.3999938964844,420.79998779296875,421.70001220703125,77972
2025-07-17 10:15:00,421.25,422.3999938964844,420.79998779296875,421.70001220703125,77972
2025-07-17 11:15:00,421.95001220703125,422.0,420.75,421.54998779296875,9101
2025-07-17 11:15:00,421.95001220703125,422.0,420.75,421.54998779296875,9101
2025-07-17 12:15:00,421.04998779296875,421.45001220703125,420.20001220703125,421.0,12095
2025-07-17 12:15:00,421.04998779296875,421.45001220703125,420.20001220703125,421.0,12095
2025-07-17 13:15:00,421.0,424.0,421.0,421.20001220703125,107618
2025-07-17 13:15:00,421.0,424.0,421.0,421.20001220703125,107618
2025-07-17 14:15:00,421.20001220703125,422.45001220703125,420.70001220703125,421.6000061035156,15064
2025-07-17 14:15:00,421.20001220703125,422.45001220703125,420.70001220703125,421.6000061035156,15064
2025-07-17 15:15:00,421.6499938964844,422.70001220703125,420.75,422.0,71141
2025-07-17 15:15:00,421.6499938964844,422.70001220703125,420.75,422.0,71141
2025-07-18 09:15:00,424.8999938964844,426.0,423.0,424.25,75110
2025-07-18 09:15:00,424.8999938964844,426.0,423.0,424.25,75110
2025-07-18 10:15:00,424.25,424.25,421.79998779296875,424.0,31061
2025-07-18 10:15:00,424.25,424.25,421.79998779296875,424.0,31061
2025-07-18 11:15:00,424.0,425.0,423.25,423.54998779296875,27252
2025-07-18 11:15:00,424.0,425.0,423.25,423.54998779296875,27252
2025-07-18 12:15:00,423.3999938964844,423.45001220703125,422.29998779296875,422.75,17762
2025-07-18 12:15:00,423.3999938964844,423.45001220703125,422.29998779296875,422.75,17762
2025-07-18 13:15:00,422.95001220703125,423.5,420.25,420.8500061035156,60154
2025-07-18 13:15:00,422.95001220703125,423.5,420.25,420.8500061035156,60154
2025-07-18 14:15:00,420.8500061035156,422.8999938964844,420.0,422.29998779296875,53395
2025-07-18 14:15:00,420.8500061035156,422.8999938964844,420.0,422.29998779296875,53395
2025-07-18 15:15:00,422.3999938964844,422.5,419.0,422.04998779296875,0
2025-07-18 15:15:00,422.3999938964844,422.5,419.0,422.04998779296875,0
2025-07-21 09:15:00,424.8500061035156,424.8500061035156,418.6499938964844,419.29998779296875,0
2025-07-21 09:15:00,424.8500061035156,424.8500061035156,418.6499938964844,419.29998779296875,0
2025-07-21 10:15:00,418.5,419.6499938964844,417.1000061035156,418.0,26461
2025-07-21 10:15:00,418.5,419.6499938964844,417.1000061035156,418.0,26461
2025-07-21 11:15:00,418.1000061035156,418.45001220703125,416.70001220703125,418.0,21081
2025-07-21 11:15:00,418.1000061035156,418.45001220703125,416.70001220703125,418.0,21081
2025-07-21 12:15:00,417.8999938964844,418.75,417.5,418.6000061035156,5577
2025-07-21 12:15:00,417.8999938964844,418.75,417.5,418.6000061035156,5577
2025-07-21 13:15:00,418.5,419.0,417.6499938964844,417.8999938964844,6156
2025-07-21 13:15:00,418.5,419.0,417.6499938964844,417.8999938964844,6156
2025-07-21 14:15:00,417.79998779296875,418.1000061035156,417.25,417.45001220703125,17652
2025-07-21 14:15:00,417.79998779296875,418.1000061035156,417.25,417.45001220703125,17652
2025-07-21 15:15:00,417.6499938964844,418.0,417.45001220703125,417.75,6396
2025-07-21 15:15:00,417.6499938964844,418.0,417.45001220703125,417.75,6396
2025-07-22 09:15:00,421.0,421.0,415.70001220703125,417.0,28931
2025-07-22 09:15:00,421.0,421.0,415.70001220703125,417.0,28931
2025-07-22 10:15:00,416.79998779296875,418.0,416.3999938964844,417.75,36620
2025-07-22 10:15:00,416.79998779296875,418.0,416.3999938964844,417.75,36620
2025-07-22 11:15:00,417.5,419.0,416.8500061035156,417.79998779296875,20284
2025-07-22 11:15:00,417.5,419.0,416.8500061035156,417.79998779296875,20284
2025-07-22 12:15:00,418.20001220703125,419.25,417.54998779296875,418.29998779296875,25675
2025-07-22 12:15:00,418.20001220703125,419.25,417.54998779296875,418.29998779296875,25675
2025-07-22 13:15:00,418.29998779296875,418.6499938964844,416.5,416.79998779296875,11296
2025-07-22 13:15:00,418.29998779296875,418.6499938964844,416.5,416.79998779296875,11296
2025-07-22 14:15:00,416.5,418.70001220703125,416.3999938964844,418.0,28940
2025-07-22 14:15:00,416.5,418.70001220703125,416.3999938964844,418.0,28940
2025-07-22 15:15:00,418.04998779296875,419.20001220703125,417.1000061035156,417.1499938964844,40962
2025-07-22 15:15:00,418.04998779296875,419.20001220703125,417.1000061035156,417.1499938964844,40962
2025-07-23 09:15:00,420.0,420.0,415.0,416.5,0
2025-07-23 09:15:00,420.0,420.0,415.0,416.5,0
2025-07-23 10:15:00,416.5,417.0,415.6000061035156,416.25,15057
2025-07-23 10:15:00,416.5,417.0,415.6000061035156,416.25,15057
2025-07-23 11:15:00,416.5,416.5,415.70001220703125,415.70001220703125,17265
2025-07-23 11:15:00,416.5,416.5,415.70001220703125,415.70001220703125,17265
2025-07-23 12:15:00,415.70001220703125,416.0,415.29998779296875,415.3500061035156,14272
2025-07-23 12:15:00,415.70001220703125,416.0,415.29998779296875,415.3500061035156,14272
2025-07-23 13:15:00,415.3500061035156,415.6499938964844,414.79998779296875,415.0,6214
2025-07-23 13:15:00,415.3500061035156,415.6499938964844,414.79998779296875,415.0,6214
2025-07-23 14:15:00,414.79998779296875,419.0,414.5,417.8500061035156,132528
2025-07-23 14:15:00,414.79998779296875,419.0,414.5,417.8500061035156,132528
2025-07-23 15:15:00,417.8999938964844,418.45001220703125,416.54998779296875,418.45001220703125,0
2025-07-23 15:15:00,417.8999938964844,418.45001220703125,416.54998779296875,418.45001220703125,0
2025-07-24 09:15:00,418.70001220703125,418.70001220703125,414.8999938964844,416.6000061035156,46006
2025-07-24 09:15:00,418.70001220703125,418.70001220703125,414.8999938964844,416.6000061035156,46006
2025-07-24 10:15:00,416.6000061035156,416.6000061035156,414.95001220703125,416.1000061035156,56516
2025-07-24 10:15:00,416.6000061035156,416.6000061035156,414.95001220703125,416.1000061035156,56516
2025-07-24 11:15:00,416.20001220703125,417.0,414.79998779296875,415.70001220703125,23024
2025-07-24 11:15:00,416.20001220703125,417.0,414.79998779296875,415.70001220703125,23024
2025-07-24 12:15:00,415.5,422.0,414.79998779296875,421.79998779296875,80743
2025-07-24 12:15:00,415.5,422.0,414.79998779296875,421.79998779296875,80743
2025-07-24 13:15:00,421.6000061035156,424.0,419.70001220703125,421.0,113670
2025-07-24 13:15:00,421.6000061035156,424.0,419.70001220703125,421.0,113670
2025-07-24 14:15:00,420.95001220703125,421.3999938964844,419.6000061035156,420.79998779296875,41443
2025-07-24 14:15:00,420.95001220703125,421.3999938964844,419.6000061035156,420.79998779296875,41443
2025-07-24 15:15:00,420.8999938964844,421.25,419.29998779296875,420.1000061035156,20817
2025-07-24 15:15:00,420.8999938964844,421.25,419.29998779296875,420.1000061035156,20817
2025-07-25 09:15:00,421.3999938964844,422.29998779296875,419.75,422.29998779296875,45042
2025-07-25 09:15:00,421.3999938964844,422.29998779296875,419.75,422.29998779296875,45042
2025-07-25 10:15:00,422.04998779296875,423.79998779296875,420.04998779296875,423.29998779296875,131421
2025-07-25 10:15:00,422.04998779296875,423.79998779296875,420.04998779296875,423.29998779296875,131421
2025-07-25 11:15:00,423.3500061035156,424.6499938964844,421.1499938964844,422.3500061035156,68451
2025-07-25 11:15:00,423.3500061035156,424.6499938964844,421.1499938964844,422.3500061035156,68451
2025-07-25 12:15:00,422.0,422.3500061035156,419.70001220703125,420.3999938964844,20187
2025-07-25 12:15:00,422.0,422.3500061035156,419.70001220703125,420.3999938964844,20187
2025-07-25 13:15:00,420.29998779296875,420.70001220703125,419.25,420.5,11526
2025-07-25 13:15:00,420.29998779296875,420.70001220703125,419.25,420.5,11526
2025-07-25 14:15:00,420.1000061035156,420.1000061035156,417.1499938964844,417.29998779296875,31602
2025-07-25 14:15:00,420.1000061035156,420.1000061035156,417.1499938964844,417.29998779296875,31602
2025-07-25 15:15:00,417.45001220703125,417.5,416.5,417.29998779296875,19443
2025-07-25 15:15:00,417.45001220703125,417.5,416.5,417.29998779296875,19443
2025-07-28 09:15:00,421.0,421.0,413.20001220703125,416.04998779296875,0
2025-07-28 09:15:00,421.0,421.0,413.20001220703125,416.04998779296875,0
2025-07-28 10:15:00,415.6499938964844,416.45001220703125,413.79998779296875,414.5,31373
2025-07-28 10:15:00,415.6499938964844,416.45001220703125,413.79998779296875,414.5,31373
2025-07-28 11:15:00,414.0,414.3500061035156,412.25,413.5,17008
2025-07-28 11:15:00,414.0,414.3500061035156,412.25,413.5,17008
2025-07-28 12:15:00,413.79998779296875,414.3999938964844,411.0,411.8999938964844,34139
2025-07-28 12:15:00,413.79998779296875,414.3999938964844,411.0,411.8999938964844,34139
2025-07-28 13:15:00,411.95001220703125,412.3999938964844,410.25,410.5,26113
2025-07-28 13:15:00,411.95001220703125,412.3999938964844,410.25,410.5,26113
2025-07-28 14:15:00,411.20001220703125,414.95001220703125,410.3999938964844,413.75,36362
2025-07-28 14:15:00,411.20001220703125,414.95001220703125,410.3999938964844,413.75,36362
2025-07-28 15:15:00,413.6000061035156,414.0,411.6000061035156,411.6000061035156,13586
2025-07-28 15:15:00,413.6000061035156,414.0,411.6000061035156,411.6000061035156,13586
2025-07-29 09:15:00,415.1000061035156,415.75,408.54998779296875,410.29998779296875,0
2025-07-29 09:15:00,415.1000061035156,415.75,408.54998779296875,410.29998779296875,0
2025-07-29 10:15:00,410.20001220703125,411.75,408.04998779296875,411.75,27879
2025-07-29 10:15:00,410.20001220703125,411.75,408.04998779296875,411.75,27879
2025-07-29 11:15:00,412.0,417.1499938964844,412.0,413.45001220703125,167822
2025-07-29 11:15:00,412.0,417.1499938964844,412.0,413.45001220703125,167822
2025-07-29 12:15:00,413.25,414.79998779296875,412.95001220703125,414.1000061035156,11275
2025-07-29 12:15:00,413.25,414.79998779296875,412.95001220703125,414.1000061035156,11275
2025-07-29 13:15:00,414.0,414.8500061035156,413.1000061035156,414.04998779296875,11956
2025-07-29 13:15:00,414.0,414.8500061035156,413.1000061035156,414.04998779296875,11956
2025-07-29 14:15:00,414.29998779296875,419.20001220703125,413.8999938964844,418.1000061035156,54531
2025-07-29 14:15:00,414.29998779296875,419.20001220703125,413.8999938964844,418.1000061035156,54531
2025-07-29 15:15:00,418.0,419.20001220703125,417.0,418.20001220703125,0
2025-07-29 15:15:00,418.0,419.20001220703125,417.0,418.20001220703125,0
2025-07-30 09:15:00,420.3999938964844,422.6499938964844,419.0,420.3999938964844,70536
2025-07-30 09:15:00,420.3999938964844,422.6499938964844,419.0,420.3999938964844,70536
2025-07-30 10:15:00,420.1499938964844,423.0,419.5,422.5,57595
2025-07-30 10:15:00,420.1499938964844,423.0,419.5,422.5,57595
2025-07-30 11:15:00,422.79998779296875,427.95001220703125,421.75,427.95001220703125,286676
2025-07-30 11:15:00,422.79998779296875,427.95001220703125,421.75,427.95001220703125,286676
2025-07-30 12:15:00,428.0,435.5,427.70001220703125,433.20001220703125,391019
2025-07-30 12:15:00,428.0,435.5,427.70001220703125,433.20001220703125,391019
2025-07-30 13:15:00,433.20001220703125,433.6000061035156,431.3500061035156,432.0,86236
2025-07-30 13:15:00,433.20001220703125,433.6000061035156,431.3500061035156,432.0,86236
2025-07-30 14:15:00,431.5,432.79998779296875,430.1499938964844,431.1000061035156,102586
2025-07-30 14:15:00,431.5,432.79998779296875,430.1499938964844,431.1000061035156,102586
2025-07-30 15:15:00,431.1000061035156,431.54998779296875,426.8500061035156,428.8999938964844,211701
2025-07-30 15:15:00,431.1000061035156,431.54998779296875,426.8500061035156,428.8999938964844,211701
2025-07-31 09:15:00,431.70001220703125,432.25,423.3500061035156,430.3999938964844,145537
2025-07-31 09:15:00,431.70001220703125,432.25,423.3500061035156,430.3999938964844,145537
2025-07-31 10:15:00,430.29998779296875,433.0,430.20001220703125,432.6499938964844,113772
2025-07-31 10:15:00,430.29998779296875,433.0,430.20001220703125,432.6499938964844,113772
2025-07-31 11:15:00,432.8500061035156,433.0,431.0,431.20001220703125,18805
2025-07-31 11:15:00,432.8500061035156,433.0,431.0,431.20001220703125,18805
2025-07-31 12:15:00,431.29998779296875,431.54998779296875,429.29998779296875,430.25,25643
2025-07-31 12:15:00,431.29998779296875,431.54998779296875,429.29998779296875,430.25,25643
2025-07-31 13:15:00,430.20001220703125,431.8999938964844,429.8999938964844,431.8999938964844,13912
2025-07-31 13:15:00,430.20001220703125,431.8999938964844,429.8999938964844,431.8999938964844,13912
2025-07-31 14:15:00,431.8999938964844,437.70001220703125,431.0,434.6000061035156,194370
2025-07-31 14:15:00,431.8999938964844,437.70001220703125,431.0,434.6000061035156,194370
2025-07-31 15:15:00,434.8500061035156,435.0,433.1499938964844,433.1499938964844,30328
2025-07-31 15:15:00,434.8500061035156,435.0,433.1499938964844,433.1499938964844,30328
2025-08-01 09:15:00,438.0,439.95001220703125,436.6000061035156,438.3500061035156,0
2025-08-01 09:15:00,438.0,439.95001220703125,436.6000061035156,438.3500061035156,0
2025-08-01 10:15:00,438.20001220703125,438.8999938964844,437.45001220703125,438.0,11313
2025-08-01 10:15:00,438.20001220703125,438.8999938964844,437.45001220703125,438.0,11313
2025-08-01 11:15:00,437.79998779296875,439.0,437.0,438.3999938964844,97960
2025-08-01 11:15:00,437.79998779296875,439.0,437.0,438.3999938964844,97960
2025-08-01 12:15:00,438.3999938964844,438.70001220703125,437.54998779296875,438.20001220703125,29058
2025-08-01 12:15:00,438.3999938964844,438.70001220703125,437.54998779296875,438.20001220703125,29058
2025-08-01 13:15:00,438.1499938964844,438.29998779296875,437.04998779296875,437.75,33518
2025-08-01 13:15:00,438.1499938964844,438.29998779296875,437.04998779296875,437.75,33518
2025-08-01 14:15:00,437.45001220703125,438.04998779296875,433.1499938964844,434.6499938964844,65334
2025-08-01 14:15:00,437.45001220703125,438.04998779296875,433.1499938964844,434.6499938964844,65334
2025-08-01 15:15:00,435.5,435.5,433.29998779296875,434.54998779296875,45520
2025-08-01 15:15:00,435.5,435.5,433.29998779296875,434.54998779296875,45520
2025-08-04 09:15:00,447.79998779296875,450.0,432.70001220703125,443.45001220703125,431346
2025-08-04 09:15:00,447.79998779296875,450.0,432.70001220703125,443.45001220703125,431346
2025-08-04 10:15:00,443.25,443.25,431.79998779296875,437.04998779296875,221063
2025-08-04 10:15:00,443.25,443.25,431.79998779296875,437.04998779296875,221063
2025-08-04 11:15:00,437.5,439.8999938964844,436.5,437.79998779296875,66088
2025-08-04 11:15:00,437.5,439.8999938964844,436.5,437.79998779296875,66088
2025-08-04 12:15:00,438.0,441.8500061035156,438.0,441.5,95305
2025-08-04 12:15:00,438.0,441.8500061035156,438.0,441.5,95305
2025-08-04 13:15:00,441.6000061035156,443.6499938964844,441.3999938964844,442.0,59230
2025-08-04 13:15:00,441.6000061035156,443.6499938964844,441.3999938964844,442.0,59230
2025-08-04 14:15:00,441.6499938964844,443.6000061035156,440.0,440.8999938964844,62973
2025-08-04 14:15:00,441.6499938964844,443.6000061035156,440.0,440.8999938964844,62973
2025-08-04 15:15:00,441.75,443.0,440.3999938964844,440.5,83342
2025-08-04 15:15:00,441.75,443.0,440.3999938964844,440.5,83342
2025-08-05 09:15:00,445.8999938964844,454.95001220703125,444.6499938964844,453.70001220703125,802704
2025-08-05 09:15:00,445.8999938964844,454.95001220703125,444.6499938964844,453.70001220703125,802704
2025-08-05 10:15:00,453.8999938964844,456.20001220703125,450.3999938964844,452.20001220703125,411944
2025-08-05 10:15:00,453.8999938964844,456.20001220703125,450.3999938964844,452.20001220703125,411944
2025-08-05 11:15:00,452.20001220703125,453.75,448.25,450.0,101249
2025-08-05 11:15:00,452.20001220703125,453.75,448.25,450.0,101249
2025-08-05 12:15:00,450.0,450.3500061035156,447.6000061035156,449.5,59886
2025-08-05 12:15:00,450.0,450.3500061035156,447.6000061035156,449.5,59886
2025-08-05 13:15:00,449.29998779296875,450.3500061035156,448.1499938964844,450.25,53043
2025-08-05 13:15:00,449.29998779296875,450.3500061035156,448.1499938964844,450.25,53043
2025-08-05 14:15:00,450.1000061035156,451.95001220703125,446.6000061035156,448.1499938964844,159387
2025-08-05 14:15:00,450.1000061035156,451.95001220703125,446.6000061035156,448.1499938964844,159387
2025-08-05 15:15:00,448.25,448.6000061035156,447.20001220703125,447.6000061035156,65856
2025-08-05 15:15:00,448.25,448.6000061035156,447.20001220703125,447.6000061035156,65856
2025-08-06 09:15:00,451.79998779296875,452.0,443.1000061035156,445.5,0
2025-08-06 09:15:00,451.79998779296875,452.0,443.1000061035156,445.5,0
2025-08-06 10:15:00,445.5,448.0,444.1499938964844,444.29998779296875,94956
2025-08-06 10:15:00,445.5,448.0,444.1499938964844,444.29998779296875,94956
2025-08-06 11:15:00,444.3500061035156,444.3500061035156,438.0,441.75,61322
2025-08-06 11:15:00,444.3500061035156,444.3500061035156,438.0,441.75,61322
2025-08-06 12:15:00,441.75,442.3999938964844,440.5,442.0,18373
2025-08-06 12:15:00,441.75,442.3999938964844,440.5,442.0,18373
2025-08-06 13:15:00,441.8500061035156,442.5,440.8999938964844,441.1000061035156,24540
2025-08-06 13:15:00,441.8500061035156,442.5,440.8999938964844,441.1000061035156,24540
2025-08-06 14:15:00,440.8999938964844,443.0,439.6499938964844,441.6000061035156,52786
2025-08-06 14:15:00,440.8999938964844,443.0,439.6499938964844,441.6000061035156,52786
2025-08-06 15:15:00,441.5,442.75,440.0,441.6499938964844,130820
2025-08-06 15:15:00,441.5,442.75,440.0,441.6499938964844,130820
2025-08-07 09:15:00,443.0,443.0,434.6499938964844,435.04998779296875,0
2025-08-07 09:15:00,443.0,443.0,434.6499938964844,435.04998779296875,0
2025-08-07 10:15:00,435.6499938964844,436.5,434.0,434.5,36383
2025-08-07 10:15:00,435.6499938964844,436.5,434.0,434.5,36383
2025-08-07 11:15:00,434.5,437.75,433.1499938964844,435.29998779296875,76938
2025-08-07 11:15:00,434.5,437.75,433.1499938964844,435.29998779296875,76938
2025-08-07 12:15:00,435.3999938964844,436.25,433.95001220703125,434.0,20542
2025-08-07 12:15:00,435.3999938964844,436.25,433.95001220703125,434.0,20542
2025-08-07 13:15:00,434.0,437.79998779296875,431.0,437.29998779296875,101368
2025-08-07 13:15:00,434.0,437.79998779296875,431.0,437.29998779296875,101368
2025-08-07 14:15:00,437.5,445.0,437.45001220703125,443.5,152878
2025-08-07 14:15:00,437.5,445.0,437.45001220703125,443.5,152878
2025-08-07 15:15:00,443.3999938964844,444.25,442.3999938964844,443.0,15871
2025-08-07 15:15:00,443.3999938964844,444.25,442.3999938964844,443.0,15871
2025-08-08 09:15:00,449.3500061035156,452.0,446.0,452.0,131442
2025-08-08 09:15:00,449.3500061035156,452.0,446.0,452.0,131442
2025-08-08 10:15:00,452.0,453.6000061035156,448.70001220703125,451.0,188798
2025-08-08 10:15:00,452.0,453.6000061035156,448.70001220703125,451.0,188798
2025-08-08 11:15:00,450.70001220703125,454.45001220703125,449.45001220703125,454.1499938964844,113701
2025-08-08 11:15:00,450.70001220703125,454.45001220703125,449.45001220703125,454.1499938964844,113701
2025-08-08 12:15:00,454.20001220703125,460.29998779296875,453.8999938964844,459.79998779296875,279395
2025-08-08 12:15:00,454.20001220703125,460.29998779296875,453.8999938964844,459.79998779296875,279395
2025-08-08 13:15:00,460.20001220703125,461.0,456.6499938964844,458.29998779296875,160488
2025-08-08 13:15:00,460.20001220703125,461.0,456.6499938964844,458.29998779296875,160488
2025-08-08 14:15:00,458.0,459.75,451.8500061035156,452.20001220703125,149239
2025-08-08 14:15:00,458.0,459.75,451.8500061035156,452.20001220703125,149239
2025-08-08 15:15:00,452.54998779296875,453.0,450.20001220703125,451.0,51529
2025-08-08 15:15:00,452.54998779296875,453.0,450.20001220703125,451.0,51529
2025-08-11 09:15:00,460.8500061035156,461.0,451.45001220703125,458.0,0
2025-08-11 09:15:00,460.8500061035156,461.0,451.45001220703125,458.0,0
2025-08-11 10:15:00,458.25,464.54998779296875,458.0,463.3999938964844,199068
2025-08-11 10:15:00,458.25,464.54998779296875,458.0,463.3999938964844,199068
2025-08-11 11:15:00,463.0,465.95001220703125,462.29998779296875,465.29998779296875,104505
2025-08-11 11:15:00,463.0,465.95001220703125,462.29998779296875,465.29998779296875,104505
2025-08-11 12:15:00,465.5,468.3999938964844,465.0,465.8999938964844,132705
2025-08-11 12:15:00,465.5,468.3999938964844,465.0,465.8999938964844,132705
2025-08-11 13:15:00,465.5,467.29998779296875,462.8999938964844,463.54998779296875,100236
2025-08-11 13:15:00,465.5,467.29998779296875,462.8999938964844,463.54998779296875,100236
2025-08-11 14:15:00,463.70001220703125,463.70001220703125,457.0,458.6000061035156,150652
2025-08-11 14:15:00,463.70001220703125,463.70001220703125,457.0,458.6000061035156,150652
2025-08-11 15:15:00,458.54998779296875,459.20001220703125,457.0,457.0,48017
2025-08-11 15:15:00,458.54998779296875,459.20001220703125,457.0,457.0,48017
2025-08-12 09:15:00,462.29998779296875,463.20001220703125,457.54998779296875,462.70001220703125,117204
2025-08-12 09:15:00,462.29998779296875,463.20001220703125,457.54998779296875,462.70001220703125,117204
2025-08-12 10:15:00,462.70001220703125,465.0,461.8999938964844,463.5,61066
2025-08-12 10:15:00,462.70001220703125,465.0,461.8999938964844,463.5,61066
2025-08-12 11:15:00,463.95001220703125,466.0,461.6499938964844,464.54998779296875,395071
2025-08-12 11:15:00,463.95001220703125,466.0,461.6499938964844,464.54998779296875,395071
2025-08-12 12:15:00,464.70001220703125,464.70001220703125,460.3500061035156,462.8500061035156,262733
2025-08-12 12:15:00,464.70001220703125,464.70001220703125,460.3500061035156,462.8500061035156,262733
2025-08-12 13:15:00,462.6499938964844,463.0,462.04998779296875,462.3500061035156,16097
2025-08-12 13:15:00,462.6499938964844,463.0,462.04998779296875,462.3500061035156,16097
2025-08-12 14:15:00,462.20001220703125,464.0,461.45001220703125,464.0,233925
2025-08-12 14:15:00,462.20001220703125,464.0,461.45001220703125,464.0,233925
2025-08-12 15:15:00,463.8500061035156,464.75,459.20001220703125,460.8999938964844,135485
2025-08-12 15:15:00,463.8500061035156,464.75,459.20001220703125,460.8999938964844,135485
2025-08-13 09:15:00,463.8999938964844,465.3999938964844,461.6000061035156,463.0,66190
2025-08-13 09:15:00,463.8999938964844,465.3999938964844,461.6000061035156,463.0,66190
2025-08-13 10:15:00,463.0,470.25,462.0,470.20001220703125,99506
2025-08-13 10:15:00,463.0,470.25,462.0,470.20001220703125,99506
2025-08-13 11:15:00,470.25,470.29998779296875,463.8500061035156,464.8500061035156,152627
2025-08-13 11:15:00,470.25,470.29998779296875,463.8500061035156,464.8500061035156,152627
2025-08-13 12:15:00,464.6000061035156,466.0,464.5,465.75,13619
2025-08-13 12:15:00,464.6000061035156,466.0,464.5,465.75,13619
2025-08-13 13:15:00,465.75,466.0,464.95001220703125,465.1499938964844,14898
2025-08-13 13:15:00,465.75,466.0,464.95001220703125,465.1499938964844,14898
2025-08-13 14:15:00,464.8999938964844,466.8500061035156,464.1000061035156,464.79998779296875,41650
2025-08-13 14:15:00,464.8999938964844,466.8500061035156,464.1000061035156,464.79998779296875,41650
2025-08-13 15:15:00,465.0,465.45001220703125,463.20001220703125,465.0,33335
2025-08-13 15:15:00,465.0,465.45001220703125,463.20001220703125,465.0,33335
2025-08-14 09:15:00,467.0,470.8999938964844,465.45001220703125,468.0,103116
2025-08-14 09:15:00,467.0,470.8999938964844,465.45001220703125,468.0,103116
2025-08-14 10:15:00,467.95001220703125,469.8999938964844,466.04998779296875,466.5,128218
2025-08-14 10:15:00,467.95001220703125,469.8999938964844,466.04998779296875,466.5,128218
2025-08-14 11:15:00,467.20001220703125,468.29998779296875,464.5,465.6000061035156,129006
2025-08-14 11:15:00,467.20001220703125,468.29998779296875,464.5,465.6000061035156,129006
2025-08-14 12:15:00,465.25,465.75,464.0,465.20001220703125,19005
2025-08-14 12:15:00,465.25,465.75,464.0,465.20001220703125,19005
2025-08-14 13:15:00,465.5,465.79998779296875,464.25,465.0,15776
2025-08-14 13:15:00,465.5,465.79998779296875,464.25,465.0,15776
2025-08-14 14:15:00,464.6000061035156,466.3500061035156,464.0,465.04998779296875,30864
2025-08-14 14:15:00,464.6000061035156,466.3500061035156,464.0,465.04998779296875,30864
2025-08-14 15:15:00,465.45001220703125,465.45001220703125,463.5,464.5,66360
2025-08-14 15:15:00,465.45001220703125,465.45001220703125,463.5,464.5,66360
2025-08-18 09:15:00,471.3999938964844,472.5,464.3500061035156,470.1000061035156,0
2025-08-18 09:15:00,471.3999938964844,472.5,464.3500061035156,470.1000061035156,0
2025-08-18 10:15:00,470.1499938964844,471.0,466.8500061035156,468.3999938964844,70741
2025-08-18 10:15:00,470.1499938964844,471.0,466.8500061035156,468.3999938964844,70741
2025-08-18 11:15:00,468.5,470.0,468.3500061035156,469.3500061035156,321329
2025-08-18 11:15:00,468.5,470.0,468.3500061035156,469.3500061035156,321329
2025-08-18 12:15:00,469.29998779296875,469.8999938964844,468.70001220703125,469.6000061035156,86770
2025-08-18 12:15:00,469.29998779296875,469.8999938964844,468.70001220703125,469.6000061035156,86770
2025-08-18 13:15:00,469.6000061035156,469.79998779296875,468.1000061035156,469.1499938964844,107868
2025-08-18 13:15:00,469.6000061035156,469.79998779296875,468.1000061035156,469.1499938964844,107868
2025-08-18 14:15:00,469.1499938964844,470.0,466.8999938964844,469.54998779296875,201995
2025-08-18 14:15:00,469.1499938964844,470.0,466.8999938964844,469.54998779296875,201995
2025-08-18 15:15:00,469.3500061035156,470.25,468.20001220703125,468.5,176783
2025-08-18 15:15:00,469.3500061035156,470.25,468.20001220703125,468.5,176783
2025-08-19 09:15:00,471.5,473.3500061035156,468.6499938964844,469.3999938964844,69885
2025-08-19 09:15:00,471.5,473.3500061035156,468.6499938964844,469.3999938964844,69885
2025-08-19 10:15:00,469.1000061035156,470.0,465.29998779296875,466.0,72458
2025-08-19 10:15:00,469.1000061035156,470.0,465.29998779296875,466.0,72458
2025-08-19 11:15:00,466.0,467.6000061035156,465.25,467.54998779296875,23260
2025-08-19 11:15:00,466.0,467.6000061035156,465.25,467.54998779296875,23260
2025-08-19 12:15:00,467.6499938964844,467.6499938964844,466.1000061035156,467.20001220703125,14293
2025-08-19 12:15:00,467.6499938964844,467.6499938964844,466.1000061035156,467.20001220703125,14293
2025-08-19 13:15:00,466.95001220703125,467.3999938964844,460.20001220703125,460.8999938964844,102873
2025-08-19 13:15:00,466.95001220703125,467.3999938964844,460.20001220703125,460.8999938964844,102873
2025-08-19 14:15:00,460.70001220703125,464.8500061035156,460.1499938964844,463.95001220703125,77659
2025-08-19 14:15:00,460.70001220703125,464.8500061035156,460.1499938964844,463.95001220703125,77659
2025-08-19 15:15:00,463.8999938964844,465.04998779296875,463.29998779296875,463.29998779296875,100964
2025-08-19 15:15:00,463.8999938964844,465.04998779296875,463.29998779296875,463.29998779296875,100964
2025-08-20 09:15:00,465.79998779296875,465.79998779296875,449.04998779296875,453.5,164078
2025-08-20 09:15:00,465.79998779296875,465.79998779296875,449.04998779296875,453.5,164078
2025-08-20 10:15:00,453.5,454.8999938964844,449.0,450.3500061035156,129460
2025-08-20 10:15:00,453.5,454.8999938964844,449.0,450.3500061035156,129460
2025-08-20 11:15:00,450.3500061035156,456.3999938964844,450.04998779296875,453.29998779296875,58906
2025-08-20 11:15:00,450.3500061035156,456.3999938964844,450.04998779296875,453.29998779296875,58906
2025-08-20 12:15:00,453.8999938964844,454.1499938964844,451.29998779296875,452.3999938964844,19904
2025-08-20 12:15:00,453.8999938964844,454.1499938964844,451.29998779296875,452.3999938964844,19904
2025-08-20 13:15:00,452.3999938964844,453.0,451.20001220703125,452.04998779296875,20802
2025-08-20 13:15:00,452.3999938964844,453.0,451.20001220703125,452.04998779296875,20802
2025-08-20 14:15:00,452.29998779296875,452.3500061035156,447.25,448.25,57667
2025-08-20 14:15:00,452.29998779296875,452.3500061035156,447.25,448.25,57667
2025-08-20 15:15:00,448.25,450.0,448.20001220703125,449.20001220703125,38630
2025-08-20 15:15:00,448.25,450.0,448.20001220703125,449.20001220703125,38630
2025-08-21 09:15:00,451.3999938964844,453.75,446.8999938964844,450.6000061035156,0
2025-08-21 09:15:00,451.3999938964844,453.75,446.8999938964844,450.6000061035156,0
2025-08-21 10:15:00,450.6499938964844,451.0,448.6000061035156,449.95001220703125,15148
2025-08-21 10:15:00,450.6499938964844,451.0,448.6000061035156,449.95001220703125,15148
2025-08-21 11:15:00,449.95001220703125,450.0,448.0,449.5,17127
2025-08-21 11:15:00,449.95001220703125,450.0,448.0,449.5,17127
2025-08-21 12:15:00,449.45001220703125,451.70001220703125,447.79998779296875,450.75,16610
2025-08-21 12:15:00,449.45001220703125,451.70001220703125,447.79998779296875,450.75,16610
2025-08-21 13:15:00,450.75,451.1000061035156,448.45001220703125,450.8999938964844,62160
2025-08-21 13:15:00,450.75,451.1000061035156,448.45001220703125,450.8999938964844,62160
2025-08-21 14:15:00,450.75,455.6499938964844,450.6000061035156,453.3999938964844,107075
2025-08-21 14:15:00,450.75,455.6499938964844,450.6000061035156,453.3999938964844,107075
2025-08-21 15:15:00,453.1000061035156,455.0,453.1000061035156,454.0,27707
2025-08-21 15:15:00,453.1000061035156,455.0,453.1000061035156,454.0,27707
2025-08-22 09:15:00,458.1000061035156,463.75,457.25,463.3500061035156,129271
2025-08-22 09:15:00,458.1000061035156,463.75,457.25,463.3500061035156,129271
2025-08-22 10:15:00,463.45001220703125,467.0,462.95001220703125,464.1000061035156,118474
2025-08-22 10:15:00,463.45001220703125,467.0,462.95001220703125,464.1000061035156,118474
2025-08-22 11:15:00,464.3999938964844,465.45001220703125,463.3999938964844,463.95001220703125,35422
2025-08-22 11:15:00,464.3999938964844,465.45001220703125,463.3999938964844,463.95001220703125,35422
2025-08-22 12:15:00,464.20001220703125,464.8500061035156,463.75,463.75,13046
2025-08-22 12:15:00,464.20001220703125,464.8500061035156,463.75,463.75,13046
2025-08-22 13:15:00,464.0,464.75,462.8500061035156,463.54998779296875,13063
2025-08-22 13:15:00,464.0,464.75,462.8500061035156,463.54998779296875,13063
2025-08-22 14:15:00,463.5,463.5,458.3500061035156,459.0,52214
2025-08-22 14:15:00,463.5,463.5,458.3500061035156,459.0,52214
2025-08-22 15:15:00,459.0,459.3999938964844,457.04998779296875,458.79998779296875,55840
2025-08-22 15:15:00,459.0,459.3999938964844,457.04998779296875,458.79998779296875,55840
2025-08-25 09:15:00,466.0,466.0,449.8999938964844,449.8999938964844,0
2025-08-25 09:15:00,466.0,466.0,449.8999938964844,449.8999938964844,0
2025-08-25 10:15:00,450.20001220703125,460.6000061035156,450.20001220703125,458.45001220703125,65284
2025-08-25 10:15:00,450.20001220703125,460.6000061035156,450.20001220703125,458.45001220703125,65284
2025-08-25 11:15:00,458.45001220703125,458.95001220703125,454.79998779296875,455.5,23772
2025-08-25 11:15:00,458.45001220703125,458.95001220703125,454.79998779296875,455.5,23772
2025-08-25 12:15:00,455.0,456.8500061035156,454.54998779296875,456.0,9099
2025-08-25 12:15:00,455.0,456.8500061035156,454.54998779296875,456.0,9099
2025-08-25 13:15:00,455.70001220703125,459.8999938964844,455.3500061035156,457.75,22288
2025-08-25 13:15:00,455.70001220703125,459.8999938964844,455.3500061035156,457.75,22288
2025-08-25 14:15:00,457.8500061035156,459.1000061035156,456.3999938964844,456.45001220703125,9033
2025-08-25 14:15:00,457.8500061035156,459.1000061035156,456.3999938964844,456.45001220703125,9033
2025-08-25 15:15:00,456.0,457.20001220703125,454.3999938964844,454.3999938964844,12206
2025-08-25 15:15:00,456.0,457.20001220703125,454.3999938964844,454.3999938964844,12206
2025-08-26 09:15:00,458.29998779296875,461.3999938964844,453.79998779296875,459.6000061035156,0
2025-08-26 09:15:00,458.29998779296875,461.3999938964844,453.79998779296875,459.6000061035156,0
2025-08-26 10:15:00,459.6000061035156,459.6000061035156,454.0,455.6000061035156,41982
2025-08-26 10:15:00,459.6000061035156,459.6000061035156,454.0,455.6000061035156,41982
2025-08-26 11:15:00,455.6000061035156,455.95001220703125,453.70001220703125,454.8500061035156,31917
2025-08-26 11:15:00,455.6000061035156,455.95001220703125,453.70001220703125,454.8500061035156,31917
2025-08-26 12:15:00,455.20001220703125,455.95001220703125,454.1000061035156,455.3500061035156,10450
2025-08-26 12:15:00,455.20001220703125,455.95001220703125,454.1000061035156,455.3500061035156,10450
2025-08-26 13:15:00,455.3500061035156,457.5,454.79998779296875,456.1000061035156,18002
2025-08-26 13:15:00,455.3500061035156,457.5,454.79998779296875,456.1000061035156,18002
2025-08-26 14:15:00,456.1000061035156,457.29998779296875,454.8999938964844,456.04998779296875,80910
2025-08-26 14:15:00,456.1000061035156,457.29998779296875,454.8999938964844,456.04998779296875,80910
2025-08-26 15:15:00,456.04998779296875,456.95001220703125,455.6000061035156,455.6000061035156,23925
2025-08-26 15:15:00,456.04998779296875,456.95001220703125,455.6000061035156,455.6000061035156,23925
2025-08-28 09:15:00,461.0,461.1499938964844,452.04998779296875,456.54998779296875,0
2025-08-28 09:15:00,461.0,461.1499938964844,452.04998779296875,456.54998779296875,0
2025-08-28 10:15:00,456.54998779296875,458.6000061035156,455.6000061035156,456.70001220703125,20543
2025-08-28 10:15:00,456.54998779296875,458.6000061035156,455.6000061035156,456.70001220703125,20543
2025-08-28 11:15:00,456.3999938964844,457.29998779296875,455.8999938964844,456.75,8777
2025-08-28 11:15:00,456.3999938964844,457.29998779296875,455.8999938964844,456.75,8777
2025-08-28 12:15:00,456.70001220703125,457.25,454.95001220703125,455.70001220703125,33028
2025-08-28 12:15:00,456.70001220703125,457.25,454.95001220703125,455.70001220703125,33028
2025-08-28 13:15:00,455.70001220703125,455.95001220703125,453.04998779296875,453.6000061035156,18707
2025-08-28 13:15:00,455.70001220703125,455.95001220703125,453.04998779296875,453.6000061035156,18707
2025-08-28 14:15:00,453.6000061035156,454.0,450.3999938964844,450.79998779296875,38760
2025-08-28 14:15:00,453.6000061035156,454.0,450.3999938964844,450.79998779296875,38760
2025-08-28 15:15:00,450.79998779296875,452.0,450.0,451.8999938964844,57148
2025-08-28 15:15:00,450.79998779296875,452.0,450.0,451.8999938964844,57148
2025-08-29 09:15:00,459.6499938964844,459.6499938964844,454.1000061035156,455.6499938964844,43152
2025-08-29 09:15:00,459.6499938964844,459.6499938964844,454.1000061035156,455.6499938964844,43152
2025-08-29 10:15:00,455.6499938964844,459.0,455.45001220703125,458.6000061035156,34233
2025-08-29 10:15:00,455.6499938964844,459.0,455.45001220703125,458.6000061035156,34233
2025-08-29 11:15:00,458.70001220703125,458.70001220703125,456.20001220703125,456.29998779296875,7741
2025-08-29 11:15:00,458.70001220703125,458.70001220703125,456.20001220703125,456.29998779296875,7741
2025-08-29 12:15:00,456.29998779296875,457.0,454.79998779296875,455.3999938964844,49565
2025-08-29 12:15:00,456.29998779296875,457.0,454.79998779296875,455.3999938964844,49565
2025-08-29 13:15:00,455.3500061035156,459.70001220703125,455.3500061035156,459.25,56583
2025-08-29 13:15:00,455.3500061035156,459.70001220703125,455.3500061035156,459.25,56583
2025-08-29 14:15:00,459.70001220703125,464.0,459.70001220703125,463.1499938964844,110178
2025-08-29 14:15:00,459.70001220703125,464.0,459.70001220703125,463.1499938964844,110178
2025-08-29 15:15:00,462.8500061035156,463.0,461.29998779296875,462.20001220703125,34241
2025-08-29 15:15:00,462.8500061035156,463.0,461.29998779296875,462.20001220703125,34241
2025-09-01 09:15:00,467.0,469.5,463.1000061035156,465.70001220703125,0
2025-09-01 09:15:00,467.0,469.5,463.1000061035156,465.70001220703125,0
2025-09-01 10:15:00,465.6499938964844,469.8500061035156,465.3500061035156,468.3999938964844,105940
2025-09-01 10:15:00,465.6499938964844,469.8500061035156,465.3500061035156,468.3999938964844,105940
2025-09-01 11:15:00,468.70001220703125,470.6000061035156,466.8999938964844,470.6000061035156,77744
2025-09-01 11:15:00,468.70001220703125,470.6000061035156,466.8999938964844,470.6000061035156,77744
2025-09-01 12:15:00,470.6000061035156,474.0,470.3999938964844,472.6000061035156,165554
2025-09-01 12:15:00,470.6000061035156,474.0,470.3999938964844,472.6000061035156,165554
2025-09-01 13:15:00,472.6000061035156,473.79998779296875,471.29998779296875,473.6499938964844,46395
2025-09-01 13:15:00,472.6000061035156,473.79998779296875,471.29998779296875,473.6499938964844,46395
2025-09-01 14:15:00,473.3500061035156,473.79998779296875,467.1499938964844,467.6000061035156,123877
2025-09-01 14:15:00,473.3500061035156,473.79998779296875,467.1499938964844,467.6000061035156,123877
2025-09-01 15:15:00,468.0,468.25,467.29998779296875,468.25,37120
2025-09-01 15:15:00,468.0,468.25,467.29998779296875,468.25,37120
2025-09-02 09:15:00,472.6499938964844,476.0,471.1499938964844,473.54998779296875,0
2025-09-02 09:15:00,472.6499938964844,476.0,471.1499938964844,473.54998779296875,0
2025-09-02 10:15:00,473.54998779296875,474.3999938964844,469.29998779296875,469.5,57886
2025-09-02 10:15:00,473.54998779296875,474.3999938964844,469.29998779296875,469.5,57886
2025-09-02 11:15:00,469.5,469.75,466.1000061035156,467.25,34113
2025-09-02 11:15:00,469.5,469.75,466.1000061035156,467.25,34113
2025-09-02 12:15:00,467.1499938964844,467.75,466.20001220703125,467.1000061035156,94314
2025-09-02 12:15:00,467.1499938964844,467.75,466.20001220703125,467.1000061035156,94314
2025-09-02 13:15:00,467.3500061035156,467.3999938964844,463.04998779296875,463.54998779296875,74965
2025-09-02 13:15:00,467.3500061035156,467.3999938964844,463.04998779296875,463.54998779296875,74965
2025-09-02 14:15:00,463.8999938964844,465.8999938964844,463.0,464.0,168652
2025-09-02 14:15:00,463.8999938964844,465.8999938964844,463.0,464.0,168652
2025-09-02 15:15:00,463.95001220703125,465.0,463.6000061035156,464.6000061035156,0
2025-09-02 15:15:00,463.95001220703125,465.0,463.6000061035156,464.6000061035156,0
2025-09-03 09:15:00,468.70001220703125,468.70001220703125,462.1000061035156,464.29998779296875,37976
2025-09-03 09:15:00,468.70001220703125,468.70001220703125,462.1000061035156,464.29998779296875,37976
2025-09-03 10:15:00,464.29998779296875,469.20001220703125,464.29998779296875,468.8500061035156,18503
2025-09-03 10:15:00,464.29998779296875,469.20001220703125,464.29998779296875,468.8500061035156,18503
2025-09-03 11:15:00,468.5,469.5,464.3999938964844,465.04998779296875,35311
2025-09-03 11:15:00,468.5,469.5,464.3999938964844,465.04998779296875,35311
2025-09-03 12:15:00,465.5,465.8999938964844,463.6000061035156,464.1000061035156,14691
2025-09-03 12:15:00,465.5,465.8999938964844,463.6000061035156,464.1000061035156,14691
2025-09-03 13:15:00,463.8500061035156,464.5,463.0,463.04998779296875,5862
2025-09-03 13:15:00,463.8500061035156,464.5,463.0,463.04998779296875,5862
2025-09-03 14:15:00,463.45001220703125,463.6000061035156,461.5,462.1000061035156,252577
2025-09-03 14:15:00,463.45001220703125,463.6000061035156,461.5,462.1000061035156,252577
2025-09-03 15:15:00,461.95001220703125,462.70001220703125,461.0,462.1000061035156,0
2025-09-03 15:15:00,461.95001220703125,462.70001220703125,461.0,462.1000061035156,0
2025-09-04 09:15:00,463.79998779296875,467.79998779296875,461.0,467.0,155069
2025-09-04 09:15:00,463.79998779296875,467.79998779296875,461.0,467.0,155069
2025-09-04 10:15:00,467.0,468.5,464.6499938964844,464.6499938964844,62740
2025-09-04 10:15:00,467.0,468.5,464.6499938964844,464.6499938964844,62740
2025-09-04 11:15:00,465.0,465.3500061035156,463.70001220703125,464.95001220703125,15280
2025-09-04 11:15:00,465.0,465.3500061035156,463.70001220703125,464.95001220703125,15280
2025-09-04 12:15:00,464.70001220703125,467.0,463.29998779296875,466.70001220703125,52845
2025-09-04 12:15:00,464.70001220703125,467.0,463.29998779296875,466.70001220703125,52845
2025-09-04 13:15:00,466.70001220703125,466.70001220703125,465.1499938964844,465.3500061035156,15080
2025-09-04 13:15:00,466.70001220703125,466.70001220703125,465.1499938964844,465.3500061035156,15080
2025-09-04 14:15:00,465.3500061035156,465.3500061035156,464.04998779296875,464.29998779296875,13235
2025-09-04 14:15:00,465.3500061035156,465.3500061035156,464.04998779296875,464.29998779296875,13235
2025-09-04 15:15:00,464.3999938964844,464.6499938964844,463.04998779296875,463.1000061035156,40028
2025-09-04 15:15:00,464.3999938964844,464.6499938964844,463.04998779296875,463.1000061035156,40028
2025-09-05 09:15:00,468.1499938964844,468.1499938964844,463.0,463.6000061035156,53916
2025-09-05 09:15:00,468.1499938964844,468.1499938964844,463.0,463.6000061035156,53916
2025-09-05 10:15:00,463.3999938964844,465.0,460.79998779296875,465.0,61266
2025-09-05 10:15:00,463.3999938964844,465.0,460.79998779296875,465.0,61266
2025-09-05 11:15:00,465.0,465.70001220703125,464.54998779296875,465.70001220703125,19478
2025-09-05 11:15:00,465.0,465.70001220703125,464.54998779296875,465.70001220703125,19478
2025-09-05 12:15:00,465.70001220703125,466.75,465.1499938964844,466.75,22180
2025-09-05 12:15:00,465.70001220703125,466.75,465.1499938964844,466.75,22180
2025-09-05 13:15:00,466.3500061035156,469.29998779296875,466.3500061035156,468.20001220703125,53995
2025-09-05 13:15:00,466.3500061035156,469.29998779296875,466.3500061035156,468.20001220703125,53995
2025-09-05 14:15:00,468.5,468.70001220703125,467.29998779296875,467.8500061035156,34357
2025-09-05 14:15:00,468.5,468.70001220703125,467.29998779296875,467.8500061035156,34357
2025-09-05 15:15:00,467.8500061035156,468.20001220703125,466.8999938964844,467.75,21328
2025-09-05 15:15:00,467.8500061035156,468.20001220703125,466.8999938964844,467.75,21328
2025-09-08 09:15:00,470.0,471.79998779296875,465.1000061035156,468.29998779296875,0
2025-09-08 09:15:00,470.0,471.79998779296875,465.1000061035156,468.29998779296875,0
2025-09-08 10:15:00,468.29998779296875,468.79998779296875,466.54998779296875,466.95001220703125,17851
2025-09-08 10:15:00,468.29998779296875,468.79998779296875,466.54998779296875,466.95001220703125,17851
2025-09-08 11:15:00,467.1499938964844,467.8500061035156,466.45001220703125,467.5,10585
2025-09-08 11:15:00,467.1499938964844,467.8500061035156,466.45001220703125,467.5,10585
2025-09-08 12:15:00,467.5,467.8500061035156,465.70001220703125,467.5,10038
2025-09-08 12:15:00,467.5,467.8500061035156,465.70001220703125,467.5,10038
2025-09-08 13:15:00,467.29998779296875,467.29998779296875,465.25,465.5,17148
2025-09-08 13:15:00,467.29998779296875,467.29998779296875,465.25,465.5,17148
2025-09-08 14:15:00,465.5,467.20001220703125,464.79998779296875,464.8500061035156,65550
2025-09-08 14:15:00,465.5,467.20001220703125,464.79998779296875,464.8500061035156,65550
2025-09-08 15:15:00,464.8500061035156,465.25,462.3999938964844,465.25,34190
2025-09-08 15:15:00,464.8500061035156,465.25,462.3999938964844,465.25,34190
2025-09-09 09:15:00,470.0,484.75,466.1499938964844,483.04998779296875,184146
2025-09-09 09:15:00,470.0,484.75,466.1499938964844,483.04998779296875,184146
2025-09-09 10:15:00,483.25,488.3999938964844,482.1499938964844,485.5,283012
2025-09-09 10:15:00,483.25,488.3999938964844,482.1499938964844,485.5,283012
2025-09-09 11:15:00,485.5,491.6000061035156,484.6499938964844,490.3999938964844,283727
2025-09-09 11:15:00,485.5,491.6000061035156,484.6499938964844,490.3999938964844,283727
2025-09-09 12:15:00,490.54998779296875,491.0,481.1000061035156,482.0,238340
2025-09-09 12:15:00,490.54998779296875,491.0,481.1000061035156,482.0,238340
2025-09-09 13:15:00,482.0,483.54998779296875,481.25,482.45001220703125,53414
2025-09-09 13:15:00,482.0,483.54998779296875,481.25,482.45001220703125,53414
2025-09-09 14:15:00,481.79998779296875,483.0,480.5,482.0,113279
2025-09-09 14:15:00,481.79998779296875,483.0,480.5,482.0,113279
2025-09-09 15:15:00,482.45001220703125,482.6000061035156,476.95001220703125,481.0,155254
2025-09-09 15:15:00,482.45001220703125,482.6000061035156,476.95001220703125,481.0,155254
2025-09-10 09:15:00,484.29998779296875,485.5,470.54998779296875,470.79998779296875,0
2025-09-10 09:15:00,484.29998779296875,485.5,470.54998779296875,470.79998779296875,0
2025-09-10 10:15:00,470.6499938964844,471.70001220703125,466.1000061035156,466.8999938964844,91402
2025-09-10 10:15:00,470.6499938964844,471.70001220703125,466.1000061035156,466.8999938964844,91402
2025-09-10 11:15:00,466.8500061035156,466.8999938964844,460.3500061035156,460.5,84964
2025-09-10 11:15:00,466.8500061035156,466.8999938964844,460.3500061035156,460.5,84964
2025-09-10 12:15:00,461.0,467.1000061035156,460.25,464.70001220703125,155653
2025-09-10 12:15:00,461.0,467.1000061035156,460.25,464.70001220703125,155653
2025-09-10 13:15:00,464.54998779296875,465.0,460.5,461.1000061035156,43262
2025-09-10 13:15:00,464.54998779296875,465.0,460.5,461.1000061035156,43262
2025-09-10 14:15:00,461.0,463.6499938964844,460.8999938964844,462.3500061035156,44200
2025-09-10 14:15:00,461.0,463.6499938964844,460.8999938964844,462.3500061035156,44200
2025-09-10 15:15:00,462.54998779296875,463.0,460.5,462.45001220703125,130450
2025-09-10 15:15:00,462.54998779296875,463.0,460.5,462.45001220703125,130450
2025-09-11 09:15:00,463.8500061035156,464.45001220703125,439.29998779296875,462.3999938964844,0
2025-09-11 09:15:00,463.8500061035156,464.45001220703125,439.29998779296875,462.3999938964844,0
2025-09-11 10:15:00,462.6000061035156,465.3999938964844,456.20001220703125,456.20001220703125,179807
2025-09-11 10:15:00,462.6000061035156,465.3999938964844,456.20001220703125,456.20001220703125,179807
2025-09-11 11:15:00,456.20001220703125,456.3999938964844,452.79998779296875,452.79998779296875,65179
2025-09-11 11:15:00,456.20001220703125,456.3999938964844,452.79998779296875,452.79998779296875,65179
2025-09-11 12:15:00,452.75,457.0,450.5,456.3500061035156,32178
2025-09-11 12:15:00,452.75,457.0,450.5,456.3500061035156,32178
2025-09-11 13:15:00,456.6000061035156,460.0,456.6000061035156,459.5,45846
2025-09-11 13:15:00,456.6000061035156,460.0,456.6000061035156,459.5,45846
2025-09-11 14:15:00,459.6000061035156,460.95001220703125,458.70001220703125,460.04998779296875,45645
2025-09-11 14:15:00,459.6000061035156,460.95001220703125,458.70001220703125,460.04998779296875,45645
2025-09-11 15:15:00,460.1499938964844,460.6499938964844,458.8999938964844,459.3999938964844,58546
2025-09-11 15:15:00,460.1499938964844,460.6499938964844,458.8999938964844,459.3999938964844,58546
2025-09-12 09:15:00,462.79998779296875,469.3999938964844,460.0,469.0,84696
2025-09-12 09:15:00,462.79998779296875,469.3999938964844,460.0,469.0,84696
2025-09-12 10:15:00,469.3500061035156,470.6000061035156,465.20001220703125,466.6499938964844,76342
2025-09-12 10:15:00,469.3500061035156,470.6000061035156,465.20001220703125,466.6499938964844,76342
2025-09-12 11:15:00,466.45001220703125,469.70001220703125,466.45001220703125,468.5,49408
2025-09-12 11:15:00,466.45001220703125,469.70001220703125,466.45001220703125,468.5,49408
2025-09-12 12:15:00,468.5,468.79998779296875,467.3999938964844,467.3999938964844,19440
2025-09-12 12:15:00,468.5,468.79998779296875,467.3999938964844,467.3999938964844,19440
2025-09-12 13:15:00,466.95001220703125,467.95001220703125,465.1499938964844,467.75,19307
2025-09-12 13:15:00,466.95001220703125,467.95001220703125,465.1499938964844,467.75,19307
2025-09-12 14:15:00,467.29998779296875,468.45001220703125,466.25,466.5,42952
2025-09-12 14:15:00,467.29998779296875,468.45001220703125,466.25,466.5,42952
2025-09-12 15:15:00,466.1000061035156,466.8500061035156,462.79998779296875,465.8999938964844,0
2025-09-12 15:15:00,466.1000061035156,466.8500061035156,462.79998779296875,465.8999938964844,0
2025-09-15 09:15:00,467.54998779296875,474.6499938964844,466.1000061035156,474.5,0
2025-09-15 09:15:00,467.54998779296875,474.6499938964844,466.1000061035156,474.5,0
2025-09-15 10:15:00,474.5,475.25,472.70001220703125,474.0,50169
2025-09-15 10:15:00,474.5,475.25,472.70001220703125,474.0,50169
2025-09-15 11:15:00,473.95001220703125,478.0,473.95001220703125,477.04998779296875,56072
2025-09-15 11:15:00,473.95001220703125,478.0,473.95001220703125,477.04998779296875,56072
2025-09-15 12:15:00,477.04998779296875,481.70001220703125,477.04998779296875,481.0,46913
2025-09-15 12:15:00,477.04998779296875,481.70001220703125,477.04998779296875,481.0,46913
2025-09-15 13:15:00,481.1000061035156,485.1499938964844,480.3500061035156,484.0,89111
2025-09-15 13:15:00,481.1000061035156,485.1499938964844,480.3500061035156,484.0,89111
2025-09-15 14:15:00,484.1000061035156,484.95001220703125,483.1499938964844,484.0,47786
2025-09-15 14:15:00,484.1000061035156,484.95001220703125,483.1499938964844,484.0,47786
2025-09-15 15:15:00,483.8500061035156,484.04998779296875,480.70001220703125,482.1000061035156,0
2025-09-15 15:15:00,483.8500061035156,484.04998779296875,480.70001220703125,482.1000061035156,0
2025-09-16 09:15:00,485.1000061035156,489.25,483.3999938964844,484.54998779296875,157721
2025-09-16 09:15:00,485.1000061035156,489.25,483.3999938964844,484.54998779296875,157721
2025-09-16 10:15:00,484.25,486.1000061035156,484.25,484.79998779296875,50093
2025-09-16 10:15:00,484.25,486.1000061035156,484.25,484.79998779296875,50093
2025-09-16 11:15:00,484.6000061035156,484.95001220703125,480.29998779296875,480.29998779296875,29342
2025-09-16 11:15:00,484.6000061035156,484.95001220703125,480.29998779296875,480.29998779296875,29342
2025-09-16 12:15:00,481.0,481.6499938964844,478.3500061035156,479.5,39210
2025-09-16 12:15:00,481.0,481.6499938964844,478.3500061035156,479.5,39210
2025-09-16 13:15:00,479.54998779296875,483.6000061035156,479.29998779296875,483.5,42307
2025-09-16 13:15:00,479.54998779296875,483.6000061035156,479.29998779296875,483.5,42307
2025-09-16 14:15:00,483.29998779296875,484.0,483.29998779296875,484.0,4499
2025-09-16 14:15:00,483.29998779296875,484.0,483.29998779296875,484.0,4499
2025-09-16 15:15:00,484.0,484.0,484.0,484.0,0
2025-09-16 15:15:00,484.0,484.0,484.0,484.0,0
2025-09-17 09:15:00,487.0,487.0,482.04998779296875,484.45001220703125,54860
2025-09-17 09:15:00,487.0,487.0,482.04998779296875,484.45001220703125,54860
2025-09-17 10:15:00,484.45001220703125,485.0,483.20001220703125,484.3999938964844,34343
2025-09-17 10:15:00,484.45001220703125,485.0,483.20001220703125,484.3999938964844,34343
2025-09-17 11:15:00,484.0,486.0,482.8999938964844,483.8500061035156,67576
2025-09-17 11:15:00,484.0,486.0,482.8999938964844,483.8500061035156,67576
2025-09-17 12:15:00,483.8500061035156,485.3999938964844,483.8500061035156,485.1000061035156,10821
2025-09-17 12:15:00,483.8500061035156,485.3999938964844,483.8500061035156,485.1000061035156,10821
2025-09-17 13:15:00,485.3999938964844,488.29998779296875,485.0,486.5,34732
2025-09-17 13:15:00,485.3999938964844,488.29998779296875,485.0,486.5,34732
2025-09-17 14:15:00,486.54998779296875,487.54998779296875,486.0,487.04998779296875,96728
2025-09-17 14:15:00,486.54998779296875,487.54998779296875,486.0,487.04998779296875,96728
2025-09-17 15:15:00,487.3999938964844,487.3999938964844,486.20001220703125,486.5,23800
2025-09-17 15:15:00,487.3999938964844,487.3999938964844,486.20001220703125,486.5,23800
2025-09-18 09:15:00,489.1000061035156,496.0,488.0,490.8500061035156,0
2025-09-18 09:15:00,489.1000061035156,496.0,488.0,490.8500061035156,0
2025-09-18 10:15:00,491.0,491.3999938964844,489.20001220703125,489.3999938964844,20998
2025-09-18 10:15:00,491.0,491.3999938964844,489.20001220703125,489.3999938964844,20998
2025-09-18 11:15:00,489.54998779296875,490.79998779296875,489.1000061035156,490.5,20650
2025-09-18 11:15:00,489.54998779296875,490.79998779296875,489.1000061035156,490.5,20650
2025-09-18 12:15:00,490.45001220703125,490.45001220703125,488.04998779296875,488.20001220703125,28542
2025-09-18 12:15:00,490.45001220703125,490.45001220703125,488.04998779296875,488.20001220703125,28542
2025-09-18 13:15:00,488.20001220703125,489.1000061035156,488.04998779296875,488.54998779296875,7583
2025-09-18 13:15:00,488.20001220703125,489.1000061035156,488.04998779296875,488.54998779296875,7583
2025-09-18 14:15:00,488.5,489.1000061035156,487.8999938964844,487.95001220703125,14809
2025-09-18 14:15:00,488.5,489.1000061035156,487.8999938964844,487.95001220703125,14809
2025-09-18 15:15:00,487.95001220703125,490.0,487.45001220703125,490.0,22020
2025-09-18 15:15:00,487.95001220703125,490.0,487.45001220703125,490.0,22020
2025-09-19 09:15:00,493.79998779296875,496.8500061035156,492.0,492.54998779296875,0
2025-09-19 09:15:00,493.79998779296875,496.8500061035156,492.0,492.54998779296875,0
2025-09-19 10:15:00,492.70001220703125,493.1000061035156,491.3500061035156,492.0,15888
2025-09-19 10:15:00,492.70001220703125,493.1000061035156,491.3500061035156,492.0,15888
2025-09-19 11:15:00,492.0,492.6499938964844,490.70001220703125,491.29998779296875,17778
2025-09-19 11:15:00,492.0,492.6499938964844,490.70001220703125,491.29998779296875,17778
2025-09-19 12:15:00,491.5,492.8999938964844,490.79998779296875,492.6000061035156,9889
2025-09-19 12:15:00,491.5,492.8999938964844,490.79998779296875,492.6000061035156,9889
2025-09-19 13:15:00,492.8999938964844,493.1499938964844,491.3999938964844,491.3999938964844,16742
2025-09-19 13:15:00,492.8999938964844,493.1499938964844,491.3999938964844,491.3999938964844,16742
2025-09-19 14:15:00,491.75,491.75,486.79998779296875,489.45001220703125,200417
2025-09-19 14:15:00,491.75,491.75,486.79998779296875,489.45001220703125,200417
2025-09-19 15:15:00,489.45001220703125,490.0,489.0,489.70001220703125,22854
2025-09-19 15:15:00,489.45001220703125,490.0,489.0,489.70001220703125,22854
2025-09-22 09:15:00,488.5,491.95001220703125,486.25,491.3500061035156,0
2025-09-22 09:15:00,488.5,491.95001220703125,486.25,491.3500061035156,0
2025-09-22 10:15:00,491.3999938964844,492.29998779296875,489.5,490.20001220703125,38042
2025-09-22 10:15:00,491.3999938964844,492.29998779296875,489.5,490.20001220703125,38042
2025-09-22 11:15:00,490.20001220703125,491.79998779296875,489.79998779296875,490.54998779296875,38658
2025-09-22 11:15:00,490.20001220703125,491.79998779296875,489.79998779296875,490.54998779296875,38658
2025-09-22 12:15:00,490.3999938964844,491.0,489.0,489.20001220703125,14908
2025-09-22 12:15:00,490.3999938964844,491.0,489.0,489.20001220703125,14908
2025-09-22 13:15:00,489.5,490.0,488.04998779296875,489.0,9629
2025-09-22 13:15:00,489.5,490.0,488.04998779296875,489.0,9629
2025-09-22 14:15:00,488.6000061035156,490.04998779296875,487.70001220703125,488.6000061035156,57429
2025-09-22 14:15:00,488.6000061035156,490.04998779296875,487.70001220703125,488.6000061035156,57429
2025-09-22 15:15:00,488.95001220703125,489.04998779296875,487.25,489.04998779296875,38415
2025-09-22 15:15:00,488.95001220703125,489.04998779296875,487.25,489.04998779296875,38415
2025-09-23 09:15:00,493.20001220703125,494.8999938964844,490.29998779296875,491.95001220703125,0
2025-09-23 09:15:00,493.20001220703125,494.8999938964844,490.29998779296875,491.95001220703125,0
2025-09-23 10:15:00,492.0,492.0,490.20001220703125,490.70001220703125,7754
2025-09-23 10:15:00,492.0,492.0,490.20001220703125,490.70001220703125,7754
2025-09-23 11:15:00,490.45001220703125,492.0,489.1000061035156,491.1000061035156,23565
2025-09-23 11:15:00,490.45001220703125,492.0,489.1000061035156,491.1000061035156,23565
2025-09-23 12:15:00,491.1000061035156,504.70001220703125,491.1000061035156,502.29998779296875,312009
2025-09-23 12:15:00,491.1000061035156,504.70001220703125,491.1000061035156,502.29998779296875,312009
2025-09-23 13:15:00,502.8500061035156,504.0,499.70001220703125,501.5,77673
2025-09-23 13:15:00,502.8500061035156,504.0,499.70001220703125,501.5,77673
2025-09-23 14:15:00,501.5,502.0,500.8500061035156,501.3500061035156,37859
2025-09-23 14:15:00,501.5,502.0,500.8500061035156,501.3500061035156,37859
2025-09-23 15:15:00,501.0,501.8999938964844,500.04998779296875,500.6000061035156,90546
2025-09-23 15:15:00,501.0,501.8999938964844,500.04998779296875,500.6000061035156,90546
2025-09-24 09:15:00,503.0,507.54998779296875,502.5,507.1499938964844,0
2025-09-24 09:15:00,503.0,507.54998779296875,502.5,507.1499938964844,0
2025-09-24 10:15:00,507.45001220703125,510.3999938964844,506.20001220703125,506.20001220703125,141335
2025-09-24 10:15:00,507.45001220703125,510.3999938964844,506.20001220703125,506.20001220703125,141335
2025-09-24 11:15:00,506.20001220703125,506.5,501.0,502.6000061035156,84307
2025-09-24 11:15:00,506.20001220703125,506.5,501.0,502.6000061035156,84307
2025-09-24 12:15:00,502.29998779296875,502.79998779296875,501.1000061035156,501.25,41784
2025-09-24 12:15:00,502.29998779296875,502.79998779296875,501.1000061035156,501.25,41784
2025-09-24 13:15:00,501.29998779296875,503.8500061035156,500.5,501.5,55199
2025-09-24 13:15:00,501.29998779296875,503.8500061035156,500.5,501.5,55199
2025-09-24 14:15:00,501.29998779296875,509.04998779296875,500.5,508.0,242084
2025-09-24 14:15:00,501.29998779296875,509.04998779296875,500.5,508.0,242084
2025-09-24 15:15:00,507.6000061035156,508.0,506.0,507.54998779296875,47659
2025-09-24 15:15:00,507.6000061035156,508.0,506.0,507.54998779296875,47659
2025-09-25 09:15:00,510.5,510.8999938964844,505.0,508.0,0
2025-09-25 09:15:00,510.5,510.8999938964844,505.0,508.0,0
2025-09-25 10:15:00,508.0,510.25,507.0,510.25,48861
2025-09-25 10:15:00,508.0,510.25,507.0,510.25,48861
2025-09-25 11:15:00,510.5,513.0,500.29998779296875,503.0,237586
2025-09-25 11:15:00,510.5,513.0,500.29998779296875,503.0,237586
2025-09-25 12:15:00,502.8500061035156,503.5,500.5,503.0,49427
2025-09-25 12:15:00,502.8500061035156,503.5,500.5,503.0,49427
2025-09-25 13:15:00,503.04998779296875,503.04998779296875,500.8999938964844,501.3500061035156,21130
2025-09-25 13:15:00,503.04998779296875,503.04998779296875,500.8999938964844,501.3500061035156,21130
2025-09-25 14:15:00,501.5,501.6000061035156,493.6000061035156,494.54998779296875,104236
2025-09-25 14:15:00,501.5,501.6000061035156,493.6000061035156,494.54998779296875,104236
2025-09-25 15:15:00,495.0,500.70001220703125,495.0,498.0,194442
2025-09-25 15:15:00,495.0,500.70001220703125,495.0,498.0,194442
2025-09-26 09:15:00,503.75,503.95001220703125,491.70001220703125,492.1499938964844,0
2025-09-26 09:15:00,503.75,503.95001220703125,491.70001220703125,492.1499938964844,0
2025-09-26 10:15:00,492.1499938964844,493.20001220703125,490.1499938964844,491.1000061035156,19830
2025-09-26 10:15:00,492.1499938964844,493.20001220703125,490.1499938964844,491.1000061035156,19830
2025-09-26 11:15:00,491.0,491.54998779296875,488.20001220703125,490.1499938964844,35577
2025-09-26 11:15:00,491.0,491.54998779296875,488.20001220703125,490.1499938964844,35577
2025-09-26 12:15:00,490.45001220703125,490.45001220703125,485.1000061035156,486.6000061035156,36635
2025-09-26 12:15:00,490.45001220703125,490.45001220703125,485.1000061035156,486.6000061035156,36635
2025-09-26 13:15:00,486.5,486.5,480.3500061035156,480.3500061035156,56685
2025-09-26 13:15:00,486.5,486.5,480.3500061035156,480.3500061035156,56685
2025-09-26 14:15:00,480.75,488.25,480.04998779296875,482.3999938964844,111943
2025-09-26 14:15:00,480.75,488.25,480.04998779296875,482.3999938964844,111943
2025-09-26 15:15:00,482.95001220703125,484.8999938964844,476.29998779296875,478.8500061035156,113770
2025-09-26 15:15:00,482.95001220703125,484.8999938964844,476.29998779296875,478.8500061035156,113770
2025-09-29 09:15:00,489.75,489.75,476.0,480.5,0
2025-09-29 09:15:00,489.75,489.75,476.0,480.5,0
2025-09-29 10:15:00,480.70001220703125,481.6499938964844,477.1499938964844,477.20001220703125,27699
2025-09-29 10:15:00,480.70001220703125,481.6499938964844,477.1499938964844,477.20001220703125,27699
2025-09-29 11:15:00,477.20001220703125,477.20001220703125,470.0,471.3500061035156,46313
2025-09-29 11:15:00,477.20001220703125,477.20001220703125,470.0,471.3500061035156,46313
2025-09-29 12:15:00,470.70001220703125,477.20001220703125,469.8500061035156,476.8500061035156,38186
2025-09-29 12:15:00,470.70001220703125,477.20001220703125,469.8500061035156,476.8500061035156,38186
2025-09-29 13:15:00,477.0,482.6000061035156,477.0,482.3500061035156,50740
2025-09-29 13:15:00,477.0,482.6000061035156,477.0,482.3500061035156,50740
2025-09-29 14:15:00,482.0,484.0,479.1499938964844,479.1499938964844,59981
2025-09-29 14:15:00,482.0,484.0,479.1499938964844,479.1499938964844,59981
2025-09-29 15:15:00,479.1000061035156,480.25,479.1000061035156,479.29998779296875,19929
2025-09-29 15:15:00,479.1000061035156,480.25,479.1000061035156,479.29998779296875,19929
2025-09-30 09:15:00,484.45001220703125,486.20001220703125,479.3500061035156,479.3500061035156,0
2025-09-30 09:15:00,484.45001220703125,486.20001220703125,479.3500061035156,479.3500061035156,0
2025-09-30 10:15:00,480.0,482.25,480.0,482.04998779296875,51955
2025-09-30 10:15:00,480.0,482.25,480.0,482.04998779296875,51955
2025-09-30 11:15:00,481.79998779296875,482.3999938964844,475.5,475.6000061035156,36199
2025-09-30 11:15:00,481.79998779296875,482.3999938964844,475.5,475.6000061035156,36199
2025-09-30 12:15:00,475.6000061035156,476.6499938964844,474.5,475.20001220703125,12898
2025-09-30 12:15:00,475.6000061035156,476.6499938964844,474.5,475.20001220703125,12898
2025-09-30 13:15:00,474.5,475.29998779296875,471.8500061035156,474.3500061035156,63309
2025-09-30 13:15:00,474.5,475.29998779296875,471.8500061035156,474.3500061035156,63309
2025-09-30 14:15:00,474.5,477.8999938964844,474.1499938964844,475.8999938964844,32108
2025-09-30 14:15:00,474.5,477.8999938964844,474.1499938964844,475.8999938964844,32108
2025-09-30 15:15:00,475.95001220703125,477.0,474.6499938964844,475.1000061035156,26244
2025-09-30 15:15:00,475.95001220703125,477.0,474.6499938964844,475.1000061035156,26244
2025-10-01 09:15:00,480.0,480.6000061035156,473.04998779296875,474.54998779296875,0
2025-10-01 09:15:00,480.0,480.6000061035156,473.04998779296875,474.54998779296875,0
2025-10-01 10:15:00,474.5,476.25,473.6499938964844,475.5,34672
2025-10-01 10:15:00,474.5,476.25,473.6499938964844,475.5,34672
2025-10-01 11:15:00,476.20001220703125,484.0,476.20001220703125,483.6499938964844,70952
2025-10-01 11:15:00,476.20001220703125,484.0,476.20001220703125,483.6499938964844,70952
2025-10-01 12:15:00,483.6000061035156,484.0,481.6000061035156,482.6000061035156,13512
2025-10-01 12:15:00,483.6000061035156,484.0,481.6000061035156,482.6000061035156,13512
2025-10-01 13:15:00,482.5,485.29998779296875,482.3999938964844,485.29998779296875,29907
2025-10-01 13:15:00,482.5,485.29998779296875,482.3999938964844,485.29998779296875,29907
2025-10-01 14:15:00,485.20001220703125,487.0,480.8500061035156,481.8500061035156,70137
2025-10-01 14:15:00,485.20001220703125,487.0,480.8500061035156,481.8500061035156,70137
2025-10-01 15:15:00,481.3500061035156,483.54998779296875,480.3500061035156,482.0,35345
2025-10-01 15:15:00,481.3500061035156,483.54998779296875,480.3500061035156,482.0,35345
2025-10-03 09:15:00,482.1000061035156,484.8999938964844,479.95001220703125,481.45001220703125,0
2025-10-03 09:15:00,482.1000061035156,484.8999938964844,479.95001220703125,481.45001220703125,0
2025-10-03 10:15:00,481.25,482.95001220703125,481.20001220703125,482.45001220703125,21523
2025-10-03 10:15:00,481.25,482.95001220703125,481.20001220703125,482.45001220703125,21523
2025-10-03 11:15:00,482.75,491.1000061035156,482.5,487.1000061035156,149580
2025-10-03 11:15:00,482.75,491.1000061035156,482.5,487.1000061035156,149580
2025-10-03 12:15:00,486.95001220703125,489.29998779296875,483.29998779296875,488.8500061035156,111458
2025-10-03 12:15:00,486.95001220703125,489.29998779296875,483.29998779296875,488.8500061035156,111458
2025-10-03 13:15:00,488.54998779296875,493.6499938964844,488.45001220703125,493.3999938964844,75614
2025-10-03 13:15:00,488.54998779296875,493.6499938964844,488.45001220703125,493.3999938964844,75614
2025-10-03 14:15:00,493.8500061035156,494.0,490.8999938964844,491.5,56853
2025-10-03 14:15:00,493.8500061035156,494.0,490.8999938964844,491.5,56853
2025-10-03 15:15:00,491.45001220703125,492.29998779296875,488.20001220703125,488.20001220703125,52669
2025-10-03 15:15:00,491.45001220703125,492.29998779296875,488.20001220703125,488.20001220703125,52669
2025-10-06 09:15:00,493.95001220703125,494.79998779296875,490.0,494.6499938964844,0
2025-10-06 09:15:00,493.95001220703125,494.79998779296875,490.0,494.6499938964844,0
2025-10-06 10:15:00,494.25,494.95001220703125,491.0,491.5,32554
2025-10-06 10:15:00,494.25,494.95001220703125,491.0,491.5,32554
2025-10-06 11:15:00,491.1499938964844,493.29998779296875,489.0,492.95001220703125,66682
2025-10-06 11:15:00,491.1499938964844,493.29998779296875,489.0,492.95001220703125,66682
2025-10-06 12:15:00,492.8999938964844,495.79998779296875,491.8999938964844,495.79998779296875,71908
2025-10-06 12:15:00,492.8999938964844,495.79998779296875,491.8999938964844,495.79998779296875,71908
2025-10-06 13:15:00,495.8999938964844,496.25,494.25,494.5,40059
2025-10-06 13:15:00,495.8999938964844,496.25,494.25,494.5,40059
2025-10-06 14:15:00,494.45001220703125,497.0,494.3999938964844,496.8999938964844,92187
2025-10-06 14:15:00,494.45001220703125,497.0,494.3999938964844,496.8999938964844,92187
2025-10-06 15:15:00,496.5,496.95001220703125,494.1499938964844,496.1499938964844,38431
2025-10-06 15:15:00,496.5,496.95001220703125,494.1499938964844,496.1499938964844,38431
2025-10-07 09:15:00,497.5,497.5,489.75,490.20001220703125,0
2025-10-07 09:15:00,497.5,497.5,489.75,490.20001220703125,0
2025-10-07 10:15:00,490.45001220703125,491.70001220703125,487.0,487.0,21080
2025-10-07 10:15:00,490.45001220703125,491.70001220703125,487.0,487.0,21080
2025-10-07 11:15:00,487.0,487.3500061035156,485.1000061035156,485.1000061035156,11578
2025-10-07 11:15:00,487.0,487.3500061035156,485.1000061035156,485.1000061035156,11578
2025-10-07 12:15:00,485.1000061035156,486.45001220703125,484.04998779296875,484.04998779296875,11801
2025-10-07 12:15:00,485.1000061035156,486.45001220703125,484.04998779296875,484.04998779296875,11801
2025-10-07 13:15:00,484.04998779296875,485.25,483.04998779296875,484.0,12602
2025-10-07 13:15:00,484.04998779296875,485.25,483.04998779296875,484.0,12602
2025-10-07 14:15:00,483.95001220703125,484.54998779296875,478.70001220703125,479.54998779296875,102206
2025-10-07 14:15:00,483.95001220703125,484.54998779296875,478.70001220703125,479.54998779296875,102206
2025-10-07 15:15:00,479.3999938964844,481.3999938964844,479.25,480.70001220703125,92642
2025-10-07 15:15:00,479.3999938964844,481.3999938964844,479.25,480.70001220703125,92642
2025-10-08 09:15:00,481.79998779296875,481.79998779296875,476.1000061035156,476.1000061035156,0
2025-10-08 09:15:00,481.79998779296875,481.79998779296875,476.1000061035156,476.1000061035156,0
2025-10-08 10:15:00,476.0,476.45001220703125,473.20001220703125,473.20001220703125,25519
2025-10-08 10:15:00,476.0,476.45001220703125,473.20001220703125,473.20001220703125,25519
2025-10-08 11:15:00,473.1499938964844,473.6499938964844,471.0,472.3999938964844,14985
2025-10-08 11:15:00,473.1499938964844,473.6499938964844,471.0,472.3999938964844,14985
2025-10-08 12:15:00,472.5,478.0,471.3999938964844,477.70001220703125,26141
2025-10-08 12:15:00,472.5,478.0,471.3999938964844,477.70001220703125,26141
2025-10-08 13:15:00,477.6000061035156,479.0,475.04998779296875,475.3500061035156,90045
2025-10-08 13:15:00,477.6000061035156,479.0,475.04998779296875,475.3500061035156,90045
2025-10-08 14:15:00,475.0,477.0,475.0,476.3999938964844,22280
2025-10-08 14:15:00,475.0,477.0,475.0,476.3999938964844,22280
2025-10-08 15:15:00,476.3999938964844,476.79998779296875,475.8500061035156,475.95001220703125,9357
2025-10-08 15:15:00,476.3999938964844,476.79998779296875,475.8500061035156,475.95001220703125,9357
2025-10-09 09:15:00,478.0,479.70001220703125,475.0,476.20001220703125,0
2025-10-09 09:15:00,478.0,479.70001220703125,475.0,476.20001220703125,0
2025-10-09 10:15:00,475.95001220703125,476.95001220703125,474.75,476.20001220703125,13612
2025-10-09 10:15:00,475.95001220703125,476.95001220703125,474.75,476.20001220703125,13612
2025-10-09 11:15:00,476.1000061035156,477.6000061035156,475.6000061035156,477.54998779296875,4458
2025-10-09 11:15:00,476.1000061035156,477.6000061035156,475.6000061035156,477.54998779296875,4458
2025-10-09 12:15:00,477.20001220703125,480.79998779296875,477.20001220703125,479.45001220703125,42423
2025-10-09 12:15:00,477.20001220703125,480.79998779296875,477.20001220703125,479.45001220703125,42423
2025-10-09 13:15:00,479.3999938964844,481.5,479.3999938964844,480.8500061035156,14227
2025-10-09 13:15:00,479.3999938964844,481.5,479.3999938964844,480.8500061035156,14227
2025-10-09 14:15:00,481.0,481.20001220703125,479.6000061035156,480.1000061035156,16104
2025-10-09 14:15:00,481.0,481.20001220703125,479.6000061035156,480.1000061035156,16104
2025-10-09 15:15:00,480.04998779296875,480.25,478.70001220703125,479.04998779296875,11471
2025-10-09 15:15:00,480.04998779296875,480.25,478.70001220703125,479.04998779296875,11471
2025-10-10 09:15:00,481.5,484.25,479.8999938964844,484.1499938964844,0
2025-10-10 09:15:00,481.5,484.25,479.8999938964844,484.1499938964844,0
2025-10-10 10:15:00,484.1000061035156,491.8500061035156,484.1000061035156,491.79998779296875,140610
2025-10-10 10:15:00,484.1000061035156,491.8500061035156,484.1000061035156,491.79998779296875,140610
2025-10-10 11:15:00,491.79998779296875,492.79998779296875,490.3999938964844,490.70001220703125,45514
2025-10-10 11:15:00,491.79998779296875,492.79998779296875,490.3999938964844,490.70001220703125,45514
2025-10-10 12:15:00,490.5,492.0,490.04998779296875,491.6000061035156,15325
2025-10-10 12:15:00,490.5,492.0,490.04998779296875,491.6000061035156,15325
2025-10-10 13:15:00,491.5,491.70001220703125,490.5,491.1000061035156,18099
2025-10-10 13:15:00,491.5,491.70001220703125,490.5,491.1000061035156,18099
2025-10-10 14:15:00,491.1000061035156,491.79998779296875,488.8500061035156,489.1499938964844,43758
2025-10-10 14:15:00,491.1000061035156,491.79998779296875,488.8500061035156,489.1499938964844,43758
2025-10-10 15:15:00,488.8999938964844,489.8999938964844,487.8500061035156,487.8500061035156,18603
2025-10-10 15:15:00,488.8999938964844,489.8999938964844,487.8500061035156,487.8500061035156,18603
2025-10-13 09:15:00,491.95001220703125,491.95001220703125,486.29998779296875,491.3999938964844,0
2025-10-13 09:15:00,491.95001220703125,491.95001220703125,486.29998779296875,491.3999938964844,0
2025-10-13 10:15:00,491.45001220703125,491.79998779296875,489.5,490.0,24675
2025-10-13 10:15:00,491.45001220703125,491.79998779296875,489.5,490.0,24675
2025-10-13 11:15:00,489.8999938964844,490.75,488.5,490.75,28276
2025-10-13 11:15:00,489.8999938964844,490.75,488.5,490.75,28276
2025-10-13 12:15:00,490.75,496.0,490.6000061035156,495.70001220703125,163082
2025-10-13 12:15:00,490.75,496.0,490.6000061035156,495.70001220703125,163082
2025-10-13 13:15:00,496.0,503.3999938964844,495.8500061035156,501.5,234213
2025-10-13 13:15:00,496.0,503.3999938964844,495.8500061035156,501.5,234213
2025-10-13 14:15:00,501.75,502.0,499.8999938964844,501.45001220703125,41761
2025-10-13 14:15:00,501.75,502.0,499.8999938964844,501.45001220703125,41761
2025-10-13 15:15:00,501.45001220703125,501.95001220703125,500.20001220703125,501.0,64332
2025-10-13 15:15:00,501.45001220703125,501.95001220703125,500.20001220703125,501.0,64332
2025-10-14 09:15:00,504.20001220703125,505.79998779296875,500.0,501.6000061035156,0
2025-10-14 09:15:00,504.20001220703125,505.79998779296875,500.0,501.6000061035156,0
2025-10-14 10:15:00,501.6000061035156,501.6000061035156,498.45001220703125,500.1000061035156,53119
2025-10-14 10:15:00,501.6000061035156,501.6000061035156,498.45001220703125,500.1000061035156,53119
2025-10-14 11:15:00,500.1499938964844,501.8999938964844,500.0,500.70001220703125,22768
2025-10-14 11:15:00,500.1499938964844,501.8999938964844,500.0,500.70001220703125,22768
2025-10-14 12:15:00,500.6000061035156,500.70001220703125,499.8500061035156,500.20001220703125,9249
2025-10-14 12:15:00,500.6000061035156,500.70001220703125,499.8500061035156,500.20001220703125,9249
2025-10-14 13:15:00,500.20001220703125,501.3999938964844,500.1499938964844,500.79998779296875,16653
2025-10-14 13:15:00,500.20001220703125,501.3999938964844,500.1499938964844,500.79998779296875,16653
2025-10-14 14:15:00,500.79998779296875,503.8999938964844,500.79998779296875,503.79998779296875,134425
2025-10-14 14:15:00,500.79998779296875,503.8999938964844,500.79998779296875,503.79998779296875,134425
2025-10-14 15:15:00,503.8999938964844,503.8999938964844,500.95001220703125,501.0,26957
2025-10-14 15:15:00,503.8999938964844,503.8999938964844,500.95001220703125,501.0,26957
2025-10-15 09:15:00,503.54998779296875,503.79998779296875,500.0,502.79998779296875,0
2025-10-15 09:15:00,503.54998779296875,503.79998779296875,500.0,502.79998779296875,0
2025-10-15 10:15:00,502.79998779296875,512.25,502.3999938964844,506.0,232241
2025-10-15 10:15:00,502.79998779296875,512.25,502.3999938964844,506.0,232241
2025-10-15 11:15:00,505.8999938964844,507.0,504.8500061035156,505.70001220703125,29455
2025-10-15 11:15:00,505.8999938964844,507.0,504.8500061035156,505.70001220703125,29455
2025-10-15 12:15:00,505.3999938964844,506.0,503.75,504.25,50883
2025-10-15 12:15:00,505.3999938964844,506.0,503.75,504.25,50883
2025-10-15 13:15:00,504.25,504.6000061035156,501.3999938964844,502.20001220703125,18568
2025-10-15 13:15:00,504.25,504.6000061035156,501.3999938964844,502.20001220703125,18568
2025-10-15 14:15:00,501.79998779296875,502.20001220703125,500.1000061035156,501.70001220703125,26308
2025-10-15 14:15:00,501.79998779296875,502.20001220703125,500.1000061035156,501.70001220703125,26308
2025-10-15 15:15:00,501.6499938964844,502.5,500.5,501.54998779296875,41753
2025-10-15 15:15:00,501.6499938964844,502.5,500.5,501.54998779296875,41753
2025-10-16 09:15:00,504.20001220703125,513.3499755859375,502.6000061035156,510.20001220703125,0
2025-10-16 09:15:00,504.20001220703125,513.3499755859375,502.6000061035156,510.20001220703125,0
2025-10-16 10:15:00,510.0,510.75,505.6000061035156,505.6000061035156,24441
2025-10-16 10:15:00,510.0,510.75,505.6000061035156,505.6000061035156,24441
2025-10-16 11:15:00,505.29998779296875,506.1000061035156,504.5,505.5,39062
2025-10-16 11:15:00,505.29998779296875,506.1000061035156,504.5,505.5,39062
2025-10-16 12:15:00,505.5,505.95001220703125,502.6499938964844,504.95001220703125,16585
2025-10-16 12:15:00,505.5,505.95001220703125,502.6499938964844,504.95001220703125,16585
2025-10-16 13:15:00,504.5,504.5,501.3999938964844,501.5,12804
2025-10-16 13:15:00,504.5,504.5,501.3999938964844,501.5,12804
2025-10-16 14:15:00,501.5,501.95001220703125,499.5,500.25,127963
2025-10-16 14:15:00,501.5,501.95001220703125,499.5,500.25,127963
2025-10-16 15:15:00,499.95001220703125,500.6499938964844,496.54998779296875,500.29998779296875,29753
2025-10-16 15:15:00,499.95001220703125,500.6499938964844,496.54998779296875,500.29998779296875,29753
2025-10-17 09:15:00,501.0,502.3500061035156,483.95001220703125,496.3999938964844,0
2025-10-17 09:15:00,501.0,502.3500061035156,483.95001220703125,496.3999938964844,0
2025-10-17 10:15:00,496.6000061035156,498.20001220703125,495.95001220703125,497.8999938964844,28219
2025-10-17 10:15:00,496.6000061035156,498.20001220703125,495.95001220703125,497.8999938964844,28219
2025-10-17 11:15:00,497.5,498.8500061035156,496.1499938964844,497.5,22636
2025-10-17 11:15:00,497.5,498.8500061035156,496.1499938964844,497.5,22636
2025-10-17 12:15:00,497.5,503.0,494.6000061035156,494.6000061035156,132615
2025-10-17 12:15:00,497.5,503.0,494.6000061035156,494.6000061035156,132615
2025-10-17 13:15:00,494.6000061035156,494.6000061035156,490.29998779296875,490.6499938964844,13768
2025-10-17 13:15:00,494.6000061035156,494.6000061035156,490.29998779296875,490.6499938964844,13768
2025-10-17 14:15:00,490.29998779296875,495.0,490.25,493.25,22222
2025-10-17 14:15:00,490.29998779296875,495.0,490.25,493.25,22222
2025-10-17 15:15:00,493.0,493.75,492.0,492.45001220703125,62369
2025-10-17 15:15:00,493.0,493.75,492.0,492.45001220703125,62369
2025-10-20 09:15:00,498.3500061035156,498.3500061035156,492.29998779296875,492.79998779296875,0
2025-10-20 09:15:00,498.3500061035156,498.3500061035156,492.29998779296875,492.79998779296875,0
2025-10-20 10:15:00,492.70001220703125,493.29998779296875,490.5,490.54998779296875,14955
2025-10-20 10:15:00,492.70001220703125,493.29998779296875,490.5,490.54998779296875,14955
2025-10-20 11:15:00,490.5,491.70001220703125,488.6499938964844,490.04998779296875,24725
2025-10-20 11:15:00,490.5,491.70001220703125,488.6499938964844,490.04998779296875,24725
2025-10-20 12:15:00,490.04998779296875,490.95001220703125,489.25,489.3999938964844,4269
2025-10-20 12:15:00,490.04998779296875,490.95001220703125,489.25,489.3999938964844,4269
2025-10-20 13:15:00,489.25,493.54998779296875,489.1000061035156,493.54998779296875,44793
2025-10-20 13:15:00,489.25,493.54998779296875,489.1000061035156,493.54998779296875,44793
2025-10-20 14:15:00,493.95001220703125,495.0,493.04998779296875,493.6000061035156,29449
2025-10-20 14:15:00,493.95001220703125,495.0,493.04998779296875,493.6000061035156,29449
2025-10-20 15:15:00,493.45001220703125,493.45001220703125,491.3999938964844,493.1499938964844,18263
2025-10-20 15:15:00,493.45001220703125,493.45001220703125,491.3999938964844,493.1499938964844,18263
2025-10-21 13:15:00,498.04998779296875,500.5,496.5,497.0,22673
2025-10-21 13:15:00,498.04998779296875,500.5,496.5,497.0,22673
2025-10-21 14:15:00,497.29998779296875,498.0,494.1000061035156,496.04998779296875,34329
2025-10-21 14:15:00,497.29998779296875,498.0,494.1000061035156,496.04998779296875,34329
2025-10-23 09:15:00,498.1000061035156,498.1000061035156,489.45001220703125,494.8500061035156,37516
2025-10-23 09:15:00,498.1000061035156,498.1000061035156,489.45001220703125,494.8500061035156,37516
2025-10-23 10:15:00,495.0,499.0,494.0,499.0,67449
2025-10-23 10:15:00,495.0,499.0,494.0,499.0,67449
2025-10-23 11:15:00,499.0,502.20001220703125,498.8999938964844,502.20001220703125,78280
2025-10-23 11:15:00,499.0,502.20001220703125,498.8999938964844,502.20001220703125,78280
2025-10-23 12:15:00,502.1499938964844,503.29998779296875,501.3500061035156,503.25,22478
2025-10-23 12:15:00,502.1499938964844,503.29998779296875,501.3500061035156,503.25,22478
2025-10-23 13:15:00,503.1499938964844,505.3999938964844,502.25,502.70001220703125,78497
2025-10-23 13:15:00,503.1499938964844,505.3999938964844,502.25,502.70001220703125,78497
2025-10-23 14:15:00,503.04998779296875,504.79998779296875,503.0,503.6499938964844,30605
2025-10-23 14:15:00,503.04998779296875,504.79998779296875,503.0,503.6499938964844,30605
2025-10-23 15:15:00,503.45001220703125,504.0,503.0,503.70001220703125,21997
2025-10-23 15:15:00,503.45001220703125,504.0,503.0,503.70001220703125,21997
2025-10-24 09:15:00,506.6000061035156,507.0,500.0,500.79998779296875,0
2025-10-24 09:15:00,506.6000061035156,507.0,500.0,500.79998779296875,0
2025-10-24 10:15:00,500.0,502.0,499.1000061035156,501.6499938964844,12623
2025-10-24 10:15:00,500.0,502.0,499.1000061035156,501.6499938964844,12623
2025-10-24 11:15:00,501.29998779296875,502.0,497.3500061035156,499.6000061035156,23818
2025-10-24 11:15:00,501.29998779296875,502.0,497.3500061035156,499.6000061035156,23818
2025-10-24 12:15:00,499.3999938964844,499.6499938964844,497.79998779296875,497.79998779296875,4197
2025-10-24 12:15:00,499.3999938964844,499.6499938964844,497.79998779296875,497.79998779296875,4197
2025-10-24 13:15:00,497.79998779296875,499.0,497.0,498.79998779296875,8111
2025-10-24 13:15:00,497.79998779296875,499.0,497.0,498.79998779296875,8111
2025-10-24 14:15:00,498.79998779296875,502.0,497.75,501.95001220703125,23341
2025-10-24 14:15:00,498.79998779296875,502.0,497.75,501.95001220703125,23341
2025-10-24 15:15:00,501.75,503.0,496.79998779296875,501.8999938964844,68546
2025-10-24 15:15:00,501.75,503.0,496.79998779296875,501.8999938964844,68546
2025-10-27 09:15:00,502.75,509.0,501.70001220703125,507.5,0
2025-10-27 09:15:00,502.75,509.0,501.70001220703125,507.5,0
2025-10-27 10:15:00,507.54998779296875,508.0,505.6000061035156,505.79998779296875,14896
2025-10-27 10:15:00,507.54998779296875,508.0,505.6000061035156,505.79998779296875,14896
2025-10-27 11:15:00,505.79998779296875,505.79998779296875,501.1499938964844,502.6000061035156,9521
2025-10-27 11:15:00,505.79998779296875,505.79998779296875,501.1499938964844,502.6000061035156,9521
2025-10-27 12:15:00,502.3999938964844,502.95001220703125,500.5,502.1499938964844,12780
2025-10-27 12:15:00,502.3999938964844,502.95001220703125,500.5,502.1499938964844,12780
2025-10-27 13:15:00,502.3999938964844,504.3999938964844,501.70001220703125,503.8999938964844,15236
2025-10-27 13:15:00,502.3999938964844,504.3999938964844,501.70001220703125,503.8999938964844,15236
2025-10-27 14:15:00,504.20001220703125,504.3500061035156,502.79998779296875,503.0,11015
2025-10-27 14:15:00,504.20001220703125,504.3500061035156,502.79998779296875,503.0,11015
2025-10-27 15:15:00,502.3999938964844,503.04998779296875,501.5,501.5,14444
2025-10-27 15:15:00,502.3999938964844,503.04998779296875,501.5,501.5,14444
2025-10-28 09:15:00,504.04998779296875,506.5,503.5,504.25,0
2025-10-28 09:15:00,504.04998779296875,506.5,503.5,504.25,0
2025-10-28 10:15:00,504.95001220703125,506.0,504.6000061035156,505.54998779296875,12051
2025-10-28 10:15:00,504.95001220703125,506.0,504.6000061035156,505.54998779296875,12051
2025-10-28 11:15:00,505.54998779296875,512.1500244140625,505.0,508.8999938964844,97901
2025-10-28 11:15:00,505.54998779296875,512.1500244140625,505.0,508.8999938964844,97901
2025-10-28 12:15:00,508.3500061035156,509.0,506.29998779296875,507.25,13922
2025-10-28 12:15:00,508.3500061035156,509.0,506.29998779296875,507.25,13922
2025-10-28 13:15:00,507.04998779296875,509.3999938964844,507.0,509.0,22230
2025-10-28 13:15:00,507.04998779296875,509.3999938964844,507.0,509.0,22230
2025-10-28 14:15:00,509.3999938964844,511.8500061035156,508.75,511.0,52520
2025-10-28 14:15:00,509.3999938964844,511.8500061035156,508.75,511.0,52520
2025-10-28 15:15:00,510.70001220703125,511.1499938964844,509.0,510.04998779296875,61224
2025-10-28 15:15:00,510.70001220703125,511.1499938964844,509.0,510.04998779296875,61224
2025-10-29 09:15:00,513.5499877929688,513.9000244140625,510.8500061035156,511.79998779296875,0
2025-10-29 09:15:00,513.5499877929688,513.9000244140625,510.8500061035156,511.79998779296875,0
2025-10-29 10:15:00,511.3500061035156,512.75,509.75,510.0,18907
2025-10-29 10:15:00,511.3500061035156,512.75,509.75,510.0,18907
2025-10-29 11:15:00,510.3999938964844,511.54998779296875,509.6000061035156,510.1000061035156,4843
2025-10-29 11:15:00,510.3999938964844,511.54998779296875,509.6000061035156,510.1000061035156,4843
2025-10-29 12:15:00,510.3999938964844,511.25,509.5,510.0,17182
2025-10-29 12:15:00,510.3999938964844,511.25,509.5,510.0,17182
2025-10-29 13:15:00,510.0,510.3500061035156,508.6499938964844,508.79998779296875,16417
2025-10-29 13:15:00,510.0,510.3500061035156,508.6499938964844,508.79998779296875,16417
2025-10-29 14:15:00,508.75,512.0,508.0,511.8500061035156,26762
2025-10-29 14:15:00,508.75,512.0,508.0,511.8500061035156,26762
2025-10-29 15:15:00,511.5,512.4000244140625,510.6499938964844,511.75,19744
2025-10-29 15:15:00,511.5,512.4000244140625,510.6499938964844,511.75,19744
2025-10-30 09:15:00,516.0,518.5,512.6500244140625,514.1500244140625,0
2025-10-30 09:15:00,516.0,518.5,512.6500244140625,514.1500244140625,0
2025-10-30 10:15:00,514.1500244140625,514.1500244140625,509.6000061035156,511.3999938964844,32886
2025-10-30 10:15:00,514.1500244140625,514.1500244140625,509.6000061035156,511.3999938964844,32886
2025-10-30 11:15:00,511.3999938964844,515.7000122070312,510.79998779296875,515.0999755859375,32842
2025-10-30 11:15:00,511.3999938964844,515.7000122070312,510.79998779296875,515.0999755859375,32842
2025-10-30 12:15:00,515.0999755859375,518.0,514.5499877929688,515.4000244140625,25409
2025-10-30 12:15:00,515.0999755859375,518.0,514.5499877929688,515.4000244140625,25409
2025-10-30 13:15:00,515.4000244140625,516.3499755859375,514.1500244140625,515.0,20458
2025-10-30 13:15:00,515.4000244140625,516.3499755859375,514.1500244140625,515.0,20458
2025-10-30 14:15:00,514.9500122070312,515.3499755859375,514.25,514.5999755859375,23893
2025-10-30 14:15:00,514.9500122070312,515.3499755859375,514.25,514.5999755859375,23893
2025-10-30 15:15:00,514.5,514.8499755859375,512.9500122070312,514.0,117492
2025-10-30 15:15:00,514.5,514.8499755859375,512.9500122070312,514.0,117492
2025-10-31 09:15:00,518.0,522.5499877929688,517.2999877929688,517.2999877929688,0
2025-10-31 09:15:00,518.0,522.5499877929688,517.2999877929688,517.2999877929688,0
2025-10-31 10:15:00,517.5,518.0,516.5,517.6500244140625,16310
2025-10-31 10:15:00,517.5,518.0,516.5,517.6500244140625,16310
2025-10-31 11:15:00,517.5,521.4000244140625,516.7999877929688,521.1500244140625,37311
2025-10-31 11:15:00,517.5,521.4000244140625,516.7999877929688,521.1500244140625,37311
2025-10-31 12:15:00,521.2000122070312,523.7999877929688,520.8499755859375,522.6500244140625,83328
2025-10-31 12:15:00,521.2000122070312,523.7999877929688,520.8499755859375,522.6500244140625,83328
2025-10-31 13:15:00,521.0,522.5499877929688,520.8499755859375,521.9000244140625,45354
2025-10-31 13:15:00,521.0,522.5499877929688,520.8499755859375,521.9000244140625,45354
2025-10-31 14:15:00,521.9000244140625,522.0,519.25,519.7000122070312,24466
2025-10-31 14:15:00,521.9000244140625,522.0,519.25,519.7000122070312,24466
2025-10-31 15:15:00,519.4000244140625,520.2999877929688,517.7999877929688,517.7999877929688,24091
2025-10-31 15:15:00,519.4000244140625,520.2999877929688,517.7999877929688,517.7999877929688,24091
2025-11-03 09:15:00,522.7000122070312,527.4000244140625,521.8499755859375,524.9000244140625,0
2025-11-03 09:15:00,522.7000122070312,527.4000244140625,521.8499755859375,524.9000244140625,0
2025-11-03 10:15:00,524.6500244140625,525.0,521.6500244140625,521.7000122070312,17084
2025-11-03 10:15:00,524.6500244140625,525.0,521.6500244140625,521.7000122070312,17084
2025-11-03 11:15:00,522.2000122070312,523.0,520.0,523.0,34041
2025-11-03 11:15:00,522.2000122070312,523.0,520.0,523.0,34041
2025-11-03 12:15:00,523.0,525.75,522.8499755859375,522.8499755859375,46009
2025-11-03 12:15:00,523.0,525.75,522.8499755859375,522.8499755859375,46009
2025-11-03 13:15:00,522.8499755859375,525.0,522.8499755859375,524.0,62001
2025-11-03 13:15:00,522.8499755859375,525.0,522.8499755859375,524.0,62001
2025-11-03 14:15:00,524.0,525.0,522.0,522.0,93804
2025-11-03 14:15:00,524.0,525.0,522.0,522.0,93804
2025-11-03 15:15:00,522.0,522.2000122070312,518.1500244140625,519.9000244140625,29337
2025-11-03 15:15:00,522.0,522.2000122070312,518.1500244140625,519.9000244140625,29337
2025-11-04 09:15:00,524.0,524.0,512.5,512.7999877929688,0
2025-11-04 09:15:00,524.0,524.0,512.5,512.7999877929688,0
2025-11-04 10:15:00,513.0499877929688,522.0,511.79998779296875,518.5999755859375,56761
2025-11-04 10:15:00,513.0499877929688,522.0,511.79998779296875,518.5999755859375,56761
2025-11-04 11:15:00,518.4000244140625,518.4000244140625,512.2999877929688,512.2999877929688,33775
2025-11-04 11:15:00,518.4000244140625,518.4000244140625,512.2999877929688,512.2999877929688,33775
2025-11-04 12:15:00,512.0499877929688,513.9500122070312,510.70001220703125,513.3499755859375,26575
2025-11-04 12:15:00,512.0499877929688,513.9500122070312,510.70001220703125,513.3499755859375,26575
2025-11-04 13:15:00,513.0999755859375,514.25,512.0,512.0999755859375,18003
2025-11-04 13:15:00,513.0999755859375,514.25,512.0,512.0999755859375,18003
2025-11-04 14:15:00,512.2999877929688,512.2999877929688,505.70001220703125,506.8500061035156,37566
2025-11-04 14:15:00,512.2999877929688,512.2999877929688,505.70001220703125,506.8500061035156,37566
2025-11-04 15:15:00,506.70001220703125,507.54998779296875,506.0,507.0,10229
2025-11-04 15:15:00,506.70001220703125,507.54998779296875,506.0,507.0,10229
2025-11-06 09:15:00,509.95001220703125,510.0,502.95001220703125,505.3500061035156,0
2025-11-06 09:15:00,509.95001220703125,510.0,502.95001220703125,505.3500061035156,0
2025-11-06 10:15:00,505.1000061035156,507.70001220703125,504.95001220703125,506.3999938964844,16667
2025-11-06 10:15:00,505.1000061035156,507.70001220703125,504.95001220703125,506.3999938964844,16667
2025-11-06 11:15:00,506.3999938964844,506.5,504.3999938964844,505.3999938964844,51145
2025-11-06 11:15:00,506.3999938964844,506.5,504.3999938964844,505.3999938964844,51145
2025-11-06 12:15:00,505.5,505.95001220703125,504.0,504.95001220703125,58527
2025-11-06 12:15:00,505.5,505.95001220703125,504.0,504.95001220703125,58527
2025-11-06 13:15:00,504.5,504.5,501.1000061035156,502.3999938964844,17191
2025-11-06 13:15:00,504.5,504.5,501.1000061035156,502.3999938964844,17191
2025-11-06 14:15:00,502.3999938964844,507.3500061035156,501.6000061035156,501.6000061035156,28402
2025-11-06 14:15:00,502.3999938964844,507.3500061035156,501.6000061035156,501.6000061035156,28402
2025-11-06 15:15:00,502.25,504.45001220703125,502.25,504.1000061035156,19574
2025-11-06 15:15:00,502.25,504.45001220703125,502.25,504.1000061035156,19574
2025-11-07 09:15:00,505.0,505.0,500.6000061035156,502.54998779296875,0
2025-11-07 09:15:00,505.0,505.0,500.6000061035156,502.54998779296875,0
2025-11-07 10:15:00,502.8999938964844,511.0,502.6000061035156,509.70001220703125,61814
2025-11-07 10:15:00,502.8999938964844,511.0,502.6000061035156,509.70001220703125,61814
2025-11-07 11:15:00,509.6499938964844,514.0,508.95001220703125,513.9000244140625,108891
2025-11-07 11:15:00,509.6499938964844,514.0,508.95001220703125,513.9000244140625,108891
2025-11-07 12:15:00,513.9000244140625,516.0,509.8999938964844,510.5,87375
2025-11-07 12:15:00,513.9000244140625,516.0,509.8999938964844,510.5,87375
2025-11-07 13:15:00,510.5,513.0,510.5,511.1499938964844,19849
2025-11-07 13:15:00,510.5,513.0,510.5,511.1499938964844,19849
2025-11-07 14:15:00,511.1499938964844,511.8999938964844,510.5,511.1499938964844,7325
2025-11-07 14:15:00,511.1499938964844,511.8999938964844,510.5,511.1499938964844,7325
2025-11-07 15:15:00,510.75,511.29998779296875,508.8500061035156,510.20001220703125,24846
2025-11-07 15:15:00,510.75,511.29998779296875,508.8500061035156,510.20001220703125,24846
2025-11-10 09:15:00,516.4000244140625,519.0,510.5,514.0,366519
2025-11-10 09:15:00,516.4000244140625,519.0,510.5,514.0,366519
2025-11-10 10:15:00,514.0,516.9500122070312,513.5999755859375,516.1500244140625,32737
2025-11-10 10:15:00,514.0,516.9500122070312,513.5999755859375,516.1500244140625,32737
2025-11-10 11:15:00,515.75,516.4500122070312,514.0999755859375,514.4500122070312,14573
2025-11-10 11:15:00,515.75,516.4500122070312,514.0999755859375,514.4500122070312,14573
2025-11-10 12:15:00,514.9500122070312,523.0,513.5999755859375,519.6500244140625,271614
2025-11-10 12:15:00,514.9500122070312,523.0,513.5999755859375,519.6500244140625,271614
2025-11-10 13:15:00,519.8499755859375,532.7999877929688,518.9000244140625,526.4500122070312,380202
2025-11-10 13:15:00,519.8499755859375,532.7999877929688,518.9000244140625,526.4500122070312,380202
2025-11-10 14:15:00,526.5499877929688,531.0,525.0,527.75,209411
2025-11-10 14:15:00,526.5499877929688,531.0,525.0,527.75,209411
2025-11-10 15:15:00,527.1500244140625,527.2000122070312,524.0499877929688,525.0,202775
2025-11-10 15:15:00,527.1500244140625,527.2000122070312,524.0499877929688,525.0,202775
2025-11-11 09:15:00,530.0,531.4000244140625,510.79998779296875,519.8499755859375,0
2025-11-11 09:15:00,530.0,531.4000244140625,510.79998779296875,519.8499755859375,0
2025-11-11 10:15:00,519.8499755859375,521.2999877929688,516.0999755859375,516.5,58339
2025-11-11 10:15:00,519.8499755859375,521.2999877929688,516.0999755859375,516.5,58339
2025-11-11 11:15:00,516.7000122070312,517.6500244140625,515.2000122070312,515.2000122070312,11421
2025-11-11 11:15:00,516.7000122070312,517.6500244140625,515.2000122070312,515.2000122070312,11421
2025-11-11 12:15:00,515.2000122070312,519.0,515.0499877929688,518.4000244140625,14828
2025-11-11 12:15:00,515.2000122070312,519.0,515.0499877929688,518.4000244140625,14828
2025-11-11 13:15:00,518.4500122070312,521.8499755859375,518.4500122070312,519.75,61984
2025-11-11 13:15:00,518.4500122070312,521.8499755859375,518.4500122070312,519.75,61984
2025-11-11 14:15:00,519.5999755859375,520.2000122070312,515.2999877929688,516.0499877929688,41669
2025-11-11 14:15:00,519.5999755859375,520.2000122070312,515.2999877929688,516.0499877929688,41669
2025-11-11 15:15:00,516.0,516.0,512.2000122070312,512.25,34902
2025-11-11 15:15:00,516.0,516.0,512.2000122070312,512.25,34902
2025-11-12 09:15:00,515.6500244140625,515.6500244140625,503.3999938964844,507.3999938964844,0
2025-11-12 09:15:00,515.6500244140625,515.6500244140625,503.3999938964844,507.3999938964844,0
2025-11-12 10:15:00,507.20001220703125,518.2999877929688,506.5,517.9000244140625,112945
2025-11-12 10:15:00,507.20001220703125,518.2999877929688,506.5,517.9000244140625,112945
2025-11-12 11:15:00,517.5,518.0,512.25,513.25,34011
2025-11-12 11:15:00,517.5,518.0,512.25,513.25,34011
2025-11-12 12:15:00,513.4000244140625,513.8499755859375,509.20001220703125,509.95001220703125,14824
2025-11-12 12:15:00,513.4000244140625,513.8499755859375,509.20001220703125,509.95001220703125,14824
2025-11-12 13:15:00,510.20001220703125,513.0,509.1499938964844,512.2999877929688,14779
2025-11-12 13:15:00,510.20001220703125,513.0,509.1499938964844,512.2999877929688,14779
2025-11-12 14:15:00,512.2999877929688,514.0,511.5,513.4000244140625,32498
2025-11-12 14:15:00,512.2999877929688,514.0,511.5,513.4000244140625,32498
2025-11-12 15:15:00,513.2999877929688,513.2999877929688,509.79998779296875,512.4000244140625,50246
2025-11-12 15:15:00,513.2999877929688,513.2999877929688,509.79998779296875,512.4000244140625,50246
2025-11-13 09:15:00,516.7999877929688,516.7999877929688,510.04998779296875,511.6499938964844,0
2025-11-13 09:15:00,516.7999877929688,516.7999877929688,510.04998779296875,511.6499938964844,0
2025-11-13 10:15:00,511.75,511.75,506.5,507.45001220703125,26476
2025-11-13 10:15:00,511.75,511.75,506.5,507.45001220703125,26476
2025-11-13 11:15:00,507.5,514.5,507.0,513.0,31040
2025-11-13 11:15:00,507.5,514.5,507.0,513.0,31040
2025-11-13 12:15:00,512.9500122070312,520.0,512.0499877929688,520.0,87195
2025-11-13 12:15:00,512.9500122070312,520.0,512.0499877929688,520.0,87195
2025-11-13 13:15:00,520.0,523.5999755859375,515.0499877929688,515.5,112418
2025-11-13 13:15:00,520.0,523.5999755859375,515.0499877929688,515.5,112418
2025-11-13 14:15:00,515.4000244140625,516.6500244140625,512.1500244140625,513.5,28298
2025-11-13 14:15:00,515.4000244140625,516.6500244140625,512.1500244140625,513.5,28298
2025-11-13 15:15:00,513.2000122070312,513.75,510.0,512.3499755859375,28247
2025-11-13 15:15:00,513.2000122070312,513.75,510.0,512.3499755859375,28247
2025-11-14 09:15:00,514.7999877929688,519.2000122070312,512.4000244140625,516.75,0
2025-11-14 09:15:00,514.7999877929688,519.2000122070312,512.4000244140625,516.75,0
2025-11-14 10:15:00,516.2999877929688,522.0,516.2000122070312,520.3499755859375,83544
2025-11-14 10:15:00,516.2999877929688,522.0,516.2000122070312,520.3499755859375,83544
2025-11-14 11:15:00,520.1500244140625,522.7999877929688,520.1500244140625,521.0,35075
2025-11-14 11:15:00,520.1500244140625,522.7999877929688,520.1500244140625,521.0,35075
2025-11-14 12:15:00,521.0,521.0,519.0999755859375,519.1500244140625,21015
2025-11-14 12:15:00,521.0,521.0,519.0999755859375,519.1500244140625,21015
2025-11-14 13:15:00,519.1500244140625,522.0,519.0999755859375,520.8499755859375,26730
2025-11-14 13:15:00,519.1500244140625,522.0,519.0999755859375,520.8499755859375,26730
2025-11-14 14:15:00,521.0,521.0,519.5499877929688,520.25,28047
2025-11-14 14:15:00,521.0,521.0,519.5499877929688,520.25,28047
2025-11-14 15:15:00,520.25,520.5,518.9500122070312,518.9500122070312,27750
2025-11-14 15:15:00,520.25,520.5,518.9500122070312,518.9500122070312,27750
2025-11-17 09:15:00,521.5499877929688,528.7999877929688,520.9000244140625,528.5999755859375,0
2025-11-17 09:15:00,521.5499877929688,528.7999877929688,520.9000244140625,528.5999755859375,0
2025-11-17 10:15:00,528.75,530.0,525.9500122070312,527.25,96851
2025-11-17 10:15:00,528.75,530.0,525.9500122070312,527.25,96851
2025-11-17 11:15:00,527.3499755859375,529.6500244140625,527.2000122070312,528.9500122070312,21371
2025-11-17 11:15:00,527.3499755859375,529.6500244140625,527.2000122070312,528.9500122070312,21371
2025-11-17 12:15:00,528.5,533.7999877929688,528.4500122070312,532.5999755859375,70847
2025-11-17 12:15:00,528.5,533.7999877929688,528.4500122070312,532.5999755859375,70847
2025-11-17 13:15:00,533.0,533.0,529.3499755859375,530.9500122070312,54906
2025-11-17 13:15:00,533.0,533.0,529.3499755859375,530.9500122070312,54906
2025-11-17 14:15:00,530.9500122070312,534.2000122070312,528.2000122070312,529.25,121092
2025-11-17 14:15:00,530.9500122070312,534.2000122070312,528.2000122070312,529.25,121092
2025-11-17 15:15:00,529.1500244140625,529.1500244140625,527.2000122070312,527.2000122070312,51003
2025-11-17 15:15:00,529.1500244140625,529.1500244140625,527.2000122070312,527.2000122070312,51003
2025-11-18 09:15:00,534.0,534.0,528.0,531.7999877929688,0
2025-11-18 09:15:00,534.0,534.0,528.0,531.7999877929688,0
2025-11-18 10:15:00,531.7999877929688,535.4500122070312,531.0,534.5,114127
2025-11-18 10:15:00,531.7999877929688,535.4500122070312,531.0,534.5,114127
2025-11-18 11:15:00,534.7000122070312,535.4000244140625,533.4000244140625,534.4000244140625,44915
2025-11-18 11:15:00,534.7000122070312,535.4000244140625,533.4000244140625,534.4000244140625,44915
2025-11-18 12:15:00,533.9500122070312,534.8499755859375,532.2999877929688,533.3499755859375,29586
2025-11-18 12:15:00,533.9500122070312,534.8499755859375,532.2999877929688,533.3499755859375,29586
2025-11-18 13:15:00,533.0,533.0,531.2999877929688,532.7000122070312,10796
2025-11-18 13:15:00,533.0,533.0,531.2999877929688,532.7000122070312,10796
2025-11-18 14:15:00,532.5499877929688,535.7000122070312,532.2000122070312,534.7999877929688,95455
2025-11-18 14:15:00,532.5499877929688,535.7000122070312,532.2000122070312,534.7999877929688,95455
2025-11-18 15:15:00,535.0,535.0,533.5999755859375,534.0,45816
2025-11-18 15:15:00,535.0,535.0,533.5999755859375,534.0,45816
2025-11-19 09:15:00,537.5999755859375,538.7000122070312,534.0499877929688,535.7000122070312,0
2025-11-19 09:15:00,537.5999755859375,538.7000122070312,534.0499877929688,535.7000122070312,0
2025-11-19 10:15:00,535.4000244140625,536.4000244140625,534.7999877929688,535.25,20186
2025-11-19 10:15:00,535.4000244140625,536.4000244140625,534.7999877929688,535.25,20186
2025-11-19 11:15:00,535.2000122070312,535.7999877929688,534.7000122070312,534.7000122070312,6109
2025-11-19 11:15:00,535.2000122070312,535.7999877929688,534.7000122070312,534.7000122070312,6109
2025-11-19 12:15:00,534.7000122070312,536.0,534.7000122070312,535.2999877929688,8513
2025-11-19 12:15:00,534.7000122070312,536.0,534.7000122070312,535.2999877929688,8513
2025-11-19 13:15:00,535.0,536.0,534.9500122070312,535.7000122070312,8982
2025-11-19 13:15:00,535.0,536.0,534.9500122070312,535.7000122070312,8982
2025-11-19 14:15:00,535.7000122070312,537.0,531.5,532.25,153826
2025-11-19 14:15:00,535.7000122070312,537.0,531.5,532.25,153826
2025-11-19 15:15:00,531.0999755859375,532.5,529.75,530.2000122070312,36723
2025-11-19 15:15:00,531.0999755859375,532.5,529.75,530.2000122070312,36723
2025-11-20 09:15:00,531.9500122070312,531.9500122070312,525.0,527.0,0
2025-11-20 09:15:00,531.9500122070312,531.9500122070312,525.0,527.0,0
2025-11-20 10:15:00,526.9000244140625,532.25,526.0,530.9500122070312,73472
2025-11-20 10:15:00,526.9000244140625,532.25,526.0,530.9500122070312,73472
2025-11-20 11:15:00,530.7999877929688,531.5999755859375,530.0,530.5999755859375,16203
2025-11-20 11:15:00,530.7999877929688,531.5999755859375,530.0,530.5999755859375,16203
2025-11-20 12:15:00,530.4000244140625,530.9500122070312,529.9000244140625,530.5499877929688,5372
2025-11-20 12:15:00,530.4000244140625,530.9500122070312,529.9000244140625,530.5499877929688,5372
2025-11-20 13:15:00,530.5,531.9000244140625,530.5,530.7000122070312,20058
2025-11-20 13:15:00,530.5,531.9000244140625,530.5,530.7000122070312,20058
2025-11-20 14:15:00,531.1500244140625,531.5,529.7999877929688,530.4000244140625,22338
2025-11-20 14:15:00,531.1500244140625,531.5,529.7999877929688,530.4000244140625,22338
2025-11-20 15:15:00,530.0,530.5,527.7999877929688,528.3499755859375,18070
2025-11-20 15:15:00,530.0,530.5,527.7999877929688,528.3499755859375,18070
2025-11-21 09:15:00,531.0,531.2000122070312,518.4000244140625,520.0499877929688,0
2025-11-21 09:15:00,531.0,531.2000122070312,518.4000244140625,520.0499877929688,0
2025-11-21 10:15:00,520.75,524.0,520.5,521.4000244140625,13274
2025-11-21 10:15:00,520.75,524.0,520.5,521.4000244140625,13274
2025-11-21 11:15:00,521.4000244140625,525.0,521.4000244140625,523.5999755859375,14985
2025-11-21 11:15:00,521.4000244140625,525.0,521.4000244140625,523.5999755859375,14985
2025-11-21 12:15:00,523.7000122070312,525.0,522.5499877929688,524.5,34749
2025-11-21 12:15:00,523.7000122070312,525.0,522.5499877929688,524.5,34749
2025-11-21 13:15:00,524.5,525.4000244140625,524.0,525.2000122070312,19023
2025-11-21 13:15:00,524.5,525.4000244140625,524.0,525.2000122070312,19023
2025-11-21 14:15:00,525.2999877929688,525.4000244140625,521.5,521.7999877929688,14206
2025-11-21 14:15:00,525.2999877929688,525.4000244140625,521.5,521.7999877929688,14206
2025-11-21 15:15:00,521.5499877929688,522.0999755859375,518.5,521.5999755859375,13142
2025-11-21 15:15:00,521.5499877929688,522.0999755859375,518.5,521.5999755859375,13142
2025-11-24 09:15:00,524.2999877929688,524.2999877929688,515.75,520.0,0
2025-11-24 09:15:00,524.2999877929688,524.2999877929688,515.75,520.0,0
2025-11-24 10:15:00,519.9500122070312,521.2000122070312,519.0,521.2000122070312,34276
2025-11-24 10:15:00,519.9500122070312,521.2000122070312,519.0,521.2000122070312,34276
2025-11-24 11:15:00,521.2000122070312,521.2000122070312,518.0,519.2000122070312,16155
2025-11-24 11:15:00,521.2000122070312,521.2000122070312,518.0,519.2000122070312,16155
2025-11-24 12:15:00,519.0999755859375,519.2000122070312,517.9000244140625,519.2000122070312,10680
2025-11-24 12:15:00,519.0999755859375,519.2000122070312,517.9000244140625,519.2000122070312,10680
2025-11-24 13:15:00,518.9000244140625,519.0999755859375,517.9000244140625,518.25,11080
2025-11-24 13:15:00,518.9000244140625,519.0999755859375,517.9000244140625,518.25,11080
2025-11-24 14:15:00,517.9500122070312,518.5999755859375,515.3499755859375,517.25,25171
2025-11-24 14:15:00,517.9500122070312,518.5999755859375,515.3499755859375,517.25,25171
2025-11-24 15:15:00,517.25,517.5,514.9000244140625,516.7999877929688,60979
2025-11-24 15:15:00,517.25,517.5,514.9000244140625,516.7999877929688,60979
2025-11-25 09:15:00,518.0,519.4000244140625,514.2999877929688,518.0,0
2025-11-25 09:15:00,518.0,519.4000244140625,514.2999877929688,518.0,0
2025-11-25 10:15:00,518.0,521.0,516.5,518.0,186063
2025-11-25 10:15:00,518.0,521.0,516.5,518.0,186063
2025-11-25 11:15:00,518.8499755859375,521.0,515.8499755859375,518.2999877929688,133117
2025-11-25 11:15:00,518.8499755859375,521.0,515.8499755859375,518.2999877929688,133117
2025-11-25 12:15:00,518.9500122070312,521.25,517.7000122070312,517.75,63547
2025-11-25 12:15:00,518.9500122070312,521.25,517.7000122070312,517.75,63547
2025-11-25 13:15:00,517.75,518.0,515.75,515.9000244140625,17673
2025-11-25 13:15:00,517.75,518.0,515.75,515.9000244140625,17673
2025-11-25 14:15:00,516.4000244140625,517.1500244140625,513.1500244140625,513.1500244140625,22548
2025-11-25 14:15:00,516.4000244140625,517.1500244140625,513.1500244140625,513.1500244140625,22548
2025-11-25 15:15:00,513.2999877929688,514.7999877929688,511.25,511.25,31102
2025-11-25 15:15:00,513.2999877929688,514.7999877929688,511.25,511.25,31102
2025-11-26 09:15:00,513.4000244140625,518.0,512.5,515.1500244140625,0
2025-11-26 09:15:00,513.4000244140625,518.0,512.5,515.1500244140625,0
2025-11-26 10:15:00,515.1500244140625,522.9500122070312,514.2999877929688,520.4000244140625,83247
2025-11-26 10:15:00,515.1500244140625,522.9500122070312,514.2999877929688,520.4000244140625,83247
2025-11-26 11:15:00,519.9000244140625,523.7999877929688,519.2999877929688,521.1500244140625,84714
2025-11-26 11:15:00,519.9000244140625,523.7999877929688,519.2999877929688,521.1500244140625,84714
2025-11-26 12:15:00,521.2000122070312,522.2000122070312,520.75,521.5499877929688,25270
2025-11-26 12:15:00,521.2000122070312,522.2000122070312,520.75,521.5499877929688,25270
2025-11-26 13:15:00,521.7000122070312,527.75,521.6500244140625,527.2000122070312,71739
2025-11-26 13:15:00,521.7000122070312,527.75,521.6500244140625,527.2000122070312,71739
2025-11-26 14:15:00,527.2000122070312,527.2000122070312,522.5999755859375,522.5999755859375,70349
2025-11-26 14:15:00,527.2000122070312,527.2000122070312,522.5999755859375,522.5999755859375,70349
2025-11-26 15:15:00,522.7999877929688,524.0,522.4000244140625,523.4500122070312,45124
2025-11-26 15:15:00,522.7999877929688,524.0,522.4000244140625,523.4500122070312,45124
2025-11-27 09:15:00,527.9500122070312,532.0,525.0499877929688,530.9000244140625,0
2025-11-27 09:15:00,527.9500122070312,532.0,525.0499877929688,530.9000244140625,0
2025-11-27 10:15:00,530.9000244140625,531.1500244140625,526.2999877929688,527.2000122070312,37600
2025-11-27 10:15:00,530.9000244140625,531.1500244140625,526.2999877929688,527.2000122070312,37600
2025-11-27 11:15:00,527.0,527.5,524.9000244140625,526.2999877929688,10698
2025-11-27 11:15:00,527.0,527.5,524.9000244140625,526.2999877929688,10698
2025-11-27 12:15:00,526.75,526.75,523.0,523.3499755859375,11425
2025-11-27 12:15:00,526.75,526.75,523.0,523.3499755859375,11425
2025-11-27 13:15:00,523.3499755859375,525.0,522.5,524.75,13326
2025-11-27 13:15:00,523.3499755859375,525.0,522.5,524.75,13326
2025-11-27 14:15:00,524.75,526.5499877929688,524.4000244140625,524.7999877929688,39822
2025-11-27 14:15:00,524.75,526.5499877929688,524.4000244140625,524.7999877929688,39822
2025-11-27 15:15:00,524.8499755859375,524.8499755859375,521.2000122070312,521.2000122070312,34867
2025-11-27 15:15:00,524.8499755859375,524.8499755859375,521.2000122070312,521.2000122070312,34867
2025-11-28 09:15:00,523.5999755859375,528.0,521.75,528.0,0
2025-11-28 09:15:00,523.5999755859375,528.0,521.75,528.0,0
2025-11-28 10:15:00,528.0,531.0,528.0,529.4000244140625,60043
2025-11-28 10:15:00,528.0,531.0,528.0,529.4000244140625,60043
2025-11-28 11:15:00,529.8499755859375,529.9000244140625,524.1500244140625,524.2000122070312,86849
2025-11-28 11:15:00,529.8499755859375,529.9000244140625,524.1500244140625,524.2000122070312,86849
2025-11-28 12:15:00,524.2999877929688,526.4000244140625,523.4000244140625,524.7000122070312,41629
2025-11-28 12:15:00,524.2999877929688,526.4000244140625,523.4000244140625,524.7000122070312,41629
2025-11-28 13:15:00,524.5999755859375,525.75,521.0,521.2999877929688,40102
2025-11-28 13:15:00,524.5999755859375,525.75,521.0,521.2999877929688,40102
2025-11-28 14:15:00,521.4000244140625,521.9500122070312,517.7000122070312,519.5999755859375,54446
2025-11-28 14:15:00,521.4000244140625,521.9500122070312,517.7000122070312,519.5999755859375,54446
2025-11-28 15:15:00,519.5999755859375,520.5999755859375,517.2999877929688,517.2999877929688,34424
2025-11-28 15:15:00,519.5999755859375,520.5999755859375,517.2999877929688,517.2999877929688,34424
2025-12-01 09:15:00,523.4000244140625,523.4000244140625,516.5999755859375,516.9000244140625,0
2025-12-01 09:15:00,523.4000244140625,523.4000244140625,516.5999755859375,516.9000244140625,0
2025-12-01 10:15:00,516.5999755859375,517.75,513.5999755859375,515.0,58782
2025-12-01 10:15:00,516.5999755859375,517.75,513.5999755859375,515.0,58782
2025-12-01 11:15:00,514.6500244140625,515.2000122070312,511.0,513.5999755859375,17046
2025-12-01 11:15:00,514.6500244140625,515.2000122070312,511.0,513.5999755859375,17046
2025-12-01 12:15:00,514.25,515.0,511.29998779296875,515.0,17282
2025-12-01 12:15:00,514.25,515.0,511.29998779296875,515.0,17282
2025-12-01 13:15:00,513.8499755859375,516.0,513.0,513.0,20614
2025-12-01 13:15:00,513.8499755859375,516.0,513.0,513.0,20614
2025-12-01 14:15:00,513.4500122070312,513.4500122070312,504.5,504.8500061035156,45514
2025-12-01 14:15:00,513.4500122070312,513.4500122070312,504.5,504.8500061035156,45514
2025-12-01 15:15:00,505.0,506.0,500.0,500.0,40715
2025-12-01 15:15:00,505.0,506.0,500.0,500.0,40715
2025-12-02 09:15:00,504.20001220703125,507.0,487.3999938964844,502.6000061035156,0
2025-12-02 09:15:00,504.20001220703125,507.0,487.3999938964844,502.6000061035156,0
2025-12-02 10:15:00,502.25,504.79998779296875,502.0,502.45001220703125,34343
2025-12-02 10:15:00,502.25,504.79998779296875,502.0,502.45001220703125,34343
2025-12-02 11:15:00,502.6000061035156,502.70001220703125,501.1000061035156,501.29998779296875,15892
2025-12-02 11:15:00,502.6000061035156,502.70001220703125,501.1000061035156,501.29998779296875,15892
2025-12-02 12:15:00,501.29998779296875,504.1000061035156,500.75,503.3500061035156,26275
2025-12-02 12:15:00,501.29998779296875,504.1000061035156,500.75,503.3500061035156,26275
2025-12-02 13:15:00,503.6499938964844,503.6499938964844,502.25,503.1499938964844,5736
2025-12-02 13:15:00,503.6499938964844,503.6499938964844,502.25,503.1499938964844,5736
2025-12-02 14:15:00,503.6000061035156,504.0,500.0,500.20001220703125,84538
2025-12-02 14:15:00,503.6000061035156,504.0,500.0,500.20001220703125,84538
2025-12-02 15:15:00,500.3500061035156,502.1499938964844,499.1499938964844,500.0,60474
2025-12-02 15:15:00,500.3500061035156,502.1499938964844,499.1499938964844,500.0,60474
2025-12-03 09:15:00,505.04998779296875,506.8999938964844,502.5,506.3999938964844,0
2025-12-03 09:15:00,505.04998779296875,506.8999938964844,502.5,506.3999938964844,0
2025-12-03 10:15:00,506.0,506.0,503.70001220703125,504.6000061035156,15974
2025-12-03 10:15:00,506.0,506.0,503.70001220703125,504.6000061035156,15974
2025-12-03 11:15:00,505.1499938964844,506.5,504.1000061035156,506.1000061035156,37434
2025-12-03 11:15:00,505.1499938964844,506.5,504.1000061035156,506.1000061035156,37434
2025-12-03 12:15:00,506.3500061035156,506.3500061035156,504.0,504.8999938964844,7063
2025-12-03 12:15:00,506.3500061035156,506.3500061035156,504.0,504.8999938964844,7063
2025-12-03 13:15:00,504.95001220703125,506.5,504.3500061035156,506.3999938964844,54040
2025-12-03 13:15:00,504.95001220703125,506.5,504.3500061035156,506.3999938964844,54040
2025-12-03 14:15:00,506.20001220703125,507.0,505.8500061035156,507.0,19573
2025-12-03 14:15:00,506.20001220703125,507.0,505.8500061035156,507.0,19573
2025-12-03 15:15:00,506.75,507.0,503.5,504.0,68489
2025-12-03 15:15:00,506.75,507.0,503.5,504.0,68489
2025-12-04 09:15:00,509.0,509.0,506.5,506.79998779296875,0
2025-12-04 09:15:00,509.0,509.0,506.5,506.79998779296875,0
2025-12-04 10:15:00,506.79998779296875,510.75,504.25,504.70001220703125,82201
2025-12-04 10:15:00,506.79998779296875,510.75,504.25,504.70001220703125,82201
2025-12-04 11:15:00,504.70001220703125,505.70001220703125,504.20001220703125,505.0,14323
2025-12-04 11:15:00,504.70001220703125,505.70001220703125,504.20001220703125,505.0,14323
2025-12-04 12:15:00,505.0,505.45001220703125,503.3999938964844,503.8500061035156,9617
2025-12-04 12:15:00,505.0,505.45001220703125,503.3999938964844,503.8500061035156,9617
2025-12-04 13:15:00,503.8500061035156,504.25,503.0,503.20001220703125,41032
2025-12-04 13:15:00,503.8500061035156,504.25,503.0,503.20001220703125,41032
2025-12-04 14:15:00,502.79998779296875,503.45001220703125,501.1499938964844,501.6499938964844,39110
2025-12-04 14:15:00,502.79998779296875,503.45001220703125,501.1499938964844,501.6499938964844,39110
2025-12-04 15:15:00,501.6000061035156,501.6000061035156,498.20001220703125,501.29998779296875,27456
2025-12-04 15:15:00,501.6000061035156,501.6000061035156,498.20001220703125,501.29998779296875,27456
2025-12-05 09:15:00,503.8999938964844,504.0,501.6000061035156,502.95001220703125,0
2025-12-05 09:15:00,503.8999938964844,504.0,501.6000061035156,502.95001220703125,0
2025-12-05 10:15:00,503.04998779296875,503.8500061035156,500.3999938964844,501.20001220703125,41502
2025-12-05 10:15:00,503.04998779296875,503.8500061035156,500.3999938964844,501.20001220703125,41502
2025-12-05 11:15:00,501.54998779296875,502.0,499.54998779296875,499.8999938964844,21790
2025-12-05 11:15:00,501.54998779296875,502.0,499.54998779296875,499.8999938964844,21790
2025-12-05 12:15:00,500.29998779296875,502.1499938964844,499.79998779296875,501.29998779296875,20384
2025-12-05 12:15:00,500.29998779296875,502.1499938964844,499.79998779296875,501.29998779296875,20384
2025-12-05 13:15:00,501.25,501.79998779296875,501.20001220703125,501.20001220703125,10131
2025-12-05 13:15:00,501.25,501.79998779296875,501.20001220703125,501.20001220703125,10131
2025-12-05 14:15:00,501.29998779296875,501.95001220703125,499.8999938964844,500.29998779296875,9854
2025-12-05 14:15:00,501.29998779296875,501.95001220703125,499.8999938964844,500.29998779296875,9854
2025-12-05 15:15:00,500.1000061035156,502.0,499.0,501.45001220703125,67430
2025-12-05 15:15:00,500.1000061035156,502.0,499.0,501.45001220703125,67430
2025-12-08 09:15:00,503.6000061035156,503.6000061035156,493.1499938964844,493.95001220703125,0
2025-12-08 09:15:00,503.6000061035156,503.6000061035156,493.1499938964844,493.95001220703125,0
2025-12-08 09:15:00,503.6000061035156,503.6000061035156,493.1499938964844,493.95001220703125,0
2025-12-08 10:15:00,494.0,494.20001220703125,487.5,491.6499938964844,39124
2025-12-08 10:15:00,494.0,494.20001220703125,487.5,491.6499938964844,39124
2025-12-08 10:15:00,494.0,494.20001220703125,487.5,491.6499938964844,39124
2025-12-08 11:15:00,491.5,491.5,483.5,484.3999938964844,24920
2025-12-08 11:15:00,491.5,491.5,483.5,484.3999938964844,24920
2025-12-08 11:15:00,491.5,491.5,483.5,484.3999938964844,24920
2025-12-08 12:15:00,484.1000061035156,484.3999938964844,473.29998779296875,475.54998779296875,76383
2025-12-08 12:15:00,484.1000061035156,484.3999938964844,473.29998779296875,475.54998779296875,76383
2025-12-08 12:15:00,484.1000061035156,484.3999938964844,473.29998779296875,475.54998779296875,76383
2025-12-08 13:15:00,474.75,479.75,470.20001220703125,478.0,38218
2025-12-08 13:15:00,474.75,479.75,470.20001220703125,478.0,38218
2025-12-08 13:15:00,474.75,479.75,470.20001220703125,478.0,38218
2025-12-08 14:15:00,477.95001220703125,478.0,467.25,468.25,96081
2025-12-08 14:15:00,477.95001220703125,478.0,467.25,468.25,96081
2025-12-08 14:15:00,477.95001220703125,478.0,467.25,468.25,96081
2025-12-08 15:15:00,468.25,470.04998779296875,466.0,469.6000061035156,0
2025-12-08 15:15:00,468.25,470.04998779296875,466.0,469.6000061035156,0
2025-12-08 15:15:00,468.25,470.04998779296875,466.0,469.6000061035156,0
2025-12-09 09:15:00,472.54998779296875,474.75,465.79998779296875,468.1000061035156,89906
2025-12-09 09:15:00,472.54998779296875,474.75,465.79998779296875,468.1000061035156,89906
2025-12-09 09:15:00,472.54998779296875,474.75,465.79998779296875,468.1000061035156,89906
2025-12-09 10:15:00,468.0,470.8500061035156,467.5,470.45001220703125,34428
2025-12-09 10:15:00,468.0,470.8500061035156,467.5,470.45001220703125,34428
2025-12-09 10:15:00,468.0,470.8500061035156,467.5,470.45001220703125,34428
2025-12-09 11:15:00,470.1000061035156,473.0,470.0,472.70001220703125,36421
2025-12-09 11:15:00,470.1000061035156,473.0,470.0,472.70001220703125,36421
2025-12-09 11:15:00,470.1000061035156,473.0,470.0,472.70001220703125,36421
2025-12-09 12:15:00,472.95001220703125,474.0,470.04998779296875,470.79998779296875,15087
2025-12-09 12:15:00,472.95001220703125,474.0,470.04998779296875,470.79998779296875,15087
2025-12-09 12:15:00,472.95001220703125,474.0,470.04998779296875,470.79998779296875,15087
2025-12-09 13:15:00,470.79998779296875,472.29998779296875,470.79998779296875,471.04998779296875,20953
2025-12-09 13:15:00,470.79998779296875,472.29998779296875,470.79998779296875,471.04998779296875,20953
2025-12-09 13:15:00,470.79998779296875,472.29998779296875,470.79998779296875,471.04998779296875,20953
2025-12-09 14:15:00,471.25,471.8999938964844,469.54998779296875,470.45001220703125,28022
2025-12-09 14:15:00,471.25,471.8999938964844,469.54998779296875,470.45001220703125,28022
2025-12-09 14:15:00,471.25,471.8999938964844,469.54998779296875,470.45001220703125,28022
2025-12-09 15:15:00,470.29998779296875,470.8500061035156,467.3999938964844,469.8999938964844,21820
2025-12-09 15:15:00,470.29998779296875,470.8500061035156,467.3999938964844,469.8999938964844,21820
2025-12-09 15:15:00,470.29998779296875,470.8500061035156,467.3999938964844,469.8999938964844,21820
2025-12-10 09:15:00,474.0,474.79998779296875,467.20001220703125,471.45001220703125,0
2025-12-10 09:15:00,474.0,474.79998779296875,467.20001220703125,471.45001220703125,0
2025-12-10 09:15:00,474.0,474.79998779296875,467.20001220703125,471.45001220703125,0
2025-12-10 10:15:00,471.79998779296875,472.8999938964844,463.54998779296875,466.0,27215
2025-12-10 10:15:00,471.79998779296875,472.8999938964844,463.54998779296875,466.0,27215
2025-12-10 10:15:00,471.79998779296875,472.8999938964844,463.54998779296875,466.0,27215
2025-12-10 11:15:00,466.20001220703125,466.20001220703125,463.0,463.5,21957
2025-12-10 11:15:00,466.20001220703125,466.20001220703125,463.0,463.5,21957
2025-12-10 11:15:00,466.20001220703125,466.20001220703125,463.0,463.5,21957
2025-12-10 12:15:00,463.5,464.8500061035156,460.54998779296875,464.29998779296875,23393
2025-12-10 12:15:00,463.5,464.8500061035156,460.54998779296875,464.29998779296875,23393
2025-12-10 12:15:00,463.5,464.8500061035156,460.54998779296875,464.29998779296875,23393
2025-12-10 13:15:00,464.29998779296875,467.0,462.79998779296875,463.3500061035156,29440
2025-12-10 13:15:00,464.29998779296875,467.0,462.79998779296875,463.3500061035156,29440
2025-12-10 13:15:00,464.29998779296875,467.0,462.79998779296875,463.3500061035156,29440
2025-12-10 14:15:00,463.20001220703125,463.8999938964844,460.95001220703125,461.8500061035156,15491
2025-12-10 14:15:00,463.20001220703125,463.8999938964844,460.95001220703125,461.8500061035156,15491
2025-12-10 14:15:00,463.20001220703125,463.8999938964844,460.95001220703125,461.8500061035156,15491
2025-12-10 15:15:00,461.54998779296875,461.54998779296875,458.1499938964844,459.0,15151
2025-12-10 15:15:00,461.54998779296875,461.54998779296875,458.1499938964844,459.0,15151
2025-12-10 15:15:00,461.54998779296875,461.54998779296875,458.1499938964844,459.0,15151
2025-12-11 09:15:00,465.79998779296875,465.79998779296875,457.6000061035156,461.0,0
2025-12-11 09:15:00,465.79998779296875,465.79998779296875,457.6000061035156,461.0,0
2025-12-11 09:15:00,465.79998779296875,465.79998779296875,457.6000061035156,461.0,0
2025-12-11 10:15:00,461.0,463.8500061035156,461.0,462.8999938964844,29891
2025-12-11 10:15:00,461.0,463.8500061035156,461.0,462.8999938964844,29891
2025-12-11 10:15:00,461.0,463.8500061035156,461.0,462.8999938964844,29891
2025-12-11 11:15:00,462.8999938964844,470.5,462.79998779296875,470.3999938964844,46240
2025-12-11 11:15:00,462.8999938964844,470.5,462.79998779296875,470.3999938964844,46240
2025-12-11 11:15:00,462.8999938964844,470.5,462.79998779296875,470.3999938964844,46240
2025-12-11 12:15:00,470.79998779296875,473.0,470.25,472.0,30774
2025-12-11 12:15:00,470.79998779296875,473.0,470.25,472.0,30774
2025-12-11 12:15:00,470.79998779296875,473.0,470.25,472.0,30774
2025-12-11 13:15:00,471.8500061035156,474.0,470.5,471.1499938964844,35328
2025-12-11 13:15:00,471.8500061035156,474.0,470.5,471.1499938964844,35328
2025-12-11 13:15:00,471.8500061035156,474.0,470.5,471.1499938964844,35328
2025-12-11 14:15:00,471.1000061035156,472.0,471.0,471.75,28098
2025-12-11 14:15:00,471.1000061035156,472.0,471.0,471.75,28098
2025-12-11 14:15:00,471.1000061035156,472.0,471.0,471.75,28098
2025-12-11 15:15:00,471.3500061035156,471.6000061035156,469.29998779296875,471.04998779296875,20678
2025-12-11 15:15:00,471.3500061035156,471.6000061035156,469.29998779296875,471.04998779296875,20678
2025-12-11 15:15:00,471.3500061035156,471.6000061035156,469.29998779296875,471.04998779296875,20678
2025-12-12 09:15:00,472.20001220703125,473.20001220703125,469.5,469.6000061035156,0
2025-12-12 09:15:00,472.20001220703125,473.20001220703125,469.5,469.6000061035156,0
2025-12-12 09:15:00,472.20001220703125,473.20001220703125,469.5,469.6000061035156,0
2025-12-12 10:15:00,469.29998779296875,471.54998779296875,468.0,470.5,20882
2025-12-12 10:15:00,469.29998779296875,471.54998779296875,468.0,470.5,20882
2025-12-12 10:15:00,469.29998779296875,471.54998779296875,468.0,470.5,20882
2025-12-12 11:15:00,471.20001220703125,473.5,469.5,469.79998779296875,65492
2025-12-12 11:15:00,471.20001220703125,473.5,469.5,469.79998779296875,65492
2025-12-12 11:15:00,471.20001220703125,473.5,469.5,469.79998779296875,65492
2025-12-12 12:15:00,469.3999938964844,470.8999938964844,469.25,470.20001220703125,2475
2025-12-12 12:15:00,469.3999938964844,470.8999938964844,469.25,470.20001220703125,2475
2025-12-12 12:15:00,469.3999938964844,470.8999938964844,469.25,470.20001220703125,2475
2025-12-12 13:15:00,470.25,474.0,469.5,474.0,12535
2025-12-12 13:15:00,470.25,474.0,469.5,474.0,12535
2025-12-12 13:15:00,470.25,474.0,469.5,474.0,12535
2025-12-12 14:15:00,474.0,476.79998779296875,473.8500061035156,474.8999938964844,54981
2025-12-12 14:15:00,474.0,476.79998779296875,473.8500061035156,474.8999938964844,54981
2025-12-12 14:15:00,474.0,476.79998779296875,473.8500061035156,474.8999938964844,54981
2025-12-12 15:15:00,474.70001220703125,474.8500061035156,471.29998779296875,474.1499938964844,29380
2025-12-12 15:15:00,474.70001220703125,474.8500061035156,471.29998779296875,474.1499938964844,29380
2025-12-12 15:15:00,474.70001220703125,474.8500061035156,471.29998779296875,474.1499938964844,29380
2025-12-15 09:15:00,473.8999938964844,473.8999938964844,469.79998779296875,472.79998779296875,0
2025-12-15 09:15:00,473.8999938964844,473.8999938964844,469.79998779296875,472.79998779296875,0
2025-12-15 09:15:00,473.8999938964844,473.8999938964844,469.79998779296875,472.79998779296875,0
2025-12-15 10:15:00,472.6499938964844,474.0,471.0,473.6000061035156,20894
2025-12-15 10:15:00,472.6499938964844,474.0,471.0,473.6000061035156,20894
2025-12-15 10:15:00,472.6499938964844,474.0,471.0,473.6000061035156,20894
2025-12-15 11:15:00,473.54998779296875,473.54998779296875,470.8999938964844,471.45001220703125,11096
2025-12-15 11:15:00,473.54998779296875,473.54998779296875,470.8999938964844,471.45001220703125,11096
2025-12-15 11:15:00,473.54998779296875,473.54998779296875,470.8999938964844,471.45001220703125,11096
2025-12-15 12:15:00,471.45001220703125,473.0,471.0,472.1000061035156,3706
2025-12-15 12:15:00,471.45001220703125,473.0,471.0,472.1000061035156,3706
2025-12-15 12:15:00,471.45001220703125,473.0,471.0,472.1000061035156,3706
2025-12-15 13:15:00,472.25,477.0,472.0,476.3500061035156,25947
2025-12-15 13:15:00,472.25,477.0,472.0,476.3500061035156,25947
2025-12-15 13:15:00,472.25,477.0,472.0,476.3500061035156,25947
2025-12-15 14:15:00,476.70001220703125,480.3500061035156,476.70001220703125,479.70001220703125,51221
2025-12-15 14:15:00,476.70001220703125,480.3500061035156,476.70001220703125,479.70001220703125,51221
2025-12-15 14:15:00,476.70001220703125,480.3500061035156,476.70001220703125,479.70001220703125,51221
2025-12-15 15:15:00,479.70001220703125,480.0,478.5,479.29998779296875,12491
2025-12-15 15:15:00,479.70001220703125,480.0,478.5,479.29998779296875,12491
2025-12-15 15:15:00,479.70001220703125,480.0,478.5,479.29998779296875,12491
2025-12-16 09:15:00,481.25,493.0,481.1499938964844,489.45001220703125,10767
2025-12-16 09:15:00,481.25,493.0,481.1499938964844,489.45001220703125,10767
2025-12-16 09:15:00,481.25,493.0,481.1499938964844,489.45001220703125,10767
2025-12-16 10:15:00,489.45001220703125,489.5,483.6000061035156,483.95001220703125,38749
2025-12-16 10:15:00,489.45001220703125,489.5,483.6000061035156,483.95001220703125,38749
2025-12-16 10:15:00,489.45001220703125,489.5,483.6000061035156,483.95001220703125,38749
2025-12-16 11:15:00,484.20001220703125,484.25,481.5,481.6000061035156,20475
2025-12-16 11:15:00,484.20001220703125,484.25,481.5,481.6000061035156,20475
2025-12-16 11:15:00,484.20001220703125,484.25,481.5,481.6000061035156,20475
2025-12-16 12:15:00,481.45001220703125,485.0,480.04998779296875,481.0,32027
2025-12-16 12:15:00,481.45001220703125,485.0,480.04998779296875,481.0,32027
2025-12-16 12:15:00,481.45001220703125,485.0,480.04998779296875,481.0,32027
2025-12-16 13:15:00,481.3500061035156,482.3999938964844,480.04998779296875,482.0,4810
2025-12-16 13:15:00,481.3500061035156,482.3999938964844,480.04998779296875,482.0,4810
2025-12-16 13:15:00,481.3500061035156,482.3999938964844,480.04998779296875,482.0,4810
2025-12-16 14:15:00,482.0,482.29998779296875,480.20001220703125,481.0,61790
2025-12-16 14:15:00,482.0,482.29998779296875,480.20001220703125,481.0,61790
2025-12-16 14:15:00,482.0,482.29998779296875,480.20001220703125,481.0,61790
2025-12-16 15:15:00,480.6000061035156,481.5,479.0,481.5,18614
2025-12-16 15:15:00,480.6000061035156,481.5,479.0,481.5,18614
2025-12-16 15:15:00,480.6000061035156,481.5,479.0,481.5,18614
2025-12-17 09:15:00,482.5,483.6000061035156,477.3500061035156,479.5,0
2025-12-17 09:15:00,482.5,483.6000061035156,477.3500061035156,479.5,0
2025-12-17 09:15:00,482.5,483.6000061035156,477.3500061035156,479.5,0
2025-12-17 10:15:00,479.20001220703125,479.29998779296875,477.79998779296875,478.1000061035156,5007
2025-12-17 10:15:00,479.20001220703125,479.29998779296875,477.79998779296875,478.1000061035156,5007
2025-12-17 10:15:00,479.20001220703125,479.29998779296875,477.79998779296875,478.1000061035156,5007
2025-12-17 11:15:00,478.6499938964844,481.3999938964844,478.1000061035156,481.3999938964844,16103
2025-12-17 11:15:00,478.6499938964844,481.3999938964844,478.1000061035156,481.3999938964844,16103
2025-12-17 11:15:00,478.6499938964844,481.3999938964844,478.1000061035156,481.3999938964844,16103
2025-12-17 12:15:00,481.45001220703125,481.5,479.8500061035156,481.0,8445
2025-12-17 12:15:00,481.45001220703125,481.5,479.8500061035156,481.0,8445
2025-12-17 12:15:00,481.45001220703125,481.5,479.8500061035156,481.0,8445
2025-12-17 13:15:00,480.29998779296875,480.5,477.8999938964844,480.3999938964844,21188
2025-12-17 13:15:00,480.29998779296875,480.5,477.8999938964844,480.3999938964844,21188
2025-12-17 13:15:00,480.29998779296875,480.5,477.8999938964844,480.3999938964844,21188
2025-12-17 14:15:00,480.70001220703125,482.25,480.3999938964844,481.3500061035156,18355
2025-12-17 14:15:00,480.70001220703125,482.25,480.3999938964844,481.3500061035156,18355
2025-12-17 14:15:00,480.70001220703125,482.25,480.3999938964844,481.3500061035156,18355
2025-12-17 15:15:00,481.3500061035156,481.6000061035156,479.0,479.0,19967
2025-12-17 15:15:00,481.3500061035156,481.6000061035156,479.0,479.0,19967
2025-12-17 15:15:00,481.3500061035156,481.6000061035156,479.0,479.0,19967
2025-12-18 09:15:00,477.3999938964844,479.1000061035156,476.0,477.95001220703125,0
2025-12-18 09:15:00,477.3999938964844,479.1000061035156,476.0,477.95001220703125,0
2025-12-18 09:15:00,477.3999938964844,479.1000061035156,476.0,477.95001220703125,0
2025-12-18 10:15:00,478.0,481.0,477.8999938964844,479.3999938964844,45053
2025-12-18 10:15:00,478.0,481.0,477.8999938964844,479.3999938964844,45053
2025-12-18 10:15:00,478.0,481.0,477.8999938964844,479.3999938964844,45053
2025-12-18 11:15:00,479.3999938964844,479.8500061035156,478.79998779296875,479.6499938964844,2610
2025-12-18 11:15:00,479.3999938964844,479.8500061035156,478.79998779296875,479.6499938964844,2610
2025-12-18 11:15:00,479.3999938964844,479.8500061035156,478.79998779296875,479.6499938964844,2610
2025-12-18 12:15:00,480.0,480.0,478.1499938964844,479.20001220703125,10973
2025-12-18 12:15:00,480.0,480.0,478.1499938964844,479.20001220703125,10973
2025-12-18 12:15:00,480.0,480.0,478.1499938964844,479.20001220703125,10973
2025-12-18 13:15:00,479.1499938964844,479.25,468.29998779296875,471.0,436997
2025-12-18 13:15:00,479.1499938964844,479.25,468.29998779296875,471.0,436997
2025-12-18 13:15:00,479.1499938964844,479.25,468.29998779296875,471.0,436997
2025-12-18 14:15:00,471.0,477.0,470.3999938964844,475.20001220703125,156333
2025-12-18 14:15:00,471.0,477.0,470.3999938964844,475.20001220703125,156333
2025-12-18 14:15:00,471.0,477.0,470.3999938964844,475.20001220703125,156333
2025-12-18 15:15:00,476.0,476.0,470.1499938964844,472.0,109607
2025-12-18 15:15:00,476.0,476.0,470.1499938964844,472.0,109607
2025-12-18 15:15:00,476.0,476.0,470.1499938964844,472.0,109607
2025-12-19 09:15:00,475.0,478.1000061035156,471.54998779296875,478.1000061035156,0
2025-12-19 09:15:00,475.0,478.1000061035156,471.54998779296875,478.1000061035156,0
2025-12-19 09:15:00,475.0,478.1000061035156,471.54998779296875,478.1000061035156,0
2025-12-19 10:15:00,478.5,481.0,475.0,477.04998779296875,56006
2025-12-19 10:15:00,478.5,481.0,475.0,477.04998779296875,56006
2025-12-19 10:15:00,478.5,481.0,475.0,477.04998779296875,56006
2025-12-19 11:15:00,477.6000061035156,480.0,477.29998779296875,480.0,15033
2025-12-19 11:15:00,477.6000061035156,480.0,477.29998779296875,480.0,15033
2025-12-19 11:15:00,477.6000061035156,480.0,477.29998779296875,480.0,15033
2025-12-19 12:15:00,480.0,482.8500061035156,479.8999938964844,482.1499938964844,41628
2025-12-19 12:15:00,480.0,482.8500061035156,479.8999938964844,482.1499938964844,41628
2025-12-19 12:15:00,480.0,482.8500061035156,479.8999938964844,482.1499938964844,41628
2025-12-19 13:15:00,482.5,484.0,482.20001220703125,483.8999938964844,19192
2025-12-19 13:15:00,482.5,484.0,482.20001220703125,483.8999938964844,19192
2025-12-19 13:15:00,482.5,484.0,482.20001220703125,483.8999938964844,19192
2025-12-19 14:15:00,483.95001220703125,484.0,481.04998779296875,481.3999938964844,16778
2025-12-19 14:15:00,483.95001220703125,484.0,481.04998779296875,481.3999938964844,16778
2025-12-19 14:15:00,483.95001220703125,484.0,481.04998779296875,481.3999938964844,16778
2025-12-19 15:15:00,481.1000061035156,481.70001220703125,480.0,481.1000061035156,26169
2025-12-19 15:15:00,481.1000061035156,481.70001220703125,480.0,481.1000061035156,26169
2025-12-19 15:15:00,481.1000061035156,481.70001220703125,480.0,481.1000061035156,26169
2025-12-22 09:15:00,481.1499938964844,491.0,480.3999938964844,485.04998779296875,0
2025-12-22 09:15:00,481.1499938964844,491.0,480.3999938964844,485.04998779296875,0
2025-12-22 09:15:00,481.1499938964844,491.0,480.3999938964844,485.04998779296875,0
2025-12-22 10:15:00,485.04998779296875,492.0,485.04998779296875,492.0,32061
2025-12-22 10:15:00,485.04998779296875,492.0,485.04998779296875,492.0,32061
2025-12-22 10:15:00,485.04998779296875,492.0,485.04998779296875,492.0,32061
2025-12-22 11:15:00,492.0,496.75,492.0,496.3999938964844,50413
2025-12-22 11:15:00,492.0,496.75,492.0,496.3999938964844,50413
2025-12-22 11:15:00,492.0,496.75,492.0,496.3999938964844,50413
2025-12-22 12:15:00,496.5,497.5,495.1000061035156,497.5,31857
2025-12-22 12:15:00,496.5,497.5,495.1000061035156,497.5,31857
2025-12-22 12:15:00,496.5,497.5,495.1000061035156,497.5,31857
2025-12-22 13:15:00,497.8999938964844,500.8500061035156,497.1000061035156,499.95001220703125,43004
2025-12-22 13:15:00,497.8999938964844,500.8500061035156,497.1000061035156,499.95001220703125,43004
2025-12-22 13:15:00,497.8999938964844,500.8500061035156,497.1000061035156,499.95001220703125,43004
2025-12-22 14:15:00,501.0,503.8999938964844,500.8500061035156,501.1499938964844,70470
2025-12-22 14:15:00,501.0,503.8999938964844,500.8500061035156,501.1499938964844,70470
2025-12-22 14:15:00,501.0,503.8999938964844,500.8500061035156,501.1499938964844,70470
2025-12-22 15:15:00,501.1000061035156,501.54998779296875,499.95001220703125,501.54998779296875,34327
2025-12-22 15:15:00,501.1000061035156,501.54998779296875,499.95001220703125,501.54998779296875,34327
2025-12-22 15:15:00,501.1000061035156,501.54998779296875,499.95001220703125,501.54998779296875,34327
2025-12-23 09:15:00,500.8999938964844,506.0,499.8500061035156,503.6499938964844,0
2025-12-23 09:15:00,500.8999938964844,506.0,499.8500061035156,503.6499938964844,0
2025-12-23 09:15:00,500.8999938964844,506.0,499.8500061035156,503.6499938964844,0
2025-12-23 10:15:00,503.3999938964844,505.75,502.04998779296875,505.75,32389
2025-12-23 10:15:00,503.3999938964844,505.75,502.04998779296875,505.75,32389
2025-12-23 10:15:00,503.3999938964844,505.75,502.04998779296875,505.75,32389
2025-12-23 11:15:00,506.70001220703125,508.45001220703125,494.6000061035156,495.1499938964844,139591
2025-12-23 11:15:00,506.70001220703125,508.45001220703125,494.6000061035156,495.1499938964844,139591
2025-12-23 11:15:00,506.70001220703125,508.45001220703125,494.6000061035156,495.1499938964844,139591
2025-12-23 12:15:00,495.1499938964844,496.0,494.1000061035156,495.04998779296875,8682
2025-12-23 12:15:00,495.1499938964844,496.0,494.1000061035156,495.04998779296875,8682
2025-12-23 12:15:00,495.1499938964844,496.0,494.1000061035156,495.04998779296875,8682
2025-12-23 13:15:00,494.5,495.79998779296875,494.04998779296875,494.45001220703125,17055
2025-12-23 13:15:00,494.5,495.79998779296875,494.04998779296875,494.45001220703125,17055
2025-12-23 13:15:00,494.5,495.79998779296875,494.04998779296875,494.45001220703125,17055
2025-12-23 14:15:00,494.79998779296875,497.0,492.25,493.79998779296875,51351
2025-12-23 14:15:00,494.79998779296875,497.0,492.25,493.79998779296875,51351
2025-12-23 14:15:00,494.79998779296875,497.0,492.25,493.79998779296875,51351
2025-12-23 15:15:00,494.1000061035156,494.1499938964844,491.29998779296875,491.8999938964844,51656
2025-12-23 15:15:00,494.1000061035156,494.1499938964844,491.29998779296875,491.8999938964844,51656
2025-12-23 15:15:00,494.1000061035156,494.1499938964844,491.29998779296875,491.8999938964844,51656
2025-12-24 09:15:00,491.5,491.5,484.04998779296875,485.5,0
2025-12-24 09:15:00,491.5,491.5,484.04998779296875,485.5,0
2025-12-24 09:15:00,491.5,491.5,484.04998779296875,485.5,0
2025-12-24 10:15:00,485.6000061035156,486.45001220703125,484.5,486.3999938964844,11199
2025-12-24 10:15:00,485.6000061035156,486.45001220703125,484.5,486.3999938964844,11199
2025-12-24 10:15:00,485.6000061035156,486.45001220703125,484.5,486.3999938964844,11199
2025-12-24 11:15:00,486.1000061035156,487.8999938964844,486.0,486.8999938964844,28494
2025-12-24 11:15:00,486.1000061035156,487.8999938964844,486.0,486.8999938964844,28494
2025-12-24 11:15:00,486.1000061035156,487.8999938964844,486.0,486.8999938964844,28494
2025-12-24 12:15:00,486.8999938964844,488.3999938964844,486.8999938964844,487.1000061035156,10065
2025-12-24 12:15:00,486.8999938964844,488.3999938964844,486.8999938964844,487.1000061035156,10065
2025-12-24 12:15:00,486.8999938964844,488.3999938964844,486.8999938964844,487.1000061035156,10065
2025-12-24 13:15:00,486.79998779296875,486.79998779296875,483.6000061035156,485.5,20416
2025-12-24 13:15:00,486.79998779296875,486.79998779296875,483.6000061035156,485.5,20416
2025-12-24 13:15:00,486.79998779296875,486.79998779296875,483.6000061035156,485.5,20416
2025-12-24 14:15:00,485.8500061035156,486.5,484.1499938964844,484.1499938964844,10755
2025-12-24 14:15:00,485.8500061035156,486.5,484.1499938964844,484.1499938964844,10755
2025-12-24 14:15:00,485.8500061035156,486.5,484.1499938964844,484.1499938964844,10755
2025-12-24 15:15:00,484.1000061035156,484.1000061035156,478.6499938964844,480.0,44976
2025-12-24 15:15:00,484.1000061035156,484.1000061035156,478.6499938964844,480.0,44976
2025-12-24 15:15:00,484.1000061035156,484.1000061035156,478.6499938964844,480.0,44976
2025-12-26 09:15:00,479.8999938964844,489.3999938964844,476.1000061035156,489.3999938964844,0
2025-12-26 09:15:00,479.8999938964844,489.3999938964844,476.1000061035156,489.3999938964844,0
2025-12-26 09:15:00,479.8999938964844,489.3999938964844,476.1000061035156,489.3999938964844,0
2025-12-26 10:15:00,489.70001220703125,491.0,486.0,487.29998779296875,53183
2025-12-26 10:15:00,489.70001220703125,491.0,486.0,487.29998779296875,53183
2025-12-26 10:15:00,489.70001220703125,491.0,486.0,487.29998779296875,53183
2025-12-26 11:15:00,487.1000061035156,489.0,486.70001220703125,489.0,17317
2025-12-26 11:15:00,487.1000061035156,489.0,486.70001220703125,489.0,17317
2025-12-26 11:15:00,487.1000061035156,489.0,486.70001220703125,489.0,17317
2025-12-26 12:15:00,488.95001220703125,489.70001220703125,487.70001220703125,489.0,20448
2025-12-26 12:15:00,488.95001220703125,489.70001220703125,487.70001220703125,489.0,20448
2025-12-26 12:15:00,488.95001220703125,489.70001220703125,487.70001220703125,489.0,20448
2025-12-26 13:15:00,489.0,491.75,489.0,490.3500061035156,28037
2025-12-26 13:15:00,489.0,491.75,489.0,490.3500061035156,28037
2025-12-26 13:15:00,489.0,491.75,489.0,490.3500061035156,28037
2025-12-26 14:15:00,489.79998779296875,489.79998779296875,485.54998779296875,487.0,44412
2025-12-26 14:15:00,489.79998779296875,489.79998779296875,485.54998779296875,487.0,44412
2025-12-26 14:15:00,489.79998779296875,489.79998779296875,485.54998779296875,487.0,44412
2025-12-26 15:15:00,486.3500061035156,486.5,484.5,485.0,34813
2025-12-26 15:15:00,486.3500061035156,486.5,484.5,485.0,34813
2025-12-26 15:15:00,486.3500061035156,486.5,484.5,485.0,34813
2025-12-29 09:15:00,486.5,486.54998779296875,481.79998779296875,483.54998779296875,0
2025-12-29 09:15:00,486.5,486.54998779296875,481.79998779296875,483.54998779296875,0
2025-12-29 09:15:00,486.5,486.54998779296875,481.79998779296875,483.54998779296875,0
2025-12-29 10:15:00,484.0,484.0,481.3999938964844,483.20001220703125,21423
2025-12-29 10:15:00,484.0,484.0,481.3999938964844,483.20001220703125,21423
2025-12-29 10:15:00,484.0,484.0,481.3999938964844,483.20001220703125,21423
2025-12-29 11:15:00,483.20001220703125,488.0,483.20001220703125,488.0,32335
2025-12-29 11:15:00,483.20001220703125,488.0,483.20001220703125,488.0,32335
2025-12-29 11:15:00,483.20001220703125,488.0,483.20001220703125,488.0,32335
2025-12-29 12:15:00,487.6499938964844,489.45001220703125,487.45001220703125,489.3999938964844,33782
2025-12-29 12:15:00,487.6499938964844,489.45001220703125,487.45001220703125,489.3999938964844,33782
2025-12-29 12:15:00,487.6499938964844,489.45001220703125,487.45001220703125,489.3999938964844,33782
2025-12-29 13:15:00,489.3999938964844,491.0,488.79998779296875,490.95001220703125,19775
2025-12-29 13:15:00,489.3999938964844,491.0,488.79998779296875,490.95001220703125,19775
2025-12-29 13:15:00,489.3999938964844,491.0,488.79998779296875,490.95001220703125,19775
2025-12-29 14:15:00,491.0,492.8999938964844,484.5,484.5,88503
2025-12-29 14:15:00,491.0,492.8999938964844,484.5,484.5,88503
2025-12-29 14:15:00,491.0,492.8999938964844,484.5,484.5,88503
2025-12-29 15:15:00,484.3999938964844,484.3999938964844,481.25,481.25,25946
2025-12-29 15:15:00,484.3999938964844,484.3999938964844,481.25,481.25,25946
2025-12-29 15:15:00,484.3999938964844,484.3999938964844,481.25,481.25,25946
2025-12-30 09:15:00,483.0,483.0,477.6499938964844,479.1499938964844,0
2025-12-30 09:15:00,483.0,483.0,477.6499938964844,479.1499938964844,0
2025-12-30 09:15:00,483.0,483.0,477.6499938964844,479.1499938964844,0
2025-12-30 10:15:00,479.1000061035156,482.20001220703125,479.0,482.1499938964844,14781
2025-12-30 10:15:00,479.1000061035156,482.20001220703125,479.0,482.1499938964844,14781
2025-12-30 10:15:00,479.1000061035156,482.20001220703125,479.0,482.1499938964844,14781
2025-12-30 11:15:00,481.8999938964844,482.3500061035156,480.79998779296875,481.3999938964844,5302
2025-12-30 11:15:00,481.8999938964844,482.3500061035156,480.79998779296875,481.3999938964844,5302
2025-12-30 11:15:00,481.8999938964844,482.3500061035156,480.79998779296875,481.3999938964844,5302
2025-12-30 12:15:00,481.8500061035156,482.3500061035156,480.8500061035156,482.3500061035156,3019
2025-12-30 12:15:00,481.8500061035156,482.3500061035156,480.8500061035156,482.3500061035156,3019
2025-12-30 12:15:00,481.8500061035156,482.3500061035156,480.8500061035156,482.3500061035156,3019
2025-12-30 13:15:00,482.70001220703125,488.54998779296875,481.6000061035156,488.54998779296875,44385
2025-12-30 13:15:00,482.70001220703125,488.54998779296875,481.6000061035156,488.54998779296875,44385
2025-12-30 13:15:00,482.70001220703125,488.54998779296875,481.6000061035156,488.54998779296875,44385
2025-12-30 14:15:00,488.3500061035156,488.6499938964844,478.6499938964844,481.70001220703125,276692
2025-12-30 14:15:00,488.3500061035156,488.6499938964844,478.6499938964844,481.70001220703125,276692
2025-12-30 14:15:00,488.3500061035156,488.6499938964844,478.6499938964844,481.70001220703125,276692
2025-12-30 15:15:00,481.29998779296875,481.95001220703125,480.5,480.5,18948
2025-12-30 15:15:00,481.29998779296875,481.95001220703125,480.5,480.5,18948
2025-12-30 15:15:00,481.29998779296875,481.95001220703125,480.5,480.5,18948
2025-12-31 09:15:00,484.0,485.0,481.29998779296875,484.79998779296875,0
2025-12-31 09:15:00,484.0,485.0,481.29998779296875,484.79998779296875,0
2025-12-31 09:15:00,484.0,485.0,481.29998779296875,484.79998779296875,0
2025-12-31 10:15:00,484.8500061035156,488.95001220703125,484.5,488.3500061035156,46234
2025-12-31 10:15:00,484.8500061035156,488.95001220703125,484.5,488.3500061035156,46234
2025-12-31 10:15:00,484.8500061035156,488.95001220703125,484.5,488.3500061035156,46234
2025-12-31 11:15:00,488.0,490.0,487.95001220703125,489.8999938964844,12057
2025-12-31 11:15:00,488.0,490.0,487.95001220703125,489.8999938964844,12057
2025-12-31 11:15:00,488.0,490.0,487.95001220703125,489.8999938964844,12057
2025-12-31 12:15:00,489.79998779296875,490.0,489.1000061035156,489.25,7951
2025-12-31 12:15:00,489.79998779296875,490.0,489.1000061035156,489.25,7951
2025-12-31 12:15:00,489.79998779296875,490.0,489.1000061035156,489.25,7951
2025-12-31 13:15:00,489.45001220703125,490.1000061035156,488.1000061035156,489.0,21592
2025-12-31 13:15:00,489.45001220703125,490.1000061035156,488.1000061035156,489.0,21592
2025-12-31 13:15:00,489.45001220703125,490.1000061035156,488.1000061035156,489.0,21592
2025-12-31 14:15:00,488.95001220703125,489.8999938964844,486.8999938964844,487.8500061035156,24378
2025-12-31 14:15:00,488.95001220703125,489.8999938964844,486.8999938964844,487.8500061035156,24378
2025-12-31 14:15:00,488.95001220703125,489.8999938964844,486.8999938964844,487.8500061035156,24378
2025-12-31 15:15:00,487.1499938964844,487.1499938964844,482.6000061035156,482.6000061035156,30252
2025-12-31 15:15:00,487.1499938964844,487.1499938964844,482.6000061035156,482.6000061035156,30252
2025-12-31 15:15:00,487.1499938964844,487.1499938964844,482.6000061035156,482.6000061035156,30252
2026-01-01 09:15:00,486.45001220703125,488.0,485.5,488.0,0
2026-01-01 09:15:00,486.45001220703125,488.0,485.5,488.0,0
2026-01-01 09:15:00,486.45001220703125,488.0,485.5,488.0,0
2026-01-01 10:15:00,488.0,489.95001220703125,484.5,486.3500061035156,63178
2026-01-01 10:15:00,488.0,489.95001220703125,484.5,486.3500061035156,63178
2026-01-01 10:15:00,488.0,489.95001220703125,484.5,486.3500061035156,63178
2026-01-01 11:15:00,486.70001220703125,486.8999938964844,484.0,484.0,8491
2026-01-01 11:15:00,486.70001220703125,486.8999938964844,484.0,484.0,8491
2026-01-01 11:15:00,486.70001220703125,486.8999938964844,484.0,484.0,8491
2026-01-01 12:15:00,484.0,485.1499938964844,483.0,484.6000061035156,3735
2026-01-01 12:15:00,484.0,485.1499938964844,483.0,484.6000061035156,3735
2026-01-01 12:15:00,484.0,485.1499938964844,483.0,484.6000061035156,3735
2026-01-01 13:15:00,484.5,485.0,483.5,484.95001220703125,14190
2026-01-01 13:15:00,484.5,485.0,483.5,484.95001220703125,14190
2026-01-01 13:15:00,484.5,485.0,483.5,484.95001220703125,14190
2026-01-01 14:15:00,485.54998779296875,486.5,485.0,486.0,16712
2026-01-01 14:15:00,485.54998779296875,486.5,485.0,486.0,16712
2026-01-01 14:15:00,485.54998779296875,486.5,485.0,486.0,16712
2026-01-01 15:15:00,486.29998779296875,486.29998779296875,478.29998779296875,480.0,70831
2026-01-01 15:15:00,486.29998779296875,486.29998779296875,478.29998779296875,480.0,70831
2026-01-01 15:15:00,486.29998779296875,486.29998779296875,478.29998779296875,480.0,70831
2026-01-02 09:15:00,482.1499938964844,487.0,480.20001220703125,486.8500061035156,0
2026-01-02 09:15:00,482.1499938964844,487.0,480.20001220703125,486.8500061035156,0
2026-01-02 09:15:00,482.1499938964844,487.0,480.20001220703125,486.8500061035156,0
2026-01-02 10:15:00,486.29998779296875,498.25,486.29998779296875,498.25,84150
2026-01-02 10:15:00,486.29998779296875,498.25,486.29998779296875,498.25,84150
2026-01-02 10:15:00,486.29998779296875,498.25,486.29998779296875,498.25,84150
2026-01-02 11:15:00,498.3999938964844,502.0,498.29998779296875,501.95001220703125,45578
2026-01-02 11:15:00,498.3999938964844,502.0,498.29998779296875,501.95001220703125,45578
2026-01-02 11:15:00,498.3999938964844,502.0,498.29998779296875,501.95001220703125,45578
2026-01-02 12:15:00,501.95001220703125,506.0,501.8999938964844,505.6000061035156,45634
2026-01-02 12:15:00,501.95001220703125,506.0,501.8999938964844,505.6000061035156,45634
2026-01-02 12:15:00,501.95001220703125,506.0,501.8999938964844,505.6000061035156,45634
2026-01-02 13:15:00,505.95001220703125,506.0,503.20001220703125,503.5,19144
2026-01-02 13:15:00,505.95001220703125,506.0,503.20001220703125,503.5,19144
2026-01-02 13:15:00,505.95001220703125,506.0,503.20001220703125,503.5,19144
2026-01-02 14:15:00,503.5,504.0,503.1000061035156,503.5,37869
2026-01-02 14:15:00,503.5,504.0,503.1000061035156,503.5,37869
2026-01-02 14:15:00,503.5,504.0,503.1000061035156,503.5,37869
2026-01-02 15:15:00,503.20001220703125,504.0,502.25,503.6499938964844,34125
2026-01-02 15:15:00,503.20001220703125,504.0,502.25,503.6499938964844,34125
2026-01-02 15:15:00,503.20001220703125,504.0,502.25,503.6499938964844,34125
2026-01-05 09:15:00,504.0,507.6499938964844,502.20001220703125,504.45001220703125,0
2026-01-05 09:15:00,504.0,507.6499938964844,502.20001220703125,504.45001220703125,0
2026-01-05 09:15:00,504.0,507.6499938964844,502.20001220703125,504.45001220703125,0
2026-01-05 10:15:00,503.79998779296875,505.0,500.0,505.0,25773
2026-01-05 10:15:00,503.79998779296875,505.0,500.0,505.0,25773
2026-01-05 10:15:00,503.79998779296875,505.0,500.0,505.0,25773
2026-01-05 11:15:00,504.79998779296875,505.54998779296875,502.70001220703125,504.3999938964844,22253
2026-01-05 11:15:00,504.79998779296875,505.54998779296875,502.70001220703125,504.3999938964844,22253
2026-01-05 11:15:00,504.79998779296875,505.54998779296875,502.70001220703125,504.3999938964844,22253
2026-01-05 12:15:00,504.45001220703125,505.0,501.5,501.5,9055
2026-01-05 12:15:00,504.45001220703125,505.0,501.5,501.5,9055
2026-01-05 12:15:00,504.45001220703125,505.0,501.5,501.5,9055
2026-01-05 13:15:00,501.29998779296875,504.3500061035156,501.20001220703125,503.8999938964844,30611
2026-01-05 13:15:00,501.29998779296875,504.3500061035156,501.20001220703125,503.8999938964844,30611
2026-01-05 13:15:00,501.29998779296875,504.3500061035156,501.20001220703125,503.8999938964844,30611
2026-01-05 14:15:00,503.8500061035156,505.0,500.29998779296875,501.0,49231
2026-01-05 14:15:00,503.8500061035156,505.0,500.29998779296875,501.0,49231
2026-01-05 14:15:00,503.8500061035156,505.0,500.29998779296875,501.0,49231
2026-01-05 15:15:00,500.3999938964844,500.54998779296875,498.0,498.0,23659
2026-01-05 15:15:00,500.3999938964844,500.54998779296875,498.0,498.0,23659
2026-01-05 15:15:00,500.3999938964844,500.54998779296875,498.0,498.0,23659
2026-01-06 09:15:00,501.6000061035156,502.5,493.8999938964844,495.54998779296875,0
2026-01-06 09:15:00,501.6000061035156,502.5,493.8999938964844,495.54998779296875,0
2026-01-06 09:15:00,501.6000061035156,502.5,493.8999938964844,495.54998779296875,0
2026-01-06 10:15:00,495.6000061035156,495.6000061035156,492.0,492.25,24513
2026-01-06 10:15:00,495.6000061035156,495.6000061035156,492.0,492.25,24513
2026-01-06 10:15:00,495.6000061035156,495.6000061035156,492.0,492.25,24513
2026-01-06 11:15:00,492.25,493.29998779296875,490.25,492.04998779296875,7500
2026-01-06 11:15:00,492.25,493.29998779296875,490.25,492.04998779296875,7500
2026-01-06 11:15:00,492.25,493.29998779296875,490.25,492.04998779296875,7500
2026-01-06 12:15:00,492.6499938964844,493.0,491.1000061035156,491.54998779296875,3514
2026-01-06 12:15:00,492.6499938964844,493.0,491.1000061035156,491.54998779296875,3514
2026-01-06 12:15:00,492.6499938964844,493.0,491.1000061035156,491.54998779296875,3514
2026-01-06 13:15:00,491.75,492.25,490.79998779296875,491.0,3492
2026-01-06 13:15:00,491.75,492.25,490.79998779296875,491.0,3492
2026-01-06 13:15:00,491.75,492.25,490.79998779296875,491.0,3492
2026-01-06 14:15:00,490.79998779296875,492.45001220703125,490.29998779296875,491.54998779296875,6769
2026-01-06 14:15:00,490.79998779296875,492.45001220703125,490.29998779296875,491.54998779296875,6769
2026-01-06 14:15:00,490.79998779296875,492.45001220703125,490.29998779296875,491.54998779296875,6769
2026-01-06 15:15:00,491.29998779296875,493.20001220703125,489.5,491.3999938964844,20728
2026-01-06 15:15:00,491.29998779296875,493.20001220703125,489.5,491.3999938964844,20728
2026-01-06 15:15:00,491.29998779296875,493.20001220703125,489.5,491.3999938964844,20728
2026-01-07 09:15:00,493.0,496.0,491.75,492.3999938964844,0
2026-01-07 09:15:00,493.0,496.0,491.75,492.3999938964844,0
2026-01-07 09:15:00,493.0,496.0,491.75,492.3999938964844,0
2026-01-07 10:15:00,492.3999938964844,492.8500061035156,491.45001220703125,492.8500061035156,3840
2026-01-07 10:15:00,492.3999938964844,492.8500061035156,491.45001220703125,492.8500061035156,3840
2026-01-07 10:15:00,492.3999938964844,492.8500061035156,491.45001220703125,492.8500061035156,3840
2026-01-07 11:15:00,492.79998779296875,494.1499938964844,492.75,493.45001220703125,19817
2026-01-07 11:15:00,492.79998779296875,494.1499938964844,492.75,493.45001220703125,19817
2026-01-07 11:15:00,492.79998779296875,494.1499938964844,492.75,493.45001220703125,19817
2026-01-07 12:15:00,492.79998779296875,494.3500061035156,491.45001220703125,493.45001220703125,20682
2026-01-07 12:15:00,492.79998779296875,494.3500061035156,491.45001220703125,493.45001220703125,20682
2026-01-07 12:15:00,492.79998779296875,494.3500061035156,491.45001220703125,493.45001220703125,20682
2026-01-07 13:15:00,493.3999938964844,493.8999938964844,491.45001220703125,492.79998779296875,7301
2026-01-07 13:15:00,493.3999938964844,493.8999938964844,491.45001220703125,492.79998779296875,7301
2026-01-07 13:15:00,493.3999938964844,493.8999938964844,491.45001220703125,492.79998779296875,7301
2026-01-07 14:15:00,492.79998779296875,492.79998779296875,488.20001220703125,489.0,12947
2026-01-07 14:15:00,492.79998779296875,492.79998779296875,488.20001220703125,489.0,12947
2026-01-07 14:15:00,492.79998779296875,492.79998779296875,488.20001220703125,489.0,12947
2026-01-07 15:15:00,488.6000061035156,490.25,487.70001220703125,490.0,29554
2026-01-07 15:15:00,488.6000061035156,490.25,487.70001220703125,490.0,29554
2026-01-07 15:15:00,488.6000061035156,490.25,487.70001220703125,490.0,29554
2026-01-08 09:15:00,491.79998779296875,492.8999938964844,489.0,492.3999938964844,0
2026-01-08 09:15:00,491.79998779296875,492.8999938964844,489.0,492.3999938964844,0
2026-01-08 09:15:00,491.79998779296875,492.8999938964844,489.0,492.3999938964844,0
2026-01-08 10:15:00,491.6499938964844,492.1000061035156,486.8999938964844,486.8999938964844,11037
2026-01-08 10:15:00,491.6499938964844,492.1000061035156,486.8999938964844,486.8999938964844,11037
2026-01-08 10:15:00,491.6499938964844,492.1000061035156,486.8999938964844,486.8999938964844,11037
2026-01-08 11:15:00,486.70001220703125,487.04998779296875,484.0,484.8500061035156,14134
2026-01-08 11:15:00,486.70001220703125,487.04998779296875,484.0,484.8500061035156,14134
2026-01-08 11:15:00,486.70001220703125,487.04998779296875,484.0,484.8500061035156,14134
2026-01-08 12:15:00,485.54998779296875,485.95001220703125,483.25,484.1499938964844,4923
2026-01-08 12:15:00,485.54998779296875,485.95001220703125,483.25,484.1499938964844,4923
2026-01-08 12:15:00,485.54998779296875,485.95001220703125,483.25,484.1499938964844,4923
2026-01-08 13:15:00,484.1499938964844,485.8999938964844,482.3999938964844,485.8999938964844,16831
2026-01-08 13:15:00,484.1499938964844,485.8999938964844,482.3999938964844,485.8999938964844,16831
2026-01-08 13:15:00,484.1499938964844,485.8999938964844,482.3999938964844,485.8999938964844,16831
2026-01-08 14:15:00,485.0,486.95001220703125,482.1000061035156,482.70001220703125,16968
2026-01-08 14:15:00,485.0,486.95001220703125,482.1000061035156,482.70001220703125,16968
2026-01-08 14:15:00,485.0,486.95001220703125,482.1000061035156,482.70001220703125,16968
2026-01-08 15:15:00,482.3500061035156,485.0,482.3500061035156,483.70001220703125,11994
2026-01-08 15:15:00,482.3500061035156,485.0,482.3500061035156,483.70001220703125,11994
2026-01-08 15:15:00,482.3500061035156,485.0,482.3500061035156,483.70001220703125,11994
2026-01-09 09:15:00,482.3500061035156,482.3500061035156,475.20001220703125,478.3999938964844,0
2026-01-09 09:15:00,482.3500061035156,482.3500061035156,475.20001220703125,478.3999938964844,0
2026-01-09 09:15:00,482.3500061035156,482.3500061035156,475.20001220703125,478.3999938964844,0
2026-01-09 10:15:00,478.25,480.0,475.5,475.5,22688
2026-01-09 10:15:00,478.25,480.0,475.5,475.5,22688
2026-01-09 10:15:00,478.25,480.0,475.5,475.5,22688
2026-01-09 11:15:00,475.5,476.6499938964844,473.8500061035156,473.8500061035156,8445
2026-01-09 11:15:00,475.5,476.6499938964844,473.8500061035156,473.8500061035156,8445
2026-01-09 11:15:00,475.5,476.6499938964844,473.8500061035156,473.8500061035156,8445
2026-01-09 12:15:00,473.75,474.3999938964844,471.0,471.70001220703125,14872
2026-01-09 12:15:00,473.75,474.3999938964844,471.0,471.70001220703125,14872
2026-01-09 12:15:00,473.75,474.3999938964844,471.0,471.70001220703125,14872
2026-01-09 13:15:00,471.79998779296875,472.0,470.04998779296875,470.79998779296875,12645
2026-01-09 13:15:00,471.79998779296875,472.0,470.04998779296875,470.79998779296875,12645
2026-01-09 13:15:00,471.79998779296875,472.0,470.04998779296875,470.79998779296875,12645
2026-01-09 14:15:00,470.75,472.0,468.8999938964844,468.8999938964844,33701
2026-01-09 14:15:00,470.75,472.0,468.8999938964844,468.8999938964844,33701
2026-01-09 14:15:00,470.75,472.0,468.8999938964844,468.8999938964844,33701
2026-01-09 15:15:00,468.8999938964844,470.6000061035156,468.3999938964844,468.95001220703125,64944
2026-01-09 15:15:00,468.8999938964844,470.6000061035156,468.3999938964844,468.95001220703125,64944
2026-01-09 15:15:00,468.8999938964844,470.6000061035156,468.3999938964844,468.95001220703125,64944
2026-01-12 09:15:00,470.79998779296875,471.8999938964844,462.0,465.0,0
2026-01-12 09:15:00,470.79998779296875,471.8999938964844,462.0,465.0,0
2026-01-12 09:15:00,470.79998779296875,471.8999938964844,462.0,465.0,0
2026-01-12 10:15:00,464.79998779296875,466.25,462.0,462.95001220703125,7876
2026-01-12 10:15:00,464.79998779296875,466.25,462.0,462.95001220703125,7876
2026-01-12 10:15:00,464.79998779296875,466.25,462.0,462.95001220703125,7876
2026-01-12 11:15:00,462.45001220703125,465.0,461.0,465.0,6309
2026-01-12 11:15:00,462.45001220703125,465.0,461.0,465.0,6309
2026-01-12 11:15:00,462.45001220703125,465.0,461.0,465.0,6309
2026-01-12 12:15:00,465.0,471.0,465.0,470.29998779296875,25449
2026-01-12 12:15:00,465.0,471.0,465.0,470.29998779296875,25449
2026-01-12 12:15:00,465.0,471.0,465.0,470.29998779296875,25449
2026-01-12 13:15:00,470.20001220703125,471.45001220703125,469.1499938964844,469.54998779296875,8289
2026-01-12 13:15:00,470.20001220703125,471.45001220703125,469.1499938964844,469.54998779296875,8289
2026-01-12 13:15:00,470.20001220703125,471.45001220703125,469.1499938964844,469.54998779296875,8289
2026-01-12 14:15:00,469.1000061035156,470.20001220703125,467.29998779296875,467.29998779296875,5538
2026-01-12 14:15:00,469.1000061035156,470.20001220703125,467.29998779296875,467.29998779296875,5538
2026-01-12 14:15:00,469.1000061035156,470.20001220703125,467.29998779296875,467.29998779296875,5538
2026-01-12 15:15:00,467.04998779296875,469.0,466.3500061035156,466.75,36447
2026-01-12 15:15:00,467.04998779296875,469.0,466.3500061035156,466.75,36447
2026-01-12 15:15:00,467.04998779296875,469.0,466.3500061035156,466.75,36447
2026-01-13 09:15:00,474.0,475.20001220703125,470.5,473.0,0
2026-01-13 09:15:00,474.0,475.20001220703125,470.5,473.0,0
2026-01-13 09:15:00,474.0,475.20001220703125,470.5,473.0,0
2026-01-13 10:15:00,473.0,473.54998779296875,470.79998779296875,470.79998779296875,6486
2026-01-13 10:15:00,473.0,473.54998779296875,470.79998779296875,470.79998779296875,6486
2026-01-13 10:15:00,473.0,473.54998779296875,470.79998779296875,470.79998779296875,6486
2026-01-13 11:15:00,471.8999938964844,481.1000061035156,471.8999938964844,474.54998779296875,72721
2026-01-13 11:15:00,471.8999938964844,481.1000061035156,471.8999938964844,474.54998779296875,72721
2026-01-13 11:15:00,471.8999938964844,481.1000061035156,471.8999938964844,474.54998779296875,72721
2026-01-13 12:15:00,474.0,478.20001220703125,473.6000061035156,478.20001220703125,31861
2026-01-13 12:15:00,474.0,478.20001220703125,473.6000061035156,478.20001220703125,31861
2026-01-13 12:15:00,474.0,478.20001220703125,473.6000061035156,478.20001220703125,31861
2026-01-13 13:15:00,478.5,481.79998779296875,477.79998779296875,477.8500061035156,27600
2026-01-13 13:15:00,478.5,481.79998779296875,477.79998779296875,477.8500061035156,27600
2026-01-13 13:15:00,478.5,481.79998779296875,477.79998779296875,477.8500061035156,27600
2026-01-13 14:15:00,477.75,480.5,477.3999938964844,479.29998779296875,20437
2026-01-13 14:15:00,477.75,480.5,477.3999938964844,479.29998779296875,20437
2026-01-13 14:15:00,477.75,480.5,477.3999938964844,479.29998779296875,20437
2026-01-13 15:15:00,478.8999938964844,479.0,477.1000061035156,479.0,26156
2026-01-13 15:15:00,478.8999938964844,479.0,477.1000061035156,479.0,26156
2026-01-13 15:15:00,478.8999938964844,479.0,477.1000061035156,479.0,26156
2026-01-14 09:15:00,482.5,484.0,478.0,481.6499938964844,0
2026-01-14 09:15:00,482.5,484.0,478.0,481.6499938964844,0
2026-01-14 09:15:00,482.5,484.0,478.0,481.6499938964844,0
2026-01-14 10:15:00,481.5,488.0,481.5,488.0,29450
2026-01-14 10:15:00,481.5,488.0,481.5,488.0,29450
2026-01-14 10:15:00,481.5,488.0,481.5,488.0,29450
2026-01-14 11:15:00,487.95001220703125,491.0,485.1499938964844,486.20001220703125,70089
2026-01-14 11:15:00,487.95001220703125,491.0,485.1499938964844,486.20001220703125,70089
2026-01-14 11:15:00,487.95001220703125,491.0,485.1499938964844,486.20001220703125,70089
2026-01-14 12:15:00,486.6000061035156,486.75,485.20001220703125,486.20001220703125,5587
2026-01-14 12:15:00,486.6000061035156,486.75,485.20001220703125,486.20001220703125,5587
2026-01-14 12:15:00,486.6000061035156,486.75,485.20001220703125,486.20001220703125,5587
2026-01-14 13:15:00,486.1000061035156,486.20001220703125,484.1499938964844,485.0,7671
2026-01-14 13:15:00,486.1000061035156,486.20001220703125,484.1499938964844,485.0,7671
2026-01-14 13:15:00,486.1000061035156,486.20001220703125,484.1499938964844,485.0,7671
2026-01-14 14:15:00,485.3999938964844,485.8999938964844,484.3999938964844,484.79998779296875,31043
2026-01-14 14:15:00,485.3999938964844,485.8999938964844,484.3999938964844,484.79998779296875,31043
2026-01-14 14:15:00,485.3999938964844,485.8999938964844,484.3999938964844,484.79998779296875,31043
2026-01-14 15:15:00,484.79998779296875,484.79998779296875,483.29998779296875,483.5,17239
2026-01-14 15:15:00,484.79998779296875,484.79998779296875,483.29998779296875,483.5,17239
2026-01-14 15:15:00,484.79998779296875,484.79998779296875,483.29998779296875,483.5,17239
2026-01-16 09:15:00,488.0,493.95001220703125,486.3500061035156,492.8999938964844,0
2026-01-16 09:15:00,488.0,493.95001220703125,486.3500061035156,492.8999938964844,0
2026-01-16 09:15:00,488.0,493.95001220703125,486.3500061035156,492.8999938964844,0
2026-01-16 10:15:00,492.79998779296875,492.79998779296875,490.20001220703125,491.0,8088
2026-01-16 10:15:00,492.79998779296875,492.79998779296875,490.20001220703125,491.0,8088
2026-01-16 10:15:00,492.79998779296875,492.79998779296875,490.20001220703125,491.0,8088
2026-01-16 11:15:00,491.0,491.0,487.3999938964844,487.79998779296875,10349
2026-01-16 11:15:00,491.0,491.0,487.3999938964844,487.79998779296875,10349
2026-01-16 11:15:00,491.0,491.0,487.3999938964844,487.79998779296875,10349
2026-01-16 12:15:00,488.0,493.5,487.5,493.5,109482
2026-01-16 12:15:00,488.0,493.5,487.5,493.5,109482
2026-01-16 12:15:00,488.0,493.5,487.5,493.5,109482
2026-01-16 13:15:00,493.79998779296875,497.8500061035156,491.0,494.0,103526
2026-01-16 13:15:00,493.79998779296875,497.8500061035156,491.0,494.0,103526
2026-01-16 13:15:00,493.79998779296875,497.8500061035156,491.0,494.0,103526
2026-01-16 14:15:00,493.8999938964844,493.8999938964844,491.25,491.79998779296875,45638
2026-01-16 14:15:00,493.8999938964844,493.8999938964844,491.25,491.79998779296875,45638
2026-01-16 14:15:00,493.8999938964844,493.8999938964844,491.25,491.79998779296875,45638
2026-01-16 15:15:00,492.0,492.0,488.75,488.75,24899
2026-01-16 15:15:00,492.0,492.0,488.75,488.75,24899
2026-01-16 15:15:00,492.0,492.0,488.75,488.75,24899
2026-01-19 09:15:00,491.95001220703125,491.95001220703125,486.1000061035156,487.1000061035156,0
2026-01-19 09:15:00,491.95001220703125,491.95001220703125,486.1000061035156,487.1000061035156,0
2026-01-19 09:15:00,491.95001220703125,491.95001220703125,486.1000061035156,487.1000061035156,0
2026-01-19 10:15:00,487.3500061035156,492.79998779296875,485.5,492.1499938964844,38763
2026-01-19 10:15:00,487.3500061035156,492.79998779296875,485.5,492.1499938964844,38763
2026-01-19 10:15:00,487.3500061035156,492.79998779296875,485.5,492.1499938964844,38763
2026-01-19 11:15:00,491.3999938964844,493.95001220703125,491.0,493.70001220703125,15248
2026-01-19 11:15:00,491.3999938964844,493.95001220703125,491.0,493.70001220703125,15248
2026-01-19 11:15:00,491.3999938964844,493.95001220703125,491.0,493.70001220703125,15248
2026-01-19 12:15:00,493.6000061035156,497.70001220703125,493.5,494.8500061035156,49595
2026-01-19 12:15:00,493.6000061035156,497.70001220703125,493.5,494.8500061035156,49595
2026-01-19 12:15:00,493.6000061035156,497.70001220703125,493.5,494.8500061035156,49595
2026-01-19 13:15:00,495.0,496.0,493.5,495.70001220703125,17741
2026-01-19 13:15:00,495.0,496.0,493.5,495.70001220703125,17741
2026-01-19 13:15:00,495.0,496.0,493.5,495.70001220703125,17741
2026-01-19 14:15:00,495.70001220703125,495.79998779296875,493.20001220703125,493.79998779296875,21381
2026-01-19 14:15:00,495.70001220703125,495.79998779296875,493.20001220703125,493.79998779296875,21381
2026-01-19 14:15:00,495.70001220703125,495.79998779296875,493.20001220703125,493.79998779296875,21381
2026-01-19 15:15:00,493.75,493.8500061035156,491.8500061035156,492.0,45264
2026-01-19 15:15:00,493.75,493.8500061035156,491.8500061035156,492.0,45264
2026-01-19 15:15:00,493.75,493.8500061035156,491.8500061035156,492.0,45264
2026-01-20 09:15:00,495.0,495.6000061035156,488.0,488.75,0
2026-01-20 09:15:00,495.0,495.6000061035156,488.0,488.75,0
2026-01-20 09:15:00,495.0,495.6000061035156,488.0,488.75,0
2026-01-20 10:15:00,488.54998779296875,491.0,486.0,490.3999938964844,10072
2026-01-20 10:15:00,488.54998779296875,491.0,486.0,490.3999938964844,10072
2026-01-20 10:15:00,488.54998779296875,491.0,486.0,490.3999938964844,10072
2026-01-20 11:15:00,489.5,493.8500061035156,488.0,492.3500061035156,20921
2026-01-20 11:15:00,489.5,493.8500061035156,488.0,492.3500061035156,20921
2026-01-20 11:15:00,489.5,493.8500061035156,488.0,492.3500061035156,20921
2026-01-20 12:15:00,492.20001220703125,492.8999938964844,491.29998779296875,492.6499938964844,5025
2026-01-20 12:15:00,492.20001220703125,492.8999938964844,491.29998779296875,492.6499938964844,5025
2026-01-20 12:15:00,492.20001220703125,492.8999938964844,491.29998779296875,492.6499938964844,5025
2026-01-20 13:15:00,492.5,492.6000061035156,486.6000061035156,486.79998779296875,12494
2026-01-20 13:15:00,492.5,492.6000061035156,486.6000061035156,486.79998779296875,12494
2026-01-20 13:15:00,492.5,492.6000061035156,486.6000061035156,486.79998779296875,12494
2026-01-20 14:15:00,487.70001220703125,488.29998779296875,480.0,480.25,57236
2026-01-20 14:15:00,487.70001220703125,488.29998779296875,480.0,480.25,57236
2026-01-20 14:15:00,487.70001220703125,488.29998779296875,480.0,480.25,57236
2026-01-20 15:15:00,480.25,481.70001220703125,478.5,481.70001220703125,19989
2026-01-20 15:15:00,480.25,481.70001220703125,478.5,481.70001220703125,19989
2026-01-20 15:15:00,480.25,481.70001220703125,478.5,481.70001220703125,19989
2026-01-21 09:15:00,481.5,482.29998779296875,473.0,474.6499938964844,0
2026-01-21 09:15:00,481.5,482.29998779296875,473.0,474.6499938964844,0
2026-01-21 09:15:00,481.5,482.29998779296875,473.0,474.6499938964844,0
2026-01-21 10:15:00,474.29998779296875,478.20001220703125,469.0,477.79998779296875,27054
2026-01-21 10:15:00,474.29998779296875,478.20001220703125,469.0,477.79998779296875,27054
2026-01-21 10:15:00,474.29998779296875,478.20001220703125,469.0,477.79998779296875,27054
2026-01-21 11:15:00,478.1499938964844,479.0,475.29998779296875,478.95001220703125,24686
2026-01-21 11:15:00,478.1499938964844,479.0,475.29998779296875,478.95001220703125,24686
2026-01-21 11:15:00,478.1499938964844,479.0,475.29998779296875,478.95001220703125,24686
2026-01-21 12:15:00,478.95001220703125,485.3999938964844,478.79998779296875,482.8999938964844,34599
2026-01-21 12:15:00,478.95001220703125,485.3999938964844,478.79998779296875,482.8999938964844,34599
2026-01-21 12:15:00,478.95001220703125,485.3999938964844,478.79998779296875,482.8999938964844,34599
2026-01-21 13:15:00,482.95001220703125,483.3999938964844,479.25,479.29998779296875,14228
2026-01-21 13:15:00,482.95001220703125,483.3999938964844,479.25,479.29998779296875,14228
2026-01-21 13:15:00,482.95001220703125,483.3999938964844,479.25,479.29998779296875,14228
2026-01-21 14:15:00,479.29998779296875,480.0,467.0,467.6499938964844,89551
2026-01-21 14:15:00,479.29998779296875,480.0,467.0,467.6499938964844,89551
2026-01-21 14:15:00,479.29998779296875,480.0,467.0,467.6499938964844,89551
2026-01-21 15:15:00,467.20001220703125,473.0,466.8999938964844,469.04998779296875,32960
2026-01-21 15:15:00,467.20001220703125,473.0,466.8999938964844,469.04998779296875,32960
2026-01-21 15:15:00,467.20001220703125,473.0,466.8999938964844,469.04998779296875,32960
2026-01-22 09:15:00,475.04998779296875,478.0,472.5,476.29998779296875,0
2026-01-22 09:15:00,475.04998779296875,478.0,472.5,476.29998779296875,0
2026-01-22 09:15:00,475.04998779296875,478.0,472.5,476.29998779296875,0
2026-01-22 10:15:00,476.0,483.0,474.20001220703125,478.70001220703125,69569
2026-01-22 10:15:00,476.0,483.0,474.20001220703125,478.70001220703125,69569
2026-01-22 10:15:00,476.0,483.0,474.20001220703125,478.70001220703125,69569
2026-01-22 11:15:00,478.25,478.25,475.75,477.0,23980
2026-01-22 11:15:00,478.25,478.25,475.75,477.0,23980
2026-01-22 11:15:00,478.25,478.25,475.75,477.0,23980
2026-01-22 12:15:00,477.0,481.79998779296875,474.1000061035156,474.1000061035156,126243
2026-01-22 12:15:00,477.0,481.79998779296875,474.1000061035156,474.1000061035156,126243
2026-01-22 12:15:00,477.0,481.79998779296875,474.1000061035156,474.1000061035156,126243
2026-01-22 13:15:00,474.29998779296875,475.20001220703125,473.0,474.20001220703125,34532
2026-01-22 13:15:00,474.29998779296875,475.20001220703125,473.0,474.20001220703125,34532
2026-01-22 13:15:00,474.29998779296875,475.20001220703125,473.0,474.20001220703125,34532
2026-01-22 14:15:00,474.20001220703125,475.5,471.1000061035156,471.1000061035156,40371
2026-01-22 14:15:00,474.20001220703125,475.5,471.1000061035156,471.1000061035156,40371
2026-01-22 14:15:00,474.20001220703125,475.5,471.1000061035156,471.1000061035156,40371
2026-01-22 15:15:00,471.29998779296875,471.29998779296875,467.20001220703125,467.20001220703125,46429
2026-01-22 15:15:00,471.29998779296875,471.29998779296875,467.20001220703125,467.20001220703125,46429
2026-01-22 15:15:00,471.29998779296875,471.29998779296875,467.20001220703125,467.20001220703125,46429
2026-01-23 09:15:00,466.95001220703125,474.3999938964844,464.04998779296875,474.3999938964844,0
2026-01-23 09:15:00,466.95001220703125,474.3999938964844,464.04998779296875,474.3999938964844,0
2026-01-23 09:15:00,466.95001220703125,474.3999938964844,464.04998779296875,474.3999938964844,0
2026-01-23 10:15:00,474.3999938964844,475.0,470.95001220703125,473.0,53276
2026-01-23 10:15:00,474.3999938964844,475.0,470.95001220703125,473.0,53276
2026-01-23 10:15:00,474.3999938964844,475.0,470.95001220703125,473.0,53276
2026-01-23 11:15:00,473.1000061035156,476.8999938964844,473.1000061035156,475.1000061035156,13838
2026-01-23 11:15:00,473.1000061035156,476.8999938964844,473.1000061035156,475.1000061035156,13838
2026-01-23 11:15:00,473.1000061035156,476.8999938964844,473.1000061035156,475.1000061035156,13838
2026-01-23 12:15:00,475.1000061035156,476.45001220703125,472.8500061035156,472.8500061035156,10065
2026-01-23 12:15:00,475.1000061035156,476.45001220703125,472.8500061035156,472.8500061035156,10065
2026-01-23 12:15:00,475.1000061035156,476.45001220703125,472.8500061035156,472.8500061035156,10065
2026-01-23 13:15:00,472.6000061035156,472.6000061035156,467.25,467.25,8582
2026-01-23 13:15:00,472.6000061035156,472.6000061035156,467.25,467.25,8582
2026-01-23 13:15:00,472.6000061035156,472.6000061035156,467.25,467.25,8582
2026-01-23 14:15:00,467.3999938964844,471.5,458.3999938964844,458.3999938964844,53796
2026-01-23 14:15:00,467.3999938964844,471.5,458.3999938964844,458.3999938964844,53796
2026-01-23 14:15:00,467.3999938964844,471.5,458.3999938964844,458.3999938964844,53796
2026-01-23 15:15:00,458.1000061035156,459.95001220703125,456.3500061035156,459.95001220703125,12551
2026-01-23 15:15:00,458.1000061035156,459.95001220703125,456.3500061035156,459.95001220703125,12551
2026-01-23 15:15:00,458.1000061035156,459.95001220703125,456.3500061035156,459.95001220703125,12551
2026-01-27 09:15:00,464.0,464.54998779296875,453.5,458.79998779296875,0
2026-01-27 09:15:00,464.0,464.54998779296875,453.5,458.79998779296875,0
2026-01-27 09:15:00,464.0,464.54998779296875,453.5,458.79998779296875,0
2026-01-27 10:15:00,458.20001220703125,458.20001220703125,452.5,457.0,24321
2026-01-27 10:15:00,458.20001220703125,458.20001220703125,452.5,457.0,24321
2026-01-27 10:15:00,458.20001220703125,458.20001220703125,452.5,457.0,24321
2026-01-27 11:15:00,457.8500061035156,465.0,456.79998779296875,465.0,50963
2026-01-27 11:15:00,457.8500061035156,465.0,456.79998779296875,465.0,50963
2026-01-27 11:15:00,457.8500061035156,465.0,456.79998779296875,465.0,50963
2026-01-27 12:15:00,465.0,465.95001220703125,463.20001220703125,463.20001220703125,15650
2026-01-27 12:15:00,465.0,465.95001220703125,463.20001220703125,463.20001220703125,15650
2026-01-27 12:15:00,465.0,465.95001220703125,463.20001220703125,463.20001220703125,15650
2026-01-27 13:15:00,463.1000061035156,464.20001220703125,462.3999938964844,462.3999938964844,4275
2026-01-27 13:15:00,463.1000061035156,464.20001220703125,462.3999938964844,462.3999938964844,4275
2026-01-27 13:15:00,463.1000061035156,464.20001220703125,462.3999938964844,462.3999938964844,4275
2026-01-27 14:15:00,462.79998779296875,463.5,460.3500061035156,461.45001220703125,10499
2026-01-27 14:15:00,462.79998779296875,463.5,460.3500061035156,461.45001220703125,10499
2026-01-27 14:15:00,462.79998779296875,463.5,460.3500061035156,461.45001220703125,10499
2026-01-27 15:15:00,461.54998779296875,462.0,459.8999938964844,459.8999938964844,39579
2026-01-27 15:15:00,461.54998779296875,462.0,459.8999938964844,459.8999938964844,39579
2026-01-27 15:15:00,461.54998779296875,462.0,459.8999938964844,459.8999938964844,39579
2026-01-28 09:15:00,464.3999938964844,474.29998779296875,463.79998779296875,467.70001220703125,63687
2026-01-28 09:15:00,464.3999938964844,474.29998779296875,463.79998779296875,467.70001220703125,63687
2026-01-28 09:15:00,464.3999938964844,474.29998779296875,463.79998779296875,467.70001220703125,63687
2026-01-28 10:15:00,467.29998779296875,476.29998779296875,467.29998779296875,476.29998779296875,40925
2026-01-28 10:15:00,467.29998779296875,476.29998779296875,467.29998779296875,476.29998779296875,40925
2026-01-28 10:15:00,467.29998779296875,476.29998779296875,467.29998779296875,476.29998779296875,40925
2026-01-28 11:15:00,475.75,479.70001220703125,475.5,477.45001220703125,23814
2026-01-28 11:15:00,475.75,479.70001220703125,475.5,477.45001220703125,23814
2026-01-28 11:15:00,475.75,479.70001220703125,475.5,477.45001220703125,23814
2026-01-28 12:15:00,477.8500061035156,480.95001220703125,477.29998779296875,480.70001220703125,19069
2026-01-28 12:15:00,477.8500061035156,480.95001220703125,477.29998779296875,480.70001220703125,19069
2026-01-28 12:15:00,477.8500061035156,480.95001220703125,477.29998779296875,480.70001220703125,19069
2026-01-28 13:15:00,480.70001220703125,484.8500061035156,479.6000061035156,484.8500061035156,94522
2026-01-28 13:15:00,480.70001220703125,484.8500061035156,479.6000061035156,484.8500061035156,94522
2026-01-28 13:15:00,480.70001220703125,484.8500061035156,479.6000061035156,484.8500061035156,94522
2026-01-28 14:15:00,484.6000061035156,485.3999938964844,480.1499938964844,480.1499938964844,66473
2026-01-28 14:15:00,484.6000061035156,485.3999938964844,480.1499938964844,480.1499938964844,66473
2026-01-28 14:15:00,484.6000061035156,485.3999938964844,480.1499938964844,480.1499938964844,66473
2026-01-28 15:15:00,479.20001220703125,479.70001220703125,475.95001220703125,476.1000061035156,33913
2026-01-28 15:15:00,479.20001220703125,479.70001220703125,475.95001220703125,476.1000061035156,33913
2026-01-28 15:15:00,479.20001220703125,479.70001220703125,475.95001220703125,476.1000061035156,33913
2026-01-29 09:15:00,478.6000061035156,478.6000061035156,473.04998779296875,473.20001220703125,0
2026-01-29 09:15:00,478.6000061035156,478.6000061035156,473.04998779296875,473.20001220703125,0
2026-01-29 09:15:00,478.6000061035156,478.6000061035156,473.04998779296875,473.20001220703125,0
2026-01-29 10:15:00,473.20001220703125,474.70001220703125,471.04998779296875,471.04998779296875,18369
2026-01-29 10:15:00,473.20001220703125,474.70001220703125,471.04998779296875,471.04998779296875,18369
2026-01-29 10:15:00,473.20001220703125,474.70001220703125,471.04998779296875,471.04998779296875,18369
2026-01-29 11:15:00,471.5,472.25,470.1499938964844,470.3999938964844,5441
2026-01-29 11:15:00,471.5,472.25,470.1499938964844,470.3999938964844,5441
2026-01-29 11:15:00,471.5,472.25,470.1499938964844,470.3999938964844,5441
2026-01-29 12:15:00,471.04998779296875,472.54998779296875,470.3999938964844,471.04998779296875,3364
2026-01-29 12:15:00,471.04998779296875,472.54998779296875,470.3999938964844,471.04998779296875,3364
2026-01-29 12:15:00,471.04998779296875,472.54998779296875,470.3999938964844,471.04998779296875,3364
2026-01-29 13:15:00,471.8999938964844,473.8999938964844,470.6000061035156,471.0,10692
2026-01-29 13:15:00,471.8999938964844,473.8999938964844,470.6000061035156,471.0,10692
2026-01-29 13:15:00,471.8999938964844,473.8999938964844,470.6000061035156,471.0,10692
2026-01-29 14:15:00,470.29998779296875,471.04998779296875,464.95001220703125,464.95001220703125,37390
2026-01-29 14:15:00,470.29998779296875,471.04998779296875,464.95001220703125,464.95001220703125,37390
2026-01-29 14:15:00,470.29998779296875,471.04998779296875,464.95001220703125,464.95001220703125,37390
2026-01-29 15:15:00,464.3999938964844,465.0,463.0,463.0,46185
2026-01-29 15:15:00,464.3999938964844,465.0,463.0,463.0,46185
2026-01-29 15:15:00,464.3999938964844,465.0,463.0,463.0,46185
2026-01-30 09:15:00,461.0,465.25,458.1000061035156,465.25,34285
2026-01-30 09:15:00,461.0,465.25,458.1000061035156,465.25,34285
2026-01-30 09:15:00,461.0,465.25,458.1000061035156,465.25,34285
2026-01-30 10:15:00,465.5,471.79998779296875,465.5,469.6000061035156,38078
2026-01-30 10:15:00,465.5,471.79998779296875,465.5,469.6000061035156,38078
2026-01-30 10:15:00,465.5,471.79998779296875,465.5,469.6000061035156,38078
2026-01-30 11:15:00,470.0,471.8999938964844,468.5,468.5,16524
2026-01-30 11:15:00,470.0,471.8999938964844,468.5,468.5,16524
2026-01-30 11:15:00,470.0,471.8999938964844,468.5,468.5,16524
2026-01-30 12:15:00,469.1000061035156,469.54998779296875,465.6499938964844,465.6499938964844,3927
2026-01-30 12:15:00,469.1000061035156,469.54998779296875,465.6499938964844,465.6499938964844,3927
2026-01-30 12:15:00,469.1000061035156,469.54998779296875,465.6499938964844,465.6499938964844,3927
2026-01-30 13:15:00,465.6000061035156,466.6000061035156,465.1000061035156,466.45001220703125,2608
2026-01-30 13:15:00,465.6000061035156,466.6000061035156,465.1000061035156,466.45001220703125,2608
2026-01-30 13:15:00,465.6000061035156,466.6000061035156,465.1000061035156,466.45001220703125,2608
2026-01-30 14:15:00,466.3999938964844,467.45001220703125,463.5,464.29998779296875,13477
2026-01-30 14:15:00,466.3999938964844,467.45001220703125,463.5,464.29998779296875,13477
2026-01-30 14:15:00,466.3999938964844,467.45001220703125,463.5,464.29998779296875,13477
2026-01-30 15:15:00,464.0,465.8999938964844,462.70001220703125,462.70001220703125,16098
2026-01-30 15:15:00,464.0,465.8999938964844,462.70001220703125,462.70001220703125,16098
2026-01-30 15:15:00,464.0,465.8999938964844,462.70001220703125,462.70001220703125,16098
2026-02-02 15:15:00,455.5,455.5,455.5,455.5,0
2026-02-02 15:15:00,455.5,455.5,455.5,455.5,0
2026-02-02 15:15:00,455.5,455.5,455.5,455.5,0
2026-02-03 09:15:00,479.1499938964844,479.1499938964844,466.0,472.75,43622
2026-02-03 09:15:00,479.1499938964844,479.1499938964844,466.0,472.75,43622
2026-02-03 09:15:00,479.1499938964844,479.1499938964844,466.0,472.75,43622
2026-02-03 10:15:00,472.75,476.3999938964844,471.75,476.0,26273
2026-02-03 10:15:00,472.75,476.3999938964844,471.75,476.0,26273
2026-02-03 10:15:00,472.75,476.3999938964844,471.75,476.0,26273
2026-02-03 11:15:00,476.0,477.54998779296875,475.6000061035156,475.95001220703125,7734
2026-02-03 11:15:00,476.0,477.54998779296875,475.6000061035156,475.95001220703125,7734
2026-02-03 11:15:00,476.0,477.54998779296875,475.6000061035156,475.95001220703125,7734
2026-02-03 12:15:00,476.1000061035156,477.0,474.0,474.95001220703125,21803
2026-02-03 12:15:00,476.1000061035156,477.0,474.0,474.95001220703125,21803
2026-02-03 12:15:00,476.1000061035156,477.0,474.0,474.95001220703125,21803
2026-02-03 13:15:00,474.95001220703125,475.0,474.20001220703125,474.45001220703125,4157
2026-02-03 13:15:00,474.95001220703125,475.0,474.20001220703125,474.45001220703125,4157
2026-02-03 13:15:00,474.95001220703125,475.0,474.20001220703125,474.45001220703125,4157
2026-02-03 14:15:00,474.20001220703125,474.70001220703125,473.20001220703125,473.6499938964844,4770
2026-02-03 14:15:00,474.20001220703125,474.70001220703125,473.20001220703125,473.6499938964844,4770
2026-02-03 14:15:00,474.20001220703125,474.70001220703125,473.20001220703125,473.6499938964844,4770
2026-02-03 15:15:00,473.70001220703125,474.1000061035156,472.20001220703125,472.20001220703125,35295
2026-02-03 15:15:00,473.70001220703125,474.1000061035156,472.20001220703125,472.20001220703125,35295
2026-02-03 15:15:00,473.70001220703125,474.1000061035156,472.20001220703125,472.20001220703125,35295
2026-02-04 09:15:00,474.5,476.5,472.5,475.6499938964844,0
2026-02-04 09:15:00,474.5,476.5,472.5,475.6499938964844,0
2026-02-04 09:15:00,474.5,476.5,472.5,475.6499938964844,0
2026-02-04 10:15:00,475.6499938964844,476.1000061035156,473.6000061035156,474.45001220703125,4273
2026-02-04 10:15:00,475.6499938964844,476.1000061035156,473.6000061035156,474.45001220703125,4273
2026-02-04 10:15:00,475.6499938964844,476.1000061035156,473.6000061035156,474.45001220703125,4273
2026-02-04 11:15:00,474.0,480.95001220703125,473.5,479.25,112485
2026-02-04 11:15:00,474.0,480.95001220703125,473.5,479.25,112485
2026-02-04 11:15:00,474.0,480.95001220703125,473.5,479.25,112485
2026-02-04 12:15:00,478.70001220703125,480.0,475.8999938964844,476.95001220703125,19276
2026-02-04 12:15:00,478.70001220703125,480.0,475.8999938964844,476.95001220703125,19276
2026-02-04 12:15:00,478.70001220703125,480.0,475.8999938964844,476.95001220703125,19276
2026-02-04 13:15:00,476.8999938964844,477.95001220703125,476.20001220703125,477.95001220703125,3477
2026-02-04 13:15:00,476.8999938964844,477.95001220703125,476.20001220703125,477.95001220703125,3477
2026-02-04 13:15:00,476.8999938964844,477.95001220703125,476.20001220703125,477.95001220703125,3477
2026-02-04 14:15:00,477.8999938964844,479.3999938964844,476.6499938964844,477.1499938964844,34181
2026-02-04 14:15:00,477.8999938964844,479.3999938964844,476.6499938964844,477.1499938964844,34181
2026-02-04 14:15:00,477.8999938964844,479.3999938964844,476.6499938964844,477.1499938964844,34181
2026-02-04 15:15:00,476.79998779296875,477.3999938964844,474.79998779296875,476.0,19331
2026-02-04 15:15:00,476.79998779296875,477.3999938964844,474.79998779296875,476.0,19331
2026-02-04 15:15:00,476.79998779296875,477.3999938964844,474.79998779296875,476.0,19331
2026-02-05 09:15:00,478.0,480.0,475.0,478.5,0
2026-02-05 09:15:00,478.0,480.0,475.0,478.5,0
2026-02-05 09:15:00,478.0,480.0,475.0,478.5,0
2026-02-05 10:15:00,478.5,478.5,476.0,476.20001220703125,10037
2026-02-05 10:15:00,478.5,478.5,476.0,476.20001220703125,10037
2026-02-05 10:15:00,478.5,478.5,476.0,476.20001220703125,10037
2026-02-05 11:15:00,476.04998779296875,480.0,476.04998779296875,480.0,36200
2026-02-05 11:15:00,476.04998779296875,480.0,476.04998779296875,480.0,36200
2026-02-05 11:15:00,476.04998779296875,480.0,476.04998779296875,480.0,36200
2026-02-05 12:15:00,480.0,487.20001220703125,480.0,487.20001220703125,74452
2026-02-05 12:15:00,480.0,487.20001220703125,480.0,487.20001220703125,74452
2026-02-05 12:15:00,480.0,487.20001220703125,480.0,487.20001220703125,74452
2026-02-05 13:15:00,487.20001220703125,487.5,481.6000061035156,481.95001220703125,72794
2026-02-05 13:15:00,487.20001220703125,487.5,481.6000061035156,481.95001220703125,72794
2026-02-05 13:15:00,487.20001220703125,487.5,481.6000061035156,481.95001220703125,72794
2026-02-05 14:15:00,481.8999938964844,482.5,479.6000061035156,479.6000061035156,32039
2026-02-05 14:15:00,481.8999938964844,482.5,479.6000061035156,479.6000061035156,32039
2026-02-05 14:15:00,481.8999938964844,482.5,479.6000061035156,479.6000061035156,32039
2026-02-05 15:15:00,479.54998779296875,480.8500061035156,475.0,479.04998779296875,40036
2026-02-05 15:15:00,479.54998779296875,480.8500061035156,475.0,479.04998779296875,40036
2026-02-05 15:15:00,479.54998779296875,480.8500061035156,475.0,479.04998779296875,40036
2026-02-06 09:15:00,475.79998779296875,475.79998779296875,470.1000061035156,470.6000061035156,0
2026-02-06 09:15:00,475.79998779296875,475.79998779296875,470.1000061035156,470.6000061035156,0
2026-02-06 09:15:00,475.79998779296875,475.79998779296875,470.1000061035156,470.6000061035156,0
2026-02-06 10:15:00,470.5,470.95001220703125,466.0,469.20001220703125,40056
2026-02-06 10:15:00,470.5,470.95001220703125,466.0,469.20001220703125,40056
2026-02-06 10:15:00,470.5,470.95001220703125,466.0,469.20001220703125,40056
2026-02-06 11:15:00,469.3999938964844,470.70001220703125,469.20001220703125,470.0,15729
2026-02-06 11:15:00,469.3999938964844,470.70001220703125,469.20001220703125,470.0,15729
2026-02-06 11:15:00,469.3999938964844,470.70001220703125,469.20001220703125,470.0,15729
2026-02-06 12:15:00,470.0,470.0,468.79998779296875,468.8500061035156,5984
2026-02-06 12:15:00,470.0,470.0,468.79998779296875,468.8500061035156,5984
2026-02-06 12:15:00,470.0,470.0,468.79998779296875,468.8500061035156,5984
2026-02-06 13:15:00,469.45001220703125,472.1499938964844,468.20001220703125,468.20001220703125,25660
2026-02-06 13:15:00,469.45001220703125,472.1499938964844,468.20001220703125,468.20001220703125,25660
2026-02-06 13:15:00,469.45001220703125,472.1499938964844,468.20001220703125,468.20001220703125,25660
2026-02-06 14:15:00,468.54998779296875,468.54998779296875,466.20001220703125,466.25,8470
2026-02-06 14:15:00,468.54998779296875,468.54998779296875,466.20001220703125,466.25,8470
2026-02-06 14:15:00,468.54998779296875,468.54998779296875,466.20001220703125,466.25,8470
2026-02-06 15:15:00,466.25,466.25,461.95001220703125,461.95001220703125,28564
2026-02-06 15:15:00,466.25,466.25,461.95001220703125,461.95001220703125,28564
2026-02-06 15:15:00,466.25,466.25,461.95001220703125,461.95001220703125,28564
2026-02-09 09:15:00,467.0,467.0,460.1000061035156,461.1000061035156,0
2026-02-09 09:15:00,467.0,467.0,460.1000061035156,461.1000061035156,0
2026-02-09 09:15:00,467.0,467.0,460.1000061035156,461.1000061035156,0
2026-02-09 10:15:00,461.54998779296875,465.95001220703125,461.0,465.95001220703125,18974
2026-02-09 10:15:00,461.54998779296875,465.95001220703125,461.0,465.95001220703125,18974
2026-02-09 10:15:00,461.54998779296875,465.95001220703125,461.0,465.95001220703125,18974
2026-02-09 11:15:00,465.8999938964844,470.95001220703125,465.3999938964844,470.95001220703125,31067
2026-02-09 11:15:00,465.8999938964844,470.95001220703125,465.3999938964844,470.95001220703125,31067
2026-02-09 11:15:00,465.8999938964844,470.95001220703125,465.3999938964844,470.95001220703125,31067
2026-02-09 12:15:00,471.0,472.54998779296875,469.95001220703125,470.25,17507
2026-02-09 12:15:00,471.0,472.54998779296875,469.95001220703125,470.25,17507
2026-02-09 12:15:00,471.0,472.54998779296875,469.95001220703125,470.25,17507
2026-02-09 13:15:00,470.8999938964844,472.95001220703125,469.70001220703125,472.5,20376
2026-02-09 13:15:00,470.8999938964844,472.95001220703125,469.70001220703125,472.5,20376
2026-02-09 13:15:00,470.8999938964844,472.95001220703125,469.70001220703125,472.5,20376
2026-02-09 14:15:00,472.20001220703125,472.54998779296875,469.04998779296875,469.04998779296875,22369
2026-02-09 14:15:00,472.20001220703125,472.54998779296875,469.04998779296875,469.04998779296875,22369
2026-02-09 14:15:00,472.20001220703125,472.54998779296875,469.04998779296875,469.04998779296875,22369
2026-02-09 15:15:00,469.04998779296875,469.8500061035156,467.6499938964844,468.0,22192
2026-02-09 15:15:00,469.04998779296875,469.8500061035156,467.6499938964844,468.0,22192
2026-02-09 15:15:00,469.04998779296875,469.8500061035156,467.6499938964844,468.0,22192
2026-02-10 09:15:00,470.0,479.0,470.0,478.70001220703125,0
2026-02-10 09:15:00,470.0,479.0,470.0,478.70001220703125,0
2026-02-10 09:15:00,470.0,479.0,470.0,478.70001220703125,0
2026-02-10 10:15:00,478.75,483.79998779296875,478.0,480.5,109354
2026-02-10 10:15:00,478.75,483.79998779296875,478.0,480.5,109354
2026-02-10 10:15:00,478.75,483.79998779296875,478.0,480.5,109354
2026-02-10 11:15:00,481.0,483.95001220703125,481.0,483.0,21374
2026-02-10 11:15:00,481.0,483.95001220703125,481.0,483.0,21374
2026-02-10 11:15:00,481.0,483.95001220703125,481.0,483.0,21374
2026-02-10 12:15:00,483.0,483.45001220703125,480.0,482.0,12147
2026-02-10 12:15:00,483.0,483.45001220703125,480.0,482.0,12147
2026-02-10 12:15:00,483.0,483.45001220703125,480.0,482.0,12147
2026-02-10 13:15:00,482.04998779296875,482.29998779296875,480.0,481.25,9969
2026-02-10 13:15:00,482.04998779296875,482.29998779296875,480.0,481.25,9969
2026-02-10 13:15:00,482.04998779296875,482.29998779296875,480.0,481.25,9969
2026-02-10 14:15:00,481.8999938964844,482.75,478.6000061035156,479.1000061035156,58747
2026-02-10 14:15:00,481.8999938964844,482.75,478.6000061035156,479.1000061035156,58747
2026-02-10 14:15:00,481.8999938964844,482.75,478.6000061035156,479.1000061035156,58747
2026-02-10 15:15:00,478.6499938964844,479.95001220703125,477.3999938964844,478.0,19226
2026-02-10 15:15:00,478.6499938964844,479.95001220703125,477.3999938964844,478.0,19226
2026-02-10 15:15:00,478.6499938964844,479.95001220703125,477.3999938964844,478.0,19226
2026-02-11 09:15:00,481.79998779296875,481.79998779296875,475.5,476.1000061035156,0
2026-02-11 09:15:00,481.79998779296875,481.79998779296875,475.5,476.1000061035156,0
2026-02-11 09:15:00,481.79998779296875,481.79998779296875,475.5,476.1000061035156,0
2026-02-11 10:15:00,476.1000061035156,479.0,476.0,478.1000061035156,15101
2026-02-11 10:15:00,476.1000061035156,479.0,476.0,478.1000061035156,15101
2026-02-11 10:15:00,476.1000061035156,479.0,476.0,478.1000061035156,15101
2026-02-11 11:15:00,478.1000061035156,483.0,478.1000061035156,482.95001220703125,31220
2026-02-11 11:15:00,478.1000061035156,483.0,478.1000061035156,482.95001220703125,31220
2026-02-11 11:15:00,478.1000061035156,483.0,478.1000061035156,482.95001220703125,31220
2026-02-11 12:15:00,483.0,483.45001220703125,481.54998779296875,483.0,17193
2026-02-11 12:15:00,483.0,483.45001220703125,481.54998779296875,483.0,17193
2026-02-11 12:15:00,483.0,483.45001220703125,481.54998779296875,483.0,17193
2026-02-11 13:15:00,483.5,483.5,481.5,481.70001220703125,5134
2026-02-11 13:15:00,483.5,483.5,481.5,481.70001220703125,5134
2026-02-11 13:15:00,483.5,483.5,481.5,481.70001220703125,5134
2026-02-11 14:15:00,481.6000061035156,481.95001220703125,478.6000061035156,479.3999938964844,10630
2026-02-11 14:15:00,481.6000061035156,481.95001220703125,478.6000061035156,479.3999938964844,10630
2026-02-11 14:15:00,481.6000061035156,481.95001220703125,478.6000061035156,479.3999938964844,10630
2026-02-11 15:15:00,478.70001220703125,480.0,478.0,479.5,10980
2026-02-11 15:15:00,478.70001220703125,480.0,478.0,479.5,10980
2026-02-11 15:15:00,478.70001220703125,480.0,478.0,479.5,10980
2026-02-12 09:15:00,483.20001220703125,483.20001220703125,476.5,478.54998779296875,0
2026-02-12 09:15:00,483.20001220703125,483.20001220703125,476.5,478.54998779296875,0
2026-02-12 09:15:00,483.20001220703125,483.20001220703125,476.5,478.54998779296875,0
2026-02-12 10:15:00,478.5,479.8999938964844,478.3999938964844,479.8999938964844,27310
2026-02-12 10:15:00,478.5,479.8999938964844,478.3999938964844,479.8999938964844,27310
2026-02-12 10:15:00,478.5,479.8999938964844,478.3999938964844,479.8999938964844,27310
2026-02-12 11:15:00,479.95001220703125,481.0,477.5,478.8500061035156,48472
2026-02-12 11:15:00,479.95001220703125,481.0,477.5,478.8500061035156,48472
2026-02-12 11:15:00,479.95001220703125,481.0,477.5,478.8500061035156,48472
2026-02-12 12:15:00,478.20001220703125,481.3999938964844,477.8999938964844,481.3500061035156,6951
2026-02-12 12:15:00,478.20001220703125,481.3999938964844,477.8999938964844,481.3500061035156,6951
2026-02-12 12:15:00,478.20001220703125,481.3999938964844,477.8999938964844,481.3500061035156,6951
2026-02-12 13:15:00,481.3999938964844,482.0,480.8999938964844,481.6000061035156,6371
2026-02-12 13:15:00,481.3999938964844,482.0,480.8999938964844,481.6000061035156,6371
2026-02-12 13:15:00,481.3999938964844,482.0,480.8999938964844,481.6000061035156,6371
2026-02-12 14:15:00,480.54998779296875,480.79998779296875,477.3999938964844,477.5,22176
2026-02-12 14:15:00,480.54998779296875,480.79998779296875,477.3999938964844,477.5,22176
2026-02-12 14:15:00,480.54998779296875,480.79998779296875,477.3999938964844,477.5,22176
2026-02-12 15:15:00,477.6000061035156,478.1000061035156,475.20001220703125,475.20001220703125,10414
2026-02-12 15:15:00,477.6000061035156,478.1000061035156,475.20001220703125,475.20001220703125,10414
2026-02-12 15:15:00,477.6000061035156,478.1000061035156,475.20001220703125,475.20001220703125,10414
2026-02-13 09:15:00,477.0,477.0,471.6000061035156,474.29998779296875,0
2026-02-13 09:15:00,477.0,477.0,471.6000061035156,474.29998779296875,0
2026-02-13 09:15:00,477.0,477.0,471.6000061035156,474.29998779296875,0
2026-02-13 10:15:00,474.6000061035156,479.79998779296875,474.0,478.25,23469
2026-02-13 10:15:00,474.6000061035156,479.79998779296875,474.0,478.25,23469
2026-02-13 10:15:00,474.6000061035156,479.79998779296875,474.0,478.25,23469
2026-02-13 11:15:00,478.79998779296875,481.0,478.3999938964844,480.45001220703125,49150
2026-02-13 11:15:00,478.79998779296875,481.0,478.3999938964844,480.45001220703125,49150
2026-02-13 11:15:00,478.79998779296875,481.0,478.3999938964844,480.45001220703125,49150
2026-02-13 12:15:00,480.20001220703125,480.6000061035156,478.79998779296875,480.25,23826
2026-02-13 12:15:00,480.20001220703125,480.6000061035156,478.79998779296875,480.25,23826
2026-02-13 12:15:00,480.20001220703125,480.6000061035156,478.79998779296875,480.25,23826
2026-02-13 13:15:00,480.25,480.70001220703125,478.5,480.1000061035156,62495
2026-02-13 13:15:00,480.25,480.70001220703125,478.5,480.1000061035156,62495
2026-02-13 13:15:00,480.25,480.70001220703125,478.5,480.1000061035156,62495
2026-02-13 14:15:00,480.1000061035156,480.70001220703125,478.5,478.5,10421
2026-02-13 14:15:00,480.1000061035156,480.70001220703125,478.5,478.5,10421
2026-02-13 14:15:00,480.1000061035156,480.70001220703125,478.5,478.5,10421
2026-02-13 15:15:00,478.95001220703125,478.95001220703125,468.1499938964844,469.5,43937
2026-02-13 15:15:00,478.95001220703125,478.95001220703125,468.1499938964844,469.5,43937
2026-02-13 15:15:00,478.95001220703125,478.95001220703125,468.1499938964844,469.5,43937
2026-02-16 09:15:00,472.6000061035156,473.3500061035156,469.20001220703125,472.8500061035156,0
2026-02-16 09:15:00,472.6000061035156,473.3500061035156,469.20001220703125,472.8500061035156,0
2026-02-16 09:15:00,472.6000061035156,473.3500061035156,469.20001220703125,472.8500061035156,0
2026-02-16 10:15:00,472.8500061035156,478.95001220703125,472.8500061035156,478.20001220703125,40066
2026-02-16 10:15:00,472.8500061035156,478.95001220703125,472.8500061035156,478.20001220703125,40066
2026-02-16 10:15:00,472.8500061035156,478.95001220703125,472.8500061035156,478.20001220703125,40066
2026-02-16 11:15:00,478.5,478.5,476.29998779296875,476.70001220703125,68923
2026-02-16 11:15:00,478.5,478.5,476.29998779296875,476.70001220703125,68923
2026-02-16 11:15:00,478.5,478.5,476.29998779296875,476.70001220703125,68923
2026-02-16 12:15:00,477.1499938964844,477.1499938964844,475.8999938964844,476.8999938964844,12454
2026-02-16 12:15:00,477.1499938964844,477.1499938964844,475.8999938964844,476.8999938964844,12454
2026-02-16 12:15:00,477.1499938964844,477.1499938964844,475.8999938964844,476.8999938964844,12454
2026-02-16 13:15:00,476.8999938964844,476.8999938964844,473.95001220703125,475.3999938964844,11254
2026-02-16 13:15:00,476.8999938964844,476.8999938964844,473.95001220703125,475.3999938964844,11254
2026-02-16 13:15:00,476.8999938964844,476.8999938964844,473.95001220703125,475.3999938964844,11254
2026-02-16 14:15:00,474.95001220703125,475.5,473.0,473.0,23874
2026-02-16 14:15:00,474.95001220703125,475.5,473.0,473.0,23874
2026-02-16 14:15:00,474.95001220703125,475.5,473.0,473.0,23874
2026-02-16 15:15:00,472.95001220703125,473.3999938964844,471.75,473.3999938964844,10344
2026-02-16 15:15:00,472.95001220703125,473.3999938964844,471.75,473.3999938964844,10344
2026-02-16 15:15:00,472.95001220703125,473.3999938964844,471.75,473.3999938964844,10344
2026-02-17 09:15:00,474.04998779296875,474.04998779296875,472.0,473.54998779296875,0
2026-02-17 09:15:00,474.04998779296875,474.04998779296875,472.0,473.54998779296875,0
2026-02-17 09:15:00,474.04998779296875,474.04998779296875,472.0,473.54998779296875,0
2026-02-17 10:15:00,473.0,475.0,472.95001220703125,473.5,105562
2026-02-17 10:15:00,473.0,475.0,472.95001220703125,473.5,105562
2026-02-17 10:15:00,473.0,475.0,472.95001220703125,473.5,105562
2026-02-17 11:15:00,473.79998779296875,474.75,473.79998779296875,474.75,3126
2026-02-17 11:15:00,473.79998779296875,474.75,473.79998779296875,474.75,3126
2026-02-17 11:15:00,473.79998779296875,474.75,473.79998779296875,474.75,3126
2026-02-17 12:15:00,474.75,475.0,468.45001220703125,468.54998779296875,30852
2026-02-17 12:15:00,474.75,475.0,468.45001220703125,468.54998779296875,30852
2026-02-17 12:15:00,474.75,475.0,468.45001220703125,468.54998779296875,30852
2026-02-17 13:15:00,469.45001220703125,469.5,468.20001220703125,468.3999938964844,2410
2026-02-17 13:15:00,469.45001220703125,469.5,468.20001220703125,468.3999938964844,2410
2026-02-17 13:15:00,469.45001220703125,469.5,468.20001220703125,468.3999938964844,2410
2026-02-17 14:15:00,468.3999938964844,469.3999938964844,466.1000061035156,466.1000061035156,12160
2026-02-17 14:15:00,468.3999938964844,469.3999938964844,466.1000061035156,466.1000061035156,12160
2026-02-17 14:15:00,468.3999938964844,469.3999938964844,466.1000061035156,466.1000061035156,12160
2026-02-17 15:15:00,466.1000061035156,468.0,466.0,467.0,20320
2026-02-17 15:15:00,466.1000061035156,468.0,466.0,467.0,20320
2026-02-17 15:15:00,466.1000061035156,468.0,466.0,467.0,20320
2026-02-18 09:15:00,468.5,469.5,465.0,466.1000061035156,0
2026-02-18 09:15:00,468.5,469.5,465.0,466.1000061035156,0
2026-02-18 09:15:00,468.5,469.5,465.0,466.1000061035156,0
2026-02-18 10:15:00,466.1000061035156,470.0,466.1000061035156,469.54998779296875,105226
2026-02-18 10:15:00,466.1000061035156,470.0,466.1000061035156,469.54998779296875,105226
2026-02-18 10:15:00,466.1000061035156,470.0,466.1000061035156,469.54998779296875,105226
2026-02-18 11:15:00,469.5,469.54998779296875,468.8999938964844,469.5,4780
2026-02-18 11:15:00,469.5,469.54998779296875,468.8999938964844,469.5,4780
2026-02-18 11:15:00,469.5,469.54998779296875,468.8999938964844,469.5,4780
2026-02-18 12:15:00,469.29998779296875,469.3999938964844,468.29998779296875,469.04998779296875,23927
2026-02-18 12:15:00,469.29998779296875,469.3999938964844,468.29998779296875,469.04998779296875,23927
2026-02-18 12:15:00,469.29998779296875,469.3999938964844,468.29998779296875,469.04998779296875,23927
2026-02-18 13:15:00,468.45001220703125,468.54998779296875,467.1000061035156,468.1499938964844,4802
2026-02-18 13:15:00,468.45001220703125,468.54998779296875,467.1000061035156,468.1499938964844,4802
2026-02-18 13:15:00,468.45001220703125,468.54998779296875,467.1000061035156,468.1499938964844,4802
2026-02-18 14:15:00,468.3999938964844,468.8500061035156,467.1000061035156,468.0,8647
2026-02-18 14:15:00,468.3999938964844,468.8500061035156,467.1000061035156,468.0,8647
2026-02-18 14:15:00,468.3999938964844,468.8500061035156,467.1000061035156,468.0,8647
2026-02-18 15:15:00,468.0,468.0,466.8999938964844,468.0,28116
2026-02-18 15:15:00,468.0,468.0,466.8999938964844,468.0,28116
2026-02-18 15:15:00,468.0,468.0,466.8999938964844,468.0,28116
2026-02-19 09:15:00,468.0,470.0,467.45001220703125,469.45001220703125,0
2026-02-19 09:15:00,468.0,470.0,467.45001220703125,469.45001220703125,0
2026-02-19 09:15:00,468.0,470.0,467.45001220703125,469.45001220703125,0
2026-02-19 10:15:00,469.1000061035156,469.45001220703125,468.0,468.0,27635
2026-02-19 10:15:00,469.1000061035156,469.45001220703125,468.0,468.0,27635
2026-02-19 10:15:00,469.1000061035156,469.45001220703125,468.0,468.0,27635
2026-02-19 11:15:00,468.0,469.6499938964844,467.8500061035156,468.8500061035156,6072
2026-02-19 11:15:00,468.0,469.6499938964844,467.8500061035156,468.8500061035156,6072
2026-02-19 11:15:00,468.0,469.6499938964844,467.8500061035156,468.8500061035156,6072
2026-02-19 12:15:00,468.8500061035156,469.5,468.79998779296875,469.20001220703125,2105
2026-02-19 12:15:00,468.8500061035156,469.5,468.79998779296875,469.20001220703125,2105
2026-02-19 12:15:00,468.8500061035156,469.5,468.79998779296875,469.20001220703125,2105
2026-02-19 13:15:00,469.1499938964844,469.29998779296875,469.0,469.0,2746
2026-02-19 13:15:00,469.1499938964844,469.29998779296875,469.0,469.0,2746
2026-02-19 13:15:00,469.1499938964844,469.29998779296875,469.0,469.0,2746
2026-02-19 14:15:00,468.8999938964844,469.8500061035156,465.20001220703125,465.3500061035156,33257
2026-02-19 14:15:00,468.8999938964844,469.8500061035156,465.20001220703125,465.3500061035156,33257
2026-02-19 14:15:00,468.8999938964844,469.8500061035156,465.20001220703125,465.3500061035156,33257
2026-02-19 15:15:00,465.20001220703125,466.1000061035156,463.04998779296875,466.0,19415
2026-02-19 15:15:00,465.20001220703125,466.1000061035156,463.04998779296875,466.0,19415
2026-02-19 15:15:00,465.20001220703125,466.1000061035156,463.04998779296875,466.0,19415
2026-02-20 09:15:00,467.25,467.6000061035156,464.5,467.1000061035156,0
2026-02-20 09:15:00,467.25,467.6000061035156,464.5,467.1000061035156,0
2026-02-20 09:15:00,467.25,467.6000061035156,464.5,467.1000061035156,0
2026-02-20 10:15:00,467.1000061035156,469.6499938964844,467.1000061035156,467.20001220703125,22612
2026-02-20 10:15:00,467.1000061035156,469.6499938964844,467.1000061035156,467.20001220703125,22612
2026-02-20 10:15:00,467.1000061035156,469.6499938964844,467.1000061035156,467.20001220703125,22612
2026-02-20 11:15:00,465.0,465.79998779296875,459.0,459.5,90226
2026-02-20 11:15:00,465.0,465.79998779296875,459.0,459.5,90226
2026-02-20 11:15:00,465.0,465.79998779296875,459.0,459.5,90226
2026-02-20 12:15:00,459.79998779296875,461.0,459.1000061035156,459.3999938964844,8959
2026-02-20 12:15:00,459.79998779296875,461.0,459.1000061035156,459.3999938964844,8959
2026-02-20 12:15:00,459.79998779296875,461.0,459.1000061035156,459.3999938964844,8959
2026-02-20 13:15:00,459.29998779296875,460.95001220703125,459.0,460.8999938964844,26556
2026-02-20 13:15:00,459.29998779296875,460.95001220703125,459.0,460.8999938964844,26556
2026-02-20 13:15:00,459.29998779296875,460.95001220703125,459.0,460.8999938964844,26556
2026-02-20 14:15:00,460.8999938964844,462.1499938964844,456.25,458.25,40707
2026-02-20 14:15:00,460.8999938964844,462.1499938964844,456.25,458.25,40707
2026-02-20 14:15:00,460.8999938964844,462.1499938964844,456.25,458.25,40707
2026-02-20 15:15:00,458.29998779296875,459.70001220703125,457.1000061035156,458.5,33042
2026-02-20 15:15:00,458.29998779296875,459.70001220703125,457.1000061035156,458.5,33042
2026-02-20 15:15:00,458.29998779296875,459.70001220703125,457.1000061035156,458.5,33042
2026-02-23 09:15:00,467.0,474.0,465.3999938964844,467.8500061035156,0
2026-02-23 09:15:00,467.0,474.0,465.3999938964844,467.8500061035156,0
2026-02-23 09:15:00,467.0,474.0,465.3999938964844,467.8500061035156,0
2026-02-23 10:15:00,467.70001220703125,469.3500061035156,466.8999938964844,467.6000061035156,14663
2026-02-23 10:15:00,467.70001220703125,469.3500061035156,466.8999938964844,467.6000061035156,14663
2026-02-23 10:15:00,467.70001220703125,469.3500061035156,466.8999938964844,467.6000061035156,14663
2026-02-23 11:15:00,467.6000061035156,469.0,467.20001220703125,468.95001220703125,26964
2026-02-23 11:15:00,467.6000061035156,469.0,467.20001220703125,468.95001220703125,26964
2026-02-23 11:15:00,467.6000061035156,469.0,467.20001220703125,468.95001220703125,26964
2026-02-23 12:15:00,469.1000061035156,470.0,468.8999938964844,469.20001220703125,48471
2026-02-23 12:15:00,469.1000061035156,470.0,468.8999938964844,469.20001220703125,48471
2026-02-23 12:15:00,469.1000061035156,470.0,468.8999938964844,469.20001220703125,48471
2026-02-23 13:15:00,469.0,470.1000061035156,469.0,469.8500061035156,25163
2026-02-23 13:15:00,469.0,470.1000061035156,469.0,469.8500061035156,25163
2026-02-23 13:15:00,469.0,470.1000061035156,469.0,469.8500061035156,25163
2026-02-23 14:15:00,469.8500061035156,469.95001220703125,468.04998779296875,468.29998779296875,52579
2026-02-23 14:15:00,469.8500061035156,469.95001220703125,468.04998779296875,468.29998779296875,52579
2026-02-23 14:15:00,469.8500061035156,469.95001220703125,468.04998779296875,468.29998779296875,52579
2026-02-23 15:15:00,468.1000061035156,468.5,465.5,466.29998779296875,21247
2026-02-23 15:15:00,468.1000061035156,468.5,465.5,466.29998779296875,21247
2026-02-23 15:15:00,468.1000061035156,468.5,465.5,466.29998779296875,21247
2026-02-24 09:15:00,467.0,467.5,462.5,467.0,0
2026-02-24 09:15:00,467.0,467.5,462.5,467.0,0
2026-02-24 09:15:00,467.0,467.5,462.5,467.0,0
2026-02-24 10:15:00,467.0,469.45001220703125,467.0,469.0,15015
2026-02-24 10:15:00,467.0,469.45001220703125,467.0,469.0,15015
2026-02-24 10:15:00,467.0,469.45001220703125,467.0,469.0,15015
2026-02-24 11:15:00,468.8500061035156,470.0,467.5,468.0,22818
2026-02-24 11:15:00,468.8500061035156,470.0,467.5,468.0,22818
2026-02-24 11:15:00,468.8500061035156,470.0,467.5,468.0,22818
2026-02-24 12:15:00,467.0,467.8999938964844,465.70001220703125,466.29998779296875,10645
2026-02-24 12:15:00,467.0,467.8999938964844,465.70001220703125,466.29998779296875,10645
2026-02-24 12:15:00,467.0,467.8999938964844,465.70001220703125,466.29998779296875,10645
2026-02-24 13:15:00,466.5,466.6000061035156,465.29998779296875,465.6499938964844,4102
2026-02-24 13:15:00,466.5,466.6000061035156,465.29998779296875,465.6499938964844,4102
2026-02-24 13:15:00,466.5,466.6000061035156,465.29998779296875,465.6499938964844,4102
2026-02-24 14:15:00,465.5,465.75,463.04998779296875,463.45001220703125,9469
2026-02-24 14:15:00,465.5,465.75,463.04998779296875,463.45001220703125,9469
2026-02-24 14:15:00,465.5,465.75,463.04998779296875,463.45001220703125,9469
2026-02-24 15:15:00,463.8999938964844,464.29998779296875,462.0,464.29998779296875,43845
2026-02-24 15:15:00,463.8999938964844,464.29998779296875,462.0,464.29998779296875,43845
2026-02-24 15:15:00,463.8999938964844,464.29998779296875,462.0,464.29998779296875,43845
2026-02-25 09:15:00,464.5,465.20001220703125,459.25,462.3500061035156,0
2026-02-25 09:15:00,464.5,465.20001220703125,459.25,462.3500061035156,0
2026-02-25 09:15:00,464.5,465.20001220703125,459.25,462.3500061035156,0
2026-02-25 10:15:00,462.3999938964844,463.0,461.95001220703125,462.79998779296875,15346
2026-02-25 10:15:00,462.3999938964844,463.0,461.95001220703125,462.79998779296875,15346
2026-02-25 10:15:00,462.3999938964844,463.0,461.95001220703125,462.79998779296875,15346
2026-02-25 11:15:00,462.3999938964844,463.0,462.04998779296875,463.0,23787
2026-02-25 11:15:00,462.3999938964844,463.0,462.04998779296875,463.0,23787
2026-02-25 11:15:00,462.3999938964844,463.0,462.04998779296875,463.0,23787
2026-02-25 12:15:00,463.0,463.3999938964844,460.1000061035156,461.25,7429
2026-02-25 12:15:00,463.0,463.3999938964844,460.1000061035156,461.25,7429
2026-02-25 12:15:00,463.0,463.3999938964844,460.1000061035156,461.25,7429
2026-02-25 13:15:00,460.95001220703125,461.6499938964844,458.79998779296875,459.45001220703125,8161
2026-02-25 13:15:00,460.95001220703125,461.6499938964844,458.79998779296875,459.45001220703125,8161
2026-02-25 13:15:00,460.95001220703125,461.6499938964844,458.79998779296875,459.45001220703125,8161
2026-02-25 14:15:00,460.04998779296875,460.3999938964844,459.20001220703125,459.20001220703125,4337
2026-02-25 14:15:00,460.04998779296875,460.3999938964844,459.20001220703125,459.20001220703125,4337
2026-02-25 14:15:00,460.04998779296875,460.3999938964844,459.20001220703125,459.20001220703125,4337
2026-02-25 15:15:00,459.25,460.0,457.20001220703125,459.3500061035156,34102
2026-02-25 15:15:00,459.25,460.0,457.20001220703125,459.3500061035156,34102
2026-02-25 15:15:00,459.25,460.0,457.20001220703125,459.3500061035156,34102
2026-02-26 09:15:00,461.79998779296875,461.79998779296875,459.25,460.54998779296875,0
2026-02-26 09:15:00,461.79998779296875,461.79998779296875,459.25,460.54998779296875,0
2026-02-26 09:15:00,461.79998779296875,461.79998779296875,459.25,460.54998779296875,0
2026-02-26 10:15:00,460.54998779296875,470.0,460.54998779296875,469.79998779296875,51350
2026-02-26 10:15:00,460.54998779296875,470.0,460.54998779296875,469.79998779296875,51350
2026-02-26 10:15:00,460.54998779296875,470.0,460.54998779296875,469.79998779296875,51350
2026-02-26 11:15:00,470.0,470.0,457.79998779296875,460.5,86173
2026-02-26 11:15:00,470.0,470.0,457.79998779296875,460.5,86173
2026-02-26 11:15:00,470.0,470.0,457.79998779296875,460.5,86173
2026-02-26 12:15:00,460.70001220703125,461.54998779296875,459.04998779296875,461.54998779296875,3313
2026-02-26 12:15:00,460.70001220703125,461.54998779296875,459.04998779296875,461.54998779296875,3313
2026-02-26 12:15:00,460.70001220703125,461.54998779296875,459.04998779296875,461.54998779296875,3313
2026-02-26 13:15:00,461.1499938964844,465.5,458.29998779296875,458.79998779296875,57276
2026-02-26 13:15:00,461.1499938964844,465.5,458.29998779296875,458.79998779296875,57276
2026-02-26 13:15:00,461.1499938964844,465.5,458.29998779296875,458.79998779296875,57276
2026-02-26 14:15:00,459.1000061035156,459.79998779296875,456.1499938964844,456.95001220703125,15437
2026-02-26 14:15:00,459.1000061035156,459.79998779296875,456.1499938964844,456.95001220703125,15437
2026-02-26 14:15:00,459.1000061035156,459.79998779296875,456.1499938964844,456.95001220703125,15437
2026-02-26 15:15:00,457.0,458.1000061035156,456.8500061035156,457.1000061035156,31703
2026-02-26 15:15:00,457.0,458.1000061035156,456.8500061035156,457.1000061035156,31703
2026-02-26 15:15:00,457.0,458.1000061035156,456.8500061035156,457.1000061035156,31703
2026-02-27 09:15:00,461.45001220703125,461.45001220703125,455.6000061035156,457.3999938964844,0
2026-02-27 09:15:00,461.45001220703125,461.45001220703125,455.6000061035156,457.3999938964844,0
2026-02-27 09:15:00,461.45001220703125,461.45001220703125,455.6000061035156,457.3999938964844,0
2026-02-27 10:15:00,457.04998779296875,458.0,456.8500061035156,457.8999938964844,18832
2026-02-27 10:15:00,457.04998779296875,458.0,456.8500061035156,457.8999938964844,18832
2026-02-27 10:15:00,457.04998779296875,458.0,456.8500061035156,457.8999938964844,18832
2026-02-27 11:15:00,457.79998779296875,461.0,457.5,461.0,22766
2026-02-27 11:15:00,457.79998779296875,461.0,457.5,461.0,22766
2026-02-27 11:15:00,457.79998779296875,461.0,457.5,461.0,22766
2026-02-27 12:15:00,461.0,463.8999938964844,461.0,462.95001220703125,21009
2026-02-27 12:15:00,461.0,463.8999938964844,461.0,462.95001220703125,21009
2026-02-27 12:15:00,461.0,463.8999938964844,461.0,462.95001220703125,21009
2026-02-27 13:15:00,462.8999938964844,463.75,462.8500061035156,463.25,2571
2026-02-27 13:15:00,462.8999938964844,463.75,462.8500061035156,463.25,2571
2026-02-27 13:15:00,462.8999938964844,463.75,462.8500061035156,463.25,2571
2026-02-27 14:15:00,463.20001220703125,464.3999938964844,457.29998779296875,457.29998779296875,42290
2026-02-27 14:15:00,463.20001220703125,464.3999938964844,457.29998779296875,457.29998779296875,42290
2026-02-27 14:15:00,463.20001220703125,464.3999938964844,457.29998779296875,457.29998779296875,42290
2026-02-27 15:15:00,457.3500061035156,457.79998779296875,456.1499938964844,457.25,24552
2026-02-27 15:15:00,457.3500061035156,457.79998779296875,456.1499938964844,457.25,24552
2026-02-27 15:15:00,457.3500061035156,457.79998779296875,456.1499938964844,457.25,24552
2026-03-02 09:15:00,454.0,454.0,444.0,448.3999938964844,0
2026-03-02 09:15:00,454.0,454.0,444.0,448.3999938964844,0
2026-03-02 09:15:00,454.0,454.0,444.0,448.3999938964844,0
2026-03-02 10:15:00,448.3500061035156,453.0,445.75,453.0,43964
2026-03-02 10:15:00,448.3500061035156,453.0,445.75,453.0,43964
2026-03-02 10:15:00,448.3500061035156,453.0,445.75,453.0,43964
2026-03-02 11:15:00,453.0,456.54998779296875,453.0,453.6000061035156,48192
2026-03-02 11:15:00,453.0,456.54998779296875,453.0,453.6000061035156,48192
2026-03-02 11:15:00,453.0,456.54998779296875,453.0,453.6000061035156,48192
2026-03-02 12:15:00,453.29998779296875,453.6499938964844,450.3999938964844,450.3999938964844,10263
2026-03-02 12:15:00,453.29998779296875,453.6499938964844,450.3999938964844,450.3999938964844,10263
2026-03-02 12:15:00,453.29998779296875,453.6499938964844,450.3999938964844,450.3999938964844,10263
2026-03-02 13:15:00,450.25,450.3500061035156,444.20001220703125,446.0,19923
2026-03-02 13:15:00,450.25,450.3500061035156,444.20001220703125,446.0,19923
2026-03-02 13:15:00,450.25,450.3500061035156,444.20001220703125,446.0,19923
2026-03-02 14:15:00,446.1499938964844,446.45001220703125,435.04998779296875,436.79998779296875,52267
2026-03-02 14:15:00,446.1499938964844,446.45001220703125,435.04998779296875,436.79998779296875,52267
2026-03-02 14:15:00,446.1499938964844,446.45001220703125,435.04998779296875,436.79998779296875,52267
2026-03-02 15:15:00,437.70001220703125,441.0,436.54998779296875,439.0,47366
2026-03-02 15:15:00,437.70001220703125,441.0,436.54998779296875,439.0,47366
2026-03-02 15:15:00,437.70001220703125,441.0,436.54998779296875,439.0,47366
2026-03-04 09:15:00,436.0,436.45001220703125,430.6000061035156,432.6000061035156,0
2026-03-04 09:15:00,436.0,436.45001220703125,430.6000061035156,432.6000061035156,0
2026-03-04 09:15:00,436.0,436.45001220703125,430.6000061035156,432.6000061035156,0
2026-03-04 10:15:00,432.29998779296875,435.0,429.0,434.6499938964844,37907
2026-03-04 10:15:00,432.29998779296875,435.0,429.0,434.6499938964844,37907
2026-03-04 10:15:00,432.29998779296875,435.0,429.0,434.6499938964844,37907
2026-03-04 11:15:00,434.3999938964844,440.0,433.45001220703125,439.6000061035156,64362
2026-03-04 11:15:00,434.3999938964844,440.0,433.45001220703125,439.6000061035156,64362
2026-03-04 11:15:00,434.3999938964844,440.0,433.45001220703125,439.6000061035156,64362
2026-03-04 12:15:00,439.6499938964844,442.6499938964844,439.0,440.79998779296875,37631
2026-03-04 12:15:00,439.6499938964844,442.6499938964844,439.0,440.79998779296875,37631
2026-03-04 12:15:00,439.6499938964844,442.6499938964844,439.0,440.79998779296875,37631
2026-03-04 13:15:00,440.54998779296875,442.25,439.04998779296875,441.0,17383
2026-03-04 13:15:00,440.54998779296875,442.25,439.04998779296875,441.0,17383
2026-03-04 13:15:00,440.54998779296875,442.25,439.04998779296875,441.0,17383
2026-03-04 14:15:00,440.8999938964844,441.25,435.8500061035156,436.20001220703125,114017
2026-03-04 14:15:00,440.8999938964844,441.25,435.8500061035156,436.20001220703125,114017
2026-03-04 14:15:00,440.8999938964844,441.25,435.8500061035156,436.20001220703125,114017
2026-03-04 15:15:00,436.25,437.0,434.70001220703125,434.70001220703125,21080
2026-03-04 15:15:00,436.25,437.0,434.70001220703125,434.70001220703125,21080
2026-03-04 15:15:00,436.25,437.0,434.70001220703125,434.70001220703125,21080
2026-03-05 09:15:00,441.1499938964844,452.0,438.5,451.95001220703125,0
2026-03-05 09:15:00,441.1499938964844,452.0,438.5,451.95001220703125,0
2026-03-05 09:15:00,441.1499938964844,452.0,438.5,451.95001220703125,0
2026-03-05 10:15:00,452.0,454.0,449.25,453.95001220703125,35199
2026-03-05 10:15:00,452.0,454.0,449.25,453.95001220703125,35199
2026-03-05 10:15:00,452.0,454.0,449.25,453.95001220703125,35199
2026-03-05 11:15:00,454.0,455.95001220703125,453.6499938964844,454.79998779296875,45069
2026-03-05 11:15:00,454.0,455.95001220703125,453.6499938964844,454.79998779296875,45069
2026-03-05 11:15:00,454.0,455.95001220703125,453.6499938964844,454.79998779296875,45069
2026-03-05 12:15:00,454.29998779296875,454.79998779296875,453.29998779296875,454.1499938964844,3916
2026-03-05 12:15:00,454.29998779296875,454.79998779296875,453.29998779296875,454.1499938964844,3916
2026-03-05 12:15:00,454.29998779296875,454.79998779296875,453.29998779296875,454.1499938964844,3916
2026-03-05 13:15:00,454.1499938964844,454.8999938964844,451.29998779296875,451.29998779296875,19669
2026-03-05 13:15:00,454.1499938964844,454.8999938964844,451.29998779296875,451.29998779296875,19669
2026-03-05 13:15:00,454.1499938964844,454.8999938964844,451.29998779296875,451.29998779296875,19669
2026-03-05 14:15:00,451.54998779296875,454.0,450.95001220703125,453.0,53602
2026-03-05 14:15:00,451.54998779296875,454.0,450.95001220703125,453.0,53602
2026-03-05 14:15:00,451.54998779296875,454.0,450.95001220703125,453.0,53602
2026-03-05 15:15:00,452.6499938964844,452.95001220703125,450.8999938964844,451.0,21756
2026-03-05 15:15:00,452.6499938964844,452.95001220703125,450.8999938964844,451.0,21756
2026-03-05 15:15:00,452.6499938964844,452.95001220703125,450.8999938964844,451.0,21756
2026-03-06 09:15:00,458.0,458.5,452.0,458.5,0
2026-03-06 09:15:00,458.0,458.5,452.0,458.5,0
2026-03-06 09:15:00,458.0,458.5,452.0,458.5,0
2026-03-06 10:15:00,458.5,458.8500061035156,453.6000061035156,453.8500061035156,67154
2026-03-06 10:15:00,458.5,458.8500061035156,453.6000061035156,453.8500061035156,67154
2026-03-06 10:15:00,458.5,458.8500061035156,453.6000061035156,453.8500061035156,67154
2026-03-06 11:15:00,453.45001220703125,460.0,453.3999938964844,453.3999938964844,85601
2026-03-06 11:15:00,453.45001220703125,460.0,453.3999938964844,453.3999938964844,85601
2026-03-06 11:15:00,453.45001220703125,460.0,453.3999938964844,453.3999938964844,85601
2026-03-06 12:15:00,453.3999938964844,455.45001220703125,453.3999938964844,455.45001220703125,1273
2026-03-06 12:15:00,453.3999938964844,455.45001220703125,453.3999938964844,455.45001220703125,1273
2026-03-06 12:15:00,453.3999938964844,455.45001220703125,453.3999938964844,455.45001220703125,1273
2026-03-06 13:15:00,455.1499938964844,457.0,453.3999938964844,454.70001220703125,7292
2026-03-06 13:15:00,455.1499938964844,457.0,453.3999938964844,454.70001220703125,7292
2026-03-06 13:15:00,455.1499938964844,457.0,453.3999938964844,454.70001220703125,7292
2026-03-06 14:15:00,454.3500061035156,454.3500061035156,447.79998779296875,449.1499938964844,66456
2026-03-06 14:15:00,454.3500061035156,454.3500061035156,447.79998779296875,449.1499938964844,66456
2026-03-06 14:15:00,454.3500061035156,454.3500061035156,447.79998779296875,449.1499938964844,66456
2026-03-06 15:15:00,449.1000061035156,451.3999938964844,448.6000061035156,451.3999938964844,8874
2026-03-06 15:15:00,449.1000061035156,451.3999938964844,448.6000061035156,451.3999938964844,8874
2026-03-06 15:15:00,449.1000061035156,451.3999938964844,448.6000061035156,451.3999938964844,8874
2026-03-09 09:15:00,444.54998779296875,446.8999938964844,436.0,438.29998779296875,0
2026-03-09 09:15:00,444.54998779296875,446.8999938964844,436.0,438.29998779296875,0
2026-03-09 09:15:00,444.54998779296875,446.8999938964844,436.0,438.29998779296875,0
2026-03-09 10:15:00,438.29998779296875,438.79998779296875,430.25,433.8999938964844,25381
2026-03-09 10:15:00,438.29998779296875,438.79998779296875,430.25,433.8999938964844,25381
2026-03-09 10:15:00,438.29998779296875,438.79998779296875,430.25,433.8999938964844,25381
2026-03-09 11:15:00,433.20001220703125,437.3500061035156,433.04998779296875,434.0,6224
2026-03-09 11:15:00,433.20001220703125,437.3500061035156,433.04998779296875,434.0,6224
2026-03-09 11:15:00,433.20001220703125,437.3500061035156,433.04998779296875,434.0,6224
2026-03-09 12:15:00,434.0,435.8999938964844,433.5,434.8999938964844,7737
2026-03-09 12:15:00,434.0,435.8999938964844,433.5,434.8999938964844,7737
2026-03-09 12:15:00,434.0,435.8999938964844,433.5,434.8999938964844,7737
2026-03-09 13:15:00,434.70001220703125,436.0,434.20001220703125,434.8500061035156,6236
2026-03-09 13:15:00,434.70001220703125,436.0,434.20001220703125,434.8500061035156,6236
2026-03-09 13:15:00,434.70001220703125,436.0,434.20001220703125,434.8500061035156,6236
2026-03-09 14:15:00,434.8500061035156,435.04998779296875,432.0,432.0,5523
2026-03-09 14:15:00,434.8500061035156,435.04998779296875,432.0,432.0,5523
2026-03-09 14:15:00,434.8500061035156,435.04998779296875,432.0,432.0,5523
2026-03-09 15:15:00,432.25,433.0,431.20001220703125,432.54998779296875,25000
2026-03-09 15:15:00,432.25,433.0,431.20001220703125,432.54998779296875,25000
2026-03-09 15:15:00,432.25,433.0,431.20001220703125,432.54998779296875,25000
2026-03-10 09:15:00,441.0,445.0,438.5,442.8500061035156,0
2026-03-10 09:15:00,441.0,445.0,438.5,442.8500061035156,0
2026-03-10 09:15:00,441.0,445.0,438.5,442.8500061035156,0
2026-03-10 10:15:00,442.20001220703125,443.8500061035156,440.29998779296875,443.8500061035156,17634
2026-03-10 10:15:00,442.20001220703125,443.8500061035156,440.29998779296875,443.8500061035156,17634
2026-03-10 10:15:00,442.20001220703125,443.8500061035156,440.29998779296875,443.8500061035156,17634
2026-03-10 11:15:00,443.1499938964844,446.5,438.79998779296875,439.79998779296875,52606
2026-03-10 11:15:00,443.1499938964844,446.5,438.79998779296875,439.79998779296875,52606
2026-03-10 11:15:00,443.1499938964844,446.5,438.79998779296875,439.79998779296875,52606
2026-03-10 12:15:00,439.79998779296875,443.75,438.5,443.75,24858
2026-03-10 12:15:00,439.79998779296875,443.75,438.5,443.75,24858
2026-03-10 12:15:00,439.79998779296875,443.75,438.5,443.75,24858
2026-03-10 13:15:00,443.79998779296875,443.8999938964844,441.0,441.75,25253
2026-03-10 13:15:00,443.79998779296875,443.8999938964844,441.0,441.75,25253
2026-03-10 13:15:00,443.79998779296875,443.8999938964844,441.0,441.75,25253
2026-03-10 14:15:00,441.1499938964844,441.6000061035156,438.1000061035156,438.45001220703125,10041
2026-03-10 14:15:00,441.1499938964844,441.6000061035156,438.1000061035156,438.45001220703125,10041
2026-03-10 14:15:00,441.1499938964844,441.6000061035156,438.1000061035156,438.45001220703125,10041
2026-03-10 15:15:00,438.6499938964844,440.0,437.0,438.75,33432
2026-03-10 15:15:00,438.6499938964844,440.0,437.0,438.75,33432
2026-03-10 15:15:00,438.6499938964844,440.0,437.0,438.75,33432
2026-03-11 09:15:00,445.8999938964844,448.0,444.79998779296875,445.3999938964844,0
2026-03-11 09:15:00,445.8999938964844,448.0,444.79998779296875,445.3999938964844,0
2026-03-11 09:15:00,445.8999938964844,448.0,444.79998779296875,445.3999938964844,0
2026-03-11 10:15:00,445.54998779296875,446.95001220703125,440.0,441.70001220703125,19227
2026-03-11 10:15:00,445.54998779296875,446.95001220703125,440.0,441.70001220703125,19227
2026-03-11 10:15:00,445.54998779296875,446.95001220703125,440.0,441.70001220703125,19227
2026-03-11 11:15:00,441.6000061035156,442.6499938964844,440.6499938964844,442.3999938964844,8866
2026-03-11 11:15:00,441.6000061035156,442.6499938964844,440.6499938964844,442.3999938964844,8866
2026-03-11 11:15:00,441.6000061035156,442.6499938964844,440.6499938964844,442.3999938964844,8866
2026-03-11 12:15:00,442.04998779296875,442.3500061035156,437.04998779296875,437.04998779296875,19742
2026-03-11 12:15:00,442.04998779296875,442.3500061035156,437.04998779296875,437.04998779296875,19742
2026-03-11 12:15:00,442.04998779296875,442.3500061035156,437.04998779296875,437.04998779296875,19742
2026-03-11 13:15:00,436.8999938964844,439.25,434.25,434.79998779296875,19195
2026-03-11 13:15:00,436.8999938964844,439.25,434.25,434.79998779296875,19195
2026-03-11 13:15:00,436.8999938964844,439.25,434.25,434.79998779296875,19195
2026-03-11 14:15:00,434.0,434.20001220703125,423.3999938964844,429.0,71702
2026-03-11 14:15:00,434.0,434.20001220703125,423.3999938964844,429.0,71702
2026-03-11 14:15:00,434.0,434.20001220703125,423.3999938964844,429.0,71702
2026-03-11 15:15:00,429.20001220703125,429.20001220703125,426.04998779296875,428.5,15050
2026-03-11 15:15:00,429.20001220703125,429.20001220703125,426.04998779296875,428.5,15050
2026-03-11 15:15:00,429.20001220703125,429.20001220703125,426.04998779296875,428.5,15050
2026-03-12 09:15:00,427.5,427.5,414.29998779296875,415.25,0
2026-03-12 09:15:00,427.5,427.5,414.29998779296875,415.25,0
2026-03-12 09:15:00,427.5,427.5,414.29998779296875,415.25,0
2026-03-12 10:15:00,415.25,420.3999938964844,414.20001220703125,419.5,12454
2026-03-12 10:15:00,415.25,420.3999938964844,414.20001220703125,419.5,12454
2026-03-12 10:15:00,415.25,420.3999938964844,414.20001220703125,419.5,12454
2026-03-12 11:15:00,420.1499938964844,424.29998779296875,418.5,424.0,27795
2026-03-12 11:15:00,420.1499938964844,424.29998779296875,418.5,424.0,27795
2026-03-12 11:15:00,420.1499938964844,424.29998779296875,418.5,424.0,27795
2026-03-12 12:15:00,424.29998779296875,427.70001220703125,423.70001220703125,426.3500061035156,40653
2026-03-12 12:15:00,424.29998779296875,427.70001220703125,423.70001220703125,426.3500061035156,40653
2026-03-12 12:15:00,424.29998779296875,427.70001220703125,423.70001220703125,426.3500061035156,40653
2026-03-12 13:15:00,426.20001220703125,428.79998779296875,425.0,426.3999938964844,22155
2026-03-12 13:15:00,426.20001220703125,428.79998779296875,425.0,426.3999938964844,22155
2026-03-12 13:15:00,426.20001220703125,428.79998779296875,425.0,426.3999938964844,22155
2026-03-12 14:15:00,426.20001220703125,426.6000061035156,423.20001220703125,423.95001220703125,32077
2026-03-12 14:15:00,426.20001220703125,426.6000061035156,423.20001220703125,423.95001220703125,32077
2026-03-12 14:15:00,426.20001220703125,426.6000061035156,423.20001220703125,423.95001220703125,32077
2026-03-12 15:15:00,423.70001220703125,424.1499938964844,422.0,424.1499938964844,16584
2026-03-12 15:15:00,423.70001220703125,424.1499938964844,422.0,424.1499938964844,16584
2026-03-12 15:15:00,423.70001220703125,424.1499938964844,422.0,424.1499938964844,16584
2026-03-13 09:15:00,422.95001220703125,422.95001220703125,415.04998779296875,415.79998779296875,0
2026-03-13 09:15:00,422.95001220703125,422.95001220703125,415.04998779296875,415.79998779296875,0
2026-03-13 09:15:00,422.95001220703125,422.95001220703125,415.04998779296875,415.79998779296875,0
2026-03-13 10:15:00,415.75,416.25,414.0,414.54998779296875,11038
2026-03-13 10:15:00,415.75,416.25,414.0,414.54998779296875,11038
2026-03-13 10:15:00,415.75,416.25,414.0,414.54998779296875,11038
2026-03-13 11:15:00,414.1000061035156,417.0,414.1000061035156,414.5,9705
2026-03-13 11:15:00,414.1000061035156,417.0,414.1000061035156,414.5,9705
2026-03-13 11:15:00,414.1000061035156,417.0,414.1000061035156,414.5,9705
2026-03-13 12:15:00,414.45001220703125,414.45001220703125,409.70001220703125,410.0,25663
2026-03-13 12:15:00,414.45001220703125,414.45001220703125,409.70001220703125,410.0,25663
2026-03-13 12:15:00,414.45001220703125,414.45001220703125,409.70001220703125,410.0,25663
2026-03-13 13:15:00,409.54998779296875,411.75,409.54998779296875,411.0,6239
2026-03-13 13:15:00,409.54998779296875,411.75,409.54998779296875,411.0,6239
2026-03-13 13:15:00,409.54998779296875,411.75,409.54998779296875,411.0,6239
2026-03-13 14:15:00,411.5,413.79998779296875,407.0,409.6499938964844,42288
2026-03-13 14:15:00,411.5,413.79998779296875,407.0,409.6499938964844,42288
2026-03-13 14:15:00,411.5,413.79998779296875,407.0,409.6499938964844,42288
2026-03-13 15:15:00,409.6499938964844,410.5,409.20001220703125,410.25,11411
2026-03-13 15:15:00,409.6499938964844,410.5,409.20001220703125,410.25,11411
2026-03-13 15:15:00,409.6499938964844,410.5,409.20001220703125,410.25,11411
2026-03-16 09:15:00,412.75,412.75,407.20001220703125,409.1000061035156,0
2026-03-16 09:15:00,412.75,412.75,407.20001220703125,409.1000061035156,0
2026-03-16 09:15:00,412.75,412.75,407.20001220703125,409.1000061035156,0
2026-03-16 10:15:00,408.29998779296875,411.3999938964844,405.6000061035156,411.3999938964844,38191
2026-03-16 10:15:00,408.29998779296875,411.3999938964844,405.6000061035156,411.3999938964844,38191
2026-03-16 10:15:00,408.29998779296875,411.3999938964844,405.6000061035156,411.3999938964844,38191
2026-03-16 11:15:00,411.3999938964844,420.0,411.3999938964844,416.3500061035156,45739
2026-03-16 11:15:00,411.3999938964844,420.0,411.3999938964844,416.3500061035156,45739
2026-03-16 11:15:00,411.3999938964844,420.0,411.3999938964844,416.3500061035156,45739
2026-03-16 12:15:00,416.3999938964844,418.0,411.70001220703125,411.70001220703125,16806
2026-03-16 12:15:00,416.3999938964844,418.0,411.70001220703125,411.70001220703125,16806
2026-03-16 12:15:00,416.3999938964844,418.0,411.70001220703125,411.70001220703125,16806
2026-03-16 13:15:00,411.79998779296875,413.45001220703125,398.45001220703125,400.1499938964844,74245
2026-03-16 13:15:00,411.79998779296875,413.45001220703125,398.45001220703125,400.1499938964844,74245
2026-03-16 13:15:00,411.79998779296875,413.45001220703125,398.45001220703125,400.1499938964844,74245
2026-03-16 14:15:00,400.79998779296875,411.3999938964844,400.25,407.75,27904
2026-03-16 14:15:00,400.79998779296875,411.3999938964844,400.25,407.75,27904
2026-03-16 14:15:00,400.79998779296875,411.3999938964844,400.25,407.75,27904
2026-03-16 15:15:00,409.0,409.0,406.8500061035156,407.0,63489
2026-03-16 15:15:00,409.0,409.0,406.8500061035156,407.0,63489
2026-03-16 15:15:00,409.0,409.0,406.8500061035156,407.0,63489
2026-03-17 09:15:00,413.04998779296875,418.0,407.8500061035156,413.70001220703125,0
2026-03-17 09:15:00,413.04998779296875,418.0,407.8500061035156,413.70001220703125,0
2026-03-17 09:15:00,413.04998779296875,418.0,407.8500061035156,413.70001220703125,0
2026-03-17 10:15:00,414.0,429.1499938964844,414.0,429.1499938964844,72060
2026-03-17 10:15:00,414.0,429.1499938964844,414.0,429.1499938964844,72060
2026-03-17 10:15:00,414.0,429.1499938964844,414.0,429.1499938964844,72060
2026-03-17 11:15:00,429.1499938964844,430.54998779296875,425.95001220703125,428.5,42006
2026-03-17 11:15:00,429.1499938964844,430.54998779296875,425.95001220703125,428.5,42006
2026-03-17 11:15:00,429.1499938964844,430.54998779296875,425.95001220703125,428.5,42006
2026-03-17 12:15:00,427.6000061035156,432.0,426.95001220703125,429.25,54412
2026-03-17 12:15:00,427.6000061035156,432.0,426.95001220703125,429.25,54412
2026-03-17 12:15:00,427.6000061035156,432.0,426.95001220703125,429.25,54412
2026-03-17 13:15:00,430.0,430.0,426.04998779296875,429.0,15324
2026-03-17 13:15:00,430.0,430.0,426.04998779296875,429.0,15324
2026-03-17 13:15:00,430.0,430.0,426.04998779296875,429.0,15324
2026-03-17 14:15:00,429.0,430.95001220703125,425.20001220703125,426.54998779296875,44815
2026-03-17 14:15:00,429.0,430.95001220703125,425.20001220703125,426.54998779296875,44815
2026-03-17 14:15:00,429.0,430.95001220703125,425.20001220703125,426.54998779296875,44815
2026-03-17 15:15:00,426.45001220703125,426.8500061035156,423.3999938964844,423.3999938964844,18435
2026-03-17 15:15:00,426.45001220703125,426.8500061035156,423.3999938964844,423.3999938964844,18435
2026-03-17 15:15:00,426.45001220703125,426.8500061035156,423.3999938964844,423.3999938964844,18435
2026-03-18 09:15:00,428.54998779296875,439.0,427.5,437.1000061035156,0
2026-03-18 09:15:00,428.54998779296875,439.0,427.5,437.1000061035156,0
2026-03-18 09:15:00,428.54998779296875,439.0,427.5,437.1000061035156,0
2026-03-18 10:15:00,437.79998779296875,439.70001220703125,435.0,435.3500061035156,91909
2026-03-18 10:15:00,437.79998779296875,439.70001220703125,435.0,435.3500061035156,91909
2026-03-18 10:15:00,437.79998779296875,439.70001220703125,435.0,435.3500061035156,91909
2026-03-18 11:15:00,435.29998779296875,438.70001220703125,433.75,436.20001220703125,34287
2026-03-18 11:15:00,435.29998779296875,438.70001220703125,433.75,436.20001220703125,34287
2026-03-18 11:15:00,435.29998779296875,438.70001220703125,433.75,436.20001220703125,34287
2026-03-18 12:15:00,436.20001220703125,436.6499938964844,432.70001220703125,434.70001220703125,8310
2026-03-18 12:15:00,436.20001220703125,436.6499938964844,432.70001220703125,434.70001220703125,8310
2026-03-18 12:15:00,436.20001220703125,436.6499938964844,432.70001220703125,434.70001220703125,8310
2026-03-18 13:15:00,434.25,437.0,434.25,436.1499938964844,10483
2026-03-18 13:15:00,434.25,437.0,434.25,436.1499938964844,10483
2026-03-18 13:15:00,434.25,437.0,434.25,436.1499938964844,10483
2026-03-18 14:15:00,436.1499938964844,436.25,432.1000061035156,433.29998779296875,56763
2026-03-18 14:15:00,436.1499938964844,436.25,432.1000061035156,433.29998779296875,56763
2026-03-18 14:15:00,436.1499938964844,436.25,432.1000061035156,433.29998779296875,56763
2026-03-18 15:15:00,433.95001220703125,433.95001220703125,432.5,433.8999938964844,30593
2026-03-18 15:15:00,433.95001220703125,433.95001220703125,432.5,433.8999938964844,30593
2026-03-18 15:15:00,433.95001220703125,433.95001220703125,432.5,433.8999938964844,30593
2026-03-19 09:15:00,432.3999938964844,432.3999938964844,420.45001220703125,425.8999938964844,0
2026-03-19 09:15:00,432.3999938964844,432.3999938964844,420.45001220703125,425.8999938964844,0
2026-03-19 09:15:00,432.3999938964844,432.3999938964844,420.45001220703125,425.8999938964844,0
2026-03-19 10:15:00,425.3999938964844,432.95001220703125,425.3999938964844,431.70001220703125,66306
2026-03-19 10:15:00,425.3999938964844,432.95001220703125,425.3999938964844,431.70001220703125,66306
2026-03-19 10:15:00,425.3999938964844,432.95001220703125,425.3999938964844,431.70001220703125,66306
2026-03-19 11:15:00,431.70001220703125,434.8500061035156,430.45001220703125,432.0,97718
2026-03-19 11:15:00,431.70001220703125,434.8500061035156,430.45001220703125,432.0,97718
2026-03-19 11:15:00,431.70001220703125,434.8500061035156,430.45001220703125,432.0,97718
2026-03-19 12:15:00,432.8500061035156,433.20001220703125,431.04998779296875,431.54998779296875,31769
2026-03-19 12:15:00,432.8500061035156,433.20001220703125,431.04998779296875,431.54998779296875,31769
2026-03-19 12:15:00,432.8500061035156,433.20001220703125,431.04998779296875,431.54998779296875,31769
2026-03-19 13:15:00,431.3999938964844,431.3999938964844,425.95001220703125,430.5,141821
2026-03-19 13:15:00,431.3999938964844,431.3999938964844,425.95001220703125,430.5,141821
2026-03-19 13:15:00,431.3999938964844,431.3999938964844,425.95001220703125,430.5,141821
2026-03-19 14:15:00,430.20001220703125,430.25,424.79998779296875,424.79998779296875,15001
2026-03-19 14:15:00,430.20001220703125,430.25,424.79998779296875,424.79998779296875,15001
2026-03-19 14:15:00,430.20001220703125,430.25,424.79998779296875,424.79998779296875,15001
2026-03-19 15:15:00,424.3999938964844,425.0,421.1000061035156,424.6499938964844,127096
2026-03-19 15:15:00,424.3999938964844,425.0,421.1000061035156,424.6499938964844,127096
2026-03-19 15:15:00,424.3999938964844,425.0,421.1000061035156,424.6499938964844,127096
2026-03-20 09:15:00,435.0,435.0,424.5,431.29998779296875,0
2026-03-20 09:15:00,435.0,435.0,424.5,431.29998779296875,0
2026-03-20 09:15:00,435.0,435.0,424.5,431.29998779296875,0
2026-03-20 10:15:00,431.29998779296875,435.54998779296875,429.8999938964844,435.45001220703125,44951
2026-03-20 10:15:00,431.29998779296875,435.54998779296875,429.8999938964844,435.45001220703125,44951
2026-03-20 10:15:00,431.29998779296875,435.54998779296875,429.8999938964844,435.45001220703125,44951
2026-03-20 11:15:00,435.5,438.8999938964844,433.45001220703125,434.3500061035156,28868
2026-03-20 11:15:00,435.5,438.8999938964844,433.45001220703125,434.3500061035156,28868
2026-03-20 11:15:00,435.5,438.8999938964844,433.45001220703125,434.3500061035156,28868
2026-03-20 12:15:00,434.45001220703125,437.0,433.79998779296875,435.0,20648
2026-03-20 12:15:00,434.45001220703125,437.0,433.79998779296875,435.0,20648
2026-03-20 12:15:00,434.45001220703125,437.0,433.79998779296875,435.0,20648
2026-03-20 13:15:00,435.0,436.6000061035156,433.79998779296875,434.3500061035156,9781
2026-03-20 13:15:00,435.0,436.6000061035156,433.79998779296875,434.3500061035156,9781
2026-03-20 13:15:00,435.0,436.6000061035156,433.79998779296875,434.3500061035156,9781
2026-03-20 14:15:00,434.25,434.95001220703125,430.0,430.0,13315
2026-03-20 14:15:00,434.25,434.95001220703125,430.0,430.0,13315
2026-03-20 14:15:00,434.25,434.95001220703125,430.0,430.0,13315
2026-03-20 15:15:00,430.0,430.0,426.3999938964844,428.3999938964844,7699
2026-03-20 15:15:00,430.0,430.0,426.3999938964844,428.3999938964844,7699
2026-03-20 15:15:00,430.0,430.0,426.3999938964844,428.3999938964844,7699
2026-03-23 09:15:00,429.20001220703125,429.20001220703125,414.04998779296875,414.04998779296875,0
2026-03-23 09:15:00,429.20001220703125,429.20001220703125,414.04998779296875,414.04998779296875,0
2026-03-23 09:15:00,429.20001220703125,429.20001220703125,414.04998779296875,414.04998779296875,0
2026-03-23 10:15:00,414.04998779296875,414.95001220703125,405.25,406.5,38649
2026-03-23 10:15:00,414.04998779296875,414.95001220703125,405.25,406.5,38649
2026-03-23 10:15:00,414.04998779296875,414.95001220703125,405.25,406.5,38649
2026-03-23 11:15:00,406.5,407.6499938964844,403.70001220703125,404.5,9122
2026-03-23 11:15:00,406.5,407.6499938964844,403.70001220703125,404.5,9122
2026-03-23 11:15:00,406.5,407.6499938964844,403.70001220703125,404.5,9122
2026-03-23 12:15:00,405.20001220703125,405.20001220703125,401.20001220703125,402.54998779296875,9169
2026-03-23 12:15:00,405.20001220703125,405.20001220703125,401.20001220703125,402.54998779296875,9169
2026-03-23 12:15:00,405.20001220703125,405.20001220703125,401.20001220703125,402.54998779296875,9169
2026-03-23 13:15:00,403.0,407.8999938964844,402.8500061035156,407.29998779296875,5986
2026-03-23 13:15:00,403.0,407.8999938964844,402.8500061035156,407.29998779296875,5986
2026-03-23 13:15:00,403.0,407.8999938964844,402.8500061035156,407.29998779296875,5986
2026-03-23 14:15:00,407.29998779296875,408.04998779296875,397.3999938964844,398.0,14277
2026-03-23 14:15:00,407.29998779296875,408.04998779296875,397.3999938964844,398.0,14277
2026-03-23 14:15:00,407.29998779296875,408.04998779296875,397.3999938964844,398.0,14277
2026-03-23 15:15:00,398.04998779296875,399.79998779296875,395.0,398.6499938964844,9592
2026-03-23 15:15:00,398.04998779296875,399.79998779296875,395.0,398.6499938964844,9592
2026-03-23 15:15:00,398.04998779296875,399.79998779296875,395.0,398.6499938964844,9592
2026-03-24 09:15:00,414.95001220703125,414.95001220703125,403.5,412.29998779296875,0
2026-03-24 09:15:00,414.95001220703125,414.95001220703125,403.5,412.29998779296875,0
2026-03-24 09:15:00,414.95001220703125,414.95001220703125,403.5,412.29998779296875,0
2026-03-24 10:15:00,412.5,415.75,406.3500061035156,411.6000061035156,32371
2026-03-24 10:15:00,412.5,415.75,406.3500061035156,411.6000061035156,32371
2026-03-24 10:15:00,412.5,415.75,406.3500061035156,411.6000061035156,32371
2026-03-24 11:15:00,411.6000061035156,413.75,410.3999938964844,413.1000061035156,21078
2026-03-24 11:15:00,411.6000061035156,413.75,410.3999938964844,413.1000061035156,21078
2026-03-24 11:15:00,411.6000061035156,413.75,410.3999938964844,413.1000061035156,21078
2026-03-24 12:15:00,413.1000061035156,419.0,413.1000061035156,419.0,35328
2026-03-24 12:15:00,413.1000061035156,419.0,413.1000061035156,419.0,35328
2026-03-24 12:15:00,413.1000061035156,419.0,413.1000061035156,419.0,35328
2026-03-24 13:15:00,419.0,422.1000061035156,416.1000061035156,417.6000061035156,56194
2026-03-24 13:15:00,419.0,422.1000061035156,416.1000061035156,417.6000061035156,56194
2026-03-24 13:15:00,419.0,422.1000061035156,416.1000061035156,417.6000061035156,56194
2026-03-24 14:15:00,417.3999938964844,419.04998779296875,415.0,415.1499938964844,16264
2026-03-24 14:15:00,417.3999938964844,419.04998779296875,415.0,415.1499938964844,16264
2026-03-24 14:15:00,417.3999938964844,419.04998779296875,415.0,415.1499938964844,16264
2026-03-24 15:15:00,415.70001220703125,416.70001220703125,412.54998779296875,416.20001220703125,43805
2026-03-24 15:15:00,415.70001220703125,416.70001220703125,412.54998779296875,416.20001220703125,43805
2026-03-24 15:15:00,415.70001220703125,416.70001220703125,412.54998779296875,416.20001220703125,43805
2026-03-25 09:15:00,421.8500061035156,432.6000061035156,417.5,431.5,0
2026-03-25 09:15:00,421.8500061035156,432.6000061035156,417.5,431.5,0
2026-03-25 09:15:00,421.8500061035156,432.6000061035156,417.5,431.5,0
2026-03-25 10:15:00,432.0,437.45001220703125,429.79998779296875,437.3999938964844,35537
2026-03-25 10:15:00,432.0,437.45001220703125,429.79998779296875,437.3999938964844,35537
2026-03-25 10:15:00,432.0,437.45001220703125,429.79998779296875,437.3999938964844,35537
2026-03-25 11:15:00,437.1000061035156,437.1000061035156,433.1000061035156,434.5,12902
2026-03-25 11:15:00,437.1000061035156,437.1000061035156,433.1000061035156,434.5,12902
2026-03-25 11:15:00,437.1000061035156,437.1000061035156,433.1000061035156,434.5,12902
2026-03-25 12:15:00,435.0,438.3999938964844,433.20001220703125,433.6000061035156,83685
2026-03-25 12:15:00,435.0,438.3999938964844,433.20001220703125,433.6000061035156,83685
2026-03-25 12:15:00,435.0,438.3999938964844,433.20001220703125,433.6000061035156,83685
2026-03-25 13:15:00,434.0,435.3500061035156,432.0,434.8999938964844,11341
2026-03-25 13:15:00,434.0,435.3500061035156,432.0,434.8999938964844,11341
2026-03-25 13:15:00,434.0,435.3500061035156,432.0,434.8999938964844,11341
2026-03-25 14:15:00,434.3999938964844,435.25,431.04998779296875,432.0,10617
2026-03-25 14:15:00,434.3999938964844,435.25,431.04998779296875,432.0,10617
2026-03-25 14:15:00,434.3999938964844,435.25,431.04998779296875,432.0,10617
2026-03-25 15:15:00,432.0,434.0,431.20001220703125,432.95001220703125,45221
2026-03-25 15:15:00,432.0,434.0,431.20001220703125,432.95001220703125,45221
2026-03-25 15:15:00,432.0,434.0,431.20001220703125,432.95001220703125,45221
2026-03-27 09:15:00,433.45001220703125,433.45001220703125,419.54998779296875,420.3999938964844,0
2026-03-27 09:15:00,433.45001220703125,433.45001220703125,419.54998779296875,420.3999938964844,0
2026-03-27 09:15:00,433.45001220703125,433.45001220703125,419.54998779296875,420.3999938964844,0
2026-03-27 10:15:00,420.20001220703125,426.0,419.70001220703125,425.8999938964844,35012
2026-03-27 10:15:00,420.20001220703125,426.0,419.70001220703125,425.8999938964844,35012
2026-03-27 10:15:00,420.20001220703125,426.0,419.70001220703125,425.8999938964844,35012
2026-03-27 11:15:00,425.95001220703125,429.54998779296875,424.0,424.6499938964844,24271
2026-03-27 11:15:00,425.95001220703125,429.54998779296875,424.0,424.6499938964844,24271
2026-03-27 11:15:00,425.95001220703125,429.54998779296875,424.0,424.6499938964844,24271
2026-03-27 12:15:00,424.0,425.25,424.0,425.20001220703125,2721
2026-03-27 12:15:00,424.0,425.25,424.0,425.20001220703125,2721
2026-03-27 12:15:00,424.0,425.25,424.0,425.20001220703125,2721
2026-03-27 13:15:00,424.6000061035156,426.95001220703125,424.5,424.5,9728
2026-03-27 13:15:00,424.6000061035156,426.95001220703125,424.5,424.5,9728
2026-03-27 13:15:00,424.6000061035156,426.95001220703125,424.5,424.5,9728
2026-03-27 14:15:00,425.04998779296875,425.04998779296875,418.3500061035156,419.8999938964844,17923
2026-03-27 14:15:00,425.04998779296875,425.04998779296875,418.3500061035156,419.8999938964844,17923
2026-03-27 14:15:00,425.04998779296875,425.04998779296875,418.3500061035156,419.8999938964844,17923
2026-03-27 15:15:00,419.45001220703125,420.0,418.3500061035156,419.70001220703125,39421
2026-03-27 15:15:00,419.45001220703125,420.0,418.3500061035156,419.70001220703125,39421
2026-03-27 15:15:00,419.45001220703125,420.0,418.3500061035156,419.70001220703125,39421
2026-03-30 09:15:00,416.95001220703125,416.95001220703125,409.5,410.3500061035156,0
2026-03-30 09:15:00,416.95001220703125,416.95001220703125,409.5,410.3500061035156,0
2026-03-30 09:15:00,416.95001220703125,416.95001220703125,409.5,410.3500061035156,0
2026-03-30 10:15:00,410.29998779296875,410.29998779296875,404.04998779296875,405.6000061035156,11218
2026-03-30 10:15:00,410.29998779296875,410.29998779296875,404.04998779296875,405.6000061035156,11218
2026-03-30 10:15:00,410.29998779296875,410.29998779296875,404.04998779296875,405.6000061035156,11218
2026-03-30 11:15:00,405.3999938964844,408.0,402.29998779296875,403.79998779296875,13662
2026-03-30 11:15:00,405.3999938964844,408.0,402.29998779296875,403.79998779296875,13662
2026-03-30 11:15:00,405.3999938964844,408.0,402.29998779296875,403.79998779296875,13662
2026-03-30 12:15:00,404.6000061035156,405.45001220703125,403.0,403.29998779296875,5835
2026-03-30 12:15:00,404.6000061035156,405.45001220703125,403.0,403.29998779296875,5835
2026-03-30 12:15:00,404.6000061035156,405.45001220703125,403.0,403.29998779296875,5835
2026-03-30 13:15:00,402.75,408.20001220703125,401.20001220703125,406.29998779296875,11036
2026-03-30 13:15:00,402.75,408.20001220703125,401.20001220703125,406.29998779296875,11036
2026-03-30 13:15:00,402.75,408.20001220703125,401.20001220703125,406.29998779296875,11036
2026-03-30 14:15:00,406.20001220703125,406.25,396.29998779296875,398.75,19583
2026-03-30 14:15:00,406.20001220703125,406.25,396.29998779296875,398.75,19583
2026-03-30 14:15:00,406.20001220703125,406.25,396.29998779296875,398.75,19583
2026-03-30 15:15:00,398.70001220703125,403.0,398.1499938964844,401.3500061035156,36885
2026-03-30 15:15:00,398.70001220703125,403.0,398.1499938964844,401.3500061035156,36885
2026-03-30 15:15:00,398.70001220703125,403.0,398.1499938964844,401.3500061035156,36885
2026-04-01 09:15:00,413.0,423.70001220703125,411.5,421.0,0
2026-04-01 09:15:00,413.0,423.70001220703125,411.5,421.0,0
2026-04-01 09:15:00,413.0,423.70001220703125,411.5,421.0,0
2026-04-01 10:15:00,421.0,426.8999938964844,416.45001220703125,419.3999938964844,62658
2026-04-01 10:15:00,421.0,426.8999938964844,416.45001220703125,419.3999938964844,62658
2026-04-01 10:15:00,421.0,426.8999938964844,416.45001220703125,419.3999938964844,62658
2026-04-01 11:15:00,419.1000061035156,429.8999938964844,419.1000061035156,426.70001220703125,81460
2026-04-01 11:15:00,419.1000061035156,429.8999938964844,419.1000061035156,426.70001220703125,81460
2026-04-01 11:15:00,419.1000061035156,429.8999938964844,419.1000061035156,426.70001220703125,81460
2026-04-01 12:15:00,426.70001220703125,431.79998779296875,426.70001220703125,429.29998779296875,35024
2026-04-01 12:15:00,426.70001220703125,431.79998779296875,426.70001220703125,429.29998779296875,35024
2026-04-01 12:15:00,426.70001220703125,431.79998779296875,426.70001220703125,429.29998779296875,35024
2026-04-01 13:15:00,429.3999938964844,430.3999938964844,422.95001220703125,427.3500061035156,27970
2026-04-01 13:15:00,429.3999938964844,430.3999938964844,422.95001220703125,427.3500061035156,27970
2026-04-01 13:15:00,429.3999938964844,430.3999938964844,422.95001220703125,427.3500061035156,27970
2026-04-01 14:15:00,427.3999938964844,427.54998779296875,421.3999938964844,421.3999938964844,65404
2026-04-01 14:15:00,427.3999938964844,427.54998779296875,421.3999938964844,421.3999938964844,65404
2026-04-01 14:15:00,427.3999938964844,427.54998779296875,421.3999938964844,421.3999938964844,65404
2026-04-01 15:15:00,421.5,423.0,419.1499938964844,422.75,37716
2026-04-01 15:15:00,421.5,423.0,419.1499938964844,422.75,37716
2026-04-01 15:15:00,421.5,423.0,419.1499938964844,422.75,37716
2026-04-02 09:15:00,420.79998779296875,420.79998779296875,410.25,414.5,0
2026-04-02 09:15:00,420.79998779296875,420.79998779296875,410.25,414.5,0
2026-04-02 09:15:00,420.79998779296875,420.79998779296875,410.25,414.5,0
2026-04-02 10:15:00,414.29998779296875,417.95001220703125,412.75,417.95001220703125,17724
2026-04-02 10:15:00,414.29998779296875,417.95001220703125,412.75,417.95001220703125,17724
2026-04-02 10:15:00,414.29998779296875,417.95001220703125,412.75,417.95001220703125,17724
2026-04-02 11:15:00,418.6000061035156,422.0,418.6000061035156,421.1000061035156,17917
2026-04-02 11:15:00,418.6000061035156,422.0,418.6000061035156,421.1000061035156,17917
2026-04-02 11:15:00,418.6000061035156,422.0,418.6000061035156,421.1000061035156,17917
2026-04-02 12:15:00,421.1000061035156,426.0,419.3999938964844,422.25,49604
2026-04-02 12:15:00,421.1000061035156,426.0,419.3999938964844,422.25,49604
2026-04-02 12:15:00,421.1000061035156,426.0,419.3999938964844,422.25,49604
2026-04-02 13:15:00,421.79998779296875,424.95001220703125,421.3500061035156,423.5,12552
2026-04-02 13:15:00,421.79998779296875,424.95001220703125,421.3500061035156,423.5,12552
2026-04-02 13:15:00,421.79998779296875,424.95001220703125,421.3500061035156,423.5,12552
2026-04-02 14:15:00,424.20001220703125,424.29998779296875,420.5,422.0,8236
2026-04-02 14:15:00,424.20001220703125,424.29998779296875,420.5,422.0,8236
2026-04-02 14:15:00,424.20001220703125,424.29998779296875,420.5,422.0,8236
2026-04-02 15:15:00,421.79998779296875,424.0,421.0,422.1000061035156,13588
2026-04-02 15:15:00,421.79998779296875,424.0,421.0,422.1000061035156,13588
2026-04-02 15:15:00,421.79998779296875,424.0,421.0,422.1000061035156,13588
2026-04-06 09:15:00,428.8999938964844,429.04998779296875,420.75,424.0,0
2026-04-06 09:15:00,428.8999938964844,429.04998779296875,420.75,424.0,0
2026-04-06 09:15:00,428.8999938964844,429.04998779296875,420.75,424.0,0
2026-04-06 10:15:00,423.6499938964844,428.8999938964844,422.5,422.5,55145
2026-04-06 10:15:00,423.6499938964844,428.8999938964844,422.5,422.5,55145
2026-04-06 10:15:00,423.6499938964844,428.8999938964844,422.5,422.5,55145
2026-04-06 11:15:00,423.3999938964844,427.95001220703125,418.1499938964844,418.6000061035156,21641
2026-04-06 11:15:00,423.3999938964844,427.95001220703125,418.1499938964844,418.6000061035156,21641
2026-04-06 11:15:00,423.3999938964844,427.95001220703125,418.1499938964844,418.6000061035156,21641
2026-04-06 12:15:00,418.0,418.3999938964844,410.1000061035156,410.1000061035156,28789
2026-04-06 12:15:00,418.0,418.3999938964844,410.1000061035156,410.1000061035156,28789
2026-04-06 12:15:00,418.0,418.3999938964844,410.1000061035156,410.1000061035156,28789
2026-04-06 13:15:00,410.25,410.29998779296875,406.0,407.6499938964844,34499
2026-04-06 13:15:00,410.25,410.29998779296875,406.0,407.6499938964844,34499
2026-04-06 13:15:00,410.25,410.29998779296875,406.0,407.6499938964844,34499
2026-04-06 14:15:00,407.3999938964844,411.25,407.3999938964844,408.20001220703125,15303
2026-04-06 14:15:00,407.3999938964844,411.25,407.3999938964844,408.20001220703125,15303
2026-04-06 14:15:00,407.3999938964844,411.25,407.3999938964844,408.20001220703125,15303
2026-04-06 15:15:00,408.20001220703125,414.0,407.54998779296875,408.5,30449
2026-04-06 15:15:00,408.20001220703125,414.0,407.54998779296875,408.5,30449
2026-04-06 15:15:00,408.20001220703125,414.0,407.54998779296875,408.5,30449
2026-04-07 09:15:00,410.0,412.0,404.70001220703125,410.6000061035156,0
2026-04-07 09:15:00,410.0,412.0,404.70001220703125,410.6000061035156,0
2026-04-07 09:15:00,410.0,412.0,404.70001220703125,410.6000061035156,0
2026-04-07 10:15:00,410.6000061035156,416.79998779296875,409.6000061035156,411.0,16960
2026-04-07 10:15:00,410.6000061035156,416.79998779296875,409.6000061035156,411.0,16960
2026-04-07 10:15:00,410.6000061035156,416.79998779296875,409.6000061035156,411.0,16960
2026-04-07 11:15:00,409.8999938964844,411.29998779296875,404.70001220703125,405.8500061035156,13659
2026-04-07 11:15:00,409.8999938964844,411.29998779296875,404.70001220703125,405.8500061035156,13659
2026-04-07 11:15:00,409.8999938964844,411.29998779296875,404.70001220703125,405.8500061035156,13659
2026-04-07 12:15:00,405.8999938964844,406.3999938964844,403.0,403.0,15861
2026-04-07 12:15:00,405.8999938964844,406.3999938964844,403.0,403.0,15861
2026-04-07 12:15:00,405.8999938964844,406.3999938964844,403.0,403.0,15861
2026-04-07 13:15:00,403.0,403.8999938964844,400.0,401.3999938964844,24935
2026-04-07 13:15:00,403.0,403.8999938964844,400.0,401.3999938964844,24935
2026-04-07 13:15:00,403.0,403.8999938964844,400.0,401.3999938964844,24935
2026-04-07 14:15:00,401.25,404.79998779296875,399.5,402.0,30885
2026-04-07 14:15:00,401.25,404.79998779296875,399.5,402.0,30885
2026-04-07 14:15:00,401.25,404.79998779296875,399.5,402.0,30885
2026-04-07 15:15:00,402.0,402.5,399.54998779296875,402.0,42835
2026-04-07 15:15:00,402.0,402.5,399.54998779296875,402.0,42835
2026-04-07 15:15:00,402.0,402.5,399.54998779296875,402.0,42835
2026-04-08 09:15:00,409.8999938964844,415.0,406.0,411.75,0
2026-04-08 09:15:00,409.8999938964844,415.0,406.0,411.75,0
2026-04-08 09:15:00,409.8999938964844,415.0,406.0,411.75,0
2026-04-08 10:15:00,411.70001220703125,420.5,411.70001220703125,420.3999938964844,70636
2026-04-08 10:15:00,411.70001220703125,420.5,411.70001220703125,420.3999938964844,70636
2026-04-08 10:15:00,411.70001220703125,420.5,411.70001220703125,420.3999938964844,70636
2026-04-08 11:15:00,419.70001220703125,421.79998779296875,414.8999938964844,415.8999938964844,37998
2026-04-08 11:15:00,419.70001220703125,421.79998779296875,414.8999938964844,415.8999938964844,37998
2026-04-08 11:15:00,419.70001220703125,421.79998779296875,414.8999938964844,415.8999938964844,37998
2026-04-08 12:15:00,415.79998779296875,420.70001220703125,415.1000061035156,418.8999938964844,18731
2026-04-08 12:15:00,415.79998779296875,420.70001220703125,415.1000061035156,418.8999938964844,18731
2026-04-08 12:15:00,415.79998779296875,420.70001220703125,415.1000061035156,418.8999938964844,18731
2026-04-08 13:15:00,419.5,419.8999938964844,417.75,417.79998779296875,6291
2026-04-08 13:15:00,419.5,419.8999938964844,417.75,417.79998779296875,6291
2026-04-08 13:15:00,419.5,419.8999938964844,417.75,417.79998779296875,6291
2026-04-08 14:15:00,417.79998779296875,419.0,415.5,416.54998779296875,12760
2026-04-08 14:15:00,417.79998779296875,419.0,415.5,416.54998779296875,12760
2026-04-08 14:15:00,417.79998779296875,419.0,415.5,416.54998779296875,12760
2026-04-08 15:15:00,416.75,417.45001220703125,415.5,416.3500061035156,12833
2026-04-08 15:15:00,416.75,417.45001220703125,415.5,416.3500061035156,12833
2026-04-08 15:15:00,416.75,417.45001220703125,415.5,416.3500061035156,12833
2026-04-09 09:15:00,422.0,424.8999938964844,414.8999938964844,423.25,0
2026-04-09 09:15:00,422.0,424.8999938964844,414.8999938964844,423.25,0
2026-04-09 09:15:00,422.0,424.8999938964844,414.8999938964844,423.25,0
2026-04-09 10:15:00,423.1499938964844,428.8500061035156,422.3999938964844,425.25,168656
2026-04-09 10:15:00,423.1499938964844,428.8500061035156,422.3999938964844,425.25,168656
2026-04-09 10:15:00,423.1499938964844,428.8500061035156,422.3999938964844,425.25,168656
2026-04-09 11:15:00,425.79998779296875,425.95001220703125,417.79998779296875,418.45001220703125,46509
2026-04-09 11:15:00,425.79998779296875,425.95001220703125,417.79998779296875,418.45001220703125,46509
2026-04-09 11:15:00,425.79998779296875,425.95001220703125,417.79998779296875,418.45001220703125,46509
2026-04-09 12:15:00,418.75,423.3999938964844,415.6000061035156,421.45001220703125,38707
2026-04-09 12:15:00,418.75,423.3999938964844,415.6000061035156,421.45001220703125,38707
2026-04-09 12:15:00,418.75,423.3999938964844,415.6000061035156,421.45001220703125,38707
2026-04-09 13:15:00,421.6000061035156,423.0,419.5,422.0,22785
2026-04-09 13:15:00,421.6000061035156,423.0,419.5,422.0,22785
2026-04-09 13:15:00,421.6000061035156,423.0,419.5,422.0,22785
2026-04-09 14:15:00,421.54998779296875,425.0,419.70001220703125,422.25,168776
2026-04-09 14:15:00,421.54998779296875,425.0,419.70001220703125,422.25,168776
2026-04-09 14:15:00,421.54998779296875,425.0,419.70001220703125,422.25,168776
2026-04-09 15:15:00,422.04998779296875,424.0,421.5,422.0,175198
2026-04-09 15:15:00,422.04998779296875,424.0,421.5,422.0,175198
2026-04-09 15:15:00,422.04998779296875,424.0,421.5,422.0,175198
2026-04-10 09:15:00,427.79998779296875,441.79998779296875,425.0,440.54998779296875,0
2026-04-10 09:15:00,427.79998779296875,441.79998779296875,425.0,440.54998779296875,0
2026-04-10 09:15:00,427.79998779296875,441.79998779296875,425.0,440.54998779296875,0
2026-04-10 10:15:00,440.54998779296875,440.95001220703125,434.54998779296875,437.54998779296875,71212
2026-04-10 10:15:00,440.54998779296875,440.95001220703125,434.54998779296875,437.54998779296875,71212
2026-04-10 10:15:00,440.54998779296875,440.95001220703125,434.54998779296875,437.54998779296875,71212
2026-04-10 11:15:00,437.75,441.6499938964844,436.95001220703125,441.5,60487
2026-04-10 11:15:00,437.75,441.6499938964844,436.95001220703125,441.5,60487
2026-04-10 11:15:00,437.75,441.6499938964844,436.95001220703125,441.5,60487
2026-04-10 12:15:00,441.1000061035156,443.8999938964844,440.45001220703125,442.3500061035156,110633
2026-04-10 12:15:00,441.1000061035156,443.8999938964844,440.45001220703125,442.3500061035156,110633
2026-04-10 12:15:00,441.1000061035156,443.8999938964844,440.45001220703125,442.3500061035156,110633
2026-04-10 13:15:00,442.3500061035156,442.6499938964844,438.1000061035156,438.1000061035156,25008
2026-04-10 13:15:00,442.3500061035156,442.6499938964844,438.1000061035156,438.1000061035156,25008
2026-04-10 13:15:00,442.3500061035156,442.6499938964844,438.1000061035156,438.1000061035156,25008
2026-04-10 14:15:00,438.1000061035156,439.8500061035156,435.1499938964844,436.75,89472
2026-04-10 14:15:00,438.1000061035156,439.8500061035156,435.1499938964844,436.75,89472
2026-04-10 14:15:00,438.1000061035156,439.8500061035156,435.1499938964844,436.75,89472
2026-04-10 15:15:00,436.70001220703125,437.3500061035156,435.5,437.1499938964844,39071
2026-04-10 15:15:00,436.70001220703125,437.3500061035156,435.5,437.1499938964844,39071
2026-04-10 15:15:00,436.70001220703125,437.3500061035156,435.5,437.1499938964844,39071
2026-04-13 09:15:00,433.0,433.0,420.0,420.79998779296875,0
2026-04-13 09:15:00,433.0,433.0,420.0,420.79998779296875,0
2026-04-13 09:15:00,433.0,433.0,420.0,420.79998779296875,0
2026-04-13 10:15:00,420.79998779296875,430.0,419.1000061035156,430.0,60716
2026-04-13 10:15:00,420.79998779296875,430.0,419.1000061035156,430.0,60716
2026-04-13 10:15:00,420.79998779296875,430.0,419.1000061035156,430.0,60716
2026-04-13 11:15:00,430.20001220703125,437.8999938964844,430.20001220703125,432.79998779296875,102539
2026-04-13 11:15:00,430.20001220703125,437.8999938964844,430.20001220703125,432.79998779296875,102539
2026-04-13 11:15:00,430.20001220703125,437.8999938964844,430.20001220703125,432.79998779296875,102539
2026-04-13 12:15:00,432.6000061035156,433.6499938964844,426.0,428.0,48480
2026-04-13 12:15:00,432.6000061035156,433.6499938964844,426.0,428.0,48480
2026-04-13 12:15:00,432.6000061035156,433.6499938964844,426.0,428.0,48480
2026-04-13 13:15:00,427.79998779296875,431.54998779296875,427.79998779296875,428.54998779296875,10603
2026-04-13 13:15:00,427.79998779296875,431.54998779296875,427.79998779296875,428.54998779296875,10603
2026-04-13 13:15:00,427.79998779296875,431.54998779296875,427.79998779296875,428.54998779296875,10603
2026-04-13 14:15:00,428.29998779296875,430.70001220703125,426.5,428.5,72002
2026-04-13 14:15:00,428.29998779296875,430.70001220703125,426.5,428.5,72002
2026-04-13 14:15:00,428.29998779296875,430.70001220703125,426.5,428.5,72002
2026-04-13 15:15:00,428.5,429.0,427.0,428.0,24753
2026-04-13 15:15:00,428.5,429.0,427.0,428.0,24753
2026-04-13 15:15:00,428.5,429.0,427.0,428.0,24753
2026-04-15 09:15:00,441.0,444.45001220703125,433.1000061035156,440.6000061035156,0
2026-04-15 09:15:00,441.0,444.45001220703125,433.1000061035156,440.6000061035156,0
2026-04-15 09:15:00,441.0,444.45001220703125,433.1000061035156,440.6000061035156,0
2026-04-15 10:15:00,440.6000061035156,442.8999938964844,438.0,442.20001220703125,21578
2026-04-15 10:15:00,440.6000061035156,442.8999938964844,438.0,442.20001220703125,21578
2026-04-15 10:15:00,440.6000061035156,442.8999938964844,438.0,442.20001220703125,21578
2026-04-15 11:15:00,441.5,442.0,439.3999938964844,439.3999938964844,10672
2026-04-15 11:15:00,441.5,442.0,439.3999938964844,439.3999938964844,10672
2026-04-15 11:15:00,441.5,442.0,439.3999938964844,439.3999938964844,10672
2026-04-15 12:15:00,439.54998779296875,440.0,438.29998779296875,438.75,9302
2026-04-15 12:15:00,439.54998779296875,440.0,438.29998779296875,438.75,9302
2026-04-15 12:15:00,439.54998779296875,440.0,438.29998779296875,438.75,9302
2026-04-15 13:15:00,439.29998779296875,440.5,438.0,440.20001220703125,8880
2026-04-15 13:15:00,439.29998779296875,440.5,438.0,440.20001220703125,8880
2026-04-15 13:15:00,439.29998779296875,440.5,438.0,440.20001220703125,8880
2026-04-15 14:15:00,440.5,440.95001220703125,436.5,437.0,66772
2026-04-15 14:15:00,440.5,440.95001220703125,436.5,437.0,66772
2026-04-15 14:15:00,440.5,440.95001220703125,436.5,437.0,66772
2026-04-15 15:15:00,436.70001220703125,437.0,434.29998779296875,435.0,19846
2026-04-15 15:15:00,436.70001220703125,437.0,434.29998779296875,435.0,19846
2026-04-15 15:15:00,436.70001220703125,437.0,434.29998779296875,435.0,19846
2026-04-16 09:15:00,442.0,443.0,435.3500061035156,436.79998779296875,0
2026-04-16 09:15:00,442.0,443.0,435.3500061035156,436.79998779296875,0
2026-04-16 09:15:00,442.0,443.0,435.3500061035156,436.79998779296875,0
2026-04-16 10:15:00,437.04998779296875,440.8500061035156,437.04998779296875,438.04998779296875,20057
2026-04-16 10:15:00,437.04998779296875,440.8500061035156,437.04998779296875,438.04998779296875,20057
2026-04-16 10:15:00,437.04998779296875,440.8500061035156,437.04998779296875,438.04998779296875,20057
2026-04-16 11:15:00,438.04998779296875,438.45001220703125,432.1000061035156,434.54998779296875,10298
2026-04-16 11:15:00,438.04998779296875,438.45001220703125,432.1000061035156,434.54998779296875,10298
2026-04-16 11:15:00,438.04998779296875,438.45001220703125,432.1000061035156,434.54998779296875,10298
2026-04-16 12:15:00,435.0,439.3999938964844,433.3500061035156,437.1000061035156,101387
2026-04-16 12:15:00,435.0,439.3999938964844,433.3500061035156,437.1000061035156,101387
2026-04-16 12:15:00,435.0,439.3999938964844,433.3500061035156,437.1000061035156,101387
2026-04-16 13:15:00,437.1499938964844,442.8999938964844,437.04998779296875,441.75,83382
2026-04-16 13:15:00,437.1499938964844,442.8999938964844,437.04998779296875,441.75,83382
2026-04-16 13:15:00,437.1499938964844,442.8999938964844,437.04998779296875,441.75,83382
2026-04-16 14:15:00,441.79998779296875,441.8999938964844,437.6000061035156,438.6499938964844,18739
2026-04-16 14:15:00,441.79998779296875,441.8999938964844,437.6000061035156,438.6499938964844,18739
2026-04-16 14:15:00,441.79998779296875,441.8999938964844,437.6000061035156,438.6499938964844,18739
2026-04-16 15:15:00,439.0,441.0,438.54998779296875,439.3999938964844,11995
2026-04-16 15:15:00,439.0,441.0,438.54998779296875,439.3999938964844,11995
2026-04-16 15:15:00,439.0,441.0,438.54998779296875,439.3999938964844,11995
2026-04-17 09:15:00,441.0,450.0,441.0,449.70001220703125,0
2026-04-17 09:15:00,441.0,450.0,441.0,449.70001220703125,0
2026-04-17 09:15:00,441.0,450.0,441.0,449.70001220703125,0
2026-04-17 10:15:00,450.0,452.8999938964844,444.79998779296875,452.29998779296875,108514
2026-04-17 10:15:00,450.0,452.8999938964844,444.79998779296875,452.29998779296875,108514
2026-04-17 10:15:00,450.0,452.8999938964844,444.79998779296875,452.29998779296875,108514
2026-04-17 11:15:00,451.95001220703125,455.95001220703125,451.0,452.6000061035156,69207
2026-04-17 11:15:00,451.95001220703125,455.95001220703125,451.0,452.6000061035156,69207
2026-04-17 11:15:00,451.95001220703125,455.95001220703125,451.0,452.6000061035156,69207
2026-04-17 12:15:00,453.04998779296875,456.75,452.6000061035156,455.95001220703125,35916
2026-04-17 12:15:00,453.04998779296875,456.75,452.6000061035156,455.95001220703125,35916
2026-04-17 12:15:00,453.04998779296875,456.75,452.6000061035156,455.95001220703125,35916
2026-04-17 13:15:00,455.95001220703125,456.8999938964844,454.8500061035156,456.79998779296875,9319
2026-04-17 13:15:00,455.95001220703125,456.8999938964844,454.8500061035156,456.79998779296875,9319
2026-04-17 13:15:00,455.95001220703125,456.8999938964844,454.8500061035156,456.79998779296875,9319
2026-04-17 14:15:00,456.8999938964844,456.8999938964844,452.1499938964844,453.8500061035156,524958
2026-04-17 14:15:00,456.8999938964844,456.8999938964844,452.1499938964844,453.8500061035156,524958
2026-04-17 14:15:00,456.8999938964844,456.8999938964844,452.1499938964844,453.8500061035156,524958
2026-04-17 15:15:00,453.70001220703125,460.0,453.6000061035156,456.70001220703125,244200
2026-04-17 15:15:00,453.70001220703125,460.0,453.6000061035156,456.70001220703125,244200
2026-04-17 15:15:00,453.70001220703125,460.0,453.6000061035156,456.70001220703125,244200
2026-04-20 09:15:00,460.0,461.0,450.1000061035156,452.3500061035156,0
2026-04-20 09:15:00,460.0,461.0,450.1000061035156,452.3500061035156,0
2026-04-20 09:15:00,460.0,461.0,450.1000061035156,452.3500061035156,0
2026-04-20 14:15:00,456.70001220703125,456.70001220703125,443.0,443.1000061035156,202526
2026-04-20 14:15:00,456.70001220703125,456.70001220703125,443.0,443.1000061035156,202526
2026-04-20 14:15:00,456.70001220703125,456.70001220703125,443.0,443.1000061035156,202526
2026-04-20 15:15:00,442.79998779296875,442.79998779296875,439.0,440.0,19575
2026-04-20 15:15:00,442.79998779296875,442.79998779296875,439.0,440.0,19575
2026-04-20 15:15:00,442.79998779296875,442.79998779296875,439.0,440.0,19575
2026-04-21 09:15:00,447.6499938964844,453.0,438.5,450.29998779296875,0
2026-04-21 09:15:00,447.6499938964844,453.0,438.5,450.29998779296875,0
2026-04-21 09:15:00,447.6499938964844,453.0,438.5,450.29998779296875,0
2026-04-21 10:15:00,450.45001220703125,451.0,447.45001220703125,450.3500061035156,61269
2026-04-21 10:15:00,450.45001220703125,451.0,447.45001220703125,450.3500061035156,61269
2026-04-21 10:15:00,450.45001220703125,451.0,447.45001220703125,450.3500061035156,61269
2026-04-21 11:15:00,450.3999938964844,451.0,443.5,449.45001220703125,21432
2026-04-21 11:15:00,450.3999938964844,451.0,443.5,449.45001220703125,21432
2026-04-21 11:15:00,450.3999938964844,451.0,443.5,449.45001220703125,21432
2026-04-21 12:15:00,448.79998779296875,449.29998779296875,447.5,447.5,19219
2026-04-21 12:15:00,448.79998779296875,449.29998779296875,447.5,447.5,19219
2026-04-21 12:15:00,448.79998779296875,449.29998779296875,447.5,447.5,19219
2026-04-21 13:15:00,447.54998779296875,450.8999938964844,445.79998779296875,449.20001220703125,26520
2026-04-21 13:15:00,447.54998779296875,450.8999938964844,445.79998779296875,449.20001220703125,26520
2026-04-21 13:15:00,447.54998779296875,450.8999938964844,445.79998779296875,449.20001220703125,26520
2026-04-21 14:15:00,449.3500061035156,450.6000061035156,445.45001220703125,446.1000061035156,44939
2026-04-21 14:15:00,449.3500061035156,450.6000061035156,445.45001220703125,446.1000061035156,44939
2026-04-21 14:15:00,449.3500061035156,450.6000061035156,445.45001220703125,446.1000061035156,44939
2026-04-21 15:15:00,446.0,447.95001220703125,445.0,445.0,21756
2026-04-21 15:15:00,446.0,447.95001220703125,445.0,445.0,21756
2026-04-21 15:15:00,446.0,447.95001220703125,445.0,445.0,21756
2026-04-22 09:15:00,453.0,453.0,447.0,448.70001220703125,0
2026-04-22 09:15:00,453.0,453.0,447.0,448.70001220703125,0
2026-04-22 09:15:00,453.0,453.0,447.0,448.70001220703125,0
2026-04-22 10:15:00,448.70001220703125,449.70001220703125,447.54998779296875,448.70001220703125,34276
2026-04-22 10:15:00,448.70001220703125,449.70001220703125,447.54998779296875,448.70001220703125,34276
2026-04-22 10:15:00,448.70001220703125,449.70001220703125,447.54998779296875,448.70001220703125,34276
2026-04-22 11:15:00,448.54998779296875,449.1000061035156,445.0,447.79998779296875,43893
2026-04-22 11:15:00,448.54998779296875,449.1000061035156,445.0,447.79998779296875,43893
2026-04-22 11:15:00,448.54998779296875,449.1000061035156,445.0,447.79998779296875,43893
2026-04-22 12:15:00,447.1000061035156,447.54998779296875,445.3999938964844,446.45001220703125,2645
2026-04-22 12:15:00,447.1000061035156,447.54998779296875,445.3999938964844,446.45001220703125,2645
2026-04-22 12:15:00,447.1000061035156,447.54998779296875,445.3999938964844,446.45001220703125,2645
2026-04-22 13:15:00,446.6000061035156,446.8999938964844,445.3999938964844,445.79998779296875,3843
2026-04-22 13:15:00,446.6000061035156,446.8999938964844,445.3999938964844,445.79998779296875,3843
2026-04-22 13:15:00,446.6000061035156,446.8999938964844,445.3999938964844,445.79998779296875,3843
2026-04-22 14:15:00,446.29998779296875,446.79998779296875,445.0,445.5,9449
2026-04-22 14:15:00,446.29998779296875,446.79998779296875,445.0,445.5,9449
2026-04-22 14:15:00,446.29998779296875,446.79998779296875,445.0,445.5,9449
2026-04-22 15:15:00,445.5,446.8500061035156,444.79998779296875,445.70001220703125,22902
2026-04-22 15:15:00,445.5,446.8500061035156,444.79998779296875,445.70001220703125,22902
2026-04-22 15:15:00,445.5,446.8500061035156,444.79998779296875,445.70001220703125,22902
2026-04-23 09:15:00,445.04998779296875,449.1000061035156,441.0,443.6499938964844,0
2026-04-23 09:15:00,445.04998779296875,449.1000061035156,441.0,443.6499938964844,0
2026-04-23 09:15:00,445.04998779296875,449.1000061035156,441.0,443.6499938964844,0
2026-04-23 10:15:00,443.6000061035156,447.5,442.0,444.8500061035156,73657
2026-04-23 10:15:00,443.6000061035156,447.5,442.0,444.8500061035156,73657
2026-04-23 10:15:00,443.6000061035156,447.5,442.0,444.8500061035156,73657
2026-04-23 11:15:00,444.6000061035156,444.95001220703125,442.0,443.5,3813
2026-04-23 11:15:00,444.6000061035156,444.95001220703125,442.0,443.5,3813
2026-04-23 11:15:00,444.6000061035156,444.95001220703125,442.0,443.5,3813
2026-04-23 12:15:00,443.45001220703125,443.75,442.8999938964844,442.8999938964844,1596
2026-04-23 12:15:00,443.45001220703125,443.75,442.8999938964844,442.8999938964844,1596
2026-04-23 12:15:00,443.45001220703125,443.75,442.8999938964844,442.8999938964844,1596
2026-04-23 13:15:00,442.8999938964844,446.0,438.79998779296875,439.04998779296875,167408
2026-04-23 13:15:00,442.8999938964844,446.0,438.79998779296875,439.04998779296875,167408
2026-04-23 13:15:00,442.8999938964844,446.0,438.79998779296875,439.04998779296875,167408
2026-04-23 14:15:00,439.04998779296875,442.45001220703125,430.0,438.6499938964844,178636
2026-04-23 14:15:00,439.04998779296875,442.45001220703125,430.0,438.6499938964844,178636
2026-04-23 14:15:00,439.04998779296875,442.45001220703125,430.0,438.6499938964844,178636
2026-04-23 15:15:00,438.45001220703125,439.95001220703125,437.25,438.0,29696
2026-04-23 15:15:00,438.45001220703125,439.95001220703125,437.25,438.0,29696
2026-04-23 15:15:00,438.45001220703125,439.95001220703125,437.25,438.0,29696
2026-04-24 09:15:00,442.0,443.8500061035156,435.0,439.95001220703125,0
2026-04-24 09:15:00,442.0,443.8500061035156,435.0,439.95001220703125,0
2026-04-24 09:15:00,442.0,443.8500061035156,435.0,439.95001220703125,0
2026-04-24 10:15:00,439.5,440.79998779296875,436.1000061035156,440.0,72645
2026-04-24 10:15:00,439.5,440.79998779296875,436.1000061035156,440.0,72645
2026-04-24 10:15:00,439.5,440.79998779296875,436.1000061035156,440.0,72645
2026-04-24 11:15:00,439.95001220703125,444.0,439.6000061035156,443.79998779296875,42739
2026-04-24 11:15:00,439.95001220703125,444.0,439.6000061035156,443.79998779296875,42739
2026-04-24 11:15:00,439.95001220703125,444.0,439.6000061035156,443.79998779296875,42739
2026-04-24 12:15:00,443.8500061035156,444.70001220703125,438.5,438.5,53350
2026-04-24 12:15:00,443.8500061035156,444.70001220703125,438.5,438.5,53350
2026-04-24 12:15:00,443.8500061035156,444.70001220703125,438.5,438.5,53350
2026-04-24 13:15:00,438.8500061035156,440.1000061035156,437.25,438.3999938964844,22416
2026-04-24 13:15:00,438.8500061035156,440.1000061035156,437.25,438.3999938964844,22416
2026-04-24 13:15:00,438.8500061035156,440.1000061035156,437.25,438.3999938964844,22416
2026-04-24 14:15:00,438.3999938964844,440.5,437.0,437.0,15320
2026-04-24 14:15:00,438.3999938964844,440.5,437.0,437.0,15320
2026-04-24 14:15:00,438.3999938964844,440.5,437.0,437.0,15320
2026-04-24 15:15:00,437.0,440.0,436.1499938964844,437.29998779296875,9660
2026-04-24 15:15:00,437.0,440.0,436.1499938964844,437.29998779296875,9660
2026-04-24 15:15:00,437.0,440.0,436.1499938964844,437.29998779296875,9660
2026-04-27 09:15:00,444.70001220703125,444.70001220703125,440.3999938964844,441.3999938964844,0
2026-04-27 09:15:00,444.70001220703125,444.70001220703125,440.3999938964844,441.3999938964844,0
2026-04-27 09:15:00,444.70001220703125,444.70001220703125,440.3999938964844,441.3999938964844,0
2026-04-27 10:15:00,441.04998779296875,444.0,439.79998779296875,443.79998779296875,39645
2026-04-27 10:15:00,441.04998779296875,444.0,439.79998779296875,443.79998779296875,39645
2026-04-27 10:15:00,441.04998779296875,444.0,439.79998779296875,443.79998779296875,39645
2026-04-27 11:15:00,443.75,443.79998779296875,440.0,441.0,32274
2026-04-27 11:15:00,443.75,443.79998779296875,440.0,441.0,32274
2026-04-27 11:15:00,443.75,443.79998779296875,440.0,441.0,32274
2026-04-27 12:15:00,441.25,442.95001220703125,438.1000061035156,442.1000061035156,18935
2026-04-27 12:15:00,441.25,442.95001220703125,438.1000061035156,442.1000061035156,18935
2026-04-27 12:15:00,441.25,442.95001220703125,438.1000061035156,442.1000061035156,18935
2026-04-27 13:15:00,442.0,442.25,440.5,441.3999938964844,61206
2026-04-27 13:15:00,442.0,442.25,440.5,441.3999938964844,61206
2026-04-27 13:15:00,442.0,442.25,440.5,441.3999938964844,61206
2026-04-27 14:15:00,441.6000061035156,441.6000061035156,433.0,434.0,25260
2026-04-27 14:15:00,441.6000061035156,441.6000061035156,433.0,434.0,25260
2026-04-27 14:15:00,441.6000061035156,441.6000061035156,433.0,434.0,25260
2026-04-27 15:15:00,433.6000061035156,434.54998779296875,431.95001220703125,433.95001220703125,52571
2026-04-27 15:15:00,433.6000061035156,434.54998779296875,431.95001220703125,433.95001220703125,52571
2026-04-27 15:15:00,433.6000061035156,434.54998779296875,431.95001220703125,433.95001220703125,52571
2026-04-28 09:15:00,438.0,440.0,432.45001220703125,437.0,0
2026-04-28 09:15:00,438.0,440.0,432.45001220703125,437.0,0
2026-04-28 09:15:00,438.0,440.0,432.45001220703125,437.0,0
2026-04-28 10:15:00,437.54998779296875,438.95001220703125,435.6000061035156,435.75,43073
2026-04-28 10:15:00,437.54998779296875,438.95001220703125,435.6000061035156,435.75,43073
2026-04-28 10:15:00,437.54998779296875,438.95001220703125,435.6000061035156,435.75,43073
2026-04-28 11:15:00,436.1499938964844,438.0,432.45001220703125,436.25,84763
2026-04-28 11:15:00,436.1499938964844,438.0,432.45001220703125,436.25,84763
2026-04-28 11:15:00,436.1499938964844,438.0,432.45001220703125,436.25,84763
2026-04-28 12:15:00,436.6499938964844,436.79998779296875,433.25,433.8999938964844,7797
2026-04-28 12:15:00,436.6499938964844,436.79998779296875,433.25,433.8999938964844,7797
2026-04-28 12:15:00,436.6499938964844,436.79998779296875,433.25,433.8999938964844,7797
2026-04-28 13:15:00,433.70001220703125,433.8999938964844,430.5,432.0,16521
2026-04-28 13:15:00,433.70001220703125,433.8999938964844,430.5,432.0,16521
2026-04-28 13:15:00,433.70001220703125,433.8999938964844,430.5,432.0,16521
2026-04-28 14:15:00,431.8999938964844,433.70001220703125,427.5,427.70001220703125,14957
2026-04-28 14:15:00,431.8999938964844,433.70001220703125,427.5,427.70001220703125,14957
2026-04-28 14:15:00,431.8999938964844,433.70001220703125,427.5,427.70001220703125,14957
2026-04-28 15:15:00,427.8500061035156,430.1000061035156,427.20001220703125,430.0,38098
2026-04-28 15:15:00,427.8500061035156,430.1000061035156,427.20001220703125,430.0,38098
2026-04-28 15:15:00,427.8500061035156,430.1000061035156,427.20001220703125,430.0,38098
2026-04-29 09:15:00,433.0,436.54998779296875,431.3500061035156,432.0,0
2026-04-29 09:15:00,433.0,436.54998779296875,431.3500061035156,432.0,0
2026-04-29 09:15:00,433.0,436.54998779296875,431.3500061035156,432.0,0
2026-04-29 10:15:00,431.79998779296875,435.0,431.3999938964844,432.04998779296875,58204
2026-04-29 10:15:00,431.79998779296875,435.0,431.3999938964844,432.04998779296875,58204
2026-04-29 10:15:00,431.79998779296875,435.0,431.3999938964844,432.04998779296875,58204
2026-04-29 11:15:00,432.04998779296875,436.0,430.20001220703125,434.75,44904
2026-04-29 11:15:00,432.04998779296875,436.0,430.20001220703125,434.75,44904
2026-04-29 11:15:00,432.04998779296875,436.0,430.20001220703125,434.75,44904
2026-04-29 12:15:00,434.8500061035156,434.8500061035156,430.79998779296875,430.79998779296875,32688
2026-04-29 12:15:00,434.8500061035156,434.8500061035156,430.79998779296875,430.79998779296875,32688
2026-04-29 12:15:00,434.8500061035156,434.8500061035156,430.79998779296875,430.79998779296875,32688
2026-04-29 13:15:00,431.95001220703125,432.29998779296875,428.3999938964844,429.6000061035156,44009
2026-04-29 13:15:00,431.95001220703125,432.29998779296875,428.3999938964844,429.6000061035156,44009
2026-04-29 13:15:00,431.95001220703125,432.29998779296875,428.3999938964844,429.6000061035156,44009
2026-04-29 14:15:00,429.6499938964844,429.75,427.1499938964844,427.6000061035156,18853
2026-04-29 14:15:00,429.6499938964844,429.75,427.1499938964844,427.6000061035156,18853
2026-04-29 14:15:00,429.6499938964844,429.75,427.1499938964844,427.6000061035156,18853
2026-04-29 15:15:00,427.1499938964844,428.5,426.0,426.0,9110
2026-04-29 15:15:00,427.1499938964844,428.5,426.0,426.0,9110
2026-04-29 15:15:00,427.1499938964844,428.5,426.0,426.0,9110
2026-04-30 09:15:00,428.0,428.0,419.6000061035156,420.6000061035156,0
2026-04-30 09:15:00,428.0,428.0,419.6000061035156,420.6000061035156,0
2026-04-30 09:15:00,428.0,428.0,419.6000061035156,420.6000061035156,0
2026-04-30 10:15:00,420.79998779296875,424.95001220703125,419.8999938964844,423.70001220703125,19962
2026-04-30 10:15:00,420.79998779296875,424.95001220703125,419.8999938964844,423.70001220703125,19962
2026-04-30 10:15:00,420.79998779296875,424.95001220703125,419.8999938964844,423.70001220703125,19962
2026-04-30 11:15:00,423.54998779296875,428.0,423.0,424.45001220703125,39985
2026-04-30 11:15:00,423.54998779296875,428.0,423.0,424.45001220703125,39985
2026-04-30 11:15:00,423.54998779296875,428.0,423.0,424.45001220703125,39985
2026-04-30 12:15:00,424.5,426.5,423.5,423.5,13404
2026-04-30 12:15:00,424.5,426.5,423.5,423.5,13404
2026-04-30 12:15:00,424.5,426.5,423.5,423.5,13404
2026-04-30 13:15:00,423.8999938964844,425.8999938964844,422.45001220703125,422.79998779296875,55964
2026-04-30 13:15:00,423.8999938964844,425.8999938964844,422.45001220703125,422.79998779296875,55964
2026-04-30 13:15:00,423.8999938964844,425.8999938964844,422.45001220703125,422.79998779296875,55964
2026-04-30 14:15:00,423.25,424.79998779296875,421.0,422.6499938964844,15593
2026-04-30 14:15:00,423.25,424.79998779296875,421.0,422.6499938964844,15593
2026-04-30 14:15:00,423.25,424.79998779296875,421.0,422.6499938964844,15593
2026-04-30 15:15:00,422.1499938964844,424.95001220703125,421.0,424.0,42418
2026-04-30 15:15:00,422.1499938964844,424.95001220703125,421.0,424.0,42418
2026-04-30 15:15:00,422.1499938964844,424.95001220703125,421.0,424.0,42418
2026-05-04 09:15:00,424.54998779296875,428.5,423.04998779296875,427.20001220703125,0
2026-05-04 09:15:00,424.54998779296875,428.5,423.04998779296875,427.20001220703125,0
2026-05-04 09:15:00,424.54998779296875,428.5,423.04998779296875,427.20001220703125,0
2026-05-04 10:15:00,427.6499938964844,432.20001220703125,427.54998779296875,432.1499938964844,48093
2026-05-04 10:15:00,427.6499938964844,432.20001220703125,427.54998779296875,432.1499938964844,48093
2026-05-04 10:15:00,427.6499938964844,432.20001220703125,427.54998779296875,432.1499938964844,48093
2026-05-04 11:15:00,432.5,433.0,431.1000061035156,431.3999938964844,22066
2026-05-04 11:15:00,432.5,433.0,431.1000061035156,431.3999938964844,22066
2026-05-04 11:15:00,432.5,433.0,431.1000061035156,431.3999938964844,22066
2026-05-04 12:15:00,431.29998779296875,433.8999938964844,429.3999938964844,432.5,72344
2026-05-04 12:15:00,431.29998779296875,433.8999938964844,429.3999938964844,432.5,72344
2026-05-04 12:15:00,431.29998779296875,433.8999938964844,429.3999938964844,432.5,72344
2026-05-04 13:15:00,432.70001220703125,432.70001220703125,430.0,430.8500061035156,5562
2026-05-04 13:15:00,432.70001220703125,432.70001220703125,430.0,430.8500061035156,5562
2026-05-04 13:15:00,432.70001220703125,432.70001220703125,430.0,430.8500061035156,5562
2026-05-04 14:15:00,431.0,431.8999938964844,429.75,430.1499938964844,29732
2026-05-04 14:15:00,431.0,431.8999938964844,429.75,430.1499938964844,29732
2026-05-04 14:15:00,431.0,431.8999938964844,429.75,430.1499938964844,29732
2026-05-04 15:15:00,430.20001220703125,433.0,429.70001220703125,433.0,35026
2026-05-04 15:15:00,430.20001220703125,433.0,429.70001220703125,433.0,35026
2026-05-04 15:15:00,430.20001220703125,433.0,429.70001220703125,433.0,35026
2026-05-05 09:15:00,431.6000061035156,433.70001220703125,426.5,428.29998779296875,0
2026-05-05 09:15:00,431.6000061035156,433.70001220703125,426.5,428.29998779296875,0
2026-05-05 09:15:00,431.6000061035156,433.70001220703125,426.5,428.29998779296875,0
2026-05-05 10:15:00,428.20001220703125,429.25,427.54998779296875,429.25,44503
2026-05-05 10:15:00,428.20001220703125,429.25,427.54998779296875,429.25,44503
2026-05-05 10:15:00,428.20001220703125,429.25,427.54998779296875,429.25,44503
2026-05-05 11:15:00,429.1499938964844,429.95001220703125,426.29998779296875,429.20001220703125,65458
2026-05-05 11:15:00,429.1499938964844,429.95001220703125,426.29998779296875,429.20001220703125,65458
2026-05-05 11:15:00,429.1499938964844,429.95001220703125,426.29998779296875,429.20001220703125,65458
2026-05-05 12:15:00,429.45001220703125,429.75,428.6000061035156,429.5,3712
2026-05-05 12:15:00,429.45001220703125,429.75,428.6000061035156,429.5,3712
2026-05-05 12:15:00,429.45001220703125,429.75,428.6000061035156,429.5,3712
2026-05-05 13:15:00,428.6000061035156,431.70001220703125,428.6000061035156,431.70001220703125,39175
2026-05-05 13:15:00,428.6000061035156,431.70001220703125,428.6000061035156,431.70001220703125,39175
2026-05-05 13:15:00,428.6000061035156,431.70001220703125,428.6000061035156,431.70001220703125,39175
2026-05-05 14:15:00,431.29998779296875,433.75,430.3999938964844,430.95001220703125,41460
2026-05-05 14:15:00,431.29998779296875,433.75,430.3999938964844,430.95001220703125,41460
2026-05-05 14:15:00,431.29998779296875,433.75,430.3999938964844,430.95001220703125,41460
2026-05-05 15:15:00,430.79998779296875,431.0,429.1499938964844,430.3999938964844,9557
2026-05-05 15:15:00,430.79998779296875,431.0,429.1499938964844,430.3999938964844,9557
2026-05-05 15:15:00,430.79998779296875,431.0,429.1499938964844,430.3999938964844,9557
2026-05-06 09:15:00,432.0,432.0,421.6000061035156,423.8999938964844,0
2026-05-06 09:15:00,432.0,432.0,421.6000061035156,423.8999938964844,0
2026-05-06 09:15:00,432.0,432.0,421.6000061035156,423.8999938964844,0
2026-05-06 10:15:00,423.6499938964844,424.29998779296875,421.0,422.3999938964844,22754
2026-05-06 10:15:00,423.6499938964844,424.29998779296875,421.0,422.3999938964844,22754
2026-05-06 10:15:00,423.6499938964844,424.29998779296875,421.0,422.3999938964844,22754
2026-05-06 11:15:00,422.3500061035156,423.29998779296875,421.0,421.3500061035156,10947
2026-05-06 11:15:00,422.3500061035156,423.29998779296875,421.0,421.3500061035156,10947
2026-05-06 11:15:00,422.3500061035156,423.29998779296875,421.0,421.3500061035156,10947
2026-05-06 12:15:00,421.29998779296875,425.3500061035156,420.79998779296875,425.0,30429
2026-05-06 12:15:00,421.29998779296875,425.3500061035156,420.79998779296875,425.0,30429
2026-05-06 12:15:00,421.29998779296875,425.3500061035156,420.79998779296875,425.0,30429
2026-05-06 13:15:00,425.04998779296875,427.54998779296875,422.1499938964844,424.75,53993
2026-05-06 13:15:00,425.04998779296875,427.54998779296875,422.1499938964844,424.75,53993
2026-05-06 13:15:00,425.04998779296875,427.54998779296875,422.1499938964844,424.75,53993
2026-05-06 14:15:00,425.45001220703125,428.3999938964844,424.25,424.5,69957
2026-05-06 14:15:00,425.45001220703125,428.3999938964844,424.25,424.5,69957
2026-05-06 14:15:00,425.45001220703125,428.3999938964844,424.25,424.5,69957
2026-05-06 15:15:00,424.25,426.0,423.8500061035156,425.6499938964844,18416
2026-05-06 15:15:00,424.25,426.0,423.8500061035156,425.6499938964844,18416
2026-05-06 15:15:00,424.25,426.0,423.8500061035156,425.6499938964844,18416
2026-05-07 09:15:00,429.25,430.8999938964844,426.0,426.6000061035156,0
2026-05-07 09:15:00,429.25,430.8999938964844,426.0,426.6000061035156,0
2026-05-07 09:15:00,429.25,430.8999938964844,426.0,426.6000061035156,0
2026-05-07 10:15:00,426.5,429.25,425.1000061035156,425.6000061035156,20837
2026-05-07 10:15:00,426.5,429.25,425.1000061035156,425.6000061035156,20837
2026-05-07 10:15:00,426.5,429.25,425.1000061035156,425.6000061035156,20837
2026-05-07 11:15:00,425.3999938964844,428.6000061035156,425.1000061035156,427.20001220703125,10275
2026-05-07 11:15:00,425.3999938964844,428.6000061035156,425.1000061035156,427.20001220703125,10275
2026-05-07 11:15:00,425.3999938964844,428.6000061035156,425.1000061035156,427.20001220703125,10275
2026-05-07 12:15:00,427.75,432.0,426.0,428.3999938964844,83421
2026-05-07 12:15:00,427.75,432.0,426.0,428.3999938964844,83421
2026-05-07 12:15:00,427.75,432.0,426.0,428.3999938964844,83421
2026-05-07 13:15:00,428.3999938964844,429.75,425.5,426.6000061035156,45085
2026-05-07 13:15:00,428.3999938964844,429.75,425.5,426.6000061035156,45085
2026-05-07 13:15:00,428.3999938964844,429.75,425.5,426.6000061035156,45085
2026-05-07 14:15:00,425.6499938964844,426.8999938964844,424.0,424.45001220703125,44190
2026-05-07 14:15:00,425.6499938964844,426.8999938964844,424.0,424.45001220703125,44190
2026-05-07 14:15:00,425.6499938964844,426.8999938964844,424.0,424.45001220703125,44190
2026-05-07 15:15:00,424.75,426.0,424.45001220703125,424.45001220703125,22439
2026-05-07 15:15:00,424.75,426.0,424.45001220703125,424.45001220703125,22439
2026-05-07 15:15:00,424.75,426.0,424.45001220703125,424.45001220703125,22439
2026-05-08 09:15:00,438.8999938964844,444.5,426.70001220703125,443.3500061035156,247138
2026-05-08 09:15:00,438.8999938964844,444.5,426.70001220703125,443.3500061035156,247138
2026-05-08 09:15:00,438.8999938964844,444.5,426.70001220703125,443.3500061035156,247138
2026-05-08 10:15:00,443.0,444.0,434.1000061035156,434.1000061035156,206600
2026-05-08 10:15:00,443.0,444.0,434.1000061035156,434.1000061035156,206600
2026-05-08 10:15:00,443.0,444.0,434.1000061035156,434.1000061035156,206600
2026-05-08 11:15:00,434.0,434.6499938964844,417.1000061035156,420.54998779296875,606241
2026-05-08 11:15:00,434.0,434.6499938964844,417.1000061035156,420.54998779296875,606241
2026-05-08 11:15:00,434.0,434.6499938964844,417.1000061035156,420.54998779296875,606241
2026-05-08 12:15:00,420.54998779296875,429.0,419.70001220703125,427.8500061035156,631802
2026-05-08 12:15:00,420.54998779296875,429.0,419.70001220703125,427.8500061035156,631802
2026-05-08 12:15:00,420.54998779296875,429.0,419.70001220703125,427.8500061035156,631802
2026-05-08 13:15:00,426.79998779296875,428.0,422.5,424.95001220703125,143563
2026-05-08 13:15:00,426.79998779296875,428.0,422.5,424.95001220703125,143563
2026-05-08 13:15:00,426.79998779296875,428.0,422.5,424.95001220703125,143563
2026-05-08 14:15:00,424.6000061035156,426.6000061035156,421.04998779296875,424.0,802541
2026-05-08 14:15:00,424.6000061035156,426.6000061035156,421.04998779296875,424.0,802541
2026-05-08 14:15:00,424.6000061035156,426.6000061035156,421.04998779296875,424.0,802541
2026-05-08 15:15:00,423.8500061035156,425.0,421.79998779296875,424.8999938964844,508114
2026-05-08 15:15:00,423.8500061035156,425.0,421.79998779296875,424.8999938964844,508114
2026-05-08 15:15:00,423.8500061035156,425.0,421.79998779296875,424.8999938964844,508114
2026-05-11 09:15:00,425.0,429.3500061035156,418.70001220703125,418.70001220703125,0
2026-05-11 09:15:00,425.0,429.3500061035156,418.70001220703125,418.70001220703125,0
2026-05-11 09:15:00,425.0,429.3500061035156,418.70001220703125,418.70001220703125,0
2026-05-11 10:15:00,418.70001220703125,422.1499938964844,416.3500061035156,419.79998779296875,563743
2026-05-11 10:15:00,418.70001220703125,422.1499938964844,416.3500061035156,419.79998779296875,563743
2026-05-11 10:15:00,418.70001220703125,422.1499938964844,416.3500061035156,419.79998779296875,563743
2026-05-11 11:15:00,420.0,422.8500061035156,418.70001220703125,421.75,39551
2026-05-11 11:15:00,420.0,422.8500061035156,418.70001220703125,421.75,39551
2026-05-11 11:15:00,420.0,422.8500061035156,418.70001220703125,421.75,39551
2026-05-11 12:15:00,422.20001220703125,426.0,419.75,426.0,497180
2026-05-11 12:15:00,422.20001220703125,426.0,419.75,426.0,497180
2026-05-11 12:15:00,422.20001220703125,426.0,419.75,426.0,497180
2026-05-11 13:15:00,427.0,428.0,419.0,420.25,254364
2026-05-11 13:15:00,427.0,428.0,419.0,420.25,254364
2026-05-11 13:15:00,427.0,428.0,419.0,420.25,254364
2026-05-11 14:15:00,420.25,426.1499938964844,419.79998779296875,426.0,523029
2026-05-11 14:15:00,420.25,426.1499938964844,419.79998779296875,426.0,523029
2026-05-11 14:15:00,420.25,426.1499938964844,419.79998779296875,426.0,523029
2026-05-11 15:15:00,421.95001220703125,426.0,421.95001220703125,422.95001220703125,135124
2026-05-11 15:15:00,421.95001220703125,426.0,421.95001220703125,422.95001220703125,135124
2026-05-11 15:15:00,421.95001220703125,426.0,421.95001220703125,422.95001220703125,135124
2026-05-12 09:15:00,432.95001220703125,441.29998779296875,430.54998779296875,437.04998779296875,0
2026-05-12 09:15:00,432.95001220703125,441.29998779296875,430.54998779296875,437.04998779296875,0
2026-05-12 09:15:00,432.95001220703125,441.29998779296875,430.54998779296875,437.04998779296875,0
2026-05-12 10:15:00,436.54998779296875,438.95001220703125,434.29998779296875,434.70001220703125,189724
2026-05-12 10:15:00,436.54998779296875,438.95001220703125,434.29998779296875,434.70001220703125,189724
2026-05-12 10:15:00,436.54998779296875,438.95001220703125,434.29998779296875,434.70001220703125,189724
2026-05-12 11:15:00,435.0,436.3500061035156,431.1499938964844,431.70001220703125,112379
2026-05-12 11:15:00,435.0,436.3500061035156,431.1499938964844,431.70001220703125,112379
2026-05-12 11:15:00,435.0,436.3500061035156,431.1499938964844,431.70001220703125,112379
2026-05-12 12:15:00,431.5,433.79998779296875,429.79998779296875,430.1499938964844,70023
2026-05-12 12:15:00,431.5,433.79998779296875,429.79998779296875,430.1499938964844,70023
2026-05-12 12:15:00,431.5,433.79998779296875,429.79998779296875,430.1499938964844,70023
2026-05-12 13:15:00,430.6000061035156,432.0,428.20001220703125,428.5,58121
2026-05-12 13:15:00,430.6000061035156,432.0,428.20001220703125,428.5,58121
2026-05-12 13:15:00,430.6000061035156,432.0,428.20001220703125,428.5,58121
2026-05-12 14:15:00,428.54998779296875,430.70001220703125,425.54998779296875,426.8999938964844,91256
2026-05-12 14:15:00,428.54998779296875,430.70001220703125,425.54998779296875,426.8999938964844,91256
2026-05-12 14:15:00,428.54998779296875,430.70001220703125,425.54998779296875,426.8999938964844,91256
2026-05-12 15:15:00,426.79998779296875,428.0,424.0,424.0,83543
2026-05-12 15:15:00,426.79998779296875,428.0,424.0,424.0,83543
2026-05-12 15:15:00,426.79998779296875,428.0,424.0,424.0,83543
2026-05-13 09:15:00,428.5,428.8500061035156,418.29998779296875,421.95001220703125,0
2026-05-13 09:15:00,428.5,428.8500061035156,418.29998779296875,421.95001220703125,0
2026-05-13 09:15:00,428.5,428.8500061035156,418.29998779296875,421.95001220703125,0
2026-05-13 10:15:00,421.3999938964844,423.8999938964844,420.0,422.0,64113
2026-05-13 10:15:00,421.3999938964844,423.8999938964844,420.0,422.0,64113
2026-05-13 10:15:00,421.3999938964844,423.8999938964844,420.0,422.0,64113
2026-05-13 11:15:00,421.6000061035156,424.0,420.0,420.54998779296875,34241
2026-05-13 11:15:00,421.6000061035156,424.0,420.0,420.54998779296875,34241
2026-05-13 11:15:00,421.6000061035156,424.0,420.0,420.54998779296875,34241
2026-05-13 12:15:00,420.70001220703125,426.29998779296875,420.5,426.29998779296875,57310
2026-05-13 12:15:00,420.70001220703125,426.29998779296875,420.5,426.29998779296875,57310
2026-05-13 12:15:00,420.70001220703125,426.29998779296875,420.5,426.29998779296875,57310
2026-05-13 13:15:00,425.8999938964844,428.0,424.5,424.6000061035156,97276
2026-05-13 13:15:00,425.8999938964844,428.0,424.5,424.6000061035156,97276
2026-05-13 13:15:00,425.8999938964844,428.0,424.5,424.6000061035156,97276
2026-05-13 14:15:00,425.25,426.6000061035156,421.54998779296875,421.70001220703125,239575
2026-05-13 14:15:00,425.25,426.6000061035156,421.54998779296875,421.70001220703125,239575
2026-05-13 14:15:00,425.25,426.6000061035156,421.54998779296875,421.70001220703125,239575
2026-05-13 15:15:00,421.79998779296875,423.0,420.20001220703125,422.75,53373
2026-05-13 15:15:00,421.79998779296875,423.0,420.20001220703125,422.75,53373
2026-05-13 15:15:00,421.79998779296875,423.0,420.20001220703125,422.75,53373
2026-05-14 09:15:00,426.0,428.0,423.0,425.70001220703125,0
2026-05-14 09:15:00,426.0,428.0,423.0,425.70001220703125,0
2026-05-14 09:15:00,426.0,428.0,423.0,425.70001220703125,0
2026-05-14 10:15:00,425.70001220703125,425.79998779296875,422.75,425.75,53060
2026-05-14 10:15:00,425.70001220703125,425.79998779296875,422.75,425.75,53060
2026-05-14 10:15:00,425.70001220703125,425.79998779296875,422.75,425.75,53060
2026-05-14 11:15:00,425.79998779296875,427.1499938964844,423.1000061035156,423.1000061035156,46530
2026-05-14 11:15:00,425.79998779296875,427.1499938964844,423.1000061035156,423.1000061035156,46530
2026-05-14 11:15:00,425.79998779296875,427.1499938964844,423.1000061035156,423.1000061035156,46530
2026-05-14 12:15:00,423.54998779296875,434.70001220703125,423.54998779296875,430.0,285960
2026-05-14 12:15:00,423.54998779296875,434.70001220703125,423.54998779296875,430.0,285960
2026-05-14 12:15:00,423.54998779296875,434.70001220703125,423.54998779296875,430.0,285960
2026-05-14 13:15:00,430.5,432.3999938964844,429.5,431.20001220703125,21978
2026-05-14 13:15:00,430.5,432.3999938964844,429.5,431.20001220703125,21978
2026-05-14 13:15:00,430.5,432.3999938964844,429.5,431.20001220703125,21978
2026-05-14 14:15:00,431.25,431.5,429.29998779296875,429.3500061035156,53570
2026-05-14 14:15:00,431.25,431.5,429.29998779296875,429.3500061035156,53570
2026-05-14 14:15:00,431.25,431.5,429.29998779296875,429.3500061035156,53570
2026-05-14 15:15:00,429.6000061035156,430.0,427.29998779296875,429.75,55809
2026-05-14 15:15:00,429.6000061035156,430.0,427.29998779296875,429.75,55809
2026-05-14 15:15:00,429.6000061035156,430.0,427.29998779296875,429.75,55809
2026-05-15 09:15:00,430.8500061035156,431.95001220703125,426.29998779296875,431.3999938964844,0
2026-05-15 09:15:00,430.8500061035156,431.95001220703125,426.29998779296875,431.3999938964844,0
2026-05-15 09:15:00,430.8500061035156,431.95001220703125,426.29998779296875,431.3999938964844,0
2026-05-15 10:15:00,431.0,435.1499938964844,429.95001220703125,434.20001220703125,18681
2026-05-15 10:15:00,431.0,435.1499938964844,429.95001220703125,434.20001220703125,18681
2026-05-15 10:15:00,431.0,435.1499938964844,429.95001220703125,434.20001220703125,18681
2026-05-15 11:15:00,434.20001220703125,439.54998779296875,433.25,439.54998779296875,99954
2026-05-15 11:15:00,434.20001220703125,439.54998779296875,433.25,439.54998779296875,99954
2026-05-15 11:15:00,434.20001220703125,439.54998779296875,433.25,439.54998779296875,99954
2026-05-15 12:15:00,439.54998779296875,442.0,438.25,441.04998779296875,164912
2026-05-15 12:15:00,439.54998779296875,442.0,438.25,441.04998779296875,164912
2026-05-15 12:15:00,439.54998779296875,442.0,438.25,441.04998779296875,164912
2026-05-15 13:15:00,441.54998779296875,443.0,438.95001220703125,439.1000061035156,71095
2026-05-15 13:15:00,441.54998779296875,443.0,438.95001220703125,439.1000061035156,71095
2026-05-15 13:15:00,441.54998779296875,443.0,438.95001220703125,439.1000061035156,71095
2026-05-15 14:15:00,439.1000061035156,440.0,434.1499938964844,434.54998779296875,76214
2026-05-15 14:15:00,439.1000061035156,440.0,434.1499938964844,434.54998779296875,76214
2026-05-15 14:15:00,439.1000061035156,440.0,434.1499938964844,434.54998779296875,76214
2026-05-15 15:15:00,434.3500061035156,437.0,434.0,436.29998779296875,131158
2026-05-15 15:15:00,434.3500061035156,437.0,434.0,436.29998779296875,131158
2026-05-15 15:15:00,434.3500061035156,437.0,434.0,436.29998779296875,131158
2026-05-18 09:15:00,435.8500061035156,435.8500061035156,422.1499938964844,423.0,0
2026-05-18 09:15:00,435.8500061035156,435.8500061035156,422.1499938964844,423.0,0
2026-05-18 09:15:00,435.8500061035156,435.8500061035156,422.1499938964844,423.0,0
2026-05-18 10:15:00,422.6000061035156,428.0,419.3500061035156,427.3500061035156,89381
2026-05-18 10:15:00,422.6000061035156,428.0,419.3500061035156,427.3500061035156,89381
2026-05-18 10:15:00,422.6000061035156,428.0,419.3500061035156,427.3500061035156,89381
2026-05-18 11:15:00,427.3500061035156,428.0,424.29998779296875,425.45001220703125,20486
2026-05-18 11:15:00,427.3500061035156,428.0,424.29998779296875,425.45001220703125,20486
2026-05-18 11:15:00,427.3500061035156,428.0,424.29998779296875,425.45001220703125,20486
2026-05-18 12:15:00,425.45001220703125,427.79998779296875,425.45001220703125,426.3999938964844,8452
2026-05-18 12:15:00,425.45001220703125,427.79998779296875,425.45001220703125,426.3999938964844,8452
2026-05-18 12:15:00,425.45001220703125,427.79998779296875,425.45001220703125,426.3999938964844,8452
2026-05-18 13:15:00,427.04998779296875,428.0,422.5,424.0,105361
2026-05-18 13:15:00,427.04998779296875,428.0,422.5,424.0,105361
2026-05-18 13:15:00,427.04998779296875,428.0,422.5,424.0,105361
2026-05-18 14:15:00,424.1000061035156,425.6499938964844,422.0,424.5,25581
2026-05-18 14:15:00,424.1000061035156,425.6499938964844,422.0,424.5,25581
2026-05-18 14:15:00,424.1000061035156,425.6499938964844,422.0,424.5,25581
2026-05-18 15:15:00,424.1000061035156,425.0,423.8999938964844,424.0,14154
2026-05-18 15:15:00,424.1000061035156,425.0,423.8999938964844,424.0,14154
2026-05-18 15:15:00,424.1000061035156,425.0,423.8999938964844,424.0,14154
2026-05-19 09:15:00,427.04998779296875,428.0,423.5,424.3500061035156,0
2026-05-19 09:15:00,427.04998779296875,428.0,423.5,424.3500061035156,0
2026-05-19 09:15:00,427.04998779296875,428.0,423.5,424.3500061035156,0
2026-05-19 10:15:00,424.54998779296875,425.0,423.3999938964844,424.04998779296875,20916
2026-05-19 10:15:00,424.54998779296875,425.0,423.3999938964844,424.04998779296875,20916
2026-05-19 10:15:00,424.54998779296875,425.0,423.3999938964844,424.04998779296875,20916
2026-05-19 11:15:00,424.04998779296875,424.04998779296875,419.79998779296875,421.20001220703125,60172
2026-05-19 11:15:00,424.04998779296875,424.04998779296875,419.79998779296875,421.20001220703125,60172
2026-05-19 11:15:00,424.04998779296875,424.04998779296875,419.79998779296875,421.20001220703125,60172
2026-05-19 12:15:00,421.6000061035156,421.6000061035156,419.8999938964844,421.0,7855
2026-05-19 12:15:00,421.6000061035156,421.6000061035156,419.8999938964844,421.0,7855
2026-05-19 12:15:00,421.6000061035156,421.6000061035156,419.8999938964844,421.0,7855
2026-05-19 13:15:00,421.29998779296875,421.5,419.04998779296875,419.70001220703125,22464
2026-05-19 13:15:00,421.29998779296875,421.5,419.04998779296875,419.70001220703125,22464
2026-05-19 13:15:00,421.29998779296875,421.5,419.04998779296875,419.70001220703125,22464
2026-05-19 14:15:00,420.1499938964844,421.95001220703125,418.6499938964844,420.3500061035156,23831
2026-05-19 14:15:00,420.1499938964844,421.95001220703125,418.6499938964844,420.3500061035156,23831
2026-05-19 14:15:00,420.1499938964844,421.95001220703125,418.6499938964844,420.3500061035156,23831
2026-05-19 15:15:00,420.29998779296875,422.0,419.3999938964844,421.04998779296875,37175
2026-05-19 15:15:00,420.29998779296875,422.0,419.3999938964844,421.04998779296875,37175
2026-05-19 15:15:00,420.29998779296875,422.0,419.3999938964844,421.04998779296875,37175
2026-05-20 09:15:00,421.45001220703125,424.5,413.70001220703125,421.45001220703125,0
2026-05-20 09:15:00,421.45001220703125,424.5,413.70001220703125,421.45001220703125,0
2026-05-20 09:15:00,421.45001220703125,424.5,413.70001220703125,421.45001220703125,0
2026-05-20 10:15:00,421.6000061035156,422.95001220703125,420.5,421.1000061035156,8735
2026-05-20 10:15:00,421.6000061035156,422.95001220703125,420.5,421.1000061035156,8735
2026-05-20 10:15:00,421.6000061035156,422.95001220703125,420.5,421.1000061035156,8735
2026-05-20 11:15:00,421.1499938964844,423.45001220703125,421.0,421.29998779296875,11964
2026-05-20 11:15:00,421.1499938964844,423.45001220703125,421.0,421.29998779296875,11964
2026-05-20 11:15:00,421.1499938964844,423.45001220703125,421.0,421.29998779296875,11964
2026-05-20 12:15:00,421.29998779296875,421.5,421.0,421.20001220703125,2438
2026-05-20 12:15:00,421.29998779296875,421.5,421.0,421.20001220703125,2438
2026-05-20 12:15:00,421.29998779296875,421.5,421.0,421.20001220703125,2438
2026-05-20 13:15:00,421.04998779296875,422.8500061035156,419.79998779296875,420.04998779296875,57163
2026-05-20 13:15:00,421.04998779296875,422.8500061035156,419.79998779296875,420.04998779296875,57163
2026-05-20 13:15:00,421.04998779296875,422.8500061035156,419.79998779296875,420.04998779296875,57163
2026-05-20 14:15:00,420.04998779296875,422.0,418.5,418.6000061035156,72373
2026-05-20 14:15:00,420.04998779296875,422.0,418.5,418.6000061035156,72373
2026-05-20 14:15:00,420.04998779296875,422.0,418.5,418.6000061035156,72373
2026-05-20 15:15:00,418.5,420.8500061035156,418.5,419.8500061035156,59710
2026-05-20 15:15:00,418.5,420.8500061035156,418.5,419.8500061035156,59710
2026-05-20 15:15:00,418.5,420.8500061035156,418.5,419.8500061035156,59710
2026-05-21 09:15:00,426.54998779296875,426.54998779296875,420.3999938964844,423.1499938964844,0
2026-05-21 09:15:00,426.54998779296875,426.54998779296875,420.3999938964844,423.1499938964844,0
2026-05-21 09:15:00,426.54998779296875,426.54998779296875,420.3999938964844,423.1499938964844,0
2026-05-21 10:15:00,423.1499938964844,428.54998779296875,422.5,425.1499938964844,108800
2026-05-21 10:15:00,423.1499938964844,428.54998779296875,422.5,425.1499938964844,108800
2026-05-21 10:15:00,423.1499938964844,428.54998779296875,422.5,425.1499938964844,108800
2026-05-21 11:15:00,425.0,426.6499938964844,418.3999938964844,419.0,257947
2026-05-21 11:15:00,425.0,426.6499938964844,418.3999938964844,419.0,257947
2026-05-21 11:15:00,425.0,426.6499938964844,418.3999938964844,419.0,257947
2026-05-21 12:15:00,418.6000061035156,419.75,417.8999938964844,418.75,27238
2026-05-21 12:15:00,418.6000061035156,419.75,417.8999938964844,418.75,27238
2026-05-21 12:15:00,418.6000061035156,419.75,417.8999938964844,418.75,27238
2026-05-21 13:15:00,418.75,422.79998779296875,418.3999938964844,421.6000061035156,73284
2026-05-21 13:15:00,418.75,422.79998779296875,418.3999938964844,421.6000061035156,73284
2026-05-21 13:15:00,418.75,422.79998779296875,418.3999938964844,421.6000061035156,73284
2026-05-21 14:15:00,421.1000061035156,423.0,418.8999938964844,419.79998779296875,177456
2026-05-21 14:15:00,421.1000061035156,423.0,418.8999938964844,419.79998779296875,177456
2026-05-21 14:15:00,421.1000061035156,423.0,418.8999938964844,419.79998779296875,177456
2026-05-21 15:15:00,420.45001220703125,422.0,419.79998779296875,420.45001220703125,119142
2026-05-21 15:15:00,420.45001220703125,422.0,419.79998779296875,420.45001220703125,119142
2026-05-21 15:15:00,420.45001220703125,422.0,419.79998779296875,420.45001220703125,119142
2026-05-22 09:15:00,423.79998779296875,428.54998779296875,417.45001220703125,419.3999938964844,0
2026-05-22 09:15:00,423.79998779296875,428.54998779296875,417.45001220703125,419.3999938964844,0
2026-05-22 09:15:00,423.79998779296875,428.54998779296875,417.45001220703125,419.3999938964844,0
2026-05-22 10:15:00,419.0,420.70001220703125,418.1000061035156,420.0,20561
2026-05-22 10:15:00,419.0,420.70001220703125,418.1000061035156,420.0,20561
2026-05-22 10:15:00,419.0,420.70001220703125,418.1000061035156,420.0,20561
2026-05-22 11:15:00,419.54998779296875,421.70001220703125,418.5,421.20001220703125,20088
2026-05-22 11:15:00,419.54998779296875,421.70001220703125,418.5,421.20001220703125,20088
2026-05-22 11:15:00,419.54998779296875,421.70001220703125,418.5,421.20001220703125,20088
2026-05-22 12:15:00,420.6499938964844,422.3500061035156,419.70001220703125,421.79998779296875,24679
2026-05-22 12:15:00,420.6499938964844,422.3500061035156,419.70001220703125,421.79998779296875,24679
2026-05-22 12:15:00,420.6499938964844,422.3500061035156,419.70001220703125,421.79998779296875,24679
2026-05-22 13:15:00,421.6000061035156,422.45001220703125,420.0,420.5,32778
2026-05-22 13:15:00,421.6000061035156,422.45001220703125,420.0,420.5,32778
2026-05-22 13:15:00,421.6000061035156,422.45001220703125,420.0,420.5,32778
2026-05-22 14:15:00,420.0,420.6000061035156,418.45001220703125,418.6000061035156,39539
2026-05-22 14:15:00,420.0,420.6000061035156,418.45001220703125,418.6000061035156,39539
2026-05-22 14:15:00,420.0,420.6000061035156,418.45001220703125,418.6000061035156,39539
2026-05-22 15:15:00,418.29998779296875,420.0,417.5,420.0,29680
2026-05-22 15:15:00,418.29998779296875,420.0,417.5,420.0,29680
2026-05-22 15:15:00,418.29998779296875,420.0,417.5,420.0,29680
2026-05-25 09:15:00,423.0,426.1499938964844,420.20001220703125,424.75,0
2026-05-25 09:15:00,423.0,426.1499938964844,420.20001220703125,424.75,0
2026-05-25 09:15:00,423.0,426.1499938964844,420.20001220703125,424.75,0
2026-05-25 10:15:00,424.75,425.54998779296875,422.6000061035156,423.6499938964844,37280
2026-05-25 10:15:00,424.75,425.54998779296875,422.6000061035156,423.6499938964844,37280
2026-05-25 10:15:00,424.75,425.54998779296875,422.6000061035156,423.6499938964844,37280
2026-05-25 11:15:00,423.1499938964844,423.3500061035156,421.6000061035156,422.1000061035156,13080
2026-05-25 11:15:00,423.1499938964844,423.3500061035156,421.6000061035156,422.1000061035156,13080
2026-05-25 11:15:00,423.1499938964844,423.3500061035156,421.6000061035156,422.1000061035156,13080
2026-05-25 12:15:00,422.20001220703125,422.3999938964844,418.6000061035156,420.0,46567
2026-05-25 12:15:00,422.20001220703125,422.3999938964844,418.6000061035156,420.0,46567
2026-05-25 12:15:00,422.20001220703125,422.3999938964844,418.6000061035156,420.0,46567
2026-05-25 13:15:00,420.54998779296875,420.8999938964844,419.54998779296875,420.20001220703125,211443
2026-05-25 13:15:00,420.54998779296875,420.8999938964844,419.54998779296875,420.20001220703125,211443
2026-05-25 13:15:00,420.54998779296875,420.8999938964844,419.54998779296875,420.20001220703125,211443
2026-05-25 14:15:00,420.6499938964844,420.8999938964844,419.29998779296875,419.75,36190
2026-05-25 14:15:00,420.6499938964844,420.8999938964844,419.29998779296875,419.75,36190
2026-05-25 14:15:00,420.6499938964844,420.8999938964844,419.29998779296875,419.75,36190
2026-05-25 15:15:00,419.3500061035156,420.79998779296875,419.29998779296875,419.95001220703125,32807
2026-05-25 15:15:00,419.3500061035156,420.79998779296875,419.29998779296875,419.95001220703125,32807
2026-05-25 15:15:00,419.3500061035156,420.79998779296875,419.29998779296875,419.95001220703125,32807
2026-05-26 09:15:00,423.0,423.0,421.0,421.5,0
2026-05-26 09:15:00,423.0,423.0,421.0,421.5,0
2026-05-26 09:15:00,423.0,423.0,421.0,421.5,0
2026-05-26 10:15:00,421.0,423.79998779296875,421.0,421.6000061035156,12352
2026-05-26 10:15:00,421.0,423.79998779296875,421.0,421.6000061035156,12352
2026-05-26 10:15:00,421.0,423.79998779296875,421.0,421.6000061035156,12352
2026-05-26 11:15:00,421.6000061035156,424.70001220703125,419.6000061035156,419.8999938964844,69794
2026-05-26 11:15:00,421.6000061035156,424.70001220703125,419.6000061035156,419.8999938964844,69794
2026-05-26 11:15:00,421.6000061035156,424.70001220703125,419.6000061035156,419.8999938964844,69794
2026-05-26 12:15:00,419.3999938964844,420.8500061035156,417.8500061035156,419.70001220703125,27733
2026-05-26 12:15:00,419.3999938964844,420.8500061035156,417.8500061035156,419.70001220703125,27733
2026-05-26 12:15:00,419.3999938964844,420.8500061035156,417.8500061035156,419.70001220703125,27733
2026-05-26 13:15:00,419.70001220703125,421.6499938964844,419.70001220703125,419.70001220703125,34858
2026-05-26 13:15:00,419.70001220703125,421.6499938964844,419.70001220703125,419.70001220703125,34858
2026-05-26 13:15:00,419.70001220703125,421.6499938964844,419.70001220703125,419.70001220703125,34858
2026-05-26 14:15:00,419.70001220703125,420.29998779296875,419.0,419.45001220703125,269153
2026-05-26 14:15:00,419.70001220703125,420.29998779296875,419.0,419.45001220703125,269153
2026-05-26 14:15:00,419.70001220703125,420.29998779296875,419.0,419.45001220703125,269153
2026-05-26 15:15:00,419.45001220703125,420.5,418.0,419.5,45731
2026-05-26 15:15:00,419.45001220703125,420.5,418.0,419.5,45731
2026-05-26 15:15:00,419.45001220703125,420.5,418.0,419.5,45731
2026-05-27 09:15:00,421.0,421.8500061035156,417.5,419.8999938964844,0
2026-05-27 09:15:00,421.0,421.8500061035156,417.5,419.8999938964844,0
2026-05-27 09:15:00,421.0,421.8500061035156,417.5,419.8999938964844,0
2026-05-27 10:15:00,419.3999938964844,422.1000061035156,419.3500061035156,421.54998779296875,12262
2026-05-27 10:15:00,419.3999938964844,422.1000061035156,419.3500061035156,421.54998779296875,12262
2026-05-27 10:15:00,419.3999938964844,422.1000061035156,419.3500061035156,421.54998779296875,12262
2026-05-27 11:15:00,421.95001220703125,422.0,420.70001220703125,420.70001220703125,2913
2026-05-27 11:15:00,421.95001220703125,422.0,420.70001220703125,420.70001220703125,2913
2026-05-27 11:15:00,421.95001220703125,422.0,420.70001220703125,420.70001220703125,2913
2026-05-27 12:15:00,420.70001220703125,421.45001220703125,419.29998779296875,420.6000061035156,25624
2026-05-27 12:15:00,420.70001220703125,421.45001220703125,419.29998779296875,420.6000061035156,25624
2026-05-27 12:15:00,420.70001220703125,421.45001220703125,419.29998779296875,420.6000061035156,25624
2026-05-27 13:15:00,420.6000061035156,421.54998779296875,419.75,420.20001220703125,82170
2026-05-27 13:15:00,420.6000061035156,421.54998779296875,419.75,420.20001220703125,82170
2026-05-27 13:15:00,420.6000061035156,421.54998779296875,419.75,420.20001220703125,82170
2026-05-27 14:15:00,419.8999938964844,420.0,418.70001220703125,419.3500061035156,17665
2026-05-27 14:15:00,419.8999938964844,420.0,418.70001220703125,419.3500061035156,17665
2026-05-27 14:15:00,419.8999938964844,420.0,418.70001220703125,419.3500061035156,17665
2026-05-27 15:15:00,419.0,419.8500061035156,418.70001220703125,418.70001220703125,6521
2026-05-27 15:15:00,419.0,419.8500061035156,418.70001220703125,418.70001220703125,6521
2026-05-27 15:15:00,419.0,419.8500061035156,418.70001220703125,418.70001220703125,6521
2026-05-29 09:15:00,423.0,423.0,417.79998779296875,418.6000061035156,0
2026-05-29 09:15:00,423.0,423.0,417.79998779296875,418.6000061035156,0
2026-05-29 09:15:00,423.0,423.0,417.79998779296875,418.6000061035156,0
2026-05-29 10:15:00,419.1000061035156,420.75,417.75,419.0,23392
2026-05-29 10:15:00,419.1000061035156,420.75,417.75,419.0,23392
2026-05-29 10:15:00,419.1000061035156,420.75,417.75,419.0,23392
2026-05-29 11:15:00,419.04998779296875,420.3999938964844,419.04998779296875,419.29998779296875,12120
2026-05-29 11:15:00,419.04998779296875,420.3999938964844,419.04998779296875,419.29998779296875,12120
2026-05-29 11:15:00,419.04998779296875,420.3999938964844,419.04998779296875,419.29998779296875,12120
2026-05-29 12:15:00,419.29998779296875,420.8500061035156,418.0,418.0,15330
2026-05-29 12:15:00,419.29998779296875,420.8500061035156,418.0,418.0,15330
2026-05-29 12:15:00,419.29998779296875,420.8500061035156,418.0,418.0,15330
2026-05-29 13:15:00,418.29998779296875,419.3500061035156,418.0,418.6000061035156,29055
2026-05-29 13:15:00,418.29998779296875,419.3500061035156,418.0,418.6000061035156,29055
2026-05-29 13:15:00,418.29998779296875,419.3500061035156,418.0,418.6000061035156,29055
2026-05-29 14:15:00,418.79998779296875,420.6499938964844,414.25,415.25,57247
2026-05-29 14:15:00,418.79998779296875,420.6499938964844,414.25,415.25,57247
2026-05-29 14:15:00,418.79998779296875,420.6499938964844,414.25,415.25,57247
2026-05-29 15:15:00,415.70001220703125,417.95001220703125,415.0,417.70001220703125,63838
2026-05-29 15:15:00,415.70001220703125,417.95001220703125,415.0,417.70001220703125,63838
2026-05-29 15:15:00,415.70001220703125,417.95001220703125,415.0,417.70001220703125,63838
2026-06-01 09:15:00,422.0,433.8999938964844,418.0,432.45001220703125,0
2026-06-01 09:15:00,422.0,433.8999938964844,418.0,432.45001220703125,0
2026-06-01 09:15:00,422.0,433.8999938964844,418.0,432.45001220703125,0
2026-06-01 10:15:00,432.3500061035156,436.54998779296875,432.0,436.0,143458
2026-06-01 10:15:00,432.3500061035156,436.54998779296875,432.0,436.0,143458
2026-06-01 10:15:00,432.3500061035156,436.54998779296875,432.0,436.0,143458
2026-06-01 11:15:00,436.0,436.29998779296875,432.45001220703125,434.1000061035156,38296
2026-06-01 11:15:00,436.0,436.29998779296875,432.45001220703125,434.1000061035156,38296
2026-06-01 11:15:00,436.0,436.29998779296875,432.45001220703125,434.1000061035156,38296
2026-06-01 12:15:00,434.0,434.79998779296875,432.0,432.04998779296875,13123
2026-06-01 12:15:00,434.0,434.79998779296875,432.0,432.04998779296875,13123
2026-06-01 12:15:00,434.0,434.79998779296875,432.0,432.04998779296875,13123
2026-06-01 13:15:00,432.3999938964844,432.45001220703125,428.95001220703125,428.95001220703125,40967
2026-06-01 13:15:00,432.3999938964844,432.45001220703125,428.95001220703125,428.95001220703125,40967
2026-06-01 13:15:00,432.3999938964844,432.45001220703125,428.95001220703125,428.95001220703125,40967
2026-06-01 14:15:00,428.79998779296875,429.5,420.6499938964844,422.79998779296875,80622
2026-06-01 14:15:00,428.79998779296875,429.5,420.6499938964844,422.79998779296875,80622
2026-06-01 14:15:00,428.79998779296875,429.5,420.6499938964844,422.79998779296875,80622
2026-06-01 15:15:00,422.79998779296875,423.3500061035156,421.0,421.0,17333
2026-06-01 15:15:00,422.79998779296875,423.3500061035156,421.0,421.0,17333
2026-06-01 15:15:00,422.79998779296875,423.3500061035156,421.0,421.0,17333
2026-06-02 09:15:00,422.0,424.6000061035156,417.3999938964844,422.04998779296875,0
2026-06-02 09:15:00,422.0,424.6000061035156,417.3999938964844,422.04998779296875,0
2026-06-02 09:15:00,422.0,424.6000061035156,417.3999938964844,422.04998779296875,0
2026-06-02 10:15:00,421.6000061035156,424.0,420.0,420.0,32340
2026-06-02 10:15:00,421.6000061035156,424.0,420.0,420.0,32340
2026-06-02 10:15:00,421.6000061035156,424.0,420.0,420.0,32340
2026-06-02 11:15:00,420.54998779296875,421.0,418.5,418.70001220703125,12980
2026-06-02 11:15:00,420.54998779296875,421.0,418.5,418.70001220703125,12980
2026-06-02 11:15:00,420.54998779296875,421.0,418.5,418.70001220703125,12980
2026-06-02 12:15:00,418.95001220703125,422.20001220703125,418.95001220703125,422.1499938964844,14314
2026-06-02 12:15:00,418.95001220703125,422.20001220703125,418.95001220703125,422.1499938964844,14314
2026-06-02 12:15:00,418.95001220703125,422.20001220703125,418.95001220703125,422.1499938964844,14314
2026-06-02 13:15:00,422.1499938964844,422.1499938964844,419.20001220703125,419.5,19631
2026-06-02 13:15:00,422.1499938964844,422.1499938964844,419.20001220703125,419.5,19631
2026-06-02 13:15:00,422.1499938964844,422.1499938964844,419.20001220703125,419.5,19631
2026-06-02 14:15:00,419.5,420.8999938964844,418.0,420.70001220703125,34506
2026-06-02 14:15:00,419.5,420.8999938964844,418.0,420.70001220703125,34506
2026-06-02 14:15:00,419.5,420.8999938964844,418.0,420.70001220703125,34506
2026-06-02 15:15:00,420.45001220703125,421.0,419.3500061035156,420.0,35690
2026-06-02 15:15:00,420.45001220703125,421.0,419.3500061035156,420.0,35690
2026-06-02 15:15:00,420.45001220703125,421.0,419.3500061035156,420.0,35690
2026-06-03 09:15:00,420.5,421.70001220703125,415.75,418.04998779296875,0
2026-06-03 09:15:00,420.5,421.70001220703125,415.75,418.04998779296875,0
2026-06-03 09:15:00,420.5,421.70001220703125,415.75,418.04998779296875,0
2026-06-03 10:15:00,418.04998779296875,419.0,417.3999938964844,417.54998779296875,4425
2026-06-03 10:15:00,418.04998779296875,419.0,417.3999938964844,417.54998779296875,4425
2026-06-03 10:15:00,418.04998779296875,419.0,417.3999938964844,417.54998779296875,4425
2026-06-03 11:15:00,417.54998779296875,418.6000061035156,416.79998779296875,417.1000061035156,10716
2026-06-03 11:15:00,417.54998779296875,418.6000061035156,416.79998779296875,417.1000061035156,10716
2026-06-03 11:15:00,417.54998779296875,418.6000061035156,416.79998779296875,417.1000061035156,10716
2026-06-03 12:15:00,417.5,421.3999938964844,417.0,418.54998779296875,30450
2026-06-03 12:15:00,417.5,421.3999938964844,417.0,418.54998779296875,30450
2026-06-03 12:15:00,417.5,421.3999938964844,417.0,418.54998779296875,30450
2026-06-03 13:15:00,419.75,421.1499938964844,419.3999938964844,419.6000061035156,18756
2026-06-03 13:15:00,419.75,421.1499938964844,419.3999938964844,419.6000061035156,18756
2026-06-03 13:15:00,419.75,421.1499938964844,419.3999938964844,419.6000061035156,18756
2026-06-03 14:15:00,420.95001220703125,421.0,418.3500061035156,419.3500061035156,43802
2026-06-03 14:15:00,420.95001220703125,421.0,418.3500061035156,419.3500061035156,43802
2026-06-03 14:15:00,420.95001220703125,421.0,418.3500061035156,419.3500061035156,43802
2026-06-03 15:15:00,419.3999938964844,420.0,418.1000061035156,419.6499938964844,49259
2026-06-03 15:15:00,419.3999938964844,420.0,418.1000061035156,419.6499938964844,49259
2026-06-03 15:15:00,419.3999938964844,420.0,418.1000061035156,419.6499938964844,49259
2026-06-04 09:15:00,419.5,422.1000061035156,418.04998779296875,421.45001220703125,0
2026-06-04 09:15:00,419.5,422.1000061035156,418.04998779296875,421.45001220703125,0
2026-06-04 09:15:00,419.5,422.1000061035156,418.04998779296875,421.45001220703125,0
2026-06-04 09:15:00,419.5,422.1000061035156,418.04998779296875,421.45001220703125,0
2026-06-04 10:15:00,421.6000061035156,422.0,419.0,419.0,14753
2026-06-04 10:15:00,421.6000061035156,422.0,419.0,419.0,14753
2026-06-04 10:15:00,421.6000061035156,422.0,419.0,419.0,14753
2026-06-04 10:15:00,421.6000061035156,422.0,419.0,419.0,14753
2026-06-04 11:15:00,419.45001220703125,420.6000061035156,419.0,419.70001220703125,36689
2026-06-04 11:15:00,419.45001220703125,420.6000061035156,419.0,419.70001220703125,36689
2026-06-04 11:15:00,419.45001220703125,420.6000061035156,419.0,419.70001220703125,36689
2026-06-04 11:15:00,419.45001220703125,420.6000061035156,419.0,419.70001220703125,36689
2026-06-04 12:15:00,420.0,421.5,419.3999938964844,420.6499938964844,13967
2026-06-04 12:15:00,420.0,421.5,419.3999938964844,420.6499938964844,13967
2026-06-04 12:15:00,420.0,421.5,419.3999938964844,420.6499938964844,13967
2026-06-04 12:15:00,420.0,421.5,419.3999938964844,420.6499938964844,13967
2026-06-04 13:15:00,420.6000061035156,422.0,420.29998779296875,420.29998779296875,10714
2026-06-04 13:15:00,420.6000061035156,422.0,420.29998779296875,420.29998779296875,10714
2026-06-04 13:15:00,420.6000061035156,422.0,420.29998779296875,420.29998779296875,10714
2026-06-04 13:15:00,420.6000061035156,422.0,420.29998779296875,420.29998779296875,10714
2026-06-04 14:15:00,420.3500061035156,420.95001220703125,419.1000061035156,419.20001220703125,6666
2026-06-04 14:15:00,420.3500061035156,420.95001220703125,419.1000061035156,419.20001220703125,6666
2026-06-04 14:15:00,420.3500061035156,420.95001220703125,419.1000061035156,419.20001220703125,6666
2026-06-04 14:15:00,420.3500061035156,420.95001220703125,419.1000061035156,419.20001220703125,6666
2026-06-04 15:15:00,419.20001220703125,419.45001220703125,417.6499938964844,418.75,17886
2026-06-04 15:15:00,419.20001220703125,419.45001220703125,417.6499938964844,418.75,17886
2026-06-04 15:15:00,419.20001220703125,419.45001220703125,417.6499938964844,418.75,17886
2026-06-04 15:15:00,419.20001220703125,419.45001220703125,417.6499938964844,418.75,17886
2026-06-05 09:15:00,420.8999938964844,422.0,417.6000061035156,419.1499938964844,0
2026-06-05 09:15:00,420.8999938964844,422.0,417.6000061035156,419.1499938964844,0
2026-06-05 09:15:00,420.8999938964844,422.0,417.6000061035156,419.1499938964844,0
2026-06-05 09:15:00,420.8999938964844,422.0,417.6000061035156,419.1499938964844,0
2026-06-05 10:15:00,419.20001220703125,419.95001220703125,416.6000061035156,418.8999938964844,15618
2026-06-05 10:15:00,419.20001220703125,419.95001220703125,416.6000061035156,418.8999938964844,15618
2026-06-05 10:15:00,419.20001220703125,419.95001220703125,416.6000061035156,418.8999938964844,15618
2026-06-05 10:15:00,419.20001220703125,419.95001220703125,416.6000061035156,418.8999938964844,15618
2026-06-05 11:15:00,418.95001220703125,418.95001220703125,417.6000061035156,417.75,4356
2026-06-05 11:15:00,418.95001220703125,418.95001220703125,417.6000061035156,417.75,4356
2026-06-05 11:15:00,418.95001220703125,418.95001220703125,417.6000061035156,417.75,4356
2026-06-05 11:15:00,418.95001220703125,418.95001220703125,417.6000061035156,417.75,4356
2026-06-05 12:15:00,417.6000061035156,418.8999938964844,416.1000061035156,416.5,70564
2026-06-05 12:15:00,417.6000061035156,418.8999938964844,416.1000061035156,416.5,70564
2026-06-05 12:15:00,417.6000061035156,418.8999938964844,416.1000061035156,416.5,70564
2026-06-05 12:15:00,417.6000061035156,418.8999938964844,416.1000061035156,416.5,70564
2026-06-05 13:15:00,416.3999938964844,418.0,414.5,416.3999938964844,128051
2026-06-05 13:15:00,416.3999938964844,418.0,414.5,416.3999938964844,128051
2026-06-05 13:15:00,416.3999938964844,418.0,414.5,416.3999938964844,128051
2026-06-05 13:15:00,416.3999938964844,418.0,414.5,416.3999938964844,128051
2026-06-05 14:15:00,417.25,420.95001220703125,417.20001220703125,418.95001220703125,75846
2026-06-05 14:15:00,417.25,420.95001220703125,417.20001220703125,418.95001220703125,75846
2026-06-05 14:15:00,417.25,420.95001220703125,417.20001220703125,418.95001220703125,75846
2026-06-05 14:15:00,417.25,420.95001220703125,417.20001220703125,418.95001220703125,75846
2026-06-05 15:15:00,419.1499938964844,419.75,418.3500061035156,419.45001220703125,16336
2026-06-05 15:15:00,419.1499938964844,419.75,418.3500061035156,419.45001220703125,16336
2026-06-05 15:15:00,419.1499938964844,419.75,418.3500061035156,419.45001220703125,16336
2026-06-05 15:15:00,419.1499938964844,419.75,418.3500061035156,419.45001220703125,16336
2026-06-08 09:15:00,417.5,421.0,414.1000061035156,420.6000061035156,0
2026-06-08 09:15:00,417.5,421.0,414.1000061035156,420.6000061035156,0
2026-06-08 09:15:00,417.5,421.0,414.1000061035156,420.6000061035156,0
2026-06-08 09:15:00,417.5,421.0,414.1000061035156,420.6000061035156,0
2026-06-08 10:15:00,420.29998779296875,420.8500061035156,417.75,419.20001220703125,9979
2026-06-08 10:15:00,420.29998779296875,420.8500061035156,417.75,419.20001220703125,9979
2026-06-08 10:15:00,420.29998779296875,420.8500061035156,417.75,419.20001220703125,9979
2026-06-08 10:15:00,420.29998779296875,420.8500061035156,417.75,419.20001220703125,9979
2026-06-08 11:15:00,419.25,420.1000061035156,418.20001220703125,418.20001220703125,3628
2026-06-08 11:15:00,419.25,420.1000061035156,418.20001220703125,418.20001220703125,3628
2026-06-08 11:15:00,419.25,420.1000061035156,418.20001220703125,418.20001220703125,3628
2026-06-08 11:15:00,419.25,420.1000061035156,418.20001220703125,418.20001220703125,3628
2026-06-08 12:15:00,418.79998779296875,419.20001220703125,417.5,418.1000061035156,14389
2026-06-08 12:15:00,418.79998779296875,419.20001220703125,417.5,418.1000061035156,14389
2026-06-08 12:15:00,418.79998779296875,419.20001220703125,417.5,418.1000061035156,14389
2026-06-08 12:15:00,418.79998779296875,419.20001220703125,417.5,418.1000061035156,14389
2026-06-08 13:15:00,418.04998779296875,418.54998779296875,416.6000061035156,416.6000061035156,7956
2026-06-08 13:15:00,418.04998779296875,418.54998779296875,416.6000061035156,416.6000061035156,7956
2026-06-08 13:15:00,418.04998779296875,418.54998779296875,416.6000061035156,416.6000061035156,7956
2026-06-08 13:15:00,418.04998779296875,418.54998779296875,416.6000061035156,416.6000061035156,7956
2026-06-08 14:15:00,416.6499938964844,418.0,414.70001220703125,415.3500061035156,19432
2026-06-08 14:15:00,416.6499938964844,418.0,414.70001220703125,415.3500061035156,19432
2026-06-08 14:15:00,416.6499938964844,418.0,414.70001220703125,415.3500061035156,19432
2026-06-08 14:15:00,416.6499938964844,418.0,414.70001220703125,415.3500061035156,19432
2026-06-08 15:15:00,415.70001220703125,417.3999938964844,415.5,416.1499938964844,21845
2026-06-08 15:15:00,415.70001220703125,417.3999938964844,415.5,416.1499938964844,21845
2026-06-08 15:15:00,415.70001220703125,417.3999938964844,415.5,416.1499938964844,21845
2026-06-08 15:15:00,415.70001220703125,417.3999938964844,415.5,416.1499938964844,21845
2026-06-09 09:15:00,417.5,420.1000061035156,416.8999938964844,417.8500061035156,0
2026-06-09 09:15:00,417.5,420.1000061035156,416.8999938964844,417.8500061035156,0
2026-06-09 09:15:00,417.5,420.1000061035156,416.8999938964844,417.8500061035156,0
2026-06-09 09:15:00,417.5,420.1000061035156,416.8999938964844,417.8500061035156,0
2026-06-09 10:15:00,417.3500061035156,418.45001220703125,416.79998779296875,416.79998779296875,29570
2026-06-09 10:15:00,417.3500061035156,418.45001220703125,416.79998779296875,416.79998779296875,29570
2026-06-09 10:15:00,417.3500061035156,418.45001220703125,416.79998779296875,416.79998779296875,29570
2026-06-09 10:15:00,417.3500061035156,418.45001220703125,416.79998779296875,416.79998779296875,29570
2026-06-09 11:15:00,417.0,418.29998779296875,416.0,417.70001220703125,9648
2026-06-09 11:15:00,417.0,418.29998779296875,416.0,417.70001220703125,9648
2026-06-09 11:15:00,417.0,418.29998779296875,416.0,417.70001220703125,9648
2026-06-09 11:15:00,417.0,418.29998779296875,416.0,417.70001220703125,9648
2026-06-09 12:15:00,417.6000061035156,418.3500061035156,416.3999938964844,418.3500061035156,7820
2026-06-09 12:15:00,417.6000061035156,418.3500061035156,416.3999938964844,418.3500061035156,7820
2026-06-09 12:15:00,417.6000061035156,418.3500061035156,416.3999938964844,418.3500061035156,7820
2026-06-09 12:15:00,417.6000061035156,418.3500061035156,416.3999938964844,418.3500061035156,7820
2026-06-09 13:15:00,418.29998779296875,419.20001220703125,416.79998779296875,418.3999938964844,51924
2026-06-09 13:15:00,418.29998779296875,419.20001220703125,416.79998779296875,418.3999938964844,51924
2026-06-09 13:15:00,418.29998779296875,419.20001220703125,416.79998779296875,418.3999938964844,51924
2026-06-09 13:15:00,418.29998779296875,419.20001220703125,416.79998779296875,418.3999938964844,51924
2026-06-09 14:15:00,418.5,419.45001220703125,418.25,419.3999938964844,9322
2026-06-09 14:15:00,418.5,419.45001220703125,418.25,419.3999938964844,9322
2026-06-09 14:15:00,418.5,419.45001220703125,418.25,419.3999938964844,9322
2026-06-09 14:15:00,418.5,419.45001220703125,418.25,419.3999938964844,9322
2026-06-09 15:15:00,419.04998779296875,419.29998779296875,417.79998779296875,418.6499938964844,7861
2026-06-09 15:15:00,419.04998779296875,419.29998779296875,417.79998779296875,418.6499938964844,7861
2026-06-09 15:15:00,419.04998779296875,419.29998779296875,417.79998779296875,418.6499938964844,7861
2026-06-09 15:15:00,419.04998779296875,419.29998779296875,417.79998779296875,418.6499938964844,7861
2026-06-10 09:15:00,420.0,420.70001220703125,418.1499938964844,419.0,0
2026-06-10 09:15:00,420.0,420.70001220703125,418.1499938964844,419.0,0
2026-06-10 09:15:00,420.0,420.70001220703125,418.1499938964844,419.0,0
2026-06-10 09:15:00,420.0,420.70001220703125,418.1499938964844,419.0,0
2026-06-10 10:15:00,418.8999938964844,419.1499938964844,418.3999938964844,419.04998779296875,30994
2026-06-10 10:15:00,418.8999938964844,419.1499938964844,418.3999938964844,419.04998779296875,30994
2026-06-10 10:15:00,418.8999938964844,419.1499938964844,418.3999938964844,419.04998779296875,30994
2026-06-10 10:15:00,418.8999938964844,419.1499938964844,418.3999938964844,419.04998779296875,30994
2026-06-10 11:15:00,419.54998779296875,419.54998779296875,417.0,418.29998779296875,8328
2026-06-10 11:15:00,419.54998779296875,419.54998779296875,417.0,418.29998779296875,8328
2026-06-10 11:15:00,419.54998779296875,419.54998779296875,417.0,418.29998779296875,8328
2026-06-10 11:15:00,419.54998779296875,419.54998779296875,417.0,418.29998779296875,8328
2026-06-10 12:15:00,418.1499938964844,418.25,417.1000061035156,417.6000061035156,4271
2026-06-10 12:15:00,418.1499938964844,418.25,417.1000061035156,417.6000061035156,4271
2026-06-10 12:15:00,418.1499938964844,418.25,417.1000061035156,417.6000061035156,4271
2026-06-10 12:15:00,418.1499938964844,418.25,417.1000061035156,417.6000061035156,4271
2026-06-10 13:15:00,417.6000061035156,417.8999938964844,414.29998779296875,414.5,54701
2026-06-10 13:15:00,417.6000061035156,417.8999938964844,414.29998779296875,414.5,54701
2026-06-10 13:15:00,417.6000061035156,417.8999938964844,414.29998779296875,414.5,54701
2026-06-10 13:15:00,417.6000061035156,417.8999938964844,414.29998779296875,414.5,54701
2026-06-10 14:15:00,414.29998779296875,416.95001220703125,414.1000061035156,414.79998779296875,32269
2026-06-10 14:15:00,414.29998779296875,416.95001220703125,414.1000061035156,414.79998779296875,32269
2026-06-10 14:15:00,414.29998779296875,416.95001220703125,414.1000061035156,414.79998779296875,32269
2026-06-10 14:15:00,414.29998779296875,416.95001220703125,414.1000061035156,414.79998779296875,32269
2026-06-10 15:15:00,414.6000061035156,416.20001220703125,414.5,415.0,20971
2026-06-10 15:15:00,414.6000061035156,416.20001220703125,414.5,415.0,20971
2026-06-10 15:15:00,414.6000061035156,416.20001220703125,414.5,415.0,20971
2026-06-10 15:15:00,414.6000061035156,416.20001220703125,414.5,415.0,20971
2026-06-11 09:15:00,416.0,416.95001220703125,413.0,414.8999938964844,0
2026-06-11 09:15:00,416.0,416.95001220703125,413.0,414.8999938964844,0
2026-06-11 09:15:00,416.0,416.95001220703125,413.0,414.8999938964844,0
2026-06-11 09:15:00,416.0,416.95001220703125,413.0,414.8999938964844,0
2026-06-11 10:15:00,414.8999938964844,417.0,414.6000061035156,415.5,38442
2026-06-11 10:15:00,414.8999938964844,417.0,414.6000061035156,415.5,38442
2026-06-11 10:15:00,414.8999938964844,417.0,414.6000061035156,415.5,38442
2026-06-11 10:15:00,414.8999938964844,417.0,414.6000061035156,415.5,38442
2026-06-11 11:15:00,415.20001220703125,417.8999938964844,415.20001220703125,415.6000061035156,13779
2026-06-11 11:15:00,415.20001220703125,417.8999938964844,415.20001220703125,415.6000061035156,13779
2026-06-11 11:15:00,415.20001220703125,417.8999938964844,415.20001220703125,415.6000061035156,13779
2026-06-11 11:15:00,415.20001220703125,417.8999938964844,415.20001220703125,415.6000061035156,13779
2026-06-11 12:15:00,415.5,416.1000061035156,414.79998779296875,415.45001220703125,3781
2026-06-11 12:15:00,415.5,416.1000061035156,414.79998779296875,415.45001220703125,3781
2026-06-11 12:15:00,415.5,416.1000061035156,414.79998779296875,415.45001220703125,3781
2026-06-11 12:15:00,415.5,416.1000061035156,414.79998779296875,415.45001220703125,3781
2026-06-11 13:15:00,415.75,415.8999938964844,415.0,415.3999938964844,2044
2026-06-11 13:15:00,415.75,415.8999938964844,415.0,415.3999938964844,2044
2026-06-11 13:15:00,415.75,415.8999938964844,415.0,415.3999938964844,2044
2026-06-11 13:15:00,415.75,415.8999938964844,415.0,415.3999938964844,2044
2026-06-11 14:15:00,415.3999938964844,417.1000061035156,413.54998779296875,414.54998779296875,56635
2026-06-11 14:15:00,415.3999938964844,417.1000061035156,413.54998779296875,414.54998779296875,56635
2026-06-11 14:15:00,415.3999938964844,417.1000061035156,413.54998779296875,414.54998779296875,56635
2026-06-11 14:15:00,415.3999938964844,417.1000061035156,413.54998779296875,414.54998779296875,56635
2026-06-11 15:15:00,414.95001220703125,416.6000061035156,414.3999938964844,415.3999938964844,15353
2026-06-11 15:15:00,414.95001220703125,416.6000061035156,414.3999938964844,415.3999938964844,15353
2026-06-11 15:15:00,414.95001220703125,416.6000061035156,414.3999938964844,415.3999938964844,15353
2026-06-11 15:15:00,414.95001220703125,416.6000061035156,414.3999938964844,415.3999938964844,15353
2026-06-12 09:15:00,419.0,420.3500061035156,416.79998779296875,419.5,0
2026-06-12 09:15:00,419.0,420.3500061035156,416.79998779296875,419.5,0
2026-06-12 09:15:00,419.0,420.3500061035156,416.79998779296875,419.5,0
2026-06-12 09:15:00,419.0,420.3500061035156,416.79998779296875,419.5,0
2026-06-12 10:15:00,419.6000061035156,420.0,417.20001220703125,418.45001220703125,41831
2026-06-12 10:15:00,419.6000061035156,420.0,417.20001220703125,418.45001220703125,41831
2026-06-12 10:15:00,419.6000061035156,420.0,417.20001220703125,418.45001220703125,41831
2026-06-12 10:15:00,419.6000061035156,420.0,417.20001220703125,418.45001220703125,41831
2026-06-12 11:15:00,418.5,418.54998779296875,416.8999938964844,416.8999938964844,39167
2026-06-12 11:15:00,418.5,418.54998779296875,416.8999938964844,416.8999938964844,39167
2026-06-12 11:15:00,418.5,418.54998779296875,416.8999938964844,416.8999938964844,39167
2026-06-12 11:15:00,418.5,418.54998779296875,416.8999938964844,416.8999938964844,39167
2026-06-12 12:15:00,416.8999938964844,420.6000061035156,416.79998779296875,417.70001220703125,57024
2026-06-12 12:15:00,416.8999938964844,420.6000061035156,416.79998779296875,417.70001220703125,57024
2026-06-12 12:15:00,416.8999938964844,420.6000061035156,416.79998779296875,417.70001220703125,57024
2026-06-12 12:15:00,416.8999938964844,420.6000061035156,416.79998779296875,417.70001220703125,57024
2026-06-12 13:15:00,417.95001220703125,418.70001220703125,417.20001220703125,418.25,7073
2026-06-12 13:15:00,417.95001220703125,418.70001220703125,417.20001220703125,418.25,7073
2026-06-12 13:15:00,417.95001220703125,418.70001220703125,417.20001220703125,418.25,7073
2026-06-12 13:15:00,417.95001220703125,418.70001220703125,417.20001220703125,418.25,7073
2026-06-12 14:15:00,418.25,418.79998779296875,417.1000061035156,418.04998779296875,12371
2026-06-12 14:15:00,418.25,418.79998779296875,417.1000061035156,418.04998779296875,12371
2026-06-12 14:15:00,418.25,418.79998779296875,417.1000061035156,418.04998779296875,12371
2026-06-12 14:15:00,418.25,418.79998779296875,417.1000061035156,418.04998779296875,12371
2026-06-12 15:15:00,418.04998779296875,418.79998779296875,416.8999938964844,418.1499938964844,40582
2026-06-12 15:15:00,418.04998779296875,418.79998779296875,416.8999938964844,418.1499938964844,40582
2026-06-12 15:15:00,418.04998779296875,418.79998779296875,416.8999938964844,418.1499938964844,40582
2026-06-12 15:15:00,418.04998779296875,418.79998779296875,416.8999938964844,418.1499938964844,40582
2026-06-15 09:15:00,425.45001220703125,429.0,420.75,421.8500061035156,0
2026-06-15 09:15:00,425.45001220703125,429.0,420.75,421.8500061035156,0
2026-06-15 09:15:00,425.45001220703125,429.0,420.75,421.8500061035156,0
2026-06-15 09:15:00,425.45001220703125,429.0,420.75,421.8500061035156,0
2026-06-15 10:15:00,421.8500061035156,423.1000061035156,417.79998779296875,420.3500061035156,61626
2026-06-15 10:15:00,421.8500061035156,423.1000061035156,417.79998779296875,420.3500061035156,61626
2026-06-15 10:15:00,421.8500061035156,423.1000061035156,417.79998779296875,420.3500061035156,61626
2026-06-15 10:15:00,421.8500061035156,423.1000061035156,417.79998779296875,420.3500061035156,61626
2026-06-15 11:15:00,420.1499938964844,420.5,419.5,419.5,23742
2026-06-15 11:15:00,420.1499938964844,420.5,419.5,419.5,23742
2026-06-15 11:15:00,420.1499938964844,420.5,419.5,419.5,23742
2026-06-15 11:15:00,420.1499938964844,420.5,419.5,419.5,23742
2026-06-15 12:15:00,419.5,425.45001220703125,417.3999938964844,424.25,244240
2026-06-15 12:15:00,419.5,425.45001220703125,417.3999938964844,424.25,244240
2026-06-15 12:15:00,419.5,425.45001220703125,417.3999938964844,424.25,244240
2026-06-15 12:15:00,419.5,425.45001220703125,417.3999938964844,424.25,244240
2026-06-15 13:15:00,424.54998779296875,426.0,421.5,422.8500061035156,70338
2026-06-15 13:15:00,424.54998779296875,426.0,421.5,422.8500061035156,70338
2026-06-15 13:15:00,424.54998779296875,426.0,421.5,422.8500061035156,70338
2026-06-15 13:15:00,424.54998779296875,426.0,421.5,422.8500061035156,70338
2026-06-15 14:15:00,422.75,423.0,419.25,419.6499938964844,97198
2026-06-15 14:15:00,422.75,423.0,419.25,419.6499938964844,97198
2026-06-15 14:15:00,422.75,423.0,419.25,419.6499938964844,97198
2026-06-15 14:15:00,422.75,423.0,419.25,419.6499938964844,97198
2026-06-15 15:15:00,419.6499938964844,420.8999938964844,419.1000061035156,419.79998779296875,26170
2026-06-15 15:15:00,419.6499938964844,420.8999938964844,419.1000061035156,419.79998779296875,26170
2026-06-15 15:15:00,419.6499938964844,420.8999938964844,419.1000061035156,419.79998779296875,26170
2026-06-15 15:15:00,419.6499938964844,420.8999938964844,419.1000061035156,419.79998779296875,26170
2026-06-16 09:15:00,419.95001220703125,422.95001220703125,419.04998779296875,419.95001220703125,0
2026-06-16 09:15:00,419.95001220703125,422.95001220703125,419.04998779296875,419.95001220703125,0
2026-06-16 09:15:00,419.95001220703125,422.95001220703125,419.04998779296875,419.95001220703125,0
2026-06-16 09:15:00,419.95001220703125,422.95001220703125,419.04998779296875,419.95001220703125,0
2026-06-16 10:15:00,420.25,423.0,416.04998779296875,417.29998779296875,48106
2026-06-16 10:15:00,420.25,423.0,416.04998779296875,417.29998779296875,48106
2026-06-16 10:15:00,420.25,423.0,416.04998779296875,417.29998779296875,48106
2026-06-16 10:15:00,420.25,423.0,416.04998779296875,417.29998779296875,48106
2026-06-16 11:15:00,416.79998779296875,417.0,413.5,413.79998779296875,52302
2026-06-16 11:15:00,416.79998779296875,417.0,413.5,413.79998779296875,52302
2026-06-16 11:15:00,416.79998779296875,417.0,413.5,413.79998779296875,52302
2026-06-16 11:15:00,416.79998779296875,417.0,413.5,413.79998779296875,52302
2026-06-16 12:15:00,414.1000061035156,415.8999938964844,413.6000061035156,415.29998779296875,17774
2026-06-16 12:15:00,414.1000061035156,415.8999938964844,413.6000061035156,415.29998779296875,17774
2026-06-16 12:15:00,414.1000061035156,415.8999938964844,413.6000061035156,415.29998779296875,17774
2026-06-16 12:15:00,414.1000061035156,415.8999938964844,413.6000061035156,415.29998779296875,17774
2026-06-16 13:15:00,415.79998779296875,416.6499938964844,414.0,416.0,38621
2026-06-16 13:15:00,415.79998779296875,416.6499938964844,414.0,416.0,38621
2026-06-16 13:15:00,415.79998779296875,416.6499938964844,414.0,416.0,38621
2026-06-16 13:15:00,415.79998779296875,416.6499938964844,414.0,416.0,38621
2026-06-16 14:15:00,416.75,416.79998779296875,414.54998779296875,414.79998779296875,58305
2026-06-16 14:15:00,416.75,416.79998779296875,414.54998779296875,414.79998779296875,58305
2026-06-16 14:15:00,416.75,416.79998779296875,414.54998779296875,414.79998779296875,58305
2026-06-16 14:15:00,416.75,416.79998779296875,414.54998779296875,414.79998779296875,58305
2026-06-16 15:15:00,414.79998779296875,417.0,414.3999938964844,416.3500061035156,24104
2026-06-16 15:15:00,414.79998779296875,417.0,414.3999938964844,416.3500061035156,24104
2026-06-16 15:15:00,414.79998779296875,417.0,414.3999938964844,416.3500061035156,24104
2026-06-16 15:15:00,414.79998779296875,417.0,414.3999938964844,416.3500061035156,24104
2026-06-17 09:15:00,418.45001220703125,421.5,417.0,417.3999938964844,0
2026-06-17 09:15:00,418.45001220703125,421.5,417.0,417.3999938964844,0
2026-06-17 09:15:00,418.45001220703125,421.5,417.0,417.3999938964844,0
2026-06-17 09:15:00,418.45001220703125,421.5,417.0,417.3999938964844,0
2026-06-17 10:15:00,417.3999938964844,417.3999938964844,415.1000061035156,415.54998779296875,10406
2026-06-17 10:15:00,417.3999938964844,417.3999938964844,415.1000061035156,415.54998779296875,10406
2026-06-17 10:15:00,417.3999938964844,417.3999938964844,415.1000061035156,415.54998779296875,10406
2026-06-17 10:15:00,417.3999938964844,417.3999938964844,415.1000061035156,415.54998779296875,10406
2026-06-17 11:15:00,415.54998779296875,416.8500061035156,415.54998779296875,415.8500061035156,4609
2026-06-17 11:15:00,415.54998779296875,416.8500061035156,415.54998779296875,415.8500061035156,4609
2026-06-17 11:15:00,415.54998779296875,416.8500061035156,415.54998779296875,415.8500061035156,4609
2026-06-17 11:15:00,415.54998779296875,416.8500061035156,415.54998779296875,415.8500061035156,4609
2026-06-17 12:15:00,416.0,417.6000061035156,414.5,414.75,80359
2026-06-17 12:15:00,416.0,417.6000061035156,414.5,414.75,80359
2026-06-17 12:15:00,416.0,417.6000061035156,414.5,414.75,80359
2026-06-17 12:15:00,416.0,417.6000061035156,414.5,414.75,80359
2026-06-17 13:15:00,414.70001220703125,415.70001220703125,413.1000061035156,415.0,19841
2026-06-17 13:15:00,414.70001220703125,415.70001220703125,413.1000061035156,415.0,19841
2026-06-17 13:15:00,414.70001220703125,415.70001220703125,413.1000061035156,415.0,19841
2026-06-17 13:15:00,414.70001220703125,415.70001220703125,413.1000061035156,415.0,19841
2026-06-17 14:15:00,415.0,415.5,413.29998779296875,413.29998779296875,24609
2026-06-17 14:15:00,415.0,415.5,413.29998779296875,413.29998779296875,24609
2026-06-17 14:15:00,415.0,415.5,413.29998779296875,413.29998779296875,24609
2026-06-17 14:15:00,415.0,415.5,413.29998779296875,413.29998779296875,24609
2026-06-17 15:15:00,413.29998779296875,414.0,412.6000061035156,413.0,20411
2026-06-17 15:15:00,413.29998779296875,414.0,412.6000061035156,413.0,20411
2026-06-17 15:15:00,413.29998779296875,414.0,412.6000061035156,413.0,20411
2026-06-17 15:15:00,413.29998779296875,414.0,412.6000061035156,413.0,20411
2026-06-18 09:15:00,415.04998779296875,418.5,412.04998779296875,415.1499938964844,0
2026-06-18 09:15:00,415.04998779296875,418.5,412.04998779296875,415.1499938964844,0
2026-06-18 09:15:00,415.04998779296875,418.5,412.04998779296875,415.1499938964844,0
2026-06-18 09:15:00,415.04998779296875,418.5,412.04998779296875,415.1499938964844,0
2026-06-18 10:15:00,415.0,415.54998779296875,413.54998779296875,413.8999938964844,17930
2026-06-18 10:15:00,415.0,415.54998779296875,413.54998779296875,413.8999938964844,17930
2026-06-18 10:15:00,415.0,415.54998779296875,413.54998779296875,413.8999938964844,17930
2026-06-18 10:15:00,415.0,415.54998779296875,413.54998779296875,413.8999938964844,17930
2026-06-18 11:15:00,413.8999938964844,414.29998779296875,409.79998779296875,410.1000061035156,27033
2026-06-18 11:15:00,413.8999938964844,414.29998779296875,409.79998779296875,410.1000061035156,27033
2026-06-18 11:15:00,413.8999938964844,414.29998779296875,409.79998779296875,410.1000061035156,27033
2026-06-18 11:15:00,413.8999938964844,414.29998779296875,409.79998779296875,410.1000061035156,27033
2026-06-18 12:15:00,410.0,412.6000061035156,409.0,409.0,31589
2026-06-18 12:15:00,410.0,412.6000061035156,409.0,409.0,31589
2026-06-18 12:15:00,410.0,412.6000061035156,409.0,409.0,31589
2026-06-18 12:15:00,410.0,412.6000061035156,409.0,409.0,31589
2026-06-18 13:15:00,409.20001220703125,411.79998779296875,408.20001220703125,410.1499938964844,31118
2026-06-18 13:15:00,409.20001220703125,411.79998779296875,408.20001220703125,410.1499938964844,31118
2026-06-18 13:15:00,409.20001220703125,411.79998779296875,408.20001220703125,410.1499938964844,31118
2026-06-18 13:15:00,409.20001220703125,411.79998779296875,408.20001220703125,410.1499938964844,31118
2026-06-18 14:15:00,409.79998779296875,410.8999938964844,408.3999938964844,410.6499938964844,36099
2026-06-18 14:15:00,409.79998779296875,410.8999938964844,408.3999938964844,410.6499938964844,36099
2026-06-18 14:15:00,409.79998779296875,410.8999938964844,408.3999938964844,410.6499938964844,36099
2026-06-18 14:15:00,409.79998779296875,410.8999938964844,408.3999938964844,410.6499938964844,36099
2026-06-18 15:15:00,410.3999938964844,412.20001220703125,410.0,410.0,66592
2026-06-18 15:15:00,410.3999938964844,412.20001220703125,410.0,410.0,66592
2026-06-18 15:15:00,410.3999938964844,412.20001220703125,410.0,410.0,66592
2026-06-18 15:15:00,410.3999938964844,412.20001220703125,410.0,410.0,66592
2026-06-19 09:15:00,409.8500061035156,411.95001220703125,408.3500061035156,411.95001220703125,0
2026-06-19 09:15:00,409.8500061035156,411.95001220703125,408.3500061035156,411.95001220703125,0
2026-06-19 09:15:00,409.8500061035156,411.95001220703125,408.3500061035156,411.95001220703125,0
2026-06-19 09:15:00,409.8500061035156,411.95001220703125,408.3500061035156,411.95001220703125,0
2026-06-19 10:15:00,411.8500061035156,411.8500061035156,410.0,410.3500061035156,9404
2026-06-19 10:15:00,411.8500061035156,411.8500061035156,410.0,410.3500061035156,9404
2026-06-19 10:15:00,411.8500061035156,411.8500061035156,410.0,410.3500061035156,9404
2026-06-19 10:15:00,411.8500061035156,411.8500061035156,410.0,410.3500061035156,9404
2026-06-19 11:15:00,410.25,410.70001220703125,409.5,410.0,4402
2026-06-19 11:15:00,410.25,410.70001220703125,409.5,410.0,4402
2026-06-19 11:15:00,410.25,410.70001220703125,409.5,410.0,4402
2026-06-19 11:15:00,410.25,410.70001220703125,409.5,410.0,4402
2026-06-19 12:15:00,410.20001220703125,412.95001220703125,410.04998779296875,412.25,13851
2026-06-19 12:15:00,410.20001220703125,412.95001220703125,410.04998779296875,412.25,13851
2026-06-19 12:15:00,410.20001220703125,412.95001220703125,410.04998779296875,412.25,13851
2026-06-19 12:15:00,410.20001220703125,412.95001220703125,410.04998779296875,412.25,13851
2026-06-19 13:15:00,412.0,414.79998779296875,411.0,412.3999938964844,32553
2026-06-19 13:15:00,412.0,414.79998779296875,411.0,412.3999938964844,32553
2026-06-19 13:15:00,412.0,414.79998779296875,411.0,412.3999938964844,32553
2026-06-19 13:15:00,412.0,414.79998779296875,411.0,412.3999938964844,32553
2026-06-19 14:15:00,412.45001220703125,412.5,410.45001220703125,411.54998779296875,21743
2026-06-19 14:15:00,412.45001220703125,412.5,410.45001220703125,411.54998779296875,21743
2026-06-19 14:15:00,412.45001220703125,412.5,410.45001220703125,411.54998779296875,21743
2026-06-19 14:15:00,412.45001220703125,412.5,410.45001220703125,411.54998779296875,21743
2026-06-19 15:15:00,411.54998779296875,413.0,411.25,412.29998779296875,27912
2026-06-19 15:15:00,411.54998779296875,413.0,411.25,412.29998779296875,27912
2026-06-19 15:15:00,411.54998779296875,413.0,411.25,412.29998779296875,27912
2026-06-19 15:15:00,411.54998779296875,413.0,411.25,412.29998779296875,27912
2026-06-22 09:15:00,413.0,414.3500061035156,410.45001220703125,414.3500061035156,0
2026-06-22 09:15:00,413.0,414.3500061035156,410.45001220703125,414.3500061035156,0
2026-06-22 09:15:00,413.0,414.3500061035156,410.45001220703125,414.3500061035156,0
2026-06-22 09:15:00,413.0,414.3500061035156,410.45001220703125,414.3500061035156,0
2026-06-22 10:15:00,414.8500061035156,418.8999938964844,414.8500061035156,416.5,94372
2026-06-22 10:15:00,414.8500061035156,418.8999938964844,414.8500061035156,416.5,94372
2026-06-22 10:15:00,414.8500061035156,418.8999938964844,414.8500061035156,416.5,94372
2026-06-22 10:15:00,414.8500061035156,418.8999938964844,414.8500061035156,416.5,94372
2026-06-22 11:15:00,417.0,418.8999938964844,414.3500061035156,414.8500061035156,63467
2026-06-22 11:15:00,417.0,418.8999938964844,414.3500061035156,414.8500061035156,63467
2026-06-22 11:15:00,417.0,418.8999938964844,414.3500061035156,414.8500061035156,63467
2026-06-22 11:15:00,417.0,418.8999938964844,414.3500061035156,414.8500061035156,63467
2026-06-22 12:15:00,414.6000061035156,415.70001220703125,414.0,414.5,5951
2026-06-22 12:15:00,414.6000061035156,415.70001220703125,414.0,414.5,5951
2026-06-22 12:15:00,414.6000061035156,415.70001220703125,414.0,414.5,5951
2026-06-22 12:15:00,414.6000061035156,415.70001220703125,414.0,414.5,5951
2026-06-22 13:15:00,415.04998779296875,417.3999938964844,415.04998779296875,415.6000061035156,8418
2026-06-22 13:15:00,415.04998779296875,417.3999938964844,415.04998779296875,415.6000061035156,8418
2026-06-22 13:15:00,415.04998779296875,417.3999938964844,415.04998779296875,415.6000061035156,8418
2026-06-22 13:15:00,415.04998779296875,417.3999938964844,415.04998779296875,415.6000061035156,8418
2026-06-22 14:15:00,415.6000061035156,415.6000061035156,412.5,413.95001220703125,25144
2026-06-22 14:15:00,415.6000061035156,415.6000061035156,412.5,413.95001220703125,25144
2026-06-22 14:15:00,415.6000061035156,415.6000061035156,412.5,413.95001220703125,25144
2026-06-22 14:15:00,415.6000061035156,415.6000061035156,412.5,413.95001220703125,25144
2026-06-22 15:15:00,413.6499938964844,414.25,412.6499938964844,413.70001220703125,28410
2026-06-22 15:15:00,413.6499938964844,414.25,412.6499938964844,413.70001220703125,28410
2026-06-22 15:15:00,413.6499938964844,414.25,412.6499938964844,413.70001220703125,28410
2026-06-22 15:15:00,413.6499938964844,414.25,412.6499938964844,413.70001220703125,28410
2026-06-23 09:15:00,414.1000061035156,415.45001220703125,411.0,412.1000061035156,0
2026-06-23 09:15:00,414.1000061035156,415.45001220703125,411.0,412.1000061035156,0
2026-06-23 09:15:00,414.1000061035156,415.45001220703125,411.0,412.1000061035156,0
2026-06-23 09:15:00,414.1000061035156,415.45001220703125,411.0,412.1000061035156,0
2026-06-23 10:15:00,412.1000061035156,412.6000061035156,411.04998779296875,411.75,6141
2026-06-23 10:15:00,412.1000061035156,412.6000061035156,411.04998779296875,411.75,6141
2026-06-23 10:15:00,412.1000061035156,412.6000061035156,411.04998779296875,411.75,6141
2026-06-23 10:15:00,412.1000061035156,412.6000061035156,411.04998779296875,411.75,6141
2026-06-23 11:15:00,411.3999938964844,412.0,408.1000061035156,410.5,58280
2026-06-23 11:15:00,411.3999938964844,412.0,408.1000061035156,410.5,58280
2026-06-23 11:15:00,411.3999938964844,412.0,408.1000061035156,410.5,58280
2026-06-23 11:15:00,411.3999938964844,412.0,408.1000061035156,410.5,58280
2026-06-23 12:15:00,410.5,411.3999938964844,409.5,410.29998779296875,12724
2026-06-23 12:15:00,410.5,411.3999938964844,409.5,410.29998779296875,12724
2026-06-23 12:15:00,410.5,411.3999938964844,409.5,410.29998779296875,12724
2026-06-23 12:15:00,410.5,411.3999938964844,409.5,410.29998779296875,12724
2026-06-23 13:15:00,410.29998779296875,410.75,409.5,410.29998779296875,4685
2026-06-23 13:15:00,410.29998779296875,410.75,409.5,410.29998779296875,4685
2026-06-23 13:15:00,410.29998779296875,410.75,409.5,410.29998779296875,4685
2026-06-23 13:15:00,410.29998779296875,410.75,409.5,410.29998779296875,4685
2026-06-23 14:15:00,410.0,410.70001220703125,408.6499938964844,409.20001220703125,14281
2026-06-23 14:15:00,410.0,410.70001220703125,408.6499938964844,409.20001220703125,14281
2026-06-23 14:15:00,410.0,410.70001220703125,408.6499938964844,409.20001220703125,14281
2026-06-23 14:15:00,410.0,410.70001220703125,408.6499938964844,409.20001220703125,14281
2026-06-23 15:15:00,409.45001220703125,410.20001220703125,408.0,409.0,23680
2026-06-23 15:15:00,409.45001220703125,410.20001220703125,408.0,409.0,23680
2026-06-23 15:15:00,409.45001220703125,410.20001220703125,408.0,409.0,23680
2026-06-23 15:15:00,409.45001220703125,410.20001220703125,408.0,409.0,23680
2026-06-24 09:15:00,410.04998779296875,410.95001220703125,408.1000061035156,410.0,0
2026-06-24 09:15:00,410.04998779296875,410.95001220703125,408.1000061035156,410.0,0
2026-06-24 09:15:00,410.04998779296875,410.95001220703125,408.1000061035156,410.0,0
2026-06-24 09:15:00,410.04998779296875,410.95001220703125,408.1000061035156,410.0,0
2026-06-24 10:15:00,409.95001220703125,412.0,409.95001220703125,411.75,20115
2026-06-24 10:15:00,409.95001220703125,412.0,409.95001220703125,411.75,20115
2026-06-24 10:15:00,409.95001220703125,412.0,409.95001220703125,411.75,20115
2026-06-24 10:15:00,409.95001220703125,412.0,409.95001220703125,411.75,20115
2026-06-24 11:15:00,411.3999938964844,413.6499938964844,410.3500061035156,411.1000061035156,78636
2026-06-24 11:15:00,411.3999938964844,413.6499938964844,410.3500061035156,411.1000061035156,78636
2026-06-24 11:15:00,411.3999938964844,413.6499938964844,410.3500061035156,411.1000061035156,78636
2026-06-24 11:15:00,411.3999938964844,413.6499938964844,410.3500061035156,411.1000061035156,78636
2026-06-24 12:15:00,411.29998779296875,412.54998779296875,410.54998779296875,411.8999938964844,12016
2026-06-24 12:15:00,411.29998779296875,412.54998779296875,410.54998779296875,411.8999938964844,12016
2026-06-24 12:15:00,411.29998779296875,412.54998779296875,410.54998779296875,411.8999938964844,12016
2026-06-24 12:15:00,411.29998779296875,412.54998779296875,410.54998779296875,411.8999938964844,12016
2026-06-24 13:15:00,411.70001220703125,413.0,409.70001220703125,409.8999938964844,57486
2026-06-24 13:15:00,411.70001220703125,413.0,409.70001220703125,409.8999938964844,57486
2026-06-24 13:15:00,411.70001220703125,413.0,409.70001220703125,409.8999938964844,57486
2026-06-24 13:15:00,411.70001220703125,413.0,409.70001220703125,409.8999938964844,57486
2026-06-24 14:15:00,409.6000061035156,411.0,408.0,408.3500061035156,73569
2026-06-24 14:15:00,409.6000061035156,411.0,408.0,408.3500061035156,73569
2026-06-24 14:15:00,409.6000061035156,411.0,408.0,408.3500061035156,73569
2026-06-24 14:15:00,409.6000061035156,411.0,408.0,408.3500061035156,73569
2026-06-24 15:15:00,409.5,409.54998779296875,408.1000061035156,408.5,9818
2026-06-24 15:15:00,409.5,409.54998779296875,408.1000061035156,408.5,9818
2026-06-24 15:15:00,409.5,409.54998779296875,408.1000061035156,408.5,9818
2026-06-24 15:15:00,409.5,409.54998779296875,408.1000061035156,408.5,9818
2026-06-25 09:15:00,419.45001220703125,422.79998779296875,412.6000061035156,421.79998779296875,81913
2026-06-25 09:15:00,419.45001220703125,422.79998779296875,412.6000061035156,421.79998779296875,81913
2026-06-25 09:15:00,419.45001220703125,422.79998779296875,412.6000061035156,421.79998779296875,81913
2026-06-25 09:15:00,419.45001220703125,422.79998779296875,412.6000061035156,421.79998779296875,81913
2026-06-25 10:15:00,421.79998779296875,429.70001220703125,419.6000061035156,423.75,275864
2026-06-25 10:15:00,421.79998779296875,429.70001220703125,419.6000061035156,423.75,275864
2026-06-25 10:15:00,421.79998779296875,429.70001220703125,419.6000061035156,423.75,275864
2026-06-25 10:15:00,421.79998779296875,429.70001220703125,419.6000061035156,423.75,275864
2026-06-25 11:15:00,423.20001220703125,425.8999938964844,415.1000061035156,416.04998779296875,87540
2026-06-25 11:15:00,423.20001220703125,425.8999938964844,415.1000061035156,416.04998779296875,87540
2026-06-25 11:15:00,423.20001220703125,425.8999938964844,415.1000061035156,416.04998779296875,87540
2026-06-25 11:15:00,423.20001220703125,425.8999938964844,415.1000061035156,416.04998779296875,87540
2026-06-25 12:15:00,416.1000061035156,416.1000061035156,409.54998779296875,410.04998779296875,192253
2026-06-25 12:15:00,416.1000061035156,416.1000061035156,409.54998779296875,410.04998779296875,192253
2026-06-25 12:15:00,416.1000061035156,416.1000061035156,409.54998779296875,410.04998779296875,192253
2026-06-25 12:15:00,416.1000061035156,416.1000061035156,409.54998779296875,410.04998779296875,192253
2026-06-25 13:15:00,410.04998779296875,410.95001220703125,407.25,407.70001220703125,81434
2026-06-25 13:15:00,410.04998779296875,410.95001220703125,407.25,407.70001220703125,81434
2026-06-25 13:15:00,410.04998779296875,410.95001220703125,407.25,407.70001220703125,81434
2026-06-25 13:15:00,410.04998779296875,410.95001220703125,407.25,407.70001220703125,81434
2026-06-25 14:15:00,407.6499938964844,409.0,405.0,407.0,74388
2026-06-25 14:15:00,407.6499938964844,409.0,405.0,407.0,74388
2026-06-25 14:15:00,407.6499938964844,409.0,405.0,407.0,74388
2026-06-25 14:15:00,407.6499938964844,409.0,405.0,407.0,74388
2026-06-25 15:15:00,407.04998779296875,407.8999938964844,406.0,407.20001220703125,36914
2026-06-25 15:15:00,407.04998779296875,407.8999938964844,406.0,407.20001220703125,36914
2026-06-25 15:15:00,407.04998779296875,407.8999938964844,406.0,407.20001220703125,36914
2026-06-25 15:15:00,407.04998779296875,407.8999938964844,406.0,407.20001220703125,36914
2026-06-29 09:15:00,409.5,410.5,404.20001220703125,405.79998779296875,0
2026-06-29 09:15:00,409.5,410.5,404.20001220703125,405.79998779296875,0
2026-06-29 09:15:00,409.5,410.5,404.20001220703125,405.79998779296875,0
2026-06-29 09:15:00,409.5,410.5,404.20001220703125,405.79998779296875,0
2026-06-29 10:15:00,405.75,406.25,404.5,405.6000061035156,14985
2026-06-29 10:15:00,405.75,406.25,404.5,405.6000061035156,14985
2026-06-29 10:15:00,405.75,406.25,404.5,405.6000061035156,14985
2026-06-29 10:15:00,405.75,406.25,404.5,405.6000061035156,14985
2026-06-29 11:15:00,404.70001220703125,405.20001220703125,403.54998779296875,404.0,31498
2026-06-29 11:15:00,404.70001220703125,405.20001220703125,403.54998779296875,404.0,31498
2026-06-29 11:15:00,404.70001220703125,405.20001220703125,403.54998779296875,404.0,31498
2026-06-29 11:15:00,404.70001220703125,405.20001220703125,403.54998779296875,404.0,31498
2026-06-29 12:15:00,403.79998779296875,408.8500061035156,403.79998779296875,408.1000061035156,70503
2026-06-29 12:15:00,403.79998779296875,408.8500061035156,403.79998779296875,408.1000061035156,70503
2026-06-29 12:15:00,403.79998779296875,408.8500061035156,403.79998779296875,408.1000061035156,70503
2026-06-29 12:15:00,403.79998779296875,408.8500061035156,403.79998779296875,408.1000061035156,70503
2026-06-29 13:15:00,408.0,408.29998779296875,406.20001220703125,407.3999938964844,27844
2026-06-29 13:15:00,408.0,408.29998779296875,406.20001220703125,407.3999938964844,27844
2026-06-29 13:15:00,408.0,408.29998779296875,406.20001220703125,407.3999938964844,27844
2026-06-29 13:15:00,408.0,408.29998779296875,406.20001220703125,407.3999938964844,27844
2026-06-29 14:15:00,407.0,407.5,405.54998779296875,406.5,13749
2026-06-29 14:15:00,407.0,407.5,405.54998779296875,406.5,13749
2026-06-29 14:15:00,407.0,407.5,405.54998779296875,406.5,13749
2026-06-29 14:15:00,407.0,407.5,405.54998779296875,406.5,13749
2026-06-29 15:15:00,405.79998779296875,406.95001220703125,405.0,406.3999938964844,62887
2026-06-29 15:15:00,405.79998779296875,406.95001220703125,405.0,406.3999938964844,62887
2026-06-29 15:15:00,405.79998779296875,406.95001220703125,405.0,406.3999938964844,62887
2026-06-29 15:15:00,405.79998779296875,406.95001220703125,405.0,406.3999938964844,62887
2026-06-30 09:15:00,406.0,407.5,405.20001220703125,407.20001220703125,0
2026-06-30 09:15:00,406.0,407.5,405.20001220703125,407.20001220703125,0
2026-06-30 09:15:00,406.0,407.5,405.20001220703125,407.20001220703125,0
2026-06-30 09:15:00,406.0,407.5,405.20001220703125,407.20001220703125,0
2026-06-30 10:15:00,407.20001220703125,408.0,406.3500061035156,406.70001220703125,12250
2026-06-30 10:15:00,407.20001220703125,408.0,406.3500061035156,406.70001220703125,12250
2026-06-30 10:15:00,407.20001220703125,408.0,406.3500061035156,406.70001220703125,12250
2026-06-30 10:15:00,407.20001220703125,408.0,406.3500061035156,406.70001220703125,12250
2026-06-30 11:15:00,406.6000061035156,406.6000061035156,405.25,405.75,6991
2026-06-30 11:15:00,406.6000061035156,406.6000061035156,405.25,405.75,6991
2026-06-30 11:15:00,406.6000061035156,406.6000061035156,405.25,405.75,6991
2026-06-30 11:15:00,406.6000061035156,406.6000061035156,405.25,405.75,6991
2026-06-30 12:15:00,405.75,406.3999938964844,404.3999938964844,404.70001220703125,8154
2026-06-30 12:15:00,405.75,406.3999938964844,404.3999938964844,404.70001220703125,8154
2026-06-30 12:15:00,405.75,406.3999938964844,404.3999938964844,404.70001220703125,8154
2026-06-30 12:15:00,405.75,406.3999938964844,404.3999938964844,404.70001220703125,8154
2026-06-30 13:15:00,404.70001220703125,405.25,404.20001220703125,404.95001220703125,7552
2026-06-30 13:15:00,404.70001220703125,405.25,404.20001220703125,404.95001220703125,7552
2026-06-30 13:15:00,404.70001220703125,405.25,404.20001220703125,404.95001220703125,7552
2026-06-30 13:15:00,404.70001220703125,405.25,404.20001220703125,404.95001220703125,7552
2026-06-30 14:15:00,404.6499938964844,405.0,401.04998779296875,401.3500061035156,96472
2026-06-30 14:15:00,404.6499938964844,405.0,401.04998779296875,401.3500061035156,96472
2026-06-30 14:15:00,404.6499938964844,405.0,401.04998779296875,401.3500061035156,96472
2026-06-30 14:15:00,404.6499938964844,405.0,401.04998779296875,401.3500061035156,96472
2026-06-30 15:15:00,401.3500061035156,403.0,401.1000061035156,402.3999938964844,56693
2026-06-30 15:15:00,401.3500061035156,403.0,401.1000061035156,402.3999938964844,56693
2026-06-30 15:15:00,401.3500061035156,403.0,401.1000061035156,402.3999938964844,56693
2026-06-30 15:15:00,401.3500061035156,403.0,401.1000061035156,402.3999938964844,56693
2026-07-01 09:15:00,403.0,405.25,399.70001220703125,401.6000061035156,0
2026-07-01 09:15:00,403.0,405.25,399.70001220703125,401.6000061035156,0
2026-07-01 09:15:00,403.0,405.25,399.70001220703125,401.6000061035156,0
2026-07-01 09:15:00,403.0,405.25,399.70001220703125,401.6000061035156,0
2026-07-01 10:15:00,401.5,402.5,399.70001220703125,401.79998779296875,39188
2026-07-01 10:15:00,401.5,402.5,399.70001220703125,401.79998779296875,39188
2026-07-01 10:15:00,401.5,402.5,399.70001220703125,401.79998779296875,39188
2026-07-01 10:15:00,401.5,402.5,399.70001220703125,401.79998779296875,39188
2026-07-01 11:15:00,402.0,402.8999938964844,401.0,401.04998779296875,9648
2026-07-01 11:15:00,402.0,402.8999938964844,401.0,401.04998779296875,9648
2026-07-01 11:15:00,402.0,402.8999938964844,401.0,401.04998779296875,9648
2026-07-01 11:15:00,402.0,402.8999938964844,401.0,401.04998779296875,9648
2026-07-01 12:15:00,401.6000061035156,401.6000061035156,399.6000061035156,401.1499938964844,25805
2026-07-01 12:15:00,401.6000061035156,401.6000061035156,399.6000061035156,401.1499938964844,25805
2026-07-01 12:15:00,401.6000061035156,401.6000061035156,399.6000061035156,401.1499938964844,25805
2026-07-01 12:15:00,401.6000061035156,401.6000061035156,399.6000061035156,401.1499938964844,25805
2026-07-01 13:15:00,402.0,402.54998779296875,401.29998779296875,402.1499938964844,39673
2026-07-01 13:15:00,402.0,402.54998779296875,401.29998779296875,402.1499938964844,39673
2026-07-01 13:15:00,402.0,402.54998779296875,401.29998779296875,402.1499938964844,39673
2026-07-01 13:15:00,402.0,402.54998779296875,401.29998779296875,402.1499938964844,39673
2026-07-01 14:15:00,401.5,403.45001220703125,401.0,402.1000061035156,52516
2026-07-01 14:15:00,401.5,403.45001220703125,401.0,402.1000061035156,52516
2026-07-01 14:15:00,401.5,403.45001220703125,401.0,402.1000061035156,52516
2026-07-01 14:15:00,401.5,403.45001220703125,401.0,402.1000061035156,52516
2026-07-01 15:15:00,402.04998779296875,403.0,401.04998779296875,402.3999938964844,18798
2026-07-01 15:15:00,402.04998779296875,403.0,401.04998779296875,402.3999938964844,18798
2026-07-01 15:15:00,402.04998779296875,403.0,401.04998779296875,402.3999938964844,18798
2026-07-01 15:15:00,402.04998779296875,403.0,401.04998779296875,402.3999938964844,18798
2026-07-02 09:15:00,398.0,404.04998779296875,398.0,402.95001220703125,0
2026-07-02 09:15:00,398.0,404.04998779296875,398.0,402.95001220703125,0
2026-07-02 09:15:00,398.0,404.04998779296875,398.0,402.95001220703125,0
2026-07-02 09:15:00,398.0,404.04998779296875,398.0,402.95001220703125,0
2026-07-02 10:15:00,402.6000061035156,402.6000061035156,399.95001220703125,400.25,24689
2026-07-02 10:15:00,402.6000061035156,402.6000061035156,399.95001220703125,400.25,24689
2026-07-02 10:15:00,402.6000061035156,402.6000061035156,399.95001220703125,400.25,24689
2026-07-02 10:15:00,402.6000061035156,402.6000061035156,399.95001220703125,400.25,24689
2026-07-02 11:15:00,400.6000061035156,401.0,399.1000061035156,400.54998779296875,19076
2026-07-02 11:15:00,400.6000061035156,401.0,399.1000061035156,400.54998779296875,19076
2026-07-02 11:15:00,400.6000061035156,401.0,399.1000061035156,400.54998779296875,19076
2026-07-02 11:15:00,400.6000061035156,401.0,399.1000061035156,400.54998779296875,19076
2026-07-02 12:15:00,400.1000061035156,401.5,400.1000061035156,401.25,5570
2026-07-02 12:15:00,400.1000061035156,401.5,400.1000061035156,401.25,5570
2026-07-02 12:15:00,400.1000061035156,401.5,400.1000061035156,401.25,5570
2026-07-02 12:15:00,400.1000061035156,401.5,400.1000061035156,401.25,5570
2026-07-02 13:15:00,401.25,402.1499938964844,401.0,401.6499938964844,22207
2026-07-02 13:15:00,401.25,402.1499938964844,401.0,401.6499938964844,22207
2026-07-02 13:15:00,401.25,402.1499938964844,401.0,401.6499938964844,22207
2026-07-02 13:15:00,401.25,402.1499938964844,401.0,401.6499938964844,22207
2026-07-02 14:15:00,401.3999938964844,401.79998779296875,400.25,400.8500061035156,39608
2026-07-02 14:15:00,401.3999938964844,401.79998779296875,400.25,400.8500061035156,39608
2026-07-02 14:15:00,401.3999938964844,401.79998779296875,400.25,400.8500061035156,39608
2026-07-02 14:15:00,401.3999938964844,401.79998779296875,400.25,400.8500061035156,39608
2026-07-02 15:15:00,400.8500061035156,402.0,399.95001220703125,401.29998779296875,42726
2026-07-02 15:15:00,400.8500061035156,402.0,399.95001220703125,401.29998779296875,42726
2026-07-02 15:15:00,400.8500061035156,402.0,399.95001220703125,401.29998779296875,42726
2026-07-02 15:15:00,400.8500061035156,402.0,399.95001220703125,401.29998779296875,42726
2026-07-03 09:15:00,404.0,405.8500061035156,402.0,402.1000061035156,0
2026-07-03 09:15:00,404.0,405.8500061035156,402.0,402.1000061035156,0
2026-07-03 09:15:00,404.0,405.8500061035156,402.0,402.1000061035156,0
2026-07-03 09:15:00,404.0,405.8500061035156,402.0,402.1000061035156,0
2026-07-03 10:15:00,402.1000061035156,402.70001220703125,400.29998779296875,401.1499938964844,18265
2026-07-03 10:15:00,402.1000061035156,402.70001220703125,400.29998779296875,401.1499938964844,18265
2026-07-03 10:15:00,402.1000061035156,402.70001220703125,400.29998779296875,401.1499938964844,18265
2026-07-03 10:15:00,402.1000061035156,402.70001220703125,400.29998779296875,401.1499938964844,18265
2026-07-03 11:15:00,401.3500061035156,402.29998779296875,400.20001220703125,402.29998779296875,17771
2026-07-03 11:15:00,401.3500061035156,402.29998779296875,400.20001220703125,402.29998779296875,17771
2026-07-03 11:15:00,401.3500061035156,402.29998779296875,400.20001220703125,402.29998779296875,17771
2026-07-03 11:15:00,401.3500061035156,402.29998779296875,400.20001220703125,402.29998779296875,17771
2026-07-03 12:15:00,402.79998779296875,403.5,399.04998779296875,399.8999938964844,34844
2026-07-03 12:15:00,402.79998779296875,403.5,399.04998779296875,399.8999938964844,34844
2026-07-03 12:15:00,402.79998779296875,403.5,399.04998779296875,399.8999938964844,34844
2026-07-03 12:15:00,402.79998779296875,403.5,399.04998779296875,399.8999938964844,34844
2026-07-03 13:15:00,400.75,402.0,400.3500061035156,401.5,29140
2026-07-03 13:15:00,400.75,402.0,400.3500061035156,401.5,29140
2026-07-03 13:15:00,400.75,402.0,400.3500061035156,401.5,29140
2026-07-03 13:15:00,400.75,402.0,400.3500061035156,401.5,29140
2026-07-03 14:15:00,401.5,403.0,400.8999938964844,401.3500061035156,53898
2026-07-03 14:15:00,401.5,403.0,400.8999938964844,401.3500061035156,53898
2026-07-03 14:15:00,401.5,403.0,400.8999938964844,401.3500061035156,53898
2026-07-03 14:15:00,401.5,403.0,400.8999938964844,401.3500061035156,53898
2026-07-03 15:15:00,401.3999938964844,402.45001220703125,400.70001220703125,402.45001220703125,6892
2026-07-03 15:15:00,401.3999938964844,402.45001220703125,400.70001220703125,402.45001220703125,6892
2026-07-03 15:15:00,401.3999938964844,402.45001220703125,400.70001220703125,402.45001220703125,6892
2026-07-03 15:15:00,401.3999938964844,402.45001220703125,400.70001220703125,402.45001220703125,6892
2026-07-06 09:15:00,403.6499938964844,404.75,401.25,402.0,0
2026-07-06 09:15:00,403.6499938964844,404.75,401.25,402.0,0
2026-07-06 09:15:00,403.6499938964844,404.75,401.25,402.0,0
2026-07-06 09:15:00,403.6499938964844,404.75,401.25,402.0,0
2026-07-06 10:15:00,402.0,402.3500061035156,401.04998779296875,401.6000061035156,7342
2026-07-06 10:15:00,402.0,402.3500061035156,401.04998779296875,401.6000061035156,7342
2026-07-06 10:15:00,402.0,402.3500061035156,401.04998779296875,401.6000061035156,7342
2026-07-06 10:15:00,402.0,402.3500061035156,401.04998779296875,401.6000061035156,7342
2026-07-06 11:15:00,401.75,401.95001220703125,401.29998779296875,401.95001220703125,6118
2026-07-06 11:15:00,401.75,401.95001220703125,401.29998779296875,401.95001220703125,6118
2026-07-06 11:15:00,401.75,401.95001220703125,401.29998779296875,401.95001220703125,6118
2026-07-06 11:15:00,401.75,401.95001220703125,401.29998779296875,401.95001220703125,6118
2026-07-06 12:15:00,402.0,402.0,400.79998779296875,400.79998779296875,15392
2026-07-06 12:15:00,402.0,402.0,400.79998779296875,400.79998779296875,15392
2026-07-06 12:15:00,402.0,402.0,400.79998779296875,400.79998779296875,15392
2026-07-06 12:15:00,402.0,402.0,400.79998779296875,400.79998779296875,15392
2026-07-06 13:15:00,401.20001220703125,402.1499938964844,400.3999938964844,401.6499938964844,16863
2026-07-06 13:15:00,401.20001220703125,402.1499938964844,400.3999938964844,401.6499938964844,16863
2026-07-06 13:15:00,401.20001220703125,402.1499938964844,400.3999938964844,401.6499938964844,16863
2026-07-06 13:15:00,401.20001220703125,402.1499938964844,400.3999938964844,401.6499938964844,16863
2026-07-06 14:15:00,401.1499938964844,402.3999938964844,400.75,401.75,54040
2026-07-06 14:15:00,401.1499938964844,402.3999938964844,400.75,401.75,54040
2026-07-06 14:15:00,401.1499938964844,402.3999938964844,400.75,401.75,54040
2026-07-06 14:15:00,401.1499938964844,402.3999938964844,400.75,401.75,54040
2026-07-06 15:15:00,401.8500061035156,403.0,401.75,401.8999938964844,34261
2026-07-06 15:15:00,401.8500061035156,403.0,401.75,401.8999938964844,34261
2026-07-06 15:15:00,401.8500061035156,403.0,401.75,401.8999938964844,34261
2026-07-06 15:15:00,401.8500061035156,403.0,401.75,401.8999938964844,34261
2026-07-07 09:15:00,402.0,402.0,400.0,400.25,0
2026-07-07 09:15:00,402.0,402.0,400.0,400.25,0
2026-07-07 09:15:00,402.0,402.0,400.0,400.25,0
2026-07-07 09:15:00,402.0,402.0,400.0,400.25,0
2026-07-07 10:15:00,400.25,401.45001220703125,399.8999938964844,400.6000061035156,21838
2026-07-07 10:15:00,400.25,401.45001220703125,399.8999938964844,400.6000061035156,21838
2026-07-07 10:15:00,400.25,401.45001220703125,399.8999938964844,400.6000061035156,21838
2026-07-07 10:15:00,400.25,401.45001220703125,399.8999938964844,400.6000061035156,21838
2026-07-07 11:15:00,400.3500061035156,401.0,400.20001220703125,400.20001220703125,1007
2026-07-07 11:15:00,400.3500061035156,401.0,400.20001220703125,400.20001220703125,1007
2026-07-07 11:15:00,400.3500061035156,401.0,400.20001220703125,400.20001220703125,1007
2026-07-07 11:15:00,400.3500061035156,401.0,400.20001220703125,400.20001220703125,1007
2026-07-07 12:15:00,400.6000061035156,400.8500061035156,399.04998779296875,399.79998779296875,34993
2026-07-07 12:15:00,400.6000061035156,400.8500061035156,399.04998779296875,399.79998779296875,34993
2026-07-07 12:15:00,400.6000061035156,400.8500061035156,399.04998779296875,399.79998779296875,34993
2026-07-07 12:15:00,400.6000061035156,400.8500061035156,399.04998779296875,399.79998779296875,34993
2026-07-07 13:15:00,399.95001220703125,400.75,399.54998779296875,400.20001220703125,11110
2026-07-07 13:15:00,399.95001220703125,400.75,399.54998779296875,400.20001220703125,11110
2026-07-07 13:15:00,399.95001220703125,400.75,399.54998779296875,400.20001220703125,11110
2026-07-07 13:15:00,399.95001220703125,400.75,399.54998779296875,400.20001220703125,11110
2026-07-07 14:15:00,399.8999938964844,400.3999938964844,399.25,400.20001220703125,36096
2026-07-07 14:15:00,399.8999938964844,400.3999938964844,399.25,400.20001220703125,36096
2026-07-07 14:15:00,399.8999938964844,400.3999938964844,399.25,400.20001220703125,36096
2026-07-07 14:15:00,399.8999938964844,400.3999938964844,399.25,400.20001220703125,36096
2026-07-07 15:15:00,400.20001220703125,401.54998779296875,400.1499938964844,401.5,50399
2026-07-07 15:15:00,400.20001220703125,401.54998779296875,400.1499938964844,401.5,50399
2026-07-07 15:15:00,400.20001220703125,401.54998779296875,400.1499938964844,401.5,50399
2026-07-07 15:15:00,400.20001220703125,401.54998779296875,400.1499938964844,401.5,50399
2026-07-08 09:15:00,400.0,401.8500061035156,399.5,400.0,0
2026-07-08 09:15:00,400.0,401.8500061035156,399.5,400.0,0
2026-07-08 09:15:00,400.0,401.8500061035156,399.5,400.0,0
2026-07-08 09:15:00,400.0,401.8500061035156,399.5,400.0,0
2026-07-08 10:15:00,399.95001220703125,402.5,399.04998779296875,400.29998779296875,34496
2026-07-08 10:15:00,399.95001220703125,402.5,399.04998779296875,400.29998779296875,34496
2026-07-08 10:15:00,399.95001220703125,402.5,399.04998779296875,400.29998779296875,34496
2026-07-08 10:15:00,399.95001220703125,402.5,399.04998779296875,400.29998779296875,34496
2026-07-08 11:15:00,400.6000061035156,401.0,397.25,398.1000061035156,43287
2026-07-08 11:15:00,400.6000061035156,401.0,397.25,398.1000061035156,43287
2026-07-08 11:15:00,400.6000061035156,401.0,397.25,398.1000061035156,43287
2026-07-08 11:15:00,400.6000061035156,401.0,397.25,398.1000061035156,43287
2026-07-08 12:15:00,398.0,400.6000061035156,397.29998779296875,398.1000061035156,26004
2026-07-08 12:15:00,398.0,400.6000061035156,397.29998779296875,398.1000061035156,26004
2026-07-08 12:15:00,398.0,400.6000061035156,397.29998779296875,398.1000061035156,26004
2026-07-08 12:15:00,398.0,400.6000061035156,397.29998779296875,398.1000061035156,26004
2026-07-08 13:15:00,398.1000061035156,400.6499938964844,392.0,392.0,139610
2026-07-08 13:15:00,398.1000061035156,400.6499938964844,392.0,392.0,139610
2026-07-08 13:15:00,398.1000061035156,400.6499938964844,392.0,392.0,139610
2026-07-08 13:15:00,398.1000061035156,400.6499938964844,392.0,392.0,139610
2026-07-08 14:15:00,392.0,397.79998779296875,388.79998779296875,397.79998779296875,71718
2026-07-08 14:15:00,392.0,397.79998779296875,388.79998779296875,397.79998779296875,71718
2026-07-08 14:15:00,392.0,397.79998779296875,388.79998779296875,397.79998779296875,71718
2026-07-08 14:15:00,392.0,397.79998779296875,388.79998779296875,397.79998779296875,71718
2026-07-08 15:15:00,395.6000061035156,400.04998779296875,394.25,397.20001220703125,114232
2026-07-08 15:15:00,395.6000061035156,400.04998779296875,394.25,397.20001220703125,114232
2026-07-08 15:15:00,395.6000061035156,400.04998779296875,394.25,397.20001220703125,114232
2026-07-08 15:15:00,395.6000061035156,400.04998779296875,394.25,397.20001220703125,114232
2026-07-09 09:15:00,400.70001220703125,401.45001220703125,398.20001220703125,401.45001220703125,0
2026-07-09 09:15:00,400.70001220703125,401.45001220703125,398.20001220703125,401.45001220703125,0
2026-07-09 09:15:00,400.70001220703125,401.45001220703125,398.20001220703125,401.45001220703125,0
2026-07-09 09:15:00,400.70001220703125,401.45001220703125,398.20001220703125,401.45001220703125,0
2026-07-09 10:15:00,400.8500061035156,401.3500061035156,398.0,401.3500061035156,23490
2026-07-09 10:15:00,400.8500061035156,401.3500061035156,398.0,401.3500061035156,23490
2026-07-09 10:15:00,400.8500061035156,401.3500061035156,398.0,401.3500061035156,23490
2026-07-09 10:15:00,400.8500061035156,401.3500061035156,398.0,401.3500061035156,23490
2026-07-09 11:15:00,401.04998779296875,401.04998779296875,395.0,395.5,26287
2026-07-09 11:15:00,401.04998779296875,401.04998779296875,395.0,395.5,26287
2026-07-09 11:15:00,401.04998779296875,401.04998779296875,395.0,395.5,26287
2026-07-09 11:15:00,401.04998779296875,401.04998779296875,395.0,395.5,26287
2026-07-09 12:15:00,395.54998779296875,397.6000061035156,395.0,396.3999938964844,10089
2026-07-09 12:15:00,395.54998779296875,397.6000061035156,395.0,396.3999938964844,10089
2026-07-09 12:15:00,395.54998779296875,397.6000061035156,395.0,396.3999938964844,10089
2026-07-09 12:15:00,395.54998779296875,397.6000061035156,395.0,396.3999938964844,10089
2026-07-09 13:15:00,396.79998779296875,397.45001220703125,395.54998779296875,395.6499938964844,11182
2026-07-09 13:15:00,396.79998779296875,397.45001220703125,395.54998779296875,395.6499938964844,11182
2026-07-09 13:15:00,396.79998779296875,397.45001220703125,395.54998779296875,395.6499938964844,11182
2026-07-09 13:15:00,396.79998779296875,397.45001220703125,395.54998779296875,395.6499938964844,11182
2026-07-09 14:15:00,395.8500061035156,397.6499938964844,393.70001220703125,393.75,35296
2026-07-09 14:15:00,395.8500061035156,397.6499938964844,393.70001220703125,393.75,35296
2026-07-09 14:15:00,395.8500061035156,397.6499938964844,393.70001220703125,393.75,35296
2026-07-09 14:15:00,395.8500061035156,397.6499938964844,393.70001220703125,393.75,35296
2026-07-09 15:15:00,393.70001220703125,394.29998779296875,391.1499938964844,391.70001220703125,28990
2026-07-09 15:15:00,393.70001220703125,394.29998779296875,391.1499938964844,391.70001220703125,28990
2026-07-09 15:15:00,393.70001220703125,394.29998779296875,391.1499938964844,391.70001220703125,28990
2026-07-09 15:15:00,393.70001220703125,394.29998779296875,391.1499938964844,391.70001220703125,28990
2026-07-10 09:15:00,396.04998779296875,407.0,394.0,406.79998779296875,0
2026-07-10 09:15:00,396.04998779296875,407.0,394.0,406.79998779296875,0
2026-07-10 09:15:00,396.04998779296875,407.0,394.0,406.79998779296875,0
2026-07-10 09:15:00,396.04998779296875,407.0,394.0,406.79998779296875,0
2026-07-10 10:15:00,406.70001220703125,407.75,399.6000061035156,400.1499938964844,64410
2026-07-10 10:15:00,406.70001220703125,407.75,399.6000061035156,400.1499938964844,64410
2026-07-10 10:15:00,406.70001220703125,407.75,399.6000061035156,400.1499938964844,64410
2026-07-10 10:15:00,406.70001220703125,407.75,399.6000061035156,400.1499938964844,64410
2026-07-10 11:15:00,400.0,400.1000061035156,394.0,395.6499938964844,26831
2026-07-10 11:15:00,400.0,400.1000061035156,394.0,395.6499938964844,26831
2026-07-10 11:15:00,400.0,400.1000061035156,394.0,395.6499938964844,26831
2026-07-10 11:15:00,400.0,400.1000061035156,394.0,395.6499938964844,26831
2026-07-10 12:15:00,395.6000061035156,397.0,393.29998779296875,393.29998779296875,29417
2026-07-10 12:15:00,395.6000061035156,397.0,393.29998779296875,393.29998779296875,29417
2026-07-10 12:15:00,395.6000061035156,397.0,393.29998779296875,393.29998779296875,29417
2026-07-10 12:15:00,395.6000061035156,397.0,393.29998779296875,393.29998779296875,29417
2026-07-10 13:15:00,393.29998779296875,395.70001220703125,393.0,394.04998779296875,26312
2026-07-10 13:15:00,393.29998779296875,395.70001220703125,393.0,394.04998779296875,26312
2026-07-10 13:15:00,393.29998779296875,395.70001220703125,393.0,394.04998779296875,26312
2026-07-10 13:15:00,393.29998779296875,395.70001220703125,393.0,394.04998779296875,26312
2026-07-10 14:15:00,394.0,395.04998779296875,392.75,394.0,38910
2026-07-10 14:15:00,394.0,395.04998779296875,392.75,394.0,38910
2026-07-10 14:15:00,394.0,395.04998779296875,392.75,394.0,38910
2026-07-10 14:15:00,394.0,395.04998779296875,392.75,394.0,38910
2026-07-10 15:15:00,393.54998779296875,394.0,393.0,393.20001220703125,14302
2026-07-10 15:15:00,393.54998779296875,394.0,393.0,393.20001220703125,14302
2026-07-10 15:15:00,393.54998779296875,394.0,393.0,393.20001220703125,14302
2026-07-10 15:15:00,393.54998779296875,394.0,393.0,393.20001220703125,14302
2026-07-13 09:15:00,393.5,399.3500061035156,390.0,398.6000061035156,0
2026-07-13 09:15:00,393.5,399.3500061035156,390.0,398.6000061035156,0
2026-07-13 09:15:00,393.5,399.3500061035156,390.0,398.6000061035156,0
2026-07-13 09:15:00,393.5,399.3500061035156,390.0,398.6000061035156,0
2026-07-13 10:15:00,398.54998779296875,399.75,397.54998779296875,398.8999938964844,9005
2026-07-13 10:15:00,398.54998779296875,399.75,397.54998779296875,398.8999938964844,9005
2026-07-13 10:15:00,398.54998779296875,399.75,397.54998779296875,398.8999938964844,9005
2026-07-13 10:15:00,398.54998779296875,399.75,397.54998779296875,398.8999938964844,9005
2026-07-13 11:15:00,398.95001220703125,398.95001220703125,396.8500061035156,397.3999938964844,3981
2026-07-13 11:15:00,398.95001220703125,398.95001220703125,396.8500061035156,397.3999938964844,3981
2026-07-13 11:15:00,398.95001220703125,398.95001220703125,396.8500061035156,397.3999938964844,3981
2026-07-13 11:15:00,398.95001220703125,398.95001220703125,396.8500061035156,397.3999938964844,3981
2026-07-13 12:15:00,397.3999938964844,400.8999938964844,396.8500061035156,400.0,33961
2026-07-13 12:15:00,397.3999938964844,400.8999938964844,396.8500061035156,400.0,33961
2026-07-13 12:15:00,397.3999938964844,400.8999938964844,396.8500061035156,400.0,33961
2026-07-13 12:15:00,397.3999938964844,400.8999938964844,396.8500061035156,400.0,33961
2026-07-13 13:15:00,399.8999938964844,402.29998779296875,399.70001220703125,402.1499938964844,31735
2026-07-13 13:15:00,399.8999938964844,402.29998779296875,399.70001220703125,402.1499938964844,31735
2026-07-13 13:15:00,399.8999938964844,402.29998779296875,399.70001220703125,402.1499938964844,31735
2026-07-13 13:15:00,399.8999938964844,402.29998779296875,399.70001220703125,402.1499938964844,31735
2026-07-13 14:15:00,402.1499938964844,407.45001220703125,402.1499938964844,403.04998779296875,89147
2026-07-13 14:15:00,402.1499938964844,407.45001220703125,402.1499938964844,403.04998779296875,89147
2026-07-13 14:15:00,402.1499938964844,407.45001220703125,402.1499938964844,403.04998779296875,89147
2026-07-13 14:15:00,402.1499938964844,407.45001220703125,402.1499938964844,403.04998779296875,89147
2026-07-13 15:15:00,403.45001220703125,403.45001220703125,401.6000061035156,403.0,35599
2026-07-13 15:15:00,403.45001220703125,403.45001220703125,401.6000061035156,403.0,35599
2026-07-13 15:15:00,403.45001220703125,403.45001220703125,401.6000061035156,403.0,35599
2026-07-13 15:15:00,403.45001220703125,403.45001220703125,401.6000061035156,403.0,35599
2026-07-14 09:15:00,404.70001220703125,405.0,399.0,400.6000061035156,0
2026-07-14 09:15:00,404.70001220703125,405.0,399.0,400.6000061035156,0
2026-07-14 09:15:00,404.70001220703125,405.0,399.0,400.6000061035156,0
2026-07-14 09:15:00,404.70001220703125,405.0,399.0,400.6000061035156,0
2026-07-14 10:15:00,400.75,401.3500061035156,399.25,399.25,14379
2026-07-14 10:15:00,400.75,401.3500061035156,399.25,399.25,14379
2026-07-14 10:15:00,400.75,401.3500061035156,399.25,399.25,14379
2026-07-14 10:15:00,400.75,401.3500061035156,399.25,399.25,14379
2026-07-14 11:15:00,399.29998779296875,400.6499938964844,398.04998779296875,398.20001220703125,8546
2026-07-14 11:15:00,399.29998779296875,400.6499938964844,398.04998779296875,398.20001220703125,8546
2026-07-14 11:15:00,399.29998779296875,400.6499938964844,398.04998779296875,398.20001220703125,8546
2026-07-14 11:15:00,399.29998779296875,400.6499938964844,398.04998779296875,398.20001220703125,8546
2026-07-14 12:15:00,398.20001220703125,398.75,397.6499938964844,398.6000061035156,3093
2026-07-14 12:15:00,398.20001220703125,398.75,397.6499938964844,398.6000061035156,3093
2026-07-14 12:15:00,398.20001220703125,398.75,397.6499938964844,398.6000061035156,3093
2026-07-14 12:15:00,398.20001220703125,398.75,397.6499938964844,398.6000061035156,3093
2026-07-14 13:15:00,398.5,398.79998779296875,397.3500061035156,398.0,65451
2026-07-14 13:15:00,398.5,398.79998779296875,397.3500061035156,398.0,65451
2026-07-14 13:15:00,398.5,398.79998779296875,397.3500061035156,398.0,65451
2026-07-14 13:15:00,398.5,398.79998779296875,397.3500061035156,398.0,65451
2026-07-14 14:15:00,397.79998779296875,398.6499938964844,397.29998779296875,398.1000061035156,12606
2026-07-14 14:15:00,397.79998779296875,398.6499938964844,397.29998779296875,398.1000061035156,12606
2026-07-14 14:15:00,397.79998779296875,398.6499938964844,397.29998779296875,398.1000061035156,12606
2026-07-14 14:15:00,397.79998779296875,398.6499938964844,397.29998779296875,398.1000061035156,12606
2026-07-14 15:15:00,398.0,398.04998779296875,396.20001220703125,397.0,22292
2026-07-14 15:15:00,398.0,398.04998779296875,396.20001220703125,397.0,22292
2026-07-14 15:15:00,398.0,398.04998779296875,396.20001220703125,397.0,22292
2026-07-14 15:15:00,398.0,398.04998779296875,396.20001220703125,397.0,22292
2026-07-15 09:15:00,397.75,398.0,393.79998779296875,394.29998779296875,51785
2026-07-15 09:15:00,397.75,398.0,393.79998779296875,394.29998779296875,51785
2026-07-15 09:15:00,397.75,398.0,393.79998779296875,394.29998779296875,51785
2026-07-15 09:15:00,397.75,398.0,393.79998779296875,394.29998779296875,51785
2026-07-15 10:15:00,394.95001220703125,395.29998779296875,392.54998779296875,393.54998779296875,21595
2026-07-15 10:15:00,394.95001220703125,395.29998779296875,392.54998779296875,393.54998779296875,21595
2026-07-15 10:15:00,394.95001220703125,395.29998779296875,392.54998779296875,393.54998779296875,21595
2026-07-15 10:15:00,394.95001220703125,395.29998779296875,392.54998779296875,393.54998779296875,21595
2026-07-15 11:15:00,393.54998779296875,396.5,392.8999938964844,393.79998779296875,29341
2026-07-15 11:15:00,393.54998779296875,396.5,392.8999938964844,393.79998779296875,29341
2026-07-15 11:15:00,393.54998779296875,396.5,392.8999938964844,393.79998779296875,29341
2026-07-15 11:15:00,393.54998779296875,396.5,392.8999938964844,393.79998779296875,29341
2026-07-15 12:15:00,393.79998779296875,394.5,392.79998779296875,393.1000061035156,20318
2026-07-15 12:15:00,393.79998779296875,394.5,392.79998779296875,393.1000061035156,20318
2026-07-15 12:15:00,393.79998779296875,394.5,392.79998779296875,393.1000061035156,20318
2026-07-15 12:15:00,393.79998779296875,394.5,392.79998779296875,393.1000061035156,20318
2026-07-15 13:15:00,393.1000061035156,393.1000061035156,391.04998779296875,391.95001220703125,29719
2026-07-15 13:15:00,393.1000061035156,393.1000061035156,391.04998779296875,391.95001220703125,29719
2026-07-15 13:15:00,393.1000061035156,393.1000061035156,391.04998779296875,391.95001220703125,29719
2026-07-15 13:15:00,393.1000061035156,393.1000061035156,391.04998779296875,391.95001220703125,29719
2026-07-15 14:15:00,392.25,393.95001220703125,391.29998779296875,393.04998779296875,21552
2026-07-15 14:15:00,392.25,393.95001220703125,391.29998779296875,393.04998779296875,21552
2026-07-15 14:15:00,392.25,393.95001220703125,391.29998779296875,393.04998779296875,21552
2026-07-15 14:15:00,392.25,393.95001220703125,391.29998779296875,393.04998779296875,21552
2026-07-15 15:15:00,393.29998779296875,394.0,393.0,393.0,20856
2026-07-15 15:15:00,393.29998779296875,394.0,393.0,393.0,20856
2026-07-15 15:15:00,393.29998779296875,394.0,393.0,393.0,20856
2026-07-15 15:15:00,393.29998779296875,394.0,393.0,393.0,20856
2026-07-16 09:15:00,397.6000061035156,397.6000061035156,389.25,393.0,44771
2026-07-16 09:15:00,397.6000061035156,397.6000061035156,389.25,393.0,44771
2026-07-16 09:15:00,397.6000061035156,397.6000061035156,389.25,393.0,44771
2026-07-16 09:15:00,397.6000061035156,397.6000061035156,389.25,393.0,44771
2026-07-16 10:15:00,392.5,394.0,391.1499938964844,391.1499938964844,60679
2026-07-16 10:15:00,392.5,394.0,391.1499938964844,391.1499938964844,60679
2026-07-16 10:15:00,392.5,394.0,391.1499938964844,391.1499938964844,60679
2026-07-16 10:15:00,392.5,394.0,391.1499938964844,391.1499938964844,60679
2026-07-16 11:15:00,391.29998779296875,392.5,390.6000061035156,390.6000061035156,14657
2026-07-16 11:15:00,391.29998779296875,392.5,390.6000061035156,390.6000061035156,14657
2026-07-16 11:15:00,391.29998779296875,392.5,390.6000061035156,390.6000061035156,14657
2026-07-16 11:15:00,391.29998779296875,392.5,390.6000061035156,390.6000061035156,14657
2026-07-16 12:15:00,390.54998779296875,392.3999938964844,390.04998779296875,391.04998779296875,77454
2026-07-16 12:15:00,390.54998779296875,392.3999938964844,390.04998779296875,391.04998779296875,77454
2026-07-16 12:15:00,390.54998779296875,392.3999938964844,390.04998779296875,391.04998779296875,77454
2026-07-16 12:15:00,390.54998779296875,392.3999938964844,390.04998779296875,391.04998779296875,77454
2026-07-16 13:15:00,392.29998779296875,392.6000061035156,390.5,391.04998779296875,20978
2026-07-16 13:15:00,392.29998779296875,392.6000061035156,390.5,391.04998779296875,20978
2026-07-16 13:15:00,392.29998779296875,392.6000061035156,390.5,391.04998779296875,20978
2026-07-16 13:15:00,392.29998779296875,392.6000061035156,390.5,391.04998779296875,20978
2026-07-16 14:15:00,391.0,394.45001220703125,390.0,392.8999938964844,57352
2026-07-16 14:15:00,391.0,394.45001220703125,390.0,392.8999938964844,57352
2026-07-16 14:15:00,391.0,394.45001220703125,390.0,392.8999938964844,57352
2026-07-16 14:15:00,391.0,394.45001220703125,390.0,392.8999938964844,57352
2026-07-16 15:15:00,393.1000061035156,393.3500061035156,392.54998779296875,393.3500061035156,15736
2026-07-16 15:15:00,393.1000061035156,393.3500061035156,392.54998779296875,393.3500061035156,15736
2026-07-16 15:15:00,393.1000061035156,393.3500061035156,392.54998779296875,393.3500061035156,15736
2026-07-16 15:15:00,393.1000061035156,393.3500061035156,392.54998779296875,393.3500061035156,15736
2026-07-17 09:15:00,394.0,394.0,385.04998779296875,389.25,0
2026-07-17 09:15:00,394.0,394.0,385.04998779296875,389.25,0
2026-07-17 09:15:00,394.0,394.0,385.04998779296875,389.25,0
2026-07-17 09:15:00,394.0,394.0,385.04998779296875,389.25,0
2026-07-17 10:15:00,389.25,391.0,389.1499938964844,389.29998779296875,60280
2026-07-17 10:15:00,389.25,391.0,389.1499938964844,389.29998779296875,60280
2026-07-17 10:15:00,389.25,391.0,389.1499938964844,389.29998779296875,60280
2026-07-17 10:15:00,389.25,391.0,389.1499938964844,389.29998779296875,60280
2026-07-17 11:15:00,389.1000061035156,389.3999938964844,387.5,387.8999938964844,42766
2026-07-17 11:15:00,389.1000061035156,389.3999938964844,387.5,387.8999938964844,42766
2026-07-17 11:15:00,389.1000061035156,389.3999938964844,387.5,387.8999938964844,42766
2026-07-17 11:15:00,389.1000061035156,389.3999938964844,387.5,387.8999938964844,42766
2026-07-17 12:15:00,387.79998779296875,388.29998779296875,387.1000061035156,387.1000061035156,28839
2026-07-17 12:15:00,387.79998779296875,388.29998779296875,387.1000061035156,387.1000061035156,28839
2026-07-17 12:15:00,387.79998779296875,388.29998779296875,387.1000061035156,387.1000061035156,28839
2026-07-17 12:15:00,387.79998779296875,388.29998779296875,387.1000061035156,387.1000061035156,28839
2026-07-17 13:15:00,387.25,388.04998779296875,387.0,387.54998779296875,23565
2026-07-17 13:15:00,387.25,388.04998779296875,387.0,387.54998779296875,23565
2026-07-17 13:15:00,387.25,388.04998779296875,387.0,387.54998779296875,23565
2026-07-17 13:15:00,387.25,388.04998779296875,387.0,387.54998779296875,23565
2026-07-17 14:15:00,388.20001220703125,391.75,388.20001220703125,390.70001220703125,96811
2026-07-17 14:15:00,388.20001220703125,391.75,388.20001220703125,390.70001220703125,96811
2026-07-17 14:15:00,388.20001220703125,391.75,388.20001220703125,390.70001220703125,96811
2026-07-17 14:15:00,388.20001220703125,391.75,388.20001220703125,390.70001220703125,96811
2026-07-17 15:15:00,390.1499938964844,390.3500061035156,388.6000061035156,388.6000061035156,51492
2026-07-17 15:15:00,390.1499938964844,390.3500061035156,388.6000061035156,388.6000061035156,51492
2026-07-17 15:15:00,390.1499938964844,390.3500061035156,388.6000061035156,388.6000061035156,51492
2026-07-17 15:15:00,390.1499938964844,390.3500061035156,388.6000061035156,388.6000061035156,51492
2026-07-20 09:15:00,389.5,391.3999938964844,388.5,390.3500061035156,0
2026-07-20 09:15:00,389.5,391.3999938964844,388.5,390.3500061035156,0
2026-07-20 09:15:00,389.5,391.3999938964844,388.5,390.3500061035156,0
2026-07-20 09:15:00,389.5,391.3999938964844,388.5,390.3500061035156,0
2026-07-20 10:15:00,390.3500061035156,392.6000061035156,390.20001220703125,390.20001220703125,26437
2026-07-20 10:15:00,390.3500061035156,392.6000061035156,390.20001220703125,390.20001220703125,26437
2026-07-20 10:15:00,390.3500061035156,392.6000061035156,390.20001220703125,390.20001220703125,26437
2026-07-20 10:15:00,390.3500061035156,392.6000061035156,390.20001220703125,390.20001220703125,26437
2026-07-20 11:15:00,390.3500061035156,391.79998779296875,390.0,391.1499938964844,20313
2026-07-20 11:15:00,390.3500061035156,391.79998779296875,390.0,391.1499938964844,20313
2026-07-20 11:15:00,390.3500061035156,391.79998779296875,390.0,391.1499938964844,20313
2026-07-20 11:15:00,390.3500061035156,391.79998779296875,390.0,391.1499938964844,20313
2026-07-20 12:15:00,391.20001220703125,392.0,390.0,391.3999938964844,19094
2026-07-20 12:15:00,391.20001220703125,392.0,390.0,391.3999938964844,19094
2026-07-20 12:15:00,391.20001220703125,392.0,390.0,391.3999938964844,19094
2026-07-20 12:15:00,391.20001220703125,392.0,390.0,391.3999938964844,19094
2026-07-20 13:15:00,391.20001220703125,393.0,390.79998779296875,391.1000061035156,24409
2026-07-20 13:15:00,391.20001220703125,393.0,390.79998779296875,391.1000061035156,24409
2026-07-20 13:15:00,391.20001220703125,393.0,390.79998779296875,391.1000061035156,24409
2026-07-20 13:15:00,391.20001220703125,393.0,390.79998779296875,391.1000061035156,24409
2026-07-20 14:15:00,391.3999938964844,392.75,390.6499938964844,392.25,31630
2026-07-20 14:15:00,391.3999938964844,392.75,390.6499938964844,392.25,31630
2026-07-20 14:15:00,391.3999938964844,392.75,390.6499938964844,392.25,31630
2026-07-20 14:15:00,391.3999938964844,392.75,390.6499938964844,392.25,31630
2026-07-20 15:15:00,392.25,393.8500061035156,392.0,392.25,49130
2026-07-20 15:15:00,392.25,393.8500061035156,392.0,392.25,49130
2026-07-20 15:15:00,392.25,393.8500061035156,392.0,392.25,49130
2026-07-20 15:15:00,392.25,393.8500061035156,392.0,392.25,49130
2026-07-21 09:15:00,395.0,399.45001220703125,394.0,395.8500061035156,0
2026-07-21 09:15:00,395.0,399.45001220703125,394.0,395.8500061035156,0
2026-07-21 09:15:00,395.0,399.45001220703125,394.0,395.8500061035156,0
2026-07-21 09:15:00,395.0,399.45001220703125,394.0,395.8500061035156,0
2026-07-21 10:15:00,395.3999938964844,398.45001220703125,394.5,397.54998779296875,12681
2026-07-21 10:15:00,395.3999938964844,398.45001220703125,394.5,397.54998779296875,12681
2026-07-21 10:15:00,395.3999938964844,398.45001220703125,394.5,397.54998779296875,12681
2026-07-21 10:15:00,395.3999938964844,398.45001220703125,394.5,397.54998779296875,12681
2026-07-21 11:15:00,397.6000061035156,399.0,396.6000061035156,398.3500061035156,8412
2026-07-21 11:15:00,397.6000061035156,399.0,396.6000061035156,398.3500061035156,8412
2026-07-21 11:15:00,397.6000061035156,399.0,396.6000061035156,398.3500061035156,8412
2026-07-21 11:15:00,397.6000061035156,399.0,396.6000061035156,398.3500061035156,8412
2026-07-21 12:15:00,398.0,398.25,396.54998779296875,396.54998779296875,3885
2026-07-21 12:15:00,398.0,398.25,396.54998779296875,396.54998779296875,3885
2026-07-21 12:15:00,398.0,398.25,396.54998779296875,396.54998779296875,3885
2026-07-21 12:15:00,398.0,398.25,396.54998779296875,396.54998779296875,3885
2026-07-21 13:15:00,397.1000061035156,398.70001220703125,396.79998779296875,397.25,82733
2026-07-21 13:15:00,397.1000061035156,398.70001220703125,396.79998779296875,397.25,82733
2026-07-21 13:15:00,397.1000061035156,398.70001220703125,396.79998779296875,397.25,82733
2026-07-21 13:15:00,397.1000061035156,398.70001220703125,396.79998779296875,397.25,82733
2026-07-21 14:15:00,397.25,398.04998779296875,396.04998779296875,397.8500061035156,27300
2026-07-21 14:15:00,397.25,398.04998779296875,396.04998779296875,397.8500061035156,27300
2026-07-21 14:15:00,397.25,398.04998779296875,396.04998779296875,397.8500061035156,27300
2026-07-21 14:15:00,397.25,398.04998779296875,396.04998779296875,397.8500061035156,27300
2026-07-21 15:15:00,398.29998779296875,398.5,397.0,397.79998779296875,13815
2026-07-21 15:15:00,398.29998779296875,398.5,397.0,397.79998779296875,13815
2026-07-21 15:15:00,398.29998779296875,398.5,397.0,397.79998779296875,13815
2026-07-21 15:15:00,398.29998779296875,398.5,397.0,397.79998779296875,13815
2026-07-22 09:15:00,399.0,400.0,394.5,395.1499938964844,0
2026-07-22 09:15:00,399.0,400.0,394.5,395.1499938964844,0
2026-07-22 09:15:00,399.0,400.0,394.5,395.1499938964844,0
2026-07-22 09:15:00,399.0,400.0,394.5,395.1499938964844,0
2026-07-22 10:15:00,395.1000061035156,396.54998779296875,394.0,394.3500061035156,14744
2026-07-22 10:15:00,395.1000061035156,396.54998779296875,394.0,394.3500061035156,14744
2026-07-22 10:15:00,395.1000061035156,396.54998779296875,394.0,394.3500061035156,14744
2026-07-22 10:15:00,395.1000061035156,396.54998779296875,394.0,394.3500061035156,14744
2026-07-22 11:15:00,394.45001220703125,397.0,394.45001220703125,396.0,13342
2026-07-22 11:15:00,394.45001220703125,397.0,394.45001220703125,396.0,13342
2026-07-22 11:15:00,394.45001220703125,397.0,394.45001220703125,396.0,13342
2026-07-22 11:15:00,394.45001220703125,397.0,394.45001220703125,396.0,13342
2026-07-22 12:15:00,396.0,396.5,395.54998779296875,395.79998779296875,5110
2026-07-22 12:15:00,396.0,396.5,395.54998779296875,395.79998779296875,5110
2026-07-22 12:15:00,396.0,396.5,395.54998779296875,395.79998779296875,5110
2026-07-22 12:15:00,396.0,396.5,395.54998779296875,395.79998779296875,5110
2026-07-22 13:15:00,396.0,399.20001220703125,396.0,396.6000061035156,28452
2026-07-22 13:15:00,396.0,399.20001220703125,396.0,396.6000061035156,28452
2026-07-22 13:15:00,396.0,399.20001220703125,396.0,396.6000061035156,28452
2026-07-22 13:15:00,396.0,399.20001220703125,396.0,396.6000061035156,28452
2026-07-22 14:15:00,397.1000061035156,397.1000061035156,392.0,392.70001220703125,107881
2026-07-22 14:15:00,397.1000061035156,397.1000061035156,392.0,392.70001220703125,107881
2026-07-22 14:15:00,397.1000061035156,397.1000061035156,392.0,392.70001220703125,107881
2026-07-22 14:15:00,397.1000061035156,397.1000061035156,392.0,392.70001220703125,107881
2026-07-22 15:15:00,392.8500061035156,393.79998779296875,390.20001220703125,392.0,30408
2026-07-22 15:15:00,392.8500061035156,393.79998779296875,390.20001220703125,392.0,30408
2026-07-22 15:15:00,392.8500061035156,393.79998779296875,390.20001220703125,392.0,30408
2026-07-22 15:15:00,392.8500061035156,393.79998779296875,390.20001220703125,392.0,30408
2026-07-23 09:15:00,393.5,393.5,387.54998779296875,392.79998779296875,0
2026-07-23 09:15:00,393.5,393.5,387.54998779296875,392.79998779296875,0
2026-07-23 09:15:00,393.5,393.5,387.54998779296875,392.79998779296875,0
2026-07-23 09:15:00,393.5,393.5,387.54998779296875,392.79998779296875,0
2026-07-23 10:15:00,393.0,394.0,392.20001220703125,393.1000061035156,22590
2026-07-23 10:15:00,393.0,394.0,392.20001220703125,393.1000061035156,22590
2026-07-23 10:15:00,393.0,394.0,392.20001220703125,393.1000061035156,22590
2026-07-23 10:15:00,393.0,394.0,392.20001220703125,393.1000061035156,22590
2026-07-23 11:15:00,393.1000061035156,395.70001220703125,392.20001220703125,395.1000061035156,24246
2026-07-23 11:15:00,393.1000061035156,395.70001220703125,392.20001220703125,395.1000061035156,24246
2026-07-23 11:15:00,393.1000061035156,395.70001220703125,392.20001220703125,395.1000061035156,24246
2026-07-23 11:15:00,393.1000061035156,395.70001220703125,392.20001220703125,395.1000061035156,24246
2026-07-23 12:15:00,395.04998779296875,395.1000061035156,391.75,391.79998779296875,18670
2026-07-23 12:15:00,395.04998779296875,395.1000061035156,391.75,391.79998779296875,18670
2026-07-23 12:15:00,395.04998779296875,395.1000061035156,391.75,391.79998779296875,18670
2026-07-23 12:15:00,395.04998779296875,395.1000061035156,391.75,391.79998779296875,18670
2026-07-23 13:15:00,391.8500061035156,393.8500061035156,391.04998779296875,392.5,7379
2026-07-23 13:15:00,391.8500061035156,393.8500061035156,391.04998779296875,392.5,7379
2026-07-23 13:15:00,391.8500061035156,393.8500061035156,391.04998779296875,392.5,7379
2026-07-23 13:15:00,391.8500061035156,393.8500061035156,391.04998779296875,392.5,7379
2026-07-23 14:15:00,392.5,394.0,391.8999938964844,393.6000061035156,33761
2026-07-23 14:15:00,392.5,394.0,391.8999938964844,393.6000061035156,33761
2026-07-23 14:15:00,392.5,394.0,391.8999938964844,393.6000061035156,33761
2026-07-23 14:15:00,392.5,394.0,391.8999938964844,393.6000061035156,33761
2026-07-23 15:15:00,393.1000061035156,393.8999938964844,392.79998779296875,393.3500061035156,36927
2026-07-23 15:15:00,393.1000061035156,393.8999938964844,392.79998779296875,393.3500061035156,36927
2026-07-23 15:15:00,393.1000061035156,393.8999938964844,392.79998779296875,393.3500061035156,36927
2026-07-23 15:15:00,393.1000061035156,393.8999938964844,392.79998779296875,393.3500061035156,36927
2026-07-24 09:15:00,394.1000061035156,394.1000061035156,389.0,389.8999938964844,0
2026-07-24 09:15:00,394.1000061035156,394.1000061035156,389.0,389.8999938964844,0
2026-07-24 09:15:00,394.1000061035156,394.1000061035156,389.0,389.8999938964844,0
2026-07-24 09:15:00,394.1000061035156,394.1000061035156,389.0,389.8999938964844,0
2026-07-24 10:15:00,389.75,390.79998779296875,389.0,389.6000061035156,8378
2026-07-24 10:15:00,389.75,390.79998779296875,389.0,389.6000061035156,8378
2026-07-24 10:15:00,389.75,390.79998779296875,389.0,389.6000061035156,8378
2026-07-24 10:15:00,389.75,390.79998779296875,389.0,389.6000061035156,8378
2026-07-24 11:15:00,389.6000061035156,392.0,389.6000061035156,391.6499938964844,1903
2026-07-24 11:15:00,389.6000061035156,392.0,389.6000061035156,391.6499938964844,1903
2026-07-24 11:15:00,389.6000061035156,392.0,389.6000061035156,391.6499938964844,1903
2026-07-24 11:15:00,389.6000061035156,392.0,389.6000061035156,391.6499938964844,1903
2026-07-24 12:15:00,391.20001220703125,391.95001220703125,390.0,390.6000061035156,13293
2026-07-24 12:15:00,391.20001220703125,391.95001220703125,390.0,390.6000061035156,13293
2026-07-24 12:15:00,391.20001220703125,391.95001220703125,390.0,390.6000061035156,13293
2026-07-24 12:15:00,391.20001220703125,391.95001220703125,390.0,390.6000061035156,13293
2026-07-24 13:15:00,390.5,392.6000061035156,390.0,391.79998779296875,6313
2026-07-24 13:15:00,390.5,392.6000061035156,390.0,391.79998779296875,6313
2026-07-24 13:15:00,390.5,392.6000061035156,390.0,391.79998779296875,6313
2026-07-24 13:15:00,390.5,392.6000061035156,390.0,391.79998779296875,6313
2026-07-24 14:15:00,391.6499938964844,395.25,391.1499938964844,393.0,136497
2026-07-24 14:15:00,391.6499938964844,395.25,391.1499938964844,393.0,136497
2026-07-24 14:15:00,391.6499938964844,395.25,391.1499938964844,393.0,136497
2026-07-24 14:15:00,391.6499938964844,395.25,391.1499938964844,393.0,136497
2026-07-24 15:15:00,392.6000061035156,393.95001220703125,392.1000061035156,393.45001220703125,7713
2026-07-24 15:15:00,392.6000061035156,393.95001220703125,392.1000061035156,393.45001220703125,7713
2026-07-24 15:15:00,392.6000061035156,393.95001220703125,392.1000061035156,393.45001220703125,7713
2026-07-24 15:15:00,392.6000061035156,393.95001220703125,392.1000061035156,393.45001220703125,7713
2026-07-27 09:15:00,398.0,401.79998779296875,396.5,401.70001220703125,0
2026-07-27 09:15:00,398.0,401.79998779296875,396.5,401.70001220703125,0
2026-07-27 09:15:00,398.0,401.79998779296875,396.5,401.70001220703125,0
2026-07-27 09:15:00,398.0,401.79998779296875,396.5,401.70001220703125,0
2026-07-27 10:15:00,401.79998779296875,401.8999938964844,397.04998779296875,398.0,16393
2026-07-27 10:15:00,401.79998779296875,401.8999938964844,397.04998779296875,398.0,16393
2026-07-27 10:15:00,401.79998779296875,401.8999938964844,397.04998779296875,398.0,16393
2026-07-27 10:15:00,401.79998779296875,401.8999938964844,397.04998779296875,398.0,16393
2026-07-27 11:15:00,398.0,401.45001220703125,396.54998779296875,400.8999938964844,26769
2026-07-27 11:15:00,398.0,401.45001220703125,396.54998779296875,400.8999938964844,26769
2026-07-27 11:15:00,398.0,401.45001220703125,396.54998779296875,400.8999938964844,26769
2026-07-27 11:15:00,398.0,401.45001220703125,396.54998779296875,400.8999938964844,26769
2026-07-27 12:15:00,400.79998779296875,402.8999938964844,398.0,398.0,43665
2026-07-27 12:15:00,400.79998779296875,402.8999938964844,398.0,398.0,43665
2026-07-27 12:15:00,400.79998779296875,402.8999938964844,398.0,398.0,43665
2026-07-27 12:15:00,400.79998779296875,402.8999938964844,398.0,398.0,43665
2026-07-27 13:15:00,398.0,398.79998779296875,397.0,397.25,7488
2026-07-27 13:15:00,398.0,398.79998779296875,397.0,397.25,7488
2026-07-27 13:15:00,398.0,398.79998779296875,397.0,397.25,7488
2026-07-27 13:15:00,398.0,398.79998779296875,397.0,397.25,7488
2026-07-27 14:15:00,397.5,398.1499938964844,396.54998779296875,397.25,12821
2026-07-27 14:15:00,397.5,398.1499938964844,396.54998779296875,397.25,12821
2026-07-27 14:15:00,397.5,398.1499938964844,396.54998779296875,397.25,12821
2026-07-27 14:15:00,397.5,398.1499938964844,396.54998779296875,397.25,12821
2026-07-27 15:15:00,397.20001220703125,397.75,396.6000061035156,397.75,61656
2026-07-27 15:15:00,397.20001220703125,397.75,396.6000061035156,397.75,61656
2026-07-27 15:15:00,397.20001220703125,397.75,396.6000061035156,397.75,61656
2026-07-27 15:15:00,397.20001220703125,397.75,396.6000061035156,397.75,61656
2026-07-28 09:15:00,401.8999938964844,401.8999938964844,396.54998779296875,397.54998779296875,0
2026-07-28 09:15:00,401.8999938964844,401.8999938964844,396.54998779296875,397.54998779296875,0
2026-07-28 09:15:00,401.8999938964844,401.8999938964844,396.54998779296875,397.54998779296875,0
2026-07-28 09:15:00,401.8999938964844,401.8999938964844,396.54998779296875,397.54998779296875,0
2026-07-28 10:15:00,397.95001220703125,399.3500061035156,396.0,397.79998779296875,22420
2026-07-28 10:15:00,397.95001220703125,399.3500061035156,396.0,397.79998779296875,22420
2026-07-28 10:15:00,397.95001220703125,399.3500061035156,396.0,397.79998779296875,22420
2026-07-28 10:15:00,397.95001220703125,399.3500061035156,396.0,397.79998779296875,22420
2026-07-28 11:15:00,397.70001220703125,398.8500061035156,397.0,397.8500061035156,7427
2026-07-28 11:15:00,397.70001220703125,398.8500061035156,397.0,397.8500061035156,7427
2026-07-28 11:15:00,397.70001220703125,398.8500061035156,397.0,397.8500061035156,7427
2026-07-28 11:15:00,397.70001220703125,398.8500061035156,397.0,397.8500061035156,7427
2026-07-28 12:15:00,397.79998779296875,399.20001220703125,396.8999938964844,398.0,4785
2026-07-28 12:15:00,397.79998779296875,399.20001220703125,396.8999938964844,398.0,4785
2026-07-28 12:15:00,397.79998779296875,399.20001220703125,396.8999938964844,398.0,4785
2026-07-28 12:15:00,397.79998779296875,399.20001220703125,396.8999938964844,398.0,4785
2026-07-28 13:15:00,398.1000061035156,400.79998779296875,397.20001220703125,400.1499938964844,36936
2026-07-28 13:15:00,398.1000061035156,400.79998779296875,397.20001220703125,400.1499938964844,36936
2026-07-28 13:15:00,398.1000061035156,400.79998779296875,397.20001220703125,400.1499938964844,36936
2026-07-28 13:15:00,398.1000061035156,400.79998779296875,397.20001220703125,400.1499938964844,36936
2026-07-28 14:15:00,400.0,400.70001220703125,387.0,387.0,125516
2026-07-28 14:15:00,400.0,400.70001220703125,387.0,387.0,125516
2026-07-28 14:15:00,400.0,400.70001220703125,387.0,387.0,125516
2026-07-28 14:15:00,400.0,400.70001220703125,387.0,387.0,125516
2026-07-28 15:15:00,386.79998779296875,392.0,386.20001220703125,391.29998779296875,171416
2026-07-28 15:15:00,386.79998779296875,392.0,386.20001220703125,391.29998779296875,171416
2026-07-28 15:15:00,386.79998779296875,392.0,386.20001220703125,391.29998779296875,171416
2026-07-28 15:15:00,386.79998779296875,392.0,386.20001220703125,391.29998779296875,171416
2026-07-29 09:15:00,394.0,398.5,389.0,398.5,0
2026-07-29 09:15:00,394.0,398.5,389.0,398.5,0
2026-07-29 09:15:00,394.0,398.5,389.0,398.5,0
2026-07-29 09:15:00,394.0,398.5,389.0,398.5,0
2026-07-29 10:15:00,398.1000061035156,403.25,395.5,400.70001220703125,200722
2026-07-29 10:15:00,398.1000061035156,403.25,395.5,400.70001220703125,200722
2026-07-29 10:15:00,398.1000061035156,403.25,395.5,400.70001220703125,200722
2026-07-29 10:15:00,398.1000061035156,403.25,395.5,400.70001220703125,200722
2026-07-29 11:15:00,401.0,402.45001220703125,399.04998779296875,402.45001220703125,28320
2026-07-29 11:15:00,401.0,402.45001220703125,399.04998779296875,402.45001220703125,28320
2026-07-29 11:15:00,401.0,402.45001220703125,399.04998779296875,402.45001220703125,28320
2026-07-29 11:15:00,401.0,402.45001220703125,399.04998779296875,402.45001220703125,28320
2026-07-29 12:15:00,400.5,401.1000061035156,399.54998779296875,400.8999938964844,31178
2026-07-29 12:15:00,400.5,401.1000061035156,399.54998779296875,400.8999938964844,31178
2026-07-29 12:15:00,400.5,401.1000061035156,399.54998779296875,400.8999938964844,31178
2026-07-29 12:15:00,400.5,401.1000061035156,399.54998779296875,400.8999938964844,31178
2026-07-29 13:15:00,400.8999938964844,403.0,400.5,403.0,54044
2026-07-29 13:15:00,400.8999938964844,403.0,400.5,403.0,54044
2026-07-29 13:15:00,400.8999938964844,403.0,400.5,403.0,54044
2026-07-29 13:15:00,400.8999938964844,403.0,400.5,403.0,54044
2026-07-29 14:15:00,403.0,404.45001220703125,401.20001220703125,402.0,120787
2026-07-29 14:15:00,403.0,404.45001220703125,401.20001220703125,402.0,120787
2026-07-29 14:15:00,403.0,404.45001220703125,401.20001220703125,402.0,120787
2026-07-29 14:15:00,403.0,404.45001220703125,401.20001220703125,402.0,120787
2026-07-29 15:15:00,402.0,402.6000061035156,400.25,402.5,50197
2026-07-29 15:15:00,402.0,402.6000061035156,400.25,402.5,50197
2026-07-29 15:15:00,402.0,402.6000061035156,400.25,402.5,50197
2026-07-29 15:15:00,402.0,402.6000061035156,400.25,402.5,50197
2026-07-30 09:15:00,402.5,409.79998779296875,399.0,409.20001220703125,0
2026-07-30 09:15:00,402.5,409.79998779296875,399.0,409.20001220703125,0
2026-07-30 09:15:00,402.5,409.79998779296875,399.0,409.20001220703125,0
2026-07-30 09:15:00,402.5,409.79998779296875,399.0,409.20001220703125,0
2026-07-30 10:15:00,409.1499938964844,409.75,405.6000061035156,406.20001220703125,54233
2026-07-30 10:15:00,409.1499938964844,409.75,405.6000061035156,406.20001220703125,54233
2026-07-30 10:15:00,409.1499938964844,409.75,405.6000061035156,406.20001220703125,54233
2026-07-30 10:15:00,409.1499938964844,409.75,405.6000061035156,406.20001220703125,54233
2026-07-30 11:15:00,406.20001220703125,407.0,405.75,407.0,17355
2026-07-30 11:15:00,406.20001220703125,407.0,405.75,407.0,17355
2026-07-30 11:15:00,406.20001220703125,407.0,405.75,407.0,17355
2026-07-30 11:15:00,406.20001220703125,407.0,405.75,407.0,17355
2026-07-30 12:15:00,407.0,408.8500061035156,406.25,407.79998779296875,16583
2026-07-30 12:15:00,407.0,408.8500061035156,406.25,407.79998779296875,16583
2026-07-30 12:15:00,407.0,408.8500061035156,406.25,407.79998779296875,16583
2026-07-30 12:15:00,407.0,408.8500061035156,406.25,407.79998779296875,16583
2026-07-30 13:15:00,408.04998779296875,408.6499938964844,407.29998779296875,407.79998779296875,7888
2026-07-30 13:15:00,408.04998779296875,408.6499938964844,407.29998779296875,407.79998779296875,7888
2026-07-30 13:15:00,408.04998779296875,408.6499938964844,407.29998779296875,407.79998779296875,7888
2026-07-30 13:15:00,408.04998779296875,408.6499938964844,407.29998779296875,407.79998779296875,7888
2026-07-30 14:15:00,407.5,408.20001220703125,406.54998779296875,406.95001220703125,44496
2026-07-30 14:15:00,407.5,408.20001220703125,406.54998779296875,406.95001220703125,44496
2026-07-30 14:15:00,407.5,408.20001220703125,406.54998779296875,406.95001220703125,44496
2026-07-30 14:15:00,407.5,408.20001220703125,406.54998779296875,406.95001220703125,44496
2026-07-30 15:15:00,407.1000061035156,407.1499938964844,405.1000061035156,405.1000061035156,32410
2026-07-30 15:15:00,407.1000061035156,407.1499938964844,405.1000061035156,405.1000061035156,32410
2026-07-30 15:15:00,407.1000061035156,407.1499938964844,405.1000061035156,405.1000061035156,32410
2026-07-30 15:15:00,407.1000061035156,407.1499938964844,405.1000061035156,405.1000061035156,32410
2026-07-31 09:15:00,408.5,411.6499938964844,404.0,410.0,0
2026-07-31 09:15:00,408.5,411.6499938964844,404.0,410.0,0
2026-07-31 09:15:00,408.5,411.6499938964844,404.0,410.0,0
2026-07-31 09:15:00,408.5,411.6499938964844,404.0,410.0,0
2026-07-31 10:15:00,409.70001220703125,409.70001220703125,406.25,407.0,13493
2026-07-31 10:15:00,409.70001220703125,409.70001220703125,406.25,407.0,13493
2026-07-31 10:15:00,409.70001220703125,409.70001220703125,406.25,407.0,13493
2026-07-31 10:15:00,409.70001220703125,409.70001220703125,406.25,407.0,13493
2026-07-31 11:15:00,406.79998779296875,407.95001220703125,405.70001220703125,407.1499938964844,8705
2026-07-31 11:15:00,406.79998779296875,407.95001220703125,405.70001220703125,407.1499938964844,8705
2026-07-31 11:15:00,406.79998779296875,407.95001220703125,405.70001220703125,407.1499938964844,8705
2026-07-31 11:15:00,406.79998779296875,407.95001220703125,405.70001220703125,407.1499938964844,8705
2026-07-31 12:15:00,407.6499938964844,410.25,406.95001220703125,408.0,42680
2026-07-31 12:15:00,407.6499938964844,410.25,406.95001220703125,408.0,42680
2026-07-31 12:15:00,407.6499938964844,410.25,406.95001220703125,408.0,42680
2026-07-31 12:15:00,407.6499938964844,410.25,406.95001220703125,408.0,42680
2026-07-31 13:15:00,408.1000061035156,416.8999938964844,408.1000061035156,415.3500061035156,252502
2026-07-31 13:15:00,408.1000061035156,416.8999938964844,408.1000061035156,415.3500061035156,252502
2026-07-31 13:15:00,408.1000061035156,416.8999938964844,408.1000061035156,415.3500061035156,252502
2026-07-31 13:15:00,408.1000061035156,416.8999938964844,408.1000061035156,415.3500061035156,252502
2026-07-31 14:15:00,415.5,422.70001220703125,414.6000061035156,419.04998779296875,236834
2026-07-31 14:15:00,415.5,422.70001220703125,414.6000061035156,419.04998779296875,236834
2026-07-31 14:15:00,415.5,422.70001220703125,414.6000061035156,419.04998779296875,236834
2026-07-31 14:15:00,415.5,422.70001220703125,414.6000061035156,419.04998779296875,236834
2026-07-31 15:15:00,419.1499938964844,420.95001220703125,418.29998779296875,420.45001220703125,45633
2026-07-31 15:15:00,419.1499938964844,420.95001220703125,418.29998779296875,420.45001220703125,45633
2026-07-31 15:15:00,419.1499938964844,420.95001220703125,418.29998779296875,420.45001220703125,45633
2026-07-31 15:15:00,419.1499938964844,420.95001220703125,418.29998779296875,420.45001220703125,45633
2026-08-03 09:15:00,425.8999938964844,430.0,422.45001220703125,426.5,0
2026-08-03 09:15:00,425.8999938964844,430.0,422.45001220703125,426.5,0
2026-08-03 09:15:00,425.8999938964844,430.0,422.45001220703125,426.5,0
2026-08-03 09:15:00,425.8999938964844,430.0,422.45001220703125,426.5,0
2026-08-03 10:15:00,426.8500061035156,436.0,426.6000061035156,432.25,182579
2026-08-03 10:15:00,426.8500061035156,436.0,426.6000061035156,432.25,182579
2026-08-03 10:15:00,426.8500061035156,436.0,426.6000061035156,432.25,182579
2026-08-03 10:15:00,426.8500061035156,436.0,426.6000061035156,432.25,182579
2026-08-03 11:15:00,432.54998779296875,435.0,429.95001220703125,430.20001220703125,51735
2026-08-03 11:15:00,432.54998779296875,435.0,429.95001220703125,430.20001220703125,51735
2026-08-03 11:15:00,432.54998779296875,435.0,429.95001220703125,430.20001220703125,51735
2026-08-03 11:15:00,432.54998779296875,435.0,429.95001220703125,430.20001220703125,51735
2026-08-03 12:15:00,430.1000061035156,433.45001220703125,429.79998779296875,432.5,35724
2026-08-03 12:15:00,430.1000061035156,433.45001220703125,429.79998779296875,432.5,35724
2026-08-03 12:15:00,430.1000061035156,433.45001220703125,429.79998779296875,432.5,35724
2026-08-03 12:15:00,430.1000061035156,433.45001220703125,429.79998779296875,432.5,35724
2026-08-03 13:15:00,432.54998779296875,433.20001220703125,429.70001220703125,430.0,21640
2026-08-03 13:15:00,432.54998779296875,433.20001220703125,429.70001220703125,430.0,21640
2026-08-03 13:15:00,432.54998779296875,433.20001220703125,429.70001220703125,430.0,21640
2026-08-03 13:15:00,432.54998779296875,433.20001220703125,429.70001220703125,430.0,21640
2026-08-03 14:15:00,430.0,431.8999938964844,429.1000061035156,429.29998779296875,37768
2026-08-03 14:15:00,430.0,431.8999938964844,429.1000061035156,429.29998779296875,37768
2026-08-03 14:15:00,430.0,431.8999938964844,429.1000061035156,429.29998779296875,37768
2026-08-03 14:15:00,430.0,431.8999938964844,429.1000061035156,429.29998779296875,37768
2026-08-03 15:15:00,429.20001220703125,431.8500061035156,429.1499938964844,430.29998779296875,23509
2026-08-03 15:15:00,429.20001220703125,431.8500061035156,429.1499938964844,430.29998779296875,23509
2026-08-03 15:15:00,429.20001220703125,431.8500061035156,429.1499938964844,430.29998779296875,23509
2026-08-03 15:15:00,429.20001220703125,431.8500061035156,429.1499938964844,430.29998779296875,23509
2026-08-04 09:15:00,431.0,435.79998779296875,430.04998779296875,431.5,0
2026-08-04 09:15:00,431.0,435.79998779296875,430.04998779296875,431.5,0
2026-08-04 09:15:00,431.0,435.79998779296875,430.04998779296875,431.5,0
2026-08-04 09:15:00,431.0,435.79998779296875,430.04998779296875,431.5,0
2026-08-04 10:15:00,431.29998779296875,432.54998779296875,430.54998779296875,432.20001220703125,44271
2026-08-04 10:15:00,431.29998779296875,432.54998779296875,430.54998779296875,432.20001220703125,44271
2026-08-04 10:15:00,431.29998779296875,432.54998779296875,430.54998779296875,432.20001220703125,44271
2026-08-04 10:15:00,431.29998779296875,432.54998779296875,430.54998779296875,432.20001220703125,44271
2026-08-04 11:15:00,432.29998779296875,435.1000061035156,432.1000061035156,435.04998779296875,113610
2026-08-04 11:15:00,432.29998779296875,435.1000061035156,432.1000061035156,435.04998779296875,113610
2026-08-04 11:15:00,432.29998779296875,435.1000061035156,432.1000061035156,435.04998779296875,113610
2026-08-04 11:15:00,432.29998779296875,435.1000061035156,432.1000061035156,435.04998779296875,113610
2026-08-04 12:15:00,435.1000061035156,439.45001220703125,434.70001220703125,439.3999938964844,101982
2026-08-04 12:15:00,435.1000061035156,439.45001220703125,434.70001220703125,439.3999938964844,101982
2026-08-04 12:15:00,435.1000061035156,439.45001220703125,434.70001220703125,439.3999938964844,101982
2026-08-04 12:15:00,435.1000061035156,439.45001220703125,434.70001220703125,439.3999938964844,101982
2026-08-04 13:15:00,439.0,439.6000061035156,436.70001220703125,436.70001220703125,31839
2026-08-04 13:15:00,439.0,439.6000061035156,436.70001220703125,436.70001220703125,31839
2026-08-04 13:15:00,439.0,439.6000061035156,436.70001220703125,436.70001220703125,31839
2026-08-04 13:15:00,439.0,439.6000061035156,436.70001220703125,436.70001220703125,31839
2026-08-04 14:15:00,437.04998779296875,437.8500061035156,435.54998779296875,436.3999938964844,91460
2026-08-04 14:15:00,437.04998779296875,437.8500061035156,435.54998779296875,436.3999938964844,91460
2026-08-04 14:15:00,437.04998779296875,437.8500061035156,435.54998779296875,436.3999938964844,91460
2026-08-04 14:15:00,437.04998779296875,437.8500061035156,435.54998779296875,436.3999938964844,91460
2026-08-04 15:15:00,436.3999938964844,437.0,434.6499938964844,437.0,21053
2026-08-04 15:15:00,436.3999938964844,437.0,434.6499938964844,437.0,21053
2026-08-04 15:15:00,436.3999938964844,437.0,434.6499938964844,437.0,21053
2026-08-04 15:15:00,436.3999938964844,437.0,434.6499938964844,437.0,21053
2026-08-05 09:15:00,437.5,439.29998779296875,436.29998779296875,439.29998779296875,0
2026-08-05 09:15:00,437.5,439.29998779296875,436.29998779296875,439.29998779296875,0
2026-08-05 09:15:00,437.5,439.29998779296875,436.29998779296875,439.29998779296875,0
2026-08-05 09:15:00,437.5,439.29998779296875,436.29998779296875,439.29998779296875,0
2026-08-05 10:15:00,438.8999938964844,439.6000061035156,438.0,438.5,18929
2026-08-05 10:15:00,438.8999938964844,439.6000061035156,438.0,438.5,18929
2026-08-05 10:15:00,438.8999938964844,439.6000061035156,438.0,438.5,18929
2026-08-05 10:15:00,438.8999938964844,439.6000061035156,438.0,438.5,18929
2026-08-05 11:15:00,438.5,443.0,437.45001220703125,442.04998779296875,79511
2026-08-05 11:15:00,438.5,443.0,437.45001220703125,442.04998779296875,79511
2026-08-05 11:15:00,438.5,443.0,437.45001220703125,442.04998779296875,79511
2026-08-05 11:15:00,438.5,443.0,437.45001220703125,442.04998779296875,79511
2026-08-05 12:15:00,442.1499938964844,447.3500061035156,441.54998779296875,447.0,99131
2026-08-05 12:15:00,442.1499938964844,447.3500061035156,441.54998779296875,447.0,99131
2026-08-05 12:15:00,442.1499938964844,447.3500061035156,441.54998779296875,447.0,99131
2026-08-05 12:15:00,442.1499938964844,447.3500061035156,441.54998779296875,447.0,99131
2026-08-05 13:15:00,447.0,447.3999938964844,443.54998779296875,444.45001220703125,81439
2026-08-05 13:15:00,447.0,447.3999938964844,443.54998779296875,444.45001220703125,81439
2026-08-05 13:15:00,447.0,447.3999938964844,443.54998779296875,444.45001220703125,81439
2026-08-05 13:15:00,447.0,447.3999938964844,443.54998779296875,444.45001220703125,81439
2026-08-05 14:15:00,444.3999938964844,445.6000061035156,442.6000061035156,443.45001220703125,99850
2026-08-05 14:15:00,444.3999938964844,445.6000061035156,442.6000061035156,443.45001220703125,99850
2026-08-05 14:15:00,444.3999938964844,445.6000061035156,442.6000061035156,443.45001220703125,99850
2026-08-05 14:15:00,444.3999938964844,445.6000061035156,442.6000061035156,443.45001220703125,99850
2026-08-05 15:15:00,442.8999938964844,443.6499938964844,441.5,443.3500061035156,18396
2026-08-05 15:15:00,442.8999938964844,443.6499938964844,441.5,443.3500061035156,18396
2026-08-05 15:15:00,442.8999938964844,443.6499938964844,441.5,443.3500061035156,18396
2026-08-05 15:15:00,442.8999938964844,443.6499938964844,441.5,443.3500061035156,18396
2026-08-06 09:15:00,444.0,445.29998779296875,441.0,444.29998779296875,0
2026-08-06 09:15:00,444.0,445.29998779296875,441.0,444.29998779296875,0
2026-08-06 09:15:00,444.0,445.29998779296875,441.0,444.29998779296875,0
2026-08-06 09:15:00,444.0,445.29998779296875,441.0,444.29998779296875,0
2026-08-06 10:15:00,444.29998779296875,447.3500061035156,443.0,447.25,128821
2026-08-06 10:15:00,444.29998779296875,447.3500061035156,443.0,447.25,128821
2026-08-06 10:15:00,444.29998779296875,447.3500061035156,443.0,447.25,128821
2026-08-06 10:15:00,444.29998779296875,447.3500061035156,443.0,447.25,128821
2026-08-06 11:15:00,447.3500061035156,452.54998779296875,447.3500061035156,452.5,93406
2026-08-06 11:15:00,447.3500061035156,452.54998779296875,447.3500061035156,452.5,93406
2026-08-06 11:15:00,447.3500061035156,452.54998779296875,447.3500061035156,452.5,93406
2026-08-06 11:15:00,447.3500061035156,452.54998779296875,447.3500061035156,452.5,93406
2026-08-06 12:15:00,452.20001220703125,452.70001220703125,449.5,449.5,34339
2026-08-06 12:15:00,452.20001220703125,452.70001220703125,449.5,449.5,34339
2026-08-06 12:15:00,452.20001220703125,452.70001220703125,449.5,449.5,34339
2026-08-06 12:15:00,452.20001220703125,452.70001220703125,449.5,449.5,34339
2026-08-06 13:15:00,449.5,450.1499938964844,448.3500061035156,448.95001220703125,10487
2026-08-06 13:15:00,449.5,450.1499938964844,448.3500061035156,448.95001220703125,10487
2026-08-06 13:15:00,449.5,450.1499938964844,448.3500061035156,448.95001220703125,10487
2026-08-06 13:15:00,449.5,450.1499938964844,448.3500061035156,448.95001220703125,10487
2026-08-06 14:15:00,449.1000061035156,451.29998779296875,447.3999938964844,449.1499938964844,185862
2026-08-06 14:15:00,449.1000061035156,451.29998779296875,447.3999938964844,449.1499938964844,185862
2026-08-06 14:15:00,449.1000061035156,451.29998779296875,447.3999938964844,449.1499938964844,185862
2026-08-06 14:15:00,449.1000061035156,451.29998779296875,447.3999938964844,449.1499938964844,185862
2026-08-06 15:15:00,449.1000061035156,451.45001220703125,449.1000061035156,449.95001220703125,0
2026-08-06 15:15:00,449.1000061035156,451.45001220703125,449.1000061035156,449.95001220703125,0
2026-08-06 15:15:00,449.1000061035156,451.45001220703125,449.1000061035156,449.95001220703125,0
2026-08-06 15:15:00,449.1000061035156,451.45001220703125,449.1000061035156,449.95001220703125,0
2026-08-07 09:15:00,452.0,453.0,450.3999938964844,450.79998779296875,24096
2026-08-07 09:15:00,452.0,453.0,450.3999938964844,450.79998779296875,24096
2026-08-07 09:15:00,452.0,453.0,450.3999938964844,450.79998779296875,24096
2026-08-07 09:15:00,452.0,453.0,450.3999938964844,450.79998779296875,24096
2026-08-07 10:15:00,450.95001220703125,454.0,450.6499938964844,450.8500061035156,28346
2026-08-07 10:15:00,450.95001220703125,454.0,450.6499938964844,450.8500061035156,28346
2026-08-07 10:15:00,450.95001220703125,454.0,450.6499938964844,450.8500061035156,28346
2026-08-07 10:15:00,450.95001220703125,454.0,450.6499938964844,450.8500061035156,28346
2026-08-07 11:15:00,450.79998779296875,454.79998779296875,450.20001220703125,450.5,126062
2026-08-07 11:15:00,450.79998779296875,454.79998779296875,450.20001220703125,450.5,126062
2026-08-07 11:15:00,450.79998779296875,454.79998779296875,450.20001220703125,450.5,126062
2026-08-07 11:15:00,450.79998779296875,454.79998779296875,450.20001220703125,450.5,126062
2026-08-07 12:15:00,450.25,452.3500061035156,447.29998779296875,452.3500061035156,135431
2026-08-07 12:15:00,450.25,452.3500061035156,447.29998779296875,452.3500061035156,135431
2026-08-07 12:15:00,450.25,452.3500061035156,447.29998779296875,452.3500061035156,135431
2026-08-07 12:15:00,450.25,452.3500061035156,447.29998779296875,452.3500061035156,135431
2026-08-07 13:15:00,452.3999938964844,452.3999938964844,449.25,449.25,17583
2026-08-07 13:15:00,452.3999938964844,452.3999938964844,449.25,449.25,17583
2026-08-07 13:15:00,452.3999938964844,452.3999938964844,449.25,449.25,17583
2026-08-07 13:15:00,452.3999938964844,452.3999938964844,449.25,449.25,17583
2026-08-07 14:15:00,449.8500061035156,450.79998779296875,448.3999938964844,448.95001220703125,37082
2026-08-07 14:15:00,449.8500061035156,450.79998779296875,448.3999938964844,448.95001220703125,37082
2026-08-07 14:15:00,449.8500061035156,450.79998779296875,448.3999938964844,448.95001220703125,37082
2026-08-07 14:15:00,449.8500061035156,450.79998779296875,448.3999938964844,448.95001220703125,37082
2026-08-07 15:15:00,448.70001220703125,450.8999938964844,445.0,446.0,84879
2026-08-07 15:15:00,448.70001220703125,450.8999938964844,445.0,446.0,84879
2026-08-07 15:15:00,448.70001220703125,450.8999938964844,445.0,446.0,84879
2026-08-07 15:15:00,448.70001220703125,450.8999938964844,445.0,446.0,84879
2026-08-10 09:15:00,451.0,458.0,450.79998779296875,451.0,0
2026-08-10 09:15:00,451.0,458.0,450.79998779296875,451.0,0
2026-08-10 09:15:00,451.0,458.0,450.79998779296875,451.0,0
2026-08-10 09:15:00,451.0,458.0,450.79998779296875,451.0,0
2026-08-10 10:15:00,451.3999938964844,454.8999938964844,450.6000061035156,452.8500061035156,29330
2026-08-10 10:15:00,451.3999938964844,454.8999938964844,450.6000061035156,452.8500061035156,29330
2026-08-10 10:15:00,451.3999938964844,454.8999938964844,450.6000061035156,452.8500061035156,29330
2026-08-10 10:15:00,451.3999938964844,454.8999938964844,450.6000061035156,452.8500061035156,29330
2026-08-10 11:15:00,453.20001220703125,453.3500061035156,451.79998779296875,452.29998779296875,6677
2026-08-10 11:15:00,453.20001220703125,453.3500061035156,451.79998779296875,452.29998779296875,6677
2026-08-10 11:15:00,453.20001220703125,453.3500061035156,451.79998779296875,452.29998779296875,6677
2026-08-10 11:15:00,453.20001220703125,453.3500061035156,451.79998779296875,452.29998779296875,6677
2026-08-10 12:15:00,452.29998779296875,457.0,451.54998779296875,455.3500061035156,165526
2026-08-10 12:15:00,452.29998779296875,457.0,451.54998779296875,455.3500061035156,165526
2026-08-10 12:15:00,452.29998779296875,457.0,451.54998779296875,455.3500061035156,165526
2026-08-10 12:15:00,452.29998779296875,457.0,451.54998779296875,455.3500061035156,165526
2026-08-10 13:15:00,455.45001220703125,456.04998779296875,454.20001220703125,454.3500061035156,10263
2026-08-10 13:15:00,455.45001220703125,456.04998779296875,454.20001220703125,454.3500061035156,10263
2026-08-10 13:15:00,455.45001220703125,456.04998779296875,454.20001220703125,454.3500061035156,10263
2026-08-10 13:15:00,455.45001220703125,456.04998779296875,454.20001220703125,454.3500061035156,10263
2026-08-10 14:15:00,454.20001220703125,454.29998779296875,453.0,453.3500061035156,33915
2026-08-10 14:15:00,454.20001220703125,454.29998779296875,453.0,453.3500061035156,33915
2026-08-10 14:15:00,454.20001220703125,454.29998779296875,453.0,453.3500061035156,33915
2026-08-10 14:15:00,454.20001220703125,454.29998779296875,453.0,453.3500061035156,33915
2026-08-10 15:15:00,453.5,454.0,451.25,453.20001220703125,23931
2026-08-10 15:15:00,453.5,454.0,451.25,453.20001220703125,23931
2026-08-10 15:15:00,453.5,454.0,451.25,453.20001220703125,23931
2026-08-10 15:15:00,453.5,454.0,451.25,453.20001220703125,23931
2026-08-11 09:15:00,453.20001220703125,454.95001220703125,452.29998779296875,453.0,0
2026-08-11 09:15:00,453.20001220703125,454.95001220703125,452.29998779296875,453.0,0
2026-08-11 09:15:00,453.20001220703125,454.95001220703125,452.29998779296875,453.0,0
2026-08-11 09:15:00,453.20001220703125,454.95001220703125,452.29998779296875,453.0,0
2026-08-11 10:15:00,453.45001220703125,453.70001220703125,452.1000061035156,452.54998779296875,6420
2026-08-11 10:15:00,453.45001220703125,453.70001220703125,452.1000061035156,452.54998779296875,6420
2026-08-11 10:15:00,453.45001220703125,453.70001220703125,452.1000061035156,452.54998779296875,6420
2026-08-11 10:15:00,453.45001220703125,453.70001220703125,452.1000061035156,452.54998779296875,6420
2026-08-11 11:15:00,452.54998779296875,452.95001220703125,450.0,450.54998779296875,32509
2026-08-11 11:15:00,452.54998779296875,452.95001220703125,450.0,450.54998779296875,32509
2026-08-11 11:15:00,452.54998779296875,452.95001220703125,450.0,450.54998779296875,32509
2026-08-11 11:15:00,452.54998779296875,452.95001220703125,450.0,450.54998779296875,32509
2026-08-11 12:15:00,450.5,451.1000061035156,448.1000061035156,450.3500061035156,38005
2026-08-11 12:15:00,450.5,451.1000061035156,448.1000061035156,450.3500061035156,38005
2026-08-11 12:15:00,450.5,451.1000061035156,448.1000061035156,450.3500061035156,38005
2026-08-11 12:15:00,450.5,451.1000061035156,448.1000061035156,450.3500061035156,38005
2026-08-11 13:15:00,450.3500061035156,451.8500061035156,448.04998779296875,448.54998779296875,27518
2026-08-11 13:15:00,450.3500061035156,451.8500061035156,448.04998779296875,448.54998779296875,27518
2026-08-11 13:15:00,450.3500061035156,451.8500061035156,448.04998779296875,448.54998779296875,27518
2026-08-11 13:15:00,450.3500061035156,451.8500061035156,448.04998779296875,448.54998779296875,27518
2026-08-11 14:15:00,448.5,450.0,444.45001220703125,445.0,90658
2026-08-11 14:15:00,448.5,450.0,444.45001220703125,445.0,90658
2026-08-11 14:15:00,448.5,450.0,444.45001220703125,445.0,90658
2026-08-11 14:15:00,448.5,450.0,444.45001220703125,445.0,90658
2026-08-11 15:15:00,445.04998779296875,445.1000061035156,435.75,439.0,101441
2026-08-11 15:15:00,445.04998779296875,445.1000061035156,435.75,439.0,101441
2026-08-11 15:15:00,445.04998779296875,445.1000061035156,435.75,439.0,101441
2026-08-11 15:15:00,445.04998779296875,445.1000061035156,435.75,439.0,101441
