Date,Open,High,Low,Close,Volume
2015-01-01,10.157312356811811,10.526178302824308,10.031357775589942,10.215790748596191,219310
2015-01-02,10.346246688300246,10.661132800272853,10.346246688300246,10.454207420349121,134010
2015-01-05,10.395727142075078,10.670126964920504,10.350743297314942,10.539674758911133,176240
2015-01-06,10.499189354017517,10.967019107379707,10.391228641703165,10.602651596069336,272380
2015-01-07,10.499190304295322,10.661131816421852,10.260776506775214,10.449707984924316,29200
2015-01-08,10.39122772041421,10.796080570197539,10.368735371095728,10.499188423156738,33970
2015-01-09,10.526180340337921,10.616148038339023,10.23828507952728,10.283268928527832,56870
2015-01-12,10.436213422761222,10.521681791431883,10.125825810759602,10.36873722076416,23450
2015-01-13,10.503689743654101,10.616148946781028,10.346246687677278,10.373236656188965,37460
2015-01-14,10.53967373569559,10.589156045927432,10.188800810224643,10.332748413085938,36500
2015-01-15,10.593655628729444,10.593655628729444,10.314757310795269,10.377734184265137,58200
2015-01-16,10.301258155977132,10.517179521990002,10.071841382840242,10.427212715148926,75440
2015-01-19,10.373233826050026,11.137956541871379,10.26077465360544,10.710611343383789,500350
2015-01-20,10.710611370899061,10.976015087189735,10.368735382829799,10.503686904907227,188510
2015-01-21,10.440714832534233,10.976021024552608,10.283272591936942,10.575666427612305,296180
2015-01-22,10.805079419923294,11.070483182828657,10.796082478605523,10.827570915222168,254220
2015-01-23,10.850062347759007,10.895045334539413,10.526179351769036,10.6161470413208,71440
2015-01-27,10.535176246416992,10.706113826225923,10.39122863015779,10.48569393157959,49160
2015-01-28,10.22029208153078,10.683624307756103,10.215793610441722,10.337249755859375,116010
2015-01-29,10.364240594220789,10.661132822472315,10.364240594220789,10.544175148010254,37670
2015-01-30,10.364238738520694,10.616147068722169,10.364238738520694,10.47669792175293,42350
2015-02-02,10.481197410687217,10.73760511508229,10.364240594220789,10.544175148010254,135490
2015-02-03,10.557668674818569,10.908541664024346,10.404724104497758,10.553170204162598,193650
2015-02-04,10.55766874055268,10.706114841141774,10.364239649114904,10.463203430175781,131590
2015-02-05,10.481195491908181,10.670126953298588,10.364238696852883,10.535176277160645,102810
2015-02-06,10.611648567838854,10.611648567838854,10.049352653298836,10.20229721069336,106620
2015-02-09,10.134820902832828,10.3507423074376,9.963882480690842,10.085338592529297,84430
2015-02-10,10.157312382068778,10.256276144563575,9.909902546834084,10.080840110778809,31760
2015-02-11,10.085339564986416,10.32825095409014,9.914401984357534,10.242782592773438,52570
2015-02-12,10.346243836258916,10.413719167939787,10.076341651540039,10.193299293518066,65190
2015-02-13,10.427217547685377,10.512686783091418,10.116829903944433,10.17081069946289,55000
2015-02-16,10.148316433948104,10.148316433948104,9.653495857135997,9.792945861816406,107200
2015-02-18,10.035857227412635,10.121326446533203,9.810938861934119,10.008867263793945,66480
2015-02-19,10.328252965744065,10.413722201703253,9.806442323669645,9.914403915405273,57470
2015-02-20,10.058351452752206,10.202299096198393,9.855924542908731,9.990875244140625,58290
2015-02-23,10.062848022164673,10.29226399930433,9.815437306001467,10.035857200622559,37570
2015-02-24,10.121325484193754,10.238283126081662,9.734465657794933,9.82893180847168,32460
2015-02-25,9.878415219672425,10.058350617025345,9.491556174552993,9.572526931762695,60960
2015-02-26,9.500551174326013,9.977377820669528,9.500551174326013,9.806439399719238,86660
2015-02-27,9.93689348572798,10.386730218054298,9.900906581461694,10.058349609375,84940
2015-03-02,10.0763425784367,10.215791724470785,9.765954994558474,9.887411117553711,91670
2015-03-03,9.873918534306846,10.211296149037207,9.716475475833548,9.752462387084961,85710
2015-03-04,10.48119547986678,10.48119547986678,9.675988178243898,9.743463516235352,66800
2015-03-05,9.7254724516565,9.887413123848038,9.581523948159202,9.604016304016113,47960
2015-03-09,9.590519941299954,9.797445304725304,9.545536092033961,9.761458396911621,90170
2015-03-10,9.81093594572193,9.873913652773282,9.550030753638385,9.599513053894043,22110
2015-03-11,10.08533954237646,10.418218620325206,9.815437332203146,10.008867263793945,542180
2015-03-12,9.98637575555159,11.209931353051655,9.716473545780781,10.265274047851562,173860
2015-03-13,10.157315353162266,10.598155230490985,9.649000124486605,9.752462387084961,129770
2015-03-16,10.058349539047718,10.058349539047718,9.653495796388361,9.693981170654297,55180
2015-03-17,9.806441373482626,10.022363678036626,9.653496801004838,9.716474533081055,87690
2015-03-18,9.752459537160178,10.134820893717686,9.720971106266393,9.82893180847168,75260
2015-03-19,9.959384025503638,10.071843197816898,9.815436422221932,9.873915672302246,85260
2015-03-20,9.8514251736391,9.8514251736391,9.455569190252595,9.541037559509277,90200
2015-03-23,9.76146043891942,9.76146043891942,8.96075050006936,9.266639709472656,263240
2015-03-24,9.266637788906307,9.280132343115321,8.843790977780715,8.987738609313965,144680
2015-03-25,9.019227049920875,9.176670093719073,8.776315636114262,9.028223991394043,94630
2015-03-26,8.99673558936245,9.217155508342362,8.731331820836612,8.807804107666016,114320
2015-03-27,8.681849492969643,9.109194776290122,8.681849492969643,8.843791007995605,51360
2015-03-30,8.906768828443381,9.311622659005435,8.83479500478694,9.001235008239746,122740
2015-03-31,8.996736560182805,9.158678092824706,8.924762736340995,8.929261207580566,42840
2015-04-01,9.44657321245013,10.098836944127086,8.95175253924647,9.752462387084961,266890
2015-04-06,9.75245859391344,10.58915502757432,9.75245859391344,10.004366874694824,86550
2015-04-07,10.251781400282356,10.440712038438347,9.909905318770104,10.346246719360352,314880
2015-04-08,10.427215534952074,12.415493915161184,10.427215534952074,12.321027755737305,4075910
2015-04-09,12.325528292471244,12.40649905469699,11.281907041551884,11.385369300842285,1040290
2015-04-10,11.344882971379375,11.808215150942367,11.047990773366752,11.502326011657715,734690
2015-04-13,11.434848806382448,11.686757115016869,11.353878064108248,11.551806449890137,128860
2015-04-15,11.488831489396498,11.587795269674832,11.335886919332816,11.398863792419434,132680
2015-04-16,11.173945395369154,11.551808349453756,11.110968522353568,11.2774076461792,98630
2015-04-17,11.245920183612682,11.542812407820408,11.079480187377143,11.367376327514648,255520
2015-04-20,11.335887916933391,11.493330113505438,11.074982602333915,11.178444862365723,76890
2015-04-21,11.137958558839104,11.232423868961446,10.940030139255153,11.034496307373047,90080
2015-04-22,10.706114790776484,11.19193846841854,10.706114790776484,11.02549934387207,72700
2015-04-23,11.15595150490259,11.15595150490259,10.886050130457877,11.003006935119629,35710
2015-04-24,10.976018024171838,10.976018024171838,10.724109650081443,10.764595031738281,51660
2015-04-27,10.670126000075372,10.670126000075372,10.454204594345963,10.503686904907227,57150
2015-04-28,10.346242873521012,10.517180421739507,10.314754445533024,10.4047212600708,26560
2015-04-29,10.508187323198284,10.508187323198284,10.292265019437284,10.364239692687988,63160
2015-04-30,10.413720176800044,10.508186336701268,10.25177953667655,10.431714057922363,90780
2015-05-04,10.436212505152476,10.79608154684926,10.166310294882148,10.647635459899902,127190
2015-05-05,10.679124819534758,11.003006985138073,10.6296425002637,10.868056297302246,65290
2015-05-06,10.81407449626001,10.976015122074054,10.571162270545846,10.625143051147461,71990
2015-05-07,10.688120803191259,10.710612296483458,10.481195461322056,10.48569393157959,28850
2015-05-08,10.526180308332124,10.769092577399173,10.43621346860013,10.620646476745605,68350
2015-05-11,10.584659542010723,11.012003960127787,10.494691844514735,10.881551742553711,63840
2015-05-12,10.796080616727673,10.958022100537116,10.548670779125823,10.625143051147461,59680
2015-05-13,10.616146980579959,11.151452928559674,10.616146980579959,10.742100715637207,51350
2015-05-14,10.70611660276467,11.12446500726018,10.70611660276467,11.00750732421875,74790
2015-05-15,11.052488298445523,11.75873182596429,10.886049189129816,11.565301895141602,320100
2015-05-18,11.128959756525743,11.920672444476864,11.128959756525743,11.785721778869629,147960
2015-05-19,11.60128872272988,11.875688521985685,11.560803351725754,11.646271705627441,35060
2015-05-20,11.650772100262195,12.865331715044409,11.515821413284412,12.388504981994629,886480
2015-05-21,12.437985478332648,14.259824759213968,12.330024765524161,13.436623573303223,3131020
2015-05-22,13.49060348573248,14.12487320902534,13.054262164699841,13.243193626403809,812700
2015-05-25,13.24319456831884,14.124874213649358,12.851836206241371,13.508598327636719,321260
2015-05-26,13.598566160506673,13.859471468314764,13.16222477651599,13.324166297912598,156370
2015-05-27,13.423129946036148,14.27781967949914,12.923810832204433,13.742513656616211,794870
2015-05-28,13.827982948959,13.827982948959,13.054263971913544,13.252191543579102,348300
2015-05-29,13.261185622847792,13.261185622847792,12.784358964223118,12.851834297180176,189160
2015-06-01,12.973294342729247,13.045268167427121,12.249056766461747,12.433489799499512,222210
2015-06-02,12.779862517895886,12.779862517895886,11.90268047657221,12.051127433776855,205380
2015-06-03,12.00164409516849,12.055624022297724,11.245918251395441,11.46183967590332,183440
2015-06-04,11.515821464968484,11.515821464968484,11.02100084716991,11.286404609680176,90440
2015-06-05,11.245919065841624,13.495102879009949,11.245919065841624,13.108242988586426,1033540
2015-06-08,13.747010302662527,14.90758903799864,12.793356910399462,14.07539176940918,2359580
2015-06-09,14.025908447473281,14.93457878766389,13.58506868726036,14.309305191040039,1069040
2015-06-10,14.214841884284121,14.889596170878065,13.688532837184507,13.845975875854492,544090
2015-06-11,13.967433054127099,14.219342293542654,13.364651640804162,13.756010055541992,262750
2015-06-12,13.648048333466075,14.066396687168856,13.31516921045417,13.7785005569458,147260
2015-06-15,13.715523761236055,14.025911389677344,13.59406762080308,13.693032264709473,162240
2015-06-16,13.675038350589663,13.953937540073415,13.49510380479156,13.720022201538086,113750
2015-06-17,13.742514515634115,15.060536536264607,13.702029133171388,14.759146690368652,951080
2015-06-18,14.709663369327043,15.285453911140904,14.66018104789157,14.700666427612305,362180
2015-06-19,14.732151967709395,15.27645396444956,14.394774441731318,15.163994789123535,429990
2015-06-22,15.069532402684107,16.01418897138127,14.979564701857909,15.54636001586914,484200
2015-06-23,15.492377336089591,15.834254233308322,14.961569824085025,15.092022895812988,203550
2015-06-24,14.943578770035925,15.114515515375652,14.58820729273971,14.687171936035156,183670
2015-06-25,14.646687379996782,15.051539485721916,14.624194166352655,14.673676490783691,129930
2015-06-26,14.687167991367264,15.546355964151665,14.660177173356448,14.745645523071289,401020
2015-06-29,14.394774458790554,15.123509435289392,14.05739693241265,14.732151985168457,176670
2015-06-30,14.795130746985288,15.57784746363541,14.592703861990337,14.763642311096191,146750
2015-07-01,14.754647318025231,15.114516429978767,14.6241942286948,14.862608909606934,139540
2015-07-02,14.912090200008821,15.285453841518402,14.844613995451214,14.988561630249023,79000
2015-07-03,15.002055172100215,15.339432740132374,14.87160381661431,15.19548511505127,74320
2015-07-06,14.880602666697344,15.240471775567325,14.754647191599398,14.970568656921387,74010
2015-07-07,14.903091292580442,15.114513388057597,14.80412666321394,14.849109649658203,205580
2015-07-08,14.709661453057205,15.20448117096801,14.412769279112533,14.88509750366211,93020
2015-07-09,14.957072155393577,15.699303490102759,14.952574542864104,15.146002769470215,440060
2015-07-10,15.83425715539813,15.879240153127151,14.799632763708345,15.307947158813477,532480
2015-07-13,15.222480733707497,15.627334629281469,14.88060544543849,15.555360794067383,372480
2015-07-14,15.474385187366419,16.225611750801757,15.294449797470346,15.559853553771973,958160
2015-07-15,15.483381438438515,15.744287599477037,15.384418511830082,15.433900833129883,331050
2015-07-16,15.474381236657358,15.595835620439411,14.925579981978776,15.258458137512207,240730
2015-07-17,15.298950288022827,15.298950288022827,14.844615831253986,15.172996520996094,152140
2015-07-20,15.204480258505367,15.244965630522318,14.862605118355106,15.128008842468262,135320
2015-07-21,15.114515515375652,15.262962480318823,14.579210350986381,14.687171936035156,136550
2015-07-22,14.637689439634826,15.195486093752557,14.42626560093362,14.930082321166992,112020
2015-07-23,14.849109794248454,15.32143973646711,14.849109794248454,15.056035995483398,158080
2015-07-24,15.18648816998792,15.352929005686867,14.889595978837402,15.002055168151855,178390
2015-07-27,14.853610891163415,15.155000714341499,14.786134686814599,14.930082321166992,81460
2015-07-28,14.849110624239396,15.276455887471284,14.628691573808593,15.011052131652832,97230
2015-07-29,15.177490099246148,15.420400598468227,14.867101696699546,15.02004623413086,142650
2015-07-30,15.119013736116754,15.852248133355328,14.786133779606336,15.559853553771973,1054770
2015-07-31,17.89900580670178,18.35334019740111,17.188262873855773,17.669588088989258,2901740
2015-08-03,17.714574943718517,17.80454265341369,16.643962801927753,17.071308135986328,384840
2015-08-04,16.958843150621306,17.44916519963471,16.82389249004686,17.323209762573242,128880
2015-08-05,17.42667578903272,17.94848633060052,17.00382816183731,17.38619041442871,265050
2015-08-06,17.37269019239915,17.81352988444556,17.125280388780016,17.300716400146484,116370
2015-08-07,17.30522340974136,17.521144882353713,16.92286107441403,17.035320281982422,196830
2015-08-10,17.01282500509226,18.16890526484881,17.01282500509226,17.422176361083984,432730
2015-08-11,17.36370095955765,17.903505499003195,17.00383183859106,17.116291046142578,214190
2015-08-12,17.093799653830768,17.543636486826315,16.643962820835224,17.120790481567383,303480
2015-08-13,17.45366273831857,17.53463347752239,15.834251386223626,16.329071044921875,408110
2015-08-14,16.55399914663831,16.82390234182853,15.505879962559474,16.374065399169922,174100
2015-08-17,16.522502876181978,16.814897436887247,16.194122269415523,16.513505935668945,141280
2015-08-18,16.733928647114883,16.751922530247292,16.108655794188408,16.288589477539062,164390
2015-08-19,16.482017578349392,16.688942063136498,16.212116225669767,16.468523025512695,219050
2015-08-20,16.468521021026724,16.7339247291205,16.212114252392656,16.360559463500977,251530
2015-08-21,16.37405956442243,16.47302248966839,15.870241132661855,16.288589477539062,163740
2015-08-24,15.856745881844981,15.942214248983248,14.08438879694044,14.534226417541504,328490
2015-08-25,14.340795577759227,14.817622304665834,12.680898545736428,14.403773307800293,312020
2015-08-26,14.313805578094026,15.694804295189225,14.052900291391959,14.813124656677246,151330
2015-08-27,14.966070065788784,15.366424530493324,14.583707768358522,15.235971450805664,223760
2015-08-28,15.357425757968393,16.365060792818717,15.357425757968393,15.609334945678711,127610
2015-08-31,15.487880545347895,16.59897794627829,14.736652226907768,16.167133331298828,213510
2015-09-01,16.144644961067268,16.365065782012035,15.042544288326384,15.69031047821045,186680
2015-09-02,15.65431985568828,16.1086559718409,15.474386170353247,15.771278381347656,35330
2015-09-03,15.744290477349066,16.00519668607819,15.199988275541525,15.586848258972168,119840
2015-09-04,15.667815152361701,15.829754944300644,14.952574636331569,15.2224760055542,87880
2015-09-07,15.199982562195387,15.397910093185574,14.68266966884696,15.132506370544434,63220
2015-09-08,15.051537556517971,15.294449818412971,15.047039943960383,15.2224760055542,60920
2015-09-09,15.559850662301177,15.74428363047569,15.11451159886037,15.190984725952148,91310
2015-09-10,15.345764300216688,16.57033103275754,15.20464446642786,16.119653701782227,128530
2015-09-11,16.556672869690516,16.661375297318223,15.750917592840501,16.137863159179688,99160
2015-09-14,15.937561835221588,16.6067488239681,15.937561835221588,16.47018051147461,90300
2015-09-15,16.574886202135055,16.706903016019286,16.20615012297723,16.2562255859375,32760
2015-09-16,16.29719232708531,16.665928317226374,16.11965335513006,16.56122589111328,119760
2015-09-18,16.829813536599595,16.829813536599595,16.48383858886242,16.58854103088379,58780
2015-09-21,16.338166281362568,17.844974688942674,16.042268514062698,17.53997039794922,897440
2015-09-22,18.118109675054622,18.464084607754558,16.9618278648929,17.116605758666992,1271650
2015-09-23,17.289590184637564,17.895045342112777,17.1985440743291,17.530860900878906,162670
2015-09-24,17.42160974736855,17.75392662713015,17.030112625946273,17.221309661865234,130220
2015-09-28,17.303246725006407,17.480787423936505,17.134812547445183,17.294143676757812,173270
2015-09-29,17.1302635173884,17.480789969038646,16.720556824145152,17.32145881652832,106880
2015-09-30,17.394294404070855,17.612804049491675,16.86622899349714,17.162128448486328,81220
2015-10-01,17.30780305419238,17.385191133946545,16.90264960945482,16.980037689208984,84690
2015-10-05,17.039216211979184,17.198545616889383,16.943618569033067,17.01190185546875,111910
2015-10-06,17.052876363434763,17.13937097692221,16.51115452814681,16.79339599609375,132390
2015-10-07,16.857124179362714,17.116604491396174,16.793392416626112,16.943618774414062,70240
2015-10-08,16.980034214425075,17.066528799462407,16.51570062123969,16.725107192993164,123950
2015-10-09,16.84347170732667,17.662883497127723,16.58399133616568,17.212207794189453,327580
2015-10-12,17.29869643868959,18.209154145989043,17.116604202605593,17.248620986938477,142470
2015-10-13,17.38974346050554,17.835867551880852,16.993694823483846,17.257726669311523,76100
2015-10-14,17.38973862807961,17.4216045017112,16.98458531771235,17.030107498168945,108260
2015-10-15,17.116606654275703,17.75392783529512,16.843469997587675,17.12571144104004,270690
2015-10-16,17.289593225016958,17.380639351335912,16.97093265118084,17.116605758666992,286510
2015-10-19,17.298693601653103,17.52175646744502,17.116601395432763,17.307798385620117,163060
2015-10-20,17.47168310452321,19.119610994476993,17.25317347297355,18.92386245727539,768790
2015-10-21,19.48379322818899,22.005761318053974,19.119610518015016,21.136274337768555,2840100
2015-10-23,21.30471375812743,22.033081094266834,20.93142617127321,21.190906524658203,1518590
2015-10-26,21.313812282096162,21.668890190480592,20.289547481854875,21.245527267456055,658310
2015-10-27,20.940525723264795,21.509561748353512,20.940525723264795,21.086198806762695,212690
2015-10-28,21.122622971924535,21.39575963433437,20.71291624174923,20.89045524597168,191020
2015-10-29,20.940530769319498,21.759942495589456,20.66739410608303,21.37755012512207,148900
2015-10-30,21.50956557427209,22.297111364688877,21.213666093970097,21.254636764526367,342060
2015-11-02,21.222768122215108,21.395755568366422,20.621866189858146,21.07709503173828,206940
2015-11-03,21.514115379704748,25.183260654019183,20.86313970087765,23.76294708251953,7787000
2015-11-04,23.762948101810178,23.835784653817488,22.124123076805116,22.237930297851562,1701840
2015-11-05,22.21517020924087,23.303167013976473,21.545984899976308,22.633981704711914,1129020
2015-11-06,22.697712484690175,22.71592205686526,20.762989723377054,21.85098648071289,585950
2015-11-09,21.668891126139346,22.470094821397552,20.662835851235478,21.541427612304688,577850
2015-11-10,22.2060636230719,22.38815586487742,20.945079450453495,21.891956329345703,496400
2015-11-13,21.942029894244435,21.942029894244435,21.140826183127565,21.436725616455078,278450
2015-11-16,21.80546296750151,25.310723780782638,21.62792225437705,24.591463088989258,4623760
2015-11-17,25.119529526787424,25.556548831150092,24.345640089961645,24.582359313964844,1595800
2015-11-18,24.673400953672864,25.538334619339903,24.172648238914025,24.368396759033203,811460
2015-11-19,24.368397296426647,25.72042739856364,24.368397296426647,25.05579376220703,1855400
2015-11-20,25.260648550514812,25.64759236153976,24.69616403701094,24.873703002929688,459400
2015-11-23,25.028483507683955,25.65214658439754,25.028483507683955,25.35624885559082,412210
2015-11-24,25.47460553410165,28.588370877044984,25.137737164122754,26.89036750793457,3021910
2015-11-26,26.767454592942933,27.081563593946466,25.952594578497468,26.207523345947266,520510
2015-11-27,26.571708433934354,26.571708433934354,25.50192129298537,26.10282325744629,416400
2015-11-30,26.230288891209927,27.040597518996673,25.793269561327907,26.13469123840332,316850
2015-12-01,26.849396096248366,27.22268359668946,26.403272052710477,26.694618225097656,480990
2015-12-02,26.858503989868016,27.222686747503307,26.098272591839375,26.498872756958008,302080
2015-12-03,26.40783013237768,27.040599819774762,26.257605484693908,26.485219955444336,161730
2015-12-04,26.321333942564365,27.18626951707142,26.13013864477081,26.31222915649414,505930
2015-12-07,26.412378360354413,26.80387545327975,25.684011150835566,25.957149505615234,198730
2015-12-08,26.152897787633677,26.19386845360834,24.882808878979368,25.20146942138672,157230
2015-12-09,25.201466128784666,25.27430266582786,23.85398932520561,23.999662399291992,287750
2015-12-10,23.94503311233822,24.76444630486628,23.94503311233822,24.62787628173828,212690
2015-12-11,24.664297707356923,25.46549966974592,24.18630779171484,25.046689987182617,321190
2015-12-14,24.855494477325983,25.447293370668227,24.632433313641194,25.08310890197754,197440
2015-12-15,25.256096672001824,25.40176976670578,24.855494793285814,24.99661636352539,107870
2015-12-16,25.042135237980023,25.265198111519496,24.855491501573542,24.941986083984375,92990
2015-12-17,24.8554983287276,25.265205051209254,24.50042032695051,25.133188247680664,86730
2015-12-18,24.97840608949342,25.265200746364687,24.946540209458856,25.019376754760742,143870
2015-12-21,25.451843390848367,25.451843390848367,24.787209726920715,24.978404998779297,57340
2015-12-22,24.96020175725716,25.369906730847735,24.764453188691714,25.00572395324707,273130
2015-12-23,24.864599961118667,26.02998647323076,24.69616576838225,25.060348510742188,278100
2015-12-24,25.060347587401235,25.2697524394727,24.56414807654305,24.73258399963379,137860
2015-12-28,25.028483013885946,25.028483013885946,24.25914685029463,24.518627166748047,93850
2015-12-29,24.491313610785955,24.59146452096077,24.03608472680644,24.25914764404297,83150
2015-12-30,24.259144638114865,24.937434618724254,24.145337431221733,24.318323135375977,373430
2015-12-31,24.04518940006769,24.31832603454986,23.890411510778367,24.09071159362793,110380
2016-01-01,24.555046442760027,24.555046442760027,23.826680891394687,24.181758880615234,85050
2016-01-04,24.045188723359256,24.063398294895023,23.32592801329965,23.72652816772461,121390
2016-01-05,23.94503616899159,24.218174513554505,23.69010913127178,23.808467864990234,145720
2016-01-06,23.717425277967013,25.31072644695107,23.571752167156166,24.668853759765625,1048960
2016-01-07,24.482210284691316,24.482210284691316,23.498915906120192,23.708322525024414,150220
2016-01-08,23.671897832936743,24.02242422077321,23.61727086263602,23.90861701965332,128110
2016-01-11,23.867650491049613,23.990562497931492,23.58085580832523,23.635482788085938,100000
2016-01-12,23.681007638785996,23.917726875697035,23.498915383758906,23.5444393157959,56290
2016-01-13,23.589957865285683,23.72197464294822,22.306212701781444,22.902563095092773,161030
2016-01-14,23.38966363776949,23.38966363776949,22.30621826440431,22.565698623657227,51580
2016-01-15,23.471600316694747,23.471600316694747,21.154485382416524,21.527772903442383,114880
2016-01-18,21.031577157889146,22.579354495951975,19.59305379182292,20.467092514038086,203680
2016-01-19,20.121113986410382,21.222766886042926,19.738721712042032,20.76753807067871,66760
2016-01-20,20.667388351185558,20.667388351185558,19.852528377026886,20.048276901245117,125660
2016-01-21,19.948127986167524,20.84948089707931,19.756932703501498,20.09835433959961,67800
2016-01-22,20.21216343927371,20.84948284424083,19.952683110530742,20.70380973815918,113920
2016-01-25,21.29560439898458,21.841879349666023,20.92231689227364,21.28194808959961,137520
2016-01-27,21.850984304106742,22.870697669051548,21.48680157968367,22.442781448364258,170020
2016-01-28,22.7614411215333,23.16659449564697,22.169643999685462,22.652185440063477,64880
2016-01-29,22.68860634521181,22.852489011891105,22.306214035146883,22.451887130737305,83320
2016-02-01,22.761437379796302,23.02547088695067,22.297103848861273,22.70225715637207,37520
2016-02-02,23.166594244707017,23.2166696924816,22.379048598819857,22.401809692382812,41630
2016-02-03,22.210615948435425,22.224272258199353,20.58089583627724,21.27739715576172,89060
2016-02-04,21.304712775125168,22.119572945941623,21.304712775125168,21.536880493164062,21650
2016-02-05,21.5459856565775,22.028527201261806,21.482252148950035,21.819122314453125,7890
2016-02-08,21.864638945705074,22.02852159333411,20.107455480776125,20.55358123779297,122180
2016-02-09,20.52627031102662,20.52627031102662,19.260734577713997,19.479244232177734,43930
2016-02-10,20.485298519561013,20.485298519561013,18.441320192078294,18.477739334106445,135330
2016-02-11,18.31385587088223,18.65527749801253,17.189440089833834,17.489891052246094,151000
2016-02-12,17.298694697169992,18.163630126652524,16.538463421658996,16.89354133605957,127130
2016-02-15,17.744821303009847,18.15452798430041,17.389743336931584,17.881389617919922,84670
2016-02-16,18.118106830302718,18.828264420215103,17.571831894720898,17.731163024902344,94680
2016-02-17,17.885945060376745,17.885945060376745,16.93451652807063,17.08929443359375,35420
2016-02-18,17.28958934645581,18.500497866142496,17.28958934645581,18.16362953186035,76460
2016-02-19,18.02706258721325,18.94207358990151,17.635567217075945,18.791847229003906,87270
2016-02-22,18.66892833341307,18.93751333746518,17.936011580785145,18.127206802368164,22420
2016-02-23,18.57333587229907,19.019459916245644,17.94511960216361,18.049823760986328,20920
2016-02-24,17.945120324203586,18.50050007352179,17.90415139505084,18.058927536010742,22320
2016-02-25,18.309304519856326,18.527814154900117,17.731163684057876,18.26378059387207,39250
2016-02-26,18.459524912421024,18.459524912421024,17.42160394920053,17.726606369018555,359650
2016-02-29,17.708404806576162,17.744822215363097,16.39734509559832,16.661376953125,134840
2016-03-01,16.925413064728737,17.24407368767462,16.729664470771723,16.875337600708008,62590
2016-03-02,17.298698309800344,17.66288108479984,17.0710838583556,17.31690788269043,76410
2016-03-03,17.40339962024309,18.778191026183652,17.40339962024309,18.454978942871094,170140
2016-03-04,18.500501441820017,18.632518234054746,17.85407726449471,18.46863555908203,88660
2016-03-08,18.650724660908033,18.650724660908033,17.785789238436877,17.990642547607422,24160
2016-03-09,17.94512347343223,20.4306747352811,17.94512347343223,19.747831344604492,504300
2016-03-10,20.476192132825165,21.341127586193185,20.303204694839536,20.630970001220703,186250
2016-03-11,20.671938266087075,21.614261676041107,20.303202339190307,20.517160415649414,143360
2016-03-14,20.803957808428148,22.26979345524325,20.667389507198937,21.149930953979492,231040
2016-03-15,21.168140952976586,21.77814766495488,20.485297696428955,20.65828514099121,80050
2016-03-16,20.49440936861184,21.295611628114504,20.11656847280175,20.34418296813965,31780
2016-03-17,20.576339354254866,20.75387828465104,20.307754328728397,20.37603759765625,12550
2016-03-18,21.632476154579642,23.617274309647286,21.222769476126107,21.48680305480957,5137300
2016-03-21,21.659792663138514,21.659792663138514,20.580898881580673,21.01336669921875,302630
2016-03-22,21.263737062105342,21.295602939526532,20.385145329640864,20.55358123779297,115090
2016-03-23,20.485297481009432,20.54902923976739,19.93902253420381,20.05282974243164,138030
2016-03-28,20.225821178278757,20.225821178278757,19.48379754790166,19.715965270996094,72880
2016-03-29,19.893498549898602,20.112008161585575,19.306252991674842,19.579389572143555,169700
2016-03-30,19.643127553275644,20.749333909269378,19.643127553275644,20.348731994628906,152730
2016-03-31,20.212158944805523,20.712909918541868,19.90260322907614,20.57634162902832,110420
2016-04-01,20.39425458524564,21.23187583943811,20.12111793702307,20.849483489990234,80090
2016-04-04,21.395758404504537,21.395758404504537,20.52171974578443,20.867692947387695,50410
2016-04-05,20.767542249229734,20.876797950986482,20.23037200009335,20.394254684448242,130360
2016-04-06,20.544479615852868,20.79485514980135,20.31231191711929,20.40791130065918,82770
2016-04-07,20.303210995610232,20.71291775573251,20.030074313235833,20.12112045288086,72100
2016-04-08,20.212161120604904,20.489849253332356,20.125666529906002,20.20305633544922,25100
2016-04-11,20.45798195227188,20.45798195227188,20.125665131697666,20.248577117919922,40750
2016-04-12,20.057385384329795,20.57634603760704,20.05283212298644,20.385149002075195,109430
2016-04-13,20.48529579557054,20.94052459102766,20.139322675109543,20.303203582763672,115960
2016-04-18,20.307760864325022,20.83582630215495,20.13477340156131,20.7402286529541,113030
2016-04-20,20.913213665341548,21.577849135413306,20.758435780059127,21.36844253540039,116970
2016-04-21,21.586957330150184,21.746288514585462,20.63097716978147,20.735679626464844,69990
2016-04-22,20.671943167658775,21.113515732607315,20.485299398160173,20.626420974731445,33900
2016-04-25,20.621866378992344,21.277397028710503,20.485298072487804,21.10896110534668,71780
2016-04-26,21.48680670638241,22.169650128810492,20.580900335207815,21.82367515563965,228790
2016-04-27,21.823674464897422,21.850988826091843,21.013367518295897,21.190906524658203,158010
2016-04-28,21.213667654143,21.38665513549866,20.80396265500873,21.090757369995117,54830
2016-04-29,21.21366287588351,21.80546174671234,21.21366287588351,21.25008201599121,76980
2016-05-02,21.12262373698275,21.30471427299775,20.221268897950146,20.799409866333008,132250
2016-05-03,21.38665244679348,21.42307159052581,20.762989371140264,20.995155334472656,184500
2016-05-04,20.849482894100973,21.582401687642232,20.849482894100973,21.040679931640625,254780
2016-05-05,21.16359149897642,22.288005657224378,21.058887327890307,21.650686264038086,385130
2016-05-06,21.750835146026837,21.750835146026837,21.16814274027346,21.350234985351562,45040
2016-05-09,21.759939279131604,22.033077638554524,21.39575653646134,21.52322006225586,67220
2016-05-10,21.942031029373325,23.67190032089598,21.450383035313482,22.656740188598633,2155630
2016-05-11,22.3881580991661,23.298615925934755,22.196961052533226,22.847938537597656,563820
2016-05-12,23.03002828623731,23.21667205090966,22.861594092889163,23.039133071899414,184710
2016-05-13,23.034581482267324,23.2166737356021,22.53838191531851,22.670398712158203,510050
2016-05-16,22.765993056650053,23.130177510417074,22.761441532430045,22.902563095092773,180180
2016-05-17,22.948087633075307,23.207567954187105,22.420022204919317,22.797863006591797,155550
2016-05-18,22.8524888320809,24.127129276747986,22.64763550034363,23.31226921081543,1476600
2016-05-19,23.312274105223327,23.508022692585186,21.937482468278475,22.210620880126953,345320
2016-05-20,22.392707993863958,22.424573876555957,21.495908280651403,21.887405395507812,144430
2016-05-23,22.306215266213673,22.80696634287187,21.942032507138588,22.59300994873047,175460
2016-05-24,22.80697138478894,22.852495325087496,21.76904985783245,22.01032066345215,126600
2016-05-25,22.124117178261304,22.579345941077875,21.759934515320033,22.10590934753418,115890
2016-05-26,22.21516389352781,22.388151314426874,21.850981220498163,22.03307342529297,46380
2016-05-27,22.306210659720378,22.761439448694265,22.105910617733475,22.34718132019043,176450
2016-05-30,21.668889335714322,21.8509815431983,20.621863484081402,20.73111915588379,471190
2016-05-31,20.986052642922164,21.57785163171094,20.76754296840222,21.027023315429688,570730
2016-06-01,21.07254489320646,21.345681521672827,20.489850756419035,20.813064575195312,127540
2016-06-02,20.740228291938376,21.122620618646014,20.740228291938376,20.89500617980957,64140
2016-06-03,20.940526534127375,21.295604471832878,20.57634381128068,20.65828514099121,61410
2016-06-06,20.667388380723303,20.667388380723303,20.335069825879682,20.43522071838379,59300
2016-06-07,20.430673439239126,20.48530042079098,19.857084054983137,20.11201286315918,128310
2016-06-08,20.48074877858071,20.48074877858071,19.84797915494115,20.13022232055664,172990
2016-06-09,20.17573883996868,21.031569409245165,19.847973571615995,20.517160415649414,111670
2016-06-10,20.94052728091368,21.031573399012316,20.061935453898354,20.854034423828125,97280
2016-06-13,20.758434031928402,21.195455030167874,20.335071079501528,20.963287353515625,111370
2016-06-14,21.213661872954322,21.213661872954322,20.439774284415208,20.803956985473633,129430
2016-06-15,20.854032588262818,22.488304099496304,20.776642786894712,21.45948600769043,1383160
2016-06-16,21.57784587489152,21.57784587489152,20.49440084162861,20.908658981323242,180830
2016-06-17,20.967844502229692,21.74628553204193,20.75843788102271,21.01336669921875,180550
2016-06-20,20.95873715358056,21.48680256228268,20.95873715358056,21.15448570251465,169380
2016-06-21,21.300161782224166,21.568746916991465,21.145383878518256,21.295608520507812,85750
2016-06-22,21.573291389638072,22.25613455277864,21.391200921403232,22.03307342529297,444540
2016-06-23,22.306210399337637,22.39270324307143,21.782696603504693,22.19695472717285,204140
2016-06-24,21.714414259685743,22.178747847331255,20.667388359650595,21.969341278076172,436550
2016-06-27,22.397257184957684,23.030024935651316,22.12411886451378,22.24247932434082,692930
2016-06-28,22.52016881787749,22.547481433904398,21.65978668182944,21.942028045654297,326930
2016-06-29,22.033085277237817,22.278907628414576,21.44583942427371,21.759946823120117,153370
2016-06-30,22.7614411215333,23.385104122026473,22.506512355810475,22.652185440063477,1570650
2016-07-01,22.843383833552952,22.852488618940832,22.23792862946088,22.388154983520508,291000
2016-07-04,22.483754309369697,23.0709999866729,22.42002254344105,22.743234634399414,295090
2016-07-05,22.579353736528137,22.94353826176288,22.54293632594097,22.761445999145508,91690
2016-07-07,23.125624517842315,23.125624517842315,22.30621296048353,22.697710037231445,117060
2016-07-08,22.57935114523755,23.034580012976694,22.306214519218187,22.784204483032227,490740
2016-07-11,23.12562436252551,26.758350240447417,22.397258924556276,25.715877532958984,9928810
2016-07-12,27.204474251992625,27.204474251992625,25.684009882769438,26.271255493164062,3380150
2016-07-13,26.489765203186735,26.7037233106874,25.483709897660958,25.93438720703125,1097410
2016-07-14,26.048193997192996,26.995069052907805,25.7659508745571,26.42603302001953,1078910
2016-07-15,26.42603809990555,26.894925062000695,25.948048087707253,26.06185531616211,402940
2016-07-18,26.28491606674215,27.90552975405246,26.28491606674215,26.990520477294922,1770880
2016-07-19,27.07246156836027,27.49582455816411,26.858503442861895,27.12708854675293,391150
2016-07-20,26.85850303090938,29.107332998505164,26.435140047599035,27.73709487915039,2291960
2016-07-21,27.77806331437865,28.023887298462746,27.13163747510863,27.436641693115234,312370
2016-07-22,27.504923541591214,28.451800288749638,27.231786953443248,27.550447463989258,606050
2016-07-25,27.040594896309457,28.078516138250617,27.040594896309457,27.673362731933594,291280
2016-07-26,27.800825627938742,28.08762028861681,27.222684782185922,27.45940399169922,209770
2016-07-27,27.41388298680349,27.996575382147252,26.808427758811355,26.97686195373535,255830
2016-07-28,27.15440239119654,27.586868422094884,26.949549055393994,27.18171501159668,138630
2016-07-29,27.24089741519464,27.555004730683873,26.644546931695494,27.045148849487305,173320
2016-08-01,27.067910959694675,28.07851971007553,26.858506074868526,27.03604507446289,302910
2016-08-02,27.036039453620564,27.768958134697446,27.036039453620564,27.372909545898438,154780
2016-08-03,27.327387298735257,27.668808936097008,27.040594373674768,27.122535705566406,127440
2016-08-04,26.999627692628522,27.586871675776816,26.97231333244654,27.15440559387207,144180
2016-08-05,27.040597324578954,27.31373396965129,26.940446410990894,27.045148849487305,86220
2016-08-08,27.31373344871196,27.31373344871196,26.494321792562683,27.099775314331055,82310
2016-08-09,27.049698352711005,27.313731928232873,26.954100707736664,27.063356399536133,95710
2016-08-10,26.949548139663882,27.022384685856476,26.403273174939297,26.567155838012695,118560
2016-08-11,26.567155061550785,26.835740143391256,25.975357923962008,26.4396915435791,102060
2016-08-12,26.503422078653497,26.9404413228553,25.13773563810278,25.67490577697754,256670
2016-08-16,25.583864408189854,25.94804717918208,24.309223841436857,24.891916275024414,148760
2016-08-17,24.80997100022291,25.492814238761156,24.236383443937253,25.3653507232666,90130
2016-08-18,25.579311626002436,26.180213643538476,24.996619181497294,25.4427433013916,194050
2016-08-19,25.246988579016808,25.693112590172973,25.210571178391834,25.328929901123047,35020
2016-08-22,25.219676754563533,28.76135633868974,25.219676754563533,27.46395492553711,1287640
2016-08-23,27.4047767101225,27.97381276416757,26.412377692943085,26.772008895874023,411300
2016-08-24,26.503421091153466,27.741642236923273,26.503421091153466,26.98141098022461,182410
2016-08-25,26.85850123780617,27.131637843905548,26.22118017482737,26.4396915435791,61080
2016-08-26,27.131638201412866,27.131638201412866,26.202972686502058,26.284914016723633,109710
2016-08-29,26.38051342733814,26.858503394677108,26.221182280518267,26.6900691986084,103900
2016-08-30,27.24999830506877,27.24999830506877,26.48521372435097,26.539840698242188,136930
2016-08-31,26.894922785617062,26.949549764414833,26.42603586320846,26.55350112915039,139720
2016-09-01,26.680963849292564,26.694620159437722,25.866103770465838,26.02088165283203,61160
2016-09-02,25.866101321009552,26.394166680859428,25.684009099036437,25.856996536254883,79220
2016-09-06,25.856995553966463,26.22117824751753,25.292512813102327,25.69766616821289,118120
2016-09-07,25.93438895822642,26.212078843335004,25.674908644466665,25.834238052368164,40370
2016-09-08,26.075510466301875,26.121034397592176,25.67491029030971,25.970808029174805,87120
2016-09-09,26.002838470525926,26.1035187985088,25.764867897128333,25.888429641723633,46770
2016-09-12,25.764871123307174,25.764871123307174,25.16994548818897,25.34842300415039,77820
2016-09-14,25.311811569397047,25.728259663665188,25.26147140211074,25.641307830810547,50970
2016-09-15,25.893006455486955,26.08521244608176,25.6550358868409,25.957075119018555,164660
2016-09-16,25.893004428923444,26.8174261385852,25.860968353924854,26.5611515045166,216510
2016-09-19,26.199619123696507,27.073702416771017,25.778595514598422,26.034870147705078,54690
2016-09-20,26.428440422149823,26.428440422149823,25.53605117563048,25.623003005981445,91390
2016-09-21,25.74656720277625,26.08979375766741,25.270627706756652,25.50859832763672,38910
2016-09-22,25.641307126852176,25.98911095724151,25.44452379417564,25.504016876220703,87040
2016-09-23,25.66419189334275,25.90216074490866,25.270625203403156,25.293506622314453,76070
2016-09-26,25.62757753590997,25.893006855487183,24.895361733180042,25.115026473999023,90760
2016-09-27,25.183672329571483,25.4033370843992,24.98688899271201,25.110450744628906,67740
2016-09-28,25.169946810628964,25.169946810628964,24.620783985612597,24.767227172851562,168810
2016-09-29,24.80383901505336,25.160794068213555,20.639355829975514,23.59110450744629,151250
2016-09-30,23.613981449122043,25.169942211395277,23.34855387540495,24.305011749267578,315550
2016-10-03,24.30501145928332,25.078414500448584,24.300434128594087,24.7855281829834,69750
2016-10-04,24.831293478516265,25.169944407764664,24.22721495238914,24.391963958740234,102790
2016-10-05,24.410274275544587,25.07842159448104,24.410274275544587,24.730619430541992,68340
2016-10-06,24.730619181798964,24.812993699276642,24.254677913203633,24.359933853149414,52580
2016-10-07,24.56128753599314,24.61162770204783,24.053313781712838,24.410268783569336,22830
2016-10-10,24.268399539803298,24.71230634199072,23.87025731532291,24.657390594482422,52670
2016-10-13,24.437729239666435,24.588748002642717,23.87483620330469,24.16314697265625,50980
2016-10-14,24.22721602880348,24.22721602880348,23.934329669273197,24.08992576599121,20290
2016-10-17,24.007547795277034,24.556710513031728,23.888563383537925,24.300434112548828,46590
2016-10-18,24.437728950037105,25.023501652865143,24.24552119083393,24.520103454589844,132300
2016-10-19,24.456034157666664,25.160793064119016,24.337049726608424,25.032655715942383,58620
2016-10-20,25.26147310970345,25.26147310970345,24.405695445209343,24.661970138549805,78930
2016-10-21,24.716889377103424,25.16079631309412,24.43773322477739,24.817569732666016,46450
2016-10-24,25.124181818678306,25.124181818678306,24.410270032692726,24.680274963378906,61290
2016-10-25,24.82672113257636,25.078420260348377,24.529257416101803,24.744346618652344,49360
2016-10-26,24.712314856904385,25.353005199638943,24.712314856904385,25.124187469482422,102660
2016-10-27,25.183671481785513,25.32553906159728,24.286706659999442,24.483489990234375,46410
2016-10-28,24.492649546054064,24.895369231725763,24.483496627545538,24.790111541748047,188820
2016-11-01,24.712310220254352,25.078418170665596,23.870261061438292,24.172300338745117,76960
2016-11-02,24.16314500140029,24.2363665841481,23.371436092395776,23.755849838256836,83490
2016-11-03,23.613985967843085,24.025858526595208,23.343981011714586,23.83365249633789,100240
2016-11-04,24.076197517176045,24.076197517176045,23.513306211695028,23.85195541381836,71350
2016-11-07,24.78095757207912,24.78095757207912,23.156350507861056,23.751277923583984,170120
2016-11-08,23.97551764163241,24.245522589747218,23.43093215965936,24.062469482421875,23160
2016-11-09,19.692049970476095,23.54991638855557,19.692049970476095,23.408050537109375,56940
2016-11-10,23.916022615804962,24.259249128203507,23.156348004859126,23.494998931884766,165530
2016-11-11,23.472121911004635,24.06247204190898,23.25245711140455,23.95721435546875,41550
2016-11-15,24.20890973799938,24.20890973799938,21.966495915042678,22.259382247924805,89330
2016-11-16,23.778734889666346,23.829075062825297,22.758208160389305,23.508729934692383,88120
2016-11-17,23.339405297669238,24.199760334704386,23.334829711815125,23.87483787536621,89890
2016-11-18,23.797040695662755,24.25467609365627,23.38516813917239,23.87483787536621,39720
2016-11-21,23.61398749632641,23.7055149315002,22.245658537857402,22.401254653930664,97610
2016-11-22,22.694140491494178,22.694140491494178,21.998534445325937,22.67583465576172,48480
2016-11-23,23.014477916698336,23.01905350122689,22.515655407566378,22.836000442504883,25170
2016-11-24,23.22042202042601,25.572667804111514,23.060248575695393,23.44923973083496,1161050
2016-11-25,24.08992558893174,24.39196486319493,23.737546144667956,24.04416275024414,191880
2016-11-28,24.071622677006026,24.341627647813375,23.980096988521314,24.025859832763672,38850
2016-11-29,24.254671623180887,24.346199035057907,23.52245581964508,24.021278381347656,72030
2016-11-30,24.346199372599965,24.391962206302853,24.00297288260769,24.23179054260254,35840
2016-12-01,24.378228789781556,26.1584295462683,24.039577953148104,24.854169845581055,717760
2016-12-02,24.959436068544488,24.959436068544488,24.314170200238994,24.46518898010254,88540
2016-12-05,24.712309090082872,24.95943259996138,24.053314809480515,24.433151245117188,82640
2016-12-06,24.52925581122449,24.986891193864803,24.26840378277875,24.547561645507812,88450
2016-12-07,25.444527353737357,27.064557076747427,24.96401053643518,25.174522399902344,2437740
2016-12-08,25.34384752681939,25.627580970181945,24.73519164082217,25.105876922607422,178210
2016-12-09,25.169947448150324,25.426223905179903,24.904518073468914,25.02350425720215,53450
2016-12-12,24.89535956168481,25.984530255025252,24.620777350306362,25.270620346069336,257550
2016-12-13,25.261472362631192,25.444525460212212,25.073841933809938,25.215707778930664,28350
2016-12-14,25.31181460019443,27.39405532085941,25.270627344368506,25.828941345214844,1918060
2016-12-15,25.902163099329616,27.44439566364793,25.62300697005286,26.236238479614258,979630
2016-12-16,26.501661684901677,26.72590376298798,25.947923358874586,26.103519439697266,242490
2016-12-19,26.021149512474846,26.268273051148398,25.636735700896168,25.755720138549805,114860
2016-12-20,25.806060439508695,26.0669124830332,25.30266218780119,25.513174057006836,98130
2016-12-21,25.623004571813087,25.961653760562633,24.964008536209025,25.211132049560547,172950
2016-12-22,25.00061996315237,25.618426994864762,24.79010637283125,24.922821044921875,67630
2016-12-23,24.808415140060887,25.1562190290364,24.748923793734996,24.94570541381836,64980
2016-12-26,24.80841074490919,24.80841074490919,23.472116423326604,23.755849838256836,189820
2016-12-27,24.00755377795941,24.437732191175456,23.824500656917778,24.14484405517578,243230
2016-12-28,24.437732402347944,26.085219234661928,23.815347944798916,25.53148078918457,502580
2016-12-29,25.92961423580958,26.886072016524917,25.61842211366124,26.318603515625,786450
2016-12-30,26.26826899777997,26.54284950122063,25.902159332205404,26.076061248779297,193040
2017-01-02,25.95707828081792,26.355220556790194,25.95707828081792,26.066909790039062,109710
2017-01-03,26.176741991380933,30.336647332677273,26.098943075218717,28.963741302490234,7315660
2017-01-04,29.041539797847527,29.72341551300111,28.81272211571055,29.155948638916016,1263870
2017-01-05,29.28866455215024,30.62495903438668,29.28866455215024,29.993423461914062,2350210
2017-01-06,30.66156708304057,31.897181076361953,30.570041413713238,30.972759246826172,6201410
2017-01-09,31.087173053807717,31.393787935747447,30.753097673491162,30.913272857666016,800310
2017-01-10,31.11920065001405,31.201575144335063,29.55408874939508,29.71883773803711,448230
2017-01-11,29.929359388365288,30.634118406467007,29.563249628591443,30.336654663085938,456500
2017-01-12,30.478517664385983,31.027682252295943,29.8515593860679,30.437332153320312,645580
2017-01-13,30.652421161284106,31.44870579351647,30.18563108993746,31.004798889160156,1174010
2017-01-16,30.66157121060489,31.393787138233595,30.492244858926618,30.858354568481445,430830
2017-01-17,30.908690550075267,31.393782881705327,30.318340556488256,30.44647789001465,247020
2017-01-18,30.753092298766493,33.09618640867915,30.698178294572255,32.74380874633789,2520980
2017-01-19,32.5836351739846,34.025187209321686,32.40058382913213,33.59043502807617,2192700
2017-01-20,33.407384463740634,34.826053516644365,33.13738125151993,34.65673065185547,3217140
2017-01-23,34.94503388807267,35.100628223515855,33.691114068306554,34.45536422729492,2417780
2017-01-24,34.5789193597089,35.15096343853669,34.414170385688095,34.597225189208984,452950
2017-01-25,34.88555240157333,37.93798005990132,34.629274171606,36.94491195678711,4467470
2017-01-27,36.940330036468794,38.79832864268344,36.876261359804914,37.905941009521484,2649260
2017-01-30,38.899008263191554,42.22144218187411,38.899008263191554,41.31074523925781,7993810
2017-01-31,41.370243173849104,41.827878599463624,40.46412349488062,40.63802719116211,3687600
2017-02-01,40.81192607960065,40.81192607960065,37.80068423822722,40.04309844970703,2527780
2017-02-02,40.27190405505337,40.82106498648481,38.99967855376918,39.46646499633789,1126530
2017-02-03,39.539688035889064,40.59224706225642,39.539688035889064,40.349700927734375,1108370
2017-02-06,40.70666011241009,43.24653752221149,40.70666011241009,43.03144836425781,4390840
2017-02-07,43.29230623118783,46.953389269621994,41.55329388282012,46.40422821044922,2824168
2017-02-08,46.44999013386262,55.648460388183594,46.44999013386262,55.648460388183594,5491129
2017-02-09,55.28235459399984,57.06712976000301,51.25516190488114,53.543338775634766,2998108
2017-02-10,53.817920647508565,55.83151704241649,53.08570472885503,54.55013656616211,2867684
2017-02-13,54.91625104631696,55.28236078321822,51.07211277477853,52.85689163208008,817879
2017-02-14,53.13146197792542,53.26875397574818,50.47717911568984,50.934814453125,573075
2017-02-15,51.072107251496284,51.94161516399142,47.136443717102345,47.77713394165039,1083427
2017-02-16,48.051713069567505,51.1636349316175,45.03132037491941,49.69919967651367,1593854
2017-02-17,49.88226293559798,53.81792701937642,49.88226293559798,51.34669494628906,1143902
2017-02-20,51.62126681463768,53.26875331053452,51.30091998754519,51.57550048828125,566163
2017-02-21,51.71279774474817,52.0789074439582,49.97378191072182,50.38565444946289,474575
2017-02-22,50.477170755826,50.98056884533742,48.32628293121545,48.738155364990234,545961
2017-02-23,48.92121239707737,51.7127869220046,48.60086560444236,49.516136169433594,667390
2017-02-27,49.74496287549298,50.52294509239197,48.69240362883777,49.058509826660156,405463
2017-02-28,49.47038406885568,50.70600169446863,49.058511526984695,49.744964599609375,321150
2017-03-01,50.15683503908098,50.79752524497136,49.24156431394636,49.69919967651367,360606
2017-03-02,50.294123126833625,50.70599561935796,48.64663664821675,48.96697998046875,426100
2017-03-03,49.058509826660156,49.88225488185185,48.18900542465652,49.058509826660156,254728
2017-03-06,50.706001309141875,50.706001309141875,49.51614653244971,50.38565444946289,631186
2017-03-07,50.56870550003545,52.628064547548206,50.06530732005067,51.11786651611328,744432
2017-03-08,51.66703487729416,52.07890741581263,50.20259957272634,50.70600128173828,369133
2017-03-09,50.88904664290332,51.16363063054538,48.41781868596828,49.607669830322266,328095
2017-03-10,50.15683503908098,51.11786860217619,48.509348432134814,49.69919967651367,256982
2017-03-14,50.98058008829443,51.1636349316175,49.47038199523002,49.69919967651367,195359
2017-03-15,49.653441737745894,50.11107714546705,48.87546294121235,49.15004348754883,246543
2017-03-16,49.60767889526999,49.88225944160647,48.96698862616415,49.15004348754883,214039
2017-03-17,49.65344320501,52.58231059926996,49.42462549438784,51.30093002319336,1366260
2017-03-20,51.987373085441966,53.90944357726425,51.71279258417607,53.36027908325195,1241551
2017-03-21,53.68062333680338,53.86367466788241,51.483972449051706,52.17042541503906,475744
2017-03-22,51.30091687998413,52.17042465587816,51.255154047880296,51.66702651977539,245639
2017-03-23,51.987373751012406,53.45180892897985,51.712793246231186,53.13146209716797,460355
2017-03-24,53.17721600616793,54.27554133240388,53.17721600616793,53.589088439941406,373533
2017-03-27,54.000975285332636,54.000975285332636,51.80432404662505,51.94161605834961,292508
2017-03-28,52.399248634189455,56.15185718345179,52.170430954564175,53.909446716308594,1536694
2017-03-29,54.04673281232612,54.6416601493401,53.40604263972966,53.863677978515625,351966
2017-03-30,54.504376283437445,57.1586630410211,53.81792317283626,56.47220993041992,1456170
2017-03-31,58.66885469169898,62.101120063478895,58.02816794881811,60.22481918334961,4322048
2017-04-03,60.72821290695539,62.787572095847366,59.03496341490322,60.13328552246094,1137667
2017-04-05,60.590920893226524,60.819738580864026,59.30954742882582,59.72141647338867,644995
2017-04-06,59.034963101148605,59.40107279604263,58.21121803337746,58.577327728271484,436338
2017-04-07,58.57733574836927,59.858716364457365,57.47901000479109,58.25699234008789,713796
2017-04-10,58.85191138945846,59.62989012205483,58.02816632666635,58.485801696777344,428806
2017-04-11,58.80613531922888,61.96381605680486,58.57731767207235,60.9570198059082,1592551
2017-04-12,61.27737355309273,61.78077525576882,58.760379005635485,60.68245315551758,821018
2017-04-13,60.68245074366074,60.91126842069873,59.30954468143277,59.58412170410156,373204
2017-04-17,61.2316103626662,61.414661706899,59.76717865992035,60.04175567626953,587166
2017-04-18,60.407869536301185,61.3231402868512,59.26378109811366,59.72141647338867,559387
2017-04-19,61.32313285449307,61.46042484702813,59.309540240514934,60.45362854003906,896188
2017-04-20,61.82655000483777,62.421470483420705,60.86551279903638,61.277381896972656,856803
2017-04-21,61.780772101610225,62.055356104135214,60.72820940254609,60.865501403808594,608421
2017-04-24,61.09431519458825,62.00958583420754,59.95022689506412,60.45362854003906,728023
2017-04-25,60.316327914101166,61.32312407698204,59.85869265979533,60.36208724975586,849400
2017-04-26,60.59092478573288,60.865508821722486,58.76038316703446,59.30955123901367,409426
2017-04-27,59.40107345581055,60.3163442117307,59.08073008783083,59.40107345581055,384557
2017-04-28,59.62989114687706,60.31634421384119,58.85191240091004,59.81294250488281,403922
2017-05-02,59.492599487654566,60.179052558665965,58.806146416643166,59.08073043823242,282501
2017-05-03,60.17904455496895,61.506184189232606,60.08751888759918,60.45362854003906,721969
2017-05-04,61.00279937759531,61.00279937759531,59.62989319647747,59.76718521118164,257445
2017-05-05,60.68245323669089,60.68245323669089,58.11969235539436,58.577327728271484,305910
2017-05-08,58.577321833475125,59.9502278139472,58.577321833475125,58.851905822753906,201240
2017-05-09,60.04175774758385,60.865502790971235,59.950232072310015,60.407867431640625,448802
2017-05-10,60.636681236811505,60.72820690623714,59.76717690282652,59.995994567871094,210033
2017-05-11,60.133285517951514,60.819738580864026,59.49259878575116,59.72141647338867,317601
2017-05-12,59.95023174286973,60.86550245650133,59.30954503651216,59.6756477355957,522779
2017-05-15,59.675647019954006,60.17904869959904,59.263777996943546,59.49259567260742,386811
2017-05-16,59.49259569849004,60.31634072783063,59.49259569849004,59.90446472167969,261627
2017-05-17,59.95021131048858,69.83513444189013,58.5773057079583,69.148681640625,4451564
2017-05-18,67.36392950376369,69.97244988795953,65.30457020314138,66.21984100341797,1554097
2017-05-19,66.81477762252345,68.91990354628132,64.61812600272461,65.76221466064453,1252406
2017-05-22,66.31136812875,76.88274889499696,66.31136812875,74.86915588378906,4937652
2017-05-23,75.05221164320608,77.52344020900465,69.6521120917975,71.71147155761719,2063638
2017-05-24,71.8487548828125,75.28102024345641,70.47584873855494,71.8487548828125,1688281
2017-05-25,71.98605358556814,74.31999005798889,70.75043933746745,71.3453598022461,911445
2017-05-26,69.83516497971257,73.86235092179275,64.06895613442913,68.82836151123047,1315299
2017-05-29,69.42328507711886,70.47584783751829,67.22663387779869,68.41648864746094,590683
2017-05-30,68.6452885263974,68.73681418117395,65.8994769853415,66.58592987060547,340063
2017-05-31,67.50121694215586,68.18766999580491,64.3435356885549,64.98422241210938,585331
2017-06-01,64.98421625323495,68.187663533324,64.38928893319766,65.99101257324219,1861559
2017-06-02,66.35713025667941,67.73003639992106,65.44185949451833,65.6706771850586,1415638
2017-06-05,66.4486562271167,67.54698533629393,66.35713054709238,66.81476593017578,817533
2017-06-06,67.68427643547427,67.73004277107212,65.53339133866109,66.1283187866211,688758
2017-06-07,65.71644625304307,66.49442503668575,65.44186221977529,66.21984100341797,295702
2017-06-08,66.3571239270662,66.49441592488682,65.07574358567547,65.2130355834961,360391
2017-06-09,65.35033170845067,67.95885189993673,64.43506097579159,67.4096908569336,2968800
2017-06-12,67.13510151930424,67.13510151930424,63.15367554460606,64.70963287353516,1756080
2017-06-13,64.89269602534792,66.17407644140789,64.57235266707329,64.8011703491211,576435
2017-06-14,65.44184901227223,65.71643299012335,64.25199441886484,64.4808120727539,504333
2017-06-15,64.48082353273375,64.80117389148184,63.42826772414504,63.65708541870117,430832
2017-06-16,63.88592173500729,64.38931661998542,62.37572311414508,63.2452278137207,418648
2017-06-19,63.65707147662582,64.52657573231687,62.9706185433033,63.19943618774414,361712
2017-06-20,63.382495142505064,63.79436415891088,61.32313609455364,61.506187438964844,499493
2017-06-21,61.50619088995157,62.421461629283954,60.68245281092168,61.0027961730957,422524
2017-06-22,61.231598422712835,62.46721221274663,59.950218314064536,60.36208724975586,471606
2017-06-23,60.865498467595245,60.91126479346202,58.577321833475125,58.851905822753906,412117
2017-06-27,59.950229432358576,63.382494476195895,59.62988609152598,62.787567138671875,1333915
2017-06-28,62.467212064942316,62.78755534560647,60.49937907949137,61.323123931884766,343006
2017-06-29,62.23840157303022,63.336723513487684,61.002787644275415,61.96381759643555,613932
2017-06-30,62.23840849813242,62.46722617643438,60.95702810304918,61.36890411376953,214949
2017-07-03,62.69604838642213,64.16048023681188,62.238412996740216,62.604522705078125,433711
2017-07-04,62.558749760750565,63.01638510206251,60.77397472281844,61.4146614074707,276583
2017-07-05,61.50620276773478,62.46724002280932,60.72822388565501,61.09433364868164,441506
2017-07-06,61.506187767296986,62.558750460683186,60.63668340226038,61.18584442138672,508224
2017-07-07,61.18584647408719,62.05535785125592,60.86550311742985,61.14008712768555,317558
2017-07-10,61.32313642190861,62.14688144207873,61.00279307599835,61.18584442138672,66300
2017-07-11,61.2316128034503,62.37570120791326,60.9570287931946,61.14008712768555,287523
2017-07-12,61.32314146099183,64.80117317285966,61.14009010056164,63.885902404785156,1741793
2017-07-13,64.70964615198706,65.30457359970205,63.24521419197026,63.93166732788086,851909
2017-07-14,64.06896140718197,64.06896140718197,61.68925852293631,62.10112762451172,414492
2017-07-17,62.10114008868163,63.565572389604505,61.78079661394288,63.10793685913086,381374
2017-07-18,63.10791597183602,66.21983794567376,62.375703555202364,64.5265884399414,2937895
2017-07-19,65.167273423089,66.26560249291548,64.98422206959869,65.3045654296875,1720359
2017-07-20,65.67068505000869,65.89950276795297,63.88590964322833,64.20625305175781,1116668
2017-07-21,64.43507652906116,64.43507652906116,63.15369579744784,63.428279876708984,433363
2017-07-24,64.0231790385369,64.0231790385369,62.741805717623116,63.06214904785156,397190
2017-07-25,63.61129952170632,63.65706583972597,62.7875546780707,62.92484664916992,255078
2017-07-26,63.88590635074981,64.06895772248632,62.28418240768765,62.833343505859375,291288
2017-07-27,63.06214902650164,63.97741967425069,62.28417037250713,62.42145538330078,349523
2017-07-28,62.23840954318932,63.47402363017505,61.68924850263583,62.284175872802734,335234
2017-07-31,62.513016937505654,65.67069933901847,62.513016937505654,64.02320861816406,499040
2017-08-01,64.4350634690375,64.80117317285966,63.611318381178094,63.885902404785156,181523
2017-08-02,64.80116435610739,65.53337668116617,62.970623069019176,63.38249206542969,228485
2017-08-03,63.61130972631572,64.89269002386963,63.06214873678142,63.38249206542969,436529
2017-08-04,63.702835708308456,64.52658068815366,62.69603939203582,63.06214904785156,300499
2017-08-07,63.290978171438816,63.93166494791979,63.19945248665041,63.474029541015625,122275
2017-08-08,63.931662987297464,64.02318866927901,61.414668326514395,61.64348602294922,197549
2017-08-09,61.32313706849858,61.78077241975603,56.01456769220827,58.440032958984375,402522
2017-08-10,58.11968885002824,58.94343386811694,55.46540245083629,56.15185546875,392477
2017-08-11,54.91624024232379,55.831510913029184,50.75175938891034,53.03993606567383,691043
2017-08-14,56.1976231602733,56.1976231602733,54.00097205304854,55.282352447509766,273108
2017-08-16,56.1518612795492,57.61629663086527,56.0145727566477,57.250186920166016,429272
2017-08-17,57.70781087456238,59.034953948443594,57.66204804266584,57.982391357421875,386519
2017-08-18,58.577321816146224,59.49259246952351,56.88407250399043,58.211212158203125,513529
2017-08-21,58.57733410039676,59.49260494571546,57.25019067638841,57.57053756713867,229326
2017-08-22,57.936636834597614,58.25698368677696,56.74678557724192,57.341712951660156,235522
2017-08-23,57.66205631235873,57.936636834597614,57.15865810634064,57.341712951660156,120568
2017-08-24,58.760378029550736,59.49259740619621,57.84511079170539,58.71461868286133,344705
2017-08-28,59.263782851544214,59.95023593476674,58.71462178155858,59.355308532714844,174695
2017-08-29,59.034953948443594,59.034953948443594,56.56372261974757,57.982391357421875,155836
2017-08-30,59.218017943830134,59.446835643741316,58.57733117726362,58.897674560546875,291278
2017-08-31,58.623094058743845,59.904467516430486,58.394272880824474,58.577327728271484,253235
2017-09-01,58.577334429679865,61.002803580001284,58.577334429679865,60.27058410644531,627459
2017-09-04,61.140105656838095,64.02320372346882,60.865521563366805,61.872318267822266,1067636
2017-09-05,62.14688318415427,63.15367957793486,60.91126911074348,61.46043014526367,337249
2017-09-06,61.140101225955945,62.101131517531535,60.45364802498921,61.68926239013672,280626
2017-09-07,61.73500751163713,62.192642873422315,61.048554468959345,61.14008712768555,292258
2017-09-08,61.41527818472352,61.690480152159246,59.855819032392425,60.08515167236328,303433
2017-09-11,60.085147407691984,60.54381265507895,59.16781691291806,59.351280212402344,245538
2017-09-12,59.6264898608994,61.91981639401091,59.39715720758824,60.406219482421875,326935
2017-09-13,60.77315072367962,62.19501591744024,59.855820146718415,61.00248336791992,240730
2017-09-14,61.0024892199889,65.31394054584041,59.76409422202539,63.89208221435547,3188574
2017-09-15,63.84620320905363,64.21313681918427,61.094211631088584,61.73634719848633,2014751
2017-09-18,61.873944327189854,62.974745213601196,61.46114836895863,61.96568298339844,943163
2017-09-19,62.37848247248706,62.65368445933658,61.00248653559396,61.644615173339844,621226
2017-09-20,61.69047566568775,62.24087256185455,60.4520808996434,60.72727584838867,337129
2017-09-21,60.72729476697261,62.97475937460547,60.17689769933872,61.7822265625,1083554
2017-09-22,61.36941654262779,62.56194208461392,59.62648705961147,59.85581970214844,559767
2017-09-25,59.58060584574457,59.94753940033856,55.03982322883579,57.0120849609375,625790
2017-09-26,56.41583769108678,58.70916442649681,56.41583769108678,57.42490005493164,349110
2017-09-27,58.06702268777356,59.030219058317,56.32409675520406,56.73689270019531,370674
2017-09-28,56.73688995086125,58.25048667361161,56.59929247564458,56.92035675048828,247050
2017-09-29,57.19555779575675,59.901687089216146,56.59929504408355,58.11288833618164,610714
2017-10-03,58.52568982244284,58.89261995181979,57.516627592483204,57.7459602355957,390441
2017-10-04,58.70915880722427,59.35128743220744,57.92942919155124,58.525691986083984,764901
2017-10-05,59.259549375965044,59.9016849303255,57.79182196391827,58.067020416259766,788786
2017-10-06,58.47982824183258,59.534759876518756,58.1587639178874,58.57155990600586,372769
2017-10-09,58.067029138958716,62.195020541531534,58.067029138958716,61.185951232910156,1764335
2017-10-10,61.644605490460094,62.79126859109124,61.461142193829566,61.91980743408203,929100
2017-10-11,62.37847314920522,62.65367509492219,59.90168363245726,60.63554382324219,787464
2017-10-12,61.461139040808696,62.332600153111045,60.81901053686758,61.69047164916992,495466
2017-10-13,61.73634097031249,62.791265369833496,61.09420546769558,61.69047164916992,693907
2017-10-16,62.28674970624367,62.516082358329484,59.99342318538548,61.36941909790039,507650
2017-10-17,61.415281757255514,61.415281757255514,60.0851551675217,60.406219482421875,211103
2017-10-18,60.63554623219412,61.32354412514339,60.03927999190279,60.68141555786133,298346
2017-10-19,60.681421818398604,61.91981675373792,60.40621983335555,61.14008712768555,223113
2017-10-23,61.18594799075684,61.919815267471755,59.21369280710492,59.488887786865234,461278
2017-10-24,59.901686457260844,60.54381502931325,58.75502329382688,58.98435592651367,371842
2017-10-25,59.16783283753117,60.17689525362941,58.7091674666976,59.12196350097656,389781
2017-10-26,59.12195244655941,61.185946229392115,58.84675747472115,59.85581970214844,427609
2017-10-27,60.40621074151368,63.249933831343704,60.268609769702714,61.91980743408203,1064621
2017-10-30,62.607815827889056,63.20408214027108,61.23181987562776,61.415283203125,651458
2017-10-31,61.46113516225811,63.29579591337029,60.773137380591045,62.65366744995117,1042467
2017-11-01,64.21313278228703,64.39659607648028,62.60780446272985,63.11233901977539,1845231
2017-11-02,63.70860322132654,70.40511896466788,61.91981146729748,66.23126220703125,4256956
2017-11-03,66.78166493722802,70.08405342342579,66.41473132794461,67.74485778808594,2257596
2017-11-06,67.28620627597934,69.62540238933016,65.13048050410032,68.20353698730469,1600371
2017-11-07,68.1117896524736,69.8547190029119,64.7635319263878,65.68086242675781,1161507
2017-11-08,66.09366682226606,69.21258499400504,65.72673321421546,66.27713012695312,1053994
2017-11-09,66.96513781584669,67.88246847085829,65.5891418333293,66.64407348632812,587476
2017-11-10,66.78167243848824,67.33206941489854,65.63500915485128,66.68993377685547,637824
2017-11-13,67.33208757576487,67.42381926346232,66.64408942001525,66.82755279541016,448307
2017-11-14,66.91925860503926,67.7907267978611,64.80940260917491,65.86433410644531,388185
2017-11-15,66.4147280993432,67.51552187500435,58.66328484959039,63.29580307006836,908908
2017-11-16,63.34168249406188,65.13047441442373,62.97474884410432,64.80941009521484,362293
2017-11-17,65.49740595030813,65.6350069394355,64.07554072712041,64.44247436523438,248946
2017-11-20,64.94701460531765,64.94701460531765,63.66275026026877,64.07554626464844,257077
2017-11-21,64.21312698975807,64.76352382136376,63.43339756176038,63.800331115722656,235790
2017-11-22,66.047805039979,66.78167233989411,62.14914988136913,64.80941009521484,2250864
2017-11-23,63.20407391564834,64.76353299247751,62.42434437723375,63.75447082519531,488325
2017-11-24,64.58007668082853,64.58007668082853,63.38754408213292,63.571014404296875,322919
2017-11-27,63.66274475841534,66.04780290814057,63.52514376928798,64.44247436523438,863188
2017-11-28,64.80939328794484,65.31392080195282,63.84619358143121,64.21312713623047,282230
2017-11-29,64.6718062789533,65.03873991289552,63.616874705873286,64.2590103149414,326356
2017-11-30,64.39660503596625,66.41473654625453,63.29581112030138,64.44247436523438,1095331
2017-12-01,66.13952463699187,67.88245390732042,64.2131320744923,64.71766662597656,2859645
2017-12-04,65.222206847256,67.42380177431608,65.222206847256,66.46060180664062,1741641
2017-12-05,66.46061559252607,67.42381575999754,65.40569074080247,66.91928100585938,1080658
2017-12-06,66.59822007682695,68.61635219956665,66.27715567054629,66.82755279541016,1827963
2017-12-07,67.37792171568286,80.17468625507088,67.01099511848957,77.33096313476562,25072811
2017-12-08,77.9730801483525,79.44080731611585,73.61576096359163,74.02855682373047,6269060
2017-12-11,75.58803344765826,77.46855674479043,72.74431034073619,75.22109985351562,4775998
2017-12-12,75.67976087484467,78.34002053563498,74.67069879624857,75.12936401367188,4010170
2017-12-13,75.3128396245427,76.23017020949128,71.78111827222607,72.4691162109375,1932565
2017-12-14,73.01950881177997,74.12030964734039,69.62538864915753,71.32244873046875,1884479
2017-12-15,72.46912588921622,74.67072098685203,72.46912588921622,73.24885559082031,2159927
2017-12-18,72.9736666059075,76.505388721631,68.47874436831464,74.34966278076172,2477336
2017-12-19,77.05576482543358,79.80775642634194,75.77150067860772,78.70696258544922,6886342
2017-12-20,79.34909543299223,81.64242189059316,77.51443426691148,79.21149444580078,4985364
2017-12-21,79.62429311908534,80.58748598019731,78.29415964610703,78.70696258544922,1908701
2017-12-22,78.89043422891393,79.5784322018405,78.06483526166659,78.4776382446289,1301059
2017-12-26,78.47763685255877,79.16563481328134,76.7347072856595,77.2392349243164,1073474
2017-12-27,78.7987060003999,84.99068802664536,78.61523566708237,82.78909301757812,9156682
2017-12-28,85.31174442983547,85.95387304005162,81.36722011371639,81.7341537475586,4164707
2017-12-29,85.22001503549875,86.6877426111909,82.74321819025845,83.56881713867188,6466272
2018-01-01,83.70640499344289,86.09146280447976,83.24773976060212,83.93573760986328,2250865
2018-01-02,84.4861477019444,85.03654466769224,81.41309156106499,83.15602111816406,2093403
2018-01-03,83.56881412370817,90.03599748783618,83.56881412370817,88.70586395263672,11423736
2018-01-04,88.98106458000103,91.54959295497693,87.6050687359804,89.1645278930664,4614708
2018-01-05,89.62318926040756,97.32876705014262,88.88932904151822,95.81517028808594,12641014
2018-01-08,96.73250872927511,100.90636574833619,96.73250872927511,100.03490447998047,6799426
2018-01-09,100.17249613335679,100.17249613335679,95.81517589589404,96.503173828125,3237125
2018-01-10,97.14531212015616,97.42050710146103,93.61359070333236,95.17304992675781,2179834
2018-01-11,94.85197245331739,97.05356699162705,93.56770838941375,94.89783477783203,1816347
2018-01-12,95.72343273016725,96.68663251896587,92.46691377497753,94.30157470703125,1978931
2018-01-15,95.7234573994549,97.6498504748348,93.75119498948206,94.25572967529297,2348507
2018-01-16,94.43917862847884,95.12717655048915,88.98106458000103,89.1645278930664,2426151
2018-01-17,89.34798391870628,91.04504378858199,84.6696001968115,87.88025665283203,2119814
2018-01-18,88.24720698950806,89.3480079844191,82.83496167623619,83.43122100830078,2104331
2018-01-19,83.43120599008498,85.99973418384637,81.96347859308258,85.1282730102539,2107767
2018-01-22,85.31174328174643,87.05467277003362,84.94480965284227,85.35761260986328,869656
2018-01-23,85.44934272588715,86.045608987265,83.24774799085642,83.70641326904297,1159285
2018-01-24,83.66053959961799,83.98161087662577,82.10108053419326,82.55974578857422,865341
2018-01-25,82.83494213600049,84.30266945097681,81.9176116893058,82.28453826904297,929647
2018-01-29,83.01841776515371,83.01841776515371,79.07389345860933,79.21149444580078,979120
2018-01-30,79.02803459685411,81.59655614288204,78.29416729874487,80.17469787597656,1267052
2018-01-31,79.85362232333559,86.3666674327266,79.44081940172042,83.0184097290039,4711356
2018-02-01,83.2936033894431,84.85306227502744,80.81680710220994,83.24773406982422,2460376
2018-02-02,81.18375330105634,83.2018777022899,78.15655970052934,81.4130859375,2616864
2018-02-05,78.9821660068297,83.24775484489882,76.32190577458508,82.46802520751953,1352887
2018-02-06,77.6061496052301,80.72507433140588,76.13842238075782,79.2573471069336,1390174
2018-02-07,80.72509279689098,82.55975399682032,78.9821632572227,80.8626937866211,814994
2018-02-08,81.45893759716216,86.18318328434947,81.18373569364584,84.66959381103516,2187255
2018-02-09,82.83495748601628,84.25681574266983,81.1837595765146,82.92668914794922,1345191
2018-02-12,83.47707121357139,85.77039734581237,83.38533956801695,84.80719757080078,1039333
2018-02-14,87.1464081981298,91.45785927793483,86.5960112302981,89.6690673828125,3935182
2018-02-15,90.632250322337,96.3196962540587,89.53144959451367,91.82477569580078,4628979
2018-02-16,92.78798035130755,94.4850403560252,89.9442572354731,91.68717956542969,1726580
2018-02-19,92.10000211723349,92.42106645705098,86.82535068171941,87.78854370117188,1603541
2018-02-20,87.88027112739086,89.16452832238562,85.9997406653707,86.41253662109375,956602
2018-02-21,86.96295457374796,87.5133516029635,84.62375845123452,85.40348815917969,721454
2018-02-22,84.94479830345597,84.94479830345597,83.01840575743843,83.98160552978516,570982
2018-02-23,84.71549203830003,87.1464198875299,84.66962970072399,86.82535552978516,806957
2018-02-26,89.3479958866962,89.80666115613644,86.91706855892754,87.32986450195312,1348628
2018-02-27,88.43066167290476,88.88932692328427,86.27493639585633,86.59600067138672,953844
2018-02-28,85.1282738504362,86.96293486446564,84.80720257403998,85.72453308105469,681396
2018-03-01,85.67866236367824,86.8253253851443,84.99066455079861,85.54106140136719,431275
2018-03-05,85.12828475514286,85.12828475514286,83.11015318198739,83.75228881835938,504530
2018-03-06,84.39440384774085,85.22000267642136,81.18374717962027,82.00934600830078,657140
2018-03-07,81.82588164992532,81.82588164992532,79.11975934708973,79.30322265625,750303
2018-03-08,79.89951201344957,81.22964588486248,77.23925126930239,78.89044952392578,791217
2018-03-09,82.51388397565583,83.15601958945444,80.35815848354522,81.09202575683594,1625237
2018-03-12,82.42215584731417,82.42215584731417,79.80776494705975,80.35816192626953,552189
2018-03-13,79.80775725445572,80.77095712423876,77.9730961681464,79.30322265625,779708
2018-03-14,78.84457744207607,79.62431420105737,77.97311600385727,78.75284576416016,595788
2018-03-15,78.79870605948707,82.46802874445804,78.43177239125446,80.67922973632812,1044011
2018-03-16,80.7250857825703,81.59654697734337,79.16562669760486,79.99121856689453,497471
2018-03-19,80.22054393950225,80.35814490482743,78.01895648900283,78.93628692626953,502481
2018-03-20,77.97309814855865,79.2573623413291,77.88136649164865,78.61522674560547,322933
2018-03-21,82.37629426002101,83.84402188408153,80.3581626530951,81.5965576171875,1864261
2018-03-22,81.64242828587248,82.19282527907546,79.89949864183185,80.31230163574219,573004
2018-03-23,77.88136412232119,78.43176104571369,73.56990639194734,76.36776733398438,1093617
2018-03-26,77.00989326327287,77.92722377027398,74.7624363205907,77.28509521484375,629856
2018-03-27,77.65202897383175,79.53255231776707,77.65202897383175,78.34002685546875,458408
2018-03-28,77.78963543963619,79.71602824443322,77.5144334680894,77.97309875488281,530275
2018-04-02,80.63334892841856,82.28453955915187,78.43175442209815,81.82587432861328,1085171
2018-04-03,80.72508550081733,83.84401065853874,80.67921617549402,82.74320983886719,777755
2018-04-04,83.24775124894654,85.22001342207297,80.86269310876722,81.09202575683594,894616
2018-04-05,86.13734308082111,88.70586451214787,85.3576134855733,87.65093994140625,2456074
2018-04-06,87.46745708029668,88.52238849840666,86.22906237150494,87.14639282226562,1054915
2018-04-09,87.2840031328652,90.35705907213128,87.19227147770496,89.6231918334961,1614077
2018-04-10,90.44879978778471,90.54053145213395,87.69680786524353,88.75173950195312,1290712
2018-04-11,89.16452557971414,89.2103949061288,87.14640119364766,87.32986450195312,649811
2018-04-12,87.14640387424231,87.51333750081659,85.31174274004773,86.41253662109375,722520
2018-04-13,86.5042807935261,87.46747375119946,84.76135120515114,85.6328125,756402
2018-04-16,84.89893854763162,86.96293212335677,84.39440398520613,86.22906494140625,553337
2018-04-17,86.22908365773155,87.37574700424393,85.58695498315568,86.1373519897461,765773
2018-04-18,86.27496220401315,86.77948993114846,84.85309670303153,85.03656005859375,503808
2018-04-19,85.03653807894604,87.65093571136615,84.7154737903594,86.91706848144531,1184079
2018-04-20,86.59599519513831,87.7426582485732,86.45839422899095,86.96292877197266,812991
2018-04-23,86.96295313338307,86.96295313338307,85.08242239947607,85.44935607910156,734826
2018-04-24,85.26586126403541,85.99972841262682,84.30266850501948,84.44026947021484,554433
2018-04-25,84.25681172315076,86.68773914112944,83.79814643668976,85.35761260986328,1071069
2018-04-26,85.72451811093903,86.45838518786577,84.39439190751885,84.66959381103516,457822
2018-04-27,85.0365412276557,86.18320444269247,84.07334832623093,84.30268096923828,574402
2018-04-30,84.76134480860735,85.03653977631323,83.11014700766512,83.70641326904297,506210
2018-05-02,84.80722489710134,85.49522295845806,81.73416828944359,81.9635009765625,773153
2018-05-03,81.55068758834156,83.33947936781105,80.77095801776964,81.18375396728516,657788
2018-05-04,80.72509077820767,82.28454995967957,80.72509077820767,81.55068969726562,486873
2018-05-07,81.96347570891271,85.12827001471973,80.31228506989152,83.93573760986328,1410762
2018-05-08,84.21095410751639,84.21095410751639,81.87175821615534,82.69735717773438,858118
2018-05-09,84.16507001774562,84.80719854266128,82.55974170678044,82.88080596923828,2494900
2018-05-10,83.24775194679383,83.29362127626288,80.44989081743076,80.8626937866211,704473
2018-05-11,80.86269584345003,81.13789083123307,79.80776422692193,80.17469787597656,397066
2018-05-14,79.991207219832,80.90853760996161,78.61521163463759,79.2573471069336,478920
2018-05-15,79.21149100166986,80.90855110677066,78.70696340214077,79.30322265625,397952
2018-05-16,78.47764596202873,79.34910734729662,76.68884685730484,77.42271423339844,686428
2018-05-17,77.56030691172799,78.84456418395308,77.514437581144,77.65203857421875,420033
2018-05-18,77.05576685855263,80.26642381099232,77.00989753118994,78.4317626953125,669040
2018-05-21,78.43175398918153,79.62428638146987,76.18429717141805,76.55122375488281,461613
2018-05-22,76.96405860477371,78.34005485992934,75.5880623496181,77.14752197265625,791509
2018-05-23,77.14750386642982,77.51443751475583,76.04670992012903,76.18431091308594,546865
2018-05-24,77.14749414690172,77.97309300195178,76.41363394138328,76.87229919433594,1114731
2018-05-25,72.97363341510211,73.06536505196748,70.08404136245392,70.40510559082031,4477935
2018-05-28,70.68032136730194,71.36831927678764,69.25845622156082,69.80885314941406,781549
2018-05-29,70.22165826908751,71.73524811789086,70.22165826908751,70.58858489990234,1405652
2018-05-30,70.49685380020004,71.46005371040512,68.89152528230952,69.53366088867188,496404
2018-05-31,69.44191972045326,70.1757869587078,65.03873728695602,65.5891342163086,1209160
2018-06-01,65.54327176488665,66.78167373418384,61.09421953779031,61.828086853027344,1236085
2018-06-04,61.04835128176223,61.87394318295702,57.333159731678755,57.56249237060547,1277536
2018-06-05,57.608363815407074,63.66274817298504,56.32410301180353,62.240882873535156,2006040
2018-06-06,61.46113516225811,63.11233263772922,59.58060509289798,62.65366744995117,752841
2018-06-07,62.378486597751454,64.94701531595348,62.378486597751454,63.846214294433594,717266
2018-06-08,64.76353299247751,65.13046659840097,63.43340654451595,63.75447082519531,767008
2018-06-11,64.2131382100262,66.50646457466999,63.52514030063306,64.12140655517578,759257
2018-06-12,64.1672576710095,64.80939314011233,63.295796604190095,63.800331115722656,493060
2018-06-13,63.89208496870934,65.17634935475594,63.70861462860105,64.0296859741211,300844
2018-06-14,64.029683572478,64.58008057480272,63.11235290237762,63.98381423950195,320193
2018-06-15,63.892074786448696,64.44247172170299,62.19501465329934,62.51607894897461,477007
2018-06-18,62.10327756056673,62.10327756056673,59.718219448690625,60.039283752441406,586941
2018-06-19,59.62648043776172,59.993414024806235,57.379020090624635,57.929420471191406,577100
2018-06-20,58.2046266933975,60.314486352633324,57.83769305729627,59.39715576171875,549932
2018-06-21,59.6264812995866,60.17687818877063,57.883551984940375,58.75502014160156,665595
2018-06-22,58.755025282946036,58.938488595835906,57.333160112680844,57.97529220581055,337792
2018-06-25,57.74595503768981,58.70915135219413,54.948097743429436,55.7736930847168,1074666
2018-06-26,55.7737038618261,55.95717069512048,53.663844027287674,54.21424102783203,669642
2018-06-27,54.07664390928007,54.39770824530866,51.09531922004191,52.1043815612793,747550
2018-06-28,51.64570868361988,53.11343964669675,50.315578701229,52.42544174194336,547102
2018-06-29,52.838244658949826,55.81956930635828,52.792378825780524,55.17744064331055,488502
2018-07-02,55.865435755917105,55.865435755917105,52.838241932219645,53.57210922241211,407591
2018-07-03,53.296904010763555,53.52623665022353,51.96677750136638,52.287841796875,383782
2018-07-04,52.196110202997865,57.47076091686007,51.96677756326473,56.18649673461914,2378510
2018-07-05,56.69102805152158,56.69102805152158,54.443567473969374,54.81050109863281,481700
2018-07-06,54.44357264406564,55.406772625440425,52.88411333950187,53.29690933227539,468061
2018-07-09,53.847298217203665,56.691021217872944,53.251032023835286,54.67289352416992,830627
2018-07-10,54.856369382370204,56.324100447384374,54.856369382370204,55.269168853759766,389673
2018-07-11,55.13157063607477,55.8654379551572,54.30597515111512,55.0857048034668,476540
2018-07-12,55.1315737482516,56.645170805128245,55.0398420778574,55.315040588378906,451366
2018-07-13,55.77370104309988,55.865436204780295,54.67290359830516,55.131568908691406,387706
2018-07-16,55.03983434206189,55.22330115640311,53.38864001166772,53.84730529785156,312241
2018-07-17,53.4803682514286,54.67289721942863,52.6547728886616,53.93903350830078,352757
2018-07-18,54.39770146638541,54.94810190156604,52.563040347793404,53.021705627441406,475621
2018-07-19,53.2510431067888,53.57211093132448,51.18704916079436,51.737449645996094,316561
2018-07-20,51.73743944352271,51.92090273640616,50.499041220531375,50.957706451416016,428380
2018-07-23,50.72838126953192,50.72838126953192,47.7011910019671,48.435054779052734,717065
2018-07-24,48.664385326234544,52.74650700284406,47.701188941702455,48.38918685913086,1382220
2018-07-25,49.214788976404506,50.63665073215351,48.98545632227278,49.67345428466797,750288
2018-07-26,49.673452319018864,51.50811347947255,49.398250345480044,50.77424621582031,633056
2018-07-27,51.09531787781502,55.49850429561598,50.72838421827381,55.0857048034668,1117498
2018-07-30,54.9481049013321,57.562495738317054,54.58117125784645,55.681968688964844,659710
2018-07-31,55.49849649421273,55.81956077667537,54.12250071336448,54.35183334350586,352988
2018-08-01,54.58116597364723,55.22329803791072,54.12250071336448,54.35183334350586,382240
2018-08-02,54.39770927090487,54.48944443959888,52.47131621973616,53.755577087402344,538302
2018-08-03,54.122508649682175,57.791831269999605,52.79237849994935,54.76464080810547,1688352
2018-08-06,55.590226954057435,58.20462098119018,55.03983005326009,57.65422058105469,999338
2018-08-07,58.25048694511625,62.37847420894338,57.97528849406207,60.49794387817383,2665338
2018-08-08,60.54381695230499,60.81901891974071,58.755025160003036,60.08515167236328,870291
2018-08-09,60.03927932536668,60.314481278961786,57.700090714513934,58.479820251464844,705980
2018-08-10,58.3422211508805,58.433956304808355,56.50756006438314,56.73689270019531,507237
2018-08-13,57.608352815573944,59.901682489889744,56.27822293421923,58.34221649169922,1340261
2018-08-14,59.16782240220551,59.62648769214509,54.44356851609248,54.99396896362305,1545254
2018-08-16,54.443569065088276,54.993969518168946,52.287843580369824,52.9758415222168,987462
2018-08-17,53.57209917994087,54.810493876152236,53.20516560362895,53.52622985839844,840242
2018-08-20,54.03077018636793,54.44356612974932,51.73744383718998,52.42544174194336,621378
2018-08-21,52.83824189652548,53.93903933173197,51.92091128374317,52.51717758178711,1606671
2018-08-23,52.51717860514475,53.02170975213867,51.462246980153104,51.645713806152344,610922
2018-08-24,51.55397728048174,52.012642552551256,50.590780909003406,51.462242126464844,678184
2018-08-27,51.69157748933809,52.01264529632674,50.72838106704914,50.86598205566406,498070
2018-08-28,51.3705194608534,52.012651653981855,50.59078976162959,51.32465362548828,758145
2018-08-29,51.55397161817752,52.01263683987067,50.91183960793953,51.095306396484375,519934
2018-08-30,51.14118299597275,51.829180973497046,50.91185033679798,51.00358200073242,455712
2018-08-31,51.50811347947255,52.01264459872962,50.453181912476296,50.77424621582031,953266
2018-09-03,51.82917816174658,52.28784345521337,50.957713404291994,51.18704605102539,1248047
2018-09-04,51.18704770233422,51.599847179639056,49.35238646928039,49.67345428466797,703519
2018-09-05,50.453174970545135,51.278773778889246,49.627576162201024,50.54490661621094,1593520
2018-09-06,50.91184354392409,50.91184354392409,49.168914167009426,49.71931457519531,734850
2018-09-07,49.53585398749136,49.94865347058818,48.847856015442865,49.12305450439453,635849
2018-09-10,48.985456905106545,48.985456905106545,45.40786605834961,45.86653137207031,2486819
2018-09-11,46.049998059895074,46.1417297226298,41.004679624035504,41.555076599121094,3358545
2018-09-12,41.87614474595729,42.05960807286631,38.757219197762815,41.234012603759766,2140166
2018-09-14,41.967871918857746,45.683059880659464,41.73853928542137,44.62813186645508,2038180
2018-09-17,44.44410005573432,45.824351632062466,43.06384847940616,44.58212661743164,1411522
2018-09-18,44.398091507806036,44.81216767467792,42.5117484255688,42.971832275390625,866653
2018-09-19,44.81216306953502,45.916364897665815,43.43191166191173,44.16804504394531,2716237
2018-09-21,44.35207969535106,44.90417885966827,39.56720740067867,42.235694885253906,1264273
2018-09-24,41.959641303892674,42.18968320470384,38.92308891521743,39.79724884033203,1128488
2018-09-25,39.38317721990077,40.34935261174772,37.86490260704449,38.601036071777344,1364390
2018-09-26,39.107120959470066,43.47791683141084,38.7390525346108,42.87980651855469,2132362
2018-09-27,43.24788528055818,44.674144625012374,42.32771750863141,43.20187759399414,974639
2018-09-28,43.61595399852824,44.21406094699677,40.85545066976472,41.86763381958008,997263
2018-10-01,42.18968183083305,42.23569301762564,35.932543034559814,41.08548355102539,785483
2018-10-03,41.40754539425603,42.55775498854093,40.303343481710314,40.99346923828125,632503
2018-10-04,40.30334212146784,41.407543996746625,39.61321638818873,40.94746017456055,497106
2018-10-05,40.94746466111576,41.13149891218676,39.61322072855275,40.11931228637695,481589
2018-10-08,40.11931309392261,40.4873816034733,38.278977566491996,38.923095703125,531195
2018-10-09,39.56721115112305,40.67141309458198,39.107127300528596,39.56721115112305,683002
2018-10-10,40.257325929627214,42.41971803264023,39.75123453425824,41.039466857910156,787813
2018-10-11,39.88925861228155,40.21131933442669,38.647033925871256,39.98127746582031,604585
2018-10-12,40.48738280148063,40.947466696952,39.9352835309796,40.303348541259766,496450
2018-10-15,40.71742452969209,42.235702780626575,39.70524136917679,41.63759231567383,759846
2018-10-16,42.05165846746653,43.89199359943302,41.68359003700895,43.0178337097168,952934
2018-10-17,43.938014678812706,43.938014678812706,39.15314117406148,39.521209716796875,1414775
2018-10-19,39.4291830698015,39.5672096237161,38.509015404133685,38.78506851196289,666935
2018-10-22,39.0151145855934,39.567213839758004,37.91091256710275,38.923095703125,1918797
2018-10-23,38.739060419307016,38.739060419307016,37.26679344053558,37.910911560058594,515735
2018-10-24,37.358800674058884,38.50901009764642,37.26678532423612,37.40481185913086,515460
2018-10-25,36.898708191976944,36.990727030232506,35.4264418814856,35.56446838378906,724265
2018-10-26,35.61049473952895,35.702510115922955,33.21805634150715,33.356082916259766,1058656
2018-10-29,33.63213104677718,34.46028343781655,33.034024106725596,33.678138732910156,1471755
2018-10-30,33.31007045209899,34.00019620658932,32.9880096605735,33.08002853393555,1018553
2018-10-31,33.12603621553602,33.77015428842588,32.711960060809595,33.08002853393555,935715
2018-11-01,33.31007898827061,35.42646447569533,33.31007898827061,34.092220306396484,1868472
2018-11-02,34.460282830274835,35.74851557009361,34.32225626414789,35.24242401123047,1212669
2018-11-05,35.42645329852642,40.67140942397679,35.24241907286553,39.93527603149414,3783499
2018-11-06,40.44136502311952,41.77560868910107,40.07329659451748,40.34934616088867,1531198
2018-11-07,40.48737834465525,41.86762987913213,40.48737834465525,41.13149642944336,352908
2018-11-09,41.49956862914814,43.1098623665788,40.02730147327626,42.83381271362305,1121626
2018-11-12,43.10985729378831,43.43191810947421,41.131498755266485,41.453556060791016,1029256
2018-11-13,41.22350999857558,41.59157846246684,40.44136890050792,41.315528869628906,494730
2018-11-14,41.729598441938776,41.77560962916993,40.71741550574722,40.85544204711914,394777
2018-11-15,38.83107799889144,40.119310684633625,36.53065872775049,38.601036071777344,1376682
2018-11-16,38.969099236967594,39.2451523447968,37.72687429238047,38.78506851196289,573963
2018-11-19,39.15313764405383,39.337171898829176,38.55503070373575,38.923095703125,381395
2018-11-20,38.69305186531842,38.83107842717372,36.89872411200593,38.370994567871094,338099
2018-11-21,38.37099296721333,38.41700064919212,36.9447337649043,37.95691680908203,387365
2018-11-22,37.95692025325622,40.02729772161565,37.63486294002045,38.923095703125,1044658
2018-11-26,42.32770269172233,42.7417787461734,40.62539431361934,41.039466857910156,5974545
2018-11-27,40.4873807049222,40.85544920630422,38.78507178389343,39.3831787109375,1191743
2018-11-28,39.56721615324273,39.56721615324273,38.232972115810355,38.5090217590332,806204
2018-11-29,38.73905118119428,40.21132131903438,37.864894845474815,38.23295974731445,1493268
2018-11-30,38.18695207335456,38.923085387194355,37.91090251943471,38.23295974731445,402412
2018-12-03,38.3709899014239,40.0272908914518,38.04892913298237,39.19913864135742,667806
2018-12-04,39.10712751213812,39.4751959986698,38.417001732512155,38.96910095214844,347081
2018-12-05,39.7972547455696,41.31553292027438,38.55502970092851,40.71742248535156,1591886
2018-12-06,39.56721018508071,40.30334362602673,38.87708442603861,39.291160583496094,1809440
2018-12-07,39.5672065371361,40.30333991021345,38.18695514630577,38.324981689453125,567078
2018-12-10,37.17477596921982,37.634859812847985,36.898722854914,36.99074172973633,265620
2018-12-11,36.62267140930461,38.09494174098258,35.978553358580555,37.54283905029297,501919
2018-12-12,37.910905766575134,39.475191386319025,37.68086386691164,39.06111526489258,517650
2018-12-13,39.29116760225771,39.84326690405097,38.693057100180205,39.153141021728516,435436
2018-12-14,38.923095703125,39.38317958498265,38.55503070373575,38.923095703125,260864
2018-12-17,39.10712908998167,40.165323398833955,38.923094839290656,39.3831787109375,328144
2018-12-18,39.33716267273509,39.79724644668521,38.647037011809914,39.475189208984375,352939
2018-12-19,39.843257322484675,39.88926500154316,39.199139285183165,39.33716583251953,536579
2018-12-20,39.10712472829012,40.901452329620334,39.015109368287945,40.211326599121094,1140811
2018-12-21,40.16532177829576,40.395363704837756,38.73905902560645,38.96910095214844,422752
2018-12-24,39.15313529278668,39.5672114636243,38.37099414466325,38.601036071777344,312210
2018-12-26,38.60103446660712,38.92309174711005,37.54284024182132,38.18695831298828,333385
2018-12-27,38.27897010988974,39.429179590477304,38.27897010988974,38.555023193359375,334930
2018-12-28,38.73906371341252,39.06112455564056,38.41700638134614,38.5090217590332,266457
2018-12-31,38.78507031550087,38.87708568228201,38.186959900939726,38.601036071777344,396560
2019-01-01,38.785079838809125,38.785079838809125,38.186969277387604,38.41701126098633,211992
2019-01-02,39.33717263207102,41.63759208423891,39.10713068685423,40.533390045166016,4005838
2019-01-03,40.16532307023838,40.48738037369184,39.01511340053123,39.245155334472656,971472
2019-01-04,38.78506746468928,39.93527701571611,38.32498364427855,38.87708282470703,731199
2019-01-07,39.1531289618894,39.429178527758005,38.37098794023491,38.647037506103516,518857
2019-01-08,38.69305186531842,38.877086111071726,38.18696032211779,38.370994567871094,326187
2019-01-09,38.60103466245761,38.73905770759011,37.450825068881166,37.58884811401367,519803
2019-01-10,37.58883734533305,38.186947566706955,37.03673830264952,37.726863861083984,777561
2019-01-11,39.15313649227613,40.2573384782842,38.09494570122947,38.27897644042969,4277600
2019-01-14,38.140954180425716,38.324988433620334,36.99074448566114,37.082759857177734,749565
2019-01-15,37.26679335426884,37.4508276037296,36.898724855347325,37.17477798461914,566285
2019-01-16,38.186960546736735,38.64704440874561,37.358808191056234,37.772884368896484,2094242
2019-01-17,37.77287676858251,38.55502128271839,36.99073576460723,37.40481185913086,1663467
2019-01-18,37.54284213109421,37.58884981488687,36.5306590470107,36.66868209838867,1201575
2019-01-21,36.66867851008921,36.66867851008921,35.61048784576477,35.7025032043457,819495
2019-01-22,35.65649558975317,35.702503269127114,34.092209919912456,35.33443832397461,905263
2019-01-23,35.19641831633332,36.16259380337682,34.96637636655337,35.42646026611328,483193
2019-01-24,35.70250508467368,35.70250508467368,35.05838701020089,35.15040588378906,457332
2019-01-25,35.33444096585392,35.4264563314816,34.50628863456,34.69032287597656,458261
2019-01-28,34.09221505007477,34.69032550242194,32.98801302813618,33.31007385253906,775575
2019-01-29,33.126034426612506,33.58611823809324,32.66595061513178,33.264060974121094,366450
2019-01-30,33.5861212539621,35.15040705549395,33.17204508441525,34.828346252441406,721100
2019-01-31,35.5184572095814,36.07055970863548,35.01236588473498,35.56446838378906,613899
2019-02-01,35.840532497128564,36.07057442135896,34.36826207595728,34.69032287597656,513558
2019-02-04,34.184231006616905,34.36826173605218,33.31007100115466,33.58612060546875,437847
2019-02-05,33.58612188592657,34.18423230987746,32.573938794798785,32.89599609375,412607
2019-02-06,32.895990671371386,34.000192458876136,31.83779656039585,32.11384963989258,733422
2019-02-07,32.20586013793945,33.44808476776733,31.745776421683175,32.20586013793945,710133
2019-02-08,32.067839062091714,32.20586560446086,31.607755267742274,31.837797164916992,444610
2019-02-11,31.745790476002895,31.883817056050212,30.91763801604247,31.00965690612793,462716
2019-02-12,31.0556615304112,31.285703467673503,30.549569970466408,30.917634963989258,545000
2019-02-14,30.64158031196523,31.285698332609954,30.273515378854547,31.05565643310547,469462
2019-02-15,30.8256181125266,31.101667721949813,30.365534260100826,30.687591552734375,321526
2019-02-18,30.687590135543857,30.825616688961844,29.905449026604774,30.0894832611084,238205
2019-02-19,29.905453346079366,31.285705038975337,29.721419084994256,30.043479919433594,329107
2019-02-20,29.813439416310892,31.607763895955575,29.813439416310892,31.00965690612793,543248
2019-02-21,31.05565643310547,31.469732554245706,30.963641077368003,31.05565643310547,281181
2019-02-22,31.05565764687278,31.377714914701894,30.27351656205296,30.36553192138672,954599
2019-02-25,30.595573829882074,30.68758918921583,30.181497692558246,30.36553192138672,660540
2019-02-26,30.08948409725962,30.08948409725962,28.985282169714456,29.6294002532959,643871
2019-02-27,29.813433029628236,31.147673303507702,29.629398799043177,29.95145606994629,892364
2019-02-28,30.135488906273476,30.319523128343953,29.72141278415511,29.905447006225586,364481
2019-03-01,29.905454264443605,30.595580132084613,29.721419997707002,30.319530487060547,1184072
2019-03-05,30.503558087001576,32.15985910530988,30.31952386048712,31.92981719970703,2605959
2019-03-06,32.573943469939216,34.322260288281726,32.11385954245511,33.90818405151367,6356835
2019-03-07,34.96638113521492,36.162598735176694,33.40209496134394,34.230247497558594,6998002
2019-03-08,34.046197747068774,34.322247297039944,33.26405677045706,33.86216354370117,1349267
2019-03-11,34.04619089909006,36.25459387498683,32.84997408304587,35.56446838378906,2799609
2019-03-12,35.7025025956358,37.17477287895574,35.33443765742646,36.898719787597656,3396120
2019-03-13,36.94472808969584,38.27896821292891,36.57665967008359,37.40481185913086,2444433
2019-03-14,37.45082251944808,37.91090632555884,35.978552233797124,36.53065490722656,1102111
2019-03-15,36.806692863881146,36.806692863881146,35.24240771513424,35.56446838378906,942025
2019-03-18,35.56448195592664,36.0245657923026,35.15040580115605,35.518470764160156,706150
2019-03-19,35.65650660667841,36.7147011100382,35.28843803764144,36.30062484741211,928033
2019-03-20,36.62266940885494,36.62266940885494,35.51846759795181,35.656494140625,504707
2019-03-22,35.65649575745033,35.88653766556292,34.50628621688742,34.736328125,622471
2019-03-25,33.678133192283056,34.09220931968016,33.12603402919417,33.494102478027344,823377
2019-03-26,33.540111522506116,35.10439722851104,33.49410384206853,34.87435531616211,745193
2019-03-27,35.10439581031538,36.806704488860845,34.9663692644178,36.53065490722656,1714812
2019-03-28,36.806705236211656,37.17477369263815,35.15040420261432,36.438636779785156,879615
2019-04-01,36.53066682551971,37.1747850662534,35.97856397196425,36.30062484741211,366705
2019-04-02,36.622668510322676,36.622668510322676,34.36825726632397,34.78233337402344,793939
2019-04-03,34.96637323932945,36.07057520155106,34.04620552250499,34.598304748535156,1472487
2019-04-04,34.78233746761064,35.104398260463256,33.448093634732324,33.816162109375,1392350
2019-04-05,34.046201432513016,34.87435368223308,33.86216720922402,34.46027755737305,567187
2019-04-08,34.55228982205523,34.87435056153186,34.09220606008336,34.368255615234375,364625
2019-04-09,34.32226721855283,34.36827491855865,33.49411808796061,34.00020980834961,423904
2019-04-10,34.000190073766994,34.46027382710576,33.67812934033357,33.86216354370117,446035
2019-04-11,33.86217000951403,34.36826153279024,33.77015464534059,34.18423080444336,368301
2019-04-12,34.32225799560547,35.24242578910783,33.8621740988543,34.32225799560547,981637
2019-04-15,34.598301576068074,35.3344384901571,34.41427085770677,34.736328125,1359047
2019-04-16,34.87435787171151,35.33444173012374,34.46028169710825,34.598304748535156,770364
2019-04-18,34.598296847011106,34.82833872368049,33.44808746366419,33.86216354370117,561909
2019-04-22,33.86216865254245,33.90817633278549,32.66595141541848,32.803977966308594,502173
2019-04-23,32.895987070394796,33.356070805645075,32.895987070394796,33.21804428100586,509264
2019-04-24,33.12603959718905,33.44809691143047,32.84998996924477,33.31007385253906,240591
2019-04-25,33.21805012209304,33.77015280757173,33.12603476292707,33.40208435058594,375634
2019-04-26,33.35608039103763,33.816164258500216,32.57393922041577,32.66595458984375,588838
2019-04-30,32.66595154957653,32.849985781465506,31.377715436514745,31.65376853942871,609615
2019-05-02,31.791790008544922,32.11385077596421,31.28569852849844,31.791790008544922,370569
2019-05-03,31.929810794905116,32.11384498450415,31.285692886388603,31.42371940612793,377071
2019-05-06,31.285697284994747,31.469731500468036,30.687586962246744,31.14767074584961,281686
2019-05-07,31.14767074584961,31.423723824139888,31.055655393193316,31.14767074584961,221200
2019-05-08,31.009652355529152,31.101667721949813,30.365534260100826,30.687591552734375,463833
2019-05-09,30.687586349726246,30.825612886116392,30.135487224486923,30.641578674316406,230814
2019-05-10,30.641583123742965,31.00965160078971,30.41154120312904,30.77960968017578,196694
2019-05-13,30.779609570509265,31.00965149030356,30.411541094773938,30.5955753326416,240188
2019-05-14,30.595573829882074,30.595573829882074,29.767421555234417,30.36553192138672,346804
2019-05-15,30.45755355449174,30.733606709677485,29.445370352682936,30.319530487060547,376736
2019-05-16,30.549564045540876,30.733598261690542,28.157128010997013,28.47918701171875,494544
2019-05-17,27.42099572163755,27.51301283917604,24.70650216227561,25.534652709960938,3262246
2019-05-20,26.04074123397054,27.144943007493954,25.948725882077202,26.408809661865234,1122155
2019-05-21,26.68486144479397,26.776878559412804,25.76469380876659,25.994735717773438,557490
2019-05-22,26.408815325760244,26.8688992042224,25.994739133112013,26.59284782409668,819447
2019-05-23,26.96091061709816,27.144944843493008,26.178769542621204,26.224777221679688,517756
2019-05-24,26.270781143573593,27.466999933899732,26.270781143573593,27.374982833862305,1130032
2019-05-27,27.605031834224057,29.12330823409025,26.960913722726566,28.93927574157715,2504933
2019-05-28,29.721415825074544,30.089484306874088,28.66322332760234,29.03129005432129,3007135
2019-05-29,28.709233557690396,29.07730029456732,28.065115451845298,28.203140258789062,549386
2019-05-30,28.065115400582307,28.20314020727396,27.605031541556368,27.835073471069336,339891
2019-05-31,27.835074238141683,28.06511617399409,26.91490649473204,27.190956115722656,369669
2019-06-03,27.006922614957602,27.144947420315965,26.316796833085164,26.546838760375977,456604
2019-06-04,26.500830267290166,27.05293126350052,26.22478064672533,26.82288932800293,342773
2019-06-06,26.8688992042224,26.960914575850264,26.040746818925946,26.59284782409668,410914
2019-06-07,26.59284644380189,27.144947420315965,26.224779711152713,26.546838760375977,382627
2019-06-10,26.914904237890187,27.78906422286243,26.684862321327024,27.236963272094727,695419
2019-06-11,27.42099805157507,27.60503230228927,26.91490649473204,27.190956115722656,411737
2019-06-12,27.236960924768177,27.282968602083574,25.672675324919176,25.948726654052734,648037
2019-06-13,25.81070215627295,25.994736390271687,24.660492581482167,24.798519134521484,890864
2019-06-14,24.936548038157078,24.936548038157078,23.64831345330618,23.832345962524414,1408128
2019-06-17,23.878348825298474,23.924356501153177,20.979819614363727,21.623937606811523,1547034
2019-06-18,21.623943800704346,22.45209448886409,21.393901845377705,22.130035400390625,857569
2019-06-19,22.452092153233234,22.636126400382295,19.875623223630324,20.289697647094727,1011266
2019-06-20,20.059655715698728,21.393899619827778,17.713228717491816,20.289697647094727,2343740
2019-06-21,20.611751940104952,20.657761368802923,20.05965108129102,20.197677612304688,548759
2019-06-24,20.427725216129843,20.979824474608428,20.15167383180981,20.381715774536133,1206877
2019-06-25,20.381715774536133,20.88780910158249,20.10566614529684,20.381715774536133,1070549
2019-06-26,20.381713524761615,21.163856394712763,20.197681043942875,20.979822158813477,394639
2019-06-27,21.16385484449934,23.924357650303605,21.071837733289783,23.23423194885254,2325292
2019-06-28,23.418269436887897,23.556294245409227,21.9460007174722,22.91217613220215,1019825
2019-07-01,23.188224990248465,23.64830880549085,22.22204792519117,22.406082153320312,418469
2019-07-02,22.36007259860111,22.636123939311528,21.807973427341203,22.222047805786133,209416
2019-07-03,22.36007259860111,22.45208971217125,21.945998220156177,22.222047805786133,321607
2019-07-04,22.222049339355003,22.866167423716835,21.992007417094435,22.26805877685547,341405
2019-07-05,22.544108641269386,22.544108641269386,20.74978092493203,21.485916137695312,344030
2019-07-08,21.163852105955687,21.209859778066996,19.46154191163452,19.87561798095703,520225
2019-07-09,19.87562351930178,20.28969794892599,18.81743097015456,18.955455780029297,674135
2019-07-10,19.369528755519667,19.369528755519667,18.77142012091066,19.09347915649414,471280
2019-07-11,19.323521432382737,19.415538552124485,18.127304140981753,18.495370864868164,625571
2019-07-12,18.219314040637805,19.0474661148232,18.219314040637805,18.863431930541992,321246
2019-07-15,18.90944527108516,19.23150431264099,18.081294703570588,18.495370864868164,365855
2019-07-16,18.31133460998535,18.4953688292135,17.94326792660944,18.31133460998535,221775
2019-07-17,18.44936125636006,20.703772771263164,18.44936125636006,19.645580291748047,972098
2019-07-18,19.323517975983798,19.645576959932914,18.541375230701732,18.633392333984375,287413
2019-07-19,18.771418402975335,19.231502195965323,18.219317500371275,18.31133460998535,350454
2019-07-22,18.035288328790074,18.403355079361155,17.75923694955123,18.17331314086914,307574
2019-07-23,18.26532693271851,18.4953688292135,17.897260249342597,18.31133460998535,238047
2019-07-24,18.31134080241433,18.771424750992985,17.98928168739307,18.081298828125,315336
2019-07-25,18.31134080241433,18.449365635971727,17.943273994567598,18.081298828125,252308
2019-07-26,18.127305548724486,18.49537230119448,17.759237041173776,18.35734748840332,481875
2019-07-29,19.001460632432966,19.875620556464,18.725411053833913,19.231502532958984,1461908
2019-07-30,19.231502643570185,19.4615445454193,17.71322644238209,17.897260665893555,444610
2019-07-31,17.75923771256311,17.897264285653087,16.47100315267597,17.161128997802734,609317
2019-08-01,17.161131442977428,18.035291673390216,16.70104748067197,17.115123748779297,263488
2019-08-02,17.023101513820777,17.57520245447431,16.609025369560502,17.437177658081055,371374
2019-08-05,17.207135044974702,17.207135044974702,16.65503412680538,16.747051239013672,393875
2019-08-06,16.747053660202848,17.667221405157278,16.609027094395135,17.253145217895508,576979
2019-08-07,17.299147006136824,17.483181194425978,17.02309747878319,17.06910514831543,191413
2019-08-08,16.88507563287464,17.253142317975367,16.747050845346916,16.977092742919922,164870
2019-08-09,18.08129545670928,20.335707086422318,18.08129545670928,20.289697647094727,3811479
2019-08-13,21.071844184446963,21.57793757350011,19.783609498360605,20.8878116607666,2211478
2019-08-14,21.07183870510607,21.163855820559384,19.69158723854785,20.473730087280273,979347
2019-08-16,20.657766141392845,20.657766141392845,20.059655715698728,20.289697647094727,396250
2019-08-19,20.289691566500064,20.74977529141009,20.15166680004308,20.519733428955078,482116
2019-08-20,21.255875982495265,21.62394274198092,20.79579209436801,20.93381690979004,773849
2019-08-21,20.70377065057611,21.025829656156702,19.185494487216605,19.277511596679688,432141
2019-08-22,19.139486891207977,19.23150400949928,17.483185782286718,17.759235382080078,599075
2019-08-23,17.759234488511456,18.357344849770303,16.839066862058417,17.85125160217285,654598
2019-08-26,18.495370687695424,18.587387806555714,17.85125261075397,17.943269729614258,546437
2019-08-27,18.26533005539581,19.875623606159763,18.081295804704798,19.69158935546875,654855
2019-08-28,19.967640489847515,21.16385783961985,19.691589117151903,20.841798782348633,1275991
2019-08-29,20.79578842672162,21.623938928277877,20.42772173215,21.117847442626953,639122
2019-08-30,21.347891653328645,21.439907020605936,20.335706817552776,21.071840286254883,366028
2019-09-03,20.887808656885337,20.979824027952287,20.51974015229473,20.611757278442383,238273
2019-09-04,20.611754882919996,20.84179679401303,19.783604354001163,20.473730087280273,309912
2019-09-05,20.70377106943646,21.255871982304182,20.289694946015562,20.749778747558594,306540
2019-09-06,20.7497783788942,21.163854494958144,20.243686908220834,20.795787811279297,268612
2019-09-09,21.025829281948763,22.406080634088763,20.243686498053357,22.17603874206543,728403
2019-09-11,22.17604380952897,25.304613904942013,22.13003436756244,24.66049575805664,1427578
2019-09-12,24.890535520243343,27.328981323162918,24.798520154539705,25.442636489868164,1349674
2019-09-13,26.45482377744781,26.91490766922951,23.464278480866753,25.580663681030273,1219410
2019-09-16,25.488644219990572,26.592844330175136,24.93654328735805,25.994735717773438,639292
2019-09-17,25.994734908456063,26.17876913196403,24.844525399232346,24.936542510986328,433611
2019-09-18,24.93654175384481,25.304608434604805,24.016374174404636,24.430448532104492,369410
2019-09-19,24.016376977167063,24.568477940278605,23.464276014055525,24.154401779174805,435360
2019-09-20,24.84849495263742,26.0978609559303,23.87676505444638,25.126131057739258,1117313
2019-09-23,25.40376940627539,26.097861447264695,25.12613153077927,25.58885955810547,553962
2019-09-24,25.54258587470992,26.190404013623116,25.31122187541937,26.005313873291016,436998
2019-09-25,25.959040722161205,26.838224649505005,25.496312710962844,25.773950576782227,530954
2019-09-26,25.72767380137822,27.023313498059476,25.72767380137822,25.95903778076172,482816
2019-09-27,26.05158758543167,26.468043516092187,25.218677489277976,25.58885955810547,512892
2019-09-30,25.542585034063585,25.588857126331913,24.154401084007596,24.385765075683594,447933
2019-10-01,24.154400559372448,25.35749258388953,22.118396770778933,22.48857879638672,818920
2019-10-03,22.349760222614034,22.349760222614034,21.33175835267742,22.025850296020508,473439
2019-10-04,22.21094845266539,22.997586563397476,21.79449246311088,22.1184024810791,2804845
2019-10-07,22.303489171837857,22.442307213942208,21.331759346773044,22.2109432220459,1853745
2019-10-09,22.164672343409322,22.25721653310157,21.655670474265605,22.072126388549805,338330
2019-10-10,22.118395337263937,22.118395337263937,21.748213335648014,21.84075927734375,146853
2019-10-11,22.118402064767302,22.488584178977316,21.285491866502873,21.65567398071289,255546
2019-10-14,21.933306960533173,23.552854890715285,21.60939702146332,22.534852981567383,1004082
2019-10-15,22.349757554822087,22.39603140462171,21.794483713394786,21.88702964782715,349435
2019-10-16,22.025852528536408,22.58112649252625,21.748216429125126,22.072126388549805,656878
2019-10-17,22.072124995196525,22.21094303613896,21.840761005236743,22.164670944213867,214971
2019-10-18,22.303488985156303,22.581125067041178,21.97957904617918,22.164670944213867,913597
2019-10-22,22.303485470189344,22.673667442751917,21.84075756319441,21.88702964782715,588084
2019-10-23,21.840759625162953,22.072123600503307,21.054121755972336,21.563121795654297,436212
2019-10-24,21.28548589825575,22.164669717511398,21.28548589825575,21.933305740356445,283176
2019-10-25,21.609397879824666,22.210943924753288,21.378033880608488,21.97957992553711,318553
2019-10-27,22.21094253382732,22.905034488009424,22.02585063997858,22.442306518554688,394901
2019-10-29,24.154406795307132,24.154406795307132,21.93331230307411,22.1184024810791,1987347
2019-10-30,22.210943924753288,22.396035830193124,21.88703397281719,21.97957992553711,346541
2019-10-31,22.072128366469467,24.524586681595537,22.072128366469467,23.96931266784668,2202716
2019-11-01,24.06185817060483,24.06185817060483,23.228948048501987,23.50658416748047,888558
2019-11-04,23.50658416748047,23.92304011111559,22.95131016435611,23.50658416748047,790438
2019-11-05,23.599124484406516,23.599124484406516,22.71994070931282,22.81248664855957,977227
2019-11-06,22.951311430802804,23.46031336390646,22.812493363653623,22.99758529663086,402737
2019-11-07,22.95130970757417,23.2752196833808,22.9050376103878,23.043855667114258,757795
2019-11-08,23.96931243951231,24.154404364054532,23.043856347136025,23.182674407958984,1708901
2019-11-11,23.09012952946798,23.46031160246098,22.766219553661347,23.043855667114258,512274
2019-11-13,22.812486457379645,23.0438504209741,22.673668432256367,22.76621437072754,485327
2019-11-14,22.488577900557246,22.858761676585946,21.88703191226121,22.30348777770996,448450
2019-11-15,22.257219314575195,22.53485721385002,21.88703721404292,22.257219314575195,415140
2019-11-18,22.34976197124955,22.48858001774581,21.794488020097273,21.97957992553711,295909
2019-11-19,22.07212995119067,22.2109480233028,19.804761634411488,20.128671646118164,897987
2019-11-20,19.712211935339333,20.313759742633398,19.434575843639937,19.758485794067383,810735
2019-11-21,19.75848379046559,21.007849606755837,19.665937847561306,20.822757720947266,753357
2019-11-22,20.869035474837933,21.424309517829,20.822763373408478,21.19294548034668,399076
2019-11-25,21.239210547951785,21.285482630211618,20.45257279336713,20.637662887573242,254074
2019-11-26,20.68394158684633,20.822759631355257,19.75848560323054,20.452577590942383,624603
2019-11-27,20.360030951104715,21.05412291534692,20.128666963023978,20.683940887451172,406361
2019-11-28,20.776492491640486,21.192946724455634,20.45258246711695,21.054128646850586,353181
2019-11-29,21.10039347382346,22.118395300448057,20.915303355907085,21.470577239990234,716137
2019-12-02,21.37802965619947,22.072121516691876,21.192937787334742,21.88702964782715,549829
2019-12-03,21.840759625162953,22.02584974633501,21.37803167448224,21.563121795654297,331712
2019-12-04,21.516854058141295,21.516854058141295,20.452579909374236,21.285490036010742,334452
2019-12-05,21.378037416399543,21.70194742190829,21.146673378917225,21.19294548034668,244737
2019-12-06,21.331755806399848,22.39603140462171,21.10039185290238,21.88702964782715,1054110
2019-12-09,21.887034887272286,21.887034887272286,21.19294286062411,21.424306869506836,229889
2019-12-10,21.424310775519928,21.79449290418927,20.73021862232705,21.054128646850586,295001
2019-12-11,21.05412504169132,21.33176114936098,20.498851061184677,20.730215072631836,243855
2019-12-12,20.776488906521912,21.239216928803764,20.082396873099142,21.10039710998535,569224
2019-12-13,21.285492697914876,21.840766773502704,20.961582673391344,21.054128646850586,462698
2019-12-16,21.285489082336426,21.470580997814977,20.17494111979977,20.36003303527832,806551
2019-12-17,20.360031642649016,20.730213683118286,19.98984960217975,20.082395553588867,791379
2019-12-18,20.128667646709825,20.96157767905748,19.98984960217975,20.082395553588867,3526824
2019-12-19,20.128669963884263,20.498852046968192,19.758487880800335,19.804759979248047,761277
2019-12-20,19.897304764713148,20.08239667789368,18.971848729145094,19.20321273803711,1922978
2019-12-23,19.15694016393982,19.249484353051773,18.27775624603817,18.370302200317383,1987516
2019-12-24,18.324030787194467,19.434578856489434,18.2777586864603,19.249486923217773,848921
2019-12-26,19.52712007131257,19.7584840490173,18.971846171787806,19.434574127197266,723497
2019-12-27,19.480843179409568,20.86902682920598,19.434571097149735,20.637662887573242,1321891
2019-12-30,20.776482664686316,21.054118688578882,20.45257279336713,20.637662887573242,795028
2019-12-31,20.683938317279715,21.563120303639693,20.54512029471413,20.915302276611328,822943
2020-01-01,20.730215045193336,21.285489024965017,20.637669087703504,21.10039710998535,302584
2020-01-02,21.19294112728249,22.766216965075866,21.054123086340056,22.164670944213867,1697192
2020-01-03,22.07213037786975,22.812494620224896,21.70194825669218,22.1184024810791,1114972
2020-01-06,21.470584644833362,21.88703887764851,20.683946518181244,21.054128646850586,713008
2020-01-07,21.054128646850586,21.79449290418927,20.8690366999321,21.054128646850586,364480
2020-01-08,21.331759168224927,23.96930900679986,21.146669035357398,22.164670944213867,4845217
2020-01-09,22.581121508319555,22.951303480882128,21.701939544129303,21.88702964782715,1140819
2020-01-10,21.933307137837193,23.599127173423767,21.47057915404457,22.2109432220459,2152031
2020-01-13,22.44230911289761,22.67367312437078,22.072127047574,22.581127166748047,577237
2020-01-14,22.7662169715934,23.367762992627608,22.349761083479706,22.534852981567383,907855
2020-01-15,22.44230911289761,22.90503713584395,22.396037016669904,22.581127166748047,558556
2020-01-16,22.905034832663752,23.13639882087248,22.58112489613811,22.858762741088867,1139410
2020-01-17,22.581126955358965,25.4037689280084,22.581126955358965,25.126131057739258,4174841
2020-01-20,25.40376450258526,25.49630867805282,24.1543987169362,24.66339874267578,1337006
2020-01-21,24.432038638240066,26.745678694231877,24.293220587914014,25.773950576782227,3019109
2020-01-22,26.375499488982634,27.717411572559264,26.375499488982634,26.69940948486328,3507633
2020-01-23,26.88449230862774,27.06958418863391,26.09785623151898,26.421764373779297,905375
2020-01-24,26.375492286361247,26.930766161212777,26.236674258940113,26.421764373779297,824104
2020-01-27,26.37549450717427,26.606858494079308,25.912766533364195,26.097858428955078,617743
2020-01-28,26.09786032080783,27.208406479356018,24.848494347919758,26.468042373657227,1154180
2020-01-29,26.838222672454023,26.977040712553976,26.005312666687157,26.14413070678711,722518
2020-01-30,26.282947630764138,26.329221485610507,24.75594572417551,24.848491668701172,628221
2020-01-31,25.311218902319794,25.54258287443393,24.33948916034021,24.709672927856445,642361
2020-02-03,23.876767319020395,24.061859250088062,23.136403125084676,23.321495056152344,521165
2020-02-04,23.321492800685153,24.246948836185876,23.321492800685153,23.645401000976562,1065058
2020-02-05,23.64539857549373,24.848492357334855,23.64539857549373,24.617128372192383,586587
2020-02-06,24.894763828631042,26.09785758052548,24.848491738821174,25.95903778076172,927117
2020-02-07,26.236679008481218,26.838225079646737,24.802221091675577,25.126131057739258,1135478
2020-02-10,25.21867709169253,25.45004110170806,23.92303898863904,24.01558494567871,838997
2020-02-11,24.061853631472488,25.357491550902978,23.969307687548795,25.172401428222656,1080308
2020-02-12,25.21867676842563,27.254680736530577,24.617130703129668,26.190404891967773,5533214
2020-02-13,25.95904299250127,28.64286710430894,25.12613285253257,26.9770450592041,4108160
2020-02-14,27.16213478067721,27.300952831873616,26.005314745428326,26.190404891967773,1235792
2020-02-17,26.28294996637278,26.375495919122447,25.6814039212508,26.005313873291016,685462
2020-02-18,25.542587493318013,25.820223603993302,25.07985946541431,25.218677520751953,609168
2020-02-19,26.144134240709874,26.375498260539164,25.311224122357903,25.727678298950195,723782
2020-02-20,26.05751876533929,26.246000635331228,25.586315887855772,25.727676391601562,529531
2020-02-24,25.492070018322718,25.63343229220113,24.738146279285733,24.92662811279297,476667
2020-02-25,25.20935634397111,25.350716861166976,24.73815342165389,24.9737548828125,440525
2020-02-26,24.9266322444519,25.209353244078567,23.607262786204036,24.8795108795166,669833
2020-02-27,24.832394067921147,24.832394067921147,23.842866864419733,24.078468322753906,706029
2020-02-28,23.842866311745574,23.937107252394046,22.429257594507778,22.52349853515625,800790
2020-03-02,26.670079757931727,26.670079757931727,22.853337511150432,23.18317985534668,645549
2020-03-03,23.56014177907295,24.973750285817328,22.94757845231629,23.654382705688477,610444
2020-03-04,23.937104903615374,23.98422626806414,21.486849674663443,21.863813400268555,778573
2020-03-05,22.05229303649685,22.38213539123535,21.628211549686966,22.146533966064453,620379
2020-03-06,19.790523235614483,22.14653790652097,19.790523235614483,21.439733505249023,908554
2020-03-09,20.732924172406953,21.10988607058786,19.177955218975658,19.460676193237305,1099976
2020-03-11,19.602039392592292,20.2146045840766,18.37691260461641,18.895235061645508,852741
2020-03-12,17.575865463925194,17.90570780938682,15.1256103515625,15.1256103515625,4041435
2020-03-13,14.13608503576564,16.96330204291877,12.251273697663555,15.738175392150879,4275732
2020-03-16,15.549697027157409,16.86906490026539,15.549697027157409,16.115140914916992,1147422
2020-03-17,16.397857395865007,17.387384373393246,16.16225599133391,16.916181564331055,876342
2020-03-18,16.9633030575019,17.387386352937956,15.738176333458606,16.209379196166992,793842
2020-03-19,15.691055309146822,16.49210055263102,14.136086187969445,15.455453872680664,1010527
2020-03-20,15.73817667493784,16.774821557391885,14.98425099974835,15.455453872680664,1044449
2020-03-23,13.853363620299206,14.7957693209828,13.570641730344505,13.900484085083008,1098481
2020-03-24,14.65440747958412,15.078489826196286,13.052318115300372,14.418806076049805,425933
2020-03-25,14.041845482892459,15.455454124743975,13.664883537897989,14.842890739440918,722281
2020-03-26,14.937133961267499,17.43450925127516,14.136088582114994,15.596817016601562,1634155
2020-03-27,16.256499104462566,16.869062479334357,15.549694795572888,15.691055297851562,823457
2020-03-30,15.361213905693747,17.811469358702237,14.937132371853469,17.19890594482422,3323627
2020-03-31,17.99995147592442,18.84811635227762,17.99995147592442,18.800996780395508,1166228
2020-04-01,20.96852684020996,22.146533966064453,20.12036206909397,20.732925415039062,3650023
2020-04-03,21.628207836840826,21.67532739478765,19.64915584564364,19.743396759033203,1324807
2020-04-07,19.366436033578175,21.581089744345302,18.706753135102474,20.780044555664062,2075304
2020-04-08,20.63868597420731,21.53397217343513,19.837640711344996,20.544445037841797,1064100
2020-04-09,21.958053283407374,22.57061845966897,21.486850407819265,21.769573211669922,1393487
2020-04-13,22.099418332101457,22.38213937361162,21.204132038158374,21.439733505249023,896234
2020-04-15,21.675330676958254,22.146533517761693,20.92140685067122,21.01564598083496,1066545
2020-04-16,20.732928250343942,23.088942824246665,20.732928250343942,22.47637939453125,2240581
2020-04-17,23.23030016235134,23.560142517089844,22.38213539123535,22.61773681640625,883636
2020-04-20,22.711977745973854,22.994698737180443,22.05229303649685,22.38213539123535,600647
2020-04-21,21.76956887550785,22.052289825548538,20.827163312044274,21.10988426208496,450489
2020-04-22,20.026121139526367,21.298369194948464,19.83763928039116,20.96852684020996,596602
2020-04-23,21.298367703108955,21.533969111777207,20.827164885772458,21.157007217407227,303310
2020-04-24,20.968526085676352,20.968526085676352,20.261721835597374,20.591564178466797,241450
2020-04-27,20.73292865830147,21.204131582353778,19.554921348170705,19.64916229248047,744724
2020-04-28,20.591567241567446,21.204130656591925,20.073242969241786,20.685808181762695,738966
2020-04-29,21.157011383531774,21.204130955545516,20.780047617436026,20.87428855895996,329428
2020-04-30,21.109886576192917,21.43972891906234,20.497323252290368,20.591564178466797,332244
2020-05-04,20.073240705562057,21.392610124516068,19.460677359616966,20.732925415039062,1105002
2020-05-05,21.20412669256942,21.20412669256942,19.88475916897543,19.979000091552734,280670
2020-05-06,19.93188329097066,20.214606123375937,19.413560794472406,19.884763717651367,339723
2020-05-07,19.79052208092281,19.979003962596842,19.36643874590446,19.507801055908203,289349
2020-05-08,19.790514954704268,19.931875416310138,18.70674901906486,18.942350387573242,534571
2020-05-11,19.36643685754027,20.026121581579023,19.08371586009295,19.272197723388672,823308
2020-05-12,19.22507667541504,19.507799475014497,18.89523430796382,19.22507667541504,291283
2020-05-13,19.97900466178646,20.16748475256014,19.366439423656608,19.884763717651367,649939
2020-05-14,19.790517387137058,20.214600621574114,19.507796429176363,19.837636947631836,394053
2020-05-15,20.1203654663368,20.638687970230958,19.507802016962835,20.073244094848633,542304
2020-05-18,19.837638119526314,20.7329242017836,19.366435296758507,19.9318790435791,955810
2020-05-19,20.120363608723014,20.167483178364336,19.31931834234598,19.366437911987305,322452
2020-05-20,19.413558541814677,19.69627954391784,19.036596606511694,19.22507667541504,304357
2020-05-21,19.22507780962252,19.979003522203566,19.03659772959956,19.554920196533203,374995
2020-05-22,19.46067507118557,20.214600621574114,19.272195031710446,19.837636947631836,488962
2020-05-26,20.544443135316417,21.15700826621725,20.35596307753601,20.780044555664062,1060287
2020-05-27,21.10988426208496,21.20412517793051,20.63868148035317,21.10988426208496,637081
2020-05-28,21.20412934314439,23.183181774670462,21.015647474429024,22.947580337524414,3248330
2020-05-29,24.455428651737748,25.209352493286133,24.03134536743164,24.738149642944336,5514298
2020-06-01,25.115111132646472,25.633435337623744,24.314065941315196,24.785268783569336,1989812
2020-06-02,24.785266853833377,25.25646965940052,24.40830496887887,24.549665451049805,713264
2020-06-03,24.596787369419612,26.99992101345937,24.40830552390837,26.387357711791992,4712187
2020-06-04,26.670079427245277,26.811441714073876,25.586313279034957,26.29311752319336,1403763
2020-06-05,27.09416531248084,29.355938752979977,26.3402414314799,28.319292068481445,3221897
2020-06-08,28.8376118329732,33.97372129468582,28.8376118329732,32.937076568603516,10403262
2020-06-09,33.87948807536612,34.86901341267317,32.27739755092043,32.701480865478516,3904403
2020-06-10,32.84283623970993,35.575814127214755,32.27739427436041,35.010372161865234,4771070
2020-06-11,35.5758140497551,35.5758140497551,32.13603191555668,32.65435791015625,3369990
2020-06-12,29.214578718858185,34.58629229906613,29.214578718858185,34.115089416503906,3841472
2020-06-15,34.39781391703999,34.39781391703999,33.17268701707553,33.691009521484375,1691986
2020-06-16,34.115091539242634,34.86901547925497,31.759076979833516,32.46588134765625,1861941
2020-06-17,33.03132168058121,38.45015488450656,33.03132168058121,37.790470123291016,7709314
2020-06-18,37.79046754756001,42.31401783329649,36.56534084308659,41.418731689453125,11673132
2020-06-19,42.07841288873953,43.162177208079136,39.91087706007595,40.429203033447266,6335465
2020-06-22,40.42920967369236,40.947532137202714,36.75382566881386,37.27214813232422,4383591
2020-06-23,37.649107447904385,40.28784261979294,37.17790461024599,39.251197814941406,3120154
2020-06-24,39.581032941445066,39.581032941445066,37.22501907588286,37.50774002075195,1985932
2020-06-25,37.4606276429897,39.01559853031837,36.09413862003308,38.02606964111328,2005351
2020-06-26,38.63863072013361,39.20407265852894,37.8375873749082,38.07318878173828,1765695
2020-06-29,38.26167544402721,40.947534229440954,36.94230943267732,40.28784942626953,4432078
2020-06-30,40.523452136093,41.13601738544977,38.732879557198636,39.20408248901367,3006648
2020-07-01,39.3925541924083,40.19360112631018,38.21454716754565,39.53391647338867,3069830
2020-07-02,39.863762285370605,41.23025133430613,39.48680214445252,40.75904846191406,3792581
2020-07-03,40.900407375900464,42.031291300032976,40.52344367119475,41.183128356933594,3516394
2020-07-06,41.27736676414252,45.04698936534261,41.13600807359287,43.63338088989258,6890141
2020-07-07,44.387310493532084,44.95275611462363,42.9737018332923,43.868988037109375,2938717
2020-07-08,43.72762094362896,44.57578382014816,42.0312880006065,42.54961395263672,2627943
2020-07-09,42.45537983271282,44.01035081366939,42.21977838680987,43.35066604614258,2755060
2020-07-10,43.0679423167894,43.25642418063601,41.84281559427526,42.26689529418945,909036
2020-07-13,41.84281650641287,42.69097951972303,38.450153668194396,40.75904846191406,1063750
2020-07-14,40.52344469437289,40.57056425990275,37.97894861084402,39.62815856933594,1287480
2020-07-15,39.67528243063169,40.759050530123424,38.73287663802768,39.109840393066406,790183
2020-07-16,39.10982986450815,40.05223540341196,38.26166344149799,39.486793518066406,605228
2020-07-17,39.486798842466236,40.5705632013453,39.10983513807819,40.24072265625,772630
2020-07-20,40.617689533636195,41.37161706803672,40.33496850573246,40.80617141723633,1043652
2020-07-21,40.33496899899757,41.04177337489703,40.052247967636376,40.28784942626953,684527
2020-07-22,40.42921055513223,43.633388141685685,39.86376491398078,43.20930480957031,2859446
2020-07-23,43.35066266200398,44.387307505054906,42.40825695196042,42.832340240478516,1635467
2020-07-24,42.408257590822544,43.16218145121643,41.93705472870229,42.26689529418945,890095
2020-07-27,42.83234569228795,43.350668179786815,40.9946536047984,41.70145797729492,1264163
2020-07-28,41.93705368041992,42.40825653076172,41.23024940490723,41.465850830078125,828291
2020-07-29,41.93705409693863,44.10458651104033,41.84281496393127,42.832340240478516,2969195
2020-07-30,43.35066148738097,50.748544672774024,42.973697775580696,49.57053756713867,13812371
2020-07-31,50.7014275022198,52.491999825352785,48.25117404476761,49.287818908691406,6076851
2020-08-03,48.863733287503784,50.7485446558934,48.06268989393515,48.62813186645508,3758480
2020-08-04,48.109805061249844,53.19879672869506,48.109805061249844,52.53911209106445,3745777
2020-08-05,53.15167744492382,53.62288024640367,50.70142072023336,51.07838439941406,2260482
2020-08-06,51.313987731933594,52.39775205914167,50.418701656419294,51.313987731933594,1487808
2020-08-07,51.64383086191233,54.84801163157163,51.12550845373013,53.811363220214844,2851477
2020-08-10,54.2354534341416,56.497228807282724,53.717130959669674,54.848018646240234,1816179
2020-08-11,55.74330312798249,59.65428494416419,55.601940823485016,57.86371612548828,7860321
2020-08-12,57.486748608145014,57.486748608145014,55.60193717836977,56.450103759765625,1706723
2020-08-13,56.92130661720944,57.72235003686692,55.649056745115644,56.450103759765625,1112111
2020-08-14,56.87418701396982,57.29827033120175,53.811368248950885,54.6124153137207,1620847
2020-08-17,55.1307299462322,55.1307299462322,52.06791161588597,52.727596282958984,1600820
2020-08-18,52.96320713740003,54.47105499245346,50.88991364045692,53.90561294555664,1713363
2020-08-19,54.42393072120144,54.51816985588182,53.24592356273387,53.52864456176758,743799
2020-08-20,52.1150330834574,53.99984443255165,52.1150330834574,53.43440246582031,744418
2020-08-21,53.90560598153991,57.298265014611985,53.528642268979716,56.16737747192383,2858177
2020-08-24,56.544343127419,56.638582261301025,54.65953168983837,54.98937225341797,977196
2020-08-25,55.13073880479579,55.46057939383591,53.81136925864971,54.942256927490234,729753
2020-08-26,54.94225632860505,55.413459219236294,54.37681429784465,54.5652961730957,587499
2020-08-27,54.65953600098956,54.942257019927155,53.858492514834246,53.99985122680664,576456
2020-08-28,54.18833599826964,57.29827456264999,53.62289393019794,55.97890853881836,2598479
2020-08-31,57.95795849650154,58.57052372348613,49.61766834597776,52.82184600830078,3453739
2020-09-01,52.77472503800198,53.43440981997558,50.04174676767974,52.06792068481445,796519
2020-09-02,53.43439817993591,53.52863730183492,52.49199258097758,53.01031494140625,536694
2020-09-03,53.24592864408626,54.6595373691505,53.05744676174579,53.387290954589844,394565
2020-09-04,50.98414696898544,52.91608153138077,50.512944118643645,51.832313537597656,688670
2020-09-07,50.93703533311838,51.83232160714957,48.628140287983115,49.005104064941406,1206513
2020-09-08,49.00509751596809,51.21974952340425,47.35588750341147,47.921329498291016,1184186
2020-09-09,47.120288454246925,47.497252199877984,45.612440661708106,46.696205139160156,1193324
2020-09-10,47.02604693889716,48.95797794889355,47.02604693889716,47.921329498291016,998602
2020-09-11,49.099340509990164,49.38206512464845,46.7904491868948,48.39253616333008,1503921
2020-09-14,48.81661375416264,51.50247211286674,48.76949418892061,50.512943267822266,1502846
2020-09-15,50.8899067734943,51.36110961398962,50.183102512751326,50.56006622314453,686700
2020-09-16,50.46582745948627,52.02079839317894,50.23022602074451,51.455352783203125,859598
2020-09-17,51.0312709927847,51.78519484707946,49.52341968920267,50.324466705322266,675316
2020-09-18,50.74855229106342,51.549599400142775,49.47630586398665,50.984153747558594,721267
2020-09-21,51.36110580681874,51.7851890508276,48.39252669374889,49.09933090209961,851667
2020-09-22,48.298297995951636,48.72238133150004,45.28259867037657,47.355892181396484,1039489
2020-09-23,47.5914912704557,49.193581794598295,46.79044780588076,47.63861083984375,932335
2020-09-24,46.884686488735,46.884686488735,44.575791661245994,44.905635833740234,1772943
2020-09-25,44.575788923335494,47.92132844176376,44.575788923335494,47.591487884521484,1752710
2020-09-28,47.92132986897102,49.947503623781834,47.874210301532,49.7590217590332,1045270
2020-09-29,50.135980590076805,50.88990438041789,48.62812941440244,49.9003791809082,1015077
2020-09-30,49.80614625820049,51.31399773050213,48.58101940851304,51.03127670288086,1211728
2020-10-01,51.83231695484356,52.63336041523952,50.465827879762784,51.408233642578125,2475932
2020-10-05,51.78519288943388,52.0679138747326,50.41870393299899,50.56006622314453,1122037
2020-10-06,50.93702589733427,51.36110916910517,49.28781596988594,50.135982513427734,836034
2020-10-07,50.23022402721439,50.32446675596639,46.649083019466005,47.497249603271484,2539408
2020-10-08,47.82709859483556,48.43966385720017,46.74333039064991,46.93181228637695,898390
2020-10-09,47.5443644694562,48.06268684387207,46.93179937560606,47.12028121948242,665739
2020-10-12,48.72238237027403,49.47630631899344,47.59149464969845,47.685733795166016,1417582
2020-10-13,47.68572315611935,47.92132456221676,46.97891893782711,47.12028121948242,538962
2020-10-14,47.12028012861638,47.685722052162944,45.84803400314056,46.79043960571289,470290
2020-10-15,47.40300753738381,47.8742104027554,46.22500037395483,46.460601806640625,483811
2020-10-16,46.272115100269936,47.308763452623566,45.9893941296252,46.601959228515625,464910
2020-10-19,46.36635844284466,47.26164452439705,46.224996158128725,46.50771713256836,418977
2020-10-20,46.55484198986527,47.07316439441998,46.22499784515418,46.31924057006836,292659
2020-10-21,46.41348341438291,49.28782024693499,46.3663638456511,48.20405578613281,1243693
2020-10-22,48.58100891113281,49.19357400110998,47.87420469730937,48.58100891113281,810538
2020-10-23,48.86373561163438,49.61766307084357,48.76949647672951,49.287818908691406,654681
2020-10-26,49.94750359613218,52.39775705153033,49.146460165134634,50.7014274597168,2614944
2020-10-27,50.418711862810284,53.434411235285374,50.418711862810284,52.82184600830078,2267165
2020-10-28,53.52864393668518,53.8113649324174,52.303517225183874,53.15168380737305,1535339
2020-10-29,52.72760442699537,53.104564584265994,51.1255138723651,51.73807907104492,803286
2020-10-30,52.49200913300761,53.5286541807448,49.00510659835667,50.08887481689453,3766427
2020-11-02,50.3244669640104,50.3244669640104,47.26164836926239,47.921329498291016,1459242
2020-11-03,48.204057010039755,48.533897594529755,45.70668025892608,46.17788314819336,1821778
2020-11-04,46.601965966458074,47.779973176960084,46.17788265167881,47.16740798950195,695817
2020-11-05,47.92132988261545,49.52342034094614,47.35588788320112,49.287818908691406,1982849
2020-11-06,49.953877765148206,50.334480190474444,49.00237533152634,49.19267654418945,934805
2020-11-09,49.52569577884413,50.049021336817674,48.52661905367768,48.66934585571289,620506
2020-11-10,48.52661628986653,48.52661628986653,47.670262785815154,47.76541519165039,742842
2020-11-11,47.670258932164245,48.19358804771938,46.86148351125825,47.47996139526367,546921
2020-11-12,48.00329704572863,48.00329704572863,47.14694342957346,47.38481903076172,536774
2020-11-13,47.479971506314804,48.76449830240309,47.479971506314804,48.098445892333984,1693955
2020-11-14,48.62176261809774,48.90721619153885,47.86056155820502,48.574188232421875,291852
2020-11-17,48.52661894157594,48.52661894157594,47.860566583105836,47.955718994140625,624360
2020-11-18,48.00328328978254,48.66933550818272,47.62268098507027,48.19358444213867,1134041
2020-11-19,48.14602030093077,48.90722512963126,47.67026909783978,47.81299591064453,1248101
2020-11-20,48.00328426857158,48.71691088218853,47.33723203659057,47.57510757446289,872297
2020-11-23,47.8605703050149,48.526622715281015,47.33724470755354,47.81299591064453,946510
2020-11-24,48.52661377003614,48.81206371333305,47.4799627680498,48.00328826904297,1531727
2020-11-25,48.38389194400587,48.479044354655464,47.57511641679764,47.670265197753906,823624
2020-11-26,47.670264379896935,51.14324927061608,47.479966821249256,50.00144577026367,9111336
2020-11-27,50.23933296585957,50.76265863254365,49.47813166616508,49.858734130859375,2217366
2020-12-01,49.47811920106624,51.66657374748245,49.47811920106624,51.19082260131836,2694267
2020-12-02,52.1423254429051,55.18713353636746,51.52385112419278,54.04533004760742,6804045
2020-12-03,54.23563531546828,56.51924246483909,54.09290850749754,55.61531448364258,3700005
2020-12-04,56.04348286981966,56.3289328132424,51.04809615599626,53.04624938964844,3499905
2020-12-07,53.28412628173828,54.71137966428484,52.80837515422276,53.28412628173828,1383355
2020-12-08,53.807454215006956,54.6638077349099,51.85687523044271,52.903526306152344,1367390
2020-12-09,53.2365646716773,54.7113927949949,52.52293780913389,54.37836837768555,1973820
2020-12-10,54.42593763176909,55.90076561569116,52.95110964784701,54.9968376159668,6258318
2020-12-11,55.09197330320921,56.13862416629708,54.23561995727006,54.47349548339844,2097135
2020-12-14,55.23470939251655,56.328938521159145,54.85411063928376,55.282283782958984,2485629
2020-12-15,55.09198010358538,56.23377986618769,53.66472677063957,55.94832992553711,2168269
2020-12-16,57.09014761830437,58.898003744761546,55.995918337076006,57.13772201538086,6159747
2020-12-17,59.37374062187606,59.61161617944817,57.09013381730661,57.518310546875,5808267
2020-12-18,57.28043703609755,57.66103576399704,54.52107901778409,55.71045684814453,2622660
2020-12-21,55.37743398329681,55.5201571489277,48.09844001563277,50.477195739746094,2588408
2020-12-22,50.477194732478054,51.952022526059615,48.526615803567395,51.66657257080078,1967092
2020-12-23,52.61807387028063,54.235628426482755,52.61807387028063,53.14139938354492,1631668
2020-12-24,53.56957458314231,54.14047809640121,52.04717247383779,52.18989562988281,1520513
2020-12-28,52.52292921067127,55.61531177544266,52.52292921067127,55.282283782958984,4155438
2020-12-29,55.71046449926172,55.9959144918125,53.855034103141264,55.139564514160156,2303708
2020-12-30,55.187124867561664,57.090129173339655,53.9501727947445,55.23469924926758,4065172
2020-12-31,55.091990054202384,55.52016322766766,53.95018645567662,54.42593765258789,1020749
2021-01-01,54.75896333443428,55.32986696205454,54.23563773138596,54.663814544677734,790600
2021-01-04,55.18713488490523,55.42501046630568,54.092905758585815,54.56865692138672,983656
2021-01-05,54.42593141076278,56.471659145051284,53.61715229095212,55.52015686035156,2118401
2021-01-06,55.85318723876516,56.13863721050704,54.23563255930341,54.56865692138672,1610225
2021-01-07,54.90168510828394,55.662886245532036,54.33078153307787,54.85411071777344,1525989
2021-01-08,55.18713620153745,55.56773859273576,54.378360657357796,54.52108383178711,1016633
2021-01-11,53.80744949828531,55.18712843510142,53.80744949828531,54.235626220703125,816546
2021-01-12,54.33078131996842,54.71138370194625,53.8074557670189,53.99775695800781,829357
2021-01-13,54.2356260172526,55.18712822808159,53.28412380642361,53.52199935913086,1055057
2021-01-14,53.71230308451343,54.616230953776146,53.18897756958018,53.85502624511719,789940
2021-01-15,54.71138112869314,55.234706657028966,53.37927648411726,53.664730072021484,1282545
2021-01-18,53.47443248981666,53.902609270804184,52.42777773299234,52.52293014526367,1030783
2021-01-19,53.09382879685197,53.66473236738614,52.570503246132304,52.855953216552734,821565
2021-01-20,52.903522603090586,53.902602849609636,52.42777148748836,53.04624938964844,1685985
2021-01-21,53.569573787916866,54.71137716779197,53.521999403274755,53.80744934082031,1717084
2021-01-22,53.759885116660904,54.378363122977795,52.85595711884913,52.99868392944336,883064
2021-01-25,53.188979824087106,53.426855398202534,51.571425194163545,51.76172637939453,938932
2021-01-27,51.71414967155623,52.61807760204432,51.143249731086534,51.999603271484375,695547
2021-01-28,51.28597882881814,52.855955550296166,51.048103238016004,51.47627639770508,634410
2021-01-29,51.95202767173652,53.75988361692648,50.66750093099708,51.61900329589844,1773189
2021-02-01,51.476271310399255,51.99960046219907,50.42962026618585,50.81022262573242,1103513
2021-02-02,51.381123765606745,52.04717609591436,49.95387032767322,50.905372619628906,1001366
2021-02-03,50.42963035692216,51.2859840224078,50.28690353610994,50.572357177734375,770028
2021-02-04,50.61992106835343,50.90537102103745,49.478117627924256,49.81114196777344,1213506
2021-02-05,50.23931344156011,50.334465835602046,49.145088132773004,49.287811279296875,923087
2021-02-08,49.145088311621215,50.1441648596949,48.812060375801515,49.71598815917969,1355637
2021-02-09,49.95616710390382,50.38848082140935,49.47581934328936,49.81206130981445,601071
2021-02-10,50.43652138447496,50.58062719719296,49.5238597883747,50.004207611083984,778090
2021-02-11,50.0522346496582,50.72472224020945,49.81206077194437,50.0522346496582,615360
2021-02-12,50.24437376431832,50.24437376431832,49.523852141508506,49.71599197387695,533830
2021-02-15,50.052242146022934,50.34045377425526,48.99547839171472,49.187618255615234,631993
2021-02-16,49.187611793001544,49.5238537620773,48.80333211568987,48.9954719543457,575315
2021-02-17,48.803338195270044,49.09154615677544,46.83391284942627,48.03478240966797,1901749
2021-02-18,48.32299212996214,50.82080310503434,48.034784157966975,49.860107421875,1747823
2021-02-19,49.908128570336125,52.117727337402584,49.523848930514895,50.86882400512695,2114995
2021-02-22,50.86883565140937,51.589357392463995,48.99547839171472,49.187618255615234,1008496
2021-02-23,49.42778846846502,50.724726039351765,49.18761457276282,49.76403045654297,808775
2021-02-24,50.00420435224517,50.340450005085934,49.04350876943638,49.76403045654297,346977
2021-02-25,49.81206450273085,50.29241229413525,49.33171671132645,49.76403045654297,830608
2021-02-26,49.28368300360343,52.502015426973074,48.515127265030756,50.628658294677734,1581483
2021-03-01,51.10900136385317,51.15703540592971,50.05223411435674,50.29240798950195,897956
2021-03-02,50.53258139265124,55.9124783445109,50.292407519749354,54.99981689453125,6464859
2021-03-03,55.43213120404002,58.21814596126837,53.943053908739735,56.440860748291016,8772133
2021-03-04,55.624272672644516,61.4845139418191,54.51947134684741,59.0827751159668,10030451
2021-03-05,59.082778896282676,61.196309931216085,54.99982263109241,56.82514572143555,5258644
2021-03-08,57.545667994723715,60.235614945922926,57.017282482097876,58.84260559082031,3569534
2021-03-09,59.274919018749564,63.309841255759636,59.082779166556165,61.628623962402344,12202082
2021-03-10,62.44521082441491,63.598042553978566,61.724689161056276,62.253074645996094,4220263
2021-03-12,62.44522159471755,63.261811488127755,58.41029885102929,59.370994567871094,3474308
2021-03-15,59.75526392304521,59.85133201210813,56.20068965627687,57.20941925048828,2328552
2021-03-16,57.449592970371235,59.46705581767332,56.00854965005375,58.3142204284668,2909969
2021-03-17,58.45831918805499,59.4190146794923,56.00854641784236,56.392826080322266,2264172
2021-03-18,57.16138474862425,58.41028822026351,52.26183895036152,54.3753662109375,2533886
2021-03-19,52.838257432881036,55.48017030452509,51.87756184319229,54.855716705322266,1859926
2021-03-22,54.99981583764543,56.20068517907873,54.039120364498785,55.48016357421875,1626860
2021-03-23,56.00855251383844,58.41029150383805,55.48017066899109,57.97797775268555,2630005
2021-03-24,57.737800836650045,58.98670797799964,55.76837570071343,56.34479522705078,1884926
2021-03-25,56.34480103532505,56.63300899582216,53.99109597253308,54.51947784423828,1347956
2021-03-26,55.72034586679757,55.72034586679757,53.366640868781985,53.846988677978516,1014078
2021-03-30,54.759652654959844,55.720348315573176,54.279304824653174,55.4321403503418,1091116
2021-03-31,55.72034343491252,58.02601428433126,55.57623763253781,56.20069122314453,2008047
2021-04-01,56.48890211966883,60.42775638818219,56.0085543062962,59.80330276489258,3722852
2021-04-05,59.947411197534635,60.04347929850699,56.9692524254708,57.73780822753906,2046756
2021-04-06,58.21815486114984,59.563130235600894,57.20942516269309,57.92994689941406,1487979
2021-04-07,58.12209086892941,59.947414196834174,57.92995099260838,59.370994567871094,2252998
2021-04-08,59.56313504261197,65.23124129483038,59.56313504261197,63.117706298828125,8743869
2021-04-09,63.405901898394575,67.48885770245786,62.92555415674007,65.56746673583984,7590134
2021-04-12,65.03908107680417,65.03908107680417,59.65918785366573,60.8120231628418,4719423
2021-04-13,61.00416806784893,65.32729808840516,61.00416806784893,64.5587387084961,4688262
2021-04-15,65.03907330588181,69.02596053820344,62.54126682174233,68.0172348022461,8294316
2021-04-16,68.25742778546329,71.57182479376692,68.20939007191211,68.88187408447266,6914627
2021-04-19,66.86441913671217,67.10459306129054,60.043481144591844,65.80765533447266,3434746
2021-04-20,66.33604797785233,69.55437744466575,66.33604797785233,67.20066833496094,4015051
2021-04-22,67.87314506674117,70.03471014957034,66.48013206009139,68.9299087524414,5275219
2021-04-23,68.8818598642391,70.9953942222231,67.82509635000937,68.4015121459961,4568031
2021-04-26,69.36221388237986,69.84256164425099,67.29672436995418,67.72903442382812,1633804
2021-04-27,68.01725166078671,71.09147466022957,67.87314585435406,69.84256744384766,3894628
2021-04-28,70.61112929099579,72.53252056422016,70.22684957044571,71.42771911621094,4627339
2021-04-29,71.95610764223684,72.91680331882337,70.41899602560365,70.80326843261719,2509001
2021-04-30,70.32290197134057,71.57180895197678,69.36220654916639,69.69845581054688,1306549
2021-05-03,69.89060196831682,78.96917207569007,69.17008029854036,76.61547088623047,11003607
2021-05-04,78.05651239212371,80.21807735067483,72.62858114141251,73.39714050292969,8353939
2021-05-05,74.26176332819571,76.61546431580553,72.91678819405091,76.13511657714844,3128882
2021-05-06,76.66350583787107,77.14385360044037,73.87748734906405,74.45390319824219,2121116
2021-05-07,74.93425316904106,75.22246476688599,73.15696786106503,73.49320983886719,2798846
2021-05-10,74.21374103945831,75.1744367163445,73.06090915900542,73.34911346435547,2781549
2021-05-11,72.3884211879292,79.20935934833076,72.14824725742542,78.15259552001953,5080174
2021-05-12,79.2093386644168,82.23553086444079,76.95170577312184,79.16130828857422,8267323
2021-05-14,80.12202941773387,82.42770075275666,78.20063786013607,79.92988586425781,5707359
2021-05-17,80.6984319038872,82.52375504380888,80.02594790316516,81.75519561767578,4402201
2021-05-18,83.9647918246914,84.92548736655394,81.99536303206305,82.66785430908203,4371635
2021-05-19,82.33161039192923,83.05213209546254,81.22681631013212,82.23554229736328,2413262
2021-05-20,81.8512566962114,84.73334330283187,80.79449307302227,82.90802764892578,2845980
2021-05-21,83.7726569233861,85.9342221146039,83.10017290681766,84.15693664550781,3180417
2021-05-24,84.82941757562811,86.94294479349414,83.82068434510899,85.35779571533203,3825816
2021-05-25,85.8381413127343,85.88617901946239,83.8687199388073,84.34906768798828,2734757
2021-05-26,85.02155547568525,85.59797133503908,74.69407839813026,75.94298553466797,11794601
2021-05-27,76.85563760972857,77.04777377194299,72.34037183196692,73.58927154541016,5517515
2021-05-28,73.5892738589256,74.35783319099492,69.79452956445516,71.2355728149414,4467288
2021-05-31,71.76394756546806,73.68533847570308,71.2835998379093,72.1001968383789,3383727
2021-06-01,72.48447582017204,73.58927716102447,71.09147021400504,71.76395416259766,3156179
2021-06-02,71.90806002370739,73.87748882129848,70.75522830237745,73.15696716308594,3135603
2021-06-03,73.87749091668553,74.64604297619549,73.01286343640199,74.16569519042969,2875553
2021-06-04,74.93425978623428,75.4146076053768,73.63732214045466,73.97356414794922,2552134
2021-06-07,74.4058690833126,74.64604297619549,73.39714313091973,74.16569519042969,1729959
2021-06-08,74.45390231305691,74.59800810601946,73.01285904248162,73.54124450683594,1157569
2021-06-09,74.06963105511585,76.80761211430676,71.09147609021474,72.48448181152344,4950880
2021-06-10,73.8774954828797,75.3665693130745,73.5892838617963,74.21373748779297,2519216
2021-06-11,74.69408932972894,75.36657337580662,74.26177920432562,74.501953125,1358120
2021-06-14,74.93425684387755,75.17443074401818,72.62858593662231,73.20500183105469,1297797
2021-06-15,73.63731563778965,74.74211699016136,72.67662008434041,73.49320983886719,1605006
2021-06-16,73.82944447164174,73.87748217634527,72.38840128483211,72.6766128540039,1166364
2021-06-17,72.05218384597475,75.60675531723197,71.66790406622411,72.53253173828125,3106434
2021-06-18,73.10893589952573,73.73338952426838,70.27488672584307,71.66789245605469,2013742
2021-06-21,70.03469892333963,72.19626365968021,69.69845698581378,71.18753051757812,1267299
2021-06-22,71.71593475341797,72.24431298541586,71.28361729502721,71.71593475341797,847346
2021-06-23,72.0521623394015,72.38840429774706,70.51505100873261,70.6591567993164,1302949
2021-06-24,70.70720734758802,72.53253078014612,70.13079135033996,71.04344940185547,2178172
2021-06-25,71.13951110839844,73.15697037403733,70.80326178952058,71.13951110839844,2036602
2021-06-28,71.57180684407552,72.53250223795573,71.33163299560546,72.05215454101562,1052100
2021-06-29,72.00413503227304,72.34038436870814,71.1395148229429,71.42771911621094,829293
2021-06-30,71.47576689693682,72.77270472312674,70.4670334046074,71.04344940185547,1601883
2021-07-01,71.57182425421637,72.2923459748964,70.94737063038849,71.09147644042969,1316266
2021-07-02,71.1875351081152,72.58054798130023,70.89933085573294,71.2355728149414,1582038
2021-07-05,71.81199271269753,78.29668770682072,71.57181882402631,77.43206024169922,10072195
2021-07-06,78.1525864189027,80.98664286652826,76.37530100605072,76.9036865234375,9937988
2021-07-07,76.9517181462836,79.01721520727251,75.5106747078531,76.999755859375,2619926
2021-07-08,77.33600138473975,78.82508260408251,76.37530571536409,78.10456085205078,2859022
2021-07-09,78.20062654941907,78.29669464749851,75.89495554788199,76.5194091796875,1682247
2021-07-12,77.23991010224739,79.92985277147025,75.89493510287393,77.52811431884766,3411748
2021-07-13,78.10455558665566,80.12201489043285,77.52813236026864,77.72027587890625,2565850
2021-07-14,77.7683079621557,78.48882968137094,76.42333994990798,76.999755859375,1235416
2021-07-15,77.23994354204191,78.34474517445928,76.08710418796531,76.32727813720703,1710827
2021-07-16,76.56742752416338,78.10454616983547,76.0390494030479,77.04777526855469,1307038
2021-07-19,76.27923125375412,77.52813112208662,75.65477765482503,76.23119354248047,1012077
2021-07-20,76.27922711433118,76.56743137775617,73.0608985308379,73.39714050292969,1282744
2021-07-22,74.35784463060365,75.55871419075704,73.97356490544934,74.88622283935547,945825
2021-07-23,75.36656426962423,76.85564532969732,73.97355862983368,76.37529754638672,1400337
2021-07-26,75.84690606380325,77.4800927958126,75.46263373111863,75.65476989746094,1057398
2021-07-27,75.89494375318922,80.12200537749969,75.89494375318922,78.44078826904297,4612206
2021-07-28,79.06525496586161,80.21808681462056,76.80761432362563,78.00848388671875,3299314
2021-07-29,78.58491103988995,78.58491103988995,76.90369356814008,77.14386749267578,1215453
2021-07-30,77.52811641583332,78.15256989631028,72.72463938066338,72.96481323242188,3952899
2021-08-02,73.63730972218278,74.06961975469542,71.09146524415601,71.37967681884766,1975121
2021-08-03,71.57181140625443,72.96481688436495,71.37967524704078,72.1001968383789,1290536
2021-08-04,72.72465492312753,73.39714624948844,71.42771731235943,71.57182312011719,1403560
2021-08-05,71.76395202814057,71.86002744324652,70.13077258469069,70.7552261352539,658011
2021-08-06,70.99541247663512,71.42772260240005,69.84257325871799,69.98667907714844,847141
2021-08-09,70.65916245506652,70.94736672977778,66.52816855180826,67.44082641601562,1422372
2021-08-10,68.01725223272132,68.40152461373856,64.36660597685078,65.08712768554688,1240517
2021-08-11,64.89499619759049,65.32730632232473,60.235619944860886,63.742156982421875,1846586
2021-08-12,62.92555466820212,65.80764114155488,62.92555466820212,65.3272933959961,1086701
2021-08-13,65.80765344275711,66.23996356276034,64.94302587322439,65.3753433227539,716387
2021-08-16,65.37533975702664,65.75961214072534,62.87752528582969,64.27053833007812,976853
2021-08-17,64.22248954297757,67.24868168469371,63.6460737372994,66.52816009521484,1367630
2021-08-18,66.96048724063822,67.96922065567796,65.47141330596824,65.80765533447266,686909
2021-08-20,65.61551075959184,65.7596092323428,62.20503853365827,63.21377182006836,671308
2021-08-23,63.59803754872944,64.31855915538208,59.563119483284595,59.9473991394043,1464721
2021-08-24,59.9954322201641,62.92555264071036,59.22687658498575,62.39716720581055,1229411
2021-08-25,62.925567059755224,66.23996422498521,62.925567059755224,65.71158599853516,1369876
2021-08-26,66.14388473438649,66.57620211380281,63.934289447850716,64.60677337646484,712122
2021-08-27,64.99105390504957,64.99105390504957,63.453942526865454,63.83821487426758,592202
2021-08-30,63.93428387655651,66.09584859670197,63.93428387655651,65.03907775878906,593630
2021-08-31,66.2399559387124,66.2399559387124,64.36660252828155,64.5587387084961,560462
2021-09-01,64.60677571850695,65.37533509009116,64.07839023435213,64.22249603271484,647410
2021-09-02,64.31857299804688,65.03909475977045,64.17447450932328,64.31857299804688,638762
2021-09-03,64.36660586253343,65.61551308719889,64.17446967236604,64.51071166992188,1047385
2021-09-06,64.84694779808842,64.99105359243364,64.12642615588743,64.3666000366211,459789
2021-09-07,64.36660699369925,64.60678090039217,63.7421533703925,64.03036499023438,432718
2021-09-08,64.22249587964143,64.89498716055608,63.45394383941443,63.646080017089844,893420
2021-09-09,63.40590972117945,64.27053722873706,63.117698108818324,63.357872009277344,622112
2021-09-13,62.92556360221312,63.30984331912419,61.388452064094785,61.77273178100586,1056470
2021-09-14,62.445206941178775,64.75087758645036,62.25307077470819,62.54127502441406,3059007
2021-09-15,62.925558184254896,68.11331559206799,62.301104614231264,66.43209838867188,9935147
2021-09-16,66.7203176274042,67.15263511729673,64.84696382645086,65.2792739868164,2594231
2021-09-17,65.71158129898865,65.80764939424296,62.253078563152584,65.08712768554688,2838802
2021-09-20,64.84694596602725,68.83383373947318,64.51070400840469,67.29672241210938,5263861
2021-09-21,67.82510399681853,68.49759527589218,65.42336513482407,66.43209838867188,1602654
2021-09-22,66.86441242357189,69.6023934229686,65.32730092650057,69.26615142822266,4815715
2021-09-23,70.08273470475925,72.0521634371857,68.54562335067098,70.1788101196289,5716660
2021-09-24,70.37095214099419,70.85129993717845,68.68973485434927,68.9299087524414,1629673
2021-09-27,69.31417207963352,69.74648206225467,67.82509133145139,68.0172348022461,1050110
2021-09-28,68.01724796646664,70.99540270970613,67.24868859358692,68.16134643554688,2236335
2021-09-29,67.48887403832197,69.6024016813769,67.34476821503944,69.02598571777344,1170186
2021-09-30,69.31418484858679,71.4277121100116,68.64169357120595,69.2181167602539,2823612
2021-10-01,69.1220538234529,70.46702929154543,68.68974368313197,69.02598571777344,1574151
2021-10-04,69.36220758248213,69.60238144160364,68.16133828687458,68.4015121459961,1143746
2021-10-05,68.01725377654321,69.31419141572825,67.96921606306279,68.30545806884766,1309979
2021-10-06,68.6897388458252,68.7858069447393,67.05655917570694,67.24869537353516,1170186
2021-10-07,67.77707852534526,68.88187261824568,67.3927988136936,67.63297271728516,916601
2021-10-08,67.72904252469968,68.2093903440238,66.72030917230863,66.9124526977539,1048969
2021-10-11,67.0085296181875,67.34477167007945,65.71159180116024,65.85569763183594,1430599
2021-10-12,65.85569487326113,66.67228477351529,65.42337739934302,65.6635513305664,921108
2021-10-13,66.23995670128166,70.80326066440256,65.85568433642875,70.22684478759766,4392520
2021-10-14,70.32291177891709,72.82072608854686,70.27488139882446,70.70719146728516,3493071
2021-10-18,71.18754021689729,71.5237822002362,69.50632297067726,69.65042877197266,1434088
2021-10-19,69.93864800592488,70.70720014748507,66.57621314659247,67.1045913696289,1554319
2021-10-20,67.10457590089301,68.2093771373322,65.90370658509491,66.52816009521484,1125065
2021-10-21,66.96047849176468,67.24869009541237,66.28799452262076,66.86441040039062,698785
2021-10-22,66.5281787521153,68.9779557751591,66.5281787521153,67.05656433105469,1079675
2021-10-25,67.584932366591,67.8251062608074,64.55873983355919,65.47140502929688,1064633
2021-10-26,65.80765696057614,67.39280636786762,65.5194453121498,67.05656433105469,654565
2021-10-27,67.53689334293534,69.93863197775488,66.48012247999503,69.31417846679688,1610901
2021-10-28,69.6023902188172,69.98666990777613,67.7290368132399,68.7377700805664,1649178
2021-10-29,69.31418575080139,70.13077550654789,66.4801294661777,66.76834106445312,2430174
2021-11-01,66.2879883483216,67.44081999648246,64.65480895850624,65.56746673583984,988401
2021-11-02,66.19193036466926,66.23996074844769,64.94302311401425,65.18319702148438,1246239
2021-11-03,65.32728524911457,65.61549679231732,63.79017412092255,64.17445373535156,950781
2021-11-04,64.51071245267048,65.7596123629638,64.3666066435335,65.42337036132812,418255
2021-11-08,66.57622192805523,68.11333374344834,65.32731445518922,67.20066833496094,1156632
2021-11-09,67.6360768375499,72.81279929788434,67.2006470303128,69.86157989501953,4453873
2021-11-10,69.57130872828195,70.49053723418531,68.21665036513949,68.55531311035156,983454
2021-11-11,68.84560111754091,69.1358803127929,67.73284574667242,68.02313232421875,604396
2021-11-12,68.41018028780451,68.60370715916393,66.91038579181931,67.6844711303711,573784
2021-11-15,68.16826217388675,68.21664572661031,65.79761573630498,66.37818145751953,741548
2021-11-16,66.7168413843217,67.82959660969733,66.13627568743239,67.05551147460938,624903
2021-11-17,67.63608987874596,67.82960935330242,65.74924178149416,66.42657470703125,617738
2021-11-18,66.42657764544062,67.05552703901309,65.36220572370765,65.7492446899414,566636
2021-11-22,66.4749453247872,66.4749453247872,63.23344641215852,63.47534942626953,807699
2021-11-23,63.378576249970024,65.1202805349473,62.60448381613733,64.636474609375,693155
2021-11-24,65.94276705199547,65.94276705199547,64.83001164432795,65.07191467285156,507156
2021-11-25,65.3621995642215,65.74923849398218,64.63649049747868,65.21705627441406,488801
2021-11-26,65.79762473829336,66.91038016253226,62.94317191212351,64.1526870727539,1372293
2021-11-29,62.99154925584947,63.71725836566869,60.95956522481461,61.83041763305664,824061
2021-11-30,62.89477902515002,63.378585017651176,59.50813707764195,61.2982177734375,634187
2021-12-01,61.927168052266296,62.3142143290517,61.0079359132611,61.97555160522461,497627
2021-12-02,62.2658370588954,62.894786399347765,61.49174811836364,62.60449981689453,400015
2021-12-03,62.74963721225952,64.53971794974262,62.50773421037549,63.95915222167969,590682
2021-12-06,64.53972266333912,64.73324950835665,62.846401526480804,62.94316864013672,363803
2021-12-07,63.039931227652815,64.05591952642267,63.039931227652815,63.86240005493164,380318
2021-12-08,64.92677307128906,65.70086573565553,64.63649385887271,64.92677307128906,721369
2021-12-09,64.44295556754493,65.21704809456445,64.201052575638,64.83000183105469,528767
2021-12-10,64.58811302664999,66.28143434195543,64.4429697231648,65.7492446899414,746646
2021-12-13,66.66846451279548,71.79680339390696,65.94275555376424,70.97433471679688,4396950
2021-12-14,70.9259568419316,79.24741789542554,69.76481810605071,78.2314224243164,20416851
2021-12-15,79.0055158667257,82.48891735174853,76.05429651588663,77.5057144165039,16074324
2021-12-16,78.13465817893331,79.77959539820431,75.52210909366933,76.24781799316406,4530324
2021-12-17,76.34459217982277,76.5381116367996,71.99033795719744,72.4741439819336,2593766
2021-12-20,71.50652720570706,71.50652720570706,66.57170755606067,68.79721069335938,2652415
2021-12-21,69.47455666222776,72.03872300332311,69.47455666222776,70.24864196777344,1680782
2021-12-22,70.73244464238233,72.37738967917403,69.86159225611551,70.53892517089844,1041718
2021-12-23,71.11948563621357,73.29661274752623,70.68406316686867,72.4741439819336,1821066
2021-12-24,72.76442935922651,78.6668692691059,72.03872026036868,76.39297485351562,7489485
2021-12-27,76.15105382011633,76.15105382011633,73.82879115853926,74.26421356201172,1876849
2021-12-28,74.89317722334913,77.3122074477319,74.31261144595615,75.18345642089844,2247183
2021-12-29,75.71564981973606,76.0543125916721,73.15147617685794,73.39337921142578,1230579
2021-12-30,73.5385209119202,74.02232697055126,71.74843997144423,72.0387191772461,1061487
2021-12-31,71.9903397614849,73.82880417801834,71.79681291736365,72.52252197265625,1042695
2022-01-03,72.86118498764205,73.63527014163617,72.57089844096079,72.90956115722656,932345
2022-01-04,73.4901372787881,76.39297362763757,71.94195936919397,75.23184204101562,2633940
2022-01-05,75.57049687104185,80.11827776947388,75.03831469233715,78.03791046142578,10729961
2022-01-06,76.44133741344558,77.7959955022943,75.8123882240916,76.24781799316406,2147346
2022-01-07,75.8607775278094,76.68324619986667,74.60287905363246,74.8931655883789,1579347
2022-01-10,75.76402060853799,76.634865480354,74.6028818089608,75.5221176147461,1684434
2022-01-11,75.90917194731973,77.16707072395106,74.65128055298344,75.71565246582031,2067525
2022-01-12,76.29621943339795,76.5865060422825,74.60289810692682,74.98994445800781,1193643
2022-01-13,75.71564367596771,75.86078696139006,73.68365982693732,74.74803161621094,1263013
2022-01-14,74.74803338685037,77.94115621260443,74.119084056651,76.29621124267578,2439736
2022-01-17,76.92514577197728,78.13466064260585,76.44133982372585,76.68324279785156,2071458
2022-01-18,77.11866750137175,77.21543459974613,71.70004219559677,72.61927795410156,1850678
2022-01-19,73.24821975170316,74.45773465765792,72.1838481109216,74.11907196044922,1221027
2022-01-20,74.7480369459376,76.1994551390626,73.92556811295903,74.31261444091797,1520552
2022-01-21,74.2642338748613,74.65128021842055,71.50654067323099,71.94196319580078,1228194
2022-01-24,71.94195139915104,73.24822613495957,68.21664664062529,68.65206909179688,1413482
2022-01-25,68.70044418635983,71.60327985620603,67.10388309148586,70.68405151367188,1131603
2022-01-27,69.71645634364991,72.86119574017842,68.84560395738309,70.53892517089844,1249454
2022-01-28,71.0710929781253,72.81279739701772,69.66805863900699,69.81320190429688,1175219
2022-01-31,70.82919665995618,71.60328922612916,67.73284115985192,69.03911590576172,1652918
2022-02-01,69.32939840210811,69.95834765249104,68.1198834522538,68.74883270263672,1037377
2022-02-02,69.28101910485101,71.36138642278766,69.28101910485101,70.73243713378906,1129629
2022-02-03,71.11947104692257,71.11947104692257,69.57129356181542,70.05509948730469,624002
2022-02-04,70.490521867328,70.82918453871198,68.8939608367549,70.05509948730469,775245
2022-02-07,70.05511750301046,70.5389235529176,68.60369935328909,69.18426513671875,823664
2022-02-08,69.57131936907514,69.6680791136072,66.6684827393415,67.6844711303711,1126622
2022-02-09,68.11988609260884,68.8455950906502,67.39417709456747,67.87798309326172,589439
2022-02-10,68.26779805862556,69.63217345398259,67.87797333054287,68.85253143310547,601886
2022-02-11,68.02415791249592,68.5601604028432,67.04959981882284,67.39069366455078,748675
2022-02-14,66.17250012379152,66.17250012379152,63.395010872783104,63.784828186035156,1139397
2022-02-15,65.14921622815547,65.24667056415703,62.12808720037171,64.95430755615234,1056574
2022-02-16,65.44158442680724,68.75508378423208,65.39285354283331,65.92886352539062,1096355
2022-02-17,66.95215203954629,66.95215203954629,64.36957850035152,64.66194152832031,568279
2022-02-18,65.7339469426877,65.7339469426877,64.22338620933111,64.46702575683594,639997
2022-02-21,64.41830245784115,65.24667552983257,62.37173150489475,62.90774154663086,803346
2022-02-22,61.29971944302328,61.98190728876704,60.13024872259193,61.05607986450195,779981
2022-02-23,61.39717339322968,62.95646519869818,61.39717339322968,61.98190689086914,552195
2022-02-24,58.7658711892644,60.27643597634612,56.8654815523863,58.71714401245117,1538510
2022-02-25,62.37172568288234,62.37172568288234,57.49893461390716,61.299713134765625,786579
2022-02-28,61.29971944302328,61.93318011659176,57.74258010955396,61.05607986450195,737415
2022-03-02,60.2764192708963,64.028466610324,59.6429587125957,63.44373321533203,1026526
2022-03-03,64.8568513797288,65.39285393017202,63.589922741792044,64.07720184326172,757460
2022-03-04,66.31870196289854,67.1957985729307,64.46703951950411,65.05177307128906,2307895
2022-03-07,62.61536137570171,66.70850264715742,62.61536137570171,63.784828186035156,1206575
2022-03-08,64.27211462432103,66.75724117502537,64.27211462432103,66.36741638183594,1112580
2022-03-09,67.04961162873983,67.19578942030755,65.63649768283932,66.36741638183594,852554
2022-03-10,67.73178319780382,67.73178319780382,65.49029675095565,65.8313980102539,676099
2022-03-11,66.07505424432557,66.65978772426065,65.53904421713281,65.97759246826172,402536
2022-03-14,66.61105751503449,69.43727803802611,65.05176574088762,68.9012680053711,1716643
2022-03-15,69.43728432497434,71.3376701850154,67.53689846493329,68.75509643554688,1791201
2022-03-16,69.48599954590306,70.55801203120109,68.31652529670538,69.680908203125,1235100
2022-03-17,70.26565190989295,73.92024553317404,70.26565190989295,72.55586242675781,2889352
2022-03-21,73.09187262481822,75.57699926817796,72.21476866626244,73.28678131103516,1946861
2022-03-22,73.09186146766595,73.8227800823426,72.01984898653124,73.18931579589844,1096067
2022-03-23,73.77405084096539,73.77405084096539,70.89910720009426,71.67875671386719,1301597
2022-03-24,71.5325821016597,73.96897789915975,70.99657205209373,71.97113037109375,1274668
2022-03-25,72.50714584809603,76.50283376803063,71.77622705413395,74.40753173828125,3862176
2022-03-28,74.94352031666779,74.99224376110573,72.26348550806665,72.8969497680664,840091
2022-03-29,73.28677414072378,76.11299442609322,72.40967770327211,74.74861145019531,2726416
2022-03-30,75.82062006864048,75.96679782946127,73.48167923676463,74.6511459350586,1407381
2022-03-31,75.18715651215693,77.72100600455829,73.87150460603392,76.11298370361328,2261348
2022-04-01,75.72317127612162,79.57268073457232,75.57699349027916,78.20829772949219,2705983
2022-04-04,78.79304033763641,79.86505302506404,76.11300490142233,77.62357330322266,2171603
2022-04-05,78.2570495786548,81.18072504333244,77.96467905807056,78.98796844482422,3999611
2022-04-06,78.6468489924992,80.25487161642097,77.47738204889582,77.7697525024414,1960833
2022-04-07,77.76976188719898,78.69558937633381,75.77191422922543,76.25919342041016,1268809
2022-04-08,76.99010254178677,78.45193993182069,76.06427516888105,76.30791473388672,1511321
2022-04-11,76.69772812642213,84.3480160205139,76.25917990618906,83.76327514648438,12038482
2022-04-12,84.49419138965364,91.36482954559817,84.00691229874379,88.24624633789062,27647512
2022-04-13,89.07462930528993,92.58303766665252,88.78225884380568,89.65936279296875,10238017
2022-04-18,89.36697926298015,90.34153741169439,85.76111708685292,87.02804565429688,4871106
2022-04-19,87.71024777110325,94.87324985201873,87.71024777110325,89.80554962158203,15434987
2022-04-20,90.58518586947933,91.90084544803736,88.2462520304636,89.02589416503906,4945957
2022-04-21,90.14663397176197,91.99829604851001,89.6593548692119,90.5851821899414,3545871
2022-04-22,90.536464463684,96.82236230979682,89.07462706363084,94.67833709716797,12971658
2022-04-25,93.55760137538479,98.13802263527195,92.53431213622547,93.75251007080078,11456018
2022-04-26,95.31180271637292,96.3838153368455,92.58303655945217,93.36268615722656,4971773
2022-04-27,92.77794674411184,92.77794674411184,87.90515526731417,88.73353576660156,4626708
2022-04-28,89.36699916160973,91.51103202734875,87.41788243018713,88.39244079589844,3792456
2022-04-29,89.02588603378967,89.36697990121795,83.76327050609072,84.9814682006836,2709265
2022-05-02,83.32472704568524,87.02805122183132,82.25271450057635,85.42002868652344,3468099
2022-05-04,86.39459389737817,88.39243393074645,83.27600290813865,84.88402557373047,2620436
2022-05-05,85.7611260256448,86.93059295187875,80.88833477418771,81.47306823730469,2874212
2022-05-06,79.52396550692121,80.74216353072605,77.96467352350918,79.67015075683594,2291270
2022-05-09,78.89047977441493,79.71886015545934,77.47737342196622,78.15956115722656,1745585
2022-05-10,77.81848068351795,81.22943481748182,77.72102633817697,78.93922424316406,2226817
2022-05-11,79.71886803325586,80.64469539906898,71.04529809844313,74.11515808105469,3342407
2022-05-12,73.96897685647295,78.0133953103698,72.50713939857937,76.4053726196289,3248041
2022-05-13,77.86719588618013,78.89047745903808,75.04097582894153,75.82062530517578,2187539
2022-05-16,75.382080078125,76.795194019189,74.01769702427646,75.382080078125,1666235
2022-05-17,75.96681033282248,82.44762398782308,75.674447327773,81.71670532226562,2839319
2022-05-18,81.86289288222183,83.71455504161567,80.49850984712693,82.3989028930664,2567184
2022-05-19,79.1341296967864,84.34802246508373,79.0366753554319,82.69126892089844,3316942
2022-05-20,84.20183544560369,87.17423368782775,82.64254371120704,83.47091674804688,3553093
2022-05-23,84.1043821824961,84.34802175146591,80.8883368979787,81.42434692382812,1183738
2022-05-24,81.47307123292732,86.05349963888499,80.9370686367328,83.42218780517578,5078182
2022-05-25,83.51963977958773,84.29928936050588,79.81632285845016,80.35232543945312,1460008
2022-05-26,78.45192707073669,78.84175179789737,71.6300203689335,76.79518127441406,6250645
2022-05-27,77.42865137206783,85.17639405919698,77.18501180521388,83.2760009765625,2595622
2022-05-30,83.81201116275159,85.46875724650413,78.64684936116387,79.2315902709961,5077489
2022-05-31,78.89049425984979,80.40106265351672,78.01339770640708,78.54940032958984,1602796
2022-06-01,80.20615926918492,80.69343846903345,78.69559077553825,79.52396392822266,1285850
2022-06-02,79.76760568137287,80.05997618329037,78.64686200441008,79.4752426147461,759766
2022-06-03,80.30360214555732,80.35232559740457,78.50067085084065,78.6955795288086,865632
2022-06-06,78.69557949682634,79.57268341790459,75.8206356038754,76.30791473388672,955896
2022-06-07,76.60028599543436,78.74431885942637,75.77191287231278,77.57484436035156,1131441
2022-06-08,78.35449391363807,78.45194826293148,76.4541006436103,76.84392547607422,600172
2022-06-09,76.74646313197354,77.13628792382876,75.04098617348524,75.382080078125,697104
2022-06-10,74.94353679864655,76.74646821570349,74.45625763537224,74.89480590820312,717568
2022-06-13,74.01770450201477,74.01770450201477,70.41184154246814,71.53258514404297,957051
2022-06-14,71.53256311608276,75.08970152338478,71.53256311608276,74.6511459350586,1526910
2022-06-15,74.1638854279322,75.77190811616931,73.09187278087072,74.0177001953125,678555
2022-06-16,75.04097604588844,75.38206990449387,70.16818539355802,71.38638305664062,1200217
2022-06-17,71.1914939030914,71.581311313813,66.46487972754169,69.63219451904297,721818
2022-06-20,69.5834550596489,70.1194575937827,64.80811852349176,65.78267669677734,979683
2022-06-21,66.75723930677115,69.68091402093631,66.3186910737621,68.8038101196289,703213
2022-06-22,68.94999457795578,69.4860045770591,67.04960900893346,67.5368881225586,493197
2022-06-23,68.02416386811625,73.14059430785126,67.73179344030157,71.48384094238281,1397301
2022-06-24,72.01985771305765,72.55586030092722,71.04529944206982,71.87367248535156,584296
2022-06-27,73.04315441933849,74.35881430327734,72.21478120613737,73.53043365478516,777996
2022-06-28,73.53042633693872,76.40537800112963,72.40969015518141,75.72318267822266,1404251
2022-06-29,74.94353430844669,75.62572214024722,74.26133904135645,75.13844299316406,610742
2022-06-30,74.84609155027529,75.57701038402685,71.53259135021008,73.57916259765625,941963
2022-07-01,73.57914964304675,74.16388312003953,72.11731223291999,72.6045913696289,389162
2022-07-04,73.09186547357653,75.13843621977887,72.70204070399298,74.74861145019531,686640
2022-07-05,75.33336891432202,76.79520654576199,74.60245009860205,75.08972930908203,707572
2022-07-06,74.4562575611922,77.57484122892477,73.87152405290358,76.55155944824219,899813
2022-07-07,77.13628398149919,77.76974830647725,75.62571577849683,76.21044921875,521657
2022-07-08,76.74646136192548,77.13628614478995,75.57699444862139,76.16172790527344,391736
2022-07-11,76.35664346588945,81.5705290305005,75.33336168327793,80.40106201171875,2090088
2022-07-12,80.9857902022379,84.39674412416973,79.52395280712425,83.47091674804688,2152033
2022-07-13,82.93491874844749,85.76113960898347,82.0578146972066,83.17855834960938,1906705
2022-07-14,83.17854752698685,85.22511842340279,81.66798665750133,84.54293060302734,1390252
2022-07-15,84.8840341319199,86.44332606610595,83.32474219773385,84.49420928955078,1061650
2022-07-18,84.05566347922834,88.68481596069309,84.05566347922834,88.10008239746094,2787646
2022-07-19,87.71025072626708,88.63607817648386,85.76113404346114,86.97933197021484,1673271
2022-07-20,87.80769040818377,92.72921218441883,87.02804832644705,90.82881927490234,5568730
2022-07-21,91.21865831137315,92.29067098861294,89.95173694201338,90.48773956298828,1693880
2022-07-22,90.63391141017563,91.02373617211589,88.05133072702145,89.70808410644531,1490871
2022-07-25,91.02374053873346,92.92412612083582,89.75681186047238,91.07246398925781,1895301
2022-07-26,91.4135721609118,91.75466608126726,88.44116635076466,89.07463073730469,950942
2022-07-27,88.3437166537426,90.53647295958972,88.00262271544665,90.24410247802734,959675
2022-07-28,90.9262912413119,92.48558301499902,84.884025394751,85.80986022949219,1736455
2022-07-29,86.24840550262655,92.29066370496598,85.66367203712424,88.63607025146484,4487832
2022-08-01,89.7081015697453,90.14664986524386,86.49205595178803,87.2717056274414,1562140
2022-08-02,87.22298073425154,88.39244789288493,85.76114306831437,86.39460754394531,1299401
2022-08-03,86.73569817921444,87.36916263050277,83.51965246362171,84.64039611816406,1172752
2022-08-04,85.27385767517937,87.12552007175562,84.05565970839109,85.07894897460938,1181406
2022-08-05,85.27385124320723,87.51533830714457,85.27385124320723,86.15095520019531,895094
2022-08-08,86.6382522328943,87.41789457258193,83.76330019353935,84.44549560546875,1169798
2022-08-10,84.93275364006337,86.54077625222119,84.10438060813038,85.32257843017578,1105124
2022-08-11,85.76113755546459,90.82883816417133,82.83746241152829,90.19538116455078,3938824
2022-08-12,90.58521232466873,95.31182714002522,88.87973489838713,90.04920959472656,4990655
2022-08-16,90.43901385401632,91.80338953543814,88.29498111767238,89.07463073730469,2054613
2022-08-17,89.07464336887053,90.24411052886987,87.17424993975798,87.8564453125,1192963
2022-08-18,87.51533647636067,93.55759483536195,86.78441776670941,91.7059326171875,3764513
2022-08-19,92.43685878387446,93.70378762359108,88.73354148406236,90.24410247802734,1932019
2022-08-22,89.9517305775487,91.60847664921661,87.6127892611491,89.17208099365234,1505650
2022-08-23,88.48989017496616,97.06599812973408,88.48989017496616,96.23762512207031,8712275
2022-08-24,96.87109744406486,101.01297025912802,95.79908479075354,97.69947052001953,9539995
2022-08-25,98.38164719706126,99.21002761429196,96.14016780094187,96.6761703491211,2786472
2022-08-26,97.35836790500295,99.2587534645709,89.46444779060579,90.73136901855469,8963033
2022-08-29,89.07464648127625,92.97288039787222,86.54079592254709,91.80340576171875,4420491
2022-08-30,93.16776576084598,94.82451922119775,92.09575318961205,92.72921752929688,2429213
2022-09-01,92.29068500129324,93.50888310022948,91.21867216128757,91.80340576171875,1934263
2022-09-02,92.3881268022408,92.87540593635539,91.02374373966207,91.36483764648438,1198220
2022-09-05,91.36483570286487,92.7779421876201,90.7313713549338,91.41356658935547,1009543
2022-09-06,92.09574479355425,92.09574479355425,89.56189510110677,90.53645324707031,1056379
2022-09-07,90.24408149725464,91.9008347821138,90.19535805184873,91.12118530273438,1262519
2022-09-08,91.94955986146076,92.4368389359097,90.78009305689869,91.26737213134766,1144867
2022-09-09,88.19752666085363,89.3182701994031,86.24841004956404,86.68695831298828,4230058
2022-09-12,86.73568344788953,89.46444949677031,86.73568344788953,89.22080993652344,1949831
2022-09-13,90.14664667408869,100.28205492234154,90.09791578285153,98.72276306152344,17605967
2022-09-14,96.28636879587933,111.58693205052522,96.18890701179518,106.56795501708984,29372517
2022-09-15,107.29884685407991,109.0043235534168,102.57224148868966,105.73955535888672,6959980
2022-09-16,106.226854684748,107.88360082039422,97.79692390390042,100.47695922851562,5288288
2022-09-19,101.35407185827427,110.41746779663995,99.9896886346625,107.7861557006836,11553917
2022-09-20,109.15051911109606,111.97673939656617,105.73956538887431,107.15267181396484,5151361
2022-09-21,107.59123639450306,107.68869073616563,103.25444755526648,105.83702850341797,3298266
2022-09-22,105.64211791618617,113.29239884581328,105.64211791618617,112.31784057617188,8138052
2022-09-23,112.951314449563,114.70551502145628,110.12509374256308,111.53820037841797,5368448
2022-09-26,110.46618629730195,110.46618629730195,103.6930088117682,105.8857650756836,4304276
2022-09-27,107.20140910875838,109.10179475066148,105.5933864850691,107.73741912841797,3009239
2022-09-28,107.10396045888379,112.80512512273738,105.83703167345415,110.90473937988281,4941463
2022-09-29,112.02547614159278,116.11862555523282,109.78399646213055,112.17166137695312,4763669
2022-09-30,112.75639253843319,114.02332130482495,110.66109813790113,113.1462173461914,2885855
2022-10-03,113.53604833440572,116.65463209565529,112.1716651506252,113.73095703125,4115556
2022-10-04,115.38771025915302,121.8197938894584,115.04661632332056,117.0444564819336,8514887
2022-10-06,117.92155100395644,118.11645968439261,112.36657182334042,113.77967834472656,4504236
2022-10-07,114.0233129570479,115.24151074505056,112.75638428340946,114.26695251464844,2737464
2022-10-10,113.77967693105765,114.90042041786471,109.93017477560018,114.36441040039062,2635065
2022-10-11,115.09533088807167,121.38123622832744,115.09533088807167,119.28593444824219,9479172
2022-10-12,119.91939222237771,122.25832600755416,115.38769500184227,116.31352233886719,4902752
2022-10-13,116.31352854642493,118.65246989171794,114.51059722609328,116.89826202392578,2893981
2022-10-14,119.62704597737792,119.96813993709846,116.21609150959118,116.84955596923828,2184089
2022-10-17,116.55716583569257,118.65246757144538,114.16950108455133,117.87281799316406,2106358
2022-10-18,118.8473831356041,121.08887022659054,117.14190609015917,120.65032196044922,2784483
2022-10-19,121.81979703217783,122.0634366262422,118.99357625397325,120.45541381835938,1740282
2022-10-20,119.87068110525723,121.04014819070456,118.40884353080287,119.33467102050781,1244594
2022-10-21,119.91939682235332,121.23504898580434,117.04444549525279,117.67790985107422,1627212
2022-10-24,118.89610440091941,121.33249998290547,118.89610440091941,120.69903564453125,786372
2022-10-25,120.84522265374831,127.56966861124958,119.77321006887776,126.54639434814453,5035054
2022-10-27,127.17984298631958,132.3937352178979,122.9892398218502,131.71153259277344,9792695
2022-10-28,131.56538471973803,132.29630352373658,127.5209732858452,128.25189208984375,2960956
2022-10-31,129.61625870658284,130.1035378746527,121.81979201746506,123.33036041259766,3329693
2022-11-01,118.89609722684673,120.84521357482782,116.45970179187037,117.19062042236328,3879924
2022-11-02,117.82409519981908,119.18847825178902,113.29239780073192,114.36441040039062,3701247
2022-11-03,114.36442168358157,117.14191151340741,114.26696733495947,115.19279479980469,1590255
2022-11-04,115.87498592945097,118.3113817335383,112.36657745862321,116.9469985961914,2314969
2022-11-07,118.21393054194168,121.33251428024971,118.21393054194168,120.35795593261719,2443292
2022-11-09,121.23504276329325,123.86634695514093,119.96811411667676,122.7943344116211,2317974
2022-11-10,122.30512859425906,123.7238650999874,114.47760036422648,117.36399841308594,3352124
2022-11-11,120.78854085855664,120.78854085855664,115.55388289776685,117.1683120727539,2336968
2022-11-14,117.41291316602026,117.6575234017828,111.73795271036448,112.56963348388672,2156238
2022-11-15,113.30345882092178,114.77112016593418,112.52070311761719,112.96099853515625,1172514
2022-11-16,112.96100585527648,114.37974972633981,109.68323013199074,110.41706085205078,1300194
2022-11-17,110.36814070697629,112.91208565082572,109.82999520552785,111.54226684570312,1151141
2022-11-18,112.27609419596176,112.27609419596176,109.29184644051836,109.78106689453125,914440
2022-11-21,109.7810740566416,110.80844006305867,108.1666524250036,108.75371551513672,1032849
2022-11-22,108.85155406840963,110.5149006727037,108.11772336682485,109.34077453613281,957221
2022-11-23,110.17245287915048,113.00993321475447,109.34077953895076,110.46598815917969,1244017
2022-11-24,111.24873641612186,113.00993316570819,110.22137786629004,112.32502746582031,1091307
2022-11-25,112.52070845076942,114.08621246666729,111.64011010904187,112.56963348388672,883404
2022-11-28,112.91209060971549,112.91209060971549,110.17245287915048,110.46598815917969,667514
2022-11-29,111.05303822826559,111.54225866098923,108.70477865820986,108.9983139038086,787641
2022-11-30,113.89052033042645,115.4070992208785,109.7810641408501,112.08040618896484,5488513
2022-12-01,111.54227349537682,112.5207144909503,110.75951771295308,111.68904113769531,1414925
2022-12-02,112.22717351056977,113.49914972622503,111.19981499630545,113.2545394897461,890018
2022-12-05,113.49914327353663,114.13513134520686,111.39549386643273,111.5911865234375,701535
2022-12-06,111.59119184506129,111.93364468001124,109.38969973692478,109.6832275390625,747841
2022-12-07,109.58539077347115,115.06465881916223,109.58539077347115,114.37975311279297,2023531
2022-12-08,113.49914939381958,114.42866530375245,112.03148797924433,112.56963348388672,919658
2022-12-09,113.15669736175168,113.49915020127311,107.23712662822047,110.22137451171875,918506
2022-12-12,110.46597788369711,111.98255678301064,108.80262389310964,109.73214721679688,738137
2022-12-13,110.31922488929952,112.96101265456383,109.87892941672631,110.56383514404297,1236509
2022-12-14,111.39549382482622,113.98836367610623,111.10196603679607,113.4502182006836,1240065
2022-12-15,113.45023845099428,115.16251031399281,111.73796658799576,112.37395477294922,821580
2022-12-16,111.83580357221926,111.83580357221926,107.82418970524463,110.22137451171875,528746
2022-12-19,110.80844832478097,122.0605203401009,110.66168067507687,121.1310043334961,6197613
2022-12-20,121.81590948486328,124.70230756701343,119.36980688476562,122.30513000488281,5592935
2022-12-21,123.08788200523465,123.87063033404085,113.84160998469655,114.77113342285156,2003256
2022-12-22,115.45602941379569,116.77692317258132,109.87891911451776,111.3465805053711,1680006
2022-12-23,110.27030248358349,110.75952300474387,103.51906526350051,104.69319152832031,2036158
2022-12-26,100.04558816818471,112.08041496313413,100.04558816818471,110.41706085205078,2128475
2022-12-27,111.00413664950388,113.25455410141511,110.56384115300136,111.88473510742188,1161272
2022-12-28,111.98256294612703,114.77112560574959,110.51490153155177,112.56963348388672,844196
2022-12-29,112.37394728967209,114.37975432443498,110.66167554069825,112.71640014648438,689099
2022-12-30,113.30346338343278,115.35818785620759,112.56963268137665,113.05885314941406,674608
2023-01-02,113.40130063513435,114.52650915152887,112.91208019017252,113.4502182006836,506025
2023-01-03,113.59700277040882,119.07627107824447,113.59700277040882,116.8747787475586,1841971
2023-01-04,117.41291301968116,118.14674372605417,113.74375948781612,114.42866516113281,1025835
2023-01-05,113.98838480284788,114.77114064582831,112.32503796765562,114.08622741699219,711582
2023-01-06,114.18405704470433,115.74956855261577,111.19981659568637,112.2761001586914,628415
2023-01-09,112.86316770542484,115.30927020213936,112.6185574557534,114.575439453125,714980
2023-01-10,116.43447538330281,119.17411308416892,113.7926877513272,114.33082580566406,1995140
2023-01-11,114.77112495786372,115.06465276017461,112.91208568358033,113.40130615234375,641414
2023-01-12,113.9394425295435,114.33082039183633,111.88471808364594,112.52070617675781,620942
2023-01-13,113.05885111714858,115.94524884072078,112.12932776563876,115.21141815185547,1054540
2023-01-16,115.89632461067121,118.04889912518269,113.84160016061487,114.72219848632812,883992
2023-01-17,114.52653465332999,115.40712567841459,113.10779056807979,113.84162139892578,364566
2023-01-18,113.64591736109477,114.52651570540134,112.81424405004881,113.2545394897461,473361
2023-01-19,113.20562222386799,115.50496457646445,112.81425179057818,113.59700012207031,556450
2023-01-20,113.59699641484744,113.98837430027719,112.12933494317005,112.66748046875,310474
2023-01-23,114.37973844745058,114.37973844745058,111.54225845003752,112.03147888183594,424273
2023-01-24,112.12933089243411,112.81424403342137,110.7105945070302,111.39550018310547,390101
2023-01-25,110.955215023291,111.73796337348136,109.09617556110577,110.27030181884766,400955
2023-01-27,111.15089738342199,111.54227528089888,107.13929073033708,108.8515625,604200
2023-01-30,108.90048103993726,111.29765838849384,106.84574906698927,109.0472412109375,788197
2023-01-31,111.54227088095088,113.49915282623073,109.82999917883102,112.81424713134766,1026639
2023-02-01,112.52071487057182,115.84741575972774,109.58539187394821,110.51490783691406,1253707
2023-02-02,111.00411941675382,115.11357576076409,110.8573592506453,111.83580017089844,990295
2023-02-03,112.37394631362444,114.37975333096549,110.07461147795628,112.86316680908203,914175
2023-02-06,112.86315059262444,114.72218970123437,109.92782804163336,111.49333190917969,834155
2023-02-07,112.32502554854473,112.32502554854473,108.6069469028429,108.90048217773438,695725
2023-02-08,109.38970988694437,110.27030083997744,104.20396945397404,106.01408386230469,893037
2023-02-09,106.45438522652334,107.67743649307387,104.69318841672556,105.13348388671875,762819
2023-02-10,105.62270302766667,107.04144695746884,104.88887227722459,106.45438385009766,430168
2023-02-13,106.65006807487231,106.65006807487231,102.24708361306566,102.54061889648438,900024
2023-02-14,102.54060899077521,103.4701248569534,101.36647543543727,102.49168395996094,442768
2023-02-15,102.73630538145706,105.67162839235584,102.54062016669546,103.0787582397461,835658
2023-02-16,103.51905595409148,104.64425707964148,102.49168996608003,103.47013092041016,384934
2023-02-17,103.37229481807566,104.106125579967,101.85570825753521,103.27445220947266,415545
2023-02-20,102.83414624830263,103.66581959433152,101.5621774440562,101.85570526123047,507762
2023-02-21,102.24708926022225,102.34493187179493,100.7794276918937,100.97511291503906,380822
2023-02-22,100.97509679376047,100.97509679376047,96.42535263026608,97.74624633789062,1312365
2023-02-23,97.84409050945764,100.53480299846773,96.47427174934289,96.76780700683594,495247
2023-02-24,97.25702648982042,98.43115257826427,95.93613277409317,96.9145736694336,564824
2023-02-27,96.81674029481827,102.49170145186524,94.90878320602317,95.59368896484375,2877528
2023-02-28,95.7893768482768,97.74625887800703,92.95189641218548,94.4684829711914,929346
2023-03-01,95.2512196684079,97.35486908637213,95.2512196684079,96.9145736694336,517653
2023-03-02,97.50165088239783,100.24128130852158,96.22967454764961,99.2628402709961,651929
2023-03-03,99.80097782599941,101.21971423069829,98.72469426399557,100.43696594238281,704591
2023-03-06,101.21970838898064,101.21970838898064,97.99085788931652,98.28438568115234,701301
2023-03-08,97.84410404455326,100.14343899661772,96.86566300410773,99.60530090332031,797875
2023-03-09,100.09451581511354,103.61690187037092,99.849905568708,101.51325225830078,1746980
2023-03-10,100.7794065020936,101.41539454096282,97.74624139161476,98.48007202148438,1055692
2023-03-13,98.82254611926707,98.82254611926707,96.91458905639486,97.25704193115234,419579
2023-03-14,97.35486719471228,97.69732000844506,94.07709175199321,95.69152069091797,546504
2023-03-15,95.98506248957557,96.57212560810717,95.0555465073099,95.49584197998047,649455
2023-03-16,95.39799120826152,95.59367640939061,91.77776273298969,92.60943603515625,606720
2023-03-17,93.97926158428429,94.7130923385658,91.9734545366165,92.75621032714844,574696
2023-03-20,92.6583487543606,97.30594295464091,89.91871875735282,95.20230102539062,839708
2023-03-21,97.30595476265192,97.35487979876703,92.46267478375361,94.61524200439453,1042153
2023-03-22,97.01241513738576,97.55055314461556,95.30014359045983,97.06133270263672,627894
2023-03-23,97.06133378073488,99.5074360177989,96.37642814032162,98.77360534667969,714826
2023-03-24,99.21392590349781,99.40961113136008,93.49004714202759,94.07711029052734,552513
2023-03-27,94.90879227256708,95.30017022852947,88.05970417042306,90.70149230957031,750148
2023-03-28,90.65255840123511,91.43530670724837,88.15753091320819,88.6467514038086,610743
2023-03-29,88.7935134350075,96.86565102000817,88.74458840307308,95.44691467285156,1348914
2023-03-31,95.54476429708302,97.89302416927534,93.93033516839378,94.4195556640625,842837
2023-04-03,95.10446757521493,97.84410551561734,94.61524704763683,96.0829086303711,455845
2023-04-05,96.08291152691919,98.72470693442902,95.8872262959539,97.50165557861328,489767
2023-04-06,97.94193310698476,97.99085813820416,94.90876779417391,96.76780700683594,349675
2023-04-10,97.20811390474846,97.20811390474846,94.95770403629005,95.83829498291016,518518
2023-04-11,95.59367344177544,97.599480283184,95.3979882467212,96.76780700683594,392639
2023-04-12,97.06135185576616,98.62686355095029,95.44693005059115,95.78938293457031,711367
2023-04-13,95.78936750165711,96.4253555922456,94.8598441492857,95.44691467285156,393551
2023-04-17,95.30016112459761,96.7188976814029,94.85985816685904,95.59368896484375,371664
2023-04-18,96.13182635312785,97.01242472873437,95.49583822269467,96.42536163330078,289265
2023-04-19,97.84408534404763,105.03562412385287,97.40378994596394,103.91041564941406,5744085
2023-04-20,105.72054501810658,108.90047802694009,104.35072622901131,105.76946258544922,4732188
2023-04-21,105.86730827255413,106.65006402198304,102.49168996608003,103.47013092041016,1797630
2023-04-24,104.05719527559519,107.53066369201092,102.93198667133993,105.8673095703125,1749059
2023-04-25,106.16084765884855,106.55222554873001,103.42120989459075,104.74211120605469,993760
2023-04-26,104.69318035000533,106.5032945920464,103.81258201295748,105.96515655517578,957506
2023-04-27,105.5248567031806,109.97676608499657,104.93779361649035,107.72634887695312,2711255
2023-04-28,108.46018317007326,109.4386241683868,107.23713192218133,108.31341552734375,1247992
2023-05-02,108.90048821968303,109.29185865470257,105.13348433086337,105.81839752197266,976274
2023-05-03,105.57378979417142,108.01989239614521,105.18241188487306,106.55223083496094,943070
2023-05-04,107.04142897459639,108.50909022891469,106.65005114712928,107.5795669555664,935548
2023-05-05,107.9220483453391,108.36234382185563,105.7205560329312,106.01408386230469,628735
2023-05-08,106.69899508432793,107.7752787019204,105.47594382231094,106.3076171875,553293
2023-05-09,106.60114279968468,108.36233956641298,103.81258747312515,104.39965057373047,844250
2023-05-10,104.98671803880269,106.16084420533929,103.76366683828034,104.49749755859375,577637
2023-05-11,105.1334868468685,107.38390422664948,104.64426632647374,106.55223083496094,677345
2023-05-12,106.55222764947771,111.49335027879744,105.96516453553737,111.05305480957031,3488694
2023-05-15,111.9336456892446,112.71639396691462,110.12353143254968,111.39550018310547,1539179
2023-05-16,111.24873499943628,112.17825839734691,109.58538834094044,109.92784118652344,844522
2023-05-17,110.80843593930238,111.00412114042689,107.62850289910165,109.34077453613281,722985
2023-05-18,110.02568043892897,115.45603062816774,109.43861736939526,113.40130615234375,3608990
2023-05-19,115.45603277305673,118.78273351543231,113.9394463057509,115.30926513671875,5105655
2023-05-22,114.96682687412854,114.96682687412854,113.25455498451387,113.93946075439453,724052
2023-05-23,114.33082302042003,114.33082302042003,111.05304734506782,111.39550018310547,1109766
2023-05-24,111.19982737775774,113.45023732498676,110.36815397410979,112.17826843261719,634907
2023-05-25,111.98256583182868,115.74956953157411,111.59119541645289,113.98837280273438,895362
2023-05-26,114.37975239459088,114.37975239459088,110.51490603316829,111.15089416503906,809002
2023-05-29,112.03149352950663,113.0099345210307,110.36814682988064,111.0041275024414,638009
2023-05-30,111.05306168907659,112.52072329730227,110.90629403527143,111.88473510742188,603407
2023-05-31,111.10197495812544,113.64591998321977,110.41706180123438,112.12933349609375,1546914
2023-06-01,112.03149860601474,117.31508169264337,111.88473095765313,116.8747787475586,2828831
2023-06-02,117.9021472369401,120.15256465149413,116.28771800170898,117.26615905761719,2524405
2023-06-05,117.80430532352193,120.3482505909995,112.91210001494471,113.89054107666016,2074116
2023-06-06,114.08622330934648,116.0920304191947,112.61856175528565,114.67328643798828,770748
2023-06-07,115.06465212605946,122.64756935010345,115.06465212605946,121.66912841796875,5177478
2023-06-08,122.10943805169565,124.16416262953076,119.5654855158964,119.95686340332031,1666215
2023-06-09,120.83746231886708,122.59865908761712,118.04890698910647,118.7827377319336,1019248
2023-06-12,119.32088608919376,119.32088608919376,116.87478340212613,117.3150863647461,590017
2023-06-13,117.99997744232611,122.89218220747158,117.1683041252338,122.40296173095703,3272894
2023-06-14,124.2130679674062,126.90378041421022,123.08786691612652,125.43611907958984,2670224
2023-06-15,125.2404435494849,135.0248532017884,124.35984518779514,131.06216430664062,7659268
2023-06-16,132.57875014231368,133.6061161367614,128.81174647261344,129.69235229492188,1740396
2023-06-19,129.69235719645658,133.99749161325667,126.80595923997754,132.67660522460938,2665488
2023-06-20,132.67660283596024,133.75287895587107,129.69235486153445,130.7686309814453,2449519
2023-06-21,131.55136019557057,134.9759029336544,129.34986843537382,130.18154907226562,1438562
2023-06-22,130.13267353134717,134.29104843742405,128.8606970446994,131.7960205078125,1935040
2023-06-23,131.79601177475126,131.79601177475126,126.21890055035212,126.8548812866211,968312
2023-06-26,126.80597117600517,127.93117245704295,123.52818755412368,126.8548812866211,971331
2023-06-27,127.09948476965293,129.6434374384893,125.58291310574225,126.36565399169922,1023999
2023-06-28,126.4145671767361,128.17576386465802,124.89798819010909,126.26780700683594,668051
2023-06-30,126.80593991469476,130.03478277030533,125.72964900960956,128.86065673828125,1280576
2023-07-03,129.44773141677686,130.62185748687406,126.56133380658957,128.2736053466797,1133746
2023-07-04,128.17576484980546,128.17576484980546,122.35404416511118,124.26200103759766,1037056
2023-07-05,124.11522830933195,127.00163348135608,123.52816525456981,126.51241302490234,800647
2023-07-06,127.00164792219233,129.15421518938368,126.41457733576506,127.3440933227539,1104137
2023-07-07,128.17577618337506,128.95853200099435,124.75123254488794,126.70811462402344,929842
2023-07-10,126.70811521967245,127.98009156305511,124.89800078094538,125.53398895263672,701037
2023-07-11,126.2188777650654,127.5397789694199,124.65337379739577,126.51241302490234,956329
2023-07-12,127.19734618199813,130.13266955542886,126.21890505752121,126.9527359008789,1672523
2023-07-13,126.7080928548177,129.15419503348215,121.37559309129382,128.4203643798828,3282227
2023-07-14,129.15419087121742,132.57873381098455,127.49084442929501,130.5240020751953,1795742
2023-07-17,132.5787429943185,140.45519528732572,132.5787429943185,139.6724395751953,7425242
2023-07-18,140.7487247406954,145.0049335557884,137.47094186313285,144.27110290527344,5292327
2023-07-19,145.10279932239092,151.90296110067527,142.1674764025711,150.87559509277344,4771033
2023-07-20,151.65837218194133,158.06716444398222,150.9245413488029,157.28440856933594,4760571
2023-07-21,155.57213359244614,163.88888287254545,153.9087867223915,160.61109924316406,5896776
2023-07-24,160.2686380734117,165.50328844224356,159.3391221135093,161.44276428222656,3124635
2023-07-25,162.61685932227337,165.1608113952937,159.77938695067692,160.75782775878906,2072116
2023-07-26,161.14923027431257,161.83413599072887,152.5389464584117,155.37643432617188,2420894
2023-07-27,156.06133642207047,158.94773432917833,153.76199414548947,156.64840698242188,1352404
2023-07-28,157.13761834679354,162.7636536590941,154.59366597278034,161.68736267089844,4264385
2023-07-31,161.6873568617421,179.641753141768,161.6873568617421,176.75534057617188,6505573
2023-08-01,178.07626568622575,189.91540800322906,178.07626568622575,180.66912841796875,7123067
2023-08-02,181.69648892353197,181.69648892353197,172.2545393385063,176.3150634765625,3137101
2023-08-03,176.26613744020426,176.26613744020426,168.43860956178588,172.05885314941406,1029148
2023-08-04,170.7868963579495,176.51076781383836,168.09618334292253,169.95521545410156,1091461
2023-08-07,170.15087830980264,179.54391757158075,170.15087830980264,178.41871643066406,1166837
2023-08-08,179.83744505331325,180.37559054818462,173.18404377541177,175.04307556152344,748065
2023-08-09,175.6318176071695,177.79041795772818,173.66945092999444,176.80923461914062,434722
2023-08-10,177.05453291159176,177.39795307353248,171.2164949602884,171.9033203125,520302
2023-08-11,172.3448325349066,172.9826106328539,168.9597533037559,170.6277618408203,405899
2023-08-14,169.4994077237767,173.37507859635426,166.8011537658005,172.4920196533203,479370
2023-08-16,172.49201224059857,174.94497027879913,169.15598032564515,173.42413330078125,518628
2023-08-17,174.30721249175292,177.25076248016418,167.1445861639544,169.49942016601562,1090579
2023-08-18,170.18622453887474,172.73730686992485,167.2917370678121,169.6956329345703,534434
2023-08-21,170.62776099317338,170.62776099317338,168.17480287095026,168.9106903076172,797683
2023-08-22,169.79374823121535,174.35624392039605,168.56726928555742,169.2050323486328,1392291
2023-08-23,170.1862335205078,173.9147329043278,169.54847038992094,170.1862335205078,754066
2023-08-24,172.050493967061,177.1035818654122,169.8428315892373,173.03167724609375,1575773
2023-08-25,171.70708386208736,172.6392050372905,161.89525049853953,163.0236053466797,1192996
2023-08-28,156.98933799945016,169.9409553900708,154.87979975875052,167.29176330566406,3396639
2023-08-29,168.07667156831025,168.17478089737938,161.99333921437346,163.21981811523438,1064992
2023-08-30,164.8387794269178,164.88784158179504,160.57062647094662,161.20840454101562,1111462
2023-08-31,161.89522193236058,166.01618822357818,161.40463035074737,162.28768920898438,922663
2023-09-01,162.87643243390477,163.3670240978623,160.17817828213825,161.60089111328125,967194
2023-09-04,163.26888753024164,166.3105616073021,161.40464533570025,162.4348907470703,1299661
2023-09-05,163.36701809242305,167.78234290573178,161.50277582658248,165.96714782714844,1803151
2023-09-06,166.75210568619244,176.02428525750122,165.8199845072607,172.78639221191406,4682592
2023-09-07,174.0128631591797,177.64323835222055,172.88449338821053,174.0128631591797,3315516
2023-09-08,174.65059634504672,177.1526163094916,169.9409143481504,171.55987548828125,1677667
2023-09-11,172.4920190059721,173.1297821322511,168.66539533329313,170.6277618408203,983113
2023-09-12,171.65803872238612,171.65803872238612,143.8414973614675,158.8535919189453,2732334
2023-09-13,158.95168122316497,160.12909808974376,150.3172659154743,158.60826110839844,1381438
2023-09-14,158.95169432537838,164.593498290631,158.95169432537838,163.51419067382812,967791
2023-09-15,163.51419047555638,164.29914010758222,159.6385194462857,163.661376953125,1105129
2023-09-18,162.77828960876113,168.61634172355582,161.69899705374385,162.92547607421875,1047156
2023-09-20,161.89523315429688,167.14456943008824,160.42345830743963,161.89523315429688,868292
2023-09-21,162.58413729969652,163.86355545079513,158.15539255778313,159.97610473632812,507235
2023-09-22,159.97610267554435,159.97610267554435,154.12032104010453,155.69497680664062,1084709
2023-09-25,156.87596042827624,162.38729273399596,156.48230027094158,160.8126220703125,820221
2023-09-26,164.3556514325051,170.6543051212521,157.7617450670911,158.74591064453125,3715664
2023-09-27,160.0253274939198,162.38731885217237,158.4998678588432,160.5174102783203,1073885
2023-09-28,160.9110727808977,162.92861522898616,159.04116418052791,159.5824432373047,580394
2023-09-29,160.41896688966725,164.35562865383088,158.79509991881892,163.71592712402344,910171
2023-10-03,163.2238571673721,165.29059574487025,161.40314495220022,164.65089416503906,1283584
2023-10-04,164.25723290225625,170.21143779544695,163.86357266848137,165.97952270507812,1865379
2023-10-05,169.2764759979771,172.2289726723604,166.5700207131257,170.94955444335938,2317872
2023-10-06,171.589281484517,174.6401858896444,169.67014651590753,170.65431213378906,2038071
2023-10-09,166.4223950975286,168.1446847539961,162.92860450525976,166.81605529785156,998308
2023-10-10,167.80023703075906,170.26065106346815,166.81607141767543,169.81777954101562,1021063
2023-10-11,170.06380915702778,175.91959114557136,169.91617531499256,174.0496826171875,1159430
2023-10-12,175.03385563520985,175.4275158630957,171.9829363089816,175.13226318359375,1019284
2023-10-13,174.54174699289092,179.41336292309495,173.9512417213383,175.870361328125,1637921
2023-10-16,177.1005984123402,180.44677049468567,171.49085744206081,172.42581176757812,1290654
2023-10-17,175.57512489289795,176.06720765887263,170.55588969026073,172.3765869140625,1281421
2023-10-18,172.37658560040816,175.87037621563766,170.85114105125123,174.14808654785156,1054198
2023-10-19,173.26236648285268,173.40998532416123,169.76857540584786,171.34324645996094,691010
2023-10-20,171.24480168274025,172.47500859138063,167.45575839725822,169.37489318847656,435795
2023-10-23,169.6701312755628,170.70350808495212,155.49815365791375,157.66331481933594,736777
2023-10-25,160.9110704872419,163.12544301688283,153.13616850115028,156.18707275390625,885115
2023-10-26,153.92349978072062,162.3873302746324,147.96930968439145,157.17124938964844,1548135
2023-10-27,159.87769532923468,166.02873019891265,158.79512220247634,160.46820068359375,1032484
2023-10-30,160.91105569843816,174.19728965518993,156.92518250797795,159.6316375732422,6157996
2023-10-31,164.35564662623494,166.17635889812593,161.5999800865518,162.33810424804688,1312880
2023-11-01,163.37150633084033,169.71937209748882,161.9444690681328,166.3732147216797,2469497
2023-11-02,167.3081351003576,189.79632279571632,167.3081351003576,186.8438262939453,12846472
2023-11-03,189.89470376761182,191.32174054037864,183.20237629647542,184.973876953125,3733593
2023-11-06,187.04066897340473,188.76295871530132,180.34834011574304,183.89134216308594,1218329
2023-11-07,184.8262946200351,198.80144252690752,181.77537538626714,196.4886474609375,5452984
2023-11-08,197.91568246827282,201.75392180302194,194.37268076144798,196.537841796875,1949387
2023-11-09,196.53786607952074,198.30936715180567,190.09157843665977,191.9615020751953,2140628
2023-11-10,191.91229079207,193.09328650120153,189.2058354091049,191.9615020751953,906904
2023-11-13,195.84893930135638,196.3410220634201,192.3551486872692,194.0774383544922,626576
2023-11-15,196.24262294327926,196.73470576411714,190.23922153936257,190.8297119140625,1342146
2023-11-16,192.94564737229194,201.7539255068387,192.94564737229194,196.43943786621094,2030787
2023-11-17,197.8172815797802,204.1159352849032,197.2759875073458,199.39195251464844,1911427
2023-11-20,199.391951301159,212.3829338746471,199.391951301159,211.103515625,3862266
2023-11-21,212.67820616724094,216.71327638255997,208.397079518549,215.72911071777344,2537820
2023-11-22,215.5322595067771,216.22117240130902,201.65551898371743,204.21435546875,2571910
2023-11-23,205.1985134407273,213.7607505664739,204.75564195472174,207.46209716796875,2099632
2023-11-24,208.54467267671376,212.97341762280212,207.9541823608733,208.6923065185547,948612
2023-11-28,209.62725546700614,213.90838147989209,203.47622097560338,206.6747589111328,949653
2023-11-29,207.658926100564,212.87500639467652,206.0842552512256,208.79071044921875,1172119
2023-11-30,210.16856561004747,215.53226509411436,207.06843497852563,214.00680541992188,2644969
2023-12-01,214.94176441956208,215.72909991540172,209.1844045791594,212.57977294921875,1153453
2023-12-04,214.99095847748376,220.0594200015294,214.54808698942668,216.95928955078125,2124498
2023-12-05,220.45308600989011,230.88524697972804,218.38633232167751,224.58657836914062,3005660
2023-12-06,225.02944440596784,227.58828081333345,220.6499107624002,225.1770782470703,943404
2023-12-07,225.47232772166194,226.7517308900668,217.00849820214623,220.50228881835938,1550904
2023-12-08,222.02778292665303,223.35639758142563,208.2494634369502,210.90670776367188,1801164
2023-12-11,212.57975186802088,215.9259086220368,206.77318131923622,211.44796752929688,798207
2023-12-12,212.5797644008785,214.44967298827552,208.64310209715853,210.66064453125,436000
2023-12-13,211.98925443962995,212.48133721689663,209.67647439678115,212.08767700195312,397845
2023-12-14,212.4813456659792,214.0068053395991,209.72569401744988,210.11935424804688,673807
2023-12-15,210.80825716853062,215.48304351688185,208.05259063343604,209.9717254638672,921657
2023-12-18,210.41458878204043,211.59558438914974,205.78901389417751,207.16683959960938,775072
2023-12-19,204.70643486668223,207.1668487472914,194.12665518006284,197.81727600097656,4496910
2023-12-20,200.13008370034777,203.82070475444434,192.20754750078532,193.1425018310547,1594311
2023-12-21,193.09325866749393,201.16341236997988,189.9439322247156,200.1300506591797,1284590
2023-12-22,202.73811612923635,205.49378284704943,195.504492872124,197.4728240966797,1408500
2023-12-26,206.67477268753967,212.57976619289795,197.2267770720964,200.22848510742188,3503672
2023-12-27,201.75395701651922,202.8365452317709,197.3252116185956,198.16175842285156,836589
2023-12-28,199.78559243981547,200.67133536494526,195.7505079649498,196.9315185546875,750507
2023-12-29,196.6854765381448,201.5078813674188,195.6028885068351,199.982421875,661709
2024-01-01,200.76978620128,201.6555292511801,198.35858343906247,200.0316619873047,627392
2024-01-02,200.81899130241868,201.36028537943588,197.02994778047346,199.34274291992188,637201
2024-01-03,199.68720315728447,199.68720315728447,197.62046431522572,198.16175842285156,420015
2024-01-04,198.16172393344547,201.0650090744528,198.16172393344547,198.7030029296875,612474
2024-01-05,199.2443071750798,201.99997364356693,197.76805889023035,198.85064697265625,716677
2024-01-08,199.19510669327087,200.7697776226716,197.32519810463558,198.11253356933594,608048
2024-01-09,199.39192933777178,201.16341516211625,195.4060561986503,196.14418029785156,740961
2024-01-10,197.8172845129266,203.32861784951004,196.63628880285162,199.7364044189453,1309114
2024-01-11,199.78560945362503,206.57634583705078,199.34273795334505,205.54298400878906,1659687
2024-01-12,207.51132903137682,208.1510306838185,203.72228535012022,205.14932250976562,1194219
2024-01-16,200.76975219607246,205.100074177746,198.70299874012605,200.1300506591797,729567
2024-01-17,199.78560083785453,201.06501901906873,195.60289737203738,197.12835693359375,765823
2024-01-18,197.22676293261628,198.80143376135803,193.38852343617253,196.73468017578125,477985
2024-01-19,197.9156902788198,200.13006267868,195.84893669874734,197.6204376220703,370834
2024-01-23,194.91397709342144,199.1950879381612,186.99144194444574,188.66452026367188,933303
2024-01-24,190.1407838933363,203.3286114565228,186.99145709309803,201.212646484375,1560210
2024-01-25,206.6747683753242,207.26527372040928,191.9122849199439,192.994873046875,3501285
2024-01-29,196.83312011330378,199.9332357482182,193.14249911117935,196.24261474609375,1287023
2024-01-30,197.817276161876,198.01410626904993,191.91228284361105,193.48695373535156,911003
2024-01-31,195.30763692121013,198.01409199701146,192.45356302996177,193.88059997558594,947470
2024-02-01,194.86478069971506,197.81727737698347,194.2250790931768,196.0457763671875,853540
2024-02-02,196.29180525038413,197.76805349496036,191.76465297732125,192.50277709960938,861247
2024-02-05,195.2092670452526,195.2092670452526,174.09890136741623,180.7420196533203,1470930
2024-02-06,184.03895635255645,185.41678210447589,174.6893837036298,178.8228759765625,1762024
2024-02-07,181.5293272058061,194.5203090696089,180.9880331662364,192.7980194091797,2259613
2024-02-08,193.88063141012776,194.1266728205467,188.71376179132994,190.8297119140625,870372
2024-02-09,191.61702208157845,191.8138521804395,182.562702379404,186.35174560546875,578946
2024-02-12,186.35174626593255,187.87719080039273,177.64187545160215,178.52761840820312,716522
2024-02-13,179.56100190412167,180.64359001786082,172.5734354973606,176.60850524902344,773306
2024-02-14,175.13227117380436,180.64360471870523,174.1973168270379,179.65943908691406,552109
2024-02-15,179.70863971758658,181.8738009757265,177.4450558952324,178.23239135742188,820179
2024-02-16,179.70864125718748,187.7787960251249,179.11813590119266,186.4009552001953,1339100
2024-02-19,187.97564446721577,192.50281259214495,186.9422675020497,190.6328887939453,881185
2024-02-20,191.56782123618595,193.78219375761864,188.61532454094234,190.38682556152344,552995
2024-02-21,191.81386296207043,191.81386296207043,183.05479542443769,183.89134216308594,772449
2024-02-22,185.0231200785998,185.712032947798,180.1022924169349,183.20240783691406,559186
2024-02-23,183.35006121182334,185.07235107690482,181.33251865214987,182.21826171875,483670
2024-02-26,182.2674544596863,183.4484501007209,177.3958380546846,177.98634338378906,763182
2024-02-27,178.13399059011923,181.48014794239995,176.51012320210762,178.47845458984375,731064
2024-02-28,178.6260633374471,180.44677577502972,173.16394104187512,174.443359375,667328
2024-02-29,174.68937852347239,179.1181233311097,173.5083829115372,176.80532836914062,479053
2024-03-01,176.80533838706765,179.90546893837396,172.42580461035777,173.06552124023438,829045
2024-03-04,177.14980777537,177.7895094076887,174.1973109791138,174.6401824951172,377019
2024-03-05,175.62435001622103,178.97052209890975,172.52423435308887,176.31326293945312,783048
2024-03-06,175.67355956160563,176.16564236149807,169.57173584637428,172.4750213623047,585969
2024-03-07,173.45918356735942,174.49256043034467,171.7368938014424,172.5734405517578,307269
2024-03-11,174.49255229725222,175.0830426077389,166.86526940369842,167.6033935546875,375024
2024-03-12,168.68594718096494,176.11639911420195,166.71761633863315,173.80361938476562,1668269
2024-03-13,174.6893907501712,174.6893907501712,158.2046172568452,160.02532958984375,1614041
2024-03-14,159.33641491536432,172.13056854099156,157.6141250042222,169.57174682617188,1240792
2024-03-15,169.32566658967778,172.62261179625241,164.45405067563544,166.76683044433594,1018267
2024-03-18,167.20973186801365,171.0971980583626,166.4716076572652,167.65261840820312,552689
2024-03-19,167.20973671353872,167.20973671353872,157.46650285618279,160.17295837402344,4913029
2024-03-20,174.6893902647313,178.92130525767809,167.5541898172986,176.9037628173828,14550849
2024-03-21,178.62604948860363,188.61532393522867,175.18147002188124,186.94224548339844,5974441
2024-03-22,186.54859830391635,193.58537655659993,183.0548073114719,191.32179260253906,3876764
2024-03-26,192.79804047278216,192.79804047278216,184.48184392158197,186.15492248535156,1603160
2024-03-27,186.99148455320326,187.48356740729065,181.529361869398,184.43264770507812,1343748
2024-03-28,185.51518125555484,189.2550128466345,179.6594000230713,184.6786346435547,1507557
2024-04-01,186.49937610626222,198.50619309489267,185.26916913986207,196.83311462402344,3102196
2024-04-02,198.35856876706424,199.88402836654788,195.4552834102773,197.42361450195312,1540243
2024-04-03,196.24260278677716,204.0667308482072,195.50447863133465,203.0825653076172,1646747
2024-04-04,204.0667311900009,205.34613438117125,202.68889042056247,204.8048553466797,1090629
2024-04-05,203.27940216833545,204.9032693574088,201.50790113296233,202.88572692871094,774066
2024-04-08,203.72226567798822,207.56050525635595,202.0491872724734,206.5763397216797,1087666
2024-04-09,208.20023434382998,211.34956124013146,204.3127832522777,210.11935424804688,1624812
2024-04-10,210.6114400447544,214.05601967165458,207.75736578933584,212.6289825439453,1169269
2024-04-12,212.0876680669558,212.0876680669558,202.04918283705905,203.6730499267578,1435086
2024-04-15,199.8348261336143,201.55711591680966,183.15322237981448,198.89987182617188,2245350
2024-04-16,197.6696472468556,202.44284092519425,196.39022908976398,199.83480834960938,771550
2024-04-18,200.1300856209642,202.83654108660846,199.34275011843258,200.8682098388672,718256
2024-04-19,196.83310222155944,200.86818682397097,194.42189972278013,199.7855987548828,1462204
2024-04-22,201.45870719504111,207.60974255772052,201.45870719504111,206.2811279296875,1176500
2024-04-23,207.11763315768349,217.5990050813447,205.93663752299366,211.79241943359375,2426456
2024-04-24,212.72738858648756,214.54810095467025,211.00509878524593,212.2353057861328,901862
2024-04-25,212.23530597335616,212.57976994077848,208.49548870110124,210.0701446533203,584277
2024-04-26,210.07013876885523,211.59559841200468,208.49548286074526,211.103515625,522389
2024-04-29,210.80826294936222,212.77659409738087,209.8240973753529,211.103515625,439358
2024-04-30,212.18612139287856,216.0735727297714,210.6114503367613,212.333740234375,970662
2024-05-02,213.46551725890555,213.51472854340702,208.98757569560925,212.9734344482422,668429
2024-05-03,215.5322434639987,222.9134846785192,213.6131237516581,220.25624084472656,2087691
2024-05-06,222.27380832410478,222.86429867793655,210.11935707208144,218.6815948486328,983449
2024-05-07,219.02605192665496,219.46892343238846,207.26527629772653,210.66064453125,718017
2024-05-08,210.51303443232666,218.09112223560427,208.3478729244659,216.0243682861328,902821
2024-05-09,214.84335064279833,216.516429137242,210.0209302562547,211.89085388183594,788535
2024-05-10,213.46550699575243,213.46550699575243,205.29694474521494,211.103515625,497448
2024-05-13,211.79244240516766,212.57977791941548,204.01753986776308,208.98757934570312,513845
2024-05-14,208.64311999194436,220.25627778738405,208.64311999194436,218.780029296875,1238913
2024-05-15,219.51812215262132,219.81337481193935,215.92590899573747,217.50057983398438,542868
2024-05-16,219.51813321443478,229.80266040918386,219.51813321443478,224.98025512695312,2143954
2024-05-17,225.57072780044996,230.1963026101839,220.64990033963224,223.30714416503906,2308982
2024-05-21,221.28964241767852,221.3880499679296,208.15102557654424,209.1844024658203,1698932
2024-05-22,209.1843884969874,212.38292650147596,202.9349313121169,209.5780487060547,1375049
2024-05-23,208.88913911808396,210.36538745107396,206.23189512213688,207.75735473632812,462557
2024-05-24,207.65895423605033,207.65895423605033,200.3269230733312,201.95079040527344,1000932
2024-05-27,204.90329798997715,205.19855070665955,199.58880915840209,203.37783813476562,670706
2024-05-28,203.27939950308127,206.084262339903,201.75393988103363,204.26356506347656,439218
2024-05-29,206.33031486376535,206.97003152284677,203.23019918810513,205.24774169921875,637062
2024-05-30,205.05042828585866,205.24773143086074,196.22096577768133,198.8352813720703,1107383
2024-05-31,199.32854073439808,206.53021820871513,198.83527536017448,202.6827392578125,1365248
2024-06-03,211.80812841440695,213.53455705899873,205.34634961971082,206.9248046875,1227323
2024-06-04,205.6916616115647,209.14451924053583,183.79068194702947,197.25682067871094,1675739
2024-06-05,199.2791987691459,211.61083235634553,195.1851024395011,209.98306274414062,1640962
2024-06-06,211.6601656906785,218.86184284518674,210.13104008783725,216.5928192138672,1183304
2024-06-07,217.0861032014924,244.56097665221844,217.03677365137312,241.35475158691406,6776254
2024-06-10,243.77175294726487,257.2773612457766,242.84441163906467,245.22195434570312,2992684
2024-06-11,245.2022191978924,248.457773660639,239.73683045151907,243.9098663330078,1596249
2024-06-12,245.64613195261103,250.5787852046715,242.39057779559852,243.08114624023438,1032516
2024-06-13,243.4264619749661,255.51146363329772,238.6911113757424,253.4397430419922,1960493
2024-06-14,255.02806367889943,263.39382483817104,251.16085004575322,260.3849182128906,2372594
2024-06-18,261.3813454534095,264.3409378302066,251.08194652036786,256.2513732910156,1211743
2024-06-19,257.48450915785276,258.60916859151445,248.8721004802453,256.7544860839844,911327
2024-06-20,256.7742437068828,267.7444617398912,256.04422052541184,266.08709716796875,1144384
2024-06-21,265.3767865216066,267.7937990362559,261.746360385094,265.7713928222656,1017084
2024-06-24,271.0986399311475,271.295958125123,262.2494578382232,265.0216369628906,712255
2024-06-25,265.021652643764,268.3363817316673,258.569732682593,259.8818054199219,611566
2024-06-26,257.68186552364494,260.5723936376616,251.71333592235894,254.1007537841797,928434
2024-06-27,254.03166203379993,260.4441117550415,250.92409626711932,252.66036987304688,578017
2024-06-28,252.8872790876175,256.99125046209883,251.7725096193373,252.7886199951172,631044
2024-07-01,255.95537581515032,262.3678247051928,252.79846585744266,258.6683349609375,744169
2024-07-02,259.90151744905353,263.2557157108452,255.610103006727,259.8521728515625,758166
2024-07-03,259.7042324739344,261.13471417309825,250.33218989652747,251.5653533935547,890687
2024-07-04,254.2782957414727,254.2782957414727,248.65507358926857,249.34564208984375,518920
2024-07-05,248.60578993999897,256.4980372396815,241.55209993721456,255.90611267089844,1895692
2024-07-08,257.6818377159659,261.8252487019267,253.5383966234767,255.11685180664062,909828
2024-07-09,292.01306521954785,292.01306521954785,266.8565342631341,270.4080505371094,10847807
2024-07-10,271.24668341951724,276.72191788042,266.4126579167712,270.75341796875,2843479
2024-07-11,268.7803026591685,278.7442386959034,266.659237557886,276.72186279296875,1228836
2024-07-12,291.026569723006,293.49289658506535,281.1612622747685,282.7890319824219,4624456
2024-07-15,283.9728497431351,291.0265377729367,280.1253862820184,288.5602111816406,1882594
2024-07-16,289.1028459935001,291.273225849385,284.7128018896637,288.41229248046875,884259
2024-07-18,288.41219859297263,293.98608991399743,286.389792997772,288.36285400390625,1917010
2024-07-19,287.1297599665132,289.4481132278858,277.6590889433784,281.3092346191406,1100887
2024-07-22,277.70840761684514,283.5782776534897,276.3272705807315,281.40789794921875,508850
2024-07-23,283.67692639723947,297.19241072858784,260.98671744534727,291.3225402832031,1545648
2024-07-24,288.1656279938775,292.5063571203956,286.09390747020143,286.9324645996094,492523
2024-07-25,286.09387398917426,291.5197922889689,280.076031308097,286.1431884765625,1616975
2024-07-26,290.5332906709308,291.0265560201174,281.5065408021208,283.92352294921875,533830
2024-07-29,285.20604993162726,287.57371774423615,280.4706841998798,282.1971130371094,518170
2024-07-30,282.19707653348644,294.97266031901046,281.40786406688204,288.5602111816406,1514860
2024-07-31,290.48397462257896,291.02655446116677,285.10737030263454,288.954833984375,581150
2024-08-01,289.7441101152378,308.29087724785643,285.1074032788176,302.8156433105469,3436418
2024-08-02,299.9053720155648,311.34913565325456,297.9323103575677,303.7035217285156,1941722
2024-08-05,298.03090789192356,300.89184068367643,286.4391730459131,291.371826171875,1555091
2024-08-06,291.52008158129576,297.2516507832509,289.8895515632898,293.9411926269531,800711
2024-08-07,296.9551883049684,308.12187716654864,291.4706702678592,300.0680236816406,1449675
2024-08-08,300.4139172469292,313.6558404624812,300.1668663281406,303.7738037109375,1362259
2024-08-09,309.30774583782664,309.8018476682385,301.5997693464345,304.95965576171875,634600
2024-08-12,303.27968813172345,308.02308365209035,299.42570000476263,302.04443359375,537489
2024-08-13,303.6255717779461,309.9500691130004,297.696349871786,300.4139099121094,600708
2024-08-14,300.41392595720265,310.93828937122606,297.89401857552934,309.4065856933594,967807
2024-08-16,311.92647818753926,328.57771583347386,311.28415184223843,326.5519104003906,2260791
2024-08-19,326.7989789021892,337.9656687601791,321.95675659797917,335.0998840332031,1319862
2024-08-20,335.84098123467265,337.91621471337584,329.0717809111409,336.3350830078125,902281
2024-08-21,335.00100453334954,350.41698599471863,334.35867825528817,349.3299560546875,1254112
2024-08-22,349.87350566778605,355.3580542620001,339.9420706098062,341.7208251953125,971908
2024-08-23,343.79605549730513,359.7061408349845,341.72082173020203,358.47088623046875,2538273
2024-08-26,358.4708648189721,372.3057155631915,356.9885593820914,366.8211975097656,1565305
2024-08-27,366.8212131473467,371.5151805642392,365.6847548045593,370.6752014160156,903127
2024-08-28,369.1434800098653,375.4185795353264,365.93181798540564,367.41412353515625,530548
2024-08-29,367.21650861067917,371.95987440657973,361.78138814731693,365.4871520996094,681903
2024-08-30,365.63536046255444,375.4679991109996,363.6589531087028,374.9244689941406,1587107
2024-09-02,378.2843147323687,385.3499943876569,375.07265312817583,380.3101501464844,1152835
2024-09-03,380.5077997278974,405.1634926224681,379.56902436393096,399.926025390625,2654474
2024-09-04,400.22248058101417,402.84121423725,387.52405757303836,393.00860595703125,1488568
2024-09-05,393.3050940683839,413.7609238379897,392.2674921897803,411.488037109375,1982378
2024-09-06,413.16794000282135,413.16794000282135,392.31683756663034,396.56610107421875,2645037
2024-09-09,397.25786208346216,397.25786208346216,379.51959473585697,384.21356201171875,1152714
2024-09-10,388.51225889372665,400.2224781755652,387.37583072795445,398.8883972167969,1410895
2024-09-11,407.97986745294156,410.10449918830454,396.46730139881015,405.6081848144531,1692214
2024-09-12,409.165706450238,409.6104101527611,393.05799912728764,396.9119873046875,742540
2024-09-13,399.7283717711808,404.0270636301499,395.87438361256704,402.79180908203125,606205
2024-09-16,421.96300515941437,442.2705803470265,418.05958824771585,429.0286560058594,5188737
2024-09-17,430.76197847317434,443.68782760045747,427.88957763173613,435.7639465332031,2648585
2024-09-18,436.80392806032,440.07251679165756,412.9332311616957,416.0532531738281,2347064
2024-09-19,416.0532410952017,427.8400375967242,406.64363294077293,422.49139404296875,1847623
2024-09-20,425.5124383468065,434.8229929709011,407.2379747290138,428.3353271484375,5169061
2024-09-23,425.9086209068877,432.346774478736,425.85910873952605,428.23626708984375,661459
2024-09-24,426.89906362983714,435.813429227676,426.89906362983714,429.1276550292969,581414
2024-09-25,430.4648385885465,438.1906104227356,413.9237250170612,415.6570739746094,1513570
2024-09-26,416.00373101765433,416.5980281074064,398.6702422252521,400.0569152832031,800222
2024-09-27,395.203544684216,406.64363520261367,389.3101464006744,391.7368469238281,706480
2024-09-30,400.94834418659644,408.4265246003282,392.2320876627508,394.7578125,1228681
2024-10-01,398.02647707717983,401.49317521979793,393.4207270188576,395.3026428222656,438095
2024-10-03,391.39015588821354,398.67022694747794,386.6358398068024,390.35015869140625,553597
2024-10-04,390.35020632846306,396.78835984746746,378.4643844472242,388.7159118652344,592596
2024-10-07,396.78832774628427,396.78832774628427,368.4604485090206,378.71197509765625,1127063
2024-10-08,371.4319203555868,394.2130781373961,370.9861899602772,392.6282958984375,824176
2024-10-09,393.1730737318044,405.10840713222575,392.72734334456607,395.55023193359375,847812
2024-10-10,397.8778707820442,401.3940807433242,392.57876953123156,395.69879150390625,283767
2024-10-11,394.5102221705983,401.8398364440919,394.014979596833,398.3731384277344,337189
2024-10-14,386.0910848239941,397.6797727329991,382.3272534867687,395.89691162109375,707528
2024-10-15,396.8378718616248,413.032310214019,394.7083348208311,411.4970703125,890701
2024-10-16,410.7046648991978,419.76759805342687,404.41507809770053,416.796142578125,688178
2024-10-17,416.49898934060167,423.7295185628852,407.8322446159162,413.37896728515625,879587
2024-10-18,413.5275044186949,417.09325661002157,406.0988666147663,415.062744140625,934061
2024-10-21,416.89515265557355,420.95614741727536,403.42454989277974,408.773193359375,1333871
2024-10-22,405.0588890663463,408.77320814852743,397.8283297833766,406.54461669921875,895017
2024-10-23,411.29894865534857,411.29894865534857,386.6358750583621,402.38458251953125,959925
2024-10-24,406.2474724419195,411.0018192305403,340.0335350618929,348.848876953125,4009945
2024-10-25,348.84887973958047,369.7480920921343,334.78397860664313,347.51171875,2608941
2024-10-28,347.51169319524666,371.38238945106343,341.66783732196507,367.02423095703125,1659922
2024-10-29,365.4890335113187,376.38437055366154,362.5670901227159,372.521484375,1894222
2024-10-30,372.3729048962728,381.237728868229,369.6490707289239,375.3443603515625,806955
2024-10-31,375.34434712288714,390.399702762751,374.45288633595254,386.4873046875,510928
2024-11-01,393.7673024877482,401.1464278816376,391.0434687181816,394.8568420410156,158310
2024-11-04,394.8568786276705,396.19403955661534,384.11010925925603,395.7978515625,576560
2024-11-05,396.1939997438525,397.1349725841255,373.16522350874106,377.6224060058594,1842513
2024-11-06,380.89531608212667,396.7143113541327,380.89531608212667,393.09429931640625,1207441
2024-11-07,396.96231188682725,403.50810496944746,383.02773190861717,386.89569091796875,1046367
2024-11-08,386.8460669948984,389.7222702351988,374.9942439929716,379.2589111328125,533056
2024-11-11,378.3662767641385,380.300271150558,366.96074024307006,368.1012878417969,415733
2024-11-12,369.09306708249653,376.8785914057048,353.075733001134,355.3072509765625,856664
2024-11-13,356.7453355947573,368.89471066489347,350.1499363431648,362.4976806640625,927633
2024-11-14,363.48948522552337,366.71278898263915,351.0921630827702,352.2823181152344,895400
2024-11-18,352.2823309591394,352.4806699605149,337.9014367492309,340.5296630859375,875979
2024-11-19,341.7694367139102,351.43934950828094,335.02527424589863,337.752685546875,808162
2024-11-21,333.83512490633325,350.44753798056666,329.47127319693004,348.1664123535156,1121455
2024-11-22,348.56313990632145,349.55492573019274,343.25707969522983,345.6373596191406,327925
2024-11-25,347.0754715720764,353.571656806358,345.2406616895466,351.7368469238281,613382
2024-11-26,364.9275718206934,371.91964911734,352.8773509757728,359.3735656738281,1124287
2024-11-27,362.00180673661737,381.49039110070186,359.3735804945123,378.36627197265625,884470
2024-11-28,379.75476009367947,392.69758237557176,376.23393276501986,388.08575439453125,1008182
2024-11-29,389.7718372634609,396.4663917202761,381.34165757710105,393.8381652832031,694348
2024-12-02,393.8381367430514,403.90475629153536,387.8874221015555,398.49951171875,833225
2024-12-03,398.4995182251294,411.5911027569292,394.5323750660265,410.1034240722656,655366
2024-12-04,412.979587373666,422.5007367913582,406.92968814087925,416.996337890625,1387314
2024-12-05,419.2278677580063,424.9306360806812,419.0294984921966,423.64129638671875,510307
2024-12-06,423.49257247541806,427.16219235304357,417.4426725295314,424.533935546875,612751
2024-12-09,425.92246370761774,439.1627811610444,424.48436205650603,437.97265625,766165
2024-12-10,438.61730373760133,447.89050773320145,431.4268561353456,435.889892578125,847136
2024-12-11,435.88985443561654,435.88985443561654,419.37662709570196,423.740478515625,718282
2024-12-12,423.2942043509904,436.13784369094736,421.80652552089055,431.57562255859375,587346
2024-12-13,430.43506156417476,441.3447059816999,424.48434642734287,427.9555969238281,957784
2024-12-16,427.95559803787495,429.24490754745057,412.8804408785631,414.31854248046875,400446
2024-12-17,417.7401876388705,428.45146208421573,415.7566160551473,426.666259765625,670810
2024-12-18,423.8892353458752,424.1371817903062,411.7894670177819,421.55853271484375,472356
2024-12-19,413.0788012386623,421.013087937124,409.70673544519644,415.2607421875,350980
2024-12-20,415.3103022920759,418.53360613076063,404.8965514286328,408.8141174316406,557623
2024-12-23,412.5333427891414,415.70703939804326,394.8299590396905,398.8466796875,490862
2024-12-24,398.6483164913583,405.09492422490695,395.9209055271646,400.3839416503906,339376
2024-12-26,400.6814438263516,401.5740449498126,393.7389435620336,397.0614318847656,254276
2024-12-27,395.7225753244297,403.6568625489797,395.7225753244297,399.4417724609375,292500
2024-12-30,400.13598810398656,420.12046567024737,400.13598810398656,418.4344177246094,886084
2024-12-31,418.53361298920146,421.26102397432066,408.26862377364534,415.6574401855469,385764
2025-01-01,418.6328418801774,433.90633895812243,416.5996625889168,428.699462890625,951725
2025-01-02,430.8317455790959,438.12137726437913,423.9884296106895,427.112548828125,512094
2025-01-03,427.0133514393183,431.3276255949522,424.4843098309638,427.6084289550781,366248
2025-01-06,427.06297191630847,427.06297191630847,398.0532372402967,403.40887451171875,702781
2025-01-07,403.40887961417945,429.9391501235324,402.66504025410416,423.3437805175781,898168
2025-01-08,424.9801923266679,425.327323391283,409.75627506625347,413.1779479980469,318575
2025-01-09,416.20290634545637,416.20290634545637,404.7477924228909,406.33465576171875,287255
2025-01-10,404.15275550051405,406.0867501182596,384.3666146275311,399.4417724609375,1162553
2025-01-13,399.6896881175353,410.74809403068235,379.90354877021684,382.87890625,748544
2025-01-14,389.7718412127871,392.7471987792969,377.22575619405114,385.4079895019531,329325
2025-01-15,384.8624734534838,400.18557640396483,384.8624734534838,397.2597961425781,424506
2025-01-16,402.56584615919184,403.65681658171167,396.7143160508223,397.6565246582031,205782
2025-01-17,396.71432678261215,398.10282087297105,391.11074297018797,392.4992370605469,141783
2025-01-20,392.7471704543602,396.7143135902628,385.8046699665306,395.3753967285156,265443
2025-01-21,393.24307760729897,399.5905008015523,382.33343358792877,384.1682434082031,334630
2025-01-22,385.1600199819554,389.7222406975512,375.73805491868393,387.49072265625,350241
2025-01-23,386.9948371695289,399.6401063124051,382.82932463923277,397.2597961425781,234514
2025-01-24,398.896267259539,403.50806525006834,392.201713002251,396.0696716308594,550779
2025-01-27,393.2431030518403,394.13570429416376,359.1256746916439,367.25830078125,1553935
2025-01-28,367.2582481414763,371.1758139289827,323.3717290596928,353.869140625,1308928
2025-01-29,357.39001480224476,370.87830757405015,353.77000272898863,368.64678955078125,457540
2025-01-30,369.9361262177556,373.75450783665445,351.9847960771328,365.8202209472656,433642
2025-01-31,365.86981744455943,389.2759710570386,362.54732858088283,386.89569091796875,562633
2025-02-01,381.9863089786461,390.7140425023645,375.63888567669744,382.13507080078125,314698
2025-02-03,382.1350797131306,389.77184294113005,363.489517653751,368.20050048828125,513321
2025-02-04,373.7123207856319,383.5442666257398,370.58398815819794,382.15386962890625,487360
2025-02-05,382.70008767139194,394.26996859766365,379.3731183987595,391.53887939453125,372637
2025-02-06,391.2905987290075,399.8811096192553,383.59389278954103,398.2424621582031,353364
2025-02-07,397.2990071910175,402.16533613570493,388.01332757371017,397.6466064453125,328887
2025-02-10,397.24934895833337,408.5709493421018,383.9415018297732,394.0216979980469,656909
2025-02-11,392.43269454066956,394.76654052734375,375.5495972099404,379.1248474121094,405082
2025-02-12,379.07520729632523,394.86586301957146,369.24326156150585,388.460205078125,584996
2025-02-13,389.3043518454177,403.45635953367594,388.31122849887333,390.7940368652344,573578
2025-02-14,391.93613696483203,396.45486654125455,379.42277627986886,383.99114990234375,584236
2025-02-17,380.66416206404966,385.2822098165389,364.52590787531767,374.01025390625,567174
2025-02-18,374.01029764624514,382.35252857172,356.58096289944626,359.5603332519531,442554
2025-02-19,359.51068946452455,384.3387757535111,356.03475738406644,382.8490905761719,477046
2025-02-20,378.3800291974676,387.16917766950434,375.9468646556549,379.2738342285156,416005
2025-02-21,381.3097517158849,387.1194995145515,369.6405514548734,373.6626892089844,384878
2025-02-24,371.4281453698512,372.8681863987851,357.5740620491443,365.3700866699219,342254
2025-02-25,366.1149273585348,369.1439718470629,352.6084433517498,354.7436828613281,386428
2025-02-27,354.29677336826353,356.48165697393125,345.7062620096662,351.0691223144531,345999
2025-02-28,346.15313715088035,348.437339077673,327.2837931939003,337.21502685546875,1389102
2025-03-03,332.69633591003856,338.4067954070019,313.8269914852901,332.0508117675781,1100357
2025-03-04,325.6451790669674,332.1998000167345,315.81326279617815,317.3029479980469,922846
2025-03-05,320.3319511014424,337.0660870043551,319.140221166809,334.9308776855469,910533
2025-03-06,335.6756959791554,355.33952640159197,335.6756959791554,347.4442138671875,782328
2025-03-07,347.891103107211,354.0484801016317,346.6000548540518,347.642822265625,374629
2025-03-10,350.42358394111693,360.2554991520904,343.17376522220457,346.6993713378906,704181
2025-03-11,334.73224439488195,346.79871847548594,334.73224439488195,342.0317077636719,330700
2025-03-12,342.47859076744635,345.6069232351865,338.2081422095065,339.39990234375,240666
2025-03-13,341.6344483857473,341.6840924324825,327.73072083516456,332.2494201660156,350927
2025-03-17,332.6963557313235,345.40832376752087,332.2494380557596,339.2509765625,437763
2025-03-19,358.5175434010673,372.37162679962614,355.88577248196646,369.2929382324219,600842
2025-03-20,371.87507517393857,379.3235007925295,370.43503409792237,373.26544189453125,528138
2025-03-21,376.2944275256251,382.3524859621537,369.5908449795354,378.67791748046875,332710
2025-03-24,382.0545935652065,391.14166683871645,381.6076759010496,387.0698547363281,423621
2025-03-25,387.0698492723744,391.09198696212263,367.306699463437,369.34259033203125,484223
2025-03-26,370.4350283062564,378.3800155085354,361.4969177036926,362.24176025390625,350616
2025-03-27,364.0293402343682,385.33184753701477,355.6871104213992,374.1592102050781,1533872
2025-03-28,377.784124797831,393.27685546875,375.2516723213097,378.3800048828125,1072820
2025-04-01,380.11796429392774,385.92774198478446,358.66649375492113,359.90789794921875,1006477
2025-04-02,360.4044597517141,370.68329254560086,343.0744753779514,367.3563232421875,1226158
2025-04-03,358.5175213683395,365.5687030579032,356.3823122749194,364.128662109375,584824
2025-04-04,362.4900098729015,365.66801660309375,347.394523366066,350.3242492675781,641588
2025-04-07,291.7796489193505,338.65508650603044,286.2678260567838,334.53363037109375,688475
2025-04-08,340.4427003866482,350.37393470723566,337.7612853047228,338.65509033203125,309490
2025-04-09,330.7100788347803,330.7100788347803,305.88199483817516,319.14019775390625,3656454
2025-04-11,348.0897380414545,354.24711500293614,330.71007922340755,351.91326904296875,3522923
2025-04-15,354.2471391872791,360.90104797581694,351.8139746635532,358.02099609375,834614
2025-04-16,358.0209716167854,361.8445026179261,347.79181312225086,348.93389892578125,490902
2025-04-17,347.79182710788984,358.5175477142014,347.59319030462734,354.7933349609375,723388
2025-04-21,357.52438737924786,360.4044388827038,344.66342854349057,354.9422607421875,1024151
2025-04-22,354.9422993943936,365.22113271242625,354.9422993943936,358.7161865234375,860246
2025-04-23,363.33420596341386,372.37163506474764,359.26239391690945,365.6183776855469,667323
2025-04-24,365.4694010416667,371.77574051792425,359.85826004917425,361.99346923828125,511541
2025-04-25,362.49002047276343,366.7107946837477,346.1531293448074,352.80706787109375,743832
2025-04-28,350.5725504557292,356.7795715332031,349.48010868454975,353.05535888671875,369583
2025-04-29,353.6015789650857,355.83610664363755,347.7421568917606,349.9766845703125,237528
2025-04-30,349.97667856078374,357.3257856269502,342.1806538434925,344.1669006347656,732011
2025-05-02,342.67723428017416,351.5657012802642,334.98052754310623,339.2509765625,479929
2025-05-05,341.63444412361065,345.3090127677958,336.8674640031136,342.27996826171875,580717
2025-05-06,343.6206826878253,347.0966144491183,330.7100790030226,332.54736328125,339639
2025-05-07,329.7169596354167,350.47323205694556,327.730712890625,348.5863037109375,725652
2025-05-08,349.0332151612007,356.9782019994562,343.22343747418245,346.500732421875,442988
2025-05-09,333.88807842979594,360.8016966491525,332.8452807400424,357.0774841308594,1662513
2025-05-12,363.4831521816052,368.15084412779026,359.113415430037,364.02935791015625,536044
2025-05-13,360.80172113020564,369.4419068819857,358.7161862246294,367.654296875,421804
2025-05-14,371.5771243633431,372.9178470521054,363.2845376815988,366.2142639160156,397263
2025-05-15,367.45562706334954,368.7963496020163,359.5106405322501,360.7520446777344,479698
2025-05-16,372.421291435419,381.1607656180146,363.58249884689616,368.2998352050781,1943285
2025-05-19,371.17985445383067,386.7719032723704,369.5908510220496,381.5083312988281,1038449
2025-05-20,384.5373588618314,384.9346021254311,372.8184855854722,374.7054138183594,672523
2025-05-21,374.40752483850366,400.2287334480556,372.7192029217137,395.4120788574219,2270883
2025-05-22,396.60383492700794,407.32955549891653,394.8161946265426,399.48388671875,1306550
2025-05-23,400.0300961217988,421.0843244683024,395.6603591935776,410.3089294433594,2769305
2025-05-26,412.295174103016,420.8856854651101,411.4013691031412,418.3035888671875,1397658
2025-05-27,418.0056358720951,418.0553102270692,407.5778401004078,409.5640869140625,439261
2025-05-28,410.1599766291991,422.07745779033803,404.89643457278476,419.4953308105469,1044226
2025-05-29,422.07743539192427,424.0636821467098,415.4234966403047,421.03466796875,473703
2025-05-30,421.97814823613743,438.81160285239116,417.1118493881534,436.875,1878828
2025-06-02,436.87496942823435,456.538830565123,435.0376851110501,442.8337097167969,1696003
2025-06-03,441.9398986026842,445.9123920732701,426.1492431186491,442.982666015625,1254116
2025-06-04,443.6282287677236,445.86275638682014,437.47085164979154,440.052978515625,432735
2025-06-05,443.9261453868022,461.7527219611052,442.23782353852954,453.41046142578125,1576693
2025-06-06,458.82299414933254,480.62206411133354,456.04226085333363,474.06744384765625,3116359
2025-06-09,479.28134970249056,480.6717163742605,465.7748656601822,468.1583557128906,722738
2025-06-10,470.7404866590399,471.2370483538279,457.0353960059789,465.57623291015625,704214
2025-06-11,466.27142333984375,475.75573942313594,459.4685221773883,462.5472106933594,721256
2025-06-12,463.39138398261804,468.10872012733535,457.3333251878579,460.7596130371094,387882
2025-06-13,447.8986388680878,460.61060585256416,442.1385354580607,455.6449890136719,518977
2025-06-16,450.87802130790084,457.8298850725601,441.4433490558633,447.8986511230469,698392
2025-06-17,447.8986431123496,454.70154430763995,437.27221085333656,438.910888671875,563905
2025-06-18,438.86123486627923,444.67101295639964,432.65421346822785,434.93841552734375,329123
2025-06-19,434.98803929416516,439.1591696022658,417.2607809463178,421.7795104980469,583405
2025-06-20,420.24016492008536,440.84747567955316,420.24016492008536,429.87347412109375,2432600
2025-06-23,417.1118227699201,418.30358295806525,386.5236345565475,402.81085205078125,4894648
2025-06-24,412.1461919770485,445.7137492246215,399.4838692114886,438.66259765625,11285102
2025-06-25,438.6626096727761,448.24624424142104,429.1286191501114,445.8130798339844,2446551
2025-06-26,445.71376150271334,451.87113859122036,436.0308085329015,438.3646545410156,1035184
2025-06-27,439.65573840166275,495.27064843464257,438.2653414046616,479.9268798828125,6801972
2025-06-30,479.97652596720206,488.02083154981256,474.4647032332635,483.1048889160156,2534433
2025-07-01,481.6648481366613,482.6083274880586,462.6961851691167,472.6770935058594,1649334
2025-07-02,473.6702242003638,496.56170675885863,472.0315463218825,491.3478088378906,2247461
2025-07-03,493.5823240936942,505.4004863555202,489.9077554330875,496.1147766113281,3423372
2025-07-04,497.2568909955127,498.89553851922824,478.6854715728153,483.9986877441406,1133837
2025-07-07,485.63733721704585,488.169789735887,474.71297993813477,481.9627685546875,876617
2025-07-08,480.671716284171,487.62357994943795,476.20266107078515,478.5861511230469,761374
2025-07-09,480.1255185375563,494.2775269487801,473.5212236994751,490.5533142089844,1253122
2025-07-10,494.5754577513789,502.6197634269516,487.47463143757705,492.63885498046875,883673
2025-07-11,486.63045247395837,495.3202819824219,479.13238313545787,481.16827392578125,699167
2025-07-14,484.49522268218647,488.5173600462643,475.2095134836067,478.4371643066406,544539
2025-07-15,478.4371767525645,496.46235960240415,477.0964541604218,487.82220458984375,1411907
2025-07-16,486.6304644663465,501.5273154193979,486.6304644663465,498.74658203125,1618740
2025-07-17,502.7190611232708,514.9841104747879,499.04449253771605,505.5494384765625,2468246
2025-07-18,507.4364261259059,509.4723170240635,497.4555175200412,500.136962890625,966248
2025-07-21,500.53420222029723,501.4776815896344,489.4112078256465,498.994873046875,659825
2025-07-22,501.42800122683997,507.3370976109027,492.2416097286868,493.929931640625,504786
2025-07-23,494.8733665062478,497.7534485449688,481.7641561179174,484.3462829589844,658353
2025-07-24,486.63045458938467,491.2484722295562,477.29510090982626,487.3256530761719,1160192
2025-07-25,489.46089095192735,496.16447413750126,478.735139670376,484.89251708984375,938921
2025-07-28,484.6938870060933,491.3974702846958,473.7198850212477,477.2951354980469,677536
2025-07-29,476.5005937303622,500.4348736582426,475.5571446878985,497.25689697265625,909515
2025-07-30,496.56169423511636,504.30804454209596,493.08576237547055,497.6044616699219,641544
2025-07-31,478.6854776733291,494.2278527852032,478.48684087070825,483.1048889160156,868110
2025-08-01,483.15464744327954,487.682655163121,468.92374000650295,474.6957092285156,739168
2025-08-04,476.9845587361529,485.3440038447666,470.864274572466,483.4034118652344,487320
2025-08-05,483.4034246692556,485.3937630106628,469.47105627940573,472.0585021972656,574914
2025-08-06,472.0584885625856,478.1290264025698,456.7826361594747,465.888427734375,726693
2025-08-07,458.7729694065919,464.59471489717015,449.56765494452907,458.9720153808594,711306
2025-08-08,456.7826481075077,459.0715250458241,447.97539489676376,452.8019714355469,863243
2025-08-11,449.0700734914961,467.82901781553136,437.874420689769,465.3410949707031,948318
2025-08-12,463.3507765585167,465.73917651791123,453.15029245742994,454.4440002441406,527269
2025-08-13,458.07635641174784,461.31065621148576,452.20486438779255,456.8821716308594,400998
2025-08-14,459.7681795078519,460.66382573156363,441.9048798659245,443.5966796875,436975
2025-08-18,448.7715454879595,451.7570529722032,441.0092078068343,444.09423828125,570837
2025-08-19,444.5917939614616,454.79227720288293,444.1439557198755,452.2546081542969,533514
2025-08-20,454.79230521929145,454.9415745189653,446.6816826553849,452.30438232421875,397071
2025-08-21,452.85173248035863,456.2850783696971,445.4874864716506,446.68170166015625,404484
2025-08-22,446.6816697993214,449.9159694698287,428.17151791869554,431.5053405761719,726704
2025-08-25,431.50534381757245,437.0782970580323,423.9917986121701,426.1811828613281,565840
2025-08-26,422.94688811364887,441.0092020849425,422.648349517159,435.4362487792969,2014409
2025-08-28,435.4860410772124,436.3816872689561,419.9613957297594,424.0415954589844,884376
2025-08-29,424.14112132783714,428.1217980916079,417.97106019593105,419.3145446777344,573771
2025-09-01,419.9613941333912,433.14738577383537,419.31454024015477,429.9130859375,502460
2025-09-02,432.89856291351947,438.91932388184244,429.21642505791874,434.5903625488281,312409
2025-09-03,435.7845588355485,448.82128059881273,434.6401204025088,447.22900390625,913161
2025-09-04,452.8019800040104,457.7778259381204,435.0879806266401,438.6208190917969,800894
2025-09-05,438.37202669706073,442.65124205137704,435.8841037305621,440.95947265625,399504
2025-09-08,441.4072759665375,446.830960125025,436.82952205202497,442.800537109375,470865
2025-09-09,444.64155290371696,445.73624501525165,435.98359973827326,437.97393798828125,280022
2025-09-10,440.81021670401174,452.80199361769337,439.46673218737897,451.209716796875,939096
2025-09-11,451.25947241584896,465.73917169550043,450.911157132217,460.9623718261719,1168941
2025-09-12,460.4150007212083,463.748823444464,455.4889316556385,460.56427001953125,750449
2025-09-15,459.56909899279293,462.75365240471416,451.80679181019406,457.67828369140625,666815
2025-09-16,459.66864422194914,460.4150211167792,455.24015953471655,456.0860290527344,331922
2025-09-17,458.7729861337051,464.74400113761453,457.230486072423,459.8179016113281,338773
2025-09-18,462.753642682428,465.54010408170245,457.77779706218683,461.95751953125,328800
2025-09-19,463.752691550333,478.7124557938921,461.40898906503173,471.4819030761719,1555710
2025-09-22,471.3323073584966,472.03041142226675,451.0867416662396,455.4250793457031,902803
2025-09-23,457.7687741495452,457.7687741495452,420.46910234302203,428.746826171875,2373426
2025-09-24,432.7859977999257,432.7859977999257,419.87072231453783,431.0905456542969,998864
2025-09-25,431.29001783758713,431.38972525121915,421.41654903053933,424.50823974609375,600010
2025-09-26,422.56348331225564,423.6106546279256,410.8948551070167,414.6347961425781,699444
2025-09-29,416.6294182177945,416.8787476122995,401.4203251529917,403.2154846191406,819502
2025-09-30,403.8637735740808,414.28572421406477,396.93240409215434,404.51202392578125,989046
2025-10-01,406.5066604098944,407.9028989646837,398.0793145039408,400.2235412597656,1197407
2025-10-03,402.9163151874464,406.9554393411521,400.22354546116384,402.7667236328125,574701
2025-10-06,402.9163277910809,404.1131211370252,392.0455715690099,393.0927429199219,636709
2025-10-07,396.13457042167545,402.5672508024792,392.5442209063077,396.0846862792969,933544
2025-10-08,397.92973309252636,397.92973309252636,384.116877874226,393.1924743652344,822240
2025-10-09,393.9404491893968,395.63590127158756,384.16674895341527,385.81231689453125,487799
2025-10-10,385.9619094615046,402.81657073844224,382.9699566749813,400.9715270996094,1062896
2025-10-13,400.921678916645,401.17100831895635,390.0509230630139,399.2262268066406,606115
2025-10-14,399.9243632976154,408.8004839769275,395.6857634372292,406.30718994140625,1068851
2025-10-15,407.9527470347695,417.62673980880675,405.9082581544701,411.69268798828125,1127024
2025-10-16,413.88680221378945,414.7843819627722,403.91362625683064,412.5903015136719,698454
2025-10-17,413.88681531464044,421.865356332754,409.4487396990273,418.0755615234375,835361
2025-10-20,421.7157600680952,422.7130776842261,408.65089320963676,421.4664306640625,814251
2025-10-21,425.10661994906275,431.2401170001873,424.00956452011525,429.744140625,332650
2025-10-23,431.88837835087617,432.58651285137887,420.369372142608,424.358642578125,939327
2025-10-24,426.303410447477,428.64708240476835,419.0229738742108,424.80743408203125,582749
2025-10-27,426.8020973569389,426.85195106478494,419.37206874472446,421.765625,456808
2025-10-28,421.71574503390013,423.3114592499659,413.8867959392315,414.5849304199219,272575
2025-10-29,416.8787635427167,422.31415672491744,413.2385603309826,421.4664306640625,325372
2025-10-30,422.7130765615711,422.7130765615711,412.24124162000805,416.0310363769531,631313
2025-10-31,428.64711224976105,429.84390559973247,407.1050754360296,419.3720703125,1656736
2025-11-03,418.8733918997335,419.3221969939132,407.9028983023596,413.9865417480469,1103629
2025-11-04,413.8868097297841,416.62943316775255,397.92972790887677,402.51739501953125,976510
2025-11-06,405.9082802712733,410.44606336783164,400.9216920615525,406.6064147949219,793888
2025-11-07,406.8557181274868,406.9055718321009,397.5307926858577,403.2154846191406,441924
2025-11-10,404.76135005952614,405.55919195737886,395.4862782094714,403.61444091796875,615428
2025-11-11,401.4203405001735,407.30450834831186,399.1763758638371,406.057861328125,412651
2025-11-12,407.8530352145444,416.38008832206265,404.91093618864056,415.0835876464844,575264
2025-11-13,415.0337037523933,415.0337037523933,406.25732124546437,409.1495361328125,525520
2025-11-14,411.1940532764209,414.8342870329397,407.9527709268822,411.7924499511719,388042
2025-11-17,412.3409937176792,415.88145919360085,409.19941877807304,411.5431213378906,319275
2025-11-18,413.8868082884816,414.13613769106496,401.7195212681233,406.80584716796875,609018
2025-11-19,406.85572854498014,419.87071109709956,406.85572854498014,413.4878845214844,703088
2025-11-20,415.28303952005945,416.6792780627192,405.80852238925155,407.1549072265625,310767
2025-11-21,406.65625648745385,409.3988799217653,400.3731677031367,408.451416015625,331203
2025-11-24,406.9055789671676,407.85304285718706,398.9270382031055,400.9715270996094,236651
2025-11-25,400.02410341525905,405.9082712853227,398.92704794626314,403.664306640625,218169
2025-11-26,408.6508939389829,408.6508939389829,402.5173966759747,403.91363525390625,173793
2025-11-27,404.86108711948793,408.4015523834458,402.916305648137,403.86376953125,250647
2025-11-28,404.41229578148847,411.69270224889004,401.91900172611554,407.20477294921875,419546
2025-12-01,411.89217428612756,416.82890864616866,406.50666526153975,414.1361389160156,518534
2025-12-02,413.83696141335724,415.73185881712624,407.1549211395355,414.2857360839844,385052
2025-12-03,413.3881433379681,414.983857577924,399.12651389649415,400.9715270996094,359991
2025-12-04,399.1763594456795,408.55113856475566,399.1763594456795,407.50396728515625,345637
2025-12-05,406.10774905024664,406.55652372003897,392.0455644514354,395.3367004394531,479787
2025-12-08,392.7436716409573,397.4310766896268,386.1613996127405,392.4444885253906,502278
2025-12-09,378.9806973004715,395.9350969165452,361.22845575910526,389.6520080566406,3907191
2025-12-10,390.9484940291918,390.9484940291918,377.8836275548483,386.560302734375,782988
2025-12-11,385.96192923147277,386.6101796146143,380.0777612037182,381.22467041015625,274810
2025-12-12,381.92280573741147,383.8177031827652,378.5817855271798,380.975341796875,618326
2025-12-15,379.479341435732,384.2165999687668,377.2353768674524,382.7704772949219,465049
2025-12-16,380.9753352428332,401.61982238970353,380.0278713185962,400.2734375,886461
2025-12-17,399.92434896989994,403.51469833956617,391.9956620467086,395.3865661621094,409977
2025-12-18,392.9431282544948,398.02945402208985,389.1533336080531,394.6385803222656,243502
2025-12-19,394.6385989690233,401.32060883881456,392.19515859749777,400.2734375,356357
2025-12-22,395.9350784738825,405.8085164091357,395.88522476926835,403.2154846191406,334791
2025-12-23,405.45946459364626,408.4015637350112,400.92168161532237,404.1629638671875,381598
2025-12-24,403.8138941597233,405.3098705745672,397.92972634848087,403.01605224609375,394816
2025-12-26,402.9163182839828,404.8112156739173,397.92973018640873,399.87451171875,259597
2025-12-29,400.92166776096224,403.7141448148612,389.10344833310387,391.09808349609375,291370
2025-12-30,393.79087884437126,393.79087884437126,376.5372652968817,381.22467041015625,1499128
2025-12-31,381.72332466376594,389.85145729905116,380.127610361176,388.4053649902344,329481
2026-01-01,388.7543879094959,388.90400989791766,380.9753228117114,385.0643310546875,227277
2026-01-02,386.4605802708807,390.1007835204821,382.1721266511945,389.4026794433594,244236
2026-01-05,387.9565636886851,388.15603939186155,372.6477317593271,379.5791015625,925919
2026-01-06,379.97801598354175,380.5764126470375,372.7973168930299,377.7839050292969,469354
2026-01-07,377.734049882629,381.47399097057587,373.29597428397807,380.177490234375,444632
2026-01-08,380.4766709976925,384.4659414668688,364.1206681612132,365.51690673828125,639772
2026-01-09,364.22039481570243,369.50616585061454,360.9791126591181,365.21771240234375,462745
2026-01-12,365.2675860952266,366.0654280339115,356.2418736165127,362.7742919921875,479565
2026-01-13,356.3415728504494,383.96728305212326,350.35766714054614,373.0965270996094,1147341
2026-01-14,373.0965188140599,373.84450701118686,363.72173949721247,369.90509033203125,457364
2026-01-16,368.9576711151928,369.00752482263806,361.1785753034464,363.52227783203125,180639
2026-01-19,361.2783055148316,361.72711061522426,353.3496183126826,354.3968200683594,188061
2026-01-20,354.0477551912007,354.44667615215974,332.25635910144365,336.3453674316406,715385
2026-01-21,335.09872441217533,344.8225713259215,333.20382699817884,336.9936218261719,579719
2026-01-22,340.035457670746,350.3576707789488,339.93571982073485,348.8616943359375,301606
2026-01-23,349.0113227000467,350.2579697586471,338.58934111585995,344.97216796875,382311
2026-01-27,345.07189744380486,357.139446765255,336.6445513579563,355.2944030761719,406352
2026-01-28,357.03970977347836,359.33352813684184,346.2188074543731,356.9399719238281,428769
2026-01-29,359.98181793026566,363.8713506779973,348.7121102241948,359.882080078125,545494
2026-01-30,357.0895532449081,374.94156257045074,354.9952106408769,371.79998779296875,427515
2026-02-02,360.0,366.5,350.0,360.3999938964844,268575
2026-02-03,424.1000061035156,424.1000061035156,392.8500061035156,411.8999938964844,3686183
2026-02-04,414.0,414.6000061035156,403.3999938964844,408.8999938964844,891094
2026-02-05,406.1000061035156,408.1000061035156,391.6000061035156,396.5,756432
2026-02-06,395.6000061035156,403.3999938964844,390.29998779296875,400.6000061035156,2737235
2026-02-09,405.0,424.0,402.6000061035156,422.54998779296875,1439103
2026-02-10,425.0,425.6000061035156,411.0,413.3999938964844,1085943
2026-02-11,413.3999938964844,426.79998779296875,411.0,421.95001220703125,2563957
2026-02-12,422.0,437.0,416.29998779296875,428.8500061035156,1339946
2026-02-13,427.0,441.95001220703125,423.0,434.79998779296875,1145234
2026-02-16,434.79998779296875,435.0,425.04998779296875,426.5,263516
2026-02-17,426.54998779296875,429.8999938964844,423.3500061035156,425.6000061035156,309923
2026-02-18,426.3500061035156,429.3999938964844,419.0,421.54998779296875,271363
2026-02-19,421.54998779296875,422.04998779296875,410.1499938964844,413.04998779296875,257072
2026-02-20,414.45001220703125,418.6000061035156,410.1499938964844,414.3500061035156,252827
2026-02-23,419.0,442.3999938964844,416.3999938964844,421.0,1778183
2026-02-24,419.5,419.5,407.45001220703125,408.70001220703125,360814
2026-02-25,410.75,412.1499938964844,403.6499938964844,408.5,395092
2026-02-26,414.0,417.0,403.1499938964844,407.8500061035156,502238
2026-02-27,403.20001220703125,406.6499938964844,398.3999938964844,402.29998779296875,406874
2026-03-02,369.0,395.0,360.0,380.20001220703125,1324217
2026-03-04,374.0,379.29998779296875,366.04998779296875,367.54998779296875,521042
2026-03-05,368.0,438.95001220703125,368.0,430.1499938964844,46424507
2026-03-06,443.0,471.95001220703125,387.1499938964844,393.5,56352435
2026-03-09,393.45001220703125,393.45001220703125,369.6000061035156,379.79998779296875,10104849
2026-03-10,389.0,393.45001220703125,373.79998779296875,378.0,2875073
2026-03-11,378.0,395.95001220703125,376.75,382.75,2431226
2026-03-12,380.75,392.0,374.25,390.0,1399157
2026-03-13,388.0,404.5,381.0,385.25,5018425
2026-03-16,385.54998779296875,388.95001220703125,375.0,383.6000061035156,944256
2026-03-17,387.0,392.04998779296875,383.0,389.6000061035156,703103
2026-03-18,392.0,400.5,390.3500061035156,394.70001220703125,629800
2026-03-19,390.6000061035156,393.54998779296875,380.5,383.20001220703125,443330
2026-03-20,388.3500061035156,388.3500061035156,376.3999938964844,378.45001220703125,399854
2026-03-23,375.8999938964844,375.8999938964844,362.0,364.0,515461
2026-03-24,376.0,385.45001220703125,366.6000061035156,379.04998779296875,781612
2026-03-25,384.79998779296875,390.70001220703125,379.95001220703125,384.04998779296875,469671
2026-03-27,383.0,383.04998779296875,370.45001220703125,372.20001220703125,456141
2026-03-30,368.0,371.8999938964844,359.1000061035156,363.29998779296875,633170
2026-04-01,371.0,387.70001220703125,371.0,384.0,804237
2026-04-02,378.0,387.0,370.25,386.04998779296875,503069
2026-04-06,386.0,389.70001220703125,376.1499938964844,383.8500061035156,471985
2026-04-07,384.04998779296875,387.5,380.3999938964844,384.70001220703125,221847
2026-04-08,404.0,415.5,396.20001220703125,408.6000061035156,1338936
2026-04-09,408.5,413.3500061035156,402.54998779296875,405.1499938964844,481155
2026-04-10,407.25,414.1499938964844,406.0,410.3999938964844,507240
2026-04-13,399.0,412.5,395.5,406.29998779296875,463690
2026-04-15,413.29998779296875,421.04998779296875,410.5,411.8999938964844,589089
2026-04-16,416.8999938964844,420.45001220703125,411.29998779296875,419.1499938964844,596415
2026-04-17,419.1499938964844,423.8500061035156,418.45001220703125,422.0,395171
2026-04-20,421.70001220703125,422.75,413.5,415.6499938964844,381844
2026-04-21,415.6499938964844,424.8999938964844,415.6499938964844,420.5,341840
2026-04-22,420.0,427.8999938964844,419.0,423.5,363449
2026-04-23,424.0,425.29998779296875,417.0,417.8999938964844,215199
2026-04-24,418.20001220703125,421.70001220703125,411.6000061035156,420.04998779296875,439103
2026-04-27,420.04998779296875,431.8999938964844,418.3999938964844,428.79998779296875,471476
2026-04-28,428.79998779296875,431.0,423.5,425.0,286359
2026-04-29,425.1000061035156,438.0,423.04998779296875,425.1000061035156,537071
2026-04-30,425.1000061035156,436.20001220703125,424.0,430.6499938964844,542946
2026-05-04,432.79998779296875,439.8999938964844,429.1499938964844,430.79998779296875,373273
2026-05-05,430.79998779296875,431.0,424.0,425.6000061035156,204864
2026-05-06,426.0,430.3500061035156,421.5,428.79998779296875,267327
2026-05-07,430.0,434.8500061035156,424.6000061035156,432.20001220703125,423885
2026-05-08,432.20001220703125,432.25,427.0,429.8999938964844,202846
2026-05-11,427.8999938964844,428.0,414.3500061035156,416.29998779296875,254017
2026-05-12,415.5,418.70001220703125,403.04998779296875,405.5,335853
2026-05-13,405.79998779296875,419.04998779296875,405.5,413.04998779296875,313419
2026-05-14,416.54998779296875,420.0,407.8500061035156,411.0,194599
2026-05-15,404.75,413.8500061035156,395.79998779296875,409.3500061035156,734531
2026-05-18,405.20001220703125,407.8999938964844,393.04998779296875,404.54998779296875,298483
2026-05-19,402.04998779296875,412.8999938964844,402.0,411.6499938964844,235048
2026-05-20,409.25,410.29998779296875,398.6000061035156,403.8999938964844,318317
2026-05-21,407.0,409.0,399.70001220703125,402.29998779296875,160188
2026-05-22,402.29998779296875,403.95001220703125,395.20001220703125,396.45001220703125,290984
2026-05-25,399.0,407.6499938964844,399.0,405.3500061035156,197627
2026-05-26,410.1000061035156,415.75,404.1000061035156,410.45001220703125,300355
2026-05-27,410.0,411.1499938964844,404.0,404.70001220703125,166028
2026-05-29,406.8999938964844,411.0,388.5,392.1000061035156,452284
2026-06-01,393.95001220703125,396.0,379.0,381.54998779296875,591635
2026-06-02,380.0,397.79998779296875,377.0,391.6000061035156,362409
2026-06-03,390.79998779296875,390.79998779296875,377.0,380.95001220703125,552694
2026-06-04,378.0,388.75,378.0,385.3500061035156,223219
2026-06-05,385.3500061035156,391.6499938964844,381.54998779296875,384.8500061035156,307421
2026-06-08,378.6000061035156,383.20001220703125,370.3500061035156,372.8500061035156,453402
2026-06-09,372.8500061035156,379.8500061035156,372.04998779296875,375.95001220703125,237265
2026-06-10,375.0,382.8999938964844,365.1000061035156,367.8999938964844,298476
2026-06-11,367.29998779296875,375.75,364.04998779296875,374.1499938964844,362767
2026-06-12,375.5,382.5,371.0,380.8999938964844,584802
2026-06-15,391.6000061035156,396.0,379.0,381.29998779296875,2709084
2026-06-16,382.6000061035156,393.6000061035156,378.0,381.5,1564216
2026-06-17,383.54998779296875,384.3500061035156,378.3999938964844,382.0,599960
2026-06-18,385.79998779296875,391.3500061035156,383.0,386.45001220703125,604160
2026-06-19,385.25,388.8500061035156,380.3999938964844,383.0,465674
2026-06-22,383.0,388.0,382.1000061035156,386.6499938964844,565780
2026-06-23,385.25,387.70001220703125,375.8500061035156,379.1000061035156,576472
2026-06-24,376.6000061035156,391.54998779296875,373.29998779296875,387.29998779296875,594493
2026-06-25,387.0,392.0,383.0,385.54998779296875,822806
2026-06-29,385.0,385.6499938964844,373.25,374.95001220703125,665491
2026-06-30,376.75,377.0,366.25,367.0,391347
2026-07-01,367.0,377.0,367.0,375.1499938964844,418503
2026-07-02,378.1000061035156,383.8500061035156,376.3999938964844,379.6499938964844,413226
2026-07-03,381.6499938964844,382.70001220703125,377.70001220703125,379.1499938964844,289966
2026-07-06,379.1000061035156,381.25,376.1000061035156,379.1000061035156,271185
2026-07-07,377.95001220703125,383.6000061035156,373.0,381.5,571280
2026-07-08,378.04998779296875,391.5,375.04998779296875,380.29998779296875,940397
2026-07-09,378.54998779296875,390.8999938964844,378.54998779296875,388.3999938964844,556292
2026-07-10,393.79998779296875,393.79998779296875,387.1000061035156,389.1000061035156,402184
2026-07-13,386.1499938964844,388.6000061035156,382.3999938964844,384.8500061035156,211809
2026-07-14,381.8999938964844,384.1000061035156,376.29998779296875,380.6499938964844,440266
2026-07-15,380.04998779296875,389.8500061035156,377.0,386.6499938964844,915697
2026-07-16,385.0,391.8500061035156,376.6499938964844,382.70001220703125,915564
2026-07-17,382.3999938964844,385.3999938964844,378.1000061035156,382.95001220703125,298024
2026-07-20,382.95001220703125,386.45001220703125,381.0,385.3500061035156,284642
2026-07-21,384.0,388.0,378.5,380.0,257176
2026-07-22,380.3500061035156,380.95001220703125,375.3500061035156,378.6499938964844,270548
2026-07-23,376.25,378.3999938964844,370.75,373.25,282196
2026-07-24,370.20001220703125,377.04998779296875,369.3999938964844,375.6000061035156,220480
2026-07-27,377.70001220703125,380.0,375.1499938964844,376.3999938964844,314585
2026-07-28,378.20001220703125,378.25,368.0,370.1499938964844,219952
2026-07-29,370.54998779296875,382.0,370.54998779296875,378.6000061035156,335413
2026-07-30,377.75,403.3999938964844,375.0,397.1000061035156,7673606
2026-07-31,401.29998779296875,416.79998779296875,398.79998779296875,410.3500061035156,2405046
2026-08-03,414.5,417.0,408.70001220703125,415.29998779296875,748298
2026-08-04,415.0,427.70001220703125,413.75,417.3999938964844,723566
2026-08-05,417.0,424.0,415.29998779296875,417.1499938964844,351962
2026-08-06,416.0,422.29998779296875,413.1000061035156,419.3999938964844,255995
2026-08-07,418.8999938964844,432.1499938964844,415.5,427.54998779296875,643817
2026-08-10,431.04998779296875,431.3999938964844,420.25,422.75,246076
2026-08-12,419.3500061035156,430.45001220703125,417.0,428.54998779296875,255241
