Date,Open,High,Low,Close,Volume
2018-06-13,49.67598583701708,50.801697323385206,49.67598583701708,49.78855514526367,24000
2018-06-14,48.727175683936785,49.852883559414884,47.61754545842596,48.035667419433594,55200
2018-06-15,47.92309211903643,48.16431574943689,45.52694082578706,45.54302215576172,40800
2018-06-18,47.6014525540804,51.075074362783916,47.27982233654073,47.778350830078125,129600
2018-06-19,50.01369855345138,50.592637479634675,47.76227921148659,49.885047912597656,220800
2018-06-20,50.52830464916001,51.15548751813265,49.85287779352337,50.013694763183594,79200
2018-06-21,50.801695928658226,51.396712474615306,50.01369606944433,50.36749267578125,40800
2018-06-22,50.17451120537018,52.36160503816764,49.852877269431005,51.62185287475586,163200
2018-06-25,52.02389230577644,52.02389230577644,50.67304222373187,51.26805877685547,307200
2018-06-26,51.01075702841944,51.01075702841944,48.405540996906765,49.64382553100586,55200
2018-06-27,51.461038691706506,51.461038691706506,47.93917598074328,48.42162322998047,108000
2018-06-28,49.20961100260723,50.07801737496515,48.63067587488847,48.8397331237793,14400
2018-06-29,48.6628465872039,49.83680204466773,48.6628465872039,48.759334564208984,19200
2018-07-02,48.88798388522061,48.88798388522061,47.92308941800205,48.40553665161133,201600
2018-07-03,48.887982513883166,48.887982513883166,47.92308807373047,47.92308807373047,4800
2018-07-04,48.807579339242444,50.11018913448492,48.59851837158203,48.59851837158203,31200
2018-07-05,48.244722635577,48.56635289288744,47.617539769002406,47.971336364746094,45600
2018-07-06,48.03566580480423,48.0839097954264,47.76227951049805,47.76227951049805,16800
2018-07-10,47.92308807373047,47.92308807373047,47.92308807373047,47.92308807373047,256800
2018-07-11,47.9230905881337,47.9230905881337,47.2798300481351,47.907012939453125,772800
2018-07-12,47.11901535924238,52.1043050304397,47.11901535924238,51.123329162597656,93600
2018-07-13,49.85288079855973,51.94348680703938,49.59557952084214,51.493202209472656,122400
2018-07-16,49.62773996261554,50.769529054580886,49.62773996261554,49.85287857055664,28800
2018-07-17,51.41279595247908,51.41279595247908,49.965454169591226,50.689125061035156,4800
2018-07-18,49.85287857055664,50.17451251489024,49.85287857055664,49.85287857055664,93600
2018-07-19,49.85287380387831,51.461032329441466,49.85287380387831,51.28413772583008,64800
2018-07-20,50.206679113819,51.396715967384914,50.206679113819,51.30022430419922,9600
2018-07-23,51.78266815838913,53.37474552840686,50.81777367493119,51.091163635253906,79200
2018-07-24,50.81776910366459,52.10429741973358,50.81776910366459,51.84699249267578,292800
2018-07-25,51.78267075640499,51.78267075640499,51.139410189013226,51.33238983154297,350400
2018-07-26,51.4610340888827,51.4610340888827,51.13940384508558,51.219810485839844,16800
2018-07-27,51.1233285175016,51.13940984753999,50.1745153221147,50.94643020629883,12000
2018-07-30,52.82797593364025,52.95662657557072,50.91426818868009,51.123329162597656,412800
2018-07-31,51.84699708942279,57.2504047174818,51.54144447081765,55.256290435791016,842400
2018-08-01,56.28551026530166,60.0968442082172,54.99898551526322,58.95505142211914,2292000
2018-08-02,60.788354361567514,63.03977734733106,58.24746375785735,61.99447250366211,386400
2018-08-03,62.33218825383435,63.0397815370568,60.88484638712816,61.19039535522461,93600
2018-08-06,61.49594830291811,62.07488726088215,60.209423419854794,60.852684020996094,48000
2018-08-07,61.1099853515625,62.07488355726652,58.858566020334464,61.1099853515625,74400
2018-08-08,61.109980760493286,61.70500096924306,60.466716565277906,61.27079772949219,16800
2018-08-09,61.495936695762715,61.495936695762715,60.6918592557127,60.724021911621094,9600
2018-08-10,60.72402862458441,60.72402862458441,58.53693097323228,59.56615447998047,48000
2018-08-13,58.5369274211555,62.65381383677077,58.5369274211555,61.6085090637207,117600
2018-08-14,61.10998869330222,71.24138543980513,60.82052105615202,69.48848724365234,609600
2018-08-16,72.2384345336511,72.2384345336511,65.80579983337341,66.12743377685547,256800
2018-08-17,67.4782956201525,67.4782956201525,65.7897300965457,67.1084213256836,21600
2018-08-20,64.96957147780893,68.18588186831686,63.361408920993455,66.89936065673828,81600
2018-08-21,65.64499605371225,74.29688486906213,64.96957277225452,72.10978698730469,228000
2018-08-23,70.75893072424854,77.83481864358095,70.75893072424854,76.41963958740234,273600
2018-08-24,77.19155365566037,77.19155365566037,75.58339874168752,76.7091064453125,50400
2018-08-27,77.51318639176331,81.0511300927523,76.29098337560487,77.0789794921875,60000
2018-08-28,78.78363699492412,78.78363699492412,76.38747840599675,78.22077941894531,74400
2018-08-29,79.70029255945477,79.73245522204628,76.22667346863922,76.86993408203125,45600
2018-08-30,75.58339734978485,75.58339734978485,73.0425033569336,73.0425033569336,19200
2018-08-31,71.43434812182421,73.97523474063932,71.43434812182421,72.9942626953125,28800
2018-09-03,72.6887146120565,72.6887146120565,72.36708068847656,72.36708068847656,4800
2018-09-04,70.75893455007532,71.91680503975272,69.15077209472656,69.15077209472656,26400
2018-09-05,75.583394353551,75.583394353551,69.15076034799785,70.42120361328125,31200
2018-09-06,72.36708910275931,73.97524418452252,70.7589340209961,70.7589340209961,62400
2018-09-07,73.31589510245564,73.31589510245564,71.40219116210938,71.40219116210938,4800
2018-09-10,71.38610388492167,71.38610388492167,69.15076606999448,69.29550170898438,38400
2018-09-11,69.47240455863403,75.10095830774735,69.47240455863403,70.19607543945312,132000
2018-09-12,71.38610857931442,74.61851107026546,71.08055963333177,73.29981994628906,64800
2018-09-14,73.65362023442484,76.38748323560317,73.65362023442484,76.27491760253906,52800
2018-09-17,77.19155682558662,77.83481734527966,74.15213780326704,74.6185073852539,62400
2018-09-18,73.01034454997962,80.72950018034084,73.01034454997962,75.29393005371094,240000
2018-09-19,73.68577770910115,75.90503061493872,73.65361505026644,73.87875366210938,28800
2018-09-21,74.92406105670233,74.94013870589265,64.68009559173991,70.7589340209961,108000
2018-09-24,72.36708141353347,72.36708141353347,66.12743034755145,66.51338958740234,21600
2018-09-25,66.51339424370406,69.15076907112208,65.29119112554204,68.13763427734375,38400
2018-09-27,66.60987076927843,66.60987076927843,64.00465904849227,64.02073669433594,177600
2018-09-28,59.9038667625821,66.06311181987212,58.21530135616641,61.656761169433594,168000
2018-10-01,61.109974431579346,63.522213993616006,57.41121397391218,62.55731964111328,165600
2018-10-03,62.10704621732657,62.36434749780697,59.501826583096474,61.1099853515625,67200
2018-10-04,59.01937403679507,60.3059024087008,57.41121909308317,59.05154037475586,40800
2018-10-05,58.472604351296035,58.53692966879048,56.687551025362716,56.70363235473633,19200
2018-10-08,60.949164693506695,60.949164693506695,57.5720340600118,58.85856246948242,72000
2018-10-09,59.1801872253418,59.501817457394864,59.1801872253418,59.1801872253418,21600
2018-10-10,61.721080879148005,63.36139846595028,60.82051176270587,62.31610107421875,48000
2018-10-11,60.45063426770107,64.00466287568054,60.45063426770107,61.43160629272461,74400
2018-10-12,63.329236398699734,64.64792742873684,63.329236398699734,63.68303298950195,19200
2018-10-16,63.3613937467621,66.25607682191712,63.3613937467621,64.0046615600586,28800
2018-10-17,65.87012973992907,66.81894662661735,59.85562390014858,60.09684753417969,31200
2018-10-19,60.466712635658425,63.023684240744984,60.466712635658425,60.547122955322266,24000
2018-10-22,60.46671636940773,62.07487869262695,60.46671636940773,62.07487869262695,9600
2018-10-23,58.90680991307805,62.042720794677734,58.90680991307805,62.042720794677734,60000
2018-10-24,60.94916177015194,60.94916177015194,60.145084313384636,60.6114501953125,21600
2018-10-25,58.536926649828416,62.364341735839844,58.536926649828416,62.364341735839844,7200
2018-10-29,63.3453369140625,63.3453369140625,63.3453369140625,63.3453369140625,2400
2018-10-30,60.177247712852,63.039772033691406,60.177247712852,63.039772033691406,7200
2018-10-31,63.34532248518731,63.34532248518731,60.46671676635742,60.46671676635742,28800
2018-11-01,61.576348755049835,65.29119105112437,61.190389488619594,61.46377944946289,84000
2018-11-02,63.03977381829978,64.9052300602898,62.71813987789298,64.16548156738281,31200
2018-11-06,64.229805523527,64.32629349513842,63.68303298950195,63.68303298950195,9600
2018-11-07,64.00466827795967,64.32629485680596,64.00466827795967,64.16548156738281,4800
2018-11-09,66.62596913050177,72.36708854367566,65.4520136478003,71.43435668945312,81600
2018-11-12,70.74284180480434,73.65361008319265,70.11565895748264,71.2735366821289,144000
2018-11-13,62.42867402457166,71.7238301928065,62.42867402457166,70.6946029663086,72000
2018-11-14,71.69165998152707,72.2545101649578,70.79109085416546,71.88463592529297,141600
2018-11-15,72.04544605817127,72.20626669916373,70.59810445859934,72.06153106689453,36000
2018-11-16,70.75892788154144,70.75892788154144,69.31158622506601,69.9709243774414,14400
2018-11-19,68.18586443621538,68.98994550905525,67.31745805539788,68.15370178222656,9600
2018-11-20,68.82913970947266,70.75892860449002,68.82913970947266,68.82913970947266,28800
2018-11-21,70.75893310130793,72.94602339515434,69.47240463568241,70.91974639892578,79200
2018-11-22,70.75892596309805,70.75892596309805,70.09958046703873,70.24431610107422,290400
2018-11-26,72.30276445261093,72.30276445261093,70.11566674851794,70.59811401367188,60000
2018-11-27,71.080557896523,72.20627303602343,70.83933427542443,71.7077407836914,120000
2018-11-28,71.40219047317294,71.69166175755326,71.08055653070151,71.09664154052734,50400
2018-11-29,70.7910884498991,72.62438193809241,70.7910884498991,72.36708068847656,14400
2018-11-30,72.36708068847656,73.29981244145426,72.04544676489662,72.36708068847656,40800
2018-12-03,73.9109125745827,77.48102641676056,73.36414004054652,76.13017272949219,76800
2018-12-04,78.41375285304024,79.44297999472245,75.16528022251887,76.32315063476562,96000
2018-12-05,75.58341437723212,77.77050492374234,75.58341437723212,77.48104095458984,76800
2018-12-06,77.48102492649319,78.15644807635613,74.97229354343605,76.7091064453125,36000
2018-12-07,75.64772289221418,77.09506450101333,75.64772289221418,77.0789794921875,9600
2018-12-10,69.55281629541867,77.19156218254612,69.55281629541867,75.35826110839844,31200
2018-12-12,77.11114780072378,79.82893292825923,77.11114780072378,78.79971313476562,52800
2018-12-13,78.8801110215375,80.40786282239293,78.8801110215375,79.76459503173828,26400
2018-12-14,80.40787506103516,80.40787506103516,80.40787506103516,80.40787506103516,4800
2018-12-17,80.08624687305,81.05114141368917,80.08624687305,80.72950744628906,31200
2018-12-18,80.40787657587093,81.99994659423828,79.28216143045553,81.99994659423828,33600
2018-12-19,82.33766918964211,85.87561335334183,82.33766918964211,83.99407196044922,57600
2018-12-20,85.87560894851637,85.87560894851637,82.17684431148702,82.4180679321289,7200
2018-12-21,80.63301982145624,82.98093086227927,80.63301982145624,81.2441177368164,24000
2018-12-24,81.05113558803907,81.05113558803907,78.15645217418053,80.40787506103516,14400
2018-12-26,78.4780861184628,80.40787506103516,78.4780861184628,80.40787506103516,110400
2018-12-27,82.01603595432832,82.01603595432832,80.4078808404501,80.72950744628906,504000
2018-12-28,80.37571240276299,80.40787506103516,80.37571240276299,80.40787506103516,14400
2018-12-31,80.40787737706329,80.40787737706329,78.47808837890625,78.47808837890625,9600
2019-01-03,78.15645260422228,78.79971313476562,76.2266636510316,78.79971313476562,9600
2019-01-07,77.19156646728516,77.19156646728516,77.19156646728516,77.19156646728516,2400
2019-01-08,77.19155812762695,80.40787550346495,77.19155812762695,78.79971313476562,45600
2019-01-09,76.54830745611604,77.19156806950807,76.54830745611604,76.86993408203125,7200
2019-01-10,77.19156646728516,77.19156646728516,77.19156646728516,77.19156646728516,7200
2019-01-11,78.4780915414137,78.4780915414137,76.22666849898246,77.83482360839844,7200
2019-01-14,77.83482360839844,77.83482360839844,77.83482360839844,77.83482360839844,2400
2019-01-16,78.73538208007812,78.73538208007812,75.59947525967043,78.73538208007812,7200
2019-01-21,77.19155812762695,78.79971313476562,75.6155657789374,78.79971313476562,16800
2019-01-22,77.83482360839844,77.83482360839844,77.83482360839844,77.83482360839844,2400
2019-01-23,69.42415306900673,79.1695929504396,69.42415306900673,77.67400360107422,26400
2019-01-24,77.19156360067095,79.42690164839888,75.98544541941045,77.1594009399414,28800
2019-01-25,74.97230754288508,85.3127618396337,74.97230754288508,76.86993408203125,26400
2019-01-28,77.19155215274493,78.4780804758107,75.61555992604241,75.63163757324219,28800
2019-01-29,78.15646165435669,78.15646165435669,73.54104969763766,76.51614379882812,31200
2019-01-30,73.73401134429777,77.1272267560087,73.73401134429777,75.37433624267578,16800
2019-01-31,75.58339350564023,78.89619107384908,75.58339350564023,75.76028442382812,12000
2019-02-01,80.02191644399451,81.30843750835255,79.12134728200748,80.24705505371094,16800
2019-02-04,82.98092453061143,82.98092453061143,80.40787506103516,80.40787506103516,26400
2019-02-05,80.44004519673942,81.93562734932085,77.1915648783588,77.51319885253906,31200
2019-02-06,74.94013518344474,76.86992413547817,69.15076832734445,71.65949249267578,122400
2019-02-07,81.05113979509042,81.05113979509042,70.7589340209961,70.7589340209961,24000
2019-02-08,64.74441629430932,73.65361233242429,64.74441629430932,71.00015258789062,14400
2019-02-11,72.36708068847656,72.36708068847656,72.36708068847656,72.36708068847656,2400
2019-02-12,72.04545106303098,73.86267437387657,71.11271925440775,71.35394287109375,24000
2019-02-15,73.33198011243665,73.33198011243665,71.40219116210938,71.40219116210938,7200
2019-02-18,73.97524874396113,77.19156646728516,73.01035416312007,77.19156646728516,48000
2019-02-19,73.33197509765625,73.33197509765625,72.36708068847656,72.36708068847656,4800
2019-02-22,73.92700573990096,73.94308338949678,73.33198547363281,73.33198547363281,7200
2019-02-25,72.10978599058554,72.39925731381578,71.72383404169392,71.75599670410156,9600
2019-02-26,76.54830307983885,76.83776702661386,73.33198547363281,73.33198547363281,14400
2019-02-27,73.95916234823886,73.97523999651895,70.75893001507937,71.35394287109375,40800
2019-03-01,72.36708068847656,72.36708068847656,72.36708068847656,72.36708068847656,2400
2019-03-05,73.975235583256,73.975235583256,72.04544676489662,72.36708068847656,12000
2019-03-06,74.6185020592389,78.47807962503471,74.6185020592389,76.25881958007812,136800
2019-03-07,75.59946661454303,78.44590920449993,75.59946661454303,78.38157653808594,28800
2019-03-08,85.2162656549243,85.2162656549243,77.83482119598487,79.04093933105469,9600
2019-03-11,79.90934325516238,80.40787550346495,78.79971313476562,78.79971313476562,26400
2019-03-12,78.83187599366855,81.2119495327598,78.83187599366855,80.24705505371094,36000
2019-03-13,77.19156421742316,77.44886550531525,76.22666966470537,76.74127960205078,12000
2019-03-14,77.83482360839844,78.79971814636023,77.83482360839844,77.83482360839844,28800
2019-03-15,77.19156646728516,77.19156646728516,77.19156646728516,77.19156646728516,2400
2019-03-18,76.33923388303214,79.73244207717613,76.33923388303214,77.11114501953125,62400
2019-03-19,78.46199845721937,79.44297790527344,77.38453103760925,79.44297790527344,26400
2019-03-22,79.28215662483541,81.05113220214844,79.28215662483541,81.05113220214844,4800
2019-03-25,78.47808655027427,79.92542826516728,77.59359503902145,78.79971313476562,43200
2019-03-26,78.83187284933607,78.86403550658413,78.51024627685547,78.51024627685547,21600
2019-03-27,78.7997156494456,78.7997156494456,78.78363800048828,78.78363800048828,9600
2019-03-28,80.0540771484375,80.0540771484375,80.0540771484375,80.0540771484375,2400
2019-04-01,79.1213522333079,80.39179572868335,79.1213522333079,79.74853515625,7200
2019-04-02,77.25588142946545,80.407873406192,77.25588142946545,79.79676818847656,52800
2019-04-03,78.20470428466797,78.20470428466797,78.20470428466797,78.20470428466797,4800
2019-04-04,79.44298145642207,79.44298145642207,77.28804652087496,77.40061950683594,55200
2019-04-05,76.40356664283715,76.40356664283715,75.58340775970292,75.66381072998047,7200
2019-04-08,75.51907234386557,75.58340502394461,73.9752426147461,73.9752426147461,19200
2019-04-09,73.94307703914598,73.97523969713657,70.75892972871358,71.56300354003906,52800
2019-04-10,78.47809105340232,78.47809105340232,70.75893479770902,72.04545593261719,36000
2019-04-11,70.75893479770902,72.04545593261719,70.72677213741436,72.04545593261719,45600
2019-04-12,72.67263832311887,73.65361785888672,72.56006533212431,73.65361785888672,19200
2019-04-16,73.65361247545572,73.65361247545572,71.08055568926481,73.63752746582031,12000
2019-04-18,74.29687163707001,74.94013214111328,74.29687163707001,74.94013214111328,12000
2019-04-22,71.11272806833206,74.61851713049762,70.72677612304688,70.72677612304688,91200
2019-04-23,68.57183684988787,70.72677188989323,68.57183684988787,69.15077209472656,26400
2019-04-24,68.89346875855666,68.89346875855666,67.51045232729136,67.76775360107422,33600
2019-04-25,67.54261863363801,68.8291471567039,65.93446350097656,65.93446350097656,12000
2019-04-26,66.25609011057212,66.25609011057212,65.93446350097656,65.93446350097656,48000
2019-04-30,66.57771761252951,69.3919906616211,66.57771761252951,69.3919906616211,91200
2019-05-02,72.04545514178227,72.04545514178227,70.11566609904202,70.7589340209961,28800
2019-05-03,70.43729840254683,72.52790069580078,70.43729840254683,72.52790069580078,7200
2019-05-06,71.09663655477006,72.9942626953125,71.09663655477006,72.9942626953125,9600
2019-05-07,72.78521410884856,73.87875931603884,72.36709215043787,72.96211242675781,40800
2019-05-08,72.04544766596547,72.3992442501723,71.88463438294427,72.20626831054688,16800
2019-05-09,72.04545414130261,74.52201573021966,72.04545414130261,73.29981994628906,72000
2019-05-10,73.7661816487815,73.9752426147461,73.7661816487815,73.9752426147461,12000
2019-05-13,76.7895179958758,77.1915548904099,71.51476125426043,73.02642822265625,326400
2019-05-14,71.91680297592012,75.84070629801744,71.91680297592012,73.9752426147461,48000
2019-05-15,75.53514718613427,76.66085483178776,75.53514718613427,76.11408233642578,12000
2019-05-16,75.69596276896283,77.1593893783402,75.69596276896283,76.56436920166016,45600
2019-05-17,77.44885582399364,77.48102584252004,76.54829406738281,76.54829406738281,21600
2019-05-20,79.21783480428161,79.70028204104527,78.38159096414176,79.47514343261719,50400
2019-05-21,78.1886250024358,78.26903533935547,78.1886250024358,78.26903533935547,4800
2019-05-22,78.51024920872341,79.41081836842048,78.47808655027427,78.79971313476562,16800
2019-05-23,78.55849134612225,78.55849134612225,78.47808837890625,78.47808837890625,7200
2019-05-27,83.62417932853361,84.89462264714777,82.01602444041801,84.17095184326172,62400
2019-05-28,85.50573752541966,88.06270209966753,85.50573752541966,87.67675018310547,33600
2019-05-29,88.11094939240164,88.12703440296991,87.16213989257812,87.16213989257812,9600
2019-05-30,87.78930870155193,90.57142639160156,86.84049927450312,90.57142639160156,57600
2019-05-31,90.05682535787513,90.7965739055637,87.48376836719572,89.99249267578125,31200
2019-06-03,90.08898230457825,93.59476358220338,90.08898230457825,92.30823516845703,45600
2019-06-04,93.85206328943856,95.20291699720487,92.8228435201577,94.54357147216797,60000
2019-06-06,97.13270612988049,97.13270612988049,93.91639618382145,94.07720947265625,21600
2019-06-07,91.71321043042515,95.50845514047327,91.66496276855469,91.66496276855469,26400
2019-06-10,89.09193420410156,89.09193420410156,89.09193420410156,89.09193420410156,2400
2019-06-11,86.87266205739381,91.29509735107422,86.87266205739381,91.29509735107422,9600
2019-06-12,91.34333737318055,91.66497130529818,91.34333737318055,91.50415802001953,7200
2019-06-13,93.5947654405403,93.5947654405403,91.66497646238484,91.98661041259766,21600
2019-06-14,94.23800836447127,94.23800836447127,93.9163818359375,93.9163818359375,4800
2019-06-17,91.68105543468083,92.66203494813442,91.66497778579648,92.13134002685547,24000
2019-06-18,90.05682121613283,90.0728988647461,90.05682121613283,90.0728988647461,4800
2019-06-19,90.05681168564568,91.53631591796875,88.77028338562391,91.53631591796875,36000
2019-06-20,92.30823597418696,99.67360255734118,92.30823597418696,98.09760284423828,93600
2019-06-21,95.36373944864725,95.60496306667794,93.75557708740234,93.75557708740234,21600
2019-06-24,94.55966065155522,96.07132771444341,94.55966065155522,94.92953491210938,72000
2019-06-25,96.81107899110144,97.13270556690692,95.52455060319815,96.4090347290039,21600
2019-06-26,96.16782220231485,96.48945617675781,95.23509030183544,96.48945617675781,7200
2019-06-27,96.48944316355227,96.48944316355227,96.16780923248699,96.47335815429688,12000
2019-06-28,94.59181355531103,95.36373201748212,94.59181355531103,95.20291137695312,9600
2019-07-01,96.48945014348823,96.81108409782014,96.45728748421112,96.63418579101562,40800
2019-07-02,97.45433807373047,97.45433807373047,97.45433807373047,97.45433807373047,2400
2019-07-03,97.45433807373047,97.45433807373047,97.45433807373047,97.45433807373047,7200
2019-07-04,93.59477249145507,96.48945617675781,93.59477249145507,96.48945617675781,21600
2019-07-05,97.13271387795785,97.13271387795785,96.00700604319785,96.45729064941406,36000
2019-07-08,95.8461955894332,98.74087927473593,95.8461955894332,96.48945617675781,60000
2019-07-09,106.13838507071402,106.13838507071402,105.4147142634137,105.72830200195312,14400
2019-07-10,105.07701497130041,105.2699909311737,101.36217253203222,101.86873626708984,24000
2019-07-11,100.34903020367973,100.42139434814453,100.34903020367973,100.42139434814453,4800
2019-07-12,101.55514223435345,101.55514223435345,97.96091183186303,98.41923522949219,12000
2019-07-15,87.32295783996582,96.48945617675781,87.32295783996582,96.48945617675781,4800
2019-07-16,97.93678529191725,97.93678529191725,97.45433807373047,97.45433807373047,7200
2019-07-18,97.45433807373047,97.45433807373047,96.97189085554368,97.45433807373047,7200
2019-07-19,98.90168762207031,98.90168762207031,98.90168762207031,98.90168762207031,2400
2019-08-01,78.15644714355469,86.69576119248289,78.15644714355469,84.42826080322266,2404
2019-08-02,79.12135174083737,91.66498067536035,79.12135174083737,85.44141387939453,18556
2019-08-05,79.12134079031986,94.07720398849008,79.12134079031986,87.9018783569336,25686
2019-08-06,87.90189002332835,91.15840905513721,87.90189002332835,90.43473815917969,37146
2019-08-07,94.07722874691612,94.07722874691612,89.2527554778435,89.37336730957031,26432
2019-08-08,84.13878809739458,94.0530794545316,84.13878809739458,89.25273132324219,3232
2019-08-09,87.32295773103515,89.3009945248157,87.08173409089417,88.5531997680664,5264
2019-08-13,89.73518522935636,89.73518522935636,84.45238950671443,87.03347778320312,4746
2019-08-14,89.25273673244254,91.71322052752866,89.22861289885142,91.18252563476562,8990
2019-08-16,92.87109655066382,96.51357479678126,92.55750877966256,95.28333282470703,34284
2019-08-19,100.759112578257,100.759112578257,91.71322650868261,93.18468475341797,8092
2019-08-20,92.48513022509437,94.07720751692361,89.30098300299623,90.33824157714844,7314
2019-08-21,96.17586528155226,96.17586528155226,88.5290731819727,89.73519134521484,8680
2019-08-22,91.66497682368468,91.66497682368468,86.88875202854857,87.2505874633789,4870
2019-08-23,86.8405050203945,87.32295227050781,86.8405050203945,87.32295227050781,500
2019-08-26,87.32294593547952,90.70007644127155,87.32294593547952,87.44355773925781,2302
2019-08-27,90.70008606773801,91.80971625258107,87.34707903914183,88.31197357177734,2646
2019-08-28,88.31196012351306,90.65182459189982,88.28783629155858,90.60358428955078,182
2019-08-29,91.08862032638773,91.08862032638773,88.76047523351161,89.43951416015625,1468
2019-08-30,92.10719099913383,92.10719099913383,90.2155770219646,90.91886901855469,1810
2019-09-03,88.32396593271004,95.06587997020914,88.27545997233706,93.48953247070312,6954
2019-09-04,93.48951362190337,93.48951362190337,90.21556178300403,90.23981475830078,1584
2019-09-05,90.33683406256641,94.48384188496148,90.21557656718042,93.61078643798828,10292
2019-09-06,92.15568515889852,94.53232881576662,88.93023913872477,92.37394714355469,13020
2019-09-09,93.85329015631424,93.85329015631424,89.73053580836246,92.15568542480469,646
2019-09-11,96.0359306331158,96.0359306331158,89.75479422594182,91.64640808105469,4490
2019-09-12,90.70060557239461,94.07156242764519,89.97306060791016,89.97306060791016,2290
2019-09-13,90.70060615129368,92.446717037589,89.75479917162129,90.215576171875,5830
2019-09-16,94.48384387865974,94.48384387865974,89.07575502974647,90.50659942626953,10192
2019-09-17,89.7790483798441,90.74910829793656,88.78473548360537,88.97874450683594,5228
2019-09-18,89.7062779612326,90.33681830746507,89.24550103932118,89.31825256347656,8752
2019-09-19,89.6335411046781,92.1556955013635,89.4880306315872,89.97306060791016,33136
2019-09-20,92.88323622483473,101.29850889018809,90.99162236393359,91.42814636230469,6832
2019-09-23,99.43114330255635,99.43114330255635,89.26976696719642,96.90898895263672,51160
2019-09-24,102.82634932314323,102.82634932314323,95.09012310661956,95.45389556884766,10628
2019-09-25,97.00597960042113,97.00597960042113,92.51945304390165,96.27843475341797,23396
2019-09-26,97.00598366261592,101.75927834227794,91.33113509854672,91.452392578125,16826
2019-09-27,96.78772854983265,96.78772854983265,91.28263562582461,94.79910278320312,7902
2019-09-30,94.58083387842368,95.30837875441155,91.69490735053228,92.34969329833984,3352
2019-10-01,95.30837656455846,95.30837656455846,90.21556254965839,92.05867767333984,3358
2019-10-03,94.55657941666124,94.55657941666124,89.1969974342348,89.6092758178711,4038
2019-10-04,93.12574370796145,93.12574370796145,87.32963770216497,87.83892059326172,4466
2019-10-07,88.12993882403244,93.56227268455034,86.82035946316189,87.30538940429688,8190
2019-10-09,87.3296430428621,91.64640659126485,87.3296430428621,89.80329132080078,1878
2019-10-10,91.67065955993326,91.67065955993326,85.46227478679148,90.70059967041016,7420
2019-10-11,90.16706784318244,90.16706784318244,86.33533406689368,90.142822265625,1940
2019-10-14,88.27544296450984,91.91316726249788,85.80178748149035,89.36676025390625,3662
2019-10-15,88.51796019924143,91.18562475319118,88.2996982159303,88.7604751586914,2488
2019-10-16,90.99161653825311,91.5979039421568,88.27544600837689,91.25837707519531,8700
2019-10-17,91.18562754161005,91.18562754161005,89.24550780668217,90.19131469726562,4120
2019-10-18,89.73053687628364,91.57365208690928,87.30538723097867,90.16706085205078,6518
2019-10-22,87.35389517595668,93.61077844311377,87.35389517595668,91.57365417480469,1488
2019-10-23,89.24550515282041,92.15568466867326,87.83892134721258,89.43951416015625,7584
2019-10-24,92.34970857384702,92.93175049168786,88.27545955478364,88.73623657226562,23528
2019-10-25,92.83472777284786,92.83472777284786,84.97724420665504,87.30538940429688,14762
2019-10-27,92.13143322987484,93.92604248106953,89.73053656942729,90.60359191894531,9788
2019-10-29,95.50238840720469,95.50238840720469,84.41945916190768,85.17125701904297,56732
2019-10-30,88.49371652525885,89.12425696630288,80.15120252343701,81.14551544189453,20038
2019-10-31,80.24819534100877,82.84310826206986,77.67753539510103,80.12693786621094,35630
2019-11-01,82.8431158163815,86.4323344373039,76.87724603211787,80.5634765625,28102
2019-11-04,80.53922290997608,89.58502831854604,80.53922290997608,86.84461212158203,18050
2019-11-05,89.1727666175561,89.22126517597157,84.9045012255694,87.11138916015625,16488
2019-11-06,88.46946404584533,88.46946404584533,83.42515529096566,85.21976470947266,14124
2019-11-07,82.94011750719544,86.82035692273675,82.94011750719544,84.07994079589844,11736
2019-11-08,81.99432362369123,87.30540068517884,81.99432362369123,86.28683471679688,3082
2019-11-11,87.03862954665087,89.2212644846325,86.82036753304676,88.44522094726562,31948
2019-11-13,89.65779626678024,92.15569774527727,89.24551781647904,91.8404312133789,92958
2019-11-14,94.8233517602914,110.19879913330078,94.60508977096032,110.19879913330078,387622
2019-11-15,113.9335384828295,119.8266571359918,107.72516070640174,115.0006103515625,275698
2019-11-18,111.5568807956026,118.83232954314188,111.5568807956026,117.28023529052734,29732
2019-11-19,118.34730184972679,120.72394552484587,113.98203251920408,119.14759826660156,65314
2019-11-20,118.34731429185999,118.83234426846597,106.70659485331639,114.78234100341797,21960
2019-11-21,114.4428099621267,119.9964011541709,109.39850167436809,117.81376647949219,26018
2019-11-22,117.28023958690018,123.6826332390823,115.43712435647682,121.23323059082031,57260
2019-11-25,120.28743498607507,123.19761486477043,119.36588098487626,121.79103088378906,81728
2019-11-26,122.71257716574051,123.14910115969717,116.91647075213761,118.6383285522461,15742
2019-11-27,122.22754146300491,122.22754146300491,116.4799338742973,118.25029754638672,10052
2019-11-28,122.10628610992187,122.10628610992187,116.67395231928705,118.75958251953125,9958
2019-11-29,120.77245710112493,120.77245710112493,117.3772474637439,117.95928192138672,7284
2019-12-02,117.86227535879101,121.25748493702778,117.86227535879101,119.24461364746094,22412
2019-12-03,118.34731529677549,120.74821222116768,118.00779579046238,118.4200668334961,4592
2019-12-04,118.83233292861418,120.77245264989767,118.58981796345374,119.85089874267578,4208
2019-12-05,121.20898885926968,121.20898885926968,116.98922951981176,118.85659790039062,14062
2019-12-06,116.91647452764882,121.25749123361837,116.8922215492081,119.65689086914062,55612
2019-12-09,119.65688581147758,119.65688581147758,117.95928100596136,118.1532974243164,13272
2019-12-10,122.03353565109845,123.68263448382834,114.46706563993524,114.51557159423828,7080
2019-12-11,112.04192227247043,117.86228187104032,112.04192227247043,114.03054809570312,3782
2019-12-12,114.03054574523081,116.40718957193658,112.52694991953871,114.63683319091797,4748
2019-12-13,116.38293486428672,120.28742743667932,113.83652763024412,117.74102020263672,28372
2019-12-16,116.89221227215947,119.07484694114169,116.89221227215947,118.25029754638672,4122
2019-12-17,117.86226883644648,118.10478379290008,117.2559814453125,117.2559814453125,5492
2019-12-18,120.28741768619889,120.28741768619889,115.24310958232657,116.33442687988281,9528
2019-12-19,116.33442804624548,116.89220948797887,110.53831464256,115.92214965820312,12400
2019-12-20,116.3829312717925,116.3829312717925,113.49700464248724,115.60688781738281,2264
2019-12-23,115.60688900453871,116.40718544407895,114.46706568667763,115.19461059570312,6026
2019-12-24,114.46706595994425,115.92215578146896,113.98203601943601,114.07904052734375,3182
2019-12-26,116.40719373686974,116.40719373686974,112.52695394564076,115.4371337890625,1106
2019-12-27,116.40717561262797,116.40717561262797,111.58112960388155,114.68531799316406,2162
2019-12-30,118.34730492437005,118.34730492437005,112.52694566579447,116.3101806640625,4772
2019-12-31,116.89221181779254,118.83233151601316,113.9820322704616,115.31586456298828,8562
2020-01-01,111.84790405876083,116.40718240940825,111.84790405876083,113.9820327758789,5844
2020-01-02,111.55687561874966,116.4071745586953,111.55687561874966,115.7766342163086,5174
2020-01-03,116.40718671097814,118.34730648949444,113.03623007599998,117.93502807617188,12658
2020-01-06,120.4814484373575,120.4814484373575,114.46707942780989,114.9278564453125,9402
2020-01-07,120.48144322853828,120.48144322853828,113.98204450240614,114.78234100341797,11578
2020-01-08,112.76945408081146,116.94071426741405,112.76945408081146,116.33442687988281,6616
2020-01-09,116.33442925852917,116.40718078613281,114.07903569021632,116.40718078613281,5270
2020-01-10,113.98203118642171,117.78951901835583,113.98203118642171,116.40718078613281,8250
2020-01-13,118.83232919501386,118.83232919501386,111.79939542632935,116.8194580078125,5512
2020-01-14,120.48143856498169,120.48143856498169,113.98204009042617,115.09761047363281,3986
2020-01-15,114.03054755853407,116.40719142303303,111.60539773722088,112.8907241821289,8380
2020-01-16,111.60538909540789,116.35867645634993,111.55688314234958,113.9820327758789,13550
2020-01-17,114.46706918569711,116.31018449176247,111.07185950646034,111.92066192626953,21722
2020-01-20,115.41287582340964,115.41287582340964,109.90779029804948,110.56257629394531,28710
2020-01-21,110.58683216817829,113.47275898360124,108.67096528405516,111.09611511230469,15726
2020-01-22,112.50270159888368,116.28593689678327,110.10180469476455,114.10330200195312,7668
2020-01-23,116.35869114962831,118.83234704857867,112.62396172258131,113.95779418945312,14958
2020-01-24,113.98203751149097,119.41437143610003,113.49700756463356,118.39581298828125,49856
2020-01-27,120.48143594371963,124.313169566836,118.83233708335884,123.80389404296875,26862
2020-01-28,123.8039047468954,129.988037109375,123.8039047468954,129.988037109375,63306
2020-01-29,133.3832321873389,136.48742081240192,130.95808251120548,135.8568878173828,28954
2020-01-30,140.17364501953125,141.62873476021844,135.8568817492136,140.17364501953125,21388
2020-01-31,145.48474257742495,145.48474257742495,133.16496973877736,134.71707153320312,29592
2020-02-03,145.5089827608471,146.93982701210442,141.16795885437284,146.7215576171875,43702
2020-02-04,151.76588447964565,151.8143904401745,146.72157542540825,150.40780639648438,28522
2020-02-05,143.13234801649097,152.73593556271203,143.13234801649097,149.2437286376953,15834
2020-02-06,145.5089807435661,155.20957945980385,145.5089807435661,154.31227111816406,36246
2020-02-07,155.20958074802564,157.58622449284198,154.2395208683505,157.0526885986328,28876
2020-02-10,157.58623320629079,163.9401287298782,157.14970919668798,158.65330505371094,52028
2020-02-11,159.08982555548954,160.54491542337513,155.2095859077947,159.45359802246094,67722
2020-02-12,163.91587176605364,163.91587176605364,159.0898180122835,161.02993774414062,46134
2020-02-13,161.02994416931404,161.51497412163124,158.60479440772798,159.86587524414062,15018
2020-02-14,158.60479555984185,167.82036472081123,158.60479555984185,163.50360107421875,48982
2020-02-17,162.24251783312903,162.24251783312903,155.33084106445312,155.33084106445312,26008
2020-02-18,155.50060744722649,161.51497596418355,149.87425697577393,154.96707153320312,47462
2020-02-19,155.2095847858212,158.11976450055533,153.2694649759984,158.07125854492188,18090
2020-02-20,156.66468495694548,160.20539792219316,156.66468495694548,160.18115234375,12058
2020-02-24,160.1811417635313,160.1811417635313,155.20958475194553,155.8158721923828,14706
2020-02-25,155.20958056266278,156.90718535006692,152.7844308663712,154.33653259277344,27608
2020-02-26,154.72456122856664,159.57486095360008,152.78444133855328,156.0098876953125,10710
2020-02-27,155.694612399121,158.11976212496404,148.9041931667606,157.99850463867188,33688
2020-02-28,152.83293338011768,157.63472671028953,150.35927778519923,154.23951721191406,15352
2020-03-02,156.17963989354269,161.75748417545492,153.26946026819715,155.6703643798828,16694
2020-03-03,155.67036909247938,158.6047943827608,152.05689002750918,153.56048583984375,12384
2020-03-04,156.15539846734399,156.15539846734399,145.89700317382812,145.89700317382812,27036
2020-03-05,145.96975367776847,151.81435802604724,144.5389095583453,146.77005004882812,29450
2020-03-06,145.50899363544926,145.50899363544926,139.44611890063888,139.83413696289062,43732
2020-03-09,140.65868611739853,140.65868611739853,132.84970092773438,132.84970092773438,28110
2020-03-11,135.3233434655314,138.11226541867407,129.50298460679886,133.35897827148438,19670
2020-03-12,127.77492868072198,127.8968513225929,126.7020034790039,126.7020034790039,9066
2020-03-13,120.38642120361328,130.14023268645602,120.38642120361328,120.38642120361328,42308
2020-03-16,114.3878173828125,121.87386268969303,114.3878173828125,114.3878173828125,22368
2020-03-17,108.6818618774414,111.92500165015394,108.6818618774414,108.6818618774414,49198
2020-03-18,103.43916542800044,103.43916542800044,103.26847076416016,103.26847076416016,7786
2020-03-19,98.12334442138672,98.12334442138672,98.12334442138672,98.12334442138672,1638
2020-03-20,93.63658584364302,93.63658584364302,93.2220458984375,93.2220458984375,34964
2020-03-23,88.56461334228516,88.56461334228516,88.56461334228516,88.56461334228516,1180
2020-03-24,84.15100860595703,84.15100860595703,84.15100860595703,84.15100860595703,1326
2020-03-25,84.15100905226178,88.34514347488984,79.95686718806621,82.6635513305664,229570
2020-03-26,82.66354871230016,86.78453239577983,79.0058695657382,80.76155853271484,244778
2020-03-27,84.49239068889842,84.78500800557356,76.76249222933325,82.444091796875,46806
2020-03-30,85.9554672241211,86.56508046684536,81.6637885070287,85.9554672241211,43788
2020-03-31,90.12521633791441,90.24713897705078,86.83330508123257,90.24713897705078,11630
2020-04-01,94.61196161821694,94.75827026367188,92.70997155200322,94.75827026367188,15638
2020-04-03,99.48888397216797,99.48888397216797,95.58735911051433,99.48888397216797,9766
2020-04-07,104.46330612486688,104.46330612486688,94.92895513217599,100.0497055053711,35002
2020-04-08,101.43963873895562,103.36601500554055,95.0996613177709,95.85558319091797,14584
2020-04-09,97.56249654419193,100.63494851414515,95.09965776504025,100.5617904663086,14818
2020-04-13,98.05019479125984,103.78055923448103,95.53858378312006,96.92850494384766,20064
2020-04-15,100.83001805919807,100.83001805919807,94.90458103863378,96.22134399414062,10950
2020-04-16,95.09966327769546,96.07504443951798,95.09966327769546,95.4654312133789,7552
2020-04-17,95.58735864294034,97.53812106422484,92.6612150110136,93.34397888183594,9396
2020-04-20,96.05064551452446,96.05064551452446,92.66119792099101,93.66096496582031,17438
2020-04-21,92.66120211994105,93.34396589577696,88.97913707370368,89.53998565673828,20446
2020-04-22,92.5880533552001,92.5880533552001,85.07761446397573,87.22345733642578,19056
2020-04-23,90.22275863155241,91.56390774634576,84.61431687878024,90.71044921875,25664
2020-04-24,95.07527038385221,95.24596505145244,90.22275094306563,92.4173583984375,11426
2020-04-27,90.00330253359165,94.53882664298945,90.00330253359165,91.27129364013672,15746
2020-04-28,90.71044381749024,93.85604642929943,89.271758159236,90.53974914550781,5250
2020-04-29,89.24737032718664,94.80703960045007,87.8086846982039,92.70997619628906,12710
2020-04-30,96.5383400275073,96.5383400275073,92.173511222481,92.88066101074219,14776
2020-05-04,88.27199063005119,90.71044340988685,88.24760461393936,88.39391326904297,55920
2020-05-05,92.80752097514493,92.80752097514493,88.41830565522122,89.29615020751953,17674
2020-05-06,91.90528327499328,92.6368191048949,85.34584682185556,88.1012954711914,26910
2020-05-07,87.75991505815263,87.75991505815263,83.71208190917969,83.71208190917969,48962
2020-05-08,86.02861472520664,86.05300074234721,79.54233601046535,79.9081039428711,66772
2020-05-11,81.44432984343254,82.93178765523398,78.42064962498397,78.76203155517578,39822
2020-05-12,78.76203298787125,81.54186795795309,77.05511586429509,79.85933685302734,22718
2020-05-13,82.78547549859138,83.8340072631836,81.12733051236006,83.8340072631836,38062
2020-05-14,83.8340070611931,88.0037629754715,83.8340070611931,87.32099914550781,23250
2020-05-15,89.83260346780608,91.68582916259766,88.05253582505294,91.68582916259766,20408
2020-05-18,95.87996155747402,95.87996155747402,87.10153198242188,87.10153198242188,37246
2020-05-19,87.296609977302,90.22275332849648,82.76108629463708,83.3463134765625,18426
2020-05-20,85.51654841201429,86.17492624726046,83.66332267132277,85.73600769042969,10172
2020-05-21,85.833537604692,88.66214430952373,82.07832182280019,84.61431121826172,19340
2020-05-22,82.07832360532107,85.5653081696127,81.20047909971338,82.2246322631836,28820
2020-05-26,84.71185247120879,84.71185247120879,79.88371869366621,82.3465576171875,17526
2020-05-27,84.34608134390601,84.34608134390601,81.15170666940554,83.78524017333984,14338
2020-05-28,85.17514967286752,85.83353487724594,81.39554799503425,84.56553649902344,21162
2020-05-29,83.687708937814,87.29661635811448,83.3950916046792,85.9554672241211,18656
2020-06-01,88.90598994655076,90.24713897705078,85.85792396814165,90.24713897705078,31902
2020-06-02,94.75828234532035,94.75828234532035,91.66144414768453,94.34374237060547,24932
2020-06-03,98.7329485213043,99.04995183784371,95.97749994172298,98.80610656738281,55082
2020-06-04,103.39040670520127,103.7317886352539,97.75757881384487,103.7317886352539,46844
2020-06-05,116.55804044021606,124.45862579345703,107.97468385794986,124.45862579345703,77636
2020-06-08,134.11491092738976,138.8942727090025,119.97188395686501,122.43472290039062,133850
2020-06-09,122.89801967388813,130.7010685420715,111.24221840366614,113.31490325927734,80516
2020-06-10,113.192976244566,120.43517623041811,105.34115564788826,115.65580749511719,46148
2020-06-11,120.43517455550409,120.43517455550409,108.75498788326097,114.55850219726562,20964
2020-06-12,105.3411618887374,116.07035430333103,105.3411618887374,115.07058715820312,41384
2020-06-15,116.77751242345693,116.77751242345693,111.24222859063786,113.58313751220703,13222
2020-06-16,116.63120479478108,116.63120479478108,111.26660815883925,112.38829803466797,20022
2020-06-17,109.99860859311768,113.60751580303715,109.99860859311768,111.65675354003906,18266
2020-06-18,111.72991357315813,114.11959441112299,111.19345096468393,113.04667663574219,16912
2020-06-19,115.58266943536296,117.53343178870242,110.33999561076315,115.53389739990234,17516
2020-06-22,117.99673369638268,131.7739999474881,114.89990299528556,121.0447998046875,91744
2020-06-23,124.3610985114524,129.2136257595652,122.02018222762915,123.8490219116211,34354
2020-06-24,123.89780477653933,128.01878906970768,119.48420313172716,120.26451110839844,31652
2020-06-25,122.38594552921897,125.58032021125565,116.55804477860234,118.63072967529297,30400
2020-06-26,121.41056694437121,124.26355977972975,118.7526548036101,120.38642120361328,22224
2020-06-29,114.60729464285355,114.63168066194227,110.21807910334,110.65699768066406,102500
2020-06-30,107.29192598279352,107.77961655544259,92.14913221372665,99.781494140625,221686
2020-07-01,102.4150215730638,104.3170118542222,95.09966288927353,100.8056411743164,129938
2020-07-02,100.4886348834019,103.39039203959605,92.70997244232115,102.31747436523438,84098
2020-07-03,103.39039164802553,108.26729691444181,100.95193901481737,107.21876525878906,59222
2020-07-06,111.6811431914743,111.6811431914743,108.2673091201192,108.65746307373047,49320
2020-07-07,109.24268579646862,109.24268579646862,101.9029413562049,107.36507415771484,70014
2020-07-08,109.21830577274024,109.21830577274024,102.68325486547309,104.12194061279297,63508
2020-07-09,106.19461522754717,108.26730002532938,102.41501353747374,105.85323333740234,59304
2020-07-10,106.31655295964893,106.80424356955558,103.8780999101157,105.70693969726562,26520
2020-07-13,107.29192154601031,107.29192154601031,102.92709258961108,104.04878234863281,32602
2020-07-14,107.26753488796108,107.26753488796108,101.4396343090025,101.90293884277344,29228
2020-07-15,101.43964239277317,103.87809533490714,101.43964239277317,102.26871490478516,14142
2020-07-16,103.85370906749333,103.85370906749333,99.48887979988073,100.19602966308594,31556
2020-07-17,102.2931018432702,107.95031569656926,100.46426212020815,104.78032684326172,35548
2020-07-20,106.31654034451955,108.26730255267587,104.78031808222336,105.82884979248047,30946
2020-07-21,109.19392026849461,111.19345466676087,103.48794184627702,104.48770904541016,41034
2020-07-22,105.82885793527781,106.77985309661305,101.97610525435336,106.26777648925781,48618
2020-07-23,107.2675368473818,109.7303756559738,105.51185530182664,108.63307189941406,329630
2020-07-24,109.73036959953048,111.19344119419088,107.29191694176313,109.80352020263672,83894
2020-07-27,110.70575331023738,112.65651548310501,102.90270461876692,111.63236236572266,239456
2020-07-28,113.9245228688663,115.58266787012283,106.53600609070895,108.7306137084961,130800
2020-07-29,110.19369108386763,110.19369108386763,104.51209849304229,105.19486236572266,44986
2020-07-30,105.19485134187522,108.04784406841686,105.19485134187522,106.34092712402344,21140
2020-07-31,104.90224355043173,106.34092922944843,103.00024588122423,104.17070770263672,19480
2020-08-03,107.24316012155433,107.24316012155433,102.41502615106012,106.09709167480469,23956
2020-08-04,105.82885868651717,106.77985385460316,103.39040572139004,104.92662811279297,16948
2020-08-05,106.70670518071209,119.4598114433729,105.36555602552883,114.02206420898438,178214
2020-08-06,115.802128466366,117.04574095229773,105.09732156341734,109.68161010742188,58490
2020-08-07,111.14467819965468,119.36226730098704,108.75499737740597,112.53459930419922,77828
2020-08-10,115.58267116911318,117.99673812926841,111.65676038581495,112.92475891113281,47792
2020-08-11,114.99743744946286,114.99743744946286,111.63236806453962,113.80259704589844,23624
2020-08-12,113.38806074454298,113.38806074454298,109.73038136568675,110.87645721435547,25166
2020-08-13,112.51021069730065,113.4855918172453,110.21806655374422,110.63260650634766,27930
2020-08-14,114.11959842239295,114.11959842239295,109.46215178478941,110.33999633789062,31058
2020-08-17,112.16883056880633,112.16883056880633,108.26730602728263,110.16929626464844,19690
2020-08-18,111.58360046228317,112.65651819487326,107.34069412247803,111.68113708496094,37264
2020-08-19,113.53436867033955,113.53436867033955,110.80329844191115,112.21760559082031,30204
2020-08-20,113.63189931044728,119.41103536359266,110.24245144164654,115.3144302368164,132432
2020-08-21,116.55805181762902,118.99650478452502,114.72921209245702,118.33811950683594,74870
2020-08-24,118.26495340571765,118.26495340571765,115.07057894912613,116.41172790527344,35484
2020-08-25,117.50904179326035,119.48419009747083,115.24128361089457,116.3873519897461,24544
2020-08-26,118.26496021736155,136.3338894230901,116.43612062637142,130.14022827148438,215598
2020-08-27,132.16414037148624,139.47949869463122,130.3353007907,133.3345947265625,250518
2020-08-28,131.67646863156443,136.55337487717793,126.82394096392431,128.18948364257812,44776
2020-08-31,126.79953640291856,133.55405314562384,117.60656703708023,119.0208740234375,67482
2020-09-01,125.3364759683609,126.67762503027916,114.70482009829539,124.84878540039062,37484
2020-09-02,126.28748546426846,134.017369484578,125.09263755387188,130.1158447265625,38638
2020-09-03,133.62721041173884,136.43143106818957,129.75006459434886,132.0909881591797,18410
2020-09-04,130.18898722195834,130.18898722195834,122.87362215150779,128.26260375976562,32684
2020-09-07,127.77492698869526,127.77492698869526,121.9226402563886,123.60517120361328,31296
2020-09-08,122.97118743716409,124.33672266792715,118.14305325298818,119.8255844116211,17552
2020-09-09,119.4841863263038,121.80071646936479,115.09497131839875,120.94725799560547,20776
2020-09-10,123.77586636094746,129.72568974042804,123.7270943280271,127.67738342285156,40352
2020-09-11,127.77494274090431,129.2380146043498,126.31187087745883,127.604248046875,12456
2020-09-14,129.23800232664516,129.23800232664516,126.04363501484443,127.87247467041016,29940
2020-09-15,128.26263477490033,129.2380160279414,126.53133900400717,128.7747039794922,25426
2020-09-16,131.57890703283897,133.090750744295,128.7503077402836,130.5791473388672,33634
2020-09-17,130.57913380259427,134.01734593826083,130.57913380259427,131.82273864746094,18536
2020-09-18,131.82276720194247,132.94446454564954,129.238012897252,130.0670928955078,16296
2020-09-21,132.6274506632325,132.6274506632325,122.89801826407296,124.89755249023438,27262
2020-09-22,122.50787209354513,129.0185368655385,118.50881082958462,126.97024536132812,28696
2020-09-23,129.896374909886,131.18875183047396,126.79953708521647,128.14068603515625,17188
2020-09-24,126.0680110630561,126.18993370431632,121.41056467860264,124.33670806884766,21504
2020-09-25,126.55571385946325,127.45794446861464,122.89803426814929,125.84855651855469,13962
2020-09-28,128.48208758383794,131.4569881766525,123.21502045843471,125.79978942871094,19580
2020-09-29,126.79953651975612,128.87222125132905,125.14139171112451,127.70176696777344,12364
2020-09-30,129.72569095065666,129.72569095065666,125.26332523480806,126.7020034790039,12884
2020-10-01,127.0433996984063,130.2133885584433,126.79955440148038,127.97000885009766,137446
2020-10-05,130.09145964123982,130.67669427891553,128.04315329250986,128.92100524902344,61266
2020-10-06,130.6523073574168,130.6523073574168,127.38478930246032,130.1158447265625,13710
2020-10-07,131.16438046228018,133.1151426784397,127.28723460440926,129.62814331054688,126780
2020-10-08,128.26262007941486,131.11561289431023,128.11631886147563,129.1404571533203,8716
2020-10-09,130.457222071154,130.77421795189628,127.28723349746241,128.67715454101562,9152
2020-10-12,127.36037268505984,130.7742062275902,125.33646006147204,126.04361724853516,16630
2020-10-13,126.04362814546913,128.7503047349385,125.82416144550808,126.6044692993164,6250
2020-10-14,127.77492862767568,127.77492862767568,122.8492509215085,126.55570220947266,24842
2020-10-15,127.7505524941135,127.7505524941135,123.65394718571723,124.60494232177734,10212
2020-10-16,125.79979116315552,125.82416973892053,120.7034186448947,121.6300277709961,18202
2020-10-19,122.02017929504771,123.92217698562816,121.92264266922584,123.50763702392578,20270
2020-10-20,125.33647150000725,125.33647150000725,121.4593331111804,125.19017028808594,6350
2020-10-21,123.4100933607274,124.40986046191753,121.67879044523725,122.09333038330078,15088
2020-10-22,121.45934373388603,124.36110127533016,118.0211235632545,120.19134521484375,25366
2020-10-23,118.5819669150763,122.4103411179008,118.5819669150763,121.8738784790039,12978
2020-10-26,125.72661790399692,125.72661790399692,118.75264898852036,119.92310333251953,14258
2020-10-27,119.0452777244215,122.19088058728887,119.02089170625379,120.8497314453125,12084
2020-10-28,120.09379710669225,124.84877993629732,119.06964398215044,124.53178405761719,19490
2020-10-29,122.43471784181537,124.84878465045402,121.43495069516817,124.33670806884766,8242
2020-10-30,125.4584007714583,125.4584007714583,120.0206538215479,120.89849090576172,14256
2020-11-02,121.38618297564886,123.87340792237079,119.94749724596636,121.99579620361328,12454
2020-11-03,122.99556157919788,123.8734061028862,119.48419092601227,120.60588073730469,20500
2020-11-04,120.63027167954488,122.5078760058159,119.97188639950579,120.48396301269531,7992
2020-11-05,122.65417491478534,122.65417491478534,120.14257152635803,120.87410736083984,13724
2020-11-06,120.9716572745071,122.8980336953064,120.45958064579635,121.3374252319336,29726
2020-11-09,121.4593367815535,123.55640770074808,119.48418850368924,120.70341491699219,30304
2020-11-10,125.0926318173544,125.0926318173544,119.84995816419043,121.94702911376953,64176
2020-11-11,121.97141287517488,122.84924993598486,119.97187858873565,120.41079711914062,18466
2020-11-12,120.43519836221702,121.87388421773436,120.02066579588471,120.26451110839844,13232
2020-11-13,120.2645005345697,121.36180434440496,119.48419262650422,119.99626922607422,15708
2020-11-14,121.43494973531583,122.99555804279757,119.4841874905718,119.97187805175781,42616
2020-11-17,121.89825616497214,121.89825616497214,116.46050930029435,117.58219909667969,90024
2020-11-18,119.484197531416,120.63027342314047,117.8504310375225,119.87435150146484,18130
2020-11-19,117.5821971917818,121.3617990381835,117.5821971917818,118.11865234375,30302
2020-11-20,118.50880950386662,120.31326313968604,117.58220038972267,118.6063461303711,34264
2020-11-23,118.02112041475559,120.75219064064974,118.02112041475559,119.70365142822266,36630
2020-11-24,119.70365731359249,125.26333466646051,118.2893575380277,120.31327056884766,39636
2020-11-25,121.92263343034801,121.92263343034801,118.09425976400829,118.85018157958984,28622
2020-11-26,118.53319549560547,120.16695445351793,117.5334283306207,118.53319549560547,29534
2020-11-27,119.58171897228054,120.45956343298005,117.8260374924486,119.9474868774414,25652
2020-12-01,122.45910008813074,122.45910008813074,118.99649420631995,119.77680206298828,72912
2020-12-02,121.7519608814057,121.7519608814057,118.5088212197157,119.8255844116211,20092
2020-12-03,120.70340484508593,120.77655544715319,118.53318349881089,119.0208740234375,40382
2020-12-04,119.04527377217163,120.45957348012905,112.46145093014029,115.99720764160156,77770
2020-12-07,115.9972047740333,119.41103875587835,115.9972047740333,117.65534973144531,33280
2020-12-08,118.97211897775067,119.04527703182815,118.02112380728651,118.4112777709961,27754
2020-12-09,119.38665575202414,119.38665575202414,117.04573947422608,117.99673461914062,38664
2020-12-10,116.07036241067404,117.99673878589894,115.7533664983645,117.21643829345703,31870
2020-12-11,117.21643133348707,123.38571405985269,116.46050946259344,121.43495178222656,246876
2020-12-14,122.31280425570498,122.7029582249353,118.99650667959926,119.65489196777344,75894
2020-12-15,120.31326097642174,121.82510470554439,117.41150360107422,120.70341491699219,69028
2020-12-16,123.87339970657897,123.87339970657897,119.43541272471637,119.77680206298828,113590
2020-12-17,120.67902008055925,129.2379903647252,119.14279788869966,123.31255340576172,146162
2020-12-18,124.06847312039298,129.72568648509153,123.33693729434923,125.26332092285156,113510
2020-12-21,125.26332921349388,125.26332921349388,112.16883408401543,116.36297607421875,94670
2020-12-22,114.11959378224499,118.02111835599695,109.73037863677402,116.31420135498047,66888
2020-12-23,117.04573784319311,120.94726243796622,116.43612462525982,120.53272247314453,22932
2020-12-24,121.77633763782593,121.77633763782593,119.5329654108153,120.58149719238281,33852
2020-12-28,122.89800872509028,133.84666664611453,120.77655202642337,128.70152282714844,645642
2020-12-29,130.21337053911208,145.20985422479632,127.23845535166666,141.86917114257812,437824
2020-12-30,145.2830125136358,149.23330896280763,137.18734637105268,143.5760955810547,386934
2020-12-31,143.57609004556488,145.52685217901856,141.4302546753926,143.11279296875,77270
2021-01-01,141.4790310463278,147.67269208020173,140.72310176654008,142.62510681152344,71734
2021-01-04,145.08794627884035,150.47692118737174,132.74938066619643,148.47740173339844,184132
2021-01-05,148.74561871439414,174.05675544687233,148.74561871439414,168.93600463867188,911546
2021-01-06,169.22864400383278,169.22864400383278,156.06099735223773,162.20590209960938,228260
2021-01-07,164.3517145953223,169.13107601012243,159.49918769185055,164.05909729003906,189626
2021-01-08,166.54632581129357,169.6675424106323,157.5240504745178,159.4991912841797,109684
2021-01-11,160.93788779032505,164.27857116502395,152.91537197600786,158.20681762695312,87376
2021-01-12,156.08534932031066,160.40141351915597,155.13436170970218,157.13389587402344,38838
2021-01-13,160.9378913744242,172.64246529256414,158.98712905473423,168.10694885253906,413226
2021-01-14,170.39906094253325,170.39906094253325,165.49777727819193,169.00914001464844,100644
2021-01-15,169.03354921948355,175.51982764311947,168.25324135541123,169.30177307128906,295062
2021-01-18,168.5702356571133,170.56976988905146,156.06097602429296,168.13131713867188,109684
2021-01-19,171.66709263392858,175.56861746651785,168.08256371735993,170.69171142578125,288424
2021-01-20,171.52076869840803,180.00658110922984,171.3988460635309,176.17820739746094,422486
2021-01-21,177.73882832457355,179.95781439159546,172.15476552908726,172.71560668945312,252836
2021-01-22,177.93389602953224,177.93389602953224,164.22978891480307,168.83847045898438,42556
2021-01-25,171.4232343993435,172.837534067832,167.76555514473446,168.74093627929688,67860
2021-01-27,169.22863090891568,176.22699369402386,167.52171388245688,175.44668579101562,185284
2021-01-28,172.15477174045176,175.44668309809495,164.83941316791132,169.6919403076172,76752
2021-01-29,172.42299291549318,176.8366014487178,168.25324454735613,175.2028350830078,120262
2021-02-01,171.86213848793597,171.86213848793597,164.32732878663717,169.4724578857422,274892
2021-02-02,169.22862164175925,175.5685988214217,165.81478777578715,172.2035369873047,35088
2021-02-03,171.66707780203137,174.1055306117193,167.27786274459305,171.05746459960938,29892
2021-02-04,170.6916980880125,170.6916980880125,167.86309875866513,168.52146911621094,22890
2021-02-05,167.27787734910265,171.91093809200783,165.81480553555366,166.98526000976562,27452
2021-02-08,170.66734214786513,170.66734214786513,164.8394331583892,166.0098876953125,27454
2021-02-09,169.3505386734081,170.6916876477835,163.40070817928887,164.76625061035156,20940
2021-02-10,162.2302623147426,169.7163154107819,162.2302623147426,167.42416381835938,23498
2021-02-11,168.25322934836905,168.74091986821938,163.37632414986558,167.8630828857422,60310
2021-02-12,165.93671930775068,167.71678694236033,163.40072234670728,164.10787963867188,24428
2021-02-15,167.6680124583907,172.3010728857049,164.86379167343736,166.0586395263672,31580
2021-02-16,166.05863352112965,167.76555045893863,162.88864492234157,165.30271911621094,44072
2021-02-17,165.7904215485454,168.91163833897184,161.42558482730215,162.8155059814453,32348
2021-02-18,161.4987314449275,165.52217870139083,158.49943737582737,159.8162078857422,28222
2021-02-19,161.9132815724917,161.9132815724917,154.84176776887386,155.8659210205078,40820
2021-02-22,156.06099897345302,161.42559581316547,153.3787005535968,159.5967559814453,104520
2021-02-23,162.7911294781579,162.8642949805775,153.64692998942516,155.91470336914062,11602
2021-02-24,156.54867992492484,163.69334411621094,156.54867992492484,163.69334411621094,21226
2021-02-25,165.32707767864503,168.25322064640866,160.96224179847783,165.71722412109375,53032
2021-02-26,165.7904102438458,166.96086460005435,157.54842795195495,165.81478881835938,59354
2021-03-01,166.32684651210621,171.1549945845919,160.3282590470224,161.5474853515625,20774
2021-03-02,165.32709848013846,165.81478903612705,158.67012536752085,162.25465393066406,20536
2021-03-03,160.93787053661288,162.40094208694572,158.9871084695024,160.3770294189453,26414
2021-03-04,163.35196515118648,163.35196515118648,156.9144435645163,160.40142822265625,14028
2021-03-05,163.3519741688143,163.3519741688143,157.0607534550783,159.27975463867188,16010
2021-03-08,160.9378862358852,162.3765793539751,156.5486711567247,157.10951232910156,18280
2021-03-09,157.10950241746386,160.93787608272518,156.06097074688503,157.13389587402344,22810
2021-03-10,156.54868939568013,160.864754369665,153.6225456686581,155.45138549804688,31856
2021-03-12,155.47575080680437,160.93789125100162,155.4513722310811,156.91444396972656,19236
2021-03-15,160.88911587058803,164.47364453235303,158.49943505712304,161.91326904296875,30170
2021-03-16,161.91326288189083,168.25324004292872,161.91326288189083,164.79063415527344,64502
2021-03-17,168.08255741519787,168.08255741519787,161.42558389581916,162.2302703857422,36748
2021-03-18,165.30273671621686,165.30273671621686,154.5979219703764,155.427001953125,15768
2021-03-19,155.57328302284495,158.45065424632716,147.79461291844902,155.62205505371094,15784
2021-03-22,160.8891216913999,160.8891216913999,152.2813858065821,154.8173828125,11724
2021-03-23,158.328745665,159.32852029552922,154.8173823779717,158.3775177001953,13088
2021-03-24,156.30481823212733,160.37703722197807,153.86636552959803,158.8895721435547,13458
2021-03-25,158.49945552549988,158.49945552549988,151.2572466579381,154.30531311035156,24520
2021-03-26,158.4750382736876,158.4994168461029,153.62251171237665,156.23165893554688,8132
2021-03-30,153.6225412510087,160.45020975105354,152.08631881512585,155.8659210205078,7388
2021-03-31,155.86590819476586,160.3770459396588,151.47669309162677,154.0614471435547,16536
2021-04-01,156.49992457610253,158.9627712565031,154.11024339876184,157.0851593017578,16176
2021-04-05,160.45019978737724,164.790642944816,155.08560344190263,163.66896057128906,40594
2021-04-06,163.86402927394397,171.83777296077625,158.52381165238737,171.35008239746094,39032
2021-04-07,173.13015085268313,179.9090467404288,165.96109358243072,179.34820556640625,119440
2021-04-08,183.85935189468825,183.85935189468825,171.66708718018637,181.8598175048828,96270
2021-04-09,185.32241309249162,185.32241309249162,177.0804455921104,181.66473388671875,32270
2021-04-12,175.56860440499992,178.00705724395823,172.59368896484375,172.59368896484375,52736
2021-04-13,175.54421188005267,180.4454957436191,171.66706622095654,173.544677734375,43292
2021-04-15,176.03192949364228,176.03192949364228,166.3512680261529,170.69171142578125,19622
2021-04-16,170.69171540792414,178.00707463969232,168.7653315236373,177.61692810058594,268540
2021-04-19,170.71606898443187,177.51935802690346,168.86285087037177,177.42181396484375,26698
2021-04-20,177.42181698937736,182.39626657653673,168.57023644096645,179.39697265625,39260
2021-04-22,182.12804351772496,182.12804351772496,174.10552794354314,176.34890747070312,25442
2021-04-23,179.4701433032539,179.4701433032539,170.00894850791613,171.42324829101562,46114
2021-04-26,175.54422421859957,175.54422421859957,168.35078840969877,171.35008239746094,40202
2021-04-27,173.130166084163,173.130166084163,167.2047281652337,168.0825653076172,62516
2021-04-28,168.2776193869566,173.10576776895496,165.81478804715704,168.86285400390625,54680
2021-04-29,171.1550006108066,171.1550006108066,166.30247379463046,169.05792236328125,23118
2021-04-30,169.2774208738963,169.2774208738963,164.8394331583892,166.0098876953125,23952
2021-05-03,163.37633504831942,166.79016891500072,162.40095394355333,165.15640258789062,63622
2021-05-04,165.37587086418765,169.10670064881063,165.15640416027202,166.3268585205078,27056
2021-05-05,167.2534943532875,170.6429350352452,165.83917973104747,167.5460968017578,28426
2021-05-06,170.59416795323312,173.1301650566126,166.30249657550678,167.20472717285156,33190
2021-05-07,162.2790360590525,169.5943945590849,162.2790360590525,164.81503295898438,21558
2021-05-10,166.7901828946859,166.7901828946859,157.5240616227589,160.27951049804688,87378
2021-05-11,154.1345998913853,163.71773157276186,154.1345998913853,159.3772735595703,73738
2021-05-12,159.37728432808498,161.42559082963086,158.01175658247854,159.7186737060547,57822
2021-05-14,163.35197005161183,167.69241335196745,151.74492501024832,163.83966064453125,156116
2021-05-17,167.20471247838466,169.49684919429131,164.37609828348934,167.71678161621094,35186
2021-05-18,173.13015491989282,173.13015491989282,166.57071070277232,167.59486389160156,38286
2021-05-19,169.66754522174872,169.66754522174872,163.37633988633476,164.96133422851562,30178
2021-05-20,165.64410253554118,168.25325011540718,163.86403489500526,164.6199493408203,36708
2021-05-21,166.0586444010592,167.765561450703,164.2054261289859,165.79042053222656,47914
2021-05-24,168.1556979825303,174.05675669472276,163.88840561177014,173.30084228515625,105828
2021-05-25,175.30037703610273,177.9826751052519,168.25324251935695,173.5934600830078,104368
2021-05-26,168.57023823690412,182.22557384801036,168.57023823690412,177.29989624023438,240136
2021-05-27,178.8848935756592,185.27364296403306,178.49474707628738,179.34820556640625,178606
2021-05-28,181.0307403522681,187.27317351622165,178.00705295161694,184.1275634765625,147768
2021-05-31,184.273880676528,185.20048976190927,174.9346094492298,177.66566467285156,240164
2021-06-01,178.88488967596967,186.54163734508725,177.51936207480196,180.12850952148438,387562
2021-06-02,181.07950160729254,184.83472492714017,178.49474755496914,179.6408233642578,176556
2021-06-03,181.76226605071528,184.73716637011248,179.71395987634736,180.591796875,178096
2021-06-04,181.1770587344009,181.1770587344009,171.56954791689967,173.95924377441406,282206
2021-06-07,180.39674061807628,180.39674061807628,173.642223181361,174.27622985839844,148404
2021-06-08,177.47058537971375,177.47058537971375,173.76413428132767,176.8365936279297,58842
2021-06-09,175.86123752009786,179.42137303153368,175.71492140673564,176.5927734375,133142
2021-06-10,178.00705742214012,178.00705742214012,173.5690702741666,176.44644165039062,161160
2021-06-11,176.7878362892106,177.76321745494417,165.83917675059703,168.91163635253906,146192
2021-06-14,174.59323685255228,174.59323685255228,166.40004062948586,167.13157653808594,53810
2021-06-15,170.61853693871072,170.69168754245925,164.86377968597023,168.25323486328125,96434
2021-06-16,168.253242378267,168.39954359229858,160.93788401399453,162.69357299804688,87318
2021-06-17,163.10811602783505,166.76579527902166,158.81643010989515,164.96133422851562,140150
2021-06-18,167.15593674253108,168.76530961130604,159.01149856870757,164.93695068359375,93960
2021-06-21,159.23096276846417,165.3270945743012,159.23096276846417,163.18125915527344,36622
2021-06-22,165.81479354495744,166.7657961082487,160.9378878524587,161.7669677734375,44064
2021-06-23,161.76697367913357,163.62019195668532,158.01175020556195,158.59698486328125,73824
2021-06-24,158.25557764242035,162.86425912331913,156.0609702483036,156.84127807617188,75164
2021-06-25,160.88913123564868,160.88913123564868,154.40285199635017,158.06053161621094,44076
2021-06-28,160.40140799153082,163.25440049130654,158.2311941217505,160.3770294189453,74324
2021-06-29,163.32756774657136,163.54703445475351,159.6942819559751,161.32803344726562,61058
2021-06-30,163.27879361103348,163.86402823656084,158.0117415138265,159.79180908203125,80520
2021-07-01,161.05982592786947,161.10859796609492,157.52406896200407,158.06053161621094,56230
2021-07-02,160.6452744824475,163.2300434928785,156.32920986188353,161.059814453125,219130
2021-07-05,165.27833700091392,165.27833700091392,160.93789375210548,162.44973754882812,53694
2021-07-06,165.30271109325517,178.68980721159153,162.52286911906046,163.44947814941406,105026
2021-07-07,165.57094328846583,168.22886276431802,161.47434560640906,162.03518676757812,105816
2021-07-08,163.86401993513175,165.2051689078151,154.40282652264676,157.7191162109375,145046
2021-07-09,158.5237965922177,162.42532072808532,158.4994180196219,160.52333068847656,53472
2021-07-12,163.8640141691657,163.8640141691657,155.30505152519035,157.2558135986328,102516
2021-07-13,158.47502393225116,159.45040487072782,156.20725134378728,156.89002990722656,72130
2021-07-14,157.06073416944173,162.4009515940307,157.06073416944173,159.98687744140625,77762
2021-07-15,160.45021406274645,161.52313938055443,158.2799848493726,159.08468627929688,41686
2021-07-16,160.86473562315388,172.52053713417885,158.03612142011892,168.0093994140625,766146
2021-07-19,168.6190205235635,174.9833767332377,168.2288740070597,170.08209228515625,291480
2021-07-20,174.30061793568112,175.08092587442275,153.13484881495472,169.96017456054688,264704
2021-07-22,171.22813971653258,174.32497740776589,170.47221050198493,171.69143676757812,148096
2021-07-23,170.691679262755,172.27667342733773,167.78991476203484,169.59437561035156,54952
2021-07-26,166.8389460695199,170.69169857501467,166.8389460695199,168.8140869140625,50802
2021-07-27,169.69193727138503,169.69193727138503,164.59556493711523,167.5704803466797,56292
2021-07-28,165.08326480806213,169.98454928707085,162.88865715182496,163.40072631835938,54002
2021-07-29,165.5562174246545,170.47954307658134,164.99283915845828,167.24630737304688,52148
2021-07-30,167.9811307461163,173.7127764599211,164.33150586857843,166.07058715820312,170314
2021-08-02,169.0098989591095,169.0098989591095,162.27399718900006,166.1685791015625,135414
2021-08-03,168.3730475123052,168.3730475123052,161.66163429052108,162.29847717285156,130274
2021-08-04,164.6009409477922,164.94386555479304,159.4571615431737,161.02479553222656,93826
2021-08-05,163.62119882244957,163.62119882244957,159.212244363162,163.10682678222656,52724
2021-08-06,162.64140139859944,175.37837861656206,160.8778169476377,171.3368377685547,439976
2021-08-09,170.96943180048083,173.418850594184,162.2739950828346,164.50296020507812,176718
2021-08-10,165.58069138272504,165.58069138272504,156.39537196430462,159.04074096679688,142862
2021-08-11,154.38685921188056,160.90232198894884,138.63709980369953,159.18772888183594,315866
2021-08-12,161.1717347088982,168.96088242366199,159.16320858117575,166.56045532226562,304718
2021-08-13,170.43056507321432,170.87145748779113,164.69893378358267,167.22183227539062,115624
2021-08-16,169.96519794580237,170.47956997864185,160.9758268261679,161.93109130859375,58384
2021-08-17,159.2122162884275,163.89060004856898,159.2122162884275,162.46994018554688,41580
2021-08-18,165.09082030149244,165.09082030149244,159.702099164055,160.4859161376953,21336
2021-08-20,160.48593675759525,164.67443729073327,158.47741017647348,159.55516052246094,93446
2021-08-23,163.13129464597645,163.13129464597645,154.80327059498066,155.97898864746094,58140
2021-08-24,157.71810115329185,157.71810115329185,149.80646553413467,151.3740997314453,73186
2021-08-25,151.96195174623236,158.7223418060951,151.86396901200456,155.6605682373047,48684
2021-08-26,157.7425584424062,160.19197705176032,154.6317938185135,158.94277954101562,44448
2021-08-27,159.21221775095015,172.43907891795214,158.45290392324105,169.72023010253906,285938
2021-08-30,169.25484518831192,169.25484518831192,163.866123633836,164.40499877929688,97610
2021-08-31,165.58072581191172,165.9726268752266,162.05355644180858,163.84164428710938,48032
2021-09-01,165.09083991168393,165.53173233983227,160.68188573006626,163.32725524902344,51376
2021-09-02,162.24950303252118,165.5072269609836,162.05353757361308,164.62542724609375,68560
2021-09-03,166.36451391523343,166.36451391523343,163.6211620995985,165.50721740722656,63388
2021-09-06,166.46250997639135,166.46250997639135,163.57219853396552,163.67018127441406,48646
2021-09-07,165.94812287107035,165.99711423683883,161.93107007910962,164.33151245117188,47292
2021-09-08,165.5807146864832,165.9726157234661,162.91084215307995,163.22927856445312,49110
2021-09-09,165.0908099322896,165.92361821761176,161.09826069396965,161.85757446289062,68230
2021-09-13,165.58071328953596,166.53599261546358,162.46994837825483,165.18881225585938,75486
2021-09-14,166.02157511279373,172.87994658945144,165.23775823973446,170.77345275878906,195834
2021-09-15,171.4593033709475,172.41458261261155,169.49976847527952,171.1163787841797,95092
2021-09-16,172.65953770319084,176.30916275595612,169.4997814618099,171.09190368652344,267428
2021-09-17,171.09190572253962,172.6595397578621,165.09082957335966,165.8501434326172,74598
2021-09-20,160.68189170540793,164.91938372530836,160.68189170540793,162.5679473876953,44552
2021-09-21,165.28677420480975,165.28677420480975,159.97153252907097,162.49444580078125,31976
2021-09-22,164.11106766610487,166.07060280241657,163.15578830712624,164.4294891357422,33966
2021-09-23,166.07058439436997,169.7202241612339,163.1557702221714,167.02586364746094,53056
2021-09-24,166.56048654272772,170.82248144311242,166.56048654272772,168.5445098876953,65610
2021-09-27,170.18561335323363,170.18561335323363,165.5317176846647,165.80116271972656,34082
2021-09-28,167.49123888404355,167.49123888404355,162.39645124670875,164.0130615234375,37562
2021-09-29,164.1110550333369,167.29529938473,164.1110550333369,166.26654052734375,32718
2021-09-30,165.58071519349974,179.66487366040246,163.62118010245243,173.9332275390625,495574
2021-10-01,173.90872376778148,177.82779359916813,172.92895630993485,174.423095703125,103266
2021-10-04,177.04399187203373,209.30284118652344,174.4476138654281,209.30284118652344,1543066
2021-10-05,215.54886876430422,223.38700944664257,205.87366385954283,210.06216430664062,1185954
2021-10-06,209.52329443363686,213.0994399750304,197.12922608114133,204.52647399902344,324010
2021-10-07,204.52648044286306,210.65002776151164,181.84486715461534,200.97482299804688,140170
2021-10-08,202.787385685774,204.77140890687895,198.01101909045803,200.3379669189453,86352
2021-10-11,197.69258633966058,211.1154133896884,194.90025786397544,204.82040405273438,127574
2021-10-12,211.13991354137136,211.60530912201133,203.9141276371133,209.71925354003906,65324
2021-10-13,208.4700241453533,212.58505961158178,203.35074792020947,206.4125213623047,68492
2021-10-14,211.62978939183145,211.62978939183145,203.54670715811568,204.69793701171875,75390
2021-10-18,204.42847775648988,206.2410535659555,203.15479199855756,204.37950134277344,63514
2021-10-19,205.80016033144162,207.31880290193175,194.1409184532235,198.451904296875,122948
2021-10-20,199.3826820768362,199.55414437576053,193.50407719987788,197.15371704101562,54760
2021-10-21,197.54561561561331,205.11432528134605,188.60523747553904,193.675537109375,108514
2021-10-22,194.53285785541968,199.84810001765584,189.14413611399567,194.9247589111328,49226
2021-10-25,195.95351108284885,198.28045902695766,182.2367653070494,184.3187713623047,84220
2021-10-26,181.74686474738135,193.50407432672677,180.32620491322345,188.40928649902344,62562
2021-10-27,192.891741891438,195.12070715104568,183.97585095287369,186.6702117919922,33956
2021-10-28,189.5360155640221,189.5360155640221,182.01629718294046,183.3389892578125,34018
2021-10-29,185.66594397270458,185.66594397270458,176.35815258621017,177.65634155273438,49466
2021-11-01,184.9311177332368,184.9311177332368,178.39116660616745,180.93856811523438,71560
2021-11-02,180.93857355737572,189.09513534317563,179.78734370711257,188.2378387451172,89868
2021-11-03,190.34430723127636,192.3038420475039,187.42950816217643,188.94815063476562,32488
2021-11-04,190.90771273641914,194.4838583071282,188.87468311396157,193.84701538085938,45564
2021-11-08,193.8470018653054,195.4636122270064,187.62547238832946,188.60523986816406,78244
2021-11-09,190.90772513151214,219.66389556663515,190.19738763295902,209.79273986816406,1111978
2021-11-10,209.67027577061094,210.1601595925049,205.75120519545933,208.71499633789062,120978
2021-11-11,207.00037649987172,209.18036520865337,206.97588829193455,207.93116760253906,58196
2021-11-12,209.18037129455365,213.05045011537638,202.54245214333613,206.6819610595703,136096
2021-11-15,209.03340022091206,219.95780176741917,200.92581526145008,216.7490692138672,509570
2021-11-16,231.22511874441966,259.6383748613187,221.5499151528894,242.9578399658203,1138204
2021-11-17,239.06327359231182,252.16766410172644,236.050491474553,239.0142822265625,312832
2021-11-18,241.51268628008933,243.96210500503955,222.62767389074952,228.751220703125,223844
2021-11-22,231.2741255583342,242.98234440560734,227.79594788025688,240.33697509765625,310336
2021-11-23,249.35082975130769,249.35082975130769,234.16443344032433,236.02598571777344,103320
2021-11-24,239.06327446458747,252.73104330489016,238.86732395094114,243.30076599121094,195246
2021-11-25,246.4115223283364,247.24433067010838,237.74057411130912,239.92056274414062,76516
2021-11-26,235.21768188476562,246.4115286723185,232.6947835374777,235.21768188476562,95238
2021-11-29,230.88220443494225,237.6670973342431,197.03124941075043,215.9407501220703,122516
2021-11-30,216.18569879119525,250.82048684084634,216.18569879119525,242.66392517089844,473372
2021-12-01,255.69483986178545,285.9451626746959,254.4211241190571,279.7236328125,1419862
2021-12-02,285.60224274525683,306.1773614335944,269.7790026863953,280.9238586425781,1072146
2021-12-03,283.64266628802824,286.0920848224672,269.4360387882824,272.5957946777344,276454
2021-12-06,272.86528674378496,280.2135440169569,254.93555095729954,257.2869873046875,234912
2021-12-07,261.1080566711465,297.3594566592607,259.5649107926802,292.31365966796875,1491532
2021-12-08,295.88976647460754,296.62459205360074,276.78430142078355,280.0665283203125,453474
2021-12-09,280.0665432800824,293.9302472975927,278.96430485271645,286.31256103515625,388666
2021-12-10,286.09212001275404,289.74176005801166,279.84610198165365,281.51171875,92262
2021-12-13,282.5649469956205,287.07188357095885,277.76409212411886,281.6341857910156,83778
2021-12-14,281.63425518895144,285.3573607250509,276.7843928062726,279.08685302734375,58174
2021-12-15,283.6427164585153,283.6427164585153,272.86527300067877,275.09423828125,57234
2021-12-16,274.3104302185143,279.23375625669786,263.06759142078374,263.9983825683594,118816
2021-12-17,260.17725984973686,286.5820071713935,247.5382644878455,251.6042938232422,199966
2021-12-20,251.80025206548825,266.49676483195645,235.5116170826527,240.33697509765625,215688
2021-12-21,240.16551609609388,251.18790082258468,240.16551609609388,244.15806579589844,123806
2021-12-22,246.06860225520217,254.22517867298222,245.97063447499858,249.1793670654297,69402
2021-12-23,250.82045975324638,256.89502972294684,248.86092491142415,250.60000610351562,72214
2021-12-24,258.903580953126,258.903580953126,243.96212547711778,248.0526580810547,47276
2021-12-27,256.1112249630797,256.1112249630797,247.41578818182464,248.90994262695312,28340
2021-12-28,247.88116863698198,255.74379656332664,247.88116863698198,250.0611572265625,58802
2021-12-29,252.24113406991478,257.1889475775456,249.86518013793068,253.2209014892578,45476
2021-12-30,252.29012140436515,256.47862132338247,247.709705530603,248.73846435546875,34994
2021-12-31,251.31034568398564,273.86948476974453,250.45304918311436,262.4552001953125,245640
2022-01-03,262.82262898767414,269.14214125330153,260.1772448066834,262.13677978515625,82152
2022-01-04,262.1122945605577,268.9216906482882,257.67885260134034,259.36895751953125,50514
2022-01-05,265.02713291188263,265.02713291188263,253.85778837362673,256.3316955566406,56122
2022-01-06,259.6383981947794,259.6383981947794,251.1144086336148,255.2049560546875,44202
2022-01-07,257.21347615825806,259.73638961914406,251.50634798480417,253.98025512695312,52384
2022-01-10,254.73954510631052,259.2219932927527,250.4040710120843,252.90248107910156,70174
2022-01-11,254.8130385061645,255.22942772378067,249.76722703026175,252.06967163085938,57174
2022-01-12,255.9642853375046,255.9642853375046,251.33487745041666,252.24118041992188,29596
2022-01-13,255.22943985253707,255.22943985253707,248.37106718855335,250.55105590820312,47868
2022-01-14,250.20812565454332,291.3338725032899,247.8811778388623,282.56494140625,579564
2022-01-17,283.1038137966632,283.64267392870397,269.4605342522429,271.1996154785156,150644
2022-01-18,271.88547878962277,274.7758048485198,264.5372226061194,265.5904846191406,58708
2022-01-19,265.5904830474117,267.0846224825224,261.6714131060691,262.9450988769531,30412
2022-01-20,263.0675869098697,269.43607597845124,261.03455728561556,268.7257385253906,67602
2022-01-21,268.9461939794868,282.41799786734816,268.9461939794868,271.5425720214844,271078
2022-01-24,266.00688139529234,269.4360677116221,237.59362334570312,247.41578674316406,141146
2022-01-25,240.53292673326735,257.18897461296405,240.53292673326735,253.34339904785156,66504
2022-01-27,247.93017286669226,258.0707576853255,247.93017286669226,254.1516876220703,40164
2022-01-28,256.6990787885557,262.08779990816276,252.2901251452408,254.8620147705078,59266
2022-01-31,259.0015581783781,259.58942468921236,248.86095804191902,251.9472198486328,53746
2022-02-01,255.57236206514045,256.6501123108123,249.84071612690857,252.339111328125,38020
2022-02-02,254.24966721655824,257.85030083269396,252.29013220910886,255.5968475341797,32962
2022-02-03,254.24968134661128,258.65863535840225,247.21984612668686,251.80026245117188,45676
2022-02-04,251.80024066144176,255.69482234819637,248.19959220671743,250.0856475830078,54004
2022-02-07,250.33060972017884,252.9759940725783,248.42006598238643,251.45733642578125,56636
2022-02-08,257.09098444017854,257.09098444017854,247.39129222980827,249.15487670898438,31688
2022-02-09,247.3912939102972,253.1474279765269,245.21130524135845,247.856689453125,30868
2022-02-10,249.84072375756094,251.5063405426644,246.90142112511904,248.46905517578125,13852
2022-02-11,246.4115253981609,248.7139849952276,235.14419918711178,236.662841796875,44760
2022-02-14,230.73524789167573,234.1644341660743,223.87687534287858,229.2900848388672,51362
2022-02-15,227.7959301155435,237.07923260242865,227.7959301155435,234.874755859375,41532
2022-02-16,239.55314452836478,244.15804861108518,233.6745397546626,235.09519958496094,80168
2022-02-17,239.0632913102426,244.20707114376216,236.1239885482314,239.03880310058594,37084
2022-02-18,239.06327140802628,239.99404754849522,230.2453638560909,230.9311981201172,25318
2022-02-21,231.2251368797266,232.5968054405121,223.3869966465155,225.39552307128906,33020
2022-02-22,220.98656404387324,223.38699144438087,214.56908388736582,219.41893005371094,92856
2022-02-23,217.0184992510918,224.80764781433462,217.0184992510918,221.35397338867188,24158
2022-02-24,208.20060665751782,217.41041574845906,193.50409324639892,197.49664306640625,100562
2022-02-25,198.8927963780173,234.5073498868164,198.8927963780173,207.0003662109375,65324
2022-02-28,206.24107107096086,219.76186636871412,199.87258194050364,217.2389678955078,55360
2022-03-02,214.32413940853021,216.5041280636832,208.71496452284075,210.67449951171875,43968
2022-03-03,215.0589877574503,219.95782574736944,211.62980116450692,212.56057739257812,21174
2022-03-04,215.2794149102704,215.2794149102704,196.541361908605,199.946044921875,119584
2022-03-07,198.3294406103029,198.91729214451033,191.59353899914078,194.5818328857422,71872
2022-03-08,196.93327042036827,205.72668984329414,193.0386885700884,195.58609008789062,53382
2022-03-09,199.38269175653872,210.50305916868658,199.38269175653872,208.44554138183594,39230
2022-03-10,218.88006488088098,247.26883564691826,216.60210831515744,226.76719665527344,607252
2022-03-11,226.93865346768527,232.6947876894776,218.63511769537118,221.7703857421875,160458
2022-03-14,222.89711241834172,225.7139440587933,218.58614127906833,221.7703857421875,34430
2022-03-15,227.79595554465115,234.8502789198916,207.07387782674493,222.6521759033203,266048
2022-03-16,225.98337997669424,232.20490991434133,223.38700194291064,226.27731323242188,70174
2022-03-17,231.2986118193193,231.86197514727868,226.32629469853137,227.64898681640625,50678
2022-03-21,229.75548884710366,231.3966024717391,222.8971160456976,225.10159301757812,49142
2022-03-22,227.99189859238004,227.99189859238004,222.57868903204232,226.52224731445312,27864
2022-03-23,228.77571549980235,228.77571549980235,222.94610175652292,224.70968627929688,149722
2022-03-24,223.38698192700727,228.38380197645319,222.94608955795383,226.05685424804688,25284
2022-03-25,226.47323592662258,229.95141330023316,223.9013464176243,228.11434936523438,45940
2022-03-28,228.11436983900393,230.17188761089517,223.80339873131345,224.88113403320312,24236
2022-03-29,232.2049058294194,234.65432466728248,220.44769540767663,223.4359893798828,61806
2022-03-30,221.91735661802986,231.22514861746157,219.1495161976859,221.40298461914062,41756
2022-03-31,220.69263806520462,230.2453715663622,220.69263806520462,227.72247314453125,52840
2022-04-01,230.24537517828938,244.8439057521203,228.70224427083116,237.47116088867188,77120
2022-04-04,242.2230259737611,243.3252644103794,237.9120400071703,241.439208984375,29018
2022-04-05,244.3050168989211,249.84069694934144,237.1527116040839,242.1005401611328,38118
2022-04-06,242.0025865243509,253.17193069160206,241.88011557975355,248.1751251220703,36974
2022-04-07,248.3710802499659,253.2454299153716,245.43177752511423,248.22412109375,24908
2022-04-08,255.719329075876,255.719329075876,248.37107249323589,251.43284606933594,28326
2022-04-11,252.7800246064886,254.7395596809575,248.1751201714999,248.6160125732422,59766
2022-04-12,246.4115296212851,250.33059967490394,245.284802960896,248.7139892578125,30812
2022-04-13,249.9631850514381,253.14742944699782,247.39129534733217,247.709716796875,18238
2022-04-18,247.70970634059952,253.0249478280656,243.66816554760524,250.0611572265625,43124
2022-04-19,250.82047156019232,256.6500999490848,245.9216342250323,247.93016052246094,51274
2022-04-20,248.05264512439177,255.7193229863644,247.3912990576897,252.19215393066406,26280
2022-04-21,252.4126014103489,264.5127359781202,250.52654598864277,261.49993896484375,92346
2022-04-22,261.49993278125544,270.5872701208655,255.67033425213316,264.3902587890625,99902
2022-04-25,264.39027427527463,264.48825700842144,251.06542987088145,256.9930114746094,46824
2022-04-26,258.1687118878153,267.9418977580913,257.18894448027135,263.2145080566406,96908
2022-04-27,264.51276779162106,264.51276779162106,255.22946366115482,256.89508056640625,33592
2022-04-28,258.1932284039895,258.56064122210546,246.534000955803,248.88543701171875,42014
2022-04-29,249.84070265321972,254.73953996014558,240.04302803936795,244.13356018066406,54392
2022-05-02,241.51269312896054,246.2890597780627,220.52117107084194,240.33697509765625,54102
2022-05-04,241.5617003233,243.32528496084902,230.2453817615995,236.39341735839844,33534
2022-05-05,235.63408714948724,243.91311965391552,234.31139502537854,236.0504913330078,24320
2022-05-06,235.1442036501498,236.05049159173123,230.245366074105,233.25814819335938,27800
2022-05-09,225.83639855932083,232.64577938704008,225.37100303779516,230.14736938476562,27502
2022-05-10,227.94291297320294,234.01748370183546,227.30607005007192,229.21661376953125,22224
2022-05-11,229.2655899126549,230.83322385789575,210.13563587966996,216.06321716308594,47208
2022-05-12,215.05895379325,216.8960177493427,200.85232586613327,207.7596893310547,56784
2022-05-13,208.81295919968954,218.73310564847247,208.81295919968954,212.1196746826172,25878
2022-05-16,213.19743536105494,215.64685435670094,209.62127465737152,211.4093475341797,16462
2022-05-17,212.4870804114432,221.69688909824137,209.91519067735658,212.53607177734375,35038
2022-05-18,213.61382365486597,220.44770860154054,213.61382365486597,216.99403381347656,17320
2022-05-19,210.6500254894546,214.52010436308476,207.49026912708618,212.1441650390625,16394
2022-05-20,213.2219016226498,224.70968150974355,211.13989569066527,215.45086669921875,13600
2022-05-23,217.58185693521503,225.934383549575,216.0387261668931,220.47216796875,44240
2022-05-24,221.59890796832605,221.59890796832605,209.67023616827234,212.07066345214844,29208
2022-05-25,213.14843651381412,214.07921270949427,202.39548152011838,204.08558654785156,37302
2022-05-26,204.7714155583974,209.8172124019391,197.1047375592027,207.31881713867188,75694
2022-05-27,209.35181103482097,221.28048262408763,203.93858695095244,219.5903778076172,51668
2022-05-30,219.5903885955438,226.27729872171403,219.49240586656256,221.84385681152344,32784
2022-05-31,220.59465020491692,226.54674982352404,217.7533303890901,219.93331909179688,16386
2022-06-01,216.62660967912072,227.30606991492473,216.62660967912072,218.68411254882812,26154
2022-06-02,221.96634160047728,235.095220799794,221.96634160047728,224.9546356201172,109136
2022-06-03,226.37530286427798,232.20491698853368,219.05153420708123,221.0845489501953,24436
2022-06-06,221.427441712066,222.48068872134718,216.43062178190058,222.38272094726562,8526
2022-06-07,217.01851741494136,225.2975504166041,217.01851741494136,218.75759887695312,13938
2022-06-08,219.85982415512422,221.4764495232163,215.32839940300715,218.12074279785156,23322
2022-06-09,217.01852229663302,221.427476474217,214.6915742584637,219.4679412841797,20382
2022-06-10,221.427466432026,221.427466432026,215.54886112852088,219.68838500976562,21876
2022-06-13,218.43915299014733,218.48814435333375,209.84169947824287,211.7522430419922,33698
2022-06-14,211.75226716554158,218.48816924426038,211.43384569365185,213.00146484375,15404
2022-06-15,214.07920561222855,218.2432176207044,212.38910064052664,216.8470458984375,13964
2022-06-16,217.94927829699944,219.46792091836735,208.20059462121904,210.03765869140625,11540
2022-06-17,215.05897507345688,215.05897507345688,204.28153213127908,206.8289337158203,51240
2022-06-20,206.80441178964094,206.82891494596194,201.39120260132583,203.66915893554688,50648
2022-06-21,201.8321065042415,206.1920689217229,200.85233899693935,202.15052795410156,50440
2022-06-22,202.76288909341343,207.41678490107844,197.91304276807048,205.016357421875,44310
2022-06-23,202.44446218771404,217.9982714423055,202.44446218771404,216.30816650390625,44430
2022-06-24,215.54886575580224,217.99828468484543,213.71180155901982,215.13246154785156,17304
2022-06-27,216.21019053389458,221.13351611570377,215.13244033137718,216.38165283203125,21270
2022-06-28,217.48389803102782,218.4881537442205,216.38165958725094,216.45513916015625,31110
2022-06-29,211.62977796170046,216.5286154145176,211.62977796170046,214.4466094970703,16554
2022-06-30,215.5243703452637,215.5243703452637,208.20060201210552,210.28260803222656,8450
2022-07-01,210.3805846732552,214.32414292301232,206.58398557004756,209.22935485839844,10608
2022-07-04,209.37630728287505,224.85663644187093,209.3518190759249,222.9705810546875,48682
2022-07-05,225.17507434898423,232.59681055550269,222.89711778362638,224.9546356201172,45478
2022-07-06,232.6947739589917,232.6947739589917,224.85663420458354,230.3433380126953,125692
2022-07-07,233.67454647018954,236.41789843343756,232.3273661708331,235.16868591308594,42516
2022-07-08,236.1239676639535,242.39447368828118,232.71926961906317,235.1931915283203,67254
2022-07-11,236.39340880639813,236.39340880639813,232.204908525055,233.5030975341797,13852
2022-07-12,234.67880471037122,234.67880471037122,228.7757114965361,230.58828735351562,21986
2022-07-13,231.71501970941853,236.63834554351405,228.18785063867796,229.82896423339844,19598
2022-07-14,230.95569268100846,230.9801808877149,224.36675046993304,230.3433380126953,21384
2022-07-15,231.47005388735417,239.01426006107727,229.26557718366507,237.78955078125,43614
2022-07-18,242.1985118273999,246.90139860027526,239.5531426895528,241.9780731201172,49040
2022-07-19,241.0189362408726,246.92144080187356,239.3219601752467,243.62586975097656,32010
2022-07-20,244.85553896982478,252.79933774292903,242.98641867664975,251.07777404785156,68980
2022-07-21,251.84017889111976,252.0123232547331,242.0026719031854,245.12608337402344,53586
2022-07-22,245.93768466432343,256.7343550254252,242.83887584189094,250.36456298828125,59774
2022-07-25,254.69305788979992,254.69305788979992,241.55999465611086,246.52793884277344,35790
2022-07-26,242.83888143881296,252.87312119137133,242.83888143881296,244.92935180664062,26352
2022-07-27,247.43790427983564,248.74138604748828,244.7817802259774,246.23281860351562,22382
2022-07-28,247.48708308708598,263.153316223296,245.07689683786396,247.78221130371094,297942
2022-07-29,255.77518713462598,258.1361828576846,249.99565165610318,251.1023712158203,105428
2022-08-01,252.82393475495553,254.3733541458844,250.88102108080815,252.6025848388672,42274
2022-08-02,251.348290292713,273.1875666634162,249.7251077296024,269.96575927734375,403026
2022-08-03,270.0395775355233,277.9095834381979,261.67769626393147,264.57977294921875,279326
2022-08-04,266.5472937279891,269.8920404745112,258.23458738261473,263.1287536621094,76240
2022-08-05,264.45681291043286,273.482714221848,264.45681291043286,267.60479736328125,166328
2022-08-08,268.072084592165,275.4502153607567,267.62938473737313,272.10546875,123514
2022-08-10,272.99080734075915,272.99080734075915,264.1124636649152,264.9978332519531,47478
2022-08-11,266.3259402520549,272.990845890632,265.6127149206149,270.70361328125,74982
2022-08-12,270.7035839038216,271.02331488650105,259.39045097752484,265.8094482421875,45888
2022-08-16,266.5964314036844,269.40012681577286,260.2020520526735,261.1366271972656,49644
2022-08-17,260.6939541917445,264.97327604790945,256.7835388745301,259.3904724121094,80432
2022-08-18,260.693927320728,262.66142865899764,255.82434949983548,256.6359558105469,33934
2022-08-19,256.6360066223746,268.6131613817945,254.32418608784866,263.32550048828125,96350
2022-08-22,264.43217018730417,267.77694650921694,256.04570166329086,257.66888427734375,33724
2022-08-23,256.2670691122563,264.08789954489566,253.83228001366552,257.39837646484375,42206
2022-08-24,257.39839728785796,262.1695947921665,254.79146360664586,256.26708984375,30526
2022-08-25,259.71020366690755,259.71020366690755,254.9144186560129,255.2833251953125,25654
2022-08-26,256.02114801476506,258.60349388811284,255.28333490809428,256.4146423339844,16836
2022-08-29,253.31581877914226,258.23457254184405,251.91398596544843,256.2178955078125,77346
2022-08-30,257.52130520352364,268.3917672575888,256.3408225061943,262.2679138183594,60542
2022-09-01,260.59555779130136,267.9245126096317,259.21831279785175,266.69482421875,65744
2022-09-02,269.4492780833275,272.9907861786306,262.98113602742154,266.1291198730469,74584
2022-09-05,266.59640912280076,270.45761816876495,263.47301301721336,266.4488525390625,28976
2022-09-06,267.8015671373964,270.4822940677613,263.1533386099477,265.09625244140625,44794
2022-09-07,266.10454964178456,287.6978883219462,261.21038417545867,280.8608093261719,177328
2022-09-08,287.74707670713633,318.95657333894036,287.74707670713633,315.95611572265625,1227120
2022-09-09,312.3900054962911,314.72641327955137,299.1585773262085,301.8638916015625,288048
2022-09-12,314.62810208712256,329.53192025127794,306.11863390756054,315.3905029296875,622658
2022-09-13,317.6039326928503,328.474366370741,311.8489848544476,315.36590576171875,138858
2022-09-14,311.35709577287946,320.48137748826827,299.06021205357143,301.2736511230469,164126
2022-09-15,302.79847436752607,309.8569041406097,297.5846073060469,299.3553466796875,93802
2022-09-16,299.35531131698724,310.81603042715335,292.6658188938038,294.28900146484375,134470
2022-09-19,294.6333409251783,297.5845930880348,288.3373423154222,293.15771484375,47968
2022-09-20,294.1414757890561,314.75106611806916,294.1414757890561,301.0031433105469,152616
2022-09-21,304.0035966305387,307.3237557079361,288.2389954599759,296.7238464355469,59270
2022-09-22,293.8955191649379,299.8964043890451,292.4198931272897,296.8467712402344,35588
2022-09-23,298.34700985775874,307.4221167485131,288.7062642852018,294.06768798828125,124838
2022-09-26,291.7312597442818,297.5845884514234,277.9095743389326,288.0914001464844,126222
2022-09-27,294.14146871558677,298.59293477124226,271.04791428951506,285.1893310546875,87894
2022-09-28,285.28768909200556,293.6495696343575,279.40977294172075,286.78790283203125,45884
2022-09-29,294.48580183066036,294.48580183066036,285.28772603852815,288.780029296875,25018
2022-09-30,285.2877468187194,293.55124796361264,285.2877468187194,292.8626403808594,27304
2022-10-03,294.338219600509,304.8151584853859,294.2152507637811,296.4532775878906,83976
2022-10-04,298.5683158642938,302.0114430653648,297.9042961984763,299.7980041503906,41772
2022-10-06,297.70756051292784,303.46250820747844,291.78046845170473,294.3382263183594,57854
2022-10-07,299.50293005628635,301.273669410677,297.33866638163954,300.6096496582031,81914
2022-10-10,300.06856322946896,311.9227776502114,296.6008478780192,308.65179443359375,118536
2022-10-11,312.1932713043832,312.83270321542324,296.15811787498296,297.43701171875,54892
2022-10-12,301.96230425188475,302.0606553093796,297.43704480457956,299.5766906738281,28634
2022-10-13,301.8639162319216,302.52793596319566,286.07469906898865,287.87005615234375,126892
2022-10-14,291.4115655159138,297.48621425492627,291.4115655159138,294.1906433105469,38136
2022-10-17,298.5683409054174,300.0439669724953,292.1739612814134,296.62542724609375,34432
2022-10-18,298.12564561738947,299.5275084154788,293.6741795849086,297.5845947265625,29374
2022-10-19,299.0848137479506,307.56966390949486,292.6904339160622,304.8643493652344,107478
2022-10-20,301.5687595755262,317.7514703040192,299.0602073449593,316.42340087890625,176230
2022-10-21,319.71895610375935,319.71895610375935,300.0439434204511,301.6179504394531,93860
2022-10-24,308.4304163786317,308.4304163786317,300.83093660694414,302.18359375,16186
2022-10-25,303.6838789029835,303.6838789029835,293.30529012309165,296.2073669433594,37634
2022-10-27,297.7075644105284,297.7075644105284,291.63291566667226,292.6904296875,39856
2022-10-28,292.69041496571583,292.69041496571583,286.32062331048803,287.9930114746094,49510
2022-10-31,289.4440857059313,291.7804938605452,286.2960711310379,288.1651916503906,52370
2022-11-01,289.6162128592637,297.09272451361323,288.2635555870577,295.1498107910156,70878
2022-11-02,296.65002875143813,309.38961306269596,295.17440261600393,307.32373046875,75274
2022-11-03,307.42210357377854,313.103258043484,304.00356377770015,309.11907958984375,105866
2022-11-04,309.8814513276894,324.6377109147222,309.14363834833773,319.9403076171875,272120
2022-11-07,324.5393508264861,324.58855637463597,316.8415195906326,318.80902099609375,91676
2022-11-09,320.2108356062772,320.2108356062772,308.4058278419905,310.4717102050781,69694
2022-11-10,309.8814823613936,321.8832533694632,300.70799472408265,314.6526794433594,94660
2022-11-11,319.71898167100335,324.09668435178975,313.74268408186197,320.55517578125,145904
2022-11-14,331.8437353631752,331.8437353631752,312.04575142332703,328.64654541015625,290726
2022-11-15,331.8437067445927,338.2626738615828,314.80021437928883,319.5714111328125,238528
2022-11-16,317.7514785616748,319.71897997691735,312.34084966975774,316.1282958984375,195988
2022-11-17,316.96451292386575,316.96451292386575,308.8977445293899,310.8160705566406,33126
2022-11-18,313.324621049637,342.837144225427,311.94737597243835,336.6395263671875,486282
2022-11-21,339.39399701938066,341.8533738093762,324.1458609214085,325.37554931640625,199778
2022-11-22,325.375527751863,333.02418305748995,325.375527751863,330.2942810058594,77148
2022-11-23,331.2288692389602,332.01585778206453,324.4901710100088,329.0646057128906,83546
2022-11-24,332.0158550007057,349.13311085418223,331.9174739282197,347.1410217285156,548920
2022-11-25,348.24774359514925,348.6904434134795,336.04924106677555,338.06591796875,101546
2022-11-28,337.67241404504955,346.03429465505076,334.9916874922116,341.041748046875,165080
2022-11-29,341.3615042726371,343.77170557660975,339.9104659374572,340.86962890625,54596
2022-11-30,342.54200097481464,348.24774294662063,340.32856193066243,342.9600830078125,169282
2022-12-01,344.6816385923683,345.2964827568214,341.36148010432197,341.7549743652344,38044
2022-12-02,340.8942358110168,346.03433968271025,340.8942358110168,342.0255432128906,132416
2022-12-05,342.837136807812,345.05057599810635,329.58108943048893,332.04046630859375,83016
2022-12-06,329.06463210974545,337.47568917293256,327.589005956787,329.2121887207031,58918
2022-12-07,336.7870247264152,336.7870247264152,323.6539481804109,326.38385009765625,61004
2022-12-08,328.0808512278417,334.4260551118381,326.85116287991127,331.819091796875,35720
2022-12-09,334.9671398857119,343.87007241731646,333.22098825922154,339.17266845703125,102306
2022-12-12,342.19769685513256,355.13401292837966,339.46779458834516,350.2644348144531,248278
2022-12-13,355.13400921546344,360.0527628057053,352.1827570613183,358.6263122558594,133478
2022-12-14,363.98775596555805,393.94297653950713,359.11817803247857,373.2104187011719,1158608
2022-12-15,373.33340082959086,382.65444497058326,369.37381015846347,374.5876770019531,182162
2022-12-16,374.80902807410996,380.3672136934432,362.04485634992534,364.0861511230469,88556
2022-12-19,364.6026267072591,366.3979838592494,359.0690286627982,360.6430358886719,48664
2022-12-20,360.05275358445067,372.2512561714987,359.88060922187674,365.7093200683594,60104
2022-12-21,371.07075538147325,371.07075538147325,340.00881675032724,345.3702697753906,109774
2022-12-22,344.31270816632906,347.16557888679864,316.0790540880158,330.2450866699219,227566
2022-12-23,330.2451517643113,330.2451517643113,308.4058722472192,309.9552917480469,152808
2022-12-26,307.4220891866172,323.1375123901747,305.4791755786201,312.6359558105469,170156
2022-12-27,313.8164685198055,318.9565718533469,308.89771509473013,313.02947998046875,111764
2022-12-28,314.60345823471846,335.45898484364386,313.0294811501636,332.0650329589844,122582
2022-12-29,334.37683726508874,334.96709365472077,322.1783353066698,329.65484619140625,63508
2022-12-30,333.98334948221844,339.0742471453268,329.8024091720581,330.54022216796875,80746
2023-01-02,332.0158695461742,336.04925352129527,330.5402434593023,333.1225891113281,41150
2023-01-03,336.4181377551838,339.1972153549971,329.63026420961023,330.9337158203125,39586
2023-01-04,332.6061239264592,333.31934920170374,325.44934345376834,327.5889892578125,29298
2023-01-05,329.23673425771926,331.5239665101212,327.0970886190365,328.1546325683594,51650
2023-01-06,323.2359305957993,331.7207812320739,317.8744767357954,319.5222473144531,100354
2023-01-09,321.12081327347084,330.44185724839406,319.66980499460965,328.44976806640625,79670
2023-01-10,332.0158875272066,332.0158875272066,323.8015625277508,325.7444763183594,94014
2023-01-11,319.79277763952274,324.1704503349833,317.30878305163236,318.5876770019531,75066
2023-01-12,318.6368818734864,322.03083418218955,306.6351399849597,311.55389404296875,153622
2023-01-13,313.12783158812357,319.7189731981139,309.95525964066223,318.24334716796875,180546
2023-01-16,319.7190137169989,321.68651533987276,311.84900722550356,314.16082763671875,140046
2023-01-17,315.07077651945804,319.7190049808253,312.0949364005133,313.3492126464844,91158
2023-01-18,312.8327406535144,316.71856815144025,307.5204925712834,310.3241882324219,64050
2023-01-19,309.8814729895521,310.98819253594337,306.73345871558575,307.5204772949219,25078
2023-01-20,309.06984918153665,309.8814554783692,296.84675933523147,304.7905578613281,211992
2023-01-23,309.3650466132187,330.93377143688025,308.8977589671305,320.3338623046875,323352
2023-01-24,321.5389385801263,322.0554017194391,310.9882057840632,313.0048828125,172392
2023-01-25,313.7426854016299,319.62060193987566,309.1436628084614,312.2670593261719,137474
2023-01-27,309.8814598496709,311.8489611820498,300.5358285208713,308.7501525878906,109468
2023-01-30,304.24952499327185,312.3408813895118,303.7084740578094,309.73394775390625,42690
2023-01-31,299.06019796240804,314.16077646254473,299.06019796240804,309.29119873046875,47466
2023-02-01,314.1608233894081,314.1608233894081,305.4792105871718,307.5942687988281,54020
2023-02-02,304.9873426670058,315.93157056465503,304.9873426670058,314.4067687988281,34286
2023-02-03,315.9807444037537,318.68605889343763,311.3571039945273,313.6935119628906,31566
2023-02-06,313.816512972934,318.4893293886752,312.4146800568887,314.0132751464844,33840
2023-02-07,315.5872510986228,317.25963950157166,313.05411074972653,314.8002624511719,17782
2023-02-08,317.9973985217584,320.70271281699377,313.29999515891444,316.3988037109375,19650
2023-02-09,316.3988249907311,326.1871566532204,315.56263087526344,323.08831787109375,78418
2023-02-10,323.0883126660283,324.56393872071976,316.76772640710857,318.4154968261719,17658
2023-02-13,319.96493214178025,321.1700328175209,310.1766001490588,315.21832275390625,33300
2023-02-14,316.76770730203697,318.09577667549786,312.73432365813943,315.7593688964844,14724
2023-02-15,314.80024646323074,317.3580044700827,313.1770636967429,315.3905029296875,15246
2023-02-16,316.98907258170243,318.24334870906193,314.45590254234435,315.5626220703125,13784
2023-02-17,314.45591258935326,322.0308051648097,307.0040188759562,318.1941833496094,46004
2023-02-20,319.7928082036572,319.7928082036572,312.3162960051117,314.48052978515625,26666
2023-02-21,316.0545247346541,316.0545247346541,307.4221176746871,308.6026306152344,18920
2023-02-22,309.88149011458836,311.60305394855834,304.1265421509793,307.6434631347656,24600
2023-02-23,309.192835392386,311.8243865482497,302.5033425893301,304.52001953125,19086
2023-02-24,308.40587191424476,309.88149809565266,305.528412869176,308.84857177734375,16206
2023-02-27,308.84856560779514,309.83231637574903,296.72382538408726,299.3553466796875,34630
2023-02-28,304.12652796818116,307.8893864670555,302.67548965716543,305.552978515625,17776
2023-03-01,307.10239954145965,311.28334051715626,298.22405441505424,299.5521240234375,56268
2023-03-02,302.527940445317,304.15112316268267,299.0602250896516,300.0439758300781,29830
2023-03-03,301.5442140260567,304.7168164241576,300.1915566488712,301.76556396484375,15278
2023-03-06,300.7817911669648,311.84898708071245,300.7817911669648,306.6842956542969,40802
2023-03-08,309.8814362260966,313.7180575274159,306.6842468047162,312.242431640625,27026
2023-03-09,313.81644818588467,315.1445175289397,307.9139444582505,309.2666015625,34220
2023-03-10,310.81604774032786,310.81604774032786,304.9627190277329,306.41375732421875,19740
2023-03-13,307.02863693121884,307.1270180175589,297.1419231770462,299.15863037109375,108978
2023-03-14,303.6838704007041,303.6838704007041,297.5846037045301,299.5029296875,24724
2023-03-15,301.00313944870754,304.2003293619168,298.61752588506806,299.6504821777344,21570
2023-03-16,301.1506898780562,303.683859996772,296.2073485026073,301.3720397949219,22790
2023-03-17,302.89685296054046,303.95439703608014,297.1173172462869,299.8226318359375,34092
2023-03-20,299.5275288199652,312.2670835812744,299.5275288199652,308.7747802734375,72706
2023-03-21,308.7747715888208,317.9482594877902,306.43836352024744,310.963623046875,69376
2023-03-22,308.08612167862736,316.8661149232502,307.4221019470975,311.7998046875,41688
2023-03-23,328.08089936083684,336.9346567648774,317.800691255246,320.72735595703125,476366
2023-03-24,323.9982919199143,329.5318894856502,314.80021707297567,316.10369873046875,123668
2023-03-27,317.6776938164909,321.48972791131945,315.2183169811176,318.0466003417969,44744
2023-03-28,320.65357136681666,321.2192100392784,312.83274083721017,315.5380554199219,79030
2023-03-29,318.66143118980574,324.6377286578646,312.88189586900285,316.6693420410156,201758
2023-03-31,324.5885741120317,327.1217142969751,316.27586821102835,317.03826904296875,191850
2023-04-03,321.16999068491697,323.65395500393817,317.2595759537084,319.3746337890625,107748
2023-04-05,322.54729472167753,327.564429824241,316.30047111464705,317.23504638671875,128256
2023-04-06,319.4238885977637,320.70275259637344,305.1348845759252,305.99566650390625,176098
2023-04-10,309.0207034166732,312.34086218796256,306.7088831567707,308.18450927734375,63484
2023-04-11,309.7339235245426,311.4554873030414,295.1252191712288,296.797607421875,246296
2023-04-12,297.5845922872797,302.42955256625635,297.1418924553667,298.0518798828125,169070
2023-04-13,301.0276966582561,301.3474276258,297.33863174822847,298.1502380371094,141770
2023-04-17,300.48666477023323,303.0443925851952,297.14188835678027,298.1994323730469,141718
2023-04-18,300.5850377661266,301.1507064713192,296.6008591297762,297.7813720703125,72692
2023-04-19,299.7980516222016,300.1423704011675,290.69835686418566,294.7071533203125,95964
2023-04-20,295.1252373733775,296.45330694589603,286.27148025217616,289.0259704589844,142702
2023-04-21,289.22271689440623,292.27235018572605,286.91089665638845,288.1159973144531,97238
2023-04-24,290.9443060595383,291.6575314109374,284.2301946802565,286.4436340332031,82630
2023-04-25,287.7470593712028,288.70622224011083,282.95127504834943,284.4023132324219,131820
2023-04-26,284.4023421906451,300.78178584906055,284.4023421906451,293.7971496582031,160838
2023-04-27,296.72383092163494,300.0439898254411,293.15773432125064,295.42034912109375,682610
2023-04-28,296.8467593090794,303.4870762116023,295.6170709937974,298.7896728515625,118416
2023-05-02,301.2736667192789,306.93023352298775,297.6337769412596,299.5766906738281,518574
2023-05-03,300.043999432343,304.0281782358004,297.0927469789101,299.5521240234375,283896
2023-05-04,301.47044597435627,304.66763608820344,298.83889455994375,299.6996765136719,131668
2023-05-05,300.53584724950156,303.9543870318821,297.7075639079555,302.7984619140625,249518
2023-05-08,309.8569118216421,309.8569118216421,303.978994833072,305.0611267089844,285038
2023-05-09,309.2174567135408,310.86522715895126,303.4870967675204,304.7659606933594,244606
2023-05-10,307.3729482484291,312.31628999446605,300.7818059059187,302.7738952636719,321424
2023-05-11,309.881496641843,339.14808243579483,309.881496641843,331.278076171875,700248
2023-05-12,328.0316832428421,329.9008035703229,320.70272851203566,323.3096618652344,123003
2023-05-15,322.6210582825389,327.44143077108697,319.71898167100335,320.55517578125,87329
2023-05-16,321.68652641871677,332.5077857172057,321.68652641871677,327.53985595703125,90273
2023-05-17,332.4585515500302,332.4585515500302,316.7677163258361,319.17791748046875,154868
2023-05-18,320.70271454262814,322.1783405297875,308.99608771550163,310.7176513671875,79363
2023-05-19,312.3408595637193,313.3737858307658,303.97897828406064,306.04486083984375,77804
2023-05-22,305.9464985602353,308.8977509579224,299.6012938965311,306.09405517578125,84130
2023-05-23,310.373374320433,314.8002528765089,309.09451030179883,310.6684875488281,81246
2023-05-24,306.9794264608623,308.89775253784745,296.40410531506024,299.6996765136719,190258
2023-05-25,300.5850230744161,302.60173008078726,294.6333431758666,297.19110107421875,126770
2023-05-26,297.19109387148023,300.0439649105542,292.1739592735561,294.09228515625,130437
2023-05-29,296.6008361867311,301.765527364112,292.51827678418687,294.8792724609375,129981
2023-05-30,296.35488323039914,296.9943151483845,292.6658182939211,294.6824951171875,63009
2023-05-31,296.10899707505655,298.22405533553984,293.6987955553035,296.1581726074219,92809
2023-06-01,298.0764859843312,304.9627414361144,296.65003534635673,299.99481201171875,205725
2023-06-02,300.04396399395506,303.38871037512365,298.17484366521575,300.4866638183594,89874
2023-06-05,302.70008505221256,310.96358445432855,301.0276969493745,302.25738525390625,171262
2023-06-06,304.9627327019589,314.80024020847367,299.1586092774532,311.5046691894531,219964
2023-06-07,318.735210026144,318.735210026144,310.86520484031325,313.0786437988281,151262
2023-06-08,313.07868660251813,347.2640263022432,311.9473792067216,339.4924011230469,1674775
2023-06-09,342.2468660837303,342.2960716322552,331.2780516690341,338.164306640625,370149
2023-06-12,339.7383037013232,343.8208630232994,330.54022882926637,334.03253173828125,163668
2023-06-13,337.4265199444667,340.67288553292343,335.5573994534858,338.3118896484375,129483
2023-06-14,340.03339980410453,352.13355058565077,334.57359580746504,347.4115295410156,629126
2023-06-15,351.149811443449,354.24862003000527,344.31273232153205,344.75543212890625,156957
2023-06-16,345.296529566988,349.7234081511802,344.41115985448795,346.77215576171875,86105
2023-06-19,351.1990094138452,356.60963841041706,342.3452528740004,353.65838623046875,171542
2023-06-20,357.1015242947877,357.1015242947877,348.6904673428015,354.3962097167969,111298
2023-06-21,356.1178030843728,357.98692367080855,349.2315472236253,349.9693603515625,111028
2023-06-22,350.0185009670829,352.96975318441645,341.41068199986,344.90301513671875,74759
2023-06-23,346.67373384215534,348.1001843377132,336.4427327681629,340.0334167480469,77979
2023-06-26,343.378204819012,348.2477832889323,340.57453905564955,345.98516845703125,51170
2023-06-27,347.26400655617186,348.2477572829599,335.6557599887491,339.44317626953125,73197
2023-06-28,341.16473375582393,346.28024944954973,338.4102437802418,341.5582580566406,56863
2023-06-30,344.3127577596479,347.41156657514676,335.40982560339586,340.0826416015625,104600
2023-07-03,343.4765607932902,353.85514899022206,340.0826387935536,350.2644348144531,131639
2023-07-04,353.90432788711263,353.90432788711263,346.2802596699476,347.9034423828125,48651
2023-07-05,353.95350692145513,354.5929689246456,348.69046443998525,351.14984130859375,78624
2023-07-06,356.2161198193253,363.00399336572906,350.6579345973312,354.5437316894531,153872
2023-07-07,356.3636949714496,356.3636949714496,349.2315023184668,352.3795166015625,54614
2023-07-10,356.117743286603,356.117743286603,349.3298696537098,351.0022277832031,38691
2023-07-11,352.77303252929244,356.8555922251175,351.2482008210361,353.0681457519531,60647
2023-07-12,357.0031212470292,357.93769641604854,347.11643876996135,350.7071228027344,57572
2023-07-13,354.1502462561011,354.1502462561011,344.3127394156539,344.8537902832031,64054
2023-07-14,347.21483329925616,348.24775956046295,340.9680101389607,343.4765625,66287
2023-07-17,346.7721615101211,349.6742384165423,338.9021550077637,340.230224609375,82121
2023-07-18,340.2302156917838,345.29652624054756,337.08220116467487,338.3118896484375,53708
2023-07-19,341.3614937981573,343.32899520333405,336.8854401100559,340.1318054199219,66854
2023-07-20,341.8042290711654,344.8046570165556,339.9350785250487,342.1977233886719,62017
2023-07-21,344.31275819455016,351.7400642554995,339.6891177186902,347.9034423828125,116933
2023-07-24,349.6742115209966,365.365017765182,348.2477609434843,359.1181945800781,361743
2023-07-25,362.02026651991076,367.9227708653441,360.1019405989691,362.6596984863281,264877
2023-07-26,364.77475925808005,370.82485027459734,361.03651848678385,363.6926574707031,138543
2023-07-27,363.6926989402179,363.6926989402179,350.21530037227063,356.2161865234375,121243
2023-07-28,360.93812541608037,368.6113988803863,355.7242587206725,366.74224853515625,114234
2023-07-31,370.037838208597,373.08747153464213,362.5121509835613,367.1849670410156,91107
2023-08-01,371.8086270429365,382.38394814789297,368.36549924132277,375.05499267578125,269490
2023-08-02,377.07166512652924,383.1709320223394,355.8226721177399,364.7747802734375,236896
2023-08-03,359.06899552542416,363.98774888878614,353.5108102291627,359.61004638671875,119980
2023-08-04,361.9711180020759,401.3211499078674,361.9711180020759,389.27020263671875,732707
2023-08-07,388.5815404504907,388.5815404504907,371.11996489860155,376.3338317871094,286042
2023-08-08,378.2522039926739,387.4502804972246,372.6940176626599,381.35101318359375,185980
2023-08-09,385.1384028006629,391.53278241293447,379.33427961847735,386.810791015625,155037
2023-08-10,388.53233536398017,396.7958349076476,383.66275758594503,386.7615661621094,145881
2023-08-11,389.2209619305475,397.9271617077243,375.7927707598286,381.2033996582031,123989
2023-08-14,381.646112750706,392.51654645204263,373.8252823352787,385.58111572265625,94782
2023-08-16,399.84549610772405,399.8946716355347,387.74534411902243,392.123046875,189612
2023-08-17,392.51652183674247,395.221836210304,388.63069463695155,392.0738220214844,62609
2023-08-18,395.5299808208104,425.84523636819523,384.12474654429667,412.95880126953125,803733
2023-08-21,415.57555834018393,424.61087678426986,411.7738037652105,419.0810546875,242260
2023-08-22,424.11716226271113,428.2151451143631,418.14299775868795,421.45098876953125,168224
2023-08-23,423.42591468622675,425.0058682010849,402.8866093983907,412.2675476074219,132766
2023-08-24,418.3898433020628,418.3898433020628,403.9234254536347,410.9344482421875,84553
2023-08-25,412.0700512205263,417.15553141743095,396.4680814875139,399.52923583984375,139520
2023-08-28,397.9492634840419,409.0582689783235,397.9492634840419,404.466552734375,81012
2023-08-29,404.86151627636684,412.8106144809219,398.7885995592423,402.1953430175781,75241
2023-08-30,408.12018334813473,411.0332236538991,401.89915201714575,403.23223876953125,82022
2023-08-31,405.8983659381212,411.77380762129246,399.67733485543914,404.6640319824219,64124
2023-09-01,406.68836426595755,416.7111501197792,399.92420805334257,413.0081481933594,149749
2023-09-04,421.2534836185281,423.1296651382109,412.41564075238097,417.1061096191406,107997
2023-09-05,420.9572327450658,422.63593894913976,413.2550010519042,414.5386962890625,93770
2023-09-06,414.53870884120266,416.31616784082655,398.5417586552277,407.8239440917969,108935
2023-09-07,409.89763843952824,412.5637817834549,400.9116809430926,404.51593017578125,107403
2023-09-08,409.7988769178238,419.5747959064325,404.86154105134403,409.9469909667969,124162
2023-09-11,413.55123187113844,416.266766543522,407.52770634229967,409.552001953125,68458
2023-09-12,412.4650370167698,413.0081318904975,390.9382352531892,393.2587890625,148451
2023-09-13,393.2588199236156,403.57786441507693,385.1122153677591,394.7400207519531,108429
2023-09-14,396.7149271216522,403.87406395209894,393.01192531280043,396.3199462890625,71637
2023-09-15,400.26981249147474,400.61543201858854,392.5675506940607,395.4805908203125,52242
2023-09-18,396.2212225275097,397.9492901647013,384.2728631233345,389.6545715332031,86938
2023-09-20,389.6545647613189,392.9131944807761,387.18589675109143,387.8771057128906,73811
2023-09-21,391.77762575876017,393.0119598033687,385.1122219178739,388.4696044921875,58373
2023-09-22,388.5683505339246,391.0863798874075,384.1247480500551,385.2109680175781,58136
2023-09-25,385.21091431106447,388.46954362420405,374.2500236853437,377.55804443359375,75780
2023-09-26,377.5580885733865,385.01345385221936,373.26260024199286,376.0274963378906,101487
2023-09-27,376.02748796183306,385.0628367157831,374.20069779725725,374.89190673828125,70107
2023-09-28,376.7187250986425,379.53301255824863,373.95382907856657,375.53375244140625,54791
2023-09-29,378.1999302253432,393.01193793651856,375.53375678328894,383.77911376953125,96893
2023-10-03,385.0134555602013,385.06284700130516,380.0761195562615,382.6929016113281,56530
2023-10-04,382.69291105992187,385.11221781562745,377.0149745152043,379.483642578125,43617
2023-10-05,381.4092248881744,386.4946751929949,380.86612995532215,382.841064453125,64516
2023-10-06,386.6921720785827,392.71572818965575,378.29870064998653,382.446044921875,71527
2023-10-09,375.2375110904747,378.39741797475244,365.4122010486688,371.23828125,107827
2023-10-10,371.23829093703836,380.12549537897735,370.3001850807912,376.8174743652344,57122
2023-10-11,378.74302301050255,385.1121983448641,376.5212218662053,383.68035888671875,44959
2023-10-12,385.6059415327295,386.3465419326003,378.69367113393537,381.2117004394531,45814
2023-10-13,381.2116823823185,383.1372553848155,376.52121340531363,381.8041687011719,26012
2023-10-16,381.8535709839864,383.729752601048,375.7312624071465,376.47186279296875,62926
2023-10-17,378.3974239975977,382.0510343721478,375.8793646836112,378.1011657714844,43848
2023-10-18,380.0267623192642,380.0267623192642,372.47264417937487,373.3613586425781,59856
2023-10-19,373.2625666791214,375.13874815657226,369.3126982486545,371.4851379394531,52827
2023-10-20,370.300198333427,372.2257714188037,365.0666342510241,366.4984436035156,53912
2023-10-23,366.4984621783181,366.4984621783181,356.4263143542386,357.8581237792969,79983
2023-10-25,364.37540226071224,366.79470899101216,346.8478591980357,353.661376953125,94638
2023-10-26,353.5132708721631,363.3879432428939,344.7248184892344,361.3636474609375,83499
2023-10-27,363.19040948628077,367.73276445045667,360.4255134916204,363.68414306640625,47752
2023-10-30,372.07764238360835,373.2132538128292,356.42631080476104,359.141845703125,78472
2023-10-31,360.9685951654968,363.9309965378361,354.50069755659814,359.388671875,53460
2023-11-01,361.2154711956405,361.2154711956405,353.76010627173014,356.1794128417969,41285
2023-11-02,358.49995652229626,361.61050232440647,353.06888689780965,354.2044982910156,41496
2023-11-03,355.9819255301623,367.3377983279344,355.5869446772613,364.3753967285156,53777
2023-11-06,366.2022034851702,367.9796323248169,358.9443138089177,360.07989501953125,58629
2023-11-07,360.4255279292905,367.2884370219871,357.46312632987167,364.3753967285156,67159
2023-11-08,369.3127305208328,377.2124680720806,365.36286174520893,372.3244934082031,135265
2023-11-09,374.9413116700746,380.1748758287388,367.7327829564131,371.1395568847656,95606
2023-11-10,371.2876645271721,376.61998134176434,366.6465566665396,370.8432922363281,76924
2023-11-13,380.17485776084527,387.6302227875674,374.54628287761625,380.5204772949219,117842
2023-11-15,390.04951660358216,391.53071729954513,381.3598179079749,386.49462890625,145217
2023-11-16,390.04951166373627,390.04951166373627,382.1497747186479,383.3347473144531,76840
2023-11-17,385.1122065988815,385.60594019708526,372.2751330455855,376.0274963378906,119643
2023-11-20,381.1129581043497,382.2979006017558,367.33777932559747,369.3127136230469,113729
2023-11-21,371.2382636455755,375.18813199606393,365.4121837205218,368.2264709472656,64988
2023-11-22,368.2264896928589,372.2257496823843,367.3871365986297,369.8558044433594,48395
2023-11-23,369.8558037415879,373.36133015551593,365.3628403267471,367.6340026855469,45499
2023-11-24,369.510199491008,369.510199491008,364.37535853618533,365.4615783691406,55253
2023-11-28,370.30019658044,370.99143566809965,357.8581039483158,359.8330383300781,127139
2023-11-29,360.4255281129828,369.80646651592343,360.4255281129828,365.1159973144531,72684
2023-11-30,370.10267032319774,370.10267032319774,357.61121708641923,360.3267517089844,122267
2023-12-01,362.3017010512784,382.05104458239316,362.2523397464933,377.85430908203125,204423
2023-12-04,395.08560573607105,396.1718256088306,379.187378875969,382.1497802734375,214937
2023-12-05,384.816002705567,388.81523304859456,377.45935957542923,382.2979431152344,167345
2023-12-06,385.11221865513147,388.2721258366015,382.1498169731689,383.1866455078125,128275
2023-12-07,388.0746026371591,397.8999131549162,383.1866280308162,386.00091552734375,415976
2023-12-08,388.56830210378314,391.72820886362433,385.1121672693149,387.28460693359375,92405
2023-12-11,387.28464249892824,389.21018543103975,382.1498010764168,383.87786865234375,108472
2023-12-12,385.11221276788217,399.67735414820595,385.06285146131404,392.4194641113281,411051
2023-12-13,394.8881271039079,397.94928144977376,382.1498062557381,387.77838134765625,220645
2023-12-14,388.71644656443516,391.9751063158962,384.4209583355268,386.5440368652344,95640
2023-12-15,387.08712510729816,389.6051543007649,382.14978932786835,385.5071716308594,293236
2023-12-18,386.54404627981745,403.8247222255348,384.1247395933741,400.17108154296875,590156
2023-12-19,402.8865820506285,406.8364505021052,396.1718177371599,402.1953430175781,563152
2023-12-20,404.8615330623334,408.16955405462,390.04952575517484,395.6781005859375,394873
2023-12-21,395.9743377716522,398.443005712872,386.4946468503469,391.7282409667969,134924
2023-12-22,392.02447779484197,399.57859583615937,392.02447779484197,394.34503173828125,136224
2023-12-26,394.3450565088912,410.7863803692441,394.24630375581904,406.540283203125,557253
2023-12-27,407.8239662981019,413.1069220096147,403.87409737511786,406.6883850097656,200090
2023-12-28,405.1084220323985,409.9470053239845,398.6405238748335,401.10919189453125,123558
2023-12-29,403.1334863865989,406.78712709864664,398.59113121719315,404.71343994140625,94486
2024-01-01,410.6875953822608,414.09436921765007,399.7267036239505,401.3560485839844,239672
2024-01-02,402.6890918650618,408.5151721603038,399.33170958083986,405.1083984375,138599
2024-01-03,404.56531466302823,413.7487473594458,403.97282832952556,408.5645446777344,292773
2024-01-04,406.14521322272446,413.6499693399556,405.84898514162654,407.3795471191406,140224
2024-01-05,407.52771578813025,428.4126405437015,406.93522945521977,422.4384460449219,868353
2024-01-08,423.62341642096703,431.5231537901226,409.6507619762944,414.2918395996094,281622
2024-01-09,417.64922539245225,420.66098801788115,409.3544775769737,413.74871826171875,196902
2024-01-10,413.7487540426812,416.4149275189562,408.9595321275762,411.08258056640625,83949
2024-01-11,412.76128489500394,436.46049742486065,409.5520165315859,426.3389587402344,696947
2024-01-12,426.73393563606675,438.43542774131924,415.32870176575756,419.5747985839844,389965
2024-01-15,429.54820049248707,433.3993162629848,410.7863250686773,414.1437072753906,208152
2024-01-16,414.3412127353134,421.5003494098489,399.874825344135,407.5770568847656,223080
2024-01-17,399.52922826841484,412.02068210633075,399.4304755230936,401.3560485839844,170976
2024-01-18,401.3560624113204,406.04653169215953,387.13651037816385,400.5660705566406,229551
2024-01-19,404.9109129777729,408.21893412211324,398.2949008241997,403.87408447265625,231127
2024-01-23,388.07458695246584,398.64049742989585,369.3127112473848,380.8660888671875,405139
2024-01-24,387.58086669455145,393.6044224969531,381.16233004865444,385.16156005859375,193266
2024-01-25,389.9014405659871,390.04955462299955,378.69368151372237,382.446044921875,114118
2024-01-29,385.1121896909228,394.98686122145926,378.79240593840063,381.8041687011719,95691
2024-01-30,381.9029455984629,385.90217576723495,378.94054395193314,380.0267639160156,83908
2024-01-31,380.07613687103355,382.6435577370653,374.44759165119234,376.916259765625,100318
2024-02-01,378.79241904254064,379.63177217869446,375.731264735154,377.31121826171875,51336
2024-02-02,377.3112377151627,382.0510684041265,371.58390965296377,373.114501953125,115261
2024-02-05,373.0650745709086,384.91468028689434,365.36284290956013,369.2139587402344,314335
2024-02-06,363.3879182016792,364.37538537070554,347.68719624118233,360.17864990234375,783957
2024-02-07,363.38793697753533,369.75711260088593,359.43806809734474,361.8079833984375,285513
2024-02-08,363.437280280607,381.7548143861452,363.437280280607,370.44830322265625,344429
2024-02-09,372.2751404642982,377.40998204198684,361.11677297657326,371.9789123535156,190444
2024-02-12,367.9303050753704,371.0901822088909,350.550875368126,352.8714294433594,169756
2024-02-13,354.5007209530417,360.37616278332575,349.4152709552493,357.6112365722656,89362
2024-02-14,354.10572884586645,363.0422945707156,354.10572884586645,360.72174072265625,223046
2024-02-15,362.5485642018924,369.26335901605336,361.9067165706029,364.52349853515625,125443
2024-02-16,366.35035163192384,370.3495819609241,363.88168349424245,364.6222839355469,80876
2024-02-19,364.62224994602195,377.163094970449,364.62224994602195,373.2132263183594,156490
2024-02-20,372.37385256461374,376.61994907623523,371.28763271846964,372.2257385253906,53560
2024-02-21,375.2375364977904,375.2375364977904,362.54857693393575,366.5971984863281,133809
2024-02-22,368.2758808988269,385.30968901673157,366.49842197067795,369.1152038574219,131339
2024-02-23,361.7586157002566,367.04157126119867,355.9325652319264,360.0305480957031,203314
2024-02-26,356.92003057225605,359.78367941783887,350.5508550946622,352.6245422363281,165993
2024-02-27,352.62449865294224,356.12999471657656,349.5633446921765,350.5508117675781,99093
2024-02-28,352.2789278313939,352.2789278313939,339.6887208801668,340.4293212890625,168653
2024-02-29,340.4292914970464,345.61349390563083,336.8250425161944,342.6510925292969,89526
2024-03-01,344.3791887055552,345.61352271525254,342.6017597856341,343.29296875,91277
2024-03-04,345.9591426087227,347.7859629719114,333.8132778601687,335.9857177734375,125570
2024-03-05,337.6644065505879,339.44183537998975,329.8140305946664,331.49273681640625,108366
2024-03-06,331.73960425541316,337.2200349360562,325.1729235372996,333.71453857421875,110163
2024-03-07,334.4551439611422,338.2075071691219,327.59223504629546,330.3077697753906,100193
2024-03-11,330.3077544237574,332.3320499827757,318.95188244805274,320.82806396484375,121127
2024-03-12,323.79049349509836,323.79049349509836,305.9173308918329,309.7190856933594,310324
2024-03-13,311.2990407916432,319.8900176510387,290.3153623877656,298.0669860839844,335701
2024-03-14,297.2275961482778,307.250381154164,295.30202325540176,302.8561706542969,208072
2024-03-15,302.85620613373385,311.7434110464082,295.00582974016174,298.7088317871094,227661
2024-03-18,303.20178159465644,305.374221416252,296.7832450087045,300.97998046875,114594
2024-03-19,301.1774870559966,305.1273557386982,296.2401512026196,297.375732421875,137981
2024-03-20,299.4987790846732,302.75743881017405,297.17825535505307,298.7581787109375,102078
2024-03-21,301.17750707176367,304.6830037065883,293.1296551229333,294.66021728515625,223974
2024-03-22,294.66021531599677,302.80681996103664,294.2652344511377,295.30206298828125,200470
2024-03-26,296.24016090938716,299.0050570238318,294.46273199797383,295.6476745605469,226660
2024-03-27,297.12884812667636,299.2025350899644,285.4767482531223,287.05670166015625,358493
2024-03-28,288.8341427219193,291.2040578659498,278.51509890225617,281.08251953125,349536
2024-04-01,283.7487034174123,318.4581691609572,283.7487034174123,313.027099609375,496701
2024-04-02,315.2489207064592,334.30702664657275,315.2489207064592,331.59149169921875,412815
2024-04-03,330.80148471568754,343.9841767754083,328.82655047857895,341.8117370605469,264034
2024-04-04,342.79920942183537,347.5390697444499,338.9480936275961,344.9716491699219,153169
2024-04-05,343.63857553446917,350.0077508419524,337.26940022698597,347.78594970703125,155966
2024-04-08,349.56339318017365,355.38944370615496,338.20752023787986,341.169921875,105956
2024-04-09,341.1699026808637,341.2192639846622,328.82656322062985,330.75213623046875,147490
2024-04-10,333.41828120249835,339.6887037078476,329.76467078437884,336.67694091796875,78875
2024-04-12,336.5287974274156,336.6769416100964,331.34459481656563,333.0726623535156,43979
2024-04-15,326.65414622068613,329.66593934025747,311.0521761080404,316.4832458496094,144805
2024-04-16,316.4832530581547,323.39552379577424,316.4832530581547,322.70428466796875,59822
2024-04-18,324.13610924593814,328.77721715209356,317.76693373527274,319.0506591796875,88523
2024-04-19,317.07573204473874,320.82809544652645,312.0890044763195,315.7426452636719,91955
2024-04-22,330.75213302819833,330.75213302819833,313.4220665127523,314.5576477050781,111268
2024-04-23,313.9652409144773,319.3963110787559,311.2990671434236,316.9276428222656,120605
2024-04-24,317.32257425128427,319.93935616823165,315.0513817282858,316.0388488769531,93540
2024-04-25,319.1493881561189,319.1493881561189,314.0145470311275,315.00201416015625,67162
2024-04-26,315.05138127870725,318.11253546222906,311.0521513863536,314.5576477050781,91513
2024-04-29,316.13761954770854,317.2732008060562,311.6446558205084,313.224609375,68328
2024-04-30,313.22459477798844,317.7175582958059,311.0521549749148,312.5333557128906,63163
2024-05-02,313.8664205354841,316.6807077685742,311.1014946028448,314.4095153808594,55373
2024-05-03,315.00203379755436,316.631348635003,311.05216503520256,312.2864990234375,55857
2024-05-06,312.5333852009601,315.44642564787205,306.11484806413154,307.34918212890625,87013
2024-05-07,308.8303414593807,308.8303414593807,303.74489182368126,305.37420654296875,54427
2024-05-08,305.12738022258975,307.1023147224123,302.5599593457986,304.38677978515625,37521
2024-05-09,304.13990073474736,308.4847504325079,301.17749910421406,304.5348815917969,35570
2024-05-10,304.7323713976071,317.6188057728781,299.7456441619048,313.2739562988281,81271
2024-05-13,313.0764380169305,313.2739434947674,299.202537049376,305.37420654296875,62885
2024-05-14,306.90479415808176,310.5090735514774,300.23939054826246,302.2143249511719,79642
2024-05-15,302.21431078944056,311.05215388236286,302.21431078944056,308.8303527832031,55712
2024-05-16,308.43539560608474,310.4596913754353,303.6461735090824,304.8311462402344,50661
2024-05-17,306.11485236278344,322.01308136735634,306.11485236278344,319.29754638671875,121689
2024-05-21,335.5413117015427,335.5413117015427,323.6917063893973,326.3578796386719,277776
2024-05-22,325.8641470890531,334.55384562405266,325.8641470890531,329.3202819824219,178947
2024-05-23,325.9135463305191,333.31955053559176,325.9135463305191,328.2341003417969,93220
2024-05-24,328.82656910122796,330.85086475486554,321.46992659732297,323.0005187988281,53552
2024-05-27,320.9762265512645,323.3955334355899,315.9895288530955,319.4950256347656,73665
2024-05-28,317.17444667463934,320.87744832416377,309.6696906379156,317.5694274902344,97119
2024-05-29,315.9894950926156,319.14940209758436,312.03962640395787,312.7308654785156,56736
2024-05-30,312.7308711195143,315.24890039991084,310.55843124752374,311.5458984375,51032
2024-05-31,311.5459141023166,314.063943509322,301.2762608372176,309.37347412109375,82752
2024-06-03,316.9769667843147,320.9268355292906,305.8185996338006,307.102294921875,77791
2024-06-04,307.10229114050367,309.0772254886741,294.2652178773958,301.0787353515625,114219
2024-06-05,302.0662142669723,311.0521719274536,296.240163740432,307.4972839355469,49209
2024-06-06,308.0897651983303,314.6564160256964,308.0897651983303,310.904052734375,54708
2024-06-07,315.94014351859107,321.66744123949536,308.7316148587136,319.0506591796875,111791
2024-06-10,324.8273294016774,325.5679297604271,319.0506405764083,324.72857666015625,76816
2024-06-11,326.80225841585286,327.39471458520353,317.3225679498731,321.56866455078125,67844
2024-06-12,321.914282115549,328.48093245683594,321.914282115549,327.2959899902344,112841
2024-06-13,328.8265537312742,328.8265537312742,316.8781954515552,320.82806396484375,140072
2024-06-14,323.6917138053367,326.85162068167904,321.124323370302,324.53106689453125,95940
2024-06-18,329.4190666634912,329.4190666634912,321.9143098545837,326.4566650390625,115493
2024-06-19,328.13535640351597,328.8265955352614,319.34690387118695,321.32183837890625,157812
2024-06-20,322.06240735781466,323.741113579431,310.01532611864224,318.3594055175781,188983
2024-06-21,319.840633326115,321.3218341875837,317.96445159527644,319.6431579589844,49887
2024-06-24,319.93934467938334,322.65487924070527,316.7794378630759,317.6681823730469,68676
2024-06-25,318.26064029762296,320.82806083322083,316.9769450973765,317.76690673828125,43556
2024-06-26,321.4205571189579,321.4205571189579,315.9894877974394,316.7794494628906,76925
2024-06-27,319.9393738190753,322.25992777348824,315.84139095304386,319.791259765625,108039
2024-06-28,320.7787218979421,322.16116993347043,316.08825275714827,316.63134765625,66156
2024-07-01,316.53263179313876,320.9268733437357,315.9895368307551,316.9276428222656,79653
2024-07-02,320.72933837846733,325.76542718629497,317.668214129593,322.8524169921875,171160
2024-07-03,324.6792127870357,346.55163601382645,320.9268493715045,339.9849548339844,538703
2024-07-04,359.0924278642817,359.0924278642817,340.67617129795,345.46539306640625,366602
2024-07-05,345.61352198359214,346.5022364416713,338.25687924732694,340.33056640625,127125
2024-07-08,342.50298587087235,342.74985265755527,328.92531260331305,333.51702880859375,124835
2024-07-09,333.46766227067997,333.46766227067997,325.86415330616074,330.35711669921875,113267
2024-07-10,330.3571398097962,351.34081781639185,320.926840100875,348.2796936035156,412307
2024-07-11,348.08221085302074,350.35337350808885,338.7012718371237,340.57745361328125,161357
2024-07-12,340.626841771176,343.63860484580965,331.78899778216106,334.55389404296875,97616
2024-07-15,333.7639021763193,351.3408056806746,329.8140335115108,349.16839599609375,193844
2024-07-16,353.3651171307293,378.4467761086941,352.6738780883608,368.1771240234375,1281739
2024-07-18,367.8315169470819,374.2500534844135,361.956075293482,368.7696228027344,327091
2024-07-19,362.8941639151668,364.91845944214833,351.43953938089163,353.3651123046875,207760
2024-07-22,351.0445633428205,353.4144784185358,340.8736639976191,343.3916931152344,205012
2024-07-23,343.63855521762736,358.7961814245063,322.80299311275604,353.3651123046875,224257
2024-07-24,353.46387818095315,363.6347777657072,350.84706612696453,356.1794128417969,112523
2024-07-25,355.4881835898838,355.68568907925425,346.6997317448219,348.6252746582031,78125
2024-07-26,355.586944668786,355.586944668786,345.71227267095855,347.5390930175781,86774
2024-07-29,352.7726404254557,359.4380437085119,347.3415710837062,354.79693603515625,148224
2024-07-30,354.8956989306788,366.6465523610771,351.83454464164055,361.11676025390625,246131
2024-07-31,361.36361782559294,366.3503149098107,356.87062418431464,358.49993896484375,137842
2024-08-01,360.3761635797166,361.8573643669163,348.2302990436152,352.5257873535156,71661
2024-08-02,350.6495907781485,360.32675678820374,350.6001993396151,356.1794128417969,79930
2024-08-05,342.6511183246106,353.41450477522096,333.07267443267506,347.5390930175781,223187
2024-08-06,342.6511080412582,352.13079890169763,334.3069983994674,340.4786682128906,127940
2024-08-07,341.6636432205903,345.6135119283428,337.02253543493845,341.3180236816406,75265
2024-08-08,341.3180139296798,344.5766736015349,332.97393460401935,335.73883056640625,69776
2024-08-09,338.30624413629823,350.55083049852135,335.8375763158861,339.0468444824219,106017
2024-08-12,321.9142937782642,331.4927372729483,318.95189230177715,327.1478576660156,201836
2024-08-13,323.93857939203747,330.998993467625,319.93934957637487,320.82806396484375,84532
2024-08-14,320.9268496923753,332.18397008533236,316.8782280230806,322.4080505371094,105351
2024-08-16,325.8641937736824,334.65264630601143,319.44565662359474,321.32183837890625,107930
2024-08-19,326.16038874600036,327.78973365735516,319.5443768986344,321.2230529785156,105801
2024-08-20,325.76540813956996,331.19647748760343,323.8892265736341,327.78973388671875,133797
2024-08-21,329.07345287889547,336.92382937521097,326.45667075849303,334.8007507324219,83230
2024-08-22,337.7267595894224,341.19825344716975,334.7511934256389,336.78448486328125,70726
2024-08-23,340.15678980379295,340.15678980379295,331.82518100584343,334.2056579589844,52708
2024-08-26,337.1316031683448,340.2063605860462,330.4861909626247,334.3048095703125,73742
2024-08-27,337.23079594507715,339.2640871659611,332.46990269816683,337.478759765625,122381
2024-08-28,340.15680231874956,342.09090207805815,332.46992340305826,334.55279541015625,67684
2024-08-29,334.5527670401705,336.9828245344139,325.3285252311634,327.36181640625,110467
2024-08-30,327.31224051400466,328.99840658789725,315.6083603850516,319.0302429199219,236305
2024-09-02,317.39369613085876,329.29595973576596,311.4425643284052,312.7319641113281,183992
2024-09-03,313.4262831840314,317.3937044901583,308.86374262818083,310.8970642089844,227534
2024-09-04,315.40999122821876,326.0228552419344,310.0043676357238,318.0880126953125,290454
2024-09-05,319.37741989943373,341.1486567486347,319.37741989943373,337.42919921875,698730
2024-09-06,335.29669383683415,343.57869218360173,327.2626896001968,330.9821472167969,475466
2024-09-09,330.23823206023695,330.23823206023695,321.36111507629255,322.9480895996094,150832
2024-09-10,325.22935545839414,335.49506413998535,324.23750013203795,333.6601257324219,86712
2024-09-11,336.090172603514,351.56312125190436,336.090172603514,344.12420654296875,418608
2024-09-12,344.17378521438695,351.1167722360028,339.7104364147768,349.876953125,267668
2024-09-13,351.6127078798058,353.943573915324,343.3803209030637,348.0420227050781,181869
2024-09-16,352.1086486422354,352.1582293020406,335.34629930997306,339.313720703125,256385
2024-09-17,348.14120446975784,352.00943402117315,341.1982174860305,349.57940673828125,212677
2024-09-18,351.9102478717912,352.05905038181373,342.1900780521222,348.8851013183594,184997
2024-09-19,350.1744974684361,350.1744974684361,333.8584961353695,340.8014831542969,192286
2024-09-20,350.96803046628884,354.09236884345574,340.20639359469277,345.2648620605469,222804
2024-09-23,345.1656589214021,350.91840779581634,343.8762590847647,348.0916442871094,83488
2024-09-24,348.14120636959603,354.09233810240966,344.17378521438695,349.876953125,88379
2024-09-25,352.05902679284566,353.54680964121263,343.18191035664825,345.4631652832031,125904
2024-09-26,344.17377904973335,351.0671852910467,340.90066876292053,342.9339599609375,80094
2024-09-27,343.77704176030727,345.36401624206985,337.37956317749143,339.760009765625,82555
2024-09-30,340.8014820063421,341.14863740992337,333.2137951293055,334.6023864746094,71583
2024-10-01,335.247089360422,344.27297858931456,333.11460653219996,341.0990295410156,64057
2024-10-03,342.19009729508804,342.23967795520264,332.2715437503029,333.5609436035156,108216
2024-10-04,332.27151740598856,338.02426589824506,323.64236439858286,331.1308898925781,110621
2024-10-07,333.51135448117736,336.7844649602981,314.41813939192036,317.0961608886719,92313
2024-10-08,316.89776377834795,326.3203889924147,313.42627027842866,324.0887145996094,84369
2024-10-09,326.4195919896766,332.2715323260928,324.4358813489238,330.33740234375,108050
2024-10-10,332.6186702665003,334.89992527590175,325.57649180801405,329.2463684082031,51851
2024-10-11,331.3292317142363,332.4202785350034,326.12199169009415,329.49432373046875,66417
2024-10-14,330.8829320904957,331.7260151440937,325.4277279741833,328.9984130859375,42950
2024-10-15,330.43658947677335,333.957693978074,329.2959619275155,331.18048095703125,47822
2024-10-16,331.1804891231195,331.1804891231195,322.4521743138165,326.3204040527344,121864
2024-10-17,327.31224042214376,330.8333145372585,320.4188341601903,326.5187683105469,114954
2024-10-18,328.9487994456922,328.9487994456922,321.4106932206346,324.0887145996094,64164
2024-10-21,325.27896114235347,325.7748887975368,317.39369931732983,319.2286376953125,100127
2024-10-22,320.0221071865903,320.0221071865903,303.5077224595095,305.24346923828125,221201
2024-10-23,305.49144260426607,314.3685599433952,300.6809381847775,308.1694641113281,120583
2024-10-24,308.1694604864299,308.1694604864299,302.9126091212581,306.1361389160156,54866
2024-10-25,309.11169778661275,309.11169778661275,292.6965047007065,299.04437255859375,93517
2024-10-28,301.3752444200487,309.35966762212644,295.57288475609937,309.01251220703125,109709
2024-10-29,308.4669878544334,320.07170657907335,300.3833734869718,317.1457214355469,183826
2024-10-30,317.39371768833087,338.02429723046293,312.73198535217404,335.7430419921875,332199
2024-10-31,333.95768066611834,355.8776578620782,329.2959488013821,339.760009765625,360112
2024-11-01,342.1405085164272,344.47134432892545,335.44548503256135,338.4210510253906,59859
2024-11-04,338.2226602998086,357.06791116695337,332.3211091048571,353.9435729980469,540960
2024-11-05,353.1004965789216,366.4905434997515,346.504664705058,364.06048583984375,650733
2024-11-06,365.99461084564894,376.90501929904224,362.37434500355465,375.417236328125,433073
2024-11-07,375.41724663230696,377.20257413880125,364.5564185389019,367.8295593261719,218961
2024-11-08,367.68079349057405,367.68079349057405,355.62972667000594,359.6467590332031,131518
2024-11-11,348.6371359688895,358.95242497646916,345.21522309572566,347.14935302734375,115410
2024-11-12,352.70375219608934,355.67931810842583,344.9176820050045,349.1826477050781,117098
2024-11-13,349.1330713366403,350.1249266529376,331.2300949850833,337.6771545410156,105510
2024-11-14,337.67712841759067,344.9672402131793,332.27150525435223,336.83404541015625,132770
2024-11-18,335.2470928152729,339.16493337442097,319.3774079482777,321.95623779296875,141943
2024-11-19,321.1627179742377,339.2144956392565,321.1627179742377,331.37884521484375,118863
2024-11-21,322.70011857491494,322.70011857491494,316.60021471015494,318.8814697265625,86541
2024-11-22,319.82376461997455,332.42030920288425,307.17760910894134,312.7815856933594,181753
2024-11-25,317.3937031970046,324.58465428506173,313.6742457376647,322.8489074707031,124248
2024-11-26,323.9895473633244,338.2226778363417,322.8489197528716,326.2212219238281,174351
2024-11-27,327.2626761919827,328.35369283293335,313.9717906379844,321.41070556640625,120700
2024-11-28,319.8733536722,333.26340103522233,319.8733536722,326.2212219238281,93882
2024-11-29,326.32040472281864,337.23081339136274,323.29525806324045,335.5446472167969,201521
2024-12-02,335.54461840977643,347.0997562682899,331.27965294947205,344.7688903808594,311486
2024-12-03,346.55421553879364,349.9265173081575,339.3136843790119,344.4713134765625,133124
2024-12-04,345.165657611992,345.165657611992,339.4129087594012,340.3055725097656,105543
2024-12-05,341.4957685442282,341.4957685442282,335.2966729035835,338.52020263671875,86200
2024-12-06,343.87625026787356,343.87625026787356,335.24709690847845,337.6771545410156,129601
2024-12-09,338.4706310805064,340.70230557114706,331.2300992851478,333.80889892578125,70300
2024-12-10,334.8007462124495,336.04056534413394,327.6097952486799,329.593505859375,67999
2024-12-11,329.49435968137436,333.7097449227606,326.12202727304685,328.800048828125,39768
2024-12-12,328.80003529903263,346.9013947084062,322.2042035406543,343.4299011230469,231917
2024-12-13,342.4380458129442,345.6119949128815,333.56092867991663,343.4299011230469,102399
2024-12-16,343.4298821709894,347.14933937861747,334.75114868652395,336.1397399902344,85238
2024-12-17,337.92512389030304,337.92512389030304,329.2959703899454,330.9325256347656,258981
2024-12-18,330.93252887579655,330.93252887579655,323.5432247377182,325.32855224609375,149082
2024-12-19,323.54321035160103,327.7585953685752,318.38555069381226,324.683837890625,61892
2024-12-20,326.4196108692281,326.51880246080725,320.3692870111873,322.50177001953125,31407
2024-12-23,322.50173698847124,326.221194274058,317.49287995148944,320.6172180175781,108959
2024-12-24,320.61724218308115,334.94956411140356,318.38556764352376,328.800048828125,66827
2024-12-26,329.2959502940678,340.2063582857387,321.65865259228985,335.4454650878906,358385
2024-12-27,333.51131833139584,340.2063410785688,333.0649713739766,335.9413757324219,76404
2024-12-30,337.67715563938333,337.67715563938333,327.3122554427539,328.7504577636719,45896
2024-12-31,330.48621071771174,343.42991077055234,326.3204061906476,340.3055725097656,91901
2025-01-01,340.30557345582116,344.0250309835319,336.0405773292991,340.454345703125,54279
2025-01-02,337.7267467539895,339.90884063210916,330.28783162724966,331.8251953125,40828
2025-01-03,333.31294219962376,335.0486888743378,328.8000129529752,329.49432373046875,30041
2025-01-06,324.58466157072456,329.44474670621423,311.6409614292949,314.81488037109375,66696
2025-01-07,314.8148808608702,321.65867669651504,313.6246726067276,316.40185546875,221555
2025-01-08,316.40185783057444,317.9888324503005,308.76455949946853,310.64910888671875,59132
2025-01-09,310.69866098155643,322.25376873600493,302.96220204157913,313.9717712402344,107865
2025-01-10,314.0709457494349,315.60833948417644,297.5069819272236,302.5158386230469,184796
2025-01-13,297.9533336325626,309.55805304486694,294.13468457678573,297.2094421386719,106750
2025-01-14,301.62321772575626,316.79859245991247,301.57360679688566,308.9133605957031,55686
2025-01-15,310.54990226448604,330.2878167938582,310.3515190957399,317.4928894042969,156999
2025-01-16,317.4929127777433,324.33670883701313,315.9059381180082,319.47662353515625,113941
2025-01-17,318.78227814562723,324.8326013544299,316.4018315482844,318.8814697265625,190637
2025-01-20,318.8814797344713,321.55950115866807,308.46699905885094,311.2937927246094,118983
2025-01-21,311.4425448491256,315.8067018441629,307.47512389563354,311.3433532714844,117622
2025-01-22,310.1531736595485,316.10430563688027,305.5410221618984,311.04583740234375,108222
2025-01-23,308.1694678928031,316.79859123551284,307.0288100304879,308.7645568847656,52546
2025-01-24,309.5084364546436,312.6328048870413,305.49143456873486,306.9792175292969,44217
2025-01-27,305.04507632491215,308.466989115636,294.38263216737806,296.2671813964844,43872
2025-01-28,293.58916639442833,296.7631154360307,285.85270722542697,292.6965026855469,58423
2025-01-29,297.1102551871482,312.38485164853324,291.85343398925835,307.02880859375,54317
2025-01-30,308.6653875927205,315.2612194148029,307.4255684431177,310.5994873046875,34188
2025-01-31,312.23603455812804,313.4262730189732,307.02879426271784,312.4344177246094,45410
2025-02-01,312.68237902070183,315.80671711888874,308.46699405372965,313.5750427246094,38691
2025-02-03,315.2115915307729,315.2115915307729,302.5158562294092,303.6069030761719,32969
2025-02-04,297.5565722245356,309.45883511351707,297.5565722245356,305.44183349609375,49369
2025-02-05,302.71424320884523,308.07025566076413,298.39966669209747,301.1768493652344,124533
2025-02-06,301.5240132808801,305.93778150394905,298.5484473603451,300.92889404296875,52140
2025-02-07,302.4663121734542,303.5077482215065,298.5484712897825,301.4744567871094,32037
2025-02-10,300.78010726464964,302.46627331240586,291.5558654643889,297.259033203125,58699
2025-02-11,293.5891719523457,297.50701253702124,258.27911683940783,273.85125732421875,185820
2025-02-12,277.9178706456445,302.31748711577904,265.767643068589,290.56402587890625,307269
2025-02-13,289.820121228185,302.416664962157,287.93557200499754,299.1435546875,99856
2025-02-14,296.4655603567173,298.1021156430844,279.70321086573165,283.42266845703125,52122
2025-02-17,281.68689032535235,281.68689032535235,262.94083219905366,268.2968444824219,190090
2025-02-18,266.8090624888453,271.81791939822114,261.0067032173471,265.42047119140625,95866
2025-02-19,265.4204817179089,282.52998547428336,264.7757818330672,274.5455322265625,94272
2025-02-20,275.04148315022695,280.1991432035298,269.0407702440972,271.9171447753906,59769
2025-02-21,272.7106306026824,282.0836451555025,271.9667391174258,277.0251770019531,74497
2025-02-24,276.77721087669147,279.40565165133694,270.18137914928957,278.16583251953125,25452
2025-02-25,278.16582985574587,279.5048102900562,271.76835108928367,273.2561340332031,50948
2025-02-27,277.71948958229046,277.71948958229046,269.4374916070142,272.71063232421875,31946
2025-02-28,271.76835411472734,273.5041009019564,264.9245585503141,267.65216064453125,65931
2025-03-03,269.6854594681474,271.86755331223424,257.9815786255578,264.2302551269531,92421
2025-03-04,262.8416765806356,263.53598745657143,254.90683351405033,258.527099609375,56736
2025-03-05,257.23769195577813,263.8335240020241,252.92311511472235,257.3368835449219,65174
2025-03-06,259.81648974382114,263.48633593535465,259.37014278247676,261.6513977050781,79190
2025-03-07,262.79207658885906,269.18952517930126,259.46935524533137,261.7506103515625,94841
2025-03-10,261.1059201058583,265.8668136639969,257.1880793774774,258.62628173828125,64354
2025-03-11,253.02230680154037,257.9815835704101,245.98012773594064,247.46791076660156,134944
2025-03-12,247.51749957626444,254.41089106356003,242.01269949126177,243.4012908935547,68902
2025-03-13,243.004546278105,255.89866506020854,238.7395655001994,251.93124389648438,168721
2025-03-17,253.17105503840548,254.06371871833133,241.9630875768943,243.25250244140625,103655
2025-03-19,237.99567907449793,249.9475386103473,237.10301534755106,241.3679962158203,148732
2025-03-20,242.60783492771358,283.6706421011361,242.0127156387315,268.0489196777344,1030031
2025-03-21,268.1480882980253,271.42119870347716,261.35387339135275,267.65216064453125,234342
2025-03-24,267.8009212653257,272.21468929749204,262.84164494559747,267.4537658691406,127141
2025-03-25,267.45377492918175,269.7846409322166,252.92310087395308,254.46046447753906,163840
2025-03-26,255.79948118970415,258.08076658903946,238.83876428412157,242.4590301513672,182177
2025-03-27,243.69885316489237,246.37685954669112,238.04528077342576,239.23550415039062,170436
2025-03-28,240.32654930506763,245.63296623586805,236.06156836237457,239.73143005371094,130851
2025-04-01,239.7314253680998,249.65990670596162,237.54934671329326,245.8313446044922,118577
2025-04-02,245.83134620727586,257.88238224693396,241.51676952741698,255.90859985351562,114793
2025-04-03,256.5830540448601,258.8544111931827,251.9312501926164,254.38113403320312,64947
2025-04-04,255.70029166342275,257.7732959374064,248.3010593857161,256.4144287109375,56131
2025-04-07,230.57659920469223,247.46789348942175,228.81109800899546,240.38604736328125,107976
2025-04-08,250.93939705974438,252.923107708438,242.01269914062306,250.1558380126953,26655
2025-04-09,250.15583455106525,262.84165731473104,242.67723703365206,252.67514038085938,148274
2025-04-11,252.67514496817913,262.7920814278016,252.67514496817913,257.9121398925781,70448
2025-04-15,262.79206326016094,272.76019651614274,255.92841154218578,271.798095703125,129223
2025-04-16,272.76021360902024,281.6869115089518,272.76021360902024,280.40740966796875,329075
2025-04-17,281.6868968742725,292.96428645890694,275.30927474833896,288.7786560058594,533090
2025-04-21,288.8183372287652,307.36604280419664,283.6706059784733,305.1045837402344,393660
2025-04-22,304.1127366669014,305.6798849795107,297.5565877134128,298.746826171875,54629
2025-04-23,300.33379530691457,308.7249135693267,295.57290161667174,297.9136657714844,107199
2025-04-24,295.176140717037,298.538514414338,288.4513630534138,291.1690368652344,55537
2025-04-25,291.16903897957985,291.16903897957985,277.3326454591583,280.8934326171875,84657
2025-04-28,282.3812294764139,293.0139200099482,276.8565879275342,284.5037841796875,67433
2025-04-29,284.05745123546757,292.59731075934747,276.8168894518743,288.1141357421875,138289
2025-04-30,288.6298825780638,291.5955201390852,283.273870192275,287.1024169921875,40479
2025-05-02,284.4640731114514,286.59658611056204,278.4633609667048,278.8105163574219,31583
2025-05-05,282.28201356179653,284.26572408539454,274.9422906782881,276.3804626464844,56238
2025-05-06,277.7194721962804,277.7194721962804,260.95712439252327,262.69287109375,60691
2025-05-07,258.57670621735554,268.44564895502833,258.57670621735554,263.9822998046875,31466
2025-05-08,264.428645682143,270.4293585173372,257.93197489670183,259.2214050292969,48535
2025-05-09,257.8823871476791,260.95714474055205,251.18736363519125,258.179931640625,45207
2025-05-12,267.7513625685736,271.3716285250765,256.6921512533746,260.0644836425781,191288
2025-05-13,263.98226897001075,269.6854366626162,258.97341206063487,265.42047119140625,83354
2025-05-14,263.83353105658404,269.58628015246387,263.5855672116061,266.015625,49707
2025-05-15,267.35456003147914,270.23096435874527,263.4863307621799,265.370849609375,90737
2025-05-16,268.1480610899409,272.8593733200931,265.3708483507557,271.1236267089844,66115
2025-05-19,271.7683414626055,292.5973019396665,269.2887033105745,288.33233642578125,415197
2025-05-20,292.5973066781883,295.4736809273222,288.1339579322498,293.5395812988281,267428
2025-05-21,293.5891672926027,296.46554159403,288.72908240136053,295.87042236328125,174193
2025-05-22,296.4655610157175,301.5240294049339,291.60547580608744,300.2842102050781,302469
2025-05-23,302.51586478097096,315.21160044121956,302.51586478097096,312.4344177246094,450948
2025-05-26,322.35297125945715,332.0731410544414,318.38555007472536,326.12200927734375,678534
2025-05-27,327.312250832853,337.230803888394,327.312250832853,335.6438293457031,291082
2025-05-28,338.0738698458091,344.86808439888034,330.8829192443948,336.1397399902344,348890
2025-05-29,337.23081678246433,342.1900934998535,334.80075908333447,340.6031188964844,298565
2025-05-30,340.2063796210242,347.64529462731485,340.2063796210242,346.20709228515625,192451
2025-06-02,345.1656503616796,356.8695309962196,344.07460345903075,351.36474609375,414090
2025-06-03,354.04276211745304,354.4890788418908,347.4469001446633,352.0590515136719,205961
2025-06-04,353.84438881058355,357.16711021832066,349.92654815132266,356.5719909667969,219260
2025-06-05,357.0679131000516,365.3003001000273,353.29887501382655,360.29144287109375,300046
2025-06-06,361.3328752492067,366.9864625913305,358.05976485262244,364.3084411621094,227986
2025-06-09,364.30843005839387,371.54899172051915,361.0353197615704,370.160400390625,588827
2025-06-10,371.9457563463478,386.82358660020174,370.1604288234946,380.5252990722656,957044
2025-06-11,385.63331112702747,389.898306885942,379.88056275428346,382.6577453613281,448847
2025-06-12,383.649609500039,386.6251753346381,375.91315043768964,377.9464416503906,189375
2025-06-13,367.978320965879,383.25288672575255,367.978320965879,379.8805847167969,228262
2025-06-16,379.8805846063023,384.83986116774224,376.9050186694383,382.9057312011719,323389
2025-06-17,384.24471982350514,386.8235495409153,379.03747973353126,382.6577453613281,371541
2025-06-18,381.86426369737853,384.5918655809312,377.00417912230665,379.7317810058594,229363
2025-06-19,380.8228670501436,382.75696678725313,371.549013636754,373.43353271484375,297074
2025-06-20,376.9050173898547,377.8968726987754,370.35876629717393,375.11968994140625,87841
2025-06-23,375.9627421856172,378.7399552079221,370.0116103408491,373.53271484375,455745
2025-06-24,381.8642923106318,381.8642923106318,374.7725329358101,376.4090881347656,279343
2025-06-25,377.40093609550013,383.1041039865622,376.80581687045463,379.83099365234375,228536
2025-06-26,384.8398501385675,384.8398501385675,377.8968631515315,378.2440185546875,147299
2025-06-27,378.19440320771207,381.86427982270743,377.1033866234352,379.08709716796875,86586
2025-06-30,380.62447157224994,381.86429069789244,376.210703377354,377.698486328125,75542
2025-07-01,379.6326116392446,381.2195861545062,368.12708423987476,372.4912414550781,237221
2025-07-02,372.5408575486133,374.42537656893074,365.00275119832185,367.1848449707031,120960
2025-07-03,369.96202356974186,372.5408533803325,368.97016827867014,369.6148681640625,77176
2025-07-04,371.3505965005972,381.86426811817427,370.9042798031697,378.8887023925781,179145
2025-07-07,389.79910879202413,406.06552865218765,387.81539831471105,402.6436462402344,1527697
2025-07-08,408.64436608728613,412.56220646199324,400.8582962621588,408.2972106933594,651760
2025-07-09,410.03295680324925,417.57106280314326,408.4955932639574,414.1987609863281,694446
2025-07-10,416.57922854613474,422.38158814040315,416.2320731352086,420.3482666015625,424515
2025-07-11,422.53034547608536,423.96854772674607,416.4800222687504,421.1417541503906,560348
2025-07-14,424.91081114757526,425.3075472200093,411.6199559723916,414.89306640625,847500
2025-07-15,418.5133428138072,419.05885110408593,405.2720689203828,410.47930908203125,501285
2025-07-16,412.61178556739736,419.05884471688796,411.1240026867457,414.04998779296875,274748
2025-07-17,415.5873738806097,420.5466504185644,414.09959091922326,418.91009521484375,361442
2025-07-18,421.43931197646293,423.47263350799136,415.5873717455448,418.6125183105469,300673
2025-07-21,421.3897231526328,421.53849539131966,413.20691706562485,414.3971252441406,204263
2025-07-22,417.0751507042493,418.1661975803477,412.31425740548354,414.99224853515625,198665
2025-07-23,417.07513074533773,417.17432232369475,411.12399927215813,415.0418395996094,246169
2025-07-24,415.58736081526945,420.5466371973132,411.4215565467443,416.9759521484375,412531
2025-07-25,417.96783823964233,421.19136812562647,413.05817242086505,413.9508361816406,352266
2025-07-28,417.5710884067272,417.6206690649624,406.90864375026086,410.4297180175781,236453
2025-07-29,410.62811026434116,416.281697803126,404.72655889085564,414.7939147949219,369935
2025-07-30,416.82717395877836,432.3993136836449,415.5873548809712,426.5969543457031,1227906
2025-07-31,426.49777490762636,434.13507275195286,419.5547878742464,431.407470703125,552715
2025-08-01,434.4326245876387,441.02845632723114,429.2749648821859,431.0107116699219,384342
2025-08-04,442.3674606816432,447.12835398047383,427.7871757668145,437.6065673828125,1413988
2025-08-05,442.3674705455725,453.1291067684788,440.6317237441044,445.1446533203125,1672849
2025-08-06,448.1202121988394,448.31859536634465,434.43262117358177,438.0528869628906,542748
2025-08-07,438.40003756009514,441.3756034258876,427.4896293855226,440.33416748046875,521790
2025-08-08,442.71461425114484,457.790796480904,442.3674588462281,449.4096374511719,1075994
2025-08-11,455.0631820442436,464.58499861212306,447.773070084621,455.11279296875,865320
2025-08-12,458.1875745401247,462.2045764553575,453.82338694206675,458.6835021972656,1221655
2025-08-13,459.22898442897446,466.51912662868125,457.2452739130826,460.86553955078125,447825
2025-08-14,463.0476322625498,467.1638255206581,459.72491110153936,460.7167663574219,500025
2025-08-18,468.15569315864633,469.04835685874633,460.02246773768854,465.52728271484375,1161173
2025-08-19,468.65162982979587,470.0898321241838,456.3526301483844,460.81597900390625,461840
2025-08-20,462.00618609930024,462.7500775734419,443.6072824131387,445.5414123535156,489489
2025-08-21,446.13650369544376,451.93886327847855,442.863393299384,450.4510803222656,398127
2025-08-22,453.27785468046267,463.19640729929114,452.38519099857217,455.11279296875,426170
2025-08-25,458.8818560459173,462.70050506758923,446.08692851907455,452.7819519042969,240713
2025-08-26,453.82335921369753,457.7411995733418,449.5583937304814,453.0794677734375,332408
2025-08-28,456.6997898980022,457.3940704540465,446.3348897940646,447.87225341796875,236511
2025-08-29,452.28599511243925,460.2208371319557,450.40147618660814,458.98101806640625,340414
2025-09-01,460.7167913678236,470.13941681022254,459.2290084032343,464.4362487792969,681268
2025-09-02,468.7508214137229,472.12312338409066,459.1794238106859,460.81597900390625,648821
2025-09-03,464.287465951191,465.67605729934434,456.7493597153313,458.3363342285156,420323
2025-09-04,460.67480594043644,466.1975178576667,458.58512049124766,461.6698913574219,406821
2025-09-05,465.4512023925781,466.99357263721976,458.53534661832737,465.4512023925781,270643
2025-09-08,468.3369562792352,469.6803276968028,460.12750139894155,462.9635009765625,255741
2025-09-09,466.6950530688629,489.1839892049756,463.7097968658638,478.6360778808594,1546172
2025-09-10,481.4223265875765,483.6115267156329,457.8388197399037,460.1772766113281,809784
2025-09-11,460.72454132889027,463.61028292244174,436.94200628413637,457.6397705078125,817111
2025-09-12,459.53043423690326,468.2872041425604,457.73929263017186,463.61029052734375,327236
2025-09-15,464.9039158332848,482.9149374654083,463.8093158084494,479.7306823730469,496822
2025-09-16,482.0193659806516,487.0445655159775,475.9991114040575,481.621337890625,490862
2025-09-17,484.6065931632979,485.9001920452372,479.6809082520737,484.45733642578125,338297
2025-09-18,486.3480081139386,493.5623775437617,484.7061232137743,485.90020751953125,359950
2025-09-19,492.51753333703095,494.80621762142374,484.4075629924467,487.2933349609375,458626
2025-09-22,486.5967727683728,490.57711446790955,483.86028784994124,486.6465148925781,274646
2025-09-23,489.58202634279473,502.4186221794827,486.6962847000659,498.985595703125,662656
2025-09-24,500.577718546436,507.89160260543815,498.04026282096066,505.05560302734375,710715
2025-09-25,507.493554785303,510.4788109899224,491.1741602735694,496.79638671875,786077
2025-09-26,499.43335239305054,502.31909395761267,471.8695052429687,481.37255859375,587081
2025-09-29,484.40755977272056,487.34307384490967,467.54088049114216,477.6409912109375,625220
2025-09-30,482.0691459229641,484.8056308396403,469.48129101217575,474.20794677734375,330273
2025-10-01,475.65082141958436,484.6065900237188,470.7251365402719,479.5814208984375,343793
2025-10-03,480.3774835016671,491.57219440667745,477.3424851366808,488.3879089355469,574838
2025-10-06,491.47269714424425,494.55746810939183,486.1489839190441,493.7116394042969,414119
2025-10-07,495.05500184011896,495.1047439646217,476.0488640376622,479.0838928222656,321397
2025-10-08,478.6360810431053,479.43213722212585,468.68522696736505,473.95916748046875,306786
2025-10-09,476.4469006353995,479.13364349361785,472.11830322813364,477.4419860839844,186753
2025-10-10,479.43212839150027,490.3780676732021,477.44195761300904,486.0992126464844,360046
2025-10-13,487.84061744767575,500.9259843867764,483.9100179698502,498.6870422363281,656169
2025-10-14,501.2245292386716,503.5132135167089,496.00033087708516,500.6274719238281,353576
2025-10-15,502.41862525672576,509.7325092076017,497.0451700325955,499.0850830078125,443649
2025-10-16,501.0254994126495,510.9266112998189,494.1096437285346,497.7417297363281,375113
2025-10-17,499.1348486416992,500.627476759427,481.1735387378165,491.2239074707031,463229
2025-10-20,495.0550071385081,495.9008358372894,486.24849490785124,490.72637939453125,236209
2025-10-21,495.60229246693825,498.1397785657534,491.5722085720406,493.61212158203125,60803
2025-10-23,496.0500919041357,502.91617536750385,486.9948083254454,501.22454833984375,502309
2025-10-24,504.9063500893014,504.9063500893014,493.6121241843903,499.4333801269531,193185
2025-10-27,499.9309129370588,506.4984828351599,498.0402566974411,500.0801696777344,180864
2025-10-28,499.5328789890793,510.18030509066614,499.5328789890793,507.5433044433594,290746
2025-10-29,511.4738969900693,512.4689823927738,505.5033845738428,509.2349548339844,158436
2025-10-30,512.4689928937978,515.9517918746295,507.0955376826056,511.4739074707031,330048
2025-10-31,514.508915118005,521.2257418447026,513.9616302724983,516.548828125,353484
2025-11-03,519.9818630820259,524.8080637081209,515.5039787866842,519.683349609375,420106
2025-11-04,522.4198548313927,522.4695969562424,502.5181460759111,504.0605163574219,280135
2025-11-06,506.49847100336723,508.3393850756218,498.6373023795848,501.62255859375,330527
2025-11-07,501.57279677225245,513.4640797586635,498.13977027349415,507.6925964355469,358649
2025-11-10,515.3547700394648,530.181506549895,507.99111354126273,524.061767578125,1842863
2025-11-11,526.4001900978459,529.3854463743933,508.2896232064199,512.468994140625,492867
2025-11-12,512.4690032783167,515.9020602045989,500.6274925770557,509.8818054199219,364082
2025-11-13,514.4591723210705,521.0267119289636,504.0107752042983,509.8320007324219,410211
2025-11-14,511.27485850090596,520.2306269630147,509.83197254608336,517.5438842773438,311356
2025-11-17,518.3897895339206,531.5746720569576,517.9419889238345,526.6489868164062,531755
2025-11-18,528.7386285437369,533.3658001713917,525.405116586744,531.97265625,463816
2025-11-19,534.3608831556026,536.351054042588,526.9474844545425,529.9824829101562,367085
2025-11-20,529.4351716933718,530.3805149646437,522.4198318132044,527.2459716796875,250769
2025-11-21,528.937672693189,529.9327581693253,515.8523351231157,519.0365600585938,207614
2025-11-24,520.8774741592078,521.7730145942228,511.72267616727083,514.2601318359375,258735
2025-11-25,514.5088898721019,518.9370320142766,508.6876646220111,510.9763488769531,557997
2025-11-26,511.37444833128416,525.1563578237693,509.98130437646955,520.8775024414062,423495
2025-11-27,523.2158836695227,529.3854252080839,518.4892280873077,521.375,305018
2025-11-28,521.4247870876104,528.3903853883991,514.4591887868216,517.04638671875,383894
2025-12-01,518.4395109915698,520.8277403266839,496.7466606825316,501.1250305175781,322855
2025-12-02,501.2245378967658,504.5083076337336,484.3080857670351,498.985595703125,489614
2025-12-03,502.51814011602113,504.50831096796577,499.78165519459725,502.9161682128906,322743
2025-12-04,503.46347515989135,508.2398729791768,495.7515632350972,498.8363037109375,272437
2025-12-05,500.5279659561499,503.0156795046397,495.75156809008826,498.985595703125,194409
2025-12-08,500.47821872985435,501.1250181723482,460.8240590976807,467.2921142578125,522841
2025-12-09,467.8394085643842,472.4168076131974,463.5107808729239,467.59063720703125,248451
2025-12-10,468.03843494813435,472.46654686150197,455.79886602032025,457.9383239746094,197432
2025-12-11,461.71964513183553,471.67049955278026,455.35110437595046,468.7349853515625,232771
2025-12-12,468.68521975391945,474.60598998489814,465.6999635771429,471.8197326660156,239190
2025-12-15,471.670485423391,477.9892838649242,467.49111454475263,476.8946838378906,151255
2025-12-16,478.1385510406019,490.5771189656956,476.6459228895907,479.1336364746094,363779
2025-12-17,479.63116998389506,481.6213408137038,475.00402887810924,477.8897705078125,130370
2025-12-18,479.6311684233318,481.32282577020385,465.9984861364598,473.0635986328125,806605
2025-12-19,472.61582651947936,481.6213373118461,469.18276971598226,478.735595703125,264004
2025-12-22,478.7356042770864,501.4235398312351,478.03903233220404,499.0850830078125,383772
2025-12-23,500.52796058682037,505.9511882113902,487.5918502734433,491.1741638183594,377221
2025-12-24,490.77613165360555,491.0746451267048,475.7503360331496,479.5814208984375,185664
2025-12-26,478.63609201779406,489.3332603944911,472.7153215599321,483.86029052734375,288182
2025-12-29,484.60660885137264,490.5771214860918,478.63609621665347,481.1238098144531,297124
2025-12-30,481.621337890625,486.29825145932887,473.7601692341114,481.621337890625,397751
2025-12-31,482.6164159551281,487.69135753662914,478.93458785131855,484.25830078125,182457
2026-01-01,483.6612543283638,487.591853868835,475.8498581063794,480.7755126953125,209125
2026-01-02,480.4770092315572,503.5132310199173,477.8400388975613,501.1747741699219,302904
2026-01-05,502.31911261868464,505.1551121660201,495.5525438457416,498.18951416015625,216150
2026-01-06,499.13483796445087,500.08015086489877,486.5967559702264,488.9849548339844,152176
2026-01-07,488.9849766209181,493.56237569483324,485.3031787324627,486.7958068847656,137706
2026-01-08,487.591840746827,492.56726769322324,479.6311576325931,481.32281494140625,117489
2026-01-09,481.6213345013196,482.7656766399419,466.09799615874954,468.137939453125,218951
2026-01-12,469.48128097764493,470.625653485146,458.73437077252885,466.24725341796875,150380
2026-01-13,470.92416351573206,479.6311607281201,468.1876786775529,476.6459045410156,203171
2026-01-14,478.6360876105802,488.5869418228584,475.6508313468968,482.76568603515625,198945
2026-01-16,485.15387000691635,495.40326774995526,483.95978575883544,488.9849548339844,353946
2026-01-19,489.58202428771403,495.25402330150075,483.113969088791,491.273681640625,219914
2026-01-20,492.56729642140385,493.164353763313,475.949357304188,479.3326721191406,188596
2026-01-21,480.1287232845126,483.46226557151004,464.25709841957104,466.74481201171875,282202
2026-01-22,474.5562449673686,480.6262722850682,464.7546472126732,467.8891906738281,360388
2026-01-23,468.6852262679806,474.5562240903872,453.8584597907719,457.6895446777344,257607
2026-01-27,460.4260470474849,463.66007474021546,450.2761633724912,458.2368469238281,213355
2026-01-28,462.1176762492969,483.0144706695793,461.4708767812363,477.4419860839844,342414
2026-01-29,477.5912540018103,477.6409961252013,460.7245441791004,463.4610290527344,150219
2026-01-30,461.4708589206297,469.6803135537191,455.8486324272455,461.57037353515625,141190
2026-02-02,455.10232769408793,462.21718244835256,445.3007301305442,453.26141357421875,236869
2026-02-03,477.64101593506234,479.48193009083167,463.70981963695635,471.7202453613281,155467
2026-02-04,475.4517921124517,478.5863354174485,470.177851637943,474.80499267578125,222874
2026-02-05,477.6409914693477,485.3031611878737,472.6655644748753,476.6956481933594,344311
2026-02-06,474.4069604105391,474.456702533077,459.6797087629767,463.2122497558594,156961
2026-02-09,465.5009568885164,470.6754133258181,457.7890447251441,466.7945861816406,182387
2026-02-10,467.4911142794928,481.57159714942253,467.19260080301524,477.84002685546875,278768
2026-02-11,480.1784615457268,481.1238048501756,473.1631214193557,477.1434631347656,148091
2026-02-12,480.92476479448743,480.92476479448743,472.8645972962487,475.849853515625,136025
2026-02-13,475.25280135384617,478.63608569898906,465.69997527469206,470.2773742675781,260279
2026-02-16,469.1827690944215,476.5961675187739,466.6950555785444,471.07342529296875,228796
2026-02-17,473.56115889995374,473.56115889995374,463.7098190326509,465.00341796875,201364
2026-02-18,466.24726652944236,468.08818065023854,462.714725396572,465.6999816894531,195657
2026-02-19,468.18769276500257,468.7349776020673,460.7245520726806,463.7098083496094,170382
2026-02-20,464.9536514413096,467.34185031901376,454.0077120815356,456.5949401855469,330978
2026-02-23,465.69997848311783,471.6704910277732,462.8142368267205,465.6004638671875,438808
2026-02-24,465.40147275136206,467.6901571178786,459.7294735924679,462.0181579589844,185866
2026-02-25,462.2171826751575,463.61029620496464,454.953071176279,457.0924987792969,138999
2026-02-26,458.5353499642541,467.69014798677887,453.8584667049446,455.9978942871094,269461
2026-02-27,459.18217852200036,462.11766228606916,453.2614081347816,455.0028076171875,193985
2026-03-02,451.7687800587717,454.30623572924367,432.8621571047703,436.8424987792969,300968
2026-03-04,432.86214948873646,440.4745467338122,426.89163708199527,435.64837646484375,321228
2026-03-05,437.83757008532257,453.7589362702434,436.34494200548625,450.72393798828125,252834
2026-03-06,457.2417469860173,458.7343751045788,444.90269394609464,449.1815490722656,266564
2026-03-09,443.80810563266107,444.703676453916,428.1355099741086,430.4241943359375,112505
2026-03-10,438.8326616336138,444.3056313365273,434.85232003149486,436.5937194824219,190941
2026-03-11,443.7085843006738,447.4401546390977,421.07039091423536,426.39410400390625,236278
2026-03-12,427.3891730912591,427.3891730912591,411.96534961532313,422.0654602050781,194833
2026-03-13,423.90639059286445,423.90639059286445,404.99976753825314,408.2337951660156,187017
2026-03-16,408.98011317915524,417.9358820808886,396.4918031354439,406.4426574707031,296800
2026-03-17,410.52247073254944,429.87689396190046,405.8455875604663,424.20489501953125,331427
2026-03-18,426.44383782967236,437.68832111786963,424.9014676001764,431.8670654296875,364076
2026-03-19,428.8818173083287,432.71290226035643,418.38367824283193,422.5630187988281,525088
2026-03-20,425.39901191298185,436.74297949047536,422.1649843370352,427.1404113769531,171041
2026-03-23,426.8916444148238,427.0906736455059,393.0587401954671,396.6907958984375,116956
2026-03-24,408.03477179408685,420.1250841625087,401.5169743208006,414.1545715332031,238965
2026-03-25,419.72700862831584,436.24543230465844,415.4481535649845,430.8222351074219,251849
2026-03-27,431.36952615953345,431.8670688655998,416.2939882392421,417.6373596191406,162627
2026-03-30,416.94078426562817,416.94078426562817,394.3523334483515,399.3775329589844,192115
2026-04-01,407.139195432154,429.67787422751763,407.139195432154,420.67236328125,432720
2026-04-02,416.9408027677368,423.906400904668,408.1840629712053,420.02557373046875,144800
2026-04-06,425.94630197019,427.88673068662166,404.00468060178696,408.1840515136719,231007
2026-04-07,409.3283817301518,414.75157889145544,397.0390710757175,400.173583984375,168616
2026-04-08,407.9850343294346,419.72703048748645,403.0096070815147,414.3038330078125,270510
2026-04-09,419.7270148348098,426.8916419516667,412.8609315622534,421.4684143066406,688010
2026-04-10,426.89164678410765,441.718413524302,422.9113050891509,435.0015869140625,554520
2026-04-13,432.86214767079616,435.74788924841556,417.04029593290016,426.99114990234375,357022
2026-04-15,440.8228419960255,442.2657280051281,430.971502390627,436.8922424316406,228458
2026-04-16,439.82776778775826,441.3203959589837,429.97642793119,437.24053955078125,303860
2026-04-17,440.7233384965902,457.8885624609939,438.38488162212286,454.4555358886719,1078371
2026-04-20,457.73928258437854,461.96839552129944,435.54889038004393,441.32037353515625,268574
2026-04-21,444.8031682887999,450.77368061482406,436.34494249359904,444.0568542480469,381284
2026-04-22,447.7884376657429,450.77369391684783,442.3154678720505,443.50958251953125,169415
2026-04-23,445.3007212930267,446.8928640236831,423.7073557335663,437.6883239746094,545349
2026-04-24,438.78293451891574,442.51450489853823,432.86216403620904,435.1508483886719,280337
2026-04-27,441.32037520691404,442.66374657136754,427.9862369111602,431.81732177734375,244482
2026-04-28,434.85233292700065,437.83758921711734,425.000993243135,427.4389343261719,257208
2026-04-29,428.88182753677677,434.4045396190395,423.9064003031715,425.747314453125,238165
2026-04-30,427.737477133133,427.88673387375553,417.53785150009577,421.6674499511719,221972
2026-05-04,421.9162264209111,431.76756620014396,420.97088310618363,429.4788818359375,277741
2026-05-05,430.8719876919996,431.66804388249795,424.2049032180869,428.2847595214844,230071
2026-05-06,428.8818185709342,432.51387430201777,418.73193507952516,423.55810546875,347064
2026-05-07,425.8965527657062,429.8768943803389,421.9162111510734,423.25958251953125,314724
2026-05-08,436.742998379479,442.514512215958,415.00037520115643,421.0206604003906,3486664
2026-05-11,422.71228866748004,427.68771593695413,413.95554882024487,422.0157470703125,2327296
2026-05-12,431.91680010192675,439.1311691580378,421.9162041091147,424.9512023925781,1228377
2026-05-13,425.89656176079245,426.79213256948026,416.2442209944085,420.67236328125,769487
2026-05-14,424.70245576103787,432.56365507028437,420.57285723798174,427.6379699707031,890542
2026-05-15,431.31979253238444,440.8228462584105,424.2049074014044,434.15576171875,600576
2026-05-18,434.90206552154353,435.5488953309728,417.28907201636326,422.364013671875,366521
2026-05-19,424.00591258948833,426.145340214653,416.5925139051482,418.980712890625,267345
2026-05-20,418.98069225369943,422.4137490039502,411.16929621872805,418.3338928222656,324220
2026-05-21,422.61277992616743,426.44383440757815,415.00035235092645,418.3836669921875,827946
2026-05-22,419.62751922953976,427.6876865583424,415.14963499460674,417.2890625,492214
2026-05-25,420.1748232603891,424.4039363423468,416.5427675105801,417.8861389160156,486109
2026-05-26,420.97086498635474,422.61278018521875,415.5476677941316,417.4383239746094,474148
2026-05-27,418.9309715161743,420.02557157702824,415.44817246556477,417.0900573730469,181724
2026-05-29,421.7171829624922,422.21472566554735,411.96535812965027,415.6471862792969,247391
2026-06-01,420.87138930466915,434.4045266829968,415.9457043430417,420.5728454589844,539528
2026-06-02,421.91620476477874,422.61277668383445,415.34863512652475,418.2841491699219,198055
2026-06-03,418.2841573819501,424.7024400438457,413.5575016933214,417.58758544921875,221155
2026-06-04,419.03047339511454,420.174815546292,415.5974165739853,416.6920166015625,164142
2026-06-05,418.4334078380808,419.92603592787185,412.4628954789168,417.3885803222656,335280
2026-06-08,416.44325420713955,419.179739151153,412.0648843702375,414.10479736328125,130362
2026-06-09,415.44815663693004,418.1846415010056,413.90578640603513,416.5924987792969,139237
2026-06-10,418.93097628480507,418.98071841048375,412.0648927232531,413.40826416015625,164146
2026-06-11,413.95554733394715,415.94571823459114,410.8707763644294,413.3584899902344,155588
2026-06-12,417.13982863578565,418.83145566339226,414.75159928547424,416.094970703125,261947
2026-06-15,423.7073594403245,426.89164492949476,415.24913337528795,417.7368469238281,636566
2026-06-16,417.786619297436,420.9211322941925,411.1693073337063,413.9057922363281,299773
2026-06-17,415.6969280815324,419.926041054235,410.5722443175415,411.81610107421875,235081
2026-06-18,413.0101910748723,416.4432479180094,406.19388024771126,409.1293640136719,304019
2026-06-19,409.77616944136435,412.7614257423969,406.34314291573537,410.2737121582031,133916
2026-06-22,411.86583845782974,416.8412654272831,408.0845261080837,411.6668395996094,265228
2026-06-23,410.9702803665569,413.40825180390584,405.99485324347506,407.2884521484375,165669
2026-06-24,407.9850143397997,411.6170699793055,405.99484353814216,407.9352722167969,274822
2026-06-25,417.83635296225566,427.88672156557095,403.0095865908284,405.04949951171875,1105647
2026-06-29,407.9850235583842,408.48256627004076,401.51696830684887,404.4027099609375,343075
2026-06-30,404.40270492493556,405.99484765592916,399.0789919029868,400.42236328125,210344
2026-07-01,401.06916272482954,403.70616335784865,397.3375924338743,400.42236328125,276071
2026-07-02,401.36770207919176,403.00958691532753,395.2976750669478,399.3277587890625,275562
2026-07-03,402.7110796351309,403.85542178896833,397.08882274577854,400.4721374511719,179763
2026-07-06,401.6164796050093,403.00959311262,398.4321941296733,400.4721374511719,157749
2026-07-07,400.42237041635445,400.42237041635445,397.0390860324545,398.7307434082031,221381
2026-07-08,398.0341824523931,400.57163821848786,386.88921319668685,395.2479553222656,478862
2026-07-09,398.5316955385146,400.7706376482816,389.0783844083876,391.4665832519531,161230
2026-07-10,393.05873391547624,405.74607279502646,390.67053502343316,391.7153625488281,286734
2026-07-13,393.6060284458875,405.4475693195527,388.0833164738751,400.62139892578125,252061
2026-07-14,402.0145109453567,403.00959636848876,394.05382756030014,395.79522705078125,165596
2026-07-15,395.7952400492409,396.9395822499051,389.07841322250954,391.4168701171875,226675
2026-07-16,395.64598330438866,395.64598330438866,387.3370136748385,391.4168701171875,291627
2026-07-17,392.66071324775714,392.80996998740585,383.1078871314788,389.0783996582031,463874
2026-07-20,388.630598366869,391.9641405950974,386.59068540430974,390.96905517578125,198556
2026-07-21,393.05874365463734,397.5366280760193,392.0636582276636,395.844970703125,205294
2026-07-22,399.0292415013004,399.0292415013004,388.28233143334126,391.56610107421875,256493
2026-07-23,391.864640351744,393.7553270118654,385.64535625291876,391.4168701171875,190146
2026-07-24,391.516357421875,393.8547837858128,387.08821530540456,391.516357421875,197023
2026-07-27,397.0390838296963,401.01942552222465,394.3025989160831,395.79522705078125,263633
2026-07-28,399.228292810187,399.9248344013536,384.15272401948187,389.3769226074219,388878
2026-07-29,390.073484205163,402.4623098173913,387.08822794849084,400.5218811035156,586866
2026-07-30,400.52187006793736,407.78598127865274,397.03907119778137,404.95001220703125,292335
2026-07-31,409.0,422.70001220703125,403.6499938964844,420.45001220703125,672391
2026-08-03,425.0,436.0,422.45001220703125,430.70001220703125,458544
2026-08-04,435.0,439.6000061035156,429.8999938964844,437.0,548456
2026-08-05,438.8500061035156,447.3999938964844,436.29998779296875,443.3500061035156,424454
2026-08-06,444.45001220703125,452.70001220703125,441.0,449.95001220703125,559902
2026-08-07,452.0,454.79998779296875,445.0,449.8999938964844,453430
2026-08-10,450.5,458.0,450.29998779296875,453.20001220703125,395563
2026-08-11,453.0,454.95001220703125,435.75,442.3500061035156,335775
2026-08-12,442.6000061035156,443.6000061035156,432.0,432.45001220703125,89924
