,Open,High,Low,Close,Volume
2021-11-23 09:00:00,62.5,62.5,60.0,60.0,31410.0
2021-11-23 13:00:00,59.98,60.33,59.98,60.0,900.0
2021-11-24 09:00:00,62.0,62.0,60.0,60.77,9140.0
2021-11-24 13:00:00,60.0,60.66,59.99,60.0,7945.0
2021-11-25 09:00:00,61.8,61.8,59.0,59.0,13975.0
2021-11-25 13:00:00,59.0,60.0,59.0,59.9,1585.0
2021-11-26 09:00:00,58.05,60.17,55.61,58.0,6615.0
2021-11-26 13:00:00,58.01,58.63,56.12,57.66,1410.0
2021-11-29 09:00:00,56.04,59.67,53.99,55.5,5815.0
2021-11-29 13:00:00,56.0,56.0,55.6,55.7,2835.0
2021-11-30 09:00:00,55.69,57.71,51.98,57.18,9170.0
2021-11-30 13:00:00,56.34,59.6,56.0,58.74,5810.0
2021-12-01 09:00:00,60.0,63.37,59.23,61.0,122325.0
2021-12-01 13:00:00,61.0,62.8,60.5,62.52,93510.0
2021-12-02 09:00:00,65.98,65.98,61.04,61.77,9930.0
2021-12-02 13:00:00,61.78,62.38,61.0,61.34,19700.0
2021-12-03 09:00:00,62.99,62.99,60.58,60.58,2935.0
2021-12-03 13:00:00,60.58,60.8,58.41,58.94,9155.0
2021-12-06 09:00:00,61.33,61.6,59.03,61.09,25345.0
2021-12-06 13:00:00,60.6,60.99,59.26,59.36,19305.0
2021-12-07 09:00:00,59.44,60.63,58.81,59.87,10030.0
2021-12-07 13:00:00,59.62,61.0,58.5,59.06,10175.0
2021-12-08 09:00:00,61.0,61.87,59.01,61.22,56465.0
2021-12-08 13:00:00,61.79,63.45,60.51,61.72,75070.0
2021-12-09 09:00:00,61.81,62.81,60.8,61.01,4280.0
2021-12-09 13:00:00,61.75,61.75,60.0,60.2,7480.0
2021-12-10 09:00:00,60.8,63.0,60.05,61.99,30720.0
2021-12-10 13:00:00,61.99,62.2,61.21,62.17,3020.0
2021-12-13 09:00:00,64.0,64.0,60.6,61.2,4140.0
2021-12-13 13:00:00,61.2,63.72,60.23,62.59,19585.0
2021-12-14 09:00:00,62.5,62.5,60.66,62.19,1280.0
2021-12-14 13:00:00,62.19,63.0,62.02,62.97,1975.0
2021-12-15 09:00:00,58.21,63.99,58.21,61.57,14740.0
2021-12-15 13:00:00,62.03,63.06,61.01,61.92,6660.0
2021-12-16 09:00:00,61.03,62.9,60.19,61.2,2835.0
2021-12-16 13:00:00,60.8,60.97,60.0,60.54,4500.0
2021-12-17 09:00:00,63.67,63.67,60.19,60.45,6665.0
2021-12-17 13:00:00,60.78,61.0,57.78,60.43,13095.0
2021-12-20 09:00:00,65.8,65.8,58.77,59.53,13180.0
2021-12-20 13:00:00,60.37,60.37,58.43,58.68,1640.0
2021-12-21 09:00:00,62.0,63.26,60.27,60.96,17560.0
2021-12-21 13:00:00,60.43,60.43,59.4,59.69,2580.0
2021-12-22 09:00:00,61.8,61.8,59.9,60.5,6805.0
2021-12-22 13:00:00,59.9,60.62,59.4,60.08,5760.0
2021-12-23 09:00:00,61.7,61.7,58.97,59.95,5480.0
2021-12-23 13:00:00,59.95,60.0,56.6,58.05,3905.0
2021-12-24 09:00:00,58.58,59.97,58.06,59.6,5160.0
2021-12-24 13:00:00,59.5,59.59,58.3,58.68,1940.0
2021-12-27 09:00:00,58.79,60.24,58.03,58.99,4830.0
2021-12-27 13:00:00,58.87,60.0,58.54,58.85,6685.0
2021-12-28 09:00:00,59.37,60.8,58.76,60.0,4720.0
2021-12-28 13:00:00,59.22,60.0,59.0,60.0,580.0
2021-12-29 09:00:00,60.65,60.86,58.6,59.98,6810.0
2021-12-29 13:00:00,59.98,59.99,58.6,59.81,1315.0
2021-12-30 09:00:00,59.89,61.15,58.63,59.78,3120.0
2021-12-30 13:00:00,59.76,59.76,58.0,58.48,7595.0
2021-12-31 09:00:00,59.44,59.75,58.71,59.71,3185.0
2021-12-31 13:00:00,59.18,59.58,58.6,58.99,3335.0
2022-01-03 09:00:00,58.9,59.99,58.56,59.19,20250.0
2022-01-03 13:00:00,59.2,59.4,58.77,59.26,1470.0
2022-01-04 09:00:00,60.2,60.2,58.0,59.08,7945.0
2022-01-04 13:00:00,58.0,58.89,57.1,58.15,16990.0
2022-01-05 09:00:00,58.6,59.39,57.0,57.65,8285.0
2022-01-05 13:00:00,57.64,57.96,56.29,56.94,2240.0
2022-01-06 09:00:00,57.41,57.83,56.0,57.57,6100.0
2022-01-06 13:00:00,57.59,57.99,56.22,57.07,35110.0
2022-01-07 09:00:00,57.19,57.97,57.0,57.01,2515.0
2022-01-07 13:00:00,57.0,57.13,56.5,56.91,3145.0
2022-01-10 09:00:00,56.64,58.27,56.43,57.85,19585.0
2022-01-10 13:00:00,57.85,58.39,57.01,58.14,1860.0
2022-01-11 09:00:00,57.05,60.6,57.04,60.05,25045.0
2022-01-11 13:00:00,60.6,60.6,59.0,59.73,2395.0
2022-01-12 09:00:00,61.0,61.0,58.62,59.09,3300.0
2022-01-12 13:00:00,59.0,59.0,58.6,58.98,4470.0
2022-01-13 09:00:00,57.0,59.85,57.0,58.8,1740.0
2022-01-13 13:00:00,58.8,59.58,56.72,58.28,12435.0
2022-01-14 09:00:00,60.0,64.8,57.58,62.05,50840.0
2022-01-14 13:00:00,62.05,66.21,61.48,64.48,245720.0
2022-01-17 09:00:00,66.0,67.2,64.5,65.41,140230.0
2022-01-17 13:00:00,65.41,67.2,65.4,65.57,46070.0
2022-01-18 09:00:00,66.0,66.04,64.21,64.58,50270.0
2022-01-18 13:00:00,64.78,64.78,63.22,63.22,10200.0
2022-01-19 09:00:00,62.72,65.67,62.0,63.04,2300.0
2022-01-19 13:00:00,63.69,63.69,62.82,63.2,1405.0
2022-01-20 09:00:00,62.22,64.48,62.0,63.04,9210.0
2022-01-20 13:00:00,63.36,63.36,62.03,62.31,1420.0
2022-01-21 09:00:00,61.31,61.68,59.0,61.16,6495.0
2022-01-21 13:00:00,60.95,61.68,59.8,60.88,11440.0
2022-01-24 09:00:00,59.81,60.47,56.02,58.36,5885.0
2022-01-24 13:00:00,58.0,58.4,57.0,57.96,5255.0
2022-01-25 09:00:00,57.79,62.4,55.48,57.6,7455.0
2022-01-25 13:00:00,56.54,57.7,56.02,56.68,1975.0
2022-01-27 09:00:00,55.8,64.96,55.34,58.41,9155.0
2022-01-27 13:00:00,58.9,60.33,57.2,60.12,3105.0
2022-01-28 09:00:00,61.81,68.21,60.6,63.39,164670.0
2022-01-28 13:00:00,62.64,64.74,59.6,62.9,151105.0
2022-01-31 09:00:00,62.56,62.8,60.99,61.63,23380.0
2022-01-31 13:00:00,61.63,62.78,60.67,62.05,34970.0
2022-02-01 09:00:00,61.19,62.53,60.69,62.19,17035.0
2022-02-01 13:00:00,60.66,62.0,60.07,61.87,10970.0
2022-02-02 09:00:00,63.09,63.09,61.01,62.03,4050.0
2022-02-02 13:00:00,62.0,62.38,62.0,62.08,2230.0
2022-02-03 09:00:00,61.6,63.0,61.11,62.5,9695.0
2022-02-03 13:00:00,62.05,62.05,60.6,60.84,3585.0
2022-02-04 09:00:00,61.6,62.36,60.24,61.06,16830.0
2022-02-04 13:00:00,61.2,61.26,60.0,60.2,15145.0
2022-02-07 09:00:00,60.69,61.43,58.6,59.23,20435.0
2022-02-07 13:00:00,59.2,60.26,59.2,59.8,3140.0
2022-02-08 09:00:00,57.86,61.41,57.86,58.76,7715.0
2022-02-08 13:00:00,59.77,61.2,58.76,60.63,2615.0
2022-02-09 09:00:00,61.99,63.0,58.42,59.91,5985.0
2022-02-09 13:00:00,58.43,59.82,58.04,59.61,4060.0
2022-02-10 09:00:00,58.88,62.98,58.39,59.74,29795.0
2022-02-10 13:00:00,59.74,60.88,59.23,59.23,4670.0
2022-02-11 09:00:00,59.38,60.61,58.39,59.42,3745.0
2022-02-11 13:00:00,59.42,60.8,59.08,59.08,815.0
2022-02-14 09:00:00,58.3,60.81,58.2,59.45,2935.0
2022-02-14 13:00:00,59.49,59.49,53.77,55.47,7615.0
2022-02-15 09:00:00,55.24,57.98,55.23,55.99,8970.0
2022-02-15 13:00:00,56.0,57.98,55.66,56.03,6255.0
2022-02-16 09:00:00,57.21,60.77,57.19,57.78,2980.0
2022-02-16 13:00:00,57.78,58.55,57.04,57.15,2015.0
2022-02-17 09:00:00,57.0,58.78,56.19,58.36,5250.0
2022-02-17 13:00:00,58.29,58.31,57.0,57.83,1585.0
2022-02-18 09:00:00,60.6,60.6,56.57,57.86,2390.0
2022-02-18 13:00:00,57.35,58.98,56.02,57.0,2720.0
2022-02-21 09:00:00,56.74,58.98,56.02,56.4,2440.0
2022-02-21 13:00:00,56.0,56.53,56.0,56.03,7265.0
2022-02-22 09:00:00,47.6,58.8,47.6,55.2,16695.0
2022-02-22 13:00:00,55.3,58.8,55.3,58.26,1895.0
2022-02-23 09:00:00,58.2,58.2,55.61,56.26,4340.0
2022-02-23 13:00:00,56.28,57.71,56.28,57.41,3340.0
2022-02-24 09:00:00,58.0,58.0,54.61,56.0,3405.0
2022-02-24 13:00:00,56.0,56.0,54.0,54.97,10520.0
2022-02-25 09:00:00,56.2,57.8,55.21,55.6,1750.0
2022-02-25 13:00:00,55.59,55.59,54.0,54.98,1075.0
2022-02-28 09:00:00,48.12,57.04,48.12,56.4,5240.0
2022-02-28 13:00:00,55.96,56.98,55.96,56.9,12005.0
2022-03-02 09:00:00,56.47,57.0,55.01,55.66,1900.0
2022-03-02 13:00:00,56.0,60.6,56.0,57.0,5265.0
2022-03-03 09:00:00,57.44,58.78,55.24,56.0,6555.0
2022-03-03 13:00:00,56.0,57.2,56.0,57.2,2120.0
2022-03-04 09:00:00,57.31,57.34,55.81,55.81,1310.0
2022-03-04 13:00:00,56.74,57.0,56.74,56.97,2720.0
2022-03-07 09:00:00,56.98,57.17,54.0,55.16,4020.0
2022-03-07 13:00:00,55.16,56.29,54.0,54.39,1525.0
2022-03-08 09:00:00,59.28,59.28,55.56,55.87,5590.0
2022-03-08 13:00:00,55.9,56.3,55.9,56.07,2530.0
2022-03-09 09:00:00,56.8,57.73,56.0,56.0,4345.0
2022-03-09 13:00:00,56.0,56.59,56.0,56.08,2015.0
2022-03-10 09:00:00,61.19,61.19,55.28,56.85,44235.0
2022-03-10 13:00:00,56.63,57.18,56.0,56.09,3520.0
2022-03-11 09:00:00,55.89,57.61,55.89,56.21,4120.0
2022-03-11 13:00:00,56.44,56.6,56.0,56.15,3665.0
2022-03-14 09:00:00,56.79,57.45,56.29,56.93,3830.0
2022-03-14 13:00:00,56.8,57.3,56.8,57.3,3145.0
2022-03-15 09:00:00,56.06,61.1,56.06,57.98,78180.0
2022-03-15 13:00:00,58.08,58.08,57.0,57.0,8805.0
2022-03-16 09:00:00,57.4,58.57,56.6,57.25,2420.0
2022-03-16 13:00:00,57.98,58.13,57.0,57.0,5610.0
2022-03-17 09:00:00,58.32,58.41,57.2,58.0,13505.0
2022-03-17 13:00:00,58.0,58.19,57.8,57.89,2980.0
2022-03-21 09:00:00,56.0,59.39,56.0,59.0,21055.0
2022-03-21 13:00:00,59.0,59.39,58.78,59.39,1885.0
2022-03-22 09:00:00,58.28,59.01,57.11,57.11,8305.0
2022-03-22 13:00:00,57.6,61.0,57.6,60.37,10930.0
2022-03-23 09:00:00,60.14,60.95,59.98,60.95,14025.0
2022-03-23 13:00:00,60.0,60.91,60.0,60.78,2600.0
2022-03-24 09:00:00,60.0,61.0,57.98,60.03,32550.0
2022-03-24 13:00:00,60.0,60.43,60.0,60.08,4580.0
2022-03-25 09:00:00,60.2,61.2,60.0,60.51,10595.0
2022-03-25 13:00:00,60.96,60.96,60.0,60.16,17740.0
2022-03-28 09:00:00,65.99,65.99,60.43,60.6,6145.0
2022-03-28 13:00:00,60.4,61.01,60.4,61.0,11365.0
2022-03-29 09:00:00,62.39,64.55,61.21,61.81,22125.0
2022-03-29 13:00:00,62.5,62.57,61.46,61.75,2425.0
2022-03-30 09:00:00,60.33,65.99,60.19,61.96,4950.0
2022-03-30 13:00:00,61.96,66.8,61.2,66.8,52715.0
2022-03-31 09:00:00,64.8,70.87,64.7,68.23,61620.0
2022-03-31 13:00:00,68.25,70.56,68.0,69.68,49080.0
2022-04-01 09:00:00,71.99,73.79,71.0,72.01,24350.0
2022-04-01 13:00:00,72.0,72.7,69.06,70.0,10305.0
2022-04-04 09:00:00,70.7,74.52,68.42,69.14,24870.0
2022-04-04 13:00:00,68.33,69.9,67.98,68.99,12970.0
2022-04-05 09:00:00,71.99,71.99,68.41,71.06,22700.0
2022-04-05 13:00:00,71.0,71.04,69.0,69.03,16110.0
2022-04-06 09:00:00,69.58,69.91,68.41,68.99,8865.0
2022-04-06 13:00:00,69.18,70.01,68.54,69.92,20515.0
2022-04-07 09:00:00,70.51,70.52,68.53,70.01,46850.0
2022-04-07 13:00:00,70.0,70.36,68.01,69.92,139110.0
2022-04-08 09:00:00,68.6,70.4,68.6,70.19,19170.0
2022-04-08 13:00:00,70.0,70.18,70.0,70.0,9215.0
2022-04-11 09:00:00,70.07,71.98,70.0,70.3,22130.0
2022-04-11 13:00:00,70.66,75.6,70.01,71.87,27115.0
2022-04-12 09:00:00,73.29,74.9,70.25,72.65,16180.0
2022-04-12 13:00:00,72.21,72.8,72.2,72.71,1480.0
2022-04-13 09:00:00,72.19,73.63,70.21,70.78,20155.0
2022-04-13 13:00:00,70.79,71.0,70.41,70.59,9305.0
2022-04-18 09:00:00,68.96,72.0,68.96,70.48,12890.0
2022-04-18 13:00:00,70.66,70.99,70.01,70.21,6815.0
2022-04-19 09:00:00,71.61,72.63,69.82,72.32,4655.0
2022-04-19 13:00:00,72.6,72.78,70.6,72.19,19205.0
2022-04-20 09:00:00,73.59,73.59,71.66,72.98,24465.0
2022-04-20 13:00:00,72.49,72.7,72.0,72.4,8865.0
2022-04-21 09:00:00,71.98,78.42,71.13,72.97,52365.0
2022-04-21 13:00:00,73.0,74.6,72.0,72.0,7695.0
2022-04-22 09:00:00,72.41,74.59,71.74,72.0,8535.0
2022-04-22 13:00:00,72.34,74.19,72.01,72.78,15570.0
2022-04-25 09:00:00,70.8,72.73,70.8,72.0,9290.0
2022-04-25 13:00:00,72.2,72.77,70.43,71.84,22015.0
2022-04-26 09:00:00,72.02,74.77,71.58,72.53,18585.0
2022-04-26 13:00:00,72.4,72.4,72.0,72.0,3730.0
2022-04-27 09:00:00,72.18,74.98,71.33,72.08,115670.0
2022-04-27 13:00:00,72.0,73.8,72.0,72.97,27135.0
2022-04-28 09:00:00,75.0,75.0,72.04,73.03,11955.0
2022-04-28 13:00:00,73.25,73.55,72.0,72.09,12520.0
2022-04-29 09:00:00,71.26,72.77,71.26,72.74,5865.0
2022-04-29 13:00:00,72.5,72.5,72.0,72.0,5630.0
2022-05-02 09:00:00,72.0,73.99,70.8,71.59,5280.0
2022-05-02 13:00:00,71.6,73.99,71.2,73.99,28810.0
2022-05-04 09:00:00,72.51,72.51,70.45,71.24,8485.0
2022-05-04 13:00:00,71.24,71.27,62.61,65.7,69525.0
2022-05-05 09:00:00,67.01,70.03,66.21,68.81,10825.0
2022-05-05 13:00:00,68.51,68.98,66.0,66.65,3505.0
2022-05-06 09:00:00,63.8,68.87,63.31,67.05,26530.0
2022-05-06 13:00:00,67.11,69.5,65.6,66.95,15370.0
2022-05-09 09:00:00,63.95,67.69,63.95,66.0,34940.0
2022-05-09 13:00:00,66.07,67.21,65.0,65.27,24195.0
2022-05-10 09:00:00,66.0,67.01,65.0,65.12,18270.0
2022-05-10 13:00:00,65.03,65.88,65.0,65.0,42540.0
2022-05-11 09:00:00,65.28,65.28,64.0,64.01,39955.0
2022-05-11 13:00:00,64.01,64.39,63.24,63.82,15150.0
2022-05-12 09:00:00,63.2,64.62,61.28,62.0,46990.0
2022-05-12 13:00:00,61.56,64.49,60.88,61.99,3055.0
2022-05-13 09:00:00,61.0,64.61,61.0,63.91,34315.0
2022-05-13 13:00:00,63.83,64.88,62.29,63.48,3155.0
2022-05-16 09:00:00,62.71,65.2,62.68,62.76,9430.0
2022-05-16 13:00:00,63.07,63.49,61.07,62.67,6890.0
2022-05-17 09:00:00,62.94,64.99,62.67,64.31,21330.0
2022-05-17 13:00:00,64.35,64.4,62.62,64.26,7355.0
2022-05-18 09:00:00,64.52,67.2,63.59,67.0,38045.0
2022-05-18 13:00:00,66.73,67.58,65.0,66.69,6430.0
2022-05-19 09:00:00,67.99,67.99,64.0,64.95,20230.0
2022-05-19 13:00:00,66.0,67.4,64.6,65.02,10105.0
2022-05-20 09:00:00,66.31,69.8,65.0,65.7,61280.0
2022-05-20 13:00:00,65.7,66.78,64.3,65.09,4005.0
2022-05-23 09:00:00,63.2,66.91,63.2,64.6,15910.0
2022-05-23 13:00:00,64.59,64.59,63.0,63.3,4965.0
2022-05-24 09:00:00,64.55,64.55,61.03,61.41,46155.0
2022-05-24 13:00:00,61.54,61.9,60.6,61.14,6890.0
2022-05-25 09:00:00,62.14,62.14,60.27,60.4,7830.0
2022-05-25 13:00:00,60.58,61.01,50.14,55.22,74500.0
2022-05-26 09:00:00,56.6,58.49,55.99,56.8,52460.0
2022-05-26 13:00:00,57.0,61.19,57.0,58.28,40600.0
2022-05-27 09:00:00,57.43,61.6,57.03,60.4,36820.0
2022-05-27 13:00:00,60.59,62.77,60.0,61.43,12325.0
2022-05-30 09:00:00,63.99,63.99,59.69,62.65,6025.0
2022-05-30 13:00:00,61.93,62.0,60.11,61.58,2120.0
2022-05-31 09:00:00,62.36,62.36,60.13,62.3,19725.0
2022-05-31 13:00:00,62.3,63.0,62.0,62.1,3890.0
2022-06-01 09:00:00,62.52,64.19,62.2,64.19,10625.0
2022-06-01 13:00:00,63.62,64.8,63.62,64.64,3150.0
2022-06-02 09:00:00,65.59,65.8,63.37,63.81,7415.0
2022-06-02 13:00:00,64.07,64.07,62.62,62.96,5430.0
2022-06-03 09:00:00,63.07,63.57,62.64,63.0,2155.0
2022-06-03 13:00:00,63.0,63.57,62.2,63.18,14665.0
2022-06-06 09:00:00,63.05,65.8,62.94,65.0,16045.0
2022-06-06 13:00:00,65.38,67.0,65.12,66.54,6935.0
2022-06-07 09:00:00,67.76,67.76,65.04,66.05,5655.0
2022-06-07 13:00:00,66.41,66.79,65.25,65.42,13325.0
2022-06-08 09:00:00,65.41,67.59,65.3,66.38,11380.0
2022-06-08 13:00:00,66.38,67.0,65.2,66.16,6000.0
2022-06-09 09:00:00,65.75,71.8,65.75,69.0,66870.0
2022-06-09 13:00:00,69.2,71.6,69.2,70.75,11460.0
2022-06-10 09:00:00,67.57,71.8,67.57,69.13,16600.0
2022-06-10 13:00:00,68.86,70.03,68.35,69.78,11545.0
2022-06-13 09:00:00,66.75,67.01,64.99,65.47,7015.0
2022-06-13 13:00:00,65.15,67.18,64.79,67.18,14160.0
2022-06-14 09:00:00,68.4,69.6,66.39,66.84,10950.0
2022-06-14 13:00:00,67.19,68.0,66.84,68.0,7170.0
2022-06-15 09:00:00,65.21,69.56,65.21,68.0,9175.0
2022-06-15 13:00:00,68.0,69.0,66.62,67.74,6235.0
2022-06-16 09:00:00,67.55,67.58,63.85,64.1,23115.0
2022-06-16 13:00:00,64.3,64.49,64.1,64.14,2670.0
2022-06-17 09:00:00,66.01,66.05,63.0,64.0,13030.0
2022-06-17 13:00:00,64.0,67.8,63.9,66.18,2775.0
2022-06-20 09:00:00,66.03,68.49,63.26,63.26,7780.0
2022-06-20 13:00:00,63.22,63.22,57.7,59.07,21165.0
2022-06-21 09:00:00,62.86,64.0,58.01,59.58,21110.0
2022-06-21 13:00:00,59.0,64.0,59.0,61.96,5300.0
2022-06-22 09:00:00,62.23,62.23,60.0,60.08,6990.0
2022-06-22 13:00:00,60.09,60.19,60.0,60.01,415.0
2022-06-23 09:00:00,59.41,71.2,55.99,67.6,116835.0
2022-06-23 13:00:00,67.52,68.0,65.81,67.22,21965.0
2022-06-24 09:00:00,66.01,70.05,66.0,68.9,22850.0
2022-06-24 13:00:00,68.98,69.79,67.62,69.15,16495.0
2022-06-27 09:00:00,70.4,70.97,68.59,70.01,17905.0
2022-06-27 13:00:00,69.94,70.01,67.05,69.1,3145.0
2022-06-28 09:00:00,72.38,72.38,67.04,67.95,7130.0
2022-06-28 13:00:00,67.51,69.34,66.73,68.2,4005.0
2022-06-29 09:00:00,69.55,69.55,66.25,67.4,3885.0
2022-06-29 13:00:00,68.47,68.6,67.0,67.23,3560.0
2022-06-30 09:00:00,66.97,70.36,65.63,67.16,5830.0
2022-06-30 13:00:00,67.11,68.17,66.4,66.81,1420.0
2022-07-01 09:00:00,66.11,70.83,65.41,70.0,15735.0
2022-07-01 13:00:00,69.61,71.99,69.43,69.92,17825.0
2022-07-04 09:00:00,71.14,72.0,66.65,68.63,12400.0
2022-07-04 13:00:00,68.6,71.14,68.03,69.72,6130.0
2022-07-05 09:00:00,71.1,71.98,68.41,69.5,6910.0
2022-07-05 13:00:00,69.43,69.43,67.41,68.09,920.0
2022-07-06 09:00:00,66.0,67.93,65.6,66.8,7075.0
2022-07-06 13:00:00,66.8,68.0,65.1,66.49,3770.0
2022-07-07 09:00:00,65.79,68.0,65.79,68.0,3300.0
2022-07-07 13:00:00,67.8,68.0,66.81,67.95,2165.0
2022-07-08 09:00:00,67.7,69.1,66.4,68.77,9350.0
2022-07-08 13:00:00,70.2,70.99,68.6,69.9,26665.0
2022-07-11 09:00:00,67.4,74.0,66.91,73.6,70720.0
2022-07-11 13:00:00,73.59,75.0,73.23,74.02,30415.0
2022-07-12 09:00:00,75.41,77.1,72.18,74.27,28905.0
2022-07-12 13:00:00,73.83,75.13,73.3,74.68,5090.0
2022-07-13 09:00:00,74.22,74.22,72.55,73.8,10700.0
2022-07-13 13:00:00,73.79,73.79,72.57,72.68,9860.0
2022-07-14 09:00:00,70.55,74.69,70.5,74.0,19350.0
2022-07-14 13:00:00,74.23,76.0,74.0,75.14,5825.0
2022-07-15 09:00:00,76.6,76.6,72.33,73.0,10770.0
2022-07-15 13:00:00,72.97,75.0,72.97,74.31,2445.0
2022-07-18 09:00:00,75.79,76.8,73.4,74.05,14970.0
2022-07-18 13:00:00,74.54,76.6,74.54,75.5,26830.0
2022-07-19 09:00:00,76.99,86.3,75.11,81.99,114950.0
2022-07-19 13:00:00,81.6,83.6,80.24,82.73,29455.0
2022-07-20 09:00:00,85.0,88.1,80.86,81.29,83665.0
2022-07-20 13:00:00,81.77,82.48,77.34,79.48,18820.0
2022-07-21 09:00:00,79.97,85.93,79.97,84.6,32995.0
2022-07-21 13:00:00,84.51,88.0,84.16,85.87,36400.0
2022-07-22 09:00:00,87.49,89.99,86.11,88.47,54585.0
2022-07-22 13:00:00,88.47,88.49,86.61,87.63,7905.0
2022-07-25 09:00:00,90.6,90.6,84.3,86.46,22880.0
2022-07-25 13:00:00,87.0,87.98,85.4,87.4,10750.0
2022-07-26 09:00:00,87.14,87.71,85.2,86.02,24190.0
2022-07-26 13:00:00,86.02,87.0,84.6,85.48,10905.0
2022-07-27 09:00:00,86.43,87.04,82.21,85.69,15935.0
2022-07-27 13:00:00,85.68,85.99,84.5,85.31,2365.0
2022-07-28 09:00:00,84.0,86.0,84.0,84.96,5460.0
2022-07-28 13:00:00,84.5,84.98,84.5,84.62,1750.0
2022-07-29 09:00:00,85.18,87.95,85.08,86.63,21045.0
2022-07-29 13:00:00,86.6,86.6,84.5,84.83,4110.0
2022-08-01 09:00:00,83.22,86.85,80.41,85.55,45845.0
2022-08-01 13:00:00,85.4,86.66,82.62,84.34,14655.0
2022-08-02 09:00:00,82.88,90.2,82.88,87.91,65310.0
2022-08-02 13:00:00,88.01,89.0,87.16,88.4,15390.0
2022-08-03 09:00:00,86.4,89.97,86.05,89.15,26830.0
2022-08-03 13:00:00,89.16,90.15,87.85,89.49,40835.0
2022-08-04 09:00:00,91.6,93.16,86.86,87.55,66960.0
2022-08-04 13:00:00,87.88,93.1,87.23,92.44,38610.0
2022-08-05 09:00:00,101.99,101.99,86.63,97.59,583315.0
2022-08-05 13:00:00,97.59,101.69,96.3,98.01,354890.0
2022-08-08 09:00:00,98.8,100.0,96.65,98.5,114200.0
2022-08-08 13:00:00,98.5,98.5,96.0,96.4,21225.0
2022-08-10 09:00:00,96.4,98.0,93.07,96.31,79850.0
2022-08-10 13:00:00,95.05,96.31,94.17,95.58,20485.0
2022-08-11 09:00:00,95.58,97.22,94.04,95.34,39440.0
2022-08-11 13:00:00,95.67,96.57,90.44,93.0,11985.0
2022-08-12 09:00:00,93.7,94.0,92.2,93.49,25550.0
2022-08-12 13:00:00,93.2,93.98,92.23,93.33,10755.0
2022-08-16 09:00:00,91.0,93.31,89.62,91.15,62940.0
2022-08-16 13:00:00,91.01,91.83,88.11,90.03,14390.0
2022-08-17 09:00:00,95.8,95.8,90.0,90.04,33140.0
2022-08-17 13:00:00,90.44,90.99,90.0,90.48,14685.0
2022-08-18 09:00:00,92.27,95.6,89.23,90.72,52980.0
2022-08-18 13:00:00,90.63,91.67,90.01,90.97,14625.0
2022-08-19 09:00:00,89.77,90.58,87.02,88.67,31095.0
2022-08-19 13:00:00,88.39,88.82,86.0,86.6,21530.0
2022-08-22 09:00:00,85.19,88.33,83.31,85.93,42355.0
2022-08-22 13:00:00,85.78,90.01,85.6,86.12,35435.0
2022-08-23 09:00:00,84.56,88.0,84.34,86.71,11390.0
2022-08-23 13:00:00,86.83,89.14,85.96,87.91,13525.0
2022-08-24 09:00:00,86.1,89.0,86.1,87.39,7055.0
2022-08-24 13:00:00,86.72,87.9,86.43,87.29,2640.0
2022-08-25 09:00:00,87.96,89.8,87.96,89.24,15860.0
2022-08-25 13:00:00,89.8,90.0,88.06,89.54,5770.0
2022-08-26 09:00:00,91.33,92.0,88.0,88.43,51180.0
2022-08-26 13:00:00,88.4,89.28,86.04,87.86,15115.0
2022-08-29 09:00:00,87.06,88.45,84.41,85.5,19955.0
2022-08-29 13:00:00,85.3,86.9,85.3,86.06,8085.0
2022-08-30 09:00:00,87.19,87.77,86.0,86.6,11645.0
2022-08-30 13:00:00,86.27,86.6,86.23,86.23,2755.0
2022-09-01 09:00:00,89.0,89.8,85.89,86.0,45900.0
2022-09-01 13:00:00,86.2,86.98,86.0,86.1,8600.0
2022-09-02 09:00:00,88.1,90.94,81.44,88.04,90465.0
2022-09-02 13:00:00,88.04,89.22,86.0,86.07,36730.0
2022-09-05 09:00:00,86.94,89.8,86.01,88.3,34265.0
2022-09-05 13:00:00,87.85,89.0,87.66,88.28,12730.0
2022-09-06 09:00:00,89.85,89.85,86.1,87.41,18200.0
2022-09-06 13:00:00,87.42,88.79,87.41,88.01,8450.0
2022-09-07 09:00:00,89.7,92.0,87.88,88.8,53530.0
2022-09-07 13:00:00,89.03,91.6,88.11,90.13,66515.0
2022-09-08 09:00:00,90.2,91.6,89.97,91.15,19940.0
2022-09-08 13:00:00,91.0,91.01,90.0,90.82,9650.0
2022-09-09 09:00:00,90.47,91.64,89.11,89.41,6250.0
2022-09-09 13:00:00,89.69,90.0,89.0,89.27,4305.0
2022-09-12 09:00:00,89.56,92.4,88.56,91.21,32825.0
2022-09-12 13:00:00,91.59,93.8,91.04,91.5,30315.0
2022-09-13 09:00:00,93.8,93.8,89.4,90.04,29435.0
2022-09-13 13:00:00,90.15,90.8,89.0,89.45,12835.0
2022-09-14 09:00:00,87.0,90.96,87.0,89.76,19955.0
2022-09-14 13:00:00,89.88,90.0,88.3,89.41,8380.0
2022-09-15 09:00:00,90.82,93.0,87.28,87.61,76390.0
2022-09-15 13:00:00,88.04,89.84,87.26,88.59,13275.0
2022-09-16 09:00:00,89.98,89.98,86.57,87.4,9825.0
2022-09-16 13:00:00,87.44,88.36,84.78,86.45,32450.0
2022-09-19 09:00:00,85.04,89.2,85.04,88.71,9945.0
2022-09-19 13:00:00,89.2,89.2,87.0,87.24,14130.0
2022-09-20 09:00:00,88.97,89.67,88.15,88.82,19740.0
2022-09-20 13:00:00,88.6,90.2,88.6,89.99,29295.0
2022-09-21 09:00:00,90.45,92.99,89.19,89.65,39840.0
2022-09-21 13:00:00,89.75,91.4,89.75,90.89,8460.0
2022-09-22 09:00:00,88.42,91.36,88.42,89.81,49175.0
2022-09-22 13:00:00,89.8,90.39,89.6,90.15,6520.0
2022-09-23 09:00:00,89.22,90.63,89.22,90.11,7145.0
2022-09-23 13:00:00,90.39,90.8,89.81,90.2,16370.0
2022-09-26 09:00:00,91.99,92.0,85.98,87.6,49710.0
2022-09-26 13:00:00,87.59,88.86,86.0,87.12,13330.0
2022-09-27 09:00:00,86.8,88.79,86.0,86.24,8310.0
2022-09-27 13:00:00,86.32,89.85,86.0,87.53,14250.0
2022-09-28 09:00:00,87.65,89.08,86.71,88.48,2415.0
2022-09-28 13:00:00,88.2,89.0,86.44,87.58,7975.0
2022-09-29 09:00:00,87.04,89.02,86.8,87.14,5290.0
2022-09-29 13:00:00,87.0,87.0,85.21,86.0,16275.0
2022-09-30 09:00:00,86.44,86.44,84.8,85.52,7535.0
2022-09-30 13:00:00,85.67,86.8,85.67,86.0,16880.0
2022-10-03 09:00:00,85.48,86.4,85.48,86.2,3700.0
2022-10-03 13:00:00,85.7,86.19,85.5,85.73,5310.0
2022-10-04 09:00:00,84.6,87.86,84.6,87.61,9060.0
2022-10-04 13:00:00,87.61,89.2,87.02,88.83,4095.0
2022-10-06 09:00:00,90.59,90.59,86.61,87.75,30970.0
2022-10-06 13:00:00,87.73,89.0,87.6,88.88,15670.0
2022-10-07 09:00:00,89.81,89.81,87.16,87.6,2495.0
2022-10-07 13:00:00,88.32,88.32,86.8,87.13,8445.0
2022-10-10 09:00:00,85.2,88.87,84.71,88.78,42830.0
2022-10-10 13:00:00,88.77,88.77,86.02,87.01,4670.0
2022-10-11 09:00:00,84.32,88.0,84.32,86.53,29875.0
2022-10-11 13:00:00,86.21,86.54,85.0,85.16,13750.0
2022-10-12 09:00:00,85.92,87.17,85.24,85.6,19065.0
2022-10-12 13:00:00,85.6,86.18,85.6,86.18,6085.0
2022-10-13 09:00:00,88.6,88.6,86.57,87.88,9015.0
2022-10-13 13:00:00,87.4,87.4,87.0,87.35,1365.0
2022-10-14 09:00:00,88.25,89.0,87.04,87.31,29405.0
2022-10-14 13:00:00,87.31,87.4,87.02,87.36,10910.0
2022-10-17 09:00:00,87.36,87.89,86.62,86.99,21465.0
2022-10-17 13:00:00,87.13,87.6,86.74,86.88,11100.0
2022-10-18 09:00:00,88.58,88.58,86.8,87.6,30535.0
2022-10-18 13:00:00,87.41,87.8,84.42,86.3,76650.0
2022-10-19 09:00:00,86.13,88.0,86.13,87.4,6730.0
2022-10-19 13:00:00,87.39,90.0,87.2,88.87,50265.0
2022-10-20 09:00:00,90.63,95.53,89.6,90.48,78875.0
2022-10-20 13:00:00,90.5,91.0,87.2,90.33,19965.0
2022-10-21 09:00:00,95.0,100.35,94.01,94.4,506510.0
2022-10-21 13:00:00,94.41,94.8,92.02,93.14,92190.0
2022-10-24 17:00:00,95.89,98.98,93.2,94.81,33295.0
2022-10-25 09:00:00,96.4,96.69,89.02,90.39,80930.0
2022-10-25 13:00:00,90.39,90.91,88.45,89.52,29955.0
2022-10-27 09:00:00,89.4,91.32,87.01,88.02,100910.0
2022-10-27 13:00:00,88.31,88.52,86.2,87.02,30750.0
2022-10-28 09:00:00,88.74,90.79,87.31,88.99,39565.0
2022-10-28 13:00:00,88.98,89.0,87.58,88.15,26640.0
2022-10-31 09:00:00,89.72,90.0,87.59,89.24,99200.0
2022-10-31 13:00:00,89.27,90.0,88.3,89.2,36115.0
2022-11-01 09:00:00,90.0,92.0,89.0,91.39,121855.0
2022-11-01 13:00:00,91.0,92.6,91.0,92.19,36945.0
2022-11-02 09:00:00,95.65,95.65,92.71,93.77,94710.0
2022-11-02 13:00:00,93.8,93.8,92.2,92.85,18500.0
2022-11-03 09:00:00,92.85,93.98,91.19,92.88,33605.0
2022-11-03 13:00:00,92.43,92.8,91.43,92.02,21685.0
2022-11-04 09:00:00,93.84,94.94,91.8,92.96,19940.0
2022-11-04 13:00:00,92.98,93.2,91.8,92.4,8695.0
2022-11-07 09:00:00,92.4,93.0,90.61,91.02,27645.0
2022-11-07 13:00:00,91.02,91.02,88.44,89.55,20000.0
2022-11-09 09:00:00,90.79,90.79,86.99,88.79,58845.0
2022-11-09 13:00:00,89.0,92.79,88.74,90.7,30335.0
2022-11-10 09:00:00,94.39,94.39,88.9,91.2,26540.0
2022-11-10 13:00:00,91.19,94.31,91.01,91.65,52765.0
2022-11-11 09:00:00,94.4,94.4,92.0,92.56,36950.0
2022-11-11 13:00:00,92.57,93.0,90.24,91.92,90550.0
2022-11-14 09:00:00,92.19,92.2,87.42,87.64,58525.0
2022-11-14 13:00:00,87.74,88.0,85.1,86.72,33800.0
2022-11-15 09:00:00,87.0,90.79,86.81,89.98,60915.0
2022-11-15 13:00:00,90.0,91.2,89.8,90.88,14820.0
2022-11-16 09:00:00,91.6,91.6,90.02,90.62,21270.0
2022-11-16 13:00:00,90.8,90.88,89.43,90.47,6695.0
2022-11-17 09:00:00,90.47,90.82,89.0,89.86,5880.0
2022-11-17 13:00:00,89.8,90.13,89.4,89.9,2535.0
2022-11-18 09:00:00,90.18,90.18,87.0,87.8,22980.0
2022-11-18 13:00:00,87.32,89.0,86.23,87.87,11935.0
2022-11-21 09:00:00,87.87,89.99,87.7,89.56,14370.0
2022-11-21 13:00:00,89.56,90.0,88.46,89.61,4605.0
2022-11-22 09:00:00,89.64,90.8,88.51,90.14,9940.0
2022-11-22 13:00:00,90.36,90.79,89.82,90.4,3525.0
2022-11-23 09:00:00,92.19,92.19,87.03,88.34,35055.0
2022-11-23 13:00:00,87.76,89.95,87.04,87.93,28700.0
2022-11-24 09:00:00,88.33,88.6,87.83,88.01,15965.0
2022-11-24 13:00:00,88.25,88.6,87.81,88.55,4555.0
2022-11-25 09:00:00,87.82,91.15,87.7,87.86,9845.0
2022-11-25 13:00:00,87.99,88.4,87.76,88.05,6005.0
2022-11-28 09:00:00,88.0,88.4,88.0,88.1,14935.0
2022-11-28 13:00:00,88.31,89.0,87.0,87.39,30460.0
2022-11-29 09:00:00,89.33,89.33,87.0,87.2,15640.0
2022-11-29 13:00:00,87.23,87.4,86.4,86.67,18810.0
2022-11-30 09:00:00,86.8,89.22,86.8,87.98,20575.0
2022-11-30 13:00:00,87.81,88.06,87.46,87.93,8685.0
2022-12-01 09:00:00,89.66,90.37,87.28,88.0,17770.0
2022-12-01 13:00:00,87.77,87.91,87.0,87.36,2580.0
2022-12-02 09:00:00,88.38,88.38,87.0,87.28,4140.0
2022-12-02 13:00:00,87.21,88.0,87.0,87.53,4975.0
2022-12-05 09:00:00,86.0,91.18,85.8,88.3,27985.0
2022-12-05 13:00:00,88.0,89.6,88.0,89.05,34690.0
2022-12-06 09:00:00,90.73,91.1,87.61,88.91,9155.0
2022-12-06 13:00:00,88.73,88.87,87.0,87.21,8185.0
2022-12-07 09:00:00,88.95,92.0,87.21,90.19,64450.0
2022-12-07 13:00:00,90.39,92.8,90.0,91.31,92800.0
2022-12-08 09:00:00,92.02,94.8,92.0,92.84,124435.0
2022-12-08 13:00:00,92.98,92.99,91.6,92.1,26655.0
2022-12-09 09:00:00,93.8,95.0,90.19,91.12,66720.0
2022-12-09 13:00:00,91.27,99.59,90.62,97.68,172325.0
2022-12-12 09:00:00,98.0,105.21,97.6,104.65,778985.0
2022-12-12 13:00:00,104.57,105.99,103.48,104.84,397830.0
2022-12-13 09:00:00,105.8,107.88,102.0,104.31,459915.0
2022-12-13 13:00:00,104.2,104.98,103.36,104.34,120765.0
2022-12-14 09:00:00,104.89,109.2,104.4,108.32,894245.0
2022-12-14 13:00:00,108.31,108.39,106.31,107.03,112440.0
2022-12-15 09:00:00,106.91,108.4,105.25,106.99,112605.0
2022-12-15 13:00:00,106.5,107.4,106.0,107.01,41845.0
2022-12-16 09:00:00,106.8,109.05,105.02,107.38,166755.0
2022-12-16 13:00:00,107.24,107.6,105.3,106.38,61295.0
2022-12-19 09:00:00,107.36,108.99,106.57,106.6,157040.0
2022-12-19 13:00:00,106.6,106.92,100.67,102.61,84985.0
2022-12-20 09:00:00,100.4,107.51,100.01,103.13,234470.0
2022-12-20 13:00:00,103.36,107.99,103.14,107.47,226800.0
2022-12-21 09:00:00,107.54,112.62,105.2,105.73,278285.0
2022-12-21 13:00:00,105.61,105.64,98.46,100.22,108540.0
2022-12-22 09:00:00,101.79,102.19,93.0,96.25,215535.0
2022-12-22 13:00:00,96.22,97.11,94.02,95.01,48615.0
2022-12-23 09:00:00,96.0,96.15,90.75,95.18,135315.0
2022-12-23 13:00:00,95.0,96.19,89.58,91.86,196670.0
2022-12-26 09:00:00,90.0,94.97,89.53,92.54,86525.0
2022-12-26 13:00:00,92.73,93.0,90.02,90.95,41880.0
2022-12-27 09:00:00,91.52,94.8,91.24,94.55,195815.0
2022-12-27 13:00:00,94.59,94.88,91.6,92.56,97640.0
2022-12-28 09:00:00,93.2,93.54,90.2,90.88,129280.0
2022-12-28 13:00:00,91.29,91.4,87.1,88.0,107785.0
2022-12-29 09:00:00,86.4,89.99,86.4,89.53,95545.0
2022-12-29 13:00:00,89.54,90.99,88.6,89.2,19850.0
2022-12-30 09:00:00,90.2,91.44,89.6,90.68,74305.0
2022-12-30 13:00:00,90.53,92.44,90.01,91.06,42740.0
2023-01-02 09:00:00,92.58,92.81,90.0,90.92,65740.0
2023-01-02 13:00:00,91.0,93.4,90.8,92.56,48985.0
2023-01-03 09:00:00,88.5,99.4,88.5,99.19,234555.0
2023-01-03 13:00:00,99.01,101.0,98.04,98.83,185090.0
2023-01-04 09:00:00,98.98,100.8,96.49,98.74,154320.0
2023-01-04 13:00:00,98.72,100.11,98.0,98.96,47080.0
2023-01-05 09:00:00,99.6,99.98,97.04,97.52,57660.0
2023-01-05 13:00:00,97.14,97.39,95.67,96.5,23880.0
2023-01-06 09:00:00,97.0,97.0,93.87,93.87,61075.0
2023-01-06 13:00:00,93.6,93.87,90.64,91.92,33880.0
2023-01-09 09:00:00,95.38,97.16,93.34,93.4,134210.0
2023-01-09 13:00:00,93.89,96.65,93.55,96.0,31835.0
2023-01-10 09:00:00,95.04,95.04,93.6,93.92,18025.0
2023-01-10 13:00:00,93.68,95.0,93.68,94.69,9440.0
2023-01-11 09:00:00,96.11,96.11,94.31,95.21,11195.0
2023-01-11 13:00:00,95.27,95.99,94.7,95.6,18745.0
2023-01-12 09:00:00,95.05,95.79,94.4,95.66,10825.0
2023-01-12 13:00:00,95.5,95.8,95.16,95.79,5685.0
2023-01-13 09:00:00,95.75,95.9,91.04,92.81,73725.0
2023-01-13 13:00:00,93.0,94.99,92.62,94.0,41255.0
2023-01-16 09:00:00,96.4,96.4,93.4,94.31,32340.0
2023-01-16 13:00:00,94.21,94.68,93.02,93.33,12615.0
2023-01-17 09:00:00,93.88,94.41,93.41,94.39,16285.0
2023-01-17 13:00:00,94.0,94.92,94.0,94.92,8035.0
2023-01-18 09:00:00,94.39,94.9,91.21,91.63,74940.0
2023-01-18 13:00:00,91.6,92.83,91.28,92.04,25215.0
2023-01-19 09:00:00,91.0,94.08,91.0,93.65,38835.0
2023-01-19 13:00:00,93.33,95.94,92.56,93.61,59835.0
2023-01-20 09:00:00,93.61,97.0,93.2,97.0,72615.0
2023-01-20 13:00:00,97.4,99.54,96.61,97.51,110415.0
2023-01-23 09:00:00,96.2,98.31,95.01,97.23,85600.0
2023-01-23 13:00:00,97.4,97.6,96.53,97.0,54690.0
2023-01-24 09:00:00,101.4,105.0,97.2,102.48,635845.0
2023-01-24 13:00:00,102.69,102.69,98.03,98.63,122070.0
2023-01-25 09:00:00,99.78,99.99,96.2,98.6,140125.0
2023-01-25 13:00:00,99.28,99.65,97.79,98.3,15045.0
2023-01-27 09:00:00,99.89,99.9,91.11,94.61,100395.0
2023-01-27 13:00:00,94.78,95.78,92.22,93.6,27240.0
2023-01-30 09:00:00,93.76,97.74,92.99,93.17,40815.0
2023-01-30 13:00:00,93.29,93.76,91.45,91.94,18265.0
2023-01-31 09:00:00,93.32,94.64,91.2,94.01,56190.0
2023-01-31 13:00:00,94.01,95.82,93.01,94.2,38710.0
2023-02-01 09:00:00,95.94,97.9,94.41,97.37,30115.0
2023-02-01 13:00:00,97.71,101.18,92.03,97.84,66490.0
2023-02-02 09:00:00,97.84,99.79,96.4,99.02,77830.0
2023-02-02 13:00:00,99.02,104.01,98.22,102.0,66240.0
2023-02-03 09:00:00,101.54,102.0,96.6,100.14,113555.0
2023-02-03 13:00:00,100.01,102.2,99.86,100.11,62435.0
2023-02-06 09:00:00,98.42,101.09,98.42,98.74,42070.0
2023-02-06 13:00:00,98.7,100.6,98.7,99.83,36965.0
2023-02-07 09:00:00,98.42,104.79,98.42,103.85,138440.0
2023-02-07 13:00:00,104.18,107.5,103.18,106.22,162535.0
2023-02-08 09:00:00,106.2,111.99,106.08,109.9,557735.0
2023-02-08 13:00:00,109.71,111.15,107.0,108.84,336315.0
2023-02-09 09:00:00,109.8,110.76,106.21,106.44,102175.0
2023-02-09 13:00:00,106.44,106.8,103.77,105.0,60510.0
2023-02-10 09:00:00,106.33,106.33,103.31,104.31,38890.0
2023-02-10 13:00:00,104.0,104.89,103.21,103.48,15110.0
2023-02-13 09:00:00,105.24,108.77,102.93,106.82,88990.0
2023-02-13 13:00:00,106.83,107.99,105.37,106.4,51560.0
2023-02-14 09:00:00,106.9,108.0,106.7,107.61,46620.0
2023-02-14 13:00:00,107.33,108.5,106.0,107.72,73410.0
2023-02-15 09:00:00,106.64,110.0,106.32,106.7,137295.0
2023-02-15 13:00:00,106.75,109.69,106.42,108.4,26955.0
2023-02-16 09:00:00,109.25,109.4,104.35,107.0,72700.0
2023-02-16 13:00:00,106.82,107.73,105.2,105.6,23305.0
2023-02-17 09:00:00,107.0,107.39,105.62,106.8,42560.0
2023-02-17 13:00:00,106.85,107.0,104.6,105.47,14920.0
2023-02-20 09:00:00,106.54,106.54,102.3,103.19,50020.0
2023-02-20 13:00:00,103.19,103.53,100.91,102.6,83495.0
2023-02-21 09:00:00,101.68,105.0,101.22,103.98,81690.0
2023-02-21 13:00:00,103.46,103.46,100.92,101.5,13735.0
2023-02-22 09:00:00,101.8,103.78,100.57,102.4,95915.0
2023-02-22 13:00:00,101.89,102.07,99.91,100.55,21340.0
2023-02-23 09:00:00,100.61,101.51,98.23,100.77,51850.0
2023-02-23 13:00:00,101.15,101.43,98.6,100.65,7290.0
2023-02-24 09:00:00,100.21,101.17,99.21,101.0,43085.0
2023-02-24 13:00:00,100.93,104.99,100.93,103.67,27685.0
2023-02-27 09:00:00,104.4,104.71,98.22,99.79,81615.0
2023-02-27 13:00:00,99.79,99.88,98.37,98.67,15350.0
2023-02-28 09:00:00,100.63,100.63,97.52,97.9,18480.0
2023-02-28 13:00:00,98.08,98.09,96.4,97.0,21645.0
2023-03-01 09:00:00,97.21,100.88,97.19,100.84,31690.0
2023-03-01 13:00:00,100.85,100.85,98.41,98.61,17865.0
2023-03-02 09:00:00,98.52,99.48,97.64,98.01,23915.0
2023-03-02 13:00:00,98.11,98.32,97.0,97.4,29715.0
2023-03-03 09:00:00,97.6,99.44,97.48,98.9,14400.0
2023-03-03 13:00:00,98.77,99.8,97.0,98.04,13420.0
2023-03-06 09:00:00,98.31,99.19,97.51,97.61,26960.0
2023-03-06 13:00:00,97.61,98.23,97.0,97.76,12980.0
2023-03-08 09:00:00,96.46,98.55,96.46,97.43,33250.0
2023-03-08 13:00:00,97.31,97.96,96.99,97.58,7280.0
2023-03-09 09:00:00,98.4,99.98,97.7,98.0,23730.0
2023-03-09 13:00:00,98.0,98.37,97.02,97.45,9780.0
2023-03-10 09:00:00,97.01,99.18,97.0,97.6,21800.0
2023-03-10 13:00:00,98.07,98.07,97.0,97.28,5995.0
2023-03-13 09:00:00,99.21,102.25,98.22,100.4,122670.0
2023-03-13 13:00:00,100.4,100.4,97.2,97.72,65935.0
2023-03-14 09:00:00,98.8,99.0,96.86,97.39,88065.0
2023-03-14 13:00:00,97.34,97.73,95.0,95.74,25040.0
2023-03-15 09:00:00,96.0,97.24,95.69,96.22,21925.0
2023-03-15 13:00:00,96.17,96.23,94.21,94.86,69550.0
2023-03-16 09:00:00,95.73,95.8,88.01,90.33,194755.0
2023-03-16 13:00:00,90.33,91.79,89.63,90.14,92815.0
2023-03-17 09:00:00,91.73,91.75,87.93,91.0,105015.0
2023-03-17 13:00:00,91.0,92.28,90.8,91.67,27255.0
2023-03-20 09:00:00,91.89,91.99,87.59,88.35,69355.0
2023-03-20 13:00:00,88.4,91.43,87.99,89.55,23975.0
2023-03-21 09:00:00,90.11,90.97,89.13,90.43,8290.0
2023-03-21 13:00:00,90.54,91.73,88.97,89.39,65280.0
2023-03-22 09:00:00,90.32,90.98,89.0,90.33,22865.0
2023-03-22 13:00:00,90.28,90.73,90.0,90.01,56620.0
2023-03-23 09:00:00,90.6,92.92,89.4,91.54,37285.0
2023-03-23 13:00:00,91.53,96.34,91.26,94.91,117105.0
2023-03-24 09:00:00,96.65,96.94,94.95,95.3,59760.0
2023-03-24 13:00:00,95.2,95.2,92.42,93.43,12160.0
2023-03-27 09:00:00,93.0,93.43,89.34,90.84,45310.0
2023-03-27 13:00:00,90.0,93.48,88.9,91.97,72110.0
2023-03-28 09:00:00,92.21,92.52,90.42,91.34,26760.0
2023-03-28 13:00:00,89.99,90.41,89.15,90.06,41005.0
2023-03-29 09:00:00,90.24,94.88,90.17,93.76,73840.0
2023-03-29 13:00:00,94.2,94.73,92.03,93.9,19785.0
2023-03-31 09:00:00,95.77,95.77,91.27,91.93,57225.0
2023-03-31 13:00:00,91.93,92.2,90.47,91.0,44425.0
2023-04-03 09:00:00,91.45,92.69,91.21,92.49,17385.0
2023-04-03 13:00:00,92.57,94.4,92.3,93.15,9585.0
2023-04-05 09:00:00,92.68,94.7,92.53,94.28,18705.0
2023-04-05 13:00:00,94.88,94.96,94.05,94.38,9530.0
2023-04-06 09:00:00,94.75,96.59,93.48,95.98,21675.0
2023-04-06 13:00:00,95.8,98.88,95.16,97.81,31730.0
2023-04-10 09:00:00,99.74,99.74,96.56,96.66,26895.0
2023-04-10 13:00:00,96.79,97.6,96.6,96.89,15135.0
2023-04-11 09:00:00,96.89,97.48,96.07,96.5,17930.0
2023-04-11 13:00:00,96.5,96.89,95.0,96.07,3595.0
2023-04-12 09:00:00,96.32,97.4,96.0,97.18,15060.0
2023-04-12 13:00:00,97.02,97.64,95.4,96.16,5885.0
2023-04-13 09:00:00,96.18,97.4,95.6,96.2,7160.0
2023-04-13 13:00:00,95.11,96.2,95.07,95.96,4955.0
2023-04-17 09:00:00,96.99,98.86,96.9,97.59,23820.0
2023-04-17 13:00:00,97.59,97.73,95.02,95.23,19965.0
2023-04-18 09:00:00,96.28,96.55,95.0,95.72,16995.0
2023-04-18 13:00:00,95.83,95.83,94.97,95.24,4685.0
2023-04-19 09:00:00,95.54,96.78,95.42,96.06,7400.0
2023-04-19 13:00:00,96.06,96.24,95.6,95.64,16235.0
2023-04-20 09:00:00,94.93,97.11,94.93,95.89,8075.0
2023-04-20 13:00:00,95.54,96.09,95.02,95.28,4285.0
2023-04-21 09:00:00,95.7,95.81,94.2,94.42,14695.0
2023-04-21 13:00:00,94.49,95.0,94.49,94.98,5410.0
2023-04-24 09:00:00,95.0,95.0,91.66,92.78,22640.0
2023-04-24 13:00:00,92.94,93.96,92.0,93.12,19925.0
2023-04-25 09:00:00,91.96,94.16,91.46,92.15,93675.0
2023-04-25 13:00:00,92.38,93.04,92.0,92.24,7455.0
2023-04-26 09:00:00,92.95,103.6,91.42,102.42,726945.0
2023-04-26 13:00:00,102.79,102.79,98.62,99.51,147990.0
2023-04-27 09:00:00,99.78,102.9,99.57,100.7,84785.0
2023-04-27 13:00:00,100.76,102.6,100.0,101.7,39095.0
2023-04-28 09:00:00,103.0,103.0,101.0,102.5,28350.0
2023-04-28 13:00:00,102.65,103.14,101.62,101.88,23825.0
2023-05-02 09:00:00,101.42,105.8,101.42,104.46,113585.0
2023-05-02 13:00:00,104.32,105.44,103.05,105.0,52165.0
2023-05-03 09:00:00,104.93,104.93,102.41,103.24,37275.0
2023-05-03 13:00:00,103.1,103.1,100.4,101.52,34660.0
2023-05-04 09:00:00,101.22,104.69,101.21,103.94,60085.0
2023-05-04 13:00:00,104.0,104.0,101.0,102.15,78170.0
2023-05-05 09:00:00,101.58,104.3,101.57,102.89,19360.0
2023-05-05 13:00:00,102.74,102.76,101.0,101.59,41975.0
2023-05-08 09:00:00,100.92,103.44,100.66,101.57,51770.0
2023-05-08 13:00:00,101.46,105.8,99.74,103.18,56630.0
2023-05-09 09:00:00,102.54,103.58,102.54,102.7,25490.0
2023-05-09 13:00:00,102.74,102.74,101.05,101.65,10810.0
2023-05-10 09:00:00,102.69,103.04,101.22,102.03,13600.0
2023-05-10 13:00:00,102.01,103.4,101.0,101.76,75930.0
2023-05-11 09:00:00,102.3,104.59,102.02,103.38,35040.0
2023-05-11 13:00:00,103.67,104.17,103.19,103.39,22110.0
2023-05-12 09:00:00,103.59,105.12,102.6,103.14,31635.0
2023-05-12 13:00:00,103.2,104.34,102.81,103.78,9820.0
2023-05-15 09:00:00,105.4,109.34,100.81,103.0,397920.0
2023-05-15 13:00:00,102.8,103.58,101.62,102.24,52115.0
2023-05-16 09:00:00,104.07,104.23,102.62,102.74,28805.0
2023-05-16 13:00:00,101.24,102.95,101.24,101.6,27075.0
2023-05-17 09:00:00,102.17,103.59,101.74,101.97,37130.0
2023-05-17 13:00:00,102.28,102.72,101.46,102.39,19960.0
2023-05-18 09:00:00,102.39,104.9,100.42,102.2,62315.0
2023-05-18 13:00:00,102.3,102.74,100.24,101.47,21330.0
2023-05-19 09:00:00,102.79,103.79,101.31,101.8,36560.0
2023-05-19 13:00:00,101.8,102.4,101.43,101.97,15395.0
2023-05-22 09:00:00,101.97,104.68,100.81,103.01,63215.0
2023-05-22 13:00:00,103.0,103.6,102.01,103.0,10740.0
2023-05-23 09:00:00,104.04,104.96,97.0,99.34,178865.0
2023-05-23 13:00:00,99.3,99.3,93.52,95.41,186135.0
2023-05-24 09:00:00,99.6,104.4,96.58,102.72,522840.0
2023-05-24 13:00:00,102.68,109.39,102.35,106.75,238540.0
2023-05-25 09:00:00,104.31,105.0,98.32,98.99,518040.0
2023-05-25 13:00:00,98.99,100.5,98.6,99.59,129320.0
2023-05-26 09:00:00,100.59,101.96,100.0,100.9,113270.0
2023-05-26 13:00:00,101.05,101.58,100.02,100.39,50210.0
2023-05-29 09:00:00,102.76,102.76,99.2,99.4,114685.0
2023-05-29 13:00:00,99.21,101.0,99.2,100.48,39825.0
2023-05-30 09:00:00,101.99,101.99,99.51,99.98,47095.0
2023-05-30 13:00:00,100.14,100.58,98.83,99.81,67580.0
2023-05-31 09:00:00,101.2,101.2,96.2,97.18,216720.0
2023-05-31 13:00:00,97.0,98.96,96.91,98.05,201595.0
2023-06-01 09:00:00,99.39,99.39,96.99,97.25,83780.0
2023-06-01 13:00:00,97.39,98.05,97.26,97.53,24280.0
2023-06-02 09:00:00,97.52,101.0,97.52,98.45,191045.0
2023-06-02 13:00:00,98.78,98.99,97.0,97.68,65380.0
2023-06-05 09:00:00,97.77,99.4,97.6,98.6,43735.0
2023-06-05 13:00:00,98.45,99.29,98.05,98.48,16515.0
2023-06-06 09:00:00,97.7,99.57,97.7,98.97,50980.0
2023-06-06 13:00:00,98.8,99.52,98.8,99.22,21815.0
2023-06-07 09:00:00,100.0,100.93,99.01,99.4,60855.0
2023-06-07 13:00:00,99.45,99.7,98.61,99.09,50110.0
2023-06-08 09:00:00,98.61,100.98,98.16,98.83,818470.0
2023-06-08 13:00:00,98.77,100.39,98.32,99.04,270250.0
2023-06-09 09:00:00,100.0,100.79,98.41,98.6,69160.0
2023-06-09 13:00:00,98.6,99.7,98.6,99.35,88245.0
2023-06-12 09:00:00,100.34,102.53,99.71,100.89,113835.0
2023-06-12 13:00:00,100.82,100.96,99.68,100.1,25645.0
2023-06-13 09:00:00,101.6,101.6,100.0,100.73,49745.0
2023-06-13 13:00:00,100.84,101.58,99.76,100.37,43655.0
2023-06-14 09:00:00,100.28,101.56,100.05,100.55,48795.0
2023-06-14 13:00:00,100.56,102.0,100.55,100.78,80345.0
2023-06-15 09:00:00,100.76,101.56,99.06,99.38,41345.0
2023-06-15 13:00:00,99.38,99.38,96.64,97.38,116885.0
2023-06-16 09:00:00,98.35,98.58,97.2,97.89,35855.0
2023-06-16 13:00:00,98.08,98.3,97.6,98.0,18320.0
2023-06-19 09:00:00,98.8,98.8,97.07,98.0,27030.0
2023-06-19 13:00:00,97.9,98.6,97.4,98.6,74330.0
2023-06-20 09:00:00,99.39,99.39,97.41,97.42,132210.0
2023-06-20 13:00:00,97.42,98.73,95.38,96.17,150155.0
2023-06-21 09:00:00,96.79,97.68,96.57,97.0,42570.0
2023-06-21 13:00:00,97.12,97.2,96.99,97.14,27635.0
2023-06-22 09:00:00,97.4,97.99,97.0,97.17,20060.0
2023-06-22 13:00:00,97.17,97.39,97.0,97.0,15965.0
2023-06-23 09:00:00,97.01,97.4,94.81,95.05,68625.0
2023-06-23 13:00:00,95.05,95.05,92.71,92.78,67545.0
2023-06-26 09:00:00,93.79,93.8,90.89,92.2,95100.0
2023-06-26 13:00:00,92.2,93.33,92.0,93.2,44530.0
2023-06-27 09:00:00,93.41,95.49,93.2,93.2,46580.0
2023-06-27 13:00:00,93.34,93.77,92.99,93.0,23320.0
2023-06-28 09:00:00,93.78,94.42,93.4,94.21,40510.0
2023-06-28 13:00:00,94.47,95.71,93.88,95.2,33835.0
2023-06-30 09:00:00,95.97,95.97,95.01,95.32,22805.0
2023-06-30 13:00:00,95.49,95.49,93.5,95.0,109125.0
2023-07-03 09:00:00,95.29,95.4,94.71,95.15,44890.0
2023-07-03 13:00:00,95.15,95.4,94.8,95.0,76935.0
2023-07-04 09:00:00,95.11,95.4,94.8,95.0,62000.0
2023-07-04 13:00:00,95.0,95.45,92.84,93.0,126335.0
2023-07-05 09:00:00,93.27,101.68,93.0,99.46,381915.0
2023-07-05 13:00:00,99.46,100.11,99.02,100.0,65730.0
2023-07-06 09:00:00,100.87,100.87,99.2,99.4,45850.0
2023-07-06 13:00:00,99.34,99.6,97.1,99.4,45150.0
2023-07-07 09:00:00,98.77,99.82,97.21,98.29,29750.0
2023-07-07 13:00:00,98.36,99.59,98.35,98.45,19635.0
2023-07-10 09:00:00,98.9,101.55,96.93,97.19,59465.0
2023-07-10 13:00:00,97.51,97.96,97.04,97.6,19215.0
2023-07-11 09:00:00,98.56,99.06,97.41,99.02,20345.0
2023-07-11 13:00:00,99.02,99.43,97.6,98.04,22875.0
2023-07-12 09:00:00,99.2,99.25,96.2,96.51,116635.0
2023-07-12 13:00:00,96.6,97.8,95.09,96.0,64125.0
2023-07-13 09:00:00,96.66,97.89,96.62,97.4,27215.0
2023-07-13 13:00:00,97.33,97.6,96.26,97.6,16120.0
2023-07-14 09:00:00,98.2,98.2,96.55,97.52,30675.0
2023-07-14 13:00:00,97.54,98.0,96.9,97.53,15045.0
2023-07-17 09:00:00,98.2,101.37,97.77,99.8,122530.0
2023-07-17 13:00:00,99.8,101.0,99.63,99.8,135045.0
2023-07-18 09:00:00,100.39,101.4,97.78,98.74,43900.0
2023-07-18 13:00:00,98.56,99.47,97.59,98.6,40955.0
2023-07-19 09:00:00,99.96,100.07,99.0,100.0,45580.0
2023-07-19 13:00:00,99.99,100.1,99.6,100.0,64010.0
2023-07-20 09:00:00,100.19,100.32,99.17,100.0,50560.0
2023-07-20 13:00:00,100.12,100.36,98.02,98.04,126290.0
2023-07-21 09:00:00,98.2,98.39,96.0,97.0,59665.0
2023-07-21 13:00:00,96.97,97.42,95.8,96.6,84500.0
2023-07-24 09:00:00,96.61,98.09,95.6,96.7,73875.0
2023-07-24 13:00:00,96.34,97.07,94.79,95.0,71615.0
2023-07-25 09:00:00,96.5,97.4,95.0,96.6,85560.0
2023-07-25 13:00:00,96.42,96.6,96.27,96.53,16665.0
2023-07-26 09:00:00,96.96,98.0,95.66,97.4,65445.0
2023-07-26 13:00:00,97.23,97.8,96.83,97.44,13775.0
2023-07-27 09:00:00,98.59,98.59,97.19,98.25,34355.0
2023-07-27 13:00:00,98.08,98.34,96.5,98.34,44660.0
2023-07-28 09:00:00,97.0,101.99,97.0,99.67,106685.0
2023-07-28 13:00:00,99.66,99.66,98.05,99.6,47965.0
2023-07-31 09:00:00,100.3,108.0,99.8,106.09,667585.0
2023-07-31 13:00:00,106.03,107.4,105.0,106.0,260020.0
2023-08-01 09:00:00,107.0,107.0,103.2,104.87,206465.0
2023-08-01 13:00:00,104.62,104.81,103.6,104.2,65145.0
2023-08-02 09:00:00,104.98,106.0,100.0,101.56,234040.0
2023-08-02 13:00:00,101.5,102.2,100.79,101.92,58420.0
2023-08-03 09:00:00,102.52,104.05,100.21,101.58,74000.0
2023-08-03 13:00:00,101.45,103.72,100.23,100.43,64080.0
2023-08-04 09:00:00,104.0,110.0,104.0,107.01,965315.0
2023-08-04 13:00:00,107.19,107.59,104.02,104.98,234320.0
2023-08-07 09:00:00,106.6,114.18,105.6,105.7,1583930.0
2023-08-07 13:00:00,105.71,107.35,105.04,105.96,279035.0
2023-08-08 09:00:00,107.16,108.2,106.0,106.2,164295.0
2023-08-08 13:00:00,106.32,107.6,105.9,107.4,127760.0
2023-08-09 09:00:00,107.95,109.15,106.54,108.6,170555.0
2023-08-09 13:00:00,108.6,110.42,108.2,109.0,236235.0
2023-08-10 09:00:00,110.6,112.7,109.55,111.2,595665.0
2023-08-10 13:00:00,111.2,111.66,108.29,108.75,220965.0
2023-08-11 09:00:00,109.77,110.39,107.81,108.25,108995.0
2023-08-11 13:00:00,108.25,108.59,107.28,107.6,45130.0
2023-08-14 09:00:00,108.4,109.76,106.22,109.41,169680.0
2023-08-14 13:00:00,109.4,110.0,109.0,110.0,90355.0
2023-08-16 09:00:00,109.77,112.8,109.2,111.28,180630.0
2023-08-16 13:00:00,111.0,112.68,110.76,112.4,96570.0
2023-08-17 09:00:00,113.85,117.85,112.0,112.86,160675.0
2023-08-17 13:00:00,112.79,113.32,112.2,112.6,105850.0
2023-08-18 09:00:00,113.0,113.99,112.41,113.44,63455.0
2023-08-18 13:00:00,113.44,114.76,112.52,112.61,81405.0
2023-08-21 09:00:00,113.25,121.8,113.25,118.94,606135.0
2023-08-21 13:00:00,118.95,120.18,116.83,119.6,187480.0
2023-08-22 09:00:00,120.66,122.37,117.38,121.0,259560.0
2023-08-22 13:00:00,120.87,121.79,120.01,120.8,105395.0
2023-08-23 09:00:00,123.0,123.37,120.56,121.98,174535.0
2023-08-23 13:00:00,121.9,122.33,121.43,121.8,103460.0
2023-08-24 09:00:00,123.66,125.49,121.12,123.18,380820.0
2023-08-24 13:00:00,123.01,125.0,122.1,125.0,108760.0
2023-08-25 09:00:00,123.04,124.49,123.04,124.21,183305.0
2023-08-25 13:00:00,123.97,124.18,123.2,124.18,98245.0
2023-08-28 09:00:00,124.85,130.0,124.13,127.33,348110.0
2023-08-28 13:00:00,127.5,129.0,127.29,129.0,79525.0
2023-08-29 09:00:00,129.99,137.0,129.0,131.52,593895.0
2023-08-29 13:00:00,131.7,131.73,129.0,130.79,161780.0
2023-08-30 09:00:00,131.75,137.49,131.62,135.93,299185.0
2023-08-30 13:00:00,135.93,137.0,134.63,135.92,103930.0
2023-08-31 09:00:00,134.76,137.5,131.24,137.44,304670.0
2023-08-31 13:00:00,137.44,138.0,137.05,138.0,77830.0
2023-09-01 09:00:00,144.0,144.0,134.32,135.01,239350.0
2023-09-01 13:00:00,135.01,136.84,134.93,135.6,77115.0
2023-09-04 09:00:00,136.4,138.89,136.4,137.77,71995.0
2023-09-04 13:00:00,137.77,138.99,137.6,137.83,48575.0
2023-09-05 09:00:00,139.29,140.5,138.87,139.86,189310.0
2023-09-05 13:00:00,139.87,140.12,138.23,140.0,104835.0
2023-09-06 09:00:00,138.4,138.7,133.2,134.77,226385.0
2023-09-06 13:00:00,134.76,134.81,129.4,131.27,190395.0
2023-09-07 09:00:00,130.0,139.96,128.21,137.0,541555.0
2023-09-07 13:00:00,137.0,140.01,136.23,138.81,173550.0
2023-09-08 09:00:00,140.42,147.94,139.14,141.96,790190.0
2023-09-08 13:00:00,141.72,146.6,141.72,146.0,231160.0
2023-09-11 09:00:00,147.0,149.4,142.21,144.03,379185.0
2023-09-11 13:00:00,144.03,147.0,143.9,146.8,64685.0
2023-09-12 09:00:00,147.67,147.99,138.01,143.52,286290.0
2023-09-12 13:00:00,143.01,145.79,140.69,142.0,93600.0
2023-09-13 09:00:00,145.29,145.29,136.94,141.13,210975.0
2023-09-13 13:00:00,141.05,141.24,137.1,138.41,99060.0
2023-09-14 09:00:00,139.95,144.4,139.94,143.32,153675.0
2023-09-14 13:00:00,143.33,144.8,142.1,144.41,101550.0
2023-09-15 09:00:00,145.4,145.4,143.68,144.7,251950.0
2023-09-15 13:00:00,145.08,145.6,143.87,145.49,89665.0
2023-09-18 09:00:00,145.8,145.8,141.31,142.57,127280.0
2023-09-18 13:00:00,142.51,144.0,139.89,143.48,65320.0
2023-09-20 09:00:00,141.4,143.42,140.4,142.25,39140.0
2023-09-20 13:00:00,142.27,142.6,141.83,142.2,41150.0
2023-09-21 09:00:00,143.71,144.59,139.01,142.53,98685.0
2023-09-21 13:00:00,142.71,144.0,142.0,142.1,32195.0
2023-09-22 09:00:00,143.97,144.0,142.23,143.27,202595.0
2023-09-22 13:00:00,143.27,144.01,139.39,139.39,104440.0
2023-09-25 09:00:00,138.66,144.0,138.66,143.11,81605.0
2023-09-25 13:00:00,143.11,143.99,142.48,142.6,26170.0
2023-09-26 09:00:00,143.86,144.0,142.6,143.82,52465.0
2023-09-26 13:00:00,143.86,144.0,142.73,144.0,31940.0
2023-09-27 09:00:00,145.0,145.0,140.5,144.32,95100.0
2023-09-27 13:00:00,144.3,146.0,143.8,146.0,116935.0
2023-09-28 09:00:00,146.0,146.0,142.38,142.42,38705.0
2023-09-28 13:00:00,142.58,143.32,141.65,142.01,41685.0
2023-09-29 09:00:00,140.85,142.63,137.34,138.31,58785.0
2023-09-29 13:00:00,138.33,140.42,138.23,139.98,38130.0
2023-10-03 09:00:00,139.27,140.0,137.2,137.38,47645.0
2023-10-03 13:00:00,137.45,137.84,136.1,137.84,24620.0
2023-10-04 09:00:00,136.64,136.64,133.04,133.46,115350.0
2023-10-04 13:00:00,133.46,136.29,133.46,135.6,23855.0
2023-10-05 09:00:00,135.6,137.49,134.93,135.8,69970.0
2023-10-05 13:00:00,135.8,136.07,132.1,132.13,56245.0
2023-10-06 09:00:00,133.0,136.4,133.0,134.74,74860.0
2023-10-06 13:00:00,134.72,139.2,134.72,139.2,40445.0
2023-10-09 09:00:00,136.26,136.26,132.84,132.85,105490.0
2023-10-09 13:00:00,133.03,134.4,132.41,132.41,25410.0
2023-10-10 09:00:00,135.0,136.2,134.2,135.0,100565.0
2023-10-10 13:00:00,134.99,137.34,134.61,137.34,21265.0
2023-10-11 09:00:00,138.4,138.4,134.4,135.26,110490.0
2023-10-11 13:00:00,135.54,135.54,132.4,133.8,38725.0
2023-10-12 09:00:00,133.99,136.36,133.6,134.95,19190.0
2023-10-12 13:00:00,134.6,135.92,134.2,134.24,21700.0
2023-10-13 09:00:00,135.0,135.6,132.73,135.42,74795.0
2023-10-13 13:00:00,135.15,135.5,133.15,134.32,14610.0
2023-10-16 09:00:00,134.32,134.32,129.69,132.49,129195.0
2023-10-16 13:00:00,132.36,135.0,132.0,134.8,46865.0
2023-10-17 09:00:00,134.0,139.79,133.64,137.76,90690.0
2023-10-17 13:00:00,137.77,138.39,134.42,136.11,51850.0
2023-10-18 09:00:00,138.52,145.4,138.52,141.72,348110.0
2023-10-18 13:00:00,141.3,143.79,141.04,143.4,85110.0
2023-10-19 09:00:00,142.92,143.75,140.63,142.57,67500.0
2023-10-19 13:00:00,142.18,143.8,141.85,143.07,20075.0
2023-10-20 09:00:00,143.27,143.68,141.4,141.8,49345.0
2023-10-20 13:00:00,141.61,142.4,137.2,139.4,67260.0
2023-10-23 09:00:00,139.98,140.0,132.62,133.07,189325.0
2023-10-23 13:00:00,133.07,135.8,132.2,133.0,95505.0
2023-10-25 09:00:00,132.96,136.99,132.21,132.21,163220.0
2023-10-25 13:00:00,132.21,135.94,132.0,135.94,58550.0
2023-10-26 09:00:00,133.82,135.0,125.81,130.53,221500.0
2023-10-26 13:00:00,130.37,132.0,129.06,130.25,32135.0
2023-10-27 09:00:00,131.61,135.42,131.61,133.98,142000.0
2023-10-27 13:00:00,133.98,134.29,132.84,133.03,18960.0
2023-10-30 09:00:00,135.46,135.49,132.46,133.21,46145.0
2023-10-30 13:00:00,133.6,135.47,133.15,135.0,25960.0
2023-10-31 09:00:00,135.55,135.55,131.15,133.79,33550.0
2023-10-31 13:00:00,133.5,133.97,133.09,133.8,9455.0
2023-11-01 09:00:00,134.89,134.89,130.48,131.32,78985.0
2023-11-01 13:00:00,131.73,132.0,124.82,129.38,38520.0
2023-11-02 09:00:00,125.0,128.8,120.32,124.63,384530.0
2023-11-02 13:00:00,124.93,126.98,124.0,126.4,65800.0
2023-11-03 09:00:00,126.42,133.8,126.42,130.91,194060.0
2023-11-03 13:00:00,130.67,131.42,127.6,127.9,41170.0
2023-11-06 09:00:00,129.41,131.56,124.23,125.25,247005.0
2023-11-06 13:00:00,125.28,125.74,124.02,125.29,92975.0
2023-11-07 09:00:00,126.95,128.6,125.2,127.6,86305.0
2023-11-07 13:00:00,127.16,128.44,127.07,128.0,33050.0
2023-11-08 09:00:00,129.93,131.94,125.62,126.9,106610.0
2023-11-08 13:00:00,126.93,127.98,125.21,126.8,43595.0
2023-11-09 09:00:00,128.89,128.99,123.62,125.0,166445.0
2023-11-09 13:00:00,125.0,125.26,123.4,124.0,57610.0
2023-11-10 09:00:00,123.11,125.85,123.11,124.01,49000.0
2023-11-10 13:00:00,124.15,125.79,123.91,125.79,27270.0
2023-11-12 17:00:00,128.08,128.4,125.8,126.8,35310.0
2023-11-13 09:00:00,128.94,128.94,124.0,124.75,100825.0
2023-11-13 13:00:00,124.76,126.2,124.2,124.3,44890.0
2023-11-15 09:00:00,128.65,128.65,125.0,125.41,77360.0
2023-11-15 13:00:00,125.41,126.48,124.4,126.0,45280.0
2023-11-16 09:00:00,126.67,126.67,124.8,125.05,39340.0
2023-11-16 13:00:00,125.33,125.46,123.16,124.97,30415.0
2023-11-17 09:00:00,124.83,126.09,124.0,125.09,78005.0
2023-11-17 13:00:00,125.1,125.58,124.04,125.0,43855.0
2023-11-20 09:00:00,127.89,127.89,121.8,124.32,173560.0
2023-11-20 13:00:00,123.99,125.8,123.79,124.0,32040.0
2023-11-21 09:00:00,124.6,125.8,122.91,123.2,70155.0
2023-11-21 13:00:00,123.2,124.19,122.44,123.58,58260.0
2023-11-22 09:00:00,124.32,124.32,122.93,123.22,43470.0
2023-11-22 13:00:00,123.21,125.66,123.0,123.12,84965.0
2023-11-23 09:00:00,124.24,124.24,123.11,123.6,36180.0
2023-11-23 13:00:00,123.6,123.68,123.04,123.4,9650.0
2023-11-24 09:00:00,124.71,125.6,124.13,125.06,27030.0
2023-11-24 13:00:00,125.14,125.98,124.45,125.6,24910.0
2023-11-28 09:00:00,125.4,127.25,124.3,125.18,57690.0
2023-11-28 13:00:00,125.18,125.4,124.11,124.82,11030.0
2023-11-29 09:00:00,124.2,126.6,124.2,125.91,21440.0
2023-11-29 13:00:00,125.92,126.6,124.8,126.56,22135.0
2023-11-30 09:00:00,126.8,126.8,123.6,123.88,39040.0
2023-11-30 13:00:00,124.11,125.6,123.4,125.6,33365.0
2023-12-01 09:00:00,125.05,125.57,124.42,124.97,45140.0
2023-12-01 13:00:00,124.91,125.6,123.64,125.6,49310.0
2023-12-04 09:00:00,126.2,126.4,124.51,126.08,53660.0
2023-12-04 13:00:00,126.08,126.09,123.63,125.2,30755.0
2023-12-05 09:00:00,125.28,125.89,124.88,124.91,45740.0
2023-12-05 13:00:00,125.0,125.6,124.9,125.6,30155.0
2023-12-06 09:00:00,126.2,126.2,123.62,123.79,41530.0
2023-12-06 13:00:00,123.79,123.79,120.62,121.6,79325.0
2023-12-07 09:00:00,121.8,122.0,118.62,119.5,169000.0
2023-12-07 13:00:00,119.3,120.0,118.78,120.0,66360.0
2023-12-08 09:00:00,119.19,120.97,118.41,118.62,99515.0
2023-12-08 13:00:00,118.51,118.8,115.22,116.6,117985.0
2023-12-11 09:00:00,128.0,138.58,124.19,125.8,2693960.0
2023-12-11 13:00:00,125.81,126.8,121.11,124.0,705405.0
2023-12-12 09:00:00,124.51,126.94,122.4,124.0,412630.0
2023-12-12 13:00:00,123.71,124.41,120.2,123.98,257480.0
2023-12-13 09:00:00,123.13,124.8,120.6,121.19,277810.0
2023-12-13 13:00:00,121.2,121.91,120.8,121.4,87825.0
2023-12-14 09:00:00,122.41,123.2,119.81,119.99,209735.0
2023-12-14 13:00:00,119.84,121.4,119.15,120.26,96310.0
2023-12-15 09:00:00,121.95,121.99,119.33,119.94,153425.0
2023-12-15 13:00:00,120.1,122.8,119.93,122.6,65060.0
2023-12-18 09:00:00,122.2,125.6,121.21,124.31,151665.0
2023-12-18 13:00:00,124.31,125.1,123.83,124.93,76070.0
2023-12-19 09:00:00,126.19,126.2,122.75,124.35,90665.0
2023-12-19 13:00:00,124.28,124.88,122.4,123.38,47135.0
2023-12-20 09:00:00,123.8,124.31,122.52,122.65,57705.0
2023-12-20 13:00:00,122.65,122.8,119.0,120.84,115250.0
2023-12-21 09:00:00,119.0,124.0,119.0,123.35,82515.0
2023-12-21 13:00:00,123.35,123.35,120.42,122.0,87590.0
2023-12-22 09:00:00,122.15,124.9,122.14,123.99,76585.0
2023-12-22 13:00:00,123.8,124.7,123.0,124.7,53095.0
2023-12-26 09:00:00,123.97,125.8,123.77,124.49,85715.0
2023-12-26 13:00:00,124.21,124.6,124.0,124.6,23440.0
2023-12-27 09:00:00,125.96,126.2,121.03,123.04,144025.0
2023-12-27 13:00:00,122.71,124.0,121.78,124.0,62820.0
2023-12-28 09:00:00,123.63,124.11,121.88,122.12,61090.0
2023-12-28 13:00:00,122.12,123.75,121.6,123.36,54680.0
2023-12-29 09:00:00,123.95,124.01,120.82,122.31,76350.0
2023-12-29 13:00:00,122.25,123.8,122.0,123.8,39495.0
2024-01-01 09:00:00,123.8,125.69,122.47,124.11,192660.0
2024-01-01 13:00:00,124.11,124.12,123.06,123.6,37580.0
2024-01-02 09:00:00,125.0,125.0,122.2,123.0,48525.0
2024-01-02 13:00:00,123.19,124.8,122.91,123.4,24270.0
2024-01-03 09:00:00,125.0,125.54,123.2,124.5,72595.0
2024-01-03 13:00:00,124.5,126.46,124.31,126.2,82590.0
2024-01-04 09:00:00,127.05,130.06,126.4,129.24,297640.0
2024-01-04 13:00:00,129.0,131.2,129.0,129.6,116840.0
2024-01-05 09:00:00,131.6,132.41,129.27,130.18,105130.0
2024-01-05 13:00:00,130.0,133.19,130.0,131.59,88065.0
2024-01-08 09:00:00,133.59,133.6,130.0,130.8,233685.0
2024-01-08 13:00:00,130.6,137.36,130.0,132.6,200440.0
2024-01-09 09:00:00,136.4,136.83,132.8,135.11,117540.0
2024-01-09 13:00:00,134.92,135.59,134.11,134.29,43875.0
2024-01-10 09:00:00,136.88,136.88,132.02,133.32,53340.0
2024-01-10 13:00:00,133.6,138.61,133.0,135.0,91365.0
2024-01-11 09:00:00,135.99,144.86,135.58,138.66,501735.0
2024-01-11 13:00:00,138.77,139.49,137.29,137.64,68390.0
2024-01-12 09:00:00,139.85,140.63,136.31,139.07,67395.0
2024-01-12 13:00:00,139.31,139.88,137.2,137.4,40715.0
2024-01-15 09:00:00,140.5,140.6,136.73,138.48,81595.0
2024-01-15 13:00:00,138.63,139.92,134.69,136.36,144800.0
2024-01-16 09:00:00,137.77,138.67,135.97,136.61,79485.0
2024-01-16 13:00:00,136.67,139.0,136.0,139.0,75900.0
2024-01-17 09:00:00,136.23,138.19,134.87,135.56,44875.0
2024-01-17 13:00:00,135.4,137.49,134.97,135.05,20180.0
2024-01-18 09:00:00,136.09,136.58,131.0,135.58,115310.0
2024-01-18 13:00:00,135.47,141.83,135.0,137.6,65485.0
2024-01-19 09:00:00,135.86,138.64,135.42,136.02,36020.0
2024-01-19 13:00:00,136.01,137.19,135.42,136.7,28740.0
2024-01-20 09:00:00,138.4,142.88,137.98,140.19,105445.0
2024-01-20 13:00:00,140.02,142.65,138.62,142.0,62865.0
2024-01-23 09:00:00,141.17,142.68,135.83,138.51,56020.0
2024-01-23 13:00:00,138.3,141.96,137.09,137.6,40070.0
2024-01-24 09:00:00,139.2,139.93,134.2,135.79,58720.0
2024-01-24 13:00:00,135.67,137.98,134.71,137.0,24505.0
2024-01-25 09:00:00,138.18,138.56,134.43,135.87,38585.0
2024-01-25 13:00:00,135.96,137.76,135.27,136.95,37785.0
2024-01-29 09:00:00,137.62,140.39,135.82,138.22,68195.0
2024-01-29 13:00:00,138.29,138.29,136.62,137.2,28855.0
2024-01-30 09:00:00,137.95,142.8,136.73,140.38,77460.0
2024-01-30 13:00:00,140.0,143.8,139.4,139.4,83040.0
2024-01-31 09:00:00,143.47,143.47,140.05,141.73,73935.0
2024-01-31 13:00:00,141.74,141.8,140.0,141.2,43825.0
2024-02-01 09:00:00,135.01,137.37,129.0,134.61,487850.0
2024-02-01 13:00:00,134.62,139.74,134.51,137.01,105955.0
2024-02-02 09:00:00,137.95,137.95,132.42,135.0,211375.0
2024-02-02 13:00:00,135.28,135.99,134.2,134.2,34960.0
2024-02-05 09:00:00,134.2,136.36,131.42,132.37,96645.0
2024-02-05 13:00:00,132.35,132.37,130.89,131.99,47520.0
2024-02-06 09:00:00,131.41,133.67,130.48,131.59,80835.0
2024-02-06 13:00:00,131.57,132.9,130.97,132.0,55215.0
2024-02-07 09:00:00,132.24,133.89,131.6,132.3,36585.0
2024-02-07 13:00:00,132.59,132.68,131.0,132.57,31620.0
2024-02-08 09:00:00,131.4,134.07,130.21,131.36,27015.0
2024-02-08 13:00:00,131.49,132.0,129.34,130.6,67785.0
2024-02-09 09:00:00,129.6,131.8,125.52,126.62,203375.0
2024-02-09 13:00:00,127.01,127.77,124.63,125.2,39390.0
2024-02-12 09:00:00,127.64,129.42,124.39,125.6,160975.0
2024-02-12 13:00:00,125.6,129.32,124.75,129.32,53535.0
2024-02-13 09:00:00,128.79,128.79,123.11,125.0,53030.0
2024-02-13 13:00:00,124.75,125.96,124.0,124.81,17915.0
2024-02-14 09:00:00,126.0,126.89,124.21,126.58,24940.0
2024-02-14 13:00:00,126.56,129.73,125.67,128.0,35615.0
2024-02-15 09:00:00,128.8,130.4,128.41,129.8,26010.0
2024-02-15 13:00:00,129.8,132.43,129.6,131.61,39000.0
2024-02-16 09:00:00,132.96,133.36,128.0,128.55,63625.0
2024-02-16 13:00:00,128.55,128.97,127.03,127.6,30630.0
2024-02-19 09:00:00,128.03,130.03,127.06,128.74,29005.0
2024-02-19 13:00:00,128.56,128.97,126.12,126.9,14155.0
2024-02-20 09:00:00,127.49,128.08,125.95,126.14,36460.0
2024-02-20 13:00:00,126.14,129.0,125.25,129.0,15205.0
2024-02-21 09:00:00,127.6,130.2,127.0,129.89,43815.0
2024-02-21 13:00:00,129.62,129.92,127.83,128.81,16400.0
2024-02-22 09:00:00,129.0,129.38,128.0,129.21,21395.0
2024-02-22 13:00:00,129.21,134.8,128.99,134.0,100275.0
2024-02-23 09:00:00,133.8,134.84,131.71,133.96,23310.0
2024-02-23 13:00:00,133.66,135.86,133.22,135.62,30325.0
2024-02-26 09:00:00,135.65,136.37,130.44,131.16,56545.0
2024-02-26 13:00:00,131.15,131.2,130.6,131.2,26535.0
2024-02-27 09:00:00,129.96,132.0,129.28,130.41,34780.0
2024-02-27 13:00:00,130.71,131.74,129.51,131.74,18550.0
2024-02-28 09:00:00,131.21,131.95,128.06,128.06,37305.0
2024-02-28 13:00:00,128.02,130.91,127.43,130.8,38005.0
2024-02-29 09:00:00,130.41,130.41,127.27,130.19,41625.0
2024-02-29 13:00:00,129.8,132.93,128.3,129.25,46560.0
2024-03-01 09:00:00,131.09,132.0,129.72,130.37,32795.0
2024-03-01 13:00:00,130.47,131.2,130.0,130.0,11105.0
2024-03-02 09:00:00,132.31,132.32,128.4,129.6,9230.0
2024-03-04 09:00:00,128.68,130.71,128.41,130.19,42085.0
2024-03-04 13:00:00,130.08,130.58,130.0,130.56,22915.0
2024-03-05 09:00:00,129.91,130.78,128.09,128.53,27465.0
2024-03-05 13:00:00,128.27,130.41,127.03,127.22,47875.0
2024-03-06 09:00:00,128.8,129.37,124.0,125.91,91430.0
2024-03-06 13:00:00,126.07,127.58,125.03,126.0,23365.0
2024-03-07 09:00:00,130.0,130.4,125.0,125.75,22275.0
2024-03-07 13:00:00,125.68,126.74,125.02,125.12,12365.0
2024-03-11 09:00:00,128.0,130.95,125.53,127.2,23510.0
2024-03-11 13:00:00,127.2,127.2,125.71,126.0,25285.0
2024-03-12 09:00:00,125.91,126.73,121.34,123.84,74220.0
2024-03-12 13:00:00,123.66,124.98,123.0,123.8,27775.0
2024-03-13 09:00:00,121.0,124.19,119.16,120.09,114330.0
2024-03-13 13:00:00,120.44,120.59,119.0,119.0,54840.0
2024-03-14 09:00:00,118.0,124.2,118.0,122.79,27970.0
2024-03-14 13:00:00,122.32,122.32,120.2,122.24,10545.0
2024-03-15 09:00:00,120.8,126.93,120.8,126.28,38505.0
2024-03-15 13:00:00,126.3,129.59,124.5,124.5,35095.0
2024-03-18 09:00:00,129.61,129.61,125.2,128.2,29540.0
2024-03-18 13:00:00,127.8,128.0,124.41,125.6,17355.0
2024-03-19 09:00:00,126.19,128.37,125.61,126.6,27495.0
2024-03-19 13:00:00,126.96,128.0,126.11,128.0,6680.0
2024-03-20 09:00:00,127.42,129.98,123.62,125.05,35600.0
2024-03-20 13:00:00,125.38,128.52,125.38,125.4,13280.0
2024-03-21 09:00:00,128.88,131.0,125.4,126.8,26925.0
2024-03-21 13:00:00,127.3,127.3,125.04,126.19,16875.0
2024-03-22 09:00:00,126.56,128.0,125.12,126.33,9875.0
2024-03-22 13:00:00,126.51,126.7,126.01,126.57,4630.0
2024-03-26 09:00:00,126.57,127.8,125.21,126.32,18055.0
2024-03-26 13:00:00,126.0,127.2,125.24,126.0,14555.0
2024-03-27 09:00:00,127.35,128.0,125.54,126.23,19515.0
2024-03-27 13:00:00,126.27,126.69,125.99,126.0,11655.0
2024-03-28 09:00:00,125.96,130.53,125.96,130.13,25095.0
2024-03-28 13:00:00,130.0,131.2,130.0,130.78,27215.0
2024-04-01 09:00:00,133.19,133.2,128.24,130.39,40005.0
2024-04-01 13:00:00,130.15,130.8,129.87,130.8,10300.0
2024-04-02 09:00:00,131.1,132.36,129.67,130.82,26445.0
2024-04-02 13:00:00,130.8,131.18,129.29,130.0,9090.0
2024-04-03 09:00:00,130.69,134.91,129.58,131.89,60440.0
2024-04-03 13:00:00,131.5,134.0,129.6,130.4,18970.0
2024-04-04 09:00:00,130.69,132.88,130.1,131.56,25775.0
2024-04-04 13:00:00,131.6,132.38,130.17,132.2,14550.0
2024-04-05 09:00:00,132.06,139.0,130.16,136.04,114390.0
2024-04-05 13:00:00,136.28,137.07,135.19,136.0,27390.0
2024-04-08 09:00:00,138.38,138.38,132.99,133.72,31920.0
2024-04-08 13:00:00,133.18,137.6,133.02,137.15,10415.0
2024-04-09 09:00:00,135.13,136.33,132.19,133.2,30845.0
2024-04-09 13:00:00,133.14,133.77,129.98,131.0,36490.0
2024-04-10 09:00:00,131.59,134.66,130.25,130.57,81995.0
2024-04-10 13:00:00,130.84,130.99,127.0,127.23,62360.0
2024-04-12 09:00:00,127.59,129.59,127.02,128.81,41580.0
2024-04-12 13:00:00,128.0,128.98,126.5,127.38,15330.0
2024-04-15 09:00:00,126.54,128.45,122.25,127.06,45715.0
2024-04-15 13:00:00,127.98,128.24,125.2,125.31,12530.0
2024-04-16 09:00:00,126.31,130.62,125.2,128.75,30105.0
2024-04-16 13:00:00,128.75,129.0,125.99,127.8,29425.0
2024-04-18 09:00:00,127.55,131.8,126.91,129.51,24145.0
2024-04-18 13:00:00,129.14,129.27,126.8,127.3,11850.0
2024-04-19 09:00:00,126.44,132.0,124.61,130.72,31925.0
2024-04-19 13:00:00,131.0,131.84,128.8,129.2,10430.0
2024-04-22 09:00:00,129.72,133.0,129.6,131.39,26390.0
2024-04-22 13:00:00,131.53,131.8,130.37,130.8,9410.0
2024-04-23 09:00:00,130.0,132.85,129.31,132.41,24680.0
2024-04-23 13:00:00,132.41,132.85,131.47,131.92,8735.0
2024-04-24 09:00:00,132.4,134.53,130.9,131.84,24195.0
2024-04-24 13:00:00,131.82,131.9,130.23,131.57,13400.0
2024-04-25 09:00:00,130.17,131.43,129.62,130.62,7705.0
2024-04-25 13:00:00,130.61,130.94,128.03,128.8,9655.0
2024-04-26 09:00:00,128.4,139.0,127.13,134.45,123620.0
2024-04-26 13:00:00,134.44,134.45,131.6,132.82,20950.0
2024-04-29 09:00:00,133.2,135.37,130.63,133.81,42860.0
2024-04-29 13:00:00,133.38,135.0,132.0,134.8,7570.0
2024-04-30 09:00:00,133.54,133.54,132.32,132.84,8780.0
2024-04-30 13:00:00,132.92,133.6,131.23,133.6,9020.0
2024-05-02 09:00:00,133.36,133.36,129.61,130.43,25250.0
2024-05-02 13:00:00,130.77,130.77,128.4,130.77,20995.0
2024-05-03 09:00:00,130.52,131.59,129.82,130.46,25275.0
2024-05-03 13:00:00,130.46,133.08,130.0,132.0,11450.0
2024-05-06 09:00:00,135.0,136.02,130.86,131.99,60750.0
2024-05-06 13:00:00,131.95,132.0,131.0,132.0,33375.0
2024-05-07 09:00:00,132.68,132.68,129.39,131.78,109575.0
2024-05-07 13:00:00,131.28,132.37,128.5,131.64,17205.0
2024-05-08 09:00:00,130.26,131.6,129.32,130.9,16665.0
2024-05-08 13:00:00,130.84,134.99,130.47,134.0,32495.0
2024-05-09 09:00:00,134.8,135.57,130.44,131.93,33395.0
2024-05-09 13:00:00,131.85,134.12,130.22,133.91,11445.0
2024-05-10 09:00:00,130.66,134.4,130.66,132.94,64990.0
2024-05-10 13:00:00,132.96,134.6,131.02,134.6,63030.0
2024-05-13 09:00:00,134.6,134.93,129.63,131.66,70035.0
2024-05-13 13:00:00,131.66,132.14,131.18,131.2,9030.0
2024-05-14 09:00:00,131.6,133.9,131.2,131.41,43215.0
2024-05-14 13:00:00,131.65,133.28,129.92,132.36,56900.0
2024-05-15 09:00:00,132.39,134.69,131.96,133.51,22440.0
2024-05-15 13:00:00,133.59,134.4,132.41,133.0,12870.0
2024-05-16 09:00:00,133.4,134.61,132.29,133.3,17925.0
2024-05-16 13:00:00,133.4,133.55,131.23,132.99,21075.0
2024-05-17 09:00:00,132.2,134.39,131.59,134.13,21365.0
2024-05-17 13:00:00,134.07,134.5,132.0,133.0,11660.0
2024-05-18 09:00:00,134.63,139.0,131.06,133.6,7135.0
2024-05-21 09:00:00,133.51,134.58,131.62,132.15,24055.0
2024-05-21 13:00:00,132.08,132.39,129.76,131.0,23250.0
2024-05-22 09:00:00,131.0,131.8,129.31,130.4,33240.0
2024-05-22 13:00:00,130.19,131.56,129.8,130.0,8360.0
2024-05-23 09:00:00,130.51,130.87,129.01,130.0,17860.0
2024-05-23 13:00:00,130.0,130.04,129.19,130.04,19275.0
2024-05-24 09:00:00,129.8,130.37,129.44,130.0,15355.0
2024-05-24 13:00:00,130.27,130.4,129.0,130.26,16535.0
2024-05-27 09:00:00,130.4,130.4,127.79,128.68,21920.0
2024-05-27 13:00:00,128.95,131.0,128.83,130.0,15485.0
2024-05-28 09:00:00,130.72,131.66,129.0,130.42,22355.0
2024-05-28 13:00:00,130.27,131.29,128.42,129.99,17965.0
2024-05-29 09:00:00,129.46,136.84,129.46,130.4,32195.0
2024-05-29 13:00:00,130.4,130.59,128.81,130.23,23945.0
2024-05-30 09:00:00,130.11,131.09,128.02,130.08,61715.0
2024-05-30 13:00:00,130.0,131.0,124.1,128.0,56750.0
2024-05-31 09:00:00,127.8,129.89,126.32,128.15,34450.0
2024-05-31 13:00:00,128.15,130.2,128.0,128.75,21605.0
2024-06-03 09:00:00,130.34,130.99,126.28,127.32,71060.0
2024-06-03 13:00:00,127.53,128.02,125.21,126.6,21020.0
2024-06-04 09:00:00,127.1,128.0,118.32,124.77,71115.0
2024-06-04 13:00:00,124.77,130.0,120.33,120.4,65510.0
2024-06-05 09:00:00,123.0,125.0,120.12,124.5,22080.0
2024-06-05 13:00:00,124.5,124.5,121.0,121.94,28285.0
2024-06-06 09:00:00,123.01,127.95,122.01,124.55,27475.0
2024-06-06 13:00:00,124.72,125.9,123.02,123.22,9685.0
2024-06-07 09:00:00,124.32,128.37,124.26,127.99,21370.0
2024-06-07 13:00:00,127.94,128.27,125.79,126.2,20720.0
2024-06-10 09:00:00,126.4,129.0,126.4,128.35,21155.0
2024-06-10 13:00:00,128.35,129.6,127.42,128.8,18620.0
2024-06-11 09:00:00,128.09,130.73,127.79,128.23,31110.0
2024-06-11 13:00:00,128.23,128.78,122.24,123.77,73090.0
2024-06-12 09:00:00,125.98,128.59,124.77,126.5,51995.0
2024-06-12 13:00:00,126.58,128.36,126.4,127.42,24480.0
2024-06-13 09:00:00,127.35,131.8,126.92,129.4,41570.0
2024-06-13 13:00:00,129.53,132.79,129.0,132.4,32640.0
2024-06-14 09:00:00,131.44,131.97,129.02,129.4,26045.0
2024-06-14 13:00:00,129.63,130.85,125.22,125.6,49555.0
2024-06-18 09:00:00,136.8,136.8,129.0,131.08,84910.0
2024-06-18 13:00:00,130.7,131.1,129.21,129.3,17515.0
2024-06-19 09:00:00,130.95,131.35,127.79,128.42,27715.0
2024-06-19 13:00:00,128.42,128.48,125.98,126.7,42570.0
2024-06-20 09:00:00,128.66,130.12,125.32,129.19,43940.0
2024-06-20 13:00:00,129.17,129.79,128.8,129.0,52925.0
2024-06-21 09:00:00,129.83,130.79,129.0,129.48,19715.0
2024-06-21 13:00:00,129.48,129.6,126.6,126.6,10900.0
2024-06-24 09:00:00,129.12,136.13,127.28,134.6,151625.0
2024-06-24 13:00:00,134.56,135.16,132.66,134.79,41060.0
2024-06-25 09:00:00,135.75,135.75,132.37,133.11,29205.0
2024-06-25 13:00:00,133.03,133.25,130.26,130.26,19090.0
2024-06-26 09:00:00,132.87,133.19,128.91,131.59,18525.0
2024-06-26 13:00:00,131.3,132.68,130.1,131.6,9040.0
2024-06-27 09:00:00,131.3,132.25,129.1,131.31,36190.0
2024-06-27 13:00:00,131.31,131.47,129.45,130.6,22510.0
2024-06-28 09:00:00,131.06,131.46,129.55,131.14,24720.0
2024-06-28 13:00:00,131.15,131.15,128.59,128.82,23850.0
2024-07-01 09:00:00,129.6,143.49,126.96,138.2,504525.0
2024-07-01 13:00:00,138.87,139.28,135.66,137.38,111645.0
2024-07-02 09:00:00,139.23,140.99,133.99,134.67,101590.0
2024-07-02 13:00:00,134.6,138.0,134.6,137.8,23185.0
2024-07-03 09:00:00,137.44,139.0,135.72,137.8,38275.0
2024-07-03 13:00:00,137.8,137.81,136.6,137.67,15250.0
2024-07-04 09:00:00,137.7,138.21,134.4,136.0,33305.0
2024-07-04 13:00:00,135.97,136.0,134.0,134.94,14640.0
2024-07-05 09:00:00,134.68,144.91,133.66,139.36,250365.0
2024-07-05 13:00:00,139.38,140.5,139.0,139.98,50220.0
2024-07-08 09:00:00,140.74,143.22,133.8,136.41,143325.0
2024-07-08 13:00:00,136.76,138.0,134.05,137.99,43960.0
2024-07-09 09:00:00,136.52,138.0,133.81,134.69,35250.0
2024-07-09 13:00:00,134.45,135.8,132.09,133.05,52835.0
2024-07-10 09:00:00,132.83,141.1,128.83,133.75,228725.0
2024-07-10 13:00:00,133.71,134.4,130.24,131.01,47655.0
2024-07-11 09:00:00,132.8,138.0,132.8,135.0,40715.0
2024-07-11 13:00:00,134.74,135.5,131.14,131.78,22420.0
2024-07-12 09:00:00,132.0,134.99,132.0,132.57,38400.0
2024-07-12 13:00:00,132.54,132.99,131.19,131.2,26050.0
2024-07-15 09:00:00,132.2,132.27,123.72,131.08,68455.0
2024-07-15 13:00:00,131.05,132.0,130.0,131.5,32205.0
2024-07-16 09:00:00,132.13,137.0,130.97,133.0,67115.0
2024-07-16 13:00:00,132.98,132.99,130.0,131.57,19195.0
2024-07-18 09:00:00,130.6,135.94,129.82,131.34,131320.0
2024-07-18 13:00:00,131.41,131.49,130.0,130.01,31745.0
2024-07-19 09:00:00,130.33,130.95,126.72,128.96,66620.0
2024-07-19 13:00:00,128.91,130.1,126.6,127.0,12210.0
2024-07-22 09:00:00,128.32,130.32,126.01,129.78,56390.0
2024-07-22 13:00:00,129.62,129.77,127.0,128.39,10115.0
2024-07-23 09:00:00,127.8,129.98,126.85,129.8,29165.0
2024-07-23 13:00:00,129.4,131.18,127.44,130.0,28640.0
2024-07-24 09:00:00,130.61,133.76,129.4,130.0,56860.0
2024-07-24 13:00:00,130.18,132.58,129.5,129.8,57990.0
2024-07-25 09:00:00,129.78,130.5,128.52,128.89,41505.0
2024-07-25 13:00:00,128.98,130.63,128.3,128.3,55335.0
2024-07-26 09:00:00,129.22,130.96,127.65,128.0,35230.0
2024-07-26 13:00:00,128.0,129.99,127.2,128.52,38630.0
2024-07-29 09:00:00,130.17,130.82,126.8,128.3,101140.0
2024-07-29 13:00:00,128.03,130.8,127.0,127.0,32300.0
2024-07-30 09:00:00,128.38,129.01,127.8,128.02,27870.0
2024-07-30 13:00:00,128.03,128.2,125.75,128.16,39915.0
2024-07-31 09:00:00,127.94,129.41,126.41,128.22,56035.0
2024-07-31 13:00:00,128.12,128.85,127.0,128.0,25620.0
2024-08-01 09:00:00,128.4,131.75,127.04,127.94,99170.0
2024-08-01 13:00:00,127.97,128.37,127.69,128.06,21685.0
2024-08-02 09:00:00,130.0,133.59,127.98,132.36,189000.0
2024-08-02 13:00:00,132.3,133.98,130.04,130.6,69635.0
2024-08-05 09:00:00,132.0,132.97,127.4,130.0,103695.0
2024-08-05 13:00:00,130.18,132.99,129.72,130.0,29335.0
2024-08-06 09:00:00,130.28,134.4,129.81,130.33,75875.0
2024-08-06 13:00:00,130.4,130.65,129.13,130.4,20530.0
2024-08-07 09:00:00,131.28,132.73,129.78,132.31,27795.0
2024-08-07 13:00:00,132.19,132.38,131.0,131.1,10880.0
2024-08-08 09:00:00,131.4,132.87,128.07,128.3,58685.0
2024-08-08 13:00:00,128.07,130.58,127.41,130.0,30855.0
2024-08-09 09:00:00,127.18,129.15,122.31,128.72,173560.0
2024-08-09 13:00:00,128.6,132.8,127.0,132.64,97635.0
2024-08-12 09:00:00,132.07,133.0,129.64,130.42,43585.0
2024-08-12 13:00:00,130.1,132.46,129.7,131.0,32380.0
2024-08-13 09:00:00,131.12,132.38,128.44,130.21,32865.0
2024-08-13 13:00:00,130.2,130.47,127.4,128.02,33690.0
2024-08-14 09:00:00,129.62,129.62,126.0,127.3,26040.0
2024-08-14 13:00:00,127.03,131.45,127.01,127.96,54580.0
2024-08-16 09:00:00,129.95,130.86,125.03,126.31,67390.0
2024-08-16 13:00:00,126.73,128.78,126.01,128.0,24095.0
2024-08-19 09:00:00,127.89,131.6,126.81,129.46,120000.0
2024-08-19 13:00:00,129.41,129.41,127.12,128.01,16965.0
2024-08-20 09:00:00,128.0,128.99,127.25,128.42,15970.0
2024-08-20 13:00:00,128.65,128.99,125.6,126.02,36340.0
2024-08-21 09:00:00,126.94,129.59,126.47,128.44,26075.0
2024-08-21 13:00:00,128.66,131.59,126.98,130.18,62485.0
2024-08-22 09:00:00,130.5,132.34,129.71,130.52,33790.0
2024-08-22 13:00:00,130.52,134.0,129.79,132.4,47210.0
2024-08-23 09:00:00,133.99,136.36,131.69,131.89,71730.0
2024-08-23 13:00:00,131.7,132.02,130.0,130.8,20005.0
2024-08-26 09:00:00,130.6,132.08,129.03,130.15,51180.0
2024-08-26 13:00:00,130.32,130.58,128.63,128.65,20070.0
2024-08-27 09:00:00,129.33,130.99,127.5,127.93,45785.0
2024-08-27 13:00:00,127.93,129.2,127.18,128.4,75770.0
2024-08-28 09:00:00,128.52,130.98,126.96,128.55,77935.0
2024-08-28 13:00:00,128.7,130.65,128.52,130.59,35885.0
2024-08-29 09:00:00,130.2,131.98,127.97,131.45,95350.0
2024-08-29 13:00:00,131.24,133.0,130.49,132.0,49615.0
2024-08-30 09:00:00,132.2,133.9,131.98,133.46,34420.0
2024-08-30 13:00:00,133.45,135.0,133.1,133.8,28175.0
2024-09-02 09:00:00,134.0,135.09,131.1,134.18,66340.0
2024-09-02 13:00:00,134.18,134.5,132.83,134.0,17580.0
2024-09-03 09:00:00,134.44,134.44,132.44,134.32,20445.0
2024-09-03 13:00:00,134.31,134.38,131.81,132.02,21345.0
2024-09-04 09:00:00,132.49,139.79,131.6,138.66,170405.0
2024-09-04 13:00:00,138.35,146.4,136.21,145.0,474155.0
2024-09-05 09:00:00,147.52,157.0,144.61,153.4,1381510.0
2024-09-05 13:00:00,153.19,156.92,152.2,154.23,404645.0
2024-09-06 09:00:00,157.07,157.08,151.19,152.45,391975.0
2024-09-06 13:00:00,152.11,153.27,148.11,152.0,135000.0
2024-09-09 09:00:00,150.0,156.03,146.41,151.66,294385.0
2024-09-09 13:00:00,151.41,151.78,149.0,149.4,81125.0
2024-09-10 09:00:00,152.74,158.0,148.1,151.4,271405.0
2024-09-10 13:00:00,151.44,152.0,148.4,150.01,89840.0
2024-09-11 09:00:00,150.92,155.96,148.63,150.0,120410.0
2024-09-11 13:00:00,150.02,150.27,145.91,148.0,40375.0
2024-09-12 09:00:00,148.5,150.76,147.51,148.69,93245.0
2024-09-12 13:00:00,148.68,152.18,148.65,151.6,75770.0
2024-09-13 09:00:00,152.28,165.74,151.0,159.13,1243295.0
2024-09-13 13:00:00,159.16,162.44,159.13,160.42,272515.0
2024-09-16 09:00:00,161.3,163.47,154.24,157.06,218430.0
2024-09-16 13:00:00,156.8,160.0,154.3,156.6,107960.0
2024-09-17 09:00:00,155.9,158.25,154.69,157.2,125735.0
2024-09-17 13:00:00,157.09,157.3,154.49,154.63,25405.0
2024-09-18 09:00:00,154.0,155.05,150.1,154.0,139540.0
2024-09-18 13:00:00,153.76,155.26,152.02,152.28,55530.0
2024-09-19 09:00:00,152.63,155.2,147.4,151.49,157640.0
2024-09-19 13:00:00,151.29,152.8,149.63,152.2,49235.0
2024-09-20 09:00:00,149.72,154.7,149.72,152.93,48665.0
2024-09-20 13:00:00,152.97,153.96,149.89,151.8,60875.0
2024-09-23 09:00:00,151.6,154.2,150.41,153.4,36735.0
2024-09-23 13:00:00,153.22,156.94,152.62,156.94,74165.0
2024-09-24 09:00:00,156.85,162.0,156.68,158.46,120780.0
2024-09-24 13:00:00,158.01,160.2,155.1,155.67,72495.0
2024-09-25 09:00:00,157.61,158.76,153.28,154.29,38650.0
2024-09-25 13:00:00,154.39,154.93,150.68,152.37,42025.0
2024-09-26 09:00:00,152.95,153.0,150.54,151.33,24635.0
2024-09-26 13:00:00,151.32,157.4,151.0,154.47,30590.0
2024-09-27 09:00:00,155.26,162.8,152.84,160.78,195970.0
2024-09-27 13:00:00,160.78,165.55,159.99,160.1,132065.0
2024-09-30 09:00:00,163.08,166.8,158.37,159.64,79620.0
2024-09-30 13:00:00,159.62,162.99,158.32,162.4,41090.0
2024-10-01 09:00:00,162.74,164.4,159.02,160.44,44265.0
2024-10-01 13:00:00,160.43,160.87,159.99,160.0,19190.0
2024-10-03 09:00:00,160.0,160.79,154.41,160.2,54690.0
2024-10-03 13:00:00,160.2,160.85,156.7,160.52,42660.0
2024-10-04 09:00:00,160.85,162.77,156.41,160.07,62085.0
2024-10-04 13:00:00,160.37,160.38,156.4,156.4,60915.0
2024-10-07 09:00:00,159.5,159.5,144.44,149.9,191110.0
2024-10-07 13:00:00,149.9,152.0,148.39,152.0,29960.0
2024-10-08 09:00:00,150.56,156.75,150.39,154.35,34460.0
2024-10-08 13:00:00,155.0,157.95,148.39,149.98,56275.0
2024-10-09 09:00:00,151.8,157.39,150.47,152.7,39985.0
2024-10-09 13:00:00,152.75,152.75,150.92,151.8,20955.0
2024-10-10 09:00:00,153.16,154.6,151.84,152.8,18985.0
2024-10-10 13:00:00,152.8,153.15,150.0,151.0,11400.0
2024-10-11 09:00:00,151.97,154.54,150.0,152.81,27745.0
2024-10-11 13:00:00,152.76,154.79,150.44,152.96,18915.0
2024-10-14 09:00:00,154.16,155.8,151.47,155.8,33740.0
2024-10-14 13:00:00,155.57,158.9,155.0,158.1,37970.0
2024-10-15 09:00:00,157.95,161.0,156.36,156.91,41245.0
2024-10-15 13:00:00,156.8,156.8,151.2,152.02,42105.0
2024-10-16 09:00:00,153.0,155.68,152.81,153.13,181040.0
2024-10-16 13:00:00,153.27,156.8,153.0,156.8,25415.0
2024-10-17 09:00:00,157.99,157.99,152.91,154.02,33250.0
2024-10-17 13:00:00,154.4,156.0,152.21,154.7,36190.0
2024-10-18 09:00:00,155.81,156.61,151.53,154.63,74640.0
2024-10-18 13:00:00,155.11,155.79,151.4,154.0,48965.0
2024-10-21 09:00:00,154.6,155.67,151.8,152.05,20065.0
2024-10-21 13:00:00,151.93,155.0,151.0,154.16,42415.0
2024-10-22 09:00:00,154.45,154.99,147.21,148.58,81335.0
2024-10-22 13:00:00,148.54,152.98,145.61,152.8,39855.0
2024-10-23 09:00:00,151.99,154.0,148.64,153.04,39460.0
2024-10-23 13:00:00,153.27,155.76,152.02,154.1,23185.0
2024-10-24 09:00:00,156.0,156.0,151.22,152.2,17285.0
2024-10-24 13:00:00,152.0,152.8,148.16,148.16,18890.0
2024-10-25 09:00:00,150.05,150.99,145.33,147.99,29105.0
2024-10-25 13:00:00,147.61,150.0,146.0,150.0,32725.0
2024-10-28 09:00:00,149.66,152.14,146.04,151.19,56160.0
2024-10-28 13:00:00,151.13,152.2,150.81,152.2,7220.0
2024-10-29 09:00:00,152.8,159.0,151.91,158.99,51820.0
2024-10-29 13:00:00,159.0,160.6,156.42,159.4,59495.0
2024-10-30 09:00:00,160.6,160.6,155.5,156.68,32975.0
2024-10-30 13:00:00,156.4,156.4,153.1,156.0,15240.0
2024-10-31 09:00:00,154.25,160.39,154.21,159.65,34160.0
2024-10-31 13:00:00,159.05,161.0,158.2,161.0,30265.0
2024-11-01 17:00:00,160.47,162.88,158.2,160.0,15820.0
2024-11-04 09:00:00,160.47,164.8,156.42,164.4,83985.0
2024-11-04 13:00:00,164.1,168.98,163.0,165.7,125130.0
2024-11-05 09:00:00,167.72,168.3,161.99,163.8,57520.0
2024-11-05 13:00:00,163.72,163.79,156.9,158.12,51970.0
2024-11-06 09:00:00,161.0,163.28,159.41,160.42,42490.0
2024-11-06 13:00:00,160.5,161.01,159.82,161.01,10540.0
2024-11-07 09:00:00,160.26,164.68,159.4,160.2,56195.0
2024-11-07 13:00:00,160.25,162.0,159.6,160.0,18545.0
2024-11-08 09:00:00,160.97,162.01,157.22,160.08,45615.0
2024-11-08 13:00:00,160.0,160.6,158.06,159.89,28065.0
2024-11-11 09:00:00,157.87,163.0,152.0,154.37,156175.0
2024-11-11 13:00:00,154.01,160.2,152.25,160.0,66330.0
2024-11-12 09:00:00,157.29,162.31,157.29,160.03,49970.0
2024-11-12 13:00:00,160.74,161.09,159.03,160.0,26405.0
2024-11-13 09:00:00,160.02,160.77,152.03,153.28,46140.0
2024-11-13 13:00:00,153.74,155.8,148.46,155.8,38855.0
2024-11-14 09:00:00,152.05,155.4,150.67,153.14,19230.0
2024-11-14 13:00:00,153.01,156.0,152.41,156.0,5785.0
2024-11-18 09:00:00,154.8,156.78,146.67,150.2,37705.0
2024-11-18 13:00:00,150.48,151.0,146.6,147.99,29195.0
2024-11-19 09:00:00,149.2,150.95,148.05,150.69,23190.0
2024-11-19 13:00:00,150.14,152.39,149.9,150.0,16740.0
2024-11-21 09:00:00,151.06,151.6,142.2,150.4,26585.0
2024-11-21 13:00:00,150.2,152.4,148.88,152.4,17695.0
2024-11-22 09:00:00,150.24,153.2,149.3,149.75,26580.0
2024-11-22 13:00:00,150.01,153.13,149.9,152.95,13115.0
2024-11-25 09:00:00,152.84,159.2,152.2,155.91,34010.0
2024-11-25 13:00:00,156.04,157.6,155.6,157.51,7875.0
2024-11-26 09:00:00,153.14,158.0,153.14,156.98,24570.0
2024-11-26 13:00:00,156.99,156.99,153.22,155.0,5460.0
2024-11-27 09:00:00,155.52,156.39,152.6,156.39,14025.0
2024-11-27 13:00:00,156.36,161.87,155.8,159.0,20215.0
2024-11-28 09:00:00,161.35,162.14,157.0,161.07,20800.0
2024-11-28 13:00:00,161.06,161.15,159.0,160.4,13075.0
2024-11-29 09:00:00,158.79,161.59,158.0,160.42,11760.0
2024-11-29 13:00:00,160.41,161.58,158.0,158.0,14000.0
2024-12-02 09:00:00,159.6,163.0,157.0,161.1,26660.0
2024-12-02 13:00:00,160.85,161.3,159.8,159.8,6240.0
2024-12-03 09:00:00,162.38,163.01,158.42,160.8,12245.0
2024-12-03 13:00:00,160.78,162.96,160.56,161.62,8850.0
2024-12-04 09:00:00,162.8,166.57,159.08,163.0,43860.0
2024-12-04 13:00:00,162.74,165.0,161.2,162.0,23095.0
2024-12-05 09:00:00,164.6,165.18,162.6,163.41,12915.0
2024-12-05 13:00:00,163.55,163.62,161.13,161.76,7575.0
2024-12-06 09:00:00,161.84,164.66,161.4,162.94,11725.0
2024-12-06 13:00:00,162.92,166.02,162.92,166.0,29660.0
2024-12-09 09:00:00,166.4,174.8,166.0,171.4,140280.0
2024-12-09 13:00:00,171.4,182.4,167.11,181.8,245445.0
2024-12-10 09:00:00,179.8,182.52,172.81,180.0,91520.0
2024-12-10 13:00:00,180.0,184.0,180.0,182.4,63025.0
2024-12-11 09:00:00,182.4,182.4,174.88,176.56,35270.0
2024-12-11 13:00:00,176.56,181.8,175.41,181.8,49110.0
2024-12-12 09:00:00,180.02,183.38,178.61,180.58,31650.0
2024-12-12 13:00:00,180.41,180.84,176.12,180.5,21420.0
2024-12-13 09:00:00,179.1,180.72,175.0,176.63,75905.0
2024-12-13 13:00:00,176.52,177.35,172.59,177.0,37415.0
2024-12-16 09:00:00,174.68,181.98,174.68,178.83,44575.0
2024-12-16 13:00:00,178.82,179.04,174.81,176.4,12545.0
2024-12-17 09:00:00,176.86,176.86,173.52,174.61,20520.0
2024-12-17 13:00:00,174.63,180.0,174.0,179.59,22940.0
2024-12-18 09:00:00,178.45,180.96,176.0,177.39,25790.0
2024-12-18 13:00:00,177.01,179.2,176.31,176.66,12610.0
2024-12-19 09:00:00,178.4,178.4,175.0,176.07,14625.0
2024-12-19 13:00:00,176.07,180.75,176.07,180.0,23775.0
2024-12-20 09:00:00,180.76,180.76,174.12,174.6,39995.0
2024-12-20 13:00:00,174.22,174.98,169.76,174.01,27830.0
2024-12-23 09:00:00,173.76,176.34,172.41,174.39,18320.0
2024-12-23 13:00:00,174.39,176.03,174.0,175.01,7260.0
2024-12-24 09:00:00,173.96,175.32,172.23,172.98,30440.0
2024-12-24 13:00:00,172.89,173.1,169.0,169.0,10970.0
2024-12-26 09:00:00,170.14,171.72,167.05,170.29,26955.0
2024-12-26 13:00:00,170.28,170.4,167.69,170.4,15590.0
2024-12-27 09:00:00,169.8,173.0,166.42,171.19,42410.0
2024-12-27 13:00:00,171.25,181.0,170.56,180.4,34450.0
2024-12-30 09:00:00,179.35,179.36,171.95,173.0,21770.0
2024-12-30 13:00:00,172.83,172.96,170.0,170.0,12125.0
2024-12-31 09:00:00,170.25,175.76,169.84,173.8,41880.0
2024-12-31 13:00:00,173.79,174.96,170.1,170.1,83080.0
2025-01-01 09:00:00,171.8,174.43,171.45,171.81,6510.0
2025-01-01 13:00:00,172.39,172.63,169.0,171.8,6775.0
2025-01-02 09:00:00,170.8,174.19,170.62,173.08,17550.0
2025-01-02 13:00:00,173.08,173.83,171.77,173.67,7390.0
2025-01-03 09:00:00,172.35,177.4,171.99,176.32,26455.0
2025-01-03 13:00:00,176.2,176.71,175.79,176.7,16800.0
2025-01-06 09:00:00,177.34,180.0,173.61,178.15,65665.0
2025-01-06 13:00:00,178.17,180.0,175.12,178.8,27420.0
2025-01-07 09:00:00,181.2,188.0,170.11,174.81,235900.0
2025-01-07 13:00:00,174.78,180.59,174.04,174.8,96820.0
2025-01-08 09:00:00,179.8,179.8,173.21,176.1,115570.0
2025-01-08 13:00:00,176.04,186.4,175.1,180.0,79825.0
2025-01-09 09:00:00,183.2,183.2,173.42,174.39,29750.0
2025-01-09 13:00:00,174.61,180.0,174.03,178.0,66465.0
2025-01-10 09:00:00,177.08,180.0,170.01,174.51,126475.0
2025-01-10 13:00:00,174.55,180.0,171.93,172.4,33550.0
2025-01-13 09:00:00,174.18,174.18,165.2,168.1,65945.0
2025-01-13 13:00:00,168.1,171.69,168.02,171.57,28810.0
2025-01-14 09:00:00,171.46,173.79,170.76,171.87,9370.0
2025-01-14 13:00:00,171.79,172.19,168.0,169.0,12460.0
2025-01-15 09:00:00,170.39,175.0,168.42,174.11,22055.0
2025-01-15 13:00:00,174.31,174.43,170.2,173.64,15220.0
2025-01-16 09:00:00,172.4,175.0,172.4,174.06,7495.0
2025-01-16 13:00:00,173.68,174.56,171.2,172.0,3720.0
2025-01-17 09:00:00,172.58,172.6,170.09,171.2,6835.0
2025-01-17 13:00:00,171.17,171.26,169.2,171.12,4575.0
2025-01-20 09:00:00,172.59,176.98,169.23,175.81,20880.0
2025-01-20 13:00:00,175.77,181.83,175.32,179.0,72890.0
2025-01-21 09:00:00,179.95,180.58,176.41,179.02,25620.0
2025-01-21 13:00:00,177.59,179.78,174.32,174.4,10660.0
2025-01-22 09:00:00,175.6,175.99,169.82,171.68,19185.0
2025-01-22 13:00:00,171.78,173.49,170.2,172.0,10995.0
2025-01-23 09:00:00,171.36,178.0,170.82,174.37,17670.0
2025-01-23 13:00:00,173.52,175.11,173.0,173.51,7125.0
2025-01-24 09:00:00,173.39,174.33,167.0,168.61,24910.0
2025-01-24 13:00:00,168.71,170.18,167.0,167.0,9065.0
2025-01-27 09:00:00,169.24,169.24,162.37,165.59,38205.0
2025-01-27 13:00:00,165.27,165.62,161.0,162.0,19075.0
2025-01-28 09:00:00,163.9,169.6,160.61,163.58,60645.0
2025-01-28 13:00:00,164.19,166.8,161.04,162.0,14160.0
2025-01-29 09:00:00,164.38,187.0,164.0,182.42,248415.0
2025-01-29 13:00:00,182.17,184.35,180.2,183.6,106440.0
2025-01-30 09:00:00,182.2,187.0,173.93,181.84,72930.0
2025-01-30 13:00:00,182.0,183.0,179.76,183.0,14570.0
2025-01-31 09:00:00,181.33,182.54,176.91,182.42,27060.0
2025-01-31 13:00:00,182.0,182.6,181.0,182.2,23975.0
2025-02-01 09:00:00,182.57,183.6,178.21,181.54,41110.0
2025-02-01 13:00:00,181.55,183.6,179.82,180.0,28585.0
2025-02-03 09:00:00,180.06,182.0,172.07,172.51,26330.0
2025-02-03 13:00:00,172.52,173.78,169.56,170.0,31925.0
2025-02-04 09:00:00,171.76,173.8,170.0,173.62,44165.0
2025-02-04 13:00:00,173.2,174.8,167.39,170.0,54870.0
2025-02-05 09:00:00,171.97,175.98,171.02,172.55,14800.0
2025-02-05 13:00:00,172.97,172.97,168.2,169.6,10860.0
2025-02-06 09:00:00,169.97,179.2,169.97,175.6,58695.0
2025-02-06 13:00:00,175.63,177.0,174.0,176.0,57235.0
2025-02-07 09:00:00,178.8,180.2,175.25,177.71,21830.0
2025-02-07 13:00:00,177.8,178.19,174.05,177.6,10185.0
2025-02-10 09:00:00,175.2,180.6,174.21,176.46,30050.0
2025-02-10 13:00:00,176.46,177.0,172.9,174.0,18875.0
2025-02-11 09:00:00,175.48,175.48,164.59,164.75,29550.0
2025-02-11 13:00:00,164.77,170.29,164.0,165.2,37035.0
2025-02-12 09:00:00,168.79,168.98,156.1,164.21,53205.0
2025-02-12 13:00:00,164.36,165.93,164.18,165.5,18565.0
2025-02-13 09:00:00,165.0,166.85,164.0,164.16,11435.0
2025-02-13 13:00:00,164.1,165.19,162.42,164.66,14075.0
2025-02-14 09:00:00,165.06,170.0,160.04,164.0,55410.0
2025-02-14 13:00:00,164.0,174.0,163.01,174.0,27525.0
2025-02-17 09:00:00,167.73,167.73,162.0,163.1,27490.0
2025-02-17 13:00:00,162.95,165.08,162.95,163.0,9115.0
2025-02-18 09:00:00,163.72,163.72,159.61,160.44,30400.0
2025-02-18 13:00:00,159.7,161.96,155.61,161.96,23885.0
2025-02-19 09:00:00,156.82,162.42,155.7,156.44,36565.0
2025-02-19 13:00:00,156.43,165.0,156.24,164.8,21960.0
2025-02-20 09:00:00,162.2,163.53,161.44,162.34,5270.0
2025-02-20 13:00:00,162.05,162.81,159.75,160.9,12080.0
2025-02-21 09:00:00,161.72,163.53,159.58,162.67,19190.0
2025-02-21 13:00:00,162.44,163.86,161.99,163.86,6525.0
2025-02-24 09:00:00,162.78,162.98,158.29,162.2,7440.0
2025-02-24 13:00:00,162.45,164.0,161.22,164.0,7415.0
2025-02-25 09:00:00,162.71,163.0,161.82,162.18,2600.0
2025-02-25 13:00:00,162.28,166.0,161.0,162.01,8105.0
2025-02-27 09:00:00,164.3,166.59,163.2,165.47,17390.0
2025-02-27 13:00:00,165.48,165.76,163.74,164.4,5420.0
2025-02-28 09:00:00,164.7,165.01,159.3,163.36,27700.0
2025-02-28 13:00:00,162.25,170.0,156.22,170.0,27805.0
2025-03-03 09:00:00,164.05,164.05,153.02,156.56,39885.0
2025-03-03 13:00:00,156.42,163.74,156.05,160.4,18550.0
2025-03-04 09:00:00,161.32,168.45,158.97,163.18,52995.0
2025-03-04 13:00:00,163.08,167.6,162.97,167.51,6540.0
2025-03-05 09:00:00,165.77,170.62,165.77,169.06,99610.0
2025-03-05 13:00:00,169.25,170.0,168.68,170.0,20190.0
2025-03-06 09:00:00,169.0,180.0,169.0,179.67,58550.0
2025-03-06 13:00:00,179.53,185.99,178.0,178.23,61795.0
2025-03-07 09:00:00,178.52,187.77,176.01,183.04,80115.0
2025-03-07 13:00:00,183.58,185.4,183.0,185.4,28650.0
2025-03-10 09:00:00,187.99,199.98,185.2,191.92,221145.0
2025-03-10 13:00:00,191.92,195.58,190.61,193.36,64515.0
2025-03-11 09:00:00,199.98,199.98,189.01,195.0,130745.0
2025-03-11 13:00:00,195.0,195.59,188.5,190.22,58335.0
2025-03-12 09:00:00,189.99,194.4,189.6,193.91,47720.0
2025-03-12 13:00:00,194.2,196.6,193.61,194.25,31580.0
2025-03-13 09:00:00,197.5,197.5,194.0,194.45,15770.0
2025-03-13 13:00:00,194.85,202.31,194.61,196.0,27290.0
2025-03-17 09:00:00,200.0,214.88,198.61,207.18,250750.0
2025-03-17 13:00:00,207.78,209.8,206.04,209.79,43645.0
2025-03-18 09:00:00,207.68,207.68,198.58,198.96,42345.0
2025-03-18 13:00:00,198.8,199.75,194.72,197.4,44885.0
2025-03-19 09:00:00,196.21,208.86,195.59,208.82,53890.0
2025-03-19 13:00:00,208.79,210.0,207.4,209.99,39460.0
2025-03-20 09:00:00,212.02,212.56,204.31,205.49,47015.0
2025-03-20 13:00:00,205.2,209.0,205.0,208.0,23615.0
2025-03-21 09:00:00,208.45,211.74,206.4,207.04,44635.0
2025-03-21 13:00:00,207.1,210.0,206.45,209.6,47565.0
2025-03-24 09:00:00,211.38,211.44,202.02,202.57,34445.0
2025-03-24 13:00:00,202.33,207.27,200.59,202.82,32695.0
2025-03-25 09:00:00,203.64,206.15,194.17,196.43,31350.0
2025-03-25 13:00:00,196.04,198.0,195.32,197.2,20995.0
2025-03-26 09:00:00,195.86,202.97,195.86,197.68,14675.0
2025-03-26 13:00:00,197.53,202.0,195.98,196.0,18790.0
2025-03-27 09:00:00,197.22,202.45,193.14,196.4,28350.0
2025-03-27 13:00:00,196.4,200.0,195.0,196.0,10855.0
2025-03-28 09:00:00,194.9,199.78,194.9,196.25,20505.0
2025-03-28 13:00:00,196.94,201.6,196.25,200.0,26700.0
2025-04-01 09:00:00,201.55,210.0,199.8,199.83,84155.0
2025-04-01 13:00:00,199.87,200.91,195.6,196.0,34145.0
2025-04-02 09:00:00,197.0,197.0,193.0,194.01,32385.0
2025-04-02 13:00:00,194.38,196.49,194.0,194.3,9410.0
2025-04-03 09:00:00,193.76,197.69,183.03,186.28,84305.0
2025-04-03 13:00:00,186.79,190.0,184.0,186.1,37380.0
2025-04-04 09:00:00,186.96,186.96,178.35,180.4,78510.0
2025-04-04 13:00:00,180.47,180.56,173.45,178.02,113375.0
2025-04-07 09:00:00,142.11,166.66,142.11,155.11,165865.0
2025-04-07 13:00:00,155.06,161.4,154.48,160.0,37000.0
2025-04-08 09:00:00,166.09,170.0,160.94,162.83,67445.0
2025-04-08 13:00:00,162.65,163.29,161.3,163.06,16795.0
2025-04-09 09:00:00,162.18,162.91,157.0,158.18,44015.0
2025-04-09 13:00:00,157.99,158.4,152.0,154.0,72750.0
2025-04-11 09:00:00,162.0,173.8,160.4,172.88,395565.0
2025-04-11 13:00:00,172.75,179.8,169.8,173.1,337440.0
2025-04-15 09:00:00,177.4,187.98,172.2,186.6,102290.0
2025-04-15 13:00:00,186.64,189.5,182.2,184.4,46990.0
2025-04-16 09:00:00,185.98,190.94,183.46,184.74,41995.0
2025-04-16 13:00:00,184.4,187.0,183.58,183.8,15645.0
2025-04-17 09:00:00,186.0,186.0,182.0,182.9,14640.0
2025-04-17 13:00:00,182.94,185.58,180.24,181.88,23150.0
2025-04-21 09:00:00,182.96,183.68,172.2,177.4,98525.0
2025-04-21 13:00:00,177.56,178.4,176.0,177.02,34620.0
2025-04-22 09:00:00,177.72,185.48,177.4,181.24,67105.0
2025-04-22 13:00:00,181.24,182.2,180.22,182.0,15390.0
2025-04-23 09:00:00,182.0,184.7,180.04,182.84,55315.0
2025-04-23 13:00:00,182.8,184.2,182.06,184.0,60000.0
2025-04-24 09:00:00,182.8,189.94,180.4,187.18,57485.0
2025-04-24 13:00:00,187.08,187.18,184.0,186.4,24475.0
2025-04-25 09:00:00,184.7,185.78,175.7,180.74,42280.0
2025-04-25 13:00:00,180.72,184.2,179.48,180.0,24285.0
2025-04-28 09:00:00,182.2,185.0,175.0,175.38,143285.0
2025-04-28 13:00:00,175.68,175.98,172.22,173.0,35700.0
2025-04-29 09:00:00,174.0,175.9,171.46,174.2,30440.0
2025-04-29 13:00:00,174.22,175.02,173.28,174.0,16835.0
2025-04-30 09:00:00,173.68,174.14,171.0,172.26,25055.0
2025-04-30 13:00:00,172.46,175.2,170.42,174.0,61920.0
2025-05-02 09:00:00,173.46,176.79,172.63,175.02,23770.0
2025-05-02 13:00:00,174.78,175.58,172.41,175.0,6680.0
2025-05-05 09:00:00,172.8,175.55,169.88,170.64,38280.0
2025-05-05 13:00:00,170.4,171.77,169.2,170.4,18170.0
2025-05-06 09:00:00,170.0,172.59,167.4,171.42,24710.0
2025-05-06 13:00:00,171.93,172.14,171.0,172.14,12385.0
2025-05-07 09:00:00,164.21,175.08,164.21,173.38,30700.0
2025-05-07 13:00:00,173.94,175.48,171.33,172.0,23340.0
2025-05-08 09:00:00,172.6,181.24,172.59,180.13,49420.0
2025-05-08 13:00:00,180.39,181.2,178.4,180.0,49340.0
2025-05-09 09:00:00,176.91,178.87,172.0,174.0,19110.0
2025-05-09 13:00:00,173.98,180.0,172.4,180.0,13620.0
2025-05-12 09:00:00,176.8,189.29,176.8,182.6,50845.0
2025-05-12 13:00:00,182.87,185.69,182.8,185.15,8150.0
2025-05-13 09:00:00,183.99,188.0,182.77,185.39,37790.0
2025-05-13 13:00:00,184.97,187.74,184.5,186.8,9765.0
2025-05-14 09:00:00,186.99,188.69,181.0,182.63,29660.0
2025-05-14 13:00:00,182.77,183.33,181.0,181.33,11130.0
2025-05-15 09:00:00,182.0,200.69,180.41,196.16,201645.0
2025-05-15 13:00:00,196.82,200.6,195.55,198.0,167175.0
2025-05-16 09:00:00,201.08,205.34,188.41,191.55,171150.0
2025-05-16 13:00:00,191.46,196.0,188.6,196.0,47200.0
2025-05-19 09:00:00,191.14,193.09,186.82,190.97,32170.0
2025-05-19 13:00:00,190.31,190.8,188.16,188.74,21020.0
2025-05-20 09:00:00,191.59,192.14,185.0,188.6,54160.0
2025-05-20 13:00:00,188.97,189.97,186.9,186.9,22220.0
2025-05-21 09:00:00,188.35,189.63,186.99,188.02,4115.0
2025-05-21 13:00:00,188.0,190.33,187.73,189.8,8740.0
2025-05-22 09:00:00,189.6,192.01,186.41,189.09,34080.0
2025-05-22 13:00:00,189.09,190.6,188.39,190.6,26335.0
2025-05-23 09:00:00,192.0,192.67,188.81,191.91,43730.0
2025-05-23 13:00:00,191.6,198.57,191.01,198.0,48170.0
2025-05-26 09:00:00,200.02,202.52,195.62,197.22,62650.0
2025-05-26 13:00:00,197.23,202.8,195.97,200.0,48925.0
2025-05-27 09:00:00,199.4,200.48,197.27,199.09,34960.0
2025-05-27 13:00:00,198.64,199.99,196.46,196.6,19265.0
2025-05-28 09:00:00,198.88,201.6,193.7,198.51,52280.0
2025-05-28 13:00:00,199.16,201.46,193.0,195.44,29590.0
2025-05-29 09:00:00,210.0,211.99,200.28,203.98,394075.0
2025-05-29 13:00:00,204.25,208.28,200.19,201.0,159755.0
2025-05-30 09:00:00,202.01,206.0,197.2,200.24,88445.0
2025-05-30 13:00:00,200.4,210.36,199.84,203.05,344810.0
2025-06-02 09:00:00,208.24,209.12,202.06,205.96,204205.0
2025-06-02 13:00:00,205.98,207.8,203.6,204.2,90520.0
2025-06-03 09:00:00,207.0,209.0,204.2,206.02,175855.0
2025-06-03 13:00:00,206.02,206.16,203.04,204.76,25450.0
2025-06-04 09:00:00,205.34,231.36,202.2,219.66,426485.0
2025-06-04 13:00:00,219.46,224.68,216.2,219.4,308695.0
2025-06-05 09:00:00,220.92,228.0,215.34,219.2,234185.0
2025-06-05 13:00:00,219.7,220.0,216.24,217.7,62960.0
2025-06-06 09:00:00,219.38,225.74,213.26,214.4,90115.0
2025-06-06 13:00:00,214.42,215.34,213.0,213.6,17590.0
2025-06-09 09:00:00,214.86,221.2,214.46,218.0,72385.0
2025-06-09 13:00:00,217.96,220.3,215.92,217.0,142405.0
2025-06-10 09:00:00,221.96,225.0,217.42,223.62,168280.0
2025-06-10 13:00:00,223.86,235.6,222.24,226.2,374885.0
2025-06-11 09:00:00,228.12,232.0,225.64,228.36,82470.0
2025-06-11 13:00:00,228.48,230.0,222.82,223.38,50395.0
2025-06-12 09:00:00,225.8,229.5,217.64,223.38,165800.0
2025-06-12 13:00:00,223.14,223.38,216.4,220.04,43935.0
2025-06-13 09:00:00,207.4,219.96,207.02,216.62,84325.0
2025-06-13 13:00:00,216.62,219.0,215.64,218.0,49935.0
2025-06-16 09:00:00,216.88,219.28,211.86,216.86,33435.0
2025-06-16 13:00:00,216.6,218.0,214.0,214.42,19870.0
2025-06-17 09:00:00,218.1,220.0,214.1,214.38,66155.0
2025-06-17 13:00:00,214.58,214.8,212.2,214.34,31175.0
2025-06-18 09:00:00,212.0,220.0,210.48,219.28,111460.0
2025-06-18 13:00:00,219.44,221.0,217.04,220.78,79605.0
2025-06-19 09:00:00,218.94,225.18,212.9,213.7,344575.0
2025-06-19 13:00:00,213.32,214.28,209.86,212.0,69270.0
2025-06-20 09:00:00,211.6,221.8,210.66,220.84,101545.0
2025-06-20 13:00:00,221.14,221.22,213.98,219.0,70990.0
2025-06-23 09:00:00,216.98,220.16,213.02,218.68,56505.0
2025-06-23 13:00:00,219.0,221.76,217.22,217.4,44300.0
2025-06-24 09:00:00,223.04,224.88,217.82,220.02,105990.0
2025-06-24 13:00:00,220.24,221.4,216.28,217.5,25225.0
2025-06-25 09:00:00,219.54,223.08,218.24,218.6,42165.0
2025-06-25 13:00:00,218.82,222.0,218.2,218.6,24335.0
2025-06-26 09:00:00,220.88,222.64,217.74,222.0,36070.0
2025-06-26 13:00:00,222.02,225.34,219.08,219.42,72880.0
2025-06-27 09:00:00,222.38,223.36,218.86,220.38,28690.0
2025-06-27 13:00:00,220.4,221.86,218.22,221.0,37630.0
2025-06-30 09:00:00,221.78,224.6,218.4,222.42,63475.0
2025-06-30 13:00:00,222.08,237.54,219.76,235.4,106730.0
2025-07-01 09:00:00,234.0,248.88,230.18,234.88,306870.0
2025-07-01 13:00:00,234.82,236.64,230.34,232.8,56110.0
2025-07-02 09:00:00,233.94,238.58,227.72,232.14,84185.0
2025-07-02 13:00:00,231.68,238.58,229.24,233.8,49500.0
2025-07-03 09:00:00,232.74,238.1,230.62,237.4,44440.0
2025-07-03 13:00:00,236.86,243.8,236.0,236.5,51875.0
2025-07-04 09:00:00,238.14,239.98,233.84,238.86,38010.0
2025-07-04 13:00:00,238.1,245.98,238.1,239.36,65145.0
2025-07-07 09:00:00,243.56,248.56,236.2,237.62,81590.0
2025-07-07 13:00:00,237.56,239.94,234.0,235.96,63030.0
2025-07-08 09:00:00,237.9,245.7,232.82,236.08,133045.0
2025-07-08 13:00:00,236.46,242.4,230.46,231.96,110945.0
2025-07-09 09:00:00,233.46,238.1,231.98,236.38,38465.0
2025-07-09 13:00:00,236.38,239.56,235.22,238.78,17240.0
2025-07-10 09:00:00,239.58,247.12,238.88,239.62,92545.0
2025-07-10 13:00:00,239.36,242.0,238.76,240.0,13820.0
2025-07-11 09:00:00,240.0,240.12,236.56,237.56,29045.0
2025-07-11 13:00:00,237.46,239.58,232.86,234.86,56595.0
2025-07-14 09:00:00,238.98,242.0,233.02,233.64,57930.0
2025-07-14 13:00:00,233.92,235.56,232.02,232.7,21160.0
2025-07-15 09:00:00,235.36,240.0,233.0,238.84,44040.0
2025-07-15 13:00:00,239.2,240.0,236.84,238.1,45625.0
2025-07-16 09:00:00,236.1,241.8,234.22,239.84,38990.0
2025-07-16 13:00:00,239.92,243.98,238.7,241.0,38170.0
2025-07-17 09:00:00,243.82,243.82,237.44,239.3,25435.0
2025-07-17 13:00:00,239.14,239.68,236.54,237.22,14940.0
2025-07-18 09:00:00,236.2,239.76,234.6,235.92,18705.0
2025-07-18 13:00:00,236.0,237.98,234.28,234.28,11995.0
2025-07-21 09:00:00,234.12,241.0,234.12,239.38,61880.0
2025-07-21 13:00:00,239.46,240.3,235.02,235.6,34020.0
2025-07-22 09:00:00,238.96,242.2,237.0,240.02,89215.0
2025-07-22 13:00:00,240.62,242.3,239.82,240.1,23325.0
2025-07-23 09:00:00,244.0,255.2,239.62,246.04,439190.0
2025-07-23 13:00:00,246.42,246.6,241.0,242.8,122085.0
2025-07-24 09:00:00,244.54,249.8,243.9,246.5,62470.0
2025-07-24 13:00:00,246.58,249.6,244.86,248.0,29530.0
2025-07-25 09:00:00,248.86,248.86,237.0,237.56,81245.0
2025-07-25 13:00:00,237.74,240.2,233.22,235.0,75915.0
2025-07-28 09:00:00,236.16,246.0,233.6,240.76,82995.0
2025-07-28 13:00:00,240.52,245.2,239.44,245.2,25845.0
2025-07-29 09:00:00,244.36,248.4,237.06,247.48,83895.0
2025-07-29 13:00:00,247.3,248.98,246.4,246.4,31785.0
2025-07-30 09:00:00,249.28,255.8,247.04,249.82,183705.0
2025-07-30 13:00:00,249.76,251.18,248.0,248.0,64490.0
2025-07-31 09:00:00,243.3,245.2,221.62,228.96,646350.0
2025-07-31 13:00:00,228.82,232.0,200.4,223.0,1131980.0
2025-08-01 09:00:00,228.38,236.98,225.02,229.86,176130.0
2025-08-01 13:00:00,229.72,229.72,215.38,221.0,94580.0
2025-08-04 09:00:00,219.4,226.4,195.62,207.6,956665.0
2025-08-04 13:00:00,207.36,207.96,205.0,206.02,77210.0
2025-08-05 09:00:00,206.38,208.9,205.4,207.62,71015.0
2025-08-05 13:00:00,207.42,209.84,207.06,207.6,36985.0
2025-08-06 09:00:00,209.8,211.38,205.4,209.22,63820.0
2025-08-06 13:00:00,209.22,213.0,208.2,212.6,63795.0
2025-08-07 09:00:00,212.46,212.46,202.4,205.4,82250.0
2025-08-07 13:00:00,205.38,206.04,203.12,205.0,54620.0
2025-08-08 09:00:00,206.24,208.9,204.48,205.58,51440.0
2025-08-08 13:00:00,205.68,209.76,203.5,208.4,46155.0
2025-08-11 09:00:00,205.86,205.92,203.6,205.0,19440.0
2025-08-11 13:00:00,205.2,207.08,204.6,205.0,13590.0
2025-08-12 09:00:00,205.9,209.44,205.9,208.36,23970.0
2025-08-12 13:00:00,208.38,211.82,207.76,211.0,21450.0
2025-08-13 09:00:00,211.66,213.48,207.54,207.92,34395.0
2025-08-13 13:00:00,207.7,208.12,206.2,207.02,16745.0
2025-08-14 09:00:00,206.4,210.88,206.4,209.38,20095.0
2025-08-14 13:00:00,209.18,209.4,207.52,208.0,10680.0
2025-08-18 09:00:00,211.26,214.94,210.54,213.78,40225.0
2025-08-18 13:00:00,213.78,214.98,213.12,214.2,12090.0
2025-08-19 09:00:00,215.9,222.0,212.0,220.62,56290.0
2025-08-19 13:00:00,220.58,226.0,219.64,222.48,82290.0
2025-08-20 09:00:00,223.9,225.5,218.8,219.0,43980.0
2025-08-20 13:00:00,219.14,220.38,218.08,218.6,17200.0
2025-08-21 09:00:00,221.12,222.88,217.48,218.72,32495.0
2025-08-21 13:00:00,219.2,221.0,217.2,217.5,24620.0
2025-08-22 09:00:00,219.48,221.56,216.88,218.72,18010.0
2025-08-22 13:00:00,218.66,220.0,218.2,219.2,15920.0
2025-08-25 09:00:00,222.0,224.98,219.4,220.72,42390.0
2025-08-25 13:00:00,220.74,221.6,218.84,221.6,12425.0
2025-08-26 09:00:00,221.6,222.94,216.06,221.26,44535.0
2025-08-26 13:00:00,221.26,221.32,215.1,216.4,41310.0
2025-08-28 09:00:00,218.0,221.78,212.02,219.86,61190.0
2025-08-28 13:00:00,220.6,222.18,218.12,218.6,53600.0
2025-08-29 09:00:00,216.1,219.0,200.7,208.0,121973.0
2025-08-29 13:00:00,208.3,213.5,206.9,210.0,70676.0
2025-09-01 09:00:00,207.8,209.79,205.0,208.0,40219.0
2025-09-01 13:00:00,207.69,209.18,206.2,208.89,15150.0
2025-09-02 09:00:00,206.1,209.52,204.9,207.18,65706.0
2025-09-02 13:00:00,207.05,208.25,204.98,207.0,38804.0
2025-09-03 09:00:00,206.56,215.15,204.0,212.59,40575.0
2025-09-03 13:00:00,212.76,216.65,211.5,215.37,78939.0
2025-09-04 09:00:00,214.0,217.76,212.09,215.26,41824.0
2025-09-04 13:00:00,215.28,219.0,214.03,218.0,44857.0
2025-09-05 09:00:00,215.0,216.6,212.42,213.94,65586.0
2025-09-05 13:00:00,213.73,215.2,208.41,215.2,70788.0
2025-09-08 09:00:00,215.75,221.85,213.79,221.85,39806.0
2025-09-08 13:00:00,221.84,227.29,221.15,222.56,34973.0
2025-09-09 09:00:00,229.4,229.4,217.5,221.42,26680.0
2025-09-09 13:00:00,221.56,222.5,218.0,218.06,21060.0
2025-09-10 09:00:00,219.31,221.7,212.89,213.91,27512.0
2025-09-10 13:00:00,213.86,222.1,212.9,213.0,37702.0
2025-09-11 09:00:00,217.0,229.0,214.22,215.91,56535.0
2025-09-11 13:00:00,216.16,220.0,215.11,215.65,20058.0
2025-09-12 09:00:00,217.9,221.4,211.41,213.61,46212.0
2025-09-12 13:00:00,213.84,217.0,211.0,211.3,16561.0
2025-09-15 09:00:00,213.5,214.05,207.42,207.76,24550.0
2025-09-15 13:00:00,207.56,207.99,203.6,207.4,38979.0
2025-09-16 09:00:00,208.07,245.98,208.07,228.49,1834477.0
2025-09-16 13:00:00,228.79,230.79,218.17,222.5,766448.0
2025-09-17 09:00:00,221.49,222.4,211.21,216.19,232498.0
2025-09-17 13:00:00,216.01,220.0,215.05,218.0,52806.0
2025-09-18 09:00:00,215.05,218.11,213.01,215.32,99229.0
2025-09-18 13:00:00,215.56,234.0,215.35,223.65,197451.0
2025-09-19 09:00:00,225.97,228.8,219.56,224.8,120298.0
2025-09-19 13:00:00,224.9,233.0,224.5,228.85,69418.0
2025-09-22 09:00:00,229.95,230.12,222.61,222.99,98699.0
2025-09-22 13:00:00,222.82,222.82,220.0,221.7,32865.0
2025-09-23 09:00:00,222.39,222.4,215.02,216.65,74553.0
2025-09-23 13:00:00,216.49,216.9,215.2,216.0,22463.0
2025-09-24 09:00:00,217.0,219.98,214.0,214.46,61461.0
2025-09-24 13:00:00,214.12,221.94,209.46,219.6,113878.0
2025-09-25 09:00:00,219.4,220.9,215.16,217.34,74657.0
2025-09-25 13:00:00,217.34,217.65,215.7,217.5,12401.0
2025-09-26 09:00:00,216.68,221.5,211.82,216.54,88054.0
2025-09-26 13:00:00,216.73,217.07,209.0,210.0,27555.0
2025-09-29 09:00:00,211.5,219.4,211.5,215.88,68236.0
2025-09-29 13:00:00,216.01,218.0,211.0,217.5,67760.0
2025-09-30 09:00:00,218.8,218.8,210.74,214.78,33218.0
2025-09-30 13:00:00,214.33,214.71,212.0,213.0,12896.0
2025-10-01 09:00:00,213.87,218.95,212.36,217.19,16981.0
2025-10-01 13:00:00,217.27,219.0,213.13,213.67,25470.0
2025-10-03 09:00:00,213.05,224.96,213.05,223.43,59556.0
2025-10-03 13:00:00,223.05,224.18,221.4,223.5,20478.0
2025-10-06 09:00:00,217.0,227.4,217.0,224.82,77418.0
2025-10-06 13:00:00,224.87,224.9,223.0,223.0,15528.0
2025-10-07 09:00:00,224.8,227.19,222.21,222.67,46364.0
2025-10-07 13:00:00,222.65,223.87,215.9,222.89,15096.0
2025-10-08 09:00:00,219.11,227.0,219.1,224.18,33097.0
2025-10-08 13:00:00,224.16,225.0,223.0,225.0,7664.0
2025-10-09 09:00:00,223.65,229.4,223.65,227.74,55632.0
2025-10-09 13:00:00,227.48,230.05,227.4,229.5,57492.0
2025-10-10 09:00:00,230.1,230.1,221.99,224.0,68989.0
2025-10-10 13:00:00,224.61,224.79,220.0,221.16,10121.0
2025-10-13 09:00:00,218.6,224.87,218.6,220.8,39982.0
2025-10-13 13:00:00,220.87,222.98,219.16,221.58,7396.0
2025-10-14 09:00:00,220.78,227.42,219.01,221.65,119385.0
2025-10-14 13:00:00,221.82,223.26,215.88,217.21,61260.0
2025-10-15 09:00:00,218.1,222.79,216.21,217.15,47219.0
2025-10-15 13:00:00,216.95,217.39,211.5,214.57,27098.0
2025-10-16 09:00:00,215.0,222.2,214.64,219.84,40621.0
2025-10-16 13:00:00,220.1,223.0,219.17,222.88,30143.0
2025-10-17 09:00:00,224.2,224.2,218.99,220.18,23183.0
2025-10-17 13:00:00,220.42,224.0,220.0,222.0,30839.0
2025-10-20 09:00:00,224.0,224.0,216.5,219.54,39975.0
2025-10-20 13:00:00,219.55,219.9,217.0,217.53,6643.0
2025-10-21 13:00:00,220.06,228.0,220.06,228.0,39813.0
2025-10-23 09:00:00,229.9,230.03,214.65,219.77,126670.0
2025-10-23 13:00:00,219.75,230.0,219.75,227.0,69619.0
2025-10-24 09:00:00,228.2,229.58,224.0,226.15,72286.0
2025-10-24 13:00:00,225.96,227.87,220.3,224.5,30908.0
2025-10-27 09:00:00,224.0,229.95,220.76,225.61,165639.0
2025-10-27 13:00:00,225.07,227.58,220.0,221.1,54528.0
2025-10-28 09:00:00,222.9,229.88,222.9,225.62,119341.0
2025-10-28 13:00:00,225.55,226.64,220.52,223.3,58647.0
2025-10-29 09:00:00,222.0,226.0,221.99,224.25,58879.0
2025-10-29 13:00:00,224.45,228.5,224.2,227.1,35756.0
2025-10-30 09:00:00,228.15,230.4,224.15,229.5,92216.0
2025-10-30 13:00:00,229.64,233.5,228.05,229.59,123308.0
2025-10-31 09:00:00,231.0,231.7,220.91,223.6,333300.0
2025-10-31 13:00:00,223.6,228.3,221.13,224.14,97265.0
2025-11-03 09:00:00,223.8,223.8,211.0,214.68,240528.0
2025-11-03 13:00:00,214.15,214.66,210.0,212.23,72649.0
2025-11-04 09:00:00,212.61,221.59,208.0,216.56,197523.0
2025-11-04 13:00:00,216.58,217.5,212.29,216.0,39770.0
2025-11-06 09:00:00,216.45,217.24,207.76,209.02,67082.0
2025-11-06 13:00:00,209.0,209.1,202.82,205.99,65538.0
2025-11-07 09:00:00,206.63,211.96,203.1,209.5,63386.0
2025-11-07 13:00:00,209.5,210.79,207.0,210.0,48130.0
2025-11-10 09:00:00,208.52,212.0,205.21,207.09,37886.0
2025-11-10 13:00:00,207.63,209.75,205.0,209.0,32915.0
2025-11-11 09:00:00,206.2,217.5,205.5,215.75,104220.0
2025-11-11 13:00:00,216.38,225.0,215.94,221.25,131446.0
2025-11-12 09:00:00,224.0,224.48,217.0,220.87,45566.0
2025-11-12 13:00:00,220.5,225.0,217.81,224.5,57852.0
2025-11-13 09:00:00,223.01,223.1,213.4,217.61,43696.0
2025-11-13 13:00:00,217.52,220.0,212.11,218.24,35818.0
2025-11-14 09:00:00,215.83,217.85,213.91,217.62,28788.0
2025-11-14 13:00:00,216.71,220.0,216.71,218.07,15760.0
2025-11-17 09:00:00,217.0,222.3,216.4,218.89,22970.0
2025-11-17 13:00:00,218.16,219.21,216.4,218.0,10678.0
2025-11-18 09:00:00,216.62,221.69,214.5,221.0,53648.0
2025-11-18 13:00:00,221.24,224.22,218.01,218.5,36459.0
2025-11-19 09:00:00,220.0,225.5,217.0,225.0,40181.0
2025-11-19 13:00:00,225.0,226.1,224.1,224.1,26485.0
2025-11-20 09:00:00,223.5,224.59,219.54,219.99,23109.0
2025-11-20 13:00:00,220.09,226.5,219.67,225.0,33537.0
2025-11-21 09:00:00,224.0,225.7,220.03,222.82,25522.0
2025-11-21 13:00:00,222.46,222.79,215.51,216.5,26728.0
2025-11-24 09:00:00,217.0,220.53,215.0,216.01,19286.0
2025-11-24 13:00:00,216.34,216.42,211.0,212.79,18225.0
2025-11-25 09:00:00,213.0,221.04,213.0,219.61,42637.0
2025-11-25 13:00:00,220.49,222.0,217.0,217.0,33936.0
2025-11-26 09:00:00,216.8,222.0,216.8,219.34,24995.0
2025-11-26 13:00:00,219.4,222.5,218.07,218.42,22807.0
2025-11-27 09:00:00,221.49,225.1,220.08,220.1,31846.0
2025-11-27 13:00:00,220.01,221.84,218.0,219.0,16402.0
2025-11-28 09:00:00,217.2,224.0,217.2,218.55,23059.0
2025-11-28 13:00:00,218.65,221.5,218.2,221.0,213239.0
2025-12-01 09:00:00,221.0,224.59,221.0,222.41,23962.0
2025-12-01 13:00:00,221.79,225.0,217.0,219.81,385515.0
2025-12-02 09:00:00,220.85,222.59,217.5,220.12,26312.0
2025-12-02 13:00:00,220.48,220.48,215.0,215.05,29076.0
2025-12-03 09:00:00,217.0,218.99,213.62,215.12,61516.0
2025-12-03 13:00:00,215.34,216.13,213.8,215.5,13016.0
2025-12-04 09:00:00,216.3,219.9,213.42,214.58,27939.0
2025-12-04 13:00:00,214.58,220.0,213.01,216.12,26081.0
2025-12-05 09:00:00,216.0,219.43,214.72,216.7,28786.0
2025-12-05 13:00:00,216.61,217.99,215.02,217.89,8336.0
2025-12-08 09:00:00,220.1,220.1,211.01,211.7,31575.0
2025-12-08 13:00:00,211.62,214.99,210.0,214.64,12962.0
2025-12-09 09:00:00,211.9,214.5,207.4,213.69,32460.0
2025-12-09 13:00:00,213.25,219.0,212.44,214.87,23331.0
2025-12-10 09:00:00,214.1,215.82,209.0,209.87,17974.0
2025-12-10 13:00:00,209.63,211.87,208.75,210.1,358185.0
2025-12-11 09:00:00,211.0,211.01,204.7,209.12,33183.0
2025-12-11 13:00:00,209.33,215.0,209.33,214.98,158919.0
2025-12-12 09:00:00,213.0,215.88,209.81,211.11,49648.0
2025-12-12 13:00:00,211.48,213.0,210.31,211.0,7430.0
2025-12-15 09:00:00,211.66,212.86,208.5,209.8,21705.0
2025-12-15 13:00:00,209.94,210.0,208.25,209.3,7278.0
2025-12-16 09:00:00,209.95,211.99,206.41,208.79,23756.0
2025-12-16 13:00:00,208.25,209.88,208.24,209.88,3756.0
2025-12-17 09:00:00,208.88,210.0,205.72,205.96,18443.0
2025-12-17 13:00:00,206.28,208.0,205.28,208.0,10285.0
2025-12-18 09:00:00,206.0,206.0,200.83,202.46,30362.0
2025-12-18 13:00:00,202.28,204.0,192.9,204.0,26205.0
2025-12-19 09:00:00,198.79,204.8,198.04,201.38,29918.0
2025-12-19 13:00:00,201.67,208.1,201.46,208.1,25060.0
2025-12-22 09:00:00,206.2,208.44,203.5,205.0,29519.0
2025-12-22 13:00:00,205.19,208.5,204.81,208.5,25870.0
2025-12-23 09:00:00,207.01,213.93,206.66,210.0,31854.0
2025-12-23 13:00:00,209.93,215.0,209.83,212.0,18853.0
2025-12-24 09:00:00,210.75,212.19,208.0,210.12,12831.0
2025-12-24 13:00:00,210.01,211.42,208.0,210.0,11443.0
2025-12-26 09:00:00,210.3,210.3,205.0,205.82,24126.0
2025-12-26 13:00:00,206.0,206.84,205.0,205.36,13674.0
2025-12-29 09:00:00,205.3,206.58,201.41,205.51,26303.0
2025-12-29 13:00:00,205.52,208.0,204.81,205.83,18867.0
2025-12-30 09:00:00,205.0,206.29,202.0,202.5,13953.0
2025-12-30 13:00:00,202.52,205.5,200.82,205.0,18851.0
2025-12-31 09:00:00,203.85,211.49,203.85,210.07,22053.0
2025-12-31 13:00:00,210.13,211.0,206.5,210.0,14243.0
2026-01-01 09:00:00,210.8,211.83,207.66,211.0,8845.0
2026-01-01 13:00:00,210.87,211.0,210.0,210.88,3931.0
2026-01-02 09:00:00,211.95,213.6,209.57,212.18,13465.0
2026-01-02 13:00:00,212.18,220.18,205.32,210.0,96447.0
2026-01-05 09:00:00,211.37,214.42,208.41,212.94,25577.0
2026-01-05 13:00:00,212.83,213.64,203.66,207.55,25678.0
2026-01-06 09:00:00,209.4,212.0,207.55,209.19,31517.0
2026-01-06 13:00:00,208.92,209.05,205.05,206.5,17647.0
2026-01-07 09:00:00,210.21,211.9,207.8,210.09,30296.0
2026-01-07 13:00:00,210.14,211.9,209.11,209.8,18323.0
2026-01-08 09:00:00,209.0,225.0,209.0,218.1,205423.0
2026-01-08 13:00:00,218.46,220.1,214.0,217.45,54755.0
2026-01-09 09:00:00,216.0,219.41,209.41,214.5,103576.0
2026-01-09 13:00:00,214.73,215.63,208.92,211.0,44720.0
2026-01-12 09:00:00,212.0,212.0,205.33,209.0,33285.0
2026-01-12 13:00:00,209.57,209.57,207.0,207.0,13565.0
2026-01-13 09:00:00,207.36,209.8,204.34,204.87,12376.0
2026-01-13 13:00:00,204.5,204.59,202.2,203.44,24409.0
2026-01-14 09:00:00,202.0,205.75,201.42,203.36,25251.0
2026-01-14 13:00:00,203.36,204.99,202.5,204.0,16179.0
2026-01-16 09:00:00,202.95,206.25,202.77,204.33,12479.0
2026-01-16 13:00:00,204.23,205.21,203.0,203.0,9729.0
2026-01-19 09:00:00,205.3,205.3,200.42,200.5,27271.0
2026-01-19 13:00:00,200.3,203.94,200.12,201.0,14594.0
2026-01-20 09:00:00,201.28,201.28,192.97,192.97,25448.0
2026-01-20 13:00:00,192.67,194.04,190.0,190.65,21847.0
2026-01-21 09:00:00,189.6,196.2,181.92,184.26,80269.0
2026-01-21 13:00:00,184.8,184.8,178.6,183.48,22569.0
2026-01-22 09:00:00,182.5,191.9,182.5,186.47,33797.0
2026-01-22 13:00:00,186.42,191.16,185.96,191.16,8766.0
2026-01-23 09:00:00,189.98,190.78,182.21,185.01,19324.0
2026-01-23 13:00:00,185.01,185.32,180.0,181.5,18556.0
2026-01-27 09:00:00,182.6,185.55,179.0,184.94,34027.0
2026-01-27 13:00:00,184.87,189.9,182.7,184.59,13526.0
2026-01-28 09:00:00,188.98,196.64,186.48,195.31,51877.0
2026-01-28 13:00:00,195.85,199.9,195.0,199.8,18036.0
2026-01-29 09:00:00,198.85,202.23,191.82,193.28,11728.0
2026-01-29 13:00:00,193.49,193.5,188.1,189.7,11633.0
2026-01-30 09:00:00,188.15,190.36,176.02,180.91,102904.0
2026-01-30 13:00:00,180.92,185.99,179.14,185.0,26029.0
2026-02-01 09:00:00,189.9,196.29,186.2,190.41,72638.0
2026-02-01 13:00:00,190.41,214.62,190.41,202.0,472374.0
2026-02-02 09:00:00,211.0,211.0,198.74,202.63,45309.0
2026-02-02 13:00:00,202.5,214.98,202.08,213.0,36771.0
2026-02-03 09:00:00,229.0,254.8,229.0,241.37,521307.0
2026-02-03 13:00:00,241.37,249.3,235.0,246.02,172407.0
2026-02-04 09:00:00,247.99,250.88,233.15,236.66,159390.0
2026-02-04 13:00:00,236.66,240.5,230.12,236.0,48369.0
2026-02-05 09:00:00,236.5,239.6,227.01,230.8,60442.0
2026-02-05 13:00:00,231.06,235.0,227.71,235.0,34738.0
2026-02-06 09:00:00,228.5,235.6,218.61,223.16,63350.0
2026-02-06 13:00:00,223.29,229.42,222.1,223.53,13525.0
2026-02-09 09:00:00,227.76,240.56,225.11,234.28,72174.0
2026-02-09 13:00:00,234.28,238.98,232.25,235.0,22760.0
2026-02-10 09:00:00,239.0,239.0,229.5,235.1,17051.0
2026-02-10 13:00:00,234.83,235.06,230.0,232.0,11749.0
2026-02-11 09:00:00,231.99,235.4,228.32,234.94,17096.0
2026-02-11 13:00:00,234.81,235.16,230.16,231.39,14069.0
2026-02-12 09:00:00,232.2,233.6,226.6,230.38,14792.0
2026-02-12 13:00:00,229.96,230.4,228.2,228.44,5480.0
2026-02-13 09:00:00,227.99,229.99,224.46,228.78,12913.0
2026-02-13 13:00:00,229.41,229.41,223.04,225.0,10256.0
2026-02-16 09:00:00,223.06,238.0,218.6,234.11,112252.0
2026-02-16 13:00:00,234.13,235.81,226.35,228.97,50888.0
2026-02-17 09:00:00,231.0,234.86,228.0,232.57,21122.0
2026-02-17 13:00:00,233.1,241.54,231.66,239.21,20449.0
2026-02-18 09:00:00,237.16,243.46,234.51,239.0,57357.0
2026-02-18 13:00:00,239.2,241.0,235.0,241.0,20338.0
2026-02-19 09:00:00,236.0,240.0,234.87,235.84,17347.0
2026-02-19 13:00:00,236.35,237.0,231.2,231.2,15283.0
2026-02-20 09:00:00,230.99,234.27,230.11,232.38,12590.0
2026-02-20 13:00:00,231.35,241.0,231.29,241.0,9078.0
2026-02-23 09:00:00,240.05,241.28,232.5,237.35,28174.0
2026-02-23 13:00:00,236.77,241.0,234.27,237.38,27156.0
2026-02-24 09:00:00,237.31,249.0,235.0,238.14,61003.0
2026-02-24 13:00:00,238.3,240.35,236.0,239.0,27244.0
2026-02-25 09:00:00,241.55,241.55,235.44,236.0,28823.0
2026-02-25 13:00:00,235.57,236.99,231.84,233.0,17392.0
2026-02-26 09:00:00,234.5,234.5,226.98,230.17,38094.0
2026-02-26 13:00:00,229.87,232.2,229.87,231.64,11371.0
2026-02-27 09:00:00,230.5,235.44,228.9,231.98,20311.0
2026-02-27 13:00:00,232.0,235.78,231.48,233.25,29117.0
2026-03-02 09:00:00,216.0,230.44,208.31,225.78,26690.0
2026-03-02 13:00:00,225.2,230.0,224.98,227.0,27414.0
2026-03-04 09:00:00,221.93,225.0,220.01,223.18,19374.0
2026-03-04 13:00:00,222.69,224.7,221.59,224.7,6873.0
2026-03-05 09:00:00,222.98,228.87,221.74,226.95,27797.0
2026-03-05 13:00:00,227.0,234.0,225.77,234.0,16502.0
2026-03-06 09:00:00,229.3,230.35,226.68,227.52,6570.0
2026-03-06 13:00:00,227.6,227.96,225.5,227.96,3210.0
2026-03-09 09:00:00,223.82,229.88,216.54,222.15,48558.0
2026-03-09 13:00:00,221.52,235.0,220.0,235.0,17102.0
2026-03-10 09:00:00,233.14,234.6,228.0,230.04,21435.0
2026-03-10 13:00:00,230.04,232.02,223.35,225.25,9138.0
2026-03-11 09:00:00,228.0,233.82,228.0,229.4,17789.0
2026-03-11 13:00:00,229.6,232.1,228.38,232.1,13036.0
2026-03-12 09:00:00,228.33,232.5,224.61,231.97,14663.0
2026-03-12 13:00:00,231.97,232.79,229.02,232.0,7535.0
2026-03-13 09:00:00,228.1,229.71,220.0,223.69,33976.0
2026-03-13 13:00:00,222.85,225.36,220.15,221.0,9522.0
2026-03-16 09:00:00,222.0,223.36,215.98,216.0,23616.0
2026-03-16 13:00:00,216.0,219.5,213.35,215.26,9474.0
2026-03-17 09:00:00,214.6,219.64,214.6,217.6,8071.0
2026-03-17 13:00:00,218.08,218.25,215.05,215.05,3270.0
2026-03-18 09:00:00,216.75,225.22,216.53,224.04,12615.0
2026-03-18 13:00:00,223.64,238.0,223.05,236.2,42602.0
2026-03-19 09:00:00,231.1,232.92,225.13,232.14,15639.0
2026-03-19 13:00:00,232.03,234.4,230.1,231.0,12123.0
2026-03-20 09:00:00,231.8,235.7,231.26,233.49,8198.0
2026-03-20 13:00:00,233.13,233.73,228.0,228.0,40219.0
2026-03-23 09:00:00,225.58,226.69,217.08,217.92,12402.0
2026-03-23 13:00:00,218.28,219.97,216.0,216.0,25620.0
2026-03-24 09:00:00,221.9,227.3,216.0,218.23,28988.0
2026-03-24 13:00:00,218.12,220.0,216.62,220.0,15980.0
2026-03-25 09:00:00,220.0,226.72,218.05,224.05,26056.0
2026-03-25 13:00:00,223.98,224.75,219.08,221.1,19204.0
2026-03-27 09:00:00,217.65,226.9,216.14,225.97,46124.0
2026-03-27 13:00:00,225.93,232.0,223.63,229.5,22162.0
2026-03-30 09:00:00,227.0,242.82,221.77,232.19,311955.0
2026-03-30 13:00:00,232.19,233.11,221.73,224.5,51098.0
2026-04-01 09:00:00,239.09,240.28,229.0,239.4,46203.0
2026-04-01 13:00:00,239.43,239.43,234.33,235.2,16825.0
2026-04-02 09:00:00,231.0,241.02,230.0,241.02,20135.0
2026-04-02 13:00:00,240.3,241.6,232.01,232.98,42608.0
2026-04-06 09:00:00,235.95,241.59,233.0,238.37,38796.0
2026-04-06 13:00:00,238.98,240.9,235.43,240.79,11237.0
2026-04-07 09:00:00,239.0,249.0,233.0,245.0,39491.0
2026-04-07 13:00:00,245.08,246.99,240.0,244.9,28248.0
2026-04-08 09:00:00,250.0,271.64,244.96,265.04,242261.0
2026-04-08 13:00:00,265.78,266.0,260.5,261.86,60148.0
2026-04-09 09:00:00,264.69,275.0,262.0,272.12,98883.0
2026-04-09 13:00:00,272.21,275.0,270.5,271.03,35094.0
2026-04-10 09:00:00,273.0,285.0,270.86,282.2,75616.0
2026-04-10 13:00:00,282.12,284.56,280.0,280.11,39253.0
2026-04-13 09:00:00,279.0,296.0,273.0,289.05,135980.0
2026-04-13 13:00:00,289.25,294.5,288.15,293.9,85489.0
2026-04-15 09:00:00,296.0,300.0,282.57,286.14,76413.0
2026-04-15 13:00:00,286.55,288.28,280.36,283.9,23514.0
2026-04-16 09:00:00,285.0,292.0,282.95,289.11,28750.0
2026-04-16 13:00:00,289.69,294.55,288.06,290.0,33718.0
2026-04-17 09:00:00,285.0,304.0,285.0,296.23,65641.0
2026-04-17 13:00:00,296.2,297.58,291.33,296.06,24553.0
2026-04-20 09:00:00,299.0,300.0,291.0,298.0,43052.0
2026-04-20 13:00:00,298.01,299.1,296.35,296.35,12931.0
2026-04-21 09:00:00,296.5,300.0,290.0,297.0,25745.0
2026-04-21 13:00:00,297.55,297.77,294.0,295.0,41660.0
2026-04-22 09:00:00,298.91,299.87,285.61,286.99,49620.0
2026-04-22 13:00:00,287.62,292.8,286.5,291.05,30874.0
2026-04-23 09:00:00,288.73,291.29,286.1,289.82,13104.0
2026-04-23 13:00:00,289.06,290.9,283.5,286.2,9465.0
2026-04-24 09:00:00,286.21,288.85,284.21,285.57,12667.0
2026-04-24 13:00:00,285.76,289.0,285.75,285.81,8260.0
2026-04-27 09:00:00,286.8,296.0,283.01,293.57,31245.0
2026-04-27 13:00:00,293.46,297.8,291.84,297.25,14995.0
2026-04-28 09:00:00,296.0,311.0,288.52,308.56,132658.0
2026-04-28 13:00:00,308.71,314.5,307.36,309.0,66386.0
2026-04-29 09:00:00,313.99,320.0,304.81,306.5,61354.0
2026-04-29 13:00:00,306.5,307.0,293.11,296.5,29465.0
2026-04-30 09:00:00,296.95,301.0,285.1,288.8,41480.0
2026-04-30 13:00:00,288.11,294.0,286.61,294.0,24766.0
2026-05-04 09:00:00,287.55,293.75,284.75,285.75,43462.0
2026-05-04 13:00:00,285.05,285.4,277.0,278.15,34720.0
2026-05-05 09:00:00,277.0,286.95,277.0,286.45,23834.0
2026-05-05 13:00:00,286.45,286.45,282.1,282.5,7462.0
2026-05-06 09:00:00,282.7,290.0,282.7,286.95,14663.0
2026-05-06 13:00:00,285.85,290.1,285.0,289.0,13192.0
2026-05-07 09:00:00,292.0,300.95,291.0,295.0,38735.0
2026-05-07 13:00:00,294.8,297.0,292.6,292.95,16414.0
2026-05-08 09:00:00,294.9,295.9,287.0,289.25,20375.0
2026-05-08 13:00:00,288.5,289.55,286.5,287.25,10001.0
2026-05-11 09:00:00,289.0,289.0,282.2,283.9,18655.0
2026-05-11 13:00:00,284.4,285.0,271.95,281.0,41139.0
2026-05-12 09:00:00,279.9,290.0,270.55,275.55,32676.0
2026-05-12 13:00:00,276.05,280.8,272.15,280.7,26369.0
2026-05-13 09:00:00,278.45,296.7,278.45,290.4,63145.0
2026-05-13 13:00:00,289.2,301.2,288.6,300.0,59214.0
2026-05-14 09:00:00,300.0,301.95,287.1,288.3,16016.0
2026-05-14 13:00:00,289.15,289.55,284.2,285.1,18085.0
2026-05-15 09:00:00,286.5,286.5,280.55,281.1,14761.0
2026-05-15 13:00:00,281.7,285.0,280.55,281.0,14169.0
2026-05-18 09:00:00,280.5,280.95,273.1,277.0,14973.0
2026-05-18 13:00:00,276.9,279.0,273.7,275.8,14485.0
2026-05-19 09:00:00,273.05,288.35,273.05,283.7,19181.0
2026-05-19 13:00:00,283.9,286.3,272.35,276.0,17980.0
2026-05-20 09:00:00,275.95,282.2,273.0,280.1,13757.0
2026-05-20 13:00:00,280.7,285.9,280.0,285.4,7547.0
2026-05-21 09:00:00,290.0,300.0,288.1,292.25,42718.0
2026-05-21 13:00:00,292.0,295.95,291.8,292.0,8619.0
2026-05-22 09:00:00,293.35,296.45,276.5,289.65,50885.0
2026-05-22 13:00:00,290.15,292.6,282.35,284.0,14906.0
2026-05-25 09:00:00,289.4,294.9,285.0,286.4,22586.0
2026-05-25 13:00:00,286.4,287.6,285.2,285.9,6379.0
2026-05-26 09:00:00,286.25,299.0,286.25,292.45,52588.0
2026-05-26 13:00:00,293.1,295.45,290.0,290.55,10099.0
2026-05-27 09:00:00,291.75,302.0,287.0,287.95,21959.0
2026-05-27 13:00:00,288.3,291.0,285.65,291.0,13157.0
2026-05-29 09:00:00,285.0,289.1,279.0,283.05,58283.0
2026-05-29 13:00:00,283.6,285.15,280.6,283.0,17203.0
2026-06-01 09:00:00,271.0,287.3,259.25,259.45,117968.0
2026-06-01 13:00:00,259.95,272.95,257.8,266.1,71955.0
2026-06-02 09:00:00,266.0,274.5,258.55,271.45,158773.0
2026-06-02 13:00:00,271.45,278.0,270.0,274.55,33003.0
2026-06-03 09:00:00,271.0,280.4,270.15,279.8,34336.0
2026-06-03 13:00:00,278.65,285.0,275.05,275.1,24100.0
2026-06-04 09:00:00,275.6,295.05,275.6,285.05,68976.0
2026-06-04 13:00:00,284.55,289.2,283.65,283.65,16288.0
2026-06-05 09:00:00,288.3,288.8,277.1,285.0,32216.0
2026-06-05 13:00:00,285.1,290.0,285.0,290.0,14825.0
2026-06-08 09:00:00,286.95,290.0,280.9,289.0,25213.0
2026-06-08 13:00:00,289.8,290.0,282.0,285.25,33802.0
2026-06-09 09:00:00,285.05,289.75,284.05,287.15,14282.0
2026-06-09 13:00:00,286.65,289.95,286.55,289.0,7014.0
2026-06-10 09:00:00,286.45,293.0,283.6,287.25,36418.0
2026-06-10 13:00:00,287.35,288.1,283.2,285.35,9670.0
2026-06-11 09:00:00,285.0,290.0,273.05,282.65,24421.0
2026-06-11 13:00:00,282.8,286.0,279.0,284.9,12210.0
2026-06-12 09:00:00,282.15,290.0,282.15,286.05,11313.0
2026-06-12 13:00:00,286.2,287.0,282.15,286.75,11220.0
2026-06-15 09:00:00,294.0,309.0,294.0,297.05,177103.0
2026-06-15 13:00:00,297.45,297.9,286.65,291.5,44453.0
2026-06-16 09:00:00,289.0,294.3,287.15,289.55,25931.0
2026-06-16 13:00:00,289.3,291.6,286.15,286.9,9068.0
2026-06-17 09:00:00,287.25,300.0,287.25,295.15,44471.0
2026-06-17 13:00:00,295.35,297.6,293.85,296.5,11302.0
2026-06-18 09:00:00,295.75,301.0,290.0,292.3,27213.0
2026-06-18 13:00:00,292.75,294.0,288.0,294.0,67433.0
2026-06-19 09:00:00,295.3,296.45,290.95,291.65,22389.0
2026-06-19 13:00:00,291.7,294.0,291.65,294.0,6996.0
2026-06-22 09:00:00,290.9,304.75,286.65,300.0,55114.0
2026-06-22 13:00:00,300.05,307.8,300.0,305.4,41670.0
2026-06-23 09:00:00,310.0,317.9,299.0,301.0,120674.0
2026-06-23 13:00:00,300.5,309.7,292.35,302.7,39198.0
2026-06-24 09:00:00,297.35,344.0,297.35,332.0,4274577.0
2026-06-24 13:00:00,331.95,335.65,296.3,305.0,2991970.0
2026-06-25 09:00:00,308.4,319.7,305.55,305.6,467390.0
2026-06-25 13:00:00,305.6,307.0,293.3,295.4,208874.0
2026-06-29 09:00:00,294.4,297.0,290.55,294.6,79850.0
2026-06-29 13:00:00,294.4,304.7,294.2,297.5,74108.0
2026-06-30 09:00:00,298.7,310.55,298.7,302.8,59132.0
2026-06-30 13:00:00,303.35,305.5,302.6,305.5,21243.0
2026-07-01 09:00:00,307.0,311.1,301.35,305.2,68196.0
2026-07-01 13:00:00,305.2,306.5,300.15,302.9,18281.0
2026-07-02 09:00:00,303.95,305.5,300.0,301.75,32679.0
2026-07-02 13:00:00,301.55,301.75,296.0,300.0,39770.0
2026-07-03 09:00:00,304.45,311.75,301.15,308.8,54323.0
2026-07-03 13:00:00,309.35,311.0,307.2,310.8,24200.0
2026-07-06 09:00:00,314.4,329.35,311.0,319.2,273000.0
2026-07-06 13:00:00,319.4,325.05,316.5,317.25,117390.0
2026-07-07 09:00:00,320.0,320.3,304.6,313.1,80279.0
2026-07-07 13:00:00,313.1,314.0,310.0,310.0,23914.0
2026-07-08 09:00:00,311.85,313.5,307.35,310.2,30014.0
2026-07-08 13:00:00,310.5,311.25,302.05,305.9,41495.0
2026-07-09 09:00:00,306.0,312.0,306.0,308.25,15039.0
2026-07-09 13:00:00,308.3,308.95,302.85,307.75,37270.0
2026-07-10 09:00:00,307.4,313.25,307.4,310.95,59741.0
2026-07-10 13:00:00,310.95,314.15,310.4,312.45,19678.0
2026-07-13 09:00:00,314.25,320.35,310.0,311.0,102850.0
2026-07-13 13:00:00,311.15,312.2,308.0,308.35,23635.0
2026-07-14 09:00:00,309.35,317.0,295.05,302.65,121776.0
2026-07-14 13:00:00,302.6,303.0,298.95,299.0,17251.0
2026-07-15 09:00:00,299.0,307.15,299.0,302.45,22250.0
2026-07-15 13:00:00,302.45,308.0,298.7,308.0,44366.0
2026-07-16 09:00:00,306.9,313.0,303.3,304.25,11963.0
2026-07-16 13:00:00,304.95,306.0,300.6,301.0,10998.0
2026-07-17 09:00:00,303.2,308.55,296.15,299.4,30848.0
2026-07-17 13:00:00,299.0,303.0,298.35,303.0,9260.0
2026-07-20 09:00:00,305.45,307.95,298.5,299.9,26861.0
2026-07-20 13:00:00,299.8,306.55,298.5,305.0,25891.0
2026-07-21 09:00:00,306.65,312.0,305.1,308.1,50775.0
2026-07-21 13:00:00,308.1,308.85,305.85,306.05,9842.0
2026-07-22 09:00:00,306.9,311.0,302.8,303.8,28879.0
2026-07-22 13:00:00,304.45,309.0,303.5,308.7,7466.0
2026-07-23 09:00:00,305.2,314.0,302.55,309.8,65303.0
2026-07-23 13:00:00,309.55,311.9,308.0,310.5,16754.0
2026-07-24 09:00:00,310.9,310.9,304.0,307.95,12850.0
2026-07-24 13:00:00,308.2,308.7,305.0,305.1,6613.0
2026-07-27 09:00:00,312.5,318.0,306.05,311.0,40951.0
2026-07-27 13:00:00,311.55,312.0,310.5,311.8,7033.0
2026-07-28 09:00:00,310.0,312.45,298.8,300.9,30696.0
2026-07-28 13:00:00,300.5,302.1,300.0,300.0,16927.0
2026-07-29 09:00:00,305.0,306.75,300.3,304.05,22040.0
2026-07-29 13:00:00,303.35,307.0,303.05,305.45,10206.0
2026-07-30 09:00:00,307.9,319.65,299.8,314.0,148925.0
2026-07-30 13:00:00,314.0,320.0,310.0,320.0,71635.0
2026-07-31 09:00:00,324.4,334.2,316.0,317.0,126070.0
2026-07-31 13:00:00,316.65,316.95,306.15,315.0,37563.0
