Date,Open,High,Low,Close,Volume
2015-01-01,100.0,100.0,100.0,100.0,5210.0
2015-01-02,100.35,105.69,99.61,100.54,8586.0
2015-01-05,101.15,102.68,99.06,102.4,2239.0
2015-01-06,103.11,103.11,99.24,100.6,4243.0
2015-01-07,99.39,102.95,99.39,101.34,3192.0
2015-01-08,102.85,104.08,101.11,103.05,5910.0
2015-01-09,103.81,105.77,103.33,105.4,2888.0
2015-01-12,105.39,112.73,104.23,109.0,13006.0
2015-01-13,110.41,111.0,108.72,109.45,3789.0
2015-01-14,110.19,121.23,109.01,114.4,30750.0
2015-01-15,115.82,116.05,113.12,113.82,7761.0
2015-01-16,114.04,115.66,113.62,114.49,2929.0
2015-01-19,114.99,116.99,113.74,115.43,4996.0
2015-01-20,115.51,118.13,114.27,117.33,6239.0
2015-01-21,117.36,119.65,114.97,116.05,6744.0
2015-01-22,116.2,117.34,113.71,114.33,3751.0
2015-01-23,114.55,117.59,112.88,114.16,6362.0
2015-01-27,114.24,116.97,112.49,113.06,8175.0
2015-01-28,113.13,113.13,111.24,112.36,4179.0
2015-01-29,112.36,114.74,107.25,107.72,8764.0
2015-01-30,108.09,109.02,103.64,105.66,8028.0
2015-02-02,108.02,108.02,104.26,104.61,5498.0
2015-02-03,104.26,107.66,104.26,107.16,8402.0
2015-02-04,106.78,107.24,105.85,106.77,1866.0
2015-02-05,107.7,107.7,105.85,106.18,3949.0
2015-02-06,106.07,106.08,101.14,102.99,7118.0
2015-02-09,101.99,106.54,101.91,104.69,7601.0
2015-02-10,105.23,105.23,103.81,104.88,3172.0
2015-02-11,104.54,105.0,104.26,104.92,4041.0
2015-02-12,105.2,105.2,104.24,104.84,4701.0
2015-02-13,105.85,107.7,104.24,105.0,20353.0
2015-02-16,105.35,106.37,104.42,104.96,4260.0
2015-02-18,105.0,107.93,104.53,106.82,21230.0
2015-02-19,107.45,110.86,107.45,109.54,15091.0
2015-02-20,110.13,110.31,107.1,108.02,3952.0
2015-02-23,107.85,108.56,106.23,106.79,2327.0
2015-02-24,105.98,106.64,104.43,105.25,6505.0
2015-02-25,107.92,107.92,105.31,106.99,3265.0
2015-02-26,106.62,109.32,106.37,108.36,7577.0
2015-02-27,109.63,110.78,107.62,109.88,3176.0
2015-03-02,110.25,110.32,109.04,109.74,2664.0
2015-03-03,109.79,113.48,109.71,112.36,7786.0
2015-03-04,112.72,112.92,109.15,110.23,2695.0
2015-03-05,110.24,110.83,108.11,109.16,3658.0
2015-03-09,109.17,109.26,107.16,108.57,4183.0
2015-03-10,110.39,112.92,107.77,110.75,5480.0
2015-03-11,109.51,114.95,108.47,113.82,6037.0
2015-03-12,114.71,115.48,111.2,114.25,27536.0
2015-03-13,114.63,116.64,110.7,114.56,3462.0
2015-03-16,114.25,115.79,111.95,114.3,4714.0
2015-03-17,114.87,114.87,112.48,114.31,4524.0
2015-03-18,114.25,114.93,113.48,114.25,8997.0
2015-03-19,114.4,115.68,111.79,112.83,1736.0
2015-03-20,114.02,114.02,111.24,111.74,8854.0
2015-03-23,112.16,120.32,107.56,116.66,8616.0
2015-03-24,118.73,118.88,113.09,113.95,6985.0
2015-03-25,114.22,114.22,109.96,110.75,5496.0
2015-03-26,110.23,111.16,108.08,108.31,2489.0
2015-03-27,109.59,109.61,108.1,108.56,8481.0
2015-03-30,108.53,112.7,108.48,110.36,10608.0
2015-03-31,111.92,113.92,111.92,112.69,18274.0
2015-04-01,112.66,112.93,111.16,112.48,2036.0
2015-04-06,113.47,113.63,111.38,111.86,1218.0
2015-04-07,113.78,113.78,111.16,111.43,1852.0
2015-04-08,112.46,112.69,110.4,110.96,2358.0
2015-04-09,112.23,112.23,109.66,110.91,3425.0
2015-04-10,112.2,112.2,109.66,110.15,3428.0
2015-04-13,111.06,111.06,105.36,106.58,11881.0
2015-04-15,108.76,109.15,102.91,103.39,7200.0
2015-04-16,104.09,106.52,98.49,99.86,14576.0
2015-04-17,100.96,100.96,95.03,95.76,7306.0
2015-04-20,95.76,96.49,92.78,94.75,6522.0
2015-04-21,94.94,94.94,91.17,92.17,13049.0
2015-04-22,93.24,94.94,89.27,90.22,20515.0
2015-04-23,91.7,95.26,90.47,93.38,20170.0
2015-04-24,93.65,94.56,91.31,93.32,3139.0
2015-04-27,94.35,94.36,88.0,89.06,3205.0
2015-04-28,90.09,91.48,88.93,89.65,6572.0
2015-04-29,91.78,91.78,86.15,86.56,16441.0
2015-04-30,87.23,89.54,86.47,88.88,8578.0
2015-05-04,89.7,92.29,89.31,90.86,17462.0
2015-05-05,91.62,92.24,89.93,90.27,5552.0
2015-05-06,89.23,91.64,88.0,90.5,29097.0
2015-05-07,91.09,91.09,85.07,85.58,4254.0
2015-05-08,89.54,91.09,87.26,89.37,21405.0
2015-05-11,90.31,101.74,89.54,97.45,52150.0
2015-05-12,98.61,99.57,95.03,97.64,6546.0
2015-05-13,97.8,101.89,97.8,98.72,11118.0
2015-05-14,100.35,104.67,99.12,103.9,12709.0
2015-05-15,104.36,107.71,104.05,106.57,8236.0
2015-05-18,106.99,108.42,103.43,104.54,7553.0
2015-05-19,104.67,105.21,103.06,103.3,2938.0
2015-05-20,103.59,106.06,101.51,101.77,4593.0
2015-05-21,100.73,103.91,100.73,101.57,4373.0
2015-05-22,103.12,107.22,101.91,105.1,6774.0
2015-05-25,105.1,105.26,101.93,103.18,4388.0
2015-05-26,104.2,104.2,97.57,98.13,10908.0
2015-05-27,98.13,98.13,95.71,95.85,3332.0
2015-05-28,96.95,98.49,94.35,94.8,9272.0
2015-05-29,95.88,100.19,94.51,97.77,58845.0
2015-06-01,97.57,98.68,94.16,94.78,5535.0
2015-06-02,94.82,95.36,93.42,94.0,11346.0
2015-06-03,93.43,94.87,91.08,91.54,5069.0
2015-06-04,91.85,91.85,90.35,91.04,4067.0
2015-06-05,90.95,93.85,90.15,91.04,4682.0
2015-06-08,91.03,93.24,89.87,92.53,7590.0
2015-06-09,92.32,93.92,91.85,93.65,4284.0
2015-06-10,93.55,95.48,92.1,94.05,5993.0
2015-06-11,95.39,95.56,92.86,93.67,5561.0
2015-06-12,92.8,94.14,92.07,93.18,1561.0
2015-06-15,92.66,93.99,90.8,91.36,3643.0
2015-06-16,91.39,91.54,89.19,89.99,2645.0
2015-06-17,91.09,91.84,88.15,88.65,9308.0
2015-06-18,89.53,104.99,88.39,90.78,15338.0
2015-06-19,91.09,94.31,91.09,92.41,39823.0
2015-06-22,92.48,96.01,92.21,93.78,26126.0
2015-06-23,94.38,94.88,92.93,93.76,5914.0
2015-06-24,94.17,94.17,90.54,92.11,5087.0
2015-06-25,93.4,94.94,91.85,94.01,10874.0
2015-06-26,92.8,94.51,92.8,94.18,10238.0
2015-06-29,94.01,94.93,89.94,93.5,15043.0
2015-06-30,93.5,97.23,92.83,95.53,6918.0
2015-07-01,95.72,98.13,95.72,97.74,5899.0
2015-07-02,97.4,100.04,97.4,99.17,6166.0
2015-07-03,99.27,100.2,96.9,97.13,2192.0
2015-07-06,96.49,98.64,95.25,96.74,2101.0
2015-07-07,97.03,97.5,95.12,95.49,2700.0
2015-07-08,95.55,96.65,94.25,95.96,27246.0
2015-07-09,96.74,96.74,94.35,94.77,1776.0
2015-07-10,96.0,96.0,94.33,95.0,1232.0
2015-07-13,96.07,96.76,94.78,96.17,1857.0
2015-07-14,96.41,97.61,95.52,96.77,7223.0
2015-07-15,97.82,98.19,96.9,97.16,23086.0
2015-07-16,98.19,98.19,96.8,96.92,1089.0
2015-07-17,95.95,97.87,95.33,95.91,1895.0
2015-07-20,96.21,99.58,96.21,99.53,4818.0
2015-07-21,99.53,100.21,98.81,99.61,2569.0
2015-07-22,99.6,101.82,98.58,101.07,4303.0
2015-07-23,101.83,103.1,100.52,100.97,3237.0
2015-07-24,100.1,101.75,99.35,100.52,5826.0
2015-07-27,101.04,101.04,97.8,99.94,3723.0
2015-07-28,99.13,101.28,98.65,100.32,4060.0
2015-07-29,100.65,102.04,100.12,101.33,2268.0
2015-07-30,103.29,109.33,103.29,106.52,24972.0
2015-07-31,106.55,108.39,106.24,107.51,16265.0
2015-08-03,107.93,107.93,105.7,107.16,12680.0
2015-08-04,106.04,113.29,106.04,110.41,28754.0
2015-08-05,105.79,115.84,105.79,115.12,14140.0
2015-08-06,115.75,118.97,111.97,113.17,7050.0
2015-08-07,113.16,114.43,110.98,111.35,2100.0
2015-08-10,112.27,112.58,109.67,110.62,1976.0
2015-08-11,110.73,113.36,109.19,110.03,3490.0
2015-08-12,110.54,110.57,108.48,108.75,1479.0
2015-08-13,110.73,111.35,106.86,109.83,2950.0
2015-08-14,108.63,112.27,108.57,111.19,2672.0
2015-08-17,110.07,111.54,110.07,111.24,2602.0
2015-08-18,111.27,112.78,108.4,111.26,4236.0
2015-08-19,113.03,115.44,111.11,114.31,4200.0
2015-08-20,112.34,115.04,112.34,113.38,2507.0
2015-08-21,113.2,113.2,110.72,111.21,3761.0
2015-08-24,110.95,110.95,96.78,103.15,4026.0
2015-08-25,102.36,107.86,94.69,101.47,7886.0
2015-08-26,102.2,103.39,100.66,101.66,2100.0
2015-08-27,103.75,105.73,102.5,105.08,2355.0
2015-08-28,105.18,109.16,105.1,108.13,3727.0
2015-08-31,107.76,108.4,104.34,105.72,24895.0
2015-09-01,107.51,110.57,104.55,107.04,8012.0
2015-09-02,106.16,112.66,106.16,111.43,19916.0
2015-09-03,112.27,112.92,109.72,110.92,3459.0
2015-09-04,110.56,112.26,110.15,110.65,4757.0
2015-09-07,111.72,111.72,105.84,110.01,5691.0
2015-09-08,111.25,111.25,106.19,107.33,4707.0
2015-09-09,109.54,110.55,108.07,109.83,8450.0
2015-09-10,109.74,109.93,108.38,109.37,7913.0
2015-09-11,110.44,110.47,107.65,108.15,2794.0
2015-09-14,108.38,108.46,107.06,108.09,2590.0
2015-09-15,108.09,108.38,106.84,108.15,1760.0
2015-09-16,107.47,108.38,105.3,105.88,2491.0
2015-09-18,106.53,119.22,106.31,109.53,104264.0
2015-09-21,108.32,110.14,107.32,109.52,5315.0
2015-09-22,109.93,110.71,108.39,110.0,3121.0
2015-09-23,110.37,110.94,108.54,109.89,2704.0
2015-09-24,110.24,110.86,108.57,110.15,1644.0
2015-09-28,110.71,113.01,110.15,111.33,15372.0
2015-09-29,110.55,113.86,109.79,112.27,2186.0
2015-09-30,113.22,116.51,110.34,115.98,7531.0
2015-10-01,116.59,116.59,113.15,113.77,3146.0
2015-10-05,116.36,116.36,112.49,113.62,3176.0
2015-10-06,114.57,116.02,111.87,115.17,7199.0
2015-10-07,116.13,117.37,113.59,114.21,4503.0
2015-10-08,114.97,116.44,112.29,116.12,3287.0
2015-10-09,116.6,117.37,115.05,115.82,4513.0
2015-10-12,116.9,116.9,115.39,115.85,1491.0
2015-10-13,116.9,116.9,115.05,115.27,1254.0
2015-10-14,115.75,115.79,113.04,113.96,1421.0
2015-10-15,114.58,114.97,113.97,114.89,11831.0
2015-10-16,113.45,117.65,113.4,113.66,5337.0
2015-10-19,115.19,116.91,113.66,116.73,2191.0
2015-10-20,116.76,119.16,116.31,117.06,6796.0
2015-10-21,117.69,118.75,116.72,117.34,4093.0
2015-10-23,120.8,121.56,117.7,118.25,19116.0
2015-10-26,119.39,119.85,117.68,119.12,5203.0
2015-10-27,119.77,120.0,118.53,118.92,6832.0
2015-10-28,118.63,118.84,117.71,118.32,2981.0
2015-10-29,118.31,120.77,116.9,118.06,7439.0
2015-10-30,119.06,119.99,117.39,117.8,9402.0
2015-11-02,118.48,119.22,117.06,118.84,9252.0
2015-11-03,118.84,118.91,117.06,117.63,42320.0
2015-11-04,118.45,118.45,116.9,117.83,1623.0
2015-11-05,117.09,117.63,115.35,116.08,2521.0
2015-11-06,116.75,116.78,114.66,115.26,3744.0
2015-11-09,113.96,114.59,113.25,114.14,1637.0
2015-11-10,115.44,115.44,111.92,112.36,5101.0
2015-11-13,115.36,115.36,109.58,110.08,8135.0
2015-11-16,110.07,110.71,105.23,105.86,8360.0
2015-11-17,106.45,108.38,105.99,107.19,5241.0
2015-11-18,107.24,108.2,104.53,105.02,3008.0
2015-11-19,105.05,108.07,104.7,107.08,2844.0
2015-11-20,106.76,107.19,105.17,106.24,4517.0
2015-11-23,106.25,108.31,106.07,106.85,3050.0
2015-11-24,107.15,110.94,105.54,109.07,6834.0
2015-11-26,110.38,112.87,108.4,110.62,9474.0
2015-11-27,112.1,112.1,109.93,111.37,4370.0
2015-11-30,111.37,117.51,110.88,113.99,6366.0
2015-12-01,115.35,115.35,111.95,114.42,3490.0
2015-12-02,113.96,115.04,113.19,113.67,4681.0
2015-12-03,113.66,113.66,109.93,110.56,2313.0
2015-12-04,110.55,111.95,108.72,110.91,1310.0
2015-12-07,111.73,112.41,109.16,110.7,1378.0
2015-12-08,110.69,110.69,109.0,109.63,1002.0
2015-12-09,109.93,111.39,107.36,110.75,2901.0
2015-12-10,110.4,110.78,106.06,108.39,2555.0
2015-12-11,108.77,109.7,106.31,107.86,1777.0
2015-12-14,106.31,109.45,106.06,108.03,2267.0
2015-12-15,107.15,108.19,106.53,107.22,4822.0
2015-12-16,108.2,108.2,106.07,106.3,1411.0
2015-12-17,106.59,108.09,104.99,105.49,7647.0
2015-12-18,105.65,106.46,104.91,106.16,5553.0
2015-12-21,106.17,106.23,104.99,106.04,2399.0
2015-12-22,105.45,105.66,104.29,104.64,2982.0
2015-12-23,105.4,106.07,104.02,104.2,3644.0
2015-12-24,104.17,104.77,102.63,103.92,4490.0
2015-12-28,104.22,105.07,103.94,104.8,3230.0
2015-12-29,104.8,105.53,104.23,104.98,2804.0
2015-12-30,104.29,104.52,102.3,103.53,6033.0
2015-12-31,105.13,105.14,103.59,105.02,4525.0
2016-01-01,105.01,105.77,103.9,104.85,760.0
2016-01-04,104.84,105.6,103.79,104.29,2461.0
2016-01-05,104.44,105.36,103.77,104.05,2787.0
2016-01-06,105.13,105.13,103.9,104.33,1615.0
2016-01-07,104.33,104.33,102.19,103.74,5142.0
2016-01-08,103.97,104.51,102.37,102.84,3441.0
2016-01-11,103.15,103.17,100.34,101.62,19942.0
2016-01-12,101.39,101.39,97.58,97.88,5700.0
2016-01-13,98.7,99.61,97.53,99.09,13121.0
2016-01-14,99.08,99.08,96.37,97.75,1850.0
2016-01-15,98.0,100.63,98.0,98.42,1215.0
2016-01-18,97.72,98.01,93.04,93.86,6188.0
2016-01-19,93.66,98.55,93.05,97.09,1456.0
2016-01-20,96.83,96.83,92.11,92.9,8476.0
2016-01-21,94.24,97.53,93.66,97.07,3596.0
2016-01-22,97.52,103.71,97.23,100.38,9289.0
2016-01-25,101.87,102.89,97.23,98.52,2859.0
2016-01-27,97.84,98.56,92.91,93.92,8341.0
2016-01-28,94.66,95.2,93.08,93.65,2844.0
2016-01-29,93.66,98.27,93.66,97.36,2312.0
2016-02-01,97.13,98.31,96.37,98.14,1363.0
2016-02-02,96.24,98.07,94.9,96.57,2949.0
2016-02-03,96.57,96.97,94.13,94.47,1268.0
2016-02-04,94.93,98.24,94.27,96.38,1921.0
2016-02-05,96.38,96.83,94.75,95.66,1778.0
2016-02-08,96.12,98.21,96.12,97.43,8003.0
2016-02-09,97.39,98.21,94.03,96.91,2402.0
2016-02-10,97.51,97.67,94.59,95.23,1858.0
2016-02-11,96.44,97.04,92.56,93.49,4675.0
2016-02-12,93.49,93.49,86.92,88.52,5222.0
2016-02-15,89.38,92.71,89.38,91.44,2813.0
2016-02-16,91.44,91.44,86.85,88.04,4208.0
2016-02-17,88.46,89.78,86.71,88.02,3542.0
2016-02-18,89.0,90.05,87.97,88.89,5064.0
2016-02-19,88.23,89.17,86.68,87.02,1757.0
2016-02-22,88.2,91.09,87.07,89.89,2933.0
2016-02-23,89.88,91.16,87.21,89.72,4738.0
2016-02-24,89.71,90.62,87.3,87.77,2119.0
2016-02-25,87.77,88.23,86.32,87.04,2264.0
2016-02-26,87.31,89.38,86.22,86.6,2066.0
2016-02-29,87.46,87.46,82.24,82.81,2967.0
2016-03-01,83.44,87.75,82.9,86.65,14420.0
2016-03-02,86.65,89.63,85.31,86.53,2562.0
2016-03-03,87.77,89.47,86.53,88.19,4367.0
2016-03-04,88.18,88.18,85.32,86.45,10813.0
2016-03-08,86.68,89.77,85.63,89.09,8368.0
2016-03-09,88.23,88.5,86.09,86.72,8374.0
2016-03-10,87.29,87.45,85.98,86.65,4549.0
2016-03-11,86.67,88.84,85.97,88.48,2016.0
2016-03-14,89.24,89.78,88.99,89.56,4518.0
2016-03-15,88.24,89.77,85.98,86.52,4790.0
2016-03-16,86.83,87.9,86.06,86.41,2587.0
2016-03-17,87.14,87.14,85.3,86.06,4260.0
2016-03-18,86.97,87.14,83.97,84.9,7584.0
2016-03-21,85.14,97.5,85.14,93.87,15248.0
2016-03-22,93.87,98.14,91.41,96.05,12688.0
2016-03-23,96.05,96.7,94.11,95.67,10781.0
2016-03-28,95.66,98.6,93.03,96.16,6647.0
2016-03-29,96.16,97.15,91.95,92.8,8303.0
2016-03-30,94.42,95.19,92.87,94.56,43007.0
2016-03-31,93.65,94.97,92.98,93.65,6230.0
2016-04-01,93.65,95.82,93.43,94.95,3033.0
2016-04-04,94.94,96.89,94.94,96.24,2110.0
2016-04-05,96.23,96.23,94.59,95.86,5037.0
2016-04-06,95.97,98.29,94.89,95.64,4871.0
2016-04-07,95.63,96.12,93.77,94.52,5290.0
2016-04-08,94.42,97.09,94.27,95.14,2336.0
2016-04-11,94.58,97.06,94.58,96.67,1353.0
2016-04-12,97.19,98.16,95.97,97.72,4304.0
2016-04-13,98.13,99.34,97.51,98.49,5738.0
2016-04-18,98.6,99.07,96.12,96.73,7389.0
2016-04-20,97.35,97.5,95.27,95.92,3751.0
2016-04-21,96.05,96.4,92.18,92.54,6059.0
2016-04-22,93.66,93.66,91.64,92.19,2811.0
2016-04-25,93.33,93.33,91.32,91.71,2436.0
2016-04-26,91.71,92.01,90.02,91.23,2228.0
2016-04-27,91.32,92.06,90.56,90.96,1888.0
2016-04-28,91.83,91.93,88.22,88.67,6170.0
2016-04-29,89.59,90.07,87.55,87.84,11222.0
2016-05-02,88.22,88.22,86.51,86.66,5230.0
2016-05-03,86.83,87.83,85.98,86.58,4438.0
2016-05-04,87.29,87.29,85.0,85.33,4028.0
2016-05-05,85.77,85.77,84.04,84.47,3072.0
2016-05-06,85.79,85.79,83.51,83.66,3210.0
2016-05-09,83.99,84.97,81.72,82.24,13695.0
2016-05-10,82.46,84.78,82.02,82.52,7171.0
2016-05-11,82.33,84.59,81.79,83.81,5614.0
2016-05-12,84.63,84.63,83.95,84.27,3517.0
2016-05-13,84.33,84.86,83.17,83.55,29034.0
2016-05-16,83.79,84.58,83.09,83.66,27651.0
2016-05-17,84.48,84.48,83.1,83.91,3008.0
2016-05-18,84.01,84.37,83.58,84.12,1748.0
2016-05-19,84.32,86.3,83.75,84.34,7250.0
2016-05-20,84.63,85.85,83.16,83.87,9783.0
2016-05-23,84.01,84.72,82.69,83.11,14127.0
2016-05-24,83.33,84.24,81.37,81.72,5037.0
2016-05-25,81.78,83.86,81.78,82.01,3198.0
2016-05-26,82.73,83.92,82.55,83.5,2994.0
2016-05-27,83.84,85.68,83.53,84.97,4190.0
2016-05-30,85.67,86.21,83.92,84.56,4409.0
2016-05-31,85.08,85.74,83.92,84.12,14731.0
2016-06-01,84.84,88.93,83.69,87.73,8914.0
2016-06-02,86.64,91.19,86.25,89.9,9214.0
2016-06-03,89.9,91.34,89.53,90.99,4411.0
2016-06-06,91.7,92.13,90.67,91.19,2710.0
2016-06-07,92.12,93.28,91.26,92.93,4372.0
2016-06-08,92.82,95.44,92.81,94.19,6784.0
2016-06-09,94.78,95.13,91.11,91.38,8656.0
2016-06-10,92.5,95.13,91.73,93.57,13362.0
2016-06-13,93.41,93.41,89.88,90.47,7154.0
2016-06-14,91.6,91.9,90.57,90.93,3531.0
2016-06-15,91.8,91.81,90.1,90.21,1588.0
2016-06-16,91.26,91.38,89.25,90.8,4233.0
2016-06-17,91.26,91.73,89.73,90.45,2055.0
2016-06-20,89.74,91.57,89.72,90.9,2184.0
2016-06-21,91.27,91.27,90.26,90.69,2104.0
2016-06-22,91.99,91.99,90.04,90.87,1480.0
2016-06-23,91.95,91.95,89.8,90.1,1942.0
2016-06-24,89.26,89.88,85.86,89.01,5362.0
2016-06-27,90.32,90.42,88.64,89.81,3192.0
2016-06-28,89.89,89.89,88.72,89.25,3502.0
2016-06-29,89.42,91.24,89.42,90.93,3216.0
2016-06-30,91.32,92.8,90.92,92.22,4186.0
2016-07-01,92.23,94.03,91.57,91.95,8194.0
2016-07-04,92.7,93.89,91.96,92.66,2577.0
2016-07-05,92.81,94.2,92.2,93.61,2538.0
2016-07-07,94.33,94.33,92.26,92.84,11999.0
2016-07-08,93.26,93.26,92.1,92.17,1629.0
2016-07-11,93.11,93.88,92.57,92.92,5077.0
2016-07-12,92.91,93.25,92.18,92.64,1323.0
2016-07-13,92.63,93.87,92.17,93.33,28204.0
2016-07-14,92.88,94.59,92.88,93.98,3758.0
2016-07-15,93.57,94.43,92.87,93.32,1903.0
2016-07-18,93.57,94.2,92.63,93.22,3641.0
2016-07-19,93.68,93.93,91.75,93.07,4448.0
2016-07-20,93.26,93.86,92.79,93.67,2821.0
2016-07-21,93.27,93.84,92.49,92.9,1606.0
2016-07-22,92.9,92.97,91.9,92.2,1547.0
2016-07-25,93.53,93.56,92.09,93.25,1730.0
2016-07-26,93.25,93.25,91.7,92.09,1739.0
2016-07-27,92.1,93.33,91.54,92.34,5163.0
2016-07-28,92.33,93.25,91.26,92.24,9716.0
2016-07-29,92.16,92.16,89.05,90.85,81328.0
2016-08-01,90.76,92.16,89.31,89.66,7309.0
2016-08-02,89.75,90.14,88.2,88.71,4652.0
2016-08-03,89.75,89.75,88.29,88.74,4134.0
2016-08-04,89.76,90.14,88.76,89.2,3588.0
2016-08-05,89.91,89.91,88.05,88.43,1869.0
2016-08-08,88.57,90.13,87.81,89.44,3244.0
2016-08-09,89.43,89.52,87.43,87.78,2316.0
2016-08-10,88.73,88.73,87.34,87.72,989.0
2016-08-11,87.72,87.81,85.03,85.49,4596.0
2016-08-12,87.03,87.03,84.82,85.31,3237.0
2016-08-16,86.1,86.34,84.35,84.78,7630.0
2016-08-17,84.78,85.01,83.93,84.74,3283.0
2016-08-18,85.32,86.64,85.32,86.16,1649.0
2016-08-19,86.15,86.18,85.09,85.37,6035.0
2016-08-22,85.79,85.98,84.55,84.88,2196.0
2016-08-23,85.58,85.58,83.93,84.53,1546.0
2016-08-24,84.86,85.0,81.83,82.26,13377.0
2016-08-25,83.14,83.82,82.07,82.79,4608.0
2016-08-26,83.23,83.23,79.21,79.69,19576.0
2016-08-29,81.52,81.52,75.97,79.01,107922.0
2016-08-30,80.05,81.22,78.88,80.94,20318.0
2016-08-31,81.09,85.18,81.09,84.61,11982.0
2016-09-01,84.71,87.27,83.15,86.88,8866.0
2016-09-02,87.04,87.25,84.06,85.99,2536.0
2016-09-06,85.99,86.92,85.17,86.2,6190.0
2016-09-07,86.21,88.44,84.98,87.25,11223.0
2016-09-08,87.24,87.66,86.34,87.29,1927.0
2016-09-09,87.28,88.91,86.41,88.38,12321.0
2016-09-12,87.04,87.6,84.4,85.02,3177.0
2016-09-14,85.86,86.26,83.53,83.85,8758.0
2016-09-15,83.84,85.49,83.84,84.64,3745.0
2016-09-16,84.71,86.73,84.63,86.2,6588.0
2016-09-19,86.9,87.27,84.87,85.65,18467.0
2016-09-20,86.15,86.15,84.74,85.47,4952.0
2016-09-21,86.18,86.27,85.01,85.89,14393.0
2016-09-22,86.31,86.66,85.47,85.97,1674.0
2016-09-23,86.12,86.12,83.55,83.79,33031.0
2016-09-26,83.79,84.3,82.39,82.8,19989.0
2016-09-27,83.95,83.95,82.56,83.09,5506.0
2016-09-28,83.25,85.97,83.25,85.58,3228.0
2016-09-29,86.44,86.44,83.95,84.99,7354.0
2016-09-30,85.5,86.26,82.39,85.22,2599.0
2016-10-03,86.04,86.27,85.36,85.88,7813.0
2016-10-04,86.56,86.65,85.14,86.39,1636.0
2016-10-05,86.37,87.36,84.89,85.1,3122.0
2016-10-06,85.19,86.1,84.72,85.84,1957.0
2016-10-07,85.83,85.83,84.72,85.31,1139.0
2016-10-10,86.04,87.05,85.86,86.48,3388.0
2016-10-13,85.51,85.51,82.7,82.9,13097.0
2016-10-14,82.93,83.27,81.61,81.77,11947.0
2016-10-17,83.06,83.06,80.37,80.8,27653.0
2016-10-18,80.8,81.31,80.53,80.77,9723.0
2016-10-19,81.31,81.31,79.23,79.82,6695.0
2016-10-20,80.61,80.61,79.12,79.39,6456.0
2016-10-21,79.4,79.57,78.27,78.52,6977.0
2016-10-24,79.27,79.57,78.17,78.45,5932.0
2016-10-25,79.28,80.06,78.21,78.62,2956.0
2016-10-26,78.66,79.75,78.61,79.17,3769.0
2016-10-27,79.59,80.52,78.55,78.97,6231.0
2016-10-28,79.35,79.35,78.5,79.01,5601.0
2016-11-01,80.03,80.44,78.96,79.24,21587.0
2016-11-02,79.12,79.82,78.5,79.45,6359.0
2016-11-03,79.45,80.05,79.3,79.71,4361.0
2016-11-04,78.67,80.44,78.53,79.24,3314.0
2016-11-07,80.06,80.06,78.9,79.19,3010.0
2016-11-08,79.05,79.44,78.82,79.12,4263.0
2016-11-09,77.71,78.95,73.84,78.56,4540.0
2016-11-10,80.06,80.06,78.52,79.57,3013.0
2016-11-11,78.54,79.81,77.0,77.65,3970.0
2016-11-15,77.58,79.27,72.56,76.15,8828.0
2016-11-16,76.72,76.72,73.84,74.47,7895.0
2016-11-17,75.44,75.44,71.51,72.67,58219.0
2016-11-18,72.49,72.66,71.59,71.93,5005.0
2016-11-21,72.88,72.88,71.27,71.86,6843.0
2016-11-22,71.89,72.15,69.95,71.58,10628.0
2016-11-23,70.73,72.74,70.48,72.17,8449.0
2016-11-24,72.72,72.72,70.72,70.96,2795.0
2016-11-25,70.98,72.27,70.97,71.86,1597.0
2016-11-28,71.54,72.11,71.49,71.71,3042.0
2016-11-29,71.64,71.73,69.93,70.41,8602.0
2016-11-30,71.16,75.17,70.4,73.92,8997.0
2016-12-01,74.51,74.91,72.5,73.01,5277.0
2016-12-02,72.73,72.83,71.36,71.52,1972.0
2016-12-05,71.67,71.98,71.52,71.69,1710.0
2016-12-06,72.33,72.33,71.22,71.44,13793.0
2016-12-07,71.62,71.73,71.01,71.19,954.0
2016-12-08,71.99,71.99,71.16,71.46,2913.0
2016-12-09,71.49,71.96,70.92,71.32,1336.0
2016-12-12,71.49,71.49,70.86,70.91,2072.0
2016-12-13,71.07,71.09,70.52,70.73,1750.0
2016-12-14,71.06,71.06,68.61,69.26,5158.0
2016-12-15,69.26,70.55,69.08,70.07,2407.0
2016-12-16,71.1,71.1,68.69,69.05,4433.0
2016-12-19,70.09,70.09,68.38,68.77,1481.0
2016-12-20,68.85,68.85,67.45,67.71,5197.0
2016-12-21,68.21,68.69,67.55,67.77,2050.0
2016-12-22,68.35,68.35,67.29,67.7,1464.0
2016-12-23,68.37,68.37,65.51,66.53,4277.0
2016-12-26,67.61,67.61,65.82,66.23,7103.0
2016-12-27,65.68,66.45,64.81,64.99,7473.0
2016-12-28,65.56,66.38,65.28,66.02,10835.0
2016-12-29,65.13,67.95,65.13,67.41,7184.0
2016-12-30,67.41,68.7,67.35,68.17,3455.0
2017-01-02,68.17,69.8,67.05,69.45,9488.0
2017-01-03,70.45,70.45,69.17,69.63,4118.0
2017-01-04,69.44,70.34,69.09,69.56,2675.0
2017-01-05,70.11,70.11,68.9,69.07,3059.0
2017-01-06,69.02,69.72,68.1,69.06,2252.0
2017-01-09,69.96,69.96,68.4,68.73,52968.0
2017-01-10,68.45,69.57,68.44,69.46,2066.0
2017-01-11,69.6,70.35,69.57,69.94,3183.0
2017-01-12,70.58,70.74,69.84,70.13,3801.0
2017-01-13,70.21,70.21,68.87,69.0,1200.0
2017-01-16,68.87,69.88,68.46,68.91,1425.0
2017-01-17,69.55,69.78,68.57,69.22,1696.0
2017-01-18,69.32,69.71,69.01,69.47,1574.0
2017-01-19,69.39,70.03,68.93,69.01,11689.0
2017-01-20,69.29,70.73,69.29,70.37,3181.0
2017-01-23,70.73,71.51,69.39,71.28,2052.0
2017-01-24,71.4,71.59,70.73,71.42,5327.0
2017-01-25,71.21,71.88,70.34,71.1,3175.0
2017-01-27,71.1,71.1,69.49,69.65,6728.0
2017-01-30,70.26,70.26,67.85,68.2,5293.0
2017-01-31,68.86,68.86,67.44,67.69,2753.0
2017-02-01,67.77,68.39,67.46,67.62,2970.0
2017-02-02,67.64,68.16,66.31,67.46,4014.0
2017-02-03,67.48,68.0,67.02,67.17,4441.0
2017-02-06,67.76,67.77,66.9,67.03,7126.0
2017-02-07,67.66,68.0,66.45,66.69,20464.0
2017-02-08,66.06,67.49,65.37,66.43,18688.0
2017-02-09,66.45,67.17,66.07,66.58,6950.0
2017-02-10,66.24,66.83,65.37,65.97,8499.0
2017-02-13,65.76,65.91,64.93,65.18,6178.0
2017-02-14,65.84,65.84,64.98,65.2,5496.0
2017-02-15,65.4,65.4,64.7,64.95,4267.0
2017-02-16,65.04,65.23,64.68,64.94,2407.0
2017-02-17,64.94,66.47,64.87,65.54,43269.0
2017-02-20,65.31,66.85,65.31,66.59,6461.0
2017-02-21,66.85,67.32,66.62,67.1,27093.0
2017-02-22,66.47,67.29,66.46,66.69,18241.0
2017-02-23,66.7,67.02,65.63,66.49,4767.0
2017-02-27,66.83,67.24,66.51,66.69,8351.0
2017-02-28,66.54,67.47,66.41,66.63,17175.0
2017-03-01,66.69,67.0,66.45,66.68,15599.0
2017-03-02,67.46,67.46,66.07,66.72,17650.0
2017-03-03,66.5,66.85,66.38,66.7,2649.0
2017-03-06,66.6,67.19,66.17,66.46,6545.0
2017-03-07,66.85,68.57,66.54,68.05,7472.0
2017-03-08,68.03,69.16,67.48,68.77,7590.0
2017-03-09,69.17,69.94,68.31,69.55,6390.0
2017-03-10,69.95,74.26,69.56,72.86,36088.0
2017-03-14,73.96,76.09,73.21,75.61,12921.0
2017-03-15,75.78,82.38,74.1,79.32,31788.0
2017-03-16,80.6,82.04,78.33,78.96,18144.0
2017-03-17,78.73,80.33,76.17,78.47,15118.0
2017-03-20,78.47,80.02,77.48,78.98,18598.0
2017-03-21,78.51,79.39,78.51,79.07,9306.0
2017-03-22,78.55,81.52,77.51,80.07,17725.0
2017-03-23,79.44,81.29,78.73,79.48,6648.0
2017-03-24,79.91,80.43,77.92,79.05,33814.0
2017-03-27,78.32,79.4,78.06,79.11,7064.0
2017-03-28,79.25,79.53,77.87,78.23,4404.0
2017-03-29,78.49,79.65,77.09,77.76,14149.0
2017-03-30,78.0,81.12,77.86,80.49,17638.0
2017-03-31,81.05,81.51,79.66,80.87,5339.0
2017-04-03,81.2,82.21,80.5,81.73,3465.0
2017-04-05,81.01,81.59,80.63,81.23,5727.0
2017-04-06,81.59,81.89,79.76,80.16,5025.0
2017-04-07,80.65,81.43,78.79,79.27,7450.0
2017-04-10,79.1,79.2,78.17,78.59,25902.0
2017-04-11,78.42,80.03,77.7,79.58,5623.0
2017-04-12,79.6,79.64,78.17,78.51,7157.0
2017-04-13,78.95,78.95,77.55,77.84,4488.0
2017-04-17,78.25,78.25,75.84,76.27,5538.0
2017-04-18,76.0,77.09,75.47,76.01,6194.0
2017-04-19,76.62,76.62,75.53,75.96,4243.0
2017-04-20,75.61,76.53,74.98,75.62,1896.0
2017-04-21,75.62,76.24,75.06,75.55,1683.0
2017-04-24,75.69,76.65,75.44,75.71,1693.0
2017-04-25,75.81,76.46,75.71,76.18,3326.0
2017-04-26,76.92,76.92,75.25,75.81,2413.0
2017-04-27,75.38,76.9,75.23,76.55,5929.0
2017-04-28,76.56,76.7,75.11,75.82,7966.0
2017-05-02,75.69,76.54,73.88,75.08,5915.0
2017-05-03,74.84,74.99,72.29,73.52,5099.0
2017-05-04,73.51,75.07,73.51,74.69,2984.0
2017-05-05,75.35,75.35,73.6,74.68,4762.0
2017-05-08,73.52,73.83,72.66,72.85,3966.0
2017-05-09,72.43,74.0,71.5,71.67,3876.0
2017-05-10,71.73,73.03,71.73,72.77,4349.0
2017-05-11,72.58,73.05,70.98,71.48,6907.0
2017-05-12,72.03,72.42,69.75,70.54,3152.0
2017-05-15,70.7,71.34,69.8,71.16,7635.0
2017-05-16,71.19,71.5,69.79,70.32,4360.0
2017-05-17,71.19,71.19,68.08,68.34,12716.0
2017-05-18,68.7,69.1,66.63,67.48,12728.0
2017-05-19,68.05,68.68,66.84,67.07,16254.0
2017-05-22,67.74,68.32,65.47,65.72,11685.0
2017-05-23,66.07,66.45,64.99,65.3,8720.0
2017-05-24,65.48,68.54,65.24,67.82,13222.0
2017-05-25,67.82,68.32,66.53,67.4,6141.0
2017-05-26,67.82,69.55,67.02,68.31,79219.0
2017-05-29,69.61,69.8,68.42,68.58,5430.0
2017-05-30,68.42,69.09,68.41,68.67,1663.0
2017-05-31,69.18,69.18,68.44,68.72,6149.0
2017-06-01,69.17,69.17,68.45,68.58,1877.0
2017-06-02,68.65,69.51,68.41,69.37,2776.0
2017-06-05,69.96,69.96,68.84,69.46,2585.0
2017-06-06,68.88,69.65,68.57,68.75,1282.0
2017-06-07,68.49,69.33,67.65,68.05,5280.0
2017-06-08,68.38,68.57,68.22,68.37,2199.0
2017-06-09,68.41,68.52,67.63,68.31,1892.0
2017-06-12,69.19,69.19,67.32,67.96,2191.0
2017-06-13,67.72,68.25,67.03,67.34,1368.0
2017-06-14,67.4,67.48,66.54,66.76,2413.0
2017-06-15,67.32,67.32,65.32,66.29,9950.0
2017-06-16,66.24,66.27,64.75,65.4,20738.0
2017-06-19,66.62,68.33,65.45,66.15,6689.0
2017-06-20,66.28,67.6,65.77,66.4,15704.0
2017-06-21,66.39,67.63,65.84,66.71,5531.0
2017-06-22,66.85,67.15,66.08,66.21,4731.0
2017-06-23,66.69,66.69,65.76,65.95,1983.0
2017-06-27,65.68,66.41,64.9,65.89,2552.0
2017-06-28,66.07,67.11,65.5,66.89,34738.0
2017-06-29,66.9,69.18,66.89,68.5,6633.0
2017-06-30,69.49,74.43,69.1,73.21,52117.0
2017-07-03,74.62,75.68,74.31,75.19,24018.0
2017-07-04,75.11,75.47,72.3,72.93,8776.0
2017-07-05,72.67,74.77,72.67,73.19,12886.0
2017-07-06,73.08,74.61,72.91,74.26,4645.0
2017-07-07,73.64,76.48,73.37,75.09,9714.0
2017-07-10,76.48,77.69,74.21,74.96,2269.0
2017-07-11,74.61,75.67,72.71,73.19,6055.0
2017-07-12,72.67,74.77,72.67,73.37,5783.0
2017-07-13,73.37,74.49,73.37,74.2,3979.0
2017-07-14,71.51,74.3,71.51,73.29,2567.0
2017-07-17,73.29,76.17,73.06,73.49,4579.0
2017-07-18,74.22,74.23,71.4,71.73,6683.0
2017-07-19,71.73,72.51,70.19,70.86,6787.0
2017-07-20,71.4,71.57,69.42,69.74,8201.0
2017-07-21,69.72,71.03,69.0,69.39,7683.0
2017-07-24,69.5,70.17,68.22,68.49,6683.0
2017-07-25,69.17,69.17,67.6,68.24,5365.0
2017-07-26,69.31,69.31,67.92,68.32,7333.0
2017-07-27,69.0,69.0,67.99,68.11,7286.0
2017-07-28,67.45,67.83,66.06,66.87,11902.0
2017-07-31,67.83,67.83,66.27,66.48,6565.0
2017-08-01,67.35,67.35,65.95,66.23,5986.0
2017-08-02,66.29,67.25,65.49,65.7,7680.0
2017-08-03,66.52,66.74,65.03,65.09,9727.0
2017-08-04,65.76,66.04,64.95,65.34,5738.0
2017-08-07,65.5,65.88,64.47,64.69,8880.0
2017-08-08,65.48,65.48,63.59,63.65,30555.0
2017-08-09,63.65,64.5,61.33,61.62,13061.0
2017-08-10,62.32,62.96,59.92,60.42,8064.0
2017-08-11,60.58,62.06,59.72,61.22,7010.0
2017-08-14,62.68,62.68,60.34,61.49,7417.0
2017-08-16,62.19,62.74,61.6,62.46,8086.0
2017-08-17,62.38,63.46,62.21,62.37,3393.0
2017-08-18,62.34,63.61,61.98,63.47,1659.0
2017-08-21,63.93,64.51,63.34,63.78,9254.0
2017-08-22,63.81,64.7,62.87,63.59,1872.0
2017-08-23,63.9,64.71,63.76,64.3,8815.0
2017-08-24,64.47,64.86,63.77,64.07,1725.0
2017-08-28,64.55,66.65,63.93,66.32,8135.0
2017-08-29,65.52,65.88,65.38,65.65,1802.0
2017-08-30,64.86,65.77,64.81,65.36,1190.0
2017-08-31,64.93,66.66,64.93,66.35,2086.0
2017-09-01,66.71,66.71,65.49,66.36,1188.0
2017-09-04,66.65,68.14,66.2,67.87,6416.0
2017-09-05,67.83,68.46,66.53,67.82,3571.0
2017-09-06,67.7,68.07,66.78,67.03,3709.0
2017-09-07,67.8,67.8,66.68,66.91,3718.0
2017-09-08,66.69,67.04,66.43,66.86,2452.0
2017-09-11,66.44,67.28,65.3,65.53,2194.0
2017-09-12,65.96,66.25,65.33,65.53,22269.0
2017-09-13,65.53,66.86,65.0,65.57,21213.0
2017-09-14,66.75,66.75,65.3,65.49,1221.0
2017-09-15,64.79,67.68,64.79,67.07,4561.0
2017-09-18,67.78,68.04,66.74,67.47,3003.0
2017-09-19,67.47,68.6,66.48,66.97,3577.0
2017-09-20,67.05,67.44,66.26,66.33,7755.0
2017-09-21,67.21,68.93,66.27,67.12,158329.0
2017-09-22,66.74,67.35,64.47,65.25,4668.0
2017-09-25,65.34,65.61,63.86,64.24,9195.0
2017-09-26,63.78,65.41,63.55,64.55,2247.0
2017-09-27,64.55,64.78,63.46,63.72,2504.0
2017-09-28,63.99,64.65,63.08,64.17,1666.0
2017-09-29,64.37,64.71,64.09,64.52,1729.0
2017-10-03,64.18,64.94,63.92,64.23,3217.0
2017-10-04,65.26,65.26,63.7,63.9,1993.0
2017-10-05,63.9,64.4,63.54,63.96,1471.0
2017-10-06,65.02,65.02,63.78,64.07,1617.0
2017-10-09,63.94,64.42,63.94,64.03,1327.0
2017-10-10,64.03,66.44,64.02,65.13,5949.0
2017-10-11,66.18,66.67,64.86,65.3,4398.0
2017-10-12,64.72,65.84,64.72,65.31,1162.0
2017-10-13,65.31,65.58,63.75,65.22,8134.0
2017-10-16,64.72,66.12,63.78,65.65,11062.0
2017-10-17,66.12,66.12,64.28,64.55,3228.0
2017-10-18,63.93,66.12,63.31,63.83,12682.0
2017-10-19,64.15,65.03,63.57,64.06,795.0
2017-10-23,64.05,64.41,63.81,64.07,1802.0
2017-10-24,63.94,64.11,63.31,63.55,1821.0
2017-10-25,63.79,65.27,63.55,64.79,6731.0
2017-10-26,64.8,65.5,64.13,65.11,3322.0
2017-10-27,64.41,65.5,64.41,65.31,2178.0
2017-10-30,65.03,67.06,64.57,64.73,10324.0
2017-10-31,64.75,65.5,64.41,65.39,6079.0
2017-11-01,64.42,65.78,64.42,64.7,5239.0
2017-11-02,64.7,65.31,64.28,64.52,39423.0
2017-11-03,65.18,65.18,64.24,64.59,33215.0
2017-11-06,65.18,65.18,63.78,63.93,17047.0
2017-11-07,64.72,64.72,63.39,63.65,15516.0
2017-11-08,63.62,63.85,63.02,63.5,86306.0
2017-11-09,63.48,63.62,62.37,62.71,112513.0
2017-11-10,63.7,64.74,62.48,63.5,4637.0
2017-11-13,63.93,65.02,63.62,63.84,8686.0
2017-11-14,63.7,63.71,62.61,63.03,7356.0
2017-11-15,62.55,63.02,62.0,62.34,5639.0
2017-11-16,62.38,62.38,61.72,61.9,2507.0
2017-11-17,62.07,64.87,61.9,64.01,20359.0
2017-11-20,64.33,65.81,63.44,63.96,8478.0
2017-11-21,63.96,65.81,63.96,65.4,10514.0
2017-11-22,65.0,66.52,63.96,65.06,12984.0
2017-11-23,65.08,65.35,64.84,65.0,4638.0
2017-11-24,64.72,64.86,64.01,64.22,3650.0
2017-11-27,64.24,65.39,64.09,64.29,2579.0
2017-11-28,64.39,64.69,64.35,64.42,3214.0
2017-11-29,64.7,66.32,63.68,63.84,8890.0
2017-11-30,64.71,64.71,63.62,64.12,17147.0
2017-12-01,64.47,64.71,63.74,63.85,1064.0
2017-12-04,63.91,65.02,63.9,64.78,3721.0
2017-12-05,64.78,64.78,63.7,64.52,3520.0
2017-12-06,63.93,64.58,63.77,63.91,14846.0
2017-12-07,63.93,64.94,63.93,64.77,5681.0
2017-12-08,65.1,68.59,64.63,67.35,17391.0
2017-12-11,67.45,70.96,66.42,70.42,20313.0
2017-12-12,70.72,72.87,69.85,72.45,22974.0
2017-12-13,72.45,73.59,71.41,73.03,18010.0
2017-12-14,72.81,73.09,70.94,71.76,5964.0
2017-12-15,71.5,72.97,71.5,72.29,7138.0
2017-12-18,71.24,72.35,70.4,71.71,29734.0
2017-12-19,71.72,72.5,70.88,71.85,4816.0
2017-12-20,71.95,71.95,68.6,69.42,8098.0
2017-12-21,68.84,70.92,68.84,70.68,5557.0
2017-12-22,70.68,72.73,69.48,72.04,9431.0
2017-12-26,70.96,72.3,70.87,71.18,5256.0
2017-12-27,72.04,72.2,70.56,72.08,6424.0
2017-12-28,71.73,72.2,71.24,71.75,44622.0
2017-12-29,71.73,72.41,70.87,70.99,4646.0
2018-01-01,70.99,72.04,70.99,71.73,6581.0
2018-01-02,72.43,72.43,71.18,71.53,1881.0
2018-01-03,71.73,72.1,71.2,71.7,2387.0
2018-01-04,71.96,72.35,71.5,72.22,5653.0
2018-01-05,72.82,74.02,71.74,73.72,18277.0
2018-01-08,73.91,74.76,72.56,72.93,27761.0
2018-01-09,72.93,73.1,70.72,71.45,8855.0
2018-01-10,70.73,71.98,70.73,71.64,2111.0
2018-01-11,72.2,73.37,71.98,73.02,20474.0
2018-01-12,73.02,75.01,72.25,73.76,11199.0
2018-01-15,74.53,74.85,73.63,74.65,28257.0
2018-01-16,74.08,75.0,73.37,73.87,6448.0
2018-01-17,72.99,74.76,72.66,73.84,5997.0
2018-01-18,74.76,74.76,72.05,73.39,5208.0
2018-01-19,73.82,73.82,71.8,72.43,9187.0
2018-01-22,72.43,74.04,72.43,73.77,2894.0
2018-01-23,73.93,74.53,72.52,73.61,6055.0
2018-01-24,73.07,74.0,72.83,73.24,12998.0
2018-01-25,72.51,73.23,71.95,72.53,2644.0
2018-01-29,72.17,73.36,69.71,72.97,8596.0
2018-01-30,72.78,74.02,70.48,72.22,12137.0
2018-01-31,73.27,74.01,71.69,73.0,15058.0
2018-02-01,73.28,73.44,72.21,72.88,2764.0
2018-02-02,71.97,72.67,70.17,72.04,9298.0
2018-02-05,70.33,75.22,68.69,73.18,7776.0
2018-02-06,71.1,72.27,69.21,70.96,6396.0
2018-02-07,71.1,72.31,70.28,71.01,5574.0
2018-02-08,71.17,72.12,70.63,71.2,2700.0
2018-02-09,69.63,71.42,68.93,70.51,30924.0
2018-02-12,70.25,71.11,69.55,70.11,45333.0
2018-02-14,70.16,71.22,70.16,70.82,20004.0
2018-02-15,70.8,72.93,70.42,71.04,21520.0
2018-02-16,71.58,71.58,69.64,70.37,2597.0
2018-02-19,70.18,70.68,68.93,69.32,3147.0
2018-02-20,70.03,70.18,67.89,68.5,1541.0
2018-02-21,68.16,69.01,66.38,66.84,4150.0
2018-02-22,66.88,67.0,65.85,66.13,1720.0
2018-02-23,66.14,66.14,65.04,65.4,8940.0
2018-02-26,66.26,67.3,66.11,66.84,4210.0
2018-02-27,67.39,67.46,66.3,66.82,1831.0
2018-02-28,66.29,67.46,66.26,66.82,4092.0
2018-03-01,66.34,67.38,66.34,67.12,24825.0
2018-03-05,66.46,67.92,66.4,67.23,1728.0
2018-03-06,68.36,68.36,66.13,67.0,24202.0
2018-03-07,66.44,66.91,65.68,65.92,1736.0
2018-03-08,65.43,66.77,65.43,66.5,901.0
2018-03-09,66.32,66.48,65.31,65.95,23524.0
2018-03-12,66.28,66.28,64.4,65.18,17661.0
2018-03-13,65.36,65.73,64.87,65.22,8582.0
2018-03-14,65.03,65.21,64.71,64.84,28715.0
2018-03-15,64.71,64.93,64.42,64.84,17036.0
2018-03-16,64.88,64.93,62.54,63.46,15364.0
2018-03-19,63.31,63.62,63.0,63.23,12458.0
2018-03-20,63.16,63.16,61.99,62.07,5360.0
2018-03-21,62.41,62.73,61.6,62.33,8484.0
2018-03-22,62.37,62.6,61.22,61.4,4515.0
2018-03-23,60.81,61.12,60.03,60.31,5771.0
2018-03-26,60.17,60.17,58.56,59.09,24643.0
2018-03-27,58.97,60.48,58.58,59.59,8289.0
2018-03-28,59.57,59.57,57.77,58.76,4796.0
2018-04-02,59.38,59.46,58.14,58.79,3973.0
2018-04-03,58.86,59.09,58.16,58.33,5331.0
2018-04-04,58.86,59.32,58.18,58.44,10631.0
2018-04-05,59.25,59.25,58.05,58.56,14158.0
2018-04-06,58.81,58.99,58.09,58.37,7258.0
2018-04-09,58.63,58.63,57.88,58.16,6133.0
2018-04-10,58.17,60.56,58.17,59.8,9854.0
2018-04-11,60.25,60.25,57.62,57.94,35233.0
2018-04-12,58.4,60.4,57.7,58.5,11071.0
2018-04-13,58.93,60.43,58.37,59.78,18136.0
2018-04-16,58.64,59.79,58.5,59.51,10965.0
2018-04-17,59.35,59.82,58.93,59.38,8410.0
2018-04-18,59.34,59.84,59.01,59.3,10197.0
2018-04-19,59.99,60.25,59.27,59.97,12876.0
2018-04-20,60.49,60.49,59.31,59.82,7561.0
2018-04-23,59.98,60.54,59.68,59.99,11711.0
2018-04-24,60.18,62.02,59.86,60.93,14495.0
2018-04-25,61.51,62.98,59.62,60.18,19059.0
2018-04-26,60.18,61.31,58.89,59.38,32897.0
2018-04-27,59.83,60.18,58.78,59.09,3770.0
2018-04-30,59.09,59.47,56.85,57.5,34292.0
2018-05-02,56.9,57.96,56.52,56.79,11016.0
2018-05-03,56.76,58.07,56.53,57.49,10347.0
2018-05-04,57.49,57.49,53.86,54.98,32090.0
2018-05-07,54.98,56.04,54.98,55.88,3273.0
2018-05-08,56.12,56.74,55.49,55.73,6680.0
2018-05-09,55.49,56.08,54.4,54.99,12641.0
2018-05-10,55.16,55.34,54.4,54.68,3192.0
2018-05-11,53.86,54.95,50.12,51.62,23513.0
2018-05-14,51.44,52.67,50.41,52.36,9003.0
2018-05-15,52.36,52.36,51.13,51.31,3961.0
2018-05-16,50.74,53.14,50.74,52.38,4335.0
2018-05-17,52.07,52.65,51.53,51.92,5223.0
2018-05-18,51.92,52.37,51.48,52.14,7359.0
2018-05-21,52.08,52.39,50.87,51.14,38819.0
2018-05-22,51.14,52.23,50.25,51.35,2041.0
2018-05-23,51.35,52.31,50.84,52.21,4975.0
2018-05-24,52.68,53.32,51.58,52.58,2212.0
2018-05-25,53.0,55.03,51.91,54.6,4761.0
2018-05-28,54.17,55.65,54.17,55.18,2571.0
2018-05-29,55.02,56.21,52.59,53.21,5844.0
2018-05-30,53.22,54.43,52.69,53.31,2531.0
2018-05-31,53.78,54.09,52.84,53.78,2962.0
2018-06-01,53.38,57.48,53.38,56.69,18304.0
2018-06-04,56.69,56.9,55.11,56.13,25767.0
2018-06-05,55.55,55.58,53.66,54.13,5906.0
2018-06-06,54.09,55.71,52.85,55.13,2130.0
2018-06-07,54.72,55.17,53.85,54.33,5578.0
2018-06-08,54.22,54.25,53.18,53.62,2126.0
2018-06-11,54.71,54.71,53.08,54.18,11204.0
2018-06-12,54.14,54.87,53.82,54.58,31703.0
2018-06-13,54.67,55.09,54.33,54.79,3934.0
2018-06-14,54.16,54.71,54.1,54.49,2061.0
2018-06-15,54.74,56.9,54.28,56.41,11571.0
2018-06-18,55.81,59.62,55.58,58.51,8079.0
2018-06-19,58.46,60.26,56.75,57.53,51228.0
2018-06-20,57.53,58.33,56.95,57.71,2237.0
2018-06-21,58.45,58.86,55.5,56.66,5320.0
2018-06-22,56.9,56.9,55.34,55.9,13183.0
2018-06-25,56.12,56.71,55.59,56.1,14101.0
2018-06-26,56.12,56.71,55.89,56.3,1499.0
2018-06-27,56.63,56.9,54.25,55.14,9798.0
2018-06-28,55.65,56.43,54.56,55.43,10287.0
2018-06-29,55.93,57.58,54.95,57.04,4679.0
2018-07-02,57.57,58.13,56.46,56.98,7419.0
2018-07-03,57.91,57.91,56.9,57.14,4362.0
2018-07-04,57.66,57.66,56.25,56.63,1594.0
2018-07-05,57.64,57.67,55.81,56.26,5886.0
2018-07-06,56.26,56.91,55.97,56.46,2258.0
2018-07-09,56.46,56.91,56.41,56.9,2186.0
2018-07-10,56.46,57.22,56.44,56.84,2271.0
2018-07-11,56.64,56.84,55.86,56.1,20246.0
2018-07-12,56.1,56.44,55.86,56.07,1415.0
2018-07-13,56.6,56.6,55.91,56.13,12822.0
2018-07-16,56.13,56.13,55.26,55.87,857.0
2018-07-17,55.46,55.71,54.73,55.1,920.0
2018-07-18,54.66,55.9,54.66,55.78,1975.0
2018-07-19,55.82,55.96,55.12,55.72,881.0
2018-07-20,54.85,56.14,54.66,55.39,2679.0
2018-07-23,55.5,56.0,55.28,55.55,20149.0
2018-07-24,56.31,58.22,55.58,57.82,2510.0
2018-07-25,58.31,58.31,56.52,57.56,1092.0
2018-07-26,57.42,58.67,57.42,58.58,2369.0
2018-07-27,58.67,58.67,58.09,58.64,1470.0
2018-07-30,58.76,59.94,58.2,59.81,3235.0
2018-07-31,61.0,61.33,57.42,58.0,16573.0
2018-08-01,57.96,58.07,56.85,57.37,4034.0
2018-08-02,57.43,57.51,56.17,56.27,9540.0
2018-08-03,56.17,58.12,56.17,57.9,3575.0
2018-08-06,58.18,58.39,56.42,56.66,1420.0
2018-08-07,57.05,57.09,55.78,56.5,1924.0
2018-08-08,56.13,56.71,55.56,55.98,64680.0
2018-08-09,57.03,57.08,55.38,55.6,1644.0
2018-08-10,55.69,56.15,55.38,55.58,1131.0
2018-08-13,55.38,56.24,54.76,55.86,1632.0
2018-08-14,55.3,57.57,55.3,57.08,1937.0
2018-08-16,56.32,57.27,56.32,56.79,2132.0
2018-08-17,57.08,57.25,55.77,56.3,1392.0
2018-08-20,56.58,56.94,56.06,56.42,1031.0
2018-08-21,56.55,56.55,55.7,56.06,788.0
2018-08-23,56.31,56.94,55.33,55.5,1576.0
2018-08-24,55.35,55.39,54.55,55.18,3277.0
2018-08-27,55.18,55.18,54.32,54.78,2168.0
2018-08-28,54.78,55.69,54.23,54.42,1317.0
2018-08-29,54.43,54.95,54.01,54.32,1073.0
2018-08-30,54.32,54.68,53.96,54.26,1291.0
2018-08-31,54.26,54.73,53.83,54.28,8193.0
2018-09-03,54.75,54.75,53.58,53.89,1553.0
2018-09-04,53.96,54.44,53.0,53.16,2410.0
2018-09-05,53.92,53.92,52.6,52.64,1376.0
2018-09-06,52.64,53.08,52.01,52.42,1502.0
2018-09-07,52.49,52.77,51.84,51.89,3273.0
2018-09-10,51.9,53.18,51.34,51.66,2191.0
2018-09-11,52.04,53.18,50.84,50.98,4173.0
2018-09-12,50.98,51.14,49.75,49.94,4358.0
2018-09-14,50.05,50.66,49.27,49.42,7021.0
2018-09-17,49.43,50.05,49.29,49.51,2500.0
2018-09-18,50.04,50.04,48.41,48.64,8497.0
2018-09-19,48.53,49.58,48.16,48.53,2479.0
2018-09-21,48.79,50.0,47.7,48.2,3560.0
2018-09-24,49.27,49.27,46.92,47.09,15539.0
2018-09-25,46.77,47.52,46.75,46.84,9467.0
2018-09-26,46.78,47.98,46.61,47.0,2450.0
2018-09-27,46.92,47.13,46.81,47.11,1443.0
2018-09-28,46.92,47.11,45.75,46.89,7344.0
2018-10-01,46.21,46.92,44.57,45.98,2313.0
2018-10-03,46.58,46.91,45.67,46.41,1144.0
2018-10-04,46.13,46.74,45.43,46.32,1533.0
2018-10-05,46.64,46.64,45.08,45.24,11873.0
2018-10-08,44.58,45.61,44.58,45.26,1321.0
2018-10-09,45.28,45.45,42.73,43.55,3023.0
2018-10-10,43.78,44.19,43.14,43.8,4524.0
2018-10-11,43.8,44.11,43.17,43.54,2101.0
2018-10-12,44.09,45.36,43.64,43.72,2191.0
2018-10-15,45.33,45.33,43.73,43.89,1876.0
2018-10-16,43.79,44.39,43.51,44.28,3473.0
2018-10-17,44.19,44.59,43.28,43.53,3118.0
2018-10-19,43.68,44.27,43.02,43.78,73399.0
2018-10-22,44.58,44.58,42.74,42.91,1762.0
2018-10-23,42.75,43.61,41.35,41.62,2134.0
2018-10-24,41.46,43.44,41.38,42.02,2288.0
2018-10-25,41.07,42.16,41.07,41.62,1244.0
2018-10-26,40.99,42.54,40.99,42.29,1835.0
2018-10-29,42.24,43.9,41.47,43.4,2349.0
2018-10-30,43.04,44.43,41.66,43.8,5087.0
2018-10-31,43.8,44.21,43.35,43.82,3989.0
2018-11-01,43.04,44.59,41.93,42.66,5450.0
2018-11-02,43.5,43.73,42.87,42.97,3192.0
2018-11-05,42.71,43.57,42.63,43.37,1588.0
2018-11-06,43.33,45.13,43.08,43.79,12755.0
2018-11-07,44.35,44.59,43.82,44.47,631.0
2018-11-09,44.57,46.76,43.33,46.52,7703.0
2018-11-12,46.89,46.93,45.22,45.77,2352.0
2018-11-13,45.78,46.07,45.21,45.68,1352.0
2018-11-14,45.68,46.62,45.6,46.44,2298.0
2018-11-15,46.15,48.19,46.0,47.83,3451.0
2018-11-16,47.97,49.28,47.92,49.04,3455.0
2018-11-19,49.28,49.67,48.51,49.0,1584.0
2018-11-20,49.01,49.35,48.49,48.81,1145.0
2018-11-21,49.6,49.65,48.16,48.57,2436.0
2018-11-22,48.88,49.12,47.66,47.86,4600.0
2018-11-26,47.87,48.49,46.77,46.84,2824.0
2018-11-27,46.78,50.06,45.92,47.6,6985.0
2018-11-28,46.78,48.89,46.78,47.85,2654.0
2018-11-29,48.5,50.06,48.05,49.52,6677.0
2018-11-30,49.36,50.28,47.87,48.46,7782.0
2018-12-03,48.5,48.99,48.5,48.77,807.0
2018-12-04,48.96,50.44,48.48,48.82,63612.0
2018-12-05,49.26,49.91,48.8,49.21,2137.0
2018-12-06,49.21,49.6,48.15,48.53,7472.0
2018-12-07,48.5,49.22,48.18,48.35,46410.0
2018-12-10,48.33,48.33,46.97,47.22,2390.0
2018-12-11,47.22,48.1,46.82,47.36,4662.0
2018-12-12,47.74,48.19,47.09,48.03,119171.0
2018-12-13,48.19,49.14,48.16,48.61,2288.0
2018-12-14,48.26,49.11,48.22,48.68,1901.0
2018-12-17,49.25,49.25,48.21,48.33,1372.0
2018-12-18,48.26,48.51,46.55,47.67,3001.0
2018-12-19,47.67,49.09,47.67,48.44,29545.0
2018-12-20,48.2,50.32,47.73,49.22,47450.0
2018-12-21,48.83,49.81,48.71,49.57,3765.0
2018-12-24,49.62,49.69,48.63,48.86,3971.0
2018-12-26,48.36,50.29,47.35,49.72,4722.0
2018-12-27,50.02,51.35,49.58,50.87,3294.0
2018-12-28,50.72,53.06,50.02,51.81,7099.0
2018-12-31,51.85,52.91,51.42,52.77,6260.0
2019-01-01,53.37,53.75,51.96,53.43,3533.0
2019-01-02,53.37,53.37,52.12,52.68,4900.0
2019-01-03,52.61,53.29,52.28,52.57,1825.0
2019-01-04,52.17,52.82,51.66,52.41,2599.0
2019-01-07,52.4,53.16,51.65,51.96,2198.0
2019-01-08,51.44,51.8,51.44,51.62,1131.0
2019-01-09,51.8,52.41,51.4,51.5,1253.0
2019-01-10,51.5,52.25,51.12,51.43,1073.0
2019-01-11,51.25,52.11,50.57,50.89,2050.0
2019-01-14,51.62,51.62,50.31,51.17,1141.0
2019-01-15,51.43,51.62,49.76,50.1,2188.0
2019-01-16,49.76,51.85,49.76,51.41,2892.0
2019-01-17,51.41,52.58,51.41,52.21,3114.0
2019-01-18,52.19,52.19,51.84,52.06,1522.0
2019-01-21,52.57,52.57,50.7,50.8,1056.0
2019-01-22,50.36,51.18,47.88,48.55,121505.0
2019-01-23,48.97,48.97,47.73,47.92,1341.0
2019-01-24,47.72,48.92,46.47,46.82,1873.0
2019-01-25,47.04,47.71,46.16,46.89,71297.0
2019-01-28,46.97,46.97,45.14,46.01,3617.0
2019-01-29,45.69,47.95,45.69,46.52,4175.0
2019-01-30,46.55,47.57,45.55,47.04,2138.0
2019-01-31,47.8,50.14,47.72,49.9,12849.0
2019-02-01,48.59,50.62,48.59,49.8,2027.0
2019-02-04,49.72,50.08,49.26,49.62,2158.0
2019-02-05,49.48,49.48,47.48,48.4,5525.0
2019-02-06,47.92,48.74,47.92,48.49,1730.0
2019-02-07,48.52,48.74,48.04,48.51,2313.0
2019-02-08,48.36,48.96,47.81,48.78,811.0
2019-02-11,48.54,48.93,48.21,48.86,525.0
2019-02-12,48.92,49.02,48.15,48.56,1283.0
2019-02-14,47.1,47.97,47.05,47.56,1199.0
2019-02-15,47.28,47.89,47.14,47.67,881.0
2019-02-18,47.72,47.74,46.72,47.28,10099.0
2019-02-19,46.37,47.74,46.37,47.43,1116.0
2019-02-20,47.11,47.5,46.65,46.9,541.0
2019-02-21,47.12,47.62,46.57,46.84,757.0
2019-02-22,46.96,50.08,46.35,48.69,3459.0
2019-02-25,48.66,49.41,47.6,47.92,1936.0
2019-02-26,47.79,48.82,47.29,48.42,1313.0
2019-02-27,48.7,50.16,47.81,49.01,2527.0
2019-02-28,49.61,50.57,48.53,48.97,2144.0
2019-03-01,49.63,49.63,48.89,49.22,1112.0
2019-03-05,48.98,49.3,48.46,49.06,2598.0
2019-03-06,49.16,51.04,49.16,50.0,3666.0
2019-03-07,51.04,51.04,50.1,50.64,4660.0
2019-03-08,51.62,51.62,49.95,50.05,3504.0
2019-03-11,50.86,50.86,50.04,50.42,2412.0
2019-03-12,51.1,51.19,50.49,50.66,2198.0
2019-03-13,50.9,50.99,50.12,50.29,1891.0
2019-03-14,51.12,51.12,50.26,50.62,2567.0
2019-03-15,50.63,51.66,50.63,51.43,4729.0
2019-03-18,52.22,52.28,51.11,51.11,1565.0
2019-03-19,52.08,55.68,51.94,54.62,10410.0
2019-03-20,55.12,55.12,52.98,53.47,3711.0
2019-03-22,54.47,54.88,53.27,54.56,3802.0
2019-03-25,54.48,54.68,52.79,53.08,2977.0
2019-03-26,52.79,54.29,52.79,53.93,2711.0
2019-03-27,54.33,54.79,53.31,54.3,2817.0
2019-03-28,53.77,57.92,53.51,56.26,6280.0
2019-04-01,56.97,57.04,55.58,55.78,1417.0
2019-04-02,56.24,56.68,54.25,54.61,2140.0
2019-04-03,54.77,55.34,52.32,52.72,3482.0
2019-04-04,52.64,53.4,51.51,52.39,3987.0
2019-04-05,52.37,54.32,51.85,52.21,2689.0
2019-04-08,52.89,53.24,52.21,52.59,2260.0
2019-04-09,51.95,52.45,50.92,51.25,3300.0
2019-04-10,51.08,51.67,51.0,51.36,972.0
2019-04-11,51.27,51.67,50.8,50.9,1632.0
2019-04-12,50.89,51.38,50.65,50.96,2058.0
2019-04-15,51.01,52.45,50.45,51.43,2575.0
2019-04-16,51.46,52.22,50.42,50.77,4191.0
2019-04-18,51.31,51.31,50.42,50.59,3915.0
2019-04-22,51.16,51.16,48.9,50.49,2745.0
2019-04-23,49.98,50.76,49.73,50.27,1695.0
2019-04-24,50.11,50.32,49.64,49.85,1136.0
2019-04-25,49.41,50.1,48.57,48.92,1912.0
2019-04-26,49.06,49.25,48.15,48.26,2091.0
2019-04-30,48.23,51.83,47.68,51.51,9477.0
2019-05-02,50.12,51.71,50.12,50.45,1280.0
2019-05-03,50.45,50.45,49.17,49.51,1576.0
2019-05-06,49.4,49.4,48.15,48.44,1877.0
2019-05-07,48.8,48.8,46.22,47.42,8761.0
2019-05-08,46.9,47.0,46.52,46.94,973.0
2019-05-09,47.82,47.82,46.69,47.0,997.0
2019-05-10,46.58,47.91,46.58,47.08,892.0
2019-05-13,47.4,47.4,46.1,46.32,1099.0
2019-05-14,45.91,46.63,45.91,46.21,591.0
2019-05-15,46.12,46.59,45.89,45.92,640.0
2019-05-16,45.6,46.39,45.41,45.65,1122.0
2019-05-17,44.23,44.63,41.96,42.5,17685.0
2019-05-20,44.62,44.62,42.28,42.81,6660.0
2019-05-21,42.8,43.21,42.18,42.26,2660.0
2019-05-22,42.28,42.8,42.14,42.32,2829.0
2019-05-23,42.28,43.04,42.28,42.31,21511.0
2019-05-24,42.37,42.74,42.23,42.27,1975.0
2019-05-27,42.27,43.53,42.27,43.1,3566.0
2019-05-28,43.81,43.81,42.28,43.04,4108.0
2019-05-29,42.62,43.21,42.13,42.33,2391.0
2019-05-30,42.82,42.82,41.96,42.07,1932.0
2019-05-31,42.42,43.83,41.41,42.43,8144.0
2019-06-03,41.49,43.05,41.49,42.21,15187.0
2019-06-04,43.01,43.01,41.39,41.67,15925.0
2019-06-06,42.73,42.84,41.71,41.99,1902.0
2019-06-07,42.26,42.51,41.49,41.77,1242.0
2019-06-10,42.06,42.88,41.55,42.51,2718.0
2019-06-11,42.67,42.67,42.14,42.28,1603.0
2019-06-12,42.58,42.58,41.94,42.27,1146.0
2019-06-13,42.33,42.93,41.98,42.55,1474.0
2019-06-14,42.35,42.6,42.25,42.34,1740.0
2019-06-17,42.4,43.02,41.67,42.89,2910.0
2019-06-18,43.32,44.19,42.49,42.74,9746.0
2019-06-19,42.89,43.2,41.71,42.13,1016.0
2019-06-20,42.09,42.52,41.54,42.12,719.0
2019-06-21,42.15,43.02,41.7,42.71,1354.0
2019-06-24,42.62,42.94,41.95,42.4,713.0
2019-06-25,42.4,42.55,41.58,42.02,1123.0
2019-06-26,41.81,42.4,41.41,41.57,3640.0
2019-06-27,41.76,42.27,41.49,41.58,2799.0
2019-06-28,41.8,42.26,41.65,42.04,1236.0
2019-07-01,41.88,42.24,41.65,41.75,2155.0
2019-07-02,41.96,42.1,41.21,41.32,1932.0
2019-07-03,41.42,41.95,41.33,41.46,895.0
2019-07-04,41.64,42.03,41.34,41.71,880.0
2019-07-05,41.93,43.0,41.51,41.57,2287.0
2019-07-08,41.65,41.69,41.09,41.21,1043.0
2019-07-09,42.11,42.11,40.72,40.74,1504.0
2019-07-10,41.0,41.04,40.7,40.81,918.0
2019-07-11,40.7,40.94,40.45,40.51,824.0
2019-07-12,40.54,41.08,40.08,40.25,1386.0
2019-07-15,40.17,40.67,38.06,38.68,3610.0
2019-07-16,39.06,39.06,37.29,37.44,4442.0
2019-07-17,37.65,38.24,36.78,37.58,49966.0
2019-07-18,37.58,38.04,37.49,37.58,2948.0
2019-07-19,37.67,38.5,37.42,37.63,6624.0
2019-07-22,37.61,37.82,37.48,37.59,1187.0
2019-07-23,37.81,38.24,37.42,37.81,3060.0
2019-07-24,37.82,37.97,37.65,37.75,12005.0
2019-07-25,37.77,38.56,37.76,38.2,2829.0
2019-07-26,38.16,38.16,37.75,37.85,1785.0
2019-07-29,38.52,38.52,37.47,37.78,2045.0
2019-07-30,38.4,38.4,37.74,37.81,1112.0
2019-07-31,37.75,38.19,37.3,37.79,23507.0
2019-08-01,37.65,37.94,34.32,36.91,54804.0
2019-08-02,36.52,36.76,35.88,36.22,12302.0
2019-08-05,35.81,37.78,35.74,36.59,9133.0
2019-08-06,37.1,37.12,36.2,36.25,1702.0
2019-08-07,38.43,38.43,36.21,36.51,2296.0
2019-08-08,36.22,36.6,36.22,36.56,568.0
2019-08-09,36.2,36.6,35.68,36.47,2028.0
2019-08-13,36.24,36.52,35.43,35.55,1613.0
2019-08-14,35.68,36.61,35.68,36.43,1531.0
2019-08-16,35.74,36.37,35.59,36.22,1992.0
2019-08-19,36.52,38.39,35.72,36.58,24243.0
2019-08-20,36.61,36.83,35.65,35.81,1230.0
2019-08-21,35.5,36.53,34.72,35.06,1584.0
2019-08-22,34.72,35.29,34.45,35.0,1446.0
2019-08-23,34.52,36.75,34.52,34.89,3685.0
2019-08-26,34.8,35.66,34.77,35.13,756.0
2019-08-27,35.0,36.06,34.77,34.94,2143.0
2019-08-28,35.15,35.35,34.66,35.07,939.0
2019-08-29,34.93,35.27,34.72,34.81,891.0
2019-08-30,34.95,36.22,34.67,35.38,1239.0
2019-09-03,35.67,35.67,34.96,35.11,784.0
2019-09-04,35.43,35.43,33.95,34.25,1091.0
2019-09-05,33.94,34.79,33.94,34.16,642.0
2019-09-06,34.16,35.27,34.16,35.1,693.0
2019-09-09,35.11,37.98,35.03,37.01,58805.0
2019-09-11,36.98,38.54,36.25,37.5,3852.0
2019-09-12,37.61,38.48,37.07,37.43,1064.0
2019-09-13,37.43,37.63,37.0,37.29,646.0
2019-09-16,38.26,38.26,36.21,36.67,2530.0
2019-09-17,36.78,36.84,35.03,35.18,1631.0
2019-09-18,35.81,35.81,34.76,34.89,1565.0
2019-09-19,34.64,35.27,34.48,34.64,1734.0
2019-09-20,34.64,36.21,33.83,35.27,68362.0
2019-09-23,36.21,37.0,35.04,36.35,6073.0
2019-09-24,37.01,38.14,36.42,37.45,19912.0
2019-09-25,37.03,37.45,36.2,36.64,4926.0
2019-09-26,36.64,36.84,35.35,36.54,8063.0
2019-09-27,36.17,37.63,36.09,37.1,7620.0
2019-09-30,37.5,40.78,36.77,39.11,26309.0
2019-10-01,39.2,40.78,37.0,39.07,12775.0
2019-10-03,39.38,39.38,37.0,37.54,5383.0
2019-10-04,37.61,38.18,36.46,36.75,4069.0
2019-10-07,36.76,37.03,34.95,35.17,4094.0
2019-10-09,35.21,36.53,35.16,35.98,3327.0
2019-10-10,35.99,36.52,35.74,36.15,6022.0
2019-10-11,36.15,37.16,35.74,36.17,2790.0
2019-10-14,36.15,36.69,35.35,36.13,3675.0
2019-10-15,36.28,36.28,35.49,35.78,2396.0
2019-10-16,35.52,36.14,35.52,35.75,1335.0
2019-10-17,35.76,36.52,35.75,36.11,1959.0
2019-10-18,36.11,36.53,35.66,35.96,3117.0
2019-10-22,35.96,36.89,35.73,36.66,3175.0
2019-10-23,36.66,37.01,36.42,36.86,1470.0
2019-10-24,37.31,37.31,36.03,36.21,82409.0
2019-10-25,36.26,37.94,36.05,37.61,3537.0
2019-10-27,38.1,41.72,36.46,37.35,1753.0
2019-10-29,37.19,37.86,36.99,37.5,4211.0
2019-10-30,37.79,37.94,37.51,37.77,4223.0
2019-10-31,37.94,38.73,37.26,37.89,13036.0
2019-11-01,38.57,38.78,37.24,37.6,22505.0
2019-11-04,37.77,37.91,35.99,36.46,4375.0
2019-11-05,36.77,37.4,35.66,36.66,6510.0
2019-11-06,36.28,36.67,35.92,35.97,3626.0
2019-11-07,36.67,36.67,35.69,36.05,1639.0
2019-11-08,35.85,36.09,35.5,35.59,1641.0
2019-11-11,35.61,36.08,34.98,35.34,2145.0
2019-11-13,35.34,35.34,34.09,34.37,8795.0
2019-11-14,34.64,35.0,34.12,34.21,2380.0
2019-11-15,34.22,34.62,33.69,33.88,3021.0
2019-11-18,34.31,34.48,33.89,34.0,3272.0
2019-11-19,33.85,34.15,33.62,33.7,4431.0
2019-11-20,33.71,34.48,33.22,33.4,4139.0
2019-11-21,33.23,34.0,33.12,33.42,5123.0
2019-11-22,33.42,33.79,33.08,33.28,4212.0
2019-11-25,33.09,33.37,32.12,32.44,132006.0
2019-11-26,32.66,32.66,32.11,32.28,18863.0
2019-11-27,31.74,32.57,31.74,32.52,11464.0
2019-11-28,32.43,32.7,32.28,32.48,7222.0
2019-11-29,32.36,32.66,32.28,32.29,10845.0
2019-12-02,32.2,32.67,32.2,32.43,4312.0
2019-12-03,32.37,32.67,32.27,32.59,2729.0
2019-12-04,32.7,38.25,32.7,36.23,35835.0
2019-12-05,37.59,37.59,35.35,35.94,31100.0
2019-12-06,36.17,36.48,34.93,35.11,6760.0
2019-12-09,34.95,36.91,34.34,34.88,7701.0
2019-12-10,35.16,35.16,33.86,34.07,2205.0
2019-12-11,34.51,34.99,34.0,34.34,2715.0
2019-12-12,34.87,34.92,34.18,34.62,6465.0
2019-12-13,34.86,35.06,34.02,34.4,34198.0
2019-12-16,34.04,34.46,33.91,33.99,4042.0
2019-12-17,34.05,35.4,33.59,34.84,5801.0
2019-12-18,34.92,35.48,34.65,35.35,6271.0
2019-12-19,35.0,36.09,34.77,35.33,2591.0
2019-12-20,35.13,35.44,35.09,35.25,9495.0
2019-12-23,35.45,35.94,34.76,35.27,4369.0
2019-12-24,35.3,35.79,34.96,35.14,1350.0
2019-12-26,35.17,35.17,34.1,34.26,3000.0
2019-12-27,34.32,35.41,34.27,35.02,4792.0
2019-12-30,35.07,35.07,34.18,34.48,9780.0
2019-12-31,34.42,34.76,34.23,34.37,2530.0
2020-01-01,34.48,34.48,33.76,33.99,946.0
2020-01-02,33.99,34.78,33.84,34.57,1816.0
2020-01-03,34.94,34.98,34.44,34.83,2050.0
2020-01-06,34.97,35.72,34.7,34.99,8045.0
2020-01-07,34.99,35.41,33.88,34.45,2579.0
2020-01-08,34.38,35.17,34.35,34.87,1576.0
2020-01-09,35.37,35.56,34.93,35.39,3631.0
2020-01-10,35.67,36.05,35.01,35.45,10018.0
2020-01-13,35.84,39.65,35.52,38.24,32547.0
2020-01-14,38.9,42.09,38.1,41.12,87295.0
2020-01-15,41.11,41.7,40.21,41.14,77238.0
2020-01-16,40.78,42.49,40.52,41.81,45144.0
2020-01-17,41.78,42.41,41.47,41.99,41512.0
2020-01-20,41.07,41.54,38.85,40.79,31605.0
2020-01-21,40.79,42.09,40.35,41.66,8499.0
2020-01-22,41.7,42.6,41.07,42.26,162401.0
2020-01-23,42.46,44.38,42.02,43.85,35713.0
2020-01-24,43.85,44.22,42.72,43.16,10313.0
2020-01-27,42.96,43.73,42.8,42.92,3003.0
2020-01-28,43.25,43.46,40.77,41.49,8033.0
2020-01-29,40.94,43.81,40.94,43.02,11887.0
2020-01-30,42.57,43.27,41.73,42.4,3157.0
2020-01-31,42.77,43.28,41.12,42.82,7906.0
2020-02-03,41.7,42.96,41.53,42.09,3193.0
2020-02-04,42.95,42.97,41.7,42.56,3705.0
2020-02-05,42.78,46.81,41.92,44.68,28267.0
2020-02-06,44.45,45.03,43.66,43.92,5823.0
2020-02-07,44.37,45.24,43.12,44.19,5705.0
2020-02-10,44.38,44.38,43.09,43.58,2946.0
2020-02-11,43.0,44.37,43.0,43.98,3570.0
2020-02-12,43.51,44.45,43.51,43.73,3593.0
2020-02-13,43.73,47.2,43.71,46.3,16457.0
2020-02-14,43.74,46.73,43.74,45.38,3717.0
2020-02-17,45.49,46.93,45.35,46.09,4816.0
2020-02-18,45.63,46.02,44.84,45.61,2907.0
2020-02-19,45.25,48.32,45.25,47.43,31176.0
2020-02-20,46.75,47.99,46.74,47.3,3156.0
2020-02-24,46.74,47.07,45.64,45.87,6456.0
2020-02-25,45.55,45.61,44.85,44.9,3518.0
2020-02-26,44.9,45.55,43.68,44.95,5088.0
2020-02-27,44.9,44.9,43.45,44.47,6242.0
2020-02-28,43.57,43.72,41.97,43.26,19302.0
2020-03-02,43.6,46.27,41.71,43.84,5957.0
2020-03-03,44.62,47.18,43.33,46.43,7210.0
2020-03-04,46.42,46.43,43.77,44.46,6513.0
2020-03-05,45.14,45.93,44.26,45.42,2589.0
2020-03-06,44.29,54.31,37.24,42.27,24400.0
2020-03-09,42.11,42.11,38.88,41.35,7646.0
2020-03-11,41.32,41.91,39.67,40.14,3609.0
2020-03-12,36.6,39.27,34.06,37.96,16814.0
2020-03-13,35.05,39.35,33.87,36.58,5219.0
2020-03-16,36.67,36.67,34.02,34.66,4424.0
2020-03-17,34.66,37.68,33.97,34.99,4983.0
2020-03-18,35.61,36.9,34.32,35.6,5714.0
2020-03-19,34.64,35.23,30.72,33.67,13001.0
2020-03-20,33.67,38.56,32.29,36.24,8832.0
2020-03-23,32.58,35.97,32.27,33.03,6557.0
2020-03-24,33.03,34.2,28.69,31.5,35976.0
2020-03-25,31.82,33.16,30.66,31.3,7352.0
2020-03-26,31.64,33.06,31.29,32.25,10015.0
2020-03-27,32.66,33.16,31.17,31.43,14630.0
2020-03-30,32.03,36.2,30.69,34.39,8991.0
2020-03-31,34.39,38.41,32.3,34.62,15481.0
2020-04-01,34.6,34.6,32.42,32.73,3750.0
2020-04-03,33.93,33.93,31.03,31.28,5907.0
2020-04-07,32.75,32.78,30.87,31.64,9725.0
2020-04-08,31.49,32.5,30.72,31.6,6251.0
2020-04-09,31.81,32.36,30.7,31.38,10550.0
2020-04-13,31.41,32.92,31.41,32.61,7164.0
2020-04-15,33.76,34.15,32.38,33.11,8261.0
2020-04-16,33.7,33.7,32.48,32.86,4767.0
2020-04-17,33.82,39.36,33.54,34.88,29834.0
2020-04-20,35.06,38.57,35.03,35.97,43354.0
2020-04-21,35.9,37.54,33.85,33.98,13470.0
2020-04-22,33.07,33.64,32.1,32.72,11935.0
2020-04-23,34.25,34.25,32.28,33.06,14417.0
2020-04-24,32.52,33.77,32.31,32.78,5322.0
2020-04-27,33.74,33.74,32.67,32.74,4065.0
2020-04-28,32.83,34.23,32.71,33.66,8605.0
2020-04-29,34.2,35.22,33.66,34.79,8695.0
2020-04-30,35.04,36.53,34.78,35.18,13217.0
2020-05-04,34.65,36.57,33.66,35.41,13366.0
2020-05-05,35.31,36.19,33.99,34.18,5408.0
2020-05-06,34.18,35.09,33.55,33.91,3722.0
2020-05-07,34.08,34.26,33.74,33.87,1500.0
2020-05-08,34.02,34.34,33.34,33.82,3385.0
2020-05-11,34.49,34.6,33.31,33.65,3996.0
2020-05-12,33.43,33.74,32.78,33.17,4977.0
2020-05-13,34.94,35.0,33.43,33.83,31839.0
2020-05-14,34.0,34.0,32.84,32.91,4696.0
2020-05-15,33.39,33.66,32.76,32.84,3047.0
2020-05-18,33.0,33.31,31.66,31.78,3256.0
2020-05-19,31.81,32.32,31.51,31.62,2311.0
2020-05-20,31.5,32.68,31.5,32.1,1510.0
2020-05-21,32.45,33.19,31.94,32.08,5988.0
2020-05-22,32.24,32.69,31.51,31.66,4047.0
2020-05-26,31.82,32.47,31.82,31.96,5601.0
2020-05-27,31.51,31.78,30.72,30.87,22511.0
2020-05-28,30.91,32.93,30.31,31.67,31299.0
2020-05-29,32.3,32.46,31.51,31.56,27157.0
2020-06-01,31.92,32.46,31.91,32.29,9180.0
2020-06-02,32.3,33.06,32.29,32.74,13000.0
2020-06-03,33.25,33.55,32.29,32.5,12588.0
2020-06-04,32.48,33.06,32.47,32.6,7068.0
2020-06-05,32.59,33.83,32.59,33.39,19659.0
2020-06-08,34.31,34.67,32.8,33.0,14159.0
2020-06-09,33.47,33.47,32.24,32.5,15083.0
2020-06-10,32.5,32.78,32.5,32.72,4291.0
2020-06-11,33.02,33.02,32.7,32.83,5050.0
2020-06-12,31.94,32.59,31.92,32.47,8935.0
2020-06-15,32.77,32.94,31.76,32.09,10344.0
2020-06-16,32.15,32.78,31.71,31.84,9685.0
2020-06-17,31.84,32.13,31.52,31.91,11605.0
2020-06-18,32.03,32.18,31.74,31.93,8528.0
2020-06-19,32.09,32.3,31.67,31.81,5302.0
2020-06-22,31.81,32.46,31.6,31.75,9616.0
2020-06-23,31.59,32.46,31.59,32.23,9088.0
2020-06-24,32.46,32.98,31.62,31.85,13065.0
2020-06-25,31.59,31.99,31.34,31.43,14708.0
2020-06-26,31.95,31.95,31.35,31.63,13055.0
2020-06-29,31.52,31.97,31.2,31.63,11385.0
2020-06-30,31.94,33.06,31.82,32.16,17040.0
2020-07-01,32.17,32.59,31.61,31.65,6493.0
2020-07-02,32.18,32.18,31.61,31.68,7090.0
2020-07-03,31.61,31.91,31.61,31.66,7919.0
2020-07-06,31.74,32.17,31.47,31.64,16819.0
2020-07-07,31.97,32.46,31.51,32.13,22599.0
2020-07-08,32.29,32.45,31.5,31.7,16726.0
2020-07-09,31.66,32.04,31.63,31.92,5029.0
2020-07-10,31.9,32.02,31.66,31.76,6964.0
2020-07-13,31.9,32.01,31.5,31.65,9720.0
2020-07-14,31.58,31.66,31.13,31.25,16722.0
2020-07-15,31.41,31.55,30.92,31.14,5972.0
2020-07-16,31.51,31.51,30.72,30.95,10485.0
2020-07-17,31.35,31.35,30.79,30.95,4900.0
2020-07-20,31.12,32.45,30.71,32.01,101557.0
2020-07-21,32.29,33.47,32.25,33.3,47495.0
2020-07-22,36.19,36.22,34.65,35.04,107612.0
2020-07-23,35.09,35.25,34.1,34.18,26099.0
2020-07-24,34.18,36.07,33.47,35.03,72184.0
2020-07-27,35.18,35.44,34.03,34.17,15377.0
2020-07-28,34.34,34.61,33.87,33.94,13191.0
2020-07-29,34.26,34.27,33.36,33.47,12269.0
2020-07-30,33.64,33.99,33.26,33.31,9618.0
2020-07-31,33.71,33.71,32.26,32.55,28135.0
2020-08-03,32.23,32.44,30.96,31.13,37146.0
2020-08-04,31.19,31.72,31.12,31.26,24755.0
2020-08-05,31.66,31.66,30.6,30.99,15888.0
2020-08-06,31.34,32.05,30.82,31.6,27338.0
2020-08-07,31.76,32.2,31.35,31.48,17534.0
2020-08-10,31.81,31.81,31.12,31.32,14105.0
2020-08-11,31.32,31.97,31.19,31.33,13857.0
2020-08-12,31.8,31.8,30.99,31.0,19751.0
2020-08-13,31.16,31.17,30.54,30.61,35778.0
2020-08-14,30.78,30.79,29.93,30.07,48108.0
2020-08-17,30.32,30.32,29.51,29.7,26827.0
2020-08-18,29.92,30.02,29.61,29.78,20429.0
2020-08-19,30.06,30.32,29.69,29.84,37816.0
2020-08-20,29.99,30.47,29.67,30.12,39111.0
2020-08-21,30.3,32.28,30.24,31.56,120904.0
2020-08-24,32.44,33.15,32.07,32.6,60707.0
2020-08-25,33.0,33.17,31.75,31.98,34404.0
2020-08-26,32.13,35.07,32.0,34.81,300162.0
2020-08-27,35.04,35.55,34.02,34.75,68080.0
2020-08-28,34.68,36.13,34.14,35.53,83188.0
2020-08-31,36.01,36.66,33.02,34.47,132062.0
2020-09-01,34.65,35.19,33.44,34.74,35045.0
2020-09-02,34.74,35.04,34.31,34.68,16366.0
2020-09-03,35.03,35.26,34.28,34.82,19362.0
2020-09-04,33.87,36.58,33.65,36.05,66459.0
2020-09-07,36.54,43.26,36.38,41.55,382666.0
2020-09-08,41.73,43.02,40.05,40.57,238465.0
2020-09-09,40.0,41.46,37.82,40.99,147991.0
2020-09-10,40.99,46.3,40.99,44.69,333105.0
2020-09-11,44.8,46.91,41.35,45.86,289380.0
2020-09-14,45.35,47.85,45.35,47.25,159832.0
2020-09-15,47.29,47.29,45.19,45.57,31686.0
2020-09-16,45.38,45.66,43.32,43.56,36098.0
2020-09-17,43.61,44.88,43.61,44.19,25872.0
2020-09-18,44.43,45.04,43.31,43.57,12409.0
2020-09-21,44.04,44.04,40.34,40.88,16820.0
2020-09-22,40.88,43.37,38.3,42.19,49831.0
2020-09-23,42.91,44.72,41.93,43.91,41103.0
2020-09-24,43.15,44.36,42.57,43.3,22241.0
2020-09-25,43.98,45.65,43.31,45.34,36661.0
2020-09-28,45.67,47.14,45.05,46.64,28946.0
2020-09-29,47.03,51.77,45.34,49.92,200560.0
2020-09-30,50.15,51.01,48.36,49.98,95481.0
2020-10-01,50.07,52.68,49.45,51.12,114869.0
2020-10-05,51.42,52.13,50.74,51.61,52927.0
2020-10-06,51.91,51.91,50.72,51.37,28776.0
2020-10-07,51.35,51.61,50.09,50.4,15983.0
2020-10-08,50.75,50.99,48.85,49.28,22637.0
2020-10-09,49.28,51.19,48.52,49.35,43377.0
2020-10-12,49.62,50.08,47.8,49.29,25675.0
2020-10-13,49.38,49.54,47.54,47.77,21667.0
2020-10-14,48.18,48.18,46.63,46.9,24424.0
2020-10-15,46.7,49.27,46.26,47.86,56495.0
2020-10-16,48.04,49.61,47.87,48.31,55008.0
2020-10-19,49.04,49.92,48.59,48.85,16177.0
2020-10-20,49.07,49.9,48.26,48.73,12279.0
2020-10-21,49.68,49.68,45.73,48.93,13483.0
2020-10-22,48.85,49.48,47.5,48.98,13377.0
2020-10-23,49.08,51.6,49.08,51.2,57418.0
2020-10-26,51.49,52.78,50.73,50.91,33731.0
2020-10-27,51.28,52.6,50.26,51.9,69414.0
2020-10-28,52.22,52.74,49.7,50.44,58891.0
2020-10-29,50.8,51.63,50.4,51.15,25118.0
2020-10-30,53.59,59.69,53.52,58.22,481403.0
2020-11-02,58.22,61.74,56.13,60.8,180297.0
2020-11-03,60.64,62.93,59.77,61.4,85248.0
2020-11-04,60.09,60.88,57.98,59.12,57836.0
2020-11-05,59.26,60.02,57.97,59.2,62151.0
2020-11-06,58.76,59.93,58.28,58.65,26452.0
2020-11-09,59.86,59.86,58.47,59.31,23263.0
2020-11-10,59.81,61.75,59.23,61.61,91809.0
2020-11-11,61.79,62.7,59.86,61.78,24087.0
2020-11-12,61.44,64.27,60.55,63.73,51063.0
2020-11-13,64.03,65.21,59.96,64.36,32308.0
2020-11-14,65.13,66.3,64.6,65.57,10794.0
2020-11-17,65.99,67.72,65.13,66.53,33978.0
2020-11-18,66.94,67.1,63.79,65.4,36339.0
2020-11-19,65.05,65.36,63.0,63.18,26916.0
2020-11-20,63.71,64.67,63.01,63.25,15582.0
2020-11-23,63.57,64.13,62.45,62.78,14258.0
2020-11-24,62.61,63.15,61.82,61.99,12318.0
2020-11-25,62.05,63.07,61.09,62.14,17479.0
2020-11-26,62.68,63.0,61.11,61.36,10341.0
2020-11-27,61.65,63.01,60.63,62.92,29936.0
2020-12-01,61.63,62.68,61.42,61.9,39589.0
2020-12-02,62.05,62.97,61.19,61.42,22387.0
2020-12-03,61.89,62.29,61.45,62.0,11706.0
2020-12-04,62.2,62.52,61.57,61.71,12437.0
2020-12-07,61.74,62.78,61.74,62.25,16012.0
2020-12-08,62.81,62.89,61.59,61.94,17164.0
2020-12-09,61.97,62.2,61.23,61.35,11815.0
2020-12-10,61.59,61.59,60.6,60.83,10770.0
2020-12-11,61.3,62.2,59.94,60.62,17907.0
2020-12-14,61.1,61.1,59.84,60.18,13514.0
2020-12-15,60.01,61.65,58.72,61.38,23791.0
2020-12-16,61.82,62.27,60.81,61.41,10452.0
2020-12-17,61.41,61.74,60.93,61.39,17281.0
2020-12-18,61.27,61.38,60.33,60.92,6315.0
2020-12-21,60.44,61.39,59.06,60.21,12073.0
2020-12-22,59.85,60.17,58.42,59.71,9283.0
2020-12-23,59.85,61.42,59.85,61.07,7876.0
2020-12-24,61.24,62.13,61.03,61.83,58507.0
2020-12-28,62.21,64.58,62.06,64.08,53700.0
2020-12-29,64.14,64.58,61.93,64.25,24322.0
2020-12-30,64.4,65.27,63.03,64.65,44148.0
2020-12-31,64.29,65.69,64.26,64.53,21772.0
2021-01-01,64.89,65.27,63.79,64.09,10303.0
2021-01-04,64.74,65.28,63.07,64.02,12077.0
2021-01-05,63.47,64.0,63.07,63.54,6560.0
2021-01-06,63.63,64.08,62.52,63.08,48393.0
2021-01-07,63.47,63.79,62.69,62.99,28958.0
2021-01-08,63.06,65.08,62.42,62.94,13224.0
2021-01-11,63.31,64.06,62.55,63.06,10144.0
2021-01-12,63.0,63.63,62.71,63.08,3930.0
2021-01-13,63.63,63.63,61.43,62.98,7820.0
2021-01-14,62.59,62.99,61.99,62.57,6971.0
2021-01-15,62.61,62.88,61.03,61.4,39868.0
2021-01-18,61.42,61.57,60.36,61.42,41661.0
2021-01-19,61.5,62.32,60.8,60.94,32071.0
2021-01-20,61.5,62.8,60.76,62.61,48769.0
2021-01-21,63.01,68.33,62.61,66.06,214412.0
2021-01-22,67.04,68.88,65.11,66.45,66492.0
2021-01-25,66.94,70.41,66.33,67.86,68372.0
2021-01-27,68.5,68.75,66.94,67.93,31740.0
2021-01-28,67.83,68.19,64.6,65.66,34378.0
2021-01-29,68.64,69.3,62.22,62.59,147702.0
2021-02-01,62.59,62.99,60.17,62.56,47559.0
2021-02-02,63.12,63.12,61.12,61.98,37835.0
2021-02-03,61.43,66.75,61.43,66.25,157296.0
2021-02-04,66.55,69.3,66.18,68.86,110192.0
2021-02-05,69.52,70.11,67.02,68.26,34759.0
2021-02-08,68.82,69.7,68.05,69.15,15628.0
2021-02-09,69.31,74.03,67.92,71.26,121894.0
2021-02-10,71.12,75.06,69.31,74.25,135350.0
2021-02-11,74.23,74.67,72.62,73.52,51894.0
2021-02-12,73.96,73.96,71.83,72.43,23542.0
2021-02-15,72.78,74.38,72.78,73.26,14767.0
2021-02-16,74.64,77.09,73.13,76.88,110297.0
2021-02-17,76.73,77.97,73.89,74.89,48637.0
2021-02-18,74.92,76.25,72.48,73.0,28059.0
2021-02-19,74.44,75.39,72.55,74.02,53012.0
2021-02-22,73.59,74.44,71.85,72.47,19513.0
2021-02-23,72.64,74.04,70.92,72.2,19483.0
2021-02-24,72.2,75.4,72.17,73.39,22375.0
2021-02-25,74.03,75.24,73.8,74.42,17832.0
2021-02-26,74.06,75.24,72.57,74.0,14018.0
2021-03-01,74.76,74.76,72.57,72.77,10159.0
2021-03-02,73.5,74.84,72.98,73.63,14741.0
2021-03-03,73.66,74.54,72.86,73.42,7964.0
2021-03-04,74.04,74.04,72.57,73.07,8088.0
2021-03-05,73.13,77.21,71.79,75.69,47178.0
2021-03-08,77.03,81.55,75.99,79.98,139453.0
2021-03-09,80.72,83.51,80.41,82.34,94804.0
2021-03-10,81.95,85.1,81.29,84.35,59889.0
2021-03-12,85.24,88.81,84.35,87.59,91415.0
2021-03-15,88.47,90.46,85.12,86.8,89967.0
2021-03-16,86.8,87.07,84.36,86.31,18530.0
2021-03-17,86.31,86.31,80.69,81.52,26213.0
2021-03-18,81.56,84.86,81.55,82.39,19653.0
2021-03-19,82.59,84.81,80.56,83.1,16627.0
2021-03-22,83.78,86.41,82.01,82.66,15924.0
2021-03-23,83.37,83.43,81.18,81.61,8767.0
2021-03-24,81.18,81.18,77.41,78.21,24822.0
2021-03-25,79.6,79.6,76.06,76.96,16568.0
2021-03-26,77.4,84.56,77.4,83.9,73643.0
2021-03-30,84.33,90.48,82.6,88.11,82867.0
2021-03-31,86.93,92.13,86.93,87.86,83296.0
2021-04-01,89.34,89.4,87.0,88.13,22489.0
2021-04-05,88.25,88.25,83.57,84.69,16102.0
2021-04-06,85.43,86.37,83.54,84.12,12201.0
2021-04-07,84.17,86.06,83.78,84.28,10210.0
2021-04-08,84.43,87.01,82.2,83.05,18203.0
2021-04-09,85.44,85.44,82.36,83.42,15227.0
2021-04-12,83.42,84.31,80.72,82.5,26248.0
2021-04-13,82.5,84.97,81.98,82.73,16701.0
2021-04-15,82.14,84.08,81.49,82.53,9345.0
2021-04-16,82.91,82.91,81.34,81.83,19682.0
2021-04-19,82.52,82.76,78.52,82.34,25980.0
2021-04-20,82.76,82.76,79.05,79.66,26492.0
2021-04-22,78.81,81.89,78.81,81.03,16867.0
2021-04-23,81.06,82.76,80.64,81.77,17763.0
2021-04-26,82.2,82.76,78.06,80.71,24002.0
2021-04-27,81.03,81.77,80.24,80.58,8741.0
2021-04-28,81.66,82.74,81.1,81.73,24558.0
2021-04-29,81.73,86.69,81.73,83.9,71655.0
2021-04-30,83.22,85.52,82.32,82.68,18355.0
2021-05-03,81.67,85.13,81.67,84.65,29480.0
2021-05-04,84.82,85.29,81.67,82.2,51416.0
2021-05-05,83.46,85.13,83.08,84.13,44980.0
2021-05-06,86.55,89.07,84.01,85.22,137684.0
2021-05-07,86.32,86.32,83.06,83.54,34974.0
2021-05-10,84.78,86.24,83.71,84.09,28480.0
2021-05-11,84.08,85.84,84.08,85.52,41113.0
2021-05-12,85.17,86.24,83.72,84.57,16267.0
2021-05-14,85.13,85.6,82.01,82.71,46574.0
2021-05-17,83.55,87.48,83.14,86.61,67844.0
2021-05-18,87.53,92.2,86.03,90.82,121161.0
2021-05-19,91.07,94.17,90.94,92.14,104022.0
2021-05-20,92.14,93.59,90.96,91.61,29403.0
2021-05-21,92.68,96.87,92.28,93.95,159910.0
2021-05-24,95.28,96.08,94.12,95.64,33745.0
2021-05-25,96.48,96.79,94.74,95.66,58895.0
2021-05-26,96.33,96.71,95.72,96.17,30469.0
2021-05-27,96.63,97.37,94.53,94.63,24667.0
2021-05-28,95.1,96.79,94.98,96.1,32913.0
2021-05-31,96.16,96.73,94.49,94.78,17724.0
2021-06-01,95.37,96.47,94.11,94.72,21847.0
2021-06-02,95.3,97.03,95.29,95.69,74425.0
2021-06-03,96.39,96.46,95.06,95.53,17279.0
2021-06-04,95.45,96.16,94.71,95.14,11130.0
2021-06-07,95.38,96.32,94.19,94.54,26893.0
2021-06-08,94.3,95.62,94.13,94.23,13850.0
2021-06-09,95.18,97.32,94.47,95.04,50110.0
2021-06-10,94.84,96.95,94.57,94.92,31253.0
2021-06-11,95.85,96.01,93.01,94.0,26590.0
2021-06-14,94.0,94.58,91.28,92.01,29100.0
2021-06-15,91.46,92.83,89.32,91.3,28272.0
2021-06-16,91.76,94.4,90.64,92.07,41774.0
2021-06-17,92.07,93.31,90.63,90.82,20667.0
2021-06-18,91.57,92.11,87.56,88.09,35728.0
2021-06-21,88.11,91.01,87.41,90.35,21156.0
2021-06-22,90.79,92.52,90.79,91.98,34832.0
2021-06-23,92.5,92.79,91.05,91.53,24749.0
2021-06-24,92.16,93.46,90.48,91.98,20211.0
2021-06-25,92.72,93.17,91.74,92.2,20034.0
2021-06-28,92.45,92.78,89.54,90.38,28996.0
2021-06-29,91.08,92.22,90.59,91.42,37727.0
2021-06-30,92.32,93.32,90.95,91.38,30859.0
2021-07-01,91.76,93.0,91.11,91.54,21325.0
2021-07-02,92.37,93.79,91.55,93.33,26103.0
2021-07-05,93.93,94.18,92.45,93.1,40093.0
2021-07-06,93.38,94.26,91.12,91.43,30181.0
2021-07-07,91.58,93.95,91.58,92.62,18089.0
2021-07-08,93.25,93.32,91.14,91.44,11296.0
2021-07-09,91.44,93.3,91.44,92.91,14960.0
2021-07-12,92.91,93.64,91.22,91.6,21915.0
2021-07-13,92.82,93.48,92.22,92.77,22792.0
2021-07-14,92.85,94.33,92.83,93.11,23986.0
2021-07-15,93.47,94.07,91.27,91.58,35194.0
2021-07-16,91.74,92.47,91.26,91.41,12148.0
2021-07-19,91.71,92.61,90.85,91.54,16248.0
2021-07-20,92.11,92.11,88.5,88.7,24247.0
2021-07-22,89.73,91.47,89.29,90.11,19015.0
2021-07-23,90.52,91.39,89.61,89.96,16564.0
2021-07-26,89.92,90.67,84.38,89.79,11657.0
2021-07-27,89.81,90.47,88.5,88.64,8598.0
2021-07-28,89.08,90.08,86.68,87.71,22754.0
2021-07-29,88.02,88.3,86.52,86.81,15182.0
2021-07-30,86.81,86.91,85.65,86.41,55943.0
2021-08-02,86.03,86.6,84.37,86.09,38427.0
2021-08-03,86.24,92.76,86.13,87.14,185064.0
2021-08-04,87.86,90.83,87.18,88.13,62185.0
2021-08-05,88.96,89.03,87.07,87.53,18749.0
2021-08-06,88.23,88.3,86.95,87.65,18470.0
2021-08-09,87.69,88.71,86.35,86.61,20128.0
2021-08-10,86.43,86.89,84.77,85.75,21156.0
2021-08-11,85.64,86.39,83.85,85.92,15423.0
2021-08-12,86.43,88.56,86.42,88.05,17423.0
2021-08-13,88.86,90.45,88.48,90.02,21292.0
2021-08-16,90.43,91.32,89.42,90.84,16277.0
2021-08-17,89.75,92.26,89.75,91.52,17868.0
2021-08-18,91.63,92.03,90.52,91.09,7610.0
2021-08-20,90.05,91.23,89.54,90.74,9170.0
2021-08-23,90.91,91.24,88.48,89.0,19251.0
2021-08-24,89.0,90.44,88.43,89.73,33252.0
2021-08-25,90.66,92.1,89.86,92.02,33107.0
2021-08-26,92.81,92.81,88.57,89.96,51129.0
2021-08-27,89.73,90.72,89.12,89.91,11563.0
2021-08-30,90.76,92.11,89.39,91.56,22761.0
2021-08-31,92.15,93.83,91.85,92.63,28055.0
2021-09-01,92.82,93.61,92.2,92.83,12167.0
2021-09-02,93.18,93.85,92.58,93.22,40426.0
2021-09-03,93.05,100.15,92.6,99.48,229697.0
2021-09-06,99.7,101.11,96.84,97.68,77704.0
2021-09-07,98.15,102.48,98.15,101.55,185405.0
2021-09-08,102.61,102.62,99.71,100.81,44288.0
2021-09-09,103.17,103.39,101.12,101.48,67790.0
2021-09-13,102.86,102.86,100.11,100.8,36635.0
2021-09-14,101.39,102.0,100.17,100.79,23000.0
2021-09-15,101.34,101.79,100.07,101.01,24745.0
2021-09-16,100.84,102.62,100.84,102.36,31582.0
2021-09-17,102.38,102.7,101.6,102.43,35347.0
2021-09-20,102.38,102.38,99.09,99.92,24382.0
2021-09-21,99.92,100.29,97.57,97.93,16285.0
2021-09-22,98.39,102.61,97.89,101.44,50498.0
2021-09-23,102.05,103.38,100.71,101.82,32976.0
2021-09-24,102.33,102.61,101.17,101.97,12407.0
2021-09-27,101.96,104.34,100.66,101.67,37518.0
2021-09-28,102.45,102.45,99.89,101.57,11229.0
2021-09-29,100.23,102.69,100.15,101.11,13082.0
2021-09-30,104.58,104.58,102.01,102.81,45988.0
2021-10-01,102.7,102.7,101.28,101.43,6568.0
2021-10-04,101.47,101.96,99.56,99.95,15064.0
2021-10-05,100.01,102.6,100.01,101.61,16470.0
2021-10-06,102.51,103.16,100.39,100.95,11455.0
2021-10-07,101.15,104.19,100.33,103.8,31752.0
2021-10-08,104.43,104.43,101.29,101.6,19930.0
2021-10-11,102.22,103.64,100.88,101.82,19448.0
2021-10-12,102.5,104.19,101.11,103.97,35232.0
2021-10-13,104.11,104.19,102.39,102.68,17231.0
2021-10-14,104.03,104.03,101.69,102.83,7976.0
2021-10-18,102.69,103.29,102.08,102.64,11897.0
2021-10-19,103.16,103.24,101.77,102.31,15152.0
2021-10-20,102.31,102.37,97.97,98.57,15505.0
2021-10-21,98.6,99.7,93.74,99.12,46641.0
2021-10-22,99.07,100.83,97.56,99.01,18252.0
2021-10-25,98.27,98.85,95.13,96.73,15068.0
2021-10-26,97.21,99.24,96.84,98.53,13092.0
2021-10-27,98.53,107.12,97.97,104.9,72871.0
2021-10-28,105.06,106.44,102.86,103.93,32338.0
2021-10-29,104.11,106.48,101.9,105.13,33734.0
2021-11-01,105.13,111.52,104.98,110.57,122987.0
2021-11-02,111.19,111.21,104.67,106.47,32013.0
2021-11-03,105.3,108.61,105.1,107.55,34266.0
2021-11-04,108.62,109.02,107.03,107.83,4700.0
2021-11-08,107.91,112.94,107.85,111.8,50718.0
2021-11-09,110.6,114.94,110.43,111.32,30237.0
2021-11-10,111.38,112.42,110.36,110.93,15308.0
2021-11-11,110.2,111.34,110.12,110.66,11263.0
2021-11-12,110.67,111.03,109.56,109.74,7356.0
2021-11-15,109.0,113.34,109.0,112.5,20084.0
2021-11-16,112.5,112.67,110.43,110.6,17241.0
2021-11-17,110.92,112.88,110.91,111.31,16698.0
2021-11-18,111.98,111.98,105.53,108.58,26301.0
2021-11-22,109.55,109.55,102.8,104.09,18047.0
2021-11-23,104.29,108.1,102.87,106.42,15428.0
2021-11-24,106.91,108.03,104.47,105.03,8948.0
2021-11-25,105.68,108.21,104.75,107.48,8322.0
2021-11-26,107.36,110.53,105.86,107.4,15756.0
2021-11-29,106.36,108.85,102.58,108.26,10814.0
2021-11-30,108.93,109.16,102.37,103.5,19731.0
2021-12-01,104.27,105.29,101.82,102.32,15672.0
2021-12-02,103.01,107.43,102.57,106.0,21834.0
2021-12-03,106.48,106.67,103.76,104.0,10961.0
2021-12-06,104.3,104.3,100.24,102.29,10857.0
2021-12-07,102.69,103.74,101.66,101.85,11725.0
2021-12-08,101.85,103.71,101.5,103.08,22410.0
2021-12-09,103.47,104.64,102.79,103.43,19140.0
2021-12-10,103.71,104.0,101.6,102.21,29132.0
2021-12-13,102.68,104.52,101.49,102.93,21346.0
2021-12-14,102.84,103.38,100.79,101.52,15586.0
2021-12-15,101.83,102.24,99.6,99.73,26359.0
2021-12-16,100.06,100.89,99.2,99.51,7712.0
2021-12-17,99.33,101.6,98.54,99.55,7017.0
2021-12-20,99.55,99.55,95.65,97.61,18059.0
2021-12-21,97.94,100.46,97.46,98.07,9129.0
2021-12-22,98.06,99.5,97.15,98.04,14338.0
2021-12-23,99.49,99.68,97.62,98.13,7052.0
2021-12-24,98.81,99.49,97.14,97.45,5449.0
2021-12-27,97.45,98.61,96.39,97.25,20844.0
2021-12-28,97.9,99.18,96.6,97.96,18812.0
2021-12-29,97.65,98.58,97.58,97.78,45459.0
2021-12-30,99.51,101.64,94.83,99.49,31315.0
2021-12-31,99.51,101.42,98.46,99.89,50723.0
2022-01-03,99.89,102.21,98.91,101.92,17801.0
2022-01-04,103.0,104.25,101.9,103.89,18489.0
2022-01-05,104.29,107.98,103.96,107.56,44370.0
2022-01-06,107.88,108.12,104.73,107.47,22600.0
2022-01-07,108.38,108.72,105.46,106.4,11171.0
2022-01-10,106.96,108.47,106.09,106.89,14665.0
2022-01-11,106.64,111.7,105.9,110.78,27355.0
2022-01-12,111.69,118.34,111.03,117.09,53497.0
2022-01-13,117.2,118.5,113.44,114.63,32593.0
2022-01-14,113.76,114.72,112.23,114.08,17150.0
2022-01-17,114.38,114.38,111.4,112.64,12078.0
2022-01-18,113.75,114.18,111.54,112.01,8983.0
2022-01-19,111.38,112.3,109.62,111.3,20543.0
2022-01-20,111.28,112.02,109.73,110.53,6718.0
2022-01-21,110.59,110.98,109.33,110.3,10914.0
2022-01-24,110.3,110.82,105.16,106.71,23291.0
2022-01-25,105.08,107.92,101.72,105.83,20942.0
2022-01-27,105.84,106.57,103.68,105.57,10052.0
2022-01-28,105.47,108.22,105.09,106.12,19148.0
2022-01-31,108.33,110.61,107.64,109.45,32752.0
2022-02-01,109.81,109.81,106.73,107.4,11461.0
2022-02-02,107.52,110.56,107.28,107.46,12581.0
2022-02-03,107.92,109.34,106.73,107.12,21548.0
2022-02-04,107.12,107.91,104.41,105.0,6590.0
2022-02-07,105.55,105.61,101.2,102.23,20572.0
2022-02-08,102.76,104.94,102.49,103.1,15543.0
2022-02-09,103.1,106.78,103.04,106.41,12979.0
2022-02-10,107.05,107.21,104.29,104.81,7831.0
2022-02-11,101.69,105.37,101.69,104.06,7816.0
2022-02-14,101.59,102.39,99.13,99.98,7277.0
2022-02-15,100.56,102.14,98.37,99.86,8570.0
2022-02-16,100.38,102.65,100.38,101.61,12812.0
2022-02-17,101.84,103.72,100.92,101.88,4940.0
2022-02-18,101.11,104.28,101.03,102.73,8267.0
2022-02-21,102.28,102.28,98.12,99.57,16144.0
2022-02-22,97.1,98.18,95.69,96.82,14228.0
2022-02-23,97.51,97.9,95.94,96.75,17240.0
2022-02-24,93.93,95.91,92.15,95.14,25379.0
2022-02-25,95.19,99.01,95.19,97.18,37692.0
2022-02-28,95.52,95.99,94.11,95.19,11356.0
2022-03-02,94.61,96.73,92.8,93.38,8824.0
2022-03-03,95.11,95.15,93.41,93.64,7337.0
2022-03-04,93.42,93.42,88.18,90.11,57139.0
2022-03-07,87.64,88.79,86.04,87.82,12958.0
2022-03-08,87.1,91.97,86.04,90.11,13261.0
2022-03-09,91.19,94.46,90.45,93.25,14840.0
2022-03-10,94.76,95.95,93.74,94.41,12757.0
2022-03-11,95.92,96.27,94.27,95.9,7036.0
2022-03-14,96.49,99.12,94.94,98.3,12149.0
2022-03-15,99.18,99.81,97.09,97.77,8780.0
2022-03-16,97.53,99.11,97.31,98.29,4941.0
2022-03-17,99.49,100.66,97.96,98.2,9286.0
2022-03-21,98.72,99.01,97.96,98.3,6062.0
2022-03-22,98.34,99.01,98.15,98.56,4877.0
2022-03-23,99.08,99.33,98.18,98.43,7181.0
2022-03-24,98.94,101.46,98.44,101.16,8919.0
2022-03-25,101.09,102.32,100.46,101.83,7825.0
2022-03-28,101.83,104.33,100.13,102.81,35012.0
2022-03-29,103.35,106.45,102.62,106.07,15266.0
2022-03-30,106.44,108.02,104.96,107.4,7930.0
2022-03-31,107.96,109.33,106.79,108.81,11408.0
2022-04-01,107.82,109.6,107.05,108.34,7804.0
2022-04-04,108.45,109.7,106.23,106.54,6478.0
2022-04-05,107.82,107.82,102.81,104.07,21084.0
2022-04-06,103.86,105.31,103.12,104.24,9094.0
2022-04-07,104.24,104.65,99.77,101.36,15149.0
2022-04-08,101.86,104.02,101.81,103.69,6366.0
2022-04-11,103.1,105.14,102.44,104.07,7503.0
2022-04-12,103.56,104.25,101.75,102.85,5355.0
2022-04-13,104.24,104.24,103.07,103.47,3027.0
2022-04-18,103.2,103.21,101.47,102.3,4643.0
2022-04-19,102.58,105.59,102.06,103.29,7865.0
2022-04-20,103.71,106.65,103.61,104.77,11761.0
2022-04-21,105.44,106.86,104.72,105.97,5046.0
2022-04-22,106.55,106.55,105.29,106.1,3151.0
2022-04-25,104.51,106.54,104.16,105.54,4619.0
2022-04-26,105.07,107.04,105.07,106.72,5947.0
2022-04-27,106.23,107.22,104.85,105.25,3760.0
2022-04-28,106.83,107.42,104.99,106.85,5168.0
2022-04-29,106.07,109.96,105.97,108.4,12724.0
2022-05-02,107.81,112.57,107.02,111.66,16233.0
2022-05-04,111.79,115.16,107.18,109.68,37216.0
2022-05-05,111.6,114.63,107.69,108.38,32727.0
2022-05-06,109.56,111.38,106.98,108.44,56380.0
2022-05-09,108.44,108.44,104.89,107.02,10067.0
2022-05-10,106.23,108.58,104.97,107.6,21654.0
2022-05-11,107.58,110.34,107.32,108.91,19587.0
2022-05-12,109.41,112.42,107.21,110.98,17347.0
2022-05-13,112.58,113.38,110.01,110.93,28094.0
2022-05-16,112.01,112.58,107.66,108.57,15678.0
2022-05-17,110.18,112.56,108.77,111.96,12650.0
2022-05-18,113.31,117.0,112.93,113.94,27388.0
2022-05-19,111.39,114.9,111.0,112.88,14327.0
2022-05-20,114.96,115.73,113.37,114.93,11922.0
2022-05-23,115.73,118.52,109.17,110.32,35845.0
2022-05-24,110.87,114.77,108.83,113.57,28497.0
2022-05-25,113.84,114.89,111.06,111.66,11994.0
2022-05-26,113.23,116.77,112.28,115.98,27085.0
2022-05-27,118.42,118.91,116.5,117.37,50444.0
2022-05-30,120.49,120.49,117.56,118.47,16736.0
2022-05-31,119.38,119.38,117.77,118.75,23913.0
2022-06-01,119.37,122.46,118.32,121.56,55307.0
2022-06-02,121.69,123.9,120.12,122.01,38004.0
2022-06-03,122.85,122.85,119.0,120.65,14338.0
2022-06-06,119.62,122.47,118.91,119.56,12132.0
2022-06-07,119.76,119.76,115.76,116.84,7813.0
2022-06-08,116.69,118.06,115.82,116.85,5248.0
2022-06-09,117.33,117.4,115.75,117.12,5323.0
2022-06-10,117.11,117.11,113.5,114.3,8181.0
2022-06-13,113.99,113.99,108.23,109.18,14309.0
2022-06-14,107.9,110.02,107.05,107.56,19329.0
2022-06-15,108.34,109.8,106.63,107.91,10189.0
2022-06-16,109.01,109.8,103.72,107.09,10748.0
2022-06-17,107.8,107.8,103.25,103.76,14367.0
2022-06-20,103.85,105.45,102.31,103.07,19235.0
2022-06-21,104.64,109.06,103.58,108.04,11485.0
2022-06-22,109.04,114.54,107.26,113.71,26896.0
2022-06-23,113.35,115.88,112.02,115.52,19333.0
2022-06-24,115.52,116.39,114.64,115.65,12804.0
2022-06-27,115.73,117.31,115.33,115.75,9211.0
2022-06-28,116.12,124.44,114.05,119.91,23720.0
2022-06-29,121.28,124.45,120.07,123.69,45882.0
2022-06-30,124.44,124.92,120.96,123.69,29688.0
2022-07-01,124.45,124.88,122.55,124.05,16566.0
2022-07-04,125.24,126.32,122.47,123.22,34793.0
2022-07-05,123.32,125.24,123.07,123.87,21860.0
2022-07-06,123.66,129.51,123.66,126.34,80604.0
2022-07-07,128.39,129.34,127.64,128.26,17831.0
2022-07-08,128.6,129.05,125.8,127.94,15540.0
2022-07-11,128.59,128.59,126.27,128.33,16688.0
2022-07-12,128.48,129.76,124.53,124.96,25023.0
2022-07-13,126.04,128.58,125.67,126.78,11684.0
2022-07-14,126.78,129.38,126.51,128.96,13745.0
2022-07-15,129.19,130.0,127.47,129.54,10975.0
2022-07-18,130.57,133.34,130.0,131.94,41635.0
2022-07-19,131.94,133.34,131.2,132.14,14324.0
2022-07-20,133.58,133.74,129.33,129.81,19797.0
2022-07-21,130.3,133.67,130.3,132.53,24281.0
2022-07-22,132.53,133.74,130.79,133.31,15594.0
2022-07-25,134.12,134.12,132.69,133.35,12221.0
2022-07-26,133.76,133.76,131.53,132.44,10034.0
2022-07-27,133.31,133.31,131.02,132.14,13784.0
2022-07-28,133.36,134.06,131.18,132.18,45101.0
2022-07-29,133.14,138.34,132.57,136.74,47523.0
2022-08-01,137.42,141.51,136.7,138.84,31679.0
2022-08-02,139.6,142.13,138.84,140.7,64352.0
2022-08-03,140.71,143.27,139.72,142.54,39229.0
2022-08-04,143.28,144.38,140.13,141.18,28378.0
2022-08-05,141.87,143.46,140.12,141.07,16134.0
2022-08-08,141.54,143.29,141.17,141.71,13247.0
2022-08-10,142.3,142.82,139.48,140.01,19194.0
2022-08-11,140.51,140.91,137.27,138.0,18419.0
2022-08-12,138.53,139.37,135.98,136.9,15925.0
2022-08-16,136.93,139.31,136.93,139.11,14431.0
2022-08-17,139.96,140.12,137.25,137.67,10738.0
2022-08-18,139.13,139.16,136.95,137.51,8720.0
2022-08-19,138.52,139.24,136.13,136.75,10303.0
2022-08-22,135.99,139.01,134.7,135.47,25155.0
2022-08-23,134.87,139.87,134.87,137.15,32042.0
2022-08-24,138.36,139.74,136.22,137.47,28812.0
2022-08-25,139.15,140.08,137.07,137.67,18628.0
2022-08-26,139.31,139.31,137.01,137.82,20220.0
2022-08-29,136.98,138.16,135.09,135.7,16384.0
2022-08-30,136.61,138.05,135.82,136.07,22163.0
2022-09-01,136.07,144.74,135.91,138.91,81272.0
2022-09-02,140.07,141.67,138.87,139.58,30141.0
2022-09-05,140.64,142.19,139.71,140.48,20259.0
2022-09-06,141.18,142.45,139.93,141.41,24086.0
2022-09-07,142.49,147.76,141.71,144.11,70612.0
2022-09-08,146.01,146.62,142.59,143.16,23013.0
2022-09-09,144.21,145.29,141.71,142.51,21409.0
2022-09-12,143.7,144.72,142.04,142.46,18918.0
2022-09-13,142.91,143.71,140.68,141.08,43573.0
2022-09-14,140.57,141.55,136.62,136.88,42634.0
2022-09-15,138.13,139.56,133.04,137.19,53747.0
2022-09-16,137.7,138.52,130.73,135.58,221215.0
2022-09-19,135.58,137.3,134.45,135.08,23545.0
2022-09-20,136.93,138.45,135.79,137.31,18604.0
2022-09-21,137.31,138.19,135.71,136.0,11829.0
2022-09-22,134.43,142.16,134.43,140.23,114117.0
2022-09-23,140.75,141.63,138.22,139.23,13602.0
2022-09-26,139.31,139.71,133.93,134.74,32356.0
2022-09-27,134.74,137.69,134.54,134.76,18950.0
2022-09-28,134.76,138.0,134.22,136.64,13852.0
2022-09-29,139.94,141.53,138.05,138.69,37670.0
2022-09-30,139.55,142.1,138.68,140.93,26725.0
2022-10-03,140.72,144.49,139.16,143.34,28408.0
2022-10-04,145.21,153.49,144.09,149.18,80232.0
2022-10-06,150.62,150.62,145.96,147.12,18163.0
2022-10-07,147.12,148.47,145.49,145.92,15952.0
2022-10-10,145.56,145.72,143.46,143.88,14968.0
2022-10-11,145.05,145.78,141.0,141.93,21205.0
2022-10-12,142.82,143.78,140.3,142.81,10570.0
2022-10-13,143.3,144.1,141.71,142.61,13798.0
2022-10-14,143.62,143.87,141.74,142.19,6549.0
2022-10-17,141.94,142.19,137.06,137.76,12400.0
2022-10-18,137.76,138.84,134.63,135.18,29164.0
2022-10-19,135.82,136.09,132.5,134.58,26540.0
2022-10-20,135.14,136.86,133.59,133.93,20565.0
2022-10-21,134.6,134.6,130.93,131.84,17731.0
2022-10-24,133.42,134.46,132.5,134.23,3032.0
2022-10-25,134.23,134.23,131.38,131.65,12565.0
2022-10-27,131.65,133.42,129.14,130.6,17171.0
2022-10-28,130.71,131.41,125.02,126.49,41199.0
2022-10-31,126.67,127.72,120.33,120.81,55799.0
2022-11-01,119.68,119.68,115.95,116.99,59389.0
2022-11-02,116.99,119.4,115.27,118.11,99845.0
2022-11-03,116.25,117.51,115.76,116.07,34304.0
2022-11-04,115.44,116.07,113.58,114.2,31334.0
2022-11-07,114.64,116.79,111.92,116.05,49987.0
2022-11-09,116.63,119.34,116.27,117.75,33878.0
2022-11-10,117.67,117.67,115.04,115.49,16816.0
2022-11-11,116.52,117.03,113.05,113.32,32168.0
2022-11-14,113.32,113.59,111.46,111.61,14813.0
2022-11-15,111.78,114.95,111.63,112.95,41623.0
2022-11-16,113.06,114.45,111.07,111.7,36712.0
2022-11-17,112.21,114.24,111.49,113.93,31706.0
2022-11-18,115.61,117.03,112.49,113.22,44262.0
2022-11-21,113.79,114.1,112.26,113.51,9365.0
2022-11-22,114.08,122.46,112.34,116.29,24998.0
2022-11-23,116.87,118.31,115.71,117.62,22344.0
2022-11-24,117.91,118.15,116.87,117.5,8322.0
2022-11-25,117.5,118.46,116.12,117.24,13906.0
2022-11-28,117.03,120.41,116.5,120.09,51604.0
2022-11-29,121.0,121.4,119.79,120.64,24177.0
2022-11-30,120.64,121.4,119.82,121.07,33712.0
2022-12-01,120.84,121.39,119.66,120.15,138961.0
2022-12-02,120.2,122.12,120.06,121.73,17621.0
2022-12-05,121.72,123.12,120.22,120.56,11067.0
2022-12-06,120.83,121.37,118.71,119.4,11422.0
2022-12-07,119.97,121.23,119.13,119.82,10372.0
2022-12-08,120.45,121.54,117.99,119.68,55343.0
2022-12-09,119.87,121.96,119.12,121.41,29031.0
2022-12-12,121.23,121.72,119.65,120.45,13137.0
2022-12-13,120.45,121.24,118.8,119.96,10456.0
2022-12-14,120.06,120.88,118.13,119.14,26392.0
2022-12-15,119.14,120.05,118.69,119.4,5982.0
2022-12-16,118.86,121.55,118.15,121.03,20890.0
2022-12-19,121.16,124.41,121.0,122.78,13431.0
2022-12-20,122.13,123.98,121.4,123.24,19777.0
2022-12-21,123.31,123.31,118.0,120.04,32105.0
2022-12-22,120.21,121.39,116.07,119.38,20838.0
2022-12-23,117.02,118.93,115.67,118.19,17306.0
2022-12-26,117.82,118.62,116.15,117.93,21070.0
2022-12-27,117.68,120.13,117.11,119.86,10636.0
2022-12-28,120.19,122.6,118.94,122.23,9920.0
2022-12-29,121.01,123.78,120.24,122.5,14591.0
2022-12-30,123.29,123.83,121.52,122.7,12565.0
2023-01-02,122.83,126.41,122.35,124.56,20918.0
2023-01-03,124.34,125.15,122.49,124.43,25849.0
2023-01-04,125.05,126.02,123.56,125.2,20177.0
2023-01-05,125.82,125.82,121.36,122.72,40258.0
2023-01-06,122.72,122.72,121.53,122.22,9420.0
2023-01-09,122.22,123.12,119.76,120.71,7849.0
2023-01-10,121.03,121.03,117.44,118.53,48079.0
2023-01-11,118.53,118.63,116.4,117.03,18243.0
2023-01-12,117.62,118.47,114.73,115.45,12407.0
2023-01-13,115.58,116.01,113.42,114.02,9890.0
2023-01-16,113.29,114.69,113.29,114.24,5650.0
2023-01-17,114.28,114.77,111.87,112.54,15092.0
2023-01-18,113.54,115.25,112.59,113.44,14591.0
2023-01-19,114.04,116.12,112.4,114.71,11984.0
2023-01-20,114.66,114.66,113.07,113.37,5315.0
2023-01-23,113.47,114.28,110.1,110.56,21411.0
2023-01-24,111.11,112.42,109.67,110.03,41328.0
2023-01-25,110.0,110.75,106.89,107.48,34059.0
2023-01-27,105.11,106.87,103.51,104.44,67252.0
2023-01-30,104.44,104.95,101.77,102.4,12342.0
2023-01-31,103.92,103.92,99.45,100.58,47365.0
2023-02-01,100.58,100.95,96.37,97.46,28509.0
2023-02-02,97.14,99.37,95.76,99.03,127121.0
2023-02-03,99.41,99.53,95.79,96.98,20007.0
2023-02-06,96.98,101.21,96.71,101.06,17474.0
2023-02-07,101.06,105.85,100.41,104.58,54190.0
2023-02-08,103.84,104.44,102.26,104.01,20209.0
2023-02-09,103.91,103.91,101.77,103.05,15217.0
2023-02-10,102.27,104.16,101.76,102.27,16634.0
2023-02-13,102.27,102.71,95.95,97.62,24823.0
2023-02-14,98.13,98.82,95.69,96.29,21386.0
2023-02-15,96.18,99.13,96.18,98.81,8229.0
2023-02-16,99.29,99.29,96.76,98.32,49379.0
2023-02-17,97.73,99.61,96.36,98.37,21831.0
2023-02-20,98.67,99.76,98.14,99.5,6678.0
2023-02-21,99.53,102.72,98.04,101.21,16322.0
2023-02-22,101.13,101.84,100.17,100.53,31719.0
2023-02-23,101.13,101.73,98.76,100.02,33533.0
2023-02-24,99.62,100.25,98.2,99.48,29039.0
2023-02-27,99.54,100.5,97.97,100.2,12534.0
2023-02-28,100.1,100.77,97.09,98.89,38901.0
2023-03-01,98.75,101.14,98.41,100.9,8295.0
2023-03-02,100.9,101.67,99.86,100.62,6570.0
2023-03-03,100.62,101.25,99.86,100.87,8621.0
2023-03-06,100.87,101.52,98.95,99.36,24045.0
2023-03-08,100.31,100.31,96.3,97.12,47861.0
2023-03-09,97.61,97.63,96.03,96.35,58122.0
2023-03-10,96.81,97.4,95.6,97.18,11342.0
2023-03-13,96.94,97.76,96.05,96.75,13549.0
2023-03-14,97.37,97.37,94.54,95.8,15818.0
2023-03-15,96.3,98.37,95.42,97.77,14666.0
2023-03-16,97.63,97.7,94.93,95.64,19821.0
2023-03-17,96.18,96.4,95.35,95.55,9777.0
2023-03-20,97.91,97.91,91.18,96.83,11707.0
2023-03-21,96.22,97.44,95.63,96.43,11102.0
2023-03-22,96.66,97.01,95.55,96.86,23298.0
2023-03-23,96.66,97.7,95.79,97.24,12971.0
2023-03-24,96.86,98.1,96.63,96.99,8868.0
2023-03-27,96.35,97.47,95.54,96.68,16500.0
2023-03-28,96.52,96.59,95.27,95.89,11182.0
2023-03-29,95.8,97.61,93.06,96.84,31479.0
2023-03-31,97.2,100.01,95.71,98.95,16827.0
2023-04-03,98.58,98.74,96.51,97.98,15269.0
2023-04-05,97.31,98.33,96.91,97.12,38502.0
2023-04-06,96.75,99.7,96.59,99.58,14369.0
2023-04-10,99.75,103.0,99.17,102.74,54338.0
2023-04-11,102.56,102.56,100.04,100.59,28973.0
2023-04-12,100.5,101.35,97.06,97.47,67316.0
2023-04-13,97.2,97.98,96.2,97.22,34746.0
2023-04-17,97.22,98.18,96.05,96.3,26180.0
2023-04-18,96.31,97.1,95.58,96.52,26421.0
2023-04-19,96.6,96.86,95.81,96.66,15430.0
2023-04-20,96.16,97.28,95.57,95.76,25645.0
2023-04-21,96.14,96.14,95.56,95.67,9798.0
2023-04-24,95.67,95.93,95.01,95.12,16265.0
2023-04-25,95.12,96.05,94.23,95.23,22673.0
2023-04-26,95.33,96.05,95.09,95.86,14921.0
2023-04-27,95.89,96.0,94.94,95.18,9979.0
2023-04-28,95.18,95.38,94.0,94.64,16541.0
2023-05-02,95.02,95.72,94.75,95.27,41904.0
2023-05-03,95.39,96.36,94.62,94.84,21070.0
2023-05-04,94.87,95.43,92.4,93.31,39057.0
2023-05-05,94.25,94.76,91.44,92.3,20784.0
2023-05-08,91.61,91.61,89.72,90.84,30561.0
2023-05-09,90.84,92.65,90.84,91.35,11123.0
2023-05-10,91.82,93.58,91.09,93.43,15348.0
2023-05-11,93.6,94.29,92.82,94.04,12284.0
2023-05-12,94.37,95.11,93.58,94.03,11689.0
2023-05-15,94.03,94.77,93.99,94.35,8421.0
2023-05-16,94.85,95.98,94.2,95.61,10510.0
2023-05-17,96.36,96.36,94.56,95.74,9494.0
2023-05-18,95.91,96.7,95.59,96.57,16576.0
2023-05-19,96.59,96.78,95.27,96.4,7637.0
2023-05-22,96.63,97.46,96.38,97.03,10472.0
2023-05-23,97.03,97.34,96.4,97.08,11076.0
2023-05-24,97.02,97.02,95.97,96.75,6395.0
2023-05-25,97.17,97.31,95.99,97.0,9328.0
2023-05-26,97.0,97.35,95.78,97.08,11335.0
2023-05-29,97.33,97.67,96.41,97.05,10081.0
2023-05-30,96.51,98.35,96.29,98.03,17088.0
2023-05-31,98.02,99.73,96.99,99.2,24229.0
2023-06-01,98.78,100.33,98.55,98.89,10371.0
2023-06-02,99.56,100.1,98.23,99.49,11255.0
2023-06-05,99.35,100.38,98.99,100.02,6569.0
2023-06-06,100.02,101.09,99.71,101.04,11704.0
2023-06-07,101.09,101.97,100.12,101.56,43611.0
2023-06-08,101.57,102.77,101.57,102.39,12853.0
2023-06-09,103.19,105.56,102.69,104.82,31139.0
2023-06-12,105.16,106.4,104.36,105.81,27657.0
2023-06-13,106.33,106.33,105.18,106.04,11142.0
2023-06-14,106.04,106.04,105.0,105.11,8376.0
2023-06-15,105.11,105.79,103.76,105.52,11412.0
2023-06-16,105.63,105.63,104.73,105.21,5218.0
2023-06-19,104.93,106.26,104.34,105.98,59269.0
2023-06-20,106.43,107.86,105.02,107.43,13369.0
2023-06-21,111.37,115.69,109.2,115.17,183672.0
2023-06-22,115.78,117.12,114.42,116.13,68374.0
2023-06-23,115.73,116.46,114.13,115.55,25541.0
2023-06-26,116.14,116.14,113.46,114.0,11308.0
2023-06-27,114.31,114.85,112.98,114.77,19901.0
2023-06-28,115.36,115.36,114.42,114.75,21040.0
2023-06-30,114.5,116.14,113.86,115.46,36072.0
2023-07-03,114.66,116.02,114.66,115.77,12888.0
2023-07-04,115.77,117.05,115.46,116.04,9433.0
2023-07-05,115.33,116.65,114.42,115.56,22316.0
2023-07-06,115.56,118.73,114.58,117.01,19606.0
2023-07-07,117.62,118.71,115.19,116.43,10574.0
2023-07-10,116.43,116.43,114.77,115.73,6837.0
2023-07-11,116.34,117.77,115.18,116.32,6731.0
2023-07-12,116.32,117.7,115.38,117.23,9411.0
2023-07-13,117.85,117.85,116.02,116.8,9985.0
2023-07-14,116.22,119.2,116.22,118.08,16247.0
2023-07-17,118.73,118.73,117.55,117.87,6123.0
2023-07-18,118.49,118.49,115.7,116.98,9186.0
2023-07-19,117.3,118.9,116.44,116.95,6795.0
2023-07-20,117.13,117.56,116.02,116.96,10369.0
2023-07-21,116.96,116.96,115.58,115.74,16626.0
2023-07-24,115.21,116.47,114.57,115.54,4634.0
2023-07-25,115.67,116.2,113.46,114.47,20797.0
2023-07-26,114.47,116.8,114.47,116.53,7534.0
2023-07-27,116.81,117.46,113.61,115.67,10895.0
2023-07-28,113.45,113.45,110.48,110.83,42677.0
2023-07-31,111.28,112.83,107.04,107.65,23656.0
2023-08-01,107.7,108.3,102.56,105.78,83026.0
2023-08-02,107.04,107.04,104.11,104.44,17479.0
2023-08-03,105.12,105.21,101.93,102.38,35501.0
2023-08-04,103.2,103.2,100.03,100.71,33761.0
2023-08-07,101.28,104.61,100.51,103.46,30430.0
2023-08-08,104.45,104.45,101.2,101.44,28038.0
2023-08-09,101.97,102.84,100.0,100.87,31734.0
2023-08-10,100.87,100.95,99.17,100.28,9261.0
2023-08-11,100.28,100.64,99.43,99.54,24516.0
2023-08-14,100.79,102.77,99.12,102.05,62480.0
2023-08-16,102.05,103.6,101.23,103.08,11050.0
2023-08-17,103.68,103.82,100.8,102.0,34382.0
2023-08-18,102.0,103.49,101.76,103.06,26349.0
2023-08-21,102.52,103.13,102.09,102.94,25596.0
2023-08-22,103.11,103.91,102.71,103.7,10862.0
2023-08-23,103.76,104.0,102.8,103.26,10449.0
2023-08-24,103.67,103.93,102.9,103.65,11206.0
2023-08-25,103.65,104.15,102.08,102.31,20703.0
2023-08-28,102.62,102.8,100.81,101.12,11844.0
2023-08-29,101.18,101.53,100.08,100.28,19074.0
2023-08-30,101.59,101.59,98.4,99.85,34808.0
2023-08-31,100.37,100.87,99.24,100.52,29030.0
2023-09-01,101.14,102.25,99.85,100.53,31717.0
2023-09-04,101.06,101.06,99.79,99.98,20686.0
2023-09-05,99.98,100.85,99.46,99.67,9950.0
2023-09-06,99.67,101.48,99.38,99.92,25299.0
2023-09-07,99.96,100.82,99.32,99.72,13747.0
2023-09-08,100.24,101.78,99.88,100.83,24249.0
2023-09-11,101.62,103.57,101.46,102.75,26851.0
2023-09-12,103.98,107.69,100.04,106.06,74434.0
2023-09-13,104.67,109.48,104.67,108.91,54497.0
2023-09-14,109.29,110.79,108.98,110.1,25756.0
2023-09-15,111.17,113.05,109.12,111.82,34132.0
2023-09-18,111.24,112.79,107.62,109.33,12397.0
2023-09-20,109.33,110.67,107.72,108.84,25161.0
2023-09-21,107.21,109.68,106.81,107.46,13450.0
2023-09-22,107.53,108.81,107.05,108.65,14342.0
2023-09-25,109.13,109.22,107.23,107.48,5940.0
2023-09-26,108.01,108.17,105.61,106.5,13859.0
2023-09-27,107.19,107.2,105.2,106.0,8657.0
2023-09-28,106.56,108.37,105.92,106.8,18837.0
2023-09-29,107.36,108.25,106.17,107.02,10630.0
2023-10-03,111.72,111.72,106.83,108.97,26379.0
2023-10-04,108.81,109.08,106.96,108.39,11189.0
2023-10-05,108.49,108.8,107.4,107.75,3825.0
2023-10-06,107.76,108.8,106.67,107.73,6348.0
2023-10-09,106.73,107.57,105.77,106.72,28025.0
2023-10-10,106.74,108.02,105.97,107.42,66313.0
2023-10-11,107.98,108.77,106.04,107.03,8155.0
2023-10-12,107.23,110.19,106.59,107.88,125295.0
2023-10-13,107.9,108.03,107.25,107.88,4599.0
2023-10-16,107.87,107.93,105.95,107.03,8628.0
2023-10-17,107.4,108.01,106.55,107.39,10223.0
2023-10-18,106.66,108.65,106.54,108.06,11302.0
2023-10-19,108.02,108.44,105.75,107.39,13667.0
2023-10-20,107.39,108.42,106.44,107.35,11818.0
2023-10-23,107.26,107.26,104.83,106.18,9551.0
2023-10-25,106.19,106.99,103.79,104.85,10093.0
2023-10-26,104.88,105.28,102.11,103.23,13447.0
2023-10-27,103.32,103.97,101.52,102.06,65131.0
2023-10-30,102.52,103.02,100.86,102.41,30886.0
2023-10-31,103.26,106.42,102.38,105.31,26319.0
2023-11-01,105.33,105.63,102.24,102.52,9625.0
2023-11-02,102.6,103.38,102.2,103.01,5779.0
2023-11-03,103.01,105.74,102.77,105.13,7565.0
2023-11-06,106.03,106.03,104.04,104.73,6476.0
2023-11-07,104.06,106.93,104.04,106.47,6033.0
2023-11-08,106.85,108.67,106.29,107.91,11380.0
2023-11-09,108.04,108.48,106.49,107.25,27428.0
2023-11-10,107.25,109.32,106.44,108.97,29853.0
2023-11-13,108.14,108.72,107.78,108.06,2561.0
2023-11-15,108.06,109.65,107.65,109.11,10044.0
2023-11-16,109.33,110.45,108.96,109.81,8263.0
2023-11-17,110.45,110.61,109.19,109.8,6866.0
2023-11-20,110.7,111.23,107.72,108.42,12091.0
2023-11-21,108.72,109.34,107.43,108.28,7361.0
2023-11-22,108.28,108.36,106.6,106.96,4403.0
2023-11-23,107.08,108.12,106.66,107.04,3523.0
2023-11-24,107.07,111.39,107.02,110.97,25536.0
2023-11-28,111.1,114.43,110.75,111.07,29230.0
2023-11-29,112.18,113.1,111.31,111.88,7678.0
2023-11-30,111.94,113.79,110.93,113.63,31451.0
2023-12-01,113.63,115.22,112.47,113.01,10164.0
2023-12-04,115.24,115.24,113.64,114.39,7518.0
2023-12-05,114.39,116.49,114.0,115.62,11912.0
2023-12-06,116.21,116.83,115.07,116.05,14883.0
2023-12-07,116.43,117.74,115.8,116.79,8714.0
2023-12-08,116.83,118.66,116.28,118.18,16550.0
2023-12-11,118.72,122.35,118.72,120.19,26066.0
2023-12-12,121.62,121.64,119.02,120.09,8594.0
2023-12-13,120.09,120.72,117.74,118.33,7024.0
2023-12-14,119.22,120.76,116.52,117.09,13558.0
2023-12-15,118.12,118.3,116.73,117.92,5655.0
2023-12-18,118.45,122.16,117.23,120.47,17720.0
2023-12-19,120.47,121.99,118.83,120.93,10778.0
2023-12-20,121.82,121.82,115.41,116.94,13965.0
2023-12-21,116.83,119.23,115.06,115.23,23035.0
2023-12-22,116.73,118.91,115.72,117.52,8831.0
2023-12-26,118.59,118.75,115.72,115.9,6756.0
2023-12-27,115.96,119.83,115.72,115.99,11244.0
2023-12-28,117.24,117.24,115.41,116.53,3549.0
2023-12-29,116.53,119.11,115.91,117.85,13226.0
2024-01-01,117.97,118.68,116.93,117.42,5155.0
2024-01-02,117.41,118.38,116.85,117.68,3977.0
2024-01-03,117.76,119.35,117.07,118.63,9889.0
2024-01-04,119.72,119.72,117.69,118.39,4814.0
2024-01-05,118.15,119.11,117.25,118.72,5910.0
2024-01-08,118.72,119.26,118.42,118.73,3721.0
2024-01-09,118.93,120.05,117.73,117.91,4649.0
2024-01-10,117.97,118.45,116.69,116.96,3275.0
2024-01-11,116.86,117.91,116.78,117.44,4069.0
2024-01-12,118.13,118.44,116.89,117.36,2802.0
2024-01-15,117.36,117.95,115.77,116.34,5768.0
2024-01-16,116.38,117.13,112.94,113.68,8039.0
2024-01-17,113.66,113.68,111.31,112.25,8249.0
2024-01-18,112.08,112.7,110.18,111.02,4522.0
2024-01-19,111.27,112.15,109.72,110.28,5834.0
2024-01-23,112.87,114.91,110.3,110.91,8994.0
2024-01-24,110.94,111.62,109.07,110.06,14868.0
2024-01-25,110.06,110.23,105.5,105.95,19337.0
2024-01-29,107.1,107.1,104.56,105.04,10475.0
2024-01-30,104.6,104.78,102.45,103.43,18212.0
2024-01-31,103.43,104.76,102.86,104.2,12629.0
2024-02-01,104.81,105.62,103.57,104.26,12358.0
2024-02-02,104.78,104.81,101.97,102.45,8155.0
2024-02-05,103.73,103.73,101.25,101.48,9556.0
2024-02-06,101.81,102.12,97.41,98.17,131032.0
2024-02-07,98.21,101.43,98.17,98.34,35390.0
2024-02-08,99.56,99.94,97.99,98.35,12550.0
2024-02-09,99.22,99.23,96.72,96.92,25624.0
2024-02-12,97.89,98.72,96.93,98.05,11938.0
2024-02-13,98.47,98.53,96.64,97.0,11429.0
2024-02-14,97.66,97.66,96.25,96.84,5894.0
2024-02-15,97.32,99.62,97.24,97.53,37633.0
2024-02-16,98.45,102.21,98.36,101.5,19257.0
2024-02-19,102.29,103.18,100.69,100.93,27511.0
2024-02-20,101.53,101.97,100.22,101.51,10006.0
2024-02-21,101.57,101.98,99.31,99.74,10407.0
2024-02-22,100.52,100.52,98.63,99.75,5844.0
2024-02-23,99.75,100.35,99.34,99.99,7296.0
2024-02-26,100.54,100.54,98.46,98.94,29512.0
2024-02-27,99.26,99.83,98.3,98.86,7199.0
2024-02-28,99.8,99.8,97.26,97.65,10660.0
2024-02-29,97.64,97.64,96.34,96.61,10913.0
2024-03-01,96.69,98.13,93.85,94.31,33350.0
2024-03-04,95.43,97.68,95.14,95.57,13979.0
2024-03-05,96.04,97.63,94.93,95.13,8688.0
2024-03-06,95.13,95.39,93.9,94.28,10785.0
2024-03-07,94.69,94.92,93.84,94.49,7191.0
2024-03-11,95.71,95.71,92.29,92.55,16081.0
2024-03-12,92.55,93.93,91.35,92.54,10688.0
2024-03-13,92.65,93.25,90.61,91.18,13534.0
2024-03-14,91.18,92.82,90.55,90.99,11787.0
2024-03-15,91.02,91.96,90.73,91.24,25354.0
2024-03-18,91.24,91.48,89.34,89.5,32523.0
2024-03-19,90.25,90.25,87.83,88.06,191318.0
2024-03-20,89.38,90.54,88.06,89.92,89757.0
2024-03-21,90.91,92.02,89.65,90.24,69250.0
2024-03-22,91.48,94.45,90.94,93.04,47473.0
2024-03-26,93.31,95.69,92.01,95.29,34461.0
2024-03-27,96.04,96.95,93.25,96.46,55318.0
2024-03-28,96.85,99.17,96.83,98.99,36913.0
2024-04-01,100.03,100.03,98.06,98.3,37598.0
2024-04-02,98.64,99.21,96.93,97.37,11231.0
2024-04-03,98.13,98.13,96.37,97.76,28595.0
2024-04-04,98.4,98.4,96.53,97.01,16076.0
2024-04-05,96.86,97.92,96.64,97.26,40120.0
2024-04-08,97.74,98.27,95.38,96.24,55306.0
2024-04-09,96.24,96.72,94.76,95.07,64251.0
2024-04-10,94.92,96.83,94.04,94.4,21474.0
2024-04-12,94.45,96.72,94.45,96.31,20205.0
2024-04-15,95.89,96.61,94.55,96.1,25898.0
2024-04-16,96.1,97.65,94.79,97.5,42070.0
2024-04-18,98.43,98.46,96.83,97.88,24362.0
2024-04-19,97.6,101.19,97.06,100.82,60449.0
2024-04-22,102.02,103.96,100.67,101.26,26984.0
2024-04-23,101.49,101.97,99.2,100.12,22534.0
2024-04-24,100.22,101.39,99.13,100.24,12249.0
2024-04-25,100.74,102.43,100.3,100.94,18267.0
2024-04-26,101.02,101.87,99.91,101.16,17972.0
2024-04-29,101.18,101.34,99.77,100.41,17043.0
2024-04-30,100.48,101.31,99.6,101.04,35085.0
2024-05-02,102.2,102.2,99.42,99.92,29741.0
2024-05-03,100.42,110.46,99.98,109.21,360224.0
2024-05-06,109.11,117.75,107.85,116.84,398286.0
2024-05-07,115.31,116.07,113.49,115.24,64103.0
2024-05-08,113.67,117.21,113.53,116.12,44253.0
2024-05-09,116.53,116.62,112.04,113.55,38869.0
2024-05-10,113.03,113.98,110.68,111.84,21589.0
2024-05-13,112.29,113.18,108.94,112.3,25866.0
2024-05-14,112.46,114.93,112.46,113.76,40659.0
2024-05-15,114.94,115.02,113.22,114.07,21077.0
2024-05-16,114.71,116.38,114.18,114.86,9947.0
2024-05-17,114.87,116.06,114.87,115.53,20431.0
2024-05-21,115.57,117.39,112.52,116.68,26664.0
2024-05-22,116.68,116.95,114.94,115.37,5908.0
2024-05-23,114.93,116.45,113.97,116.12,11919.0
2024-05-24,114.96,119.82,114.61,118.21,95378.0
2024-05-27,118.8,119.3,116.04,116.79,12674.0
2024-05-28,116.79,116.79,114.45,115.2,10316.0
2024-05-29,113.01,118.89,113.01,117.74,26715.0
2024-05-30,116.37,117.65,116.07,117.32,16886.0
2024-05-31,118.21,119.26,114.49,115.31,46079.0
2024-06-03,117.64,117.64,114.93,115.82,7243.0
2024-06-04,116.83,116.83,106.96,110.49,62117.0
2024-06-05,110.49,114.87,109.35,113.73,12660.0
2024-06-06,113.73,116.86,112.98,116.3,7691.0
2024-06-07,115.31,118.45,115.31,118.24,5267.0
2024-06-10,119.25,126.05,118.49,123.0,125982.0
2024-06-11,122.85,127.01,122.51,124.91,32217.0
2024-06-12,124.89,126.0,124.03,124.95,11312.0
2024-06-13,126.45,130.92,125.01,129.57,41138.0
2024-06-14,130.04,130.22,126.52,127.06,17246.0
2024-06-18,128.97,128.97,126.47,128.05,12352.0
2024-06-19,128.05,128.05,125.19,126.1,8790.0
2024-06-20,127.64,127.64,122.87,123.61,12665.0
2024-06-21,124.83,127.64,122.78,123.69,20003.0
2024-06-24,123.72,124.82,122.64,123.25,5684.0
2024-06-25,123.65,124.33,122.36,122.64,3489.0
2024-06-26,122.76,126.26,122.3,124.57,9402.0
2024-06-27,123.48,127.08,123.48,125.42,9594.0
2024-06-28,126.44,128.24,125.43,127.58,18430.0
2024-07-01,127.72,133.11,127.45,130.25,35905.0
2024-07-02,131.88,132.3,130.07,131.53,9747.0
2024-07-03,131.65,132.04,129.51,131.14,8000.0
2024-07-04,131.87,131.87,129.24,131.11,7997.0
2024-07-05,131.5,132.18,130.73,131.67,8863.0
2024-07-08,132.2,135.64,131.18,134.45,20964.0
2024-07-09,135.64,135.64,132.52,134.17,16262.0
2024-07-10,134.17,135.08,132.97,134.31,9124.0
2024-07-11,135.88,138.6,133.18,137.82,53858.0
2024-07-12,138.04,138.04,135.56,135.94,30963.0
2024-07-15,135.91,138.2,133.23,136.84,9946.0
2024-07-16,137.24,144.14,136.36,143.42,76112.0
2024-07-18,142.25,143.18,133.77,135.42,32000.0
2024-07-19,136.1,136.92,128.56,131.75,54104.0
2024-07-22,130.5,131.46,124.52,125.7,52277.0
2024-07-23,125.45,126.65,120.98,125.94,28105.0
2024-07-24,126.56,129.78,126.09,126.87,14411.0
2024-07-25,126.87,127.48,124.4,124.7,177270.0
2024-07-26,124.7,129.37,124.7,126.72,13012.0
2024-07-29,127.35,128.41,122.83,123.42,34960.0
2024-07-30,124.04,126.46,123.53,125.95,16027.0
2024-07-31,127.03,133.07,125.46,131.23,64985.0
2024-08-01,131.46,133.17,130.76,131.93,15119.0
2024-08-02,130.18,131.42,129.95,130.26,6365.0
2024-08-05,129.08,129.68,125.64,127.57,13330.0
2024-08-06,127.62,132.42,126.98,130.18,33420.0
2024-08-07,130.31,132.37,129.77,130.67,13097.0
2024-08-08,130.76,131.87,128.37,128.96,4090.0
2024-08-09,129.61,130.95,126.79,127.25,5084.0
2024-08-12,127.25,131.79,126.42,131.19,10534.0
2024-08-13,131.19,131.64,127.85,128.12,4255.0
2024-08-14,128.91,129.9,125.38,125.85,4791.0
2024-08-16,127.44,130.83,126.37,129.26,9391.0
2024-08-19,128.94,129.95,126.58,127.38,6604.0
2024-08-20,127.38,128.81,126.87,128.08,6981.0
2024-08-21,128.08,129.23,127.57,128.89,7236.0
2024-08-22,128.89,132.03,128.75,130.9,11702.0
2024-08-23,131.55,131.55,129.02,129.97,3576.0
2024-08-26,130.62,131.56,128.59,130.22,5354.0
2024-08-27,130.52,134.67,129.4,132.97,18399.0
2024-08-28,132.78,134.05,131.33,132.85,17806.0
2024-08-29,133.24,133.51,130.37,130.56,5154.0
2024-08-30,130.75,131.64,127.09,129.09,7653.0
2024-09-02,129.09,133.14,127.75,129.11,13330.0
2024-09-03,130.03,134.13,129.41,133.16,19248.0
2024-09-04,133.06,135.52,131.31,131.98,15671.0
2024-09-05,133.56,133.56,129.35,129.76,11365.0
2024-09-06,131.06,132.2,129.71,131.28,6231.0
2024-09-09,131.94,131.94,128.99,130.49,7087.0
2024-09-10,131.94,131.94,129.84,131.28,4404.0
2024-09-11,131.28,132.21,130.58,131.04,3977.0
2024-09-12,131.43,133.96,130.71,131.35,5722.0
2024-09-13,131.35,132.34,130.06,131.3,6279.0
2024-09-16,130.83,132.43,130.27,132.12,3960.0
2024-09-17,131.73,152.31,131.5,148.54,1356521.0
2024-09-18,144.47,146.23,135.78,137.63,213920.0
2024-09-19,137.56,137.88,131.22,132.42,101586.0
2024-09-20,132.42,133.63,130.46,132.55,68629.0
2024-09-23,132.92,132.97,131.15,132.2,19472.0
2024-09-24,132.76,133.57,130.97,131.58,15117.0
2024-09-25,131.58,131.79,129.31,129.91,14845.0
2024-09-26,130.03,132.44,129.35,131.65,27759.0
2024-09-27,132.12,132.24,129.73,130.03,12991.0
2024-09-30,130.35,132.28,129.79,131.71,13090.0
2024-10-01,134.85,141.15,132.71,138.71,427997.0
2024-10-03,136.93,140.63,134.84,137.51,59234.0
2024-10-04,138.05,141.24,132.43,133.37,81450.0
2024-10-07,134.11,140.29,132.44,138.68,92065.0
2024-10-08,137.24,140.44,136.18,137.95,29242.0
2024-10-09,138.44,142.22,137.41,138.76,24880.0
2024-10-10,139.45,139.67,136.21,137.06,10696.0
2024-10-11,137.64,137.64,135.16,136.0,8183.0
2024-10-14,136.03,138.98,135.13,136.65,11652.0
2024-10-15,136.99,138.05,136.3,136.62,6592.0
2024-10-16,137.07,137.97,136.05,136.32,8635.0
2024-10-17,136.84,145.02,131.63,133.4,111737.0
2024-10-18,132.58,136.83,132.26,135.55,13507.0
2024-10-21,136.03,136.23,131.64,132.44,8318.0
2024-10-22,132.44,133.1,126.96,128.03,15974.0
2024-10-23,128.03,129.83,125.93,128.81,25929.0
2024-10-24,129.37,129.84,125.19,125.49,12880.0
2024-10-25,125.66,127.44,120.56,123.9,20727.0
2024-10-28,123.57,124.44,121.65,122.62,12470.0
2024-10-29,123.23,124.31,121.92,123.67,4151.0
2024-10-30,123.91,127.2,123.24,125.81,12164.0
2024-10-31,126.08,133.17,124.37,130.69,14752.0
2024-11-01,133.28,133.28,128.41,129.58,1743.0
2024-11-04,129.98,131.35,126.83,128.15,7297.0
2024-11-05,128.38,128.42,125.7,126.77,7884.0
2024-11-06,128.29,128.56,124.58,127.1,12512.0
2024-11-07,127.47,129.35,127.39,127.63,5888.0
2024-11-08,127.49,130.0,125.26,126.8,6617.0
2024-11-11,127.12,128.99,125.85,127.22,8457.0
2024-11-12,127.22,127.22,120.99,123.24,10854.0
2024-11-13,121.65,123.24,117.81,119.41,7484.0
2024-11-14,120.52,123.73,117.71,122.89,27604.0
2024-11-18,123.49,123.49,116.95,118.48,22894.0
2024-11-19,118.59,121.24,117.79,118.39,13270.0
2024-11-21,117.14,118.27,114.09,117.62,14902.0
2024-11-22,119.38,120.51,115.9,120.36,11781.0
2024-11-25,123.38,123.38,119.55,120.53,7379.0
2024-11-26,121.94,123.05,119.54,120.23,5846.0
2024-11-27,120.35,121.87,119.15,119.46,6533.0
2024-11-28,119.73,120.72,119.47,120.31,1860.0
2024-11-29,119.71,121.79,119.71,120.44,7698.0
2024-12-02,121.47,121.47,118.44,119.86,7620.0
2024-12-03,121.15,121.15,118.58,119.64,9499.0
2024-12-04,119.59,120.98,119.39,120.8,4272.0
2024-12-05,121.31,124.22,119.58,120.14,20692.0
2024-12-06,120.19,124.76,120.1,123.37,14697.0
2024-12-09,122.75,125.64,122.75,124.83,7782.0
2024-12-10,125.65,126.06,122.76,123.08,10454.0
2024-12-11,123.66,125.49,123.32,124.57,5212.0
2024-12-12,125.17,126.79,123.84,125.63,6105.0
2024-12-13,125.65,126.42,123.25,125.64,6161.0
2024-12-16,126.4,126.85,124.61,125.01,5380.0
2024-12-17,125.62,125.93,123.49,123.85,5059.0
2024-12-18,124.37,124.47,122.2,122.93,20865.0
2024-12-19,121.96,122.73,119.98,120.58,4091.0
2024-12-20,121.66,121.85,114.27,115.5,5845.0
2024-12-23,114.98,117.86,112.41,112.83,6633.0
2024-12-24,112.83,113.93,112.01,113.41,3403.0
2024-12-26,113.94,123.97,113.94,118.76,202091.0
2024-12-27,118.91,119.37,112.01,112.76,51575.0
2024-12-30,110.89,111.63,105.96,106.69,56260.0
2024-12-31,106.33,112.81,103.73,111.81,65473.0
2025-01-01,109.57,112.81,109.57,112.04,15694.0
2025-01-02,112.34,112.79,109.93,110.48,8485.0
2025-01-03,110.65,112.53,109.13,109.59,17422.0
2025-01-06,109.62,110.18,107.25,108.88,17335.0
2025-01-07,108.4,109.77,107.74,108.18,6279.0
2025-01-08,107.73,108.22,106.13,106.81,8649.0
2025-01-09,106.17,107.31,104.4,105.76,8442.0
2025-01-10,104.73,105.59,101.31,101.91,17309.0
2025-01-13,101.13,101.43,98.95,100.34,30008.0
2025-01-14,99.5,100.77,98.11,99.89,21830.0
2025-01-15,100.94,101.55,98.2,98.82,17985.0
2025-01-16,98.83,103.67,98.83,102.76,14606.0
2025-01-17,103.99,105.51,102.75,103.35,15760.0
2025-01-20,103.25,108.27,102.88,106.28,15280.0
2025-01-21,106.44,106.7,103.92,104.91,6803.0
2025-01-22,105.43,107.37,103.78,106.06,15416.0
2025-01-23,106.07,106.54,104.18,105.46,10606.0
2025-01-24,105.57,106.75,103.04,104.35,6822.0
2025-01-27,104.3,108.32,100.21,105.81,17157.0
2025-01-28,103.19,104.71,100.94,101.9,9943.0
2025-01-29,102.21,103.85,101.9,102.91,4899.0
2025-01-30,103.42,107.78,102.37,103.69,16254.0
2025-01-31,104.07,106.6,103.03,105.6,6764.0
2025-02-01,105.92,106.71,104.09,105.5,3340.0
2025-02-03,105.42,107.37,102.68,103.17,17134.0
2025-02-04,101.68,104.47,101.68,102.44,4196.0
2025-02-05,103.5,105.0,102.58,103.99,6861.0
2025-02-06,104.63,107.5,103.56,104.87,19327.0
2025-02-07,104.87,110.62,103.63,109.2,40332.0
2025-02-10,109.85,109.85,104.8,106.05,8424.0
2025-02-11,105.44,108.6,100.63,102.12,12348.0
2025-02-12,100.55,103.82,97.26,99.0,24917.0
2025-02-13,99.0,100.82,96.31,97.29,12677.0
2025-02-14,97.78,97.78,94.09,95.15,14515.0
2025-02-17,94.25,96.63,93.23,96.12,9885.0
2025-02-18,96.12,96.96,93.89,96.22,6581.0
2025-02-19,96.24,98.46,95.83,98.18,7890.0
2025-02-20,98.46,103.11,97.66,101.73,7284.0
2025-02-21,102.21,104.39,100.76,102.11,6741.0
2025-02-24,102.11,102.11,99.56,101.11,3461.0
2025-02-25,99.83,101.32,98.7,99.06,3282.0
2025-02-27,98.7,99.19,96.72,97.75,5261.0
2025-02-28,96.55,98.1,94.87,96.25,8965.0
2025-03-03,96.13,96.62,93.76,95.46,9272.0
2025-03-04,94.69,96.61,93.76,94.37,8006.0
2025-03-05,94.53,96.54,93.74,96.3,6484.0
2025-03-06,96.94,97.39,95.5,96.21,20211.0
2025-03-07,96.93,96.93,95.15,95.73,6176.0
2025-03-10,95.98,95.98,92.28,92.61,8775.0
2025-03-11,91.47,92.28,90.08,91.79,11352.0
2025-03-12,92.25,92.28,89.63,90.66,8004.0
2025-03-13,91.71,91.88,90.18,91.49,11303.0
2025-03-17,92.27,93.51,91.2,91.98,13940.0
2025-03-18,91.98,91.98,91.98,91.98,0.0
2025-03-19,91.89,95.16,91.77,94.33,35505.0
2025-03-20,94.7,95.73,93.92,94.67,8812.0
2025-03-21,95.03,95.57,94.42,94.67,16686.0
2025-03-24,94.67,99.43,94.47,96.41,31224.0
2025-03-25,96.89,107.07,96.31,104.6,563136.0
2025-03-26,103.58,104.44,100.83,101.93,46558.0
2025-03-27,101.12,102.41,99.04,99.53,35110.0
2025-03-28,100.06,101.57,97.53,98.5,20559.0
2025-04-01,98.56,101.12,97.6,99.76,17448.0
2025-04-02,99.76,100.71,98.49,99.9,5421.0
2025-04-03,100.22,100.22,98.21,98.74,7400.0
2025-04-04,99.73,100.02,94.54,95.52,15662.0
2025-04-07,86.12,95.91,86.12,95.0,10914.0
2025-04-08,98.31,99.16,92.84,97.46,21341.0
2025-04-09,97.11,98.41,95.93,97.57,5512.0
2025-04-11,98.55,101.94,97.57,101.31,11842.0
2025-04-15,103.52,103.98,100.66,101.72,17307.0
2025-04-16,101.92,103.49,101.6,102.21,6743.0
2025-04-17,103.53,103.96,101.52,101.99,8986.0
2025-04-21,102.72,104.38,102.07,104.0,10117.0
2025-04-22,104.0,104.51,103.58,104.19,7137.0
2025-04-23,105.74,107.2,104.51,105.23,15881.0
2025-04-24,105.94,106.58,104.1,104.88,7326.0
2025-04-25,104.88,104.88,101.42,102.75,8411.0
2025-04-28,102.75,104.57,101.36,104.18,4590.0
2025-04-29,104.18,104.8,101.3,102.62,15546.0
2025-04-30,102.62,103.45,99.15,99.57,12489.0
2025-05-02,99.57,101.11,98.26,99.63,5976.0
2025-05-05,100.48,104.99,99.57,103.96,14004.0
2025-05-06,103.96,108.32,103.96,106.38,34741.0
2025-05-07,105.75,107.84,103.6,106.84,12946.0
2025-05-08,106.9,109.38,105.94,107.57,14992.0
2025-05-09,105.66,108.35,104.45,107.27,10134.0
2025-05-12,108.97,111.39,107.05,107.6,9380.0
2025-05-13,108.6,112.01,107.91,110.98,12945.0
2025-05-14,111.53,112.26,108.81,110.72,10073.0
2025-05-15,111.87,112.12,109.97,110.76,7669.0
2025-05-16,110.76,112.17,110.58,111.52,4286.0
2025-05-19,111.52,113.95,110.29,110.95,15301.0
2025-05-20,110.95,113.83,110.2,111.18,9278.0
2025-05-21,111.17,112.19,109.92,110.15,5078.0
2025-05-22,110.28,113.39,110.28,112.08,13706.0
2025-05-23,112.51,113.48,111.49,112.43,5802.0
2025-05-26,112.43,115.97,112.25,115.36,15074.0
2025-05-27,113.5,113.5,108.59,109.35,61724.0
2025-05-28,110.22,110.22,107.77,108.45,20461.0
2025-05-29,108.78,108.92,106.15,106.91,15816.0
2025-05-30,106.91,108.02,105.78,106.29,9672.0
2025-06-02,106.71,106.71,104.44,104.64,9542.0
2025-06-03,104.7,105.31,102.4,102.68,10749.0
2025-06-04,102.68,102.72,101.19,102.43,12278.0
2025-06-05,103.46,105.45,102.88,104.69,14833.0
2025-06-06,105.77,105.77,104.06,104.34,4210.0
2025-06-09,103.9,105.58,103.9,104.32,6452.0
2025-06-10,104.64,106.09,104.37,105.23,7248.0
2025-06-11,105.23,105.91,104.35,105.08,5693.0
2025-06-12,105.08,105.08,102.33,102.65,9020.0
2025-06-13,101.91,103.02,100.63,101.05,7152.0
2025-06-16,101.05,101.87,100.5,100.91,4569.0
2025-06-17,100.91,101.57,100.72,101.12,3746.0
2025-06-18,101.12,102.12,99.68,99.98,6118.0
2025-06-19,99.98,100.47,98.58,98.9,5493.0
2025-06-20,98.56,100.55,98.35,99.9,4891.0
2025-06-23,98.54,99.83,98.4,99.43,6845.0
2025-06-24,99.43,102.83,99.43,100.41,13084.0
2025-06-25,100.41,102.08,100.4,100.98,4972.0
2025-06-26,101.1,102.09,100.47,101.53,4797.0
2025-06-27,101.53,103.44,100.79,102.15,7710.0
2025-06-30,102.54,103.68,100.35,102.55,10856.0
2025-07-01,102.88,111.45,102.88,109.88,692495.0
2025-07-02,109.86,113.63,108.33,110.9,231938.0
2025-07-03,110.94,111.37,109.3,109.83,35671.0
2025-07-04,110.71,110.71,106.9,107.49,17894.0
2025-07-07,107.49,108.2,106.45,107.37,9881.0
2025-07-08,107.47,107.84,105.6,106.14,6913.0
2025-07-09,105.92,107.27,105.68,106.47,7513.0
2025-07-10,106.47,109.12,106.46,107.79,20657.0
2025-07-11,107.79,107.79,106.09,106.61,6344.0
2025-07-14,106.61,109.93,106.12,109.51,15798.0
2025-07-15,109.48,111.13,108.83,110.92,22718.0
2025-07-16,111.06,111.18,109.46,110.94,14412.0
2025-07-17,110.57,111.32,109.53,110.59,17929.0
2025-07-18,110.59,111.04,109.15,110.04,8462.0
2025-07-21,109.45,109.94,108.36,108.84,4914.0
2025-07-22,109.59,110.09,107.65,108.15,6131.0
2025-07-23,108.15,110.72,108.15,110.35,21138.0
2025-07-24,110.35,111.38,110.03,110.78,11705.0
2025-07-25,110.1,110.1,107.7,108.4,4646.0
2025-07-28,106.4,107.41,104.66,105.14,9825.0
2025-07-29,105.04,105.73,103.51,103.88,8153.0
2025-07-30,102.56,103.51,98.54,98.95,62625.0
2025-07-31,97.09,98.94,95.71,96.19,27024.0
2025-08-01,96.28,96.74,94.2,94.49,21133.0
2025-08-04,95.65,96.92,92.6,93.05,27151.0
2025-08-05,93.72,93.84,92.5,92.99,33277.0
2025-08-06,93.55,94.3,92.94,93.3,50200.0
2025-08-07,93.32,94.06,92.28,93.61,18125.0
2025-08-08,93.61,94.54,93.14,93.55,82097.0
2025-08-11,94.48,95.01,93.55,94.65,9000.0
2025-08-12,94.65,96.25,94.19,95.71,14594.0
2025-08-13,95.71,95.9,94.44,94.69,5064.0
2025-08-14,94.69,95.42,94.05,94.38,11132.0
2025-08-18,94.37,95.26,93.78,93.98,64606.0
2025-08-19,94.29,95.7,93.74,94.27,19168.0
2025-08-20,95.09,95.16,93.83,94.12,12283.0
2025-08-21,94.12,94.84,93.9,94.31,9891.0
2025-08-22,94.31,94.66,93.37,93.71,6733.0
2025-08-25,93.52,96.22,93.12,95.02,14615.0
2025-08-26,95.0,95.0,91.43,91.8,19752.0
2025-08-28,91.8,91.86,89.72,89.93,20068.0
2025-08-29,90.57,91.33,88.24,90.37,33645.0
2025-09-01,91.2,93.91,90.59,93.5,10804.0
2025-09-02,93.56,93.65,92.45,92.74,5234.0
2025-09-03,93.67,93.67,92.43,92.72,4007.0
2025-09-04,93.69,93.69,91.3,91.62,8264.0
2025-09-05,91.98,92.45,91.05,91.94,5934.0
2025-09-08,93.16,93.16,91.87,92.29,3683.0
2025-09-09,92.33,92.84,92.12,92.45,4364.0
2025-09-10,92.81,93.24,92.22,92.37,4174.0
2025-09-11,92.74,93.85,92.16,92.56,8183.0
2025-09-12,92.82,93.49,91.62,91.87,8013.0
2025-09-15,91.93,92.66,91.72,91.88,4057.0
2025-09-16,92.21,93.32,91.8,92.38,11155.0
2025-09-17,92.14,93.31,91.8,92.62,14903.0
2025-09-18,92.93,95.04,92.77,94.45,28716.0
2025-09-19,94.45,95.36,92.48,92.85,17804.0
2025-09-22,92.85,94.21,92.8,93.19,12488.0
2025-09-23,97.49,97.49,92.17,92.74,33575.0
2025-09-24,92.42,93.4,92.41,93.07,5830.0
2025-09-25,92.98,93.55,92.43,93.39,6574.0
2025-09-26,93.43,93.43,90.24,91.42,6800.0
2025-09-29,91.41,92.65,88.95,89.88,21967.0
2025-09-30,91.85,99.4,91.06,91.89,1067298.0
2025-10-01,93.15,93.15,91.12,92.06,37981.0
2025-10-03,91.58,92.07,90.33,91.6,19861.0
2025-10-06,91.6,92.24,90.06,91.4,27353.0
2025-10-07,91.4,91.4,90.34,90.67,13182.0
2025-10-08,90.67,90.77,89.43,89.69,15267.0
2025-10-09,89.69,89.69,88.08,88.6,24627.0
2025-10-10,88.95,89.28,88.17,88.66,18791.0
2025-10-13,88.13,89.51,87.74,89.18,17807.0
2025-10-14,90.24,90.24,87.83,88.12,15915.0
2025-10-15,88.25,89.28,87.93,88.6,7310.0
2025-10-16,89.2,90.23,88.47,89.88,15230.0
2025-10-17,89.92,90.08,88.83,89.78,8953.0
2025-10-20,90.13,90.17,88.81,89.39,10924.0
2025-10-21,89.13,90.12,89.13,89.9,2588.0
2025-10-23,90.33,91.0,89.43,89.74,10227.0
2025-10-24,89.61,90.67,88.85,89.7,10522.0
2025-10-27,90.15,90.15,89.04,89.71,6004.0
2025-10-28,89.71,90.04,88.81,89.25,6301.0
2025-10-29,95.09,107.1,93.48,105.92,3495838.0
2025-10-30,106.34,113.4,102.09,107.89,3477567.0
2025-10-31,106.02,108.95,104.47,105.92,679060.0
2025-11-03,104.68,105.31,101.26,102.67,220766.0
2025-11-04,102.67,105.4,101.58,102.76,173408.0
2025-11-06,102.74,103.7,100.75,102.03,75777.0
2025-11-07,101.82,101.82,98.67,100.27,105093.0
2025-11-10,100.27,101.15,98.31,98.87,36251.0
2025-11-11,98.87,101.62,97.31,97.98,73197.0
2025-11-12,97.98,99.92,97.69,99.58,47059.0
2025-11-13,100.06,100.49,97.09,97.42,24649.0
2025-11-14,97.42,97.52,96.39,96.62,27628.0
2025-11-17,96.68,98.45,96.46,97.41,32524.0
2025-11-18,97.41,97.93,96.13,96.45,32938.0
2025-11-19,97.58,97.58,95.49,95.68,23542.0
2025-11-20,95.68,98.09,94.7,95.17,40273.0
2025-11-21,95.17,95.17,93.21,93.56,46978.0
2025-11-24,93.63,94.33,91.86,92.35,25590.0
2025-11-25,92.42,93.14,91.81,92.09,15348.0
2025-11-26,92.1,93.0,92.1,92.67,11056.0
2025-11-27,92.67,93.13,92.23,92.66,22946.0
2025-11-28,93.47,93.58,91.74,92.16,16211.0
2025-12-01,92.16,92.43,90.73,90.95,22926.0
2025-12-02,90.95,92.1,90.72,91.13,11238.0
2025-12-03,91.13,91.78,90.5,90.72,8581.0
2025-12-04,90.72,91.08,89.92,90.12,10062.0
2025-12-05,90.14,90.35,89.44,89.68,9490.0
2025-12-08,90.2,90.2,86.87,88.02,39926.0
2025-12-09,88.02,88.11,86.88,87.37,16094.0
2025-12-10,87.37,88.59,86.35,86.85,33282.0
2025-12-11,86.85,87.53,86.25,86.88,30152.0
2025-12-12,86.88,87.89,86.61,86.92,18854.0
2025-12-15,86.91,87.67,86.4,87.47,30212.0
2025-12-16,87.47,87.53,86.55,86.76,14400.0
2025-12-17,86.76,86.76,85.6,85.99,10976.0
2025-12-18,85.99,85.99,84.49,85.1,30912.0
2025-12-19,85.29,87.84,85.16,87.17,17548.0
2025-12-22,87.17,87.83,86.72,87.56,9118.0
2025-12-23,87.56,88.49,86.71,88.28,9069.0
2025-12-24,88.28,88.57,87.39,87.68,7377.0
2025-12-26,88.63,88.63,87.2,87.73,13880.0
2025-12-29,87.73,88.49,86.82,88.0,11582.0
2025-12-30,88.0,89.85,87.24,89.33,34226.0
2025-12-31,89.34,89.86,88.48,88.98,9434.0
2026-01-01,90.45,97.34,90.45,91.48,649756.0
2026-01-02,91.48,91.67,89.35,90.15,42785.0
2026-01-05,90.25,91.96,89.21,91.61,28684.0
2026-01-06,91.61,91.61,89.26,89.59,18527.0
2026-01-07,89.55,89.58,87.85,88.12,58409.0
2026-01-08,88.8,88.8,86.56,86.93,15426.0
2026-01-09,86.93,87.28,85.72,86.84,15092.0
2026-01-12,86.84,87.03,85.43,86.5,11663.0
2026-01-13,86.5,88.57,86.34,87.13,91086.0
2026-01-14,87.44,87.75,86.82,87.59,10733.0
2026-01-15,87.59,87.59,87.59,87.59,0.0
2026-01-16,87.59,87.82,86.63,87.03,20471.0
2026-01-19,87.1,87.1,86.1,86.57,8230.0
2026-01-20,86.57,86.8,85.51,86.15,19602.0
2026-01-21,86.07,86.07,83.66,85.01,63777.0
2026-01-22,85.42,86.43,85.42,85.86,13355.0
2026-01-23,86.05,86.14,85.1,85.4,15655.0
2026-01-27,85.4,89.92,83.99,86.38,17311.0
2026-01-28,87.84,89.11,86.39,88.72,28537780.0
2026-01-29,88.03,88.43,83.36,84.01,13337012.0
2026-01-30,83.61,88.53,82.42,87.15,7110175.0
2026-02-02,87.62,88.41,85.83,87.6,2574512.0
2026-02-03,89.12,91.29,86.68,90.5,3476436.0
2026-02-04,89.59,93.64,88.33,92.9,4139360.0
2026-02-05,93.31,95.84,91.02,93.34,2502158.0
2026-02-06,93.27,94.63,91.2,92.97,1398190.0
2026-02-09,93.56,94.18,91.63,93.11,2279496.0
2026-02-10,94.53,97.58,93.19,94.77,7340795.0
2026-02-11,95.03,95.77,93.8,95.13,2275305.0
2026-02-12,94.69,98.04,93.81,97.45,11134170.0
2026-02-13,96.69,98.89,95.52,97.49,8293060.0
2026-02-16,96.71,97.82,94.26,96.05,2222445.0
2026-02-17,96.12,96.21,93.33,94.82,3012084.0
2026-02-18,95.55,96.88,94.48,96.59,1222465.0
2026-02-19,96.57,96.96,93.91,94.69,2035486.0
2026-02-20,94.7,95.05,91.77,92.81,1606457.0
2026-02-23,92.03,93.63,90.76,92.67,1358198.0
2026-02-24,92.43,92.66,90.02,91.86,856325.0
2026-02-25,91.81,93.62,90.8,93.31,1415589.0
2026-02-26,93.6,96.11,92.37,94.46,1630657.0
2026-02-27,94.21,95.91,93.86,94.95,546487.0
2026-03-02,89.4,94.69,89.23,93.65,1361685.0
2026-03-04,92.95,93.67,90.38,92.44,1356476.0
2026-03-05,92.85,95.25,92.42,94.59,1906240.0
2026-03-06,94.57,94.87,91.05,92.39,983270.0
2026-03-09,92.07,92.07,87.32,89.45,1641761.0
2026-03-10,90.21,91.17,88.89,89.64,709537.0
2026-03-11,90.49,92.0,87.92,88.97,861904.0
2026-03-12,88.84,89.43,86.06,88.13,765077.0
2026-03-13,87.75,87.94,84.7,85.53,952465.0
2026-03-16,85.22,86.54,82.62,85.32,722847.0
2026-03-17,85.83,87.63,84.61,86.91,476594.0
2026-03-18,86.92,88.41,86.55,87.91,390181.0
2026-03-19,85.7,87.12,84.17,85.38,1480253.0
2026-03-20,85.17,87.83,85.17,86.74,690683.0
2026-03-23,86.59,87.53,83.44,85.36,1052274.0
2026-03-24,86.58,87.65,83.96,86.39,538792.0
2026-03-25,86.6,89.58,86.23,88.57,2300048.0
2026-03-27,87.07,88.36,84.88,86.58,1265546.0
2026-03-30,86.12,86.67,83.25,85.38,755686.0
2026-04-01,85.26,88.65,85.12,87.61,751153.0
2026-04-02,87.57,88.21,84.99,87.41,402799.0
2026-04-06,86.69,88.47,85.45,87.81,680700.0
2026-04-07,87.69,89.33,86.67,88.06,525735.0
2026-04-08,91.34,93.37,89.92,91.65,3420519.0
2026-04-09,91.62,93.9,90.57,91.63,1029824.0
2026-04-10,92.32,98.1,92.08,96.19,5981019.0
2026-04-13,93.91,99.78,92.72,98.01,2436631.0
2026-04-15,98.14,101.91,97.73,100.93,3429925.0
2026-04-16,101.09,101.74,97.75,100.45,1595175.0
2026-04-17,100.77,103.68,99.77,101.38,1505668.0
2026-04-20,100.96,105.84,99.98,104.71,2018695.0
2026-04-21,104.3,109.68,103.33,108.15,3490039.0
2026-04-22,107.54,111.26,106.8,110.09,2107905.0
2026-04-23,108.92,110.77,104.55,107.53,3474992.0
2026-04-24,107.53,108.17,104.48,105.54,962328.0
2026-04-27,106.3,109.83,106.0,108.59,1046406.0
2026-04-28,108.39,111.4,107.2,108.31,1761121.0
2026-04-29,108.69,116.41,108.21,113.31,3298262.0
2026-04-30,112.52,115.58,110.63,113.13,2809467.0
2026-05-01,113.13,113.13,113.13,113.13,0.0
2026-05-04,113.22,118.45,112.99,116.64,2694980.0
2026-05-05,116.54,119.06,113.43,115.74,1802885.0
2026-05-06,116.53,118.02,112.59,115.11,1820828.0
2026-05-07,116.32,118.63,115.29,116.43,911217.0
2026-05-08,116.76,120.34,114.95,116.33,1302176.0
2026-05-11,114.03,117.1,109.56,111.14,2539587.0
2026-05-12,111.66,111.94,108.93,110.03,1408677.0
2026-05-13,110.59,112.59,108.08,111.64,1542605.0
2026-05-14,112.35,112.63,108.72,109.27,1952870.0
2026-05-15,117.21,122.57,113.5,120.33,25875747.0
2026-05-18,119.64,124.04,116.52,117.77,6838819.0
2026-05-19,118.34,122.13,118.09,119.55,4177910.0
2026-05-20,121.58,122.78,117.32,121.63,6214065.0
2026-05-21,121.64,129.49,121.49,126.33,9538599.0
2026-05-22,127.14,127.25,123.7,124.35,2794293.0
2026-05-25,124.94,128.74,121.77,123.97,6441788.0
2026-05-26,124.87,125.98,122.99,123.32,1237584.0
2026-05-27,124.29,125.57,119.99,120.97,1632736.0
2026-05-28,120.97,120.97,120.97,120.97,0.0
2026-05-29,122.03,123.23,118.02,119.88,1598753.0
2026-06-01,120.31,121.22,115.75,118.95,3830421.0
2026-06-02,118.84,122.51,116.28,118.93,1671454.0
2026-06-03,119.63,122.44,118.33,120.55,1477922.0
2026-06-04,120.02,125.63,119.52,124.42,2549835.0
2026-06-05,124.37,125.05,121.87,123.15,1949876.0
2026-06-08,120.35,124.8,120.01,123.66,2987792.0
2026-06-09,124.55,131.29,123.69,130.08,4265012.0
2026-06-10,130.92,134.08,127.04,128.49,3717074.0
2026-06-11,127.84,131.97,126.41,127.17,2206624.0
2026-06-12,129.05,133.37,128.64,130.91,2084619.0
2026-06-15,133.93,137.76,133.79,134.7,2722608.0
2026-06-16,135.54,136.44,128.48,130.51,2014850.0
2026-06-17,129.85,133.62,129.4,130.46,1175603.0
2026-06-18,131.7,136.44,131.59,132.68,1566925.0
2026-06-19,132.98,135.92,129.73,134.43,1691645.0
2026-06-22,135.39,137.47,133.09,133.73,1219537.0
2026-06-23,133.53,135.96,131.48,134.33,1300498.0
2026-06-24,134.85,139.15,133.9,137.55,2709744.0
2026-06-25,137.63,139.99,132.18,134.16,1836650.0
2026-06-26,134.16,134.16,134.16,134.16,0.0
2026-06-29,134.45,137.33,132.32,135.54,1126592.0
2026-06-30,135.46,138.44,132.68,135.46,2046164.0
2026-07-01,135.43,142.31,135.34,139.7,2286385.0
2026-07-02,140.7,140.79,136.4,137.6,1237961.0
2026-07-03,138.23,138.82,133.46,135.04,1452549.0
2026-07-06,135.52,141.08,134.33,139.01,2168712.0
2026-07-07,139.71,143.53,133.32,136.22,2399720.0
2026-07-08,134.51,136.81,128.67,131.67,1566832.0
2026-07-09,132.92,136.59,131.46,132.58,1243326.0
2026-07-10,133.54,139.43,133.39,136.71,2132760.0
2026-07-13,136.05,139.93,133.09,134.47,1167209.0
2026-07-14,133.94,135.16,126.02,128.01,3725900.0
2026-07-15,128.47,130.04,125.68,126.77,1647767.0
2026-07-16,126.49,130.16,121.92,125.96,4659965.0
2026-07-17,126.02,139.51,125.39,134.62,7764488.0
2026-07-20,130.53,135.52,128.3,133.51,3193001.0
2026-07-21,134.21,137.07,131.34,132.51,1441533.0
2026-07-22,131.34,134.26,129.6,131.09,896422.0
2026-07-23,131.31,133.95,129.98,131.39,1756622.0
2026-07-24,127.08,132.39,124.69,130.64,158456780.0
2026-07-27,130.6,132.31,127.5,129.96,9520500.0
2026-07-28,130.76,131.97,126.81,128.96,8236405.0
2026-07-29,129.05,134.64,127.62,132.55,9871856.0
2026-07-30,132.47,135.11,131.38,133.99,3929306.0
2026-07-31,135.35,154.43,133.72,147.82,72781395.0
2026-08-03,154.02,159.14,144.32,146.53,30294239.0
