Date,Open,High,Low,Close,Volume
2015-01-01,100.0,100.0,100.0,100.0,25311123
2015-01-02,100.1833,103.1392,99.2522,101.0339,60386193
2015-01-05,101.2982,103.5201,99.9033,100.9521,41576693
2015-01-06,100.2779,101.0688,96.8955,97.7749,43457399
2015-01-07,97.8841,99.7717,95.9286,98.0126,48313699
2015-01-08,99.0176,100.7836,97.8874,99.4176,52115746
2015-01-09,99.9597,101.1113,98.1407,99.2518,48823961
2015-01-12,99.066,100.6061,97.4479,98.9615,38039885
2015-01-13,99.3988,100.6265,97.6921,98.7391,37112411
2015-01-14,99.1297,101.7458,97.4603,99.2003,84733615
2015-01-15,101.1669,104.6689,99.9311,102.7315,85390872
2015-01-16,102.8792,106.2578,101.408,104.4661,65679230
2015-01-19,104.5965,106.2318,102.6924,104.1291,60731447
2015-01-20,104.4403,106.9088,102.6525,104.6598,64175615
2015-01-21,105.0937,106.6747,102.6363,103.8784,71452067
2015-01-22,104.2638,105.8139,102.6127,103.9245,65958893
2015-01-23,104.548,106.3136,102.0425,103.7674,86737827
2015-01-27,104.0122,108.5753,102.521,106.5266,128828424
2015-01-28,106.7551,110.7316,105.3801,108.3796,88070746
2015-01-29,108.4135,109.8114,106.0233,107.5214,72244606
2015-01-30,107.861,109.6664,104.1317,106.5983,75144552
2015-02-02,106.7161,110.5331,105.3568,108.4406,82351789
2015-02-03,109.0905,111.2458,106.1242,107.8479,77733922
2015-02-04,108.2202,109.4191,105.5923,106.7942,55482868
2015-02-05,106.8268,109.2261,104.3674,105.7848,47883228
2015-02-06,105.8754,107.363,103.572,104.9105,41156426
2015-02-09,104.1789,105.8078,102.4237,103.5708,34344737
2015-02-10,103.5579,106.1757,101.89,104.1941,43025729
2015-02-11,104.4362,106.7872,103.3356,104.9941,32132903
2015-02-12,105.5667,108.1077,104.1155,106.7572,41673328
2015-02-13,107.2411,110.23,105.7624,108.1333,51453348
2015-02-16,109.0021,110.5564,106.6538,107.9982,45737824
2015-02-18,108.3675,110.4457,106.5745,108.6244,44221279
2015-02-19,109.1511,110.2177,106.0519,108.0848,44908226
2015-02-20,108.4652,109.7834,106.2683,107.8374,46823854
2015-02-23,108.3049,109.5646,105.8719,106.9883,44367672
2015-02-24,107.4045,108.659,104.6894,106.4448,40945009
2015-02-25,106.794,108.4379,105.2761,106.4987,39835519
2015-02-26,106.8886,108.332,104.9913,106.316,79295751
2015-02-27,106.6909,109.0047,105.2518,107.7855,58549406
2015-03-02,109.148,111.8861,107.2288,110.0297,64378759
2015-03-03,110.4083,113.3307,109.1965,111.5736,86833335
2015-03-04,112.7063,114.3621,109.0817,110.1255,68472667
2015-03-05,110.366,111.8381,108.5225,110.3233,42940559
2015-03-09,109.8681,111.3551,106.7969,108.1768,44174809
2015-03-10,108.4625,110.0394,106.2428,107.4551,35434776
2015-03-11,107.8442,109.2061,105.2568,106.3529,36143726
2015-03-12,107.0462,109.0957,106.0198,107.4929,38452778
2015-03-13,108.6399,110.0188,104.4351,105.8428,48976716
2015-03-16,106.3925,107.2144,103.3149,104.5219,37183889
2015-03-17,105.1542,107.3753,103.9362,105.5999,53302995
2015-03-18,105.9157,107.0987,104.3403,105.6361,36518409
2015-03-19,106.4359,107.8963,104.2531,105.1474,39356890
2015-03-20,105.3848,107.106,102.1305,103.9185,52786254
2015-03-23,104.4028,105.2753,102.0137,103.2547,30462584
2015-03-24,103.319,104.8426,101.591,102.8735,29963516
2015-03-25,103.1136,104.0682,100.7925,101.9732,37069194
2015-03-26,101.538,102.977,99.5692,100.7139,46874301
2015-03-27,101.0218,102.3393,98.0887,99.8856,49853863
2015-03-30,100.6056,103.3989,99.9886,102.3554,29481571
2015-03-31,103.1555,105.0344,101.2207,102.6342,40341417
2015-04-01,102.954,106.0237,101.7215,104.8592,36065509
2015-04-06,105.4583,107.0244,103.6896,105.6123,28841333
2015-04-07,105.7756,107.2158,103.7654,105.5414,43101344
2015-04-08,105.9768,108.2909,103.7746,106.4094,68800643
2015-04-09,107.5104,109.5136,105.4979,107.6509,82022380
2015-04-10,108.0851,109.7908,106.3317,107.8339,55052468
2015-04-13,108.179,109.454,106.4102,107.8275,36983217
2015-04-15,108.0112,109.8122,105.351,106.654,54559246
2015-04-16,106.8983,108.0679,103.7836,105.7956,34993740
2015-04-17,106.0052,106.7232,103.0069,104.141,30325005
2015-04-20,104.2078,105.3182,100.4257,102.2081,31774825
2015-04-21,102.282,104.8239,100.3957,102.7671,39674099
2015-04-22,103.2638,104.7716,101.0013,102.9491,33789713
2015-04-23,103.4065,104.9272,101.847,103.1834,51258552
2015-04-24,103.3938,104.2925,99.1994,101.7389,47051108
2015-04-27,102.1989,103.2944,97.8003,99.8378,41365631
2015-04-28,99.6698,102.6788,98.0032,101.0238,44145663
2015-04-29,101.2782,103.1988,99.5142,101.5598,45259376
2015-04-30,101.2594,103.2384,99.2914,101.435,58153231
2015-05-04,101.6223,104.2543,99.0025,101.6512,56427730
2015-05-05,101.6811,103.5356,100.0748,101.6559,62942267
2015-05-06,101.7857,102.4535,97.2443,98.9886,64482764
2015-05-07,98.8443,100.0711,94.0473,95.9463,57545909
2015-05-08,96.7546,99.9215,95.969,98.3406,38579112
2015-05-11,98.6503,101.0014,97.1916,99.272,38988579
2015-05-12,99.3202,100.012,96.4437,97.9067,43783268
2015-05-13,98.5442,100.2513,97.1567,98.8592,39944089
2015-05-14,98.9603,100.8608,97.5991,99.5954,37769799
2015-05-15,99.9529,101.3597,98.6872,100.0852,44593766
2015-05-18,100.2111,101.8958,99.2988,100.8698,29052037
2015-05-19,100.9877,102.3776,99.673,101.1434,32756537
2015-05-20,101.5954,102.9082,99.9761,101.2975,40631169
2015-05-21,101.3583,102.4539,99.8499,101.3509,33414511
2015-05-22,101.333,103.254,100.257,101.8998,31682348
2015-05-25,101.7202,103.1607,100.4419,101.6199,22595857
2015-05-26,101.9248,102.745,100.3189,101.0949,28051747
2015-05-27,100.5648,102.6061,99.4222,101.5748,30608541
2015-05-28,101.5949,102.9659,100.3406,101.6899,46057359
2015-05-29,101.9062,103.8802,99.8408,101.3842,72797730
2015-06-01,101.6991,103.1969,99.9181,101.7695,32321175
2015-06-02,101.9748,102.8482,98.7088,99.8862,43499537
2015-06-03,99.6724,101.6118,95.5375,99.1027,56087344
2015-06-04,99.5044,100.6813,97.0367,98.8209,38070233
2015-06-05,98.4146,100.6088,97.479,99.2581,31886396
2015-06-08,99.3635,100.2026,97.2199,98.3311,29950702
2015-06-09,98.1292,100.2223,96.3426,98.345,27642923
2015-06-10,98.5255,100.4011,97.6188,99.1133,33834568
2015-06-11,99.7188,101.0041,96.95,97.876,37128101
2015-06-12,97.4858,99.292,96.0962,97.9181,30477339
2015-06-15,98.1097,99.4444,96.2066,97.4425,23611928
2015-06-16,97.2839,98.9277,96.1874,98.0577,29329063
2015-06-17,98.7516,101.0692,97.8481,99.5875,45375015
2015-06-18,100.0649,102.5175,99.1896,101.1927,43013010
2015-06-19,101.6351,104.126,100.6153,102.4162,56354580
2015-06-22,102.9782,105.5357,101.8343,104.3822,50701865
2015-06-23,104.7333,106.2186,103.0103,104.4836,35880829
2015-06-24,104.9307,106.2353,103.1177,104.1829,40182682
2015-06-25,104.0627,105.7941,102.5894,104.6283,52488394
2015-06-26,104.5311,106.0496,102.6413,104.3795,38646282
2015-06-29,102.1531,105.0447,99.8393,103.5602,35231607
2015-06-30,103.583,105.694,102.3889,104.3439,38391056
2015-07-01,104.6585,106.7747,103.918,105.5957,45886313
2015-07-02,106.1439,109.3097,105.1408,107.6851,44009417
2015-07-03,107.8216,109.8396,106.2801,108.0485,32413735
2015-07-06,106.8007,110.5185,105.7007,108.8977,48380450
2015-07-07,109.4997,111.8839,107.9946,109.947,75149988
2015-07-08,108.7138,110.5111,105.8093,107.5629,57392277
2015-07-09,107.5997,109.0639,105.469,106.6655,46641669
2015-07-10,107.0821,108.8137,105.9381,107.4579,32466250
2015-07-13,107.5629,109.2213,106.3813,107.7242,39546959
2015-07-14,108.3141,109.7717,106.8336,107.9511,55518578
2015-07-15,108.4125,110.1794,106.6204,108.1216,47870716
2015-07-16,108.5878,110.6853,107.4021,109.3195,46234315
2015-07-17,109.6344,111.2167,108.0212,109.6869,40312393
2015-07-20,110.0292,111.0975,108.0943,109.4699,30614191
2015-07-21,109.7133,110.9659,106.6057,107.5388,51512295
2015-07-22,107.8271,111.1307,106.5488,109.8159,47725900
2015-07-23,110.5154,112.0864,108.5439,110.2021,52286363
2015-07-24,110.2689,112.1603,108.5898,110.1773,46701537
2015-07-27,109.7042,111.7227,107.6222,109.574,47634176
2015-07-28,109.769,111.4698,107.6329,109.4105,62870119
2015-07-29,109.7464,111.9709,108.4543,110.2672,50247035
2015-07-30,110.701,112.8762,109.4528,110.8117,59944307
2015-07-31,110.9275,113.4116,109.7662,111.923,48056740
2015-08-03,112.2562,114.8901,110.7047,113.3945,41760021
2015-08-04,113.7741,116.9612,111.8568,114.8896,44964232
2015-08-05,115.197,117.2471,113.462,114.7736,38544580
2015-08-06,115.014,116.8664,113.0296,114.7114,36143298
2015-08-07,114.7571,116.6296,113.5779,114.8301,32772149
2015-08-10,115.2282,116.9858,113.3672,114.3463,36155129
2015-08-11,114.6923,115.8013,112.6591,113.9863,43008728
2015-08-12,113.7463,114.3308,109.4879,110.8234,41014466
2015-08-13,111.2481,113.4081,108.8902,110.4285,40976255
2015-08-14,111.545,114.3824,110.538,113.3711,39353278
2015-08-17,113.5107,115.4937,111.5717,113.4785,37210692
2015-08-18,113.8078,115.1185,112.0193,113.3989,27807888
2015-08-19,113.4341,114.9555,111.9757,113.2144,31279557
2015-08-20,113.0977,114.6614,110.4529,111.5331,40659294
2015-08-21,110.3383,112.2766,107.7859,110.7351,42658147
2015-08-24,107.3001,108.5756,99.4148,102.3946,81821031
2015-08-25,103.0627,106.4121,99.204,104.2899,98491291
2015-08-26,103.9535,107.2255,101.7245,104.4227,68643450
2015-08-27,106.1307,108.3325,104.6257,106.7763,66328887
2015-08-28,107.6767,109.3862,104.8202,107.1187,63040955
2015-08-31,107.0906,109.1731,104.2237,106.3932,63557442
2015-09-01,105.3421,107.4325,103.1847,104.7486,47860417
2015-09-02,105.2963,107.1549,102.7705,104.1894,43302031
2015-09-03,104.7755,107.2412,103.1793,105.9299,52955437
2015-09-04,106.0136,107.165,102.8177,104.3481,51872245
2015-09-07,104.451,105.6386,101.2117,102.5395,31384643
2015-09-08,102.7889,104.9595,100.564,103.267,33660480
2015-09-09,104.8418,107.0101,103.1239,104.8899,51014134
2015-09-10,103.4118,106.6137,101.8322,105.604,43069469
2015-09-11,106.519,107.8359,104.779,105.9587,46282721
2015-09-14,106.8048,109.2357,105.3046,107.7663,39790331
2015-09-15,107.711,109.159,106.2425,107.1865,69101775
2015-09-16,108.1202,108.8946,105.3831,106.7563,42599239
2015-09-18,107.7996,109.8684,104.8914,106.7624,92634101
2015-09-21,106.558,109.1026,104.4698,107.22,152676544
2015-09-22,107.867,108.8951,104.6482,105.7044,60479379
2015-09-23,104.819,107.4707,103.4616,106.2574,63627251
2015-09-24,106.1402,107.6446,104.5066,105.67,51597278
2015-09-28,106.0152,107.6349,104.4802,105.6602,27333587
2015-09-29,104.7686,108.7621,103.2381,107.597,58123110
2015-09-30,108.2548,111.3216,107.1069,109.8238,64285895
2015-10-01,110.5066,112.0549,108.1522,109.7616,42746173
2015-10-05,110.7557,113.5213,109.3907,111.7862,52999211
2015-10-06,112.4899,113.4132,109.8947,111.2402,45747309
2015-10-07,111.6076,113.4452,109.8444,111.3931,49244659
2015-10-08,111.4795,112.3725,108.8932,109.8771,42845416
2015-10-09,110.3907,112.0463,108.3617,109.465,43004250
2015-10-12,109.8249,111.0382,108.355,109.6782,32145001
2015-10-13,109.711,111.3085,108.2323,109.996,58120317
2015-10-14,110.3478,111.6578,108.6161,110.0279,37393374
2015-10-15,110.7309,112.021,109.2834,110.6839,47479440
2015-10-16,111.0513,111.8123,108.9212,110.1497,56157922
2015-10-19,110.8108,112.3066,109.7016,111.1726,97866329
2015-10-20,111.6836,114.1488,110.2325,112.3747,104358942
2015-10-21,112.9766,114.4452,110.6666,112.4863,82623523
2015-10-23,113.4215,114.7346,111.0344,112.0476,50473071
2015-10-26,112.3581,113.7483,110.4755,112.0521,45889918
2015-10-27,111.9113,113.6255,110.9637,112.638,40719199
2015-10-28,112.5187,114.1001,110.8567,111.9015,78568744
2015-10-29,112.2948,113.0917,109.8068,111.2842,93986390
2015-10-30,111.173,113.2509,109.875,111.1472,60380018
2015-11-02,111.5382,113.2772,109.6629,111.5845,44880465
2015-11-03,112.0714,113.4973,110.8838,112.3443,54454506
2015-11-04,112.6365,114.0152,111.3038,112.3987,55548433
2015-11-05,112.5763,113.4092,109.9355,111.1748,39964005
2015-11-06,110.9774,112.1696,108.7342,110.273,65199989
2015-11-09,108.4301,111.162,106.8436,109.5434,40772507
2015-11-10,109.5996,111.0198,107.3388,108.4811,60960405
2015-11-13,109.7398,110.6223,104.6765,107.7151,63218138
2015-11-16,107.482,108.9042,105.5257,107.2651,45384730
2015-11-17,107.7804,108.8456,105.8978,106.9302,52856367
2015-11-18,107.155,108.0684,104.7538,105.8965,56015526
2015-11-19,106.508,108.4412,105.1803,106.8721,44654794
2015-11-20,107.2953,110.0767,106.3753,108.6176,44627878
2015-11-23,109.0859,110.3808,107.0868,108.7297,41120400
2015-11-24,108.8716,110.8355,107.78,109.3324,40040241
2015-11-26,109.7243,111.2145,108.208,109.5647,83192747
2015-11-27,109.9738,111.8875,109.0092,110.5977,47481351
2015-11-30,110.9496,112.1608,108.7565,110.785,71678502
2015-12-01,110.9577,113.7074,109.7108,112.1419,69835275
2015-12-02,112.2655,113.9024,110.7204,112.3537,44972390
2015-12-03,112.2428,113.8158,110.7988,111.9889,45110717
2015-12-04,111.5573,112.8954,109.6263,110.8358,43964854
2015-12-07,111.1538,112.3321,109.1683,110.3061,33280932
2015-12-08,109.8723,111.2749,108.0049,109.242,43890197
2015-12-09,109.2129,110.7286,106.6296,107.8044,52561359
2015-12-10,108.3471,109.6318,105.7619,107.6432,51122814
2015-12-11,107.6787,109.1172,105.3656,106.6382,53476604
2015-12-14,106.1105,108.3945,104.7254,106.843,43109753
2015-12-15,107.1592,108.4232,105.7849,107.2757,41755406
2015-12-16,107.8716,109.6569,106.6553,107.9695,45221328
2015-12-17,108.7141,111.1974,107.7392,110.2275,50435587
2015-12-18,110.2282,111.8098,108.601,109.8949,46781618
2015-12-21,109.9268,112.0467,109.1547,110.8483,34104690
2015-12-22,110.9915,112.4365,109.5441,110.5504,37126205
2015-12-23,111.0986,112.1742,109.813,110.7561,36315271
2015-12-24,111.1298,112.1272,109.5109,110.8263,24142886
2015-12-28,111.3832,112.7315,110.4852,111.461,28173569
2015-12-29,111.6554,113.2808,110.4278,111.8989,50136593
2015-12-30,112.1603,113.3669,110.8823,111.8111,48759241
2015-12-31,112.0254,114.0199,111.0066,112.8125,106871737
2016-01-01,112.7978,114.4684,111.7236,113.5573,39615374
2016-01-04,113.2934,114.5035,110.6847,111.802,43965500
2016-01-05,112.2602,114.0606,110.931,112.6295,78752386
2016-01-06,112.9008,114.6426,111.5156,112.7462,58937390
2016-01-07,111.8986,112.7822,108.6931,110.1181,56020292
2016-01-08,110.8275,113.8534,109.8398,112.4209,49425136
2016-01-11,111.5439,113.1665,109.5488,111.3671,42686927
2016-01-12,111.5103,112.6294,108.9865,109.9609,44680802
2016-01-13,110.5186,111.8136,105.7717,109.029,101653979
2016-01-14,107.5766,109.6734,105.9949,107.7438,54739080
2016-01-15,108.1043,109.3234,103.395,104.5016,50084113
2016-01-18,104.2524,105.9596,98.9564,100.8834,68451983
2016-01-19,101.2941,104.4223,99.6585,102.92,56791317
2016-01-20,102.0029,103.191,99.0419,101.237,64376621
2016-01-21,102.5418,104.5415,99.7342,101.2095,74742649
2016-01-22,102.7435,105.048,101.1091,103.4508,62007387
2016-01-25,104.2467,106.0969,103.0285,104.1125,39843069
2016-01-27,103.241,104.5946,101.2551,102.838,48506522
2016-01-28,103.2729,104.8297,101.2109,102.4938,79816559
2016-01-29,102.5985,106.4163,101.438,105.0239,63272264
2016-02-01,106.1126,107.2006,103.353,104.9216,32075294
2016-02-02,105.4919,106.8365,102.0225,103.1771,61927540
2016-02-03,101.9506,105.8317,99.128,102.9572,107938690
2016-02-04,103.8731,105.6266,100.8837,102.8881,51655261
2016-02-05,103.3208,106.3904,102.1135,105.3501,54691537
2016-02-08,105.5383,107.5719,103.5579,105.013,45307543
2016-02-09,103.9185,105.1379,100.7335,101.9414,61545525
2016-02-10,101.764,103.3839,98.54,100.7825,62973641
2016-02-11,100.7031,101.7419,95.222,96.6971,72342377
2016-02-12,96.7886,99.1044,91.4957,95.6796,97031472
2016-02-15,97.3451,101.0397,95.9834,99.3471,74389165
2016-02-16,99.4471,100.8862,96.2085,97.1899,46931358
2016-02-17,97.4142,99.4886,94.3427,98.172,59524296
2016-02-18,98.9096,100.8053,96.8268,98.2695,61408878
2016-02-19,97.9507,99.7387,96.1446,98.0559,46968074
2016-02-22,98.4855,99.4881,96.0048,97.579,47561861
2016-02-23,97.6622,98.4742,94.4185,95.6843,48490763
2016-02-24,95.2561,96.5163,93.3354,94.5117,45354790
2016-02-25,95.017,96.2404,92.6272,94.0766,71079219
2016-02-26,94.9021,96.3276,93.1369,94.9122,56212604
2016-02-29,95.3611,97.6927,92.4325,95.4934,61567322
2016-03-01,95.8417,100.7485,95.179,99.626,48557045
2016-03-02,100.3202,104.1621,99.6288,101.9044,60074284
2016-03-03,102.5557,103.7365,100.1976,101.8443,41088366
2016-03-04,102.3922,105.078,100.5782,103.6136,52510376
2016-03-08,103.853,105.3321,101.4438,102.8625,42442896
2016-03-09,102.5277,104.7045,101.261,103.6303,37304401
2016-03-10,103.8254,105.4122,102.3703,103.5133,38330423
2016-03-11,103.7939,104.8231,101.9951,103.0955,33802459
2016-03-14,103.5476,105.0474,102.5734,103.9034,36550778
2016-03-15,104.0098,105.3017,102.1523,103.3018,44613349
2016-03-16,103.2096,104.2869,100.5568,102.6553,41470799
2016-03-17,103.4698,105.2917,102.0461,103.4975,49643939
2016-03-18,103.5031,104.806,101.428,103.2632,53843044
2016-03-21,103.7982,106.3745,102.7061,105.2567,49611186
2016-03-22,105.8551,106.7339,104.0667,105.3104,44093688
2016-03-23,105.3835,107.0654,104.1745,105.7824,41874555
2016-03-28,105.8706,106.9907,103.1901,104.0676,33545718
2016-03-29,104.1589,105.5908,102.4509,103.6172,39712810
2016-03-30,104.2121,107.1142,103.5368,106.017,42302108
2016-03-31,106.2408,108.8956,104.732,107.2642,72804281
2016-04-01,107.3507,109.2901,105.3433,107.2245,42397390
2016-04-04,107.6739,108.4401,105.0315,106.7116,31243135
2016-04-05,106.398,107.8503,104.5676,105.7113,57903505
2016-04-06,105.9378,107.7026,104.3301,106.3995,48726809
2016-04-07,106.6448,108.3458,105.0001,106.4982,48078077
2016-04-08,106.9304,108.3257,105.1278,107.0694,48024291
2016-04-11,107.3213,109.0001,106.0798,107.9928,38003288
2016-04-12,107.9655,110.4143,107.1333,108.9461,48886655
2016-04-13,109.7855,112.3325,109.03,110.712,57936100
2016-04-18,110.7274,113.2901,109.1768,111.495,54643110
2016-04-20,112.0175,113.8802,110.0946,111.2967,62145485
2016-04-21,111.4511,113.0134,109.2689,110.67,76332047
2016-04-22,110.5562,112.6099,109.2793,111.21,72630356
2016-04-25,111.661,114.7339,108.6302,111.3417,71060762
2016-04-26,111.8092,114.2794,110.4966,113.1676,86186875
2016-04-27,113.1089,115.4647,112.0377,113.9306,58205561
2016-04-28,114.0469,115.183,111.2997,112.4987,72734597
2016-04-29,112.5307,113.9956,110.0403,112.4322,48291472
2016-05-02,112.5316,116.9541,111.2098,115.5688,70031504
2016-05-03,116.1253,117.7947,113.1045,114.3884,68419430
2016-05-04,113.9739,115.6638,111.9688,113.2383,56362805
2016-05-05,113.7779,115.3508,111.5069,112.8653,53766516
2016-05-06,113.2251,114.8081,111.853,113.588,37561341
2016-05-09,114.3431,116.6684,113.3414,115.5056,46795509
2016-05-10,115.8678,117.3572,114.1194,115.4223,57591515
2016-05-11,113.9191,116.3644,113.0034,115.3041,60937476
2016-05-12,115.8952,118.6935,114.8792,117.5239,68634359
2016-05-13,117.6638,119.7262,115.608,117.2822,98740710
2016-05-16,117.6026,119.8652,116.0717,117.9709,60241634
2016-05-17,118.3328,119.7799,116.6532,117.9066,56739636
2016-05-18,117.8028,119.8124,116.4122,118.9059,49542298
2016-05-19,119.0744,120.3964,115.7096,116.7729,63715908
2016-05-20,116.942,118.2246,114.5015,115.6071,48178929
2016-05-23,116.5257,118.3373,114.4312,115.8894,52369789
2016-05-24,116.348,117.9956,113.4989,116.3734,91104896
2016-05-25,117.2315,118.5965,115.0914,116.6174,63860603
2016-05-26,117.126,120.2254,116.0422,118.5563,75364569
2016-05-27,119.0758,122.1557,117.6627,120.3232,78838936
2016-05-30,120.7814,123.262,118.9565,121.3124,74659527
2016-05-31,121.5358,122.7143,118.3905,119.905,304462033
2016-06-01,120.4256,122.4328,118.8567,120.4341,70702602
2016-06-02,120.7563,123.2861,119.1096,121.9486,58205204
2016-06-03,122.4881,125.3864,121.1516,122.872,93241464
2016-06-06,123.3267,125.3168,120.9243,122.7157,49403525
2016-06-07,123.1384,124.8335,121.4359,122.9505,69065350
2016-06-08,123.2716,125.9353,122.1772,124.4668,60105374
2016-06-09,124.9341,126.2636,122.5105,123.5457,64584760
2016-06-10,123.8238,125.4077,121.4857,122.5633,55570826
2016-06-13,121.3626,122.9828,119.315,120.9486,47142774
2016-06-14,121.2281,123.1772,119.7198,121.4954,43656939
2016-06-15,121.831,124.3963,120.9115,122.9493,43185205
2016-06-16,123.0536,124.8517,120.3234,122.3029,75983815
2016-06-17,123.3164,124.6973,121.0582,122.3572,59885073
2016-06-20,121.8022,124.7132,120.4705,123.3098,60105043
2016-06-21,123.7143,125.4975,122.3624,124.0243,70308487
2016-06-22,124.1205,125.4324,122.4874,123.6397,52858409
2016-06-23,123.7789,124.994,121.9008,123.4578,32515287
2016-06-24,120.4498,123.5488,115.8853,122.1864,88136182
2016-06-27,121.704,125.9403,121.1605,124.2425,78640470
2016-06-28,124.5808,126.4276,123.1223,124.86,60161881
2016-06-29,125.3111,128.0163,123.7349,126.0782,64877657
2016-06-30,126.8809,130.1715,125.394,128.5938,124730471
2016-07-01,129.4165,132.7716,128.3315,130.8624,95297837
2016-07-04,131.6428,133.8717,129.9822,131.6444,93053426
2016-07-05,132.0038,133.3112,128.5092,130.8858,87477148
2016-07-07,131.2896,132.568,129.2583,130.1626,56540865
2016-07-08,130.3648,132.4371,128.6044,131.0184,66816899
2016-07-11,132.4591,136.548,131.3892,134.4246,95977741
2016-07-12,135.4872,137.6156,133.5538,135.5652,79841815
2016-07-13,135.8191,137.096,131.2613,133.1994,80958416
2016-07-14,133.1063,135.3036,131.3072,133.2074,88954651
2016-07-15,134.0331,135.749,131.9777,133.4691,68898000
2016-07-18,134.1822,136.0756,131.98,133.1782,59979638
2016-07-19,133.6052,134.8018,130.9711,132.8303,59040132
2016-07-20,133.0415,135.6692,131.6539,134.2018,69900602
2016-07-21,135.0535,137.6615,132.973,134.4078,77735034
2016-07-22,134.7008,139.3301,133.1432,137.1469,102856173
2016-07-25,137.5012,141.3938,135.4793,139.1189,123489600
2016-07-26,139.6537,144.7333,137.4397,141.5485,186764281
2016-07-27,142.0718,145.9748,139.7974,143.7598,129814061
2016-07-28,144.1173,147.5244,141.451,144.3198,173825969
2016-07-29,144.809,148.5393,142.6366,145.3597,101383006
2016-08-01,146.0579,152.2289,143.9286,148.9024,169042918
2016-08-02,149.7928,152.7953,145.0927,147.2765,125088040
2016-08-03,147.6279,148.9159,141.7944,143.7074,123786360
2016-08-04,144.9919,147.4727,141.8202,144.864,97226506
2016-08-05,146.0981,148.8559,143.25,147.1574,91483493
2016-08-08,147.8785,150.7359,145.1774,148.2177,115633446
2016-08-09,148.5194,150.1146,145.2172,147.6602,125711964
2016-08-10,147.8094,149.7679,143.6562,145.854,107659125
2016-08-11,146.1774,147.8342,142.8157,145.7562,106445696
2016-08-12,145.6502,148.9946,144.1369,147.2714,81326603
2016-08-16,147.3392,149.3759,144.6003,147.2279,71426738
2016-08-17,147.531,149.5058,145.4478,147.7011,62076493
2016-08-18,148.2799,149.9534,146.1207,147.8607,64960717
2016-08-19,148.3969,149.7351,146.2935,147.5716,70551491
2016-08-22,147.6835,149.2754,145.8201,147.2387,62825762
2016-08-23,147.5089,149.055,144.9653,146.9047,56887049
2016-08-24,147.353,149.2338,146.0074,147.6117,65038400
2016-08-25,148.2283,150.8425,146.0541,148.0846,120082507
2016-08-26,148.7426,151.4481,146.6552,149.3144,65314418
2016-08-29,149.506,151.8601,147.3421,150.3928,60939878
2016-08-30,151.0723,153.1763,149.966,151.6756,60627016
2016-08-31,152.4164,155.6815,150.3782,153.2173,98780642
2016-09-01,153.3184,156.1548,151.1153,153.4507,70940485
2016-09-02,153.7202,155.9458,151.7356,153.4836,89708898
2016-09-06,154.6052,157.2175,152.9471,155.5299,61754945
2016-09-07,155.7469,158.097,153.2926,154.9835,105111184
2016-09-08,155.393,158.7356,152.826,156.6357,79402375
2016-09-09,156.9928,158.1576,152.9089,154.2446,60678781
2016-09-12,151.0607,152.6379,146.3554,148.7941,71495977
2016-09-14,149.5065,151.9616,146.9449,150.1686,80661462
2016-09-15,150.5728,152.5285,148.3574,150.3831,58217419
2016-09-16,151.6854,154.0383,148.0884,150.1426,94138255
2016-09-19,150.4968,152.2625,148.5853,150.2386,65128052
2016-09-20,149.9544,152.9615,148.5672,150.9592,86251989
2016-09-21,151.7206,153.4636,149.8078,151.373,82355597
2016-09-22,152.9032,156.4212,151.3809,154.9733,96263654
2016-09-23,155.7447,158.302,153.6521,155.1487,90989205
2016-09-26,154.816,156.8097,152.6647,154.3936,74047729
2016-09-27,155.0657,156.5327,152.1748,153.3555,77352064
2016-09-28,153.4126,155.6423,152.0961,154.1861,60753388
2016-09-29,155.2922,157.0034,143.7206,147.936,231451149
2016-09-30,147.6579,154.0082,145.9287,151.9646,91241742
2016-10-03,153.2001,157.552,151.7908,156.227,78119542
2016-10-04,157.0375,159.4402,154.4131,157.0977,108808093
2016-10-05,157.8592,160.7683,155.2986,158.2053,167314900
2016-10-06,158.7456,161.0713,155.5126,156.9615,94071962
2016-10-07,157.5464,159.2915,155.5392,157.1319,67393146
2016-10-10,157.5793,158.9729,154.9751,156.1002,52683084
2016-10-13,156.0864,157.4196,151.6326,154.0277,83349235
2016-10-14,155.023,157.8948,153.1483,156.2757,67558872
2016-10-17,156.936,159.3459,153.8685,155.8122,68691605
2016-10-18,156.6334,161.2263,155.3866,159.7118,88535720
2016-10-19,160.7075,162.8799,158.1894,160.3652,90656576
2016-10-20,161.1192,163.0016,158.9339,160.2135,57481396
2016-10-21,160.7144,162.9502,158.3875,161.1907,54329661
2016-10-24,161.8191,163.6675,159.2531,160.7511,47934016
2016-10-25,160.8283,162.7521,158.8871,160.9306,51145792
2016-10-26,160.5638,163.4555,157.5523,159.9115,96484536
2016-10-27,159.7443,161.6239,155.7272,157.8145,106556530
2016-10-28,157.9689,160.6594,155.7643,158.2416,80064619
2016-11-01,160.0581,161.5749,156.9783,158.4444,63970986
2016-11-02,157.3479,158.5837,153.5245,155.5805,62985907
2016-11-03,155.6279,157.8193,152.1218,153.408,51333900
2016-11-04,153.6032,154.5514,147.1096,149.714,78183005
2016-11-07,151.8249,154.2468,148.776,150.234,90111713
2016-11-08,150.9838,153.5359,148.375,151.0685,61799359
2016-11-09,139.8519,148.2076,127.4391,144.9489,171887894
2016-11-10,147.9401,151.9162,142.9143,146.162,112560783
2016-11-11,144.288,146.3696,136.2996,140.0218,126173955
2016-11-15,140.0774,140.9761,127.0061,132.0587,169532570
2016-11-16,134.4766,140.1659,130.0747,134.6121,178073342
2016-11-17,135.2396,138.443,131.6511,133.878,81588629
2016-11-18,134.5649,136.9556,131.7402,133.8577,74146915
2016-11-21,135.0514,135.5848,127.2598,129.9828,104314140
2016-11-22,131.2141,134.6574,128.7222,132.8454,77789607
2016-11-23,134.3569,136.5045,131.5555,134.8652,79887304
2016-11-24,134.2769,136.8487,131.7051,134.5353,144244724
2016-11-25,135.2868,140.8039,133.8731,138.6818,99736626
2016-11-28,138.4271,141.0386,136.2656,138.8733,68843353
2016-11-29,139.5424,143.8443,138.5099,141.426,96837618
2016-11-30,142.1207,145.2104,140.2895,143.1946,126963737
2016-12-01,143.8176,144.8205,140.4377,141.5637,55769889
2016-12-02,140.417,141.8234,137.372,138.9362,64591306
2016-12-05,139.0922,141.3413,137.0042,138.9938,53011163
2016-12-06,139.4632,141.7953,137.891,139.245,46027403
2016-12-07,139.9214,141.1235,136.0529,137.6601,59213359
2016-12-08,138.9164,141.0574,138.0065,139.975,48801866
2016-12-09,140.2693,141.9639,138.033,139.5472,93470527
2016-12-12,139.3294,140.6877,135.6786,137.086,69544587
2016-12-13,136.7832,138.2585,133.1931,135.1277,72223282
2016-12-14,135.6292,136.9661,132.1128,133.3335,71973506
2016-12-15,132.2483,136.4361,130.9317,134.2189,67533880
2016-12-16,134.8172,136.1164,132.2795,133.9263,63756180
2016-12-19,133.9186,135.8494,131.2131,133.091,65363194
2016-12-20,133.2267,134.6231,129.5579,131.4306,88005599
2016-12-21,132.0713,134.1507,129.7912,131.5194,76621074
2016-12-22,131.3648,131.996,127.644,128.9955,69418553
2016-12-23,129.211,132.083,126.9874,129.7043,87700098
2016-12-26,129.4421,130.2763,125.5244,127.2507,62262983
2016-12-27,127.2693,130.6384,125.7397,129.3919,81315776
2016-12-28,130.351,133.1971,128.7697,130.6343,70931831
2016-12-29,130.7677,134.2399,130.1173,132.908,185274165
2016-12-30,133.2631,136.3643,132.205,134.0109,93596493
2017-01-02,134.8025,137.9041,132.9271,136.1099,63052352
2017-01-03,136.3967,138.5936,134.6174,136.8368,66793287
2017-01-04,137.1655,138.8436,134.8438,136.2343,63215719
2017-01-05,136.9491,139.5419,135.9935,138.3281,70080183
2017-01-06,139.0085,141.0551,137.0491,138.1736,93637769
2017-01-09,138.6715,140.6519,137.1968,138.853,43050956
2017-01-10,139.3183,141.1685,138.0461,139.9895,61176748
2017-01-11,140.636,143.3,139.1162,141.9116,77420787
2017-01-12,142.3332,143.7039,139.9427,141.6696,67985234
2017-01-13,142.1294,143.8115,140.4871,142.4902,56985621
2017-01-16,142.4567,144.8817,141.3014,143.8618,66331593
2017-01-17,144.5343,146.3145,142.8029,144.6202,68372539
2017-01-18,145.1034,147.0476,143.1475,144.7526,67670833
2017-01-19,144.9798,147.1673,143.1446,145.2255,58481214
2017-01-20,144.8938,146.6252,141.7403,143.1907,58189578
2017-01-23,143.4156,145.7126,142.0264,144.3848,43917342
2017-01-24,144.8398,147.0956,143.0538,145.6267,68108928
2017-01-25,146.0629,150.2447,144.8058,148.9547,141133905
2017-01-27,149.5096,151.685,147.9233,149.4591,118164341
2017-01-30,149.1495,152.5815,147.1754,150.4776,100984987
2017-01-31,151.0012,152.8972,146.9946,148.654,133374163
2017-02-01,148.9177,154.2914,147.2293,153.0501,113654686
2017-02-02,153.5269,157.1167,151.5611,154.6912,95764515
2017-02-03,155.3101,157.6068,153.4631,155.2259,86423717
2017-02-06,155.8116,159.9691,154.293,157.905,72970192
2017-02-07,158.1284,160.6364,155.0667,157.5925,83400671
2017-02-08,157.9472,160.7852,155.0949,158.0022,84716125
2017-02-09,158.6348,160.7706,155.1073,157.4927,100425796
2017-02-10,158.264,160.601,155.9609,158.0303,67082018
2017-02-13,158.6731,160.286,155.4775,157.9266,68430827
2017-02-14,158.3915,159.7588,155.7271,157.4882,57535001
2017-02-15,157.1076,159.1203,153.8398,155.5999,65469647
2017-02-16,155.652,160.222,154.6253,158.9478,72977201
2017-02-17,160.2662,162.8174,157.9262,159.9281,68618576
2017-02-20,160.0468,162.1062,157.3786,160.1584,55791195
2017-02-21,160.1895,162.5029,158.6193,160.8029,79367093
2017-02-22,161.4204,163.074,158.8956,160.7333,84748053
2017-02-23,161.289,163.9244,159.1782,161.1479,120148079
2017-02-27,161.2099,163.7659,159.132,161.4216,103549087
2017-02-28,162.0494,164.3239,160.3202,162.1389,70371213
2017-03-01,162.9626,164.9299,160.5077,162.0237,74933190
2017-03-02,162.8715,164.2116,157.9497,159.5398,92017059
2017-03-03,159.0111,160.9448,156.7249,158.9939,66760549
2017-03-06,159.8883,162.0227,158.1474,160.2093,60424341
2017-03-07,160.6381,162.234,158.1491,160.4582,64266438
2017-03-08,160.6698,162.7641,158.089,160.5811,75765791
2017-03-09,160.0342,162.1713,158.4708,160.2347,68853759
2017-03-10,160.1291,162.0864,158.2452,159.9057,80624434
2017-03-14,162.9073,166.9297,160.8225,164.6837,102118928
2017-03-15,165.0668,169.1035,164.0463,167.1961,101632480
2017-03-16,167.8797,171.3613,166.262,169.328,91269884
2017-03-17,169.8528,172.4619,167.2577,169.922,130163710
2017-03-20,170.5901,173.0831,167.9331,170.3962,101719398
2017-03-21,170.7308,172.7316,167.3271,169.9803,128577804
2017-03-22,168.508,170.6743,165.6998,167.8306,102635963
2017-03-23,168.7273,171.733,167.5501,170.2338,84816163
2017-03-24,170.6995,173.4902,169.3225,171.3019,90700525
2017-03-27,171.3259,173.1929,169.0215,170.8874,62366217
2017-03-28,171.3769,174.6865,169.562,172.5005,100420103
2017-03-29,173.2769,175.7627,170.2874,172.8578,127033034
2017-03-30,173.2786,176.3046,171.3589,173.7703,135903883
2017-03-31,174.0523,177.4505,172.5428,175.3297,89764351
2017-04-03,175.6378,178.4014,174.2039,176.7557,86004344
2017-04-05,177.2029,180.7009,175.1553,178.5333,110266403
2017-04-06,178.292,181.4364,175.8862,179.0246,100075221
2017-04-07,178.4081,182.7153,176.6256,179.239,97653305
2017-04-10,179.8508,183.4603,176.9624,180.5078,86372265
2017-04-11,180.636,185.5388,179.0657,182.6832,184539300
2017-04-12,183.1464,186.1871,179.3368,183.2492,115431276
2017-04-13,183.2708,186.8849,181.3803,184.4577,64212303
2017-04-17,185.1355,188.546,181.3644,184.7041,109937352
2017-04-18,185.4992,188.1698,181.0985,182.4166,94884060
2017-04-19,182.2736,185.2662,179.5658,182.7114,77552663
2017-04-20,183.975,186.6479,181.8579,184.2072,75796653
2017-04-21,184.9515,187.5901,182.3037,184.6538,74216778
2017-04-24,185.221,188.5562,183.4542,186.6603,78569798
2017-04-25,188.4082,193.3166,185.9892,190.709,101817735
2017-04-26,191.5843,192.9351,185.5439,188.2228,91481482
2017-04-27,188.7875,190.2073,185.3115,187.0722,85006460
2017-04-28,187.3108,190.6116,185.2959,187.9849,120274606
2017-05-02,188.7887,192.7175,185.5092,189.6361,111171263
2017-05-03,190.023,192.9623,187.8114,189.9056,78213897
2017-05-04,190.3025,194.5579,188.6703,190.961,86704462
2017-05-05,191.3565,193.6259,186.6155,189.3417,88433280
2017-05-08,190.0044,193.1333,187.7915,190.4293,54039121
2017-05-09,190.9836,193.2855,187.8845,190.0579,94078750
2017-05-10,191.0426,193.7346,189.1294,191.8534,67223692
2017-05-11,192.3321,195.0273,188.9815,191.7306,76078855
2017-05-12,192.0797,193.5133,187.3697,189.5016,60265265
2017-05-15,190.1815,194.0139,188.8285,191.9898,80937397
2017-05-16,192.6799,194.7616,190.2036,192.515,71353923
2017-05-17,192.5714,195.2751,189.3672,192.0179,95613454
2017-05-18,189.9654,192.7525,186.5275,188.1775,69927638
2017-05-19,189.5091,191.3858,182.9025,185.7269,281523930
2017-05-22,186.9895,188.8121,181.3492,182.7661,78106198
2017-05-23,182.9036,185.0018,175.8829,181.214,110770127
2017-05-24,181.7937,183.7159,176.7849,179.2031,85650221
2017-05-25,179.8749,184.0292,177.4968,181.3519,101464805
2017-05-26,182.0933,187.3072,180.423,185.1861,106164890
2017-05-29,185.5723,187.974,181.3981,183.9146,94585405
2017-05-30,183.0763,187.704,180.3751,186.203,186268834
2017-05-31,186.9099,191.8311,184.8717,189.5278,237511303
2017-06-01,189.2,192.0763,186.8342,189.5063,73199465
2017-06-02,190.1968,193.5865,187.3147,191.2133,88711024
2017-06-05,191.6205,194.7862,189.2343,192.1362,72048070
2017-06-06,192.6701,194.3984,187.9987,190.0075,66825134
2017-06-07,191.0786,194.8292,188.8468,192.3939,92285238
2017-06-08,193.3639,195.8086,190.8675,193.255,67809892
2017-06-09,193.6499,196.8887,191.1706,194.9349,94322266
2017-06-12,194.4648,197.046,191.4224,193.7439,63136186
2017-06-13,194.6948,197.8679,192.5608,195.3229,76715760
2017-06-14,195.6782,198.4647,192.9993,195.9034,92418202
2017-06-15,196.0987,199.6744,194.2874,197.4293,83408695
2017-06-16,197.9777,201.1817,195.4423,197.6415,78150026
2017-06-19,198.1071,200.267,195.6804,197.7225,48231395
2017-06-20,197.9562,200.8232,195.9973,198.3726,66380944
2017-06-21,198.2378,200.3767,196.132,198.0788,61521286
2017-06-22,198.4647,200.8045,194.6949,196.2097,73308512
2017-06-23,196.5185,197.5894,189.5056,192.7012,76350046
2017-06-27,193.0876,194.2768,187.2055,189.849,75919603
2017-06-28,189.3859,194.0897,186.8485,192.0578,70371726
2017-06-29,192.9729,196.8004,191.5521,194.2444,86812565
2017-06-30,193.476,196.9449,190.5032,194.669,63703081
2017-07-03,195.12,197.8081,192.6114,195.4522,74391929
2017-07-04,196.1728,199.7001,193.046,195.4662,75551013
2017-07-05,195.8354,199.263,194.162,197.3129,80143923
2017-07-06,197.6748,201.6642,195.7247,198.2947,97428056
2017-07-07,198.4514,200.4442,195.4595,197.1749,70261185
2017-07-10,196.5848,199.6013,194.1289,197.7167,15301166
2017-07-11,198.308,200.7913,194.862,197.012,118434510
2017-07-12,197.1525,201.7205,195.3523,199.9226,204949978
2017-07-13,200.9603,205.0127,199.4412,202.9312,168733062
2017-07-14,203.2211,205.154,199.3251,202.5455,188303652
2017-07-17,203.0693,205.8096,200.0054,203.1267,122485207
2017-07-18,202.7126,205.6621,199.0256,201.0497,83641133
2017-07-19,201.6648,205.1999,200.264,202.9926,90436647
2017-07-20,203.728,207.3388,201.4105,204.5639,110030374
2017-07-21,204.946,208.6046,201.6172,205.4357,118308620
2017-07-24,206.1555,209.6665,203.4729,206.3825,85844455
2017-07-25,207.2759,211.0694,204.9073,208.8557,101739841
2017-07-26,209.3203,212.7466,206.1046,208.6904,100672777
2017-07-27,210.0269,213.4272,205.485,207.3864,131347245
2017-07-28,206.9722,211.5067,204.9524,208.8299,101562204
2017-07-31,209.4755,212.7014,206.5099,210.0571,91350055
2017-08-01,210.6841,213.6182,207.8491,210.7265,69580702
2017-08-02,211.7444,213.1948,207.9782,210.0126,65179394
2017-08-03,210.245,213.4028,206.737,209.2972,97951880
2017-08-04,210.0915,214.0991,208.2412,212.2918,73857522
2017-08-07,212.8671,217.9961,211.3158,215.4481,98235539
2017-08-08,216.3068,218.7501,210.688,213.7806,106022855
2017-08-09,213.3076,214.8628,206.6951,208.6271,88480229
2017-08-10,207.1999,209.844,199.3824,202.8205,125382580
2017-08-11,198.7131,207.6771,194.3415,203.8265,153866791
2017-08-14,205.8256,210.8245,204.251,208.0364,84323738
2017-08-16,209.6834,213.3009,205.8881,210.9837,75054468
2017-08-17,211.8447,215.8695,208.8508,211.0568,79795531
2017-08-18,210.0063,212.4451,206.8745,210.1758,68633701
2017-08-21,210.7109,213.2526,205.9971,207.6187,127179958
2017-08-22,208.9131,210.4073,203.7316,205.7293,76621471
2017-08-23,206.7804,212.2924,205.2031,210.7622,69585472
2017-08-24,211.4827,214.2915,208.6596,211.3269,77960348
2017-08-28,212.1482,217.3517,210.5293,215.3457,113082086
2017-08-29,215.0179,217.7349,210.977,212.9716,118577230
2017-08-30,214.7195,218.6516,213.363,215.783,86322874
2017-08-31,216.3112,219.1647,213.8185,216.5717,118103356
2017-09-01,217.3133,220.9511,215.7519,218.7252,103408603
2017-09-04,217.9259,220.8808,213.531,216.8569,93566171
2017-09-05,216.8002,219.828,214.5245,217.732,115999802
2017-09-06,216.2392,221.7384,214.3873,219.3264,152682640
2017-09-07,220.2732,227.0264,218.2497,223.4482,163601457
2017-09-08,224.3209,226.2545,219.2286,221.3903,126621273
2017-09-11,222.9467,225.9054,220.3546,222.7391,93243816
2017-09-12,224.1815,226.0689,219.7817,222.1524,138895571
2017-09-13,223.2319,226.0399,220.2142,221.9829,100977927
2017-09-14,223.6019,225.843,220.5309,222.71,92801616
2017-09-15,222.4578,225.7756,219.5969,222.7201,165132732
2017-09-18,224.3831,227.9864,222.1012,224.5186,105390001
2017-09-19,225.2273,227.6062,222.6048,225.0085,96029834
2017-09-20,225.6984,227.5198,222.1034,223.6975,108868223
2017-09-21,224.2132,226.4862,217.7939,222.2596,161005339
2017-09-22,221.1791,222.4439,213.2025,215.1206,139857611
2017-09-25,214.8873,216.0937,204.0094,209.6996,134194736
2017-09-26,210.1151,215.5006,207.1195,212.1624,126975901
2017-09-27,213.9107,215.6558,205.6583,207.5069,171909583
2017-09-28,207.6404,211.3064,203.8626,208.357,145297501
2017-09-29,209.9751,214.3536,207.404,210.4579,250690057
2017-10-03,212.4293,216.6207,210.1278,214.471,127335500
2017-10-04,215.3178,217.3805,212.3366,214.8937,73956024
2017-10-05,215.2702,217.5639,212.4336,214.3212,70577313
2017-10-06,215.5568,218.9288,213.664,216.6168,99994467
2017-10-09,216.8328,219.8619,214.373,217.2216,86639069
2017-10-10,218.3116,221.3435,216.6172,219.2805,80264398
2017-10-11,220.1938,222.6969,214.6112,216.7849,97931351
2017-10-12,217.3134,220.7285,215.3767,219.043,90375723
2017-10-13,219.6515,222.7383,217.0551,219.2265,98997900
2017-10-16,220.5205,222.4328,215.5434,217.9284,96880869
2017-10-17,218.351,221.7325,216.1928,219.1,91545265
2017-10-18,219.2764,221.7554,214.9336,219.3724,126039544
2017-10-19,219.9763,221.5443,216.9996,219.1544,17851788
2017-10-23,219.3705,221.8303,215.7009,217.9029,85111188
2017-10-24,219.3048,220.8369,216.1501,217.7817,78403272
2017-10-25,218.9271,220.6273,207.814,211.9471,214575915
2017-10-26,212.116,216.0396,207.651,212.5226,198887201
2017-10-27,213.2637,217.4249,211.3679,214.4927,108663720
2017-10-30,215.5062,218.6108,212.8855,215.7264,84748942
2017-10-31,215.8649,219.0824,212.4831,215.6317,109002289
2017-11-01,217.0612,220.165,214.0762,216.462,115054360
2017-11-02,217.2091,221.4369,214.6799,218.0025,147968487
2017-11-03,218.9774,221.5232,215.6286,218.0804,120220196
2017-11-06,217.7723,221.8149,214.891,218.1413,176315498
2017-11-07,219.4523,220.7674,212.7439,214.8534,132837349
2017-11-08,215.4741,217.5754,211.2882,213.3286,99981136
2017-11-09,214.268,218.2184,211.2678,215.0439,78971016
2017-11-10,214.6023,218.0865,212.2506,215.3184,79914457
2017-11-13,215.7661,218.2134,211.6818,213.8578,80619039
2017-11-14,213.6513,216.6649,209.9747,213.2767,69797697
2017-11-15,213.1089,215.2586,207.8841,209.8348,96315045
2017-11-16,211.079,215.6904,208.5636,213.2868,93037122
2017-11-17,216.0776,219.916,213.306,216.4874,276483803
2017-11-20,216.8156,219.7731,214.8427,217.8106,80448077
2017-11-21,218.5732,224.0259,215.6499,219.3684,231821473
2017-11-22,220.2382,222.6787,217.2918,219.4981,117073170
2017-11-23,219.2713,221.139,215.5528,217.3505,95568930
2017-11-24,218.4426,220.6104,215.3311,217.8538,89840444
2017-11-27,217.2383,220.3781,215.5565,218.1824,73679794
2017-11-28,218.2057,221.6649,215.8729,218.2384,99652233
2017-11-29,218.0038,221.2506,215.4043,218.2244,90676010
2017-11-30,218.0318,220.6873,214.5321,216.9293,138662343
2017-12-01,218.3058,220.3674,213.1312,214.6153,93833911
2017-12-04,215.8873,217.6293,211.099,213.5274,65362797
2017-12-05,212.9207,216.3999,209.9581,214.5002,83619722
2017-12-06,213.8533,216.0781,210.5491,212.7479,76084045
2017-12-07,212.5882,217.4624,211.4652,215.815,85969825
2017-12-08,216.3095,220.0178,214.7343,218.0847,82780475
2017-12-11,218.2117,220.4663,215.0386,217.2528,58843878
2017-12-12,217.3611,219.1659,213.9545,215.8026,72958885
2017-12-13,215.5441,218.0947,212.0882,214.0435,68723427
2017-12-14,214.5792,216.5503,210.5491,213.9048,75110840
2017-12-15,215.8089,218.7438,213.9754,216.7693,81293859
2017-12-18,215.3902,220.1982,209.6922,217.8843,98506173
2017-12-19,219.1321,222.8047,216.6616,220.5375,100047846
2017-12-20,220.6593,223.7024,218.7174,221.1379,69005136
2017-12-21,221.9406,225.5156,219.4941,222.8964,224306280
2017-12-22,222.9818,225.8652,220.5303,223.223,133867787
2017-12-26,223.7268,225.7652,221.4464,223.7027,79485179
2017-12-27,224.0868,225.9702,220.7906,222.4306,106541725
2017-12-28,222.6335,224.6446,219.6689,221.7172,108585008
2017-12-29,222.0025,225.2187,219.6336,222.2285,135803722
2018-01-01,222.4425,226.5474,220.4805,222.6523,80167065
2018-01-02,223.0924,224.6732,217.8661,220.2953,85268931
2018-01-03,221.1498,223.3439,218.4699,220.3719,79019548
2018-01-04,221.4061,224.348,219.2287,222.397,78476188
2018-01-05,222.9976,226.8021,221.4441,224.981,109999314
2018-01-08,225.4399,230.6983,224.1612,228.6217,114678686
2018-01-09,229.0251,231.8406,225.5549,228.1779,108606645
2018-01-10,228.2301,230.4267,225.024,226.8629,93181278
2018-01-11,226.6306,230.1335,224.5323,227.7953,126756189
2018-01-12,228.6163,231.3671,224.2006,227.9125,149144130
2018-01-15,228.5693,232.7158,225.9513,228.457,110910353
2018-01-16,229.1848,231.8323,223.0438,225.3457,118698507
2018-01-17,225.2663,228.7198,221.1136,226.2118,105255154
2018-01-18,227.8058,230.2057,221.5709,224.0475,116166511
2018-01-19,224.5696,228.9929,220.9345,226.0899,101287007
2018-01-22,226.5549,231.7261,223.785,228.8614,108093792
2018-01-23,229.775,232.481,226.2958,228.7497,121192253
2018-01-24,229.4343,232.2535,225.1608,228.1196,108175610
2018-01-25,228.5476,231.6736,223.435,227.05,118144917
2018-01-29,227.5377,231.1155,224.4429,226.4576,73103424
2018-01-30,226.8849,228.2291,220.5851,223.465,81407154
2018-01-31,222.0116,225.5261,217.6658,221.8102,109901071
2018-02-01,222.8068,231.1352,217.9509,226.6124,132654963
2018-02-02,223.8023,226.6821,214.8509,219.0634,149396761
2018-02-05,214.5933,220.8804,209.3841,217.8494,117413105
2018-02-06,206.564,219.3018,204.02,216.0986,139018411
2018-02-07,219.3208,222.5148,213.993,217.4329,97055918
2018-02-08,218.6499,223.552,216.6623,220.5779,74666134
2018-02-09,215.9732,222.2626,214.5188,219.3391,78630818
2018-02-12,220.6598,225.4698,217.5747,222.2396,77152579
2018-02-14,223.2792,228.067,220.7592,223.901,85021422
2018-02-15,224.9806,227.655,220.4763,222.9742,75659859
2018-02-16,224.2795,226.0124,218.0058,219.8524,85530102
2018-02-19,220.1883,221.9616,214.0888,217.4079,75227980
2018-02-20,218.1554,220.2531,214.865,216.8652,62619663
2018-02-21,217.8522,219.9151,213.7239,216.3235,66190733
2018-02-22,215.8656,219.0702,213.4325,216.2209,86836273
2018-02-23,217.2251,221.6241,215.7183,219.6002,63182485
2018-02-26,221.0882,224.5994,218.6685,222.4254,81116319
2018-02-27,222.8284,224.9738,219.1993,221.2255,68095209
2018-02-28,219.8856,222.3687,217.0418,219.152,81331370
2018-03-01,219.2046,221.9557,216.4234,218.273,73873485
2018-03-05,218.2789,220.2025,213.8402,216.5643,67111506
2018-03-06,218.0686,220.7171,212.2338,214.3494,74952839
2018-03-07,214.0176,215.0503,208.097,209.7303,77496047
2018-03-08,211.4041,213.3281,206.6651,210.1652,87287397
2018-03-09,211.046,214.1345,208.0698,210.622,85936148
2018-03-12,212.0982,214.8048,209.0898,211.9341,79555661
2018-03-13,212.1634,216.7655,210.5813,214.3059,100072099
2018-03-14,213.1652,216.3698,210.9595,214.0664,81556442
2018-03-15,213.9631,217.5991,212.6187,215.4548,72673831
2018-03-16,215.2797,217.6059,210.6797,212.514,102583437
2018-03-19,212.6634,214.3078,207.2096,208.8361,83639592
2018-03-20,207.6703,211.7271,205.6613,209.2839,81402896
2018-03-21,210.5359,214.4319,208.3148,210.7194,76631515
2018-03-22,211.3552,213.1073,207.8945,209.5052,66721052
2018-03-23,206.0597,210.1642,203.506,208.076,81927203
2018-03-26,207.9618,212.9546,205.8295,211.1467,80393009
2018-03-27,212.7032,218.5145,211.2604,215.7271,112573267
2018-03-28,214.988,219.5985,211.329,215.184,101065585
2018-04-02,215.5879,221.1989,213.1114,218.7599,68081196
2018-04-03,219.0727,224.078,217.2846,221.9887,72432415
2018-04-04,222.849,225.6297,218.2146,220.2737,94110964
2018-04-05,222.802,227.631,220.2818,225.4432,86897539
2018-04-06,225.8884,229.0048,223.2944,226.9751,86970914
2018-04-09,226.5569,230.4523,224.3037,226.6015,62235562
2018-04-10,227.1005,229.9521,223.8562,226.4196,61697322
2018-04-11,226.8369,229.5687,223.3551,226.5029,64316901
2018-04-12,226.2756,228.4294,223.6192,225.7403,55953444
2018-04-13,226.3007,229.0605,223.6952,226.5782,50875420
2018-04-16,225.338,230.0305,223.5866,228.2566,53508285
2018-04-17,229.3606,231.6367,225.9553,228.7461,62405514
2018-04-18,229.5266,231.7441,226.9363,228.8597,45913642
2018-04-19,229.138,231.8869,226.8028,229.2194,52161024
2018-04-20,229.6512,230.8475,225.5775,227.6704,60740089
2018-04-23,228.5367,232.1524,225.5951,228.7866,64394009
2018-04-24,230.2605,235.2329,227.5913,232.0883,78234572
2018-04-25,232.8637,237.5933,229.5417,233.1147,83839119
2018-04-26,234.6741,237.4053,230.9722,233.9787,100892187
2018-04-27,235.4796,239.129,232.2476,235.1975,72865764
2018-04-30,236.2857,239.673,233.7109,236.4072,63189571
2018-05-02,237.3047,240.2687,232.1374,235.458,73548925
2018-05-03,235.8709,237.7996,229.8998,233.8939,66402995
2018-05-04,234.1762,237.41,229.3581,232.8747,69423122
2018-05-07,234.273,237.5588,230.6718,234.8262,58199841
2018-05-08,235.1881,238.4199,231.8666,235.0524,79675689
2018-05-09,236.0026,238.5531,232.9436,235.7315,65781315
2018-05-10,237.3075,239.0024,232.2276,234.6408,78705598
2018-05-11,235.9928,239.0201,231.6536,236.0513,54741282
2018-05-14,235.5712,238.5741,231.7272,234.1433,61994138
2018-05-15,232.3179,237.2463,228.0703,231.5022,96814282
2018-05-16,229.5697,233.4159,226.0446,229.3482,73982434
2018-05-17,229.5091,235.1493,226.1695,231.964,123895304
2018-05-18,231.5521,235.5307,226.7988,229.8789,151608717
2018-05-21,228.8281,232.1783,223.607,225.9903,97807742
2018-05-22,225.3129,231.7817,223.1563,228.5822,71379904
2018-05-23,228.8789,231.6993,223.8727,226.3252,66676360
2018-05-24,227.6319,230.1773,222.5618,225.7015,70960058
2018-05-25,226.1395,232.5399,224.6485,230.1206,154723822
2018-05-28,231.7315,237.4477,229.0202,234.6923,104957660
2018-05-29,235.1776,238.7993,231.5416,235.2432,81169473
2018-05-30,234.5494,239.7816,232.043,236.3039,73941312
2018-05-31,237.935,241.0513,232.0847,235.9501,156059748
2018-06-01,235.1978,237.1859,230.0111,231.9386,84394626
2018-06-04,231.706,233.9543,225.8132,227.455,65924772
2018-06-05,226.2796,229.1556,220.7924,223.9388,80571202
2018-06-06,223.7581,230.4399,222.18,228.3763,72219992
2018-06-07,230.0983,234.2635,227.643,231.7595,82953175
2018-06-08,231.1143,234.331,229.1037,232.181,82829614
2018-06-11,232.7988,237.3487,230.6392,234.0208,81827932
2018-06-12,234.6829,238.6593,232.4841,236.2662,68974727
2018-06-13,236.7293,238.9543,232.4242,234.2696,82276664
2018-06-14,233.8733,235.747,230.2219,232.6155,72919646
2018-06-15,232.5912,235.1639,228.5791,231.1045,102590951
2018-06-18,231.1114,234.5351,228.4608,231.1978,47590776
2018-06-19,230.7176,233.2573,227.493,229.7251,59791545
2018-06-20,230.2996,233.6296,228.5937,231.1124,71478727
2018-06-21,231.868,233.7149,228.3523,230.3644,55232188
2018-06-22,230.7496,234.3631,228.4476,232.4883,63762945
2018-06-25,232.7155,235.8124,229.0686,231.643,72514264
2018-06-26,230.9726,234.0784,227.5031,229.91,68308598
2018-06-27,230.3009,231.8421,223.8644,226.118,72818207
2018-06-28,225.2043,227.6809,218.0627,220.7641,114686714
2018-06-29,221.5296,226.7224,219.6154,223.3353,78982757
2018-07-02,224.5387,226.2852,218.7298,221.2267,65236812
2018-07-03,220.7959,224.7852,218.5,222.4394,58267646
2018-07-04,222.0201,224.7856,217.7804,221.4917,150386254
2018-07-05,222.7898,225.1383,218.7758,220.7679,84318039
2018-07-06,220.1765,225.2819,218.3399,222.622,72535739
2018-07-09,223.8821,226.9998,221.9002,224.8675,82867145
2018-07-10,225.9033,228.9999,223.3341,226.4138,82552699
2018-07-11,225.7935,228.1927,222.9174,224.6555,61649247
2018-07-12,225.7607,229.5293,223.0011,225.685,71803220
2018-07-13,226.0296,228.9546,222.1747,224.779,79023902
2018-07-16,224.4518,226.6033,218.1736,220.6836,76944870
2018-07-17,220.1872,226.0775,217.5598,223.5266,72814113
2018-07-18,224.3529,228.6193,220.168,223.6097,83952441
2018-07-19,223.6727,226.4189,217.6913,222.312,109521489
2018-07-20,222.1013,231.3428,218.9198,227.8756,145167902
2018-07-23,228.8892,234.1397,225.2695,230.7326,115027711
2018-07-24,230.951,237.7215,228.2175,234.5133,139178651
2018-07-25,235.2502,241.1726,231.994,236.8671,112469426
2018-07-26,236.9359,243.6548,233.5435,239.6564,192022333
2018-07-27,240.9285,245.4925,236.9992,241.8409,107136972
2018-07-30,242.1259,247.3754,238.4714,243.5005,87866729
2018-07-31,242.9163,246.3547,238.5079,241.8407,101221749
2018-08-01,242.4971,246.9562,239.3063,242.1733,84636076
2018-08-02,241.8567,245.6247,238.3355,241.3053,65436627
2018-08-03,242.9444,247.7204,240.2037,243.8885,81612755
2018-08-06,245.2647,248.4437,241.6044,243.8622,102434671
2018-08-07,243.907,247.3746,240.0466,242.9899,81029971
2018-08-08,243.195,246.6081,239.8864,242.9741,86201733
2018-08-09,244.5798,246.6769,240.6814,243.2468,75517207
2018-08-10,244.1175,246.1729,239.2672,241.9879,73178966
2018-08-13,241.7786,243.117,237.1752,238.9091,58026513
2018-08-14,240.0234,243.8899,236.6453,241.0055,62144416
2018-08-16,241.0228,243.9006,236.4754,238.5435,79931342
2018-08-17,238.9569,243.7928,236.9823,240.7737,73949773
2018-08-20,242.5348,245.6618,239.8915,242.6185,84088272
2018-08-21,243.6244,246.2276,240.8253,243.6225,68444234
2018-08-23,245.0923,247.2192,240.6357,243.6908,78790444
2018-08-24,243.6736,246.7798,239.4926,241.7493,78862404
2018-08-27,243.391,247.3037,241.2772,244.8631,100950269
2018-08-28,245.8384,248.1031,242.5533,244.5995,84884912
2018-08-29,245.8012,249.6324,242.2792,245.4848,100733409
2018-08-30,245.2252,248.7362,241.4334,245.1689,82826756
2018-08-31,245.635,248.6214,240.9846,243.3303,74049082
2018-09-03,243.8734,247.1714,238.8391,240.7936,83901029
2018-09-04,241.2183,243.6655,234.9652,237.2426,107933782
2018-09-05,236.7919,240.2054,231.4486,236.1837,104988977
2018-09-06,237.5101,240.1217,233.4382,236.3875,102059324
2018-09-07,237.6267,241.5753,234.4064,239.206,90712840
2018-09-10,239.0734,242.4667,233.1659,236.0917,125116344
2018-09-11,237.4333,239.9827,230.3709,232.6222,151104722
2018-09-12,232.973,235.5498,226.8382,231.1601,133890772
2018-09-14,233.1141,239.6141,230.0322,236.6936,108797223
2018-09-17,236.7769,238.4926,229.3493,232.5598,90127357
2018-09-18,232.6147,235.1763,227.4045,229.1741,86496237
2018-09-19,229.6064,231.819,222.4715,224.4054,107845170
2018-09-21,225.7133,229.2484,197.7351,217.9058,268607745
2018-09-24,218.8991,220.0454,203.5917,208.0048,227716138
2018-09-25,206.0077,212.7184,198.3017,208.4885,239232162
2018-09-26,209.1888,213.6462,205.6768,209.7341,131939531
2018-09-27,208.9099,210.9493,200.3233,202.7418,160840318
2018-09-28,203.3463,205.6765,193.2305,197.4893,179197462
2018-10-01,196.5678,202.0321,188.0016,197.2793,179274803
2018-10-03,196.3354,202.874,190.8745,195.96,177022474
2018-10-04,192.7964,197.2446,188.2677,193.5864,138630884
2018-10-05,192.0668,195.6504,182.1985,186.4076,129414234
2018-10-08,184.9483,189.4592,178.1845,183.0802,196586924
2018-10-09,183.0845,188.1802,178.4162,183.1134,158913320
2018-10-10,183.754,196.5568,182.7374,192.9693,214471704
2018-10-11,184.6611,192.2802,180.2135,186.5369,169314376
2018-10-12,189.9162,195.9322,187.8701,191.9511,125689977
2018-10-15,193.5454,195.8906,189.032,192.9306,95543500
2018-10-16,194.5471,198.4623,191.5448,194.7948,94078031
2018-10-17,197.459,199.4018,184.6767,186.5836,152867984
2018-10-19,184.9324,189.2447,178.316,182.2475,195824742
2018-10-22,183.3987,186.911,178.0081,181.2586,133648437
2018-10-23,179.0073,184.4819,175.6201,180.3215,181127447
2018-10-24,182.2481,187.937,178.4521,184.3083,227103841
2018-10-25,181.9146,185.7086,178.6257,182.5308,287598510
2018-10-26,182.1675,186.3005,177.5022,182.5802,141436211
2018-10-29,183.1795,189.9527,180.7245,187.9006,124691789
2018-10-30,187.6863,191.92,184.4926,187.2669,105105703
2018-10-31,187.6809,193.2653,184.0866,191.6513,128282257
2018-11-01,192.9931,198.3464,190.7437,195.0974,142786972
2018-11-02,196.227,201.5707,193.3536,197.279,127535600
2018-11-05,197.3073,200.5447,192.4035,196.7123,93706184
2018-11-06,197.1524,200.3936,193.7576,195.7316,99515763
2018-11-07,197.5169,199.2277,195.2456,197.3642,14966424
2018-11-09,197.9981,201.527,194.6435,199.3495,88045998
2018-11-12,200.1253,202.7708,195.3028,197.3657,75365894
2018-11-13,196.909,200.0411,193.1166,197.533,89300668
2018-11-14,198.4941,201.5839,195.296,197.9641,85636723
2018-11-15,198.5241,201.814,194.5537,198.6841,88218833
2018-11-16,199.4884,202.2911,194.1171,197.2975,115089059
2018-11-19,198.1666,200.1106,193.2735,195.4252,92518667
2018-11-20,194.6773,197.0697,191.5848,193.6376,89609643
2018-11-21,193.6164,197.4665,191.1891,195.4389,82550681
2018-11-22,195.9845,198.4296,191.459,193.3314,86157898
2018-11-26,193.6961,196.2748,189.9173,192.6286,81891414
2018-11-27,192.5098,195.4432,189.9883,193.0709,86702335
2018-11-28,193.1029,195.7175,188.8601,191.2422,123906295
2018-11-29,192.536,196.4669,189.9315,194.2606,175117490
2018-11-30,195.9168,198.5219,192.8014,195.4151,140494120
2018-12-03,196.4879,200.5774,192.8259,196.7496,138617871
2018-12-04,196.8643,200.6018,194.7761,197.872,108951992
2018-12-05,196.452,198.679,192.5604,194.6472,101357474
2018-12-06,193.5851,195.6134,188.2059,190.4536,113228308
2018-12-07,190.8846,194.3385,187.4198,190.9381,161291281
2018-12-10,186.338,189.4808,183.784,185.8749,118062513
2018-12-11,182.4155,191.1133,181.6074,189.0533,123937975
2018-12-12,190.0076,195.8647,188.924,194.0336,117121822
2018-12-13,195.6731,200.1847,193.3842,196.0308,136281050
2018-12-14,196.341,199.1876,193.5277,197.0123,125299214
2018-12-17,197.6208,200.2964,195.2504,197.8844,80451751
2018-12-18,197.9148,201.6609,195.7577,199.4751,106225810
2018-12-19,201.0446,206.4011,198.9417,203.4528,161208314
2018-12-20,202.8355,206.9842,200.0075,204.357,141447600
2018-12-21,205.3001,207.4547,198.4932,202.3641,141018233
2018-12-24,203.0736,205.0369,198.9206,200.8041,106477814
2018-12-26,200.2858,203.5305,194.8701,200.8139,111541100
2018-12-27,202.4286,206.5569,198.7415,202.0129,170280838
2018-12-28,202.7833,206.3258,200.7426,204.1999,101611153
2018-12-31,205.4115,207.6091,202.6287,204.6691,84509312
2019-01-01,204.8492,206.2803,202.0994,204.3236,58832325
2019-01-02,203.6534,206.4906,200.6003,202.479,75639628
2019-01-03,202.6992,205.166,199.2139,200.9107,84785690
2019-01-04,201.2593,204.0228,199.0775,201.7702,80560000
2019-01-07,203.3517,204.9298,199.1277,200.5931,77570616
2019-01-08,200.7437,203.4057,198.2465,200.8065,65390977
2019-01-09,201.0124,203.858,198.412,201.0156,79362051
2019-01-10,201.145,204.6435,199.1251,202.2145,71625806
2019-01-11,202.505,204.4655,199.4879,202.0383,63108688
2019-01-14,201.5026,202.9908,197.0025,199.3221,66410332
2019-01-15,199.8931,203.7039,198.4035,201.4406,64458912
2019-01-16,201.7755,203.9372,199.7248,201.2949,67271559
2019-01-17,202.2219,204.5637,199.2307,200.9323,92213796
2019-01-18,202.1321,203.0445,198.1771,199.9959,68785843
2019-01-21,200.1656,202.7344,196.9497,199.4376,74604786
2019-01-22,198.8074,201.4253,195.9962,198.34,85412408
2019-01-23,197.9686,200.851,193.9943,195.7562,87263869
2019-01-24,196.1485,198.6623,193.1182,195.4145,63498320
2019-01-25,196.7459,198.8222,190.9449,192.6522,73821412
2019-01-28,193.2264,194.4572,182.2272,186.374,106911382
2019-01-29,185.595,191.0423,181.5951,187.198,163251717
2019-01-30,189.2203,192.015,185.2143,188.5514,125418520
2019-01-31,189.0756,191.3814,184.1276,187.5229,137345875
2019-02-01,188.0034,193.1967,185.2972,188.6327,110459868
2019-02-04,188.0756,190.7871,183.1393,186.6071,77190358
2019-02-05,186.7316,189.5048,183.3806,185.8209,74433163
2019-02-06,186.3683,190.2372,183.3881,187.4624,88652047
2019-02-07,187.9983,193.0829,185.9139,189.6964,123203239
2019-02-08,189.1372,191.6694,184.8806,187.032,96721912
2019-02-11,187.0809,188.0941,180.3949,182.5287,83421180
2019-02-12,182.7297,186.2871,179.9787,182.4847,88506574
2019-02-14,182.5738,186.8888,180.3851,184.8607,114562777
2019-02-15,184.7058,186.7644,179.7011,182.9695,102522970
2019-02-18,183.0965,184.9504,178.662,180.4829,77174406
2019-02-19,180.4587,184.1269,178.791,180.8479,87879098
2019-02-20,181.5653,185.3066,180.1215,183.4416,83706981
2019-02-21,184.1755,189.8392,182.4647,188.2751,112869806
2019-02-22,188.8915,192.7648,187.0264,189.8911,98108713
2019-02-25,190.0917,193.9757,187.4464,190.4903,88854828
2019-02-26,188.3879,192.9764,185.0385,190.1674,100912054
2019-02-27,191.0647,194.5327,188.479,190.7536,92350440
2019-02-28,191.4091,193.6534,188.7838,191.3482,112122016
2019-03-01,192.1046,197.14,190.0259,195.2639,107529742
2019-03-05,195.1233,204.3447,194.0257,201.8289,158703949
2019-03-06,204.1855,208.663,201.586,205.3205,140351054
2019-03-07,206.1149,208.1157,201.4856,204.0665,92732125
2019-03-08,203.4836,207.4609,200.7954,204.7259,118983384
2019-03-11,205.1634,210.8031,203.8883,208.723,122647637
2019-03-12,209.4864,213.0157,205.8212,208.2913,125082552
2019-03-13,208.2284,210.8691,204.5997,207.2111,117980887
2019-03-14,208.2027,210.6825,204.6444,206.8408,105745209
2019-03-15,207.2044,211.416,205.3969,208.3814,161163403
2019-03-18,209.2513,211.9867,205.6055,208.21,98007026
2019-03-19,209.0464,211.8369,206.0431,208.2105,130264124
2019-03-20,208.4839,211.0677,205.576,207.831,112661007
2019-03-22,207.9108,211.0578,204.5243,206.4392,105419910
2019-03-25,204.7692,207.3905,201.4317,204.4709,177933854
2019-03-26,205.205,209.5801,203.3572,206.7869,193558983
2019-03-27,208.0236,213.1747,205.9601,209.3451,172175276
2019-03-28,209.915,215.232,207.5616,212.5872,158702097
2019-04-01,215.6406,219.5384,212.429,215.9591,119252265
2019-04-02,217.2447,220.2292,213.3296,217.025,105694969
2019-04-03,217.7019,222.4617,215.1902,217.6794,117568883
2019-04-04,218.6055,220.3861,214.4822,216.7486,100643475
2019-04-05,217.4178,222.2779,216.0434,220.0296,92565718
2019-04-08,220.2042,223.2402,215.7604,218.231,101461681
2019-04-09,218.4385,220.249,214.2355,217.0774,86748943
2019-04-10,216.9074,220.0665,214.2326,216.3916,84284950
2019-04-11,216.9138,221.2551,214.47,218.8827,93515451
2019-04-12,219.1479,221.5596,216.7444,218.9044,73867839
2019-04-15,219.732,221.563,216.8191,218.8791,58753302
2019-04-16,219.4339,222.0121,217.2469,219.1837,65613079
2019-04-18,220.1115,221.9016,214.8012,217.9744,84303792
2019-04-22,217.485,219.3354,211.7057,213.8163,66621093
2019-04-23,213.985,217.494,211.7208,213.9684,85190886
2019-04-24,214.5302,217.8954,212.3438,215.7134,83462279
2019-04-25,215.9054,218.8566,212.8922,214.5653,119387641
2019-04-26,215.11,217.8693,211.9392,214.971,68377144
2019-04-30,214.6544,216.6579,208.1211,211.8935,118603537
2019-05-02,211.3145,216.021,208.8023,212.5854,93376509
2019-05-03,212.2372,215.9247,209.6334,212.6556,94709376
2019-05-06,210.8181,213.3583,207.8088,209.9733,79266494
2019-05-07,210.7102,212.409,206.5142,207.8472,68411894
2019-05-08,206.9015,209.3009,202.7488,204.6144,85118050
2019-05-09,204.0467,208.2669,202.0806,206.0372,90583960
2019-05-10,206.5339,209.3919,203.4682,205.4518,85186174
2019-05-13,205.5455,207.2031,198.9102,201.3353,75631885
2019-05-14,200.7013,205.4297,196.6493,201.9428,112780439
2019-05-15,203.4363,207.7374,199.7797,203.7136,95106001
2019-05-16,204.215,207.838,201.165,205.1464,97951861
2019-05-17,205.7432,212.0456,203.7392,210.0202,132784532
2019-05-20,215.6372,222.728,213.0739,219.4024,135682681
2019-05-21,220.184,223.7061,216.0462,219.1688,122507036
2019-05-22,219.5424,221.7154,215.3525,219.0291,110897929
2019-05-23,222.1691,226.411,216.5169,219.1163,132811145
2019-05-24,219.8802,225.8003,217.386,223.3511,120050681
2019-05-27,223.7877,228.2833,221.4147,225.3683,91527850
2019-05-28,226.1867,229.8369,221.7268,225.2727,122596867
2019-05-29,224.8869,227.7264,221.4789,224.2901,106859497
2019-05-30,224.7507,228.4351,222.433,225.9447,103888567
2019-05-31,226.7803,230.798,223.7835,226.9187,144628694
2019-06-03,227.1986,231.8603,225.1506,229.5636,93168487
2019-06-04,229.3596,232.6354,227.0833,229.5888,93161577
2019-06-06,229.1756,230.912,221.7035,223.2406,140604135
2019-06-07,223.5924,227.764,220.0369,224.8735,133423346
2019-06-10,226.5141,228.5999,221.7687,224.3148,88040407
2019-06-11,223.6814,226.3393,219.9152,222.9714,110276039
2019-06-12,222.6376,223.7919,217.5644,219.5452,108235718
2019-06-13,219.118,223.7376,215.8879,221.7437,124943830
2019-06-14,222.6797,224.5142,218.607,220.722,97879979
2019-06-17,220.6071,221.8836,215.2541,216.7723,231603706
2019-06-18,216.8858,220.5534,213.9792,216.4669,115689042
2019-06-19,217.3712,220.0141,210.8166,214.4898,172383265
2019-06-20,214.0241,219.4856,211.5068,217.6711,119358385
2019-06-21,217.7351,220.9356,214.241,217.9306,132209004
2019-06-24,217.8896,220.7799,215.217,217.917,86614994
2019-06-25,216.9462,220.3433,214.5152,217.5065,138029055
2019-06-26,217.5379,222.1903,215.7771,219.626,127014569
2019-06-27,219.9877,223.8984,218.1193,221.3116,144911451
2019-06-28,222.0143,225.2311,219.0409,222.0363,173456964
2019-07-01,223.1236,225.6076,220.5289,222.6052,74627696
2019-07-02,223.0484,225.73,220.195,223.368,80893585
2019-07-03,223.7002,227.5247,221.79,225.7384,122512124
2019-07-04,226.1583,229.5206,224.5165,227.0773,91706508
2019-07-05,227.6612,232.0419,223.5284,225.9742,127763941
2019-07-08,225.5818,226.8165,212.7536,215.8427,132293812
2019-07-09,215.4634,221.6232,211.2561,218.5564,202548924
2019-07-10,218.4842,220.6162,212.3142,214.1923,131310373
2019-07-11,215.5482,219.2927,211.6088,215.6041,146087853
2019-07-12,216.4632,219.6622,213.4247,216.1929,273025685
2019-07-15,216.9317,219.5177,213.041,215.9379,82775669
2019-07-16,216.1339,219.764,213.3498,217.3304,96340383
2019-07-17,217.3283,221.4065,215.1264,217.9071,93761186
2019-07-18,217.6374,220.8525,213.8532,216.3185,94233994
2019-07-19,217.5613,219.8392,209.0731,212.1509,135974010
2019-07-22,211.1643,213.6918,204.6385,209.0121,128607439
2019-07-23,209.2154,212.5805,205.1308,209.0231,119023053
2019-07-24,208.9996,211.8679,201.4046,204.0379,169461923
2019-07-25,204.878,209.5945,200.2124,203.5986,255900692
2019-07-26,203.5658,210.7679,200.4504,207.9161,159959653
2019-07-29,207.1765,209.732,201.7023,204.8266,134382701
2019-07-30,204.7012,208.0478,200.2889,202.5199,131851974
2019-07-31,201.3338,206.0741,196.8683,203.9307,121172992
2019-08-01,203.0911,206.5248,197.7923,200.8544,107627490
2019-08-02,198.9993,205.699,195.2426,201.9594,142959373
2019-08-05,199.9032,202.2739,195.2382,198.9271,114640607
2019-08-06,198.0876,205.7188,197.0749,203.2515,122371571
2019-08-07,203.6442,207.89,200.2385,202.484,145955583
2019-08-08,204.0343,208.4912,200.4058,205.1549,121457360
2019-08-09,206.1962,212.5035,204.0751,208.8673,144461730
2019-08-13,209.3247,212.771,200.2544,203.3706,123217500
2019-08-14,204.232,211.1362,200.9271,206.8384,175406948
2019-08-16,205.4186,211.7822,202.4845,209.3714,135079437
2019-08-19,210.6621,213.961,206.6891,208.7811,117049092
2019-08-20,209.0561,210.508,203.1401,206.2655,123925669
2019-08-21,206.0867,208.4384,201.1573,202.9945,118234775
2019-08-22,202.4048,203.9231,195.2033,197.2615,156002667
2019-08-23,196.7453,202.535,191.8201,199.3098,176453158
2019-08-26,204.6358,207.9489,198.8533,205.1404,164147830
2019-08-27,206.658,211.4473,204.157,207.627,231701939
2019-08-28,207.9448,210.4854,202.7972,205.9248,117355427
2019-08-29,205.063,207.3426,201.4376,204.4505,129627515
2019-08-30,205.047,209.1556,201.9182,206.921,134471841
2019-09-03,205.3278,208.661,200.7185,203.5324,89430929
2019-09-04,203.5768,206.3807,199.9163,203.9103,106086630
2019-09-05,205.0661,208.0055,201.934,204.2369,101742195
2019-09-06,204.6404,208.5507,202.586,206.5465,140681000
2019-09-09,206.7216,210.2409,203.8235,207.5544,100864611
2019-09-11,207.8996,210.9302,205.1664,207.8375,137599214
2019-09-12,207.9736,210.9104,205.6101,207.7343,120730723
2019-09-13,208.455,210.2579,205.0793,208.3391,116017136
2019-09-16,207.312,210.4477,205.038,207.5411,90425937
2019-09-17,207.6816,209.5308,202.6057,204.1792,114460825
2019-09-18,205.7487,208.5149,203.0765,205.6079,99796253
2019-09-19,206.1318,207.357,201.2857,203.7634,118209234
2019-09-20,204.9081,219.8606,200.9825,216.45,266876488
2019-09-23,220.3643,228.9824,215.3471,222.9912,191928217
2019-09-24,223.7045,226.9978,219.0507,222.9459,117576749
2019-09-25,222.502,225.5131,217.3944,220.6002,109265670
2019-09-26,221.1473,227.4228,219.3545,223.9094,154190126
2019-09-27,224.3135,229.188,221.2436,225.4345,133705212
2019-09-30,224.9314,228.4867,218.569,222.0653,226811082
2019-10-01,222.8519,225.4008,214.8292,219.7804,209734937
2019-10-03,219.1207,222.4706,214.5494,218.3087,155497950
2019-10-04,218.9414,221.066,213.8102,215.4466,119268229
2019-10-07,215.1078,218.2176,210.964,214.3651,124519247
2019-10-09,214.7164,219.4599,211.8982,217.1138,129921666
2019-10-10,216.2055,218.7049,211.544,213.867,169938691
2019-10-11,214.2551,217.7266,211.0413,213.9715,189548158
2019-10-14,214.4825,217.3095,210.3022,212.5048,143571527
2019-10-15,212.4406,215.507,209.8187,212.7595,126967132
2019-10-16,213.313,219.9443,210.4755,216.4418,206217002
2019-10-17,217.4122,224.0185,214.9765,221.2701,225625276
2019-10-18,221.434,229.3069,218.831,225.1642,220580667
2019-10-22,225.645,233.2413,220.1892,225.4503,262173489
2019-10-23,226.8326,230.8703,221.2937,225.1012,186959550
2019-10-24,226.3814,229.0025,221.5545,224.0281,144013895
2019-10-25,224.8684,228.8603,219.0827,223.9233,144416505
2019-10-27,225.451,228.1355,222.9366,225.8323,19252414
2019-10-29,225.931,233.1474,222.8366,230.2174,169392416
2019-10-30,230.2482,236.263,226.1315,231.588,193305160
2019-10-31,232.6623,236.5241,229.3104,231.7255,174293184
2019-11-01,232.5019,237.7912,229.7072,233.1454,177088506
2019-11-04,234.1879,238.5901,230.7471,233.7697,153847461
2019-11-05,235.1782,238.7036,230.3462,233.6576,161113484
2019-11-06,234.1547,237.1883,229.798,233.0208,144785375
2019-11-07,234.8773,239.4628,231.9855,235.5304,228162094
2019-11-08,236.1133,240.2144,231.2041,233.9677,191759605
2019-11-11,234.3313,238.5547,232.0866,235.408,141275666
2019-11-13,236.069,240.819,232.0795,235.9137,159357860
2019-11-14,237.6816,240.984,232.8933,237.3105,157909968
2019-11-15,238.0624,240.8653,234.4792,236.4373,123034738
2019-11-18,236.6958,239.1479,233.1764,235.4471,133302144
2019-11-19,234.8427,238.9295,231.8951,235.2516,189628559
2019-11-20,235.8401,238.2837,233.0341,234.9202,103374949
2019-11-21,235.2237,240.0553,232.0424,236.5883,161232294
2019-11-22,236.82,239.7758,232.5933,235.916,152310979
2019-11-25,236.428,241.4435,233.6786,238.8616,192063066
2019-11-26,239.9538,242.9492,234.332,237.2609,319657545
2019-11-27,238.0626,241.1061,234.7324,238.1187,134132239
2019-11-28,238.6706,243.4828,236.0276,240.4722,306179958
2019-11-29,241.0105,244.1607,235.6382,238.0746,320270296
2019-12-02,238.3025,240.2746,231.9814,235.0258,200825777
2019-12-03,235.7844,239.3545,231.887,235.7373,171056909
2019-12-04,234.9431,238.1508,231.9561,235.7937,128431243
2019-12-05,235.5076,238.3348,232.1252,234.3985,123243176
2019-12-06,235.4661,237.139,229.2811,231.298,139962828
2019-12-09,231.7386,234.0602,226.3117,229.4815,137358915
2019-12-10,229.7328,233.6579,226.21,228.5049,145741678
2019-12-11,229.2813,233.1236,225.9635,230.8942,131008730
2019-12-12,232.3959,235.6128,229.5391,233.2785,137491203
2019-12-13,234.1915,237.9872,232.5774,235.4994,151369039
2019-12-16,236.099,237.8251,232.8163,234.7472,113754326
2019-12-17,235.3705,238.3989,232.9463,236.1641,114523290
2019-12-18,236.9411,238.8817,233.7108,236.1614,93071258
2019-12-19,236.4081,238.9383,234.1107,236.0524,85499973
2019-12-20,236.6241,240.5637,234.5428,238.2385,131206580
2019-12-23,238.4861,241.4908,236.0491,238.3649,95508719
2019-12-24,238.445,240.6282,236.1301,238.3197,104411828
2019-12-26,238.8897,241.6319,236.2437,239.0746,108582529
2019-12-27,239.6047,243.1109,237.7798,240.9232,125031586
2019-12-30,241.4952,243.8496,238.8157,240.8299,78742643
2019-12-31,240.8141,243.5937,238.0939,240.1577,132071471
2020-01-01,240.5823,242.594,238.3706,240.2508,76185635
2020-01-02,240.7343,246.0706,239.3845,243.7426,118674293
2020-01-03,243.3966,246.3879,240.6556,242.8799,118676312
2020-01-06,241.4974,243.525,233.783,236.1368,137091506
2020-01-07,238.2384,242.5748,235.9195,238.0867,122900878
2020-01-08,234.6488,240.2403,233.4168,238.5329,102585534
2020-01-09,242.1257,245.1616,238.5236,241.9806,142721846
2020-01-10,242.7029,245.787,239.7584,242.0137,131724932
2020-01-13,243.4173,246.9276,241.2637,244.6182,118404300
2020-01-14,245.4049,248.1038,242.2695,244.951,97918105
2020-01-15,245.0696,248.5899,242.5408,246.6488,103703772
2020-01-16,247.4167,250.5391,244.5232,247.4452,86569527
2020-01-17,247.3423,250.1055,244.5512,247.1558,84776090
2020-01-20,247.5458,249.3438,241.2559,243.0214,112008940
2020-01-21,242.3421,246.5662,239.5154,242.7933,127642434
2020-01-22,244.6163,247.1081,240.4031,243.0924,155766232
2020-01-23,243.3556,248.0096,241.0358,244.7813,233952570
2020-01-24,244.8623,249.4272,242.3283,246.6008,132343350
2020-01-27,245.552,249.2324,242.6354,244.741,116989919
2020-01-28,245.2073,249.1172,242.2339,245.2783,121262482
2020-01-29,246.6915,252.1124,243.9183,248.7083,163140378
2020-01-30,249.7337,251.4305,243.2509,245.837,135162939
2020-01-31,246.5814,249.1784,242.3603,244.6863,116806260
2020-02-03,231.8307,238.8312,227.3644,234.4004,152101630
2020-02-04,235.7628,244.1631,233.9193,240.834,196940474
2020-02-05,241.6938,247.1756,239.0674,244.3244,190570782
2020-02-06,245.1479,253.4448,243.3022,250.1738,300270502
2020-02-07,250.621,254.637,247.4979,251.5494,153701098
2020-02-10,251.8525,254.1943,247.533,250.7895,127263176
2020-02-11,251.3533,255.9847,248.1709,251.0222,182368045
2020-02-12,251.6459,254.746,247.0828,250.5884,177297455
2020-02-13,250.7347,253.3248,247.0781,250.4825,111667561
2020-02-14,251.1605,253.1824,247.0363,248.7695,105860135
2020-02-17,249.1402,251.1261,243.3517,246.2121,153835267
2020-02-18,245.7003,247.5734,241.1326,245.2951,128764531
2020-02-19,246.461,253.2517,245.2138,251.0179,111330436
2020-02-20,251.3005,257.5826,248.914,252.6571,217989048
2020-02-24,251.2986,254.7406,245.2159,247.9683,153488719
2020-02-25,249.6887,252.2243,244.4934,247.2949,125926636
2020-02-26,246.1579,249.228,241.4011,243.86,122248549
2020-02-27,243.8811,246.5727,237.8158,242.3422,133703463
2020-02-28,236.4541,239.268,226.6333,231.545,279547525
2020-03-02,236.6937,241.4765,226.1388,229.9447,202835579
2020-03-03,232.2209,236.6145,228.017,232.9055,167457389
2020-03-04,234.1361,236.0307,224.1804,228.1631,177270106
2020-03-05,229.5463,233.4296,225.7286,229.3635,159665142
2020-03-06,219.8781,224.8263,213.738,221.5655,206168436
2020-03-09,215.2509,217.8287,205.3398,209.6154,192137541
2020-03-11,208.8071,215.3852,204.6956,209.5948,195943628
2020-03-12,200.1943,202.6582,184.1707,190.5251,258643585
2020-03-13,173.8778,204.3556,164.11,197.3484,257807252
2020-03-16,189.8605,195.5582,179.7587,185.1044,227277599
2020-03-17,185.6251,191.2898,174.6116,178.0917,201423965
2020-03-18,180.0415,183.1954,158.6657,162.7933,261969752
2020-03-19,152.2548,164.8271,140.547,153.781,324127959
2020-03-20,155.5479,166.7555,149.2286,159.6445,379813358
2020-03-23,144.5299,151.6963,127.383,130.1989,200357649
2020-03-24,135.7591,143.4453,123.2382,133.455,232287796
2020-03-25,131.3023,148.0521,129.0672,143.3163,212924318
2020-03-26,145.8025,161.1645,141.7335,152.9189,272598370
2020-03-27,157.4285,165.4243,144.459,148.2287,288631345
2020-03-30,143.6448,149.142,136.6337,142.1466,211060261
2020-03-31,146.4324,150.3519,139.222,145.2371,248096179
2020-04-01,144.7565,149.381,140.2736,143.6707,188238468
2020-04-03,144.6993,148.1577,137.8909,141.1721,187877704
2020-04-07,145.0231,151.9432,139.4604,148.5348,304297943
2020-04-08,146.776,157.432,143.713,150.3616,279740603
2020-04-09,153.1352,160.2177,149.9493,156.0372,229500527
2020-04-13,155.9667,158.2364,145.6406,150.1394,234991903
2020-04-15,152.3237,157.0456,146.7752,149.737,265428360
2020-04-16,148.4399,155.994,145.9886,152.9115,292366597
2020-04-17,158.7961,164.0235,154.4212,159.4815,411375679
2020-04-20,161.7591,164.6216,155.9147,159.1098,285819025
2020-04-21,155.0611,156.7646,148.6046,151.3179,250285339
2020-04-22,151.182,155.4781,147.4767,153.2719,272877257
2020-04-23,154.245,159.6978,151.2897,154.9264,233492994
2020-04-24,151.471,154.2595,144.462,146.4953,337552979
2020-04-27,148.2963,155.5456,144.3806,151.8008,359730347
2020-04-28,153.7493,158.3835,149.4028,155.5882,361826472
2020-04-29,156.0778,162.1241,153.9275,158.7685,402077930
2020-04-30,161.799,166.5654,158.8793,162.6481,327128003
2020-05-04,156.4794,158.9172,149.9469,153.0206,251988441
2020-05-05,155.6242,158.2513,149.5664,151.2448,296357825
2020-05-06,151.7996,157.8416,148.2555,154.9905,344027541
2020-05-07,154.6402,158.6833,152.2834,154.5178,228241886
2020-05-08,156.8792,160.0488,152.0717,154.5406,222090122
2020-05-11,156.0641,158.9667,152.4279,154.2744,214064389
2020-05-12,153.1242,156.8842,149.8642,154.6636,290799038
2020-05-13,161.0,163.506,155.165,157.5207,381890233
2020-05-14,157.2571,160.8395,152.2957,153.7911,429149048
2020-05-15,154.6738,156.4762,151.0934,153.5197,271836542
2020-05-18,153.4282,154.2415,143.3937,145.0561,352643385
2020-05-19,147.007,149.9906,143.8088,146.091,297784728
2020-05-20,146.2076,150.4035,144.6475,148.622,334717781
2020-05-21,149.3537,152.5391,146.3919,148.4477,254304144
2020-05-22,148.2337,150.6079,142.1032,144.8639,408458758
2020-05-26,146.2201,148.2132,142.1657,144.2477,261131277
2020-05-27,144.5657,148.7372,141.5061,147.1169,410272163
2020-05-28,148.0028,151.5045,146.1825,149.4202,273375159
2020-05-29,148.5786,155.173,146.8929,152.3513,458926712
2020-06-01,154.2172,161.0797,152.5689,157.1681,483941826
2020-06-02,158.1476,163.9339,155.3938,160.9253,498361238
2020-06-03,163.5423,168.7987,160.8948,163.5908,508035401
2020-06-04,164.7733,167.6743,159.7654,162.2548,421284218
2020-06-05,163.6926,167.8397,160.819,165.6804,404160588
2020-06-08,169.1031,173.3819,166.0622,169.0528,469442748
2020-06-09,170.8269,173.3852,164.823,167.0783,413110859
2020-06-10,167.5079,170.1721,163.8388,166.9508,339578017
2020-06-11,166.7096,170.4514,163.0634,164.7948,408150203
2020-06-12,157.7619,169.137,156.9979,167.5318,464928182
2020-06-15,167.593,169.6549,162.594,164.8611,377131539
2020-06-16,168.227,170.8502,161.7233,165.7466,407721129
2020-06-17,164.9041,169.3053,163.1396,165.9129,330914060
2020-06-18,165.6168,172.7105,164.2985,170.4766,384481791
2020-06-19,171.647,178.9271,169.6611,175.8038,648755826
2020-06-22,178.4671,184.7544,175.9106,181.0097,548127271
2020-06-23,183.3798,189.6313,179.9269,185.8161,440172624
2020-06-24,188.532,190.7383,180.194,182.2287,532861369
2020-06-25,180.523,187.5677,178.0882,184.1869,508880698
2020-06-26,185.9231,188.4368,180.7621,182.709,380971121
2020-06-29,181.656,183.6742,176.6721,180.1303,367085779
2020-06-30,182.1578,185.3893,177.8436,180.5538,290052655
2020-07-01,181.4145,186.2207,178.7205,183.5948,385074273
2020-07-02,184.8323,187.5584,182.2198,185.0508,350332348
2020-07-03,186.6732,189.8253,183.5392,186.4018,321618356
2020-07-06,188.0879,192.5651,186.2024,190.3274,317773235
2020-07-07,191.2863,197.5369,188.651,194.4565,565696784
2020-07-08,195.2187,198.5829,189.651,191.7304,521226459
2020-07-09,192.9832,196.7735,190.0623,193.2901,390737809
2020-07-10,192.555,196.4374,189.7626,192.1497,363368753
2020-07-13,193.7881,195.723,189.0006,191.4548,311204390
2020-07-14,190.759,192.6927,186.0513,188.3165,317863954
2020-07-15,189.8642,192.8077,185.0454,186.5192,304377124
2020-07-16,187.346,190.8895,183.7465,189.287,274542235
2020-07-17,190.0136,195.0462,188.5867,193.358,254565461
2020-07-20,194.6013,199.8106,191.7026,196.8897,466024104
2020-07-21,199.6456,202.411,192.389,196.6803,512447064
2020-07-22,197.8439,200.5562,191.5774,194.9925,448063792
2020-07-23,195.3442,198.9605,193.3505,196.5937,227663317
2020-07-24,195.1708,197.7546,192.582,194.7367,225684723
2020-07-27,195.2275,198.0693,190.2048,193.3804,221556430
2020-07-28,193.8568,197.9065,191.8705,195.2708,230453481
2020-07-29,195.2912,198.8115,192.9999,195.6557,258428149
2020-07-30,196.6915,198.6124,190.9754,193.3873,267406518
2020-07-31,193.7418,195.7462,189.6354,192.5486,249714417
2020-08-03,192.4019,194.2135,187.8747,189.5621,172176381
2020-08-04,190.5991,194.0944,187.987,191.8524,194048812
2020-08-05,192.9446,196.0674,190.4854,192.2508,235138185
2020-08-06,193.4015,197.293,190.8495,194.0646,303092422
2020-08-07,194.4671,198.4574,192.1254,196.0039,271928290
2020-08-10,197.9196,201.1882,194.4565,196.861,234178389
2020-08-11,197.9349,200.479,194.779,196.866,206963629
2020-08-12,196.1706,199.2824,193.2748,196.5489,223737006
2020-08-13,197.9325,200.6019,194.9378,197.1248,243563498
2020-08-14,197.6485,199.7045,191.4103,193.6243,276607599
2020-08-17,195.3217,197.4686,191.7326,194.5959,187002159
2020-08-18,195.411,199.2578,193.7663,197.681,210954556
2020-08-19,198.8632,201.9777,196.6827,198.3698,243148508
2020-08-20,197.0481,199.7203,194.3616,196.8374,216721625
2020-08-21,199.0617,201.3336,196.234,197.7212,154707545
2020-08-24,198.6668,202.7117,196.4581,199.8468,201284584
2020-08-25,201.3244,205.0857,198.6341,202.4251,336872346
2020-08-26,203.6131,207.2345,200.9098,203.9543,348167686
2020-08-27,205.1968,207.1187,201.7418,203.8855,248187583
2020-08-28,204.9843,209.005,202.75,205.4654,297008096
2020-08-31,207.1155,209.1079,193.7216,196.3002,357283014
2020-09-01,197.1214,201.8119,193.592,198.8862,237011180
2020-09-02,199.2004,202.3161,196.2806,199.8307,148224286
2020-09-03,200.2925,203.6353,198.1325,200.3661,146799274
2020-09-04,196.89,201.2415,194.5164,197.3139,213775265
2020-09-07,198.0854,200.2837,193.5463,196.2628,176327263
2020-09-08,196.7286,199.4995,193.1138,195.3752,178274446
2020-09-09,194.1997,195.688,189.5849,192.1504,191932997
2020-09-10,193.7139,197.6574,191.7537,195.4161,185425114
2020-09-11,195.7762,199.3501,193.6672,197.2469,174792993
2020-09-14,198.817,201.3405,194.5781,196.6595,216199298
2020-09-15,197.9208,199.9823,195.1252,197.5562,153223751
2020-09-16,198.1955,201.4629,196.2137,198.5975,175251049
2020-09-17,197.5748,199.5132,194.7664,196.2073,128604204
2020-09-18,197.2109,198.9352,192.4693,194.923,183531158
2020-09-21,195.2357,196.3746,187.0762,188.7423,212738475
2020-09-22,188.3976,190.2171,181.5781,186.2172,240905199
2020-09-23,187.6145,190.1835,182.9885,185.7871,170640882
2020-09-24,183.6343,185.3633,177.9067,180.2614,237121577
2020-09-25,181.7049,186.6404,178.5108,184.494,250265990
2020-09-28,186.247,191.7019,184.8937,189.97,193746787
2020-09-29,191.3641,193.0211,186.2384,188.659,165046645
2020-09-30,189.0344,191.4119,185.9383,188.3712,155296434
2020-10-01,190.0561,194.4204,188.3754,192.3514,191174751
2020-10-05,193.194,195.952,189.3774,191.2329,236093305
2020-10-06,192.7378,195.6912,190.7274,193.8287,185895857
2020-10-07,193.3696,194.6687,189.3902,191.5746,190706026
2020-10-08,192.9165,194.9101,189.495,191.2141,184013836
2020-10-09,191.6957,194.7587,188.9339,191.0876,247597786
2020-10-12,192.1857,193.779,187.7576,189.2471,160755489
2020-10-13,188.917,190.904,185.785,187.7176,144586861
2020-10-14,187.6099,193.0146,185.5118,191.7983,195487597
2020-10-15,192.0249,193.8768,186.3292,187.6779,157762573
2020-10-16,187.9992,190.6416,185.4943,188.018,133953582
2020-10-19,189.1193,192.3152,187.0396,190.4868,148268215
2020-10-20,190.6122,192.8209,188.2027,190.7006,111468258
2020-10-21,191.3639,193.6361,185.8383,189.8722,228857073
2020-10-22,188.9011,193.5029,185.9666,190.2294,207179855
2020-10-23,189.9254,193.3644,187.394,189.7189,206188801
2020-10-26,190.4367,192.2954,185.8261,188.6655,155647425
2020-10-27,189.5438,194.1094,186.6542,191.449,271592207
2020-10-28,191.8594,193.7091,187.6608,189.2625,232351408
2020-10-29,187.9149,190.8478,185.8847,188.9644,162306357
2020-10-30,189.2646,192.0103,185.4154,188.3807,253990835
2020-11-02,189.3535,193.5601,186.5566,191.0801,213275547
2020-11-03,192.1627,195.7257,190.1179,193.0227,166675799
2020-11-04,192.8683,195.8551,190.67,193.8083,159697028
2020-11-05,195.4505,200.3571,193.8582,198.2924,201028432
2020-11-06,198.374,203.5863,196.7742,200.9267,257703726
2020-11-09,202.6878,205.6717,199.8151,202.8974,204321665
2020-11-10,204.4225,211.5801,201.0259,208.3311,333511439
2020-11-11,209.186,214.7665,205.4762,210.1977,356854553
2020-11-12,210.3234,213.5781,207.0499,211.123,293387742
2020-11-13,210.4193,215.4942,208.4178,213.6477,259459239
2020-11-14,215.6818,217.3815,213.0691,215.1081,44797339
2020-11-17,216.0372,221.2709,213.0604,219.1471,232461997
2020-11-18,218.9473,225.9439,216.5031,223.4808,308606501
2020-11-19,222.5993,229.6166,218.2195,220.4278,379509252
2020-11-20,221.4479,228.3246,219.0449,225.7281,281536659
2020-11-23,227.845,233.1603,225.1104,228.7123,279492397
2020-11-24,229.9384,233.0358,226.504,230.1533,234354820
2020-11-25,231.7319,235.2872,226.7563,228.6677,340249789
2020-11-26,229.062,234.0562,226.5429,231.5907,279067934
2020-11-27,232.9261,237.6176,228.4236,233.4126,538473892
2020-12-01,235.225,237.3632,230.4705,233.3434,227999168
2020-12-02,234.0064,237.34,230.8071,234.1222,210987756
2020-12-03,234.9585,239.9526,232.6357,237.3174,271152717
2020-12-04,238.5547,241.2817,233.8675,237.1001,256596816
2020-12-07,237.8396,242.3388,235.331,238.791,289307776
2020-12-08,239.9108,242.4714,235.6621,238.9092,240612418
2020-12-09,240.3064,243.054,237.2768,240.0379,214767948
2020-12-10,240.2435,242.0758,235.459,239.1037,219204912
2020-12-11,240.1372,243.6961,237.0594,239.9919,207016213
2020-12-14,241.3036,243.9141,238.1352,240.6969,167380801
2020-12-15,240.6595,246.5643,237.0641,243.6538,241971561
2020-12-16,245.7399,248.7915,242.6658,245.1914,273694965
2020-12-17,245.6348,249.5891,242.7998,246.4256,176192627
2020-12-18,246.1619,248.2955,241.3205,245.1973,186203869
2020-12-21,244.1399,246.6453,229.8093,235.354,240047274
2020-12-22,235.2675,240.0177,227.1061,236.5669,252225981
2020-12-23,236.975,243.6959,235.0312,240.8622,204087942
2020-12-24,242.5473,247.1167,239.9296,243.2452,270786975
2020-12-28,244.7386,248.7781,242.8917,246.4887,179242411
2020-12-29,248.0749,249.5328,243.7789,246.0555,172224312
2020-12-30,247.1023,249.6549,243.6035,247.5593,160221448
2020-12-31,247.8138,250.2561,244.8383,247.4774,146545241
2021-01-01,248.1127,251.4305,246.2699,249.301,134084188
2021-01-04,251.1423,255.3208,247.9969,252.2701,166599509
2021-01-05,251.4714,256.4063,248.0606,253.7689,210219584
2021-01-06,254.8966,259.0111,249.887,254.699,280648853
2021-01-07,256.4741,261.0396,252.8441,257.0999,267703967
2021-01-08,259.3715,263.2725,255.4828,259.2672,236897706
2021-01-11,260.4925,262.7885,254.4063,257.5819,181199934
2021-01-12,257.5874,262.0656,254.387,258.3853,182180268
2021-01-13,259.8952,262.6539,251.5945,255.3851,266670898
2021-01-14,255.8307,258.9328,251.9139,254.7504,164306131
2021-01-15,255.1903,258.3023,250.284,252.5711,182178622
2021-01-18,252.5193,254.3551,244.4349,247.0026,196627826
2021-01-19,248.3494,256.8967,247.1176,254.2237,237806219
2021-01-20,254.6134,258.6455,251.5485,255.5209,177453525
2021-01-21,257.0802,262.2663,251.0311,253.8335,225226559
2021-01-22,254.7506,257.4588,247.2697,250.3576,183861859
2021-01-25,252.8805,257.1284,245.2313,248.5786,205584006
2021-01-27,248.8276,251.0485,241.9613,244.9238,164384436
2021-01-28,242.2219,247.4223,239.0629,242.6711,173332362
2021-01-29,245.1507,249.6962,238.2038,241.646,670752416
2021-02-01,243.1138,257.2299,238.7754,253.3909,314820776
2021-02-02,256.4721,263.3409,250.7349,254.607,276757802
2021-02-03,256.2446,261.3779,251.8392,258.1373,275840859
2021-02-04,257.9798,264.9933,255.235,261.9858,319499608
2021-02-05,263.6314,267.4371,257.9498,260.9402,257318481
2021-02-08,262.4047,267.8857,259.8262,263.334,182484595
2021-02-09,265.0431,269.5443,259.7773,263.9849,177838915
2021-02-10,264.9614,271.0425,262.2625,267.9603,263835212
2021-02-11,267.9257,273.4217,265.6572,270.0034,192801601
2021-02-12,270.9286,274.4132,267.7438,270.7041,201296838
2021-02-15,272.3152,279.7391,268.8992,275.0387,380148853
2021-02-16,275.7281,279.583,271.5056,275.52,227247132
2021-02-17,275.3401,279.9871,271.7355,274.8568,201011304
2021-02-18,275.9526,281.1858,271.643,276.6081,228274464
2021-02-19,277.7506,282.6752,270.3911,275.0431,294705605
2021-02-22,275.2507,278.8997,266.0763,268.6684,234979063
2021-02-23,269.9538,276.2775,266.3557,271.6875,179147586
2021-02-24,273.1005,279.1571,268.5329,275.8517,140430153
2021-02-25,278.4069,285.034,274.6756,279.6647,272088182
2021-02-26,275.3626,279.722,266.629,270.3742,295909542
2021-03-01,272.7935,278.5243,268.4639,273.706,281745982
2021-03-02,275.7823,280.7441,272.1423,276.0597,252480617
2021-03-03,277.9536,286.8974,275.2757,283.6209,305047085
2021-03-04,280.0426,286.3206,277.7543,281.5423,270942816
2021-03-05,280.8342,283.807,274.0713,277.1759,210552803
2021-03-08,278.8657,283.2635,273.6848,276.7254,199130587
2021-03-09,279.3886,284.3474,274.7957,279.0519,284388841
2021-03-10,280.8516,284.7972,276.5601,280.3993,254783821
2021-03-12,282.5835,286.3623,275.6775,278.2148,310276360
2021-03-15,279.3809,280.902,269.5197,274.3437,223242181
2021-03-16,275.7939,279.8583,272.2034,275.7377,179684409
2021-03-17,276.2027,278.2239,268.0651,270.3522,180796986
2021-03-18,272.7581,276.985,264.9709,268.1672,208340251
2021-03-19,266.2475,273.2176,260.5068,269.9971,264860122
2021-03-22,270.3975,273.9022,265.6774,269.5074,167327107
2021-03-23,270.8462,274.2089,267.182,269.478,169297521
2021-03-24,268.5986,270.8878,262.3982,264.087,160228055
2021-03-25,264.3594,266.2864,255.9321,259.0281,178361982
2021-03-26,261.3673,266.9513,258.8057,263.0247,165967692
2021-03-30,264.6925,267.9017,259.5887,262.8866,141037549
2021-03-31,263.0036,267.8382,260.1365,264.416,130819822
2021-04-01,266.1972,271.0731,262.8943,268.6387,155996940
2021-04-05,268.7789,269.5042,256.6075,260.8071,177150198
2021-04-06,262.3151,266.5821,258.9603,263.1223,142589243
2021-04-07,263.5923,269.8195,261.4757,267.1179,162915890
2021-04-08,268.2392,271.6108,264.7805,267.4006,150595352
2021-04-09,267.0206,269.9047,262.2171,264.7784,138911952
2021-04-12,259.2932,260.4562,245.2221,249.0347,254138005
2021-04-13,250.3057,260.1378,248.347,257.1438,190328248
2021-04-15,256.5971,260.0138,250.3886,255.6108,171932572
2021-04-16,256.069,261.0624,253.5213,257.2043,153895208
2021-04-19,250.6273,253.4334,244.7582,249.8015,162762790
2021-04-20,252.9439,260.593,250.4371,254.0986,202638295
2021-04-22,251.6932,258.149,249.4637,255.4956,209091653
2021-04-23,254.1989,261.809,252.7369,257.5882,186592442
2021-04-26,259.3757,264.5845,255.2812,259.7435,192819161
2021-04-27,261.0111,266.057,257.154,261.5146,170478402
2021-04-28,263.3674,271.8036,260.4226,268.231,256353841
2021-04-29,267.8383,276.3568,265.6356,271.4604,205613201
2021-04-30,268.9653,274.901,265.2827,269.1128,205101979
2021-05-03,266.4578,273.5469,263.2988,270.7353,168856058
2021-05-04,273.7875,278.2916,267.8664,271.0024,294339813
2021-05-05,273.5861,276.47,267.7273,271.1817,198215533
2021-05-06,272.4788,276.3993,269.007,272.3453,212199227
2021-05-07,275.1673,278.7331,270.6078,274.0644,184942625
2021-05-10,275.8396,279.7944,271.5728,275.9865,227914442
2021-05-11,273.7086,278.5414,271.1698,275.2431,208114360
2021-05-12,275.6827,278.1812,270.2502,272.5858,197372546
2021-05-14,274.3905,276.3255,268.408,271.4706,150434026
2021-05-17,272.8294,278.5598,269.9376,274.8209,180797956
2021-05-18,277.2439,282.91,275.4396,279.459,196967531
2021-05-19,279.3978,283.3443,276.3056,279.2314,154622196
2021-05-20,280.285,284.1054,276.5425,279.8837,240602516
2021-05-21,282.1505,285.9831,279.3417,282.6618,228412958
2021-05-24,283.7286,287.0813,280.3057,282.9471,190055963
2021-05-25,284.9848,286.9466,278.5329,280.8202,164716489
2021-05-26,282.2854,287.4476,278.9469,283.49,192540915
2021-05-27,284.2975,287.6433,279.2905,283.0981,235099421
2021-05-28,284.4559,289.5937,280.4139,283.9136,210741650
2021-05-31,284.8429,289.1837,281.3145,285.7554,221298536
2021-06-01,287.2852,291.3578,282.7998,286.9753,181112387
2021-06-02,286.8506,293.098,285.3389,290.7771,189127881
2021-06-03,292.7157,296.7546,289.938,294.0258,213526983
2021-06-04,295.5051,301.5037,292.6078,298.2983,365006251
2021-06-07,297.3321,301.1353,292.3923,296.3874,341033994
2021-06-08,297.8559,301.1847,292.8466,296.4035,243741665
2021-06-09,297.7619,302.2185,290.5523,294.215,311234399
2021-06-10,295.8991,305.6178,292.9682,302.3322,336367542
2021-06-11,303.3963,307.1283,298.8591,301.8081,250073573
2021-06-14,301.4533,305.5471,294.9678,301.9289,226670978
2021-06-15,303.1533,306.5374,299.7153,302.1991,236696661
2021-06-16,302.5385,306.0246,298.1843,300.4056,238334948
2021-06-17,297.0928,303.0942,293.8208,298.1206,245503477
2021-06-18,299.1508,302.0881,289.61,296.5592,370466577
2021-06-21,292.9587,300.3401,291.097,298.179,167290726
2021-06-22,299.9472,304.0834,295.2669,298.1527,221352260
2021-06-23,299.6405,302.4247,294.94,297.0999,233205495
2021-06-24,297.7029,301.0995,294.4564,297.2676,177256239
2021-06-25,298.1914,302.5221,295.9125,299.9339,129897680
2021-06-28,301.5409,303.7167,296.5422,298.8654,121012587
2021-06-29,298.6971,303.2234,295.6374,298.3047,251225438
2021-06-30,299.5443,302.5635,295.3345,297.556,196925431
2021-07-01,298.7904,300.6224,293.8136,295.8636,153522327
2021-07-02,297.262,299.8237,293.5891,296.4524,129412424
2021-07-05,298.4773,302.1337,295.5541,299.0848,182708011
2021-07-06,299.4614,306.9771,296.9737,301.3188,185036929
2021-07-07,301.235,305.9031,298.4844,302.9014,184745285
2021-07-08,302.9534,306.2835,298.646,301.4213,143191633
2021-07-09,301.3045,305.9358,298.768,303.6542,154254542
2021-07-12,305.6377,308.9439,302.3928,305.7035,186910501
2021-07-13,307.4524,310.384,303.5899,306.8626,178190371
2021-07-14,307.1753,309.8255,304.0696,306.5671,198888269
2021-07-15,307.3192,310.8928,304.2116,306.8911,166320311
2021-07-16,307.9965,313.0903,304.5794,308.2492,259096852
2021-07-19,306.6357,310.1639,301.1363,304.328,211293664
2021-07-20,305.0245,306.5344,295.6956,299.0746,184170994
2021-07-22,300.321,309.9849,297.5104,305.6498,218741350
2021-07-23,306.3613,309.9793,301.8735,305.8672,127555365
2021-07-26,306.0373,311.6162,302.3188,307.1482,186992366
2021-07-27,308.4493,313.9112,304.3777,308.9987,205996306
2021-07-28,310.4171,313.1658,304.2794,309.644,189367391
2021-07-29,310.4825,317.3612,307.5224,312.9217,164929958
2021-07-30,313.5729,317.1781,307.254,310.2055,158393281
2021-08-02,312.5901,316.5255,307.6715,311.6236,212841752
2021-08-03,312.9247,316.817,309.2713,313.6252,137739080
2021-08-04,314.7274,319.7566,310.2097,313.1897,207204993
2021-08-05,314.4025,316.2378,307.5078,310.8064,141418330
2021-08-06,311.633,314.9122,307.9301,311.0262,150347922
2021-08-09,311.4231,314.7376,306.3648,309.3603,125779100
2021-08-10,310.4293,312.6458,303.1076,305.9296,134271148
2021-08-11,306.2376,309.1758,297.5368,305.4485,204445256
2021-08-12,305.9024,311.3707,303.0901,308.5278,123886268
2021-08-13,309.3435,312.0799,305.2165,307.5929,106909703
2021-08-16,307.4324,312.8482,303.7442,309.657,109051843
2021-08-17,309.8704,313.3546,304.8686,309.6267,142428082
2021-08-18,310.0818,316.589,306.8825,311.2024,127486821
2021-08-20,308.1158,314.0685,303.3167,308.0003,142269149
2021-08-23,310.1763,314.5906,303.4509,308.644,147606498
2021-08-24,309.2924,319.6812,305.6189,316.4206,180476647
2021-08-25,317.527,323.1249,312.2665,316.573,132752914
2021-08-26,316.2979,321.3452,312.7173,317.8473,140709543
2021-08-27,319.519,324.086,315.5234,320.7888,109388257
2021-08-30,323.0486,329.5462,320.6978,326.6542,141313384
2021-08-31,326.5354,336.3331,323.1059,332.9149,165621226
2021-09-01,333.8438,339.2127,328.9685,332.7509,144143053
2021-09-02,333.1757,339.0941,329.7173,334.77,116759242
2021-09-03,334.9587,339.2313,330.7756,334.6514,123588491
2021-09-06,336.2311,339.454,331.6932,334.0184,96936633
2021-09-07,334.7314,338.4723,329.7459,333.6627,112273804
2021-09-08,334.3648,339.6733,330.9095,335.5494,115454639
2021-09-09,335.6987,338.8471,331.4231,334.3269,106767353
2021-09-13,334.7872,338.4665,329.9686,335.4098,104129692
2021-09-14,336.9616,339.7781,332.7656,334.8653,103324237
2021-09-15,335.6485,339.4437,333.1651,335.9834,132316539
2021-09-16,337.1694,340.9653,332.7824,337.3643,168842523
2021-09-17,339.193,345.9309,332.0595,336.4496,263663013
2021-09-20,333.6142,340.463,328.1344,332.2038,120058007
2021-09-21,332.2232,340.7127,326.4301,337.8058,169595110
2021-09-22,338.9387,343.8463,335.6233,338.7444,132609499
2021-09-23,341.6922,349.133,337.5316,343.6648,175991223
2021-09-24,345.6025,348.5205,338.0238,341.0618,142615362
2021-09-27,342.7889,345.7824,335.7599,339.2838,122015376
2021-09-28,340.5339,343.1969,330.4699,334.2378,232088260
2021-09-29,332.6043,338.5545,329.2005,334.3477,179563421
2021-09-30,335.6154,340.9228,331.743,336.4975,171168578
2021-10-01,335.4201,339.719,329.7322,334.7901,187559371
2021-10-04,336.7559,344.1565,334.5788,340.3366,170218037
2021-10-05,339.7495,345.1983,336.8222,341.5776,138828035
2021-10-06,343.7255,347.4095,336.7306,338.7909,182312921
2021-10-07,343.9201,347.8421,339.2495,340.9738,112380398
2021-10-08,342.3936,345.2759,337.4764,339.5705,105589626
2021-10-11,341.207,346.2477,338.2633,341.2157,122640369
2021-10-12,341.4461,346.8511,337.5994,342.7449,169051317
2021-10-13,344.4952,349.5311,340.5987,343.6994,214642037
2021-10-14,345.7404,348.6983,340.5643,344.2595,194935901
2021-10-18,349.3602,352.9383,342.9803,346.4014,198858862
2021-10-19,348.3688,352.8078,339.7466,344.2547,219482536
2021-10-20,344.4012,347.4186,334.5484,339.9066,167268362
2021-10-21,342.3235,345.3686,334.8501,339.7436,186989464
2021-10-22,340.7814,347.6547,334.1409,338.5687,302368229
2021-10-25,339.7639,342.9083,326.5605,333.6447,179529508
2021-10-26,334.5595,342.6857,332.057,338.8686,148752687
2021-10-27,340.6766,345.0158,332.4182,335.5962,150057207
2021-10-28,336.7942,340.2901,327.8981,331.8303,141977235
2021-10-29,331.9632,336.6444,322.3773,329.0919,149122868
2021-11-01,331.0519,335.6654,323.4774,330.6189,134892113
2021-11-02,332.1675,338.1296,329.2109,333.7355,132228665
2021-11-03,335.0758,339.7747,331.4399,335.2201,131370733
2021-11-04,338.0784,339.7248,335.1747,337.2589,40834699
2021-11-08,338.6178,346.5702,334.7362,343.5151,173019273
2021-11-09,344.8534,348.0502,339.0349,342.3596,176651067
2021-11-10,341.3565,346.2633,338.2731,342.6541,147345702
2021-11-11,342.3936,345.1831,335.4841,338.4296,109631152
2021-11-12,340.7889,345.8725,336.8134,342.9334,118295016
2021-11-15,343.8535,345.8139,336.4239,340.0645,129615331
2021-11-16,340.6646,344.5216,336.6356,339.0857,119915176
2021-11-17,338.6285,343.7204,335.3506,338.6326,116740437
2021-11-18,339.1732,342.1593,331.0711,333.6041,102267392
2021-11-22,334.6794,336.2108,318.322,321.8999,138575746
2021-11-23,319.8882,328.2193,316.008,325.1534,114969415
2021-11-24,326.9758,331.8825,321.3328,325.3372,111820008
2021-11-25,325.0943,328.6452,321.1746,324.8441,118319247
2021-11-26,322.2488,324.9993,311.5261,314.5841,248167463
2021-11-29,312.7547,319.6129,305.015,313.9658,153626532
2021-11-30,314.262,324.6759,311.3801,316.9981,270446879
2021-12-01,319.1383,324.0776,315.2867,320.852,139263171
2021-12-02,321.9577,328.2996,319.0555,326.1443,159900716
2021-12-03,326.3958,330.4078,321.4963,323.8195,182792026
2021-12-06,324.5499,327.1582,316.4664,318.4115,165345768
2021-12-07,321.3701,326.2828,317.3485,322.5082,199321594
2021-12-08,324.411,330.9204,322.134,328.0529,201329965
2021-12-09,329.3554,332.6957,324.3547,328.1408,214568423
2021-12-10,327.6308,331.4386,324.2093,328.4942,154835213
2021-12-13,330.1709,332.6199,322.2633,324.5172,156749663
2021-12-14,323.2554,325.9452,317.275,321.166,214688350
2021-12-15,321.5863,323.5253,313.7995,316.0424,144754876
2021-12-16,318.6772,322.2871,312.9187,316.4905,259295331
2021-12-17,315.5861,317.6773,306.0788,308.6355,257748769
2021-12-20,305.4808,306.923,292.2544,298.8772,194752017
2021-12-21,301.9719,305.9562,296.5762,300.4621,141768453
2021-12-22,301.9655,307.2367,299.5424,304.0785,126817973
2021-12-23,306.0121,310.9708,303.7148,307.7594,120686456
2021-12-24,309.4239,310.58,301.5639,304.4829,114707093
2021-12-27,302.4632,308.2166,298.8195,306.1272,105447615
2021-12-28,308.1696,311.4535,305.2816,308.3307,112114498
2021-12-29,308.5921,312.3307,305.5667,308.9374,106295372
2021-12-30,309.0166,311.4947,305.1693,307.9695,103735525
2021-12-31,308.7075,314.8537,307.3537,312.1445,161542688
2022-01-03,312.8112,320.6197,311.0259,318.3403,134058266
2022-01-04,319.7651,323.6006,316.3217,320.6802,139475088
2022-01-05,321.8889,329.3943,319.1474,326.4009,137549862
2022-01-06,322.948,329.5403,320.511,326.8846,153141929
2022-01-07,327.3889,331.0883,322.5675,326.2648,136275394
2022-01-10,327.7581,332.4192,325.0969,328.9617,150453488
2022-01-11,329.2162,332.6756,324.3195,327.7688,143011659
2022-01-12,329.6342,334.918,326.396,331.1097,140338179
2022-01-13,332.5069,335.3896,329.0288,332.1477,109860114
2022-01-14,331.4712,335.9639,328.9708,333.0332,119682711
2022-01-17,333.4062,338.7322,331.3618,335.5175,128108781
2022-01-18,337.0958,340.5197,328.9284,331.0415,169252419
2022-01-19,331.9284,336.3947,322.9778,327.1763,159026303
2022-01-20,327.5019,331.0871,320.1195,324.7239,134849675
2022-01-21,321.5312,325.6937,314.1851,318.4141,146506657
2022-01-24,318.6054,319.6703,301.4642,306.1792,176218518
2022-01-25,303.9794,310.9988,298.1517,307.3875,155172161
2022-01-27,304.7284,309.8987,299.114,305.6751,152233182
2022-01-28,308.353,315.7513,304.1804,307.0861,157583219
2022-01-31,311.0269,315.0466,306.3134,310.9994,129685280
2022-02-01,313.6588,318.2976,307.2739,313.0257,138139563
2022-02-02,314.817,322.8096,312.7413,319.6573,141837014
2022-02-03,320.184,321.8309,313.0032,315.4456,118682029
2022-02-04,315.9594,318.8989,310.179,313.3389,137782214
2022-02-07,313.7936,316.0314,303.7195,306.414,113359237
2022-02-08,307.6275,312.0571,302.0037,306.8608,131320225
2022-02-09,308.9931,313.1691,306.2645,310.3129,105837022
2022-02-10,311.4912,316.2232,306.6901,312.5775,122172827
2022-02-11,309.0503,311.9205,304.0336,306.9977,115896835
2022-02-14,300.253,304.1957,292.8319,295.8953,157953832
2022-02-15,297.8046,306.3255,292.3078,303.815,175497419
2022-02-16,305.8538,310.8873,301.5758,304.5062,176017774
2022-02-17,306.1296,308.4727,300.6573,304.4893,108378981
2022-02-18,302.8732,307.443,300.2447,303.1201,96108415
2022-02-21,301.4479,304.6213,295.1802,298.7903,128039198
2022-02-22,291.2504,299.6819,287.9294,296.6415,171269252
2022-02-23,298.9225,301.8183,294.6807,296.7463,109788032
2022-02-24,287.9197,292.1627,277.3278,279.8558,240391973
2022-02-25,285.9714,293.7908,283.2416,289.4482,186802570
2022-02-28,286.9356,293.8072,281.7732,291.1476,139815036
2022-03-02,287.9452,295.7804,284.0528,291.3264,163059946
2022-03-03,294.8053,296.6028,285.5495,287.2723,101707897
2022-03-04,285.4219,287.5218,277.1025,280.7596,125730108
2022-03-07,274.6848,278.1124,264.7225,269.6443,153752407
2022-03-08,269.0311,275.6096,263.7081,272.6348,160087838
2022-03-09,274.778,283.1894,271.2092,279.8908,159328818
2022-03-10,288.2229,291.2779,280.7647,284.1676,151018618
2022-03-11,283.309,288.5705,280.3801,285.5069,114045020
2022-03-14,285.36,288.8319,280.4922,286.0704,118027316
2022-03-15,286.7386,290.8378,281.7722,284.5921,171612597
2022-03-16,287.9334,294.1699,285.8157,290.4102,163287630
2022-03-17,294.2078,300.5406,291.4884,297.0437,254598856
2022-03-21,298.4942,299.9805,291.064,292.8502,129227960
2022-03-22,292.9598,297.8244,288.1821,295.5111,125499873
2022-03-23,297.4926,300.9401,292.8827,295.5806,205710095
2022-03-24,294.537,298.3423,291.4963,295.0573,175500029
2022-03-25,296.8667,299.762,292.0043,294.9746,179089257
2022-03-28,295.8887,298.0015,288.5245,293.3395,137693891
2022-03-29,295.0745,298.9102,291.3629,295.3859,145559555
2022-03-30,297.6697,305.0545,295.2036,301.9522,135145123
2022-03-31,302.5708,307.4866,299.0662,301.6959,167696667
2022-04-01,301.6386,309.8739,299.6372,307.4891,179049451
2022-04-04,308.9397,317.1257,306.3835,311.679,202210886
2022-04-05,311.9812,315.9307,307.3112,310.3757,198790041
2022-04-06,309.1778,314.1833,306.3058,310.3059,149180721
2022-04-07,310.0517,314.2351,306.6098,309.6689,172952999
2022-04-08,311.5588,316.7126,308.1117,313.4331,156727074
2022-04-11,313.3304,316.9496,309.9724,312.8297,109835435
2022-04-12,312.103,313.6466,305.0977,308.9294,122387693
2022-04-13,310.6966,314.0158,306.4185,308.809,132518520
2022-04-18,307.1353,311.8214,301.6619,306.5533,117896837
2022-04-19,308.5877,313.3898,298.0297,302.2831,135421621
2022-04-20,303.2871,306.4599,296.0111,300.2309,109367743
2022-04-21,302.2263,308.5264,299.9022,304.895,215206180
2022-04-22,303.0165,306.8653,299.1295,301.4438,208151950
2022-04-25,298.7718,301.7025,293.2974,296.8492,136731960
2022-04-26,300.5361,306.1868,297.2868,303.0865,141167696
2022-04-27,300.3185,303.4506,291.9019,295.4743,175945539
2022-04-28,297.3835,302.624,292.1566,298.4464,171010258
2022-04-29,300.9385,304.903,293.0341,296.2315,202223675
2022-05-02,292.8558,298.3432,289.3139,294.9577,137112164
2022-05-04,295.3302,298.6083,283.5516,286.4145,164007370
2022-05-05,289.4487,294.1838,283.1833,285.2309,131023323
2022-05-06,280.2073,283.806,273.1278,277.236,181545761
2022-05-09,274.7581,280.901,269.5249,276.0711,153266827
2022-05-10,275.578,281.0682,270.6334,273.1272,112401770
2022-05-11,274.1856,277.7449,263.9619,268.9915,230314862
2022-05-12,266.6776,268.9248,257.2595,260.8995,199825043
2022-05-13,265.1045,269.9689,257.658,260.5108,172423486
2022-05-16,262.4745,267.6268,257.4619,263.3763,140391936
2022-05-17,264.7401,271.4273,261.9826,269.5403,224072878
2022-05-18,271.6202,274.8219,266.6311,268.7992,136541958
2022-05-19,264.0164,266.6299,258.4259,261.4054,151668187
2022-05-20,265.3074,268.2853,260.6984,263.4909,121190934
2022-05-23,264.3452,269.9434,260.1508,263.6232,115044879
2022-05-24,263.8484,266.8307,259.7121,262.5789,101692108
2022-05-25,264.1039,267.3997,258.9909,261.7199,106859763
2022-05-26,262.3937,266.3227,255.7241,262.9591,131711629
2022-05-27,265.3259,269.791,262.1878,266.6559,118552672
2022-05-30,269.4606,273.4547,267.3915,271.7349,112190972
2022-05-31,269.9866,274.2654,266.5345,270.1922,175910701
2022-06-01,270.2012,274.2148,266.6172,269.6384,122989901
2022-06-02,269.287,273.1775,266.1998,271.0283,98595556
2022-06-03,273.0816,275.0938,267.5434,268.6791,157671301
2022-06-06,268.1513,270.6309,262.7782,266.5595,105035409
2022-06-07,265.3077,266.7327,259.5805,262.4837,106852274
2022-06-08,263.2007,267.2392,258.4216,261.8035,115956537
2022-06-09,260.3796,263.9875,257.7777,261.4577,99351131
2022-06-10,259.1311,261.3411,255.4189,257.1367,133882762
2022-06-13,251.9535,253.8208,244.1515,246.1689,143153864
2022-06-14,244.7664,250.5015,242.3638,246.0814,185939746
2022-06-15,247.7565,252.8181,245.4736,249.3367,127597103
2022-06-16,252.1428,254.1668,240.8314,242.7999,146464689
2022-06-17,241.1931,245.9076,235.999,240.8008,148496961
2022-06-20,241.6931,244.1486,235.4922,239.6898,124329287
2022-06-21,241.5293,246.15,239.446,243.9415,107572380
2022-06-22,243.5224,245.7007,238.6358,240.5494,91540447
2022-06-23,241.2327,244.7009,237.7512,241.8073,93675629
2022-06-24,243.5807,247.1592,240.7928,244.2294,103849713
2022-06-27,247.5217,249.4699,243.475,245.4752,98698344
2022-06-28,244.8255,246.8358,241.2422,244.3749,86989248
2022-06-29,242.0234,247.5281,238.8906,242.7564,94438026
2022-06-30,243.3044,246.5293,239.4555,242.1771,116849504
2022-07-01,241.772,248.0963,238.9496,246.5643,117090836
2022-07-04,246.755,251.2525,244.8978,249.4849,101251793
2022-07-05,250.8171,255.2798,248.084,250.352,131245703
2022-07-06,250.7624,256.8039,248.7549,254.4509,116839879
2022-07-07,256.1083,259.4892,252.1251,255.5964,122116950
2022-07-08,257.4271,259.5202,253.0926,256.4758,101793883
2022-07-11,255.9197,259.8985,254.0519,257.7822,98159267
2022-07-12,257.2522,260.443,254.3615,256.7793,91027908
2022-07-13,258.0414,260.4316,254.9661,256.5297,78510455
2022-07-14,257.4756,258.7483,252.5397,254.8265,79991394
2022-07-15,255.8084,258.7305,252.7643,256.2819,80586651
2022-07-18,258.0556,263.0108,255.3869,260.4708,105099283
2022-07-19,260.0845,263.2249,257.1502,260.6736,109988997
2022-07-20,263.2366,265.2662,258.7195,260.7273,130295575
2022-07-21,260.8735,265.7264,258.9355,263.7833,103346017
2022-07-22,264.7514,267.4169,262.1546,264.5339,116431803
2022-07-25,264.3556,266.8169,261.0032,263.2488,81096637
2022-07-26,264.3794,267.5714,260.4193,263.0019,89919354
2022-07-27,263.105,267.3835,260.1922,264.7514,105555649
2022-07-28,267.1388,278.2025,265.2958,274.6271,223153051
2022-07-29,278.0307,282.9794,274.469,278.9622,175510472
2022-08-01,280.5963,284.1923,277.0621,281.2489,151432836
2022-08-02,280.6065,284.5706,277.618,282.1325,137761082
2022-08-03,282.0555,284.4934,277.4371,280.878,128924571
2022-08-04,282.4166,284.3614,276.9304,280.3197,127026573
2022-08-05,281.2061,285.2608,278.6783,281.7976,152020027
2022-08-08,281.5199,285.2537,278.817,282.0664,89388627
2022-08-10,282.7213,285.1564,278.403,280.9731,111333971
2022-08-11,283.3884,286.2942,280.4256,283.2787,108545228
2022-08-12,283.3827,286.787,281.2767,284.2299,112608416
2022-08-16,285.2374,291.1587,283.0183,287.8821,157555645
2022-08-17,288.9378,297.1716,287.0642,293.2466,170539472
2022-08-18,293.0599,296.66,289.9024,292.6672,142816860
2022-08-19,293.2559,295.3005,285.3626,287.2643,155989640
2022-08-22,286.679,288.5569,280.619,282.3021,116945400
2022-08-23,281.0613,287.997,279.2264,285.0711,119422007
2022-08-24,285.1046,288.6435,283.0578,286.1403,112353572
2022-08-25,287.5738,291.4425,284.3166,286.3235,176152748
2022-08-26,288.5151,291.4374,285.4775,287.3892,134456869
2022-08-29,280.3219,286.3929,278.8022,283.9295,115793970
2022-08-30,285.9132,292.8443,284.795,290.8918,122945236
2022-09-01,289.2677,295.0035,286.438,290.3551,150902630
2022-09-02,292.0483,295.2615,287.9692,289.5708,109160778
2022-09-05,290.2413,293.265,287.5301,289.9883,114891649
2022-09-06,291.0648,293.9961,286.2824,288.9958,164624966
2022-09-07,287.9276,292.394,286.6398,290.2757,131505282
2022-09-08,292.2673,295.8558,289.0388,292.6055,123597635
2022-09-09,294.6043,296.4998,289.5352,290.9385,135931812
2022-09-12,292.1729,295.4988,289.5846,292.4489,133776961
2022-09-13,295.199,300.9345,292.6411,296.6096,191467873
2022-09-14,293.2442,301.1107,291.6027,297.4336,193794219
2022-09-15,298.9494,302.8085,293.6823,296.729,182161371
2022-09-16,296.39,298.975,286.6417,290.0225,218987166
2022-09-19,290.9133,296.6373,287.5013,292.6459,127923973
2022-09-20,294.9064,299.4453,292.5887,295.1982,153087780
2022-09-21,295.3498,298.1577,291.3236,293.7561,220059822
2022-09-22,292.8462,296.1012,288.6284,292.8123,161436770
2022-09-23,292.8203,294.0993,284.7814,286.2509,208304211
2022-09-26,283.957,285.9408,275.115,278.5711,187692653
2022-09-27,280.1704,283.5553,275.7743,278.8402,137431724
2022-09-28,277.2389,281.0875,274.3142,277.1302,129287471
2022-09-29,279.6117,281.8262,273.8279,276.3632,120347621
2022-09-30,275.6599,282.4725,273.3188,280.097,129596579
2022-10-03,280.1638,282.5032,274.2587,276.0064,98349204
2022-10-04,280.0286,285.0958,278.5273,283.4244,157126594
2022-10-06,285.4144,288.0928,281.2014,283.3953,128809516
2022-10-07,283.3186,285.3786,279.8704,282.6946,118581455
2022-10-10,280.407,282.9688,277.3591,280.7796,138459537
2022-10-11,281.3111,283.4333,276.425,277.7767,100120887
2022-10-12,278.3361,281.2526,275.3629,279.1804,110519288
2022-10-13,279.1133,280.3442,274.7671,276.5623,86509295
2022-10-14,280.4338,282.361,275.9428,277.5854,127761857
2022-10-17,277.2294,281.1868,274.7664,279.2884,85504165
2022-10-18,280.6158,283.8279,278.3085,281.7422,118989369
2022-10-19,282.5201,285.101,279.4826,281.5079,106128843
2022-10-20,280.7678,284.4603,277.0982,282.0004,104779539
2022-10-21,283.1555,284.9217,275.333,277.6561,134424716
2022-10-24,280.5254,282.5758,277.6235,279.5942,27991714
2022-10-25,280.0097,281.825,275.1459,277.2354,116317478
2022-10-27,278.7933,281.3215,274.0526,276.9046,149620555
2022-10-28,277.4739,280.2959,274.648,277.0066,172434789
2022-10-31,279.5435,282.882,276.8912,280.0558,145606142
2022-11-01,281.3061,284.0665,279.1382,281.6824,115260965
2022-11-02,281.6916,285.1677,279.0116,282.3664,209526926
2022-11-03,281.34,286.2628,279.7846,283.6765,205518987
2022-11-04,284.1897,288.3508,281.8099,285.9893,168282637
2022-11-07,287.267,290.1159,283.3503,286.7022,198339755
2022-11-09,288.1623,290.3972,282.7491,285.7918,177355082
2022-11-10,285.9735,287.7613,278.6977,280.8336,183607288
2022-11-11,284.5857,288.0115,280.3384,282.8188,157628002
2022-11-14,285.4853,289.2295,281.9851,284.8918,171134138
2022-11-15,285.3079,287.6723,281.2597,283.7799,173218462
2022-11-16,283.7182,286.0249,278.2982,280.6879,434177339
2022-11-17,280.3333,284.0755,277.6982,280.3549,398011463
2022-11-18,280.7662,282.555,275.93,278.3493,248066986
2022-11-21,278.08,280.0413,273.242,276.3305,228919502
2022-11-22,276.6105,280.29,274.8348,277.4548,322081075
2022-11-23,278.3562,280.9066,275.2977,277.886,277867991
2022-11-24,278.9302,282.8866,276.4965,280.0959,397384166
2022-11-25,280.8071,284.6519,278.1784,281.7177,426515452
2022-11-28,281.7761,286.8713,280.4439,283.6886,572793986
2022-11-29,283.7888,288.1374,281.0115,283.8765,543456853
2022-11-30,284.414,288.5325,281.6271,285.1299,582041206
2022-12-01,286.3362,289.934,283.5537,287.32,343290974
2022-12-02,287.1582,290.1271,284.5771,287.9872,291196278
2022-12-05,288.735,291.1596,285.4552,288.0055,333097682
2022-12-06,287.6933,291.3552,285.0972,287.6683,276892200
2022-12-07,288.26,291.0919,284.1338,286.5898,240348872
2022-12-08,287.1229,290.1926,284.0886,287.0109,209295470
2022-12-09,288.199,290.6617,282.7242,285.6517,283886060
2022-12-12,285.427,290.109,281.9352,287.6687,302415427
2022-12-13,288.6886,293.7068,286.9743,291.2128,333646278
2022-12-14,292.5733,296.0443,289.7835,293.1784,335558268
2022-12-15,293.4069,297.2602,289.1168,291.2422,311862668
2022-12-16,289.8593,293.0891,284.8086,287.1159,218414914
2022-12-19,287.7125,296.2387,286.1446,293.9142,239068502
2022-12-20,293.753,297.5897,289.48,293.6886,382582327
2022-12-21,294.752,297.3219,283.7729,285.8985,445725474
2022-12-22,287.2133,289.7687,279.2384,282.5615,307551822
2022-12-23,280.6803,282.6705,271.2367,273.2249,314319553
2022-12-26,273.6151,283.132,271.4515,280.7575,303657854
2022-12-27,282.3865,285.9486,279.0811,283.1173,240831604
2022-12-28,282.6764,286.0421,280.3591,282.8888,226633575
2022-12-29,281.6868,284.8548,278.2609,282.6902,239134471
2022-12-30,284.4588,289.4257,281.8601,284.6588,237031655
2023-01-02,285.0824,290.4612,282.3825,288.1883,203238947
2023-01-03,289.3219,295.3141,286.7886,292.3928,324470666
2023-01-04,292.9495,295.7925,288.4311,290.6552,273599050
2023-01-05,290.8563,292.9365,282.4549,285.9692,238862997
2023-01-06,286.4811,288.1618,279.4138,281.3711,205473215
2023-01-09,283.6583,286.8266,280.0157,283.1261,211209095
2023-01-10,283.8067,285.4967,278.9313,281.5394,163443663
2023-01-11,282.0835,284.4882,278.8736,281.2421,185122562
2023-01-12,281.9548,284.4139,278.0688,280.7293,176777347
2023-01-13,281.5151,285.1079,279.132,283.1027,210904422
2023-01-16,284.0269,287.0385,280.1317,281.9831,241093363
2023-01-17,282.4316,283.9642,277.6548,280.8861,156355072
2023-01-18,281.6156,283.6172,278.3608,280.7658,148945882
2023-01-19,280.1692,282.9261,277.8722,280.2787,150928658
2023-01-20,280.7486,282.1139,275.2512,276.7345,167979333
2023-01-23,277.4225,280.4574,274.9467,277.4584,149143070
2023-01-24,278.2451,281.0366,274.8335,276.7185,155736445
2023-01-25,276.6922,277.8248,270.659,272.6484,165184838
2023-01-27,273.2966,275.7331,264.7409,268.3856,202025903
2023-01-30,266.6739,274.9254,263.8828,270.0354,185358796
2023-01-31,271.3566,274.6496,266.5418,270.6972,191098710
2023-02-01,273.2429,276.705,253.7926,259.7739,318421747
2023-02-02,257.4935,263.6392,253.7031,259.0783,188984499
2023-02-03,260.9309,265.7998,256.1386,263.0875,179457630
2023-02-06,263.1775,267.4731,259.9667,264.7224,165888491
2023-02-07,265.2184,269.1354,262.4138,265.1201,163032088
2023-02-08,265.7926,271.2935,264.1524,269.5922,159560513
2023-02-09,270.191,274.0165,267.496,271.6311,118332626
2023-02-10,272.8684,276.1481,269.7011,271.7536,120468814
2023-02-13,271.9894,273.6249,266.2348,268.0273,110835604
2023-02-14,268.0642,270.7629,263.8763,267.5294,130400192
2023-02-15,267.1334,271.3887,265.27,269.8478,212428311
2023-02-16,270.666,272.5936,267.4457,269.3029,124141999
2023-02-17,268.6593,270.5853,265.219,266.9982,97083601
2023-02-20,267.7188,270.4251,264.0766,266.1886,97343218
2023-02-21,266.9676,268.5805,263.4784,264.8863,89743014
2023-02-22,264.0698,265.4988,259.5136,261.3072,97821089
2023-02-23,261.6292,263.412,257.7283,259.9882,110952400
2023-02-24,261.0812,263.8937,258.3641,260.0205,94724733
2023-02-27,259.9605,261.4709,254.9695,257.8051,89589658
2023-02-28,258.5135,261.9885,254.897,258.0984,123105587
2023-03-01,258.5939,263.6557,257.0157,261.2845,119612147
2023-03-02,262.4344,264.5869,258.1148,259.7967,165277940
2023-03-03,261.5145,264.7364,259.5168,262.3117,147460997
2023-03-06,263.7043,268.0408,261.6459,264.5049,136496101
2023-03-08,263.9405,266.3035,260.3025,263.4517,187653527
2023-03-09,263.7784,266.1027,259.2649,261.0889,176674573
2023-03-10,259.407,260.9765,255.8981,258.6228,128247507
2023-03-13,258.4349,260.921,252.228,253.6252,125554703
2023-03-14,254.0623,256.1431,248.9474,251.1155,129926135
2023-03-15,253.0045,255.328,249.1105,250.3253,100554791
2023-03-16,250.4679,253.4676,246.9491,250.4905,127837974
2023-03-17,251.838,255.2928,249.1376,251.7228,144229597
2023-03-20,251.7896,253.8177,244.1574,247.4117,135183604
2023-03-21,249.0653,253.3115,246.7536,251.3302,113018370
2023-03-22,252.3775,256.7499,250.8746,254.1049,116869302
2023-03-23,253.6955,256.5097,251.1116,253.197,99791241
2023-03-24,252.3071,253.9575,245.548,247.866,130826332
2023-03-27,247.9633,250.0305,242.8361,245.0478,121138942
2023-03-28,245.7523,247.6714,241.2475,243.3245,116105057
2023-03-29,243.8237,248.8332,241.9428,246.3242,132093840
2023-03-31,247.3978,251.8196,245.3218,248.3754,141850465
2023-04-03,249.7523,253.7472,247.8917,251.6116,114040467
2023-04-05,253.588,257.6189,250.6941,253.1888,132620662
2023-04-06,253.5102,259.0907,251.4886,257.0758,146992114
2023-04-10,258.0709,259.9162,254.1468,256.2644,119037737
2023-04-11,257.3049,260.0962,255.2411,257.3918,113126354
2023-04-12,257.7411,259.9387,255.3328,257.8431,89576196
2023-04-13,258.0428,261.371,256.1816,259.2668,108012273
2023-04-17,259.8496,262.9264,256.794,260.8019,117188635
2023-04-18,261.5063,264.9852,258.7971,261.5454,166946859
2023-04-19,261.6481,263.6801,258.5847,260.513,109251408
2023-04-20,260.9815,263.4545,258.5014,260.9235,91539104
2023-04-21,261.3664,262.8223,256.3483,258.9502,105031880
2023-04-24,260.333,263.3178,257.4729,261.0345,222107136
2023-04-25,261.7991,265.6245,259.1777,262.3416,305519224
2023-04-26,262.5398,264.8368,259.646,261.9473,226341588
2023-04-27,262.6524,266.6965,260.1923,263.8182,365333611
2023-04-28,264.6709,268.3264,261.2379,266.2708,278792984
2023-05-02,267.6183,271.4784,265.0265,268.0888,419018554
2023-05-03,267.9135,270.8215,264.9941,267.7691,564123925
2023-05-04,268.5753,276.3979,266.9995,273.1294,561581636
2023-05-05,272.7248,277.1016,269.6183,272.35,453687292
2023-05-08,273.3409,279.0787,271.6715,276.8346,342393816
2023-05-09,277.51,280.9128,273.5126,275.1963,313466214
2023-05-10,276.2382,278.8178,272.8983,276.7578,236312900
2023-05-11,277.8771,280.6648,275.4685,278.2186,262241778
2023-05-12,278.1225,280.7498,274.6607,277.7484,189405963
2023-05-15,278.0108,281.7836,275.6728,279.0127,191254914
2023-05-16,279.9692,283.545,277.0999,279.3244,299658666
2023-05-17,279.6526,281.508,275.3124,277.8452,228054659
2023-05-18,279.1532,282.5742,276.5662,278.399,194678842
2023-05-19,279.2016,280.3636,274.4808,277.6694,173756731
2023-05-22,277.96,281.8215,276.0588,279.7982,152921274
2023-05-23,280.5751,285.2366,278.7982,282.0011,153720044
2023-05-24,282.016,286.0195,279.7674,282.5174,173197356
2023-05-25,283.0218,286.4086,280.7669,283.8859,194257594
2023-05-26,284.6093,287.8759,282.2838,285.4712,190244336
2023-05-29,287.3985,291.6334,285.3958,288.1817,212031553
2023-05-30,288.4577,291.7315,285.7596,289.5693,193038642
2023-05-31,289.9312,292.6204,286.29,289.7974,199357300
2023-06-01,290.4249,293.2174,287.3255,290.2066,162972629
2023-06-02,291.8384,293.9032,288.3514,290.7385,184505140
2023-06-05,292.2612,294.5656,289.4566,291.3607,193353084
2023-06-06,291.8986,295.2612,289.9554,293.5759,143663354
2023-06-07,294.6647,298.1001,292.7709,295.9825,249731415
2023-06-08,296.4426,298.9657,292.5244,294.2855,187718091
2023-06-09,294.3761,297.0635,291.3277,293.3096,182351355
2023-06-12,294.064,297.044,291.7956,294.7703,163311387
2023-06-13,295.4829,299.2599,294.2084,297.3297,177297089
2023-06-14,298.0944,299.8535,294.1859,296.4273,137502343
2023-06-15,296.691,299.6808,293.7271,296.2013,162854887
2023-06-16,297.1803,303.3603,295.6035,301.0194,184166541
2023-06-19,302.7387,308.3729,300.6023,305.4284,194855459
2023-06-20,305.991,310.3291,302.2327,307.3057,227242384
2023-06-21,309.3701,313.7486,306.438,309.2076,336935812
2023-06-22,309.8486,312.8548,303.6189,305.6465,222903902
2023-06-23,305.7263,307.6586,299.478,301.9483,202380265
2023-06-26,301.7883,305.4659,298.6093,302.6426,159009224
2023-06-27,303.8649,309.0295,301.2936,307.0295,266291135
2023-06-28,308.0742,311.6736,304.9738,308.7087,227700479
2023-06-30,310.033,315.0709,307.7712,312.1749,256846419
2023-07-03,313.2316,317.6474,310.4863,314.4591,228134481
2023-07-04,317.9512,323.2378,314.0017,319.3271,238262353
2023-07-05,319.5143,324.4148,316.6696,320.4288,227678148
2023-07-06,320.2096,323.1631,317.4625,319.6801,156851686
2023-07-07,319.26,322.2731,315.3392,317.401,170016524
2023-07-10,317.8446,320.3878,312.7747,317.0119,174434124
2023-07-11,318.4987,323.1938,314.9976,317.193,200696609
2023-07-12,318.1281,321.4152,315.4166,318.5294,151672504
2023-07-13,319.5262,323.0025,315.7408,318.4377,161479104
2023-07-14,319.4977,322.4517,315.9528,319.4962,160658478
2023-07-17,320.2863,322.4615,316.6709,319.3459,188230768
2023-07-18,320.2882,322.1583,314.9472,317.4535,196254250
2023-07-19,318.0697,322.5331,315.8097,320.2694,158708024
2023-07-20,320.9274,324.3462,317.36,321.3758,198624794
2023-07-21,321.3076,325.786,317.6466,321.7006,325010238
2023-07-24,322.9249,328.5061,319.7662,323.8916,384903754
2023-07-25,325.3123,327.7969,320.7242,323.8415,223272687
2023-07-26,324.2829,328.3542,319.1698,323.327,273646534
2023-07-27,324.7305,328.8535,319.432,322.7679,316326496
2023-07-28,323.8624,327.1064,318.8395,323.3104,292166199
2023-07-31,323.0395,328.7887,320.17,325.9395,438812624
2023-08-01,327.1789,330.1363,322.7628,325.7413,557496639
2023-08-02,325.7821,328.5715,317.7295,321.5617,451300226
2023-08-03,320.8727,325.3155,315.7719,320.4513,696389901
2023-08-04,322.4224,327.6117,318.943,323.307,531218021
2023-08-07,324.6896,329.2529,321.2399,326.3291,601016790
2023-08-08,327.1449,331.3554,322.2843,327.2945,652117288
2023-08-09,328.4974,330.607,323.8665,326.9312,401209476
2023-08-10,326.6666,330.268,323.307,326.4977,397197958
2023-08-11,329.6678,332.4821,323.6895,325.3656,318325147
2023-08-14,325.3181,327.2524,318.581,323.2632,434845446
2023-08-16,322.5796,325.1983,318.6288,321.9515,601236385
2023-08-17,322.5846,326.3404,319.0633,322.2957,433137301
2023-08-18,322.0085,324.2949,317.3656,319.4429,403589470
2023-08-21,319.4801,324.8384,317.339,321.9632,367158899
2023-08-22,322.0885,328.0813,320.1262,323.8642,292006935
2023-08-23,323.9826,326.3183,320.6257,323.7457,196234336
2023-08-24,324.562,328.0588,321.5228,323.0369,387752993
2023-08-25,321.637,327.1837,318.1226,322.9088,518911704
2023-08-28,323.9416,328.0405,320.8103,324.3642,445196025
2023-08-29,324.9597,328.7146,322.2576,325.9331,402267838
2023-08-30,327.7834,330.9126,325.324,327.4366,323690891
2023-08-31,328.4218,331.4674,322.7035,326.689,882003557
2023-09-01,327.0907,332.7377,324.3069,330.0997,537552187
2023-09-04,332.319,338.2251,328.424,333.6978,859028890
2023-09-05,335.2719,339.3687,331.7829,334.7073,872603538
2023-09-06,334.7257,339.9395,330.7759,335.2927,652540794
2023-09-07,335.9153,340.611,332.7658,337.6688,430210385
2023-09-08,339.7947,345.5213,337.0297,341.9414,488582236
2023-09-11,344.6787,349.249,341.5667,345.2411,395144368
2023-09-12,348.2318,349.7425,333.728,337.4615,748920414
2023-09-13,337.0514,342.0404,331.3311,337.5533,513410350
2023-09-14,339.0778,343.2867,336.3708,340.0952,333235050
2023-09-15,341.1996,346.2643,337.245,341.6586,350168355
2023-09-18,342.4104,346.4419,337.8284,341.6704,329163667
2023-09-20,340.1482,345.1683,336.3985,339.8663,437316694
2023-09-21,338.951,343.3086,333.9341,336.6808,361079969
2023-09-22,337.1212,342.5224,333.8865,337.8524,658553748
2023-09-25,339.4004,344.6756,335.1511,340.3138,392059366
2023-09-26,340.6265,343.7049,336.8785,339.7115,375855241
2023-09-27,340.0312,344.2806,336.9574,341.5892,537222858
2023-09-28,341.7754,344.678,336.1903,338.4909,334045575
2023-09-29,339.6309,344.7394,337.0586,341.9341,346188066
2023-10-03,341.6645,346.1696,338.4211,343.1961,289292717
2023-10-04,342.7792,344.1447,334.5614,337.3881,421659327
2023-10-05,339.0824,341.8106,334.913,337.5406,305940305
2023-10-06,339.2392,347.0805,337.1133,344.4237,386448133
2023-10-09,341.5318,343.7002,336.3026,338.5543,265722755
2023-10-10,340.0855,345.8772,338.1034,342.8947,280087087
2023-10-11,345.0337,348.5076,342.0565,344.2378,233581643
2023-10-12,345.3959,348.1317,341.5642,343.8108,305868454
2023-10-13,343.6258,348.2221,341.287,344.5391,334993200
2023-10-16,345.1721,348.3653,342.2529,345.4006,240451625
2023-10-17,347.6289,352.8791,345.0784,348.9158,381457203
2023-10-18,349.2029,351.0951,341.9205,343.9098,343454779
2023-10-19,342.8256,347.4499,338.9553,343.8725,331986032
2023-10-20,343.3934,347.325,339.9149,343.1922,273915428
2023-10-23,344.2628,347.5457,334.4854,336.0559,359181963
2023-10-25,336.6792,340.8686,329.4719,333.0218,342424230
2023-10-26,330.5435,333.5796,321.9827,328.3302,396255846
2023-10-27,331.0933,337.729,328.6225,333.7057,311459078
2023-10-30,334.2192,336.5579,327.1831,332.5971,248501162
2023-10-31,334.0498,338.4794,329.8405,334.1033,252872583
2023-11-01,334.9284,338.0643,330.2981,332.5053,248463335
2023-11-02,335.0183,339.7298,331.827,335.4461,261323222
2023-11-03,337.6196,341.0652,332.6778,335.6114,306977315
2023-11-06,337.7482,341.0997,334.4165,337.8611,264837656
2023-11-07,339.5142,342.2199,334.2376,338.5415,254963341
2023-11-08,339.6573,342.4635,335.9961,338.991,269637072
2023-11-09,339.5318,342.6722,336.0667,339.0917,262731112
2023-11-10,338.4779,343.1311,335.888,341.0057,210259747
2023-11-13,342.0852,345.7542,337.5542,342.0907,350730003
2023-11-15,345.5298,349.7654,340.2311,344.6476,378293701
2023-11-16,342.8878,350.3123,339.6825,347.0266,349619985
2023-11-17,344.1134,352.3671,341.125,347.982,489511672
2023-11-20,347.9486,351.5722,342.9249,346.3692,352171967
2023-11-21,347.7711,352.4627,344.1198,348.0096,392758684
2023-11-22,348.2847,352.0658,344.517,348.036,257549215
2023-11-23,348.3981,352.134,344.9152,347.8485,181463475
2023-11-24,348.8782,356.7689,345.273,352.224,388775313
2023-11-28,353.2448,359.3034,349.6054,354.4447,331411719
2023-11-29,356.2642,360.7301,353.1034,356.5913,917629966
2023-11-30,356.8606,364.6767,353.7652,360.9764,914092908
2023-12-01,364.0177,368.9178,357.9127,361.9484,524504189
2023-12-04,367.7392,375.3812,363.1489,370.6677,591480342
2023-12-05,371.8182,375.6899,365.0877,369.7943,459572121
2023-12-06,371.4067,377.34,367.9125,373.373,375511594
2023-12-07,373.8571,382.1031,369.3663,376.7996,380721456
2023-12-08,377.5897,381.7094,370.6911,374.9395,580025396
2023-12-11,375.8467,380.6053,372.3529,376.3014,656547727
2023-12-12,377.826,384.8452,374.0779,379.9003,809993505
2023-12-13,380.9586,387.4482,375.9226,383.6542,696675247
2023-12-14,387.3389,395.549,382.7642,390.4486,1325985311
2023-12-15,392.9003,396.6149,384.5612,387.9326,901777171
2023-12-18,389.0097,393.6351,384.356,389.1641,707278452
2023-12-19,390.0184,393.3802,384.3468,388.788,712719668
2023-12-20,391.0891,396.1552,373.7272,376.1399,787950950
2023-12-21,371.7126,380.8709,367.0356,378.2828,632257467
2023-12-22,383.0927,387.4154,376.2391,380.1875,437205264
2023-12-26,380.8889,384.1551,374.5578,377.7721,382660269
2023-12-27,379.8756,386.4312,376.2401,381.8886,407220122
2023-12-28,383.416,388.2017,378.3385,383.0919,610300811
2023-12-29,384.1703,389.2836,380.6869,385.1724,482633173
2024-01-01,386.4325,392.7662,383.3964,388.2798,390249009
2024-01-02,388.5169,391.6053,382.132,387.0481,309592428
2024-01-03,387.2711,393.4116,383.8894,387.5867,370507091
2024-01-04,390.4521,398.4025,388.5365,394.7261,422702144
2024-01-05,396.2206,401.3728,391.5519,395.8589,369008099
2024-01-08,396.7038,401.0765,389.7434,393.4671,354465893
2024-01-09,395.8474,400.0911,390.1784,393.2606,313355764
2024-01-10,393.7922,397.3433,388.4753,392.7561,365243150
2024-01-11,394.4548,402.2715,391.5588,396.4024,543684046
2024-01-12,397.9388,402.2839,393.2949,397.7243,581747415
2024-01-15,399.1537,401.9971,394.39,396.8255,510848602
2024-01-16,397.9461,403.0436,391.5376,395.19,1271205922
2024-01-17,391.1687,400.7618,385.6914,392.7538,812315237
2024-01-18,391.9679,397.8512,381.2715,391.7803,651193154
2024-01-19,395.5055,405.0621,391.7277,400.8012,770051024
2024-01-23,409.053,412.6117,385.2456,389.8379,948682371
2024-01-24,390.6283,402.6096,383.1429,399.5677,742535122
2024-01-25,401.3825,406.1425,395.2456,399.9457,416032655
2024-01-29,402.7908,412.0072,397.994,406.2561,464653657
2024-01-30,406.6213,413.8598,398.6647,403.9103,755847102
2024-01-31,404.8773,414.1905,401.074,409.5452,616435417
2024-02-01,411.8785,416.8815,401.8917,407.6052,874711136
2024-02-02,410.2501,417.1205,405.2171,410.1362,560936096
2024-02-05,412.7061,422.3768,403.0782,410.0448,724738308
2024-02-06,412.9163,420.0225,403.1763,413.9838,536693097
2024-02-07,416.2825,424.0223,410.8649,418.4855,408083144
2024-02-08,421.4157,430.1726,413.1223,419.7362,445022959
2024-02-09,422.8441,427.7545,405.6471,413.6732,449835735
2024-02-12,415.7415,418.6217,394.7895,398.9928,411310630
2024-02-13,398.8646,409.6408,390.7466,404.3886,513854662
2024-02-14,399.9115,414.1529,395.5644,411.7781,508247670
2024-02-15,414.6651,418.9968,407.9937,412.2581,377238492
2024-02-16,414.8532,421.0984,407.6783,413.5959,392836416
2024-02-19,417.5735,424.8292,411.0919,415.8911,319988338
2024-02-20,416.4078,421.1421,410.424,415.0958,279333444
2024-02-21,416.2619,422.0559,408.7519,412.3221,372118047
2024-02-22,413.4211,419.1533,405.8448,415.7144,387930588
2024-02-23,417.0223,425.0245,412.4562,419.3475,556404225
2024-02-26,419.7355,425.8629,413.1796,417.2713,445949672
2024-02-27,417.546,425.0895,409.7543,414.2909,469922705
2024-02-28,415.9517,418.8905,403.2867,405.8149,306628982
2024-02-29,404.9392,413.0138,397.9932,409.4162,507698395
2024-03-01,411.8119,418.6787,408.2944,413.587,243135548
2024-03-04,417.5878,422.7005,410.5808,416.1007,239388265
2024-03-05,415.7389,420.6149,406.9773,410.9437,348323780
2024-03-06,411.0773,415.0981,399.4049,406.4731,489424317
2024-03-07,407.547,415.8214,403.7716,411.3363,341232191
2024-03-11,414.4708,420.8334,405.3556,411.0037,373140297
2024-03-12,411.3276,415.8582,401.1267,405.9261,432719345
2024-03-13,406.9951,410.1313,382.6357,386.4839,498355616
2024-03-14,384.1523,399.7478,378.0598,396.0957,596004106
2024-03-15,395.5432,403.1636,385.6564,393.0518,493937955
2024-03-18,392.2895,398.3042,386.0856,390.8348,290704872
2024-03-19,390.6449,395.2275,382.8452,386.7859,275684587
2024-03-20,387.688,392.4188,380.0142,384.4857,272048509
2024-03-21,388.8249,397.4259,385.9798,392.782,287147312
2024-03-22,393.0521,400.6558,389.3429,396.4464,320854204
2024-03-26,396.0454,404.6153,392.0319,398.2411,364163228
2024-03-27,399.8519,406.7555,393.8923,398.7719,561765535
2024-03-28,400.7301,409.9061,397.8527,403.8617,294073470
2024-04-01,407.2443,418.9577,404.8474,414.1032,284373095
2024-04-02,415.6684,422.3594,410.5003,417.9557,319414611
2024-04-03,417.5039,425.4831,414.2415,421.2618,356123077
2024-04-04,423.9462,428.2758,416.1404,421.4253,365681016
2024-04-05,421.2245,428.5241,416.7488,424.3224,480604993
2024-04-08,427.1581,431.6483,420.8375,424.7317,331117273
2024-04-09,427.2498,431.7594,419.2895,423.2672,297557957
2024-04-10,424.9585,428.2972,419.5387,422.893,195002229
2024-04-12,422.3767,427.3835,417.7558,420.8658,242393985
2024-04-15,412.6192,419.2526,404.3106,412.5623,326821924
2024-04-16,410.3843,418.5837,405.7147,412.8133,260240124
2024-04-18,414.9276,421.6635,408.3189,412.5707,320609657
2024-04-19,409.2875,417.4518,403.3354,413.4895,253793258
2024-04-22,417.0729,423.2652,413.4315,418.8369,277094043
2024-04-23,420.6571,427.8633,416.2662,420.8923,323264466
2024-04-24,422.6281,429.3744,418.0563,422.5637,308904979
2024-04-25,423.1673,428.69,417.2692,423.7656,270727936
2024-04-26,423.4034,430.3382,415.1586,421.254,543821995
2024-04-29,425.0533,429.2056,417.7962,422.7415,428152828
2024-04-30,424.8726,433.0666,419.4968,425.6923,477766664
2024-05-02,427.3648,436.5973,423.2455,431.0445,432749417
2024-05-03,436.4948,442.0513,425.4569,429.3291,442811970
2024-05-06,430.3481,432.2187,414.5022,420.0289,405830141
2024-05-07,420.9498,424.0431,408.7854,413.8442,336392901
2024-05-08,412.7454,421.2383,408.5055,415.6332,325972396
2024-05-09,415.555,418.051,401.0987,404.2902,282292192
2024-05-10,407.1262,413.6828,400.1064,408.4237,276697666
2024-05-13,408.7666,412.5938,399.2326,407.4508,241654235
2024-05-14,408.5454,417.7615,405.3193,413.885,299346453
2024-05-15,415.103,423.5959,410.7411,418.1701,359049043
2024-05-16,421.157,426.6193,415.0863,421.6417,338733734
2024-05-17,422.5273,428.4925,418.2942,424.435,483770671
2024-05-21,427.135,434.8425,421.6178,429.2187,502763429
2024-05-22,431.1947,437.1292,425.0512,430.3181,372519804
2024-05-23,431.8735,440.3296,427.2444,433.7958,532621289
2024-05-24,434.5711,440.823,428.0819,432.8281,358509513
2024-05-27,434.9611,442.1737,428.8813,434.0656,368444877
2024-05-28,436.6279,441.0466,426.7636,431.6672,324113038
2024-05-29,430.2748,435.4554,423.144,426.8746,298211419
2024-05-30,425.5643,429.3557,416.2683,419.5705,278925188
2024-05-31,421.9203,428.784,414.4929,422.389,408670886
2024-06-03,441.9114,448.2584,430.072,439.6227,491557636
2024-06-04,435.5517,436.8611,379.1394,398.8531,919965773
2024-06-05,404.5877,417.04,389.6599,411.7479,553487739
2024-06-06,415.3828,430.1411,412.9329,424.1368,423868469
2024-06-07,425.9379,436.1182,421.3163,431.4201,398989965
2024-06-10,435.6136,442.148,428.3803,433.4025,389727733
2024-06-11,435.1531,441.4344,429.9733,435.764,462347465
2024-06-12,437.2209,444.6652,433.5168,439.8515,373802313
2024-06-13,442.4347,448.8682,437.4806,443.4319,387208211
2024-06-14,445.7199,455.5312,441.5528,450.6038,355061538
2024-06-18,452.2522,458.233,446.333,451.182,335841418
2024-06-19,452.5917,455.34,441.9229,446.337,275298300
2024-06-20,446.5587,451.5269,440.4374,445.9295,336118438
2024-06-21,447.647,454.4119,441.0704,445.7361,492604601
2024-06-24,444.0071,451.2359,438.1772,446.1195,357082320
2024-06-25,447.9918,453.1826,441.1504,446.9609,321310675
2024-06-26,447.694,453.9445,442.4955,446.5555,408727366
2024-06-27,446.7464,454.0812,440.1605,445.2404,416593417
2024-06-28,446.4143,454.0492,441.8484,446.5737,287341111
2024-07-01,448.498,457.2014,444.472,452.0324,312711102
2024-07-02,452.6873,455.768,443.0621,448.1915,369955881
2024-07-03,450.7714,458.3883,447.1413,454.3006,482752711
2024-07-04,456.5115,463.6211,451.0362,456.1972,390438096
2024-07-05,457.1525,464.9549,452.9933,460.2416,546832198
2024-07-08,461.9362,469.2557,454.7241,462.4289,672123083
2024-07-09,465.017,470.9751,456.9361,462.7974,442840099
2024-07-10,464.2127,472.4418,454.8868,466.6119,534314394
2024-07-11,468.4131,474.1656,462.0602,468.7746,543223287
2024-07-12,471.0682,478.4163,463.2737,469.4747,947985385
2024-07-15,471.9196,479.4311,465.1376,472.7283,657044377
2024-07-16,473.775,481.7693,466.3835,472.9272,483357507
2024-07-18,473.4942,479.9162,463.6769,472.1458,499178974
2024-07-19,471.8537,477.364,459.898,466.2473,480099144
2024-07-22,464.2589,474.9693,458.758,468.3557,341051922
2024-07-23,470.6466,475.7178,439.7957,459.1739,683885767
2024-07-24,458.4535,473.642,454.2766,466.6832,545524892
2024-07-25,462.2798,470.6421,456.5196,465.0429,508084449
2024-07-26,466.9289,481.1148,462.8497,474.6812,459283220
2024-07-29,476.4879,485.0065,469.8818,478.1495,393629857
2024-07-30,479.2685,486.8742,473.1257,479.7784,360074088
2024-07-31,480.171,486.1542,475.539,480.9194,318808291
2024-08-01,482.6626,489.9575,474.4022,477.7925,295340629
2024-08-02,473.4663,480.3632,467.8518,474.2677,260526655
2024-08-05,462.0345,468.4596,448.9078,455.2172,420297093
2024-08-06,458.325,466.6216,443.3662,447.2024,299623144
2024-08-07,455.4362,463.2385,448.3904,459.7275,314344904
2024-08-08,460.2477,467.5679,454.3153,458.9227,265511055
2024-08-09,464.7152,468.9967,457.4516,461.8434,264271981
2024-08-12,460.9959,467.6392,452.5064,458.7896,382730602
2024-08-13,460.1147,464.0715,445.3416,448.7562,382974172
2024-08-14,450.7568,454.1242,441.1904,447.9909,254848749
2024-08-16,450.7958,459.816,446.6342,456.2169,231662425
2024-08-19,458.7329,464.3341,454.2889,459.7343,281569321
2024-08-20,461.6681,472.671,457.6945,468.032,429691850
2024-08-21,469.0134,477.3026,465.108,472.1442,366548785
2024-08-22,474.1802,478.216,468.8812,472.8742,320011061
2024-08-23,474.0602,477.8732,467.8794,471.1473,226644800
2024-08-26,473.7218,479.0443,467.1867,472.9057,296458257
2024-08-27,474.0125,485.7335,468.8456,481.1747,297407225
2024-08-28,482.8967,489.5351,477.4542,481.666,385146489
2024-08-29,481.999,489.5472,475.216,482.0531,379837905
2024-08-30,483.9458,490.4087,477.3435,483.0729,328576685
2024-09-02,485.2935,494.65,480.0092,488.9447,288015198
2024-09-03,491.7394,498.526,484.7731,493.2503,380641976
2024-09-04,487.817,496.9313,485.144,491.9465,332573451
2024-09-05,493.5375,499.3557,488.4095,492.9782,355163995
2024-09-06,492.6816,497.7911,482.0472,485.838,291101383
2024-09-09,485.1369,490.3076,475.0605,484.1516,270937960
2024-09-10,485.5818,490.7451,476.615,481.3648,301224891
2024-09-11,482.1084,487.2989,473.6456,478.177,232068814
2024-09-12,481.8149,488.6864,476.3315,485.2318,244876210
2024-09-13,486.9203,494.501,481.5688,487.9504,301022355
2024-09-16,490.2591,493.7957,479.7831,483.1357,812781595
2024-09-17,484.4424,489.1431,477.7749,482.896,503438188
2024-09-18,484.4662,494.5173,479.3,485.4084,546307084
2024-09-19,487.2173,492.2092,472.1456,480.5865,518872522
2024-09-20,482.1717,492.0272,477.1194,487.1623,539529128
2024-09-23,489.9471,497.8446,484.8062,491.9432,401774012
2024-09-24,492.6734,496.6515,484.6878,488.5352,355077341
2024-09-25,488.7355,493.3012,481.6429,487.4795,267332252
2024-09-26,488.9918,497.5044,482.5142,491.3068,350889748
2024-09-27,491.7211,499.2975,485.6968,492.1252,362265855
2024-09-30,491.7398,495.9515,483.1475,487.2037,290405358
2024-10-01,487.1795,493.941,481.5835,485.8433,293512275
2024-10-03,479.6632,485.4942,468.2147,472.8554,344262839
2024-10-04,472.8839,478.225,461.5764,468.3013,323901677
2024-10-07,470.7296,475.0584,452.4578,456.6953,380499739
2024-10-08,455.2907,469.2105,448.9513,464.4429,349344105
2024-10-09,467.5109,477.3738,463.9049,470.4834,291155419
2024-10-10,472.5407,477.358,465.8118,469.5439,189575574
2024-10-11,469.6675,474.5718,463.2614,468.5597,231748539
2024-10-14,470.3879,474.9652,464.4453,469.1576,245216692
2024-10-15,471.2278,476.848,462.9391,468.7503,452880468
2024-10-16,469.3908,476.1313,464.7627,469.317,357689306
2024-10-17,470.3652,473.446,459.5435,462.3349,247584764
2024-10-18,460.8375,468.1036,453.0042,464.0342,327302458
2024-10-21,467.3632,472.907,455.2565,458.1469,286552274
2024-10-22,457.8647,461.5272,441.3067,445.3514,342315165
2024-10-23,444.4528,456.5027,437.4419,448.4435,332066769
2024-10-24,448.5926,455.5545,441.5945,447.5315,236785545
2024-10-25,447.3653,451.23,430.9768,438.2125,312932766
2024-10-28,440.1336,450.1629,433.2656,442.7352,301884311
2024-10-29,443.6371,454.5266,436.8365,451.4642,290416168
2024-10-30,451.1012,460.0838,444.3974,451.8291,401483633
2024-10-31,451.9787,457.4566,443.6838,449.9962,324727671
2024-11-01,453.1443,457.1431,450.2992,454.1033,67643582
2024-11-04,455.7233,457.9618,441.4851,447.0237,206649936
2024-11-05,447.6469,455.3838,439.322,450.1774,220530707
2024-11-06,451.457,459.1806,447.3471,455.0584,213092328
2024-11-07,456.6126,460.6852,447.2135,450.566,203993741
2024-11-08,451.3569,454.7935,441.8625,444.9434,170763700
2024-11-11,444.7187,452.1292,437.7342,443.9498,231231933
2024-11-12,447.0734,452.7158,437.0978,439.277,182935122
2024-11-13,437.0464,439.8255,424.0496,428.4268,243527344
2024-11-14,429.1885,438.5496,424.6943,431.8198,259324053
2024-11-18,433.233,438.2907,426.0218,430.644,209071050
2024-11-19,434.4819,441.0854,428.0933,431.9652,248265748
2024-11-21,431.2674,433.7542,419.7115,424.8683,242897726
2024-11-22,425.411,434.7982,421.7602,430.5732,216790406
2024-11-25,438.7152,446.2338,433.1209,437.3489,339957021
2024-11-26,438.0995,444.1056,433.2581,437.958,195955723
2024-11-27,438.619,444.8364,434.5258,441.1435,197810288
2024-11-28,441.6882,449.9263,434.0567,441.2553,324261856
2024-11-29,443.2707,450.0372,437.0591,444.2063,236193810
2024-12-02,443.8578,450.4179,438.5392,444.6657,195628150
2024-12-03,446.9239,454.0358,442.4866,448.088,280058990
2024-12-04,449.5938,457.7745,446.2455,452.7439,307209707
2024-12-05,454.6961,459.551,447.6497,454.6518,320920844
2024-12-06,455.6581,462.0166,450.9011,456.0089,312311219
2024-12-09,457.0875,465.1441,453.4489,458.5451,275614360
2024-12-10,459.1822,465.8338,452.4337,458.9858,255962746
2024-12-11,460.5093,468.6595,455.8934,462.4728,288864027
2024-12-12,462.8969,466.0479,455.1935,458.5841,280446583
2024-12-13,457.6392,461.0156,447.1729,456.5681,241785412
2024-12-16,457.714,463.3549,453.1653,457.2149,215950306
2024-12-17,457.8673,461.4128,448.9834,451.5927,226976468
2024-12-18,451.3088,454.7041,442.8005,445.806,198705865
2024-12-19,438.4796,446.6687,433.9404,442.4081,223067924
2024-12-20,442.9977,448.9985,431.6393,435.821,344593703
2024-12-23,437.8988,441.8086,429.8272,434.5996,169914139
2024-12-24,435.3718,439.4874,429.3924,433.0137,154335348
2024-12-26,434.0523,439.6839,429.357,434.3255,190988759
2024-12-27,435.4781,440.5807,430.7382,434.0411,170903578
2024-12-30,433.0067,443.9473,425.6227,436.3737,316247299
2024-12-31,434.3819,438.5212,427.4207,433.4296,220120620
2025-01-01,434.6044,441.7676,431.0808,437.3881,196476382
2025-01-02,438.6325,451.5118,436.1787,448.254,252145781
2025-01-03,449.7253,457.7727,445.9788,450.5425,273210719
2025-01-06,451.8015,455.0651,433.7323,437.321,280426153
2025-01-07,439.155,446.0869,434.3,440.3436,189908069
2025-01-08,441.3447,444.9703,432.3945,437.5814,232223208
2025-01-09,437.2349,441.0091,427.0372,431.3614,232086565
2025-01-10,431.4645,435.1017,419.2609,423.2414,248096391
2025-01-13,419.4281,424.2191,407.2118,410.1997,314049245
2025-01-14,412.5444,423.9406,408.6444,421.1261,299578054
2025-01-15,424.3467,429.2869,414.51,421.4519,234363007
2025-01-16,425.5523,435.5522,422.4087,428.6984,251335417
2025-01-17,428.8819,434.7374,422.6936,428.8943,210831691
2025-01-20,430.6132,438.0432,424.4431,432.2844,210038832
2025-01-21,432.9429,436.4777,421.342,424.2615,215808425
2025-01-22,425.3217,428.9909,413.1877,421.3929,227068070
2025-01-23,420.9723,429.3472,416.4579,423.1669,260519896
2025-01-24,423.9494,427.1328,413.2932,416.8664,241024065
2025-01-27,414.8337,417.2899,402.5933,405.8214,256148681
2025-01-28,409.0201,417.5507,398.2352,409.1214,356981735
2025-01-29,409.5613,422.6389,406.3296,419.0494,263346476
2025-01-30,419.9253,428.9259,413.2516,419.4992,280091187
2025-01-31,419.3761,429.1995,414.8011,425.7118,245483154
2025-02-01,427.2176,437.0726,410.5551,422.9163,336019425
2025-02-03,419.3232,428.9625,410.1492,420.8958,294329231
2025-02-04,424.4052,432.2488,418.9909,427.6105,230286770
2025-02-05,429.6409,437.9209,425.6284,430.8205,251349091
2025-02-06,431.7491,436.3547,424.2974,428.5759,174860409
2025-02-07,430.4016,435.0575,422.3357,427.3306,218821666
2025-02-10,428.2014,431.3397,416.9747,420.2555,149862025
2025-02-11,421.2075,423.0243,406.0939,409.5547,200892812
2025-02-12,409.0366,415.8591,396.5933,409.3105,324402805
2025-02-13,410.472,421.6596,408.019,414.6911,210253833
2025-02-14,416.4436,419.3509,402.0221,406.1043,261942801
2025-02-17,403.5716,411.0414,395.8891,406.9565,258111043
2025-02-18,408.1875,411.9503,399.9379,405.8326,188108931
2025-02-19,404.6239,415.0024,400.3361,410.0675,241703303
2025-02-20,408.5335,418.3415,406.0004,414.893,200395596
2025-02-21,415.5293,422.0847,410.1148,414.0468,252691756
2025-02-24,410.8693,415.2395,405.2807,409.5693,178325587
2025-02-25,410.6388,416.6074,404.8322,408.4299,174120286
2025-02-27,411.4134,418.5696,404.9865,409.6344,276506647
2025-02-28,406.5651,410.0862,394.599,400.572,400088009
2025-03-03,401.7454,407.3351,390.2241,399.0964,362835365
2025-03-04,396.1188,405.6646,391.9098,400.4635,297307215
2025-03-05,399.6818,409.9871,395.1256,406.1916,274448192
2025-03-06,410.8684,416.4638,405.63,410.5696,227197908
2025-03-07,410.4622,416.856,406.5384,410.9327,220394067
2025-03-10,412.8287,418.9741,404.0112,405.7701,202188931
2025-03-11,401.7679,409.0842,396.5297,405.5095,188025101
2025-03-12,406.8553,411.6628,399.1609,406.1274,206172186
2025-03-13,407.906,410.9931,400.3144,403.0988,176454801
2025-03-17,403.9119,412.1973,400.2865,408.1154,213977387
2025-03-18,408.1145,408.1239,408.1145,408.1232,592741
2025-03-19,413.9898,457.5419,412.8087,449.5434,292390498
2025-03-20,452.3175,457.8311,444.6194,450.8978,282402950
2025-03-21,454.016,464.967,448.8231,458.8379,579991463
2025-03-24,462.1585,471.3586,457.3039,465.8991,363754283
2025-03-25,470.6591,474.5004,458.6589,462.2535,311489177
2025-03-26,463.7848,468.6171,454.4081,456.8546,346985775
2025-03-27,455.9445,468.2073,451.6633,462.3248,665559871
2025-03-28,463.7785,470.9006,456.4176,460.377,313503730
2025-04-01,457.2171,463.8621,449.2177,454.584,213480747
2025-04-02,456.5557,462.4305,449.0217,457.5537,176249569
2025-04-03,453.9842,464.1814,450.5457,459.4966,206621913
2025-04-04,458.7248,462.4077,446.2721,451.8445,234907429
2025-04-07,420.7718,440.7587,416.0719,435.9171,298485019
2025-04-08,444.2178,453.2708,437.7899,447.6947,245738877
2025-04-09,446.8136,450.4722,436.1245,442.8471,200677789
2025-04-11,450.8817,457.3794,443.1471,449.9237,201499370
2025-04-15,458.2245,467.6825,453.4084,464.231,229994322
2025-04-16,464.8647,472.837,460.222,468.6665,342980344
2025-04-17,469.0602,478.9505,464.2228,474.645,305361842
2025-04-21,476.4203,488.6486,472.4263,484.0713,332392194
2025-04-22,486.0064,492.735,480.1291,485.4917,278720470
2025-04-23,487.9556,493.8849,478.0048,488.0215,360268623
2025-04-24,490.3059,495.4061,482.3729,486.1346,296022416
2025-04-25,489.7747,495.1659,469.2978,474.4942,339122938
2025-04-28,472.5131,481.8055,467.3012,476.0761,271794157
2025-04-29,478.4832,483.9544,471.1383,475.3274,205250575
2025-04-30,473.571,480.0425,463.2467,467.8528,252587470
2025-05-02,467.7475,476.5158,462.4598,467.9104,194343194
2025-05-05,469.2438,478.8361,465.8534,474.9994,176201515
2025-05-06,475.6984,479.1752,461.0635,463.4392,182224595
2025-05-07,457.8644,472.4961,456.2273,469.3036,222903487
2025-05-08,472.7521,477.798,459.3861,460.986,264203998
2025-05-09,449.7798,459.9663,446.6524,455.6343,228909246
2025-05-12,468.6773,479.8703,465.6188,476.8698,261444803
2025-05-13,476.4101,483.5299,471.6152,477.2679,258841763
2025-05-14,478.4225,487.1527,473.8654,482.0205,322294738
2025-05-15,483.2211,491.5261,477.5731,487.4499,235284120
2025-05-16,488.9698,498.6,484.5163,492.9844,433606026
2025-05-19,494.3642,502.999,491.0007,496.7655,306854570
2025-05-20,497.809,500.8382,485.0546,488.0652,238647954
2025-05-21,488.8623,497.5365,484.2182,493.6219,230402322
2025-05-22,492.6274,496.1687,484.4854,490.1859,208403319
2025-05-23,491.2138,500.3476,487.6814,496.8923,313138266
2025-05-26,498.8094,505.3006,495.4556,500.2205,334261175
2025-05-27,500.5251,504.29,493.6577,499.5721,274980308
2025-05-28,503.0088,511.5457,497.6539,505.1675,538478506
2025-05-29,506.2874,510.4327,499.0766,504.3506,335333022
2025-05-30,505.4745,512.7137,499.9891,505.6029,339991007
2025-06-02,505.1388,511.6807,499.5252,506.9334,404507470
2025-06-03,507.8438,512.7169,499.1688,501.6105,322690301
2025-06-04,502.1254,507.7905,496.2323,502.4004,264811402
2025-06-05,503.873,509.0967,498.7981,504.0461,278392246
2025-06-06,505.6773,522.2923,500.2362,516.9791,408010085
2025-06-09,521.0204,532.1097,516.7629,525.9089,533791166
2025-06-10,528.7006,531.6834,518.8849,522.704,393422778
2025-06-11,523.6857,530.4614,517.0366,522.2352,467090831
2025-06-12,523.1373,527.1766,511.7765,513.8826,267774280
2025-06-13,503.3268,513.781,499.9085,510.9352,279829977
2025-06-16,511.6248,519.2419,503.7313,514.9755,242712926
2025-06-17,516.1241,519.7539,507.8062,510.7824,198101100
2025-06-18,510.9917,515.9425,504.5619,507.2001,179350699
2025-06-19,508.2476,512.7574,497.8344,499.9671,201335510
2025-06-20,500.9248,511.9637,497.7427,507.4218,430530900
2025-06-23,503.9715,514.2486,500.6839,509.8636,249677146
2025-06-24,514.451,521.7586,510.2938,515.4871,339333348
2025-06-25,517.7488,523.6366,513.3613,519.0236,370141921
2025-06-26,520.7044,528.3946,516.2566,524.7842,277643052
2025-06-27,526.5958,533.9747,519.235,526.5079,422388131
2025-06-30,528.1191,536.064,523.134,529.8591,313860408
2025-07-01,530.56,534.5665,522.9887,528.2868,216621655
2025-07-02,528.4094,531.5637,518.4038,522.1668,252127804
2025-07-03,522.5451,527.1254,515.6827,519.3693,220388941
2025-07-04,520.682,526.6443,514.8993,519.5695,280157864
2025-07-07,519.6335,524.7769,515.2779,519.9541,214369933
2025-07-08,519.7099,524.8814,515.011,520.9055,227400257
2025-07-09,521.471,527.4595,517.4081,522.4825,390782730
2025-07-10,523.5839,528.5726,518.2489,522.8363,282637985
2025-07-11,522.5371,527.2484,515.8361,518.7841,254220365
2025-07-14,519.4408,524.2907,511.8327,517.9704,241881717
2025-07-15,518.8929,526.2911,515.2134,521.9641,187748219
2025-07-16,521.7986,526.709,516.6057,521.9732,237024409
2025-07-17,523.7336,526.8565,517.7923,521.1606,209495488
2025-07-18,522.1052,526.7267,515.0699,519.3792,223044680
2025-07-21,518.8892,526.0725,514.4546,523.3147,204829396
2025-07-22,524.2667,527.7734,516.3044,520.69,306942177
2025-07-23,522.1194,526.7923,517.1436,523.3603,279472908
2025-07-24,523.857,527.0929,515.5578,519.5915,271027725
2025-07-25,516.0353,519.2429,502.951,508.8318,299140967
2025-07-28,507.6365,515.1493,499.4286,503.0231,228637691
2025-07-29,501.8417,510.3106,496.7655,506.2952,226915158
2025-07-30,507.3053,512.7377,501.6674,506.8424,259268315
2025-07-31,502.0426,510.0102,497.1966,504.2197,281829806
2025-08-01,503.9318,508.4789,494.0311,496.8248,231868799
2025-08-04,496.2625,506.7832,493.3042,503.7448,246792811
2025-08-05,504.0485,509.1702,498.9508,504.0979,210849685
2025-08-06,503.7703,508.2831,496.1005,500.6168,170174606
2025-08-07,498.1264,504.2341,490.5987,500.4797,177731844
2025-08-08,503.015,508.4738,496.337,498.688,147191837
2025-08-11,499.4738,506.1896,494.0668,501.3974,178822190
2025-08-12,501.8283,507.4108,495.3404,498.5191,171487251
2025-08-13,499.5382,505.5344,494.0483,499.5799,271062112
2025-08-14,501.3893,506.6259,496.2645,501.0962,214502032
2025-08-18,508.4903,520.1274,502.9193,511.0804,230644539
2025-08-19,512.0409,516.7005,504.7177,511.9479,169562319
2025-08-20,511.6933,515.1956,505.6766,509.9899,137197114
2025-08-21,513.4665,518.6422,506.8222,510.5272,233598472
2025-08-22,510.3566,514.3637,505.3185,508.2307,157587808
2025-08-25,509.7059,513.4081,504.9859,507.9249,171851906
2025-08-26,507.2969,510.1501,495.9765,499.0838,369958902
2025-08-28,497.9428,502.051,489.2322,492.4136,301233208
2025-08-29,492.1296,496.7783,485.4148,489.0088,285592373
2025-09-01,489.8755,498.3639,487.1367,495.3455,186134298
2025-09-02,497.0302,502.4443,491.5055,495.7252,288897521
2025-09-03,496.2385,502.3922,492.95,499.8426,208634419
2025-09-04,509.475,514.1588,496.1257,500.9822,295582125
2025-09-05,503.1564,507.7251,497.6474,502.7598,223691927
2025-09-08,503.6949,509.6565,499.4192,504.7872,189156272
2025-09-09,505.6791,510.1458,501.794,506.1838,140287798
2025-09-10,507.6595,515.1404,504.9425,511.313,166475228
2025-09-11,511.5224,515.9239,507.2898,511.083,176359405
2025-09-12,512.1914,518.6412,508.905,515.395,162228424
2025-09-15,515.1598,523.0839,511.9591,518.7833,236606062
2025-09-16,519.0388,524.8557,515.4763,520.5084,190046895
2025-09-17,521.4288,525.3017,516.8595,520.3247,194295257
2025-09-18,521.8832,527.3164,517.134,522.1527,296100772
2025-09-19,521.3794,526.488,517.2717,522.2832,304646208
2025-09-22,522.2924,530.2192,518.5757,524.1424,199425618
2025-09-23,524.1294,529.9996,518.5014,524.13,236843811
2025-09-24,524.1913,529.7186,519.5963,522.9467,209094534
2025-09-25,522.2432,526.1169,514.1963,516.6004,190506128
2025-09-26,515.8027,518.8198,504.9534,508.0834,202116862
2025-09-29,509.4821,518.0397,504.4259,512.6629,368349285
2025-09-30,513.5224,520.4041,508.1282,514.5248,356421563
2025-10-01,513.4983,522.8761,508.8169,518.5662,326836950
2025-10-03,518.1481,524.747,512.3721,519.6691,335305978
2025-10-06,520.0123,529.5085,515.7075,524.003,296057487
2025-10-07,524.6844,531.1525,520.3426,524.9379,231119854
2025-10-08,524.7089,528.9396,516.9798,520.788,239461017
2025-10-09,521.2882,525.9889,516.6641,522.777,161349222
2025-10-10,522.8117,528.873,518.8814,523.3805,194667886
2025-10-13,520.9059,529.3059,518.0242,526.3717,259854160
2025-10-14,528.5496,533.0892,520.4684,524.0358,290908654
2025-10-15,524.8216,537.4809,521.8656,533.6133,258236138
2025-10-16,534.2473,539.3031,527.5888,532.8972,291503095
2025-10-17,532.7249,538.5712,526.5111,531.4988,287182316
2025-10-20,533.5805,540.3039,528.5994,535.0495,230437580
2025-10-21,537.481,541.1296,534.2233,537.3553,67548723
2025-10-23,538.9811,544.8916,532.7514,537.1414,244175667
2025-10-24,537.5648,541.7997,530.8958,535.4887,251534414
2025-10-27,536.6054,542.5939,532.1852,536.818,215016526
2025-10-28,536.2766,543.8752,530.7113,536.7899,255853902
2025-10-29,535.6304,542.4967,529.7043,537.8543,289048888
2025-10-30,538.3476,542.1592,530.5521,535.0604,251293217
2025-10-31,534.4985,540.3182,527.647,531.4063,299307512
2025-11-03,531.2059,540.3191,527.8251,535.7312,234297995
2025-11-04,535.6255,542.1751,529.4971,534.3714,191582557
2025-11-06,533.0942,538.2069,524.9558,529.3844,185165145
2025-11-07,528.043,540.8152,521.2529,535.9632,309224749
2025-11-10,536.8483,544.1484,530.8378,536.9275,178692662
2025-11-11,534.4049,537.9087,522.1198,529.913,218419021
2025-11-12,531.971,537.967,527.0248,531.9698,636667328
2025-11-13,532.1073,539.4384,527.4164,532.4937,741368766
2025-11-14,533.5065,540.8712,529.1518,536.5838,422287916
2025-11-17,537.7305,545.9146,534.0696,541.3073,670790108
2025-11-18,541.914,545.238,534.31,538.3416,641816466
2025-11-19,538.9935,542.0519,531.3758,534.9538,344375783
2025-11-20,535.6308,541.5751,530.3971,536.6275,363661620
2025-11-21,535.4854,539.482,527.769,530.6557,361690907
2025-11-24,531.2489,536.5084,522.4983,527.3314,321415167
2025-11-25,527.0118,534.4674,523.1918,529.6452,288523011
2025-11-26,530.9449,540.5229,527.8602,536.8419,288633723
2025-11-27,538.165,544.0786,532.2969,537.836,191275151
2025-11-28,538.3868,542.6761,532.2979,536.9426,208096564
2025-12-01,538.6866,543.0157,531.0214,534.3707,236794414
2025-12-02,532.174,537.6336,527.036,531.4938,428494067
2025-12-03,530.999,533.7326,521.0679,525.6232,225961734
2025-12-04,525.7787,530.9134,520.5108,525.6619,197030016
2025-12-05,525.3794,534.9429,521.2252,530.2795,229760685
2025-12-08,530.5849,534.2949,517.9832,521.5267,286151691
2025-12-09,520.3047,526.6875,512.5271,522.9812,285647548
2025-12-10,523.2469,529.7544,518.3863,521.7921,229162665
2025-12-11,522.2279,527.8318,517.0969,522.9729,159035376
2025-12-12,524.5521,531.0705,521.1021,527.7836,170081797
2025-12-15,527.0495,530.7067,521.0409,526.005,224793259
2025-12-16,526.6199,529.2488,518.9359,521.5715,164055869
2025-12-17,522.4564,526.2679,515.2106,518.0278,181771927
2025-12-18,519.2479,524.4062,513.6166,519.6998,201707138
2025-12-19,520.2811,529.8943,516.0207,525.521,414489627
2025-12-22,527.3565,534.0054,522.7918,528.6417,340157265
2025-12-23,530.1373,537.4385,525.6369,532.3238,345199711
2025-12-24,533.4944,541.7427,529.2794,532.9572,381554130
2025-12-26,532.8111,537.8412,526.7399,531.7481,384597369
2025-12-29,532.4636,536.1927,524.637,528.3152,264506627
2025-12-30,526.4542,533.0907,520.651,528.556,337297849
2025-12-31,529.5924,537.8524,526.0876,533.2394,306714880
2026-01-01,533.8618,538.4789,528.6084,534.0443,165518101
2026-01-02,534.4896,543.8139,530.5012,539.9126,315024174
2026-01-05,539.8691,545.8143,533.9104,538.955,318099607
2026-01-06,539.8165,546.9889,534.4419,539.7921,273409237
2026-01-07,539.2266,544.1623,533.2796,538.925,298664363
2026-01-08,539.7019,543.2812,528.061,531.6055,290170110
2026-01-09,530.2168,534.9521,519.9756,524.6615,254967826
2026-01-12,524.688,530.336,516.0146,524.9152,545925269
2026-01-13,526.349,532.4431,519.1679,525.1589,392878069
2026-01-14,524.0199,531.2481,519.5099,525.4799,351330239
2026-01-16,526.5849,536.3014,521.0362,527.2543,747862561
2026-01-19,526.9103,533.7389,520.2713,525.9658,383570633
2026-01-20,526.6556,529.1012,511.1012,514.1882,340602672
2026-01-21,511.6835,518.4779,503.447,510.9148,362512905
2026-01-22,514.6795,521.0228,507.694,514.9853,289176328
2026-01-23,516.096,519.8944,502.479,505.9244,265737949
2026-01-27,505.5366,511.227,495.6615,505.2221,348216832
2026-01-28,506.3208,517.4805,503.0686,514.1606,290033226
2026-01-29,515.1509,520.9274,506.7977,513.911,291218807
2026-01-30,511.3982,521.2862,504.7029,513.4325,382611300
2026-02-02,497.2904,505.6042,487.14,502.007,350381845
2026-02-03,522.8233,531.5918,512.3654,519.9555,340702862
2026-02-04,521.175,529.2246,514.6074,523.6442,274513853
2026-02-05,523.0069,527.032,514.9417,521.2472,286545434
2026-02-06,522.3691,531.8162,514.7191,526.7101,253454278
2026-02-09,529.3153,537.2592,523.031,531.2037,453348440
2026-02-10,532.4521,538.193,525.4248,531.3782,335616025
2026-02-11,531.8163,537.0839,525.6448,530.8072,349941690
2026-02-12,530.5713,538.3569,524.6382,534.1744,303103834
2026-02-13,530.8984,535.7159,520.697,526.901,296752517
2026-02-16,525.005,533.5468,518.9682,529.3346,265508014
2026-02-17,529.7065,535.061,524.887,530.6884,206016513
2026-02-18,531.5815,538.7744,528.1294,534.2826,219961938
2026-02-19,535.8957,539.0412,524.3614,527.1536,240728743
2026-02-20,527.4802,534.7729,523.0709,529.2175,203724887
2026-02-23,531.7281,538.3931,526.232,531.9017,199091430
2026-02-24,529.5714,532.9301,521.2795,528.8213,230368490
2026-02-25,531.0819,537.4361,524.4102,530.0268,268008738
2026-02-26,530.8943,535.6921,522.5804,528.7521,241418260
2026-02-27,527.7148,530.7331,515.7935,519.0905,438913641
2026-03-02,503.7172,517.9901,500.5222,510.5325,268866269
2026-03-04,503.3914,507.3715,491.1686,496.6357,274929896
2026-03-05,499.3369,506.6818,492.7783,502.5076,208186201
2026-03-06,501.4099,506.6688,493.1955,496.2084,229762058
2026-03-09,483.8116,491.0784,472.4787,486.4178,239269844
2026-03-10,491.7593,501.6076,486.2797,498.4448,260437460
2026-03-11,498.8556,503.8284,485.9368,488.2658,217879741
2026-03-12,484.8287,491.9717,476.1906,484.8035,235970957
2026-03-13,482.211,487.0728,471.2171,475.8087,458548941
2026-03-16,475.5567,484.1545,468.047,478.1606,276243934
2026-03-17,479.2183,485.5842,473.2225,480.7636,224373239
2026-03-18,482.5838,493.8747,479.1837,488.8677,291826578
2026-03-19,479.8047,482.9322,466.4625,471.1144,203433603
2026-03-20,474.4834,480.119,466.5166,470.668,252666961
2026-03-23,465.3112,467.3174,446.9131,452.5944,292807887
2026-03-24,461.5525,468.1789,451.4409,463.2155,310719172
2026-03-25,467.8146,481.2168,465.3942,475.6499,414103950
2026-03-27,472.7765,475.5357,459.2605,463.2629,438300325
2026-03-30,456.7187,460.7484,440.1443,444.5616,389901982
2026-04-01,458.047,465.6595,448.7716,456.3454,320518171
2026-04-02,449.7738,457.4652,439.8562,454.9555,258939472
2026-04-06,455.0902,466.1482,448.5731,463.6375,251319408
2026-04-07,462.0789,468.4754,456.6673,464.319,203710682
2026-04-08,481.6976,496.7553,476.5659,491.9218,409168159
2026-04-09,491.0357,497.838,483.5583,490.591,359667658
2026-04-10,494.4028,505.4888,491.8284,500.5479,429569062
2026-04-13,489.9996,500.1578,483.0533,495.6918,335252060
2026-04-15,505.8719,514.786,500.7529,508.2727,482832878
2026-04-16,512.7067,520.1707,504.7241,510.3397,429056508
2026-04-17,510.5437,518.8592,505.2523,515.0386,470901613
2026-04-20,516.5389,521.4642,507.1585,512.7194,381375494
2026-04-21,513.7451,523.5386,508.5485,517.4287,631800332
2026-04-22,517.117,524.4442,511.6488,517.0147,509241118
2026-04-23,515.2876,521.0934,507.0592,511.3923,396919070
2026-04-24,511.8741,516.5819,501.0063,507.4037,336310955
2026-04-27,509.5305,516.339,503.1521,510.101,336104802
2026-04-28,510.7021,516.8206,504.6413,508.7463,306321454
2026-04-29,510.7918,517.4243,503.6007,508.1628,335230308
2026-04-30,507.2143,512.4473,496.5077,503.7779,354369989
2026-05-04,505.7455,515.9997,501.1665,509.2244,294184205
2026-05-05,508.6139,515.695,502.2704,511.7928,284507264
2026-05-06,515.7281,524.4864,510.9291,520.607,385793639
2026-05-07,523.6028,529.7105,516.5627,522.7537,353472411
2026-05-08,523.1408,527.5363,515.837,520.1634,369764751
2026-05-11,516.4446,520.3048,507.2321,511.1262,364608696
2026-05-12,507.7567,511.5401,492.4761,495.8291,799133314
2026-05-13,495.6828,504.8184,490.7873,497.8219,408239554
2026-05-14,500.1103,507.0355,491.6402,502.6754,364514472
2026-05-15,503.0898,508.2378,495.0989,498.7631,239761680
2026-05-18,494.0467,499.6924,484.5995,494.8781,256839525
2026-05-19,495.3844,502.3695,491.4643,496.9817,233298713
2026-05-20,493.0396,500.1043,488.2715,496.985,257936230
2026-05-21,501.4008,506.1523,492.944,496.2578,361527982
2026-05-22,499.5363,505.5002,494.1597,499.8589,278820668
2026-05-25,504.7489,513.3155,501.6696,509.261,243760070
2026-05-26,509.7549,515.7299,503.9222,508.8351,236981219
2026-05-27,508.1422,513.2265,501.2736,507.365,284625789
2026-05-29,506.9392,513.8326,494.8124,501.2304,434002770
2026-06-01,502.6769,506.3752,489.2451,491.9246,316851821
2026-06-02,487.685,493.9628,481.1124,490.3515,372820343
2026-06-03,490.3555,493.5058,480.0129,488.7295,582968320
2026-06-04,486.3759,493.3428,482.6253,488.7565,450203183
2026-06-05,489.9231,500.8426,486.0793,491.8709,420956188
2026-06-08,486.5636,491.6163,478.9651,481.9482,290479752
2026-06-09,484.4505,493.0026,481.2498,490.2215,298523799
2026-06-10,490.4273,494.5203,480.5375,483.0826,221721088
2026-06-11,479.9782,483.9319,473.0228,477.2939,219856944
2026-06-12,483.646,496.8001,479.678,493.8509,507568421
2026-06-15,502.8124,515.0355,499.8651,508.1723,654632547
2026-06-16,509.917,517.2447,504.9942,511.1561,418624016
2026-06-17,511.3487,517.9792,507.161,513.5163,455669313
2026-06-18,514.6344,523.3503,509.5542,518.0655,630228767
2026-06-19,515.3767,526.796,510.594,521.7838,748943903
2026-06-22,524.4383,531.1185,519.0326,524.8878,406555935
2026-06-23,526.0188,530.8313,516.2915,519.0798,282038224
2026-06-24,517.4148,526.5157,511.7548,521.5597,365985457
2026-06-25,523.2938,529.9257,516.0294,519.7512,328219324
2026-06-29,517.8391,525.9906,511.2253,519.1558,389333371
2026-06-30,520.5104,527.8329,514.6447,522.5743,367274551
2026-07-01,523.0919,532.5656,518.6499,526.6339,373591590
2026-07-02,526.7409,534.0094,522.4094,529.3737,293531957
2026-07-03,533.8991,539.7497,527.5785,532.4941,286343919
2026-07-06,533.2517,538.5455,527.0159,532.0456,259197454
2026-07-07,532.7319,540.2919,526.7003,532.6165,294562277
2026-07-08,528.3029,534.6382,514.4132,518.6255,448036755
2026-07-09,518.5651,529.9485,515.7978,525.8489,317954193
2026-07-10,528.8956,537.9463,525.7468,533.7981,318212770
2026-07-13,529.6967,538.688,524.8793,534.1526,306010254
2026-07-14,531.4961,535.3519,520.8101,525.6911,243851593
2026-07-15,527.9439,537.8488,523.8754,529.9624,380152575
2026-07-16,531.3693,535.1644,520.4628,525.0785,334832093
2026-07-17,527.2332,534.4783,520.7993,527.6409,376686636
2026-07-20,527.9133,532.1247,520.3389,527.2181,226571029
2026-07-21,527.3301,534.068,522.1495,529.2942,347648962
2026-07-22,529.4853,532.6886,519.9155,523.1989,299951122
2026-07-23,521.1802,527.2884,514.2736,519.2076,210633352
2026-07-24,515.5361,522.5439,508.1056,517.0051,256508458
2026-07-27,520.1962,528.5841,516.7535,524.4144,239934607
2026-07-28,524.3251,529.3421,517.7347,523.523,233600105
2026-07-29,527.1367,533.2163,521.1386,527.2336,241988758
2026-07-30,525.6846,530.2749,518.8387,523.8657,193398014
2026-07-31,528.2728,540.8877,524.6348,535.6494,299492755
2026-08-03,540.2114,547.7035,532.8954,540.9145,232630526
2026-08-04,535.0031,539.9827,528.3763,533.0374,233968446
2026-08-05,535.1563,542.4768,530.2917,536.3151,238721713
2026-08-06,535.8152,541.3119,530.6259,534.7768,209270478
2026-08-07,531.2136,534.5625,523.2201,527.05,220388658
2026-08-10,527.0288,533.2137,520.0971,527.6453,187140835
2026-08-11,527.3407,532.2095,521.9185,527.4853,173548695
2026-08-12,527.4251,531.9203,521.1244,528.2958,212891153
2026-08-13,528.0143,532.3906,523.1465,528.0616,232402924
2026-08-14,527.8641,530.4376,520.9053,524.1129,146295065
2026-08-17,523.4279,529.0421,519.0821,525.0035,189252792
2026-08-18,524.6687,528.9209,519.4751,523.6889,226603582
2026-08-19,523.3706,528.2814,518.0484,523.1889,210958763
2026-08-20,526.1706,533.7143,522.693,527.3591,225223693
2026-08-21,528.5665,532.9134,524.3565,528.7759,160679703
2026-08-24,528.6432,533.3122,522.7971,525.9871,167013095
2026-08-25,524.8354,532.2193,521.5263,529.1387,260865274
2026-08-26,530.0293,535.8501,524.9755,528.2745,366800321
2026-08-27,529.0601,533.4497,521.6168,524.8753,185599088
2026-08-28,524.7793,528.5129,518.3901,523.9857,301797467
2026-08-31,521.2994,527.5482,513.2087,521.9121,491139349
2026-09-01,521.0948,523.1937,510.8797,514.5155,188433561
2026-09-02,510.8206,517.196,504.9508,513.6936,594884613
2026-09-03,516.43,521.1498,510.9113,516.1713,273195729
2026-09-04,516.9175,524.4947,513.7144,519.0982,609445111
2026-09-21,508.3172,512.0515,502.5583,506.0801,169693040
2026-09-22,507.1032,510.6707,500.6312,503.4121,166910176
2026-09-23,506.358,511.9538,503.1109,509.0275,171326696
2026-09-24,499.0035,505.8608,489.7625,495.3518,352891021
2026-09-25,495.0058,500.2179,490.3361,496.5347,181530865
2026-09-28,494.975,496.5265,484.597,488.1763,257245901
