,Open,High,Low,Close,Volume
2015-01-01,70.28814281370954,73.14084517800632,70.02346346102782,71.46451568603516,11278.0
2015-01-02,72.17034699191503,85.75742354103708,71.93506970462091,85.66919708251953,420151.0
2015-01-05,89.40417791858765,101.5796109618732,89.40417791858765,92.4333267211914,1027998.0
2015-01-06,92.49215259337366,92.49215259337366,86.63970316759445,88.05135345458984,173832.0
2015-01-07,88.08076713645652,91.9333766245636,87.58080370565466,88.72776794433594,64777.0
2015-01-08,92.93328971738563,94.99193400303764,91.0510916171146,91.5510482788086,65962.0
2015-01-09,91.46282073890822,93.19796799022292,87.63962040719561,88.81598663330078,92590.0
2015-01-12,90.02176629440598,90.58054057523816,88.22780144706545,88.52189636230469,66912.0
2015-01-13,88.63952646975183,89.34534480144313,83.52231159156824,84.2575454711914,36139.0
2015-01-14,83.81641023028952,87.05142732876223,81.22839385901257,82.19889831542969,17968.0
2015-01-15,84.11050268292617,88.7571631032041,84.11050268292617,86.37501525878906,69528.0
2015-01-16,88.1689913569147,96.43299792813008,82.64004551841096,83.52232360839844,475666.0
2015-01-19,85.16923033969006,89.34534279649364,85.1398215236648,86.25736999511719,90363.0
2015-01-20,85.81624627192403,87.93371505822103,82.78709729560418,84.58106231689453,34560.0
2015-01-21,84.75750363243674,86.1691470528206,82.34594696402016,83.1399917602539,37048.0
2015-01-22,84.99278993679808,90.81582387194084,81.28721799170903,85.16924285888672,243618.0
2015-01-23,87.16906688413299,88.81598083949518,85.1398248430436,86.90438079833984,111709.0
2015-01-27,87.46315712322985,87.46315712322985,84.2869576748697,86.051513671875,20745.0
2015-01-28,86.4632486716721,86.4632486716721,84.72810139583771,85.66919708251953,16038.0
2015-01-29,87.43374946821119,88.69834884705011,82.93413296225324,84.05168151855469,17523.0
2015-01-30,84.58104405172485,90.4628945379292,84.11049628207834,84.904541015625,53749.0
2015-02-02,85.28687286376953,86.16915088212318,84.13991547865805,85.28687286376953,32941.0
2015-02-03,82.93412518025552,86.3456016280594,82.93412518025552,83.61053466796875,20158.0
2015-02-04,84.1105133912638,84.69869654015454,81.2284018260791,81.9342269897461,25746.0
2015-02-05,82.34595611217472,84.11051226649813,77.6404707902298,79.28739166259766,26593.0
2015-02-06,79.52265548374552,80.28729821411726,72.34679619294081,76.8464126586914,42348.0
2015-02-09,80.6696264387656,80.6696264387656,73.11144514009125,74.1995849609375,30190.0
2015-02-10,73.5231732176064,79.72852839905012,72.11152294991047,74.52308654785156,37342.0
2015-02-11,75.99355052261666,77.64047140809066,74.9642283348192,76.0523681640625,19674.0
2015-02-12,77.58164036181923,78.11100577461382,72.72911173725034,75.11125946044922,94851.0
2015-02-13,75.28773209401893,77.05228826238464,75.28773209401893,76.0523681640625,14257.0
2015-02-16,78.14042771927373,78.2286541810221,74.69954186110759,75.17008972167969,25989.0
2015-02-18,74.72895502098399,76.93465034900888,72.99380758085455,73.46435546875,77055.0
2015-02-19,74.11135385818145,74.69953696251322,73.0232073742335,74.4936752319336,34938.0
2015-02-20,73.69962479114585,74.55249400763589,70.8763377697461,71.9644775390625,55603.0
2015-02-23,72.93498720864439,73.75844766447756,71.1704310122155,71.40570831298828,110170.0
2015-02-24,71.75861546695418,73.22907660892655,69.99405940408849,70.46460723876953,28050.0
2015-02-25,70.90573754073549,72.81733746350386,69.52350302552259,69.93522644042969,32946.0
2015-02-26,70.87633912982446,71.17042732650081,69.11178302477694,69.87641906738281,14811.0
2015-02-27,71.46453163009917,75.87592247146333,69.4058803270465,73.67022705078125,120885.0
2015-03-02,72.28796818185234,75.2877143055645,70.87632492694249,71.552734375,117973.0
2015-03-03,71.5821527824825,72.0232917794678,69.52350861738235,70.1705093383789,56368.0
2015-03-04,71.19984314320547,75.14068594717402,65.05330499116677,66.61199951171875,107052.0
2015-03-05,68.67063988796905,74.6701262472598,65.78852861432922,66.84725952148438,91977.0
2015-03-09,66.43553530417418,67.64131028695202,63.81811015314945,64.99447631835938,63222.0
2015-03-10,65.9355715166523,66.49435250932285,63.17110229566453,63.494606018066406,36250.0
2015-03-11,64.1416067692526,64.34747522226432,58.96558086402011,61.34772872924805,82884.0
2015-03-12,62.84759454249029,63.524010761289375,61.28890712769747,63.05346298217773,76833.0
2015-03-13,63.52401710837088,70.7292853236732,61.759461077582806,67.8177719116211,1508737.0
2015-03-16,68.90590840281008,68.90590840281008,64.11219718132558,66.4649429321289,148548.0
2015-03-17,66.52377289165976,68.22951152109309,64.81803426222643,66.17086029052734,51040.0
2015-03-18,66.49434886094006,68.81767896253957,66.17084515628805,66.70021057128906,49323.0
2015-03-19,66.75903820096151,68.22950613437857,64.70039386417359,65.14153289794922,65139.0
2015-03-20,63.75928591873709,66.46494425931265,63.58283301296444,64.90625,99208.0
2015-03-23,65.22975768530819,66.3473062855426,61.84768960269615,62.230010986328125,48082.0
2015-03-24,61.96533054145544,63.524025037798594,60.58309570896603,61.02423477172852,71472.0
2015-03-25,61.73005232389689,64.64156573900266,60.87718312603834,61.553592681884766,49237.0
2015-03-26,61.17126961981735,61.78886145371189,58.23034105991148,59.61257553100586,63243.0
2015-03-27,63.52401251068534,63.52401251068534,58.2891624340645,58.99498748779297,142611.0
2015-03-30,61.14187282683215,62.1123773557308,59.14203939739927,61.11245727539063,26724.0
2015-03-31,61.171279426138135,62.64174057619648,59.81845355258511,60.90659332275391,29986.0
2015-04-01,62.8476051348115,73.08203620070283,61.64183003394295,72.61148834228516,370492.0
2015-04-06,73.81725955415651,77.0522834829971,70.6410599943606,75.81709289550781,338722.0
2015-04-07,78.02278958160089,78.02278958160089,73.4055308753551,74.17017364501953,56418.0
2015-04-08,75.28771709927253,78.66977792755051,74.19957075550329,75.3465347290039,85623.0
2015-04-09,76.2288216583869,76.28763929507876,70.81751157652437,73.25848388671875,42783.0
2015-04-10,73.75844613996341,76.02295898107553,73.75844613996341,75.17008972167969,48924.0
2015-04-13,76.40526990963686,84.11050100888917,75.87590448044125,78.37569427490234,215008.0
2015-04-15,79.05210811209562,81.64012449781485,76.46409172637638,77.72869110107422,67198.0
2015-04-16,77.05228030506959,79.99320246113352,74.22898668850208,75.61122131347656,63130.0
2015-04-17,74.43485631654839,76.17000351234338,71.72920465933343,72.9937973022461,17542.0
2015-04-20,75.43476942494233,75.8170907912623,70.64105803377194,71.93506622314453,59622.0
2015-04-21,74.40545554741671,74.40545554741671,71.22924899372443,72.2879867553711,38274.0
2015-04-22,71.34688410986783,74.31721516446983,71.34688410986783,73.61139678955078,56836.0
2015-04-23,74.69954383459147,75.55241311651922,73.3467178583005,73.87608337402344,33882.0
2015-04-24,73.52318423467338,73.52318423467338,68.87651599159776,70.25875091552734,19021.0
2015-04-27,70.02346867878661,70.02346867878661,65.05329746645295,67.22958374023438,25995.0
2015-04-28,67.08253706924268,77.05228119909327,65.2885722446047,72.0232925415039,126202.0
2015-04-29,71.17042810109763,76.25823473394084,71.17042810109763,71.64097595214844,61192.0
2015-04-30,71.19983402362924,73.40552908918463,68.935321320492,69.58232879638672,28569.0
2015-05-04,70.58224304573862,73.52317208306015,70.58224304573862,72.4056167602539,22171.0
2015-05-05,72.25857506444758,72.34680152493581,70.58224539018128,71.37629699707031,17479.0
2015-05-06,71.40570248641289,71.67038185553125,68.28832057584441,69.58232879638672,41455.0
2015-05-07,68.87651024885768,71.11161434627485,65.87676332748923,66.93550109863281,41925.0
2015-05-08,68.2000983012404,69.84701244825632,67.2884046690786,67.87659454345703,14499.0
2015-05-11,68.64124310444085,71.17043554412494,68.64124310444085,70.67047882080078,25224.0
2015-05-12,68.37654336982193,70.0234640588899,67.08253521858948,68.58240509033203,7864.0
2015-05-13,68.25890196224375,71.08218854852835,68.25890196224375,70.082275390625,28021.0
2015-05-14,71.17043063493954,71.72921169709488,68.55300517536187,69.99406433105469,30355.0
2015-05-15,69.758784543987,70.58224496609105,68.582411550803,69.96465301513672,7684.0
2015-05-18,70.5822474829971,70.5822474829971,68.81769129592219,69.99406433105469,6066.0
2015-05-19,69.99406068179148,69.99406068179148,68.52359278172936,68.994140625,13932.0
2015-05-20,68.90591715831712,70.5822468676739,68.87650833753877,69.8176040649414,23472.0
2015-05-21,70.46459656335072,70.46459656335072,68.64122313879771,69.55290985107422,14743.0
2015-05-22,69.4058718326161,72.22916566430143,69.4058718326161,70.0528793334961,13611.0
2015-05-25,68.46477645576984,73.05262642970516,68.46477645576984,70.40579223632812,11487.0
2015-05-26,70.99397194510084,73.87607656000809,69.55291963764721,70.37637329101562,31111.0
2015-05-27,70.02346299380588,71.14101149349881,69.40586437917591,70.58223724365234,5983.0
2015-05-28,72.11153134464666,72.93499185291522,70.2881573897298,70.67047882080078,23907.0
2015-05-29,71.17043525521395,71.46453021590118,68.81769576346039,69.25883483886719,12624.0
2015-06-01,69.69996741012531,72.93498475081236,68.70005406084437,72.43502807617188,20793.0
2015-06-02,73.93489896359566,75.25831596128833,69.84700596780834,70.52342224121094,141349.0
2015-06-03,71.17042321062769,71.17042321062769,62.93583301745398,66.759033203125,44449.0
2015-06-04,66.52375969036741,69.3470464766642,64.40629123502148,65.84734344482422,19405.0
2015-06-05,65.72971067189185,66.64139748525778,65.02388558291639,65.87675476074219,4566.0
2015-06-08,66.347300343401,66.347300343401,61.81827524676512,62.90642166137695,14445.0
2015-06-09,65.28857547110337,65.28857547110337,60.90659405604977,62.14178466796875,31588.0
2015-06-10,62.64173800703408,64.7003889176809,59.46553855292681,60.87718200683594,31014.0
2015-06-11,60.87718889985759,62.14178840735433,57.20103239361543,58.05390167236328,34296.0
2015-06-12,58.52444802956569,58.52444802956569,57.08338890060141,57.64216995239258,10849.0
2015-06-15,59.818457750432,59.818457750432,57.93625953802454,58.67149353027344,9949.0
2015-06-16,60.87717890744658,60.87717890744658,58.81852810161015,59.436126708984375,16768.0
2015-06-17,59.994913836883846,62.877018852774405,59.23027098317899,59.93609619140625,35242.0
2015-06-18,61.112455596559634,63.17110660982705,60.877185041470376,61.700645446777344,30226.0
2015-06-19,61.58301016923272,63.52401917370822,60.93600268024269,61.700645446777344,12096.0
2015-06-22,62.053559854691294,63.99456891684736,59.87727349920699,62.46529006958008,27139.0
2015-06-23,62.93582772021142,64.70038357469168,62.93582772021142,63.05346298217773,32349.0
2015-06-24,63.08286996189374,63.524008912676216,61.75945310954632,62.81818389892578,19123.0
2015-06-25,63.49461127570885,63.49461127570885,61.75946398175727,61.935916900634766,19911.0
2015-06-26,62.93583651342567,63.4652019974819,58.96558528613299,60.52427291870117,21057.0
2015-06-29,59.40672440183197,59.40672440183197,56.78929906591909,57.31866455078125,38895.0
2015-06-30,61.05363606224408,61.05363606224408,57.20102699229188,57.73039245605469,24472.0
2015-07-01,58.81853445923619,60.23017799385837,57.43629974421568,57.936256408691406,47673.0
2015-07-02,59.08321393669738,59.40671764726015,57.78920582569291,58.99498748779297,14656.0
2015-07-03,59.40672769134795,62.9358400941756,58.93617981972079,61.612422943115234,50376.0
2015-07-06,60.20077518670744,64.11220916560347,60.05373107401331,63.14170455932617,39096.0
2015-07-07,75.75828136993205,75.75828136993205,69.58233466545384,72.37621307373047,1312806.0
2015-07-08,71.52335054327102,74.1407762708978,69.4646992037757,70.25875091552734,267163.0
2015-07-09,70.5822421692747,75.87591033197032,69.69996414215878,71.25865173339844,489195.0
2015-07-10,72.78795569695104,73.75846042666062,67.9942429697126,68.64125061035156,262257.0
2015-07-13,69.34704787223913,69.34704787223913,66.75903156709452,67.34722137451172,82101.0
2015-07-14,67.52368396712504,69.28824018008345,66.17085798594012,67.11195373535156,61614.0
2015-07-15,68.11186436218075,68.17068200272486,65.87676036526753,66.1120376586914,54679.0
2015-07-16,67.0237147787151,69.99405231190045,66.17084565266434,67.58248901367188,87855.0
2015-07-17,67.64131861332713,67.93541355645496,65.58267420517544,66.4061279296875,45465.0
2015-07-20,67.05312264058495,70.87632924541973,66.17084471110357,70.19991302490234,176676.0
2015-07-21,70.78810244983882,71.11160618148196,67.11194632263397,67.55308532714844,58510.0
2015-07-22,67.34721887474835,68.22949682187935,67.05312398195584,67.31781005859375,20779.0
2015-07-23,68.14126806483786,68.81768434278908,66.55317169567553,67.2001724243164,18451.0
2015-07-24,67.05313041577969,67.90599962858987,66.02380828911109,66.34730529785156,19818.0
2015-07-27,65.96498364543733,66.5237646661584,64.78861742878142,65.37680053710938,15838.0
2015-07-28,65.87674373663141,66.90607238007205,64.40628290046081,64.52391815185547,12520.0
2015-07-29,64.75921233120798,65.70030805111006,61.75946551699036,62.87701416015625,34038.0
2015-07-30,64.05337578257517,64.99447133508593,62.99464496881215,63.31814193725586,22380.0
2015-07-31,63.37697983572201,69.37646694721113,63.37697983572201,66.93550109863281,93075.0
2015-08-03,67.58249220033727,70.55282987358066,67.58249220033727,68.93531799316406,152055.0
2015-08-04,69.67055225507534,69.99405597910345,68.28831763763304,69.2882308959961,31135.0
2015-08-05,69.28822954597159,73.52316649960774,68.81768174348387,72.08210754394531,137530.0
2015-08-06,71.75861469242199,72.75852798892066,69.55291963764721,70.37637329101562,34473.0
2015-08-07,70.37636316011682,71.99387487785481,69.52350081087343,70.34695434570312,28576.0
2015-08-10,70.58224462971378,70.9939748388036,69.40587164213609,69.61174011230469,27705.0
2015-08-11,69.87641378758485,69.99405578861382,67.93540491119238,68.22949981689453,25852.0
2015-08-12,67.84718213252815,68.8176866232736,65.75912232460051,66.25907897949219,39376.0
2015-08-13,67.52368279283769,67.52368279283769,64.70039559370242,65.08271026611328,19179.0
2015-08-14,66.37671893530164,66.7590403409959,64.11220605349499,65.9649887084961,28450.0
2015-08-17,66.90607238007205,66.90607238007205,64.1710056664257,64.52391815185547,20701.0
2015-08-18,64.9062550838863,66.02381043505473,64.14161230315248,64.34748077392578,10413.0
2015-08-19,64.11220553792819,65.52384913366056,62.99465688219127,64.64157104492188,17020.0
2015-08-20,64.11220547227188,64.99448356010704,63.25933620528139,63.58283996582031,26925.0
2015-08-21,62.93583611476365,64.61215901511527,60.583090174143415,62.230010986328125,50094.0
2015-08-24,61.17127865416978,61.17127865416978,55.99524577828879,56.46579360961914,78700.0
2015-08-25,56.465797343962926,57.64217036571135,49.466390317367846,53.436641693115234,129073.0
2015-08-26,54.11305405614024,55.26001487863645,52.936684413275366,54.96592330932617,10662.0
2015-08-27,56.46579224057533,58.524443159761965,55.55410541877418,57.11279296875,51480.0
2015-08-28,58.200944272936205,60.583092388804594,57.17162209331676,57.64216995239258,19599.0
2015-08-31,57.20102802323343,58.73030680513804,55.93642861235703,57.877437591552734,28525.0
2015-09-01,57.34807159869289,57.96566352341073,56.17169865548348,56.20111083984375,38673.0
2015-09-02,56.612839362281456,58.259760185819815,56.46579526419672,56.78929901123047,25584.0
2015-09-03,57.1716234558332,60.2595967995318,57.14220790339536,58.67149353027344,42664.0
2015-09-04,58.99498929068622,58.99498929068622,56.554017075588256,57.70098114013672,27664.0
2015-09-07,57.05397493625168,57.05397493625168,55.34823994229306,55.61292266845703,28371.0
2015-09-08,57.17162409070202,58.11271984173241,55.52470316077496,56.87752914428711,26094.0
2015-09-09,58.73030283065298,58.73030283065298,57.112790969954446,57.34806823730469,19281.0
2015-09-10,56.84811395763344,58.171530971449286,54.78946302572646,57.46570587158203,12003.0
2015-09-11,57.75980357670761,58.14212496334344,57.053978442726496,57.31866455078125,13960.0
2015-09-14,59.93608608244092,60.43604271592466,56.52460937014381,58.37739181518555,10165.0
2015-09-15,58.52444548026967,58.84794249156025,57.2010284221574,58.75971603393555,261306.0
2015-09-16,60.08829690851366,62.68507241122361,59.39380585623583,60.39024353027344,25884.0
2015-09-18,61.567866682644,61.567866682644,59.786353663250495,59.96752166748047,6528.0
2015-09-21,59.51458990752242,62.08117789215987,57.974641263409424,60.54122924804688,8892.0
2015-09-22,60.45064081692881,61.47728019948218,57.97464363679487,58.33698654174805,7824.0
2015-09-23,57.974644768647686,59.78635241766793,57.37074106712157,58.39737701416016,19378.0
2015-09-24,58.88049899612858,59.152257909787984,56.46488762905008,57.40093612670898,18390.0
2015-09-28,57.73308217940927,59.24283965838114,56.313908697841335,56.73664093017578,26155.0
2015-09-29,58.30678984261729,61.598056716360574,56.61586095253729,59.363616943359375,39088.0
2015-09-30,61.56786148098714,63.40976367950799,59.39381105832371,60.631813049316406,46936.0
2015-10-01,62.80587029520849,63.1682063124201,59.36362284276604,60.20908737182617,36376.0
2015-10-05,61.53767143713314,61.96040368748125,60.36005868735277,60.87337493896485,30064.0
2015-10-06,60.99415613291726,61.59805634237252,60.39024901234622,60.54122924804688,12111.0
2015-10-07,60.39024887423543,61.47727754210783,58.457762679505535,60.26947021484375,10554.0
2015-10-08,62.201961552993744,62.201961552993744,60.42044853519185,60.963966369628906,20632.0
2015-10-09,62.17175973405675,62.77566683371599,60.54122715165414,60.93375778198242,24607.0
2015-10-12,62.443521758763,62.62468975109792,60.5110355293936,60.69220352172852,21232.0
2015-10-13,61.90001417208086,61.90001417208086,58.45776684519786,59.7259635925293,12997.0
2015-10-14,60.26947918472264,61.35650110326023,59.2428466048686,60.23928451538086,9066.0
2015-10-15,61.41689156164538,72.16635178936512,60.20908416851622,71.62284088134766,403948.0
2015-10-16,72.4380985737011,73.55531486922253,69.20722142178305,69.84131622314453,92485.0
2015-10-19,71.16990734897759,71.20010201266187,68.90527301707921,69.44878387451172,21592.0
2015-10-20,69.41860177685639,73.61572298876582,67.7276726599859,70.1432876586914,82165.0
2015-10-21,71.68323249126465,73.07220792747997,71.23030556834408,71.74362182617188,44772.0
2015-10-23,74.28001284642258,74.28001284642258,72.16635164058323,72.34752655029297,30178.0
2015-10-26,72.37772547166705,72.89104174230856,67.60689187262363,69.02606201171875,31012.0
2015-10-27,70.05268638635924,70.05268638635924,67.69746130641244,68.12019348144531,9252.0
2015-10-28,67.69747627717229,69.75074828298469,67.69747627717229,68.84489440917969,18012.0
2015-10-29,67.63707173789739,71.20009709549952,67.63707173789739,69.66014862060547,19947.0
2015-10-30,70.38483796299444,71.86440424763897,67.99942478345001,68.87508392333984,21567.0
2015-11-02,68.54293418114216,69.38839863635808,66.9727908436811,67.39552307128906,12261.0
2015-11-03,68.02961750408868,68.24098707204297,67.48610661824544,67.93903350830078,19920.0
2015-11-04,68.84490129886288,68.84490129886288,66.18772874830165,66.5500717163086,31180.0
2015-11-05,66.4292831014257,67.00298868353258,65.70459727373134,65.79518127441406,6790.0
2015-11-06,65.22148187236357,66.73123609348117,63.71172765124598,64.04386901855469,15321.0
2015-11-09,63.40976885722535,65.82537679569991,54.864546704031376,64.4364013671875,16326.0
2015-11-10,65.704599342934,65.704599342934,62.50391617353284,63.25879669189453,8038.0
2015-11-13,66.9727846567767,70.65658879197001,64.70815040062381,69.69034576416016,28734.0
2015-11-16,67.99942258597252,69.72054614400605,67.99942258597252,68.39196014404297,22977.0
2015-11-17,71.80401585673917,71.80401585673917,68.27119115582096,68.60333251953125,9459.0
2015-11-18,69.11663944436687,69.41858606753743,65.91594994983733,66.39907836914062,5998.0
2015-11-19,68.66371732898483,68.66371732898483,66.24810271050882,66.64064025878906,11973.0
2015-11-20,67.60689533309863,68.27119188989562,66.73123608803154,67.96923828125,18613.0
2015-11-23,68.24099423561282,69.72055372214548,67.69747638159815,69.11665344238281,8641.0
2015-11-24,68.84489666506764,71.26050477066265,68.27119103582322,69.59977722167969,7350.0
2015-11-26,71.13971511543082,71.13971511543082,68.24098583602631,70.20366668701172,24394.0
2015-11-27,71.26049357876485,71.26049357876485,69.56957162597641,70.29425048828125,16902.0
2015-11-30,71.56244659423828,72.43810568419153,69.56957109909817,71.56244659423828,37005.0
2015-12-01,71.29068283385077,73.67610262553663,70.05268785561049,70.41502380371094,39910.0
2015-12-02,70.8075722070753,75.00470002874472,69.44879145953365,73.55532836914062,78652.0
2015-12-03,74.76313630824079,74.88391497701954,72.31733370988945,73.64591979980469,36391.0
2015-12-04,74.2196149171888,74.34039356892887,71.2604895717497,72.70985412597656,14988.0
2015-12-07,74.12904702016299,74.1592416896526,71.56245864684479,72.1663589477539,12069.0
2015-12-08,71.260504348179,73.01182280602112,68.9052855952977,69.78094482421875,13474.0
2015-12-09,72.43810232347475,72.43810232347475,67.09356403849891,67.24453735351562,8959.0
2015-12-10,67.48610934962858,69.23742765020624,66.94259844178768,67.51630401611328,14785.0
2015-12-11,69.11665172538554,69.11665172538554,66.73123151179261,67.45591735839844,7056.0
2015-12-14,67.90883975489184,68.72410955016176,66.1877161673478,66.85201263427734,29677.0
2015-12-15,68.18058917754273,68.18058917754273,65.28185991590698,65.82537078857422,12081.0
2015-12-16,67.03318298999156,68.8448906383697,65.82537558736739,66.6104507446289,22272.0
2015-12-17,69.08642911585412,69.08642911585412,66.85199674309294,68.30136108398438,6312.0
2015-12-18,68.18058892722556,68.21079050276101,65.58381323154568,66.2782974243164,30676.0
2015-12-21,68.1201991562996,68.1201991562996,66.45947189064219,66.82180786132812,13731.0
2015-12-22,67.63708826118302,68.51274748370172,66.48967701788617,66.67084503173828,12003.0
2015-12-23,67.90884959319034,68.48255523511534,67.03319033972309,67.06338500976562,10296.0
2015-12-24,66.48966763805102,71.26049377429374,66.48966763805102,70.20366668701172,48313.0
2015-12-28,70.05268791644133,79.59434635812474,69.87151303111857,76.87678527832031,172230.0
2015-12-29,79.71512843620118,82.61385761488957,79.23200690641978,80.47000885009766,617097.0
2015-12-30,80.31903594598536,86.62981798348785,77.66186383428787,84.39537811279297,533122.0
2015-12-31,84.546349383562,85.27102821186297,80.922934508711,81.73819732666016,106080.0
2016-01-01,82.8554221711323,85.08986184709525,80.3190289461639,83.5801010131836,126928.0
2016-01-04,82.79503511210963,83.942446189761,79.23200939845883,80.13786315917969,89035.0
2016-01-05,80.13785822732594,81.82878698623907,79.11122587132095,79.71512603759766,46182.0
2016-01-06,79.71513870631284,81.82879999086751,78.20538459512602,79.4131851196289,52776.0
2016-01-07,78.50733315406548,80.31904089539866,73.13259926662818,76.9673843383789,93666.0
2016-01-08,76.9975803546506,81.22489618806311,76.21250514336423,79.08104705810547,41760.0
2016-01-11,77.42030582212631,79.65474567317257,76.69562001217548,77.45050048828125,22018.0
2016-01-12,78.44694810978996,78.44694810978996,74.09885343935085,74.37060546875,30015.0
2016-01-13,76.03132416607001,76.09171349339222,65.43283135424964,74.46117401123047,119049.0
2016-01-14,73.07221160447465,73.07221160447465,68.60333148530205,70.32445526123047,58119.0
2016-01-15,70.47543487894796,71.89460504117679,67.63708764337368,68.21080017089844,22186.0
2016-01-18,68.69391946671821,69.75074665782832,62.80586942417426,67.45591735839844,65919.0
2016-01-19,67.69747209008416,68.24098990964386,65.25166954653018,67.15396118164062,25393.0
2016-01-20,65.82537158085515,65.82537158085515,61.326297400481295,62.50391006469727,68971.0
2016-01-21,63.13801347815797,65.16109085526553,62.20196491760749,63.017234802246094,22747.0
2016-01-22,64.91951973267103,66.12732709751825,63.04742280938324,65.40264129638672,26059.0
2016-01-25,64.79874947027062,66.36889302812682,63.6211366185408,64.40621185302734,19989.0
2016-01-27,65.16107929735989,66.30849033723486,64.01366134636945,64.5269775390625,9606.0
2016-01-28,65.76497689943386,66.97278413025843,64.37600169398745,65.22146606445312,242872.0
2016-01-29,64.70815952248421,66.18771893544573,64.31562194126661,65.4328384399414,6744.0
2016-02-01,65.76497944026897,66.12732231462701,64.6477630647068,64.88932037353516,6445.0
2016-02-02,64.22503271490888,65.19127580031251,62.80586275127756,63.5909309387207,4429.0
2016-02-03,63.34937622407833,63.4097655555062,59.544786144078365,60.05810928344727,36511.0
2016-02-04,60.39025087082219,62.62469069902078,58.85030217931815,59.60518264770508,10030.0
2016-02-05,59.51459235564051,62.65488601399144,59.48439768948148,61.80942153930664,17136.0
2016-02-08,62.80587678576085,65.825385374602,60.39026162134724,63.80231475830078,241342.0
2016-02-09,63.68153123593833,63.71172590486601,61.17533224824042,61.86982345581055,14988.0
2016-02-10,61.11493627210174,61.26590960034148,58.971080455517615,59.78635025024414,15318.0
2016-02-11,60.994154841754295,60.994154841754295,57.068786285600375,58.24639892578125,26242.0
2016-02-12,56.52527645929766,56.82722656319864,51.33171117440727,55.89117813110352,29436.0
2016-02-15,56.40449513966102,59.1824492658369,55.89117891912465,58.54834747314453,13519.0
2016-02-16,60.9035663902184,60.96396263232162,57.91425303965188,58.00483703613281,19717.0
2016-02-17,57.00840198167744,60.994160217685526,55.01552286367339,59.45420455932617,44661.0
2016-02-18,62.50391586264022,63.98347531304268,58.03503593262143,63.07762145996094,137727.0
2016-02-19,62.201964714895226,63.92308848549733,61.35650016403396,63.107818603515625,14416.0
2016-02-22,63.40975834960365,64.55716933857313,62.8058581928363,63.71171188354492,3837.0
2016-02-23,63.13800280017286,63.13800280017286,60.39024692118155,60.93375778198242,12862.0
2016-02-24,63.288979511209256,63.288979511209256,58.57853618694175,58.69932174682617,6916.0
2016-02-25,60.39024821585303,60.99415532845908,59.18244781287233,59.30322647094727,8026.0
2016-02-26,61.44708446656103,61.44708446656103,55.860981480708965,57.55191040039063,16284.0
2016-02-29,59.18245035184404,59.78635057924216,57.974642985931794,58.9710807800293,50722.0
2016-03-01,59.182447743347694,62.201955658367964,58.57854063145108,61.62825012207031,23988.0
2016-03-02,62.80586773766984,64.07405756850112,61.32630141650626,62.05098724365234,16075.0
2016-03-03,62.262349754845,63.25879449243879,60.8129850153216,62.775672912597656,14770.0
2016-03-04,62.80585847742317,62.80585847742317,61.900004782609926,62.171756744384766,3546.0
2016-03-08,63.34937164617326,63.3795663097052,61.53766418979505,62.29253768920898,7833.0
2016-03-09,61.59805893153799,63.04742364182155,61.59805893153799,62.44352340698242,5448.0
2016-03-10,64.6175711628609,64.6175711628609,61.296102735587226,62.50391006469727,12940.0
2016-03-11,62.50391159710771,65.58381586962317,61.628252471479634,62.38313293457031,45447.0
2016-03-14,65.1610898925697,65.1610898925697,62.68508560625661,62.86626052856445,10408.0
2016-03-15,64.01366998073765,66.36888861652689,62.53411053033518,63.07762145996094,122650.0
2016-03-16,64.46658578203478,64.46658578203478,61.59805137934863,62.80585861206055,18406.0
2016-03-17,64.28542982513055,64.5571818382913,62.20196316864877,62.35294342041016,7786.0
2016-03-18,64.31562457654887,64.31562457654887,60.692209107447525,61.35649871826172,11355.0
2016-03-21,62.29253422421598,63.31917346054198,62.20195023865885,62.47370910644531,12420.0
2016-03-22,62.68508226162483,64.61757550013732,62.201960679775766,63.56074142456055,24130.0
2016-03-23,63.409770215234026,63.9532811491413,62.41333235121793,62.53411102294922,6855.0
2016-03-28,61.90001656752016,62.20196324920091,60.57143043477523,61.35649871826172,10018.0
2016-03-29,61.26590381693296,61.93020022071117,60.54122499867484,61.447078704833984,9763.0
2016-03-30,61.44709117970628,63.10781870407894,60.75259997213616,61.86982345581055,21301.0
2016-03-31,63.22859930198011,63.22859930198011,61.77922766334429,62.6850814819336,10212.0
2016-04-01,63.228596606004594,63.228596606004594,62.05098392760372,62.74546813964844,9816.0
2016-04-04,63.138004689087936,63.89288513068814,62.29254025316348,62.95683670043945,14371.0
2016-04-05,62.56429675915689,65.52342217194192,62.171759220952666,64.5269775390625,55317.0
2016-04-06,64.64777018862247,65.55362401878115,63.47015744496967,65.4328384399414,21838.0
2016-04-07,66.06693870745907,66.06693870745907,64.22503642370994,64.31562042236328,12156.0
2016-04-08,64.01366612900924,65.82537372616154,64.01366612900924,65.31205749511719,10582.0
2016-04-11,67.57669192243063,67.57669192243063,65.22147343076509,65.67440032958984,9261.0
2016-04-12,65.70460283551553,65.82538151331622,65.22148121319594,65.58382415771484,5163.0
2016-04-13,66.42928053371924,67.57669165358186,65.25166783701351,66.12732696533203,10492.0
2016-04-18,65.22147260232181,68.24098752650498,65.22147260232181,67.39552307128906,11112.0
2016-04-20,67.99942819872703,70.02250548636717,67.69747461118403,67.8182601928711,13417.0
2016-04-21,68.51274062759525,73.07220429777287,67.93903506335784,69.0562515258789,305656.0
2016-04-22,71.13972620530667,71.13972620530667,68.84489677359464,69.23743438720703,22339.0
2016-04-25,69.478978538196,70.0526909704283,68.84488368971066,69.44878387451172,4377.0
2016-04-26,69.56957756778567,70.65659940964132,68.84489173247103,68.90528106689453,10753.0
2016-04-27,69.4487954098133,69.69035967052635,68.15040392238268,68.21080017089844,10042.0
2016-04-28,68.57313568594193,72.25694052885751,67.66728180945067,68.75431060791016,17634.0
2016-04-29,69.44878963383947,71.07932925247174,67.69747135045402,68.15039825439453,8838.0
2016-05-02,67.75786143761614,68.05980807206488,66.06693264024136,66.42927551269531,23353.0
2016-05-03,65.28186243855929,68.81469361408722,65.28186243855929,66.48966979980469,12288.0
2016-05-04,66.09714636882724,66.3688984182156,64.07406877890443,64.64778137207031,7245.0
2016-05-05,65.46301855749867,65.61399876971343,64.22502366624887,64.3458023071289,5254.0
2016-05-06,65.5234301228383,65.5234301228383,64.07405844863723,64.4364013671875,1279.0
2016-05-09,65.76497692568164,65.76497692568164,64.49678036947695,64.85912322998047,2896.0
2016-05-10,64.61757619653258,64.61757619653258,62.08118268115265,62.9266471862793,40366.0
2016-05-11,62.68507907609551,64.01366508644342,62.65488441070914,63.28898620605469,6760.0
2016-05-12,63.40976116280975,66.91239743191004,63.40976116280975,64.5269775390625,10134.0
2016-05-13,65.22147157854302,65.22147157854302,63.40976403469461,64.01366424560547,6411.0
2016-05-16,62.83606829517114,64.61758145205845,62.83606829517114,64.40621185302734,6150.0
2016-05-17,64.3458146947375,64.91952026047997,64.3458146947375,64.49678802490234,4402.0
2016-05-18,64.61757111682623,65.432833979501,64.31561755698488,64.46659088134766,1753.0
2016-05-19,64.40620363065733,66.61044879308662,64.40620363065733,65.67440032958984,16623.0
2016-05-20,65.79517866653168,67.03318069347453,65.34225176995416,66.48966979980469,13924.0
2016-05-23,65.82537054690395,66.91239919936325,65.82537054690395,66.2782974243164,14850.0
2016-05-24,67.03317780706931,67.63707800613047,66.42927760800815,66.64064025878906,12427.0
2016-05-25,67.03318069347453,67.63708091853924,66.42928046840981,66.48966979980469,9675.0
2016-05-26,67.03316921396026,69.93189809119912,67.03316921396026,68.54292297363281,29371.0
2016-05-27,68.24099535669508,68.24099535669508,66.48967691438392,67.03318786621094,5950.0
2016-05-30,68.24099260376195,80.43982495884941,67.84845501241217,79.23201751708984,925938.0
2016-05-31,78.41675375668987,79.29241301052572,71.04914368534018,74.5517807006836,308200.0
2016-06-01,76.06151878848364,76.99756718370132,73.10239337349141,74.82351684570312,80482.0
2016-06-02,76.03131909758602,76.7258032266105,73.70629559509662,74.4007797241211,29595.0
2016-06-03,74.94429836992681,76.81640214316124,74.21961950358954,74.67254638671875,99355.0
2016-06-06,75.09528217823139,76.6956202221735,72.58908341381239,72.89103698730469,75634.0
2016-06-07,74.52157205956696,75.18586856008275,73.07220730087298,73.64591979980469,7611.0
2016-06-08,73.97805577025832,74.58196289255837,73.07220199792407,73.76669311523438,16762.0
2016-06-09,74.853716728688,75.18586496305532,73.70630560795142,74.43098449707031,22038.0
2016-06-10,75.78977401871833,75.78977401871833,73.04201764864646,73.3439712524414,11596.0
2016-06-13,73.28357923749599,74.70274937460373,72.77026296757332,73.40435791015625,7677.0
2016-06-14,73.07221231791428,74.2196304834416,73.07221231791428,73.3439712524414,11868.0
2016-06-15,74.06865215756584,75.48782929462992,73.82709479712393,74.5517807006836,20824.0
2016-06-16,74.88392000886915,74.88392000886915,73.13260154943154,73.70631408691406,7041.0
2016-06-17,73.76670260312154,75.12548343638956,73.67611859646036,74.06864929199219,10243.0
2016-06-20,73.6761082458681,75.03488888824405,72.1361527045059,74.85371398925781,199477.0
2016-06-21,75.39722270679209,76.12190845977155,74.88390651139646,75.00469207763672,21858.0
2016-06-22,74.5819623070694,74.88390895473324,72.58907987690925,74.03844451904297,7771.0
2016-06-23,75.03488184954227,75.03488184954227,73.16277826158247,73.49492645263672,14587.0
2016-06-24,73.07220340769082,73.07220340769082,68.90527735678481,70.77737426757812,33346.0
2016-06-27,70.65659879528492,76.0313324456392,70.35464521467657,73.91767120361328,43263.0
2016-06-28,74.79332063783154,81.52683415831517,73.67610428381217,77.99400329589844,133224.0
2016-06-29,79.71514160156251,80.89275441239587,78.17519276688807,79.26221466064453,74910.0
2016-06-30,80.62099767694902,80.62099767694902,77.78265727960145,79.7453384399414,62803.0
2016-07-01,79.71512708201573,80.6209807988568,77.66185543198874,78.17517852783203,48142.0
2016-07-04,77.90342165230841,80.40961331410941,77.90342165230841,79.1112289428711,31648.0
2016-07-05,78.83946533913695,79.71512436295588,77.90341699107051,78.23556518554688,11854.0
2016-07-07,77.93361892324597,79.08103692433087,77.2995240483805,78.05439758300781,16071.0
2016-07-08,77.90343167116293,80.62099324108722,77.32972607158776,78.14498901367188,19633.0
2016-07-11,80.31903200912134,80.31903200912134,77.48069203802326,78.05439758300781,24856.0
2016-07-12,80.01709105226634,84.36518531306554,77.48069755012959,77.8430404663086,70873.0
2016-07-13,78.5677218861019,79.11123973321311,76.69562482261104,77.87323760986328,89716.0
2016-07-14,81.4815452032366,84.78791290099112,78.35635240916706,80.485107421875,91454.0
2016-07-15,80.3945166154109,81.34566577361682,78.26576178302871,79.39807891845703,25104.0
2016-07-18,79.71512620747566,83.06678215857113,77.67695536694362,78.76397705078125,125046.0
2016-07-19,77.99401020858068,81.34567338993057,77.99401020858068,79.98689270019531,40349.0
2016-07-20,80.6209872634296,81.34567305945737,79.35279057593898,80.30393981933594,9446.0
2016-07-21,80.30394675762425,83.33855583233938,80.16806729523951,81.5721435546875,52268.0
2016-07-22,80.62097839155565,83.15737148742146,80.21334699559499,82.29680633544922,14279.0
2016-07-25,81.52684039827233,83.33854796267839,80.16805972496779,80.93803405761719,22829.0
2016-07-26,81.708008322467,82.38739865855553,80.7568659986126,80.80215454101562,13124.0
2016-07-27,80.80215531904965,80.80215531904965,78.8545751990689,79.44337463378906,13390.0
2016-07-28,79.12632649321114,81.52684039827233,79.12632649321114,80.93803405761719,13491.0
2016-07-29,80.43982788789341,80.66629135952475,78.85458358647415,79.08104705810547,11187.0
2016-08-01,80.4398275739242,80.66629104467161,78.80928782009624,78.89987182617188,11924.0
2016-08-02,78.9904413440967,80.43981281993474,77.90341964833354,78.17517852783203,16484.0
2016-08-03,77.99401241670503,78.7186982361938,75.23116241602594,76.00113677978516,14604.0
2016-08-04,75.77466641338465,75.77466641338465,73.64591151559306,74.64234924316406,18061.0
2016-08-05,76.09172758214613,79.03575275645537,74.82353074022035,76.9975814819336,15817.0
2016-08-08,78.80928106923282,78.80928106923282,76.81640546181359,77.17874145507812,9441.0
2016-08-09,77.08815881471686,77.08815881471686,74.77823571694243,75.4123306274414,19736.0
2016-08-10,76.8164071587936,76.90699115911086,74.55177259528101,75.09528350830078,4962.0
2016-08-11,76.04642579978578,76.816407079478,73.82708669428148,75.45762634277344,8610.0
2016-08-12,75.68409021865396,76.99757550697348,72.69476981687791,74.77823638916016,47551.0
2016-08-16,74.7329340664237,75.27644493195638,72.69476313733941,73.0571060180664,19738.0
2016-08-17,73.1476980227288,74.2347198728615,71.83421271122542,72.2418441772461,12645.0
2016-08-18,71.87950091550086,74.28001497685418,71.87950091550086,72.55889129638672,36059.0
2016-08-19,74.28002275221333,74.28002275221333,72.46831488020813,73.19300079345703,33418.0
2016-08-22,73.1929857015413,73.82708056155008,72.33242049311151,72.60417938232422,10031.0
2016-08-23,73.6459125029869,73.73649649559593,72.01537299156189,72.46829986572266,10448.0
2016-08-24,72.0153734931347,72.46830037045001,71.69832606123711,72.0606689453125,3742.0
2016-08-25,72.46830743718361,72.83065035659281,71.8342125115548,72.33242797851562,11595.0
2016-08-26,73.73650514852007,73.82708915175905,70.29425773650681,71.10952758789062,9585.0
2016-08-29,73.69120138750894,73.69120138750894,69.75073894615082,71.29068756103516,11301.0
2016-08-30,72.83064367699706,73.60061799067637,70.65659327104932,71.01893615722656,17238.0
2016-08-31,71.06422426489542,72.46830034859573,70.88305627847019,71.56244659423828,16783.0
2016-09-01,71.29068806772224,72.01537383935703,70.6565932008786,70.883056640625,6565.0
2016-09-02,71.01893601589448,72.01537376756214,70.20366625139705,70.74717712402344,10163.0
2016-09-06,70.65659257987961,72.33242063705107,70.65659257987961,71.51715087890625,16851.0
2016-09-07,71.56245442548871,71.56245442548871,70.97364803849875,71.47187042236328,13069.0
2016-09-08,72.15125321349767,72.28713265943318,69.88661881829131,70.74717712402344,83825.0
2016-09-09,70.92835923608422,71.97008563493546,69.97720992891455,71.42657470703125,51897.0
2016-09-12,71.10952022134276,71.56244710173348,70.65659334095204,71.15481567382812,9571.0
2016-09-14,71.69832525596162,73.78178472154241,71.20010293206427,72.78534698486328,62689.0
2016-09-15,73.52852590422326,74.31815488234182,72.9246894782979,73.01758575439453,29293.0
2016-09-16,73.0175847108384,73.85366535882193,71.76346728262885,72.08860778808594,18494.0
2016-09-19,71.90282454617636,76.64060604800085,71.62412859826159,72.92469787597656,27593.0
2016-09-20,73.06404333833079,73.6678798130341,71.9957183580914,72.18151092529297,11128.0
2016-09-21,72.22795428505427,76.96573507788597,71.90281378616478,73.38917541503906,100452.0
2016-09-22,73.57496936601154,75.2471306601383,73.3891768166781,73.71431732177734,23482.0
2016-09-23,74.22526135485396,74.31815763439059,71.11318992142022,72.13506317138672,28571.0
2016-09-26,72.4601937425847,73.38917058543836,71.76346111044447,72.41374206542969,12442.0
2016-09-27,73.34273120587477,73.38918289081847,71.0667403942736,71.25253295898438,10872.0
2016-09-28,72.41375708784271,72.92469729242036,71.53123173906201,72.50666046142578,12534.0
2016-09-29,72.46021447771477,73.06405101586897,65.12129390156785,68.0011215209961,25821.0
2016-09-30,67.81532930393928,70.37001636675892,66.14316766417146,69.533935546875,6817.0
2016-10-03,70.04486651806836,70.13776279963433,66.79344705053565,68.1869125366211,57835.0
2016-10-04,69.25523729498212,71.5312280807195,69.20878561056627,69.8126220703125,17195.0
2016-10-05,70.60226224574008,71.06675081314627,68.326271100463,69.34814453125,19847.0
2016-10-06,68.74430683818159,70.55580938606643,67.39729285001418,67.9082260131836,15114.0
2016-10-07,69.2087921849102,69.2087921849102,67.39728972112358,67.86177825927734,8593.0
2016-10-10,68.74430022318009,70.37001002575529,67.90821947863496,69.85906982421875,20547.0
2016-10-13,70.41646637785439,71.02029581736444,67.86177937597031,68.6978530883789,36908.0
2016-10-14,68.7907627932134,69.4410439821128,68.04757821658545,68.37271881103516,12217.0
2016-10-17,68.7443055634042,70.41646718239201,68.37271330501436,68.6049575805664,12224.0
2016-10-18,69.2088004615935,72.32087262189,68.74431186789154,70.32357025146484,23410.0
2016-10-19,70.60225069142643,71.0667391828174,69.20878521725355,70.41645812988281,13935.0
2016-10-20,71.345444199235,71.39188880177015,69.95197854759004,70.74160766601562,10293.0
2016-10-21,70.92739811497947,70.97384980364836,70.41646497728466,70.50936126708984,5547.0
2016-10-24,71.06674691728693,77.84828246466856,70.32356241516497,76.12966918945312,243523.0
2016-10-25,77.56958976935597,77.94118203605709,75.75808721454588,76.77996063232422,61122.0
2016-10-26,76.7334986066809,78.21986038576892,74.31815982972137,75.014892578125,56370.0
2016-10-27,75.10778529070598,75.24713325127023,71.99571391325237,73.34272766113281,39835.0
2016-10-28,73.24983450294013,75.20068477133022,72.4602054761551,74.50395202636719,20687.0
2016-11-01,76.40835964484518,77.98761773866192,75.29359005950772,76.36190795898438,24658.0
2016-11-02,73.38917997069491,79.33463394278921,73.38917997069491,75.99031829833984,219061.0
2016-11-03,76.96575100592877,78.2663203581705,75.24714479539242,75.52584075927734,41574.0
2016-11-04,76.82639816614868,76.82639816614868,69.71972949930772,73.52853393554688,36651.0
2016-11-07,75.24714922367123,75.89743039429462,71.06675204457838,74.87555694580078,19789.0
2016-11-08,75.20069099423579,75.2471426827567,72.7389074283445,73.15694427490234,8396.0
2016-11-09,66.79345047913218,70.04487011356458,60.38350749660182,68.74430084228516,37062.0
2016-11-10,71.5312316693095,72.27441613205552,69.20878908264362,70.37001037597656,6703.0
2016-11-11,68.0940166746687,69.6732747336179,64.33165700404052,64.93549346923828,31393.0
2016-11-15,64.79615434183258,64.79615434183258,60.56930559634858,61.1266975402832,19954.0
2016-11-16,62.984645652885575,62.984645652885575,58.52555306085512,59.26873397827149,9752.0
2016-11-17,60.10480789201439,60.383503821588334,56.574699613425295,57.59657287597656,50335.0
2016-11-18,57.68946887824967,59.361630272559694,56.71404376074612,58.15395736694336,18787.0
2016-11-21,58.990038456174005,59.26873084248936,54.06646115204968,58.10750961303711,40229.0
2016-11-22,58.52555098257337,58.52555098257337,53.88066598395644,55.83151626586914,41503.0
2016-11-23,57.31788544846238,57.41078173717907,55.87797171075616,56.38890838623047,8680.0
2016-11-24,57.132086039554736,57.50367826057046,55.73862052639486,57.36433029174805,2573.0
2016-11-25,57.36433245457369,59.36163451624751,57.1785363370607,58.66490173339844,5696.0
2016-11-28,59.12938950987,60.383507085681536,57.364331731397456,59.82612228393555,15346.0
2016-11-29,63.26332733852063,71.7634676417486,63.1704310632868,71.48477172851562,889878.0
2016-11-30,72.92470431192064,75.47939140565033,69.67328437444647,70.4629135131836,389840.0
2016-12-01,69.71973346554041,71.99572450187698,65.58578116097752,67.67597961425781,103636.0
2016-12-02,67.6759803990507,69.58038629135885,66.83989959053656,67.58308410644531,37179.0
2016-12-05,68.18691173092492,69.02299243020346,65.12128486274757,65.6322250366211,28656.0
2016-12-06,66.65410258095164,67.81532388027136,62.70595016326461,63.96006774902344,33633.0
2016-12-07,64.79615864176081,65.26064723417487,63.17044856831162,63.68138885498047,25938.0
2016-12-08,64.93549784966189,64.93549784966189,63.21689170780518,64.28520965576172,28815.0
2016-12-09,64.23876796165919,65.86447788866234,63.17044287783629,64.424560546875,16067.0
2016-12-12,64.14586682209648,67.76887157277487,62.47370533137393,63.542030334472656,46952.0
2016-12-13,64.14587245158017,65.02839787342057,63.21689533910274,64.3316650390625,12498.0
2016-12-14,63.96006879228197,67.90822127436769,63.96006879228197,65.91091918945312,158173.0
2016-12-15,63.44914455877344,66.56121671044092,63.40269286451865,63.68138885498047,34588.0
2016-12-16,66.88635128060567,72.87825074781347,66.88635128060567,67.58308410644531,684139.0
2016-12-19,67.35084122561577,67.76887809476158,64.19231759890788,64.74970245361328,57920.0
2016-12-20,65.4464281954833,65.4464281954833,63.17043733248745,63.63492584228516,29334.0
2016-12-21,64.00651728759273,64.74969464169276,63.2633328459606,63.727821350097656,28383.0
2016-12-22,63.49557551638602,64.2387599395058,61.77696951139495,62.38080596923828,33593.0
2016-12-23,62.28792067964831,63.07754983884473,60.61575897632269,60.89445495605469,23279.0
2016-12-26,60.98734574782109,60.98734574782109,58.33975898574416,58.99004364013672,30129.0
2016-12-27,59.17583955604061,61.31248608981108,57.87527025178054,60.56930160522461,28542.0
2016-12-28,61.312485507096106,61.77697403366501,59.454531400820464,60.15126419067383,10051.0
2016-12-29,60.383508453958285,60.42996014162816,59.454531400820464,60.15126419067383,11792.0
2016-12-30,64.006521120705,65.58577929433405,62.2879149699834,64.79615020751953,319397.0
2017-01-02,74.0,77.95,73.6,74.8,683845.0
2017-01-03,77.0,78.0,73.2,74.55,193162.0
2017-01-04,73.7,75.0,70.2,71.65,72893.0
2017-01-05,72.4,72.7,71.0,71.4,122366.0
2017-01-06,72.0,73.0,71.0,71.1,30842.0
2017-01-09,71.95,74.05,71.25,72.55,74937.0
2017-01-10,73.35,73.55,71.55,73.05,29500.0
2017-01-11,73.7,73.7,71.5,72.6,26723.0
2017-01-12,73.0,73.75,71.65,72.3,26574.0
2017-01-13,73.1,73.1,71.5,71.8,12552.0
2017-01-16,74.0,76.0,72.95,75.55,523347.0
2017-01-17,76.3,76.3,73.5,74.2,37644.0
2017-01-18,74.7,75.5,74.15,74.35,21661.0
2017-01-19,75.5,76.2,74.5,75.7,56394.0
2017-01-20,75.9,76.85,73.65,74.85,79578.0
2017-01-23,76.4,77.0,75.15,76.6,65116.0
2017-01-24,76.95,78.3,76.5,76.75,76227.0
2017-01-25,77.2,79.3,76.5,77.85,67193.0
2017-01-27,80.05,81.9,78.65,79.8,193491.0
2017-01-30,79.15,80.0,77.35,78.5,43286.0
2017-01-31,78.35,78.95,75.1,75.9,35528.0
2017-02-01,76.95,85.65,76.0,83.3,1854016.0
2017-02-02,83.7,86.4,81.5,84.7,592252.0
2017-02-03,84.9,85.0,82.85,83.4,136156.0
2017-02-06,84.5,89.45,83.65,85.6,316581.0
2017-02-07,86.05,87.8,83.0,83.45,92609.0
2017-02-08,84.15,85.85,82.4,83.1,85522.0
2017-02-09,84.2,84.3,81.3,81.7,49911.0
2017-02-10,82.95,83.6,81.85,82.05,35842.0
2017-02-13,84.0,84.0,80.5,81.0,72352.0
2017-02-14,81.65,81.8,78.2,79.2,64317.0
2017-02-15,79.9,79.95,76.0,77.1,43881.0
2017-02-16,77.95,78.0,75.9,77.4,70858.0
2017-02-17,78.25,80.0,77.6,78.5,44722.0
2017-02-20,78.95,79.6,77.2,77.8,53661.0
2017-02-21,78.15,84.0,77.1,81.85,170782.0
2017-02-22,81.3,82.25,78.3,78.55,75150.0
2017-02-23,78.8,80.4,78.0,78.2,38459.0
2017-02-27,77.75,80.3,77.5,77.75,38695.0
2017-02-28,78.45,78.55,77.4,77.55,32549.0
2017-03-01,78.0,81.0,77.15,78.45,75209.0
2017-03-02,79.9,79.9,77.5,77.6,50097.0
2017-03-03,79.0,79.45,77.55,78.35,60774.0
2017-03-06,78.95,79.0,76.9,77.25,71967.0
2017-03-07,77.1,77.7,76.0,76.45,42150.0
2017-03-08,76.75,77.4,75.45,75.6,42269.0
2017-03-09,75.95,76.8,75.6,75.8,28268.0
2017-03-10,75.75,76.55,74.6,75.2,40061.0
2017-03-14,78.85,79.9,77.5,78.65,143363.0
2017-03-15,78.05,81.8,78.0,80.45,112406.0
2017-03-16,81.5,81.9,80.05,80.45,56852.0
2017-03-17,81.1,81.5,78.8,79.05,54333.0
2017-03-20,79.1,81.0,78.6,79.2,58152.0
2017-03-21,79.9,80.3,78.65,79.9,40121.0
2017-03-22,80.5,84.7,79.0,80.8,138728.0
2017-03-23,81.35,83.6,81.0,82.5,105598.0
2017-03-24,82.45,85.55,81.75,82.8,238912.0
2017-03-27,83.45,84.0,80.0,82.15,104347.0
2017-03-28,82.8,82.9,80.6,81.3,53601.0
2017-03-29,82.5,82.65,80.1,80.5,93501.0
2017-03-30,81.5,82.7,81.0,81.4,65554.0
2017-03-31,81.85,87.6,81.5,84.15,200990.0
2017-04-03,87.0,90.5,85.1,89.9,303534.0
2017-04-05,90.5,102.6,90.5,100.75,1119940.0
2017-04-06,100.95,104.6,100.1,101.65,515066.0
2017-04-07,101.5,104.2,98.85,99.45,305788.0
2017-04-10,101.8,102.8,97.4,98.5,172576.0
2017-04-11,99.25,100.8,97.25,98.75,187070.0
2017-04-12,99.55,99.55,93.3,95.05,177326.0
2017-04-13,95.6,99.5,95.5,95.95,90478.0
2017-04-17,96.8,111.1,95.1,110.25,1754044.0
2017-04-18,111.0,116.8,107.1,109.45,604458.0
2017-04-19,110.5,114.9,106.6,109.3,508600.0
2017-04-20,110.85,114.9,107.8,111.0,551639.0
2017-04-21,112.15,115.25,110.6,111.35,488315.0
2017-04-24,112.65,114.5,110.65,111.55,142114.0
2017-04-25,112.0,115.0,109.1,109.9,402771.0
2017-04-26,111.0,111.45,105.0,106.0,138050.0
2017-04-27,107.45,108.15,103.25,103.8,96971.0
2017-04-28,105.7,105.7,101.3,103.45,93595.0
2017-05-02,105.0,107.45,101.1,105.8,269656.0
2017-05-03,107.2,124.9,106.6,117.45,3595422.0
2017-05-04,117.9,121.45,115.6,118.6,797889.0
2017-05-05,119.1,121.0,114.2,117.2,374723.0
2017-05-08,118.7,128.4,117.3,126.35,993595.0
2017-05-09,127.15,131.8,123.2,127.65,899002.0
2017-05-10,127.6,132.5,125.2,130.8,557103.0
2017-05-11,130.0,131.35,122.5,123.45,333842.0
2017-05-12,124.3,125.65,119.0,123.3,273193.0
2017-05-15,125.8,125.85,120.1,121.5,125668.0
2017-05-16,122.4,122.95,118.5,119.35,130598.0
2017-05-17,119.15,124.55,117.8,121.8,270488.0
2017-05-18,117.1,120.9,114.5,115.3,191628.0
2017-05-19,117.0,118.5,109.5,112.9,256644.0
2017-05-22,115.9,116.7,110.7,111.75,85244.0
2017-05-23,111.4,113.0,105.1,108.7,142704.0
2017-05-24,111.0,111.0,101.2,104.35,148700.0
2017-05-25,105.0,111.0,105.0,110.5,139968.0
2017-05-26,111.0,114.0,111.0,113.15,101207.0
2017-05-29,112.0,114.8,108.0,108.85,76179.0
2017-05-30,108.45,113.4,106.0,112.25,97241.0
2017-05-31,114.0,115.15,112.0,112.55,101366.0
2017-06-01,112.85,113.8,110.0,110.6,41863.0
2017-06-02,111.35,113.15,109.9,111.85,69261.0
2017-06-05,111.0,124.85,111.0,121.5,601560.0
2017-06-06,122.0,123.5,117.0,117.85,213295.0
2017-06-07,119.7,121.9,117.1,118.0,106481.0
2017-06-08,119.9,123.9,118.95,121.1,213340.0
2017-06-09,121.8,123.9,119.0,120.9,145427.0
2017-06-12,120.1,122.65,118.2,118.85,71905.0
2017-06-13,119.85,122.0,116.05,117.15,115005.0
2017-06-14,118.0,119.85,116.25,117.65,82218.0
2017-06-15,117.95,122.0,117.7,120.2,121723.0
2017-06-16,120.0,121.9,118.25,119.2,83592.0
2017-06-19,120.0,120.0,117.0,117.5,49774.0
2017-06-20,117.5,120.05,115.0,115.85,96554.0
2017-06-21,116.9,117.3,114.0,114.8,73128.0
2017-06-22,114.45,116.7,112.7,113.45,48477.0
2017-06-23,114.4,117.8,112.5,113.8,731436.0
2017-06-27,114.4,114.4,108.1,109.3,71584.0
2017-06-28,109.1,109.1,105.6,107.45,48176.0
2017-06-29,107.9,113.8,107.9,112.4,117359.0
2017-06-30,112.4,114.05,110.5,111.4,88336.0
2017-07-03,111.35,125.9,111.15,124.9,882456.0
2017-07-04,125.0,128.4,121.0,121.95,331267.0
2017-07-05,123.8,141.4,123.75,139.85,2168050.0
2017-07-06,140.95,152.0,140.9,145.85,1273623.0
2017-07-07,146.0,146.0,140.0,141.8,280233.0
2017-07-10,141.8,158.0,140.2,154.65,466165.0
2017-07-11,155.65,157.3,145.4,148.3,499765.0
2017-07-12,149.25,156.0,147.5,149.05,243692.0
2017-07-13,150.45,152.55,146.0,147.2,197249.0
2017-07-14,148.0,152.3,144.5,146.65,252015.0
2017-07-17,147.15,151.4,141.0,145.75,163623.0
2017-07-18,144.7,148.5,136.6,138.65,220945.0
2017-07-19,139.8,144.4,139.15,143.75,192271.0
2017-07-20,143.8,143.85,139.7,141.25,108243.0
2017-07-21,141.25,142.5,137.0,139.3,72239.0
2017-07-24,139.9,143.95,139.9,140.9,136744.0
2017-07-25,140.95,142.5,137.5,138.0,80923.0
2017-07-26,138.1,153.8,138.1,147.75,644858.0
2017-07-27,148.6,151.0,140.7,142.25,356107.0
2017-07-28,141.1,149.9,141.1,144.4,219440.0
2017-07-31,145.0,148.65,142.0,143.7,108199.0
2017-08-01,144.05,147.0,141.25,142.0,112004.0
2017-08-02,142.1,146.5,141.95,143.95,88763.0
2017-08-03,143.5,145.0,138.85,140.5,80743.0
2017-08-04,140.45,142.7,138.05,138.6,76954.0
2017-08-07,138.85,148.85,138.85,146.95,253737.0
2017-08-08,147.75,147.8,139.15,139.85,203607.0
2017-08-09,139.25,145.0,136.1,137.5,714465.0
2017-08-10,137.75,139.7,128.45,130.85,108470.0
2017-08-11,127.0,129.9,120.0,123.4,108875.0
2017-08-14,128.0,131.7,125.25,129.4,79771.0
2017-08-16,128.45,132.0,125.2,127.5,99678.0
2017-08-17,128.8,134.85,128.55,132.85,154923.0
2017-08-18,131.55,132.0,125.0,127.6,109806.0
2017-08-21,128.2,133.45,127.0,128.0,125154.0
2017-08-22,129.6,130.3,125.65,126.75,55193.0
2017-08-23,128.7,131.0,126.75,130.45,68561.0
2017-08-24,131.1,131.95,127.3,128.15,56431.0
2017-08-28,129.9,135.1,129.25,132.85,140230.0
2017-08-29,134.7,134.9,128.1,128.8,68503.0
2017-08-30,130.05,132.7,130.05,132.15,61028.0
2017-08-31,131.05,134.9,131.0,131.4,127676.0
2017-09-01,133.85,134.35,132.0,132.4,40919.0
2017-09-04,132.1,134.75,128.45,129.15,57629.0
2017-09-05,131.65,139.9,130.0,138.65,337109.0
2017-09-06,137.95,146.9,136.55,142.95,413269.0
2017-09-07,142.55,146.65,138.65,141.65,234154.0
2017-09-08,142.4,143.2,138.0,139.05,131602.0
2017-09-11,140.95,143.0,137.5,138.0,89665.0
2017-09-12,140.0,140.8,135.25,135.8,136223.0
2017-09-13,136.0,138.85,134.6,135.4,91268.0
2017-09-14,135.95,137.7,133.1,134.4,153763.0
2017-09-15,134.1,135.7,130.0,131.0,91555.0
2017-09-18,132.1,134.45,128.5,129.3,233836.0
2017-09-19,129.0,131.65,128.05,129.65,110300.0
2017-09-20,129.9,131.0,124.45,125.65,160701.0
2017-09-21,125.65,127.55,121.85,126.0,138223.0
2017-09-22,125.95,125.95,121.0,121.45,123139.0
2017-09-25,120.6,121.9,112.55,115.25,183561.0
2017-09-26,115.0,117.0,113.4,115.7,128982.0
2017-09-27,118.8,119.95,111.1,111.9,94352.0
2017-09-28,112.45,115.0,111.9,114.25,62021.0
2017-09-29,114.8,122.0,114.8,120.9,217239.0
2017-10-03,124.05,126.9,121.65,123.1,243548.0
2017-10-04,123.95,128.25,120.3,123.75,167886.0
2017-10-05,123.95,127.0,121.5,122.3,71806.0
2017-10-06,123.0,124.5,118.15,119.9,128287.0
2017-10-09,121.95,122.6,119.0,119.95,153373.0
2017-10-10,121.0,122.85,119.85,120.2,101773.0
2017-10-11,122.0,123.0,117.6,118.5,142523.0
2017-10-12,119.15,122.5,118.15,120.45,82087.0
2017-10-13,121.0,122.4,118.05,119.35,85304.0
2017-10-16,120.05,121.05,117.0,117.7,57162.0
2017-10-17,120.0,123.9,117.2,117.95,337791.0
2017-10-18,119.8,119.8,117.3,117.75,73546.0
2017-10-19,118.95,131.9,118.8,125.6,282227.0
2017-10-23,126.0,127.8,120.45,120.9,247414.0
2017-10-24,125.1,127.3,122.5,123.15,485786.0
2017-10-25,125.5,125.55,120.25,120.95,203866.0
2017-10-26,121.5,123.5,119.5,120.05,244508.0
2017-10-27,121.0,122.3,118.75,119.15,219024.0
2017-10-30,120.0,121.3,117.5,117.85,183095.0
2017-10-31,118.5,119.05,116.25,116.8,219841.0
2017-11-01,118.45,119.4,114.75,115.1,278522.0
2017-11-02,116.1,117.2,114.0,115.2,269719.0
2017-11-03,116.0,116.0,113.5,114.0,299098.0
2017-11-06,115.7,116.5,113.15,113.85,256300.0
2017-11-07,114.95,115.45,112.75,113.0,176549.0
2017-11-08,113.65,114.4,111.4,112.0,207549.0
2017-11-09,112.7,114.05,110.6,111.05,164423.0
2017-11-10,110.25,111.65,106.0,107.35,196379.0
2017-11-13,108.0,114.65,107.8,113.65,202748.0
2017-11-14,112.55,116.85,104.7,115.05,431971.0
2017-11-15,114.5,114.6,106.95,108.25,181947.0
2017-11-16,109.0,120.8,109.0,118.5,372148.0
2017-11-17,121.1,124.5,119.45,119.95,643472.0
2017-11-20,121.65,121.65,116.0,117.8,191229.0
2017-11-21,118.15,127.95,118.15,123.85,1021590.0
2017-11-22,124.35,132.0,124.35,128.1,806346.0
2017-11-23,128.9,134.75,128.25,130.8,734827.0
2017-11-24,131.9,135.0,128.0,129.45,588618.0
2017-11-27,129.5,132.9,128.5,132.15,288453.0
2017-11-28,133.8,146.15,132.0,140.95,1298139.0
2017-11-29,142.0,148.0,133.75,135.6,1226034.0
2017-11-30,134.4,139.35,132.7,135.4,495844.0
2017-12-01,137.0,141.8,129.4,131.05,480730.0
2017-12-04,132.65,136.35,129.15,133.9,306990.0
2017-12-05,133.0,133.65,127.0,128.6,259396.0
2017-12-06,128.0,130.5,126.1,127.2,205556.0
2017-12-07,128.45,139.95,127.55,137.8,378482.0
2017-12-08,139.7,142.0,135.0,136.5,456204.0
2017-12-11,137.7,139.9,135.1,137.2,393845.0
2017-12-12,137.0,137.95,130.5,130.85,281922.0
2017-12-13,130.0,133.4,127.25,128.2,293836.0
2017-12-14,129.55,131.4,125.0,126.45,224274.0
2017-12-15,128.4,131.95,128.4,131.15,266243.0
2017-12-18,130.9,138.4,123.8,133.3,496935.0
2017-12-19,134.4,137.4,132.7,134.65,264534.0
2017-12-20,135.45,141.0,135.45,139.65,598853.0
2017-12-21,141.55,151.65,141.55,150.3,1475354.0
2017-12-22,152.95,154.95,150.0,150.6,661605.0
2017-12-26,152.1,173.5,151.5,165.0,2672415.0
2017-12-27,166.4,171.0,158.4,160.15,1195086.0
2017-12-28,161.8,169.8,155.25,167.8,1252449.0
2017-12-29,169.8,183.0,169.8,176.5,2766294.0
2018-01-01,175.7,183.6,172.6,177.25,1021235.0
2018-01-02,179.75,179.75,171.15,173.45,479212.0
2018-01-03,174.65,177.0,171.7,173.05,373205.0
2018-01-04,174.0,176.0,172.2,173.5,314029.0
2018-01-05,174.85,180.9,172.6,176.5,816377.0
2018-01-08,177.9,180.8,174.55,175.4,326756.0
2018-01-09,176.7,177.0,167.6,168.5,342881.0
2018-01-10,170.7,173.9,167.55,168.75,408188.0
2018-01-11,169.7,172.9,167.65,170.6,348093.0
2018-01-12,172.5,188.0,170.05,182.7,2301466.0
2018-01-15,184.6,190.0,179.7,180.8,934583.0
2018-01-16,180.4,181.2,168.45,172.5,602431.0
2018-01-17,171.5,176.0,162.85,173.25,414681.0
2018-01-18,175.1,177.7,160.3,161.5,599044.0
2018-01-19,160.8,167.85,160.35,166.1,425617.0
2018-01-22,167.15,168.9,165.1,167.85,264406.0
2018-01-23,167.85,169.8,164.5,165.35,263519.0
2018-01-24,165.0,165.0,160.0,161.05,294576.0
2018-01-25,160.7,167.85,160.2,165.4,267983.0
2018-01-29,166.95,168.0,160.15,160.75,195142.0
2018-01-30,160.75,165.4,155.25,157.35,203275.0
2018-01-31,158.0,161.9,155.45,159.1,197603.0
2018-02-01,159.95,167.0,155.3,159.6,498913.0
2018-02-02,155.95,157.45,137.7,139.05,568711.0
2018-02-05,131.0,140.5,125.1,137.75,622054.0
2018-02-06,125.0,134.95,123.1,131.2,475219.0
2018-02-07,136.9,139.4,134.3,136.1,284145.0
2018-02-08,137.0,144.9,136.35,143.75,322697.0
2018-02-09,138.3,146.75,136.1,144.8,277431.0
2018-02-12,148.0,167.0,147.3,161.05,895199.0
2018-02-14,161.35,164.65,153.5,155.1,470215.0
2018-02-15,156.75,163.0,152.15,154.0,332771.0
2018-02-16,155.5,157.55,146.55,148.25,207180.0
2018-02-19,149.0,150.9,145.3,148.45,159043.0
2018-02-20,148.65,152.65,147.25,148.9,158612.0
2018-02-21,150.65,151.85,143.35,146.75,122288.0
2018-02-22,145.9,146.1,141.5,143.3,119509.0
2018-02-23,145.8,154.8,144.45,153.5,446136.0
2018-02-26,154.9,155.1,151.65,152.3,128139.0
2018-02-27,152.0,153.7,147.8,149.1,106800.0
2018-02-28,147.9,151.4,145.55,149.4,143533.0
2018-03-01,149.0,151.65,146.4,146.65,77532.0
2018-03-05,146.4,148.25,141.9,142.7,95028.0
2018-03-06,145.0,147.0,138.2,139.9,148462.0
2018-03-07,139.1,140.05,134.9,135.65,148845.0
2018-03-08,136.15,139.0,130.5,136.8,174979.0
2018-03-09,138.75,139.5,134.0,134.9,109124.0
2018-03-12,136.2,138.85,132.15,135.35,121001.0
2018-03-13,135.15,139.0,132.0,135.35,137715.0
2018-03-14,134.0,136.7,132.5,133.5,121273.0
2018-03-15,134.65,138.0,133.75,136.3,131930.0
2018-03-16,136.9,140.0,134.95,136.05,123870.0
2018-03-19,138.0,138.0,130.55,131.6,87862.0
2018-03-20,131.0,132.7,129.2,129.8,149848.0
2018-03-21,131.1,133.4,128.6,129.45,80970.0
2018-03-22,130.8,132.0,126.5,127.65,105861.0
2018-03-23,124.9,126.7,119.9,120.8,202405.0
2018-03-26,121.9,123.95,114.6,118.7,228176.0
2018-03-27,120.05,123.0,119.0,120.65,122306.0
2018-03-28,120.5,120.5,117.25,118.85,193091.0
2018-04-02,121.6,129.6,119.1,126.95,126209.0
2018-04-03,128.9,129.5,126.6,127.95,96885.0
2018-04-04,128.35,134.0,128.15,129.8,155141.0
2018-04-05,131.25,141.65,131.2,137.8,395715.0
2018-04-06,138.95,140.9,136.65,137.45,214270.0
2018-04-09,137.45,139.5,135.75,136.35,98720.0
2018-04-10,136.05,137.8,131.5,131.95,174205.0
2018-04-11,132.65,133.2,130.25,131.3,78997.0
2018-04-12,131.0,135.0,130.35,133.45,127296.0
2018-04-13,134.75,135.4,132.15,133.1,54784.0
2018-04-16,130.05,133.25,127.25,131.9,76275.0
2018-04-17,132.95,133.85,131.45,132.4,56376.0
2018-04-18,133.0,134.75,130.1,130.9,82524.0
2018-04-19,132.0,132.35,130.0,130.35,83108.0
2018-04-20,131.15,137.0,130.5,134.65,184688.0
2018-04-23,143.0,144.0,138.35,139.6,588468.0
2018-04-24,140.5,140.55,137.65,138.3,148498.0
2018-04-25,138.5,146.25,137.4,143.7,447821.0
2018-04-26,144.85,145.7,141.45,142.6,241035.0
2018-04-27,142.65,144.35,139.1,140.1,116164.0
2018-04-30,140.9,141.85,137.65,140.1,94063.0
2018-05-02,141.6,141.6,135.0,135.9,96621.0
2018-05-03,140.2,140.2,131.0,133.25,97520.0
2018-05-04,134.45,138.2,132.4,133.15,87968.0
2018-05-07,134.4,134.5,132.0,132.15,71780.0
2018-05-08,133.05,133.35,131.15,131.65,59064.0
2018-05-09,131.0,132.05,129.2,129.85,70869.0
2018-05-10,130.35,130.5,127.1,127.35,49037.0
2018-05-11,127.6,131.95,126.45,127.45,64352.0
2018-05-14,130.0,130.0,125.4,126.0,43556.0
2018-05-15,126.95,129.5,123.75,124.55,59924.0
2018-05-16,124.95,125.0,120.0,124.05,65886.0
2018-05-17,124.5,126.95,123.05,125.3,48335.0
2018-05-18,125.95,126.0,122.0,122.35,39587.0
2018-05-21,123.4,124.65,115.0,115.85,150788.0
2018-05-22,116.7,120.3,115.0,119.35,54827.0
2018-05-23,119.65,122.4,118.15,120.25,47922.0
2018-05-24,120.45,122.95,118.1,119.5,47429.0
2018-05-25,120.0,121.5,119.5,119.95,42929.0
2018-05-28,120.85,128.5,120.85,126.55,92361.0
2018-05-29,127.9,128.0,121.6,124.95,37764.0
2018-05-30,125.8,129.0,123.2,128.05,78978.0
2018-05-31,121.5,122.95,115.1,116.85,245682.0
2018-06-01,115.05,116.8,110.0,110.55,170513.0
2018-06-04,111.55,111.55,100.0,108.75,305907.0
2018-06-05,108.5,111.2,107.3,109.15,124152.0
2018-06-06,109.0,111.0,105.95,110.25,56923.0
2018-06-07,110.0,115.4,110.0,113.95,92694.0
2018-06-08,113.8,113.8,111.3,112.65,33612.0
2018-06-11,112.5,117.4,112.5,114.3,78583.0
2018-06-12,114.55,116.5,112.5,113.0,49461.0
2018-06-13,113.95,127.4,113.95,119.6,676897.0
2018-06-14,118.0,120.9,116.55,118.45,96144.0
2018-06-15,118.05,120.3,115.0,116.05,69148.0
2018-06-18,116.0,117.95,113.15,113.65,65082.0
2018-06-19,113.65,113.85,110.0,110.2,64140.0
2018-06-20,111.1,113.85,110.5,111.05,43603.0
2018-06-21,111.95,111.95,107.15,108.35,47114.0
2018-06-22,109.9,109.9,105.4,108.3,47468.0
2018-06-25,108.3,109.9,106.3,106.55,28601.0
2018-06-26,106.55,107.6,103.0,105.25,84131.0
2018-06-27,105.0,106.4,99.5,100.55,87961.0
2018-06-28,100.55,101.05,93.8,95.65,78083.0
2018-06-29,96.8,104.6,96.8,103.5,79375.0
2018-07-02,104.8,104.85,98.6,98.95,44031.0
2018-07-03,98.2,102.5,98.05,99.1,59642.0
2018-07-04,99.85,100.8,96.5,99.55,36033.0
2018-07-05,101.35,103.0,96.0,96.95,29795.0
2018-07-06,96.95,100.85,96.3,97.6,32874.0
2018-07-09,98.15,100.8,98.1,100.1,39987.0
2018-07-10,100.1,103.0,100.1,102.45,60261.0
2018-07-11,101.95,102.8,100.1,100.3,27952.0
2018-07-12,100.5,107.85,99.75,100.25,179099.0
2018-07-13,100.5,101.0,97.15,97.6,44079.0
2018-07-16,97.2,98.45,93.0,93.65,55581.0
2018-07-17,92.55,95.35,92.55,94.35,46458.0
2018-07-18,94.7,95.9,92.0,92.4,34299.0
2018-07-19,92.75,93.8,90.15,91.6,61877.0
2018-07-20,91.4,94.0,89.5,92.5,70493.0
2018-07-23,92.6,94.6,90.8,93.2,43381.0
2018-07-24,93.0,99.0,92.25,95.6,78478.0
2018-07-25,96.4,98.1,95.7,96.35,25882.0
2018-07-26,97.4,97.4,92.35,93.55,38323.0
2018-07-27,93.5,98.45,93.5,95.3,53669.0
2018-07-30,95.7,97.6,94.8,95.75,47221.0
2018-07-31,95.75,105.9,95.75,102.95,306791.0
2018-08-01,102.8,104.05,100.1,102.05,65760.0
2018-08-02,101.75,104.05,99.0,101.4,68250.0
2018-08-03,102.35,104.5,101.9,102.45,62245.0
2018-08-06,102.6,110.65,102.5,107.6,208657.0
2018-08-07,108.8,110.4,104.2,105.55,88191.0
2018-08-08,105.0,106.35,104.4,105.0,41483.0
2018-08-09,105.0,109.0,104.1,104.9,70611.0
2018-08-10,105.55,105.55,101.5,102.3,40856.0
2018-08-13,101.0,101.0,98.45,99.05,70884.0
2018-08-14,100.8,101.9,97.5,99.2,62005.0
2018-08-16,100.9,100.9,95.1,95.65,71829.0
2018-08-17,97.5,98.7,96.1,96.45,68095.0
2018-08-20,97.0,99.1,97.0,97.75,34413.0
2018-08-21,97.75,97.95,95.5,96.35,47609.0
2018-08-23,96.7,104.1,95.35,95.7,73927.0
2018-08-24,95.7,97.65,95.1,95.6,97269.0
2018-08-27,96.85,98.1,95.1,95.5,136534.0
2018-08-28,95.5,96.8,94.0,94.2,63473.0
2018-08-29,94.0,95.1,93.0,93.35,41353.0
2018-08-30,94.0,94.3,92.4,93.75,47357.0
2018-08-31,94.05,94.05,92.25,92.75,76667.0
2018-09-03,93.0,96.05,92.25,94.1,76492.0
2018-09-04,94.1,94.15,91.8,92.75,59087.0
2018-09-05,94.4,94.4,90.5,91.2,61787.0
2018-09-06,91.3,92.4,89.95,91.1,41483.0
2018-09-07,91.1,92.55,90.0,91.05,64171.0
2018-09-10,91.9,92.5,90.1,91.4,44652.0
2018-09-11,91.35,92.1,88.0,88.6,59692.0
2018-09-12,88.6,89.5,85.15,85.95,57326.0
2018-09-14,85.7,87.5,85.7,86.45,53252.0
2018-09-17,86.8,86.8,84.8,86.2,48155.0
2018-09-18,85.0,85.95,84.05,84.35,40976.0
2018-09-19,84.35,85.25,81.15,81.95,67462.0
2018-09-21,82.95,83.0,69.95,78.2,169414.0
2018-09-24,78.7,79.8,70.0,72.2,127013.0
2018-09-25,71.4,77.75,70.55,76.4,201877.0
2018-09-26,77.2,78.85,76.05,77.55,82968.0
2018-09-27,76.5,77.5,71.1,72.25,45995.0
2018-09-28,71.0,75.95,71.0,71.8,82868.0
2018-10-01,70.5,76.0,70.5,75.3,80715.0
2018-10-03,75.25,76.55,70.1,75.3,128311.0
2018-10-04,72.35,76.95,72.35,74.05,49204.0
2018-10-05,72.25,75.75,71.5,71.85,46305.0
2018-10-08,71.0,71.75,61.95,66.55,88357.0
2018-10-09,68.4,69.8,65.05,67.4,44946.0
2018-10-10,66.05,71.85,66.05,69.85,55420.0
2018-10-11,68.0,69.0,65.0,67.65,33023.0
2018-10-12,67.85,70.5,67.25,68.4,34780.0
2018-10-15,69.75,69.75,68.05,68.85,25381.0
2018-10-16,70.1,72.0,68.35,70.2,60741.0
2018-10-17,72.95,72.95,66.0,66.7,51747.0
2018-10-19,66.8,69.6,66.3,69.15,307021.0
2018-10-22,70.95,70.95,66.0,66.1,22025.0
2018-10-23,66.85,68.9,65.2,66.85,24845.0
2018-10-24,66.25,68.05,63.95,65.55,51680.0
2018-10-25,65.0,65.05,62.0,63.3,32422.0
2018-10-26,62.8,70.9,60.75,61.55,152724.0
2018-10-29,62.0,64.9,57.3,63.85,67189.0
2018-10-30,63.65,65.05,63.15,63.9,44284.0
2018-10-31,64.45,64.9,63.15,64.4,39030.0
2018-11-01,65.65,66.9,64.0,65.1,52661.0
2018-11-02,66.1,69.8,65.1,68.9,92204.0
2018-11-05,69.0,71.0,64.65,65.95,79232.0
2018-11-06,67.0,67.85,66.05,67.25,29704.0
2018-11-07,69.0,70.75,68.45,69.3,15488.0
2018-11-09,68.75,70.5,68.4,69.15,18811.0
2018-11-12,69.6,70.0,67.3,67.6,30080.0
2018-11-13,67.85,67.9,66.4,67.2,18444.0
2018-11-14,68.45,70.8,64.0,64.25,153544.0
2018-11-15,64.3,64.3,60.0,60.9,83526.0
2018-11-16,62.4,62.4,59.4,60.1,45254.0
2018-11-19,59.6,60.85,59.5,59.9,40073.0
2018-11-20,59.5,60.4,59.0,59.8,49781.0
2018-11-21,60.0,60.15,58.25,59.0,26754.0
2018-11-22,60.5,60.5,57.0,57.4,76247.0
2018-11-26,57.4,58.1,55.9,56.5,43192.0
2018-11-27,56.4,58.85,56.0,58.1,52967.0
2018-11-28,59.45,59.45,56.05,56.3,15139.0
2018-11-29,57.4,57.95,55.95,56.95,36349.0
2018-11-30,57.3,58.75,57.3,58.25,31671.0
2018-12-03,58.05,58.9,57.5,57.95,25055.0
2018-12-04,57.95,58.8,57.25,57.65,13247.0
2018-12-05,56.25,58.9,56.25,58.25,36990.0
2018-12-06,58.65,58.7,57.0,57.4,14480.0
2018-12-07,57.65,58.1,57.0,57.3,18481.0
2018-12-10,55.05,56.3,52.5,53.85,42593.0
2018-12-11,53.0,57.0,52.95,56.75,18787.0
2018-12-12,57.8,60.55,56.0,60.1,38073.0
2018-12-13,61.4,69.9,59.85,67.35,182397.0
2018-12-14,66.2,69.4,66.2,67.65,71814.0
2018-12-17,68.4,69.4,66.15,67.0,24680.0
2018-12-18,67.0,67.45,64.2,65.35,19093.0
2018-12-19,65.05,68.5,65.05,67.0,42569.0
2018-12-20,67.6,74.8,67.4,72.7,235090.0
2018-12-21,72.5,73.4,69.5,69.75,50948.0
2018-12-24,69.7,70.0,67.05,67.45,21532.0
2018-12-26,69.7,69.7,64.1,67.05,32772.0
2018-12-27,69.45,70.0,66.2,66.45,23997.0
2018-12-28,68.75,68.75,66.5,66.9,16576.0
2018-12-31,67.5,69.8,66.1,68.05,20335.0
2019-01-01,67.5,73.45,67.5,71.4,90720.0
2019-01-02,71.2,72.4,69.0,69.85,43508.0
2019-01-03,69.0,70.8,68.2,68.9,15067.0
2019-01-04,68.85,69.7,67.25,67.7,11627.0
2019-01-07,68.55,74.9,68.55,70.6,102474.0
2019-01-08,71.0,73.4,69.2,70.8,46500.0
2019-01-09,70.7,73.0,69.05,70.05,42557.0
2019-01-10,70.65,71.3,69.1,69.8,25250.0
2019-01-11,70.0,70.6,68.1,68.3,18581.0
2019-01-14,68.0,68.05,65.6,66.85,21295.0
2019-01-15,67.45,68.45,65.5,67.3,23768.0
2019-01-16,67.9,68.5,66.5,66.85,15111.0
2019-01-17,67.5,69.4,66.6,67.2,35414.0
2019-01-18,68.2,70.0,66.5,66.85,36687.0
2019-01-21,66.8,67.0,64.7,64.9,28650.0
2019-01-22,65.0,65.0,62.6,63.2,27674.0
2019-01-23,63.95,64.0,62.6,63.05,22650.0
2019-01-24,63.5,63.8,61.5,61.75,17404.0
2019-01-25,62.2,62.5,59.75,60.35,20990.0
2019-01-28,59.25,60.4,57.65,59.6,27108.0
2019-01-29,59.05,59.9,58.0,58.5,11829.0
2019-01-30,59.05,59.5,57.0,57.15,14942.0
2019-01-31,57.7,62.0,56.05,60.0,25034.0
2019-02-01,62.0,63.7,59.35,60.7,63481.0
2019-02-04,58.7,60.0,57.35,57.7,12929.0
2019-02-05,57.7,58.15,56.7,56.95,13429.0
2019-02-06,57.5,58.0,54.75,55.6,21090.0
2019-02-07,55.0,57.0,54.0,55.4,33420.0
2019-02-08,55.7,58.5,54.4,56.4,11469.0
2019-02-11,56.3,56.6,52.5,54.05,32199.0
2019-02-12,54.05,55.5,53.5,54.05,25365.0
2019-02-13,54.15,54.8,51.05,51.55,44244.0
2019-02-14,52.6,55.0,50.1,54.2,145109.0
2019-02-15,53.9,54.0,50.75,52.35,39539.0
2019-02-18,51.05,52.0,50.0,50.75,20344.0
2019-02-19,51.8,53.6,51.5,51.9,17184.0
2019-02-20,51.95,54.2,51.1,53.5,22569.0
2019-02-21,53.0,54.0,51.1,53.5,30866.0
2019-02-22,53.95,56.0,53.95,55.4,33036.0
2019-02-25,58.4,60.4,57.1,58.05,101706.0
2019-02-26,55.7,57.5,55.55,56.15,25381.0
2019-02-27,56.8,61.6,56.8,58.25,79943.0
2019-02-28,60.4,60.4,56.5,57.75,27754.0
2019-03-01,58.8,59.9,58.25,59.5,38636.0
2019-03-05,59.9,62.95,59.0,61.8,48327.0
2019-03-06,62.75,66.7,61.05,65.25,106012.0
2019-03-07,64.0,71.0,64.0,68.6,108000.0
2019-03-08,67.75,68.55,66.25,66.6,33221.0
2019-03-11,67.55,69.55,67.2,68.55,66799.0
2019-03-12,69.5,70.1,67.0,67.55,70179.0
2019-03-13,67.05,69.3,66.3,66.5,48814.0
2019-03-14,66.95,68.45,66.35,67.95,58966.0
2019-03-15,67.95,68.5,64.9,65.4,58804.0
2019-03-18,65.9,67.75,64.4,65.3,51887.0
2019-03-19,65.85,65.95,64.0,64.2,33924.0
2019-03-20,64.45,65.15,63.3,63.55,17267.0
2019-03-22,63.85,64.15,60.6,61.15,27305.0
2019-03-25,58.9,61.1,58.9,60.15,19275.0
2019-03-26,60.45,60.5,59.0,59.15,31175.0
2019-03-27,59.05,59.95,57.65,57.95,47377.0
2019-03-28,59.1,59.95,58.5,58.75,38058.0
2019-03-29,59.0,61.85,58.85,60.65,54937.0
2019-04-01,67.0,67.0,61.25,63.55,44468.0
2019-04-02,64.0,64.0,62.3,62.6,19930.0
2019-04-03,63.1,65.2,62.0,62.3,32111.0
2019-04-04,62.95,65.0,61.8,63.55,33894.0
2019-04-05,63.05,63.85,61.1,62.45,19536.0
2019-04-08,63.0,63.45,60.6,61.5,33792.0
2019-04-09,61.15,71.4,59.7,70.55,548295.0
2019-04-10,69.6,71.75,66.5,67.05,201752.0
2019-04-11,66.15,71.85,66.15,70.2,279010.0
2019-04-12,69.7,71.0,68.1,68.65,49851.0
2019-04-15,69.3,72.6,68.1,69.8,111503.0
2019-04-16,69.95,70.8,67.95,68.2,56409.0
2019-04-18,69.5,69.5,64.5,65.2,102989.0
2019-04-22,65.05,65.5,62.0,62.35,35914.0
2019-04-23,62.9,67.7,62.9,64.05,33117.0
2019-04-24,63.2,64.05,62.1,62.7,34129.0
2019-04-25,63.45,64.05,60.0,60.4,49686.0
2019-04-26,61.05,61.6,59.95,60.6,33215.0
2019-04-30,60.35,60.35,57.15,58.35,38109.0
2019-05-02,58.95,62.5,58.9,59.1,60494.0
2019-05-03,59.45,60.25,57.75,58.1,31400.0
2019-05-06,56.2,58.2,56.2,56.95,44452.0
2019-05-07,57.75,58.0,55.1,56.2,16426.0
2019-05-08,56.05,56.05,55.15,55.2,14188.0
2019-05-09,55.0,55.8,53.5,54.75,22662.0
2019-05-10,55.75,55.8,54.2,54.5,20821.0
2019-05-13,54.0,55.2,51.6,52.15,21222.0
2019-05-14,51.35,52.9,51.1,51.3,45645.0
2019-05-15,51.0,52.3,50.5,51.6,21020.0
2019-05-16,51.05,52.5,51.0,51.25,35388.0
2019-05-17,51.85,53.55,51.1,52.5,30834.0
2019-05-20,54.25,58.8,53.75,56.95,53423.0
2019-05-21,57.9,60.0,56.0,56.6,44217.0
2019-05-22,57.7,59.0,55.6,58.05,19691.0
2019-05-23,61.8,61.8,56.2,56.65,33225.0
2019-05-24,57.35,58.8,56.7,57.65,35422.0
2019-05-27,58.6,61.7,57.2,61.0,77690.0
2019-05-28,61.05,63.2,60.85,61.25,55588.0
2019-05-29,60.35,61.4,58.7,59.05,48951.0
2019-05-30,59.0,61.45,59.0,60.75,26839.0
2019-05-31,60.0,60.0,57.7,57.9,54657.0
2019-06-03,57.3,57.6,56.6,57.1,22601.0
2019-06-04,57.05,59.05,56.85,58.1,20657.0
2019-06-06,57.6,58.55,56.6,56.75,11656.0
2019-06-07,58.15,58.2,56.35,56.9,24492.0
2019-06-10,57.95,58.9,54.15,54.6,37197.0
2019-06-11,54.05,54.5,51.7,52.7,39853.0
2019-06-12,52.7,53.9,52.0,52.3,10628.0
2019-06-13,52.15,53.1,50.35,52.45,10073.0
2019-06-14,52.0,52.8,51.15,52.15,10697.0
2019-06-17,52.15,52.15,49.45,50.1,24566.0
2019-06-18,49.5,50.8,49.15,49.35,24869.0
2019-06-19,49.1,50.85,45.55,46.4,43308.0
2019-06-20,46.6,47.0,43.05,46.6,38241.0
2019-06-21,44.1,48.45,44.1,47.35,16204.0
2019-06-24,46.35,49.8,46.35,48.05,33252.0
2019-06-25,48.05,49.65,46.2,46.75,11143.0
2019-06-26,46.0,47.8,45.6,47.0,7441.0
2019-06-27,46.5,49.7,46.25,48.3,14296.0
2019-06-28,46.1,54.0,46.1,47.85,16627.0
2019-07-01,47.2,49.55,46.1,46.85,15316.0
2019-07-02,45.65,47.8,45.65,46.75,8765.0
2019-07-03,45.95,47.9,45.95,47.55,11935.0
2019-07-04,46.55,48.3,46.55,47.15,6860.0
2019-07-05,46.3,49.65,46.25,46.65,58929.0
2019-07-08,45.2,47.0,44.15,44.9,23683.0
2019-07-09,45.85,46.45,44.0,44.5,15396.0
2019-07-10,43.6,44.9,43.0,43.4,19746.0
2019-07-11,43.4,45.9,43.0,44.85,35371.0
2019-07-12,46.0,46.0,43.2,43.75,23740.0
2019-07-15,44.85,45.7,42.0,42.45,53020.0
2019-07-16,42.0,42.5,39.55,39.9,57445.0
2019-07-17,39.9,40.8,35.2,35.9,106500.0
2019-07-18,35.9,39.1,35.85,37.2,91334.0
2019-07-19,37.2,38.9,35.5,35.75,34020.0
2019-07-22,36.0,36.0,33.85,34.25,47700.0
2019-07-23,33.5,35.6,33.5,34.4,25685.0
2019-07-24,33.75,35.45,32.95,33.35,26717.0
2019-07-25,33.5,34.75,33.3,34.1,28196.0
2019-07-26,33.2,34.7,33.2,33.85,17714.0
2019-07-29,33.0,34.2,33.0,33.1,11924.0
2019-07-30,32.6,33.4,30.4,31.55,49172.0
2019-07-31,30.7,32.05,29.0,31.1,68438.0
2019-08-01,30.4,31.0,29.1,29.75,16618.0
2019-08-02,29.0,30.5,28.4,29.7,28055.0
2019-08-05,29.55,29.65,28.0,28.7,21075.0
2019-08-06,28.5,34.4,28.1,34.4,44228.0
2019-08-07,38.7,41.25,35.85,40.55,192038.0
2019-08-08,40.55,42.45,37.3,39.1,55930.0
2019-08-09,39.2,42.95,39.0,40.15,44128.0
2019-08-13,39.5,41.5,38.05,38.7,21330.0
2019-08-14,39.9,39.9,35.35,35.85,48046.0
2019-08-16,34.0,34.8,32.7,33.3,29091.0
2019-08-19,33.4,34.4,32.55,33.35,18073.0
2019-08-20,33.05,33.45,31.1,31.4,18635.0
2019-08-21,31.0,33.0,31.0,32.8,11390.0
2019-08-22,32.15,32.9,31.25,31.55,15887.0
2019-08-23,31.0,32.0,30.25,31.6,24132.0
2019-08-26,33.0,35.9,32.5,34.05,42151.0
2019-08-27,34.9,36.9,34.8,35.9,37681.0
2019-08-28,35.9,37.15,35.25,36.6,23005.0
2019-08-29,36.85,37.75,36.2,36.5,12169.0
2019-08-30,36.1,38.0,34.25,36.25,20857.0
2019-09-03,36.25,36.25,34.35,34.65,9051.0
2019-09-04,34.0,35.0,33.5,33.95,17623.0
2019-09-05,34.75,36.0,33.2,34.6,14292.0
2019-09-06,34.5,35.9,33.2,33.45,18380.0
2019-09-09,32.3,34.7,32.1,32.5,28390.0
2019-09-11,32.75,35.9,32.75,35.05,37077.0
2019-09-12,36.5,37.5,35.0,36.8,46578.0
2019-09-13,36.7,39.3,36.15,38.65,71999.0
2019-09-16,40.75,45.95,40.05,44.25,197185.0
2019-09-17,45.9,47.0,41.1,42.35,107998.0
2019-09-18,45.7,45.7,41.2,42.65,41471.0
2019-09-19,43.45,44.5,40.7,41.2,48946.0
2019-09-20,41.65,44.75,40.25,42.35,64539.0
2019-09-23,44.0,44.7,41.35,43.05,54787.0
2019-09-24,41.5,44.15,41.5,42.9,16581.0
2019-09-25,42.5,42.8,40.05,40.35,20974.0
2019-09-26,39.05,42.8,39.05,41.3,31691.0
2019-09-27,40.95,42.0,40.15,40.75,23814.0
2019-09-30,40.55,40.7,39.0,39.3,14297.0
2019-10-01,39.3,40.0,35.8,37.0,11559.0
2019-10-03,36.5,37.8,35.15,36.0,24438.0
2019-10-04,36.1,36.85,34.55,35.0,13861.0
2019-10-07,34.55,35.9,32.6,33.35,27805.0
2019-10-09,33.05,37.5,31.5,36.5,51555.0
2019-10-10,36.0,38.65,34.05,35.9,56225.0
2019-10-11,36.7,36.7,34.0,34.45,14168.0
2019-10-14,33.7,35.8,33.6,34.8,19057.0
2019-10-15,39.6,39.6,34.0,34.3,34784.0
2019-10-16,34.75,36.0,34.2,35.55,11270.0
2019-10-17,35.45,36.5,34.4,36.1,13995.0
2019-10-18,36.05,38.9,34.4,37.1,26166.0
2019-10-22,38.5,38.5,34.95,35.15,29776.0
2019-10-23,34.2,34.95,34.2,34.35,27303.0
2019-10-24,34.0,35.05,33.5,33.7,13384.0
2019-10-25,34.35,36.0,32.65,33.55,29414.0
2019-10-27,33.0,34.8,33.0,34.05,13810.0
2019-10-29,33.85,34.95,33.55,34.05,24052.0
2019-10-30,34.4,35.45,33.2,34.55,36696.0
2019-10-31,36.95,38.0,35.0,35.95,66535.0
2019-11-01,36.9,36.9,35.1,35.6,7712.0
2019-11-04,35.05,36.55,34.3,34.65,28623.0
2019-11-05,34.35,34.95,34.0,34.05,8092.0
2019-11-06,35.3,37.75,34.15,36.3,69189.0
2019-11-07,37.55,39.6,35.3,36.0,71156.0
2019-11-08,36.0,36.65,35.0,35.05,29891.0
2019-11-11,34.55,35.8,34.25,35.3,21661.0
2019-11-13,36.8,36.8,33.95,34.6,20415.0
2019-11-14,34.6,34.6,33.3,33.5,19127.0
2019-11-15,33.05,33.9,31.6,32.15,40790.0
2019-11-18,31.95,32.8,31.45,31.8,19418.0
2019-11-19,32.5,33.8,29.6,30.15,37071.0
2019-11-20,30.15,32.1,30.1,31.1,89911.0
2019-11-21,31.5,32.4,30.8,30.95,30210.0
2019-11-22,31.45,31.6,30.05,30.9,33110.0
2019-11-25,30.9,31.0,29.95,30.75,83692.0
2019-11-26,31.0,31.05,30.2,30.7,33337.0
2019-11-27,31.1,31.5,30.0,30.15,33053.0
2019-11-28,30.2,30.8,30.0,30.2,19718.0
2019-11-29,30.55,30.55,29.1,30.0,28139.0
2019-12-02,30.0,30.4,29.35,29.55,19525.0
2019-12-03,29.9,30.0,29.0,29.05,30095.0
2019-12-04,29.75,29.95,29.1,29.9,14158.0
2019-12-05,29.55,30.0,29.45,29.5,5700.0
2019-12-06,29.25,29.95,29.0,29.75,17503.0
2019-12-09,29.8,29.85,28.7,28.75,14580.0
2019-12-10,28.35,29.0,28.2,28.45,7562.0
2019-12-11,28.7,29.4,28.15,28.9,17612.0
2019-12-12,28.95,29.85,28.1,28.35,17741.0
2019-12-13,29.4,29.45,28.35,28.8,10898.0
2019-12-16,30.0,33.9,29.0,31.15,139564.0
2019-12-17,30.95,31.75,30.6,31.5,82251.0
2019-12-18,31.1,32.5,31.0,32.2,25251.0
2019-12-19,32.95,32.95,30.5,31.25,11807.0
2019-12-20,31.45,31.8,30.8,31.1,14288.0
2019-12-23,30.25,31.65,30.25,31.25,9995.0
2019-12-24,30.6,31.9,30.25,31.4,14811.0
2019-12-26,31.5,31.75,31.15,31.2,9597.0
2019-12-27,31.7,31.75,30.3,30.8,20688.0
2019-12-30,32.0,32.0,30.5,31.85,22143.0
2019-12-31,32.9,32.9,32.05,32.6,22501.0
2020-01-01,32.7,32.9,31.5,32.55,12767.0
2020-01-02,32.55,39.0,32.25,37.4,129847.0
2020-01-03,37.6,39.9,36.1,36.35,60643.0
2020-01-06,34.7,35.1,33.5,34.2,40165.0
2020-01-07,34.9,36.35,33.5,34.95,78915.0
2020-01-08,34.4,34.85,33.9,34.35,11718.0
2020-01-09,34.3,37.0,34.3,35.8,27720.0
2020-01-10,36.8,42.95,36.1,42.95,383571.0
2020-01-13,46.9,49.85,41.75,44.45,259476.0
2020-01-14,43.75,43.75,41.45,42.1,69717.0
2020-01-15,42.95,44.8,41.55,43.4,104371.0
2020-01-16,41.3,43.9,41.3,41.7,15280.0
2020-01-17,43.75,43.75,41.1,41.85,10326.0
2020-01-20,43.8,43.8,39.8,40.15,25649.0
2020-01-21,40.0,41.4,38.55,39.35,10695.0
2020-01-22,39.0,39.0,37.4,37.55,19031.0
2020-01-23,37.3,37.5,36.3,36.7,17851.0
2020-01-24,38.3,38.3,35.85,37.05,11928.0
2020-01-27,36.1,38.65,36.0,38.45,13658.0
2020-01-28,38.6,39.8,37.75,38.75,11291.0
2020-01-29,38.5,40.65,37.0,37.3,13740.0
2020-01-30,37.3,38.35,36.0,37.25,9108.0
2020-01-31,38.0,39.0,36.1,36.6,9151.0
2020-02-01,37.5,38.3,35.6,35.9,13695.0
2020-02-03,35.15,35.5,34.15,34.15,19465.0
2020-02-04,34.15,34.3,32.6,33.5,6737.0
2020-02-05,32.7,35.15,32.7,35.15,26017.0
2020-02-06,36.7,36.9,36.7,36.9,14927.0
2020-02-07,36.9,38.7,36.9,38.7,6341.0
2020-02-10,37.05,38.95,37.05,37.5,4840.0
2020-02-11,37.1,37.1,36.1,36.3,3825.0
2020-02-12,34.7,36.85,34.6,34.7,9843.0
2020-02-13,33.15,35.0,33.1,34.8,5481.0
2020-02-14,35.0,35.0,33.25,33.4,7936.0
2020-02-17,32.25,33.5,31.75,32.6,14620.0
2020-02-18,32.5,32.5,31.0,31.2,23341.0
2020-02-19,31.0,32.4,31.0,31.65,6196.0
2020-02-20,31.0,33.2,31.0,32.9,18669.0
2020-02-24,32.6,32.6,31.3,31.35,17769.0
2020-02-25,31.0,31.2,29.8,30.0,24160.0
2020-02-26,29.1,30.0,28.5,29.5,25764.0
2020-02-27,29.0,30.75,28.35,30.35,15746.0
2020-02-28,30.0,30.0,28.85,28.85,19723.0
2020-03-02,27.45,29.05,27.45,28.85,15581.0
2020-03-03,29.0,29.6,28.1,28.35,16547.0
2020-03-04,29.65,29.65,27.0,27.45,19212.0
2020-03-05,27.45,28.0,26.85,27.15,8041.0
2020-03-06,27.0,27.0,25.8,25.8,21671.0
2020-03-09,24.6,25.45,24.55,24.55,32093.0
2020-03-11,24.15,25.75,23.35,25.5,84230.0
2020-03-12,24.25,25.0,24.25,24.25,8393.0
2020-03-13,23.05,25.25,23.05,23.15,37260.0
2020-03-16,23.0,24.3,22.0,22.5,45997.0
2020-03-17,21.55,22.5,21.4,21.4,23134.0
2020-03-18,21.4,21.8,20.35,20.35,23325.0
2020-03-19,19.35,20.95,19.35,20.25,400234.0
2020-03-20,20.35,20.55,19.25,19.3,77783.0
2020-03-23,18.35,18.95,18.35,18.35,26132.0
2020-03-24,19.25,19.25,17.45,18.95,175571.0
2020-03-25,18.05,19.85,18.05,18.25,21701.0
2020-03-26,17.5,19.15,17.5,19.1,54144.0
2020-03-27,19.95,19.95,18.95,19.15,13523.0
2020-03-30,19.2,19.3,18.2,18.2,12839.0
2020-03-31,17.4,18.7,17.35,17.75,52525.0
2020-04-01,18.5,18.6,18.0,18.6,13254.0
2020-04-03,18.1,19.5,18.1,19.5,9753.0
2020-04-07,19.0,20.45,19.0,20.45,33621.0
2020-04-08,21.45,21.45,20.05,20.55,15988.0
2020-04-09,20.5,22.45,19.75,22.05,33136.0
2020-04-13,20.1,23.85,20.05,21.55,17940.0
2020-04-15,21.55,22.05,20.5,21.1,23238.0
2020-04-16,22.75,23.2,21.0,22.8,16470.0
2020-04-17,24.5,24.55,23.1,24.2,17441.0
2020-04-20,26.55,26.55,24.15,25.05,8659.0
2020-04-21,23.25,25.0,22.55,23.2,15048.0
2020-04-22,24.35,25.5,21.15,25.45,104804.0
2020-04-23,27.35,27.35,24.0,26.35,29364.0
2020-04-24,25.45,26.25,24.55,25.65,15629.0
2020-04-27,24.25,26.7,23.5,24.95,16072.0
2020-04-28,25.8,25.8,24.5,24.65,19702.0
2020-04-29,25.0,25.0,23.7,24.55,19196.0
2020-04-30,24.8,25.85,24.5,24.55,19651.0
2020-05-04,22.35,23.5,22.35,23.35,10283.0
2020-05-05,23.35,23.9,21.5,22.15,16392.0
2020-05-06,21.65,22.9,21.5,22.0,11243.0
2020-05-07,22.25,22.65,22.0,22.1,11251.0
2020-05-08,22.15,22.95,21.5,21.85,18033.0
2020-05-11,23.35,23.6,22.15,23.15,15123.0
2020-05-12,24.0,24.0,21.35,22.35,6187.0
2020-05-13,24.3,24.45,21.55,24.25,17598.0
2020-05-14,22.55,24.5,22.55,23.35,5398.0
2020-05-15,25.45,25.45,22.8,23.05,8562.0
2020-05-18,23.65,23.65,21.15,21.45,26809.0
2020-05-19,21.85,21.95,21.0,21.15,7337.0
2020-05-20,20.7,21.9,20.5,21.1,18049.0
2020-05-21,20.2,21.5,19.8,21.3,16257.0
2020-05-22,20.55,21.6,20.55,20.85,14161.0
2020-05-26,20.15,21.45,19.95,20.85,29535.0
2020-05-27,20.85,21.25,20.5,20.8,3420.0
2020-05-28,21.45,21.45,19.6,20.75,62170.0
2020-05-29,20.35,21.4,19.85,20.95,7290.0
2020-06-01,20.1,21.8,20.0,20.85,52763.0
2020-06-02,20.55,21.5,20.45,21.2,44903.0
2020-06-03,21.75,22.0,20.25,21.75,41832.0
2020-06-04,21.05,23.3,21.05,22.9,31796.0
2020-06-05,22.9,24.4,21.85,24.25,30798.0
2020-06-08,25.95,26.65,24.5,25.9,40285.0
2020-06-09,27.8,27.8,24.75,24.95,16050.0
2020-06-10,25.55,25.55,24.15,24.85,5279.0
2020-06-11,23.85,25.5,22.5,23.15,38048.0
2020-06-12,21.05,24.4,21.05,23.55,15550.0
2020-06-15,23.55,23.7,22.5,23.3,9457.0
2020-06-16,23.5,24.15,22.15,22.65,18058.0
2020-06-17,22.2,23.5,21.7,22.65,47183.0
2020-06-18,22.4,23.35,22.0,22.9,31265.0
2020-06-19,23.85,24.0,22.8,23.6,22720.0
2020-06-22,25.95,25.95,25.95,25.95,45360.0
2020-06-23,28.5,28.5,28.5,28.5,51239.0
2020-06-24,31.3,31.35,30.05,31.35,68472.0
2020-06-25,32.9,32.9,29.8,32.85,119682.0
2020-06-26,33.85,34.0,32.1,33.1,61990.0
2020-06-29,33.5,33.5,31.45,31.65,32546.0
2020-06-30,30.2,31.55,30.1,30.1,39792.0
2020-07-01,28.65,29.4,28.6,28.6,31259.0
2020-07-02,28.5,28.5,27.2,27.2,16190.0
2020-07-03,26.8,26.8,25.85,25.85,17178.0
2020-07-06,24.65,25.5,24.6,25.4,34987.0
2020-07-07,25.8,26.6,25.25,26.3,14345.0
2020-07-08,26.3,27.45,25.5,25.65,11663.0
2020-07-09,25.65,26.9,25.25,26.25,17103.0
2020-07-10,25.2,26.45,25.2,25.55,4972.0
2020-07-13,25.65,25.7,24.35,24.6,11313.0
2020-07-14,24.0,25.5,23.55,24.25,15355.0
2020-07-15,23.5,25.0,23.4,23.5,9537.0
2020-07-16,24.45,24.45,22.75,23.45,8461.0
2020-07-17,23.0,24.2,22.65,23.95,16675.0
2020-07-20,23.3,24.8,22.9,24.45,26350.0
2020-07-21,24.5,25.0,23.6,24.05,12290.0
2020-07-22,23.6,25.25,23.3,23.9,10067.0
2020-07-23,23.45,24.0,23.1,23.55,15019.0
2020-07-24,23.1,24.7,23.0,24.4,20575.0
2020-07-27,24.5,24.5,23.4,23.85,7290.0
2020-07-28,23.5,24.45,22.95,23.6,22865.0
2020-07-29,24.0,24.65,23.2,23.5,14926.0
2020-07-30,23.0,24.0,23.0,23.55,7710.0
2020-07-31,23.05,24.45,22.5,23.15,21706.0
2020-08-03,22.7,24.0,22.7,23.25,11090.0
2020-08-04,22.3,23.8,22.1,23.25,25173.0
2020-08-05,23.9,23.9,23.05,23.7,5315.0
2020-08-06,23.7,24.5,23.15,23.55,4399.0
2020-08-07,23.85,24.05,23.25,23.45,9347.0
2020-08-10,23.35,24.2,23.05,23.5,7708.0
2020-08-11,24.0,24.2,22.65,23.9,9859.0
2020-08-12,23.05,24.65,23.05,24.35,20148.0
2020-08-13,24.95,25.45,23.4,24.45,12062.0
2020-08-14,24.1,25.05,23.9,24.45,15342.0
2020-08-17,24.45,25.0,23.7,24.1,16713.0
2020-08-18,24.05,25.3,23.8,25.3,32605.0
2020-08-19,26.55,26.55,25.55,26.55,17674.0
2020-08-20,27.85,27.85,27.85,27.85,25327.0
2020-08-21,29.2,29.2,29.2,29.2,6851.0
2020-08-24,30.1,30.25,27.85,29.8,97287.0
2020-08-25,29.7,29.75,28.5,28.65,26343.0
2020-08-26,29.55,30.05,28.85,30.05,46630.0
2020-08-27,30.95,31.55,30.05,31.55,41259.0
2020-08-28,32.15,32.35,30.1,31.9,41631.0
2020-08-31,30.6,31.35,30.35,30.35,45442.0
2020-09-01,29.0,30.0,29.0,29.3,12984.0
2020-09-02,29.0,29.9,28.45,29.45,7506.0
2020-09-03,29.45,30.0,28.55,29.05,9671.0
2020-09-04,29.8,29.8,27.6,27.95,44639.0
2020-09-07,26.75,28.1,26.75,27.65,9139.0
2020-09-08,27.0,27.6,26.55,27.35,10737.0
2020-09-09,27.2,27.2,26.0,26.1,17906.0
2020-09-10,27.4,27.4,25.95,26.15,7188.0
2020-09-11,25.5,27.2,25.45,25.85,3414.0
2020-09-14,26.05,26.95,25.55,26.45,14737.0
2020-09-15,26.35,27.25,25.4,26.25,6135.0
2020-09-16,26.05,27.55,25.35,26.4,25985.0
2020-09-17,25.75,27.35,25.75,27.0,14871.0
2020-09-18,27.0,27.9,25.75,26.1,25086.0
2020-09-21,26.1,26.95,25.5,25.55,7106.0
2020-09-22,24.6,26.5,24.3,25.95,18659.0
2020-09-23,25.35,25.75,25.1,25.75,5452.0
2020-09-24,25.2,26.9,24.5,26.25,25664.0
2020-09-25,26.35,27.55,25.25,27.35,15002.0
2020-09-28,27.3,28.3,26.85,27.55,6156.0
2020-09-29,27.05,28.25,27.0,27.7,3704.0
2020-09-30,27.55,28.05,27.55,27.6,3882.0
2020-10-01,27.5,28.0,26.6,26.75,6701.0
2020-10-05,26.4,27.6,26.3,26.4,3446.0
2020-10-06,26.05,26.95,25.7,26.4,6042.0
2020-10-07,26.45,27.7,26.0,27.05,12433.0
2020-10-08,26.55,27.45,26.4,26.5,6866.0
2020-10-09,26.5,27.3,26.0,26.5,4303.0
2020-10-12,26.05,27.1,25.8,26.2,4603.0
2020-10-13,27.15,27.2,25.95,26.35,12321.0
2020-10-14,26.1,26.7,25.4,25.95,7413.0
2020-10-15,26.7,26.7,24.8,25.15,16885.0
2020-10-16,24.3,25.5,24.3,25.45,6072.0
2020-10-19,26.25,26.25,25.0,25.45,4110.0
2020-10-20,26.5,26.5,24.3,24.55,16537.0
2020-10-21,25.2,25.45,24.1,24.9,12602.0
2020-10-22,24.75,25.55,24.35,24.65,10895.0
2020-10-23,24.7,25.8,24.7,25.25,6123.0
2020-10-26,25.25,25.95,25.0,25.3,2773.0
2020-10-27,25.05,25.9,24.8,25.0,11067.0
2020-10-28,25.65,25.8,24.5,24.8,2429.0
2020-10-29,24.35,25.25,24.2,25.25,6965.0
2020-10-30,24.3,25.3,24.25,25.0,7819.0
2020-11-02,24.55,26.0,24.5,24.8,10031.0
2020-11-03,25.8,25.8,24.45,24.45,4339.0
2020-11-04,24.55,24.9,24.2,24.25,3690.0
2020-11-05,24.95,24.95,24.3,24.6,4866.0
2020-11-06,24.6,25.25,24.6,24.9,7572.0
2020-11-09,24.9,26.1,24.55,26.1,17323.0
2020-11-10,26.95,27.4,26.25,26.35,10793.0
2020-11-11,26.3,26.85,25.3,26.0,14688.0
2020-11-12,26.7,27.2,25.3,26.75,25569.0
2020-11-13,26.5,27.15,26.05,26.4,7665.0
2020-11-14,26.74436115461511,26.74436115461511,24.49939724557597,25.76828956604004,6293.0
2020-11-17,25.7,27.7,25.6,27.7,11718.0
2020-11-18,28.0,28.85,26.6,26.75,31805.0
2020-11-19,26.8,28.05,25.8,28.05,54945.0
2020-11-20,28.65,28.8,27.45,27.95,17421.0
2020-11-23,28.0,28.2,27.2,27.6,10498.0
2020-11-24,27.75,28.3,27.55,27.8,14433.0
2020-11-25,27.3,28.35,27.1,27.9,13189.0
2020-11-26,28.75,29.25,27.5,29.25,27770.0
2020-11-27,29.3,30.7,28.75,30.7,29683.0
2020-12-01,31.7,32.2,30.0,32.2,32179.0
2020-12-02,33.65,33.8,32.1,33.8,32305.0
2020-12-03,34.95,35.45,34.6,35.45,39651.0
2020-12-04,37.2,37.2,33.8,35.5,114525.0
2020-12-07,35.0,36.8,33.85,33.95,43635.0
2020-12-08,34.75,34.75,32.5,32.95,36593.0
2020-12-09,33.0,33.95,31.55,31.95,37235.0
2020-12-10,31.0,32.8,30.45,31.05,46569.0
2020-12-11,31.15,32.6,30.1,31.7,37458.0
2020-12-14,30.35,33.25,30.35,32.95,37121.0
2020-12-15,33.25,34.0,31.35,31.45,48906.0
2020-12-16,32.0,32.8,31.55,32.0,41730.0
2020-12-17,32.1,33.0,31.9,32.05,17002.0
2020-12-18,31.5,32.25,31.05,31.45,10674.0
2020-12-21,31.45,32.7,29.9,29.95,39516.0
2020-12-22,29.55,30.95,29.15,29.35,21064.0
2020-12-23,30.35,30.8,29.0,30.8,9196.0
2020-12-24,32.15,32.3,31.05,31.25,19661.0
2020-12-28,31.25,32.8,31.25,32.35,33043.0
2020-12-29,31.4,32.95,31.0,31.45,15796.0
2020-12-30,32.9,32.9,31.3,31.95,28835.0
2020-12-31,32.5,32.75,30.4,30.95,73632.0
2021-01-01,31.4,31.75,30.95,31.6,17113.0
2021-01-04,32.05,33.15,31.25,33.15,72235.0
2021-01-05,34.8,34.8,34.8,34.8,28448.0
2021-01-06,36.45,36.5,33.6,34.2,94895.0
2021-01-07,35.85,35.9,34.95,35.9,35774.0
2021-01-08,35.05,37.15,34.25,35.0,49837.0
2021-01-11,35.0,35.85,33.25,33.25,32627.0
2021-01-12,34.25,34.25,31.6,32.05,63570.0
2021-01-13,33.0,33.25,31.5,32.2,50046.0
2021-01-14,31.35,33.4,31.2,33.0,43158.0
2021-01-15,34.4,34.4,31.75,32.05,30672.0
2021-01-18,32.1,32.4,30.8,31.05,21585.0
2021-01-19,31.95,32.6,30.9,32.6,25542.0
2021-01-20,32.7,34.2,32.7,34.2,30862.0
2021-01-21,35.9,35.9,35.9,35.9,18030.0
2021-01-22,37.65,37.65,37.65,37.65,48630.0
2021-01-25,39.5,39.5,39.5,39.5,47999.0
2021-01-27,41.45,41.45,37.55,41.45,413042.0
2021-01-28,42.0,43.5,41.5,43.5,118125.0
2021-01-29,45.65,45.65,45.65,45.65,19494.0
2021-02-01,47.9,47.9,47.9,47.9,30752.0
2021-02-02,50.25,50.25,45.55,50.25,419953.0
2021-02-03,51.45,52.25,48.05,48.9,146905.0
2021-02-04,48.9,50.35,47.5,48.0,40654.0
2021-02-05,49.9,50.25,45.6,46.35,95018.0
2021-02-08,45.55,46.8,43.5,43.85,53168.0
2021-02-09,42.55,43.75,42.15,42.35,38113.0
2021-02-10,43.6,43.95,42.6,43.5,19439.0
2021-02-11,41.85,43.9,41.65,41.7,25886.0
2021-02-12,40.55,42.75,39.65,42.15,72224.0
2021-02-15,41.95,43.35,40.75,41.45,33839.0
2021-02-16,42.5,42.5,40.6,41.55,18958.0
2021-02-17,41.6,41.6,40.15,40.2,34467.0
2021-02-18,41.3,42.25,41.3,42.25,37707.0
2021-02-19,43.8,44.35,43.1,44.0,61638.0
2021-02-22,46.0,46.2,43.6,46.2,48363.0
2021-02-23,48.35,48.5,46.15,48.5,25127.0
2021-02-24,50.75,50.9,50.05,50.9,29512.0
2021-02-25,53.4,53.4,53.35,53.4,35455.0
2021-02-26,55.8,56.05,52.05,56.05,156476.0
2021-03-01,58.85,58.85,57.05,58.8,99982.0
2021-03-02,60.0,61.7,56.0,60.55,190481.0
2021-03-03,62.0,62.0,57.55,57.55,98446.0
2021-03-04,56.05,56.85,54.7,55.45,55841.0
2021-03-05,54.05,57.1,54.0,55.65,37292.0
2021-03-08,55.95,58.4,53.1,53.5,27203.0
2021-03-09,55.8,56.0,52.0,53.15,37613.0
2021-03-10,52.65,55.45,51.5,53.2,33917.0
2021-03-12,54.3,55.7,51.25,53.6,260659.0
2021-03-15,53.4,53.4,51.1,51.45,16192.0
2021-03-16,52.2,52.25,49.75,50.15,19301.0
2021-03-17,51.05,52.65,49.1,51.95,77994.0
2021-03-18,53.0,54.4,51.95,53.0,105834.0
2021-03-19,52.5,55.65,50.35,55.65,124319.0
2021-03-22,56.0,58.4,56.0,58.4,41396.0
2021-03-23,59.85,61.3,58.4,61.3,81068.0
2021-03-24,63.5,63.5,59.1,60.45,90061.0
2021-03-25,58.55,60.75,57.45,57.85,66154.0
2021-03-26,58.9,59.0,55.0,55.0,29808.0
2021-03-30,56.3,56.3,52.65,52.65,39025.0
2021-03-31,53.0,55.65,51.9,55.65,28822.0
2021-04-01,57.9,58.4,57.9,58.4,14555.0
2021-04-05,61.3,61.3,61.3,61.3,21305.0
2021-04-06,64.35,64.35,64.35,64.35,67879.0
2021-04-07,67.55,67.55,67.55,67.55,22739.0
2021-04-08,74.3,74.3,70.9,74.3,202190.0
2021-04-09,77.0,81.7,75.0,81.7,329246.0
2021-04-12,82.75,88.0,73.55,77.8,306171.0
2021-04-13,77.5,85.45,75.0,82.45,276203.0
2021-04-15,84.7,87.0,78.0,81.05,125448.0
2021-04-16,80.25,82.85,75.9,76.35,48891.0
2021-04-19,74.1,77.5,68.75,70.65,77494.0
2021-04-20,70.9,74.85,70.9,73.4,45119.0
2021-04-22,70.55,71.85,66.4,67.15,82616.0
2021-04-23,66.8,68.25,63.9,64.7,74027.0
2021-04-26,64.25,70.85,64.2,68.65,91767.0
2021-04-27,71.65,71.65,66.05,67.45,25482.0
2021-04-28,71.45,71.45,65.15,66.55,22567.0
2021-04-29,68.85,71.0,64.25,70.0,125801.0
2021-04-30,70.1,71.6,67.0,70.2,32410.0
2021-05-03,69.55,74.0,66.75,72.8,107004.0
2021-05-04,69.05,74.1,69.05,73.7,78624.0
2021-05-05,74.45,76.0,72.0,75.1,51866.0
2021-05-06,74.05,75.5,73.0,73.65,48131.0
2021-05-07,72.15,75.8,70.9,74.3,71613.0
2021-05-10,74.0,75.15,67.5,68.45,124582.0
2021-05-11,69.35,69.35,66.0,67.9,51827.0
2021-05-12,70.35,70.35,65.0,65.55,61771.0
2021-05-14,65.65,69.9,65.1,65.5,37074.0
2021-05-17,66.55,67.0,65.05,66.15,19340.0
2021-05-18,66.85,67.55,64.5,64.85,33388.0
2021-05-19,65.0,65.4,63.6,64.15,24664.0
2021-05-20,65.35,65.35,61.0,61.45,31135.0
2021-05-21,62.9,64.5,61.6,62.15,23072.0
2021-05-24,62.3,62.3,60.1,60.75,22045.0
2021-05-25,62.6,65.45,60.5,64.55,63027.0
2021-05-26,65.0,67.5,65.0,66.55,37634.0
2021-05-27,67.7,67.75,62.55,63.45,33496.0
2021-05-28,64.85,67.2,57.6,58.35,159619.0
2021-05-31,59.1,65.45,59.05,65.45,59006.0
2021-06-01,68.95,71.95,68.2,71.95,118587.0
2021-06-02,78.95,79.1,77.95,79.1,113020.0
2021-06-03,87.0,87.0,82.3,87.0,209642.0
2021-06-04,91.35,91.35,91.35,91.35,45248.0
2021-06-07,95.9,95.9,86.8,94.1,436674.0
2021-06-08,93.95,93.95,89.4,90.45,121770.0
2021-06-09,91.9,94.95,88.05,91.8,201741.0
2021-06-10,91.85,93.5,89.0,89.4,47205.0
2021-06-11,91.95,93.85,88.5,93.85,91689.0
2021-06-14,98.5,98.5,95.3,98.5,113126.0
2021-06-15,103.4,103.4,103.4,103.4,32650.0
2021-06-16,103.75,103.75,99.25,101.8,123088.0
2021-06-17,99.0,106.85,98.0,103.85,68949.0
2021-06-18,99.0,108.8,98.75,101.5,31186.0
2021-06-21,98.0,106.5,96.45,101.25,12351.0
2021-06-22,102.0,102.0,97.0,97.7,18028.0
2021-06-23,97.8,100.0,94.35,94.7,14159.0
2021-06-24,94.7,97.4,92.0,92.15,12116.0
2021-06-25,91.5,93.9,89.0,89.35,30642.0
2021-06-28,90.95,93.7,88.2,93.4,15086.0
2021-06-29,94.0,95.9,91.0,94.1,28287.0
2021-06-30,91.0,97.1,91.0,93.8,29852.0
2021-07-01,93.8,95.8,90.75,93.45,40010.0
2021-07-02,95.4,98.1,91.1,95.0,54875.0
2021-07-05,96.0,99.75,94.5,99.2,34706.0
2021-07-06,101.0,104.15,96.0,100.0,49841.0
2021-07-07,100.0,102.45,96.55,98.6,8114.0
2021-07-08,103.0,103.5,97.0,103.2,48446.0
2021-07-09,103.2,108.35,99.15,107.05,220601.0
2021-07-12,107.0,112.4,101.7,109.65,51770.0
2021-07-13,109.65,115.1,106.0,114.9,87909.0
2021-07-14,116.95,120.6,114.0,120.15,108920.0
2021-07-15,122.0,126.15,122.0,124.75,198497.0
2021-07-16,130.95,130.95,125.0,130.85,91740.0
2021-07-19,130.7,130.7,124.35,125.5,62923.0
2021-07-20,120.25,123.35,119.25,120.15,55962.0
2021-07-22,121.95,125.9,114.15,115.05,63315.0
2021-07-23,114.0,114.0,109.3,110.65,36090.0
2021-07-26,109.9,115.95,108.15,113.2,32650.0
2021-07-27,115.05,117.35,107.55,108.85,87556.0
2021-07-28,107.55,109.8,105.25,106.3,29669.0
2021-07-29,108.0,111.6,103.65,111.6,33626.0
2021-07-30,108.83198191680552,112.19942591217888,103.80521175594475,104.68367767333984,44749.0
2021-08-02,106.29420342409428,109.32002402836952,103.85402431631816,105.80616760253906,29403.0
2021-08-03,107.95351651285256,111.0769500732422,105.95257421870645,111.0769500732422,44508.0
2021-08-04,112.19942421897429,116.59174629282975,107.36787291646728,116.494140625,211026.0
2021-08-05,116.15252483743802,116.15252483743802,111.07695530226742,111.95541381835938,21336.0
2021-08-06,115.12764458688224,115.12764458688224,111.66259480438634,112.29704284667967,35433.0
2021-08-09,115.1764493847438,115.1764493847438,109.36882631399298,113.41951751708984,34084.0
2021-08-10,115.17644804267474,118.54389206179847,108.53915822758309,113.46832275390624,91155.0
2021-08-11,111.36976798110972,115.17644870741684,103.46358951683207,113.71234130859376,77292.0
2021-08-12,112.9314810504873,115.03003647816747,111.32096886925017,113.71234130859376,17856.0
2021-08-13,111.61378791897168,124.93716698091264,110.6377163019333,121.37450408935548,117692.0
2021-08-16,121.76493137191156,124.93716405294332,116.15251970547074,122.54579162597656,93058.0
2021-08-17,122.54579556895943,124.6931501664777,118.10466669388494,122.93621826171876,57894.0
2021-08-18,121.52091458171712,131.52564851314364,119.27594691593116,127.5725555419922,175879.0
2021-08-20,129.3782914017385,129.3782914017385,118.34867952689012,120.98406982421876,108387.0
2021-08-23,118.78790886722602,120.93527082144968,113.1754972557694,115.90850067138672,96652.0
2021-08-24,114.49320470701258,117.03098944521174,110.0520758300374,111.46737670898438,84934.0
2021-08-25,111.46737106197068,114.68841024328204,109.7592458030282,113.27310943603516,29636.0
2021-08-26,114.24918140619135,121.86253526132109,112.2970382463886,119.66637420654295,45026.0
2021-08-27,118.29987429466694,131.62326049804688,118.29987429466694,131.62326049804688,126648.0
2021-08-30,133.72181295741245,138.16294184093664,127.91418975295976,129.8663330078125,190077.0
2021-08-31,130.74479142224263,131.08642244906784,124.93716822191143,125.86443328857422,29449.0
2021-09-01,126.88930926737638,128.35341668199996,122.2529691210684,123.27784729003906,31630.0
2021-09-02,123.96109654196307,135.57634293763925,122.05775984938369,126.93811798095705,335699.0
2021-09-03,126.8893179288964,139.6270562843392,124.93717457614412,139.4806365966797,486641.0
2021-09-06,141.4327763678076,153.3896541006208,135.91797749340722,153.19444274902344,548549.0
2021-09-07,156.17145481101224,158.02598487942478,139.72464251875928,140.70071411132812,282881.0
2021-09-08,140.55431841126654,152.95042545908143,138.11413927218206,149.97340393066406,205788.0
2021-09-09,150.2174150116618,157.14752940890156,146.75237270671275,154.2193145751953,185159.0
2021-09-13,156.41548168771777,164.6632841396307,148.36289058679003,158.80685424804688,237113.0
2021-09-14,160.5637944742678,166.90826051732398,159.2460917232411,161.97909545898438,146402.0
2021-09-15,161.05182935006994,177.6450481315923,161.05182935006994,172.1302490234375,395156.0
2021-09-16,176.66896554775238,179.69479356708842,168.22595188097742,171.6909942626953,164269.0
2021-09-17,170.81252527165665,173.25270420410885,163.1503574662885,163.2479705810547,91789.0
2021-09-20,163.0039750534633,163.0039750534633,155.09778827004797,155.2930145263672,81429.0
2021-09-21,154.9513705883151,154.9513705883151,147.5332202751226,149.33895874023438,72327.0
2021-09-22,145.43468355360167,156.17147227232394,145.43468355360167,146.80117797851562,63138.0
2021-09-23,149.04614937105146,154.12171936035156,148.21649734132623,154.12171936035156,109663.0
2021-09-24,155.9762524245833,161.7350691938388,149.72938493735768,158.80685424804688,109459.0
2021-09-27,154.36573650877423,162.85757238486502,154.36573650877423,154.95138549804688,38634.0
2021-09-28,160.4661649100968,160.4661649100968,150.31502623847334,152.41357421875,45159.0
2021-09-29,149.33895359018132,156.65949053087647,148.85091779413497,155.39059448242188,39704.0
2021-09-30,158.02600209957646,163.0039737215971,155.24420669382437,161.97909545898438,111323.0
2021-10-01,162.95515770364412,169.73885263891125,157.63557023183054,167.6403045654297,76348.0
2021-10-04,169.83646265707975,170.8125342815457,164.85849141483484,168.81158447265625,53615.0
2021-10-05,169.6412627269208,171.78861746651785,164.46807979038783,170.8125457763672,60473.0
2021-10-06,172.37426073973458,179.10914922166367,168.12834307047177,177.9378662109375,218073.0
2021-10-07,180.573261323114,186.8201141357422,173.15511057615518,186.8201141357422,412510.0
2021-10-08,192.28610643762968,196.1415863037109,190.48036800853896,196.1415863037109,273888.0
2021-10-11,200.0946721393281,205.90229501049168,196.2391924109873,201.461166381836,371235.0
2021-10-12,197.6544938621108,206.4391380337601,191.4076417419616,202.77886962890625,254459.0
2021-10-13,205.9511044091384,212.8812186192364,198.24014484607488,212.58839416503903,396973.0
2021-10-14,216.68789669601745,223.17876692336228,205.3166684349785,217.76158142089844,587299.0
2021-10-18,224.496470343599,224.496470343599,206.87837480094325,207.8544464111328,136573.0
2021-10-19,200.3874952965542,208.6841036000197,197.50808715820312,197.50808715820312,63544.0
2021-10-20,189.35790902557403,195.4095505620899,187.64978355755983,187.7961883544922,133665.0
2021-10-21,183.74547397500217,197.1664581298828,183.74547397500217,197.1664581298828,87154.0
2021-10-22,204.68219698895868,206.73195316069527,190.33394846781144,197.2152557373047,103751.0
2021-10-25,198.1425287472974,202.0468150280323,187.35693491803312,187.844970703125,50408.0
2021-10-26,190.33394846781144,197.2152557373047,184.47751928418649,197.2152557373047,83328.0
2021-10-27,199.11860317185648,207.0735806254208,198.58176082182567,202.437240600586,82394.0
2021-10-28,205.3654502912202,205.3654502912202,196.6784193636439,198.33773803710932,34281.0
2021-10-29,195.21431166989973,198.63056212412292,189.50428709608715,191.4076385498047,72822.0
2021-11-01,194.9214885483025,200.9731292724609,193.4573812008285,200.9731292724609,67342.0
2021-11-02,203.9013436666912,210.9778625023788,197.4592802835085,210.88026428222656,103795.0
2021-11-03,214.2477170890468,217.46875636114697,205.2678613105179,207.3664093017578,123261.0
2021-11-04,211.51470484951312,217.7127652357277,211.51470484951312,216.49267578125,107838.0
2021-11-08,219.2256845991876,219.61610727687827,211.8075345737004,212.83241271972656,58963.0
2021-11-09,217.66395449342207,217.66395449342207,205.21904229704936,208.34246826171875,36095.0
2021-11-10,210.3434229677616,210.3434229677616,200.7779186197279,203.3645172119141,28704.0
2021-11-11,206.78076362916784,208.8793115022128,201.31475699687567,201.90040588378903,23862.0
2021-11-12,197.21526654664365,207.17119372575505,197.21526654664365,204.5846099853516,65822.0
2021-11-15,206.92717961281505,213.75968082644573,200.582714200158,210.5874481201172,78044.0
2021-11-16,209.8553914095724,217.3223330999332,207.9520547918011,211.7587280273437,80501.0
2021-11-17,212.7347883285968,217.17591679688505,209.9529933867261,213.2228240966797,60328.0
2021-11-18,214.73574134252047,222.2026827544629,205.2190437148406,215.5166015625,92587.0
2021-11-22,216.63908432012263,216.63908432012263,204.7798205741391,209.9530029296875,85904.0
2021-11-23,206.0975217401247,218.98167936004984,205.41427456783688,216.39508056640625,127766.0
2021-11-24,217.615160718532,227.18066539824488,214.7357524709512,226.5950164794922,355224.0
2021-11-25,234.2571820494485,237.1365902667389,226.5950140957796,229.08399963378903,231420.0
2021-11-26,229.27921725110875,230.5969198936839,217.6639709472656,217.6639709472656,149506.0
2021-11-29,206.9271817618834,212.7836114343895,206.78077697753903,206.78077697753903,82569.0
2021-11-30,199.36262356264749,204.04777020405336,196.48321533203125,196.48321533203125,148664.0
2021-12-01,188.4306380315836,193.40859459017227,186.6737060546875,186.6737060546875,64694.0
2021-12-02,182.86703959162924,191.31005386867056,178.81633308626783,182.42779541015625,94190.0
2021-12-03,183.4526597968893,191.5052507407516,177.64503657974723,190.91961669921875,130023.0
2021-12-06,194.2382594451253,200.1434959396536,181.40292313272755,182.47659301757807,94358.0
2021-12-07,185.50239738316995,190.3339484812682,181.5493047052097,188.38180541992188,50660.0
2021-12-08,191.3100449545176,193.3109948320109,179.7435898505641,181.4029235839844,84731.0
2021-12-09,183.4038587598274,188.2354253865828,182.5254002242382,186.1856689453125,47524.0
2021-12-10,187.8449891732004,191.26124000475025,182.52540157137847,185.6000213623047,79983.0
2021-12-13,188.1866219227184,190.0899587102743,176.3273421350142,176.76658630371094,119676.0
2021-12-14,175.69289428476898,185.60001542169164,173.2527151974805,185.5512237548828,155462.0
2021-12-15,187.3081350419946,194.8238983154297,183.9894975424636,194.8238983154297,85563.0
2021-12-16,191.7980704090884,203.90135235529792,191.3588411655116,201.7539978027344,129956.0
2021-12-17,202.5348583035947,207.90325213814785,193.75021384705323,196.1415863037109,199090.0
2021-12-20,190.5779838200596,193.94542793059145,186.38087287499368,188.04019165039065,83852.0
2021-12-21,188.04019091383705,193.3597931373573,182.57419879901795,189.94354248046875,47431.0
2021-12-22,193.16457059228583,193.8478326516636,184.57515211996744,185.5512237548828,55677.0
2021-12-23,186.4296855751068,190.577990097066,181.64694043666947,185.6976318359375,66379.0
2021-12-24,186.4296971962505,189.1138944071913,176.76659319433267,179.45079040527344,81005.0
2021-12-27,181.5493047052097,188.38180541992188,177.93784302045287,188.38180541992188,79875.0
2021-12-28,187.8937781683289,197.8008986961,187.8937781683289,197.1664581298828,108836.0
2021-12-29,196.8248303999957,205.95110573481224,195.21431823204952,198.3865509033203,74818.0
2021-12-30,195.2143088506781,204.97502429321207,195.2143088506781,202.7300567626953,47017.0
2021-12-31,200.3386851500562,208.39127541796344,200.3386851500562,204.0477600097656,40942.0
2022-01-03,205.6094689028916,212.78360085240163,205.02383490096776,210.88026428222656,118396.0
2022-01-04,213.75969133768325,218.64004958740205,210.09942265039416,213.4180603027344,91751.0
2022-01-05,209.85538616177223,214.7357439794879,209.7577730479499,210.88026428222656,37548.0
2022-01-06,203.12050341017525,215.7118209372814,203.12050341017525,211.7587280273437,52760.0
2022-01-07,213.2716379737315,217.6639600372637,206.5367501004501,211.3683013916016,67120.0
2022-01-10,213.61328334053505,220.00654063674307,210.831473222492,216.73670959472656,123330.0
2022-01-11,219.5185017199751,222.5443297041224,205.9023055786544,206.43914794921875,182613.0
2022-01-12,206.97598172051192,210.78265492877324,199.31381385253704,204.3405914306641,68689.0
2022-01-13,206.73196011925413,207.512820348755,197.459280266398,199.6554412841797,33680.0
2022-01-14,202.04681430687288,203.0228858735728,196.6784206900236,199.8994598388672,28600.0
2022-01-17,200.0946760405764,208.87932035455293,199.9482712594784,203.9989624023437,49808.0
2022-01-18,207.7568459676352,207.7568459676352,193.79901911224903,195.653549194336,45419.0
2022-01-19,195.1655061256127,198.38654526360824,191.4076395426763,194.04302978515625,39739.0
2022-01-20,198.97219861137592,198.97219861137592,191.31003070966847,192.28610229492188,27843.0
2022-01-21,192.2860996941544,192.2860996941544,184.03829788905287,186.77130126953125,43263.0
2022-01-24,190.3339685498217,190.3339685498217,177.44982596518335,179.69479370117188,39425.0
2022-01-25,179.6948033191159,185.74644479253908,173.39912903056276,182.2813873291016,34047.0
2022-01-27,182.3301835960982,184.47753820493463,175.0584529260136,177.30340576171875,23766.0
2022-01-28,180.42686222997247,186.13687281875767,177.6450518885347,180.7684783935547,39899.0
2022-01-31,180.81726401485005,185.35599100026465,178.71871603098538,182.037353515625,16086.0
2022-02-01,183.45265546625944,189.3578916644254,182.037354615543,187.06411743164065,32390.0
2022-02-02,188.86985713667585,193.1157746111702,187.55215450150973,188.62583923339844,22731.0
2022-02-03,195.2143150400548,196.4344045090552,190.72437983666543,192.6277313232422,35812.0
2022-02-04,194.3846554612647,202.24203491210932,189.94354154413887,202.24203491210932,57042.0
2022-02-07,204.87741521556973,212.78360083717124,193.554994015482,209.8065795898437,216977.0
2022-02-08,210.5386323089175,219.079258450628,207.07357529554668,213.85728454589844,141715.0
2022-02-09,217.56636408158283,223.86203811743465,209.85540403048924,214.2477264404297,185717.0
2022-02-10,217.51755455614213,217.71276589071184,212.53958360942912,215.6630096435547,40524.0
2022-02-11,214.7357522176566,219.6161102226033,202.77887510553708,216.19985961914065,77483.0
2022-02-14,207.1223911688663,212.7836094447545,200.92434542628808,204.9750366210937,76329.0
2022-02-15,202.1444287128952,211.6123199916582,200.1922855670195,205.9999084472656,75878.0
2022-02-16,208.83050871670287,209.26973794298385,196.3855962412796,199.8994598388672,32011.0
2022-02-17,201.168357181022,206.43913771849407,197.16645777369183,199.31381225585932,23838.0
2022-02-18,196.9712382100036,203.02287873193308,195.21430647301256,198.532943725586,28238.0
2022-02-21,192.09090110683724,196.04399421473207,186.96652501348083,189.26028442382807,43887.0
2022-02-22,180.67087191547915,186.72251328541927,176.52256732162962,183.45266723632807,59268.0
2022-02-23,189.06507669222432,189.06507669222432,179.59718461257816,182.47659301757807,31078.0
2022-02-24,180.5244495627315,182.5253994336529,169.83646792222248,173.1551055908203,107332.0
2022-02-25,175.6928908414989,203.0228960835098,175.6928908414989,197.94732666015625,167157.0
2022-02-28,200.53391382127924,206.92718598979243,192.72534076506068,198.0937347412109,150531.0
2022-03-02,196.4344015187744,205.95109923210623,196.4344015187744,205.0238342285156,85360.0
2022-03-03,207.3175906313923,217.5663418751919,205.0238314320772,216.34625244140625,150191.0
2022-03-04,212.7836143398711,214.54054624434733,205.56069026928884,209.0745391845703,75209.0
2022-03-07,200.38748470339712,203.0228748111542,184.23349817598728,188.2353973388672,110707.0
2022-03-08,190.33395003159904,205.26784755127383,188.62582483900772,195.55593872070312,120807.0
2022-03-09,199.31382250604645,205.85349940364927,196.2392028500131,199.7530517578125,87768.0
2022-03-10,200.1922836228159,204.9750283262948,195.79996158725243,199.6554412841797,60329.0
2022-03-11,202.8764984187555,203.36453424377663,195.8975771847504,198.2401580810547,35600.0
2022-03-14,202.04682155644696,203.02289315816893,190.33396233578333,194.5798797607422,43284.0
2022-03-15,199.1186006445175,199.9482674380044,188.3818133548621,190.23634338378903,27444.0
2022-03-16,194.4334645444338,198.14253969479472,190.5779846079245,191.749267578125,33913.0
2022-03-17,193.26217339806723,202.3884486548885,190.7731878831459,200.04586791992188,129237.0
2022-03-21,200.094670526341,213.51565452505892,199.60663474456945,210.88026428222656,170216.0
2022-03-22,214.73575838506508,253.04656982421875,208.2936796760447,253.04656982421875,650502.0
2022-03-23,262.27046773750334,291.30859970892624,243.38347510282347,248.21502685546875,2259311.0
2022-03-24,243.9203126132321,277.20436364177306,243.9203126132321,272.3240051269531,558716.0
2022-03-25,277.8875973389528,278.08279378718294,248.6054343500221,254.0714263916016,309108.0
2022-03-28,254.07143306275609,265.49148303470025,248.9958784653804,254.1202545166016,131617.0
2022-03-29,258.5613666305136,261.2943850436751,245.04278360618932,251.24082946777344,128681.0
2022-03-30,253.778629401743,265.2962629750388,247.922199492472,262.1728515625,227699.0
2022-03-31,263.5393212441541,268.61490527194053,254.7546772026824,259.83026123046875,116271.0
2022-04-01,258.36616715387595,265.49147799392324,255.58435710713303,258.0245361328125,64466.0
2022-04-04,258.02453817313165,269.44455823120984,247.28775037524136,256.6092224121094,115782.0
2022-04-05,259.63504240967995,282.231093714558,259.63504240967995,280.91339111328125,315216.0
2022-04-06,278.22923054100266,287.84354289451096,270.1766388894976,275.9354858398437,250139.0
2022-04-07,278.082818598042,281.8407005630177,257.04848558784363,268.7125244140625,198749.0
2022-04-08,270.371833067274,274.8129469301573,261.5871886715864,263.73455810546875,149141.0
2022-04-11,263.73455350366135,274.0808884481799,255.73075461230923,259.8790588378906,114653.0
2022-04-12,261.5871995359348,265.49148609617265,253.7298347483932,258.8053894042969,135302.0
2022-04-13,260.46473687208857,274.27614535135154,256.80446802843176,271.1039123535156,211611.0
2022-04-18,265.5402785661853,288.8195932094644,262.563271969939,282.2311096191406,383449.0
2022-04-19,287.4530765830631,301.6061143095636,284.036826097356,287.5506896972656,454334.0
2022-04-20,286.4770082269419,297.6530397132529,283.3047755975124,295.4568786621094,94918.0
2022-04-21,297.45781679192646,301.31331148398544,289.79564885967034,296.6769714355469,138871.0
2022-04-22,291.8454136452281,301.1180940118825,290.7717289084629,295.5544738769531,82445.0
2022-04-25,292.8214767434879,306.43768732699647,285.8425708385696,296.6769714355469,233470.0
2022-04-26,297.21381914049067,304.53435655774416,294.7736400014062,299.9468078613281,101015.0
2022-04-27,299.3611789092004,303.5582749762503,283.30478878410497,286.9650573730469,86370.0
2022-04-28,288.9172067158333,295.55448198220586,283.3535864283278,293.9439697265625,102303.0
2022-04-29,298.6291409625535,301.6061476571772,291.3086033980589,299.7516174316406,131652.0
2022-05-02,297.7506410865918,297.7506410865918,283.50001900981994,295.3592834472656,76124.0
2022-05-04,297.60423563065984,299.36118244651766,268.5173128151074,276.71630859375,98070.0
2022-05-05,274.7153669947276,274.76415866037,256.3652028245785,264.95465087890625,177869.0
2022-05-06,263.2465312661868,263.2465312661868,253.77862451362608,258.0733337402344,79837.0
2022-05-09,250.46000069215367,283.8416344952197,246.89733010052728,277.5459899902344,260522.0
2022-05-10,283.06075525542497,291.5525898280239,255.34032862925832,269.8837890625,191613.0
2022-05-11,275.3009743602108,279.1564689760398,246.2140534937274,269.8837890625,134566.0
2022-05-12,271.1038792263709,276.2282549813248,256.12117463298995,263.44171142578125,146152.0
2022-05-13,269.3957919997938,275.9354843726977,258.6590031882078,263.4905700683594,97469.0
2022-05-16,263.53933257914434,270.0790242284522,255.7307597619845,261.8312072753906,37468.0
2022-05-17,262.465673138733,272.4216163544564,259.3422615834421,266.8092041015625,47873.0
2022-05-18,268.4196877231271,270.8110750377786,263.7833476624549,267.5412292480469,32030.0
2022-05-19,259.63503765014656,265.14983606381884,259.63503765014656,260.80633544921875,26323.0
2022-05-20,270.2254536047874,284.91532063907187,263.5393565641178,282.8167724609375,151757.0
2022-05-23,290.91813166910464,290.91813166910464,263.6369480210468,269.4933776855469,46613.0
2022-05-24,269.1517487022668,274.9105652918279,264.1737774922814,268.0780639648437,30148.0
2022-05-25,265.4914852638445,271.7871592374278,248.8982674348542,251.6312561035156,71586.0
2022-05-26,253.68100842399872,266.46755262077926,237.8686511373241,253.38819885253903,46473.0
2022-05-27,258.6589721329581,261.58718691182185,254.7546857611399,255.2427215576172,8226.0
2022-05-30,254.1690361791228,265.491472585072,249.4350979019516,256.0723876953125,37739.0
2022-05-31,261.3919518202012,261.3919518202012,253.7786055680944,255.5355224609375,21666.0
2022-06-01,255.73077949981328,281.059851445362,255.73077949981328,276.5699157714844,124823.0
2022-06-02,279.1564882001193,289.9420678747324,274.76416583333423,279.1076965332031,64597.0
2022-06-03,282.9631607834109,285.696179231444,270.6158605688472,271.9335632324219,26432.0
2022-06-06,271.83593348254,280.18133352909643,266.1259088145768,277.05792236328125,26695.0
2022-06-07,279.1076919874316,280.08376360859785,271.6895417090996,277.3995666503906,13375.0
2022-06-08,277.3995730877232,282.0847050631076,271.299125313867,279.8397521972656,51028.0
2022-06-09,285.0129375984548,285.0129375984548,277.05795916747365,279.4981384277344,9001.0
2022-06-10,278.082791017515,280.76698789951286,268.5660929813406,274.4713439941406,9714.0
2022-06-13,264.5154101833398,270.3718399290964,260.0254747541247,261.8800048828125,41105.0
2022-06-14,266.3699342125094,269.3957621359979,260.7087308361822,263.97857666015625,12760.0
2022-06-15,266.76036315444503,273.05603704961425,263.5881303737078,270.9574890136719,37567.0
2022-06-16,280.13253561112066,280.13253561112066,258.07331256371776,259.09820556640625,37371.0
2022-06-17,263.44173240635826,263.44173240635826,246.7509161257348,251.5336761474609,30558.0
2022-06-20,251.5336586525929,253.77861137675865,226.3998005168012,227.0342559814453,64708.0
2022-06-21,232.20743284680404,242.89542901944063,224.00843718192732,239.77198791503903,49690.0
2022-06-22,243.96909745598865,245.9700472476501,235.28206603050424,241.4313201904297,12657.0
2022-06-23,241.4801073476465,248.94706400730936,239.0399283530516,246.65328979492188,14931.0
2022-06-24,249.4350993324865,254.36426387094065,245.97004218800865,252.02169799804688,11995.0
2022-06-27,258.17094837163233,260.6111274677725,251.82648272166784,256.1700134277344,27374.0
2022-06-28,258.561371494282,261.5871995359348,250.8504114952808,258.8053894042969,22921.0
2022-06-29,257.5853002930234,258.6589850563864,249.92313194803552,253.19297790527344,12461.0
2022-06-30,256.7068481048788,258.17095560357586,242.16338624195703,247.38536071777344,19443.0
2022-07-01,241.67532847418784,251.8264669196837,234.5500029818348,240.16241455078125,18280.0
2022-07-04,245.6284177340478,246.5068911301048,240.01600590720008,244.31072998046875,7752.0
2022-07-05,247.87337821141205,252.7049296209088,243.4810560402931,249.6303100585937,23219.0
2022-07-06,253.53460217731063,253.53460217731063,245.7748358112532,249.4351043701172,11219.0
2022-07-07,251.8264757471177,254.7546905813865,243.9202897371236,251.33843994140625,24724.0
2022-07-08,253.2905692722326,274.66653043253683,252.31449771434347,273.2024230957031,103622.0
2022-07-11,265.0034287365358,297.70182602078603,265.0034287365358,293.5047302246094,170368.0
2022-07-12,292.8215040964181,312.0989197827656,282.7191562476229,286.3794250488281,281579.0
2022-07-13,291.3573759084802,302.5821994359426,287.501881129763,294.8224182128906,43828.0
2022-07-14,297.6042427474848,306.4865007981482,293.1631286158247,297.7994689941406,104022.0
2022-07-15,300.43481517570325,316.19839474798545,291.4061532179761,309.5122985839844,104279.0
2022-07-18,319.12661872605565,320.1514819820985,290.8693342398334,294.77362060546875,262228.0
2022-07-19,290.3813125557898,308.9266736938066,290.3813125557898,297.9946594238281,66502.0
2022-07-20,300.6300604388539,307.1697522399606,293.7975590652436,303.2166442871094,76240.0
2022-07-21,303.2166416847838,308.53624390923375,298.8731408641001,302.2405700683594,35611.0
2022-07-22,305.3640067178667,305.3640067178667,294.4808143103727,295.99371337890625,36311.0
2022-07-25,295.99371533644825,300.63005547774463,285.988981347335,296.72576904296875,44219.0
2022-07-26,292.3334701947056,297.0674238331237,283.5976166829646,287.1114807128906,20812.0
2022-07-27,287.8435379946981,298.6779398079454,284.6225133038639,295.5057067871094,25879.0
2022-07-28,295.5056944456587,301.606142307873,292.4798663485318,293.0167236328125,19201.0
2022-07-29,295.9937021006709,298.6778989045516,289.8932548191236,291.84539794921875,24166.0
2022-08-01,295.2616873448435,300.1908374831007,289.4540488523792,297.1650390625,43221.0
2022-08-02,292.43107070364147,307.9018122292904,292.43107070364147,300.87408447265625,50470.0
2022-08-03,303.4606740013206,303.5582871250674,296.7257854855965,298.2875061035156,36751.0
2022-08-04,299.84919735339145,307.16973410726,298.921917449632,303.3142395019531,56572.0
2022-08-05,305.9008511535479,320.1515032942355,304.5343567920777,311.65966796875,165983.0
2022-08-08,311.6596454600331,313.75822319957126,307.46254955563853,310.04913330078125,39981.0
2022-08-10,311.85488271700126,329.7169814553387,310.43956695248806,327.81365966796875,284170.0
2022-08-11,332.0107739581852,333.23086355070194,316.73525821734444,320.78594970703125,121187.0
2022-08-12,319.6146810596962,326.9840102717795,315.8567991632832,325.3246765136719,59707.0
2022-08-16,328.83851644247136,333.2308386472791,318.93139564909546,323.2261047363281,86028.0
2022-08-17,318.34574737503937,331.815553369439,318.34574737503937,323.4701232910156,43097.0
2022-08-18,324.34858263393335,329.7169764648656,317.46728972922045,319.1754150390625,41824.0
2022-08-19,322.10366352643416,330.8883088953369,308.1458500218932,313.2214050292969,116953.0
2022-08-22,315.27115619922785,318.98021671016346,307.4625826710736,308.6338806152344,52726.0
2022-08-23,307.4137715880844,331.6203360817649,297.99465653469616,322.1036376953125,121157.0
2022-08-24,324.54383676773955,336.7447328868275,322.9821161070275,327.5208435058594,161718.0
2022-08-25,331.278713042722,358.3159097434732,330.0586234765751,346.0661926269531,346913.0
2022-08-26,348.06715023552647,353.19152630804416,340.7954046557787,343.3819885253906,99511.0
2022-08-29,336.25668858484244,355.290086051909,317.2720827860875,349.92169189453125,78695.0
2022-08-30,351.38580824107913,355.973357096942,343.0404072102911,348.5552062988281,59006.0
2022-09-01,349.2384098442752,359.0967390543093,343.0891706214728,351.6785888671875,91491.0
2022-09-02,355.2900780591333,357.144608223402,342.60114669987854,349.1408386230469,109952.0
2022-09-05,351.434592500757,383.5961659085346,350.409729163267,373.83544921875,174245.0
2022-09-06,389.4525318916181,390.81902604605074,367.9789587046115,378.1300964355469,241966.0
2022-09-07,376.6660448048094,382.1320520171853,366.9053282781891,369.2478942871094,68170.0
2022-09-08,373.44499848727696,383.10810132762657,371.6392600776913,379.3502197265625,62502.0
2022-09-09,380.6679044388848,393.747257249317,378.7157613391983,381.5951843261719,108751.0
2022-09-12,389.45253787220224,397.261110060116,386.52432330173457,388.9157104492188,74116.0
2022-09-13,389.45256262609024,395.30899213926455,375.7875604286836,380.0334777832031,94427.0
2022-09-14,370.90721643906977,388.4765056388152,360.6096727397113,385.4018859863281,56221.0
2022-09-15,388.4764891059522,391.7463348586589,369.68711117808897,374.7626953125,72151.0
2022-09-16,377.2516411940256,389.3061303824021,362.36655056476593,374.81146240234375,90936.0
2022-09-19,374.811507936508,385.5970875910981,362.1713683450664,368.955078125,66983.0
2022-09-20,373.884237228712,381.448792589274,366.5149081149727,370.2239685058594,37451.0
2022-09-21,372.81058363136646,375.2507627890863,361.1953070107457,363.5379028320313,52732.0
2022-09-22,363.97710887307807,370.5655924480477,356.2661488687302,367.5397644042969,55974.0
2022-09-23,367.5397681376439,371.8832988979773,344.55329267975327,347.96954345703125,86462.0
2022-09-26,337.72078132625705,340.64899619324774,323.95816549393254,328.05767822265625,76510.0
2022-09-27,330.0586105134448,335.622230631499,323.0797044266516,327.08160400390625,33235.0
2022-09-28,326.0079175324332,338.6968484543543,323.2261074882361,335.6710205078125,49494.0
2022-09-29,338.696868409572,344.69970320345453,327.52083590878567,343.235595703125,63871.0
2022-09-30,342.60114194642733,355.29007312962835,338.4040458546131,351.971435546875,46670.0
2022-10-03,346.60306295890933,360.90250725509054,344.55330645313575,353.33795166015625,87479.0
2022-10-04,356.51017116827325,363.6843037734812,356.51017116827325,362.0737915039063,38077.0
2022-10-06,365.0020089577975,375.0555351349621,363.6354848047248,370.2239685058594,34303.0
2022-10-07,373.7378029376828,381.3999708168718,371.8832728886197,375.0067138671875,40195.0
2022-10-10,369.3943098700434,388.4277061182257,367.0029225290532,380.3262939453125,78221.0
2022-10-11,381.6439976230608,381.6439976230608,370.0775431442797,371.4928588867188,35895.0
2022-10-12,371.3952531548117,385.25548213886367,363.8794897305659,381.107177734375,72599.0
2022-10-13,378.9110391886287,380.6191646335771,371.3464836467145,373.6402282714844,29388.0
2022-10-14,376.4220467902621,381.64403636552015,369.8335627865096,372.02972412109375,48470.0
2022-10-17,371.00479090364496,379.6918214787238,370.4679336949607,377.4468688964844,81687.0
2022-10-18,372.9081262852805,390.038199976069,372.9081262852805,384.9626159667969,161780.0
2022-10-19,386.4267299928536,391.4047009751933,377.7884906098731,382.8640747070313,64977.0
2022-10-20,381.40001006490166,386.7684043204537,371.8833111573322,373.6402282714844,44270.0
2022-10-21,375.7875958726543,375.7875958726543,362.171384055318,368.12542724609375,41248.0
2022-10-24,372.3225156319323,381.6439872941288,361.1464841402242,376.9100341796875,29774.0
2022-10-25,378.6669835393032,379.6918467892221,373.4449945990012,377.8861083984375,15544.0
2022-10-27,379.6918483666381,381.643991545901,367.49095349624486,369.2966918945313,10717.0
2022-10-28,369.93116706324713,371.39527458460566,347.7255363226433,352.11785888671875,49029.0
2022-10-31,355.5828836024275,355.5828836024275,335.76864138889204,338.5992431640625,35616.0
2022-11-01,337.18398289885846,350.36095093557265,332.9380650184483,339.0385131835937,66915.0
2022-11-02,338.4040402952994,349.433637612258,337.3303555630448,347.6278991699219,32202.0
2022-11-03,346.40783160754347,348.4575880831484,333.8165129536044,334.89019775390625,23286.0
2022-11-04,337.330376209498,344.5533006335831,334.7925839017536,341.5762939453125,30814.0
2022-11-07,346.5054256358045,349.72645007184843,337.7207810422207,344.06524658203125,20547.0
2022-11-09,341.6250844756002,348.9456220000773,340.6490128056699,345.8710021972656,39735.0
2022-11-10,345.87099964123263,347.481511927247,339.81934341745,344.8949279785156,13163.0
2022-11-11,345.5293687914891,348.2135658654343,339.7705519357663,342.74755859375,23504.0
2022-11-14,344.60207728895153,344.60207728895153,334.8413609823692,335.9638671875,12560.0
2022-11-15,335.96388977606614,338.5992654836278,330.888305040449,335.4270324707031,14956.0
2022-11-16,333.2308552778192,337.2327549993905,330.0098307484785,336.2566833496094,30173.0
2022-11-17,336.256682063258,340.64900447047035,334.3045387711636,335.7686462402344,8733.0
2022-11-18,338.6968836753601,342.6499621894862,332.7428402815231,337.3791809082031,13074.0
2022-11-21,345.5,347.85,342.5,347.0,8141.0
2022-11-22,337.72079017877405,340.1121776311042,334.79257523502747,336.0126647949219,5123.0
2022-11-23,337.7207983704718,337.7207983704718,325.0318666397893,334.40216064453125,21498.0
2022-11-24,332.40120237586865,336.7447333147208,328.2528976901076,334.6949768066406,28736.0
2022-11-25,337.4279586547538,337.4279586547538,332.254761384834,334.6461486816406,6545.0
2022-11-28,333.8164931619062,337.6719879657012,332.88921321040857,334.2557373046875,7521.0
2022-11-29,335.67104588293137,340.649017424541,325.031870493903,328.9361572265625,34940.0
2022-11-30,330.8394967321837,335.3782239341788,328.1064782476279,331.2299194335937,16523.0
2022-12-01,334.1581168591429,340.45376078114685,331.86434265099865,333.962890625,6285.0
2022-12-02,335.2806314864989,335.2806314864989,329.61942749860793,332.1083984375,6399.0
2022-12-05,331.8643674160762,339.57532764268694,328.54572969938414,336.54949951171875,8070.0
2022-12-06,338.3064418796261,338.3064418796261,333.81650630518715,334.84136962890625,5100.0
2022-12-07,333.816528944485,337.28157164285966,331.86438550036524,334.060546875,9443.0
2022-12-08,334.7925667291898,338.69685322165844,332.84042348295543,334.98779296875,10929.0
2022-12-09,338.20884915865383,339.62416505997,327.7648698959595,333.08447265625,10441.0
2022-12-12,333.52371489426844,351.09300565700755,331.3763452194402,346.4566650390625,63537.0
2022-12-13,351.0441436979142,354.2651978385318,343.625993607592,349.970458984375,26859.0
2022-12-14,348.0671640159062,363.0986617996039,345.0413358767741,353.0451354980469,46878.0
2022-12-15,356.55893288479905,356.55893288479905,331.08348871775627,335.3293762207031,47318.0
2022-12-16,336.64711707220795,340.7466300504237,318.10175511928287,321.76202392578125,44349.0
2022-12-19,322.10365253931326,329.27778530333944,319.2242291850093,325.5686950683594,35613.0
2022-12-20,328.9361701468461,328.9361701468461,326.0079549823341,326.88641357421875,11135.0
2022-12-21,325.76391124786846,327.0816139249913,317.4673022722673,319.2730407714844,14896.0
2022-12-22,319.2730443560594,335.62224457977203,313.319001302194,323.1285095214844,102418.0
2022-12-23,327.0327736067469,339.6729125848255,309.3659016958572,312.4405212402344,139898.0
2022-12-26,315.1735239994668,334.7925697591477,311.9036780749629,329.2777709960937,48247.0
2022-12-27,333.8165244458616,349.433671788358,329.32658862742494,341.9179077148437,55194.0
2022-12-28,346.5054381321733,354.85083888210954,332.9868397292664,339.380126953125,58683.0
2022-12-29,339.42890544767295,348.31116313648226,330.888278782922,336.89111328125,39231.0
2022-12-30,337.72077072778427,354.21637467002574,337.72077072778427,340.16094970703125,52331.0
2023-01-02,339.7705305272,358.2182778428369,333.81648779904697,352.8498840332031,52136.0
2023-01-03,354.2163914067107,358.3159042004836,353.3379328901429,355.5828857421875,27270.0
2023-01-04,355.7293252271964,360.170439325624,343.5772212537118,352.7522888183594,38156.0
2023-01-05,356.26613505145804,362.1225646687423,350.3609137689663,359.7799987792969,72528.0
2023-01-06,360.7561079156808,363.87951949745775,354.7044514332622,362.4642333984375,44387.0
2023-01-09,373.0,386.15,373.0,377.5,72707.0
2023-01-10,374.1,379.95,370.1,371.8,28190.0
2023-01-11,371.75,399.9,370.05,381.55,115740.0
2023-01-12,385.0,393.1,374.95,389.5,81389.0
2023-01-13,390.0,399.0,378.5,381.25,165187.0
2023-01-16,378.2,387.6,356.65,380.9,125520.0
2023-01-17,389.95,389.95,370.0,375.45,38043.0
2023-01-18,374.5,380.0,364.2,365.7,35052.0
2023-01-19,368.75,387.95,366.8,378.15,143146.0
2023-01-20,383.65,384.95,360.35,368.8,89226.0
2023-01-23,374.9,375.85,366.9,368.8,16679.0
2023-01-24,365.6,371.25,361.2,363.9,23121.0
2023-01-25,366.9,366.9,339.5,348.0,68803.0
2023-01-27,351.4,351.4,335.1,337.55,39029.0
2023-01-30,339.4,345.85,325.0,339.4,50708.0
2023-01-31,342.8,353.0,335.05,350.85,42193.0
2023-02-01,350.2633198511772,350.2633198511772,307.5601848843394,311.65966796875,107413.0
2023-02-02,307.65777630100257,321.0299391776117,301.2156978659074,316.979248046875,59041.0
2023-02-03,326.0079285289869,337.183960748286,297.6530592350406,335.2806091308594,105290.0
2023-02-06,335.280595338811,336.74470274203725,326.9839867205289,332.3035888671875,27947.0
2023-02-07,336.74471940641126,343.4796078370709,323.0797163000641,341.0394287109375,70162.0
2023-02-08,343.918869800206,346.40784072278484,337.72080854147026,338.30645751953125,26474.0
2023-02-09,345.0,348.3,345.0,347.7,1613.0
2023-02-10,350.6,351.9,350.6,350.6,2246.0
2023-02-13,343.1867893097725,344.6996884135958,333.86528741855466,335.2318115234375,11686.0
2023-02-14,344.8,345.55,341.6,341.6,2163.0
2023-02-15,321.81083040085895,326.9352064913992,316.2472101590498,318.2969665527344,21704.0
2023-02-16,318.39458417038674,321.127572875668,315.8567919227153,320.0050964355469,14065.0
2023-02-17,319.2730261430174,324.2509972577657,315.6127576450173,320.5907287597656,44416.0
2023-02-20,317.36968205287303,323.9093738376216,312.34291915518764,316.5888366699219,23202.0
2023-02-21,319.66344370011507,319.95625326032393,308.09698947441376,309.8051147460937,25823.0
2023-02-22,312.14769034514944,312.34291658295047,300.28842618860887,301.9965515136719,19473.0
2023-02-23,301.60615799625737,309.3171185377219,301.06933047139603,306.2912902832031,25915.0
2023-02-24,309.31709995225543,321.7620134907502,308.0970103896579,320.0050964355469,42002.0
2023-02-27,321.078772100764,321.078772100764,302.82622084709806,305.1199951171875,26933.0
2023-02-28,309.4147331078587,320.05390882507635,301.65495107239246,318.7362060546875,42084.0
2023-03-01,317.22330909745097,326.98402630044944,314.3927070660504,317.076904296875,33201.0
2023-03-02,319.8586616926207,319.8586616926207,305.5591895281649,306.8768920898437,17411.0
2023-03-03,307.46254622646336,319.85866714799033,306.5840877661416,317.6625061035156,32210.0
2023-03-06,313.3190002441406,318.93141224228333,311.3668569404388,313.3190002441406,18292.0
2023-03-08,314.2950698094897,315.563951033535,312.3429265187475,314.7343139648437,6364.0
2023-03-09,315.5151642212617,321.7620168902929,311.95250861830465,319.07781982421875,19272.0
2023-03-10,321.12756638194537,321.12756638194537,312.342921708883,317.5649108886719,9485.0
2023-03-13,316.34481426868894,319.224207641326,306.53527673097153,312.7333374023437,12620.0
2023-03-14,310.83002547282354,317.22328279577056,307.6089711904918,314.00225830078125,21128.0
2023-03-15,317.22327449691426,320.1514893384242,313.4166011604196,318.0041198730469,17703.0
2023-03-16,312.7821842661481,318.4433881403727,297.9946743663062,305.9984741210937,57733.0
2023-03-17,307.80419872069626,314.880718135738,303.7535073578306,305.4128112792969,25375.0
2023-03-20,309.4146915147754,309.4146915147754,301.60611885825114,302.875,18721.0
2023-03-21,306.48646397904395,306.48646397904395,298.6778916483677,300.3860168457031,14631.0
2023-03-22,298.23868229360545,306.9257438536583,298.23868229360545,302.0941772460937,15374.0
2023-03-23,305.70565183858633,305.70565183858633,297.9458703278861,298.9707336425781,19686.0
2023-03-24,301.6061264888136,302.6309897609749,287.9411239941748,294.3343811035156,14595.0
2023-03-27,300.23966213995067,300.23966213995067,276.81394124144754,279.4981384277344,34880.0
2023-03-28,274.42253620993336,279.4492992091148,270.90867234102024,277.4483642578125,38316.0
2023-03-29,278.8636772591371,278.8636772591371,255.8283807797116,260.220703125,83693.0
2023-03-31,261.6359684299906,275.78900597896074,259.7326467699469,261.73358154296875,34928.0
2023-04-03,278.0340089585924,278.0340089585924,260.70873757621587,271.2015075683594,57222.0
2023-04-05,278.13163316331725,287.35549253533026,270.9086790044796,282.2799377441406,58321.0
2023-04-06,285.11052102487054,297.70183873864323,283.0607647023165,293.8463439941406,48810.0
2023-04-10,291.8454159537632,316.2472065853488,291.8454159537632,312.29412841796875,63234.0
2023-04-11,310.4883973762706,324.0557873343045,310.4883973762706,317.6137084960937,65712.0
2023-04-12,320.6883086766071,328.8873338547342,318.24812970391235,323.90936279296875,40707.0
2023-04-13,320.151506297607,331.86436628410485,320.151506297607,328.8873596191406,30974.0
2023-04-17,331.8155822753906,333.8165173210029,322.15244873359165,331.8155822753906,14041.0
2023-04-18,332.88921862103484,332.88921862103484,317.22328082155354,322.5916748046875,25136.0
2023-04-19,326.9840111098201,326.9840111098201,318.19936603522785,318.39459228515625,7776.0
2023-04-20,320.1515093851372,323.0797244100013,316.39362747909297,318.39459228515625,8666.0
2023-04-21,324.5,328.7,321.35,326.4,13375.0
2023-04-24,328.35,328.35,320.0,321.2,9534.0
2023-04-25,323.4,323.4,319.7,320.55,9243.0
2023-04-26,320.55,320.55,313.0,315.05,9758.0
2023-04-27,313.25,320.0,313.25,315.05,6192.0
2023-04-28,317.95,332.8,310.35,329.35,27919.0
2023-05-02,328.05,334.5,328.0,329.95,12099.0
2023-05-03,328.3,332.7,328.1,329.6,6193.0
2023-05-04,328.2,336.0,324.95,332.65,24296.0
2023-05-05,334.0,338.3,329.0,332.2,23589.0
2023-05-08,334.7,351.0,331.1,346.7,31001.0
2023-05-09,346.7,398.9,342.6,362.5,354185.0
2023-05-10,362.5,370.9,353.0,366.7,55788.0
2023-05-11,368.6,369.95,360.0,360.1,17015.0
2023-05-12,361.45,362.0,354.05,354.85,13122.0
2023-05-15,354.85,360.0,354.05,357.2,7790.0
2023-05-16,359.0,361.3,348.0,349.55,7249.0
2023-05-17,353.0,359.0,350.5,357.35,13371.0
2023-05-18,357.35,358.9,352.15,353.9,6542.0
2023-05-19,359.0,360.0,345.55,350.6,18495.0
2023-05-22,356.0,356.0,343.8,351.2,31291.0
2023-05-23,349.55,351.95,348.0,349.55,15010.0
2023-05-24,352.9,352.9,344.0,348.1,11793.0
2023-05-25,351.5,351.5,343.6,346.5,5307.0
2023-05-26,348.0,370.0,344.75,354.9,62743.0
2023-05-29,355.7,366.0,352.0,357.1,25006.0
2023-05-30,359.7,361.95,355.0,357.55,6296.0
2023-05-31,360.9,365.95,355.1,363.9,38865.0
2023-06-01,367.9,370.0,356.25,359.65,31909.0
2023-06-02,360.75,370.0,359.05,368.55,24571.0
2023-06-05,370.0,376.65,361.6,363.2,51689.0
2023-06-06,366.5,366.5,351.25,357.35,35190.0
2023-06-07,356.65,362.8,354.0,360.65,21764.0
2023-06-08,360.5,369.0,351.4,357.2,21058.0
2023-06-09,360.7,364.8,355.15,362.7,14273.0
2023-06-12,363.95,363.95,351.1,356.55,20581.0
2023-06-13,360.6,360.6,355.0,356.4,6240.0
2023-06-14,357.65,363.0,355.05,361.1,14357.0
2023-06-15,362.9,362.9,347.0,347.9,36316.0
2023-06-16,350.0,375.6,344.05,375.0,74818.0
2023-06-19,369.9,374.8,360.45,368.0,30903.0
2023-06-20,372.5,372.5,362.4,365.0,10661.0
2023-06-21,366.5,369.7,362.0,362.1,12510.0
2023-06-22,364.35,375.6,356.85,364.0,46297.0
2023-06-23,363.9,365.6,357.65,361.0,14533.0
2023-06-26,368.0,377.6,358.65,374.0,53434.0
2023-06-27,376.75,384.6,373.15,377.0,72447.0
2023-06-28,384.0,384.0,369.9,377.5,37797.0
2023-06-30,382.5,383.0,371.1,374.0,11870.0
2023-07-03,375.1,389.95,375.0,379.35,58489.0
2023-07-04,384.7,417.8,377.25,414.9,472253.0
2023-07-05,424.0,436.5,408.65,410.1,461687.0
2023-07-06,414.0,422.0,406.3,410.95,131621.0
2023-07-07,412.0,416.45,404.9,405.1,59992.0
2023-07-10,410.85,412.0,378.0,380.0,157140.0
2023-07-11,380.0,396.0,380.0,386.0,65630.0
2023-07-12,390.95,398.0,383.05,394.0,60633.0
2023-07-13,402.0,403.0,387.0,388.95,57502.0
2023-07-14,390.0,410.35,388.0,406.35,100865.0
2023-07-17,411.8,425.95,407.3,415.5,171370.0
2023-07-18,417.2,492.0,388.35,476.0,4532270.0
2023-07-19,475.0,485.45,461.55,467.7,984804.0
2023-07-20,470.15,470.15,447.1,451.7,253779.0
2023-07-21,446.0,459.9,441.1,445.0,229765.0
2023-07-24,457.0,478.5,448.0,469.8,383859.0
2023-07-25,469.05,483.0,457.55,461.8,224528.0
2023-07-26,461.8,474.3,461.8,468.0,87795.0
2023-07-27,469.7,474.75,465.1,466.65,87190.0
2023-07-28,469.4,476.85,456.65,460.0,123499.0
2023-07-31,462.7,473.4,444.7,448.45,155267.0
2023-08-01,451.9,459.4,438.75,447.0,123398.0
2023-08-02,448.7,451.0,428.0,434.25,119157.0
2023-08-03,436.7,444.95,433.95,440.2,62252.0
2023-08-04,442.75,448.9,434.95,438.0,54634.0
2023-08-07,443.7,445.5,430.1,439.0,52343.0
2023-08-08,440.0,444.95,436.5,441.9,38524.0
2023-08-09,443.95,454.95,438.0,444.0,60954.0
2023-08-10,448.0,450.0,440.0,445.8,39440.0
2023-08-11,447.7,447.7,432.7,432.7,44715.0
2023-08-14,434.05,436.7,414.2,421.0,61836.0
2023-08-16,416.0,440.8,416.0,425.5,74700.0
2023-08-17,428.5,434.45,424.3,431.4,30634.0
2023-08-18,431.95,431.95,416.05,422.5,51848.0
2023-08-21,422.5,436.95,421.2,430.9,36157.0
2023-08-22,432.95,443.75,428.05,440.8,60660.0
2023-08-23,443.75,445.6,431.1,431.25,26804.0
2023-08-24,436.5,442.0,430.0,431.0,28364.0
2023-08-25,433.0,437.8,430.2,435.0,25039.0
2023-08-28,436.05,458.0,436.05,454.9,112579.0
2023-08-29,457.35,462.8,448.0,448.5,66718.0
2023-08-30,455.0,455.0,435.8,438.0,62371.0
2023-08-31,440.0,443.8,433.3,436.0,20521.0
2023-09-01,446.95,446.95,425.05,428.2,67495.0
2023-09-04,434.0,434.9,420.0,421.4,68794.0
2023-09-05,424.0,430.7,422.0,429.0,36738.0
2023-09-06,427.05,437.9,424.8,429.95,64501.0
2023-09-07,430.0,435.2,427.85,431.2,24328.0
2023-09-08,436.1,447.0,431.1,440.55,87178.0
2023-09-11,442.2,450.2,427.1,432.1,114890.0
2023-09-12,433.4,441.95,393.6,426.95,163624.0
2023-09-13,429.5,435.0,409.0,426.85,64526.0
2023-09-14,427.0,431.9,420.0,423.1,23920.0
2023-09-15,427.0,443.9,421.25,440.05,120278.0
2023-09-18,441.0,441.0,433.3,438.2,34365.0
2023-09-20,437.6,448.9,434.1,439.5,58403.0
2023-09-21,435.5,442.85,433.05,440.6,29962.0
2023-09-22,444.75,452.9,443.6,446.6,75328.0
2023-09-25,448.9,474.0,446.6,454.0,215221.0
2023-09-26,456.25,470.0,451.0,456.5,96782.0
2023-09-27,458.5,460.45,441.6,447.3,58265.0
2023-09-28,447.0,456.0,439.75,450.85,67408.0
2023-09-29,453.0,454.35,444.8,449.4,35457.0
2023-10-03,448.95,448.95,431.0,439.5,40240.0
2023-10-04,436.25,441.5,424.55,426.75,49920.0
2023-10-05,428.0,437.85,425.1,436.05,32191.0
2023-10-06,432.6,439.5,430.6,435.4,16682.0
2023-10-09,425.9,437.0,423.2,430.6,31914.0
2023-10-10,430.6,444.4,430.0,442.0,82661.0
2023-10-11,443.0,446.8,438.15,439.0,24430.0
2023-10-12,441.95,445.6,436.55,440.75,30534.0
2023-10-13,439.05,443.8,431.6,433.5,17916.0
2023-10-16,433.8,444.0,433.8,442.05,35390.0
2023-10-17,447.0,454.45,432.55,443.95,101373.0
2023-10-18,445.0,445.25,427.15,429.65,79576.0
2023-10-19,424.35,456.0,410.05,412.75,885633.0
2023-10-20,418.0,418.9,391.35,393.8,144772.0
2023-10-23,400.0,400.0,375.0,386.9,167855.0
2023-10-25,396.95,396.95,366.6,380.05,100615.0
2023-10-26,381.0,382.9,366.0,380.65,85028.0
2023-10-27,383.0,399.75,381.2,396.55,74797.0
2023-10-30,396.55,398.3,374.6,376.1,96519.0
2023-10-31,377.2,381.75,376.5,378.3,28281.0
2023-11-01,380.75,382.0,361.8,366.8,48686.0
2023-11-02,367.0,378.35,367.0,374.1,66975.0
2023-11-03,378.2,384.35,373.5,377.7,57905.0
2023-11-06,377.7,382.6,373.0,375.35,31273.0
2023-11-07,374.5,378.1,373.0,375.9,37621.0
2023-11-08,379.5,379.5,366.0,374.8,55546.0
2023-11-09,373.0,378.65,369.55,372.8,36408.0
2023-11-10,369.55,376.55,362.6,365.9,77869.0
2023-11-12,368.8,375.4,367.0,373.0,18172.0
2023-11-13,371.05,373.2,365.05,369.9,13378.0
2023-11-15,373.95,384.85,368.1,382.3,60549.0
2023-11-16,384.0,405.0,383.95,396.0,131613.0
2023-11-17,400.8,400.8,387.65,393.1,48124.0
2023-11-20,390.0,393.95,380.5,383.2,31092.0
2023-11-21,379.1,402.85,379.1,389.0,63236.0
2023-11-22,394.95,396.0,381.7,392.0,23988.0
2023-11-23,389.85,392.35,382.5,383.6,16994.0
2023-11-24,386.5,387.9,380.0,382.05,16391.0
2023-11-28,380.5,396.95,373.0,393.05,92240.0
2023-11-29,394.9,395.9,381.0,390.95,42931.0
2023-11-30,398.95,399.0,383.7,386.8,31053.0
2023-12-01,389.0,393.95,386.6,391.65,18417.0
2023-12-04,405.0,405.0,387.05,391.35,58679.0
2023-12-05,393.95,396.95,383.8,385.0,32331.0
2023-12-06,388.3,390.0,381.75,384.85,38200.0
2023-12-07,387.9,396.0,382.55,393.65,36193.0
2023-12-08,397.95,406.95,393.7,397.9,63421.0
2023-12-11,402.5,415.0,396.5,410.15,84583.0
2023-12-12,411.9,416.9,403.95,407.5,74185.0
2023-12-13,409.0,410.2,402.0,405.2,54050.0
2023-12-14,408.0,414.5,403.95,410.0,56930.0
2023-12-15,410.0,411.9,400.0,410.0,25654.0
2023-12-18,410.5,410.85,394.25,396.8,34692.0
2023-12-19,398.05,406.2,392.0,394.2,33195.0
2023-12-20,395.2,401.2,375.6,377.7,56868.0
2023-12-21,376.0,397.0,373.05,390.9,59246.0
2023-12-22,393.8,401.7,385.35,390.0,47646.0
2023-12-26,387.95,389.85,383.0,383.9,23303.0
2023-12-27,387.95,392.5,383.25,385.35,36417.0
2023-12-28,387.95,394.6,383.0,390.75,27936.0
2023-12-29,392.95,419.9,390.5,416.55,254574.0
2024-01-01,420.0,433.25,417.5,420.65,143962.0
2024-01-02,427.15,428.6,411.1,413.0,73874.0
2024-01-03,413.9,419.9,407.7,416.85,36489.0
2024-01-04,419.95,434.0,417.1,425.5,125491.0
2024-01-05,431.55,437.0,425.15,433.35,117059.0
2024-01-08,430.2,434.95,416.5,427.9,60794.0
2024-01-09,425.0,435.35,421.15,430.95,50619.0
2024-01-10,434.0,460.0,425.55,454.65,242608.0
2024-01-11,456.95,461.0,441.8,445.3,103998.0
2024-01-12,446.2,452.55,444.0,446.25,69594.0
2024-01-15,450.75,460.0,447.6,449.45,58639.0
2024-01-16,454.8,472.0,447.3,451.35,175869.0
2024-01-17,453.7,531.0,445.6,513.95,3572598.0
2024-01-18,523.0,535.95,490.7,513.15,1325924.0
2024-01-19,524.0,612.75,520.0,602.4,2847389.0
2024-01-20,610.5,694.0,580.05,669.15,2202967.0
2024-01-23,663.4,688.3,612.55,638.5,563916.0
2024-01-24,645.0,701.0,619.0,687.65,465085.0
2024-01-25,703.85,748.9,675.0,743.65,513065.0
2024-01-29,750.95,794.9,741.2,763.65,366610.0
2024-01-30,764.95,766.7,707.65,715.25,195989.0
2024-01-31,716.15,763.1,716.0,737.7,168457.0
2024-02-01,742.45,747.3,687.0,694.3,225149.0
2024-02-02,701.7,750.0,694.3,738.45,187820.0
2024-02-05,744.0,748.55,705.0,716.6,88717.0
2024-02-06,720.0,720.0,710.0,716.0,50445.0
2024-02-07,717.7,742.0,710.05,714.45,61320.0
2024-02-08,724.3,727.95,700.15,704.75,106960.0
2024-02-09,709.0,723.0,673.2,685.4,83072.0
2024-02-12,689.2,695.9,634.1,640.3,118743.0
2024-02-13,656.25,704.3,630.0,704.3,215356.0
2024-02-14,696.75,749.95,690.05,742.15,281099.0
2024-02-15,758.35,768.5,729.05,763.85,140758.0
2024-02-16,770.95,775.0,748.0,762.9,89856.0
2024-02-19,766.7,787.0,732.0,736.25,110859.0
2024-02-20,735.3,739.35,701.55,708.0,67129.0
2024-02-21,707.95,755.0,707.95,728.3,85054.0
2024-02-22,754.95,754.95,712.75,729.25,77287.0
2024-02-23,740.0,775.0,730.05,761.05,182540.0
2024-02-26,774.0,837.15,771.0,837.15,276559.0
2024-02-27,860.0,917.4,847.0,883.5,865436.0
2024-02-28,871.45,878.5,839.35,839.35,112271.0
2024-02-29,810.55,845.0,797.4,831.0,182667.0
2024-03-01,841.65,859.0,806.25,829.8,67647.0
2024-03-02,844.0,854.8,821.2,840.1,9179.0
2024-03-04,837.2,855.0,808.0,812.2,52311.0
2024-03-05,812.15,812.15,771.6,774.25,91986.0
2024-03-06,752.0,779.95,735.55,745.85,84996.0
2024-03-07,758.0,783.1,755.05,783.1,34989.0
2024-03-11,822.25,822.25,749.0,763.6,89112.0
2024-03-12,765.85,775.0,725.45,725.45,82695.0
2024-03-13,715.2,735.0,689.2,689.2,78888.0
2024-03-14,668.95,722.0,655.0,714.35,128778.0
2024-03-15,727.0,727.0,683.3,696.45,74171.0
2024-03-18,699.8,715.45,692.65,706.2,40566.0
2024-03-19,724.9,724.9,686.0,689.5,19681.0
2024-03-20,688.0,723.0,664.0,689.15,66232.0
2024-03-21,714.9,723.6,703.5,723.6,64016.0
2024-03-22,736.0,759.75,712.6,759.75,75591.0
2024-03-26,762.0,779.0,730.0,741.5,59691.0
2024-03-27,750.0,774.7,739.7,753.25,69583.0
2024-03-28,773.0,773.0,738.0,740.55,27029.0
2024-04-01,744.0,777.55,744.0,774.45,64232.0
2024-04-02,782.0,782.15,765.0,773.5,41393.0
2024-04-03,773.5,812.15,763.15,812.15,82245.0
2024-04-04,827.7,836.0,792.1,796.45,59924.0
2024-04-05,796.45,809.8,790.5,801.6,29242.0
2024-04-08,805.05,807.3,761.55,763.35,66397.0
2024-04-09,774.95,795.0,755.7,764.35,82200.0
2024-04-10,764.95,789.5,764.95,772.75,37812.0
2024-04-12,772.0,794.7,765.1,772.1,32719.0
2024-04-15,734.25,770.0,733.5,749.6,60858.0
2024-04-16,745.0,778.0,741.7,769.2,25868.0
2024-04-18,760.2,784.0,760.2,769.5,35875.0
2024-04-19,738.05,770.0,733.55,751.8,68847.0
2024-04-22,769.9,789.35,758.0,783.65,93765.0
2024-04-23,819.0,819.0,783.0,786.25,51893.0
2024-04-24,788.95,799.6,777.55,785.5,29152.0
2024-04-25,810.0,810.0,777.0,789.15,24314.0
2024-04-26,789.15,801.45,785.15,796.0,24213.0
2024-04-29,806.0,814.4,769.4,775.3,43900.0
2024-04-30,784.95,812.0,777.05,804.1,69485.0
2024-05-02,804.1,844.3,803.0,844.3,129329.0
2024-05-03,874.0,882.8,802.1,814.25,147216.0
2024-05-06,809.0,828.0,773.55,792.6,80381.0
2024-05-07,794.95,800.45,753.0,755.95,97450.0
2024-05-08,755.8,781.0,732.1,774.3,51497.0
2024-05-09,776.95,785.0,737.55,748.2,31972.0
2024-05-10,743.0,785.6,737.9,785.05,62064.0
2024-05-13,800.0,818.9,763.6,804.4,152492.0
2024-05-14,816.0,844.6,806.5,844.6,116104.0
2024-05-15,879.45,886.8,865.05,886.8,244193.0
2024-05-16,880.05,883.9,845.75,865.2,133862.0
2024-05-17,870.0,870.0,823.2,828.55,91484.0
2024-05-18,830.05,861.5,830.05,846.4,17261.0
2024-05-21,858.0,861.0,820.0,828.0,62407.0
2024-05-22,829.9,832.85,796.8,819.35,67852.0
2024-05-23,817.0,828.5,801.75,810.15,34799.0
2024-05-24,823.0,828.0,776.0,786.6,57817.0
2024-05-27,800.0,804.0,780.05,785.4,49992.0
2024-05-28,778.0,793.75,762.25,768.9,44524.0
2024-05-29,770.35,778.45,748.75,763.65,41674.0
2024-05-30,774.5,784.95,746.05,771.35,39708.0
2024-05-31,771.35,783.25,752.95,775.55,30015.0
2024-06-03,814.3,814.3,814.3,814.3,43345.0
2024-06-04,817.05,835.15,773.6,774.0,162614.0
2024-06-05,757.1,812.7,737.05,793.55,133897.0
2024-06-06,800.0,833.2,800.0,832.3,128766.0
2024-06-07,852.8,978.0,842.6,948.25,1249577.0
2024-06-10,988.0,1039.0,972.05,994.7,466111.0
2024-06-11,1012.0,1023.9,986.45,1002.05,147129.0
2024-06-12,1001.85,1030.0,990.0,997.25,131098.0
2024-06-13,1008.8,1010.75,979.55,1007.15,69696.0
2024-06-14,1012.2,1017.7,980.0,988.2,74163.0
2024-06-18,999.45,1057.45,970.0,1043.45,254245.0
2024-06-19,1052.8,1070.0,985.0,990.4,186346.0
2024-06-20,992.0,1003.7,970.0,975.45,115679.0
2024-06-21,989.9,995.0,955.0,959.6,75506.0
2024-06-24,970.0,982.45,924.6,967.8,129325.0
2024-06-25,976.95,1020.05,960.4,970.25,131205.0
2024-06-26,970.25,973.75,940.5,947.9,104107.0
2024-06-27,950.0,962.95,917.5,920.9,66339.0
2024-06-28,926.65,957.75,915.0,950.65,86631.0
2024-07-01,950.25,964.65,938.4,950.5,65063.0
2024-07-02,959.7,1013.8,945.85,1005.6,266982.0
2024-07-03,1013.15,1018.5,990.0,1006.7,113716.0
2024-07-04,1007.95,1029.25,988.5,991.5,98410.0
2024-07-05,995.85,1049.0,982.55,1040.8,198712.0
2024-07-08,1065.95,1110.0,1052.6,1083.2,503293.0
2024-07-09,1089.2,1091.8,1029.0,1040.05,174602.0
2024-07-10,1041.0,1041.0,978.8,1014.25,142976.0
2024-07-11,1030.0,1055.0,1014.55,1023.7,96164.0
2024-07-12,1029.9,1060.0,996.85,1005.65,110939.0
2024-07-15,1019.95,1047.95,924.8,947.2,643984.0
2024-07-16,947.2,990.8,931.6,955.55,168615.0
2024-07-18,959.95,969.45,925.0,928.85,94242.0
2024-07-19,932.95,934.45,879.8,895.15,174934.0
2024-07-22,900.0,914.0,875.05,891.5,70108.0
2024-07-23,896.1,914.7,854.9,909.1,102842.0
2024-07-24,907.4,971.5,902.8,962.85,143047.0
2024-07-25,957.9,983.25,936.0,943.7,72702.0
2024-07-26,951.0,955.0,922.0,929.35,62347.0
2024-07-29,944.95,963.4,924.1,931.25,73042.0
2024-07-30,932.0,947.95,922.3,928.15,52692.0
2024-07-31,928.15,944.95,924.75,933.65,50071.0
2024-08-01,936.4,938.2,888.0,899.2,125965.0
2024-08-02,889.2,907.5,882.15,888.7,57079.0
2024-08-05,868.75,878.95,839.0,856.55,112531.0
2024-08-06,869.4,907.95,836.9,842.15,68318.0
2024-08-07,849.85,881.45,845.6,878.55,44397.0
2024-08-08,885.15,896.65,871.0,874.6,32537.0
2024-08-09,887.4,888.8,871.0,872.55,18150.0
2024-08-12,875.0,888.0,867.3,880.0,36090.0
2024-08-13,873.0,883.4,840.05,857.05,45347.0
2024-08-14,875.0,875.0,842.35,851.7,28167.0
2024-08-16,855.9,878.3,850.3,874.7,53774.0
2024-08-19,884.95,918.0,882.0,913.25,82123.0
2024-08-20,919.65,955.7,880.95,885.7,184567.0
2024-08-21,887.0,898.0,879.0,881.95,46421.0
2024-08-22,893.7,895.95,868.7,873.6,41442.0
2024-08-23,877.6,882.1,868.0,870.65,40252.0
2024-08-26,880.0,887.0,860.75,863.65,59760.0
2024-08-27,868.5,893.0,860.75,878.0,60286.0
2024-08-28,883.7,904.0,875.1,882.1,80203.0
2024-08-29,883.9,889.0,850.1,858.2,89213.0
2024-08-30,851.0,860.1,838.05,845.6,79610.0
2024-09-02,839.0,845.0,796.95,806.6,205163.0
2024-09-03,806.0,830.9,793.0,814.9,154945.0
2024-09-04,825.0,825.0,808.25,819.8,38829.0
2024-09-05,826.0,826.0,808.75,810.3,29402.0
2024-09-06,810.3,822.9,797.35,803.0,59843.0
2024-09-09,803.0,827.4,796.25,812.15,57324.0
2024-09-10,814.2,850.0,813.15,834.75,81022.0
2024-09-11,838.1,838.1,811.1,819.1,38993.0
2024-09-12,814.0,830.1,812.0,818.65,31785.0
2024-09-13,818.05,831.0,808.3,816.2,51282.0
2024-09-16,815.8,827.55,804.5,810.95,53237.0
2024-09-17,821.1,821.1,795.1,806.6,63508.0
2024-09-18,807.0,815.0,800.0,809.75,45196.0
2024-09-19,825.0,825.0,795.05,804.9,165608.0
2024-09-20,809.0,857.6,801.1,850.45,283514.0
2024-09-23,856.75,912.8,856.75,876.5,397301.0
2024-09-24,879.0,883.5,839.0,849.2,125649.0
2024-09-25,848.05,864.65,842.0,855.3,75516.0
2024-09-26,859.0,859.0,827.1,836.1,62559.0
2024-09-27,839.0,844.95,811.55,815.7,54570.0
2024-09-30,820.0,840.0,810.0,832.05,102008.0
2024-10-01,837.8,848.95,812.6,815.35,76045.0
2024-10-03,815.5,818.95,794.0,804.3,106831.0
2024-10-04,806.9,836.0,798.3,811.7,186675.0
2024-10-07,818.5,825.45,775.55,782.85,109640.0
2024-10-08,782.85,821.0,778.5,816.05,287546.0
2024-10-09,824.0,868.0,821.75,861.4,571075.0
2024-10-10,866.65,888.5,860.05,882.5,124708.0
2024-10-11,880.0,899.85,863.05,890.55,400045.0
2024-10-14,892.0,1011.0,885.05,991.9,764180.0
2024-10-15,1021.0,1034.95,993.9,1008.2,551114.0
2024-10-16,1005.0,1044.5,949.65,1029.7,272216.0
2024-10-17,1037.95,1038.0,1001.0,1022.0,113884.0
2024-10-18,1011.8,1042.25,983.05,1020.45,323961.0
2024-10-21,1100.0,1105.0,963.3,982.05,599272.0
2024-10-22,973.75,994.65,927.0,930.95,579231.0
2024-10-23,922.0,1017.6,922.0,988.3,274017.0
2024-10-24,997.0,1019.45,973.0,977.15,147468.0
2024-10-25,982.85,1002.9,946.05,992.4,192715.0
2024-10-28,1005.0,1030.0,987.25,1006.2,173971.0
2024-10-29,1014.2,1032.9,993.0,1022.45,183673.0
2024-10-30,1028.0,1087.95,1020.3,1051.15,375605.0
2024-10-31,1053.0,1082.75,1023.0,1073.45,214430.0
2024-11-01,1097.95,1099.0,1075.0,1085.15,73893.0
2024-11-04,1091.7,1100.0,1024.05,1040.0,185004.0
2024-11-05,1057.0,1165.0,1038.05,1154.2,900652.0
2024-11-06,1165.0,1192.0,1142.4,1171.6,464750.0
2024-11-07,1190.25,1195.0,1122.25,1141.6,176716.0
2024-11-08,1139.0,1148.75,1102.0,1113.15,129060.0
2024-11-11,1119.3,1132.0,1085.7,1107.15,173082.0
2024-11-12,1117.65,1121.35,1067.55,1081.35,186369.0
2024-11-13,1070.05,1081.0,1020.05,1041.3,187552.0
2024-11-14,1041.3,1077.85,1041.3,1047.65,112481.0
2024-11-18,1059.0,1173.65,1026.7,1104.3,299932.0
2024-11-19,1113.45,1145.0,1086.5,1102.35,148740.0
2024-11-21,1092.0,1140.0,1067.4,1100.3,162058.0
2024-11-22,1103.75,1209.7,1092.0,1196.05,547742.0
2024-11-25,1207.85,1230.0,1152.1,1205.7,359056.0
2024-11-26,1214.0,1250.0,1202.05,1222.3,344894.0
2024-11-27,1229.15,1251.6,1210.05,1241.1,167720.0
2024-11-28,1246.05,1253.0,1215.1,1245.65,114703.0
2024-11-29,1248.95,1287.45,1230.0,1267.25,304988.0
2024-12-02,1267.0,1295.0,1225.0,1292.2,239143.0
2024-12-03,1296.0,1327.0,1275.0,1284.8,184070.0
2024-12-04,1284.9,1303.95,1275.6,1289.9,93372.0
2024-12-05,1290.75,1310.0,1264.95,1273.9,106331.0
2024-12-06,1278.3,1340.45,1264.2,1318.95,241150.0
2024-12-09,1322.0,1338.2,1295.75,1308.85,71353.0
2024-12-10,1315.0,1324.35,1285.0,1299.55,110965.0
2024-12-11,1298.0,1305.3,1269.55,1280.1,59649.0
2024-12-12,1280.0,1290.3,1252.4,1259.0,63790.0
2024-12-13,1253.0,1265.45,1222.1,1257.15,97694.0
2024-12-16,1257.15,1333.2,1252.15,1302.4,149875.0
2024-12-17,1314.0,1320.15,1257.75,1280.05,48124.0
2024-12-18,1280.0,1298.25,1252.35,1259.5,48497.0
2024-12-19,1200.0,1266.1,1171.55,1252.65,74257.0
2024-12-20,1241.0,1263.8,1178.2,1188.2,114696.0
2024-12-23,1191.95,1211.45,1159.05,1168.5,110124.0
2024-12-24,1168.5,1180.5,1145.0,1153.2,78206.0
2024-12-26,1165.7,1181.15,1132.1,1167.8,103310.0
2024-12-27,1157.0,1184.85,1150.0,1165.25,99777.0
2024-12-30,1176.7,1245.0,1161.0,1231.4,251762.0
2024-12-31,1239.0,1267.0,1212.0,1258.9,104085.0
2025-01-01,1258.0,1267.5,1237.65,1247.55,105951.0
2025-01-02,1254.1,1309.3,1254.05,1299.25,147681.0
2025-01-03,1310.8,1317.7,1272.9,1278.05,67620.0
2025-01-06,1280.05,1300.0,1218.3,1246.85,198297.0
2025-01-07,1233.2,1299.0,1233.2,1288.8,327946.0
2025-01-08,1285.15,1348.95,1256.6,1328.65,298121.0
2025-01-09,1350.0,1366.75,1308.45,1319.35,368937.0
2025-01-10,1315.0,1319.2,1229.05,1236.8,207968.0
2025-01-13,1218.25,1237.2,1145.65,1156.8,262649.0
2025-01-14,1178.2,1186.35,1139.05,1169.35,146049.0
2025-01-15,1177.85,1222.85,1151.1,1215.75,235285.0
2025-01-16,1222.55,1331.0,1222.55,1313.0,536824.0
2025-01-17,1313.45,1428.9,1237.0,1390.6,1658475.0
2025-01-20,1403.0,1485.0,1375.1,1383.75,981212.0
2025-01-21,1396.5,1437.8,1376.65,1398.95,440552.0
2025-01-22,1450.0,1456.7,1309.3,1392.1,699921.0
2025-01-23,1392.05,1406.8,1345.0,1352.8,214766.0
2025-01-24,1351.0,1378.65,1330.0,1356.9,168630.0
2025-01-27,1342.05,1342.05,1255.1,1265.8,218278.0
2025-01-28,1260.0,1299.95,1181.45,1286.95,338107.0
2025-01-29,1282.35,1334.4,1266.85,1293.9,186845.0
2025-01-30,1312.95,1338.6,1284.45,1294.15,172861.0
2025-01-31,1295.0,1363.9,1281.05,1354.7,142054.0
2025-02-01,1358.7,1389.05,1298.7,1380.0,223326.0
2025-02-03,1355.0,1382.0,1315.0,1331.7,164761.0
2025-02-04,1355.0,1433.95,1342.7,1398.95,319742.0
2025-02-05,1430.0,1463.8,1403.0,1452.6,263925.0
2025-02-06,1452.75,1485.0,1431.0,1480.05,204637.0
2025-02-07,1475.0,1477.7,1430.45,1441.75,107302.0
2025-02-10,1445.0,1449.95,1368.0,1395.4,123951.0
2025-02-11,1402.95,1402.95,1325.5,1342.25,143816.0
2025-02-12,1325.0,1391.0,1277.0,1388.35,228176.0
2025-02-13,1381.55,1403.0,1360.0,1369.75,123280.0
2025-02-14,1379.25,1379.25,1230.0,1268.05,284724.0
2025-02-17,1262.0,1286.5,1220.0,1251.25,150837.0
2025-02-18,1260.0,1260.0,1167.2,1199.15,136358.0
2025-02-19,1199.15,1266.7,1179.2,1246.05,92917.0
2025-02-20,1248.45,1305.0,1225.05,1263.8,156394.0
2025-02-21,1255.35,1285.7,1220.1,1234.1,85477.0
2025-02-24,1220.0,1245.0,1182.05,1209.8,88027.0
2025-02-25,1214.35,1237.5,1174.0,1180.55,110103.0
2025-02-27,1180.55,1192.75,1105.0,1117.3,96093.0
2025-02-28,1100.55,1138.65,1064.05,1082.65,219560.0
2025-03-03,1065.0,1086.0,1001.05,1050.65,331321.0
2025-03-04,1025.05,1104.95,1025.0,1064.15,137293.0
2025-03-05,1061.45,1089.15,1018.0,1047.55,235843.0
2025-03-06,1049.65,1095.0,1049.65,1087.25,129207.0
2025-03-07,1087.25,1109.55,1035.45,1052.2,261765.0
2025-03-10,1052.2,1071.05,1000.0,1004.8,135689.0
2025-03-11,1000.0,1046.0,967.05,1033.6,171431.0
2025-03-12,1033.1,1041.1,987.2,1012.5,206482.0
2025-03-13,1021.9,1027.95,990.25,997.1,107949.0
2025-03-17,995.1,1030.05,985.35,1006.45,146911.0
2025-03-18,1014.4,1033.0,1009.55,1024.45,102313.0
2025-03-19,1034.0,1059.45,1028.35,1055.25,104905.0
2025-03-20,1073.0,1103.8,1045.0,1051.9,153763.0
2025-03-21,1051.9,1128.0,1046.8,1117.5,184350.0
2025-03-24,1139.9,1147.65,1112.5,1132.25,133597.0
2025-03-25,1140.0,1144.95,1052.0,1065.35,119971.0
2025-03-26,1055.0,1104.95,1047.85,1086.4,235603.0
2025-03-27,1069.7,1100.4,1051.0,1079.4,107353.0
2025-03-28,1095.0,1095.0,1053.5,1059.15,111146.0
2025-04-01,1059.0,1080.5,1048.7,1055.55,87730.0
2025-04-02,1060.0,1081.5,1022.05,1079.75,131732.0
2025-04-03,1080.0,1087.65,1060.0,1080.4,120639.0
2025-04-04,1082.0,1086.0,1006.4,1020.65,119694.0
2025-04-07,852.85,999.0,852.85,981.35,218386.0
2025-04-08,1018.9,1028.4,980.7,1000.2,82211.0
2025-04-09,999.0,1020.85,969.0,980.35,73056.0
2025-04-11,1015.0,1036.45,1006.85,1018.85,68361.0
2025-04-15,1051.0,1090.1,995.0,1075.2,384394.0
2025-04-16,1075.2,1120.0,1070.9,1109.3,145966.0
2025-04-17,1110.0,1133.2,1076.0,1087.5,214425.0
2025-04-21,1106.1,1132.7,1081.5,1122.5,108364.0
2025-04-22,1132.8,1157.7,1113.1,1145.2,120826.0
2025-04-23,1156.0,1169.0,1124.0,1145.6,115574.0
2025-04-24,1133.0,1151.9,1120.0,1124.4,83144.0
2025-04-25,1125.2,1133.2,1060.0,1080.4,129196.0
2025-04-28,1072.9,1096.6,1059.3,1092.8,79815.0
2025-04-29,1093.0,1112.9,1076.0,1080.0,54300.0
2025-04-30,1080.2,1109.0,1061.2,1089.8,93725.0
2025-05-02,1089.6,1109.8,1076.0,1081.1,51530.0
2025-05-05,1094.9,1132.9,1080.0,1113.0,110186.0
2025-05-06,1113.0,1121.1,1035.7,1047.5,90291.0
2025-05-07,1029.1,1081.0,1021.0,1073.7,149103.0
2025-05-08,1080.0,1089.0,1007.3,1033.6,75978.0
2025-05-09,1000.0,1035.3,1000.0,1011.9,115407.0
2025-05-12,1050.0,1118.9,1050.0,1106.9,188456.0
2025-05-13,1110.0,1145.0,993.2,1005.1,704203.0
2025-05-14,1010.0,1026.9,910.0,978.5,1617585.0
2025-05-15,979.0,1010.0,965.2,986.1,330531.0
2025-05-16,988.2,1002.0,978.7,996.7,196402.0
2025-05-19,996.7,1032.3,982.9,1014.6,274276.0
2025-05-20,1020.8,1035.0,996.0,1004.2,205373.0
2025-05-21,1001.0,1045.0,990.0,1035.1,159609.0
2025-05-22,1035.0,1039.9,1014.0,1019.8,64446.0
2025-05-23,1030.0,1037.3,1012.6,1026.8,106697.0
2025-05-26,1035.0,1038.5,1014.0,1016.7,95086.0
2025-05-27,1023.1,1023.1,1007.0,1013.1,65683.0
2025-05-28,1020.0,1032.9,1014.8,1019.9,99145.0
2025-05-29,1019.0,1023.8,1008.3,1016.8,62772.0
2025-05-30,1017.5,1025.0,1001.9,1006.2,80654.0
2025-06-02,999.5,1032.8,996.5,1016.4,89443.0
2025-06-03,1018.9,1029.9,1002.1,1005.6,66446.0
2025-06-04,1011.1,1014.2,996.2,1002.0,68729.0
2025-06-05,1012.0,1030.3,1006.9,1020.6,81542.0
2025-06-06,1021.0,1044.0,1016.1,1027.8,183121.0
2025-06-09,1045.0,1079.8,1027.0,1034.1,273021.0
2025-06-10,1042.4,1048.7,1012.2,1019.4,147358.0
2025-06-11,1022.9,1028.8,1003.5,1007.9,106515.0
2025-06-12,1013.7,1019.7,987.7,991.3,116530.0
2025-06-13,970.6,996.3,970.6,986.4,79644.0
2025-06-16,987.0,997.8,965.0,977.2,156385.0
2025-06-17,980.0,995.0,961.0,963.1,92232.0
2025-06-18,963.1,978.0,956.2,963.6,60821.0
2025-06-19,961.2,967.2,930.0,937.2,82125.0
2025-06-20,935.2,964.4,934.2,954.6,60527.0
2025-06-23,951.3,962.9,945.5,956.2,39778.0
2025-06-24,960.0,989.0,960.0,968.2,69070.0
2025-06-25,970.0,1001.3,968.5,996.3,85412.0
2025-06-26,1008.0,1008.0,985.3,995.0,51052.0
2025-06-27,997.2,1004.0,973.0,980.6,66903.0
2025-06-30,980.9,998.0,980.6,991.2,44825.0
2025-07-01,993.7,998.9,976.35,982.7,63128.0
2025-07-02,982.7,985.55,971.0,977.35,42536.0
2025-07-03,980.9,988.45,968.0,971.0,43698.0
2025-07-04,970.0,981.0,960.25,976.1,49328.0
2025-07-07,981.0,1039.8,981.0,1031.55,494846.0
2025-07-08,1050.0,1050.0,1009.55,1028.95,121023.0
2025-07-09,1035.95,1042.85,1003.95,1010.05,207457.0
2025-07-10,1015.1,1020.0,999.85,1004.25,53615.0
2025-07-11,1004.25,1009.55,992.1,995.7,40511.0
2025-07-14,995.05,996.8,982.0,986.55,49092.0
2025-07-15,996.95,1010.95,987.0,1007.05,86505.0
2025-07-16,1012.4,1020.0,990.0,996.95,78672.0
2025-07-17,1006.0,1007.95,985.15,990.95,61347.0
2025-07-18,991.0,994.0,966.0,980.55,95999.0
2025-07-21,982.0,983.0,932.5,942.35,386314.0
2025-07-22,925.0,936.0,907.4,919.6,168449.0
2025-07-23,920.05,923.9,887.0,894.45,165834.0
2025-07-24,894.45,915.55,890.45,908.8,104508.0
2025-07-25,907.05,911.75,886.0,887.9,59622.0
2025-07-28,888.0,909.9,873.2,886.75,80148.0
2025-07-29,885.85,907.8,875.55,900.6,42669.0
2025-07-30,902.4,909.8,894.5,905.85,39167.0
2025-07-31,900.0,902.0,885.25,894.2,55115.0
2025-08-01,894.0,910.2,872.0,884.4,55278.0
2025-08-04,884.4,916.0,877.05,911.8,66152.0
2025-08-05,909.3,911.75,866.05,878.1,90860.0
2025-08-06,877.1,880.25,856.25,862.15,58095.0
2025-08-07,856.35,887.7,850.05,880.6,42233.0
2025-08-08,883.0,883.0,852.6,859.05,36632.0
2025-08-11,859.9,869.35,854.4,859.0,35142.0
2025-08-12,861.2,874.8,855.1,859.0,41314.0
2025-08-13,858.0,873.85,857.0,871.15,51733.0
2025-08-14,868.8,873.95,858.0,865.3,36053.0
2025-08-18,868.0,911.9,868.0,902.3,67681.0
2025-08-19,894.0,917.0,889.5,898.45,54659.0
2025-08-20,896.0,907.45,894.1,901.15,21685.0
2025-08-21,908.7,920.15,894.55,899.4,40360.0
2025-08-22,898.0,914.0,891.2,899.85,29705.0
2025-08-25,902.9,908.4,892.0,892.85,24933.0
2025-08-26,891.0,907.1,880.0,885.7,38427.0
2025-08-28,885.7,894.7,860.0,864.6,58916.0
2025-08-29,870.0,895.95,852.7,859.0,44424.0
2025-09-01,860.8,862.45,831.0,834.5,132583.0
2025-09-02,835.2,870.0,834.0,865.65,82556.0
2025-09-03,865.0,886.0,860.0,876.7,53142.0
2025-09-04,877.0,884.95,862.45,863.2,26751.0
2025-09-05,862.5,867.8,857.0,861.25,19848.0
2025-09-08,858.0,867.0,854.85,857.1,32843.0
2025-09-09,857.1,902.95,855.0,875.4,58223.0
2025-09-10,878.05,883.0,870.0,879.65,23808.0
2025-09-11,879.65,896.55,874.3,882.05,32551.0
2025-09-12,885.6,887.7,871.0,873.5,33177.0
2025-09-15,873.5,881.0,865.0,869.6,41552.0
2025-09-16,869.5,880.0,863.15,877.0,28296.0
2025-09-17,875.6,886.8,873.0,877.2,21340.0
2025-09-18,877.0,885.85,871.0,873.45,18083.0
2025-09-19,872.1,893.0,850.6,864.05,67612.0
2025-09-22,867.6,880.0,862.0,865.05,41006.0
2025-09-23,865.05,875.05,846.0,868.9,41329.0
2025-09-24,870.1,871.05,856.85,861.1,42476.0
2025-09-25,861.7,875.4,847.4,854.35,32042.0
2025-09-26,854.35,856.3,832.2,842.35,38258.0
2025-09-29,845.95,848.25,831.0,833.3,46257.0
2025-09-30,834.6,848.0,832.15,834.55,13832.0
2025-10-01,834.0,850.95,829.5,841.25,52794.0
2025-10-03,850.5,862.8,840.5,858.8,31075.0
2025-10-06,858.8,863.6,842.0,845.05,24308.0
2025-10-07,845.0,861.0,843.55,846.5,23691.0
2025-10-08,854.95,854.95,830.95,832.5,22875.0
2025-10-09,832.0,838.25,810.5,825.25,54896.0
2025-10-10,819.85,840.0,811.55,830.95,32419.0
2025-10-13,829.0,840.4,820.8,825.45,29229.0
2025-10-14,823.9,831.5,806.2,809.55,54756.0
2025-10-15,809.8,821.0,808.35,816.4,40054.0
2025-10-16,821.1,885.0,821.1,861.6,356730.0
2025-10-17,861.6,862.45,840.3,851.45,70697.0
2025-10-20,851.45,867.0,847.65,859.1,42180.0
2025-10-21,861.95,874.95,839.15,864.5,19447.0
2025-10-23,882.85,882.85,847.0,852.5,48989.0
2025-10-24,853.85,854.15,834.55,841.2,31412.0
2025-10-27,840.3,845.45,831.85,834.5,41246.0
2025-10-28,836.25,840.4,811.0,822.7,123025.0
2025-10-29,822.7,829.9,817.95,826.5,41402.0
2025-10-30,815.0,839.0,815.0,832.05,24858.0
2025-10-31,833.7,841.2,826.55,827.6,34341.0
2025-11-03,831.1,845.0,831.1,837.75,19409.0
2025-11-04,838.55,841.9,828.25,838.65,25233.0
2025-11-06,836.95,844.2,822.0,825.65,49477.0
2025-11-07,815.0,820.0,786.1,811.0,67285.0
2025-11-10,798.5,835.0,798.5,829.85,37953.0
2025-11-11,826.8,835.0,809.0,825.0,32322.0
2025-11-12,821.7,828.05,812.5,817.2,26414.0
2025-11-13,825.0,835.0,808.35,825.3,35783.0
2025-11-14,824.0,838.6,810.0,815.7,62718.0
2025-11-17,815.95,818.8,809.0,809.75,24044.0
2025-11-18,809.95,815.35,800.75,806.1,38893.0
2025-11-19,802.0,809.8,802.0,803.05,18536.0
2025-11-20,804.3,817.7,802.7,804.1,29686.0
2025-11-21,802.0,807.65,800.0,801.5,26784.0
2025-11-24,795.2,806.9,788.0,789.1,32244.0
2025-11-25,786.1,817.4,782.0,805.45,48584.0
2025-11-26,805.1,816.0,798.4,804.0,20252.0
2025-11-27,854.0,899.7,835.95,854.65,4272425.0
2025-11-28,850.0,860.0,830.55,838.4,168205.0
2025-12-01,831.0,847.9,830.0,833.3,53219.0
2025-12-02,833.7,846.5,827.8,832.2,70476.0
2025-12-03,832.1,832.7,809.0,816.15,53317.0
2025-12-04,816.0,823.25,806.0,810.1,36229.0
2025-12-05,808.0,819.0,800.0,802.3,29373.0
2025-12-08,799.9,809.8,788.0,791.6,47804.0
2025-12-09,789.0,848.95,779.15,836.0,140249.0
2025-12-10,836.9,837.05,817.0,818.95,28229.0
2025-12-11,818.0,821.9,811.0,821.3,19998.0
2025-12-12,818.25,821.9,810.2,812.0,25316.0
2025-12-15,810.75,821.0,810.0,815.7,29198.0
2025-12-16,803.7,816.4,803.7,810.0,35348.0
2025-12-17,808.0,815.6,799.05,804.9,33562.0
2025-12-18,812.0,814.0,794.95,797.1,22842.0
2025-12-19,793.05,808.1,793.05,801.1,31293.0
2025-12-22,803.55,808.0,790.2,800.35,35177.0
2025-12-23,801.0,810.35,798.0,807.25,31498.0
2025-12-24,806.1,818.4,802.9,804.95,20251.0
2025-12-26,804.95,808.15,796.6,803.75,48587.0
2025-12-29,803.2,804.8,795.0,802.45,22656.0
2025-12-30,799.85,806.0,789.5,799.0,18759.0
2025-12-31,800.8,808.0,800.0,802.5,39553.0
2026-01-01,802.6,805.9,799.0,805.0,9819.0
2026-01-02,803.0,814.05,801.25,812.0,19625.0
2026-01-05,803.0,810.9,795.0,798.7,50846.0
2026-01-06,797.0,799.75,792.0,799.0,25738.0
2026-01-07,795.75,797.9,789.65,792.0,20874.0
2026-01-08,789.0,794.15,753.6,775.4,157229.0
2026-01-09,770.0,780.45,746.1,755.75,56953.0
2026-01-12,755.75,755.75,728.4,743.0,63301.0
2026-01-13,736.0,774.8,717.3,766.75,115756.0
2026-01-14,763.85,763.85,742.0,747.45,37339.0
2026-01-16,736.25,751.45,736.25,737.1,43951.0
2026-01-19,728.0,760.0,728.0,740.2,32680.0
2026-01-20,742.5,791.7,740.5,755.45,325115.0
2026-01-21,755.45,768.65,717.0,720.05,78299.0
2026-01-22,728.9,743.15,728.9,741.2,24813.0
2026-01-23,741.2,741.2,716.7,720.25,27349.0
2026-01-27,725.0,735.0,706.0,729.6,26839.0
2026-01-28,728.7,732.55,716.55,728.6,24083.0
2026-01-29,722.1,729.75,707.0,716.75,24950.0
2026-01-30,716.75,739.3,708.05,730.7,41654.0
2026-02-01,727.05,772.6,722.75,738.75,69123.0
2026-02-02,727.45,740.0,718.0,731.2,22038.0
2026-02-03,755.0,755.0,731.2,736.35,37768.0
2026-02-04,732.1,768.9,732.1,757.7,35129.0
2026-02-05,748.05,770.0,741.2,750.05,19408.0
2026-02-06,742.0,760.4,685.6,711.6,278343.0
2026-02-09,714.0,749.55,703.55,729.6,63953.0
2026-02-10,729.6,734.75,714.2,720.65,46749.0
2026-02-11,720.9,740.0,711.0,716.2,31915.0
2026-02-12,712.0,718.8,708.0,713.35,26489.0
2026-02-13,706.0,712.0,697.4,701.45,28432.0
2026-02-16,697.4,738.55,689.6,731.25,103632.0
2026-02-17,723.95,730.35,711.0,712.55,18833.0
2026-02-18,711.3,732.8,711.3,718.15,58955.0
2026-02-19,718.2,727.45,703.0,712.45,24248.0
2026-02-20,714.35,725.95,698.25,713.45,34840.0
2026-02-23,713.45,719.35,700.0,707.45,34184.0
2026-02-24,704.9,706.55,686.15,688.6,35492.0
2026-02-25,690.0,695.4,659.0,673.8,81524.0
2026-02-26,673.8,680.75,661.0,672.8,36787.0
2026-02-27,674.35,680.0,660.6,671.7,24158.0
2026-03-02,642.1,668.65,630.3,660.8,53503.0
2026-03-04,650.0,665.95,637.6,660.3,33813.0
2026-03-05,661.6,672.1,651.05,657.95,28054.0
2026-03-06,652.5,659.5,649.0,650.35,18165.0
2026-03-09,640.1,640.1,620.6,633.3,50920.0
2026-03-10,634.45,649.95,620.35,635.05,74199.0
2026-03-11,635.7,670.5,622.6,625.8,123798.0
2026-03-12,624.0,651.15,620.0,634.65,68381.0
2026-03-13,632.45,634.0,601.0,605.35,74286.0
2026-03-16,605.35,611.4,566.0,602.6,164132.0
2026-03-17,597.45,607.8,584.6,588.05,120311.0
2026-03-18,587.0,629.0,587.0,623.8,87166.0
2026-03-19,617.9,617.9,594.6,597.2,36694.0
2026-03-20,604.0,609.75,587.0,590.5,56947.0
2026-03-23,587.0,590.4,552.1,556.2,50534.0
2026-03-24,577.0,585.8,570.0,574.45,88678.0
2026-03-25,577.3,599.2,577.3,587.9,174211.0
2026-03-27,585.95,585.95,541.2,546.85,311696.0
2026-03-30,540.0,540.0,500.0,506.2,164622.0
2026-04-01,530.75,555.0,530.75,551.1,76849.0
2026-04-02,548.1,554.9,522.6,546.1,59601.0
2026-04-06,546.1,567.5,534.45,563.2,55294.0
2026-04-07,563.1,572.75,551.65,555.65,48322.0
2026-04-08,587.0,590.0,562.6,585.3,121782.0
2026-04-09,594.1,601.0,574.0,584.45,60854.0
2026-04-10,593.2,600.15,587.4,595.8,36304.0
2026-04-13,589.9,597.45,567.15,587.4,57021.0
2026-04-15,590.3,628.8,590.3,614.4,74968.0
2026-04-16,620.0,656.0,608.6,651.6,120143.0
2026-04-17,655.0,669.85,632.0,640.4,72407.0
2026-04-20,640.0,643.9,624.8,635.55,41767.0
2026-04-21,643.05,653.0,636.5,642.75,50156.0
2026-04-22,642.75,653.0,636.15,651.25,42431.0
2026-04-23,648.0,650.0,637.15,640.6,30271.0
2026-04-24,642.0,647.2,630.0,644.8,33599.0
2026-04-27,651.0,671.05,641.05,662.65,101617.0
2026-04-28,669.95,688.0,658.35,680.75,77559.0
2026-04-29,680.1,719.0,678.5,683.0,140675.0
2026-04-30,682.95,683.1,660.4,665.55,34594.0
2026-05-01,665.5499877929688,665.5499877929688,665.5499877929688,665.5499877929688,0.0
2026-05-04,660.15,668.75,643.0,658.45,38721.0
2026-05-05,668.35,670.8,646.0,656.45,127367.0
2026-05-06,663.5,688.0,659.55,679.55,78732.0
2026-05-07,679.6,703.0,678.65,698.15,47483.0
2026-05-08,695.0,736.3,690.0,714.35,124388.0
2026-05-11,717.9,720.0,687.3,690.45,74147.0
2026-05-12,690.45,704.6,660.0,662.6,38857.0
2026-05-13,666.6,692.85,660.15,681.35,42686.0
2026-05-14,695.2,703.0,672.75,681.35,73994.0
2026-05-15,688.05,692.55,675.4,685.5,21105.0
2026-05-18,693.6,725.1,671.2,708.45,146787.0
2026-05-19,707.9,718.9,700.1,708.4,40456.0
2026-05-20,703.65,716.45,692.25,704.45,34574.0
2026-05-21,715.95,719.9,696.0,699.85,29628.0
2026-05-22,705.0,717.0,683.5,690.75,13163.0
2026-05-25,691.95,711.95,691.95,706.2,28704.0
2026-05-26,706.2,715.0,702.0,704.05,38937.0
2026-05-27,689.0,717.95,689.0,703.0,36545.0
2026-05-28,703.0,703.0,703.0,703.0,0.0
2026-05-29,695.35,720.45,647.25,705.85,213401.0
2026-06-01,693.25,719.9,690.3,708.65,27184.0
2026-06-02,704.1,713.4,695.7,699.4,21476.0
2026-06-03,710.7,734.8,689.95,719.5,44657.0
2026-06-04,719.5,768.8,709.0,758.2,231721.0
2026-06-05,765.95,799.0,757.0,780.75,223512.0
2026-06-08,763.4,791.85,750.1,754.35,71166.0
2026-06-09,763.4,792.45,756.8,769.8,54344.0
2026-06-10,761.15,782.35,760.05,766.75,29427.0
2026-06-11,761.0,762.2,752.0,755.65,29064.0
2026-06-12,759.9,774.7,750.0,762.75,16286.0
2026-06-15,782.6,782.6,756.7,764.55,19575.0
2026-06-16,762.3,781.3,755.2,767.6,21748.0
2026-06-17,762.0,771.45,759.05,766.85,16658.0
2026-06-18,768.0,771.45,753.0,766.5,18322.0
2026-06-19,761.85,789.85,751.1,769.0,65331.0
2026-06-22,769.0,786.0,766.55,778.9,49408.0
2026-06-23,775.0,777.05,753.1,756.5,34685.0
2026-06-24,765.0,765.0,745.2,757.15,36673.0
2026-06-25,757.15,761.4,746.0,755.2,27917.0
2026-06-26,755.2000122070312,755.2000122070312,755.2000122070312,755.2000122070312,0.0
2026-06-29,755.2,777.0,749.55,765.3,55124.0
2026-06-30,757.65,774.4,757.1,764.0,52992.0
2026-07-01,764.75,778.95,761.45,774.7,36906.0
2026-07-02,775.45,785.3,763.3,780.5,41835.0
2026-07-03,775.15,817.9,775.15,810.5,114637.0
2026-07-06,812.3,823.2,792.75,804.15,50526.0
2026-07-07,835.05,887.8,826.8,845.2,2385757.0
2026-07-08,842.0,868.0,811.5,822.75,168791.0
2026-07-09,824.7,878.0,820.3,866.15,175343.0
2026-07-10,874.0,888.0,854.75,869.85,52219.0
2026-07-13,860.5,889.25,855.3,872.9,68839.0
2026-07-14,870.0,871.0,845.5,857.3,33782.0
2026-07-15,857.3,870.0,845.0,847.95,21992.0
2026-07-16,843.3,858.85,828.6,834.4,35056.0
2026-07-17,835.25,849.7,816.45,822.7,41383.0
2026-07-20,822.7,832.25,815.0,817.6,16213.0
2026-07-21,823.15,826.35,807.0,808.9,20541.0
2026-07-22,802.2,832.9,790.0,814.35,80297.0
2026-07-23,810.3,822.75,804.05,808.4,22002.0
2026-07-24,790.3,818.9,785.25,799.4,45945.0
2026-07-27,810.0,852.0,796.05,819.85,89342.0
2026-07-28,819.85,842.0,762.6,772.05,115096.0
2026-07-29,772.0,796.6,728.2,768.55,214674.0
2026-07-30,764.0,764.0,742.5,746.7,30560.0
2026-07-31,738.0,752.0,737.6500244140625,740.5999755859375,20538.0
2026-08-03,749.7000122070312,790.0,745.0,778.1500244140625,59334.0
