,Open,High,Low,Close,Volume
2015-01-01,88.30347381986584,88.54814758392826,87.38304443817367,88.36173248291016,80356.0
2015-01-02,96.82,98.47,96.01,96.75,267488.0
2015-01-05,98.5,101.61,97.07,98.85,436421.0
2015-01-06,98.1,98.59,94.82,95.15,197853.0
2015-01-07,96.82,97.58,94.28,97.15,162371.0
2015-01-08,98.81,100.13,97.55,98.52,133955.0
2015-01-09,98.85,99.47,96.88,98.22,80564.0
2015-01-12,98.83,101.3,96.82,99.99,205563.0
2015-01-13,101.87,101.89,98.6,99.52,108475.0
2015-01-14,99.54,100.72,97.83,98.81,69437.0
2015-01-15,101.38,102.61,99.25,100.01,119143.0
2015-01-16,100.11,102.06,98.6,101.23,85693.0
2015-01-19,102.13,103.89,98.59,101.92,174010.0
2015-01-20,102.38,103.13,100.75,101.86,94756.0
2015-01-21,101.89,102.53,99.59,100.58,98058.0
2015-01-22,99.61,103.15,99.61,100.4,127354.0
2015-01-23,101.37,101.89,99.16,100.16,80311.0
2015-01-27,102.09,102.09,100.37,101.27,102394.0
2015-01-28,101.89,101.89,99.1,99.33,84837.0
2015-01-29,96.82,101.1,96.82,99.73,60603.0
2015-01-30,99.73,101.38,98.09,98.88,98405.0
2015-02-02,96.31,96.31,91.82,93.61,269923.0
2015-02-03,93.17,95.55,92.51,94.19,125685.0
2015-02-04,93.04,95.06,92.51,92.88,99881.0
2015-02-05,93.22,93.95,90.23,91.13,116433.0
2015-02-06,91.98,93.27,88.71,91.47,133892.0
2015-02-09,94.03,94.03,89.95,90.68,100327.0
2015-02-10,89.05,93.71,89.05,90.58,168254.0
2015-02-11,91.31,92.51,90.0,90.61,141002.0
2015-02-12,91.24,92.38,90.1,90.3,269398.0
2015-02-13,91.24,91.77,90.18,90.47,61874.0
2015-02-16,90.8,91.62,90.05,90.79,70601.0
2015-02-18,91.5,91.5,90.23,90.7,155407.0
2015-02-19,90.99,91.5,88.78,89.09,64202.0
2015-02-20,89.21,89.72,87.24,87.53,59064.0
2015-02-23,87.44,88.62,86.2,87.28,55154.0
2015-02-24,87.44,89.89,86.71,87.6,88048.0
2015-02-25,87.44,89.63,87.19,87.72,30854.0
2015-02-26,86.22,88.68,86.2,86.92,34085.0
2015-02-27,86.93,87.95,85.16,86.07,92566.0
2015-02-28,87.19,91.25,85.67,86.91,198449.0
2015-03-02,89.21,89.21,83.89,84.78,102185.0
2015-03-03,84.65,87.03,84.65,84.97,62110.0
2015-03-04,85.92,89.7,83.97,84.88,438911.0
2015-03-05,85.67,89.59,85.25,87.24,361053.0
2015-03-09,87.14,87.14,81.86,82.52,267397.0
2015-03-10,83.64,83.64,81.71,82.12,137451.0
2015-03-11,83.47,84.15,79.84,80.13,140437.0
2015-03-12,80.47,81.75,80.09,80.34,113742.0
2015-03-13,81.59,81.61,80.6,80.72,88431.0
2015-03-16,80.74,82.78,80.34,80.93,160572.0
2015-03-17,81.23,81.61,79.84,80.13,59254.0
2015-03-18,79.71,81.07,79.17,79.34,76153.0
2015-03-19,80.6,83.47,78.34,81.27,299309.0
2015-03-20,81.88,82.55,78.7,79.44,110854.0
2015-03-23,81.1,83.59,78.82,83.11,239877.0
2015-03-24,83.13,83.13,79.84,80.29,102505.0
2015-03-25,80.24,81.61,79.23,79.76,48250.0
2015-03-26,78.57,80.83,77.35,79.03,214192.0
2015-03-27,77.81,80.19,74.79,75.68,181814.0
2015-03-30,76.15,80.06,76.15,78.32,146904.0
2015-03-31,78.06,83.68,77.85,82.64,254858.0
2015-04-01,82.88,84.91,81.17,83.07,113391.0
2015-04-06,84.78,84.78,82.88,83.26,51528.0
2015-04-07,84.65,84.89,82.65,83.45,61298.0
2015-04-08,84.75,86.17,83.63,85.32,90522.0
2015-04-09,85.43,86.08,84.13,84.87,68368.0
2015-04-10,82.62,85.54,82.62,83.52,43251.0
2015-04-13,83.14,87.01,83.14,85.5,260469.0
2015-04-15,83.97,85.26,76.36,83.4,227019.0
2015-04-16,84.26,84.91,81.36,82.12,127058.0
2015-04-17,81.61,91.24,81.48,85.67,954618.0
2015-04-20,86.13,89.21,84.91,85.35,287378.0
2015-04-21,85.39,86.86,84.4,85.1,91126.0
2015-04-22,85.41,87.67,82.76,83.16,100197.0
2015-04-23,83.13,85.54,82.13,82.56,85504.0
2015-04-24,82.37,83.64,79.08,79.72,109623.0
2015-04-27,79.93,80.7,76.04,77.21,152941.0
2015-04-28,76.39,78.82,76.05,77.64,113422.0
2015-04-29,78.05,79.63,77.18,79.36,53545.0
2015-04-30,81.08,81.1,77.64,79.19,40481.0
2015-05-04,79.58,81.21,79.58,80.03,44375.0
2015-05-05,80.52,81.09,79.25,80.12,56397.0
2015-05-06,79.94,80.6,76.87,77.61,64308.0
2015-05-07,76.54,78.32,71.7,73.26,115983.0
2015-05-08,73.5,77.05,72.99,76.19,71809.0
2015-05-11,75.11,81.09,74.77,77.85,147165.0
2015-05-12,79.33,79.33,76.09,76.88,46308.0
2015-05-13,78.05,79.56,76.8,78.91,55166.0
2015-05-14,78.91,79.03,77.1,78.52,30941.0
2015-05-15,78.59,79.33,77.3,77.91,45732.0
2015-05-18,77.94,79.19,77.76,78.68,1030337.0
2015-05-19,80.04,80.47,78.72,79.15,38433.0
2015-05-20,79.15,80.19,78.59,79.14,392558.0
2015-05-21,79.24,80.18,78.15,79.17,40722.0
2015-05-22,79.93,80.09,78.57,79.04,90432.0
2015-05-25,78.57,80.22,78.57,79.65,25709.0
2015-05-26,80.14,95.58,80.08,90.0,1115797.0
2015-05-27,100.11,101.81,94.28,97.64,3172282.0
2015-05-28,97.64,97.7,92.28,93.52,417541.0
2015-05-29,93.78,94.76,91.24,92.28,237013.0
2015-06-01,90.23,95.04,90.23,94.26,115466.0
2015-06-02,95.5,101.13,93.76,99.02,533789.0
2015-06-03,98.87,101.89,94.28,96.01,794349.0
2015-06-04,96.31,98.82,92.32,98.02,182970.0
2015-06-05,97.82,99.97,96.46,97.93,296133.0
2015-06-08,96.45,101.51,93.4,96.37,589489.0
2015-06-09,97.45,101.13,95.06,95.47,295060.0
2015-06-10,96.1,98.93,95.73,98.19,147078.0
2015-06-11,99.1,99.1,93.8,95.08,188467.0
2015-06-12,93.52,97.27,93.52,95.27,95936.0
2015-06-15,95.55,95.55,93.27,93.65,97877.0
2015-06-16,96.06,96.06,92.52,92.91,88163.0
2015-06-17,93.79,94.78,92.83,94.08,119060.0
2015-06-18,93.41,95.17,91.31,94.47,83412.0
2015-06-19,94.55,95.68,92.89,93.28,46900.0
2015-06-22,93.02,98.77,92.56,97.35,165373.0
2015-06-23,96.44,100.34,96.31,97.35,318993.0
2015-06-24,98.07,101.13,96.44,96.74,287042.0
2015-06-25,96.96,98.01,95.21,95.47,70412.0
2015-06-26,95.78,98.5,94.28,95.84,100260.0
2015-06-29,95.03,95.03,92.02,92.83,120043.0
2015-06-30,93.14,97.02,93.14,94.85,136429.0
2015-07-01,96.3,97.32,95.55,96.18,80169.0
2015-07-02,97.55,98.21,94.61,95.15,121329.0
2015-07-03,95.15,96.31,93.27,93.94,102860.0
2015-07-06,94.76,96.83,93.08,95.45,117881.0
2015-07-07,97.32,97.58,96.31,96.87,95790.0
2015-07-08,96.32,97.11,95.04,96.46,97893.0
2015-07-09,95.12,107.68,95.12,102.19,1418926.0
2015-07-10,103.03,105.87,101.51,102.36,364931.0
2015-07-13,102.39,103.52,101.65,101.98,106896.0
2015-07-14,103.13,107.34,101.38,105.02,450463.0
2015-07-15,106.32,107.08,104.0,104.69,180189.0
2015-07-16,105.18,114.81,105.18,110.73,1373430.0
2015-07-17,111.52,115.27,109.74,111.89,505034.0
2015-07-20,112.66,119.06,111.77,114.6,566510.0
2015-07-21,114.79,117.09,112.82,113.67,222611.0
2015-07-22,113.04,119.63,105.22,107.72,1612692.0
2015-07-23,108.73,111.57,108.22,109.58,349378.0
2015-07-24,109.74,112.53,108.0,108.48,144864.0
2015-07-27,108.48,110.99,106.7,109.33,195580.0
2015-07-28,109.47,113.29,107.72,108.35,167614.0
2015-07-29,109.22,109.87,106.87,107.41,104209.0
2015-07-30,107.27,110.88,107.27,110.28,141167.0
2015-07-31,111.24,116.08,110.25,112.6,557253.0
2015-08-03,113.41,114.17,111.72,112.44,127681.0
2015-08-04,113.24,113.81,110.55,112.33,123870.0
2015-08-05,113.25,114.56,111.9,112.56,163933.0
2015-08-06,111.91,113.75,109.39,109.81,99001.0
2015-08-07,110.23,111.9,109.02,109.36,83744.0
2015-08-10,108.6,119.12,108.6,112.89,845957.0
2015-08-11,113.93,113.98,109.86,110.81,122619.0
2015-08-12,110.25,112.79,107.91,109.66,162170.0
2015-08-13,108.98,111.26,104.05,104.62,145792.0
2015-08-14,106.16,106.16,95.2,103.26,192432.0
2015-08-17,103.79,104.93,99.67,101.39,108763.0
2015-08-18,100.51,107.72,100.51,106.59,136338.0
2015-08-19,108.48,108.48,103.41,104.8,74724.0
2015-08-20,106.4,106.4,102.39,102.77,57644.0
2015-08-21,101.38,102.53,98.59,101.06,108376.0
2015-08-24,99.48,99.48,90.72,92.47,109252.0
2015-08-25,93.47,95.04,87.19,91.09,122430.0
2015-08-26,89.97,94.51,87.44,90.43,66119.0
2015-08-27,91.51,97.32,91.51,95.84,129540.0
2015-08-28,97.74,101.14,95.55,98.33,161917.0
2015-08-31,98.35,101.24,96.92,100.35,77908.0
2015-09-01,97.58,99.85,95.82,97.13,89844.0
2015-09-02,98.43,98.43,94.28,96.16,59810.0
2015-09-03,97.03,100.62,95.17,95.66,221313.0
2015-09-04,95.32,95.98,91.52,93.81,44253.0
2015-09-07,94.04,95.68,92.02,92.56,62903.0
2015-09-08,91.52,95.04,88.85,89.77,328767.0
2015-09-09,89.73,92.56,87.95,88.31,204107.0
2015-09-10,87.44,90.52,85.92,89.96,105843.0
2015-09-11,90.47,91.04,88.12,88.48,51781.0
2015-09-14,90.62,90.62,87.47,88.24,82943.0
2015-09-15,88.45,92.26,86.19,91.31,108336.0
2015-09-16,90.98,93.74,89.51,92.46,60579.0
2015-09-18,91.9,97.77,91.9,96.02,229682.0
2015-09-21,94.92,97.58,94.92,97.03,52069.0
2015-09-22,97.83,100.62,97.83,99.67,216113.0
2015-09-23,96.96,99.86,95.83,98.68,53975.0
2015-09-24,97.73,105.4,97.73,99.17,42781.0
2015-09-28,101.11,101.11,98.6,99.35,33848.0
2015-09-29,98.63,100.44,98.34,100.25,51398.0
2015-09-30,98.86,101.76,97.98,98.91,133095.0
2015-10-01,100.33,100.34,96.39,97.67,46514.0
2015-10-05,97.67,100.16,97.67,99.19,53612.0
2015-10-06,101.35,101.35,99.11,100.54,90432.0
2015-10-07,101.1,102.63,100.39,101.46,34069.0
2015-10-08,100.9,102.14,99.11,100.11,430818.0
2015-10-09,100.89,102.39,99.49,100.48,64837.0
2015-10-12,100.11,108.35,99.54,106.21,511217.0
2015-10-13,106.45,107.29,103.04,104.45,127405.0
2015-10-14,101.9,105.42,101.9,103.36,50996.0
2015-10-15,104.03,105.18,102.91,103.36,32432.0
2015-10-16,104.66,107.06,101.63,103.31,114890.0
2015-10-19,104.4,117.52,102.65,115.52,2407563.0
2015-10-20,116.97,120.01,115.07,117.55,1157810.0
2015-10-21,117.33,117.49,112.76,113.76,266502.0
2015-10-23,114.05,115.52,110.39,110.86,115036.0
2015-10-26,110.25,125.41,108.48,118.86,1346115.0
2015-10-27,119.98,120.54,115.38,117.85,438922.0
2015-10-28,118.3,121.63,118.3,120.87,331382.0
2015-10-29,121.66,129.01,120.39,123.81,875095.0
2015-10-30,123.46,126.67,118.63,120.98,215154.0
2015-11-02,122.3,122.3,117.6,119.5,93237.0
2015-11-03,119.63,126.9,119.6,123.35,530581.0
2015-11-04,124.56,126.47,122.92,123.04,175943.0
2015-11-05,122.72,122.72,118.36,119.08,148767.0
2015-11-06,120.12,121.66,113.22,120.88,561964.0
2015-11-09,118.65,125.71,118.65,122.82,251962.0
2015-11-10,122.91,126.9,121.68,122.3,441953.0
2015-11-11,122.91,125.32,122.91,124.56,47153.0
2015-11-13,121.15,124.2,121.15,122.2,69907.0
2015-11-16,121.05,125.2,121.04,123.66,143270.0
2015-11-17,122.25,124.05,120.41,120.9,77340.0
2015-11-18,121.64,123.15,118.89,119.31,68179.0
2015-11-19,119.27,122.29,119.27,120.72,45594.0
2015-11-20,120.02,123.66,120.02,121.38,67551.0
2015-11-23,121.34,122.66,119.12,120.44,67689.0
2015-11-24,119.63,120.39,117.99,119.67,71828.0
2015-11-26,120.65,127.85,118.64,122.16,728451.0
2015-11-27,123.29,124.01,120.46,122.53,105287.0
2015-11-30,124.14,132.25,123.06,131.16,2144821.0
2015-12-01,131.79,135.6,131.29,132.24,1102371.0
2015-12-02,132.55,134.84,131.96,133.42,479309.0
2015-12-03,133.29,134.08,129.27,129.68,145306.0
2015-12-04,129.21,131.77,123.68,130.17,405859.0
2015-12-07,131.29,132.67,128.16,128.93,130132.0
2015-12-08,130.01,131.54,124.84,126.27,236523.0
2015-12-09,127.23,129.98,121.93,123.1,263440.0
2015-12-10,124.19,131.16,124.19,130.37,326660.0
2015-12-11,132.55,138.13,131.29,132.95,1230211.0
2015-12-14,136.24,138.83,133.82,134.59,587480.0
2015-12-15,135.49,136.22,132.5,134.52,196433.0
2015-12-16,135.56,138.0,134.33,136.55,319739.0
2015-12-17,137.88,146.41,136.86,142.96,1399790.0
2015-12-18,143.68,148.65,142.19,146.94,814531.0
2015-12-21,147.99,150.8,145.75,146.57,388277.0
2015-12-22,146.77,146.77,138.13,141.17,343397.0
2015-12-23,143.49,144.07,140.06,141.41,242915.0
2015-12-24,143.19,146.75,141.29,143.5,321057.0
2015-12-28,144.43,147.44,143.71,144.53,531217.0
2015-12-29,144.53,147.94,143.2,146.51,413722.0
2015-12-30,147.48,147.48,143.48,144.42,104707.0
2015-12-31,145.0,146.2,143.73,144.95,113347.0
2016-01-01,145.35,149.27,144.61,146.06,362154.0
2016-01-04,146.15,147.62,144.47,144.81,141609.0
2016-01-05,145.51,147.51,144.54,146.32,130791.0
2016-01-06,147.13,147.76,144.67,146.09,148159.0
2016-01-07,144.72,145.61,139.54,140.3,112527.0
2016-01-08,141.68,143.2,141.17,142.54,119352.0
2016-01-11,141.93,146.24,139.6,145.47,105113.0
2016-01-12,145.42,150.8,144.47,146.56,164817.0
2016-01-13,149.02,150.04,134.33,140.01,322047.0
2016-01-14,139.4,139.4,134.33,134.63,218978.0
2016-01-15,136.81,139.16,133.06,133.67,137178.0
2016-01-18,127.27,135.6,122.67,125.51,206813.0
2016-01-19,124.44,127.99,121.66,127.88,160548.0
2016-01-20,124.7,127.49,122.28,124.6,117983.0
2016-01-21,126.73,129.26,121.44,123.59,436689.0
2016-01-22,126.73,127.94,121.38,122.12,175119.0
2016-01-25,124.19,125.46,122.29,123.61,98342.0
2016-01-27,126.73,126.73,123.25,123.87,78607.0
2016-01-28,123.43,125.27,122.42,123.4,394042.0
2016-01-29,125.2,125.2,123.56,124.28,67287.0
2016-02-01,127.49,127.49,122.92,124.94,69122.0
2016-02-02,123.96,132.3,123.76,129.59,250562.0
2016-02-03,128.25,129.77,125.36,128.28,117569.0
2016-02-04,130.13,130.17,126.98,127.43,43428.0
2016-02-05,127.99,129.77,124.99,128.73,37368.0
2016-02-08,127.17,137.69,127.17,133.64,156961.0
2016-02-09,132.55,133.06,129.77,132.33,55577.0
2016-02-10,132.05,132.05,127.74,129.3,61353.0
2016-02-11,130.78,130.78,117.18,118.4,108794.0
2016-02-12,117.85,121.66,112.67,117.96,104691.0
2016-02-15,120.34,125.71,118.61,125.15,65527.0
2016-02-16,127.22,127.22,122.16,123.73,43539.0
2016-02-17,122.42,130.27,120.39,126.13,83996.0
2016-02-18,127.98,130.32,126.52,127.51,76046.0
2016-02-19,127.23,128.45,122.92,126.78,45421.0
2016-02-22,130.27,130.27,126.73,128.5,210909.0
2016-02-23,129.88,129.88,127.23,128.39,64000.0
2016-02-24,127.43,127.43,124.24,125.08,33284.0
2016-02-25,128.74,129.01,123.05,126.45,63049.0
2016-02-26,129.01,129.26,126.41,127.02,34353.0
2016-02-29,128.46,141.93,126.62,132.96,333343.0
2016-03-01,133.57,136.1,131.81,133.12,80939.0
2016-03-02,134.33,136.1,133.06,133.64,90720.0
2016-03-03,135.34,135.72,133.06,135.01,51193.0
2016-03-04,135.01,135.01,129.67,133.61,90234.0
2016-03-08,132.21,134.53,131.3,132.74,46987.0
2016-03-09,132.57,135.34,131.11,132.96,78536.0
2016-03-10,132.96,135.27,131.29,132.06,42864.0
2016-03-11,131.82,132.93,130.58,131.19,32337.0
2016-03-14,129.51,132.92,129.3,131.64,49007.0
2016-03-15,132.43,132.81,130.53,132.41,37451.0
2016-03-16,131.03,136.08,130.81,134.87,221033.0
2016-03-17,136.86,136.86,130.53,131.57,75411.0
2016-03-18,131.76,132.68,130.58,131.39,44474.0
2016-03-21,131.54,133.06,130.59,131.78,53075.0
2016-03-22,131.54,134.33,130.91,132.4,191812.0
2016-03-23,134.33,135.32,130.82,131.36,46608.0
2016-03-28,130.79,134.32,130.79,131.83,35332.0
2016-03-29,129.54,132.66,129.54,130.46,42694.0
2016-03-30,130.53,133.06,129.28,131.82,81854.0
2016-03-31,132.81,132.81,129.28,129.93,31781.0
2016-04-01,130.5,132.06,130.27,130.79,51177.0
2016-04-04,130.64,132.3,130.27,130.6,28767.0
2016-04-05,129.84,131.82,127.59,129.99,58208.0
2016-04-06,129.51,130.53,128.51,130.41,59735.0
2016-04-07,130.41,131.02,127.28,127.88,56086.0
2016-04-08,126.85,127.28,125.71,126.41,61337.0
2016-04-11,126.52,126.74,124.7,126.29,54346.0
2016-04-12,125.47,128.9,125.47,128.09,41392.0
2016-04-13,129.51,132.53,128.13,130.92,221791.0
2016-04-18,131.79,133.06,129.4,130.58,57238.0
2016-04-20,132.66,135.44,130.53,133.66,227173.0
2016-04-21,133.82,135.09,131.41,132.41,42043.0
2016-04-22,131.3,132.3,130.53,130.74,15584.0
2016-04-25,135.34,135.34,128.0,130.27,50672.0
2016-04-26,130.25,131.79,129.08,130.34,37573.0
2016-04-27,128.25,131.54,128.25,129.68,32227.0
2016-04-28,131.79,131.79,128.0,129.91,49816.0
2016-04-29,128.55,131.03,126.73,129.21,56153.0
2016-05-02,131.16,131.16,128.03,129.47,16149.0
2016-05-03,128.26,130.72,127.49,127.9,58141.0
2016-05-04,129.01,145.1,127.74,130.59,2049090.0
2016-05-05,131.26,131.49,127.99,128.52,288605.0
2016-05-06,128.75,129.25,126.47,127.08,95028.0
2016-05-09,127.49,132.53,127.49,131.0,229035.0
2016-05-10,130.02,133.04,129.28,131.34,160268.0
2016-05-11,130.02,131.24,128.88,129.91,91276.0
2016-05-12,130.53,130.91,128.5,129.78,86703.0
2016-05-13,129.59,130.4,128.75,128.88,62994.0
2016-05-16,130.5,130.78,128.25,128.55,43010.0
2016-05-17,129.49,129.82,128.52,128.88,56496.0
2016-05-18,128.77,132.3,127.99,131.57,122896.0
2016-05-19,132.05,134.33,130.08,130.78,154436.0
2016-05-20,131.54,132.54,129.56,131.29,77857.0
2016-05-23,132.38,135.34,130.06,131.02,864730.0
2016-05-24,133.56,133.56,128.5,128.69,125665.0
2016-05-25,129.88,130.53,128.31,129.04,86652.0
2016-05-26,129.77,130.63,128.27,129.06,81061.0
2016-05-27,129.74,130.02,129.01,129.84,73947.0
2016-05-30,129.78,130.78,128.25,128.55,48423.0
2016-05-31,129.2,130.87,128.75,130.16,61964.0
2016-06-01,129.26,130.49,128.02,128.54,93292.0
2016-06-02,128.61,129.82,127.33,127.94,60883.0
2016-06-03,127.94,130.01,126.7,127.55,52606.0
2016-06-06,127.24,129.77,126.6,128.64,77269.0
2016-06-07,128.74,129.74,126.98,127.62,68565.0
2016-06-08,128.66,135.01,127.54,133.2,211067.0
2016-06-09,133.81,133.81,129.77,130.79,68841.0
2016-06-10,130.59,132.81,130.03,131.16,71063.0
2016-06-13,132.55,133.01,128.77,129.75,56026.0
2016-06-14,130.77,132.06,129.4,129.64,44782.0
2016-06-15,130.51,131.03,129.28,130.72,75640.0
2016-06-16,131.07,136.86,129.73,134.18,153024.0
2016-06-17,134.01,135.6,130.82,134.75,149445.0
2016-06-20,131.82,134.84,131.41,133.75,39538.0
2016-06-21,134.49,141.41,133.45,135.47,584564.0
2016-06-22,134.87,137.88,133.83,136.31,183858.0
2016-06-23,136.36,136.88,135.03,135.63,124328.0
2016-06-24,131.79,133.04,126.22,130.15,307042.0
2016-06-27,131.67,132.93,130.54,131.45,72515.0
2016-06-28,133.82,133.82,131.79,131.96,61254.0
2016-06-29,132.92,133.31,130.69,130.97,56934.0
2016-06-30,131.82,133.06,130.53,130.93,56283.0
2016-07-01,131.81,134.08,130.82,132.24,107030.0
2016-07-04,132.05,136.86,132.05,134.39,149299.0
2016-07-05,134.29,135.09,131.79,133.58,84367.0
2016-07-07,134.34,137.12,133.24,134.04,201787.0
2016-07-08,134.84,136.1,132.55,133.75,202138.0
2016-07-11,135.11,135.49,132.19,132.9,592467.0
2016-07-12,134.21,135.34,132.55,133.16,604182.0
2016-07-13,134.33,135.85,132.05,132.63,659617.0
2016-07-14,131.3,134.81,131.3,133.85,66865.0
2016-07-15,133.87,134.53,131.82,132.38,258331.0
2016-07-18,132.8,133.97,132.47,132.86,61665.0
2016-07-19,132.41,133.07,130.88,131.36,75304.0
2016-07-20,131.49,142.79,131.03,141.78,702671.0
2016-07-21,140.68,141.94,136.89,139.55,119704.0
2016-07-22,139.65,148.95,139.55,144.49,534491.0
2016-07-25,145.73,165.95,145.73,163.29,1719700.0
2016-07-26,163.48,171.73,158.41,163.99,833971.0
2016-07-27,164.29,171.84,163.75,165.15,601700.0
2016-07-28,165.26,167.53,159.18,160.08,304288.0
2016-07-29,161.14,166.17,160.18,161.73,271615.0
2016-08-01,162.77,168.47,157.11,163.54,397900.0
2016-08-02,164.5,165.24,157.1,158.06,238567.0
2016-08-03,159.09,159.09,154.73,156.05,135758.0
2016-08-04,158.08,158.1,152.06,156.21,119313.0
2016-08-05,156.64,163.46,156.38,162.31,356433.0
2016-08-08,162.31,164.46,160.94,162.69,87820.0
2016-08-09,162.16,164.72,159.2,159.94,82797.0
2016-08-10,159.94,160.93,152.7,157.11,278796.0
2016-08-11,157.14,159.42,154.78,157.14,154634.0
2016-08-12,157.82,163.15,157.39,162.32,149757.0
2016-08-16,163.48,163.94,159.94,162.25,259337.0
2016-08-17,163.45,170.83,159.93,168.09,287137.0
2016-08-18,168.29,169.81,165.76,169.09,165985.0
2016-08-19,170.32,171.05,165.27,166.67,66391.0
2016-08-22,167.91,183.75,163.48,178.58,704687.0
2016-08-23,177.42,196.13,175.39,182.74,1578106.0
2016-08-24,182.48,191.91,182.32,185.42,606624.0
2016-08-25,186.74,189.66,182.86,183.89,172941.0
2016-08-26,184.98,188.26,181.22,182.07,127962.0
2016-08-29,182.91,190.59,179.95,188.41,459345.0
2016-08-30,189.49,196.92,188.31,191.47,578867.0
2016-08-31,191.99,193.33,186.6,190.75,157952.0
2016-09-01,191.1,193.64,190.3,190.44,127981.0
2016-09-02,190.47,194.8,190.34,190.9,578828.0
2016-09-06,192.12,194.4,190.34,191.16,127263.0
2016-09-07,191.61,200.58,190.72,195.89,592598.0
2016-09-08,196.17,197.44,193.89,196.45,156950.0
2016-09-09,196.69,197.44,192.34,194.04,142994.0
2016-09-12,192.24,194.85,187.48,190.72,159475.0
2016-09-14,190.09,194.9,184.77,193.53,172826.0
2016-09-15,194.9,208.84,193.66,205.21,580678.0
2016-09-16,206.82,212.9,204.03,207.79,409003.0
2016-09-19,213.08,242.3,213.08,227.71,4319514.0
2016-09-20,229.88,239.76,227.91,233.29,1813103.0
2016-09-21,233.93,234.44,219.49,224.75,995683.0
2016-09-22,226.84,231.13,220.55,222.78,691339.0
2016-09-23,222.78,230.06,220.5,228.4,729678.0
2016-09-26,230.06,231.91,221.92,223.8,446281.0
2016-09-27,223.29,228.36,219.23,220.18,277502.0
2016-09-28,219.97,223.29,217.21,217.73,219502.0
2016-09-29,219.49,223.04,190.1,208.16,660130.0
2016-09-30,209.59,218.98,205.04,217.57,386486.0
2016-10-03,218.73,226.81,217.36,224.78,372456.0
2016-10-04,226.84,230.91,224.05,229.85,406983.0
2016-10-05,230.13,230.35,223.04,223.75,172053.0
2016-10-06,224.3,225.95,215.56,217.81,347678.0
2016-10-07,218.96,220.25,212.39,214.33,257182.0
2016-10-10,215.69,222.73,215.43,221.29,185247.0
2016-10-13,222.52,222.52,214.24,217.76,137001.0
2016-10-14,218.7,227.57,215.83,226.61,244407.0
2016-10-17,228.03,228.87,221.65,222.4,201838.0
2016-10-18,221.26,225.57,220.53,224.33,95486.0
2016-10-19,224.8,233.17,222.92,229.27,736212.0
2016-10-20,230.13,231.16,226.2,230.03,172657.0
2016-10-21,230.59,230.59,225.7,226.76,184103.0
2016-10-24,229.6,230.89,227.86,230.49,135837.0
2016-10-25,230.49,235.11,229.17,231.55,311726.0
2016-10-26,231.65,233.16,219.27,221.78,167066.0
2016-10-27,223.69,228.04,218.47,220.63,184229.0
2016-10-28,221.62,231.29,220.77,230.11,317561.0
2016-10-30,233.15,240.27,229.5,231.45,214795.0
2016-11-01,233.78,236.47,212.4,218.93,618619.0
2016-11-02,217.69,222.78,209.86,211.5,246336.0
2016-11-03,212.37,217.94,212.14,212.81,301467.0
2016-11-04,213.15,214.38,200.48,203.98,219266.0
2016-11-07,204.79,229.22,204.79,222.3,1577530.0
2016-11-08,228.13,231.88,219.55,222.01,1143069.0
2016-11-09,202.25,227.09,182.48,223.3,423882.0
2016-11-10,227.33,227.79,217.57,219.26,167539.0
2016-11-11,217.65,220.37,205.61,208.13,218796.0
2016-11-15,208.84,211.25,196.63,208.3,282915.0
2016-11-16,207.83,212.38,203.27,207.23,125137.0
2016-11-17,207.32,212.14,204.5,208.32,211651.0
2016-11-18,210.35,212.9,206.64,211.12,158117.0
2016-11-21,210.36,211.54,202.76,204.27,167240.0
2016-11-22,205.27,211.0,203.62,209.81,105803.0
2016-11-23,209.86,215.99,207.68,210.54,152830.0
2016-11-24,208.86,215.41,208.86,213.52,91797.0
2016-11-25,213.15,217.71,213.15,214.76,76614.0
2016-11-28,212.4,218.98,211.87,217.42,87492.0
2016-11-29,219.22,220.98,217.51,219.13,68455.0
2016-11-30,220.88,222.78,217.97,221.4,86569.0
2016-12-01,221.73,225.57,217.23,224.56,125594.0
2016-12-02,224.29,229.25,214.44,216.29,233186.0
2016-12-05,214.17,228.11,210.49,226.65,190120.0
2016-12-06,228.11,229.12,223.04,223.68,48127.0
2016-12-07,222.76,229.11,222.35,225.95,111852.0
2016-12-08,226.33,228.36,226.08,226.86,39735.0
2016-12-09,227.84,228.11,223.43,225.06,23436.0
2016-12-12,221.78,225.55,219.87,220.83,36756.0
2016-12-13,222.78,223.04,220.75,221.53,24422.0
2016-12-14,221.53,223.04,216.65,217.0,33986.0
2016-12-15,217.71,220.62,215.75,217.38,22063.0
2016-12-16,219.67,220.25,216.02,216.95,30554.0
2016-12-19,216.86,219.56,212.92,216.89,29437.0
2016-12-20,219.18,219.84,216.22,218.59,42970.0
2016-12-21,217.09,221.77,217.09,220.83,30372.0
2016-12-22,218.25,220.11,213.25,215.91,70917.0
2016-12-23,217.7,217.7,214.17,215.07,47472.0
2016-12-26,216.69,217.97,209.1,210.53,69339.0
2016-12-27,210.77,213.91,209.35,211.77,33012.0
2016-12-28,210.88,219.49,210.43,218.4,48115.0
2016-12-29,214.56,220.75,214.56,219.3,25077.0
2016-12-30,221.14,225.57,219.74,224.3,85429.0
2017-01-02,225.3,225.3,217.46,218.2,63760.0
2017-01-03,218.22,224.0,217.08,222.96,124805.0
2017-01-04,224.68,231.91,222.17,226.9,191268.0
2017-01-05,225.57,231.91,223.35,225.2,97628.0
2017-01-06,224.33,228.85,224.3,225.46,37281.0
2017-01-09,225.37,225.37,220.65,221.54,31643.0
2017-01-10,222.99,225.57,220.53,221.4,33355.0
2017-01-11,219.74,226.08,219.74,223.49,97766.0
2017-01-12,221.31,225.44,221.01,222.63,40331.0
2017-01-13,221.43,224.29,220.77,221.87,15932.0
2017-01-16,221.77,224.76,216.95,219.86,138484.0
2017-01-17,219.89,222.44,217.97,218.2,46975.0
2017-01-18,218.58,220.48,218.25,218.74,34724.0
2017-01-19,219.23,240.27,217.87,232.54,524955.0
2017-01-20,232.16,236.22,227.46,230.89,323819.0
2017-01-23,234.11,245.8,231.91,238.72,789078.0
2017-01-24,237.23,247.01,234.44,243.59,848226.0
2017-01-25,244.33,247.87,241.8,246.47,279072.0
2017-01-27,246.1,254.41,246.1,249.58,350546.0
2017-01-30,251.07,253.18,246.48,249.42,196117.0
2017-01-31,249.5,255.97,247.11,251.33,182426.0
2017-02-01,250.92,265.59,247.15,263.94,463819.0
2017-02-02,263.59,279.56,262.62,269.66,393403.0
2017-02-03,269.16,274.87,268.66,270.04,104387.0
2017-02-06,272.21,272.21,264.36,270.56,164048.0
2017-02-07,270.68,274.23,269.47,270.34,66391.0
2017-02-08,270.77,272.75,267.33,268.57,85673.0
2017-02-09,268.66,274.23,266.87,269.73,73249.0
2017-02-10,273.35,283.86,270.03,279.9,342730.0
2017-02-13,281.33,296.46,279.35,295.46,524572.0
2017-02-14,296.46,297.65,283.89,284.94,181014.0
2017-02-15,285.13,291.06,278.8,281.25,146616.0
2017-02-16,282.32,291.29,280.34,289.21,93387.0
2017-02-17,287.46,297.44,285.26,287.44,232314.0
2017-02-20,288.93,289.44,280.27,284.64,66514.0
2017-02-21,284.89,291.21,279.05,279.95,212400.0
2017-02-22,283.46,286.15,280.06,281.52,73410.0
2017-02-23,283.36,286.91,277.73,279.81,58883.0
2017-02-27,281.08,283.85,276.86,277.76,72463.0
2017-02-28,278.54,282.6,278.07,281.23,76093.0
2017-03-01,282.34,290.2,282.34,283.41,86987.0
2017-03-02,285.89,287.67,278.83,280.37,167555.0
2017-03-03,279.45,281.28,276.29,278.97,30510.0
2017-03-06,278.73,283.86,278.06,281.44,56827.0
2017-03-07,280.06,283.61,279.05,280.09,44324.0
2017-03-08,283.6,283.6,273.47,274.77,52929.0
2017-03-09,276.77,280.04,273.73,274.88,69567.0
2017-03-10,275.74,281.33,275.74,278.31,47559.0
2017-03-14,282.6,282.95,273.38,274.46,74969.0
2017-03-15,277.16,278.07,272.46,273.94,81976.0
2017-03-16,278.16,283.61,273.75,277.29,167962.0
2017-03-17,280.23,281.23,269.92,272.09,79834.0
2017-03-20,272.09,274.45,267.91,269.08,47622.0
2017-03-21,269.92,272.94,265.11,269.63,105429.0
2017-03-22,269.42,273.74,266.25,272.04,74594.0
2017-03-23,272.33,274.98,269.99,270.53,57407.0
2017-03-24,274.47,274.47,266.69,268.02,54026.0
2017-03-27,268.16,270.68,263.64,264.53,40501.0
2017-03-28,266.08,268.62,261.31,262.21,98788.0
2017-03-29,263.75,264.8,256.55,257.91,72972.0
2017-03-30,259.32,262.32,257.25,260.99,150755.0
2017-03-31,264.08,280.25,261.07,272.02,125843.0
2017-04-03,271.95,280.06,271.95,277.76,100035.0
2017-04-05,279.3,282.25,274.25,276.15,99096.0
2017-04-06,274.98,276.53,272.59,273.94,27315.0
2017-04-07,273.95,278.54,267.15,271.65,37770.0
2017-04-10,272.48,280.48,266.9,267.62,50814.0
2017-04-11,271.19,278.53,270.52,272.13,117853.0
2017-04-12,272.13,274.21,267.9,272.5,59143.0
2017-04-13,275.74,280.57,275.35,277.01,126963.0
2017-04-17,278.78,278.8,272.46,273.93,34251.0
2017-04-18,274.26,275.93,271.84,272.89,60205.0
2017-04-19,272.89,282.85,271.19,280.06,65058.0
2017-04-20,281.56,290.71,278.1,287.26,119656.0
2017-04-21,290.19,291.47,287.67,288.15,85073.0
2017-04-24,288.93,294.0,287.67,289.71,95198.0
2017-04-25,291.39,296.28,291.39,295.02,74661.0
2017-04-26,299.83,308.65,291.76,293.37,111655.0
2017-04-27,293.37,297.73,289.19,291.96,77865.0
2017-04-28,291.99,303.86,291.97,301.69,113821.0
2017-05-02,304.14,305.66,297.3,300.08,63357.0
2017-05-03,297.82,301.85,291.53,293.19,38729.0
2017-05-04,293.53,299.05,288.3,291.68,36823.0
2017-05-05,289.1,293.99,283.89,287.7,59230.0
2017-05-08,287.93,296.35,286.66,288.34,37289.0
2017-05-09,289.44,293.88,285.38,287.87,75178.0
2017-05-10,289.39,294.76,287.74,293.47,49114.0
2017-05-11,295.92,296.27,290.48,293.8,23712.0
2017-05-12,298.82,299.07,295.24,297.54,59672.0
2017-05-15,301.55,301.55,295.54,297.03,59992.0
2017-05-16,294.84,300.33,294.84,297.18,25385.0
2017-05-17,296.79,303.89,296.79,297.94,68183.0
2017-05-18,294.14,299.2,283.89,287.48,69544.0
2017-05-19,287.84,297.04,286.46,291.7,132448.0
2017-05-22,290.21,297.8,290.21,296.45,52976.0
2017-05-23,296.66,300.85,288.65,299.03,97585.0
2017-05-24,301.29,301.29,292.73,295.55,40587.0
2017-05-25,296.79,301.1,272.48,280.7,146604.0
2017-05-26,280.05,290.2,267.43,287.26,261743.0
2017-05-29,288.43,294.51,282.34,283.8,51552.0
2017-05-30,284.62,284.62,274.25,275.91,70451.0
2017-05-31,276.01,280.56,273.99,275.51,71118.0
2017-06-01,274.99,279.16,273.73,275.61,77107.0
2017-06-02,280.05,281.32,276.53,278.71,58058.0
2017-06-05,282.6,288.68,278.81,287.03,72266.0
2017-06-06,288.03,292.73,283.88,288.16,43933.0
2017-06-07,288.43,291.44,284.35,289.16,22422.0
2017-06-08,290.94,292.44,283.88,286.09,35801.0
2017-06-09,286.89,290.43,282.37,283.01,28072.0
2017-06-12,286.4,287.67,279.81,285.45,42872.0
2017-06-13,284.65,292.22,284.64,291.23,48557.0
2017-06-14,291.21,293.99,285.4,288.76,27729.0
2017-06-15,288.77,289.17,282.44,286.41,46087.0
2017-06-16,286.42,290.44,284.51,288.78,36950.0
2017-06-19,290.67,293.98,289.2,290.24,47504.0
2017-06-20,291.47,291.96,286.66,288.31,19960.0
2017-06-21,290.42,290.42,281.58,284.21,34570.0
2017-06-22,285.92,287.62,275.75,280.04,159854.0
2017-06-23,284.81,284.81,277.79,281.38,66632.0
2017-06-27,285.13,285.13,267.53,271.64,145243.0
2017-06-28,269.92,277.48,263.59,265.59,162856.0
2017-06-29,264.6,277.78,264.6,275.12,158607.0
2017-06-30,276.51,284.07,269.63,280.27,167251.0
2017-07-03,284.62,288.93,277.93,281.81,247500.0
2017-07-04,283.86,285.88,281.33,284.51,102469.0
2017-07-05,285.38,286.4,275.99,277.74,88265.0
2017-07-06,279.81,281.06,272.05,273.68,75446.0
2017-07-07,272.46,275.75,271.7,272.45,40043.0
2017-07-10,273.73,275.99,267.0,273.73,20678.0
2017-07-11,277.52,277.52,269.92,270.7,49425.0
2017-07-12,271.19,272.74,268.4,270.15,70317.0
2017-07-13,271.19,274.99,268.66,270.2,88569.0
2017-07-14,270.22,288.43,269.14,281.87,298358.0
2017-07-17,283.36,285.13,275.41,276.51,53474.0
2017-07-18,278.76,285.11,273.75,283.24,148143.0
2017-07-19,283.36,309.18,282.12,306.89,1012325.0
2017-07-20,309.72,319.35,306.93,312.43,626135.0
2017-07-21,314.29,325.68,313.01,323.67,393683.0
2017-07-24,325.68,340.18,325.16,329.41,428538.0
2017-07-25,330.25,330.4,316.81,322.79,130163.0
2017-07-26,323.91,325.16,315.55,316.5,106806.0
2017-07-27,318.54,323.07,315.04,315.29,119763.0
2017-07-28,314.28,314.28,309.36,312.06,63689.0
2017-07-31,311.74,316.81,306.95,314.01,53963.0
2017-08-01,316.56,323.1,315.55,317.61,56476.0
2017-08-02,320.02,322.3,316.09,319.3,48798.0
2017-08-03,316.81,321.5,315.87,319.45,97064.0
2017-08-04,320.59,321.88,314.81,320.12,59088.0
2017-08-07,317.1,332.02,317.1,328.84,60437.0
2017-08-08,330.75,334.82,324.96,331.91,56046.0
2017-08-09,334.3,334.3,322.48,324.72,65874.0
2017-08-10,327.96,337.09,310.78,313.45,141570.0
2017-08-11,300.08,311.74,286.21,309.31,126896.0
2017-08-14,309.46,321.59,309.22,318.64,31631.0
2017-08-16,325.68,343.18,321.49,336.37,395229.0
2017-08-17,337.39,341.27,325.27,331.01,116109.0
2017-08-18,330.49,333.21,322.71,330.16,44924.0
2017-08-21,329.49,329.95,321.93,327.17,69082.0
2017-08-22,327.2,331.74,324.42,329.14,32306.0
2017-08-23,331.73,334.55,328.75,333.41,33825.0
2017-08-24,335.56,351.28,332.45,348.84,187713.0
2017-08-28,351.41,364.97,349.79,361.93,163073.0
2017-08-29,361.67,375.31,358.66,370.94,343677.0
2017-08-30,373.91,395.38,368.8,384.75,382465.0
2017-08-31,385.24,397.89,381.02,389.13,219637.0
2017-09-01,392.59,392.59,368.85,373.41,283038.0
2017-09-04,375.87,386.51,367.5,379.66,151895.0
2017-09-05,384.95,384.95,377.67,379.78,62525.0
2017-09-06,380.18,383.22,372.57,375.75,54977.0
2017-09-07,379.4,379.67,372.85,375.92,40374.0
2017-09-08,376.37,379.53,370.04,372.74,31741.0
2017-09-11,375.11,378.91,365.56,368.44,44229.0
2017-09-12,367.71,374.09,367.1,370.18,82986.0
2017-09-13,372.52,373.32,357.77,370.18,101025.0
2017-09-14,373.32,373.32,368.01,370.4,20362.0
2017-09-15,370.4,370.4,361.17,363.65,73556.0
2017-09-18,363.65,364.74,357.36,359.82,58473.0
2017-09-19,357.36,375.03,357.36,372.14,167078.0
2017-09-20,374.05,383.93,369.53,372.77,134101.0
2017-09-21,375.11,384.17,367.49,382.06,55896.0
2017-09-22,380.18,382.71,367.53,380.26,158891.0
2017-09-25,382.68,384.91,363.35,367.29,104580.0
2017-09-26,367.5,371.3,361.19,363.0,179842.0
2017-09-27,365.79,370.02,360.18,362.46,128960.0
2017-09-28,361.58,370.04,361.5,366.79,118050.0
2017-09-29,373.84,374.46,365.54,366.75,104963.0
2017-10-03,369.02,372.57,358.94,360.81,58638.0
2017-10-04,363.05,366.92,357.21,363.88,69879.0
2017-10-05,366.48,370.84,364.97,369.21,48845.0
2017-10-06,371.56,380.15,370.29,375.88,57912.0
2017-10-09,376.34,392.85,375.11,390.27,162469.0
2017-10-10,390.34,448.1,382.71,396.73,171288.0
2017-10-11,400.58,407.5,397.92,402.25,217912.0
2017-10-12,402.48,407.04,396.37,404.76,71611.0
2017-10-13,410.59,410.59,397.49,400.02,68238.0
2017-10-16,408.0,408.0,392.9,395.23,38703.0
2017-10-17,395.41,398.3,390.31,396.24,27040.0
2017-10-18,398.9,399.39,390.31,391.12,32791.0
2017-10-19,391.94,397.92,391.94,394.52,9781.0
2017-10-23,390.36,398.9,390.36,397.59,66914.0
2017-10-24,399.69,399.69,391.94,396.93,62854.0
2017-10-25,396.93,398.4,387.8,391.96,19297.0
2017-10-26,387.8,395.38,387.04,388.61,34555.0
2017-10-27,386.76,394.14,382.99,387.42,21438.0
2017-10-30,390.64,396.9,387.6,389.5,46740.0
2017-10-31,389.5,397.89,389.5,396.52,85628.0
2017-11-01,395.89,418.19,390.44,393.76,154736.0
2017-11-02,399.89,400.55,391.28,393.48,37388.0
2017-11-03,394.37,397.89,387.78,391.73,54675.0
2017-11-06,392.14,397.61,386.76,388.41,35121.0
2017-11-07,392.34,392.34,382.2,384.18,103584.0
2017-11-08,383.72,384.2,375.36,376.35,72708.0
2017-11-09,376.63,390.34,347.23,350.29,248453.0
2017-11-10,342.16,359.85,330.47,340.76,489749.0
2017-11-13,341.65,356.35,341.65,349.15,133195.0
2017-11-14,352.62,364.97,349.86,351.64,94728.0
2017-11-15,352.35,353.77,339.62,342.51,51951.0
2017-11-16,346.69,359.37,342.16,356.1,109191.0
2017-11-17,359.9,375.08,355.84,368.85,171491.0
2017-11-20,371.51,374.04,363.14,366.64,63710.0
2017-11-21,369.18,385.62,365.22,377.16,915156.0
2017-11-22,380.18,382.63,372.6,374.14,67847.0
2017-11-23,377.13,379.67,369.07,371.66,36843.0
2017-11-24,372.37,377.64,367.0,374.9,63045.0
2017-11-27,372.57,376.32,367.98,374.12,16851.0
2017-11-28,372.44,376.12,371.08,373.08,42941.0
2017-11-29,373.59,407.83,372.57,398.75,302965.0
2017-11-30,398.93,407.02,387.2,397.82,236316.0
2017-12-01,395.48,405.52,380.18,384.43,64825.0
2017-12-04,387.78,394.85,382.71,385.17,34630.0
2017-12-05,388.94,394.7,384.26,385.29,67147.0
2017-12-06,390.79,393.35,383.22,385.55,65006.0
2017-12-07,385.78,389.81,382.96,384.86,43320.0
2017-12-08,388.87,404.51,386.66,400.12,151006.0
2017-12-11,401.97,404.4,386.59,397.16,81726.0
2017-12-12,397.41,400.3,383.72,385.75,60035.0
2017-12-13,392.59,396.85,385.88,391.58,97009.0
2017-12-14,394.39,395.71,387.04,392.29,21732.0
2017-12-15,395.38,397.92,390.52,392.34,30361.0
2017-12-18,394.88,399.94,380.4,394.06,60832.0
2017-12-19,396.83,400.35,387.93,394.04,72655.0
2017-12-20,397.92,424.28,397.92,420.8,379141.0
2017-12-21,430.76,450.61,426.58,433.45,307908.0
2017-12-22,436.95,448.07,419.71,421.01,178599.0
2017-12-26,424.98,435.17,416.67,418.19,98005.0
2017-12-27,418.19,425.8,412.14,414.24,76766.0
2017-12-28,417.18,420.73,413.4,417.51,58336.0
2017-12-29,415.68,422.7,415.66,419.56,67997.0
2018-01-01,421.77,423.29,415.73,417.2,25640.0
2018-01-02,415.68,422.25,407.04,409.04,41238.0
2018-01-03,410.08,415.66,407.07,408.64,31430.0
2018-01-04,411.86,423.26,404.08,417.41,73061.0
2018-01-05,411.12,427.82,411.12,420.85,63669.0
2018-01-08,422.15,425.34,418.19,424.1,53120.0
2018-01-09,424.28,426.3,420.27,422.37,59183.0
2018-01-10,423.77,426.3,422.58,424.45,40887.0
2018-01-11,423.26,432.79,422.58,424.38,111432.0
2018-01-12,427.29,428.71,417.69,419.21,39274.0
2018-01-15,419.21,424.5,419.21,421.13,75989.0
2018-01-16,421.23,423.21,414.95,417.05,57076.0
2018-01-17,410.84,418.19,390.31,409.25,60911.0
2018-01-18,412.11,414.75,405.52,405.65,81264.0
2018-01-19,407.88,409.8,401.01,405.72,28830.0
2018-01-22,401.46,405.44,395.46,402.15,43199.0
2018-01-23,402.5,410.51,402.5,405.8,30199.0
2018-01-24,406.15,433.4,403.49,416.39,444202.0
2018-01-25,427.67,427.82,406.38,407.04,63712.0
2018-01-29,405.57,408.26,391.07,394.24,88626.0
2018-01-30,394.37,394.39,378.48,388.92,80159.0
2018-01-31,388.29,389.3,379.41,383.27,34941.0
2018-02-01,383.27,397.41,379.67,381.95,84304.0
2018-02-02,385.27,389.3,367.5,371.25,113014.0
2018-02-05,333.54,369.96,333.54,364.74,86786.0
2018-02-06,350.19,359.9,332.17,355.16,156806.0
2018-02-07,354.86,364.99,354.86,363.95,284420.0
2018-02-08,369.02,369.02,348.98,352.93,82448.0
2018-02-09,344.69,364.46,344.69,357.87,366689.0
2018-02-12,359.9,364.16,358.38,361.29,33912.0
2018-02-14,365.47,365.47,354.32,355.18,41554.0
2018-02-15,357.16,358.38,348.04,350.04,36813.0
2018-02-16,356.22,356.35,344.67,346.67,28074.0
2018-02-19,342.21,346.24,335.06,340.97,64519.0
2018-02-20,339.62,355.84,339.62,348.01,90560.0
2018-02-21,348.04,351.79,342.54,343.55,24154.0
2018-02-22,341.17,350.37,338.74,342.28,35223.0
2018-02-23,342.18,346.04,339.42,343.53,43971.0
2018-02-26,345.71,347.86,341.14,342.82,33785.0
2018-02-27,342.82,347.73,340.13,341.14,23095.0
2018-02-28,337.95,346.95,337.95,340.69,42738.0
2018-03-01,342.79,349.74,342.21,347.94,44572.0
2018-03-05,343.7,352.3,343.4,350.14,49358.0
2018-03-06,344.89,358.56,344.87,352.45,34091.0
2018-03-07,354.75,357.36,336.96,342.28,66449.0
2018-03-08,345.35,349.76,339.75,347.45,31473.0
2018-03-09,353.82,354.4,347.48,351.0,22347.0
2018-03-12,351.94,355.72,348.27,352.42,33872.0
2018-03-13,354.1,358.25,348.27,357.01,26760.0
2018-03-14,356.71,362.43,353.31,360.23,25362.0
2018-03-15,361.14,398.93,353.82,387.63,231467.0
2018-03-16,389.65,396.4,372.09,384.03,181448.0
2018-03-19,385.24,387.7,373.61,376.68,51260.0
2018-03-20,375.11,375.11,359.92,364.51,37573.0
2018-03-21,365.47,373.08,364.97,368.52,135987.0
2018-03-22,364.99,369.53,364.46,368.85,82684.0
2018-03-23,359.9,367.5,355.06,364.99,44391.0
2018-03-26,362.48,372.01,356.86,365.55,70260.0
2018-03-27,365.47,371.61,356.35,357.69,48421.0
2018-03-28,358.38,360.33,351.71,353.82,18291.0
2018-04-02,363.9,363.9,355.34,360.23,25604.0
2018-04-03,362.38,370.54,356.88,369.05,46174.0
2018-04-04,370.09,380.18,363.73,370.09,69212.0
2018-04-05,370.54,377.13,370.54,374.4,32339.0
2018-04-06,374.6,375.11,366.49,367.86,18796.0
2018-04-09,365.98,372.12,361.55,369.73,29784.0
2018-04-10,369.73,373.59,368.54,373.05,78995.0
2018-04-11,373.76,395.23,370.16,385.67,178705.0
2018-04-12,385.24,386.76,375.69,380.15,91964.0
2018-04-13,379.06,382.23,370.67,372.44,447167.0
2018-04-16,375.11,376.07,368.52,369.83,65898.0
2018-04-17,370.54,371.51,364.97,367.1,27747.0
2018-04-18,368.72,370.95,364.97,367.38,441850.0
2018-04-19,367.86,370.54,367.0,368.11,20939.0
2018-04-20,366.92,370.04,365.17,367.93,14624.0
2018-04-23,367.76,370.04,357.87,359.98,47764.0
2018-04-24,356.86,362.64,355.84,358.48,66942.0
2018-04-25,358.33,360.61,355.84,356.0,20276.0
2018-04-26,357.87,364.06,353.97,354.96,89210.0
2018-04-27,355.01,359.9,355.01,357.52,430818.0
2018-04-30,361.39,363.95,358.45,360.89,18183.0
2018-05-02,364.97,365.47,360.41,361.9,17753.0
2018-05-03,362.43,362.69,354.32,355.41,18175.0
2018-05-04,355.08,362.41,355.08,359.98,12994.0
2018-05-07,362.43,362.43,353.61,356.22,18987.0
2018-05-08,360.91,360.91,355.34,356.98,14484.0
2018-05-09,353.87,360.91,353.87,355.03,15170.0
2018-05-10,355.89,359.19,349.76,351.15,26273.0
2018-05-11,351.79,356.86,350.14,353.31,11410.0
2018-05-14,354.96,358.89,346.52,350.83,18567.0
2018-05-15,349.76,359.92,347.23,353.06,277212.0
2018-05-16,355.84,355.84,347.4,351.51,17459.0
2018-05-17,351.15,353.11,347.25,350.19,69461.0
2018-05-18,349.1,354.93,348.01,351.84,21353.0
2018-05-21,353.79,355.59,346.39,350.75,51246.0
2018-05-22,346.24,354.83,346.24,349.89,338713.0
2018-05-23,349.76,351.13,344.95,347.51,10700.0
2018-05-24,348.24,351.1,338.33,345.83,25434.0
2018-05-25,345.83,359.06,329.99,351.71,80552.0
2018-05-28,349.76,371.74,349.76,363.52,82203.0
2018-05-29,364.0,364.92,354.83,360.91,51751.0
2018-05-30,361.45,361.47,353.31,355.64,62026.0
2018-05-31,356.12,364.46,355.34,363.14,85809.0
2018-06-01,364.92,367.1,360.46,362.56,52568.0
2018-06-04,362.43,362.97,354.91,359.92,114606.0
2018-06-05,362.13,363.62,345.6,348.32,105263.0
2018-06-06,343.17,346.06,334.55,342.74,136233.0
2018-06-07,354.8,357.36,342.87,355.11,41382.0
2018-06-08,359.9,359.9,347.25,349.33,17820.0
2018-06-11,351.43,363.19,348.92,357.24,36328.0
2018-06-12,357.24,357.62,350.55,351.97,13979.0
2018-06-13,352.83,355.44,347.73,348.67,149333.0
2018-06-14,349.41,350.6,344.19,347.25,14699.0
2018-06-15,346.9,357.36,342.21,349.48,50205.0
2018-06-18,351.15,353.82,343.68,345.71,22102.0
2018-06-19,342.18,350.83,339.62,341.12,26107.0
2018-06-20,349.71,349.71,333.03,336.99,49536.0
2018-06-21,339.62,341.85,333.03,334.2,13122.0
2018-06-22,334.55,337.09,329.49,333.92,17920.0
2018-06-25,338.58,338.58,308.7,311.24,212205.0
2018-06-26,309.21,311.16,286.96,296.74,361061.0
2018-06-27,299.58,321.32,286.96,310.81,124738.0
2018-06-28,307.18,318.18,296.56,316.66,120860.0
2018-06-29,317.83,325.33,305.15,309.41,50142.0
2018-07-02,309.21,311.87,301.0,303.63,27246.0
2018-07-03,301.61,311.74,301.61,309.01,24091.0
2018-07-04,314.28,314.28,307.13,310.25,31355.0
2018-07-05,311.29,311.29,295.04,299.38,49386.0
2018-07-06,301.61,304.93,289.06,291.14,115827.0
2018-07-09,294.51,301.55,291.7,296.64,20919.0
2018-07-10,294.51,303.1,294.51,298.39,44245.0
2018-07-11,295.52,303.99,294.0,302.24,25689.0
2018-07-12,302.24,318.49,300.08,315.32,131154.0
2018-07-13,315.8,319.32,304.14,309.23,78106.0
2018-07-16,304.7,306.24,296.87,298.23,18232.0
2018-07-17,292.51,319.04,291.52,301.76,36372.0
2018-07-18,304.39,304.39,290.2,292.13,28725.0
2018-07-19,292.48,294.74,281.33,281.81,58964.0
2018-07-20,279.3,295.52,278.92,281.56,57668.0
2018-07-23,281.53,291.62,280.34,288.05,38559.0
2018-07-24,288.91,294.51,286.73,289.41,38830.0
2018-07-25,291.34,303.63,288.93,299.65,44772.0
2018-07-26,296.18,308.7,296.18,307.64,29627.0
2018-07-27,304.65,328.47,304.65,321.83,391449.0
2018-07-30,321.88,326.95,311.92,323.53,59558.0
2018-07-31,323.45,323.45,307.94,312.91,35809.0
2018-08-01,314.94,321.6,307.69,308.55,42083.0
2018-08-02,310.37,315.06,301.61,311.82,27680.0
2018-08-03,312.3,317.42,308.55,310.88,15577.0
2018-08-06,314.13,314.28,307.18,308.5,13963.0
2018-08-07,309.21,313.19,305.15,305.74,10761.0
2018-08-08,311.59,311.59,305.13,307.28,27433.0
2018-08-09,310.43,310.43,304.09,305.05,19605.0
2018-08-10,305.05,305.2,299.07,300.54,20974.0
2018-08-13,298.01,307.11,294.53,305.0,25502.0
2018-08-14,299.73,306.35,296.64,299.81,98388.0
2018-08-16,296.54,310.22,296.03,298.89,33414.0
2018-08-17,303.61,306.17,299.6,303.2,568382.0
2018-08-20,304.14,306.62,300.64,301.58,16774.0
2018-08-21,301.61,306.67,299.58,305.38,29538.0
2018-08-23,305.38,323.91,299.58,309.77,228626.0
2018-08-24,312.15,316.81,307.66,309.39,22002.0
2018-08-27,311.92,325.43,308.2,321.48,69084.0
2018-08-28,323.86,326.95,312.35,316.38,44620.0
2018-08-29,321.88,321.88,316.31,319.37,16028.0
2018-08-30,318.87,324.92,313.09,319.04,46480.0
2018-08-31,319.35,322.87,312.38,313.87,18250.0
2018-09-03,319.3,319.3,304.95,306.14,41361.0
2018-09-04,305.51,313.31,298.16,299.45,34351.0
2018-09-05,298.01,302.06,292.68,296.94,22181.0
2018-09-06,296.54,299.05,295.02,295.73,15352.0
2018-09-07,295.73,296.54,291.97,293.65,18540.0
2018-09-10,293.5,297.02,290.99,293.77,13069.0
2018-09-11,298.34,298.34,291.97,293.24,32675.0
2018-09-12,293.27,296.46,283.86,288.96,38654.0
2018-09-14,289.95,293.06,287.79,291.32,13998.0
2018-09-17,288.93,292.2,286.4,288.15,17557.0
2018-09-18,289.54,291.47,287.41,289.29,18331.0
2018-09-19,287.59,289.31,279.3,281.48,52779.0
2018-09-21,285.89,285.89,278.29,280.21,40662.0
2018-09-24,279.81,279.81,256.06,266.05,59923.0
2018-09-25,266.05,278.49,256.29,273.65,28048.0
2018-09-26,269.16,272.79,267.24,268.07,12091.0
2018-09-27,273.22,273.22,258.57,260.55,23296.0
2018-09-28,260.55,265.62,253.86,258.52,37557.0
2018-10-01,261.03,266.12,253.96,255.91,20339.0
2018-10-03,251.42,259.48,251.42,255.76,37506.0
2018-10-04,248.38,259.03,248.38,257.28,23006.0
2018-10-05,254.77,254.79,248.38,249.57,18011.0
2018-10-08,253.45,253.45,232.16,234.16,30895.0
2018-10-09,238.83,258.52,228.66,247.47,44458.0
2018-10-10,252.13,256.44,239.99,253.73,122460.0
2018-10-11,252.94,257.58,243.62,255.5,53756.0
2018-10-12,256.31,263.59,252.41,260.95,97330.0
2018-10-15,263.59,267.85,253.96,263.54,108634.0
2018-10-16,266.02,270.23,261.05,268.76,116591.0
2018-10-17,270.94,273.73,261.64,264.48,19717.0
2018-10-19,264.09,267.19,237.23,247.8,173687.0
2018-10-22,249.75,250.05,228.11,233.96,189114.0
2018-10-23,232.57,232.57,226.08,228.03,57425.0
2018-10-24,232.16,240.78,226.58,229.12,23809.0
2018-10-25,226.1,231.53,213.05,219.18,89358.0
2018-10-26,217.41,225.47,212.47,221.9,54902.0
2018-10-29,221.59,246.76,221.52,239.41,82959.0
2018-10-30,241.34,258.01,237.23,253.3,122994.0
2018-10-31,253.48,288.93,253.45,277.91,298972.0
2018-11-01,279.81,288.93,261.89,265.01,121049.0
2018-11-02,267.14,270.1,254.72,258.57,57837.0
2018-11-05,262.07,263.61,251.42,253.04,31964.0
2018-11-06,252.94,281.33,252.94,268.5,727462.0
2018-11-07,270.68,272.15,268.15,270.33,36703.0
2018-11-09,271.65,273.12,264.09,269.14,45283.0
2018-11-12,269.77,270.18,262.57,264.02,66717.0
2018-11-13,265.62,267.64,263.56,266.45,24584.0
2018-11-14,266.71,272.38,263.31,268.58,71420.0
2018-11-15,273.22,273.22,264.09,265.87,37772.0
2018-11-16,266.12,267.64,257.02,258.16,85324.0
2018-11-19,258.62,263.18,257.35,261.74,31412.0
2018-11-20,257.51,268.1,257.51,265.18,51073.0
2018-11-21,263.61,270.68,262.57,267.74,38313.0
2018-11-22,266.27,271.7,266.27,271.04,48267.0
2018-11-26,271.04,272.48,255.48,261.36,93625.0
2018-11-27,261.05,264.78,258.52,261.99,27391.0
2018-11-28,257.0,264.15,257.0,260.27,31682.0
2018-11-29,258.52,263.51,258.52,261.15,23769.0
2018-11-30,262.73,262.75,259.81,260.12,22375.0
2018-12-03,260.22,266.12,250.92,253.96,54831.0
2018-12-04,254.41,260.57,252.72,253.53,67711.0
2018-12-05,254.29,258.42,243.82,245.69,60844.0
2018-12-06,245.69,245.82,239.92,244.6,24584.0
2018-12-07,240.83,253.98,240.83,250.76,36178.0
2018-12-10,247.85,248.03,240.9,245.21,44545.0
2018-12-11,240.78,252.18,240.78,250.92,101426.0
2018-12-12,250.89,263.08,249.77,262.17,61629.0
2018-12-13,260.04,268.66,260.04,266.71,43047.0
2018-12-14,266.71,275.09,261.1,266.25,52896.0
2018-12-17,267.64,267.64,259.08,261.05,19502.0
2018-12-18,259.13,261.03,253.45,253.88,53122.0
2018-12-19,253.48,263.54,253.48,261.64,63870.0
2018-12-20,261.64,269.32,261.56,265.54,89339.0
2018-12-21,266.15,267.57,260.07,262.19,40601.0
2018-12-24,262.22,273.73,262.04,267.01,105202.0
2018-12-26,264.6,274.23,259.36,269.77,57431.0
2018-12-27,270.18,286.4,270.18,279.28,116650.0
2018-12-28,282.34,282.34,264.6,266.93,49863.0
2018-12-31,269.09,283.86,265.11,267.26,236257.0
2019-01-01,266.15,270.18,263.59,267.44,50149.0
2019-01-02,266.63,268.53,263.59,265.11,63612.0
2019-01-03,263.61,268.15,261.1,264.96,102546.0
2019-01-04,267.14,267.14,261.64,265.95,45575.0
2019-01-07,268.66,272.71,261.05,267.74,76839.0
2019-01-08,268.66,270.68,266.6,267.8,34458.0
2019-01-09,267.8,269.29,263.64,267.62,50528.0
2019-01-10,267.62,269.14,263.74,265.87,33675.0
2019-01-11,266.17,271.14,261.13,262.68,28350.0
2019-01-14,268.56,268.56,258.52,265.69,36890.0
2019-01-15,263.18,270.68,263.18,269.62,36231.0
2019-01-16,265.64,273.73,265.62,272.51,37999.0
2019-01-17,273.73,273.73,268.89,270.91,34269.0
2019-01-18,269.32,277.81,266.81,272.05,40824.0
2019-01-21,269.9,272.21,266.17,268.78,37977.0
2019-01-22,268.48,272.43,264.93,268.2,65219.0
2019-01-23,268.15,271.42,261.03,263.74,15967.0
2019-01-24,262.8,264.32,256.11,262.7,89970.0
2019-01-25,262.65,265.34,251.55,255.3,85446.0
2019-01-28,255.3,257.51,243.31,246.15,75202.0
2019-01-29,241.61,245.85,238.75,240.19,98019.0
2019-01-30,239.69,252.44,236.24,245.01,351692.0
2019-01-31,248.2,252.44,236.95,250.89,410149.0
2019-02-01,253.42,253.42,248.38,251.04,21976.0
2019-02-04,250.99,250.99,243.31,248.38,39374.0
2019-02-05,248.41,257.51,243.31,245.16,60396.0
2019-02-06,243.82,247.49,239.94,244.76,25054.0
2019-02-07,243.57,251.93,241.79,246.94,34385.0
2019-02-08,247.01,249.37,243.31,244.53,18299.0
2019-02-11,243.46,245.09,235.38,236.6,41633.0
2019-02-12,237.08,241.28,230.66,235.71,25841.0
2019-02-13,237.48,239.43,231.15,232.9,43661.0
2019-02-14,232.13,234.9,221.52,228.11,65223.0
2019-02-15,228.11,231.65,227.6,230.74,25334.0
2019-02-18,226.08,230.99,222.12,226.03,31325.0
2019-02-19,226.03,226.48,222.05,222.86,28982.0
2019-02-20,220.86,225.44,220.86,224.51,14673.0
2019-02-21,224.08,227.29,223.09,224.58,15454.0
2019-02-22,224.05,229.65,223.37,227.65,115137.0
2019-02-25,227.57,230.28,222.17,224.53,29816.0
2019-02-26,222.45,237.46,219.99,232.59,73689.0
2019-02-27,230.87,243.82,230.87,235.2,31645.0
2019-02-28,239.76,239.76,229.63,231.58,21300.0
2019-03-01,231.86,235.18,229.63,230.31,40475.0
2019-03-05,228.18,249.85,227.98,244.28,69479.0
2019-03-06,246.51,249.88,241.28,243.64,41503.0
2019-03-07,245.8,255.17,244.43,250.23,107948.0
2019-03-08,252.39,254.95,247.87,249.62,43347.0
2019-03-11,251.4,263.03,251.24,260.75,117269.0
2019-03-12,261.94,268.66,258.8,266.3,124707.0
2019-03-13,271.14,271.19,264.91,267.44,33827.0
2019-03-14,267.44,273.68,266.15,272.48,47184.0
2019-03-15,273.88,276.56,269.54,274.38,56164.0
2019-03-18,273.88,276.67,268.15,270.1,56871.0
2019-03-19,269.67,272.51,264.73,270.63,47593.0
2019-03-20,272.15,272.15,264.4,271.09,40899.0
2019-03-22,269.67,272.69,267.74,269.9,33395.0
2019-03-25,267.64,270.58,263.28,265.69,24620.0
2019-03-26,266.33,268.15,259.66,267.57,34198.0
2019-03-27,271.17,274.77,263.56,266.33,74557.0
2019-03-28,263.54,276.01,263.18,274.16,55342.0
2019-03-29,278.72,278.72,270.66,275.53,124069.0
2019-04-01,273.73,277.78,272.21,275.98,28311.0
2019-04-02,273.73,278.74,273.6,278.29,47474.0
2019-04-03,276.26,288.43,274.87,277.4,39212.0
2019-04-04,278.03,279.71,272.97,275.37,250503.0
2019-04-05,275.22,277.4,271.85,275.45,51511.0
2019-04-08,273.93,276.08,266.65,271.01,269540.0
2019-04-09,268.99,274.41,263.59,265.87,34519.0
2019-04-10,263.61,268.68,254.16,257.45,159469.0
2019-04-11,260.95,261.59,254.13,255.98,34754.0
2019-04-12,257.02,260.62,251.47,254.74,47141.0
2019-04-15,258.47,259.41,254.46,257.48,17405.0
2019-04-16,258.32,263.59,247.65,253.65,84622.0
2019-04-18,252.46,255.4,249.19,250.76,62375.0
2019-04-22,252.89,252.89,244.55,249.93,31996.0
2019-04-23,249.93,249.93,243.64,246.07,66811.0
2019-04-24,243.84,252.94,243.84,251.4,17098.0
2019-04-25,253.35,254.39,245.95,247.04,30883.0
2019-04-26,246.99,255.6,244.4,253.83,39285.0
2019-04-30,253.88,274.64,253.83,263.46,53294.0
2019-05-02,258.92,263.79,254.01,254.49,10992.0
2019-05-03,253.4,254.11,247.47,248.76,21408.0
2019-05-06,246.35,248.38,242.42,244.38,20051.0
2019-05-07,242.81,243.21,233.91,235.07,99043.0
2019-05-08,231.4,238.27,226.08,228.11,36956.0
2019-05-09,228.61,229.12,222.53,223.82,49299.0
2019-05-10,227.78,227.78,218.47,222.07,48088.0
2019-05-13,222.53,223.29,218.47,222.78,51844.0
2019-05-14,219.49,223.54,212.87,220.93,57342.0
2019-05-15,219.51,243.82,216.5,229.17,237208.0
2019-05-16,229.02,229.12,218.98,228.38,51027.0
2019-05-17,225.62,229.88,225.16,227.32,23900.0
2019-05-20,229.12,234.29,221.57,223.77,78309.0
2019-05-21,225.09,230.51,224.28,228.54,217841.0
2019-05-22,231.96,248.33,227.85,241.06,170854.0
2019-05-23,241.06,250.94,208.36,243.67,725961.0
2019-05-24,242.3,242.3,229.65,232.9,219402.0
2019-05-27,230.64,233.22,226.79,230.56,148932.0
2019-05-28,230.64,232.67,222.0,223.26,92144.0
2019-05-29,223.54,224.99,208.87,213.53,109283.0
2019-05-30,213.53,217.97,212.04,214.09,133578.0
2019-05-31,217.71,217.71,206.82,208.99,315046.0
2019-06-03,207.83,209.78,196.17,198.45,1052148.0
2019-06-04,199.21,210.21,196.85,206.92,1238743.0
2019-06-06,206.94,213.89,205.24,212.11,159311.0
2019-06-07,214.82,215.94,209.1,213.15,190213.0
2019-06-10,214.8,214.8,210.06,212.26,124263.0
2019-06-11,210.92,213.58,209.76,213.02,119646.0
2019-06-12,211.5,212.75,207.88,210.31,48881.0
2019-06-13,206.36,209.68,205.29,208.41,70396.0
2019-06-14,208.84,210.21,205.29,208.87,23762.0
2019-06-17,207.22,209.83,205.83,207.73,31795.0
2019-06-18,205.29,208.77,201.29,206.41,46370.0
2019-06-19,205.8,207.88,201.24,207.02,92213.0
2019-06-20,204.31,212.37,203.17,210.59,34758.0
2019-06-21,208.89,209.58,202.15,205.14,24993.0
2019-06-24,203.27,209.12,203.27,208.44,22894.0
2019-06-25,207.83,211.88,205.32,209.68,82976.0
2019-06-26,208.59,210.69,207.22,209.4,53456.0
2019-06-27,208.64,210.62,207.07,207.96,37399.0
2019-06-28,208.08,208.11,203.77,205.93,35022.0
2019-07-01,206.76,210.82,204.03,209.63,132673.0
2019-07-02,207.88,211.33,204.56,210.46,106671.0
2019-07-03,209.25,210.87,205.55,207.4,57196.0
2019-07-04,206.03,208.34,205.8,206.59,37427.0
2019-07-05,206.05,206.49,200.5,202.61,60674.0
2019-07-08,202.76,205.22,201.67,203.57,35876.0
2019-07-09,202.3,205.22,200.55,203.55,30917.0
2019-07-10,203.29,204.79,200.78,202.41,26374.0
2019-07-11,202.76,203.98,201.44,202.28,11120.0
2019-07-12,200.25,205.8,199.72,200.25,31021.0
2019-07-15,200.23,202.71,189.12,189.91,46800.0
2019-07-16,190.09,190.11,178.43,187.02,128540.0
2019-07-17,183.3,188.62,183.3,187.27,92740.0
2019-07-18,189.35,189.35,181.06,182.36,159629.0
2019-07-19,184.49,184.64,179.95,182.15,66093.0
2019-07-22,182.48,187.55,178.45,181.5,49605.0
2019-07-23,179.44,183.6,179.44,182.28,38735.0
2019-07-24,180.91,181.34,175.89,177.24,31990.0
2019-07-25,176.15,182.59,175.39,182.13,35452.0
2019-07-26,180.03,192.67,177.92,185.88,42059.0
2019-07-29,185.88,185.88,176.05,177.59,22771.0
2019-07-30,174.02,178.43,171.71,174.09,26537.0
2019-07-31,171.84,179.8,167.28,171.56,68088.0
2019-08-01,172.35,177.39,167.28,173.51,44987.0
2019-08-02,171.53,180.91,168.52,178.94,21647.0
2019-08-05,178.94,180.03,171.33,174.35,57857.0
2019-08-06,178.91,182.48,174.47,180.3,21639.0
2019-08-07,181.37,182.76,176.33,181.34,22905.0
2019-08-08,179.19,188.03,178.61,182.41,69429.0
2019-08-09,183.55,183.55,177.59,180.23,30933.0
2019-08-13,182.99,182.99,173.39,174.2,23499.0
2019-08-14,172.85,178.02,172.85,175.64,14746.0
2019-08-16,174.12,181.39,173.11,174.27,66259.0
2019-08-19,174.63,177.39,167.81,170.12,39723.0
2019-08-20,167.81,175.39,166.92,171.84,22254.0
2019-08-21,169.81,171.71,167.28,167.94,13326.0
2019-08-22,166.87,167.94,161.95,166.47,26157.0
2019-08-23,166.74,172.35,158.41,166.77,140017.0
2019-08-26,168.8,170.32,160.18,162.33,71061.0
2019-08-27,162.71,174.37,162.71,172.9,25362.0
2019-08-28,171.59,174.88,167.28,169.2,22357.0
2019-08-29,167.4,177.87,167.4,174.73,27893.0
2019-08-30,178.33,185.22,171.92,175.26,38626.0
2019-09-03,175.89,180.96,172.88,177.67,29143.0
2019-09-04,173.06,183.5,173.06,182.86,20901.0
2019-09-05,179.95,190.34,179.82,190.06,29522.0
2019-09-06,190.06,194.65,190.06,191.56,47898.0
2019-09-09,190.06,195.21,189.61,192.77,26898.0
2019-09-11,192.62,195.16,178.4,191.3,52582.0
2019-09-12,191.3,193.66,185.98,188.54,16997.0
2019-09-13,187.32,192.62,186.89,192.44,13795.0
2019-09-16,193.61,193.64,187.32,189.48,14294.0
2019-09-17,189.5,202.15,189.5,193.36,137810.0
2019-09-18,195.16,196.65,189.07,190.92,29999.0
2019-09-19,190.57,195.56,188.03,191.68,34399.0
2019-09-20,192.57,194.12,185.02,189.86,36512.0
2019-09-23,191.35,199.21,191.35,197.56,28451.0
2019-09-24,197.69,208.31,197.61,199.31,89729.0
2019-09-25,197.69,201.75,195.66,196.4,24894.0
2019-09-26,199.21,203.77,194.24,198.17,40589.0
2019-09-27,200.23,200.23,195.71,196.68,15373.0
2019-09-30,200.73,200.73,192.62,193.97,23032.0
2019-10-01,193.97,195.16,190.87,192.29,17638.0
2019-10-03,191.61,192.52,187.55,187.63,17557.0
2019-10-04,188.82,190.8,179.95,182.41,14890.0
2019-10-07,184.49,186.84,181.5,184.16,86600.0
2019-10-09,183.68,183.68,177.42,178.91,92215.0
2019-10-10,178.45,178.45,167.28,168.98,131917.0
2019-10-11,170.32,170.83,164.39,165.68,248082.0
2019-10-14,166.52,169.58,160.64,164.16,66036.0
2019-10-15,161.73,167.4,161.73,165.02,38703.0
2019-10-16,165.05,168.77,161.93,165.02,53758.0
2019-10-17,166.49,167.78,162.84,164.57,59522.0
2019-10-18,162.82,165.02,161.19,162.03,93693.0
2019-10-22,163.48,166.16,161.3,161.85,104271.0
2019-10-23,161.3,163.25,157.87,159.07,46358.0
2019-10-24,159.67,162.59,157.14,158.66,38968.0
2019-10-25,159.88,160.1,154.6,155.06,40927.0
2019-10-27,155.11,162.11,154.63,158.43,20767.0
2019-10-29,157.04,160.38,155.21,155.72,42069.0
2019-10-30,157.04,158.66,148.52,152.78,298471.0
2019-10-31,151.92,152.07,145.99,151.74,318563.0
2019-11-01,154.5,166.72,151.36,162.18,718074.0
2019-11-04,166.26,175.97,162.97,174.3,761055.0
2019-11-05,175.72,178.89,167.53,171.23,231465.0
2019-11-06,170.42,172.35,169.3,171.38,115081.0
2019-11-07,175.26,175.26,167.33,172.45,52310.0
2019-11-08,174.35,179.59,166.06,171.28,44598.0
2019-11-11,171.28,171.99,164.49,165.68,55614.0
2019-11-13,166.01,166.01,161.3,164.74,114559.0
2019-11-14,165.76,168.29,160.74,164.64,59571.0
2019-11-15,162.94,166.26,162.21,163.32,17318.0
2019-11-18,164.34,164.74,160.69,163.15,20491.0
2019-11-19,163.75,164.18,159.98,162.18,46431.0
2019-11-20,161.7,162.99,160.28,160.99,172373.0
2019-11-21,164.24,164.24,157.65,159.24,132988.0
2019-11-22,161.7,164.24,156.2,160.61,514572.0
2019-11-25,161.17,169.81,161.17,168.01,53519.0
2019-11-26,169.63,171.69,163.2,169.91,68847.0
2019-11-27,171.69,174.17,164.87,172.8,50954.0
2019-11-28,174.37,175.79,167.78,175.11,35774.0
2019-11-29,175.92,178.81,174.37,176.93,178029.0
2019-12-02,176.93,178.3,172.6,175.67,39232.0
2019-12-03,175.74,178.61,173.21,175.64,38112.0
2019-12-04,175.64,180.84,169.51,179.09,30915.0
2019-12-05,179.09,184.51,177.47,182.76,54941.0
2019-12-06,184.97,186.24,182.46,183.55,59141.0
2019-12-09,185.15,186.18,177.92,182.26,25168.0
2019-12-10,182.79,185.15,178.43,183.19,51491.0
2019-12-11,183.5,183.5,173.77,181.44,101031.0
2019-12-12,181.47,182.15,174.86,177.03,60581.0
2019-12-13,176.88,184.97,167.83,169.28,69287.0
2019-12-16,173.36,174.22,168.14,172.73,115415.0
2019-12-17,172.73,173.31,170.83,171.92,6417.0
2019-12-18,172.42,175.72,165.0,171.0,65870.0
2019-12-19,173.33,173.33,166.54,167.73,19885.0
2019-12-20,168.29,169.18,165.15,165.76,249414.0
2019-12-23,164.74,177.92,164.24,176.63,108147.0
2019-12-24,176.58,179.42,171.61,177.16,58654.0
2019-12-26,176.88,178.3,172.4,172.75,23602.0
2019-12-27,172.75,176.05,171.61,172.7,20201.0
2019-12-30,173.56,181.67,171.84,179.59,63462.0
2019-12-31,178.91,185.7,176.15,183.83,53552.0
2020-01-01,183.8,185.47,179.8,183.22,37956.0
2020-01-02,181.5,181.72,176.45,178.02,44604.0
2020-01-03,178.43,200.23,178.0,185.32,349421.0
2020-01-06,179.97,189.23,177.92,181.29,113284.0
2020-01-07,184.97,193.64,178.12,180.1,79972.0
2020-01-08,177.42,187.05,177.42,185.47,52031.0
2020-01-09,186.18,189.99,182.48,184.87,58232.0
2020-01-10,185.02,189.58,183.12,183.9,78715.0
2020-01-13,183.57,187.55,183.57,186.34,43416.0
2020-01-14,186.34,193.13,185.04,186.59,108076.0
2020-01-15,187.71,191.58,185.02,186.21,72951.0
2020-01-16,188.54,190.09,186.82,187.63,25620.0
2020-01-17,190.09,191.1,185.27,188.36,32505.0
2020-01-20,190.75,192.57,185.07,189.56,35630.0
2020-01-21,189.58,190.59,182.48,183.78,31199.0
2020-01-22,187.43,187.45,180.0,183.55,20935.0
2020-01-23,183.55,186.97,182.53,186.21,13842.0
2020-01-24,187.55,188.82,183.5,184.84,25545.0
2020-01-27,183.5,185.04,181.22,184.56,18907.0
2020-01-28,185.47,190.09,185.47,187.48,72487.0
2020-01-29,190.04,192.7,185.53,186.34,54697.0
2020-01-30,186.54,188.57,173.87,185.09,125466.0
2020-01-31,185.02,188.49,178.18,187.55,51365.0
2020-02-01,187.53,187.53,172.88,176.91,151017.0
2020-02-03,174.42,182.48,170.45,176.33,39619.0
2020-02-04,179.9,179.9,173.87,175.67,19587.0
2020-02-05,176.4,181.93,170.83,176.48,63825.0
2020-02-06,176.48,178.78,174.88,176.25,16462.0
2020-02-07,176.88,177.9,174.07,176.78,16216.0
2020-02-10,176.81,178.94,174.37,175.31,65332.0
2020-02-11,177.39,177.39,170.98,172.65,31534.0
2020-02-12,172.62,179.85,172.62,175.21,37070.0
2020-02-13,176.91,176.91,171.21,171.76,16383.0
2020-02-14,171.97,173.44,166.26,167.73,23199.0
2020-02-17,168.75,175.89,154.0,174.83,306796.0
2020-02-18,176.4,176.91,166.09,168.59,33754.0
2020-02-19,168.8,202.3,168.8,195.66,353057.0
2020-02-20,200.5,206.79,183.12,186.13,523917.0
2020-02-24,187.5,187.55,177.92,179.82,76652.0
2020-02-25,179.44,181.47,172.47,178.63,77174.0
2020-02-26,177.42,177.42,170.83,172.07,38236.0
2020-02-27,171.33,203.14,162.23,190.44,360712.0
2020-02-28,178.94,187.5,174.98,182.03,167751.0
2020-03-02,182.51,192.12,169.86,172.19,55434.0
2020-03-03,172.93,176.25,170.88,172.55,53032.0
2020-03-04,171.86,174.86,164.74,167.73,71325.0
2020-03-05,169.79,174.37,168.06,172.52,53904.0
2020-03-06,171.08,171.08,162.23,165.17,28660.0
2020-03-09,164.74,165.15,152.58,156.53,45231.0
2020-03-11,156.13,160.18,152.6,157.14,109810.0
2020-03-12,156.86,156.86,146.95,151.97,78313.0
2020-03-13,143.1,164.21,127.23,160.08,57368.0
2020-03-16,158.66,158.66,147.0,149.48,103361.0
2020-03-17,149.03,152.07,139.4,141.75,30544.0
2020-03-18,139.4,143.86,118.87,123.4,114509.0
2020-03-19,120.62,124.27,98.92,101.15,166689.0
2020-03-20,99.86,103.48,91.04,92.23,335947.0
2020-03-23,84.15,98.34,83.03,85.24,51982.0
2020-03-24,85.16,89.72,78.57,79.96,137324.0
2020-03-25,79.96,87.95,73.75,87.85,132430.0
2020-03-26,88.2,96.62,86.68,96.62,99893.0
2020-03-27,104.93,106.27,98.85,104.32,112856.0
2020-03-30,101.89,106.45,96.31,98.11,71282.0
2020-03-31,101.38,107.92,101.38,107.72,139246.0
2020-04-01,111.47,112.79,104.98,109.49,50031.0
2020-04-03,109.49,114.96,106.45,114.96,118015.0
2020-04-07,120.59,120.69,115.7,120.69,26912.0
2020-04-08,126.73,126.73,126.73,126.73,71343.0
2020-04-09,133.06,133.06,133.06,133.06,8930.0
2020-04-13,139.7,139.7,138.36,139.7,88640.0
2020-04-15,146.67,146.67,146.49,146.67,65594.0
2020-04-16,154.0,154.0,149.54,154.0,78396.0
2020-04-17,161.68,161.68,159.67,161.3,87754.0
2020-04-20,169.3,169.3,153.24,154.05,104501.0
2020-04-21,147.76,150.98,146.37,147.86,119562.0
2020-04-22,148.93,148.93,140.49,146.77,130218.0
2020-04-23,146.77,152.58,139.45,140.26,64361.0
2020-04-24,139.96,139.96,133.26,133.26,33702.0
2020-04-27,134.33,136.91,126.73,134.53,101631.0
2020-04-28,129.11,140.92,129.11,131.95,55150.0
2020-04-29,134.33,134.84,129.36,132.17,80276.0
2020-04-30,132.93,138.76,132.58,137.67,76316.0
2020-05-04,132.93,136.86,130.81,131.52,37735.0
2020-05-05,135.09,135.34,129.26,129.59,22245.0
2020-05-06,129.26,129.59,125.76,126.5,19270.0
2020-05-07,126.5,132.81,123.13,124.8,19629.0
2020-05-08,127.64,128.2,123.71,124.75,13440.0
2020-05-11,124.8,130.98,124.19,124.8,21708.0
2020-05-12,126.73,126.73,118.56,120.41,61880.0
2020-05-13,125.56,126.42,124.19,126.42,31668.0
2020-05-14,131.19,131.19,122.72,123.13,36009.0
2020-05-15,126.73,126.73,120.64,122.29,16470.0
2020-05-18,122.29,122.29,118.03,119.12,333115.0
2020-05-19,120.14,124.14,117.6,118.79,88054.0
2020-05-20,118.61,121.61,116.61,117.7,36699.0
2020-05-21,120.57,120.64,117.09,117.58,26772.0
2020-05-22,117.09,119.07,115.57,116.71,32191.0
2020-05-26,122.16,122.54,117.22,118.77,22825.0
2020-05-27,121.55,122.16,116.33,119.6,71893.0
2020-05-28,118.11,124.19,114.23,121.45,215918.0
2020-05-29,124.14,124.14,116.11,118.46,305101.0
2020-06-01,124.14,124.14,118.23,121.48,681008.0
2020-06-02,124.04,124.04,119.12,120.39,160621.0
2020-06-03,121.43,123.13,118.97,120.03,123963.0
2020-06-04,120.03,121.91,120.03,121.12,38621.0
2020-06-05,123.18,123.18,119.88,121.86,63919.0
2020-06-08,123.13,132.81,121.25,129.82,190463.0
2020-06-09,131.29,134.81,126.88,128.93,122122.0
2020-06-10,130.78,134.3,127.49,130.27,59599.0
2020-06-11,131.74,132.76,128.98,131.59,65598.0
2020-06-12,121.17,130.55,121.17,129.74,53858.0
2020-06-15,132.3,132.3,128.32,130.75,25403.0
2020-06-16,130.78,132.3,124.19,128.25,80179.0
2020-06-17,129.21,129.49,125.28,128.9,43594.0
2020-06-18,128.8,130.78,125.2,128.88,89812.0
2020-06-19,131.06,131.06,126.85,129.36,35269.0
2020-06-22,126.93,131.79,126.93,128.83,91232.0
2020-06-23,127.64,134.28,127.64,132.43,73260.0
2020-06-24,132.43,145.48,132.43,140.61,316403.0
2020-06-25,143.66,143.66,134.33,135.9,143977.0
2020-06-26,135.37,140.92,135.37,136.79,83468.0
2020-06-29,135.85,135.85,129.31,132.81,46987.0
2020-06-30,136.31,136.31,131.26,131.39,20309.0
2020-07-01,134.3,135.8,132.28,134.05,29861.0
2020-07-02,133.82,135.67,129.77,132.07,35959.0
2020-07-03,133.82,134.71,132.3,133.49,16673.0
2020-07-06,135.34,136.03,132.3,133.44,104977.0
2020-07-07,133.44,134.08,129.59,130.17,43689.0
2020-07-08,130.22,133.57,130.22,131.26,31958.0
2020-07-09,132.53,133.01,129.39,129.94,25565.0
2020-07-10,128.75,129.77,126.73,127.21,38630.0
2020-07-13,131.67,131.67,126.73,127.43,48958.0
2020-07-14,127.43,129.18,125.71,126.62,25985.0
2020-07-15,126.22,129.26,123.0,125.0,47620.0
2020-07-16,123.08,128.47,122.77,125.05,16991.0
2020-07-17,124.19,127.23,124.17,125.64,18473.0
2020-07-20,126.73,135.34,126.7,133.82,199743.0
2020-07-21,135.75,147.2,133.9,145.61,355863.0
2020-07-22,146.95,159.65,145.0,151.41,797607.0
2020-07-23,153.08,165.25,151.44,163.02,505951.0
2020-07-24,162.21,165.5,154.88,156.71,262637.0
2020-07-27,157.65,157.65,148.88,148.88,74910.0
2020-07-28,142.74,147.0,141.45,141.45,60149.0
2020-07-29,136.96,148.52,136.1,143.12,1546594.0
2020-07-30,146.98,150.27,146.49,150.27,251021.0
2020-07-31,157.77,157.77,157.77,157.77,83716.0
2020-08-03,159.17,165.25,149.89,163.5,305746.0
2020-08-04,167.28,168.24,158.15,159.22,149362.0
2020-08-05,161.02,167.18,159.67,167.12,408313.0
2020-08-06,170.83,172.35,159.72,162.06,182353.0
2020-08-07,162.21,165.43,156.43,158.84,116437.0
2020-08-10,164.49,164.49,155.62,158.41,379242.0
2020-08-11,159.67,163.22,157.29,162.11,162377.0
2020-08-12,161.95,163.65,160.69,162.39,88443.0
2020-08-13,164.74,164.74,159.67,162.11,105119.0
2020-08-14,161.5,170.8,158.66,166.9,370540.0
2020-08-17,167.73,174.37,163.35,166.72,394793.0
2020-08-18,166.26,182.94,164.24,179.39,454981.0
2020-08-19,191.61,192.6,181.01,187.68,2274314.0
2020-08-20,181.9,187.05,179.97,184.36,546839.0
2020-08-21,185.53,185.88,178.78,179.75,183045.0
2020-08-24,181.8,183.5,178.63,179.16,166776.0
2020-08-25,181.17,181.47,172.45,173.51,123381.0
2020-08-26,173.51,177.42,169.91,173.13,112091.0
2020-08-27,174.7,177.16,172.85,173.54,75427.0
2020-08-28,176.38,177.16,173.36,173.97,89402.0
2020-08-31,181.47,186.54,172.45,183.27,633466.0
2020-09-01,184.51,185.8,168.47,177.21,147265.0
2020-09-02,181.44,181.44,173.66,176.5,52783.0
2020-09-03,174.07,177.95,172.9,174.32,32821.0
2020-09-04,168.8,173.71,167.78,169.08,62710.0
2020-09-07,167.28,180.68,167.15,174.63,331743.0
2020-09-08,174.83,179.95,172.85,174.73,94551.0
2020-09-09,172.85,181.98,169.33,172.19,364164.0
2020-09-10,175.21,176.91,171.08,172.85,60919.0
2020-09-11,172.95,178.78,169.81,171.36,131217.0
2020-09-14,178.43,180.43,173.36,178.91,236476.0
2020-09-15,178.68,182.48,175.41,181.09,113397.0
2020-09-16,182.99,184.0,179.44,180.36,85815.0
2020-09-17,178.94,181.98,175.94,178.15,40041.0
2020-09-18,180.43,180.43,172.35,174.83,40244.0
2020-09-21,177.39,177.39,169.81,170.29,127528.0
2020-09-22,171.84,179.44,153.29,175.26,233833.0
2020-09-23,179.95,180.03,167.25,168.87,108838.0
2020-09-24,165.76,167.2,157.22,158.28,111966.0
2020-09-25,162.18,164.26,159.67,162.03,42434.0
2020-09-28,165.76,165.78,161.07,162.82,78818.0
2020-09-29,166.21,166.21,159.88,160.33,40366.0
2020-09-30,160.51,165.0,158.66,162.99,64008.0
2020-10-01,164.51,165.07,162.23,164.67,52166.0
2020-10-05,165.96,166.97,163.65,164.62,95050.0
2020-10-06,163.32,164.72,162.11,163.15,42584.0
2020-10-07,164.39,164.54,162.69,164.08,45849.0
2020-10-08,165.45,166.74,160.48,162.92,49477.0
2020-10-09,164.24,164.24,158.66,159.67,51588.0
2020-10-12,158.15,159.67,153.41,154.1,107342.0
2020-10-13,156.63,160.16,154.71,158.56,72308.0
2020-10-14,159.83,159.83,153.79,155.24,79494.0
2020-10-15,156.13,156.83,147.0,148.5,58695.0
2020-10-16,150.5,154.1,149.33,152.68,47419.0
2020-10-19,154.81,155.11,152.42,153.74,31428.0
2020-10-20,154.86,154.86,151.99,153.26,38786.0
2020-10-21,154.35,157.47,150.55,150.88,65634.0
2020-10-22,151.06,153.64,150.5,151.59,44849.0
2020-10-23,153.11,155.42,153.08,153.46,47770.0
2020-10-26,154.6,155.57,152.1,153.16,202886.0
2020-10-27,153.19,159.62,153.19,158.15,128516.0
2020-10-28,159.65,161.68,144.11,154.96,530116.0
2020-10-29,153.59,158.91,153.59,155.09,239690.0
2020-10-30,154.86,157.7,151.56,155.34,204389.0
2020-11-02,155.59,155.59,150.35,153.11,133403.0
2020-11-03,154.6,154.6,148.78,149.56,89122.0
2020-11-04,151.56,151.56,148.14,148.75,35340.0
2020-11-05,149.56,152.04,147.28,147.91,65342.0
2020-11-06,151.54,151.54,141.98,143.1,179418.0
2020-11-09,143.45,144.69,134.84,135.9,298589.0
2020-11-10,136.79,138.38,132.81,135.34,181947.0
2020-11-11,136.0,138.74,131.29,133.26,510240.0
2020-11-12,136.36,139.65,133.82,138.81,193316.0
2020-11-13,140.34,141.17,136.1,138.38,101917.0
2020-11-14,140.82,141.43,138.38,140.49,40009.0
2020-11-17,141.83,145.48,136.86,138.31,112963.0
2020-11-18,138.87,139.63,136.86,137.52,81189.0
2020-11-19,136.81,142.36,136.66,139.09,191824.0
2020-11-20,139.4,141.93,138.92,139.93,151329.0
2020-11-23,142.31,142.31,140.34,140.94,95099.0
2020-11-24,140.92,142.44,140.66,141.55,78011.0
2020-11-25,142.24,143.45,138.89,139.37,82789.0
2020-11-26,139.37,144.47,138.61,143.35,206632.0
2020-11-27,144.47,149.64,143.0,147.41,306421.0
2020-12-01,148.85,149.89,147.0,147.66,89765.0
2020-12-02,149.36,149.36,143.2,144.39,105214.0
2020-12-03,145.48,146.49,142.9,143.55,112128.0
2020-12-04,142.95,144.97,142.95,143.28,104916.0
2020-12-07,145.99,146.49,143.2,143.48,147476.0
2020-12-08,144.97,144.97,141.17,141.81,113093.0
2020-12-09,143.12,170.17,141.55,167.02,2878301.0
2020-12-10,165.73,166.09,153.69,155.97,761323.0
2020-12-11,156.91,166.01,156.61,161.37,669226.0
2020-12-14,167.28,168.29,160.69,166.47,522759.0
2020-12-15,166.77,166.77,159.67,161.42,161373.0
2020-12-16,162.99,164.59,159.67,160.23,116940.0
2020-12-17,159.72,162.94,155.64,157.11,141633.0
2020-12-18,157.14,159.07,154.1,154.63,117032.0
2020-12-21,154.66,155.09,141.43,142.19,210432.0
2020-12-22,142.19,149.23,136.86,147.08,231666.0
2020-12-23,148.27,149.89,145.86,148.98,128802.0
2020-12-24,151.56,153.74,146.16,147.13,151647.0
2020-12-28,148.9,156.1,147.0,153.26,214117.0
2020-12-29,154.43,155.92,149.54,152.93,181345.0
2020-12-30,153.08,153.34,149.54,151.89,114537.0
2020-12-31,152.07,154.58,149.54,150.35,128751.0
2021-01-01,149.13,152.53,149.13,151.97,107374.0
2021-01-04,152.7,153.51,150.04,150.78,131741.0
2021-01-05,149.1,151.06,149.03,149.31,183890.0
2021-01-06,150.04,161.19,147.86,150.85,268694.0
2021-01-07,152.35,161.14,149.33,157.77,1042452.0
2021-01-08,161.5,163.22,152.96,155.16,453367.0
2021-01-11,157.19,159.12,154.38,156.07,197788.0
2021-01-12,156.86,165.45,154.6,160.59,776800.0
2021-01-13,162.61,163.58,156.15,157.54,180343.0
2021-01-14,158.15,160.99,156.63,157.75,83367.0
2021-01-15,157.24,158.79,153.92,154.71,134150.0
2021-01-18,155.52,155.52,149.51,150.45,143201.0
2021-01-19,151.79,154.02,150.57,151.66,141791.0
2021-01-20,153.06,153.64,150.12,150.8,90700.0
2021-01-21,153.59,153.59,145.45,146.8,170850.0
2021-01-22,147.05,149.43,141.73,142.97,217328.0
2021-01-25,143.45,145.05,136.36,137.27,289556.0
2021-01-27,142.62,142.62,136.86,139.45,203525.0
2021-01-28,137.47,142.24,136.86,140.01,88271.0
2021-01-29,141.27,149.41,138.21,141.22,529232.0
2021-02-01,143.96,144.97,141.93,142.31,208514.0
2021-02-02,143.71,145.38,141.86,142.26,168133.0
2021-02-03,143.33,143.63,140.92,141.45,244882.0
2021-02-04,141.93,143.71,141.93,142.69,216904.0
2021-02-05,142.16,143.35,140.92,141.37,180514.0
2021-02-08,143.71,143.71,139.42,140.16,283349.0
2021-02-09,140.82,142.95,140.16,141.04,443093.0
2021-02-10,141.91,142.79,139.02,140.03,159177.0
2021-02-11,140.03,142.44,139.83,141.83,144730.0
2021-02-12,143.96,143.96,141.17,141.65,152996.0
2021-02-15,143.05,143.05,138.49,140.31,255166.0
2021-02-16,139.04,141.37,138.94,140.16,99378.0
2021-02-17,141.93,155.54,139.9,152.15,2115484.0
2021-02-18,152.1,157.77,151.01,151.82,991323.0
2021-02-19,151.99,164.46,151.31,158.18,1226435.0
2021-02-22,158.91,164.95,158.25,164.11,941544.0
2021-02-23,164.26,173.87,164.26,170.39,1410475.0
2021-02-24,171.59,174.98,166.26,168.95,302667.0
2021-02-25,169.86,170.67,162.77,164.36,401479.0
2021-02-26,162.21,163.63,158.66,159.45,429881.0
2021-03-01,160.28,181.44,159.95,174.86,1090820.0
2021-03-02,176.91,185.75,164.77,176.33,928293.0
2021-03-03,176.4,181.93,172.4,173.97,457034.0
2021-03-04,173.36,180.86,168.8,176.02,544247.0
2021-03-05,178.94,180.99,172.35,174.4,587244.0
2021-03-08,175.72,176.12,171.53,172.73,282746.0
2021-03-09,174.07,175.87,169.53,171.36,469942.0
2021-03-10,172.83,173.36,167.51,171.81,468366.0
2021-03-12,172.6,174.4,164.64,172.47,531625.0
2021-03-15,173.82,173.82,167.28,170.32,357502.0
2021-03-16,170.32,171.26,168.39,168.92,166076.0
2021-03-17,168.92,169.74,162.18,162.26,253006.0
2021-03-18,164.72,165.88,157.29,160.92,269747.0
2021-03-19,157.14,159.75,149.86,156.81,247802.0
2021-03-22,156.81,159.37,148.9,152.55,287101.0
2021-03-23,152.58,160.18,151.39,156.48,336005.0
2021-03-24,155.59,158.94,152.12,152.6,252347.0
2021-03-25,151.21,153.54,146.7,148.19,182398.0
2021-03-26,149.54,161.6,149.54,154.93,507313.0
2021-03-30,157.14,158.03,149.54,150.3,159323.0
2021-03-31,150.37,154.3,146.98,149.18,385233.0
2021-04-01,148.52,159.67,148.27,158.61,362700.0
2021-04-05,157.19,158.18,152.07,154.1,217403.0
2021-04-06,154.05,169.15,154.05,165.38,701643.0
2021-04-07,166.09,166.21,160.94,162.06,248508.0
2021-04-08,162.92,165.73,159.34,162.06,124922.0
2021-04-09,161.95,171.59,160.59,167.48,343385.0
2021-04-12,169.81,169.81,159.17,162.33,347597.0
2021-04-13,162.33,166.9,161.45,162.33,237200.0
2021-04-15,162.31,163.86,153.72,158.15,137354.0
2021-04-16,158.84,162.13,155.44,159.67,198453.0
2021-04-19,156.48,159.27,154.1,157.04,116614.0
2021-04-20,157.85,164.18,156.68,157.92,146204.0
2021-04-22,157.95,160.56,157.14,158.2,75048.0
2021-04-23,159.01,174.32,158.63,169.46,1151947.0
2021-04-26,172.4,178.56,170.12,172.8,824499.0
2021-04-27,173.39,177.16,171.36,175.06,513120.0
2021-04-28,175.62,192.62,175.08,190.7,2653558.0
2021-04-29,193.28,195.76,182.48,184.69,1010574.0
2021-04-30,184.77,188.06,182.71,186.16,396504.0
2021-05-03,186.54,186.54,182.48,183.75,644085.0
2021-05-04,184.03,186.36,182.94,183.73,620651.0
2021-05-05,185.15,185.15,180.23,181.39,235468.0
2021-05-06,182.48,184.99,180.96,183.09,328812.0
2021-05-07,184.51,184.51,178.58,180.91,368964.0
2021-05-10,178.94,183.75,177.52,180.94,323213.0
2021-05-11,178.96,184.0,178.96,181.7,260293.0
2021-05-12,183.98,185.91,179.01,180.81,612712.0
2021-05-14,180.81,183.32,173.79,177.06,570783.0
2021-05-17,179.92,179.95,175.46,177.14,527518.0
2021-05-18,177.92,185.75,177.92,181.55,414584.0
2021-05-19,184.0,197.69,171.89,174.96,2669129.0
2021-05-20,179.7,179.7,168.7,169.1,1374916.0
2021-05-21,170.47,173.39,165.25,165.76,647928.0
2021-05-24,167.58,175.89,165.5,170.67,749548.0
2021-05-25,175.89,175.89,170.22,172.88,671041.0
2021-05-26,173.87,173.87,168.85,170.42,294703.0
2021-05-27,171.64,172.7,166.29,167.33,275464.0
2021-05-28,169.81,169.81,166.77,167.53,286125.0
2021-05-31,167.38,174.37,164.24,172.17,636080.0
2021-06-01,173.36,179.65,169.99,177.57,1579857.0
2021-06-02,178.23,204.18,177.52,187.88,6444691.0
2021-06-03,189.53,193.31,187.2,191.3,1144813.0
2021-06-04,191.61,206.82,189.61,203.06,3315685.0
2021-06-07,205.8,223.04,203.6,217.31,3078188.0
2021-06-08,220.35,228.05,213.56,224.63,2426249.0
2021-06-09,226.58,229.93,205.8,211.43,1107407.0
2021-06-10,218.98,220.4,211.38,215.46,1065947.0
2021-06-11,217.74,221.87,213.4,215.31,295602.0
2021-06-14,215.74,216.42,203.8,210.52,319281.0
2021-06-15,210.77,222.53,210.36,218.7,803207.0
2021-06-16,219.74,220.3,207.32,209.86,376237.0
2021-06-17,209.86,213.79,207.83,208.21,249104.0
2021-06-18,210.06,214.09,200.73,208.39,452323.0
2021-06-21,205.24,210.36,204.79,206.33,177776.0
2021-06-22,210.36,214.6,205.7,206.61,234853.0
2021-06-23,208.59,212.77,204.28,208.36,345549.0
2021-06-24,207.42,210.24,200.48,201.52,331063.0
2021-06-25,202.66,209.86,202.0,202.89,304622.0
2021-06-28,205.24,208.34,201.29,202.81,470027.0
2021-06-29,203.98,222.43,203.27,217.94,2572266.0
2021-06-30,219.69,221.92,211.4,218.75,707853.0
2021-07-01,219.94,228.61,215.61,226.03,1540410.0
2021-07-02,227.85,243.19,223.54,240.37,2730923.0
2021-07-05,242.3,256.95,241.56,253.7,2235525.0
2021-07-06,253.3,254.49,243.31,244.73,607557.0
2021-07-07,243.82,249.8,237.23,241.46,419161.0
2021-07-08,241.74,247.82,240.37,245.9,439153.0
2021-07-09,244.83,254.97,243.92,249.65,565073.0
2021-07-12,251.63,253.45,242.91,245.92,181919.0
2021-07-13,245.92,251.42,244.15,249.01,246362.0
2021-07-14,248.89,250.36,245.77,248.84,167563.0
2021-07-15,250.92,260.7,247.37,248.86,347348.0
2021-07-16,249.19,252.46,242.3,243.34,213917.0
2021-07-19,243.31,248.18,240.63,246.13,245395.0
2021-07-20,246.35,248.69,233.99,236.65,384912.0
2021-07-22,237.99,248.18,235.71,236.65,233332.0
2021-07-23,238.6,240.22,233.4,234.39,132846.0
2021-07-26,235.1,239.03,233.53,235.33,156541.0
2021-07-27,235.51,254.97,234.92,248.66,1181862.0
2021-07-28,254.46,274.23,254.34,258.92,4572355.0
2021-07-29,259.03,262.04,248.43,252.46,567240.0
2021-07-30,252.87,256.49,245.85,248.46,314525.0
2021-08-02,251.93,254.36,245.62,251.22,376859.0
2021-08-03,252.69,267.14,251.95,258.27,881872.0
2021-08-04,260.34,263.08,250.92,254.67,876480.0
2021-08-05,254.62,261.05,248.38,255.27,684470.0
2021-08-06,259.03,260.04,252.44,255.48,302321.0
2021-08-09,255.48,258.21,251.93,253.55,186076.0
2021-08-10,252.03,257.76,240.17,245.75,496750.0
2021-08-11,248.38,250.84,228.87,239.79,325760.0
2021-08-12,240.65,248.38,240.63,246.0,143616.0
2021-08-13,249.75,255.45,244.68,246.76,222953.0
2021-08-16,246.86,248.1,241.79,242.73,99360.0
2021-08-17,241.06,245.34,237.84,240.65,86131.0
2021-08-18,241.28,246.91,235.68,238.01,178843.0
2021-08-20,235.71,236.09,227.09,230.59,347670.0
2021-08-23,231.15,241.26,215.71,235.48,368628.0
2021-08-24,238.24,239.76,227.45,230.44,270939.0
2021-08-25,232.08,234.87,226.33,227.55,208636.0
2021-08-26,230.08,231.7,225.57,226.63,185334.0
2021-08-27,226.63,232.31,225.77,229.9,141915.0
2021-08-30,231.25,240.02,230.69,238.09,172434.0
2021-08-31,238.75,242.81,234.04,236.34,112888.0
2021-09-01,236.34,240.22,230.94,232.01,134553.0
2021-09-02,232.16,236.11,230.66,231.63,105494.0
2021-09-03,232.16,234.77,225.55,228.0,185482.0
2021-09-06,230.13,230.61,220.68,222.68,360587.0
2021-09-07,224.76,224.76,216.7,219.31,288325.0
2021-09-08,220.63,230.06,217.21,227.55,749001.0
2021-09-09,227.09,229.12,224.05,225.37,153006.0
2021-09-13,224.3,234.59,222.3,230.94,361079.0
2021-09-14,233.07,234.19,228.61,230.54,217496.0
2021-09-15,231.65,235.71,226.66,228.43,315239.0
2021-09-16,229.98,239.46,229.63,235.18,453710.0
2021-09-17,236.65,245.34,230.34,243.21,721887.0
2021-09-20,236.22,240.17,228.76,234.06,225642.0
2021-09-21,233.68,240.78,230.72,238.8,193132.0
2021-09-22,240.22,243.49,233.35,237.03,157096.0
2021-09-23,238.62,249.22,238.6,240.45,307384.0
2021-09-24,241.54,246.05,234.24,235.33,193422.0
2021-09-27,235.33,238.88,231.15,232.44,398443.0
2021-09-28,234.69,240.78,230.79,236.54,384456.0
2021-09-29,235.71,237.74,231.58,232.72,203844.0
2021-09-30,234.01,239.76,229.68,231.43,213817.0
2021-10-01,229.98,235.71,229.5,234.34,128563.0
2021-10-04,236.16,237.05,233.22,234.47,110047.0
2021-10-05,233.17,243.31,233.17,238.01,465928.0
2021-10-06,240.27,242.68,232.67,234.29,196245.0
2021-10-07,235.71,238.83,233.22,234.67,76093.0
2021-10-08,237.86,237.86,232.21,233.35,110917.0
2021-10-11,235.68,240.27,232.21,235.58,201023.0
2021-10-12,235.71,238.6,233.68,234.34,138928.0
2021-10-13,234.69,242.83,234.69,236.82,295924.0
2021-10-14,238.19,240.78,235.71,239.99,181284.0
2021-10-18,241.89,245.26,238.29,241.41,427650.0
2021-10-19,242.81,244.81,231.15,233.07,404813.0
2021-10-20,235.71,236.62,226.1,234.31,293067.0
2021-10-21,235.71,249.34,232.41,245.72,1568666.0
2021-10-22,248.38,260.55,248.38,255.81,1731761.0
2021-10-25,260.55,264.55,246.35,253.7,902783.0
2021-10-26,255.93,260.52,249.39,253.78,247403.0
2021-10-27,256.24,278.74,253.96,271.93,2181017.0
2021-10-28,273.68,286.4,250.97,254.79,1416162.0
2021-10-29,253.96,266.81,244.2,265.18,941601.0
2021-11-01,267.09,270.76,261.56,265.13,513799.0
2021-11-02,266.63,272.46,264.88,271.01,376038.0
2021-11-03,272.43,276.16,263.59,265.29,402825.0
2021-11-04,266.78,272.28,265.62,269.49,93489.0
2021-11-08,270.2,270.61,261.21,262.17,222392.0
2021-11-09,263.59,264.91,258.52,259.96,316295.0
2021-11-10,260.09,262.57,255.98,256.74,179230.0
2021-11-11,259.2,262.68,255.48,256.82,130422.0
2021-11-12,256.82,258.21,250.97,254.21,208853.0
2021-11-15,253.96,257.25,249.01,253.65,213659.0
2021-11-16,254.46,257.58,248.89,249.8,126460.0
2021-11-17,248.89,252.18,246.66,247.57,110976.0
2021-11-18,250.64,252.44,239.87,245.52,123854.0
2021-11-22,247.54,247.54,229.17,240.52,268258.0
2021-11-23,244.3,244.3,230.84,233.3,468822.0
2021-11-24,234.64,240.78,232.67,233.43,180672.0
2021-11-25,233.58,236.75,225.06,226.53,433314.0
2021-11-26,223.04,228.08,211.28,220.96,463821.0
2021-11-29,217.97,221.26,200.28,214.17,1097376.0
2021-11-30,215.94,220.5,211.4,216.4,444831.0
2021-12-01,218.47,219.74,207.88,208.84,286644.0
2021-12-02,209.35,216.45,206.56,212.85,358579.0
2021-12-03,215.46,221.36,212.39,216.19,426123.0
2021-12-06,217.46,219.74,209.6,210.77,368836.0
2021-12-07,212.39,216.65,211.88,215.15,106504.0
2021-12-08,217.21,217.59,214.17,215.74,160585.0
2021-12-09,217.66,219.87,214.95,215.74,141536.0
2021-12-10,216.95,217.59,210.87,212.92,192967.0
2021-12-13,214.14,214.52,210.49,211.71,124831.0
2021-12-14,210.39,217.97,209.88,215.64,295089.0
2021-12-15,217.84,219.46,212.9,213.3,134833.0
2021-12-16,215.94,216.55,208.34,210.34,131917.0
2021-12-17,208.51,212.06,205.29,207.85,158589.0
2021-12-20,207.83,208.61,198.5,202.0,325932.0
2021-12-21,202.79,212.39,202.28,205.88,107865.0
2021-12-22,206.84,209.65,205.37,206.08,56198.0
2021-12-23,206.69,211.45,204.79,205.12,95703.0
2021-12-24,204.81,207.3,202.58,203.5,113432.0
2021-12-27,202.86,204.18,201.29,202.46,137309.0
2021-12-28,202.79,206.38,201.95,202.76,168281.0
2021-12-29,203.6,216.45,203.6,211.2,334726.0
2021-12-30,212.75,212.75,207.85,208.59,104876.0
2021-12-31,210.87,211.43,206.21,206.76,144756.0
2022-01-03,206.94,212.29,206.92,210.79,90911.0
2022-01-04,214.42,214.42,208.34,208.89,123744.0
2022-01-05,211.35,212.54,207.88,209.43,192331.0
2022-01-06,208.84,211.66,206.23,207.07,192392.0
2022-01-07,207.32,210.79,202.84,203.47,317827.0
2022-01-10,206.71,206.71,203.22,203.67,167847.0
2022-01-11,205.14,206.13,200.99,201.44,232077.0
2022-01-12,203.77,204.79,202.38,203.27,268400.0
2022-01-13,205.19,225.27,203.77,223.01,2150929.0
2022-01-14,220.96,229.09,219.13,220.81,856076.0
2022-01-17,221.84,228.11,220.68,226.13,407640.0
2022-01-18,226.58,227.67,215.53,218.12,310370.0
2022-01-19,217.46,217.97,211.71,214.37,219098.0
2022-01-20,215.43,217.97,210.41,211.91,259116.0
2022-01-21,211.76,211.76,198.48,202.0,1094705.0
2022-01-24,199.21,202.25,187.55,189.05,401522.0
2022-01-25,188.57,200.25,185.55,192.06,276184.0
2022-01-27,192.12,194.83,189.07,190.54,196103.0
2022-01-28,193.13,196.6,187.55,188.82,237851.0
2022-01-31,197.16,197.16,191.05,193.05,113067.0
2022-02-01,193.71,194.45,190.14,190.82,123556.0
2022-02-02,192.62,194.14,190.85,192.47,156222.0
2022-02-03,194.6,194.6,187.93,189.5,135054.0
2022-02-04,190.09,191.41,186.54,187.58,163075.0
2022-02-07,185.58,189.56,182.94,183.88,206630.0
2022-02-08,186.01,186.72,177.92,178.86,192951.0
2022-02-09,180.91,180.96,171.08,173.77,576249.0
2022-02-10,176.38,176.38,168.8,169.94,355648.0
2022-02-11,168.34,169.28,163.22,165.45,373122.0
2022-02-14,165.25,165.25,154.71,156.1,385527.0
2022-02-15,158.63,163.98,152.1,161.02,362572.0
2022-02-16,162.21,168.77,160.08,163.73,335979.0
2022-02-17,163.83,165.65,161.14,161.95,225494.0
2022-02-18,161.19,164.74,160.54,163.86,110652.0
2022-02-21,165.25,165.25,159.67,160.26,124916.0
2022-02-22,157.6,165.05,154.53,163.93,316170.0
2022-02-23,163.93,165.0,157.19,158.28,218076.0
2022-02-24,154.6,156.63,145.71,151.39,961412.0
2022-02-25,154.66,159.9,154.66,158.2,131371.0
2022-02-28,158.66,160.66,154.05,156.58,195472.0
2022-03-02,156.63,162.21,156.63,160.86,172138.0
2022-03-03,162.39,163.78,157.11,158.08,115588.0
2022-03-04,156.63,162.21,155.49,157.39,244543.0
2022-03-07,155.11,161.19,151.18,158.0,200325.0
2022-03-08,158.41,161.68,154.98,158.84,187938.0
2022-03-09,159.55,167.96,158.05,165.76,267366.0
2022-03-10,168.29,172.85,166.09,167.91,292633.0
2022-03-11,166.77,170.55,165.15,168.39,170619.0
2022-03-14,170.32,170.32,164.16,165.05,257681.0
2022-03-15,166.62,166.74,161.6,162.97,158327.0
2022-03-16,165.0,170.24,164.74,167.63,239648.0
2022-03-17,167.81,170.19,167.28,167.96,189287.0
2022-03-21,169.71,173.0,167.71,168.04,225869.0
2022-03-22,170.55,173.18,168.09,171.61,159163.0
2022-03-23,172.35,175.89,170.83,172.47,307881.0
2022-03-24,175.89,175.89,165.76,167.76,194464.0
2022-03-25,168.39,169.81,166.39,166.9,149992.0
2022-03-28,167.38,169.0,158.76,160.61,211012.0
2022-03-29,161.17,163.8,154.71,155.52,262170.0
2022-03-30,156.63,162.21,156.51,160.41,287482.0
2022-03-31,161.52,165.76,160.71,162.33,243724.0
2022-04-01,163.98,170.19,163.55,168.42,149881.0
2022-04-04,168.82,172.3,165.73,168.21,197991.0
2022-04-05,169.91,173.06,167.56,171.86,393178.0
2022-04-06,171.71,177.42,170.83,175.44,294032.0
2022-04-07,175.44,178.28,169.08,170.77,279932.0
2022-04-08,170.8,175.84,170.8,172.4,166918.0
2022-04-11,174.98,175.69,172.37,173.51,124612.0
2022-04-12,171.36,172.42,164.92,167.94,168806.0
2022-04-13,169.71,170.8,167.18,170.34,169702.0
2022-04-18,167.43,171.08,163.02,164.54,193477.0
2022-04-19,165.2,171.33,165.2,166.87,174239.0
2022-04-20,165.71,167.91,165.12,167.38,74379.0
2022-04-21,167.78,178.15,167.78,174.65,1396689.0
2022-04-22,173.87,179.44,172.45,174.8,760175.0
2022-04-25,174.12,174.12,164.24,165.0,366216.0
2022-04-26,167.38,167.38,164.92,166.14,131284.0
2022-04-27,163.48,164.97,162.49,163.22,144570.0
2022-04-28,164.72,166.74,158.84,159.93,304322.0
2022-04-29,162.28,163.6,158.18,158.94,143620.0
2022-05-02,156.13,160.97,156.13,159.14,137751.0
2022-05-04,161.7,162.18,154.6,157.06,141286.0
2022-05-05,161.6,161.6,153.08,153.69,174071.0
2022-05-06,152.07,156.07,148.52,149.61,309380.0
2022-05-09,147.61,153.84,147.03,150.55,297247.0
2022-05-10,152.07,153.77,148.01,148.75,75417.0
2022-05-11,149.59,152.96,144.62,145.86,179680.0
2022-05-12,145.96,148.85,142.97,146.57,155166.0
2022-05-13,149.48,152.02,146.49,147.08,86050.0
2022-05-16,149.54,149.54,145.48,146.9,73268.0
2022-05-17,148.98,151.56,147.08,149.48,92308.0
2022-05-18,152.53,154.55,149.59,150.73,206543.0
2022-05-19,147.0,149.0,144.85,145.86,90418.0
2022-05-20,148.04,149.76,147.13,147.79,76249.0
2022-05-23,149.54,153.89,149.13,150.55,97265.0
2022-05-24,150.55,152.65,149.54,149.81,51704.0
2022-05-25,152.07,152.07,147.51,149.54,141390.0
2022-05-26,150.04,152.42,144.49,147.61,133150.0
2022-05-27,149.81,152.07,142.13,146.22,522325.0
2022-05-30,145.99,152.07,141.98,149.51,246013.0
2022-05-31,144.54,151.74,144.54,149.79,504020.0
2022-06-01,151.56,151.79,147.46,149.36,62051.0
2022-06-02,149.36,151.31,146.75,147.76,110538.0
2022-06-03,149.97,150.27,146.65,148.22,108033.0
2022-06-06,148.22,149.99,145.94,146.62,93704.0
2022-06-07,148.09,148.09,143.45,144.59,111252.0
2022-06-08,146.77,146.77,142.21,142.62,72578.0
2022-06-09,142.54,143.25,140.16,140.72,132965.0
2022-06-10,140.16,143.43,139.9,141.25,104215.0
2022-06-13,139.4,143.22,138.76,140.26,101741.0
2022-06-14,140.26,143.4,136.91,139.42,55070.0
2022-06-15,141.43,141.43,138.89,139.25,105028.0
2022-06-16,140.92,140.92,134.48,135.39,71728.0
2022-06-17,134.35,135.37,129.79,130.75,75906.0
2022-06-20,131.79,132.88,126.73,128.63,62379.0
2022-06-21,127.69,134.73,127.69,134.15,77642.0
2022-06-22,133.82,139.88,132.48,137.52,86312.0
2022-06-23,139.52,140.39,136.36,139.09,61955.0
2022-06-24,139.9,140.31,136.36,138.76,76407.0
2022-06-27,140.39,140.41,136.38,136.84,68987.0
2022-06-28,136.86,137.55,134.71,136.81,35188.0
2022-06-29,134.91,136.71,134.91,135.95,19627.0
2022-06-30,137.95,137.95,133.54,134.2,31049.0
2022-07-01,134.58,135.95,133.04,133.95,41854.0
2022-07-04,132.81,136.86,132.81,135.34,57758.0
2022-07-05,137.32,138.51,135.49,136.41,67754.0
2022-07-06,136.41,137.37,132.91,135.67,34511.0
2022-07-07,135.85,140.89,135.34,139.12,73499.0
2022-07-08,140.51,145.84,138.38,144.97,271668.0
2022-07-11,144.97,147.86,143.28,144.57,94063.0
2022-07-12,144.47,146.52,137.62,139.19,151493.0
2022-07-13,139.9,143.96,139.02,143.35,131311.0
2022-07-14,144.92,145.45,140.01,140.92,51994.0
2022-07-15,140.92,143.02,138.79,140.16,74294.0
2022-07-18,143.45,146.16,139.4,140.59,361085.0
2022-07-19,141.37,148.88,139.4,146.52,439047.0
2022-07-20,147.99,150.02,145.84,148.55,181564.0
2022-07-21,147.53,150.9,143.96,146.01,202302.0
2022-07-22,147.63,147.63,144.47,145.86,67514.0
2022-07-25,145.86,149.43,142.49,144.54,92426.0
2022-07-26,144.39,146.49,142.49,146.04,83045.0
2022-07-27,147.46,147.46,141.78,142.97,94740.0
2022-07-28,144.39,147.33,143.45,143.96,130063.0
2022-07-29,147.0,148.01,138.38,142.82,1076664.0
2022-08-01,141.43,143.07,136.86,138.87,391331.0
2022-08-02,138.84,141.88,138.66,141.4,357695.0
2022-08-03,141.93,148.01,141.93,145.0,800386.0
2022-08-04,145.91,147.53,143.96,144.95,102819.0
2022-08-05,146.09,150.04,145.07,148.12,413089.0
2022-08-08,150.3,160.26,149.54,152.04,375131.0
2022-08-10,155.62,155.62,150.75,151.39,329897.0
2022-08-11,152.07,156.07,152.07,154.68,316940.0
2022-08-12,157.14,158.63,151.84,153.06,233365.0
2022-08-16,154.1,154.76,147.41,150.83,301104.0
2022-08-17,152.53,162.06,150.32,156.78,739982.0
2022-08-18,157.75,159.19,155.87,157.24,336376.0
2022-08-19,157.82,160.51,156.63,159.75,700155.0
2022-08-22,159.8,159.83,155.34,157.42,209202.0
2022-08-23,155.62,160.41,155.06,158.79,699080.0
2022-08-24,158.63,161.57,157.19,158.36,353793.0
2022-08-25,158.66,169.08,158.63,167.76,791870.0
2022-08-26,169.81,174.63,168.75,171.15,511730.0
2022-08-29,160.18,167.66,160.18,164.57,252262.0
2022-08-30,165.65,167.94,164.29,164.95,325896.0
2022-09-01,164.74,167.43,162.01,165.68,143766.0
2022-09-02,166.26,167.33,164.29,165.98,218295.0
2022-09-05,166.77,168.21,163.22,164.44,197378.0
2022-09-06,164.44,165.33,161.45,162.23,598666.0
2022-09-07,163.22,168.8,161.85,166.87,165833.0
2022-09-08,169.3,169.3,164.46,167.12,147527.0
2022-09-09,169.05,169.05,163.22,164.29,96711.0
2022-09-12,166.26,172.35,165.17,168.44,377188.0
2022-09-13,168.44,169.56,164.74,165.1,133138.0
2022-09-14,164.39,169.81,164.39,166.8,268159.0
2022-09-15,168.39,168.39,163.73,167.05,175454.0
2022-09-16,167.02,171.33,159.57,162.54,688309.0
2022-09-19,164.74,167.05,160.61,162.94,238162.0
2022-09-20,162.03,165.33,162.03,164.84,132799.0
2022-09-21,164.84,165.48,161.19,161.85,166545.0
2022-09-22,164.74,168.8,157.16,158.51,528853.0
2022-09-23,159.14,160.13,153.59,154.6,411086.0
2022-09-26,153.59,153.59,147.51,148.83,126443.0
2022-09-27,147.76,154.07,146.54,152.65,189036.0
2022-09-28,152.58,156.07,150.55,154.17,102824.0
2022-09-29,155.11,160.69,154.55,157.77,372306.0
2022-09-30,159.27,188.57,157.54,169.86,6576032.0
2022-10-03,172.35,176.91,170.04,171.28,679281.0
2022-10-04,174.2,174.58,168.7,169.74,319327.0
2022-10-06,169.86,172.85,168.57,169.43,414417.0
2022-10-07,168.29,169.51,166.34,167.3,114344.0
2022-10-10,165.98,165.98,163.15,163.58,87074.0
2022-10-11,164.36,164.49,160.56,161.04,83231.0
2022-10-12,161.27,163.45,158.66,159.39,73688.0
2022-10-13,159.22,164.74,157.65,160.59,89967.0
2022-10-14,162.61,163.5,160.76,161.65,62116.0
2022-10-17,163.27,164.13,158.66,159.12,98027.0
2022-10-18,160.66,172.3,152.5,165.38,787324.0
2022-10-19,165.38,166.04,162.21,164.39,156356.0
2022-10-20,164.39,164.39,160.71,161.78,67944.0
2022-10-21,163.22,163.22,159.24,160.33,82115.0
2022-10-24,160.99,166.97,155.06,162.18,92769.0
2022-10-25,161.73,162.39,158.56,158.84,91818.0
2022-10-27,160.43,161.6,155.62,156.48,122161.0
2022-10-28,156.63,157.65,153.95,155.14,109224.0
2022-10-31,156.13,156.68,152.35,152.75,125697.0
2022-11-01,152.58,156.68,152.58,153.44,98934.0
2022-11-02,153.64,159.29,153.46,158.03,95677.0
2022-11-03,158.03,165.58,158.03,160.23,180274.0
2022-11-04,161.19,167.23,160.94,164.82,257253.0
2022-11-07,166.77,167.2,160.23,161.45,175756.0
2022-11-09,162.97,164.74,161.7,162.44,154675.0
2022-11-10,163.22,164.18,160.74,161.93,70495.0
2022-11-11,164.24,164.84,159.72,160.64,213283.0
2022-11-14,161.57,164.69,160.21,163.12,111046.0
2022-11-15,164.72,166.21,163.32,164.59,104955.0
2022-11-16,162.94,165.02,161.73,162.82,85056.0
2022-11-17,163.22,165.55,162.26,164.62,126656.0
2022-11-18,166.72,167.28,164.74,165.25,99307.0
2022-11-21,166.09,166.16,163.96,165.35,64557.0
2022-11-22,163.86,165.65,163.2,163.42,58976.0
2022-11-23,164.18,164.62,161.3,161.98,385377.0
2022-11-24,162.23,163.25,161.7,162.41,371747.0
2022-11-25,163.22,163.22,160.76,161.27,69940.0
2022-11-28,161.73,166.01,161.73,163.98,199881.0
2022-11-29,164.49,165.1,161.7,162.18,169976.0
2022-11-30,162.18,164.24,161.24,161.52,137393.0
2022-12-01,162.33,166.57,161.45,164.89,197210.0
2022-12-02,165.76,176.4,162.74,175.11,548867.0
2022-12-05,176.0,176.35,171.99,173.21,199832.0
2022-12-06,173.26,173.51,170.09,170.42,92892.0
2022-12-07,171.05,171.05,167.56,169.46,120128.0
2022-12-08,167.43,168.8,167.43,167.96,79472.0
2022-12-09,168.06,171.84,167.56,170.88,170366.0
2022-12-12,171.33,171.36,168.8,169.86,128299.0
2022-12-13,170.62,171.76,169.41,170.75,118427.0
2022-12-14,170.85,173.82,170.22,172.9,244835.0
2022-12-15,172.35,174.37,171.66,173.69,302080.0
2022-12-16,176.4,185.12,173.99,176.65,728924.0
2022-12-19,177.42,182.99,174.58,180.89,356488.0
2022-12-20,182.48,191.61,179.75,187.2,1134872.0
2022-12-21,191.51,192.62,181.47,184.44,635224.0
2022-12-22,184.31,185.83,176.63,178.05,368072.0
2022-12-23,176.38,179.11,169.41,171.41,285141.0
2022-12-26,168.8,175.44,168.8,171.74,164052.0
2022-12-27,175.39,177.42,173.46,174.65,192891.0
2022-12-28,174.65,179.54,174.65,178.07,123608.0
2022-12-29,177.95,182.99,176.05,181.75,170777.0
2022-12-30,182.61,183.68,180.99,181.83,110186.0
2023-01-02,181.88,183.85,180.38,181.83,74958.0
2023-01-03,182.48,189.99,181.83,188.31,355285.0
2023-01-04,188.34,191.18,185.63,187.27,243607.0
2023-01-05,189.18,190.06,183.52,188.21,272047.0
2023-01-06,189.07,189.61,185.02,186.31,123249.0
2023-01-09,189.61,191.33,186.59,187.12,239191.0
2023-01-10,188.95,188.95,183.24,184.18,156062.0
2023-01-11,185.09,186.79,180.84,181.22,143377.0
2023-01-12,182.48,183.47,181.52,181.98,71444.0
2023-01-13,185.02,186.03,181.72,182.76,232124.0
2023-01-16,185.53,187.4,181.72,185.47,615227.0
2023-01-17,187.55,188.06,184.31,186.54,378966.0
2023-01-18,186.54,186.84,182.43,184.18,426971.0
2023-01-19,184.11,186.03,176.4,178.18,705143.0
2023-01-20,174.9,194.0,161.35,186.85,2288576.0
2023-01-23,189.0,189.0,170.8,172.95,899409.0
2023-01-24,170.0,174.9,168.35,173.55,291660.0
2023-01-25,171.2,174.35,168.55,171.1,198609.0
2023-01-27,172.15,172.8,167.0,168.9,137378.0
2023-01-30,168.1,170.45,156.3,157.6,268520.0
2023-01-31,158.65,158.65,151.1,153.65,321112.0
2023-02-01,154.0,159.15,152.3,155.25,189583.0
2023-02-02,157.0,160.5,155.15,157.0,123461.0
2023-02-03,158.65,158.65,145.0,147.3,316667.0
2023-02-06,149.6,151.25,142.6,143.15,223882.0
2023-02-07,143.0,146.0,139.5,144.6,271197.0
2023-02-08,144.95,152.85,142.5,151.0,239757.0
2023-02-09,152.2,158.7,151.25,157.05,241488.0
2023-02-10,158.4,159.4,154.0,154.5,93173.0
2023-02-13,154.95,157.7,151.05,156.45,108658.0
2023-02-14,156.95,156.95,150.65,152.25,56244.0
2023-02-15,152.5,156.85,151.95,154.0,68708.0
2023-02-16,154.95,155.95,150.6,151.85,47431.0
2023-02-17,151.05,155.6,151.0,154.45,70373.0
2023-02-20,155.45,155.45,150.1,150.85,73549.0
2023-02-21,150.85,152.0,149.7,151.0,64779.0
2023-02-22,150.55,155.0,145.8,148.85,117880.0
2023-02-23,148.25,150.05,146.15,149.25,67172.0
2023-02-24,148.0,150.1,147.0,147.8,29504.0
2023-02-27,141.0,146.35,141.0,141.85,178844.0
2023-02-28,141.85,147.8,141.15,143.35,189093.0
2023-03-01,144.0,146.6,143.5,144.85,93261.0
2023-03-02,144.85,146.2,143.1,143.45,162401.0
2023-03-03,144.85,146.15,143.5,144.2,221728.0
2023-03-06,145.0,145.9,143.1,144.95,92245.0
2023-03-08,145.9,146.4,140.75,142.1,184872.0
2023-03-09,142.5,144.95,140.2,142.0,151605.0
2023-03-10,143.4,143.75,141.15,143.0,92009.0
2023-03-13,142.0,144.0,141.5,141.75,81627.0
2023-03-14,143.1,143.1,139.95,141.15,70654.0
2023-03-15,142.45,142.7,137.2,137.8,98961.0
2023-03-16,138.2,141.1,137.2,138.4,76042.0
2023-03-17,140.1,141.2,135.15,137.25,122414.0
2023-03-20,144.0,144.9,136.1,140.75,272001.0
2023-03-21,142.45,144.0,139.05,142.65,260064.0
2023-03-22,141.3,148.75,141.3,146.75,253819.0
2023-03-23,147.0,148.0,143.6,145.85,135485.0
2023-03-24,145.8,148.45,143.95,147.95,158737.0
2023-03-27,148.0,151.3,145.3,147.25,169265.0
2023-03-28,146.35,148.9,146.35,147.25,157519.0
2023-03-29,148.7,151.45,147.0,147.75,223251.0
2023-03-31,147.1,149.65,142.25,146.45,237074.0
2023-04-03,145.4,158.0,144.45,155.7,333921.0
2023-04-05,156.35,175.75,155.85,169.4,789585.0
2023-04-06,167.6,176.2,162.75,174.1,517427.0
2023-04-10,172.95,172.95,164.75,165.6,236403.0
2023-04-11,165.9,168.5,162.7,166.4,206663.0
2023-04-12,168.0,171.15,165.4,166.45,123963.0
2023-04-13,167.2,167.2,163.05,165.75,97301.0
2023-04-17,165.75,172.4,165.05,168.85,223708.0
2023-04-18,169.7,169.85,165.1,168.55,135287.0
2023-04-19,171.0,172.05,166.05,167.35,161928.0
2023-04-20,167.4,171.0,167.4,168.65,89104.0
2023-04-21,169.95,176.4,167.55,170.4,644763.0
2023-04-24,171.75,172.25,167.0,169.55,118640.0
2023-04-25,170.8,170.8,166.55,167.5,92314.0
2023-04-26,167.5,168.5,165.4,166.85,75512.0
2023-04-27,166.8,168.15,165.1,166.4,71752.0
2023-04-28,167.15,170.05,166.0,169.15,124930.0
2023-05-02,170.95,171.95,168.05,170.0,76689.0
2023-05-03,170.0,173.0,168.75,171.85,172872.0
2023-05-04,174.9,174.9,168.95,171.3,173034.0
2023-05-05,173.0,173.2,167.9,169.95,136021.0
2023-05-08,172.8,179.65,171.25,176.2,429772.0
2023-05-09,176.5,189.0,176.5,185.55,736886.0
2023-05-10,185.55,186.35,181.6,182.85,182868.0
2023-05-11,181.5,185.65,180.0,184.55,196236.0
2023-05-12,185.25,192.4,183.5,188.3,393647.0
2023-05-15,189.0,192.2,187.05,190.95,186621.0
2023-05-16,193.0,193.45,188.0,191.4,157546.0
2023-05-17,191.0,198.0,189.5,194.8,328424.0
2023-05-18,195.55,199.65,190.0,193.1,238757.0
2023-05-19,194.5,198.95,191.45,197.6,166507.0
2023-05-22,190.0,199.0,190.0,192.95,373188.0
2023-05-23,193.65,196.9,191.05,192.0,142473.0
2023-05-24,192.0,195.65,189.0,189.9,220197.0
2023-05-25,189.2,206.0,189.1,200.65,1396015.0
2023-05-26,209.0,215.65,194.8,200.4,1981660.0
2023-05-29,204.9,214.7,203.1,204.1,1213065.0
2023-05-30,205.0,217.6,203.3,212.45,959902.0
2023-05-31,215.3,218.9,213.05,215.75,335003.0
2023-06-01,215.45,216.55,208.2,209.3,301909.0
2023-06-02,210.7,210.85,206.35,208.2,247771.0
2023-06-05,208.55,212.1,202.65,203.65,317685.0
2023-06-06,203.0,209.7,203.0,206.85,222991.0
2023-06-07,208.0,214.7,208.0,212.6,353523.0
2023-06-08,214.6,214.6,206.6,208.25,202383.0
2023-06-09,210.5,213.95,208.3,210.95,169743.0
2023-06-12,210.95,216.95,210.2,211.7,295749.0
2023-06-13,213.0,220.9,212.1,218.3,313388.0
2023-06-14,221.0,222.65,217.15,220.15,226466.0
2023-06-15,221.9,221.9,208.75,212.2,391097.0
2023-06-16,213.0,216.75,211.5,212.3,228637.0
2023-06-19,215.95,215.95,211.0,214.0,133821.0
2023-06-20,213.9,215.35,211.0,214.95,116381.0
2023-06-21,216.0,216.95,212.75,213.35,175719.0
2023-06-22,215.5,218.65,210.1,214.0,294603.0
2023-06-23,215.0,215.0,209.45,213.5,128130.0
2023-06-26,212.45,215.8,209.1,211.35,202243.0
2023-06-27,212.8,213.95,208.2,210.9,128257.0
2023-06-28,211.8,213.4,210.0,210.0,82608.0
2023-06-30,213.4,213.4,210.0,210.55,79304.0
2023-07-03,212.8,219.7,209.85,216.5,437615.0
2023-07-04,217.6,218.05,214.2,216.9,201829.0
2023-07-05,218.75,220.9,213.55,215.5,238610.0
2023-07-06,215.0,221.3,215.0,218.0,202456.0
2023-07-07,215.75,219.7,214.95,216.0,131391.0
2023-07-10,216.95,227.0,213.0,226.1,346681.0
2023-07-11,225.7,227.85,219.5,220.0,289832.0
2023-07-12,221.5,222.7,216.05,218.4,143885.0
2023-07-13,218.95,222.1,215.25,216.0,86110.0
2023-07-14,218.35,224.9,217.7,222.0,183241.0
2023-07-17,223.45,223.8,220.1,222.9,135816.0
2023-07-18,222.35,241.95,222.0,241.5,885933.0
2023-07-19,241.0,242.8,234.8,237.05,472673.0
2023-07-20,238.8,249.9,238.8,246.4,714464.0
2023-07-21,247.2,270.0,244.75,269.0,1311014.0
2023-07-24,268.8,287.35,268.8,277.3,1480936.0
2023-07-25,277.8,278.0,263.5,266.55,523532.0
2023-07-26,266.0,276.45,264.3,271.0,276697.0
2023-07-27,273.3,276.5,271.1,272.6,119408.0
2023-07-28,273.0,273.0,261.75,264.55,289533.0
2023-07-31,264.95,279.9,243.4,246.8,1192063.0
2023-08-01,246.8,255.8,243.35,253.0,452746.0
2023-08-02,254.0,255.9,239.4,249.0,332776.0
2023-08-03,253.9,253.9,245.4,249.9,217291.0
2023-08-04,252.95,255.45,248.3,251.5,213875.0
2023-08-07,254.45,254.45,242.4,244.5,255816.0
2023-08-08,244.9,252.0,244.7,249.6,194652.0
2023-08-09,248.65,252.9,247.4,247.5,163343.0
2023-08-10,249.2,252.05,248.55,250.0,100503.0
2023-08-11,249.0,252.9,243.55,249.45,152134.0
2023-08-14,248.8,248.9,243.3,248.7,85340.0
2023-08-16,246.75,256.8,246.75,252.85,226866.0
2023-08-17,252.6,255.35,248.2,249.35,112722.0
2023-08-18,248.0,254.0,243.75,252.55,274265.0
2023-08-21,253.65,258.8,248.45,251.0,188682.0
2023-08-22,251.95,260.9,251.35,252.5,371042.0
2023-08-23,253.1,255.6,250.1,252.2,172083.0
2023-08-24,252.95,255.1,245.6,247.4,166092.0
2023-08-25,245.95,254.55,238.0,248.2,439011.0
2023-08-28,250.15,258.4,250.0,250.3,431605.0
2023-08-29,251.05,255.5,249.45,252.45,208939.0
2023-08-30,252.95,254.7,250.3,251.5,166450.0
2023-08-31,251.55,258.95,247.85,252.0,321602.0
2023-09-01,253.55,258.0,250.8,255.0,316418.0
2023-09-04,260.0,264.95,252.7,256.4,635457.0
2023-09-05,257.15,259.05,250.5,254.05,204233.0
2023-09-06,257.85,257.85,250.55,252.95,134564.0
2023-09-07,254.65,258.5,251.15,256.65,202140.0
2023-09-08,259.3,279.4,258.95,271.95,2704437.0
2023-09-11,260.0,261.5,252.0,253.2,1905864.0
2023-09-12,253.0,256.2,218.25,223.35,2399108.0
2023-09-13,219.0,237.6,218.0,235.35,1709433.0
2023-09-14,236.5,241.15,235.4,237.05,408859.0
2023-09-15,237.65,241.9,235.4,237.9,352047.0
2023-09-18,237.45,244.3,236.95,243.0,370380.0
2023-09-20,242.0,244.9,237.5,238.1,403651.0
2023-09-21,238.1,241.1,234.1,235.4,253845.0
2023-09-22,235.4,237.55,230.5,234.5,221839.0
2023-09-25,235.8,235.9,229.3,233.9,210662.0
2023-09-26,234.55,237.5,232.5,236.15,222638.0
2023-09-27,236.6,238.5,230.35,232.05,392156.0
2023-09-28,235.55,235.9,231.0,234.0,179177.0
2023-09-29,231.0,236.0,227.0,231.15,171096.0
2023-10-03,230.9,233.05,227.05,229.3,244421.0
2023-10-04,229.0,232.7,226.1,228.6,211432.0
2023-10-05,229.6,233.45,228.8,229.75,167941.0
2023-10-06,230.45,233.9,230.35,231.9,135645.0
2023-10-09,230.35,234.55,226.5,228.5,252447.0
2023-10-10,229.0,232.65,227.2,230.25,260807.0
2023-10-11,230.25,239.7,230.0,236.7,781723.0
2023-10-12,236.0,238.55,233.05,234.1,211816.0
2023-10-13,234.05,240.9,229.8,239.15,705084.0
2023-10-16,240.45,247.8,238.95,244.95,680500.0
2023-10-17,246.0,262.0,244.0,254.2,1494808.0
2023-10-18,255.0,257.95,243.2,251.65,1480061.0
2023-10-19,254.0,254.0,240.85,241.45,668303.0
2023-10-20,241.9,247.3,235.35,237.0,763429.0
2023-10-23,237.4,239.55,215.2,217.55,876256.0
2023-10-25,221.45,224.15,214.4,216.3,485229.0
2023-10-26,216.3,217.75,209.3,212.2,804077.0
2023-10-27,213.85,228.0,213.8,224.85,626550.0
2023-10-30,223.15,224.55,215.5,216.2,296199.0
2023-10-31,216.75,231.0,216.15,224.2,1323055.0
2023-11-01,224.4,227.95,217.2,220.55,210153.0
2023-11-02,222.0,223.9,219.1,221.1,222786.0
2023-11-03,220.6,229.15,220.6,226.9,268356.0
2023-11-06,228.9,229.6,224.25,225.55,189332.0
2023-11-07,226.5,229.05,224.35,227.1,188851.0
2023-11-08,226.4,228.3,225.15,226.0,124071.0
2023-11-09,226.5,229.45,223.35,227.1,194247.0
2023-11-10,224.05,231.1,224.05,228.95,178099.0
2023-11-12,229.8,232.0,229.8,230.75,70847.0
2023-11-13,231.3,239.5,225.0,238.45,632175.0
2023-11-15,237.3,239.6,234.1,235.85,318842.0
2023-11-16,236.05,237.35,231.5,235.7,260970.0
2023-11-17,234.8,241.7,232.55,238.85,439828.0
2023-11-20,240.0,245.4,239.05,242.5,446134.0
2023-11-21,241.65,245.65,239.35,239.6,234344.0
2023-11-22,241.05,245.5,234.2,244.05,426636.0
2023-11-23,247.55,249.9,242.4,244.2,340474.0
2023-11-24,245.05,245.15,239.0,240.2,166941.0
2023-11-28,240.45,243.75,238.15,242.0,259762.0
2023-11-29,242.5,246.0,240.5,244.15,340014.0
2023-11-30,245.0,245.5,237.4,238.25,315124.0
2023-12-01,240.0,244.05,234.95,238.65,315436.0
2023-12-04,240.1,244.5,238.7,241.2,320699.0
2023-12-05,242.0,243.5,236.8,238.8,208324.0
2023-12-06,237.0,240.65,236.65,237.45,176690.0
2023-12-07,237.45,239.0,234.5,235.55,232521.0
2023-12-08,237.3,238.45,232.25,234.45,206201.0
2023-12-11,235.4,239.7,233.9,238.9,213117.0
2023-12-12,243.05,243.65,236.5,237.3,470685.0
2023-12-13,238.15,239.05,235.1,236.5,194579.0
2023-12-14,238.3,241.25,236.05,237.3,234300.0
2023-12-15,237.3,240.1,235.85,236.5,329871.0
2023-12-18,237.25,244.0,236.6,239.25,548797.0
2023-12-19,239.9,248.55,239.85,246.95,922528.0
2023-12-20,263.3,269.4,243.0,248.3,4076956.0
2023-12-21,249.6,270.0,245.75,266.05,1828454.0
2023-12-22,270.0,277.5,267.6,270.45,1984541.0
2023-12-26,271.4,305.9,271.0,303.4,7244313.0
2023-12-27,309.4,314.9,298.0,300.4,3541157.0
2023-12-28,302.4,307.8,301.0,303.55,728584.0
2023-12-29,304.6,307.2,301.0,303.3,483412.0
2024-01-01,304.5,312.5,303.0,304.35,402989.0
2024-01-02,304.95,308.95,291.0,302.1,599796.0
2024-01-03,302.75,303.25,293.0,296.2,326689.0
2024-01-04,297.4,304.95,294.0,302.95,469495.0
2024-01-05,302.95,308.8,296.65,298.1,659699.0
2024-01-08,299.5,305.45,287.8,302.5,1183707.0
2024-01-09,305.25,308.7,300.9,303.0,666035.0
2024-01-10,304.0,307.95,300.45,304.7,393878.0
2024-01-11,309.0,314.0,304.2,308.75,981464.0
2024-01-12,311.0,311.15,306.05,307.95,410954.0
2024-01-15,309.9,312.05,305.0,307.0,474414.0
2024-01-16,308.15,328.3,305.9,323.95,2975516.0
2024-01-17,322.95,326.8,314.5,318.3,1063114.0
2024-01-18,318.7,323.2,307.5,318.05,687787.0
2024-01-19,319.4,325.5,319.1,322.15,516149.0
2024-01-20,323.8,331.5,323.25,325.9,501211.0
2024-01-23,327.45,327.45,310.1,312.2,629122.0
2024-01-24,313.4,328.8,313.1,322.75,820874.0
2024-01-25,323.7,336.95,323.7,327.4,1008499.0
2024-01-29,331.1,342.7,322.15,338.25,1175848.0
2024-01-30,342.0,342.0,318.0,325.75,1637915.0
2024-01-31,328.0,332.0,322.0,322.6,488647.0
2024-02-01,312.35,323.0,312.35,318.15,441749.0
2024-02-02,319.6,322.65,315.0,315.45,364946.0
2024-02-05,316.0,319.9,314.35,315.25,320745.0
2024-02-06,316.6,320.2,315.45,316.5,190581.0
2024-02-07,319.8,324.0,313.15,316.7,419765.0
2024-02-08,318.15,320.95,312.0,314.3,305603.0
2024-02-09,316.65,336.0,311.8,326.4,1774281.0
2024-02-12,328.7,335.0,316.95,321.65,718258.0
2024-02-13,323.15,323.5,312.1,315.5,277327.0
2024-02-14,310.0,321.65,310.0,319.3,215163.0
2024-02-15,320.0,328.0,317.8,319.7,392348.0
2024-02-16,323.0,325.7,316.2,317.25,281401.0
2024-02-19,319.5,329.0,316.3,319.85,508804.0
2024-02-20,320.8,327.5,318.4,324.5,245850.0
2024-02-21,326.4,328.75,319.25,321.6,362283.0
2024-02-22,323.7,324.0,314.55,320.3,291159.0
2024-02-23,320.65,322.7,316.7,318.95,174816.0
2024-02-26,320.75,335.0,317.5,331.2,1193198.0
2024-02-27,333.35,348.0,329.25,346.3,2170569.0
2024-02-28,348.0,355.0,327.95,332.4,1849009.0
2024-02-29,333.25,334.85,327.1,331.7,442726.0
2024-03-01,335.0,354.5,335.0,344.25,2136278.0
2024-03-02,344.85,350.0,344.85,347.35,78367.0
2024-03-04,349.95,349.95,338.55,340.45,399273.0
2024-03-05,340.45,346.65,335.75,344.45,471131.0
2024-03-06,344.6,344.6,328.65,331.3,555172.0
2024-03-07,335.0,339.9,329.9,336.05,428616.0
2024-03-11,348.9,351.2,332.1,336.25,444523.0
2024-03-12,336.25,336.3,322.3,325.9,347977.0
2024-03-13,327.65,327.65,305.95,308.9,640190.0
2024-03-14,308.9,325.0,308.05,322.7,332275.0
2024-03-15,322.95,330.5,317.0,328.2,264347.0
2024-03-18,328.3,330.55,322.05,325.05,191806.0
2024-03-19,324.7,328.25,316.4,325.8,222553.0
2024-03-20,328.1,328.1,320.0,324.6,140423.0
2024-03-21,328.0,329.9,320.8,327.8,147837.0
2024-03-22,326.0,339.45,324.0,337.95,325948.0
2024-03-26,338.0,342.9,332.0,339.35,348759.0
2024-03-27,341.0,345.0,334.0,335.2,355080.0
2024-03-28,335.2,339.9,332.1,337.85,214574.0
2024-04-01,339.2,341.6,334.1,338.75,357715.0
2024-04-02,339.8,350.55,335.0,341.65,1028445.0
2024-04-03,339.95,345.1,336.0,338.3,425090.0
2024-04-04,341.9,342.0,320.0,324.05,1053344.0
2024-04-05,326.0,330.05,322.1,323.55,543997.0
2024-04-08,325.0,326.6,309.2,310.6,724944.0
2024-04-09,313.75,316.8,310.5,311.6,371246.0
2024-04-10,312.0,314.0,307.05,308.8,308543.0
2024-04-12,309.05,313.65,305.4,306.85,616503.0
2024-04-15,306.8,311.55,296.4,299.3,735246.0
2024-04-16,298.7,305.0,297.95,300.75,360471.0
2024-04-18,301.5,311.65,301.5,310.0,483688.0
2024-04-19,301.0,315.95,301.0,314.35,314249.0
2024-04-22,314.75,324.0,314.6,322.5,281134.0
2024-04-23,323.0,329.3,319.5,327.15,442592.0
2024-04-24,330.9,339.55,330.0,332.7,584197.0
2024-04-25,334.5,335.5,331.2,333.5,210014.0
2024-04-26,335.5,335.9,331.25,333.45,274940.0
2024-04-29,334.7,335.9,330.0,331.5,171034.0
2024-04-30,332.0,334.45,330.3,332.5,175240.0
2024-05-02,333.85,336.45,331.0,332.5,245695.0
2024-05-03,334.75,335.45,331.0,332.6,237921.0
2024-05-06,334.75,337.8,327.0,330.6,321461.0
2024-05-07,333.25,334.45,325.4,327.95,259620.0
2024-05-08,331.45,363.3,329.25,359.4,3373877.0
2024-05-09,364.45,364.45,335.05,339.8,1236707.0
2024-05-10,342.75,349.8,335.4,346.0,447148.0
2024-05-13,348.95,366.85,345.0,363.05,1115489.0
2024-05-14,369.0,369.0,356.1,359.1,641698.0
2024-05-15,360.7,363.55,356.2,358.8,362401.0
2024-05-16,360.7,363.0,354.1,358.6,432012.0
2024-05-17,359.65,362.0,355.5,359.2,274592.0
2024-05-18,361.4,367.85,358.95,364.5,110206.0
2024-05-21,366.0,366.0,358.0,359.35,458401.0
2024-05-22,361.0,362.15,351.9,358.8,296388.0
2024-05-23,359.8,361.95,352.8,354.5,246440.0
2024-05-24,355.2,365.0,353.3,359.85,403109.0
2024-05-27,367.0,369.0,360.1,362.85,467705.0
2024-05-28,366.0,371.8,357.05,369.2,741196.0
2024-05-29,374.8,377.25,367.0,371.55,706520.0
2024-05-30,388.1,419.8,381.9,407.1,12737468.0
2024-05-31,413.45,423.2,397.5,402.9,2822617.0
2024-06-03,435.0,435.0,420.4,426.6,1971296.0
2024-06-04,441.0,479.8,405.0,455.45,13015185.0
2024-06-05,476.1,546.5,476.1,546.5,12632703.0
2024-06-06,590.0,601.15,576.0,601.15,9730291.0
2024-06-07,635.95,661.25,607.15,661.25,9189783.0
2024-06-10,714.0,727.35,650.0,695.05,20439142.0
2024-06-11,704.0,704.45,660.3,660.3,3676236.0
2024-06-12,628.0,636.0,627.3,627.3,3227700.0
2024-06-13,601.0,622.0,595.95,595.95,8067410.0
2024-06-14,595.95,612.0,575.0,577.2,5124981.0
2024-06-18,581.0,606.05,564.0,591.5,6492934.0
2024-06-19,595.0,598.0,570.0,572.1,1464225.0
2024-06-20,573.95,578.55,556.0,559.15,1626510.0
2024-06-21,560.0,574.7,559.2,565.2,1312113.0
2024-06-24,564.75,566.8,552.25,556.1,630067.0
2024-06-25,558.3,583.9,556.15,583.9,2287674.0
2024-06-26,592.0,595.7,575.05,576.65,1398629.0
2024-06-27,575.0,580.0,561.5,564.95,849340.0
2024-06-28,568.0,572.0,560.05,561.15,471204.0
2024-07-01,561.15,564.95,555.1,559.35,533943.0
2024-07-02,562.0,576.1,555.6,562.55,769031.0
2024-07-03,565.5,576.0,558.5,559.55,688038.0
2024-07-04,559.55,565.0,552.0,554.35,545569.0
2024-07-05,554.0,556.95,538.0,539.85,798758.0
2024-07-08,537.0,539.5,518.7,521.15,1143279.0
2024-07-09,523.0,547.2,523.0,547.2,1079131.0
2024-07-10,557.0,570.0,530.05,554.55,1669461.0
2024-07-11,565.0,565.0,545.7,548.05,508514.0
2024-07-12,549.6,553.0,538.05,539.35,399283.0
2024-07-15,543.0,544.0,535.0,542.0,345753.0
2024-07-16,542.0,565.7,542.0,545.75,610025.0
2024-07-18,546.4,550.0,530.0,536.4,452598.0
2024-07-19,536.4,539.4,528.0,531.0,361224.0
2024-07-22,528.0,551.0,527.0,548.2,593525.0
2024-07-23,554.0,575.6,520.8,575.6,2750429.0
2024-07-24,586.0,604.35,585.05,604.35,4535102.0
2024-07-25,588.0,598.3,576.65,585.0,1776462.0
2024-07-26,590.0,591.5,564.1,565.95,889064.0
2024-07-29,571.95,578.95,563.0,565.15,653500.0
2024-07-30,566.8,593.4,563.75,579.6,1399566.0
2024-07-31,580.0,588.85,574.25,578.0,517378.0
2024-08-01,581.0,584.0,568.5,579.1,634512.0
2024-08-02,570.0,576.0,562.0,568.95,477532.0
2024-08-05,550.0,553.3,540.5,540.5,712671.0
2024-08-06,540.0,548.95,526.4,533.65,677526.0
2024-08-07,540.2,560.3,534.05,545.3,507365.0
2024-08-08,548.95,568.5,542.0,557.15,795568.0
2024-08-09,561.9,561.9,544.95,549.45,332173.0
2024-08-12,536.45,554.95,536.35,550.65,296237.0
2024-08-13,547.25,555.0,538.85,541.05,305761.0
2024-08-14,545.0,553.6,536.1,549.3,404097.0
2024-08-16,550.0,553.65,543.0,546.6,366085.0
2024-08-19,553.0,563.0,545.6,550.85,421202.0
2024-08-20,551.8,552.5,542.0,545.35,253231.0
2024-08-21,551.05,557.55,543.9,547.4,334678.0
2024-08-22,548.05,552.45,542.5,544.85,259667.0
2024-08-23,545.95,556.0,544.05,547.85,291276.0
2024-08-26,550.0,553.05,538.6,543.65,245865.0
2024-08-27,543.0,559.0,542.5,557.3,430652.0
2024-08-28,561.95,569.5,552.3,555.85,418874.0
2024-08-29,557.0,560.95,545.0,548.3,225714.0
2024-08-30,547.05,574.7,544.0,563.95,1226159.0
2024-09-02,563.95,567.3,551.0,551.95,233961.0
2024-09-03,551.95,567.5,549.3,561.3,280050.0
2024-09-04,555.0,573.7,553.3,569.05,403193.0
2024-09-05,572.0,590.0,571.75,575.25,572767.0
2024-09-06,575.3,578.1,552.25,559.55,321826.0
2024-09-09,555.0,560.15,544.05,552.0,214025.0
2024-09-10,555.25,579.6,555.2,573.6,679844.0
2024-09-11,572.5,590.0,566.1,573.0,449906.0
2024-09-12,573.15,578.05,559.35,568.15,331960.0
2024-09-13,569.95,570.8,560.0,566.7,401264.0
2024-09-16,566.1,577.25,565.55,567.8,505854.0
2024-09-17,575.8,584.95,566.5,578.35,423047.0
2024-09-18,580.0,588.85,569.85,578.65,507991.0
2024-09-19,586.4,586.5,562.0,570.15,568527.0
2024-09-20,575.0,598.65,574.45,598.65,1468298.0
2024-09-23,610.65,622.0,600.0,612.55,1101811.0
2024-09-24,617.8,622.0,605.25,612.9,620030.0
2024-09-25,613.0,622.5,607.1,616.55,479520.0
2024-09-26,618.0,619.7,601.2,608.45,302300.0
2024-09-27,610.0,638.0,609.35,633.05,1244570.0
2024-09-30,640.0,654.0,627.5,630.0,901799.0
2024-10-01,631.95,650.2,621.1,643.2,602566.0
2024-10-03,624.1,637.95,611.05,613.15,615446.0
2024-10-04,613.0,623.7,582.5,605.75,669712.0
2024-10-07,607.0,620.8,577.3,582.65,801270.0
2024-10-08,577.0,603.0,576.0,596.85,447909.0
2024-10-09,600.05,626.65,600.05,625.85,708860.0
2024-10-10,627.45,642.0,621.1,626.3,322296.0
2024-10-11,627.4,631.05,610.0,616.2,322456.0
2024-10-14,616.0,624.9,604.05,617.15,296846.0
2024-10-15,618.0,646.0,615.0,638.15,650683.0
2024-10-16,640.0,650.45,630.0,638.05,452438.0
2024-10-17,638.5,640.15,621.55,625.3,230705.0
2024-10-18,617.2,637.8,607.3,629.5,400966.0
2024-10-21,630.05,647.8,615.45,641.15,516997.0
2024-10-22,643.0,659.0,618.0,626.1,979252.0
2024-10-23,630.0,640.0,594.8,594.8,1325838.0
2024-10-24,572.0,579.75,565.1,565.1,720447.0
2024-10-25,536.85,548.1,536.85,536.85,1365913.0
2024-10-28,531.15,533.75,510.0,510.0,880978.0
2024-10-29,510.05,527.4,501.8,509.95,575380.0
2024-10-30,515.0,529.0,507.65,521.75,413370.0
2024-10-31,525.0,533.0,520.1,527.05,366049.0
2024-11-01,532.05,534.55,527.05,529.75,72268.0
2024-11-04,534.0,534.0,509.0,516.7,505965.0
2024-11-05,514.5,530.75,511.05,517.85,530794.0
2024-11-06,518.3,525.5,511.2,515.3,581347.0
2024-11-07,515.35,524.45,513.8,517.3,252826.0
2024-11-08,517.3,519.0,497.0,500.7,344166.0
2024-11-11,504.95,504.95,487.0,491.15,343509.0
2024-11-12,496.95,502.65,489.25,492.5,212061.0
2024-11-13,490.0,496.1,474.35,481.45,410768.0
2024-11-14,481.45,489.85,475.1,477.75,254229.0
2024-11-18,480.0,483.0,465.0,474.65,287041.0
2024-11-19,476.0,487.0,466.0,467.45,263320.0
2024-11-21,468.0,471.5,452.5,454.15,530282.0
2024-11-22,455.25,469.15,453.85,463.05,315192.0
2024-11-25,473.9,479.0,466.0,471.2,304291.0
2024-11-26,473.8,479.45,468.05,478.65,259569.0
2024-11-27,480.0,492.0,475.05,488.85,342976.0
2024-11-28,490.1,501.25,486.45,488.4,332860.0
2024-11-29,489.9,491.4,482.0,489.0,260741.0
2024-12-02,487.85,493.15,481.55,484.7,224847.0
2024-12-03,490.0,508.9,488.5,501.65,1278488.0
2024-12-04,501.5,503.35,491.5,496.9,446222.0
2024-12-05,498.1,511.4,493.95,507.15,600411.0
2024-12-06,511.8,516.55,495.0,510.65,1396705.0
2024-12-09,515.0,524.4,511.1,513.35,752717.0
2024-12-10,516.0,516.65,498.0,503.35,527835.0
2024-12-11,503.9,509.4,500.4,504.15,288051.0
2024-12-12,505.0,506.8,495.1,497.95,275922.0
2024-12-13,493.0,495.45,483.1,490.25,393781.0
2024-12-16,490.3,508.4,490.3,500.35,472615.0
2024-12-17,500.0,503.7,492.05,494.35,222732.0
2024-12-18,492.0,498.75,490.9,495.45,257311.0
2024-12-19,485.15,493.75,484.0,490.45,199693.0
2024-12-20,490.5,492.4,470.05,474.6,273879.0
2024-12-23,482.0,482.0,469.25,471.0,201086.0
2024-12-24,478.0,478.0,470.0,473.05,105588.0
2024-12-26,474.0,475.55,464.05,470.35,173960.0
2024-12-27,475.0,478.0,469.9,475.75,136573.0
2024-12-30,488.85,489.05,474.15,482.7,280779.0
2024-12-31,482.0,485.5,473.05,484.55,179438.0
2025-01-01,485.95,492.7,481.85,484.15,140497.0
2025-01-02,486.95,493.95,479.55,485.8,282834.0
2025-01-03,489.0,494.3,475.5,481.6,279788.0
2025-01-06,480.05,484.25,452.0,456.4,436703.0
2025-01-07,460.0,475.5,458.65,468.7,321263.0
2025-01-08,467.05,469.4,456.5,459.1,255146.0
2025-01-09,463.0,464.0,452.0,456.95,165311.0
2025-01-10,460.0,460.0,443.05,449.85,246194.0
2025-01-13,448.6,449.4,418.0,422.3,359231.0
2025-01-14,429.0,440.6,426.6,437.3,215610.0
2025-01-15,441.75,445.25,429.9,431.4,189251.0
2025-01-16,438.0,439.9,431.4,436.85,166380.0
2025-01-17,431.05,435.7,423.05,433.5,396939.0
2025-01-20,436.0,463.5,432.1,456.4,598649.0
2025-01-21,456.0,458.95,438.5,441.85,404238.0
2025-01-22,445.0,461.7,421.85,450.6,1383065.0
2025-01-23,454.0,454.0,432.1,435.65,611837.0
2025-01-24,437.8,438.5,424.2,431.6,384922.0
2025-01-27,429.8,429.8,404.0,408.05,384519.0
2025-01-28,408.05,412.2,388.85,401.9,508691.0
2025-01-29,405.0,415.0,403.0,412.65,244747.0
2025-01-30,413.0,426.0,410.75,422.55,229159.0
2025-01-31,422.55,435.0,420.65,433.65,231586.0
2025-02-01,428.0,448.45,425.1,430.6,456108.0
2025-02-03,426.0,442.95,420.2,429.65,331730.0
2025-02-04,431.8,436.05,425.8,430.45,236297.0
2025-02-05,431.0,437.0,426.05,427.95,197142.0
2025-02-06,427.5,434.45,426.65,430.2,164725.0
2025-02-07,433.0,433.5,419.0,421.4,168608.0
2025-02-10,419.0,421.0,405.0,411.8,253244.0
2025-02-11,413.45,413.9,395.0,397.4,260364.0
2025-02-12,399.0,409.0,383.15,403.65,346620.0
2025-02-13,402.75,408.05,393.0,396.25,195639.0
2025-02-14,402.8,406.05,380.05,386.95,346391.0
2025-02-17,380.3,400.0,380.0,393.65,290715.0
2025-02-18,393.0,393.25,380.1,381.85,187939.0
2025-02-19,383.95,395.05,380.0,391.0,212228.0
2025-02-20,393.0,406.05,392.15,396.45,327390.0
2025-02-21,399.0,416.65,393.15,397.95,370609.0
2025-02-24,397.95,397.95,386.3,387.45,151729.0
2025-02-25,388.0,391.7,381.75,383.9,148159.0
2025-02-27,383.9,385.85,375.25,378.6,181338.0
2025-02-28,378.6,379.0,359.7,361.5,408739.0
2025-03-03,365.65,388.0,355.65,384.15,625283.0
2025-03-04,381.15,383.35,372.2,378.4,312226.0
2025-03-05,375.15,385.8,374.4,384.15,311451.0
2025-03-06,389.9,395.85,386.2,392.7,280866.0
2025-03-07,395.95,398.9,392.3,394.2,252299.0
2025-03-10,394.0,397.0,371.8,375.95,362329.0
2025-03-11,374.0,379.35,367.3,378.4,312845.0
2025-03-12,382.25,389.4,376.05,378.25,384875.0
2025-03-13,380.0,382.1,372.5,373.3,325407.0
2025-03-17,376.0,380.95,368.0,368.95,310483.0
2025-03-18,370.5,384.65,370.5,383.2,375700.0
2025-03-19,385.0,394.5,384.5,390.7,485047.0
2025-03-20,393.55,411.4,390.75,403.9,900617.0
2025-03-21,404.0,408.35,401.2,405.7,468487.0
2025-03-24,409.45,413.75,405.75,407.4,332041.0
2025-03-25,409.95,409.95,392.75,395.05,400447.0
2025-03-26,395.8,402.7,390.1,392.25,460315.0
2025-03-27,392.25,399.5,387.4,397.3,455873.0
2025-03-28,401.0,403.0,382.05,385.05,528408.0
2025-04-01,389.3,398.4,386.05,394.25,371002.0
2025-04-02,394.5,408.5,387.15,405.85,408106.0
2025-04-03,400.0,416.3,396.15,412.8,482348.0
2025-04-04,411.0,413.05,393.15,397.0,431147.0
2025-04-07,352.1,394.0,352.1,389.8,505741.0
2025-04-08,400.0,400.4,393.4,399.2,126451.0
2025-04-09,394.0,400.0,390.05,396.15,138458.0
2025-04-11,405.0,407.0,399.3,403.15,296089.0
2025-04-15,406.9,418.1,395.45,416.5,382651.0
2025-04-16,416.5,420.5,412.45,416.05,187757.0
2025-04-17,416.05,424.05,412.3,422.2,390643.0
2025-04-21,422.5,428.0,420.0,423.4,250856.0
2025-04-22,421.5,429.15,418.35,424.25,231916.0
2025-04-23,425.55,428.4,418.65,422.4,199273.0
2025-04-24,420.0,426.5,415.3,418.05,202842.0
2025-04-25,416.5,421.1,400.5,403.15,356740.0
2025-04-28,403.05,411.5,400.2,406.55,260590.0
2025-04-29,407.95,412.8,400.3,401.75,187850.0
2025-04-30,402.75,404.55,387.95,390.5,287948.0
2025-05-02,396.0,396.0,385.4,390.65,283696.0
2025-05-05,390.65,397.55,387.8,396.7,190873.0
2025-05-06,396.7,398.9,384.2,385.15,204354.0
2025-05-07,375.0,390.0,375.0,387.95,155929.0
2025-05-08,390.0,394.75,380.1,383.8,146584.0
2025-05-09,371.35,381.95,371.35,379.25,213726.0
2025-05-12,399.55,410.0,388.0,406.9,379883.0
2025-05-13,410.0,411.0,402.1,406.7,230773.0
2025-05-14,410.0,415.85,405.1,413.1,385780.0
2025-05-15,417.4,419.9,412.05,416.1,318898.0
2025-05-16,417.9,434.9,417.8,430.45,874963.0
2025-05-19,427.0,427.0,402.5,410.25,1237777.0
2025-05-20,414.0,418.0,406.5,408.75,560816.0
2025-05-21,412.0,415.4,406.95,408.0,340970.0
2025-05-22,408.0,412.15,400.0,403.15,413190.0
2025-05-23,406.95,407.95,401.45,404.1,173046.0
2025-05-26,408.0,412.1,404.55,408.85,241296.0
2025-05-27,409.65,409.65,401.25,403.35,259087.0
2025-05-28,403.75,408.0,399.2,406.05,251917.0
2025-05-29,406.2,408.1,402.0,403.65,151144.0
2025-05-30,406.0,407.0,402.05,404.9,226388.0
2025-06-02,406.0,423.55,405.0,419.6,603575.0
2025-06-03,422.0,432.9,419.4,421.1,588997.0
2025-06-04,424.45,452.0,419.75,446.1,1320775.0
2025-06-05,448.3,472.4,448.3,468.65,1520889.0
2025-06-06,471.2,475.7,462.15,468.95,729624.0
2025-06-09,472.1,490.0,471.95,481.15,1043852.0
2025-06-10,482.8,485.6,469.1,471.1,447718.0
2025-06-11,472.0,473.8,463.1,466.35,441429.0
2025-06-12,466.7,473.0,451.15,453.4,343193.0
2025-06-13,442.1,469.9,441.6,463.55,582912.0
2025-06-16,462.25,463.15,446.0,456.5,316670.0
2025-06-17,457.0,462.0,439.15,443.7,347789.0
2025-06-18,443.7,447.0,438.8,441.2,272263.0
2025-06-19,441.2,443.95,435.0,435.35,286231.0
2025-06-20,435.35,448.0,435.2,443.0,216429.0
2025-06-23,439.85,444.0,436.05,442.25,212250.0
2025-06-24,447.75,476.45,446.0,471.95,1307618.0
2025-06-25,473.55,494.45,472.7,488.8,992369.0
2025-06-26,489.8,489.8,479.0,481.1,410163.0
2025-06-27,485.5,491.1,479.05,482.4,558186.0
2025-06-30,486.0,501.0,485.25,497.45,821176.0
2025-07-01,499.95,507.6,492.0,495.6,597931.0
2025-07-02,498.0,501.05,491.55,494.75,279439.0
2025-07-03,494.75,496.45,488.5,490.65,225700.0
2025-07-04,490.65,500.0,485.0,492.1,281215.0
2025-07-07,492.75,500.5,487.8,498.8,365606.0
2025-07-08,499.5,499.65,490.25,496.0,238400.0
2025-07-09,496.8,505.9,492.1,493.95,506876.0
2025-07-10,496.0,497.2,489.25,491.15,241569.0
2025-07-11,489.1,490.15,475.15,476.45,230262.0
2025-07-14,472.0,480.9,468.0,469.6,257636.0
2025-07-15,471.25,477.75,466.0,468.85,475346.0
2025-07-16,468.3,485.0,467.4,478.85,500581.0
2025-07-17,481.9,485.65,454.85,459.0,1193531.0
2025-07-18,461.0,497.0,461.0,492.6,3896194.0
2025-07-21,494.8,494.8,476.5,485.1,799513.0
2025-07-22,491.0,491.0,474.6,479.05,471311.0
2025-07-23,481.9,482.0,468.9,473.3,334244.0
2025-07-24,474.8,475.05,461.15,463.35,272639.0
2025-07-25,465.0,466.6,458.0,460.0,378553.0
2025-07-28,461.0,468.0,455.8,462.65,301662.0
2025-07-29,458.6,466.0,458.6,465.05,232893.0
2025-07-30,468.95,479.3,463.9,475.15,319265.0
2025-07-31,473.2,485.8,465.0,480.1,374954.0
2025-08-01,479.85,493.45,472.0,475.55,570876.0
2025-08-04,473.2,479.0,473.0,475.6,163081.0
2025-08-05,476.1,479.0,464.9,466.35,167602.0
2025-08-06,468.1,470.1,464.7,465.4,107347.0
2025-08-07,460.1,472.25,460.1,469.05,214169.0
2025-08-08,473.7,473.7,455.0,459.9,256058.0
2025-08-11,464.0,471.0,452.8,463.2,180373.0
2025-08-12,465.0,473.5,460.0,470.1,199857.0
2025-08-13,470.5,472.85,464.05,467.35,139054.0
2025-08-14,470.0,470.15,457.2,460.35,150881.0
2025-08-18,467.0,474.8,463.0,468.45,214969.0
2025-08-19,470.0,473.75,464.2,469.85,167535.0
2025-08-20,471.2,493.0,467.85,488.1,983804.0
2025-08-21,489.4,491.0,472.5,473.65,338917.0
2025-08-22,475.15,478.95,469.0,471.9,211368.0
2025-08-25,475.0,476.95,469.0,471.45,135813.0
2025-08-26,471.0,471.3,462.5,466.1,162275.0
2025-08-28,468.95,469.0,458.45,463.15,151426.0
2025-08-29,463.15,468.7,460.3,461.5,118179.0
2025-09-01,461.05,471.3,456.3,470.0,248059.0
2025-09-02,470.0,490.0,467.0,483.3,524441.0
2025-09-03,484.9,500.0,481.0,490.65,633600.0
2025-09-04,510.0,510.0,473.0,477.85,989019.0
2025-09-05,479.9,483.0,470.2,471.85,236259.0
2025-09-08,476.8,492.35,472.05,487.1,310869.0
2025-09-09,488.3,489.9,478.5,479.9,118852.0
2025-09-10,483.0,485.0,480.0,483.9,158807.0
2025-09-11,486.5,496.25,483.5,485.75,445414.0
2025-09-12,492.0,494.8,486.1,487.2,206716.0
2025-09-15,485.0,499.5,482.7,489.25,517740.0
2025-09-16,489.35,494.0,486.1,488.65,172929.0
2025-09-17,490.45,493.2,485.0,488.1,220398.0
2025-09-18,498.65,540.0,496.15,527.55,9681262.0
2025-09-19,530.8,534.55,517.0,524.55,981506.0
2025-09-22,526.0,536.0,521.5,531.75,953034.0
2025-09-23,532.4,536.0,524.1,533.45,508536.0
2025-09-24,537.9,538.25,515.8,520.15,485812.0
2025-09-25,518.05,518.45,491.55,493.95,779847.0
2025-09-26,493.3,493.3,475.6,484.3,637639.0
2025-09-29,485.1,487.55,475.1,480.05,288582.0
2025-09-30,482.0,484.95,478.2,482.6,187805.0
2025-10-01,480.05,490.95,479.65,488.7,188181.0
2025-10-03,490.0,502.45,483.35,499.65,314093.0
2025-10-06,495.0,503.7,494.15,499.05,235944.0
2025-10-07,499.05,499.1,484.1,485.6,291892.0
2025-10-08,489.5,489.9,479.2,480.45,372785.0
2025-10-09,481.95,487.5,480.8,485.0,133986.0
2025-10-10,482.8,494.7,479.4,490.6,278119.0
2025-10-13,488.0,498.15,485.6,495.9,284770.0
2025-10-14,494.0,494.4,480.0,484.4,313464.0
2025-10-15,485.6,499.5,470.0,485.85,698920.0
2025-10-16,485.0,493.65,483.0,491.4,383957.0
2025-10-17,493.85,493.9,480.0,482.0,216816.0
2025-10-20,486.95,487.65,477.2,480.1,275326.0
2025-10-21,481.05,482.95,479.0,479.7,108047.0
2025-10-23,485.6,485.6,478.2,480.05,252459.0
2025-10-24,480.4,483.85,478.8,480.4,229441.0
2025-10-27,481.15,499.65,479.0,494.45,697948.0
2025-10-28,495.0,503.8,482.1,490.15,512614.0
2025-10-29,489.9,496.0,486.05,489.95,257996.0
2025-10-30,490.0,493.85,486.05,492.1,167545.0
2025-10-31,492.1,492.4,481.2,481.95,218456.0
2025-11-03,483.0,487.15,482.55,485.25,163719.0
2025-11-04,485.25,487.7,482.25,483.6,159382.0
2025-11-06,483.6,484.65,479.65,480.85,184620.0
2025-11-07,480.8,483.2,473.1,476.65,196934.0
2025-11-10,476.95,488.0,475.0,481.7,184290.0
2025-11-11,484.95,484.95,479.2,480.5,103646.0
2025-11-12,479.0,484.9,479.0,480.85,162411.0
2025-11-13,480.1,485.05,480.0,481.4,108433.0
2025-11-14,481.4,484.0,480.0,481.0,109462.0
2025-11-17,482.0,485.0,477.6,480.95,149352.0
2025-11-18,480.9,482.35,475.0,477.8,204057.0
2025-11-19,477.0,478.0,473.6,474.95,146127.0
2025-11-20,476.0,477.4,468.2,470.0,187768.0
2025-11-21,469.0,469.15,460.05,461.0,198674.0
2025-11-24,459.5,461.1,450.1,453.95,211846.0
2025-11-25,453.75,466.0,446.7,464.05,315723.0
2025-11-26,464.05,482.2,463.25,478.0,227397.0
2025-11-27,482.7,482.7,477.0,479.75,118129.0
2025-11-28,478.2,483.95,476.4,482.7,103061.0
2025-12-01,482.7,485.0,465.5,477.55,235799.0
2025-12-02,477.4,485.0,462.0,482.7,164276.0
2025-12-03,481.0,485.0,480.1,481.15,88330.0
2025-12-04,479.0,483.0,477.95,481.1,80938.0
2025-12-05,479.75,483.25,479.25,483.0,136907.0
2025-12-08,480.75,481.8,453.35,457.75,335231.0
2025-12-09,459.1,470.0,450.1,465.45,206016.0
2025-12-10,470.2,477.0,461.5,464.85,120728.0
2025-12-11,464.3,470.0,463.05,464.2,103922.0
2025-12-12,466.35,478.0,464.2,473.0,163218.0
2025-12-15,472.45,480.0,465.3,472.8,174416.0
2025-12-16,475.0,475.0,462.25,463.5,140277.0
2025-12-17,464.4,470.0,463.0,465.25,116359.0
2025-12-18,467.35,468.5,457.5,458.75,82500.0
2025-12-19,459.8,461.9,443.2,458.0,235483.0
2025-12-22,462.6,463.55,459.0,462.5,101964.0
2025-12-23,462.5,465.85,458.0,461.4,145667.0
2025-12-24,461.85,462.05,457.3,457.75,98341.0
2025-12-26,458.1,458.15,452.05,452.9,111582.0
2025-12-29,448.5,452.65,440.6,445.7,311425.0
2025-12-30,445.75,455.0,440.25,451.1,142045.0
2025-12-31,454.3,461.95,447.85,460.3,300496.0
2026-01-01,460.3,461.35,450.1,452.0,90963.0
2026-01-02,452.4,467.1,451.0,465.1,164120.0
2026-01-05,460.0,466.0,454.85,465.25,150956.0
2026-01-06,463.3,466.9,455.0,463.15,224058.0
2026-01-07,460.3,465.0,457.0,458.7,116548.0
2026-01-08,455.0,468.05,453.4,465.1,280529.0
2026-01-09,462.0,463.2,444.0,445.65,238743.0
2026-01-12,441.35,446.4,435.65,442.0,215873.0
2026-01-13,440.4,446.4,439.0,444.0,109973.0
2026-01-14,442.1,446.25,440.85,443.05,91317.0
2026-01-15,439.728271484375,439.728271484375,439.728271484375,439.728271484375,0.0
2026-01-16,442.2,447.6,440.0,443.5,169045.0
2026-01-19,439.0,443.05,433.1,439.9,197186.0
2026-01-20,437.1,437.8,413.1,418.95,312525.0
2026-01-21,414.0,418.95,405.75,410.45,231927.0
2026-01-22,407.75,421.05,407.75,413.8,134822.0
2026-01-23,414.2,414.55,392.6,398.55,133374.0
2026-01-27,396.55,405.05,392.0,399.25,175869.0
2026-01-28,401.55,404.0,394.0,396.65,410354.0
2026-01-29,368.0,374.0,358.2,362.75,1786645.0
2026-01-30,363.0,364.0,351.05,359.1,645769.0
2026-02-01,359.1,367.0,351.3,353.25,268147.0
2026-02-02,353.25,354.35,341.5,342.6,311642.0
2026-02-03,360.0,360.0,339.7,348.05,630631.0
2026-02-04,347.0,387.95,343.3,381.85,948138.0
2026-02-05,380.55,381.05,370.0,376.4,300611.0
2026-02-06,376.4,376.4,362.0,364.1,326644.0
2026-02-09,365.05,382.9,364.95,377.7,736057.0
2026-02-10,380.0,382.0,368.75,371.1,716250.0
2026-02-11,371.1,374.0,365.25,369.0,363679.0
2026-02-12,370.9,370.95,362.05,364.8,230381.0
2026-02-13,362.0,362.75,354.05,355.65,253197.0
2026-02-16,355.7,357.0,348.7,350.1,281156.0
2026-02-17,351.85,356.75,348.0,353.05,167625.0
2026-02-18,354.0,356.5,348.2,354.35,193962.0
2026-02-19,354.35,355.0,341.0,344.1,252087.0
2026-02-20,344.6,344.65,337.5,340.75,345649.0
2026-02-23,343.95,346.9,336.05,336.85,222125.0
2026-02-24,336.85,336.85,325.0,328.45,409426.0
2026-02-25,331.75,333.9,319.95,324.65,653955.0
2026-02-26,326.2,329.95,322.0,325.8,309084.0
2026-02-27,327.3,327.3,316.0,318.35,1005917.0
2026-03-02,300.9,316.8,300.9,311.55,448662.0
2026-03-04,305.8,314.5,302.55,307.1,360549.0
2026-03-05,307.2,318.4,304.35,309.95,358733.0
2026-03-06,310.0,314.8,305.0,306.3,239690.0
2026-03-09,300.9,300.9,294.4,297.95,342704.0
2026-03-10,303.95,311.55,300.0,307.6,251828.0
2026-03-11,306.15,324.85,304.45,309.25,582764.0
2026-03-12,309.25,324.0,301.05,322.1,895877.0
2026-03-13,323.9,323.9,300.05,306.35,522844.0
2026-03-16,306.95,312.45,304.6,308.8,296453.0
2026-03-17,308.9,314.25,306.8,311.6,236873.0
2026-03-18,312.0,323.0,312.0,320.2,319887.0
2026-03-19,315.8,317.65,310.1,311.4,186396.0
2026-03-20,313.0,316.95,308.0,309.45,170467.0
2026-03-23,307.0,308.7,300.45,301.1,286510.0
2026-03-24,307.0,312.0,302.3,308.85,210293.0
2026-03-25,311.2,320.4,309.5,313.45,521725.0
2026-03-27,313.45,314.45,302.6,304.3,421155.0
2026-03-30,304.3,304.35,292.55,293.95,365459.0
2026-04-01,300.0,312.5,300.0,307.7,260855.0
2026-04-02,305.0,313.5,299.35,311.95,250048.0
2026-04-06,311.25,314.4,304.7,312.85,254144.0
2026-04-07,309.15,316.75,308.2,314.6,149576.0
2026-04-08,326.6,330.8,321.4,327.0,341216.0
2026-04-09,323.3,332.0,321.85,323.8,278210.0
2026-04-10,323.8,342.0,323.8,338.0,512460.0
2026-04-13,331.0,337.15,325.1,335.9,265616.0
2026-04-15,340.0,362.0,340.0,356.85,587306.0
2026-04-16,362.0,364.0,353.05,355.4,249396.0
2026-04-17,356.4,365.0,355.0,359.75,271386.0
2026-04-20,360.5,364.6,352.35,355.3,271310.0
2026-04-21,356.75,373.85,355.0,361.35,477526.0
2026-04-22,362.15,369.1,359.6,366.8,314160.0
2026-04-23,366.45,367.35,360.2,361.45,159363.0
2026-04-24,362.0,364.1,352.1,355.25,210816.0
2026-04-27,355.25,368.4,354.0,360.2,369893.0
2026-04-28,363.3,368.0,362.75,364.7,211755.0
2026-04-29,366.95,370.25,363.5,364.1,246306.0
2026-04-30,362.55,362.55,354.05,358.15,184914.0
2026-05-01,355.4648132324219,355.4648132324219,355.4648132324219,355.4648132324219,0.0
2026-05-04,367.7,367.7,359.35,362.0,193607.0
2026-05-05,357.95,360.95,353.5,355.35,206919.0
2026-05-06,359.5,361.85,354.0,359.85,209448.0
2026-05-07,359.75,366.25,359.75,364.75,205804.0
2026-05-08,361.05,365.2,359.0,362.6,186399.0
2026-05-11,363.0,381.2,359.35,378.3,1275152.0
2026-05-12,351.0,357.85,345.0,350.8,1322117.0
2026-05-13,350.8,350.8,332.35,334.35,487718.0
2026-05-14,338.15,341.05,326.95,335.35,405633.0
2026-05-15,336.0,337.95,329.5,330.45,156426.0
2026-05-18,329.45,330.0,320.05,325.0,231748.0
2026-05-19,328.0,332.0,324.65,327.3,123416.0
2026-05-20,324.85,329.0,322.4,328.45,141348.0
2026-05-21,328.3,333.15,326.05,326.65,161470.0
2026-05-22,327.0,328.9,325.05,326.6,145995.0
2026-05-25,327.9,334.8,327.9,332.1,122186.0
2026-05-26,333.0,336.25,328.35,335.45,276902.0
2026-05-27,336.85,336.85,324.55,328.1,508712.0
2026-05-28,325.6401062011719,325.6401062011719,325.6401062011719,325.6401062011719,0.0
2026-05-29,329.45,330.2,318.35,320.8,188553.0
2026-06-01,328.5,328.5,315.5,318.65,265711.0
2026-06-02,318.65,323.9,316.05,322.95,189870.0
2026-06-03,320.0,323.0,317.75,319.3,204130.0
2026-06-04,321.1,327.75,320.05,322.85,186298.0
2026-06-05,324.85,327.5,319.2,320.15,208654.0
2026-06-08,320.0,320.45,315.0,315.2,123033.0
2026-06-09,315.2,323.85,315.2,319.85,137690.0
2026-06-10,319.75,320.45,315.1,317.4,171814.0
2026-06-11,319.8,319.8,311.6,314.95,131749.0
2026-06-12,316.2,323.2,316.2,320.0,316696.0
2026-06-15,329.9,329.9,319.35,321.25,523234.0
2026-06-16,322.7,334.4,322.7,329.35,428467.0
2026-06-17,331.4,333.0,326.8,327.85,152468.0
2026-06-18,329.2,332.5,327.05,328.7,180919.0
2026-06-19,330.2,334.6,326.85,330.0,229960.0
2026-06-22,330.3,336.5,327.4,328.8,367424.0
2026-06-23,330.2,333.95,323.3,325.9,271771.0
2026-06-24,324.45,325.25,317.15,320.8,886134.0
2026-06-25,322.4,352.5,322.4,336.8,2921520.0
2026-06-26,334.2748718261719,334.2748718261719,334.2748718261719,334.2748718261719,0.0
2026-06-29,335.8,336.2,329.05,330.3,260961.0
2026-06-30,330.85,334.5,326.4,328.25,173811.0
2026-07-01,328.0,335.5,328.0,333.2,289595.0
2026-07-02,335.0,339.0,333.0,334.65,249234.0
2026-07-03,338.0,338.5,333.3,336.1,193858.0
2026-07-06,336.1,336.1,331.3,333.65,147995.0
2026-07-07,333.65,334.95,329.4,330.7,256269.0
2026-07-08,330.7,330.7,316.8,327.8,402973.0
2026-07-09,325.1,338.5,325.1,334.75,292103.0
2026-07-10,335.0,339.5,334.75,336.65,200704.0
2026-07-13,335.1,346.3,333.3,337.05,358143.0
2026-07-14,337.0,337.0,332.55,333.45,152463.0
2026-07-15,331.9,338.35,331.9,334.85,273616.0
2026-07-16,334.4,342.0,333.0,335.65,426538.0
2026-07-17,327.0,338.0,319.1,331.3,1083724.0
2026-07-20,320.0,338.2,320.0,332.6,535291.0
2026-07-21,331.65,333.4,326.0,329.85,238515.0
2026-07-22,330.3,333.0,325.9,330.5,328364.0
2026-07-23,328.5,332.8,328.0,330.05,117359.0
2026-07-24,327.0,338.0,325.8,335.3,363327.0
2026-07-27,335.6,338.05,323.0,327.2,647523.0
2026-07-28,326.9,329.05,323.0,323.3,132569.0
2026-07-29,324.05,330.9,322.95,328.75,221069.0
2026-07-30,329.95,338.0,328.25,329.4,299161.0
2026-07-31,329.75,332.05,329.15,330.05,124878.0
2026-08-03,334.29998779296875,339.29998779296875,333.3500061035156,335.1000061035156,244425.0
