,Open,High,Low,Close,Volume
2015-01-01,64.9575970704291,64.9575970704291,63.71196276606881,64.17330932617188,1796771.0
2015-01-02,64.77304979867675,66.06482148665611,64.49624610527432,65.64961242675781,2553054.0
2015-01-05,66.15709838118651,66.895255743154,64.4039869657968,64.8653335571289,2496192.0
2015-01-06,64.86532883822915,64.86532883822915,61.22068680809612,61.49749755859375,2656378.0
2015-01-07,61.82044071832866,62.00497653150258,59.88278652164234,60.75934219360352,2650094.0
2015-01-08,61.54362909021254,62.65086507239616,60.9900146189157,62.05111312866211,2610570.0
2015-01-09,62.42019603377258,62.88154263115509,60.43640425710967,60.89775085449219,2229956.0
2015-01-12,61.49749755859375,62.32792277049683,60.57480444305472,61.49749755859375,2203256.0
2015-01-13,62.09724865752172,62.14337908892516,59.65211052626845,59.7905158996582,1905195.0
2015-01-14,59.975049722206094,61.45135723052712,59.65210855469673,60.3902587890625,4334014.0
2015-01-15,61.08228341024369,62.696996414709545,60.3902635511869,61.58976745605469,3326038.0
2015-01-16,61.26682802727365,64.35784874548273,60.66707605756974,63.850364685058594,3696635.0
2015-01-19,64.54238017416733,64.72692301976537,63.25061545292986,63.988765716552734,2531880.0
2015-01-20,64.03490318784968,65.18826957437582,63.66582453624336,63.988765716552734,2567236.0
2015-01-21,64.21944113233616,64.54238232339932,61.359093806420994,61.9127082824707,2280435.0
2015-01-22,62.281785473518354,62.69699456083921,61.08228160411837,61.68203353881836,1538221.0
2015-01-23,62.18951887096304,63.06607453568926,61.174557827703744,61.728172302246094,1858617.0
2015-01-27,61.95884812510338,62.60473053193339,60.52867088764945,60.85161209106445,2253904.0
2015-01-28,59.97505495602937,61.58976797407631,59.97505495602937,60.62093734741211,1718217.0
2015-01-29,60.5286725522094,61.4513657528211,60.29799925205648,60.57481002807617,2424042.0
2015-01-30,60.89775209786467,65.41895025244243,60.57481088102138,64.31171417236328,7507502.0
2015-02-02,63.94263604612034,66.15709390294316,63.48128948601728,64.17330932617188,2969579.0
2015-02-03,64.5423862768897,65.0037328751222,61.958849550541984,62.74313735961914,2786069.0
2015-02-04,63.296748265626775,67.44886741330828,63.296748265626775,65.4189453125,7416252.0
2015-02-05,65.74188481468634,68.18702299115054,62.743132174016445,64.17330932617188,6354763.0
2015-02-06,63.89649565039658,65.04986199787666,61.1745538861794,62.23564529418945,4308245.0
2015-02-09,61.68203242168112,65.09600112067078,60.57480351581888,61.12841796875,5906794.0
2015-02-10,61.22068299887046,62.97380121723141,58.36033592659175,59.00622177124024,5201364.0
2015-02-11,56.28427902398275,61.49749643985975,56.28427902398275,60.94388198852539,7543839.0
2015-02-12,61.63590319794441,61.7281711019757,57.85285929614762,59.51370620727539,4692296.0
2015-02-13,59.05236021312261,61.036151846950176,59.05236021312261,60.20572662353516,3043995.0
2015-02-16,60.52866175558525,62.37404782764328,60.067315237570746,61.26681900024414,3588591.0
2015-02-18,61.72817030762911,62.92766712377996,61.2668237538196,61.63590240478516,3679861.0
2015-02-19,62.281785473518354,62.55859622479214,60.20572595773441,61.68203353881836,3293919.0
2015-02-20,62.09724514626784,66.3416317728223,61.22068252409061,65.14212799072266,9783809.0
2015-02-23,65.64961168307663,66.71071009473916,63.66582022467963,64.12716674804688,5517855.0
2015-02-24,64.26557731158302,65.3728062413953,61.68203375590125,62.69699478149414,6080622.0
2015-02-25,63.20448459861684,65.28054431171009,62.92767382103487,64.45011901855469,5608963.0
2015-02-26,64.9575903914467,65.1421261806779,63.48128295882978,63.89649200439453,3043421.0
2015-02-27,64.3578505191282,66.80298890017447,64.3578505191282,66.24937438964844,4693508.0
2015-02-28,73.0,75.15,69.0,72.35,14798157.0
2015-03-02,67.35660307922157,67.63341385291754,63.20448371132435,64.08103942871094,6786533.0
2015-03-03,64.77306253242112,68.18703173891849,64.45012130683656,67.7256851196289,7882119.0
2015-03-04,68.18702217934381,68.46382588835623,63.204477981632905,63.988765716552734,6849501.0
2015-03-05,64.0810403283089,64.9114656214643,63.29675251128066,64.45011901855469,2953947.0
2015-03-09,64.21944151255249,64.21944151255249,61.26682626307952,61.58976745605469,2874800.0
2015-03-10,61.912706958249565,62.18951771014884,59.32917044541228,60.34413146972656,2874606.0
2015-03-11,60.71321102553453,61.03615221447664,59.55984460817703,59.88278579711914,2455093.0
2015-03-12,60.29799669397578,61.7281739100863,60.06732340360893,61.31295776367188,2416232.0
2015-03-13,61.63590547024581,61.91270919254449,58.82168853620693,59.0984992980957,2807104.0
2015-03-16,59.23689715334947,59.3753025331581,57.945128860914025,58.083534240722656,1963138.0
2015-03-17,58.49874240451184,59.28303011090159,56.37654551466712,57.391510009765625,4717095.0
2015-03-18,57.57605064262732,59.55984220847194,57.25310594690189,59.28303146362305,3115876.0
2015-03-19,59.92891701280257,60.39026358577131,57.71445557442966,58.083534240722656,2608627.0
2015-03-20,58.03739770425743,58.22193350939559,55.86906679593539,56.1458740234375,2527173.0
2015-03-23,56.65336474434775,56.65336474434775,55.73067153039938,56.09974670410156,1691304.0
2015-03-24,56.09974189345613,56.83789569735786,55.038646900283325,56.05360794067383,2346889.0
2015-03-25,56.05360694390529,56.23814627154791,54.94637449784448,56.00747299194336,3426908.0
2015-03-26,55.54612398006636,56.46881705774256,55.36158466057216,55.73066329956055,4890686.0
2015-03-27,56.09974380482485,58.03740156585398,54.34662890080241,56.46882247924805,6685336.0
2015-03-30,56.97630219670185,57.622188107748975,56.14587695109911,57.43764877319336,1648280.0
2015-03-31,57.437646371981295,58.26807158286766,56.46881930581047,56.83789443969727,2298929.0
2015-04-01,56.79176249912902,58.03740035957093,56.28428197219122,57.760589599609375,1849687.0
2015-04-06,58.12966863793064,58.22193654531092,56.56108957390048,57.43764877319336,1463456.0
2015-04-07,57.43764887873952,59.14462980697681,56.60722363161081,58.77555465698242,2196000.0
2015-04-08,59.329169000908,60.713208647527104,58.775551030383454,60.11345672607422,3269101.0
2015-04-09,60.43639937382971,60.75934055798564,58.82168641346021,60.34413146972656,3174133.0
2015-04-10,60.528666622778175,62.281784940121774,59.65211098390126,61.820438385009766,2228610.0
2015-04-13,62.1433810339466,62.88153835540234,61.45136118492805,62.05111312866211,1551389.0
2015-04-15,62.32792812221416,62.32792812221416,60.48254173268409,60.89775085449219,1399182.0
2015-04-16,60.94388781744205,61.220691549789,58.96009605746565,59.37530517578125,2303730.0
2015-04-17,59.42144049390589,60.15959079295912,58.45260986688525,59.0984992980957,1686033.0
2015-04-20,59.5137066319589,60.20572647651656,58.12966694284358,58.867820739746094,3178608.0
2015-04-21,58.96009157240675,59.83664721754523,58.26807173479538,59.32917022705078,1276806.0
2015-04-22,59.51370224925166,60.06731667621055,58.31420197764428,59.00622177124024,1328122.0
2015-04-23,59.74437776157799,59.92891356431071,57.99125947725854,58.26807022094727,2217389.0
2015-04-24,58.36034022526132,58.49874560209296,55.86906808085639,56.192012786865234,1846347.0
2015-04-27,56.00747523248277,56.42268785634023,52.50124194618824,53.60847091674805,2272512.0
2015-04-28,53.6084661029852,54.57729664492165,52.27056396372961,53.56233215332031,3751352.0
2015-04-29,53.83914313644451,54.807973746137925,53.51620194641004,53.88528060913086,2330415.0
2015-04-30,54.20821875856634,54.20821875856634,52.3166986377583,52.593505859375,3765555.0
2015-05-04,53.147123027572746,55.03864676515796,52.9164497444326,54.715702056884766,3733781.0
2015-05-05,54.53116108991454,56.46881872201901,54.06981453747941,56.1458740234375,2571609.0
2015-05-06,56.05360909142792,56.05360909142792,52.778049099509246,53.10099029541016,2555639.0
2015-05-07,53.10099213594517,53.42393686283472,51.624684446663466,52.17829895019531,2221507.0
2015-05-08,52.824180603027344,54.39275959563517,52.22442867297895,52.824180603027344,2260180.0
2015-05-11,53.2855263430043,54.62343203739368,52.4089671970392,54.11595153808594,2481390.0
2015-05-12,54.39275484171223,54.76182994196613,51.024923873102296,51.62467575073242,2923889.0
2015-05-13,52.31670039954614,52.68577553419891,50.84038930155033,51.67081451416016,3844696.0
2015-05-14,51.80922280363731,53.28553046487601,51.20947083637435,52.962589263916016,3942371.0
2015-05-15,53.239395116730336,53.74687564200919,51.7630839743432,52.40896987915039,2917936.0
2015-05-18,57.20697756842725,62.09725427317733,55.54613053652872,61.0361557006836,24830782.0
2015-05-19,60.48253903850585,63.57355969536196,59.74438169973868,62.28178787231445,11591423.0
2015-05-20,62.0972548235229,63.43515714009603,60.43640425710967,60.89775085449219,3434813.0
2015-05-21,61.08228392399695,61.08228392399695,59.652113760338,60.62093734741211,2302440.0
2015-05-22,60.62093825832187,61.72817428251724,59.8827879484485,60.15959167480469,2150791.0
2015-05-25,60.15958915128269,61.63590378828268,59.88278543653762,60.20572662353516,2037976.0
2015-05-26,60.297997977839,60.99001786367401,59.14463150144732,59.69824600219727,2280045.0
2015-05-27,59.052358364930114,59.97505146438215,58.72941718803984,59.467567443847656,1191361.0
2015-05-28,59.5598429126424,61.91270611331701,59.0984963588329,61.63590240478516,3421039.0
2015-05-29,62.004975486189736,63.20447937036846,61.17455730131668,61.8665771484375,3444190.0
2015-06-01,62.05111000520243,62.88153519014165,60.99001154886842,61.40522766113281,1835604.0
2015-06-02,61.3590926593605,61.728171316357326,57.57605226422015,57.85285949707031,3528436.0
2015-06-03,57.85285796182811,58.68327963834167,54.62343211808741,56.7917594909668,3224375.0
2015-06-04,57.16083678817119,57.71445122610522,55.26931668546936,57.06856536865234,2284158.0
2015-06-05,56.74562936181918,58.31420843838132,56.14587739967053,57.622188568115234,2012662.0
2015-06-08,57.6221932825465,58.175807816136,55.96134616198263,56.65336608886719,1615818.0
2015-06-09,56.7456296401404,56.7917635944254,55.3615898928199,55.96134185791016,1622806.0
2015-06-10,56.00747019575058,58.59101009437839,55.91519877663849,58.22193145751953,2734874.0
2015-06-11,58.86782236209925,59.60597617934473,56.3304161954588,56.93016815185547,3124389.0
2015-06-12,56.74563087140658,57.89899735253273,56.51495757518135,57.5299186706543,1887598.0
2015-06-15,57.62219239135782,59.92892192550162,57.114711823450286,58.96009826660156,2392611.0
2015-06-16,58.867821761974426,60.11345961568544,57.66832138120437,59.74438095092773,2686438.0
2015-06-17,60.29799288263435,60.5286661584207,59.23689440609918,59.7905158996582,2644439.0
2015-06-18,59.51370401985958,62.05111000520243,59.51370401985958,61.40522766113281,3310600.0
2015-06-19,61.912710270891694,62.83540344047157,61.22069039370679,62.00497817993164,2812191.0
2015-06-22,62.46631779471083,63.85035739464909,62.097246199732176,63.52741622924805,3136999.0
2015-06-23,63.481288730235086,64.9575962970706,63.06607260733181,63.988765716552734,3260049.0
2015-06-24,64.58851554526842,65.09599955467421,62.604724017031565,63.06607055664063,6747295.0
2015-06-25,63.01994211951346,64.08103356250093,62.65086346823576,63.15834045410156,4583839.0
2015-06-26,61.95884159454795,63.38901164166954,60.89774314694837,62.23564529418945,3598133.0
2015-06-29,60.29799431510183,60.436399691779606,58.40647411267688,59.190765380859375,3113959.0
2015-06-30,59.14462746397131,61.95884429009215,59.14462746397131,61.68203353881836,4383569.0
2015-07-01,63.019942925914215,66.80298331084136,62.6508642699138,64.17330932617188,16030004.0
2015-07-02,64.68078635067512,67.26432990437212,63.75809323001045,65.69574737548828,12765440.0
2015-07-03,65.97255411282391,67.07978297440617,65.18826641590402,65.5112075805664,5870038.0
2015-07-06,63.804239822682575,66.7107249761757,63.11221988325997,66.43391418457031,3270686.0
2015-07-07,66.43390064508142,67.31045624053492,65.0498610483089,65.5112075805664,3909490.0
2015-07-08,64.58851891830439,68.87904336865259,63.25061669940404,67.86408233642578,9977616.0
2015-07-09,68.55610714883673,68.64837506034395,66.43390998621858,66.75685119628906,6686350.0
2015-07-10,67.21819525089198,67.91021512040615,66.29550209153975,66.80298614501953,4200841.0
2015-07-13,67.21818239938494,68.18701284730925,66.48003223678487,67.40272521972656,3147332.0
2015-07-14,67.8179531225422,70.07854874412398,67.8179531225422,68.74064636230469,6910608.0
2015-07-15,69.01744256840536,69.34038372617466,67.12591901068772,67.44886016845703,3833784.0
2015-07-16,67.91021343877945,68.14088672290545,66.89525239654299,67.07978820800781,3055451.0
2015-07-17,67.17206282672656,68.83290624060452,67.07978788185284,68.233154296875,2818279.0
2015-07-20,68.55610877677393,71.04737764457877,67.63341556061057,70.67829895019531,5511650.0
2015-07-21,72.38526932783714,72.61594259789345,69.29424891700036,69.70946502685547,8781247.0
2015-07-22,69.66333069790417,71.41644903729258,69.29425204125558,71.18577575683594,2648448.0
2015-07-23,70.67829119879437,72.84661861105623,70.58602329521531,71.32418060302734,3721767.0
2015-07-24,71.23190907627294,71.50871983987626,69.57106561342344,69.98627471923828,2688669.0
2015-07-27,69.4787959945903,69.80173718444871,66.94138986920419,67.07978820800781,3316578.0
2015-07-28,67.07979240635954,67.95635516465417,65.23440601785347,66.75685119628906,5326688.0
2015-07-29,66.84911199472161,67.35659601339815,65.74188309526873,66.61843872070312,3016494.0
2015-07-30,67.03366581183053,68.971320222883,66.34164587648388,68.60224151611328,5779915.0
2015-07-31,68.83290464173032,70.03240850132687,67.91021153114524,68.64836883544922,4473134.0
2015-08-03,68.74064395719188,70.58603037215005,68.46383317911196,69.80174255371094,3206172.0
2015-08-04,69.98627055237397,70.67829038059043,68.74063626950228,70.30921173095703,3106564.0
2015-08-05,70.58601951190013,70.95509814602404,69.47879064911787,69.84786224365234,2479635.0
2015-08-06,69.75559555577667,70.21694209654184,68.09475223277576,69.0635757446289,2588552.0
2015-08-07,69.1558480266722,70.77056102166071,68.74063892951115,69.75559997558594,2051584.0
2015-08-10,69.66332739456973,71.87779218986469,68.92517011627491,70.2169418334961,4519478.0
2015-08-11,70.95510455261963,70.95510455261963,63.89650055618449,64.26557922363281,7776489.0
2015-08-12,63.66582091588938,64.49624607488407,60.15958448439596,60.66706848144531,6606109.0
2015-08-13,61.17455640902194,62.097249525057926,58.22193421395289,58.49874496459961,4229736.0
2015-08-14,59.05236162244393,60.52866925508702,58.175802425651774,59.60597610473633,3927101.0
2015-08-17,59.92892192550162,60.29800062205,58.591019570053184,58.96009826660156,2768581.0
2015-08-18,59.88278652164234,61.58976743206624,59.42143994911749,60.75934219360352,4158163.0
2015-08-19,60.80548332822909,61.68203905297403,60.06732595190355,60.57481002807617,2570712.0
2015-08-20,60.34412779942295,60.89774222995924,58.12966303768837,58.36033630371094,3265304.0
2015-08-21,56.6533602127426,58.86782163721053,55.73066707259887,58.40647506713867,2934750.0
2015-08-24,55.8229341109216,56.60722185993392,47.56482993104942,48.85660171508789,6226777.0
2015-08-25,50.655851113665854,51.62467813631957,46.59600018470441,51.07106018066406,6911951.0
2015-08-26,50.65585263364432,53.14712118956547,48.90273433448994,52.13216018676758,4438750.0
2015-08-27,53.42393456970675,54.39276166919988,52.501241423561865,53.74687576293945,9423943.0
2015-08-28,54.30048923620937,55.22318236525147,52.91644954264623,53.70074081420898,2990827.0
2015-08-31,53.51620293458228,54.346628181140375,52.82418306904889,53.93141555786133,3097202.0
2015-09-01,53.423932236305866,53.423932236305866,49.871561666928194,50.97879409790039,2850943.0
2015-09-02,51.39400863647461,52.03989453886738,50.286776163772,51.39400863647461,2056031.0
2015-09-03,51.94762109714244,53.51620007928742,51.57854596709324,53.14712142944336,2705740.0
2015-09-04,53.23938946897592,53.28552341732637,49.271810074328734,50.84038543701172,2576796.0
2015-09-07,51.4862719540449,51.947618483238486,48.99499999244062,50.19450378417969,2811527.0
2015-09-08,50.05610569439945,52.77805131630279,49.73316448493431,51.8553581237793,2112683.0
2015-09-09,52.82418479787536,53.42393677555096,51.99375952413916,52.501243591308594,1899625.0
2015-09-10,52.12888740138859,54.22335162733724,50.639492038891234,53.66482925415039,2896178.0
2015-09-11,53.525198156246674,56.41090307122744,53.525198156246674,55.48003005981445,3279300.0
2015-09-14,55.898922660286665,57.20214627416958,55.66620441145034,56.78325271606445,2526300.0
2015-09-15,56.78325261225326,57.15560323011012,54.03717657080521,54.50261306762695,2706075.0
2015-09-16,55.15422605532985,55.7127484430856,53.99063478833977,54.73533248901367,1967316.0
2015-09-18,55.38694351639491,56.59707770655338,54.96804995607118,56.08509826660156,2996226.0
2015-09-21,54.9680518834358,57.20214858283152,54.9680518834358,56.45745086669922,1545492.0
2015-09-22,56.87633640166887,57.667580547795936,54.45606812751218,54.82841873168945,2363657.0
2015-09-23,53.99063820110277,55.759298459124686,53.15285101551366,55.43349075317383,2791189.0
2015-09-24,55.43348905473879,56.224733272663,54.73533427180505,55.06114196777344,2060372.0
2015-09-28,55.6196596071589,56.78325081232959,54.64224370501523,55.666202545166016,2120127.0
2015-09-29,54.73533063435039,56.92288427276746,53.292478222372345,56.64361953735352,2500086.0
2015-09-30,57.15560297168189,60.22747957561759,56.92288472432325,59.71550369262695,3923209.0
2015-10-01,59.94822159894296,60.46019747902098,58.13301856967243,58.924259185791016,2003739.0
2015-10-05,59.5758752526802,61.763425501715,59.203524611951394,61.25144958496094,3665442.0
2015-10-06,61.43762161178991,61.80997225407911,59.94822614463092,60.59983444213867,3447618.0
2015-10-07,61.065262908777314,61.85650348044807,60.04130410414476,60.50674057006836,3383399.0
2015-10-08,60.50674498550536,60.92563499460606,58.69154192574045,59.11043548583984,2514575.0
2015-10-09,59.62241982709725,61.297987003452775,59.43624096172606,60.87909698486328,3055451.0
2015-10-12,61.39107637307449,63.39245490203857,60.83255394922352,61.57725524902344,3466118.0
2015-10-13,61.76342475101841,63.02010193395594,61.3910741148153,62.694297790527344,2618104.0
2015-10-14,62.55466271397633,63.29936395423689,61.67033620541461,62.135772705078125,1788743.0
2015-10-15,62.27540660549988,63.20627962769869,62.042688349950176,62.46157836914063,1881733.0
2015-10-16,62.7408361450822,62.97355437477316,61.623784381367535,61.80996322631836,2541421.0
2015-10-19,61.670340693448495,62.22886311329147,60.55329585376254,61.53070831298828,2048672.0
2015-10-20,61.903056018958175,64.04406681229258,61.43761950753744,63.2528190612793,6499506.0
2015-10-21,63.29936305289033,63.29936305289033,60.08785409174112,61.20489883422852,3296206.0
2015-10-23,61.85650606234742,62.88047201171732,61.43761606633039,61.71688079833984,3258482.0
2015-10-26,61.8099707001564,62.042688957986805,60.04131052024576,60.27402877807617,2511879.0
2015-10-27,60.5067424850169,61.76341956238322,59.85513425290016,60.92563247680664,3418944.0
2015-10-28,60.786013314282165,61.67033987547093,60.13439791477663,60.59983444213867,2893369.0
2015-10-29,60.59983019179087,60.78600905087616,59.43623895499766,59.71550369262695,3972131.0
2015-10-30,59.76204730345879,60.22748383106204,56.78325636759708,57.5279541015625,3069052.0
2015-11-02,57.52795079313472,59.110435606176985,56.69016722222906,58.36573791503906,4832369.0
2015-11-03,58.6915415646474,60.413658734238936,58.226105067622434,59.01734924316406,5356305.0
2015-11-04,60.04130565460318,63.39244687539093,60.04130565460318,63.06664276123047,12508850.0
2015-11-05,62.415040168340624,64.46295801539527,62.08922892276576,63.485538482666016,7683946.0
2015-11-06,63.81135325229768,64.60259395953882,59.71551022999298,61.01873397827149,7364434.0
2015-11-09,59.85514328294903,62.833934367731096,59.11044196075444,61.99614715576172,4075254.0
2015-11-10,61.530705622964334,62.368492767101024,59.99476370904666,60.97218322753906,2904894.0
2015-11-11,66.25,66.9,66.1,66.3,414761.0
2015-11-13,61.29798558528434,63.76480045390039,60.97218145591936,62.135772705078125,2415805.0
2015-11-16,62.08923117809271,63.950977325585725,61.5307087542444,63.15973663330078,2319585.0
2015-11-17,63.625166587944,63.85788483230517,61.90305300007079,62.6012077331543,1829242.0
2015-11-18,62.601215755321086,62.97356641441407,60.87910194676392,61.11182022094727,1415037.0
2015-11-19,61.25145293556528,62.27541192708423,61.25145293556528,61.99614715576172,1039637.0
2015-11-20,61.9961398901773,62.83392700396293,61.76342164201447,62.08922576904297,1197885.0
2015-11-23,62.135778744792894,62.46158290582665,61.62379570459837,61.85651397705078,1122228.0
2015-11-24,62.0426868255449,62.694295084274856,61.57725032588139,62.135772705078125,1994342.0
2015-11-26,62.508125221636526,63.392451757027736,62.135774590209536,62.554664611816406,5074188.0
2015-11-27,62.36849248732025,63.48553727315981,61.99614185804122,62.46157836914063,1697332.0
2015-11-30,62.554663889028426,62.8339286348713,62.04268799097983,62.36849212646485,1145699.0
2015-12-01,62.60120378686828,62.694289658345305,61.2514408954594,61.80996322631836,1308848.0
2015-12-02,62.08923037268334,62.32194863810119,60.83255315982652,61.4376220703125,1266540.0
2015-12-03,61.34452870421596,65.48691048273406,61.06526397896884,64.46295166015625,4882565.0
2015-12-04,64.97493795187611,65.11456321965736,63.29936371852792,63.62516784667969,3775197.0
2015-12-07,63.76479903715022,64.23023552647248,62.60120781384456,63.39244842529297,1330174.0
2015-12-08,63.48554198872949,64.13715741386778,60.46020444186779,61.01873397827149,2017724.0
2015-12-09,60.92563891426114,61.06527129361043,57.29523611216783,58.31919860839844,3706613.0
2015-12-10,59.5293282299383,59.5293282299383,58.3191940570159,58.970802307128906,1499880.0
2015-12-11,59.43624434595657,59.43624434595657,55.94547031895836,56.96943283081055,2227689.0
2015-12-14,56.59707758782167,57.85375826615655,55.85237989936323,56.82979583740234,2874824.0
2015-12-15,57.24868960283283,59.01734972640926,56.36435954104461,58.36573791503906,3757558.0
2015-12-16,58.69154390299146,58.69154390299146,57.52795261407015,57.99338912963867,1985349.0
2015-12-17,58.31919618503238,59.66895922465983,57.71412730099343,59.38969802856445,2242149.0
2015-12-18,59.29661356889148,60.64638019188722,58.59845878641081,59.62242126464844,2506961.0
2015-12-21,60.2274793580541,61.85650708367995,59.156977554670576,61.20489883422852,1979760.0
2015-12-22,61.43762085829911,61.577253235194775,59.1104382500302,59.62242126464844,2400856.0
2015-12-23,60.274029579831975,61.15835613055166,59.85513955096428,60.41366195678711,1473708.0
2015-12-24,60.78600883129506,61.90305357378245,60.41365821646684,61.20489883422852,1725561.0
2015-12-28,61.39107146481757,62.36849095490987,60.97218145591936,62.135772705078125,1593429.0
2015-12-29,62.55466307902015,63.1131925634736,61.530704194184494,62.22885894775391,1833270.0
2015-12-30,62.740839733479554,62.83392561028054,61.85650614887731,62.50812149047852,1783507.0
2015-12-31,62.64775888786727,64.69567674994411,62.46158001731627,64.32332611083984,5464433.0
2016-01-01,64.50950624028542,67.39521132116157,63.811351441589686,66.09198760986328,2568252.0
2016-01-04,67.02285383034052,72.70117752612272,67.02285383034052,69.25695037841797,16707834.0
2016-01-05,69.35003212056391,71.58412853545123,67.44173980530675,70.00164031982422,7153245.0
2016-01-06,69.81547429011418,71.81685264016357,68.2795324353322,69.58275604248047,4267233.0
2016-01-07,68.13990587901952,68.51225652739626,65.71963731756762,66.18507385253906,4162276.0
2016-01-08,66.83668138217607,68.65188081374056,66.83668138217607,67.6744613647461,2890248.0
2016-01-11,66.13852521919435,68.23298933392186,66.09197873140164,67.30211639404297,2726497.0
2016-01-12,67.67447015810431,68.51225735153022,65.16111567982456,66.32470703125,3521542.0
2016-01-13,66.79013279901035,67.39520162455754,60.36710815473403,64.23023223876953,6248072.0
2016-01-14,63.29936136894075,63.29936136894075,60.27402424468991,60.92563247680664,3470430.0
2016-01-15,61.43762020948456,62.04268910164416,56.36436146683494,57.24869155883789,4301203.0
2016-01-18,57.01597310728946,57.5744955050838,52.73395858820275,54.9215087890625,4247712.0
2016-01-19,54.87496486145198,56.45744969475824,53.66483065398205,54.73533248901367,3435153.0
2016-01-20,53.94409179136284,53.94409179136284,49.941338547308895,52.45469284057617,6408217.0
2016-01-21,53.61828068569992,54.87496130316072,51.989253017545856,54.03717422485352,4053955.0
2016-01-22,55.6662078002706,57.202149756494165,55.01459595366063,56.69017028808594,3815033.0
2016-01-25,57.24869155883789,58.45882579215828,56.13164320846568,57.24869155883789,2469937.0
2016-01-27,57.94684902619561,58.03993491346861,56.96943300583307,57.80721664428711,2310482.0
2016-01-28,57.714129083868265,59.29661397862572,57.295235501285575,58.22610855102539,4597056.0
2016-01-29,59.11044124405215,60.27403260712404,57.80721749701201,59.482791900634766,4497153.0
2016-02-01,60.27403144046124,61.763426935964944,59.2966154245995,60.83255386352539,3053594.0
2016-02-02,60.59983430386339,61.15835671502386,58.08647990264238,58.27265167236328,2332228.0
2016-02-03,57.807213800810224,58.08647855089047,55.01459470799816,55.71274948120117,2599568.0
2016-02-04,56.41090524707516,58.272651341711295,55.06114216926306,55.89892578125,3918297.0
2016-02-05,56.45744865329756,57.85375814792818,56.224730404192464,57.574493408203125,1755984.0
2016-02-08,57.80721530792468,59.38970021197552,57.1090605165198,57.5279541015625,2970320.0
2016-02-09,56.82979505960039,57.24868861331216,54.362983778406445,55.15422439575195,4198457.0
2016-02-10,54.87496350222948,55.433485876150925,53.52519695575421,54.45606994628906,2976893.0
2016-02-11,53.99063337576717,54.68878811769519,49.15009312153314,50.63949203491211,6452897.0
2016-02-12,51.19801417346249,51.57036478785077,46.86945337294303,49.10354995727539,5570378.0
2016-02-15,50.267148242417576,51.430739636917984,49.38281807239744,49.70862579345703,5304324.0
2016-02-16,50.63948950837677,50.63948950837677,46.82290831232351,47.14871597290039,4096377.0
2016-02-17,47.42798356046823,47.47452650370344,43.564858904963366,44.58882141113281,7777824.0
2016-02-18,45.519692508553526,49.98788233461429,44.86808067848244,48.77774810791016,8352360.0
2016-02-19,48.82429222822397,50.63949538761626,48.07959449772938,49.80170822143555,3599306.0
2016-02-22,50.2671401565574,51.57036372916386,49.98787897699845,51.15147018432617,3368947.0
2016-02-23,51.803086720963314,52.03580498376908,50.2671447660457,50.59294891357422,4824039.0
2016-02-24,50.08096467361233,51.61690648217699,49.52244231649711,51.10492706298828,3424369.0
2016-02-25,51.70999540264116,51.94271365697437,50.59294707164196,50.96529769897461,5213684.0
2016-02-26,51.70999758424599,52.50124181296016,49.84825147103462,52.17543411254883,6140370.0
2016-02-29,52.73395682795146,56.038555265091695,50.40677432982472,50.77912139892578,20595941.0
2016-03-01,51.15147551150268,52.03580563137013,50.63949603715804,51.47727966308594,6849736.0
2016-03-02,52.12889063283711,53.47865726120856,51.75653999363158,52.03580474853516,4767160.0
2016-03-03,52.59432521286824,52.82704346602252,51.05838332165047,52.45469284057617,3361127.0
2016-03-04,52.45468865664055,53.43210808272577,51.66344807942709,52.361602783203125,3066895.0
2016-03-08,52.82704170417896,54.17680823765726,52.22197284575808,53.618282318115234,4136511.0
2016-03-09,53.61828265504423,55.06113862634552,53.29247852984636,54.40952682495117,4183040.0
2016-03-10,54.82841780454348,55.57311544930669,53.525194262959005,53.89754486083984,2670464.0
2016-03-11,54.13027031535066,54.68879273565565,53.15285075331851,53.85100555419922,3007943.0
2016-03-14,54.45607381143254,54.735335018214464,51.94271584839741,52.17543411254883,2512767.0
2016-03-15,52.17543258838125,53.19939505133448,51.66345313240403,51.84962844848633,2970770.0
2016-03-16,51.98925353658761,52.408147079923296,50.73257645757911,51.10492706298828,2239710.0
2016-03-17,51.70999607367491,53.106305617793936,51.43073487505086,51.84962844848633,3556007.0
2016-03-18,52.54778343757359,53.15284877859153,51.24455977061386,52.68741226196289,3839559.0
2016-03-21,52.873587217154366,53.339023730599386,52.22197538813158,52.59432601928711,3552381.0
2016-03-22,52.68741208192906,53.47865628809335,52.31506500049775,52.640869140625,2401661.0
2016-03-23,52.5943250313188,53.89754866488371,52.17543146688731,52.40814971923828,2646987.0
2016-03-28,52.640868643648496,55.38694476664847,52.640868643648496,53.29248046875,8635956.0
2016-03-29,53.47865764617849,54.316441263923465,52.64087047743462,52.92013168334961,2774833.0
2016-03-30,53.52519774960835,55.014593136154495,53.19939361848848,54.595703125,4879935.0
2016-03-31,55.0145893350138,56.69016346785561,55.0145893350138,56.13163757324219,15010368.0
2016-04-01,55.8523841700489,57.10906139347542,55.43349057857375,56.17818832397461,3934481.0
2016-04-04,56.41090352297479,56.59707883694805,55.10768342715946,55.52657699584961,1504358.0
2016-04-05,55.61966306767588,55.85238132318917,53.66483114176377,54.08372116088867,2173062.0
2016-04-06,54.36298589892688,55.85238131355552,53.80445995519207,55.5731201171875,2199019.0
2016-04-07,55.75929224975727,56.08509636842754,54.7818727917493,54.968048095703125,1518919.0
2016-04-08,55.107679909323146,55.712745202363045,54.45606812751218,54.82841873168945,1438832.0
2016-04-11,54.82842143434012,55.61966206847119,54.54915669194213,55.38694381713867,2521251.0
2016-04-12,55.71274573843696,59.94822058546313,55.573116923775856,58.73808288574219,9017203.0
2016-04-13,59.948219564261855,60.73946015352524,59.11043248657245,59.25006484985352,4800900.0
2016-04-18,59.48278855936023,60.87909811661283,58.87771966415124,60.32057571411133,3810879.0
2016-04-20,60.925629692294656,62.13576732748636,60.55328620638653,61.80996322631836,3887526.0
2016-04-21,62.27540531866283,62.6012094493006,60.36711282178853,60.64637756347656,2081672.0
2016-04-22,60.50674748094594,61.34453463569703,59.90167858573695,60.32057571411133,2950015.0
2016-04-25,60.5532931821004,60.87909732080089,57.99338880960155,58.69154357910156,2492950.0
2016-04-26,58.97080463799709,59.99476354378915,58.13302104716688,59.43624114990234,2146862.0
2016-04-27,59.71550472233194,60.04130885385259,58.64499934562346,59.203521728515625,1605985.0
2016-04-28,59.11043845318701,59.76204674494274,57.155606475922106,57.38832473754883,4241285.0
2016-04-29,57.34177930530196,58.1330235400709,55.759297937761936,56.8763427734375,2149478.0
2016-05-02,56.82979731033148,58.17956390308275,56.22473197633868,57.853759765625,2003112.0
2016-05-03,58.13302312216219,59.71550802932492,58.03993368585915,59.06389617919922,4277752.0
2016-05-04,58.69154290553316,60.227481250206864,58.1795634573086,59.29661178588867,3821871.0
2016-05-05,59.29661110091229,59.668958172138574,57.76066922298257,58.41228103637695,1545433.0
2016-05-06,58.179558780199926,61.76341818066086,58.08647290655099,61.34452819824219,4857593.0
2016-05-09,61.90305401131163,62.36849050763728,60.50674452233468,62.08922576904297,3243529.0
2016-05-10,62.5546602381771,67.02285329890279,62.5546602381771,63.113189697265625,13379219.0
2016-05-11,62.321942999122015,64.13714956633746,61.34453063400343,62.6012077331543,3772480.0
2016-05-12,62.833930251239465,63.34591326445605,62.13577547067013,62.64775848388672,1446259.0
2016-05-13,62.78738364470944,62.92701602097,61.43762057885191,61.90305709838867,1613762.0
2016-05-16,62.36849440514958,62.36849440514958,60.27403004079754,61.25144958496094,1876561.0
2016-05-17,61.53070455218028,63.48553645314868,61.25144691032619,62.32194519042969,2555142.0
2016-05-18,62.042692856211545,62.46158290582665,61.43762392743567,61.85651397705078,1083860.0
2016-05-19,62.3684911985597,62.69429532919747,60.36711282178853,60.64637756347656,1757810.0
2016-05-20,60.59983676838456,61.20490569758155,59.15698418837521,59.482791900634766,1509779.0
2016-05-23,59.94822429480087,60.04131017700135,58.45882532260156,58.69154357910156,1369709.0
2016-05-24,58.92425908080723,60.13439324783198,58.17956140502267,59.6689567565918,1317847.0
2016-05-25,60.646380935674,61.15835685457357,59.57587550234173,60.59983444213867,3218427.0
2016-05-26,60.59982897229918,62.22885667102764,60.506743095628416,61.71688079833984,1431599.0
2016-05-27,61.90305597622085,63.43899788324839,61.67033772067114,62.46157836914063,2063413.0
2016-05-30,62.97356334734725,63.20628161019628,62.22886206543125,62.83393096923828,1677799.0
2016-05-31,62.78738236961743,62.78738236961743,59.34315503579019,60.08785629272461,3385067.0
2016-06-01,59.715504056192,60.50674468162922,59.11043518897624,59.808589935302734,1608302.0
2016-06-02,59.76204735627499,60.8790992847087,59.15698200045536,60.55329513549805,1016460.0
2016-06-03,61.111815926665166,61.43762006722822,59.57587400458494,60.27402877807617,1390820.0
2016-06-06,60.08786088692942,61.43762402857619,59.71551022999298,61.01873397827149,1403612.0
2016-06-07,61.623784381367535,62.228853198963385,61.11180853724548,61.80996322631836,1446931.0
2016-06-08,62.04268659451543,64.23023671438862,61.2514459684333,63.62516784667969,3593117.0
2016-06-09,63.85788803068748,64.36987103472407,62.55466437659231,63.20627975463867,2105779.0
2016-06-10,63.11319832989223,64.18369670157486,61.67034219988808,61.85651397705078,2391731.0
2016-06-13,61.4376147299076,63.53207886842718,60.92563176635957,62.97355651855469,4347736.0
2016-06-14,63.15973009922166,63.34590895590892,61.90305300007079,62.6012077331543,2703805.0
2016-06-15,62.833930195511634,63.7182567426494,62.415040168340624,63.485538482666016,2862060.0
2016-06-16,63.345914707877725,63.67171885916776,61.76342624132952,63.02010345458984,2937344.0
2016-06-17,63.485537316989664,63.85788794652576,62.83392904179965,63.2528190612793,2821951.0
2016-06-20,62.6477585114318,63.9509750874694,62.368493758282206,63.43899917602539,2701393.0
2016-06-21,63.53208539533564,63.99752191837839,62.41504058083212,62.7408447265625,1702807.0
2016-06-22,62.927014516153086,63.76480165168421,61.949602109698034,62.36849212646485,2240014.0
2016-06-23,66.37125003361474,66.55742179924715,64.60258985211634,65.62654876708984,10107752.0
2016-06-24,62.41504514717878,65.76618693785991,60.59983831331108,65.2076644897461,8640206.0
2016-06-27,65.1611119699912,67.58138042276278,64.83530783054076,67.1159439086914,6415689.0
2016-06-28,67.9071831246877,69.39658561978501,67.67446487257843,68.37261962890625,7883260.0
2016-06-29,68.83805084228516,69.48966615930694,68.27952850054997,68.83805084228516,4104588.0
2016-06-30,69.35005187988281,69.72240257212086,68.37263220050778,69.35005187988281,6378222.0
2016-07-01,69.67585114534377,70.65327075560239,68.60534564410771,69.86203002929688,4237476.0
2016-07-04,70.69980898957606,70.69980898957606,69.44313172701312,69.62931060791016,3018644.0
2016-07-05,69.72239301757743,70.37400131320054,68.60534109394067,68.93115234375,3291288.0
2016-07-07,69.35004031053397,69.76893033067105,68.23299552217003,68.60533905029297,3366554.0
2016-07-08,68.74496796730975,69.11731857870558,67.44174437842292,67.86064147949219,2031417.0
2016-07-11,68.32608140420076,69.02423617242762,68.18644903015588,68.60533905029297,2464736.0
2016-07-12,68.79152023755134,69.44312853575096,67.86064718183887,69.0707778930664,2759998.0
2016-07-13,69.3034973104254,69.5827620725861,67.39521177565356,67.72101593017578,2586219.0
2016-07-14,67.7210110862488,68.79151646196355,67.06940282381237,68.23299407958984,3122369.0
2016-07-15,67.48829490210599,68.60533970106593,66.92977250262601,67.20903015136719,2544649.0
2016-07-18,67.62792432937266,68.51225083149905,64.69567298243135,65.11456298828125,5134103.0
2016-07-19,64.2302369253976,65.6265464237758,63.95097218492301,65.1611099243164,2992771.0
2016-07-20,64.23024217113718,66.51087836395085,64.23024217113718,66.27816009521484,3098874.0
2016-07-21,66.37124840145843,67.02285666714559,64.78876002450791,65.34728240966797,3019448.0
2016-07-22,65.34727440672472,66.09197556373445,64.3233156423338,65.25418853759766,3341735.0
2016-07-25,65.34728445807096,66.13853222234772,64.88184793884824,65.673095703125,4268567.0
2016-07-26,65.76617834426672,66.41778659825488,64.78875886128718,65.11456298828125,1910877.0
2016-07-27,65.16110947243568,68.83805495186706,64.55604060693504,68.13990020751953,6816430.0
2016-07-28,69.07078252388735,69.16387551729822,66.55742794575602,66.88323211669922,8982189.0
2016-07-29,66.8832202016701,67.58137491588795,65.76617549972035,65.99889373779297,2947187.0
2016-08-01,66.18506953840678,67.16248903893496,64.64912765271853,65.34728240966797,4207186.0
2016-08-02,65.53346632026783,68.41917145085677,65.53346632026783,67.90718841552734,7372354.0
2016-08-03,68.13989227983565,69.90855218014212,67.34865174869753,68.0002670288086,12730491.0
2016-08-04,68.79151996554567,69.35004237636518,68.18645106132549,68.93115234375,4134127.0
2016-08-05,69.35004237636518,69.72239301757743,68.51225520913705,68.93115234375,2727124.0
2016-08-08,69.35003706729157,70.46708180341548,68.74496820939225,69.3965835571289,3315429.0
2016-08-09,69.3965812422241,72.42191832880536,68.74496591622379,72.00302124023438,10248366.0
2016-08-10,72.56154601014578,73.02698250053028,68.9311470667444,69.3965835571289,8401524.0
2016-08-11,69.35003756772392,69.35003756772392,66.27815386822046,68.04681396484375,6611156.0
2016-08-12,68.37262283093273,69.5827606393731,67.86064691351393,68.93115234375,4745433.0
2016-08-16,71.02561948172158,73.67860636311264,70.46708994711457,72.60810089111328,19006119.0
2016-08-17,72.32882894973261,76.238499794203,71.44450244431528,75.67997741699219,18424037.0
2016-08-18,75.63344082069628,77.26246877683435,74.09749875593788,74.60948181152344,12006204.0
2016-08-19,74.88872880613751,76.05232003744479,74.33020643550947,75.58688354492188,7367355.0
2016-08-22,75.86615229475242,78.65877139762674,74.84219337743136,77.91407012939453,13219302.0
2016-08-23,78.2864208478372,78.70531797491816,76.79702541176611,77.8675308227539,8677351.0
2016-08-24,78.10025434584155,78.10025434584155,76.79703058818782,77.44863891601562,5380771.0
2016-08-25,77.86753132088062,79.91544917082939,77.07629065621848,79.4965591430664,13025604.0
2016-08-26,80.00853773409523,80.70669253841368,79.2172970429339,80.05508422851562,8989666.0
2016-08-29,79.68273474476996,79.86891362317712,77.7744491795833,78.705322265625,4217600.0
2016-08-30,79.12420718255872,80.42743083890626,76.84357111044869,77.72789764404297,10101451.0
2016-08-31,78.5191413518543,80.05508332440822,78.05370482089843,78.37950897216797,5904160.0
2016-09-01,78.8449442371166,82.28917877208487,78.14678945189301,81.1255874633789,7866531.0
2016-09-02,81.91682586785336,83.08041714438536,81.63756112068666,82.24263000488281,4683538.0
2016-09-06,82.75461808728103,83.68549116564866,81.82374500891342,83.22005462646484,5579598.0
2016-09-07,85.64032486341287,91.13247755222702,85.54723897417834,89.73616790771484,13579686.0
2016-09-08,89.87579283706596,90.06196460009141,86.61773727013758,88.29330444335938,6785908.0
2016-09-09,87.59515460256823,88.99146420973562,85.22143253158241,86.15230560302734,6265648.0
2016-09-12,84.05783191894605,84.05783191894605,80.66014416260823,81.26521301269531,6529600.0
2016-09-14,81.2652174867251,91.22555595991705,80.98595273992635,88.24676513671875,20576430.0
2016-09-15,88.90182630469239,92.64506109646892,88.76145357207002,91.98999786376952,13939339.0
2016-09-16,92.92581054103869,94.89100746294544,90.16517048009344,91.6156768798828,17193604.0
2016-09-19,91.89640858253662,93.2065421491003,89.9780050919019,92.03678131103516,5546928.0
2016-09-20,91.24134454605534,92.41110537356889,90.44590861127683,90.86701965332033,2654706.0
2016-09-21,90.07159054162938,90.7734470913044,87.26416434292923,87.91922760009766,5284756.0
2016-09-22,89.08898026681109,90.77343868591625,88.38712378212617,90.30553436279295,5283432.0
2016-09-23,90.82023470337148,92.13036113576518,89.22935567315206,90.39911651611328,3843995.0
2016-09-26,90.399116398122,91.14776619250144,88.19996744415597,88.62107849121094,5727115.0
2016-09-27,88.6210846506486,89.22936175840235,85.72007899019312,86.28156280517578,5126981.0
2016-09-28,86.32835009786088,89.60368045387729,85.72007303238426,88.62107849121094,4441006.0
2016-09-29,89.13577847200281,90.67986425141709,77.34459030678674,79.54373931884766,19653614.0
2016-09-30,79.96484513814899,84.0824045669415,79.96484513814899,83.80166625976562,7623215.0
2016-10-03,85.48612374322265,90.30554000017848,84.40994230492707,89.60368347167969,8078140.0
2016-10-04,90.9605980672914,92.50468377015216,88.99540132712929,90.44590759277344,7280516.0
2016-10-05,90.91381708614152,91.70925305717608,89.2293585618829,89.60368347167969,5857772.0
2016-10-06,90.11837322691812,90.82022969398244,86.98340862897501,87.82563781738281,3332132.0
2016-10-07,88.29355519021829,89.83764107411041,86.79626260024729,89.65048217773438,3272512.0
2016-10-10,90.1183796974145,91.52209273232964,88.24676231752763,90.96060180664062,4271086.0
2016-10-13,90.02478400125662,90.02478400125662,85.81364532290911,86.98340606689453,4946510.0
2016-10-14,87.45131764977651,88.90182394901663,87.31095206052723,88.62107849121094,2762849.0
2016-10-17,88.6210846506486,88.85503683519588,85.7668722829642,86.28156280517578,3529120.0
2016-10-18,87.03020739390529,89.97800616904894,86.88983466372633,89.79084014892578,3650336.0
2016-10-19,90.2587521607836,91.24135421589338,89.27615724532806,89.65048217773438,4440392.0
2016-10-20,90.3055359816409,96.57545116802817,90.07158381588536,95.3121109008789,12969137.0
2016-10-21,95.68644489438498,98.49387115045496,94.93779503690465,97.65164184570312,11429715.0
2016-10-24,98.16634167336174,100.50586360485438,97.79201673639206,99.38288879394533,8111370.0
2016-10-25,99.42967914399648,99.66363133021764,97.09015728178478,98.25991821289062,3667285.0
2016-10-26,98.25991300436166,99.66362604728111,96.4818750553996,97.32410430908205,4187852.0
2016-10-27,97.04336086222958,100.59943683408676,94.75063236698868,99.8040008544922,6478066.0
2016-10-28,100.0379501143974,101.58203587659072,99.38287974940287,100.59943389892578,6110831.0
2016-10-30,108.0,108.6,106.7,107.25,996970.0
2016-11-01,100.1315359638869,100.59944033754992,96.85620534824574,97.37090301513672,6042447.0
2016-11-02,96.15433960398671,96.34149847971462,94.1423495614714,95.0313720703125,4627716.0
2016-11-03,95.35890833231264,97.41768462453396,93.58087036740127,94.04877471923828,5386358.0
2016-11-04,94.51667674252003,94.98458108282956,90.07158550957975,92.3175277709961,5773209.0
2016-11-07,93.58086698572411,96.66903845211444,93.58086698572411,94.7038345336914,2995703.0
2016-11-08,95.45248954914756,96.0607666457739,93.39371321865498,95.6396484375,3160173.0
2016-11-09,86.09440435947657,93.01939048588704,81.32178119791467,91.89641571044922,10580790.0
2016-11-10,93.20654296875,95.73323068498232,91.70925051079028,93.20654296875,4061254.0
2016-11-11,93.67444596037318,98.07275097068904,90.77344052612862,91.75604248046876,12189174.0
2016-11-15,92.31752785105334,92.31752785105334,78.32718377987462,80.9006576538086,10614885.0
2016-11-16,83.28697275032381,85.53291501646551,78.79508821804039,82.67869567871094,8444374.0
2016-11-17,83.84845703781785,84.31636138193475,81.88326022045761,82.8190689086914,3971558.0
2016-11-18,83.1933985049206,84.4567388773715,82.35116921006862,83.61450958251953,6694336.0
2016-11-21,84.0356207102463,84.40993846335374,78.1400232833089,78.42076873779297,5494281.0
2016-11-22,80.105224609375,81.78968315293692,78.7950909798995,80.105224609375,5296772.0
2016-11-23,81.0410295647843,81.36856117204354,79.07583278157526,79.73089599609375,3539601.0
2016-11-24,79.07583467984415,79.96485008369687,77.25101058155539,78.51435089111328,6325292.0
2016-11-25,79.1226297420088,80.71350170230868,78.32718662220495,80.105224609375,3688157.0
2016-11-28,79.96484563590882,85.34574532962067,78.9822508451969,84.08240509033203,5984847.0
2016-11-29,84.87784743686741,86.04760832844306,82.21079403200572,82.77227783203125,5735201.0
2016-11-30,83.66129405712026,84.87784100842833,82.16400165723546,84.08240509033203,4499709.0
2016-12-01,84.69068526151437,84.83105799098352,81.93005252045353,82.53832244873047,3043824.0
2016-12-02,82.3511588076623,84.1291966189402,80.24558940633003,81.74288177490234,4310975.0
2016-12-05,81.50894310659068,83.05302901766692,80.47955487909131,81.93006134033203,2724013.0
2016-12-06,81.41536171403853,82.77228155341082,80.99425063000001,81.36856842041016,2211883.0
2016-12-07,81.69610521511325,82.164009581432,79.07583790786671,80.5263442993164,2542111.0
2016-12-08,81.60251649636604,85.06501300037901,81.60251649636604,84.26957702636719,5760747.0
2016-12-09,85.11179590467636,85.34574807279218,83.61450345666577,84.0356216430664,2125742.0
2016-12-12,83.75488233283424,83.84846177901832,81.22820158759362,81.83647155761719,1840066.0
2016-12-13,82.25758381553882,82.25758381553882,80.94745024491583,81.5089340209961,1566823.0
2016-12-14,81.93005362406979,81.93005362406979,79.87127022331516,80.15201568603516,2880789.0
2016-12-15,79.5437384121961,82.21079174279194,78.79508860657279,81.04103088378906,2257549.0
2016-12-16,80.10522682452067,81.08782885871261,79.35658411529955,79.9180679321289,1853853.0
2016-12-19,79.96485059723702,80.15201662111845,78.42077195322437,78.79508972167969,2953229.0
2016-12-20,79.45015972021157,79.45015972021157,75.42617947145482,75.84729766845703,3857798.0
2016-12-21,76.31520670647943,77.53175380227985,75.42618410683055,76.64273834228516,2459994.0
2016-12-22,76.17483055858526,78.14002742517998,74.58395146493898,77.29779815673828,3206233.0
2016-12-23,78.14002578258842,80.38596807133608,77.76570087785485,79.40336608886719,7307297.0
2016-12-26,79.40336288307759,79.40336288307759,75.8940804297331,76.50235748291016,2422419.0
2016-12-27,77.06384745218803,77.9996561817584,75.00507110299485,77.71891784667969,2482876.0
2016-12-28,80.94745185860957,80.94745185860957,79.02904118413363,79.40336608886719,5860675.0
2016-12-29,79.73089629771415,81.0410298713609,79.07583308071757,80.61991882324219,3449641.0
2016-12-30,81.4153597467422,82.91265229116527,81.0878281182206,82.44474792480469,3685999.0
2017-01-02,88.85,89.4,87.5,88.75,2708647.0
2017-01-03,88.95,91.75,88.0,91.35,4699690.0
2017-01-04,92.1,95.45,92.05,92.9,10306492.0
2017-01-05,93.65,94.15,92.8,93.15,2841652.0
2017-01-06,93.15,93.45,91.25,91.95,2492945.0
2017-01-09,92.45,94.2,91.0,93.8,3068979.0
2017-01-10,94.05,96.0,93.25,95.8,4915199.0
2017-01-11,96.45,96.45,94.75,95.8,4308119.0
2017-01-12,95.8,95.85,94.0,94.3,2529224.0
2017-01-13,94.5,94.75,92.4,93.4,2609936.0
2017-01-16,92.9,95.2,92.55,94.1,3406564.0
2017-01-17,95.05,95.85,93.8,94.75,4310575.0
2017-01-18,94.9,95.6,93.9,94.4,2618782.0
2017-01-19,94.25,95.5,93.5,94.85,3641452.0
2017-01-20,94.7,95.0,87.5,89.05,6882423.0
2017-01-23,89.0,90.2,88.5,89.45,4783629.0
2017-01-24,89.85,91.7,89.65,90.6,5172550.0
2017-01-25,91.1,94.9,91.1,94.3,9378421.0
2017-01-27,93.7,96.3,93.7,95.1,4040226.0
2017-01-30,95.3,95.8,94.15,95.0,2676519.0
2017-01-31,95.5,96.25,93.9,94.4,4839293.0
2017-02-01,95.05,97.7,93.65,95.9,15648547.0
2017-02-02,95.9,98.2,95.15,97.5,7287688.0
2017-02-03,97.2,97.95,95.9,96.15,2855948.0
2017-02-06,96.8,97.75,95.8,96.8,3247409.0
2017-02-07,97.1,97.3,94.1,95.5,2315852.0
2017-02-08,95.6,99.0,94.85,98.35,5223352.0
2017-02-09,98.85,99.0,95.4,96.6,3523272.0
2017-02-10,97.2,98.2,96.2,97.1,2571700.0
2017-02-13,97.45,97.55,95.0,96.15,3073516.0
2017-02-14,95.65,96.0,93.9,94.5,2815078.0
2017-02-15,95.7,96.75,94.05,94.65,5756041.0
2017-02-16,94.5,94.9,92.7,93.0,5297608.0
2017-02-17,93.25,94.3,92.85,93.45,2344061.0
2017-02-20,93.0,96.05,92.8,95.15,3712007.0
2017-02-21,95.4,96.25,94.85,96.0,2320013.0
2017-02-22,96.0,96.35,94.15,94.8,2381303.0
2017-02-23,95.0,95.45,93.2,93.6,6288500.0
2017-02-27,93.6,93.9,92.25,92.65,1466074.0
2017-02-28,92.95,94.3,92.5,93.9,1751192.0
2017-03-01,94.0,94.85,93.35,94.0,1143800.0
2017-03-02,94.3,95.2,92.1,92.35,1972898.0
2017-03-03,92.3,92.3,88.3,89.65,5772137.0
2017-03-06,89.75,91.3,89.0,91.05,2524931.0
2017-03-07,91.3,91.75,90.55,91.3,2265004.0
2017-03-08,91.45,93.45,91.15,92.05,4336299.0
2017-03-09,92.05,92.25,90.4,91.4,1430910.0
2017-03-10,91.8,92.0,89.25,89.65,1814111.0
2017-03-14,92.9,93.45,91.15,91.95,3131144.0
2017-03-15,92.0,94.2,91.5,93.6,2262944.0
2017-03-16,94.0,95.4,94.0,94.85,1721667.0
2017-03-17,95.3,95.8,93.0,94.6,2109151.0
2017-03-20,94.95,96.2,94.55,95.5,1549584.0
2017-03-21,95.5,96.65,95.2,95.9,3550423.0
2017-03-22,95.0,95.5,93.3,93.85,1824931.0
2017-03-23,94.2,94.4,92.85,93.8,1927940.0
2017-03-24,94.1,95.9,93.9,95.2,2966712.0
2017-03-27,95.3,95.9,93.55,94.2,4946718.0
2017-03-28,94.5,95.6,94.2,94.5,2659820.0
2017-03-29,94.5,95.25,93.85,94.45,1091603.0
2017-03-30,94.5,95.2,92.7,93.0,8928869.0
2017-03-31,93.0,94.95,92.75,93.85,3117285.0
2017-04-03,94.35,99.9,93.1,99.1,7847542.0
2017-04-05,101.0,103.4,101.0,102.65,9726067.0
2017-04-06,102.4,103.1,100.3,101.5,2674624.0
2017-04-07,102.4,103.0,99.7,100.55,3092354.0
2017-04-10,102.0,102.0,100.35,101.45,2008296.0
2017-04-11,101.4,104.55,101.4,104.15,4300070.0
2017-04-12,104.75,104.75,100.35,101.8,2386707.0
2017-04-13,101.8,102.15,99.4,99.85,2083567.0
2017-04-17,100.25,101.9,99.1,101.35,2515565.0
2017-04-18,101.8,103.5,98.4,99.45,3070191.0
2017-04-19,99.65,109.9,99.5,107.9,28250579.0
2017-04-20,108.45,115.9,106.05,113.9,34505994.0
2017-04-21,113.5,115.5,110.55,111.85,12626315.0
2017-04-24,112.0,115.5,109.6,111.35,7947784.0
2017-04-25,112.9,119.7,112.85,115.95,15322439.0
2017-04-26,116.95,117.75,111.1,113.4,4914327.0
2017-04-27,114.0,114.8,111.85,113.0,4960807.0
2017-04-28,113.3,114.0,110.7,112.0,3731375.0
2017-05-02,112.0,112.1,107.25,108.9,5267937.0
2017-05-03,109.2,110.9,108.6,109.4,4541940.0
2017-05-04,109.3,110.2,106.6,107.4,4901019.0
2017-05-05,108.25,108.25,100.1,101.4,7349703.0
2017-05-08,101.6,105.0,101.25,103.85,4083047.0
2017-05-09,104.05,104.5,103.1,103.7,1762166.0
2017-05-10,104.85,109.0,104.5,105.1,7153764.0
2017-05-11,105.5,106.25,102.8,103.7,4060587.0
2017-05-12,103.5,103.65,99.3,100.0,6428862.0
2017-05-15,101.4,101.5,96.25,97.5,5978406.0
2017-05-16,97.5,100.35,97.3,99.05,4761190.0
2017-05-17,99.55,100.1,96.75,97.75,3288869.0
2017-05-18,96.5,97.15,93.5,93.8,5143422.0
2017-05-19,94.3,96.2,92.0,92.9,4778844.0
2017-05-22,93.5,94.4,91.45,92.25,3115964.0
2017-05-23,92.9,92.9,86.1,87.3,8242186.0
2017-05-24,87.75,88.7,82.6,85.9,9654471.0
2017-05-25,90.35,97.9,89.0,96.55,26654862.0
2017-05-26,97.0,99.9,96.95,98.7,9333898.0
2017-05-29,98.4,100.3,94.0,96.9,5918018.0
2017-05-30,95.75,99.25,95.3,98.35,3496967.0
2017-05-31,98.95,101.7,98.3,101.0,5866006.0
2017-06-01,101.8,102.95,99.75,101.55,5902377.0
2017-06-02,102.3,104.45,101.75,102.85,6808569.0
2017-06-05,103.7,104.35,102.35,103.75,3722084.0
2017-06-06,104.7,105.25,101.7,104.1,6251448.0
2017-06-07,105.0,107.1,104.5,106.3,5774245.0
2017-06-08,106.6,106.65,103.75,104.55,2399522.0
2017-06-09,105.1,106.3,103.8,105.3,2242605.0
2017-06-12,104.8,105.65,103.8,104.95,1923441.0
2017-06-13,104.9,107.0,104.9,106.25,2691319.0
2017-06-14,106.5,108.5,105.3,107.85,5858405.0
2017-06-15,107.7,108.5,106.2,107.05,2458732.0
2017-06-16,107.55,107.95,105.6,106.45,1917176.0
2017-06-19,106.9,108.4,105.5,107.45,2089401.0
2017-06-20,108.6,110.2,107.3,108.35,4485063.0
2017-06-21,108.3,109.2,107.5,108.25,1845822.0
2017-06-22,108.25,110.65,108.0,108.9,5217950.0
2017-06-23,108.25,109.2,104.8,105.55,3228876.0
2017-06-27,105.1,105.35,101.3,102.7,3968536.0
2017-06-28,101.65,104.3,101.4,103.35,5570057.0
2017-06-29,103.85,104.45,102.0,102.65,2880466.0
2017-06-30,100.8,103.2,100.3,102.75,2688712.0
2017-07-03,103.05,104.0,102.2,102.6,2440540.0
2017-07-04,103.3,103.45,100.5,101.45,2260205.0
2017-07-05,101.0,107.5,100.9,107.2,7127155.0
2017-07-06,107.8,107.8,104.75,105.1,2918120.0
2017-07-07,105.1,106.6,104.3,105.2,2305412.0
2017-07-10,106.0,106.2,104.25,105.5,880215.0
2017-07-11,105.85,106.75,104.3,104.85,2338849.0
2017-07-12,105.0,105.4,103.5,104.4,2780520.0
2017-07-13,104.95,106.8,104.1,104.95,3203728.0
2017-07-14,105.0,106.3,103.75,105.6,1968095.0
2017-07-17,105.8,106.1,104.1,105.0,1201482.0
2017-07-18,104.15,105.3,102.35,102.95,3150010.0
2017-07-19,105.0,109.75,104.3,109.35,10925039.0
2017-07-20,110.0,111.45,108.55,110.0,8669894.0
2017-07-21,110.0,111.0,108.3,109.25,3679970.0
2017-07-24,109.15,111.8,108.8,109.85,2617593.0
2017-07-25,110.3,110.7,108.25,109.35,1725552.0
2017-07-26,109.8,110.65,107.45,107.85,3918207.0
2017-07-27,107.9,108.75,105.2,105.7,3746285.0
2017-07-28,105.7,107.9,103.75,107.55,3514451.0
2017-07-31,108.0,108.15,105.6,106.05,2419049.0
2017-08-01,106.25,106.7,105.0,105.35,2478310.0
2017-08-02,105.0,105.95,103.95,104.5,2744709.0
2017-08-03,104.5,104.65,101.2,101.6,2602834.0
2017-08-04,102.0,103.0,100.85,102.1,2899353.0
2017-08-07,102.8,102.8,100.85,101.35,3651041.0
2017-08-08,102.0,106.0,100.0,103.15,6957672.0
2017-08-09,103.05,104.05,98.1,99.4,8015979.0
2017-08-10,97.55,98.7,89.0,92.15,6146616.0
2017-08-11,92.0,93.3,86.15,91.7,6983899.0
2017-08-14,93.5,97.5,93.45,95.25,5092357.0
2017-08-16,93.4,96.8,92.1,94.95,7606433.0
2017-08-17,96.3,100.8,96.15,97.95,8480352.0
2017-08-18,97.45,99.2,96.05,98.05,2926835.0
2017-08-21,99.0,100.1,95.1,95.9,2362991.0
2017-08-22,96.0,96.7,93.0,93.25,3638019.0
2017-08-23,93.95,95.5,93.05,94.8,3970578.0
2017-08-24,94.95,96.0,94.1,95.35,1808818.0
2017-08-28,96.0,98.8,95.15,98.2,4161508.0
2017-08-29,97.95,97.95,95.5,96.0,3099092.0
2017-08-30,96.7,97.85,96.55,97.45,2415464.0
2017-08-31,97.95,99.75,97.3,98.55,5242993.0
2017-09-01,99.3,100.1,98.1,98.85,1856220.0
2017-09-04,98.85,99.3,95.85,96.95,5630798.0
2017-09-05,99.5,104.4,98.95,104.05,12048613.0
2017-09-06,103.5,105.15,102.8,103.95,4575518.0
2017-09-07,104.95,105.6,103.5,103.9,2837463.0
2017-09-08,104.4,104.55,101.7,102.95,2558490.0
2017-09-11,107.8,109.0,105.85,106.15,8122397.0
2017-09-12,106.6,106.8,104.65,106.3,3222224.0
2017-09-13,105.9,107.9,104.75,105.3,3792157.0
2017-09-14,105.8,106.4,103.2,104.25,2866295.0
2017-09-15,104.2,104.9,103.25,104.1,2365746.0
2017-09-18,104.9,105.3,103.9,104.5,1775534.0
2017-09-19,104.9,104.9,103.3,103.6,2106880.0
2017-09-20,103.4,107.65,103.0,106.3,5370647.0
2017-09-21,106.5,106.95,102.7,104.7,3045279.0
2017-09-22,103.7,103.85,98.65,99.55,3867156.0
2017-09-25,99.5,101.25,94.9,95.9,3155780.0
2017-09-26,95.9,96.7,93.55,95.15,4337283.0
2017-09-27,96.4,98.25,93.55,94.4,4421088.0
2017-09-28,95.0,95.5,92.95,93.3,4817991.0
2017-09-29,94.0,95.7,93.9,94.65,2267455.0
2017-10-03,96.4,96.9,93.55,94.35,3010521.0
2017-10-04,94.7,97.15,94.35,96.45,3026817.0
2017-10-05,96.4,97.95,96.05,97.2,1811609.0
2017-10-06,97.2,99.2,97.1,98.4,7104097.0
2017-10-09,99.9,100.7,97.5,99.65,6481664.0
2017-10-10,100.1,100.65,97.85,98.5,5065449.0
2017-10-11,98.8,99.3,94.0,94.95,8091717.0
2017-10-12,95.5,95.5,91.9,93.1,7309091.0
2017-10-13,93.5,94.25,92.35,92.9,4719283.0
2017-10-16,96.0,96.0,92.75,93.3,6541681.0
2017-10-17,94.2,96.6,94.15,95.15,8532414.0
2017-10-18,95.45,95.45,93.15,94.4,2363094.0
2017-10-19,95.0,95.0,93.0,93.6,1076870.0
2017-10-23,93.85,94.5,93.3,93.95,2704907.0
2017-10-24,93.9,96.85,93.45,95.5,5382412.0
2017-10-25,96.75,96.75,94.55,95.65,3469373.0
2017-10-26,95.6,96.65,94.65,95.0,3389673.0
2017-10-27,95.7,102.5,95.3,100.1,12760815.0
2017-10-30,100.95,101.9,99.45,100.4,3162142.0
2017-10-31,100.35,103.15,99.8,102.45,4443419.0
2017-11-01,103.0,104.8,102.0,102.35,5372529.0
2017-11-02,103.05,108.3,100.75,107.7,11106047.0
2017-11-03,109.8,111.8,108.2,110.05,13545688.0
2017-11-06,109.7,111.7,108.55,109.6,4716645.0
2017-11-07,109.85,110.75,102.8,104.15,6391535.0
2017-11-08,104.4,106.2,100.25,101.45,5157259.0
2017-11-09,102.3,104.85,99.1,104.15,4646707.0
2017-11-10,103.7,103.7,95.2,96.1,9345480.0
2017-11-13,97.1,101.65,97.1,99.1,12214883.0
2017-11-14,100.25,104.35,98.85,102.9,11434398.0
2017-11-15,102.0,102.0,99.0,100.25,7170467.0
2017-11-16,101.2,106.2,101.2,105.6,15366013.0
2017-11-17,106.7,107.3,104.8,105.45,5143834.0
2017-11-20,104.4,110.35,104.0,109.7,8309428.0
2017-11-21,109.95,115.65,107.6,114.45,16407420.0
2017-11-22,115.6,115.6,112.1,113.6,9455691.0
2017-11-23,113.5,114.35,111.3,112.45,7278467.0
2017-11-24,113.0,114.4,112.0,113.45,4380388.0
2017-11-27,113.4,118.4,112.7,117.2,11297333.0
2017-11-28,117.4,118.1,112.55,113.35,7355071.0
2017-11-29,113.8,116.1,113.35,114.7,4571334.0
2017-11-30,114.7,120.8,113.5,119.85,18730559.0
2017-12-01,120.85,123.9,117.55,118.4,12115036.0
2017-12-04,119.4,120.4,114.0,115.8,7246161.0
2017-12-05,115.65,120.4,113.55,119.55,6845514.0
2017-12-06,118.9,121.6,115.35,116.0,6457731.0
2017-12-07,115.25,117.6,115.15,116.9,4620485.0
2017-12-08,117.35,120.1,116.8,118.55,5172328.0
2017-12-11,118.95,119.4,116.0,117.05,3728617.0
2017-12-12,117.35,120.35,112.95,114.6,8440739.0
2017-12-13,113.85,115.6,111.25,112.0,4764094.0
2017-12-14,112.0,113.2,107.0,110.9,7504580.0
2017-12-15,112.7,114.45,111.65,112.8,5342401.0
2017-12-18,110.7,114.0,103.8,109.3,9213886.0
2017-12-19,110.3,123.5,110.3,121.85,34418102.0
2017-12-20,123.0,129.4,123.0,127.25,32787117.0
2017-12-21,127.35,128.0,123.75,126.15,10340757.0
2017-12-22,126.0,129.0,125.35,126.6,6867205.0
2017-12-26,126.55,130.15,126.3,128.75,7496240.0
2017-12-27,128.55,128.55,125.7,127.4,7327264.0
2017-12-28,127.0,129.4,126.1,128.05,6871735.0
2017-12-29,128.45,132.95,122.7,125.75,12144022.0
2018-01-01,126.0,129.55,125.0,126.2,5957340.0
2018-01-02,127.0,130.5,123.75,128.7,8107580.0
2018-01-03,128.7,130.5,127.25,128.75,4724195.0
2018-01-04,130.0,136.9,128.55,136.25,22635947.0
2018-01-05,139.5,139.8,134.0,134.85,13697522.0
2018-01-08,135.4,138.25,133.2,134.2,8982376.0
2018-01-09,134.0,135.1,130.55,131.75,6695859.0
2018-01-10,131.55,135.4,131.2,133.65,8953813.0
2018-01-11,134.3,140.4,133.4,139.4,20243873.0
2018-01-12,141.0,146.45,140.5,142.45,36325638.0
2018-01-15,142.6,145.15,140.4,143.3,9027200.0
2018-01-16,143.7,145.6,134.05,138.5,13564775.0
2018-01-17,138.5,142.3,132.25,141.3,11642978.0
2018-01-18,142.7,143.6,131.6,133.1,8843609.0
2018-01-19,134.0,138.75,131.2,136.0,14359560.0
2018-01-22,136.6,140.45,134.1,139.8,7703472.0
2018-01-23,140.5,145.8,140.25,143.55,18023973.0
2018-01-24,143.5,147.4,140.7,144.9,14093051.0
2018-01-25,144.7,146.7,142.7,145.6,6583931.0
2018-01-29,147.4,150.4,145.35,147.35,12111000.0
2018-01-30,147.7,148.5,142.2,144.7,17027110.0
2018-01-31,142.2,145.1,136.4,139.95,17730695.0
2018-02-01,141.4,143.3,123.6,126.7,45014390.0
2018-02-02,123.95,125.0,101.4,116.9,42207388.0
2018-02-05,107.9,123.5,107.9,121.3,19584334.0
2018-02-06,110.0,116.45,107.45,113.65,29587395.0
2018-02-07,118.0,118.0,110.6,111.85,16675204.0
2018-02-08,112.25,116.4,112.0,115.0,11911594.0
2018-02-09,111.3,121.65,110.55,118.15,15323838.0
2018-02-12,120.0,124.0,119.55,123.15,10629353.0
2018-02-14,124.3,128.45,124.0,125.15,16913652.0
2018-02-15,126.1,127.3,118.65,120.05,11464365.0
2018-02-16,121.0,122.1,117.2,118.8,6857458.0
2018-02-19,118.8,118.8,114.95,117.6,5432835.0
2018-02-20,117.1,120.7,117.1,118.5,5062530.0
2018-02-21,120.0,120.4,115.6,116.3,4582633.0
2018-02-22,114.8,115.0,112.15,112.75,10899352.0
2018-02-23,113.3,118.7,112.0,118.0,12061348.0
2018-02-26,119.4,121.3,117.75,120.05,5633537.0
2018-02-27,121.35,123.2,118.65,119.3,9429159.0
2018-02-28,117.35,120.0,116.25,116.95,6000168.0
2018-03-01,117.3,118.75,114.6,115.05,4384555.0
2018-03-05,114.7,115.2,110.55,111.2,6486214.0
2018-03-06,112.9,114.9,108.0,109.0,9700847.0
2018-03-07,108.75,110.35,104.0,104.8,9405109.0
2018-03-08,105.9,107.25,99.75,105.25,10040758.0
2018-03-09,106.7,108.0,103.5,104.05,9541825.0
2018-03-12,106.25,108.7,103.45,107.85,8586386.0
2018-03-13,108.25,111.7,107.5,110.3,9589722.0
2018-03-14,109.0,111.5,108.45,110.95,7549795.0
2018-03-15,111.0,114.2,110.6,112.3,5543566.0
2018-03-16,112.4,113.9,109.0,109.85,7843471.0
2018-03-19,110.5,110.8,105.0,106.2,5217331.0
2018-03-20,105.0,108.25,104.6,106.6,4156749.0
2018-03-21,107.95,109.0,106.2,106.95,3880058.0
2018-03-22,107.6,107.75,104.75,105.1,4533962.0
2018-03-23,102.6,107.1,102.1,106.7,7464411.0
2018-03-26,105.05,110.0,105.05,109.1,5393703.0
2018-03-27,110.3,111.7,107.55,108.75,4873142.0
2018-03-28,108.3,109.1,105.75,106.45,7610991.0
2018-04-02,107.0,111.0,106.25,110.1,4194552.0
2018-04-03,109.45,114.15,108.8,113.6,6085318.0
2018-04-04,114.45,115.25,110.1,110.55,8139807.0
2018-04-05,114.45,114.95,112.0,114.35,5129714.0
2018-04-06,114.35,114.5,112.25,112.95,3889661.0
2018-04-09,113.5,114.25,111.4,112.95,3422233.0
2018-04-10,113.7,114.2,110.9,113.6,4766143.0
2018-04-11,113.95,114.15,112.0,112.7,3620779.0
2018-04-12,112.0,113.5,109.75,110.55,4912197.0
2018-04-13,111.15,113.95,110.5,113.25,4812856.0
2018-04-16,111.9,117.0,111.55,116.3,8200320.0
2018-04-17,118.0,118.2,114.95,116.35,6692429.0
2018-04-18,116.8,117.0,114.25,114.65,2653506.0
2018-04-19,115.4,115.8,114.0,114.65,2768329.0
2018-04-20,114.3,114.5,111.05,111.95,3367749.0
2018-04-23,112.0,113.4,111.5,112.55,2870129.0
2018-04-24,112.85,113.85,111.4,113.15,3306249.0
2018-04-25,112.5,116.0,112.5,114.25,5384121.0
2018-04-26,114.3,116.45,112.3,115.15,7193032.0
2018-04-27,116.25,117.6,115.1,116.45,3656453.0
2018-04-30,116.7,117.4,115.9,116.75,1827391.0
2018-05-02,116.15,118.1,111.5,112.95,4166584.0
2018-05-03,112.7,114.25,110.8,112.9,2909117.0
2018-05-04,112.75,113.7,111.25,112.25,2152979.0
2018-05-07,112.7,113.8,111.9,113.15,1501653.0
2018-05-08,113.4,114.15,111.6,112.6,2182126.0
2018-05-09,111.3,113.5,111.3,112.2,1763201.0
2018-05-10,112.65,112.75,105.9,106.4,6235830.0
2018-05-11,106.5,107.95,103.4,106.25,5424101.0
2018-05-14,106.8,107.85,103.6,105.05,2791491.0
2018-05-15,104.3,108.0,102.8,103.75,4426052.0
2018-05-16,103.0,105.65,101.0,104.95,5905661.0
2018-05-17,105.25,106.05,103.4,105.35,2550367.0
2018-05-18,105.05,105.8,100.8,101.5,3027963.0
2018-05-21,101.95,102.65,98.25,98.95,3640253.0
2018-05-22,98.4,101.9,97.65,101.05,3251643.0
2018-05-23,101.1,103.55,100.8,102.3,4844962.0
2018-05-24,104.8,105.2,92.5,97.95,19101003.0
2018-05-25,97.95,105.5,97.9,103.9,16445243.0
2018-05-28,105.0,107.3,104.4,105.75,5102798.0
2018-05-29,105.5,107.0,104.45,106.0,4422062.0
2018-05-30,105.3,106.75,102.5,103.6,5884336.0
2018-05-31,104.05,105.15,101.2,103.55,5693123.0
2018-06-01,103.8,105.75,101.8,103.0,4364270.0
2018-06-04,103.9,103.9,99.0,99.75,4555018.0
2018-06-05,99.85,100.7,96.65,99.0,4655415.0
2018-06-06,99.0,101.8,97.8,101.4,3970615.0
2018-06-07,101.9,103.85,101.9,102.85,3634302.0
2018-06-08,101.75,103.8,101.5,103.55,2457800.0
2018-06-11,104.0,104.45,102.2,102.85,1980595.0
2018-06-12,102.3,103.15,101.35,101.8,1721171.0
2018-06-13,102.7,102.9,100.8,101.2,1787507.0
2018-06-14,101.0,101.5,99.5,100.35,2488198.0
2018-06-15,100.75,100.75,97.05,97.75,5152162.0
2018-06-18,97.35,98.0,96.1,97.35,2321120.0
2018-06-19,96.55,98.4,94.5,94.85,3956495.0
2018-06-20,95.2,97.4,93.1,96.9,3581860.0
2018-06-21,96.4,96.55,93.6,94.2,3894642.0
2018-06-22,94.0,94.5,92.5,94.0,5229504.0
2018-06-25,92.95,93.65,91.1,92.05,4084023.0
2018-06-26,91.6,92.35,89.9,90.5,3615904.0
2018-06-27,89.9,89.95,83.5,86.85,11508478.0
2018-06-28,86.15,86.25,78.25,79.3,15747355.0
2018-06-29,79.35,80.3,74.25,76.8,16265122.0
2018-07-02,77.25,79.05,75.8,76.35,7295755.0
2018-07-03,76.3,78.85,75.4,77.7,6843708.0
2018-07-04,77.75,78.5,77.0,78.05,3877890.0
2018-07-05,78.05,79.1,75.3,76.1,4646562.0
2018-07-06,75.55,81.5,74.75,80.65,9853183.0
2018-07-09,81.2,85.2,81.15,84.15,9138419.0
2018-07-10,84.3,85.8,82.15,83.15,5140626.0
2018-07-11,82.7,86.2,81.9,84.25,7339887.0
2018-07-12,85.2,87.0,82.35,83.6,6047771.0
2018-07-13,83.9,85.85,81.15,83.95,5410762.0
2018-07-16,83.8,83.8,77.55,78.15,5542748.0
2018-07-17,76.9,83.3,76.6,82.75,8852008.0
2018-07-18,83.25,84.8,78.6,78.95,8008913.0
2018-07-19,79.95,80.6,72.5,74.0,14840148.0
2018-07-20,74.95,77.85,73.75,74.65,15994691.0
2018-07-23,75.2,75.7,71.7,73.9,7487832.0
2018-07-24,74.55,78.2,73.8,77.7,8850423.0
2018-07-25,78.35,79.85,76.7,77.4,6404202.0
2018-07-26,77.6,80.9,77.15,80.0,6178451.0
2018-07-27,80.75,82.75,80.3,82.25,6533168.0
2018-07-30,82.5,84.9,81.55,84.0,5786261.0
2018-07-31,83.25,83.9,80.35,81.6,6755203.0
2018-08-01,82.0,82.8,80.55,81.6,3573251.0
2018-08-02,81.0,82.9,79.85,81.6,5348800.0
2018-08-03,82.2,84.5,81.75,82.85,6058989.0
2018-08-06,83.3,84.65,82.8,83.6,5215484.0
2018-08-07,84.5,87.45,84.5,85.95,11674635.0
2018-08-08,86.7,86.7,83.65,84.95,4861243.0
2018-08-09,85.25,86.35,84.2,85.85,4353872.0
2018-08-10,86.1,87.0,83.65,84.1,6704088.0
2018-08-13,83.7,87.0,81.55,83.3,12188449.0
2018-08-14,83.95,84.15,81.25,83.25,7887095.0
2018-08-16,83.4,83.4,75.0,75.7,16354899.0
2018-08-17,76.5,77.5,74.5,75.55,18270124.0
2018-08-20,76.1,77.4,75.75,76.7,12868286.0
2018-08-21,77.0,77.9,76.3,77.55,6804220.0
2018-08-23,78.0,78.4,76.85,77.4,4406005.0
2018-08-24,77.65,77.65,74.6,75.45,5454150.0
2018-08-27,76.15,77.9,75.65,77.3,6121627.0
2018-08-28,77.75,80.2,77.05,79.7,8967179.0
2018-08-29,79.95,84.0,79.5,82.95,14396419.0
2018-08-30,83.5,86.4,83.5,85.6,11748689.0
2018-08-31,85.7,86.75,84.05,85.25,4846373.0
2018-09-03,85.7,89.1,85.1,86.5,8533118.0
2018-09-04,87.0,87.0,82.2,83.05,7321984.0
2018-09-05,83.05,86.0,81.85,85.5,6404151.0
2018-09-06,85.7,86.9,84.1,86.2,4553918.0
2018-09-07,86.45,88.95,85.65,87.45,7423497.0
2018-09-10,87.55,88.3,85.0,85.35,4195789.0
2018-09-11,85.3,86.25,82.3,82.95,3482872.0
2018-09-12,82.4,87.2,80.1,86.75,6758240.0
2018-09-14,87.65,88.45,84.35,85.05,7831943.0
2018-09-17,84.5,84.75,82.55,83.1,3643612.0
2018-09-18,82.95,83.6,80.0,80.25,4626996.0
2018-09-19,79.0,81.0,77.05,80.05,9936419.0
2018-09-21,80.8,81.75,74.4,79.85,7190654.0
2018-09-24,79.0,79.0,75.1,76.2,4809851.0
2018-09-25,75.7,77.4,73.4,75.05,5509083.0
2018-09-26,76.4,77.5,75.5,76.25,4303123.0
2018-09-27,76.0,76.85,71.5,72.0,5945985.0
2018-09-28,72.0,72.3,58.8,61.05,18084710.0
2018-10-01,61.0,64.7,55.0,63.95,15619217.0
2018-10-03,64.2,69.35,62.5,66.55,8565397.0
2018-10-04,65.0,67.5,64.0,66.45,5965476.0
2018-10-05,66.05,67.75,61.85,62.9,5902482.0
2018-10-08,63.0,64.3,59.5,61.45,6204801.0
2018-10-09,62.9,64.35,60.5,63.2,7192802.0
2018-10-10,63.5,67.95,63.2,66.25,5795090.0
2018-10-11,63.7,67.35,63.0,65.4,6108962.0
2018-10-12,66.5,67.9,66.05,66.9,4633948.0
2018-10-15,67.5,67.5,65.0,66.25,4820396.0
2018-10-16,66.8,68.35,66.3,67.35,4122656.0
2018-10-17,69.0,69.55,65.2,65.85,6126017.0
2018-10-19,64.9,66.45,63.6,65.4,5025200.0
2018-10-22,66.0,66.2,63.65,64.9,4083823.0
2018-10-23,64.0,65.7,63.8,65.1,3428479.0
2018-10-24,66.15,67.1,65.4,66.6,4053890.0
2018-10-25,65.95,67.3,64.6,65.0,4918555.0
2018-10-26,65.55,68.6,64.1,67.8,5537019.0
2018-10-29,68.0,70.9,67.2,70.2,4958693.0
2018-10-30,69.0,72.6,68.8,70.35,5275284.0
2018-10-31,70.75,71.75,69.75,71.1,4182301.0
2018-11-01,71.6,74.3,71.25,73.8,4148439.0
2018-11-02,74.8,75.95,74.2,74.95,3395859.0
2018-11-05,74.5,75.5,72.95,74.85,2838468.0
2018-11-06,75.5,75.6,73.35,73.9,4218257.0
2018-11-07,74.3,74.7,74.1,74.3,170189.0
2018-11-09,74.25,76.4,73.85,76.2,3137508.0
2018-11-12,76.7,76.8,73.2,75.4,5202410.0
2018-11-13,74.95,76.0,71.15,73.55,6894655.0
2018-11-14,73.85,74.2,72.0,73.6,3699886.0
2018-11-15,73.8,74.5,71.8,72.75,4935889.0
2018-11-16,73.0,73.15,71.2,72.6,4436999.0
2018-11-19,72.95,74.65,72.6,74.15,4818931.0
2018-11-20,73.9,74.05,69.55,69.95,4763347.0
2018-11-21,70.15,71.75,69.65,71.4,3255852.0
2018-11-22,71.4,71.5,68.25,68.5,3691465.0
2018-11-26,69.05,70.5,67.3,70.0,4116121.0
2018-11-27,69.8,70.4,67.6,68.6,8264869.0
2018-11-28,68.7,69.05,65.85,66.15,6764152.0
2018-11-29,66.6,67.45,64.25,66.05,6376982.0
2018-11-30,66.35,67.4,65.3,66.55,3734953.0
2018-12-03,66.8,67.15,65.4,66.55,3943107.0
2018-12-04,66.6,67.15,65.15,65.4,3519036.0
2018-12-05,65.0,65.95,62.3,63.75,6117692.0
2018-12-06,63.5,63.5,61.35,61.6,3702679.0
2018-12-07,62.2,62.5,60.05,61.6,3723758.0
2018-12-10,60.9,60.9,59.6,60.4,3059916.0
2018-12-11,57.6,61.4,57.6,60.85,5228220.0
2018-12-12,61.45,64.85,61.2,64.65,3813189.0
2018-12-13,65.95,67.5,64.25,66.25,8969186.0
2018-12-14,66.6,66.8,65.25,66.6,4161799.0
2018-12-17,66.85,67.3,65.9,66.6,1898340.0
2018-12-18,66.0,66.45,64.8,65.7,3206359.0
2018-12-19,65.6,67.6,64.85,66.5,6857702.0
2018-12-20,66.0,69.75,66.0,68.9,10492197.0
2018-12-21,69.05,69.7,67.0,69.05,6574889.0
2018-12-24,68.95,69.35,67.2,67.55,3370454.0
2018-12-26,67.0,67.45,65.1,66.55,4303028.0
2018-12-27,67.15,67.85,66.3,67.05,4692421.0
2018-12-28,67.4,70.6,67.1,69.2,9357176.0
2018-12-31,69.5,70.3,69.15,69.8,3317840.0
2019-01-01,70.0,70.1,68.35,69.0,3122895.0
2019-01-02,68.95,69.55,67.05,67.55,4223267.0
2019-01-03,68.9,68.9,64.55,64.8,7325153.0
2019-01-04,65.2,66.65,64.3,66.35,5286971.0
2019-01-07,66.75,68.5,66.3,67.1,3736845.0
2019-01-08,67.1,67.3,65.95,66.6,4466540.0
2019-01-09,67.15,67.5,65.9,66.75,2990498.0
2019-01-10,66.8,68.0,66.45,67.65,4126063.0
2019-01-11,67.75,68.0,66.5,66.9,3322932.0
2019-01-14,66.8,67.0,64.05,64.35,4025212.0
2019-01-15,64.6,66.05,64.05,65.9,2976173.0
2019-01-16,66.0,66.85,65.55,66.45,3186932.0
2019-01-17,66.45,66.85,65.0,65.25,2717221.0
2019-01-18,65.8,65.8,64.3,64.65,3117499.0
2019-01-21,64.8,64.8,59.5,61.85,12953662.0
2019-01-22,61.85,63.0,60.0,61.45,6284028.0
2019-01-23,61.5,62.35,60.5,60.85,6554646.0
2019-01-24,60.1,61.35,60.1,60.6,6885259.0
2019-01-25,60.6,61.3,57.0,59.25,13278519.0
2019-01-28,59.3,59.75,57.5,58.1,8476395.0
2019-01-29,57.75,58.95,57.5,58.35,7158483.0
2019-01-30,58.6,59.25,58.0,58.65,5221179.0
2019-01-31,59.0,61.4,58.6,61.0,8192364.0
2019-02-01,61.95,62.9,58.05,59.25,18900531.0
2019-02-04,58.65,58.85,51.65,54.55,14425269.0
2019-02-05,54.4,55.75,52.0,52.6,11322032.0
2019-02-06,52.4,55.1,51.25,54.45,9099694.0
2019-02-07,54.7,56.9,54.0,56.0,8083816.0
2019-02-08,55.75,56.6,54.2,54.75,4812754.0
2019-02-11,54.95,54.95,51.75,54.05,5571792.0
2019-02-12,54.0,55.0,53.55,54.25,3358063.0
2019-02-13,54.45,55.0,48.8,51.05,31549685.0
2019-02-14,51.1,57.85,50.5,55.65,18707552.0
2019-02-15,55.95,57.7,54.25,55.55,15923456.0
2019-02-18,55.85,56.05,53.0,54.05,5916741.0
2019-02-19,54.0,55.25,53.75,54.55,3878120.0
2019-02-20,54.7,56.8,54.7,55.9,4845742.0
2019-02-21,55.9,57.55,55.3,57.2,4779279.0
2019-02-22,57.5,58.65,56.5,57.85,4709878.0
2019-02-25,57.95,58.1,56.6,56.85,3454240.0
2019-02-26,56.9,57.85,55.05,57.25,5526275.0
2019-02-27,57.5,58.5,55.8,56.2,5227656.0
2019-02-28,56.7,57.65,55.9,56.85,6254560.0
2019-03-01,57.05,61.05,57.05,60.75,8103816.0
2019-03-05,60.35,62.95,60.35,62.65,5258486.0
2019-03-06,63.0,64.3,61.15,61.95,5887938.0
2019-03-07,62.0,63.45,60.75,62.7,3656471.0
2019-03-08,62.95,62.95,60.45,60.75,3985880.0
2019-03-11,61.0,63.4,60.35,63.05,3457934.0
2019-03-12,63.35,63.85,61.4,62.85,5972399.0
2019-03-13,62.95,63.05,61.5,62.15,2392901.0
2019-03-14,62.4,62.45,60.1,61.85,5258589.0
2019-03-15,62.15,63.2,61.4,62.2,4345324.0
2019-03-18,62.5,62.8,60.5,60.9,3490734.0
2019-03-19,61.45,64.6,61.1,63.4,5075690.0
2019-03-20,63.5,63.75,60.6,61.15,6057975.0
2019-03-22,61.6,62.2,60.35,60.55,4307364.0
2019-03-25,60.2,60.3,57.1,57.45,8923794.0
2019-03-26,57.55,59.35,57.55,57.95,4339632.0
2019-03-27,58.0,58.5,56.7,57.1,5803172.0
2019-03-28,56.55,58.9,56.4,58.5,9446419.0
2019-03-29,58.05,59.2,58.05,58.9,5826071.0
2019-04-01,59.1,61.95,58.7,58.95,7314671.0
2019-04-02,59.2,60.25,58.5,59.7,4530150.0
2019-04-03,59.8,60.35,57.4,57.65,4750141.0
2019-04-04,57.3,58.0,56.8,57.5,4547127.0
2019-04-05,57.5,58.15,56.5,56.85,4127995.0
2019-04-08,57.0,58.5,55.3,55.65,7128130.0
2019-04-09,55.7,56.95,55.05,56.55,3491036.0
2019-04-10,56.25,58.15,56.1,57.0,5615873.0
2019-04-11,56.9,57.3,55.1,55.95,4502217.0
2019-04-12,56.0,58.95,56.0,58.4,8862328.0
2019-04-15,58.75,60.8,58.5,59.75,7029755.0
2019-04-16,60.15,60.9,59.3,60.05,5485572.0
2019-04-18,60.05,60.6,58.4,59.05,4952899.0
2019-04-22,58.6,60.3,56.95,59.3,7590800.0
2019-04-23,59.6,59.6,57.1,57.65,4511377.0
2019-04-24,58.05,59.65,57.25,59.15,6166292.0
2019-04-25,59.2,60.2,58.8,59.2,4991106.0
2019-04-26,59.3,59.6,57.35,58.15,4480298.0
2019-04-30,57.5,58.05,53.6,54.5,8469087.0
2019-05-02,54.85,55.35,52.1,52.85,7832624.0
2019-05-03,53.15,53.4,51.65,52.25,6086933.0
2019-05-06,52.0,53.0,51.2,51.55,4349592.0
2019-05-07,52.0,52.3,50.0,50.35,5270937.0
2019-05-08,50.95,50.95,49.0,49.15,5835931.0
2019-05-09,49.15,49.35,48.2,48.75,4113958.0
2019-05-10,49.05,51.0,48.65,50.55,5844123.0
2019-05-13,50.4,50.4,46.4,47.25,10186619.0
2019-05-14,47.65,49.95,46.4,49.15,6508927.0
2019-05-15,49.45,50.85,48.6,48.95,7267689.0
2019-05-16,48.95,49.75,48.05,48.85,2959673.0
2019-05-17,49.05,50.95,48.15,50.2,5193493.0
2019-05-20,51.5,54.65,50.7,53.65,7187718.0
2019-05-21,53.95,54.2,51.35,52.95,5382289.0
2019-05-22,53.35,53.65,51.8,52.65,4838351.0
2019-05-23,53.45,54.85,51.35,51.85,5959317.0
2019-05-24,52.1,56.7,51.75,56.15,10712902.0
2019-05-27,56.5,56.6,55.05,55.9,4871538.0
2019-05-28,56.0,56.35,55.25,55.55,4365491.0
2019-05-29,55.7,55.8,53.3,54.05,6886456.0
2019-05-30,54.45,54.75,52.7,54.35,6342648.0
2019-05-31,52.7,53.3,48.4,49.9,21961236.0
2019-06-03,49.9,50.35,48.45,49.65,7327224.0
2019-06-04,49.75,50.75,48.7,49.2,7994240.0
2019-06-06,48.25,48.95,43.25,45.05,16052455.0
2019-06-07,45.05,46.1,42.5,42.9,17042429.0
2019-06-10,43.0,43.3,36.8,37.3,39517051.0
2019-06-11,36.95,41.45,35.15,40.8,34747472.0
2019-06-12,40.8,40.9,37.1,37.9,16788669.0
2019-06-13,37.5,39.15,36.8,38.55,23881796.0
2019-06-14,38.6,38.65,36.5,36.9,9575610.0
2019-06-17,35.7,36.5,32.15,34.7,23155456.0
2019-06-18,34.9,35.6,24.3,27.4,56464720.0
2019-06-19,25.8,26.6,18.8,19.7,123056966.0
2019-06-20,18.35,24.7,16.3,23.95,178755789.0
2019-06-21,25.0,26.65,22.9,24.8,80620937.0
2019-06-24,24.3,29.35,23.6,28.25,74710855.0
2019-06-25,28.25,29.45,27.3,28.3,49546986.0
2019-06-26,27.9,29.75,27.65,29.2,34439216.0
2019-06-27,29.4,29.95,26.4,27.7,39203199.0
2019-06-28,27.85,28.25,25.1,25.8,18090312.0
2019-07-01,25.8,26.3,23.55,24.5,6234874.0
2019-07-02,24.5,25.6,24.0,25.2,5651863.0
2019-07-03,25.0,26.0,24.7,25.65,3919993.0
2019-07-04,25.8,27.9,25.75,27.25,8179628.0
2019-07-05,27.8,28.95,25.5,25.95,12525798.0
2019-07-08,25.0,25.0,22.8,23.55,5062766.0
2019-07-09,24.0,24.75,22.6,24.45,4095007.0
2019-07-10,24.6,25.0,23.8,24.2,2552480.0
2019-07-11,24.5,26.1,23.4,25.8,4950303.0
2019-07-12,25.7,25.8,23.7,24.75,3269936.0
2019-07-15,25.1,25.25,23.75,24.2,2311001.0
2019-07-16,24.0,24.35,23.25,23.95,2753886.0
2019-07-17,24.0,24.2,23.25,23.6,2243807.0
2019-07-18,23.6,23.6,22.55,23.0,2253273.0
2019-07-19,23.05,23.5,22.5,23.3,2341202.0
2019-07-22,23.0,23.5,22.4,23.25,2764045.0
2019-07-23,23.25,23.8,22.65,23.15,3283559.0
2019-07-24,23.6,23.6,22.75,23.15,1679317.0
2019-07-25,23.0,23.5,22.85,23.2,1652339.0
2019-07-26,23.1,24.2,23.0,23.85,2082413.0
2019-07-29,23.9,23.95,23.05,23.2,891172.0
2019-07-30,22.9,22.9,19.5,19.75,6000571.0
2019-07-31,19.75,21.2,19.05,20.5,3605936.0
2019-08-01,20.4,20.6,19.5,20.05,1562108.0
2019-08-02,19.5,20.4,19.5,20.3,1189043.0
2019-08-05,20.3,20.3,19.3,19.45,1067642.0
2019-08-06,19.4,20.1,19.25,19.95,1597897.0
2019-08-07,19.9,20.1,19.4,19.7,1174923.0
2019-08-08,20.0,20.0,19.45,19.85,905582.0
2019-08-09,20.0,20.95,19.9,20.1,1845207.0
2019-08-13,20.45,22.5,20.2,21.6,2523575.0
2019-08-14,22.1,22.65,21.9,22.35,1422814.0
2019-08-16,21.0,22.25,21.0,21.75,1649296.0
2019-08-19,21.95,22.25,21.5,21.95,1097679.0
2019-08-20,21.95,22.0,21.15,21.2,762934.0
2019-08-21,21.45,21.45,19.85,20.35,885317.0
2019-08-22,20.05,20.4,19.1,19.65,887489.0
2019-08-23,20.15,20.2,18.9,19.55,902021.0
2019-08-26,21.0,21.0,19.55,19.75,1183193.0
2019-08-27,20.15,20.45,19.95,20.1,1377054.0
2019-08-28,20.4,20.4,19.5,19.85,749400.0
2019-08-29,19.95,19.95,19.4,19.55,542231.0
2019-08-30,20.2,20.2,19.5,19.55,915906.0
2019-09-03,19.8,19.8,19.2,19.4,480170.0
2019-09-04,19.45,19.45,17.8,18.25,1815432.0
2019-09-05,18.65,19.0,18.3,18.8,969404.0
2019-09-06,19.0,19.3,18.9,19.05,892925.0
2019-09-09,19.45,19.95,19.1,19.7,1353769.0
2019-09-11,20.0,22.7,19.8,21.75,4853114.0
2019-09-12,20.95,22.5,20.9,21.6,1727544.0
2019-09-13,21.65,21.95,21.1,21.75,1434865.0
2019-09-16,21.6,24.2,21.05,23.25,2257875.0
2019-09-17,23.5,23.95,22.15,22.25,1871396.0
2019-09-18,22.15,23.15,22.15,22.8,916050.0
2019-09-19,22.85,22.85,21.25,21.6,836679.0
2019-09-20,21.65,22.5,21.05,21.85,2211121.0
2019-09-23,22.5,23.0,22.0,22.65,999659.0
2019-09-24,22.7,23.5,22.65,22.95,966946.0
2019-09-25,22.8,22.9,21.1,21.35,1454421.0
2019-09-26,21.5,21.65,20.9,21.15,1031288.0
2019-09-27,21.15,21.8,20.1,20.2,1717536.0
2019-09-30,20.55,21.0,19.05,19.4,1388287.0
2019-10-01,19.5,20.55,18.3,18.75,2207557.0
2019-10-03,18.75,19.2,18.4,18.55,1278384.0
2019-10-04,18.75,19.0,18.05,18.15,1288645.0
2019-10-07,18.55,18.6,16.75,17.0,2016696.0
2019-10-09,17.3,17.3,15.95,16.1,3312505.0
2019-10-10,15.55,15.8,13.2,14.1,8173071.0
2019-10-11,14.2,15.5,13.7,14.6,2273201.0
2019-10-14,13.9,14.45,13.0,13.55,2624454.0
2019-10-15,13.5,14.05,13.0,13.65,2231770.0
2019-10-16,13.3,13.45,12.55,12.8,6324099.0
2019-10-17,12.9,13.0,11.6,11.7,4634225.0
2019-10-18,11.8,12.1,10.6,11.25,6304586.0
2019-10-22,11.15,11.7,10.7,10.85,4209327.0
2019-10-23,10.7,11.35,10.7,11.35,2388206.0
2019-10-24,11.9,11.9,11.6,11.9,1235212.0
2019-10-25,12.4,12.45,12.0,12.45,1405296.0
2019-10-27,12.9,13.05,12.5,13.05,762998.0
2019-10-29,13.65,13.7,13.1,13.7,1885592.0
2019-10-30,14.25,14.35,14.1,14.35,975023.0
2019-10-31,15.05,15.05,15.0,15.05,418844.0
2019-11-01,15.8,15.8,15.8,15.8,372613.0
2019-11-04,16.55,16.55,16.55,16.55,295947.0
2019-11-05,17.35,17.35,15.75,15.75,3840715.0
2019-11-06,15.0,15.5,15.0,15.05,3185072.0
2019-11-07,15.5,15.75,15.05,15.3,1574748.0
2019-11-08,15.3,15.7,14.9,15.0,949272.0
2019-11-11,15.0,15.4,14.25,14.55,983087.0
2019-11-13,14.0,14.85,13.85,13.95,2205640.0
2019-11-14,14.0,14.1,13.3,13.3,1828026.0
2019-11-15,12.65,12.85,12.65,12.65,673629.0
2019-11-18,12.05,12.05,12.05,12.05,309077.0
2019-11-19,11.45,12.35,11.45,11.45,4387487.0
2019-11-20,11.1,12.0,10.9,11.05,9893047.0
2019-11-21,11.3,11.5,11.0,11.25,5099324.0
2019-11-22,11.5,11.5,11.05,11.35,6474376.0
2019-11-25,11.55,11.8,11.3,11.4,2498534.0
2019-11-26,11.55,11.9,10.85,10.9,5016741.0
2019-11-27,10.8,11.15,10.4,10.45,4169480.0
2019-11-28,10.6,10.65,10.25,10.5,2230879.0
2019-11-29,10.55,11.0,10.25,10.45,6837016.0
2019-12-02,10.5,10.7,9.95,10.0,3273085.0
2019-12-03,10.1,10.2,9.5,9.5,1279981.0
2019-12-04,9.2,9.5,9.05,9.05,2979455.0
2019-12-05,9.0,9.5,8.6,9.5,7625676.0
2019-12-06,9.8,9.9,9.1,9.15,3404270.0
2019-12-09,9.45,9.45,8.9,9.1,1357351.0
2019-12-10,9.05,9.05,8.7,8.75,1535531.0
2019-12-11,8.75,8.75,8.35,8.35,1668939.0
2019-12-12,8.1,8.5,7.95,7.95,2892819.0
2019-12-13,7.6,8.0,7.6,7.65,9580935.0
2019-12-16,7.5,7.9,7.35,7.5,4279117.0
2019-12-17,7.65,7.85,7.5,7.85,1647979.0
2019-12-18,8.2,8.2,7.9,8.2,4406151.0
2019-12-19,8.45,8.6,8.2,8.6,2117596.0
2019-12-20,8.9,9.0,8.2,8.2,6830542.0
2019-12-23,8.0,8.2,7.9,8.05,2079371.0
2019-12-24,8.1,8.1,7.7,8.0,1813952.0
2019-12-26,8.0,8.4,7.85,8.4,3627020.0
2019-12-27,8.65,8.8,8.0,8.0,7538266.0
2019-12-30,8.15,8.15,7.6,7.8,2759087.0
2019-12-31,7.9,8.15,7.75,7.95,3236857.0
2020-01-01,8.15,8.3,7.95,8.3,2069415.0
2020-01-02,8.6,8.7,8.45,8.7,2236323.0
2020-01-03,9.0,9.1,8.85,9.1,1215074.0
2020-01-06,9.55,9.55,8.95,9.45,7838578.0
2020-01-07,9.75,9.8,9.0,9.0,4173620.0
2020-01-08,8.8,8.85,8.55,8.55,2889402.0
2020-01-09,8.5,8.75,8.35,8.5,3800805.0
2020-01-10,8.45,8.85,8.4,8.5,2278187.0
2020-01-13,8.65,8.65,8.35,8.45,1162213.0
2020-01-14,8.5,8.6,8.25,8.35,1525900.0
2020-01-15,8.35,8.65,8.15,8.45,2035260.0
2020-01-16,8.6,8.7,8.3,8.45,2217813.0
2020-01-17,8.55,8.55,8.05,8.1,2392987.0
2020-01-20,8.15,8.3,7.9,7.95,2231741.0
2020-01-21,8.05,8.05,7.8,7.85,2468797.0
2020-01-22,7.9,7.9,7.65,7.7,1878934.0
2020-01-23,7.75,7.95,7.6,7.9,1610559.0
2020-01-24,7.95,8.25,7.9,8.25,1693102.0
2020-01-27,8.4,8.55,8.15,8.3,2553668.0
2020-01-28,8.35,8.5,7.9,8.05,5605743.0
2020-01-29,8.15,8.15,7.7,7.7,6720545.0
2020-01-30,7.75,7.8,7.4,7.45,4024834.0
2020-01-31,7.55,7.65,7.1,7.15,4646132.0
2020-02-01,7.05,7.5,7.05,7.5,1004864.0
2020-02-03,7.85,7.85,7.15,7.15,4847302.0
2020-02-04,7.35,7.35,6.8,6.95,4539224.0
2020-02-05,7.0,7.05,6.7,6.85,2981317.0
2020-02-06,6.8,7.05,6.7,6.9,2764129.0
2020-02-07,7.05,7.1,6.85,7.0,1463829.0
2020-02-10,7.0,7.05,6.9,6.9,1094255.0
2020-02-11,7.0,7.15,6.9,7.0,1253018.0
2020-02-12,7.05,7.05,6.8,6.85,1258482.0
2020-02-13,6.9,7.0,6.85,6.9,857810.0
2020-02-14,6.95,7.1,6.9,7.0,1247259.0
2020-02-17,6.85,6.9,6.65,6.65,1575639.0
2020-02-18,6.55,6.65,6.35,6.35,1450735.0
2020-02-19,6.25,6.65,6.1,6.2,3039389.0
2020-02-20,6.3,6.5,6.15,6.4,1862018.0
2020-02-24,6.6,6.6,6.15,6.2,1692511.0
2020-02-25,6.3,6.3,6.0,6.0,1996087.0
2020-02-26,6.0,6.05,5.75,5.9,2443204.0
2020-02-27,5.85,5.9,5.65,5.65,1897121.0
2020-02-28,5.45,5.5,5.4,5.4,1279847.0
2020-03-02,5.25,5.4,5.15,5.15,1907785.0
2020-03-03,5.0,5.1,4.9,4.9,1357907.0
2020-03-04,4.8,4.9,4.7,4.7,1663922.0
2020-03-05,4.55,4.9,4.5,4.9,3888138.0
2020-03-06,4.8,4.8,4.7,4.7,872909.0
2020-03-09,4.5,4.9,4.5,4.9,3919124.0
2020-03-11,5.05,5.1,4.7,4.75,2322523.0
2020-03-12,4.6,4.7,4.55,4.55,850966.0
2020-03-13,4.35,4.55,4.35,4.35,3168394.0
2020-03-16,4.45,4.45,4.15,4.15,952635.0
2020-03-17,4.0,4.05,3.95,3.95,2449496.0
2020-03-18,3.95,3.95,3.8,3.8,1525314.0
2020-03-19,3.65,3.75,3.65,3.65,825409.0
2020-03-20,3.55,3.8,3.5,3.6,4009773.0
2020-03-23,3.5,3.55,3.45,3.45,750707.0
2020-03-24,3.45,3.55,3.3,3.3,2291669.0
2020-03-25,3.35,3.35,3.15,3.3,2319603.0
2020-03-26,3.25,3.4,3.15,3.15,3422012.0
2020-03-27,3.15,3.3,3.1,3.3,2379197.0
2020-03-30,3.35,3.45,3.15,3.15,9169523.0
2020-03-31,3.1,3.3,3.05,3.3,5770125.0
2020-04-01,3.35,3.45,3.2,3.35,3065321.0
2020-04-03,3.45,3.5,3.25,3.5,3194031.0
2020-04-07,3.65,3.65,3.65,3.65,585827.0
2020-04-08,3.8,3.8,3.8,3.8,1570408.0
2020-04-09,3.95,3.95,3.95,3.95,155335.0
2020-04-13,4.1,4.1,4.1,4.1,168351.0
2020-04-15,4.3,4.3,4.3,4.3,127206.0
2020-04-16,4.5,4.5,4.5,4.5,91030.0
2020-04-17,4.7,4.7,4.7,4.7,112139.0
2020-04-20,4.9,4.9,4.9,4.9,162915.0
2020-04-21,5.1,5.1,5.1,5.1,2099744.0
2020-04-22,5.35,5.35,5.35,5.35,923067.0
2020-04-23,5.6,5.6,5.6,5.6,157409.0
2020-04-24,5.85,5.85,5.85,5.85,152422.0
2020-04-27,6.1,6.1,6.1,6.1,242456.0
2020-04-28,6.4,6.4,6.4,6.4,173505.0
2020-04-29,6.7,6.7,6.7,6.7,286162.0
2020-04-30,7.0,7.0,7.0,7.0,3776039.0
2020-05-04,7.35,7.35,7.05,7.35,1875913.0
2020-05-05,7.7,7.7,7.7,7.7,304928.0
2020-05-06,8.05,8.05,8.05,8.05,197049.0
2020-05-07,8.45,8.45,8.45,8.45,199254.0
2020-05-08,8.85,8.85,8.85,8.85,234776.0
2020-05-11,9.25,9.25,8.45,8.45,2705654.0
2020-05-12,8.05,8.05,8.05,8.05,358809.0
2020-05-13,7.65,7.85,7.65,7.65,1997100.0
2020-05-14,7.3,7.3,7.3,7.3,547744.0
2020-05-15,6.95,6.95,6.95,6.95,504010.0
2020-05-18,6.95,7.25,6.8,7.25,2176989.0
2020-05-19,7.5,7.5,6.9,7.0,2669744.0
2020-05-20,7.0,7.2,6.7,6.95,895770.0
2020-05-21,7.0,7.1,6.65,6.65,1401737.0
2020-05-22,6.35,6.35,6.35,6.35,713065.0
2020-05-26,6.6,6.65,6.5,6.65,2134439.0
2020-05-27,6.95,6.95,6.95,6.95,304432.0
2020-05-28,7.25,7.25,7.25,7.25,257292.0
2020-05-29,7.6,7.6,7.3,7.55,3154294.0
2020-06-01,7.65,7.9,7.2,7.85,3252143.0
2020-06-02,8.2,8.2,7.9,8.2,1979370.0
2020-06-03,8.6,8.6,8.4,8.6,1150063.0
2020-06-04,9.0,9.0,8.6,8.85,3271474.0
2020-06-05,9.0,9.15,8.5,8.95,2670619.0
2020-06-08,9.3,9.35,9.0,9.35,1622287.0
2020-06-09,9.8,9.8,8.9,9.05,3813119.0
2020-06-10,8.85,9.25,8.65,8.95,1998763.0
2020-06-11,8.9,9.0,8.55,8.6,1822906.0
2020-06-12,8.2,8.85,8.2,8.7,3932594.0
2020-06-15,9.0,9.05,8.75,8.85,1735201.0
2020-06-16,9.1,9.15,8.45,8.55,1656998.0
2020-06-17,8.5,8.75,8.15,8.55,1055778.0
2020-06-18,8.55,8.75,8.3,8.7,1071649.0
2020-06-19,8.8,9.1,8.6,9.1,2057383.0
2020-06-22,9.55,9.55,9.55,9.55,1003886.0
2020-06-23,10.0,10.0,10.0,10.0,714231.0
2020-06-24,10.5,10.5,10.5,10.5,1047280.0
2020-06-25,11.0,11.0,10.0,11.0,4769146.0
2020-06-26,11.5,11.55,11.3,11.55,3974072.0
2020-06-29,12.1,12.1,11.75,12.1,4617559.0
2020-06-30,12.7,12.7,12.6,12.7,1584109.0
2020-07-01,13.3,13.3,13.3,13.3,408272.0
2020-07-02,13.95,13.95,13.9,13.95,3535408.0
2020-07-03,14.6,14.6,13.3,13.3,5236548.0
2020-07-06,12.65,12.65,12.65,12.65,574749.0
2020-07-07,12.05,12.05,12.05,12.05,352182.0
2020-07-08,11.45,11.45,11.45,11.45,472545.0
2020-07-09,10.9,10.9,10.9,10.9,543745.0
2020-07-10,10.4,11.4,10.4,11.4,7902884.0
2020-07-13,11.8,11.95,10.85,10.85,3281062.0
2020-07-14,10.4,10.8,10.35,10.35,1613804.0
2020-07-15,9.85,10.75,9.85,10.25,2095667.0
2020-07-16,10.0,10.4,9.75,9.95,1979588.0
2020-07-17,9.85,10.4,9.7,10.4,839005.0
2020-07-20,10.9,10.9,10.9,10.9,372254.0
2020-07-21,11.4,11.4,11.4,11.4,370838.0
2020-07-22,11.95,11.95,10.9,11.7,3972631.0
2020-07-23,11.5,11.6,11.15,11.2,1728722.0
2020-07-24,10.85,10.95,10.65,10.8,992020.0
2020-07-27,10.8,10.8,10.3,10.55,1115998.0
2020-07-28,11.0,11.05,10.45,10.55,1144462.0
2020-07-29,10.7,11.0,10.35,10.4,762375.0
2020-07-30,10.45,10.6,10.1,10.2,951737.0
2020-07-31,10.25,10.5,9.85,10.05,1247599.0
2020-08-03,9.55,9.8,9.55,9.7,1576620.0
2020-08-04,10.15,10.15,9.75,10.15,634629.0
2020-08-05,10.65,10.65,10.5,10.6,3123398.0
2020-08-06,11.05,11.05,10.6,10.75,2056773.0
2020-08-07,10.75,10.9,10.25,10.35,1476323.0
2020-08-10,10.6,10.85,10.6,10.85,909861.0
2020-08-11,11.35,11.35,11.35,11.35,510948.0
2020-08-12,11.9,11.9,11.4,11.9,5671239.0
2020-08-13,12.25,12.45,11.7,12.2,3342919.0
2020-08-14,12.45,12.45,11.6,11.7,2717884.0
2020-08-17,11.45,12.0,11.15,11.45,1447946.0
2020-08-18,11.5,11.8,11.25,11.65,1638341.0
2020-08-19,11.95,12.2,11.6,12.2,2414748.0
2020-08-20,12.2,12.8,12.15,12.8,6058560.0
2020-08-21,13.05,13.35,12.3,12.7,4385718.0
2020-08-24,12.8,13.05,12.2,12.5,2399561.0
2020-08-25,12.65,12.9,11.9,11.9,4032267.0
2020-08-26,12.0,12.05,11.35,11.4,3863401.0
2020-08-27,11.6,11.95,11.15,11.85,9696611.0
2020-08-28,12.35,12.35,11.7,11.75,6200099.0
2020-08-31,12.0,12.1,11.2,11.25,5895294.0
2020-09-01,11.25,11.8,10.7,11.7,2835741.0
2020-09-02,12.0,12.25,11.75,12.25,7471728.0
2020-09-03,12.35,12.85,12.35,12.55,5909205.0
2020-09-04,12.35,13.15,12.0,13.05,5273096.0
2020-09-07,13.6,13.7,13.05,13.7,4436729.0
2020-09-08,14.15,14.35,13.5,14.0,5785967.0
2020-09-09,13.75,13.9,13.3,13.55,5242502.0
2020-09-10,13.8,14.15,13.15,13.85,2741675.0
2020-09-11,14.0,14.3,13.6,14.2,3485202.0
2020-09-14,14.35,14.9,14.3,14.9,3618748.0
2020-09-15,15.6,15.6,15.1,15.6,7730499.0
2020-09-16,15.65,16.35,15.5,16.35,3992996.0
2020-09-17,16.9,17.15,15.7,16.85,13250994.0
2020-09-18,17.0,17.25,16.05,16.05,5112503.0
2020-09-21,15.55,15.95,15.25,15.25,3845812.0
2020-09-22,14.5,14.5,14.5,14.5,264799.0
2020-09-23,13.8,14.0,13.8,13.8,3282866.0
2020-09-24,13.15,13.15,13.15,13.15,174272.0
2020-09-25,13.05,13.8,12.9,13.8,3164101.0
2020-09-28,14.15,14.45,14.1,14.45,782503.0
2020-09-29,15.0,15.15,13.85,14.65,3374606.0
2020-09-30,14.65,15.0,14.0,14.05,1483957.0
2020-10-01,13.95,14.7,13.8,14.5,2098971.0
2020-10-05,14.2,14.7,13.9,14.3,1809014.0
2020-10-06,14.35,14.5,13.7,13.9,1813830.0
2020-10-07,13.9,14.05,13.3,13.55,2077765.0
2020-10-08,13.65,14.2,13.1,13.25,1422648.0
2020-10-09,12.95,13.95,12.95,13.3,1471473.0
2020-10-12,13.85,13.85,13.1,13.25,701793.0
2020-10-13,13.15,13.5,12.9,13.05,1907655.0
2020-10-14,13.4,14.35,12.9,14.35,2656164.0
2020-10-15,14.7,14.75,13.5,13.9,2353872.0
2020-10-16,13.8,15.25,13.5,14.7,4674330.0
2020-10-19,14.85,15.15,14.25,14.35,1974934.0
2020-10-20,14.2,14.6,13.8,13.9,818632.0
2020-10-21,13.9,14.7,13.85,14.15,4115784.0
2020-10-22,14.0,14.65,14.0,14.5,1902786.0
2020-10-23,14.8,14.85,14.05,14.2,2460037.0
2020-10-26,14.25,14.35,13.65,13.85,1694839.0
2020-10-27,13.9,14.45,13.65,14.1,3367273.0
2020-10-28,14.25,14.35,13.85,14.0,1788261.0
2020-10-29,13.8,14.4,13.55,13.95,2009880.0
2020-10-30,14.0,15.3,14.0,15.0,7416003.0
2020-11-02,14.8,14.8,14.15,14.25,1874778.0
2020-11-03,14.3,14.7,14.05,14.2,2122740.0
2020-11-04,14.2,14.55,13.45,14.35,2175304.0
2020-11-05,14.5,14.8,14.2,14.4,1810850.0
2020-11-06,14.25,14.75,14.15,14.2,1274992.0
2020-11-09,14.4,15.6,14.25,15.15,11215837.0
2020-11-10,15.1,15.65,14.4,14.6,3170191.0
2020-11-11,14.3,14.55,14.1,14.2,2303084.0
2020-11-12,14.2,14.55,14.0,14.15,1463996.0
2020-11-13,14.2,15.35,14.2,15.05,4994485.0
2020-11-14,15.25,16.5,15.100000381469728,16.149999618530273,4662941.0
2020-11-17,16.3,17.25,16.25,16.95,6511970.0
2020-11-18,17.0,18.25,16.5,17.6,9207562.0
2020-11-19,17.6,18.7,16.85,17.6,8017885.0
2020-11-20,17.65,18.75,17.15,18.55,5865253.0
2020-11-23,20.0,20.4,19.55,20.4,18539940.0
2020-11-24,20.9,20.95,19.4,19.4,7861096.0
2020-11-25,19.2,19.4,18.45,18.5,5473061.0
2020-11-26,19.0,19.4,18.5,19.4,2209584.0
2020-11-27,19.55,20.2,18.8,19.4,2813391.0
2020-12-01,19.6,20.0,18.45,18.75,5372148.0
2020-12-02,19.1,19.65,18.4,19.05,6029883.0
2020-12-03,19.35,19.55,18.7,19.0,5854940.0
2020-12-04,19.25,19.35,18.3,18.75,4188319.0
2020-12-07,18.8,19.15,18.55,18.65,2283041.0
2020-12-08,18.65,18.75,18.15,18.25,4010925.0
2020-12-09,18.5,18.65,18.0,18.1,2317256.0
2020-12-10,18.1,18.7,17.4,18.4,4252615.0
2020-12-11,18.45,19.25,18.45,19.1,4263470.0
2020-12-14,19.3,20.05,18.6,20.05,5507530.0
2020-12-15,20.15,20.25,19.05,19.8,5741061.0
2020-12-16,20.0,20.2,19.3,19.4,4194434.0
2020-12-17,19.55,19.8,18.7,18.9,2635859.0
2020-12-18,19.0,19.2,18.0,18.45,3120245.0
2020-12-21,18.5,18.75,17.55,17.55,2388979.0
2020-12-22,17.2,17.7,16.7,17.45,3267157.0
2020-12-23,17.6,18.3,17.45,17.95,1607928.0
2020-12-24,18.25,18.7,17.9,18.1,1296020.0
2020-12-28,18.25,19.0,18.25,19.0,2373451.0
2020-12-29,19.5,19.6,18.6,18.85,3400599.0
2020-12-30,19.0,19.05,18.5,18.7,1188623.0
2020-12-31,18.75,19.6,18.5,19.05,4406206.0
2021-01-01,19.25,19.6,18.8,19.0,2050382.0
2021-01-04,19.05,19.8,18.5,19.4,4361596.0
2021-01-05,19.0,20.35,18.9,20.35,6448657.0
2021-01-06,21.35,21.35,21.35,21.35,1632975.0
2021-01-07,22.4,22.4,20.5,21.3,14774091.0
2021-01-08,21.6,22.35,21.05,22.3,13496001.0
2021-01-11,23.4,23.4,21.8,23.4,14544337.0
2021-01-12,23.75,24.3,22.85,23.6,7693528.0
2021-01-13,23.95,23.95,22.45,22.45,3783587.0
2021-01-14,22.35,22.9,21.4,22.45,4211353.0
2021-01-15,22.95,22.95,21.45,21.7,4345577.0
2021-01-18,21.7,21.9,20.65,20.8,2562812.0
2021-01-19,21.05,21.8,20.95,21.8,2527854.0
2021-01-20,22.05,22.55,21.4,21.6,3328050.0
2021-01-21,21.8,21.8,20.65,20.75,2690984.0
2021-01-22,20.35,21.1,19.85,20.1,2326259.0
2021-01-25,20.65,21.1,19.5,19.95,3858628.0
2021-01-27,20.0,20.75,19.35,20.0,2246916.0
2021-01-28,20.0,20.6,19.65,20.35,2729949.0
2021-01-29,20.45,21.2,20.45,20.95,2204194.0
2021-02-01,21.3,21.65,20.0,20.25,3332089.0
2021-02-02,20.5,21.1,20.2,20.3,2267831.0
2021-02-03,20.5,20.85,19.5,19.65,3319801.0
2021-02-04,19.7,20.2,19.35,19.95,2474854.0
2021-02-05,20.25,20.5,19.6,19.7,1762651.0
2021-02-08,19.75,21.65,19.65,21.2,7046758.0
2021-02-09,21.4,21.65,20.35,20.5,3503145.0
2021-02-10,20.8,20.85,20.2,20.3,1050415.0
2021-02-11,20.3,20.6,20.05,20.3,1515410.0
2021-02-12,20.1,20.5,20.1,20.25,1093575.0
2021-02-15,20.75,20.95,19.95,20.2,1337079.0
2021-02-16,20.25,20.45,19.95,20.2,1464346.0
2021-02-17,20.05,20.2,19.4,19.85,1665942.0
2021-02-18,20.0,20.45,19.55,19.85,1274385.0
2021-02-19,19.8,20.1,19.05,19.35,1668909.0
2021-02-22,19.55,19.65,18.5,18.75,1872358.0
2021-02-23,18.75,19.4,18.45,18.85,1657205.0
2021-02-24,18.85,19.55,18.45,19.5,843620.0
2021-02-25,19.7,19.9,19.0,19.15,1669316.0
2021-02-26,19.1,19.65,18.75,18.95,1824791.0
2021-03-01,19.0,19.3,18.2,18.3,3178281.0
2021-03-02,18.6,20.1,18.5,20.1,5277849.0
2021-03-03,21.15,22.1,20.65,22.1,5029933.0
2021-03-04,22.65,24.3,22.1,23.15,10793957.0
2021-03-05,23.0,24.15,22.2,22.85,7077367.0
2021-03-08,23.3,25.1,23.0,25.1,10454412.0
2021-03-09,25.9,26.35,24.15,25.2,13189242.0
2021-03-10,25.4,26.0,23.95,24.9,8851689.0
2021-03-12,25.25,25.45,23.7,23.7,3389880.0
2021-03-15,23.4,23.5,22.55,22.55,1529801.0
2021-03-16,21.6,23.15,21.6,22.35,3814737.0
2021-03-17,22.35,22.65,21.25,21.3,3510706.0
2021-03-18,21.4,22.05,20.25,20.25,2598611.0
2021-03-19,19.55,21.25,19.25,21.1,4219946.0
2021-03-22,21.5,21.7,20.05,20.15,2921811.0
2021-03-23,20.2,21.15,20.15,20.75,4049420.0
2021-03-24,20.8,20.8,19.9,20.05,2496681.0
2021-03-25,20.0,20.0,19.05,19.1,3226776.0
2021-03-26,18.75,19.6,18.55,18.8,5499404.0
2021-03-30,19.35,19.7,18.5,18.6,2401329.0
2021-03-31,18.6,19.05,18.2,18.3,2179260.0
2021-04-01,18.8,19.3,18.6,19.3,2431937.0
2021-04-05,19.5,19.85,18.4,19.15,3583300.0
2021-04-06,19.25,19.6,18.95,19.05,1291610.0
2021-04-07,19.2,19.6,19.0,19.4,1237682.0
2021-04-08,19.1,19.55,19.1,19.25,1327115.0
2021-04-09,19.45,19.9,19.05,19.2,1418376.0
2021-04-12,18.9,18.9,18.25,18.25,1557227.0
2021-04-13,17.5,18.25,17.5,17.9,2202585.0
2021-04-15,18.2,18.2,17.05,17.2,2748698.0
2021-04-16,17.35,17.65,17.0,17.3,1946727.0
2021-04-19,17.15,17.15,16.45,16.45,1315431.0
2021-04-20,16.0,17.25,16.0,16.55,3233367.0
2021-04-22,16.35,16.85,16.25,16.55,1548782.0
2021-04-23,16.55,17.35,16.55,17.35,1092260.0
2021-04-26,18.2,18.2,18.2,18.2,304956.0
2021-04-27,19.1,19.1,19.1,19.1,533797.0
2021-04-28,20.05,20.05,19.15,20.05,8231291.0
2021-04-29,20.05,20.45,19.05,19.3,3209098.0
2021-04-30,19.0,19.65,18.9,19.1,1093768.0
2021-05-03,19.0,19.15,18.5,18.75,1443363.0
2021-05-04,19.1,19.65,18.85,19.0,2948907.0
2021-05-05,19.3,19.3,18.7,18.8,1182248.0
2021-05-06,19.1,19.1,18.45,18.7,972064.0
2021-05-07,19.0,19.25,18.6,19.05,1751209.0
2021-05-10,19.05,19.35,18.7,19.2,2146584.0
2021-05-11,19.0,19.55,18.6,19.35,1637558.0
2021-05-12,19.4,20.3,19.25,20.2,4843564.0
2021-05-14,20.25,20.25,19.2,19.55,2908591.0
2021-05-17,19.9,20.5,19.1,20.45,3286070.0
2021-05-18,21.1,21.45,20.5,20.95,7193665.0
2021-05-19,20.95,21.95,20.5,21.95,9138884.0
2021-05-20,22.25,23.0,21.75,22.05,8086692.0
2021-05-21,22.3,23.1,22.15,22.55,4098440.0
2021-05-24,22.6,22.95,21.75,21.95,2870217.0
2021-05-25,21.95,22.3,21.15,21.45,3146638.0
2021-05-26,22.0,22.3,21.55,22.05,2460366.0
2021-05-27,22.35,23.15,22.0,23.0,8541439.0
2021-05-28,23.25,23.6,22.15,22.45,4983786.0
2021-05-31,22.0,22.15,21.25,21.7,2412432.0
2021-06-01,21.55,22.0,20.65,20.95,4049784.0
2021-06-02,20.7,21.95,20.7,21.95,1748685.0
2021-06-03,23.0,23.0,23.0,23.0,1223337.0
2021-06-04,24.0,24.15,22.8,24.1,12257813.0
2021-06-07,24.6,26.0,23.45,25.4,10314087.0
2021-06-08,25.55,27.9,24.55,27.15,14489940.0
2021-06-09,28.0,29.45,26.65,28.15,21677057.0
2021-06-10,28.8,29.5,27.65,28.55,9320772.0
2021-06-11,28.8,29.65,26.25,26.8,10731684.0
2021-06-14,27.9,27.95,25.4,26.7,7581616.0
2021-06-15,26.95,27.4,25.75,26.0,4016777.0
2021-06-16,26.25,26.5,24.55,24.85,7057394.0
2021-06-17,24.25,26.95,24.25,25.8,7792080.0
2021-06-18,26.25,26.65,23.45,25.3,6147747.0
2021-06-21,24.55,26.2,24.3,25.3,3787315.0
2021-06-22,25.7,26.55,25.05,25.3,3749316.0
2021-06-23,25.55,26.2,24.75,25.5,4033305.0
2021-06-24,26.1,26.35,25.1,25.5,2442072.0
2021-06-25,26.25,26.25,25.35,25.75,2347494.0
2021-06-28,25.95,26.25,25.3,25.45,4750549.0
2021-06-29,25.3,26.75,25.3,25.9,5211086.0
2021-06-30,26.0,26.65,25.65,25.95,4892454.0
2021-07-01,28.5,28.5,27.1,28.5,14805343.0
2021-07-02,30.55,31.35,29.35,31.35,15997008.0
2021-07-05,33.0,34.45,32.25,34.45,12128357.0
2021-07-06,36.15,36.15,32.75,32.75,27546769.0
2021-07-07,31.15,31.95,31.15,31.15,13180772.0
2021-07-08,30.25,32.7,30.25,31.85,7571440.0
2021-07-09,32.0,32.3,31.3,31.8,3252919.0
2021-07-12,31.9,32.6,31.4,31.65,3600930.0
2021-07-13,32.0,33.2,30.75,33.2,9514285.0
2021-07-14,33.0,34.85,32.65,34.85,7516623.0
2021-07-15,35.7,36.2,33.2,33.8,6377960.0
2021-07-16,33.5,35.0,33.2,33.9,3578806.0
2021-07-19,33.3,34.9,33.0,34.65,3667934.0
2021-07-20,35.1,35.2,33.05,33.5,3915502.0
2021-07-22,34.25,34.65,33.05,33.25,1764613.0
2021-07-23,33.3,34.05,32.1,32.3,2406616.0
2021-07-26,32.95,33.6,31.9,32.45,2553016.0
2021-07-27,32.85,32.85,30.9,31.25,2055731.0
2021-07-28,31.55,31.95,29.7,30.25,3739158.0
2021-07-29,30.65,31.75,30.45,31.75,1582203.0
2021-07-30,32.9,33.3,31.55,32.35,4292271.0
2021-08-02,32.7,32.75,31.75,32.2,3409348.0
2021-08-03,32.05,33.8,32.05,33.8,6553370.0
2021-08-04,34.7,35.45,32.4,32.9,7352690.0
2021-08-05,33.0,33.45,31.3,31.45,4827148.0
2021-08-06,32.15,32.35,30.45,31.35,4021013.0
2021-08-09,31.7,32.1,30.45,30.7,2245278.0
2021-08-10,30.9,32.9,29.5,31.0,5290605.0
2021-08-11,31.25,31.75,29.5,30.8,3094036.0
2021-08-12,31.25,32.5,31.0,31.7,2713483.0
2021-08-13,31.55,32.1,30.65,30.75,2743219.0
2021-08-16,31.0,31.7,30.3,30.7,2385878.0
2021-08-17,30.85,31.2,29.3,29.6,2119143.0
2021-08-18,29.95,30.0,27.5,27.85,3337869.0
2021-08-20,27.4,28.2,26.15,27.25,2616252.0
2021-08-23,27.5,28.0,25.0,25.3,2471775.0
2021-08-24,25.25,27.8,25.0,27.8,2819173.0
2021-08-25,29.15,30.55,29.05,30.55,5772597.0
2021-08-26,30.65,31.1,29.0,29.15,3703130.0
2021-08-27,29.85,32.05,29.2,31.95,5909706.0
2021-08-30,32.5,33.3,31.3,32.25,5297610.0
2021-08-31,32.2,32.35,30.7,31.1,2804789.0
2021-09-01,31.05,31.4,29.85,30.25,2151582.0
2021-09-02,30.5,31.4,30.2,30.35,2261040.0
2021-09-03,31.5,31.85,31.25,31.85,2599928.0
2021-09-06,33.4,33.4,32.7,33.4,7720514.0
2021-09-07,34.85,35.05,32.9,35.05,16705915.0
2021-09-08,36.8,36.8,36.8,36.8,1843108.0
2021-09-09,38.6,38.6,37.1,38.6,23609178.0
2021-09-13,40.5,40.5,36.7,37.0,15698622.0
2021-09-14,36.4,38.2,35.15,36.1,9630834.0
2021-09-15,36.3,37.9,36.3,37.9,3229196.0
2021-09-16,39.4,39.4,37.35,37.55,4650328.0
2021-09-17,37.5,38.0,35.7,36.85,3643110.0
2021-09-20,37.1,37.1,35.05,35.05,3703895.0
2021-09-21,35.0,35.65,33.95,35.35,2521302.0
2021-09-22,35.75,37.1,35.35,37.1,5047379.0
2021-09-23,37.7,37.9,36.3,36.55,2640762.0
2021-09-24,36.9,37.75,35.5,35.95,3718457.0
2021-09-27,37.0,37.3,35.8,36.1,2041173.0
2021-09-28,36.5,37.0,35.0,35.6,2097607.0
2021-09-29,35.1,37.0,35.05,36.6,2294025.0
2021-09-30,36.6,36.85,35.7,35.8,1157758.0
2021-10-01,35.85,37.1,35.85,36.35,2807658.0
2021-10-04,36.55,36.8,36.0,36.2,2884745.0
2021-10-05,36.3,38.0,36.15,38.0,4902320.0
2021-10-06,39.9,39.9,38.55,39.85,15521351.0
2021-10-07,40.5,43.8,39.25,41.95,23281308.0
2021-10-08,42.45,45.5,42.25,43.6,12974453.0
2021-10-11,44.35,47.95,44.25,47.9,12197648.0
2021-10-12,48.7,52.05,47.0,51.25,13937954.0
2021-10-13,52.9,53.5,48.7,48.85,10553504.0
2021-10-14,49.1,51.25,48.8,51.25,5343679.0
2021-10-18,52.0,53.5,48.8,49.3,5434647.0
2021-10-19,50.0,50.0,47.0,47.25,3398457.0
2021-10-20,47.5,48.45,44.9,44.9,4167607.0
2021-10-21,45.0,46.2,44.2,44.95,1979147.0
2021-10-22,45.8,46.2,43.4,43.75,1915119.0
2021-10-25,44.0,44.65,41.6,41.75,2872890.0
2021-10-26,41.85,43.8,41.85,43.8,2337800.0
2021-10-27,45.3,45.95,44.6,45.95,4349269.0
2021-10-28,46.4,46.4,43.8,44.0,2766858.0
2021-10-29,43.95,44.4,42.0,42.5,3180510.0
2021-11-01,42.8,44.6,42.8,44.6,2490313.0
2021-11-02,44.45,45.75,43.6,44.55,3045016.0
2021-11-03,44.4,44.7,43.5,43.9,1644293.0
2021-11-04,44.0,44.4,43.55,43.9,545512.0
2021-11-08,44.25,45.25,43.25,44.45,2286833.0
2021-11-09,44.45,45.3,43.9,44.6,1910753.0
2021-11-10,44.4,46.8,44.3,46.8,2755137.0
2021-11-11,48.0,48.2,46.0,47.4,4472108.0
2021-11-12,47.5,47.8,45.2,45.9,2307486.0
2021-11-15,45.85,46.25,43.65,43.7,4283623.0
2021-11-16,43.7,45.35,43.1,43.85,2106152.0
2021-11-17,44.0,44.7,42.1,42.45,1818439.0
2021-11-18,43.4,43.4,40.35,40.6,4092666.0
2021-11-22,40.6,40.7,38.6,38.6,4181905.0
2021-11-23,37.5,40.5,36.7,40.5,5109991.0
2021-11-24,40.85,42.5,40.6,42.5,2378629.0
2021-11-25,43.8,44.0,42.0,42.45,2795299.0
2021-11-26,41.3,42.45,40.35,40.4,3156958.0
2021-11-29,39.05,40.0,38.4,39.55,4887667.0
2021-11-30,39.35,41.5,38.55,39.05,3113673.0
2021-12-01,39.8,41.0,38.9,39.8,3450887.0
2021-12-02,40.0,40.8,39.5,39.95,2166383.0
2021-12-03,40.0,41.9,39.75,41.55,5494113.0
2021-12-06,42.0,43.6,41.25,43.55,3510926.0
2021-12-07,44.8,46.55,43.6,44.25,3981603.0
2021-12-08,44.65,45.0,43.5,43.9,1990826.0
2021-12-09,44.35,44.45,42.5,42.8,1892802.0
2021-12-10,43.7,44.3,42.0,43.4,2714416.0
2021-12-13,44.0,45.0,42.95,43.15,1362920.0
2021-12-14,43.2,43.5,42.15,42.95,1244726.0
2021-12-15,43.45,44.8,41.6,43.3,2653128.0
2021-12-16,43.85,43.95,41.6,41.9,1668529.0
2021-12-17,42.3,42.4,38.0,39.3,2414801.0
2021-12-20,39.4,39.4,36.4,37.7,2779840.0
2021-12-21,38.05,39.9,38.05,38.9,1543845.0
2021-12-22,39.15,40.5,39.15,39.7,1291439.0
2021-12-23,40.7,40.7,39.0,39.55,1443185.0
2021-12-24,40.0,40.05,38.6,39.0,1217796.0
2021-12-27,39.2,39.25,35.25,38.55,1295686.0
2021-12-28,38.95,42.4,38.85,42.4,4133042.0
2021-12-29,43.0,43.95,40.3,40.75,4334727.0
2021-12-30,40.75,42.5,40.5,40.95,2349110.0
2021-12-31,40.75,42.15,40.75,41.6,1863942.0
2022-01-03,41.7,45.4,41.65,43.55,4962587.0
2022-01-04,43.95,46.8,43.95,45.65,7855629.0
2022-01-05,45.45,45.9,43.95,44.25,2423700.0
2022-01-06,43.75,48.65,43.0,48.65,8333936.0
2022-01-07,49.0,50.4,47.25,48.2,7646091.0
2022-01-10,49.4,49.7,48.25,48.6,2992191.0
2022-01-11,48.95,48.95,46.15,46.65,2631353.0
2022-01-12,47.0,47.5,45.75,45.95,1856334.0
2022-01-13,46.6,46.75,44.3,44.85,3067980.0
2022-01-14,45.1,49.3,44.85,48.95,7959134.0
2022-01-17,49.35,50.25,47.4,48.0,5862016.0
2022-01-18,48.25,49.5,46.55,46.85,4030033.0
2022-01-19,46.95,47.15,45.2,46.2,2898626.0
2022-01-20,46.65,46.8,45.3,45.55,2077585.0
2022-01-21,45.1,45.7,43.35,44.05,3333827.0
2022-01-24,43.9,44.35,39.65,40.2,6562312.0
2022-01-25,40.8,41.9,39.25,40.95,4225529.0
2022-01-27,39.5,41.7,39.5,41.2,2512721.0
2022-01-28,42.0,43.4,41.1,41.55,3372794.0
2022-01-31,43.0,43.2,41.2,41.4,1967360.0
2022-02-01,41.9,42.7,40.6,41.15,2510954.0
2022-02-02,41.5,43.7,41.0,42.3,4090547.0
2022-02-03,42.55,44.1,41.95,42.7,2924635.0
2022-02-04,43.15,44.2,42.9,43.25,2399231.0
2022-02-07,43.85,45.75,43.25,44.0,3832796.0
2022-02-08,44.35,44.6,41.3,42.25,3029946.0
2022-02-09,42.6,44.2,42.1,43.5,1826731.0
2022-02-10,43.5,44.2,42.8,43.55,1847367.0
2022-02-11,43.85,46.0,43.3,45.0,5509625.0
2022-02-14,43.0,43.0,38.3,38.75,6943339.0
2022-02-15,40.0,41.3,38.25,40.65,4237175.0
2022-02-16,41.0,42.35,40.35,40.7,3801369.0
2022-02-17,41.0,41.4,40.0,40.35,2407054.0
2022-02-18,40.5,40.8,39.2,39.55,1236336.0
2022-02-21,39.4,40.2,38.05,38.45,2563659.0
2022-02-22,37.0,37.75,34.25,36.95,2711898.0
2022-02-23,37.5,41.25,37.5,40.0,3083277.0
2022-02-24,37.0,38.85,35.35,35.7,6405986.0
2022-02-25,38.9,39.9,37.5,38.5,4222248.0
2022-02-28,38.0,40.4,37.25,39.85,2455584.0
2022-03-02,39.65,40.5,39.05,40.15,2589702.0
2022-03-03,40.6,41.25,40.0,40.55,1843047.0
2022-03-04,38.1,40.2,38.1,38.95,2032323.0
2022-03-07,37.5,39.2,36.75,37.65,2776900.0
2022-03-08,38.1,39.55,36.95,38.05,2611049.0
2022-03-09,38.25,40.35,38.1,40.0,2237406.0
2022-03-10,41.25,42.2,40.4,40.65,2978669.0
2022-03-11,40.45,41.7,40.25,40.85,1705897.0
2022-03-14,40.9,41.3,40.0,40.5,2681535.0
2022-03-15,40.75,41.4,39.9,40.3,2498721.0
2022-03-16,41.0,41.15,39.8,40.7,2624784.0
2022-03-17,41.2,43.95,40.75,42.5,5462640.0
2022-03-21,42.7,43.25,41.25,41.65,2345243.0
2022-03-22,41.65,43.1,41.35,42.0,2779990.0
2022-03-23,42.3,43.0,41.5,41.65,1870082.0
2022-03-24,41.2,42.1,41.15,41.5,1534417.0
2022-03-25,41.5,41.8,40.5,40.65,2368106.0
2022-03-28,41.0,45.2,40.1,40.75,4143263.0
2022-03-29,41.05,41.95,39.7,40.3,4191234.0
2022-03-30,40.6,42.9,40.6,41.95,6881053.0
2022-03-31,42.0,42.25,40.6,40.85,2717269.0
2022-04-01,41.0,42.9,40.8,42.15,4277748.0
2022-04-04,42.4,45.3,42.4,44.05,9829558.0
2022-04-05,44.5,44.65,42.8,43.15,4229848.0
2022-04-06,42.95,46.2,42.9,45.65,5927499.0
2022-04-07,46.1,48.25,45.2,45.85,10499535.0
2022-04-08,46.25,47.25,45.85,46.0,3347464.0
2022-04-11,46.25,46.9,45.6,45.8,3370090.0
2022-04-12,45.5,45.65,44.0,44.15,2994388.0
2022-04-13,44.45,45.3,44.0,44.25,1839714.0
2022-04-18,43.6,44.9,43.2,44.5,5566464.0
2022-04-19,44.7,46.4,44.25,44.6,3960976.0
2022-04-20,45.25,45.95,44.55,44.8,3099865.0
2022-04-21,45.1,45.6,44.55,44.75,1706997.0
2022-04-22,44.4,45.9,43.6,44.1,3540919.0
2022-04-25,43.7,43.9,41.9,42.3,2049579.0
2022-04-26,42.9,43.15,41.55,41.8,1758724.0
2022-04-27,41.7,42.3,41.3,41.65,2136561.0
2022-04-28,42.0,42.7,40.95,41.15,1657575.0
2022-04-29,41.75,42.15,41.25,41.45,2260066.0
2022-05-02,40.5,41.3,40.3,40.5,1096501.0
2022-05-04,40.85,40.85,39.1,39.4,1180148.0
2022-05-05,39.75,40.25,38.5,38.85,1481917.0
2022-05-06,38.4,39.45,38.1,38.65,2354567.0
2022-05-09,38.7,38.9,36.45,38.0,3320907.0
2022-05-10,37.9,38.75,34.2,35.95,2815756.0
2022-05-11,36.25,36.8,33.3,33.9,2776995.0
2022-05-12,34.1,34.6,32.0,32.4,2892596.0
2022-05-13,33.4,34.35,33.1,33.45,1683562.0
2022-05-16,33.9,34.4,33.15,33.8,1142603.0
2022-05-17,34.25,35.8,34.0,35.05,1920738.0
2022-05-18,35.65,39.6,35.4,38.15,3994712.0
2022-05-19,37.0,38.7,36.55,37.05,2305218.0
2022-05-20,37.6,39.6,37.6,39.05,2721586.0
2022-05-23,39.1,40.3,38.2,38.85,2244066.0
2022-05-24,38.9,39.05,37.05,37.35,1694442.0
2022-05-25,37.0,37.65,35.2,35.55,1267972.0
2022-05-26,35.8,36.9,34.35,36.05,1848468.0
2022-05-27,36.4,37.4,36.4,37.0,1123640.0
2022-05-30,37.0,38.25,37.0,37.8,1284594.0
2022-05-31,42.0,42.0,39.75,40.25,6535340.0
2022-06-01,40.5,40.85,38.7,38.95,1473537.0
2022-06-02,38.85,41.0,38.25,39.55,2613978.0
2022-06-03,40.0,41.0,37.5,37.8,1785321.0
2022-06-06,37.75,37.95,36.2,36.65,1462825.0
2022-06-07,36.75,37.4,36.4,36.65,1753992.0
2022-06-08,36.85,37.65,36.0,36.15,1708565.0
2022-06-09,36.1,36.35,35.5,35.75,1329615.0
2022-06-10,35.4,36.0,35.0,35.55,1174291.0
2022-06-13,35.0,36.8,35.0,36.0,3857479.0
2022-06-14,36.1,36.8,35.5,35.95,1934097.0
2022-06-15,36.0,36.35,35.3,35.55,627229.0
2022-06-16,36.0,36.15,33.65,34.05,1331145.0
2022-06-17,33.8,34.15,32.15,33.05,1484456.0
2022-06-20,33.35,33.5,30.3,31.25,1481541.0
2022-06-21,31.8,37.5,31.75,37.5,5730288.0
2022-06-22,41.2,43.8,39.85,41.45,42539868.0
2022-06-23,41.85,42.0,39.3,40.1,10306610.0
2022-06-24,40.2,41.1,38.3,38.8,5100985.0
2022-06-27,39.8,40.3,38.1,38.35,2902079.0
2022-06-28,38.0,38.6,37.15,37.35,2215457.0
2022-06-29,37.0,37.3,36.3,36.7,2768792.0
2022-06-30,37.0,37.95,36.55,36.75,1323855.0
2022-07-01,36.75,37.1,36.1,36.4,1023232.0
2022-07-04,36.8,36.9,35.2,35.4,1404308.0
2022-07-05,35.55,36.2,34.75,35.85,1848741.0
2022-07-06,35.85,35.95,35.15,35.25,999372.0
2022-07-07,35.65,35.9,35.0,35.45,930387.0
2022-07-08,35.6,35.85,35.3,35.4,1393634.0
2022-07-11,35.2,35.6,34.95,35.15,1124532.0
2022-07-12,35.2,36.0,35.0,35.15,1664836.0
2022-07-13,35.75,35.75,34.75,34.9,1010250.0
2022-07-14,35.2,35.2,34.0,34.2,1440532.0
2022-07-15,34.4,34.55,32.8,34.2,2742620.0
2022-07-18,35.0,36.2,34.5,35.55,2093726.0
2022-07-19,35.55,35.85,34.7,34.95,1194510.0
2022-07-20,35.5,35.55,34.4,34.7,1508949.0
2022-07-21,34.65,37.55,34.55,35.85,7237160.0
2022-07-22,36.0,36.6,35.45,35.9,1786925.0
2022-07-25,35.75,35.9,35.25,35.5,676354.0
2022-07-26,35.6,35.9,34.75,34.9,1195235.0
2022-07-27,34.9,35.25,34.55,34.7,1159247.0
2022-07-28,34.9,35.3,34.7,34.9,979423.0
2022-07-29,35.3,35.9,35.1,35.45,1499608.0
2022-08-01,35.8,36.3,35.35,35.95,1500232.0
2022-08-02,35.95,36.7,35.65,36.0,1646135.0
2022-08-03,36.0,36.2,35.4,35.65,880552.0
2022-08-04,35.8,36.25,35.15,35.8,1009983.0
2022-08-05,36.0,36.0,34.75,34.9,1498148.0
2022-08-08,35.0,35.35,34.75,34.8,1052449.0
2022-08-10,35.05,36.5,34.8,35.85,1700200.0
2022-08-11,36.45,36.5,35.0,35.65,1275164.0
2022-08-12,35.7,36.65,35.5,35.85,1720654.0
2022-08-16,35.45,36.45,34.8,35.85,2598989.0
2022-08-17,36.05,38.7,36.0,37.9,7822956.0
2022-08-18,38.1,38.5,37.4,37.95,3357149.0
2022-08-19,38.25,39.4,38.1,38.6,3604316.0
2022-08-22,39.2,39.7,38.5,38.8,3877325.0
2022-08-23,38.8,39.3,38.15,38.65,2697275.0
2022-08-24,38.5,39.3,38.4,38.6,2287324.0
2022-08-25,38.95,42.0,38.65,40.6,9405293.0
2022-08-26,41.05,41.55,40.3,40.55,2705937.0
2022-08-29,39.0,42.3,38.1,40.75,4109667.0
2022-08-30,41.15,41.6,40.6,40.8,2730342.0
2022-09-01,40.5,42.3,40.3,41.4,3233197.0
2022-09-02,41.7,42.8,41.35,41.55,4432054.0
2022-09-05,41.95,44.0,41.55,42.9,6983106.0
2022-09-06,43.4,45.45,42.6,45.2,12444542.0
2022-09-07,44.75,46.7,44.5,45.85,8825528.0
2022-09-08,46.35,46.45,43.9,44.1,4107028.0
2022-09-09,44.4,44.6,42.45,42.55,3292523.0
2022-09-12,42.9,43.7,42.5,42.65,2460646.0
2022-09-13,42.65,44.2,42.5,42.65,3336038.0
2022-09-14,41.65,43.6,41.65,43.25,3287812.0
2022-09-15,43.6,43.7,42.1,42.2,1951123.0
2022-09-16,42.2,42.85,40.0,40.5,2816303.0
2022-09-19,40.5,44.45,39.85,42.6,5577660.0
2022-09-20,43.1,43.55,41.8,42.1,2132929.0
2022-09-21,42.15,42.6,40.9,41.2,2481234.0
2022-09-22,41.0,42.1,40.8,41.2,1136415.0
2022-09-23,41.5,41.5,39.85,40.15,1643350.0
2022-09-26,39.7,40.0,36.85,37.95,2468591.0
2022-09-27,38.5,39.7,38.15,38.85,2437985.0
2022-09-28,38.4,38.5,37.4,37.6,2224867.0
2022-09-29,38.05,38.35,36.85,37.15,1334084.0
2022-09-30,36.95,39.4,36.25,36.9,4778019.0
2022-10-03,36.9,38.0,36.8,36.95,1468336.0
2022-10-04,37.65,38.2,36.95,37.25,1589180.0
2022-10-06,37.7,38.0,36.95,37.05,1737694.0
2022-10-07,37.1,38.05,36.8,37.75,2403360.0
2022-10-10,37.3,37.4,36.7,36.95,1631509.0
2022-10-11,37.1,37.4,36.25,36.45,1270921.0
2022-10-12,36.6,36.9,35.6,36.1,1358738.0
2022-10-13,36.1,36.3,35.75,35.85,703300.0
2022-10-14,36.2,36.75,35.8,36.15,1004215.0
2022-10-17,35.9,36.5,35.75,36.15,910472.0
2022-10-18,36.4,36.6,35.9,36.15,659594.0
2022-10-19,36.4,37.7,36.35,36.7,1582297.0
2022-10-20,36.3,37.4,36.15,36.85,732076.0
2022-10-21,37.1,37.6,36.05,36.25,1933124.0
2022-10-24,36.6,36.75,35.9,36.2,513731.0
2022-10-25,36.35,36.65,35.6,35.9,1516699.0
2022-10-27,36.05,36.75,36.05,36.3,1249810.0
2022-10-28,36.5,36.5,35.75,35.85,883956.0
2022-10-31,36.1,36.15,35.5,35.65,1080709.0
2022-11-01,35.85,36.25,35.7,35.8,618758.0
2022-11-02,35.85,36.6,35.7,35.9,1222259.0
2022-11-03,35.85,36.25,35.7,36.0,1613908.0
2022-11-04,36.2,36.5,35.7,36.0,960265.0
2022-11-07,36.1,37.4,35.9,37.1,2354294.0
2022-11-09,37.4,37.85,37.05,37.25,1752885.0
2022-11-10,37.05,37.4,35.9,36.0,1631537.0
2022-11-11,36.5,36.8,34.95,35.2,2438785.0
2022-11-14,34.5,34.9,32.55,32.8,5647232.0
2022-11-15,32.85,34.15,32.6,33.85,1867701.0
2022-11-16,33.75,34.4,32.9,33.25,1520198.0
2022-11-17,33.2,33.4,32.35,32.45,1835321.0
2022-11-18,32.65,33.4,32.25,32.75,1513017.0
2022-11-21,32.75,33.4,32.55,32.75,1124418.0
2022-11-22,32.9,33.1,32.65,32.75,828266.0
2022-11-23,32.8,34.4,32.75,34.1,2596657.0
2022-11-24,34.55,34.95,33.95,34.1,1399203.0
2022-11-25,34.25,34.5,33.65,33.7,1154291.0
2022-11-28,33.5,33.95,33.2,33.4,1531811.0
2022-11-29,33.55,33.7,33.2,33.25,692902.0
2022-11-30,33.05,33.7,33.05,33.2,938148.0
2022-12-01,33.35,33.95,32.9,33.15,1673962.0
2022-12-02,33.25,34.7,32.95,34.35,2744438.0
2022-12-05,34.5,34.65,33.4,33.65,2407473.0
2022-12-06,33.65,33.95,32.85,33.25,1944816.0
2022-12-07,33.5,35.95,33.45,34.7,5634750.0
2022-12-08,34.95,35.3,34.1,34.55,2284889.0
2022-12-09,34.7,34.75,33.0,33.6,2180905.0
2022-12-12,33.5,33.9,33.1,33.3,1590441.0
2022-12-13,33.45,34.5,33.45,33.65,2140653.0
2022-12-14,33.8,35.9,33.7,34.6,5812119.0
2022-12-15,34.5,36.0,34.4,35.45,4091933.0
2022-12-16,35.45,37.0,35.4,35.6,5199230.0
2022-12-19,35.9,36.65,34.8,35.05,2441812.0
2022-12-20,35.0,35.15,34.25,34.55,1886067.0
2022-12-21,34.7,34.8,32.9,33.2,2605849.0
2022-12-22,33.3,33.5,31.1,31.85,3439375.0
2022-12-23,31.8,31.8,29.4,29.8,3609399.0
2022-12-26,30.0,31.2,29.6,30.75,2597267.0
2022-12-27,31.2,31.85,30.85,31.65,2553625.0
2022-12-28,31.65,32.4,31.5,31.85,2028490.0
2022-12-29,31.75,34.6,31.5,33.45,4042736.0
2022-12-30,33.7,34.0,33.3,33.6,1171762.0
2023-01-02,33.7,33.8,33.0,33.35,1549568.0
2023-01-03,32.9,34.1,32.9,33.45,1127711.0
2023-01-04,33.7,33.75,32.4,32.55,1415910.0
2023-01-05,32.75,32.9,32.1,32.3,1728763.0
2023-01-06,32.45,32.5,31.65,31.75,889670.0
2023-01-09,32.35,32.6,31.8,32.1,2410926.0
2023-01-10,32.2,32.8,31.95,32.7,2648483.0
2023-01-11,32.9,35.3,32.45,34.35,4521495.0
2023-01-12,34.5,34.6,33.15,33.5,1870166.0
2023-01-13,33.6,34.8,33.5,34.15,2455506.0
2023-01-16,34.3,34.45,33.6,34.05,2285335.0
2023-01-17,34.15,34.25,33.5,34.05,1732412.0
2023-01-18,34.35,34.55,33.5,33.75,2721340.0
2023-01-19,33.75,33.85,33.35,33.6,1158546.0
2023-01-20,33.6,34.05,32.9,33.15,1729557.0
2023-01-23,33.4,33.45,32.8,33.1,1546404.0
2023-01-24,33.1,33.2,32.65,32.75,1024604.0
2023-01-25,32.7,32.7,31.7,32.0,1243087.0
2023-01-27,31.65,32.0,29.5,29.8,3933718.0
2023-01-30,30.0,30.8,28.5,28.9,3401566.0
2023-01-31,29.8,31.25,29.05,30.85,1849559.0
2023-02-01,31.25,32.25,29.1,29.85,2532338.0
2023-02-02,30.3,30.5,29.6,29.9,1319870.0
2023-02-03,30.1,30.3,28.25,29.0,2480920.0
2023-02-06,29.05,29.6,28.9,29.15,1582820.0
2023-02-07,29.25,29.35,28.35,28.55,1457786.0
2023-02-08,28.65,29.25,28.5,28.95,1648007.0
2023-02-09,29.0,29.1,28.4,28.7,1701980.0
2023-02-10,28.65,31.2,28.6,30.5,3378851.0
2023-02-13,31.0,31.2,29.25,29.6,1675289.0
2023-02-14,29.75,29.75,28.65,28.9,956266.0
2023-02-15,28.85,29.4,28.75,29.05,890924.0
2023-02-16,29.15,29.7,28.65,29.0,1501789.0
2023-02-17,28.85,29.1,28.6,28.65,1127501.0
2023-02-20,28.85,29.45,28.3,28.8,1153718.0
2023-02-21,28.9,29.35,28.7,29.0,1127774.0
2023-02-22,28.8,29.0,27.35,28.25,2058984.0
2023-02-23,28.4,28.8,27.65,27.8,934560.0
2023-02-24,27.95,28.3,27.5,27.65,862925.0
2023-02-27,27.65,27.65,26.9,26.95,828100.0
2023-02-28,27.15,27.45,26.5,26.65,1174121.0
2023-03-01,26.85,27.7,26.55,27.1,2013469.0
2023-03-02,27.2,27.3,26.7,26.8,877589.0
2023-03-03,27.0,29.4,26.95,28.9,3311694.0
2023-03-06,29.0,29.25,27.85,28.15,1698628.0
2023-03-08,27.9,30.75,27.6,30.1,4627598.0
2023-03-09,30.4,30.9,29.15,29.6,3006745.0
2023-03-10,29.4,29.45,28.45,28.65,1742688.0
2023-03-13,28.65,28.95,26.85,27.05,2682833.0
2023-03-14,27.3,28.85,26.8,27.55,4403722.0
2023-03-15,28.3,29.4,27.7,28.7,3446305.0
2023-03-16,28.7,32.5,28.4,31.6,22343704.0
2023-03-17,31.45,33.45,31.3,32.85,12429565.0
2023-03-20,32.9,33.85,30.75,31.3,5913312.0
2023-03-21,31.45,33.6,30.7,32.75,6979706.0
2023-03-22,32.95,33.35,32.55,32.85,2475394.0
2023-03-23,32.9,33.1,32.2,32.65,2212331.0
2023-03-24,32.65,32.95,30.55,30.95,3264913.0
2023-03-27,31.5,31.6,29.85,30.75,2298912.0
2023-03-28,30.5,30.8,29.15,29.45,2997341.0
2023-03-29,29.85,33.5,29.55,32.9,6018412.0
2023-03-31,34.05,35.85,33.6,34.55,9851015.0
2023-04-03,34.45,35.4,34.45,35.15,4187644.0
2023-04-05,35.25,36.9,34.9,36.05,6220120.0
2023-04-06,36.0,36.65,35.4,36.45,3237475.0
2023-04-10,36.7,36.8,35.6,36.2,1994984.0
2023-04-11,36.25,36.45,34.85,35.35,2339827.0
2023-04-12,35.25,35.8,34.35,34.85,2234993.0
2023-04-13,34.85,35.95,34.5,35.75,2605099.0
2023-04-17,35.9,35.9,34.85,34.95,1975749.0
2023-04-18,35.2,36.1,34.75,34.95,3448497.0
2023-04-19,35.15,35.45,34.8,34.95,1281267.0
2023-04-20,35.15,35.9,35.05,35.75,2227465.0
2023-04-21,36.0,37.7,36.0,36.4,6195126.0
2023-04-24,36.15,37.15,35.7,36.4,2465654.0
2023-04-25,36.25,36.25,35.25,35.35,1565576.0
2023-04-26,35.45,35.6,34.35,35.35,2251281.0
2023-04-27,35.4,36.25,35.05,35.15,1823181.0
2023-04-28,35.4,36.3,34.95,35.35,2860247.0
2023-05-02,35.55,36.2,35.3,35.75,3098258.0
2023-05-03,35.7,39.3,35.35,38.65,10404486.0
2023-05-04,39.0,42.5,38.3,41.0,18925356.0
2023-05-05,40.6,42.15,39.5,40.3,6533180.0
2023-05-08,41.45,41.5,40.2,41.05,3813931.0
2023-05-09,41.2,41.7,39.1,39.9,5292942.0
2023-05-10,39.6,41.2,39.1,40.85,4356933.0
2023-05-11,40.5,40.8,39.9,40.4,2010882.0
2023-05-12,40.4,40.5,39.45,39.65,2981104.0
2023-05-15,39.8,40.65,38.4,38.9,3142714.0
2023-05-16,39.0,39.75,38.1,38.4,3029988.0
2023-05-17,38.3,38.85,37.65,38.25,2227107.0
2023-05-18,38.25,39.35,38.05,38.25,2272843.0
2023-05-19,38.4,38.4,37.3,37.9,2295115.0
2023-05-22,38.05,38.85,36.95,38.7,2793894.0
2023-05-23,38.7,39.1,38.1,38.4,2275765.0
2023-05-24,38.5,39.0,38.15,38.5,2346400.0
2023-05-25,38.5,40.35,38.35,39.9,7710364.0
2023-05-26,40.05,40.9,38.3,39.9,10294441.0
2023-05-29,40.55,41.35,39.95,40.45,6534447.0
2023-05-30,40.55,40.55,39.3,39.55,3212598.0
2023-05-31,39.45,40.0,38.85,39.3,2312759.0
2023-06-01,39.3,41.95,39.3,41.3,9050877.0
2023-06-02,41.5,43.4,41.25,41.55,11835001.0
2023-06-05,41.8,42.2,39.85,40.1,6416510.0
2023-06-06,40.25,40.75,39.2,39.85,5769836.0
2023-06-07,39.55,41.25,39.55,40.45,5142136.0
2023-06-08,40.65,41.75,40.05,40.7,5780513.0
2023-06-09,40.9,41.15,39.75,40.0,5477500.0
2023-06-12,40.3,40.3,39.05,39.3,2581728.0
2023-06-13,39.3,40.2,39.05,39.3,4094151.0
2023-06-14,39.45,41.45,39.3,41.15,8507778.0
2023-06-15,41.25,41.85,40.4,41.0,7069692.0
2023-06-16,41.2,43.0,40.9,42.15,12412887.0
2023-06-19,42.15,43.8,42.1,42.25,12040508.0
2023-06-20,42.25,42.95,41.1,41.8,8725363.0
2023-06-21,41.75,42.1,40.5,41.0,4508316.0
2023-06-22,41.0,41.3,39.6,40.05,4396389.0
2023-06-23,40.1,40.1,38.9,39.0,4592631.0
2023-06-26,39.15,40.5,38.4,40.35,5333191.0
2023-06-27,40.25,40.85,39.85,40.15,2766936.0
2023-06-28,40.45,40.65,39.3,39.6,2226306.0
2023-06-30,39.8,40.1,39.0,39.05,3215656.0
2023-07-03,39.35,39.65,38.6,38.7,4519500.0
2023-07-04,38.9,40.15,38.8,39.6,4228472.0
2023-07-05,39.6,40.85,39.3,40.7,4791883.0
2023-07-06,40.5,42.15,40.4,41.65,7460100.0
2023-07-07,41.55,42.25,40.65,41.25,5857709.0
2023-07-10,41.45,42.9,40.5,42.25,7277185.0
2023-07-11,42.75,43.5,41.7,42.1,6151573.0
2023-07-12,42.25,43.2,41.85,42.35,4337511.0
2023-07-13,42.2,42.8,40.35,40.75,4356497.0
2023-07-14,40.95,42.15,40.25,41.5,4026875.0
2023-07-17,41.9,42.15,41.4,41.6,2469920.0
2023-07-18,41.75,42.0,40.85,41.7,3130207.0
2023-07-19,41.8,42.8,41.65,41.85,4817729.0
2023-07-20,41.65,42.4,41.5,41.7,2979337.0
2023-07-21,41.4,41.75,41.05,41.2,2222868.0
2023-07-24,41.25,45.8,41.2,44.9,22533681.0
2023-07-25,45.0,46.0,44.3,45.8,12927987.0
2023-07-26,45.75,47.45,45.15,45.65,13119661.0
2023-07-27,45.95,46.3,44.1,44.6,4511470.0
2023-07-28,44.7,44.9,43.85,44.35,5104920.0
2023-07-31,44.5,45.0,44.1,44.2,5024259.0
2023-08-01,44.5,46.55,44.1,45.8,9411583.0
2023-08-02,45.7,46.05,43.15,43.6,8022540.0
2023-08-03,43.65,44.8,43.55,44.6,4404214.0
2023-08-04,44.9,49.0,44.9,47.75,23737088.0
2023-08-07,48.3,49.45,47.6,47.9,7302110.0
2023-08-08,48.0,50.6,46.15,47.1,18502750.0
2023-08-09,48.0,50.2,47.8,49.8,13195482.0
2023-08-10,50.0,53.45,49.95,50.15,24007880.0
2023-08-11,50.7,51.75,50.0,50.4,6726870.0
2023-08-14,50.5,53.0,48.75,52.6,12772055.0
2023-08-16,52.5,56.65,52.3,55.65,20253099.0
2023-08-17,56.2,57.7,55.55,56.3,14971333.0
2023-08-18,56.5,56.5,53.35,54.25,10954439.0
2023-08-21,54.6,58.75,54.5,58.45,13821379.0
2023-08-22,58.85,59.7,58.0,59.0,10658852.0
2023-08-23,59.3,63.85,59.25,63.0,19471795.0
2023-08-24,63.9,68.8,62.5,66.6,28278016.0
2023-08-25,66.8,68.5,63.8,65.75,18737774.0
2023-08-28,65.85,65.85,62.0,62.5,7356297.0
2023-08-29,62.8,65.9,62.8,64.85,7652950.0
2023-08-30,65.55,66.15,63.9,65.0,6698607.0
2023-08-31,65.2,65.4,62.1,63.2,3931155.0
2023-09-01,63.3,64.35,61.9,62.3,4585086.0
2023-09-04,62.7,64.25,61.6,62.6,5626591.0
2023-09-05,63.1,67.3,63.1,66.75,9839249.0
2023-09-06,67.0,69.35,66.3,68.5,9419045.0
2023-09-07,68.9,69.8,67.5,67.9,4359904.0
2023-09-08,68.2,68.5,65.5,65.9,3624641.0
2023-09-11,66.2,66.7,65.0,65.2,2676736.0
2023-09-12,65.6,65.6,57.3,58.95,9050049.0
2023-09-13,59.45,61.65,57.5,61.2,4046025.0
2023-09-14,61.85,63.4,60.5,62.35,2853946.0
2023-09-15,62.7,63.0,61.2,61.55,1816769.0
2023-09-18,61.9,62.0,59.5,60.0,2041202.0
2023-09-20,60.0,63.3,59.5,62.25,4544040.0
2023-09-21,62.3,64.3,61.7,62.6,5638413.0
2023-09-22,62.9,63.3,61.4,62.65,2568218.0
2023-09-25,62.5,63.85,60.9,61.8,2618095.0
2023-09-26,62.0,65.25,61.85,63.1,8171409.0
2023-09-27,63.3,64.0,62.7,63.3,2502057.0
2023-09-28,63.55,65.3,61.25,61.9,4506823.0
2023-09-29,62.4,63.75,62.2,63.35,3251037.0
2023-10-03,63.25,64.3,62.25,63.45,2676295.0
2023-10-04,62.9,63.5,61.0,61.95,2720520.0
2023-10-05,62.5,64.3,61.5,63.25,5006581.0
2023-10-06,63.25,66.8,63.15,65.05,9637804.0
2023-10-09,62.7,63.75,61.1,61.55,7122413.0
2023-10-10,62.2,63.0,61.5,61.75,3012491.0
2023-10-11,62.1,64.25,61.95,63.15,4068180.0
2023-10-12,63.5,64.9,62.7,63.8,4127047.0
2023-10-13,63.5,64.6,62.5,62.65,3372345.0
2023-10-16,62.75,65.8,61.75,65.05,7192960.0
2023-10-17,65.95,68.25,64.5,64.95,10114848.0
2023-10-18,64.95,65.65,63.5,63.8,3693774.0
2023-10-19,63.2,66.3,63.1,64.85,4187118.0
2023-10-20,64.8,65.85,63.15,63.35,3029408.0
2023-10-23,63.7,63.9,57.8,58.1,6840725.0
2023-10-25,57.5,60.25,55.7,57.15,4481539.0
2023-10-26,57.05,57.15,54.45,56.55,5314183.0
2023-10-27,57.25,58.5,56.8,57.9,4058951.0
2023-10-30,57.0,57.5,54.35,54.7,6002481.0
2023-10-31,55.4,57.2,55.1,56.0,4028250.0
2023-11-01,56.35,58.0,56.3,57.45,3034480.0
2023-11-02,58.3,58.45,57.1,57.3,1905598.0
2023-11-03,57.85,59.15,57.4,58.7,3245183.0
2023-11-06,58.8,60.2,58.5,59.25,3511406.0
2023-11-07,59.4,60.75,59.15,59.7,3136575.0
2023-11-08,60.05,60.5,59.5,60.05,2175318.0
2023-11-09,59.9,60.2,57.0,57.3,3800865.0
2023-11-10,56.05,61.75,55.05,60.55,9550081.0
2023-11-12,61.25,62.0,60.7,61.25,1250147.0
2023-11-13,62.0,62.0,60.1,60.95,4084933.0
2023-11-15,61.75,65.85,61.2,63.95,10814858.0
2023-11-16,64.05,67.5,63.85,65.85,11322844.0
2023-11-17,65.85,68.4,65.8,66.7,8552789.0
2023-11-20,67.4,73.45,67.05,70.15,24118368.0
2023-11-21,70.85,71.8,68.6,70.6,10870840.0
2023-11-22,71.0,71.45,68.8,69.7,6467972.0
2023-11-23,70.1,71.0,69.15,69.5,3721254.0
2023-11-24,69.9,72.7,69.4,71.2,10085381.0
2023-11-28,71.6,71.9,69.5,70.1,5390185.0
2023-11-29,70.8,72.4,69.25,69.9,7350959.0
2023-11-30,70.0,72.5,69.0,72.2,14249460.0
2023-12-01,72.55,73.2,69.5,70.4,6259181.0
2023-12-04,72.0,72.0,68.25,70.0,5959828.0
2023-12-05,70.05,71.65,68.2,68.7,6681430.0
2023-12-06,69.25,69.95,68.05,68.5,4035019.0
2023-12-07,68.65,69.5,67.8,68.45,3484784.0
2023-12-08,68.8,69.5,67.0,67.6,3770718.0
2023-12-11,67.9,68.45,66.25,66.8,3310376.0
2023-12-12,67.2,68.55,66.35,67.4,7706147.0
2023-12-13,67.5,69.8,66.85,67.55,8714940.0
2023-12-14,68.0,68.3,61.5,62.15,15915971.0
2023-12-15,62.5,62.9,61.0,61.35,8260177.0
2023-12-18,61.3,63.25,61.15,62.75,4986886.0
2023-12-19,63.0,66.4,62.4,65.7,14347899.0
2023-12-20,66.0,67.35,62.5,62.7,10577768.0
2023-12-21,62.5,64.15,61.8,63.45,4040839.0
2023-12-22,63.75,64.85,63.05,63.65,2602082.0
2023-12-26,63.95,66.05,63.3,63.75,3196205.0
2023-12-27,64.3,65.75,63.0,64.45,4995367.0
2023-12-28,64.45,64.7,62.7,62.95,2277466.0
2023-12-29,63.1,63.7,62.75,63.45,2531741.0
2024-01-01,63.75,64.25,62.9,63.1,1704975.0
2024-01-02,63.1,63.75,61.5,62.45,2690080.0
2024-01-03,62.5,63.15,61.5,61.7,3819306.0
2024-01-04,61.75,62.5,61.6,61.95,2934214.0
2024-01-05,61.8,63.85,61.8,63.1,5517461.0
2024-01-08,63.5,63.7,60.15,60.55,5918418.0
2024-01-09,60.9,61.95,60.15,61.05,4138010.0
2024-01-10,61.4,62.8,60.15,62.0,5503932.0
2024-01-11,62.2,62.9,61.05,61.3,3813237.0
2024-01-12,61.65,61.9,60.75,60.95,2655303.0
2024-01-15,61.2,61.45,60.1,60.2,3050281.0
2024-01-16,60.25,61.3,58.6,59.25,3808415.0
2024-01-17,58.4,60.0,58.3,59.8,2947309.0
2024-01-18,59.8,60.35,57.7,58.2,4094364.0
2024-01-19,58.5,61.65,58.3,60.4,6174082.0
2024-01-20,60.75,64.8,60.5,63.85,11606027.0
2024-01-23,64.05,65.1,60.4,60.95,6620976.0
2024-01-24,61.25,61.85,59.9,60.85,4383237.0
2024-01-25,60.95,64.9,60.9,64.3,10641352.0
2024-01-29,64.85,66.8,63.35,65.05,12078948.0
2024-01-30,65.5,67.4,64.2,65.3,10402998.0
2024-01-31,65.75,68.2,65.3,67.55,11225672.0
2024-02-01,67.9,68.25,64.7,65.45,6732366.0
2024-02-02,66.0,66.65,64.25,64.5,4765828.0
2024-02-05,64.5,65.4,62.4,62.75,5242571.0
2024-02-06,62.75,68.6,62.75,66.7,17893447.0
2024-02-07,67.0,68.0,65.25,67.2,7146842.0
2024-02-08,67.5,67.8,64.95,65.25,4844747.0
2024-02-09,65.6,67.9,61.65,66.05,16195666.0
2024-02-12,65.05,65.1,57.35,59.05,11811362.0
2024-02-13,59.1,59.3,55.55,57.35,11032562.0
2024-02-14,56.85,60.75,55.5,59.15,5868075.0
2024-02-15,59.4,62.15,59.4,60.1,7048663.0
2024-02-16,60.0,61.6,59.9,60.4,4040464.0
2024-02-19,60.85,61.5,60.05,60.35,2894043.0
2024-02-20,60.35,62.5,58.6,59.35,6240301.0
2024-02-21,59.65,60.25,57.7,58.15,3574275.0
2024-02-22,58.45,59.05,57.15,58.4,2770523.0
2024-02-23,58.7,59.2,58.0,58.15,2142152.0
2024-02-26,58.8,58.8,56.95,57.2,2790707.0
2024-02-27,57.05,58.9,56.9,57.15,2716198.0
2024-02-28,57.3,57.55,54.45,55.0,3426561.0
2024-02-29,55.0,55.25,53.95,54.9,2884249.0
2024-03-01,55.15,58.6,55.15,56.8,4781549.0
2024-03-02,57.0,57.25,56.5,57.0,544659.0
2024-03-04,57.3,57.65,55.85,56.1,2712729.0
2024-03-05,56.05,56.35,55.05,55.2,2340952.0
2024-03-06,54.95,55.4,52.8,53.55,3580576.0
2024-03-07,53.7,54.9,53.2,53.95,3601017.0
2024-03-11,53.55,54.0,51.0,51.35,4090023.0
2024-03-12,51.45,51.8,48.5,48.9,7790580.0
2024-03-13,49.0,50.2,43.9,44.55,8526937.0
2024-03-14,44.55,53.45,43.6,53.45,12115154.0
2024-03-15,53.45,56.4,50.9,53.25,8073925.0
2024-03-18,53.25,53.8,50.75,51.1,3479762.0
2024-03-19,51.35,52.0,50.0,50.35,3336646.0
2024-03-20,50.6,51.65,47.15,49.15,4608488.0
2024-03-21,49.5,53.1,49.5,52.3,8130048.0
2024-03-22,52.45,53.25,50.8,51.1,6244768.0
2024-03-26,51.5,51.9,49.0,49.3,5475435.0
2024-03-27,49.5,50.9,48.6,48.95,9903849.0
2024-03-28,49.55,51.3,48.15,48.9,8328196.0
2024-04-01,49.5,54.7,49.5,54.2,9890210.0
2024-04-02,54.0,55.55,53.5,54.9,6106480.0
2024-04-03,54.5,57.4,54.45,57.0,6564957.0
2024-04-04,57.4,60.5,56.35,59.35,9290167.0
2024-04-05,58.5,59.3,57.45,58.9,4387164.0
2024-04-08,59.5,60.45,58.5,59.25,4106582.0
2024-04-09,59.25,59.7,57.6,58.1,2904807.0
2024-04-10,58.35,58.4,56.5,57.15,2089547.0
2024-04-12,57.0,60.1,57.0,57.4,5207579.0
2024-04-15,55.9,57.9,54.85,56.3,4699717.0
2024-04-16,55.9,58.15,55.55,57.0,3230797.0
2024-04-18,57.55,57.85,55.3,55.95,3374975.0
2024-04-19,54.9,57.55,54.4,56.85,5608177.0
2024-04-22,57.5,59.15,57.2,58.1,4144504.0
2024-04-23,58.6,59.6,57.6,59.3,5035404.0
2024-04-24,59.5,61.7,59.3,60.5,6638135.0
2024-04-25,60.9,60.9,58.5,58.8,3191053.0
2024-04-26,59.0,60.3,57.9,59.3,4315459.0
2024-04-29,59.75,64.45,58.45,63.4,15900696.0
2024-04-30,63.85,65.2,62.25,62.5,10421821.0
2024-05-02,62.7,67.5,62.4,66.8,20989441.0
2024-05-03,67.0,68.1,65.6,66.6,13700973.0
2024-05-06,67.2,67.4,63.25,64.05,7447172.0
2024-05-07,64.05,64.2,61.4,63.45,6678391.0
2024-05-08,62.8,69.15,62.05,68.3,17684973.0
2024-05-09,68.6,69.45,64.0,64.35,8010500.0
2024-05-10,64.5,69.85,63.05,68.5,14403838.0
2024-05-13,67.3,69.0,64.65,68.05,12333071.0
2024-05-14,68.8,70.75,67.55,68.15,12857098.0
2024-05-15,68.55,68.95,67.1,67.45,4042516.0
2024-05-16,68.15,70.0,67.75,68.7,8290934.0
2024-05-17,69.05,70.75,68.3,69.7,10796007.0
2024-05-18,69.95,70.3,68.6,69.55,1917876.0
2024-05-21,68.2,68.35,63.85,64.55,12431420.0
2024-05-22,64.95,65.1,62.65,63.6,5571710.0
2024-05-23,64.0,65.35,63.1,64.15,5512591.0
2024-05-24,64.5,64.5,62.2,62.55,3755589.0
2024-05-27,62.6,62.9,60.5,61.55,5293565.0
2024-05-28,61.9,62.45,59.95,60.95,4930772.0
2024-05-29,60.3,61.7,60.2,61.1,2553153.0
2024-05-30,61.1,61.5,60.15,60.6,2509700.0
2024-05-31,61.0,61.5,59.5,60.5,4319257.0
2024-06-03,64.0,64.7,62.45,63.0,4389842.0
2024-06-04,63.0,63.0,50.4,55.0,10796872.0
2024-06-05,55.95,65.0,55.9,64.25,16341739.0
2024-06-06,64.15,67.25,63.75,65.9,12689475.0
2024-06-07,66.0,67.7,65.15,67.25,7635027.0
2024-06-10,67.48,76.35,67.32,73.67,44736103.0
2024-06-11,74.8,79.51,73.48,76.15,21389210.0
2024-06-12,76.45,78.5,75.05,78.11,13281410.0
2024-06-13,78.6,78.95,75.2,77.45,7213159.0
2024-06-14,77.85,78.85,76.0,76.41,4877932.0
2024-06-18,76.95,77.19,74.25,74.97,4148112.0
2024-06-19,75.0,78.5,71.71,76.55,9441721.0
2024-06-20,77.01,84.19,77.0,81.84,25968551.0
2024-06-21,82.5,82.78,78.5,79.28,6865506.0
2024-06-24,79.65,81.7,77.38,79.33,10559310.0
2024-06-25,79.85,80.39,77.28,77.75,5005323.0
2024-06-26,77.15,77.69,75.72,76.13,5731697.0
2024-06-27,75.65,78.45,74.2,74.64,6601228.0
2024-06-28,74.9,76.7,74.38,75.62,4905645.0
2024-07-01,75.99,76.42,75.0,76.03,2648441.0
2024-07-02,76.3,76.61,73.9,74.09,3605260.0
2024-07-03,74.5,75.33,70.71,71.94,10792791.0
2024-07-04,72.6,74.5,72.11,73.38,5472846.0
2024-07-05,73.18,73.35,71.58,72.42,3896090.0
2024-07-08,72.85,72.9,69.69,71.46,7722407.0
2024-07-09,71.55,76.5,71.15,75.58,13032528.0
2024-07-10,77.25,77.4,72.48,76.95,11717904.0
2024-07-11,77.5,79.59,77.48,77.76,7798591.0
2024-07-12,78.15,78.19,74.75,74.96,5983296.0
2024-07-15,75.0,75.69,71.73,72.46,8283498.0
2024-07-16,72.9,73.45,70.8,71.1,5311398.0
2024-07-18,71.5,74.55,70.35,72.8,6987251.0
2024-07-19,73.1,73.15,69.13,70.13,6907914.0
2024-07-22,69.55,72.08,68.24,70.99,4359625.0
2024-07-23,71.6,74.8,66.84,71.81,18075768.0
2024-07-24,71.6,73.9,71.45,73.45,5175443.0
2024-07-25,72.55,75.7,72.05,73.71,7729726.0
2024-07-26,74.27,76.4,74.0,75.17,6989873.0
2024-07-29,75.98,76.4,73.25,73.69,4841766.0
2024-07-30,73.99,75.5,73.38,73.86,5397638.0
2024-07-31,74.3,76.0,72.0,72.51,14251093.0
2024-08-01,72.05,73.26,69.7,69.9,7328550.0
2024-08-02,68.5,70.93,68.05,70.02,4257609.0
2024-08-05,67.05,68.54,65.16,66.11,5589675.0
2024-08-06,68.0,68.33,63.95,64.54,4602991.0
2024-08-07,65.19,69.24,65.04,68.8,4101304.0
2024-08-08,68.8,69.31,67.22,67.68,2599672.0
2024-08-09,68.06,69.9,67.5,68.82,3490139.0
2024-08-12,68.57,68.57,67.12,67.45,2206279.0
2024-08-13,67.55,68.5,66.09,66.47,1906643.0
2024-08-14,66.02,69.45,64.76,67.52,3815153.0
2024-08-16,67.75,68.0,66.35,66.87,2510328.0
2024-08-19,66.7,68.49,66.7,67.62,1409214.0
2024-08-20,67.43,68.85,67.1,67.56,1723181.0
2024-08-21,67.79,68.6,67.33,68.04,1698503.0
2024-08-22,68.3,69.91,66.03,66.66,5108949.0
2024-08-23,69.95,76.5,68.74,74.27,36203048.0
2024-08-26,74.6,76.8,73.21,74.31,12086001.0
2024-08-27,74.01,75.1,72.8,72.99,3825929.0
2024-08-28,73.05,74.55,71.64,72.02,3789389.0
2024-08-29,72.1,72.85,70.0,70.55,4998206.0
2024-08-30,70.89,71.47,70.02,70.73,2083308.0
2024-09-02,70.8,71.04,69.13,69.46,2594760.0
2024-09-03,69.46,72.51,69.46,70.51,5354375.0
2024-09-04,69.8,71.59,69.39,69.61,2843753.0
2024-09-05,70.68,71.62,70.0,70.68,2074660.0
2024-09-06,70.68,71.11,68.6,68.92,2146981.0
2024-09-09,69.29,69.29,67.1,67.89,4081083.0
2024-09-10,68.5,70.57,68.5,69.82,2464659.0
2024-09-11,69.97,71.91,68.88,69.08,3205992.0
2024-09-12,69.38,70.2,69.0,69.19,2852059.0
2024-09-13,69.49,70.75,68.8,69.11,4047350.0
2024-09-16,69.45,71.79,68.67,70.16,4143046.0
2024-09-17,70.16,70.16,69.0,69.26,2315118.0
2024-09-18,69.39,69.39,67.6,68.03,2532426.0
2024-09-19,68.45,68.96,64.47,66.23,4393473.0
2024-09-20,66.0,67.72,66.0,66.28,2110931.0
2024-09-23,66.32,67.86,66.32,67.5,2037339.0
2024-09-24,67.5,67.64,66.15,66.5,1205226.0
2024-09-25,66.5,66.74,65.35,65.87,1648839.0
2024-09-26,66.05,66.24,65.15,65.5,1508275.0
2024-09-27,65.6,66.44,65.36,65.51,1283054.0
2024-09-30,65.1,65.77,64.01,64.59,1898476.0
2024-10-01,64.37,66.64,64.37,65.47,2877171.0
2024-10-03,64.25,66.56,63.74,63.98,2860144.0
2024-10-04,63.61,64.68,62.79,63.49,1882332.0
2024-10-07,64.0,64.49,59.8,60.32,5625865.0
2024-10-08,60.1,63.9,59.92,63.59,2721586.0
2024-10-09,63.8,64.25,62.89,63.01,1579929.0
2024-10-10,63.47,63.95,62.89,63.09,1357147.0
2024-10-11,63.0,64.3,63.0,63.52,1921586.0
2024-10-14,63.8,65.05,63.05,63.59,2328397.0
2024-10-15,62.0,63.38,62.0,62.29,2816123.0
2024-10-16,62.31,62.95,61.7,61.99,2015026.0
2024-10-17,62.25,62.66,61.24,61.68,1849388.0
2024-10-18,61.0,62.8,60.5,62.02,1667191.0
2024-10-21,62.1,62.54,59.76,59.99,1955863.0
2024-10-22,60.3,60.3,56.9,57.18,2564250.0
2024-10-23,58.14,59.96,56.5,57.98,2750937.0
2024-10-24,58.1,59.18,56.92,57.78,2538716.0
2024-10-25,57.9,58.89,54.6,55.65,2967896.0
2024-10-28,55.65,56.76,53.36,54.5,5680064.0
2024-10-29,52.03,54.9,52.03,53.44,4473656.0
2024-10-30,53.9,61.5,53.56,60.96,14924444.0
2024-10-31,61.0,64.89,60.47,64.35,8077770.0
2024-11-01,64.99,67.5,64.99,66.98,3553910.0
2024-11-04,66.74,66.74,62.74,65.04,4488150.0
2024-11-05,65.3,67.45,64.5,65.82,4152908.0
2024-11-06,65.69,67.9,64.85,67.15,4105667.0
2024-11-07,67.36,71.7,66.75,69.82,11815117.0
2024-11-08,70.01,70.71,67.75,68.58,3979319.0
2024-11-11,68.0,69.9,66.6,67.36,2992583.0
2024-11-12,67.36,68.9,66.15,67.43,3054341.0
2024-11-13,65.0,67.32,64.16,64.49,5540962.0
2024-11-14,64.85,67.59,64.3,64.65,2548273.0
2024-11-18,64.81,66.8,62.65,64.68,3410276.0
2024-11-19,65.0,67.74,65.0,65.57,5115030.0
2024-11-21,65.56,65.9,63.5,63.74,3702653.0
2024-11-22,63.9,66.4,63.43,65.55,4426448.0
2024-11-25,67.25,69.42,66.11,68.91,6863106.0
2024-11-26,68.87,72.29,68.58,70.96,9373899.0
2024-11-27,71.19,74.29,71.01,72.81,10121819.0
2024-11-28,72.95,74.01,70.79,71.17,5257210.0
2024-11-29,71.5,73.32,70.74,72.23,5675521.0
2024-12-02,72.0,73.75,71.25,73.16,2678852.0
2024-12-03,73.16,73.8,71.63,72.02,2604217.0
2024-12-04,72.29,73.9,71.81,72.93,4600534.0
2024-12-05,73.51,76.9,72.91,75.35,20577396.0
2024-12-06,75.6,77.0,74.55,76.61,7339737.0
2024-12-09,76.47,76.49,74.0,74.41,4065032.0
2024-12-10,74.41,74.63,71.17,71.93,4238244.0
2024-12-11,72.2,80.86,72.0,80.1,38847183.0
2024-12-12,79.2,79.97,76.0,76.58,13468174.0
2024-12-13,75.6,78.0,74.15,77.14,11484975.0
2024-12-16,77.0,78.4,76.79,77.4,7612073.0
2024-12-17,77.68,77.85,74.5,74.65,5621060.0
2024-12-18,74.55,75.1,72.0,72.97,5862773.0
2024-12-19,71.7,73.39,71.0,71.83,6233569.0
2024-12-20,72.55,72.81,68.75,68.94,5659178.0
2024-12-23,69.4,69.74,67.21,67.45,4893425.0
2024-12-24,67.51,68.18,66.8,67.03,2277763.0
2024-12-26,67.6,69.9,67.01,68.11,5693503.0
2024-12-27,68.55,69.1,67.51,68.74,2292109.0
2024-12-30,68.9,68.99,67.0,67.78,2644985.0
2024-12-31,67.9,68.34,66.65,67.99,1769225.0
2025-01-01,67.95,69.75,67.95,69.61,2604265.0
2025-01-02,70.01,75.44,69.94,74.39,13575794.0
2025-01-03,74.37,75.9,72.72,73.15,4460421.0
2025-01-06,73.15,77.8,70.89,71.31,12154845.0
2025-01-07,72.24,77.9,72.06,76.96,16274774.0
2025-01-08,75.1,78.8,75.1,77.84,10756485.0
2025-01-09,77.94,78.61,74.25,74.53,4893553.0
2025-01-10,75.3,75.9,71.69,73.93,6266289.0
2025-01-13,72.0,75.49,69.8,70.52,7197865.0
2025-01-14,71.59,73.75,71.59,73.25,4394079.0
2025-01-15,74.0,75.74,72.15,72.38,4315553.0
2025-01-16,73.5,75.24,73.5,74.15,3237129.0
2025-01-17,74.63,77.8,74.0,76.24,7485264.0
2025-01-20,76.45,82.27,75.25,81.46,16791365.0
2025-01-21,81.5,83.4,78.15,78.53,13819270.0
2025-01-22,79.0,79.01,73.64,75.25,5805237.0
2025-01-23,74.89,76.89,74.25,74.58,4110913.0
2025-01-24,74.99,75.18,72.25,73.01,3806470.0
2025-01-27,72.42,72.55,68.33,68.65,5784987.0
2025-01-28,69.89,71.25,66.25,68.91,7266591.0
2025-01-29,69.4,71.99,69.01,70.67,3328312.0
2025-01-30,71.3,74.24,68.09,71.34,8483357.0
2025-01-31,72.0,72.53,70.31,70.66,2588091.0
2025-02-01,71.47,72.9,68.63,69.6,5275737.0
2025-02-03,68.91,69.25,67.25,68.39,3252932.0
2025-02-04,69.4,69.8,67.5,69.22,2419766.0
2025-02-05,69.8,72.65,69.8,71.32,3311128.0
2025-02-06,71.24,71.89,70.05,70.34,1672463.0
2025-02-07,70.33,70.99,68.75,69.12,1795275.0
2025-02-10,69.5,69.64,68.16,68.31,1992649.0
2025-02-11,67.98,68.0,64.6,65.12,4009121.0
2025-02-12,64.8,65.99,62.27,65.42,4952543.0
2025-02-13,65.41,66.65,63.99,64.34,1871368.0
2025-02-14,64.91,65.3,60.45,61.27,4440306.0
2025-02-17,60.1,62.27,60.1,60.93,3506352.0
2025-02-18,61.0,62.34,58.01,61.4,4167354.0
2025-02-19,60.73,64.7,60.73,63.96,4089051.0
2025-02-20,62.1,64.15,62.1,63.2,1774202.0
2025-02-21,62.85,64.15,60.6,61.21,2383626.0
2025-02-24,60.49,62.19,59.52,61.1,2467616.0
2025-02-25,60.99,61.72,59.25,59.77,1517151.0
2025-02-27,59.86,60.56,57.33,57.82,2840595.0
2025-02-28,57.39,57.39,54.44,55.23,4279679.0
2025-03-03,55.4,56.16,53.02,54.66,3802341.0
2025-03-04,54.35,57.01,53.33,55.88,3031322.0
2025-03-05,56.05,59.22,55.98,58.43,3043258.0
2025-03-06,59.1,63.83,58.9,62.56,4980741.0
2025-03-07,61.81,63.74,61.49,61.84,2629496.0
2025-03-10,61.84,62.5,58.0,58.62,2850535.0
2025-03-11,58.62,59.52,56.91,57.17,6759038.0
2025-03-12,57.5,58.35,55.97,56.35,3427036.0
2025-03-13,57.0,58.21,55.41,55.9,2828744.0
2025-03-17,56.11,57.21,55.46,56.11,3145247.0
2025-03-18,56.95,58.0,56.26,57.76,2903174.0
2025-03-19,58.01,60.4,58.01,59.4,2797999.0
2025-03-20,59.9,61.04,58.88,59.52,3716926.0
2025-03-21,59.7,62.5,59.5,60.8,3903743.0
2025-03-24,61.0,62.5,60.15,60.49,2733550.0
2025-03-25,60.8,61.47,57.12,57.31,3980731.0
2025-03-26,57.5,58.86,56.68,56.96,4595355.0
2025-03-27,56.65,59.49,56.56,59.0,9992976.0
2025-03-28,59.7,59.87,56.96,57.4,3691771.0
2025-04-01,57.4,58.9,57.02,57.97,2741768.0
2025-04-02,57.99,58.11,56.61,56.91,5052393.0
2025-04-03,56.99,58.9,56.36,58.76,5633086.0
2025-04-04,58.31,58.69,55.09,56.09,5281508.0
2025-04-07,52.54,53.75,50.25,52.22,5718062.0
2025-04-08,53.98,54.44,53.05,53.66,2329300.0
2025-04-09,53.45,53.87,52.0,52.69,1989436.0
2025-04-11,54.0,54.0,51.91,52.25,2694990.0
2025-04-15,53.4,54.87,52.41,54.35,5453234.0
2025-04-16,54.75,55.55,53.68,54.18,3084652.0
2025-04-17,54.2,56.15,53.8,55.38,4555132.0
2025-04-21,55.33,56.71,54.75,56.24,3825449.0
2025-04-22,56.79,57.35,55.66,56.02,2563933.0
2025-04-23,56.2,56.9,55.12,56.5,2586890.0
2025-04-24,56.8,58.49,56.25,58.2,5143596.0
2025-04-25,58.2,58.32,53.79,54.51,5691856.0
2025-04-28,54.89,55.18,53.72,53.99,2332076.0
2025-04-29,54.26,54.91,53.11,53.3,1493918.0
2025-04-30,53.0,53.74,51.99,52.5,2101112.0
2025-05-02,52.5,52.96,49.97,50.27,3964315.0
2025-05-05,50.76,53.0,50.05,52.4,3496471.0
2025-05-06,52.6,52.7,49.9,50.2,2434944.0
2025-05-07,50.0,50.86,48.81,49.59,4468887.0
2025-05-08,49.89,50.72,48.0,48.29,3155810.0
2025-05-09,47.83,49.5,47.42,49.06,1919079.0
2025-05-12,50.95,53.4,50.88,53.14,3288831.0
2025-05-13,53.0,58.85,52.61,56.63,12424914.0
2025-05-14,56.75,59.8,56.02,56.33,9456782.0
2025-05-15,56.3,56.54,55.35,55.97,3044437.0
2025-05-16,56.3,57.99,55.8,57.06,3899325.0
2025-05-19,57.29,61.2,57.29,58.23,12780512.0
2025-05-20,59.0,59.21,56.38,56.96,3330978.0
2025-05-21,56.96,57.25,55.86,57.0,3692440.0
2025-05-22,57.0,57.62,55.9,56.31,2571246.0
2025-05-23,56.39,58.0,55.81,56.87,3084565.0
2025-05-26,57.3,58.0,56.7,57.36,1827243.0
2025-05-27,57.2,57.85,56.81,57.27,1644287.0
2025-05-28,57.32,59.04,57.3,57.79,3530345.0
2025-05-29,57.71,58.35,57.23,57.62,3218076.0
2025-05-30,57.87,58.1,56.58,57.12,2491005.0
2025-06-02,56.75,58.0,56.0,56.16,3814021.0
2025-06-03,56.5,60.2,56.36,59.82,13232160.0
2025-06-04,60.9,62.0,59.16,61.79,12266025.0
2025-06-05,61.8,63.79,61.38,62.2,10776192.0
2025-06-06,62.21,64.38,61.33,61.7,8433065.0
2025-06-09,62.0,64.99,61.62,64.53,13450414.0
2025-06-10,65.0,66.45,64.6,64.91,11162835.0
2025-06-11,65.5,66.0,62.8,63.84,12725069.0
2025-06-12,62.8,65.82,62.41,64.08,8630649.0
2025-06-13,62.8,64.75,62.4,63.97,5929607.0
2025-06-16,64.54,65.07,62.25,63.95,4517549.0
2025-06-17,63.7,64.35,62.25,62.48,2976857.0
2025-06-18,62.6,63.55,61.53,62.12,4583994.0
2025-06-19,62.4,62.7,60.0,60.31,6604773.0
2025-06-20,59.41,60.57,58.18,58.52,4828856.0
2025-06-23,58.06,59.08,57.42,57.6,3334332.0
2025-06-24,58.47,59.82,58.3,58.57,3940312.0
2025-06-25,59.05,59.9,58.6,59.39,4197295.0
2025-06-26,59.78,60.4,56.79,57.77,6249485.0
2025-06-27,58.23,59.75,57.99,58.71,3969279.0
2025-06-30,59.08,59.49,57.8,57.97,2503614.0
2025-07-01,58.2,58.5,56.92,57.92,2480678.0
2025-07-02,58.14,58.49,57.0,57.9,2766699.0
2025-07-03,57.89,59.75,57.23,57.46,4622361.0
2025-07-04,57.61,58.37,56.91,57.44,2481715.0
2025-07-07,57.15,57.68,56.02,56.39,2497035.0
2025-07-08,56.4,56.85,55.35,56.09,2258939.0
2025-07-09,55.75,57.14,55.75,56.8,2141044.0
2025-07-10,56.8,57.29,56.07,56.41,1237084.0
2025-07-11,56.42,56.9,54.7,54.8,2967004.0
2025-07-14,54.81,54.86,53.51,53.94,2246066.0
2025-07-15,54.0,56.16,53.99,55.03,3667296.0
2025-07-16,55.0,55.28,54.65,54.86,1551220.0
2025-07-17,55.0,55.23,54.46,54.6,988799.0
2025-07-18,54.6,54.88,53.51,53.69,2204613.0
2025-07-21,53.69,54.2,53.15,53.31,1563286.0
2025-07-22,53.49,54.1,52.72,52.86,1790221.0
2025-07-23,52.99,53.51,52.55,53.09,2287155.0
2025-07-24,53.0,53.15,52.01,52.14,3883712.0
2025-07-25,52.05,52.85,51.63,52.36,2246637.0
2025-07-28,52.36,52.82,49.97,52.17,3735507.0
2025-07-29,52.17,52.6,51.29,51.94,1995351.0
2025-07-30,52.0,52.38,51.1,51.36,1141401.0
2025-07-31,50.54,52.59,50.2,51.2,2615463.0
2025-08-01,51.17,51.72,50.0,50.23,1314989.0
2025-08-04,50.3,50.91,49.71,49.95,1796923.0
2025-08-05,50.37,50.59,49.05,49.56,1136714.0
2025-08-06,49.25,49.79,47.53,47.9,4208281.0
2025-08-07,47.8,47.8,45.1,46.86,5182717.0
2025-08-08,47.0,47.7,45.71,46.0,2062982.0
2025-08-11,46.03,46.98,45.43,46.65,1856819.0
2025-08-12,46.89,46.89,46.2,46.39,1014367.0
2025-08-13,46.39,53.9,45.46,52.73,31892661.0
2025-08-14,52.73,52.73,48.6,48.98,6037182.0
2025-08-18,49.01,49.8,47.8,48.02,3335395.0
2025-08-19,48.09,52.5,47.85,51.05,5372016.0
2025-08-20,52.5,54.1,51.02,52.25,13838675.0
2025-08-21,52.5,52.66,51.0,51.14,2742110.0
2025-08-22,51.2,51.28,49.5,49.64,5715332.0
2025-08-25,49.84,49.84,48.1,48.35,5885829.0
2025-08-26,48.2,48.2,47.0,47.36,10982820.0
2025-08-28,47.0,49.96,47.0,48.55,4253583.0
2025-08-29,50.5,51.0,48.73,49.65,10756461.0
2025-09-01,50.5,52.0,49.15,51.73,7223694.0
2025-09-02,51.94,53.55,51.24,53.05,6780224.0
2025-09-03,53.15,58.1,53.01,56.9,21860245.0
2025-09-04,58.0,58.0,54.68,55.12,7905326.0
2025-09-05,55.31,55.74,53.5,53.72,3183170.0
2025-09-08,53.72,54.48,53.03,53.26,2001708.0
2025-09-09,53.49,53.8,52.35,52.5,2145177.0
2025-09-10,52.51,53.3,51.75,51.83,2554511.0
2025-09-11,51.91,58.3,51.56,56.83,28345622.0
2025-09-12,57.01,57.95,55.66,57.29,11797924.0
2025-09-15,57.58,57.77,56.75,56.9,3085213.0
2025-09-16,56.9,57.58,56.4,56.58,2595301.0
2025-09-17,56.89,59.0,56.66,57.09,6021166.0
2025-09-18,57.31,57.93,55.9,56.57,4394389.0
2025-09-19,56.6,57.8,56.6,56.93,3276995.0
2025-09-22,56.66,57.0,55.86,55.99,2536955.0
2025-09-23,55.99,57.7,55.82,56.21,3193595.0
2025-09-24,56.47,56.47,53.6,53.96,3447916.0
2025-09-25,54.2,54.84,53.62,53.97,2066147.0
2025-09-26,54.0,54.0,50.99,52.06,4414079.0
2025-09-29,52.25,52.57,51.21,51.73,2302855.0
2025-09-30,51.97,52.89,51.61,52.55,1735966.0
2025-10-01,52.46,52.73,51.64,52.06,2452495.0
2025-10-03,52.24,53.54,52.02,53.27,2960210.0
2025-10-06,53.2,53.22,52.34,52.56,1210759.0
2025-10-07,52.96,52.98,51.69,51.83,1425134.0
2025-10-08,52.1,52.4,50.67,50.93,1969848.0
2025-10-09,50.93,51.59,50.25,50.53,2013090.0
2025-10-10,50.73,51.75,50.61,50.94,3053801.0
2025-10-13,50.81,50.86,49.9,50.34,1933672.0
2025-10-14,50.3,50.69,48.38,48.65,3312956.0
2025-10-15,48.8,49.55,48.7,49.36,1199046.0
2025-10-16,49.31,50.5,49.11,49.82,1026045.0
2025-10-17,50.0,51.35,48.99,50.87,3588203.0
2025-10-20,50.87,51.29,50.1,50.34,1065036.0
2025-10-21,50.49,51.0,50.49,50.79,308958.0
2025-10-23,51.39,51.39,50.16,50.32,1029346.0
2025-10-24,50.4,50.64,49.39,49.51,1323190.0
2025-10-27,49.55,50.02,49.08,49.22,876012.0
2025-10-28,49.29,49.74,48.9,49.18,897483.0
2025-10-29,49.19,52.99,49.19,51.93,6093143.0
2025-10-30,52.0,55.79,50.2,52.86,10809409.0
2025-10-31,53.19,53.34,51.0,51.48,2930395.0
2025-11-03,51.44,51.5,50.8,51.08,1009850.0
2025-11-04,51.1,51.22,49.52,49.84,1223154.0
2025-11-06,49.51,49.86,48.37,48.67,1352604.0
2025-11-07,48.47,49.95,48.04,49.23,1364949.0
2025-11-10,49.5,49.58,48.1,48.37,1152086.0
2025-11-11,48.37,48.54,47.34,47.93,1217174.0
2025-11-12,48.06,48.74,47.5,48.01,1945899.0
2025-11-13,47.57,48.94,47.57,47.89,1080171.0
2025-11-14,47.75,48.47,47.27,47.54,1906647.0
2025-11-17,47.6,48.76,47.6,48.17,1071501.0
2025-11-18,48.0,48.4,47.55,47.67,1247275.0
2025-11-19,47.6,47.65,46.4,46.63,1921262.0
2025-11-20,46.8,47.25,46.3,46.45,1212183.0
2025-11-21,46.4,46.67,45.63,45.81,1209480.0
2025-11-24,45.84,46.11,44.41,44.65,1873449.0
2025-11-25,44.65,47.33,44.1,46.0,3378384.0
2025-11-26,46.07,46.55,45.67,45.82,1098765.0
2025-11-27,46.3,46.71,45.6,45.98,1033974.0
2025-11-28,45.98,46.25,45.45,45.57,970399.0
2025-12-01,45.66,46.2,44.98,45.2,1232556.0
2025-12-02,45.19,45.19,44.44,44.63,1123423.0
2025-12-03,44.66,44.93,43.88,44.18,1008239.0
2025-12-04,44.12,44.25,43.2,43.35,1427861.0
2025-12-05,43.38,43.57,42.0,42.23,1804737.0
2025-12-08,42.23,42.51,40.05,40.62,3344235.0
2025-12-09,40.62,41.52,39.2,40.86,6963537.0
2025-12-10,40.86,41.68,40.01,40.35,2270009.0
2025-12-11,40.53,41.2,39.96,40.77,1777255.0
2025-12-12,41.0,41.38,40.6,40.95,1523659.0
2025-12-15,40.99,41.49,40.5,41.2,2037515.0
2025-12-16,41.14,41.49,40.62,40.87,1524248.0
2025-12-17,41.0,41.18,39.44,39.69,1857890.0
2025-12-18,39.69,40.01,38.87,39.15,1574269.0
2025-12-19,39.3,40.6,39.3,40.1,1591189.0
2025-12-22,40.4,41.8,40.37,40.95,1822694.0
2025-12-23,41.14,41.53,40.8,40.95,1322164.0
2025-12-24,41.14,42.09,40.56,40.92,4357812.0
2025-12-26,40.9,42.83,40.59,41.3,3386330.0
2025-12-29,41.11,41.12,40.03,40.13,1215500.0
2025-12-30,40.33,41.9,39.79,41.48,2170656.0
2025-12-31,41.31,42.75,41.2,42.14,2130197.0
2026-01-01,42.35,42.38,41.59,41.91,710077.0
2026-01-02,42.1,42.69,41.6,41.82,1650274.0
2026-01-05,41.82,42.15,40.97,41.07,1416379.0
2026-01-06,41.08,41.19,40.18,40.4,1032056.0
2026-01-07,40.06,40.88,40.06,40.48,1029360.0
2026-01-08,40.6,40.68,38.95,39.02,2183880.0
2026-01-09,39.04,39.35,38.1,38.58,2662809.0
2026-01-12,38.95,38.95,37.15,37.9,2983858.0
2026-01-13,38.45,38.7,38.04,38.52,1794567.0
2026-01-14,38.47,38.85,38.06,38.54,1278558.0
2026-01-15,38.540000915527344,38.540000915527344,38.540000915527344,38.540000915527344,0.0
2026-01-16,38.99,38.99,38.07,38.25,1545069.0
2026-01-19,38.25,38.26,37.5,37.54,1814000.0
2026-01-20,37.55,37.58,35.66,35.85,2464997.0
2026-01-21,35.74,36.1,34.7,35.02,3276671.0
2026-01-22,35.2,36.59,35.19,36.45,2279907.0
2026-01-23,36.61,36.71,33.95,34.35,1653998.0
2026-01-27,34.8,34.8,33.4,34.4,1909302.0
2026-01-28,34.53,36.5,34.53,36.24,1894485.0
2026-01-29,36.45,36.57,35.35,35.56,1380256.0
2026-01-30,35.3,37.4,35.0,36.47,2460970.0
2026-02-01,36.5,38.39,35.51,36.33,2939447.0
2026-02-02,36.7,36.7,34.76,35.89,1217791.0
2026-02-03,37.98,38.4,36.8,37.11,1967191.0
2026-02-04,37.15,38.45,35.35,37.9,6899486.0
2026-02-05,38.1,38.15,36.44,36.77,1630140.0
2026-02-06,36.6,36.7,35.16,35.76,2225447.0
2026-02-09,36.34,37.94,36.17,37.43,2349432.0
2026-02-10,37.5,38.43,37.2,37.24,1525703.0
2026-02-11,37.29,37.38,36.36,36.46,2354213.0
2026-02-12,36.48,36.69,36.0,36.28,2213848.0
2026-02-13,36.0,38.69,35.29,37.68,5955739.0
2026-02-16,37.71,37.75,36.25,36.64,2034821.0
2026-02-17,36.7,37.39,36.36,36.78,1204376.0
2026-02-18,37.43,37.43,36.33,36.78,1870231.0
2026-02-19,36.81,37.37,35.6,35.95,1905307.0
2026-02-20,35.6,36.45,35.46,35.89,909519.0
2026-02-23,36.04,36.5,35.1,35.4,909552.0
2026-02-24,35.3,35.57,34.45,34.84,1245495.0
2026-02-25,35.02,35.4,34.0,34.65,2492799.0
2026-02-26,35.44,36.49,35.04,35.82,2859099.0
2026-02-27,35.6,36.17,35.0,35.17,2317261.0
2026-03-02,33.65,35.75,33.65,35.52,5573591.0
2026-03-04,35.0,35.0,34.23,34.59,4189952.0
2026-03-05,35.0,35.05,33.44,34.12,2670093.0
2026-03-06,34.2,35.35,33.98,34.71,4386926.0
2026-03-09,33.95,34.52,32.3,32.92,2409923.0
2026-03-10,33.56,33.7,32.26,32.39,3014334.0
2026-03-11,32.88,36.95,32.82,35.61,18891454.0
2026-03-12,35.61,35.61,33.9,34.38,4259184.0
2026-03-13,34.73,34.76,31.91,32.06,2956180.0
2026-03-16,31.9,34.0,31.0,31.25,6249970.0
2026-03-17,31.68,31.72,29.6,30.01,4359195.0
2026-03-18,30.25,32.81,29.97,32.59,8728104.0
2026-03-19,31.82,32.38,30.26,30.43,2880469.0
2026-03-20,30.9,31.28,29.9,30.17,7508754.0
2026-03-23,29.99,30.01,27.1,27.67,11954315.0
2026-03-24,28.75,30.49,28.22,29.63,10319645.0
2026-03-25,30.19,30.96,29.92,30.12,4372770.0
2026-03-27,30.15,30.49,29.12,29.51,13931884.0
2026-03-30,29.2,29.38,27.51,27.74,6228986.0
2026-04-01,28.99,29.9,28.37,29.42,2243736.0
2026-04-02,28.95,30.0,27.8,29.48,3203766.0
2026-04-06,29.48,30.04,28.6,29.85,3017071.0
2026-04-07,29.75,30.35,28.99,29.47,3529568.0
2026-04-08,32.01,32.19,30.44,31.77,5229542.0
2026-04-09,31.77,33.2,31.42,31.85,3701600.0
2026-04-10,32.2,32.95,31.9,32.61,2318502.0
2026-04-13,32.0,32.58,31.1,31.98,3306608.0
2026-04-15,32.8,33.9,32.76,33.67,4767051.0
2026-04-16,33.69,34.45,33.2,34.25,5317312.0
2026-04-17,34.2,34.6,32.82,33.01,9915561.0
2026-04-20,33.27,34.57,32.1,33.2,6238235.0
2026-04-21,33.2,33.99,32.61,32.68,2996605.0
2026-04-22,32.51,33.13,31.93,32.38,6369539.0
2026-04-23,32.09,32.87,32.01,32.26,2884623.0
2026-04-24,32.3,32.5,31.1,31.36,3280208.0
2026-04-27,31.6,33.4,31.4,33.06,5348142.0
2026-04-28,33.05,33.66,32.8,33.09,2475522.0
2026-04-29,33.08,34.23,32.52,32.76,3404812.0
2026-04-30,32.47,32.88,32.06,32.52,2177736.0
2026-05-01,32.52000045776367,32.52000045776367,32.52000045776367,32.52000045776367,0.0
2026-05-04,32.62,33.79,32.6,33.46,2687587.0
2026-05-05,33.4,33.68,32.68,32.87,1764099.0
2026-05-06,33.1,34.25,32.88,34.07,3586194.0
2026-05-07,34.05,36.6,34.05,36.0,13168890.0
2026-05-08,36.25,36.4,34.91,35.06,3664389.0
2026-05-11,35.0,35.0,33.57,33.74,2656830.0
2026-05-12,33.5,33.95,32.1,32.3,2926086.0
2026-05-13,32.02,33.25,32.02,32.7,2648800.0
2026-05-14,32.88,33.8,32.24,33.41,2796081.0
2026-05-15,33.65,34.14,31.0,31.12,7440088.0
2026-05-18,30.65,31.09,29.0,29.72,3818719.0
2026-05-19,29.75,30.22,29.61,29.82,1833822.0
2026-05-20,29.5,29.66,28.91,29.04,2595862.0
2026-05-21,29.33,29.64,28.86,28.98,1815191.0
2026-05-22,28.99,30.05,28.86,29.73,2422207.0
2026-05-25,30.4,30.98,30.1,30.59,2544478.0
2026-05-26,30.59,30.88,30.01,30.14,2464323.0
2026-05-27,30.21,30.46,30.0,30.35,1489179.0
2026-05-28,30.350000381469727,30.350000381469727,30.350000381469727,30.350000381469727,0.0
2026-05-29,30.37,30.6,29.55,29.85,2017186.0
2026-06-01,29.85,30.2,29.1,29.22,1810958.0
2026-06-02,29.11,29.51,28.76,29.47,1829524.0
2026-06-03,29.47,29.69,28.33,29.12,3803678.0
2026-06-04,29.62,33.09,29.62,31.47,40941186.0
2026-06-05,31.32,33.0,31.32,31.89,7110464.0
2026-06-08,31.5,31.6,30.2,30.57,3341739.0
2026-06-09,30.59,30.99,30.38,30.86,1502287.0
2026-06-10,31.0,31.3,30.0,30.08,1333273.0
2026-06-11,29.9,30.18,29.45,29.62,1137359.0
2026-06-12,30.09,31.23,30.09,31.02,2524233.0
2026-06-15,31.9,32.25,31.32,31.6,2844083.0
2026-06-16,31.78,32.76,30.91,32.33,4588391.0
2026-06-17,32.48,32.99,32.23,32.65,2783409.0
2026-06-18,32.78,34.02,32.63,33.17,5918516.0
2026-06-19,33.15,35.5,32.7,34.87,12521188.0
2026-06-22,35.05,35.84,34.68,35.21,4239242.0
2026-06-23,35.3,37.89,35.2,35.89,19165159.0
2026-06-24,35.99,36.89,35.38,35.76,6280306.0
2026-06-25,36.0,36.65,34.68,34.98,4512378.0
2026-06-26,34.97999954223633,34.97999954223633,34.97999954223633,34.97999954223633,0.0
2026-06-29,35.11,35.29,34.06,34.66,1643797.0
2026-06-30,34.77,35.8,34.51,35.55,2552349.0
2026-07-01,35.7,36.1,35.03,35.2,1738686.0
2026-07-02,35.21,35.35,34.86,35.11,1235808.0
2026-07-03,35.12,35.37,34.44,34.65,1285172.0
2026-07-06,34.41,34.82,33.65,33.92,1322255.0
2026-07-07,34.08,34.25,32.96,33.03,1715895.0
2026-07-08,32.86,33.33,31.77,31.89,1982617.0
2026-07-09,32.4,32.62,31.72,31.94,1925724.0
2026-07-10,32.3,32.66,31.87,32.03,2013859.0
2026-07-13,31.8,32.46,31.6,32.23,2285527.0
2026-07-14,32.0,32.0,31.12,31.27,2664120.0
2026-07-15,31.35,31.6,30.67,31.2,1988262.0
2026-07-16,31.38,31.6,30.67,30.99,1299325.0
2026-07-17,30.75,30.99,30.37,30.56,1213125.0
2026-07-20,30.43,30.9,30.2,30.7,978964.0
2026-07-21,30.69,30.88,30.25,30.34,738871.0
2026-07-22,30.3,30.44,29.9,30.09,1225294.0
2026-07-23,30.1,30.16,29.32,29.47,1581709.0
2026-07-24,29.47,30.55,29.16,30.37,1643469.0
2026-07-27,30.5,31.04,30.26,30.43,902016.0
2026-07-28,30.4,30.63,30.0,30.07,1283531.0
2026-07-29,30.43,30.57,29.99,30.13,1202432.0
2026-07-30,30.11,30.2,29.11,29.39,1568288.0
2026-07-31,29.40999984741211,30.149999618530273,29.280000686645508,29.940000534057617,1212926.0
2026-08-03,30.06999969482422,32.400001525878906,30.049999237060547,31.329999923706055,4951202.0
