,Open,High,Low,Close,Volume
2015-01-01,89.44999694824219,89.80000305175781,86.0,88.5999984741211,4972.0
2015-01-02,90.1500015258789,92.9000015258789,85.0,87.8499984741211,14685.0
2015-01-05,87.75,91.0,87.0,87.5,3941.0
2015-01-06,87.0,89.05000305175781,84.19999694824219,85.19999694824219,6792.0
2015-01-07,86.0999984741211,88.9000015258789,82.19999694824219,84.69999694824219,6399.0
2015-01-08,85.1500015258789,99.4000015258789,83.3499984741211,89.55000305175781,376239.0
2015-01-09,91.0,101.9000015258789,86.5,88.55000305175781,46802.0
2015-01-12,89.5999984741211,90.9000015258789,86.55000305175781,88.0999984741211,16992.0
2015-01-13,88.5,88.5,86.25,86.55000305175781,3444.0
2015-01-14,93.0500030517578,96.8000030517578,86.5999984741211,87.1500015258789,201246.0
2015-01-15,88.0,88.9000015258789,84.0,85.55000305175781,26748.0
2015-01-16,85.0,86.5,83.0,84.05000305175781,11052.0
2015-01-19,85.0,85.94999694824219,83.4000015258789,84.0999984741211,6965.0
2015-01-20,84.5999984741211,85.4000015258789,82.0,82.3499984741211,14234.0
2015-01-21,82.5,83.0,80.5,80.80000305175781,12547.0
2015-01-22,79.3499984741211,84.0,79.19999694824219,81.4000015258789,12785.0
2015-01-23,82.9000015258789,83.80000305175781,78.0,79.55000305175781,8859.0
2015-01-27,79.0,79.80000305175781,74.19999694824219,74.8499984741211,12477.0
2015-01-28,75.0,77.6500015258789,74.8499984741211,76.19999694824219,5083.0
2015-01-29,74.5,86.0999984741211,74.5,84.75,17084.0
2015-01-30,83.0,84.0,80.19999694824219,81.0999984741211,6837.0
2015-02-02,80.55000305175781,83.05000305175781,78.0999984741211,79.0999984741211,3953.0
2015-02-03,83.69999694824219,83.69999694824219,77.19999694824219,78.44999694824219,3435.0
2015-02-04,80.0,80.0,75.80000305175781,76.44999694824219,9032.0
2015-02-05,77.0,80.5,76.0,76.75,6856.0
2015-02-06,80.1500015258789,80.1500015258789,76.0999984741211,77.1500015258789,39961.0
2015-02-09,75.5,77.44999694824219,73.5999984741211,74.4000015258789,1771.0
2015-02-10,75.9000015258789,77.5,73.19999694824219,74.1500015258789,3562.0
2015-02-11,76.0,76.9000015258789,74.05000305175781,75.44999694824219,2203.0
2015-02-12,77.94999694824219,80.9000015258789,75.0999984741211,78.5,10418.0
2015-02-13,86.0,93.8000030517578,82.19999694824219,84.5999984741211,261520.0
2015-02-16,85.0,87.5,80.0999984741211,82.6500015258789,19207.0
2015-02-18,82.0,86.0,80.25,83.0,16726.0
2015-02-19,83.0,84.5,81.25,83.1500015258789,8291.0
2015-02-20,83.5,83.5,80.0,80.5,14258.0
2015-02-23,81.3499984741211,84.0,77.0,81.6500015258789,23707.0
2015-02-24,80.94999694824219,81.5,79.0,80.30000305175781,4773.0
2015-02-25,80.6500015258789,80.9000015258789,78.6500015258789,79.25,5882.0
2015-02-26,79.5,82.94999694824219,78.19999694824219,81.05000305175781,14590.0
2015-02-27,81.05000305175781,87.80000305175781,81.0,86.44999694824219,21469.0
2015-02-28,87.05,89.95,76.1,79.8,24898.0
2015-03-02,80.0,83.0,78.0,81.05000305175781,16062.0
2015-03-03,81.9000015258789,84.0,80.8499984741211,81.75,5876.0
2015-03-04,80.19999694824219,88.0,80.0,84.44999694824219,27013.0
2015-03-05,83.4000015258789,85.94999694824219,81.55000305175781,82.05000305175781,7383.0
2015-03-09,84.94999694824219,84.94999694824219,80.0,80.3499984741211,3797.0
2015-03-10,80.55000305175781,84.0,77.25,77.9000015258789,8047.0
2015-03-11,79.30000305175781,79.55000305175781,77.5,78.5,5978.0
2015-03-12,78.4000015258789,79.94999694824219,76.0,77.25,6923.0
2015-03-13,78.0,79.94999694824219,77.0999984741211,77.6500015258789,1225.0
2015-03-16,77.1500015258789,78.0,76.0999984741211,76.19999694824219,1642.0
2015-03-17,77.0,77.0,75.25,75.8499984741211,3756.0
2015-03-18,75.5,75.80000305175781,71.5,72.44999694824219,6310.0
2015-03-19,73.5999984741211,74.8499984741211,72.75,73.69999694824219,6136.0
2015-03-20,73.0,73.94999694824219,70.1500015258789,70.4000015258789,5914.0
2015-03-23,69.05000305175781,73.94999694824219,66.69999694824219,67.25,16661.0
2015-03-24,66.6500015258789,68.30000305175781,65.5,66.30000305175781,4381.0
2015-03-25,67.5,68.5,61.0,62.5,26467.0
2015-03-26,61.0,63.400001525878906,60.25,62.34999847412109,8660.0
2015-03-27,62.0,67.69999694824219,60.5,64.05000305175781,26395.0
2015-03-30,64.44999694824219,73.25,64.19999694824219,72.9000015258789,26851.0
2015-03-31,72.0,76.0,72.0,73.8499984741211,5130.0
2015-04-01,72.3499984741211,76.44999694824219,71.94999694824219,73.25,3893.0
2015-04-06,74.0999984741211,81.0,73.0,79.44999694824219,15022.0
2015-04-07,80.0,80.0,74.75,75.9000015258789,5849.0
2015-04-08,78.69999694824219,82.05000305175781,74.5,80.3499984741211,11912.0
2015-04-09,82.0,83.0,78.0,78.8499984741211,3146.0
2015-04-10,78.0999984741211,78.80000305175781,76.55000305175781,77.55000305175781,1811.0
2015-04-13,79.0,80.94999694824219,76.4000015258789,79.3499984741211,901.0
2015-04-15,78.0,78.55000305175781,74.0,75.30000305175781,6798.0
2015-04-16,76.0,76.94999694824219,75.5999984741211,75.9000015258789,2912.0
2015-04-17,76.25,77.8499984741211,71.0,72.75,4757.0
2015-04-20,72.5,77.94999694824219,68.4000015258789,70.55000305175781,4775.0
2015-04-21,73.3499984741211,80.1500015258789,71.25,77.0999984741211,12491.0
2015-04-22,83.94999694824219,83.94999694824219,73.25,81.9000015258789,14484.0
2015-04-23,80.5,80.5,76.19999694824219,78.94999694824219,6112.0
2015-04-24,78.0,79.0,72.55000305175781,73.55000305175781,5088.0
2015-04-27,76.94999694824219,76.94999694824219,72.05000305175781,74.0,4096.0
2015-04-28,73.0,77.0,72.3499984741211,73.55000305175781,9823.0
2015-04-29,72.25,76.0,72.25,73.19999694824219,828.0
2015-04-30,72.0,74.0,69.0,71.0,6377.0
2015-05-04,75.30000305175781,75.30000305175781,72.0,73.69999694824219,620.0
2015-05-05,73.0,74.30000305175781,72.5,73.25,1296.0
2015-05-06,72.55000305175781,72.55000305175781,67.0,67.69999694824219,2056.0
2015-05-07,73.75,73.75,67.0,70.0,32115.0
2015-05-08,71.0,74.69999694824219,67.0999984741211,69.30000305175781,42656.0
2015-05-11,68.5,72.0,68.0999984741211,68.80000305175781,2575.0
2015-05-12,71.69999694824219,71.69999694824219,68.0,68.0,1775.0
2015-05-13,68.30000305175781,70.44999694824219,68.30000305175781,70.0,421.0
2015-05-14,68.3499984741211,71.80000305175781,68.3499984741211,69.5999984741211,155.0
2015-05-15,69.5999984741211,72.80000305175781,68.3499984741211,70.0,1385.0
2015-05-18,69.3499984741211,76.0,69.25,74.25,3182.0
2015-05-19,74.0999984741211,74.0999984741211,70.4000015258789,71.6500015258789,5253.0
2015-05-20,74.4000015258789,74.4000015258789,70.0999984741211,70.30000305175781,3817.0
2015-05-21,70.4000015258789,71.5,69.05000305175781,69.3499984741211,2368.0
2015-05-22,69.0,71.0,68.30000305175781,70.30000305175781,1345.0
2015-05-25,69.9000015258789,74.0,68.6500015258789,70.80000305175781,1775.0
2015-05-26,72.9000015258789,72.9000015258789,69.30000305175781,70.30000305175781,1798.0
2015-05-27,70.0,70.0,68.0999984741211,69.5,2131.0
2015-05-28,69.25,71.25,69.25,69.6500015258789,1149.0
2015-05-29,69.25,72.5,69.1500015258789,72.05000305175781,3377.0
2015-06-01,69.30000305175781,69.4000015258789,66.5999984741211,67.44999694824219,3965.0
2015-06-02,68.9000015258789,68.9000015258789,65.19999694824219,65.4000015258789,2631.0
2015-06-03,64.0,68.5,59.0,62.150001525878906,14288.0
2015-06-04,63.0,68.9000015258789,61.0,64.44999694824219,2558.0
2015-06-05,64.94999694824219,64.94999694824219,62.29999923706055,63.09999847412109,1965.0
2015-06-08,63.20000076293945,64.30000305175781,62.0,62.59999847412109,402.0
2015-06-09,62.0,63.0,59.29999923706055,60.75,1847.0
2015-06-10,62.79999923706055,63.59999847412109,60.5,60.54999923706055,2236.0
2015-06-11,60.79999923706055,62.45000076293945,60.400001525878906,61.150001525878906,1184.0
2015-06-12,62.45000076293945,62.45000076293945,61.0,62.29999923706055,640.0
2015-06-15,62.79999923706055,62.79999923706055,56.84999847412109,58.59999847412109,2263.0
2015-06-16,58.20000076293945,59.45000076293945,54.5,56.79999923706055,11339.0
2015-06-17,58.79999923706055,62.5,57.09999847412109,61.34999847412109,3215.0
2015-06-18,63.79999923706055,63.79999923706055,60.29999923706055,60.59999847412109,1035.0
2015-06-19,61.0,61.0,59.150001525878906,60.04999923706055,2236.0
2015-06-22,62.0,63.0,61.09999847412109,62.79999923706055,472.0
2015-06-23,62.0,63.0,61.5,62.95000076293945,714.0
2015-06-24,62.20000076293945,63.29999923706055,60.54999923706055,60.650001525878906,1573.0
2015-06-25,60.0,65.0,59.25,62.29999923706055,3882.0
2015-06-26,61.0,64.5,58.650001525878906,62.79999923706055,2722.0
2015-06-29,61.0,63.900001525878906,58.09999847412109,59.29999923706055,5557.0
2015-06-30,60.09999847412109,61.5,60.0,60.0,1409.0
2015-07-01,60.20000076293945,62.79999923706055,60.20000076293945,60.45000076293945,2635.0
2015-07-02,60.0,63.79999923706055,60.0,60.5,776.0
2015-07-03,60.650001525878906,62.79999923706055,60.34999847412109,60.34999847412109,2527.0
2015-07-06,58.0,61.900001525878906,58.0,60.29999923706055,4193.0
2015-07-07,61.900001525878906,64.5,61.400001525878906,61.95000076293945,9578.0
2015-07-08,60.650001525878906,63.650001525878906,60.54999923706055,62.29999923706055,3114.0
2015-07-09,64.0,74.0,64.0,70.0,91861.0
2015-07-10,69.0,73.5,64.0,67.5999984741211,196325.0
2015-07-13,69.9000015258789,70.9000015258789,68.5,69.5,18442.0
2015-07-14,70.8499984741211,70.9000015258789,67.75,68.6500015258789,6876.0
2015-07-15,68.5,69.80000305175781,67.69999694824219,68.05000305175781,8443.0
2015-07-16,68.05000305175781,69.5,68.05000305175781,68.69999694824219,5831.0
2015-07-17,67.25,70.5,67.25,68.69999694824219,8961.0
2015-07-20,68.0,69.8499984741211,68.0,68.94999694824219,2741.0
2015-07-21,69.25,69.4000015258789,64.0999984741211,64.4000015258789,10299.0
2015-07-22,67.0,67.0,63.0,64.25,7997.0
2015-07-23,65.0,66.44999694824219,63.54999923706055,63.900001525878906,5288.0
2015-07-24,64.1500015258789,64.94999694824219,63.0,63.75,2080.0
2015-07-27,63.5,64.0,62.0,63.75,1366.0
2015-07-28,63.5,64.4000015258789,62.0,62.59999847412109,1765.0
2015-07-29,64.9000015258789,72.5,62.25,62.900001525878906,5082.0
2015-07-30,65.9000015258789,65.9000015258789,63.0,63.54999923706055,2410.0
2015-07-31,64.0,65.4000015258789,63.29999923706055,64.0,7890.0
2015-08-03,64.0,67.5,64.0,65.19999694824219,5978.0
2015-08-04,65.0,71.19999694824219,64.19999694824219,66.05000305175781,13543.0
2015-08-05,66.5,73.80000305175781,66.0,71.75,24724.0
2015-08-06,72.5999984741211,76.9000015258789,70.0999984741211,74.30000305175781,42802.0
2015-08-07,74.0,78.0,74.0,77.0,25149.0
2015-08-10,79.0,80.94999694824219,76.80000305175781,77.5999984741211,23137.0
2015-08-11,77.0999984741211,79.0,73.30000305175781,77.55000305175781,6314.0
2015-08-12,76.0,76.0,74.0,74.6500015258789,6247.0
2015-08-13,74.4000015258789,77.19999694824219,70.0,72.94999694824219,7638.0
2015-08-14,72.5,82.69999694824219,72.30000305175781,79.44999694824219,20052.0
2015-08-17,82.9000015258789,82.9000015258789,74.5,75.8499984741211,27639.0
2015-08-18,78.75,80.4000015258789,76.30000305175781,79.3499984741211,6536.0
2015-08-19,80.0,80.0,75.19999694824219,77.05000305175781,7856.0
2015-08-20,76.9000015258789,78.80000305175781,75.5,75.75,5673.0
2015-08-21,75.0,75.80000305175781,71.1500015258789,74.1500015258789,9234.0
2015-08-24,73.0,73.0,65.80000305175781,66.44999694824219,4825.0
2015-08-25,70.80000305175781,70.80000305175781,63.5,67.75,5260.0
2015-08-26,70.3499984741211,70.4000015258789,62.0,64.05000305175781,27855.0
2015-08-27,66.6500015258789,71.44999694824219,64.0,70.5999984741211,11870.0
2015-08-28,71.0,84.69999694824219,70.75,78.19999694824219,46359.0
2015-08-31,77.6500015258789,80.9000015258789,76.9000015258789,77.5,7060.0
2015-09-01,76.05000305175781,77.5,72.19999694824219,75.5,6165.0
2015-09-02,75.5,84.80000305175781,75.05000305175781,78.8499984741211,12703.0
2015-09-03,79.94999694824219,80.0,77.0,77.1500015258789,2999.0
2015-09-04,77.0,79.94999694824219,73.0999984741211,75.25,3184.0
2015-09-07,77.94999694824219,77.94999694824219,72.5,73.1500015258789,2755.0
2015-09-08,73.25,74.0999984741211,63.59999847412109,71.19999694824219,17075.0
2015-09-09,74.75,74.80000305175781,71.5,72.6500015258789,1600.0
2015-09-10,73.69999694824219,74.4000015258789,71.30000305175781,74.4000015258789,91.0
2015-09-11,76.8499984741211,77.0,69.19999694824219,72.19999694824219,13280.0
2015-09-14,74.94999694824219,74.94999694824219,72.19999694824219,73.0,1740.0
2015-09-15,74.9000015258789,75.05000305175781,73.1500015258789,73.8499984741211,3475.0
2015-09-16,73.0,79.0,72.5999984741211,78.44999694824219,10838.0
2015-09-18,82.75,90.6999969482422,76.94999694824219,84.0999984741211,16616.0
2015-09-21,84.0999984741211,87.0,82.0,85.5999984741211,5148.0
2015-09-22,85.0999984741211,85.19999694824219,82.0,82.80000305175781,4249.0
2015-09-23,82.0,84.0,79.30000305175781,82.80000305175781,3048.0
2015-09-24,88.1500015258789,88.1500015258789,80.0,81.1500015258789,1495.0
2015-09-28,81.0,83.0,78.0999984741211,80.30000305175781,5893.0
2015-09-29,79.0,82.5,78.5,81.0,3914.0
2015-09-30,82.94999694824219,83.0,80.0,82.44999694824219,481.0
2015-10-01,82.5999984741211,83.5,77.6500015258789,82.0999984741211,1352.0
2015-10-05,84.94999694824219,84.94999694824219,80.0,82.69999694824219,5795.0
2015-10-06,81.0999984741211,84.0,81.0999984741211,83.44999694824219,5217.0
2015-10-07,84.94999694824219,84.94999694824219,82.0999984741211,82.75,1114.0
2015-10-08,84.0,84.0,80.0,81.4000015258789,3648.0
2015-10-09,83.5,83.9000015258789,81.25,81.44999694824219,2597.0
2015-10-12,81.30000305175781,83.94999694824219,81.30000305175781,82.1500015258789,1595.0
2015-10-13,81.6500015258789,83.69999694824219,79.8499984741211,80.9000015258789,5384.0
2015-10-14,80.25,81.0,77.0999984741211,78.94999694824219,6575.0
2015-10-15,78.1500015258789,79.8499984741211,78.1500015258789,79.1500015258789,2997.0
2015-10-16,79.8499984741211,80.5999984741211,78.55000305175781,79.94999694824219,5071.0
2015-10-19,82.4000015258789,82.9000015258789,80.05000305175781,80.75,4736.0
2015-10-20,80.0,81.80000305175781,80.0,80.0999984741211,3689.0
2015-10-21,81.4000015258789,81.4000015258789,77.5,78.69999694824219,2565.0
2015-10-23,79.05000305175781,80.5999984741211,77.0,78.5,4209.0
2015-10-26,78.0,80.44999694824219,76.9000015258789,79.0999984741211,508.0
2015-10-27,81.94999694824219,81.94999694824219,78.0,78.0999984741211,1317.0
2015-10-28,78.19999694824219,80.0,76.5999984741211,77.1500015258789,6800.0
2015-10-29,78.8499984741211,78.8499984741211,77.6500015258789,78.0,2867.0
2015-10-30,78.0,79.8499984741211,77.30000305175781,77.30000305175781,1693.0
2015-11-02,80.44999694824219,80.44999694824219,76.19999694824219,77.3499984741211,2024.0
2015-11-03,78.5,78.5,76.9000015258789,77.0999984741211,1057.0
2015-11-04,78.80000305175781,78.80000305175781,76.19999694824219,76.94999694824219,66152.0
2015-11-05,76.19999694824219,76.19999694824219,75.0,76.05000305175781,720.0
2015-11-06,76.1500015258789,77.0,76.0,76.0,390.0
2015-11-09,75.0,75.0,72.0,72.8499984741211,3563.0
2015-11-10,73.9000015258789,73.9000015258789,70.30000305175781,71.0,2260.0
2015-11-11,72.8,73.8,71.6,73.2,787.0
2015-11-13,73.44999694824219,73.44999694824219,71.0,71.6500015258789,1804.0
2015-11-16,71.6500015258789,73.1500015258789,70.5,71.6500015258789,787.0
2015-11-17,71.69999694824219,74.44999694824219,71.69999694824219,73.3499984741211,1947.0
2015-11-18,73.1500015258789,76.0,71.19999694824219,71.75,3190.0
2015-11-19,71.0,73.0,69.9000015258789,70.69999694824219,3651.0
2015-11-20,71.0,71.94999694824219,68.19999694824219,69.5,3662.0
2015-11-23,69.0999984741211,72.94999694824219,69.0999984741211,71.94999694824219,3155.0
2015-11-24,70.5,73.0,70.5,73.0,7388.0
2015-11-26,73.0,74.80000305175781,73.0,73.94999694824219,965.0
2015-11-27,76.8499984741211,76.8499984741211,73.0,74.0999984741211,2706.0
2015-11-30,75.0,76.75,74.80000305175781,75.4000015258789,2224.0
2015-12-01,76.8499984741211,76.8499984741211,74.3499984741211,74.3499984741211,2084.0
2015-12-02,75.6500015258789,76.69999694824219,74.19999694824219,76.1500015258789,8088.0
2015-12-03,73.0999984741211,84.0,73.0999984741211,79.55000305175781,49564.0
2015-12-04,80.6500015258789,82.0,78.25,79.5,9074.0
2015-12-07,80.55000305175781,81.9000015258789,78.5,79.94999694824219,6153.0
2015-12-08,79.80000305175781,79.80000305175781,77.0,78.5999984741211,1217.0
2015-12-09,76.0,78.0,75.19999694824219,75.44999694824219,3086.0
2015-12-10,76.05000305175781,77.0,75.1500015258789,76.75,845.0
2015-12-11,76.0,77.0,73.5,73.75,308.0
2015-12-14,76.5,76.5,72.69999694824219,75.3499984741211,2381.0
2015-12-15,75.0,75.94999694824219,74.19999694824219,74.4000015258789,1114.0
2015-12-16,76.0,77.25,75.0,75.0,1212.0
2015-12-17,70.19999694824219,84.0,70.19999694824219,75.25,12010.0
2015-12-18,74.5,75.9000015258789,74.25,74.69999694824219,6502.0
2015-12-21,75.0,75.8499984741211,74.30000305175781,75.80000305175781,3611.0
2015-12-22,75.80000305175781,76.5,72.94999694824219,74.6500015258789,7167.0
2015-12-23,75.55000305175781,76.0,74.5,75.6500015258789,4920.0
2015-12-24,75.5,78.6500015258789,75.0,75.55000305175781,11355.0
2015-12-28,75.55000305175781,77.44999694824219,75.0,75.5,2060.0
2015-12-29,75.94999694824219,78.0,75.0,77.0,5339.0
2015-12-30,77.8499984741211,79.4000015258789,76.3499984741211,77.75,6380.0
2015-12-31,82.3499984741211,82.3499984741211,77.0,79.5999984741211,984.0
2016-01-01,80.0,81.80000305175781,75.0999984741211,77.1500015258789,17472.0
2016-01-04,76.69999694824219,77.9000015258789,76.25,76.4000015258789,2811.0
2016-01-05,76.55000305175781,78.0,76.25,77.3499984741211,793.0
2016-01-06,78.5,80.8499984741211,78.5,79.5999984741211,12445.0
2016-01-07,78.0,78.0,74.0,74.5,2761.0
2016-01-08,75.25,77.9000015258789,75.0,76.30000305175781,1810.0
2016-01-11,75.25,77.0,75.25,76.5999984741211,3429.0
2016-01-12,77.0,77.05000305175781,75.55000305175781,75.80000305175781,752.0
2016-01-13,75.75,78.0,72.0999984741211,74.4000015258789,2259.0
2016-01-14,72.5,76.0,68.94999694824219,75.19999694824219,1242.0
2016-01-15,75.19999694824219,75.19999694824219,71.5,71.94999694824219,3359.0
2016-01-18,70.5,70.5,63.0,68.9000015258789,21093.0
2016-01-19,69.44999694824219,72.44999694824219,69.30000305175781,71.5999984741211,844.0
2016-01-20,71.80000305175781,71.80000305175781,65.94999694824219,67.05000305175781,1286.0
2016-01-21,68.19999694824219,68.80000305175781,67.5,67.5,715.0
2016-01-22,70.0,71.05000305175781,68.1500015258789,70.5999984741211,1533.0
2016-01-25,72.0,72.0,70.0,71.0,277.0
2016-01-27,73.9000015258789,73.9000015258789,70.30000305175781,72.25,288.0
2016-01-28,69.3499984741211,71.0,69.25,69.30000305175781,3322.0
2016-01-29,69.5999984741211,70.0,69.1500015258789,69.6500015258789,803.0
2016-02-01,70.0,70.0,69.5,69.5999984741211,326.0
2016-02-02,70.0,70.0,68.0,68.75,2681.0
2016-02-03,68.05000305175781,69.9000015258789,67.5,67.6500015258789,1602.0
2016-02-04,67.5,70.0,67.5,69.8499984741211,65.0
2016-02-05,69.0,69.0,68.25,68.25,379.0
2016-02-08,69.6500015258789,70.0,69.0,69.0,1427.0
2016-02-09,75.0,75.0,62.0,63.650001525878906,4895.0
2016-02-10,66.9000015258789,66.9000015258789,60.20000076293945,60.59999847412109,2056.0
2016-02-11,61.900001525878906,61.900001525878906,52.45000076293945,56.29999923706055,1540.0
2016-02-12,59.70000076293945,59.70000076293945,50.150001525878906,55.09999847412109,2314.0
2016-02-15,58.5,64.5,56.04999923706055,61.900001525878906,59231.0
2016-02-16,62.70000076293945,67.5,60.0,60.54999923706055,6366.0
2016-02-17,60.0,61.0,57.04999923706055,60.900001525878906,1455.0
2016-02-18,63.95000076293945,64.9000015258789,56.25,57.70000076293945,8040.0
2016-02-19,57.5,60.45000076293945,57.34999847412109,58.79999923706055,2072.0
2016-02-22,57.54999923706055,61.0,57.5,58.20000076293945,1999.0
2016-02-23,61.400001525878906,61.400001525878906,54.0,55.59999847412109,4341.0
2016-02-24,54.5,55.0,53.59999847412109,54.29999923706055,1708.0
2016-02-25,55.25,59.20000076293945,53.650001525878906,54.0,1267.0
2016-02-26,53.0,56.900001525878906,51.09999847412109,53.34999847412109,2382.0
2016-02-29,52.0,58.5,49.20000076293945,55.79999923706055,4024.0
2016-03-01,55.09999847412109,58.79999923706055,55.09999847412109,57.150001525878906,3663.0
2016-03-02,59.95000076293945,65.0,58.650001525878906,60.150001525878906,5937.0
2016-03-03,61.0,61.0,58.09999847412109,59.650001525878906,724.0
2016-03-04,64.0,64.0,61.0,62.45000076293945,450.0
2016-03-08,62.0,66.0,60.0,62.59999847412109,694.0
2016-03-09,61.0,64.3499984741211,61.0,63.5,2327.0
2016-03-10,65.05000305175781,66.8499984741211,61.09999847412109,63.59999847412109,2494.0
2016-03-11,61.5,63.95000076293945,61.5,62.70000076293945,1065.0
2016-03-14,65.94999694824219,65.94999694824219,60.59999847412109,60.75,6481.0
2016-03-15,60.59999847412109,60.59999847412109,60.20000076293945,60.400001525878906,375.0
2016-03-16,59.650001525878906,60.45000076293945,57.0,60.45000076293945,880.0
2016-03-17,59.5,60.5,58.09999847412109,60.0,442.0
2016-03-18,60.0,63.0,60.0,60.34999847412109,868.0
2016-03-21,63.25,63.25,59.70000076293945,61.20000076293945,2135.0
2016-03-22,59.5,61.29999923706055,58.20000076293945,59.900001525878906,1763.0
2016-03-23,59.5,61.5,59.04999923706055,60.0,1184.0
2016-03-28,69.75,69.75,58.400001525878906,60.79999923706055,3999.0
2016-03-29,59.650001525878906,60.09999847412109,59.650001525878906,60.09999847412109,473.0
2016-03-30,59.5,63.0,59.0,60.79999923706055,2219.0
2016-03-31,62.0,62.0,60.20000076293945,60.34999847412109,1735.0
2016-04-01,60.04999923706055,61.5,60.04999923706055,61.34999847412109,114.0
2016-04-04,60.650001525878906,63.0,60.650001525878906,61.900001525878906,802.0
2016-04-05,61.95000076293945,61.95000076293945,59.54999923706055,59.70000076293945,600.0
2016-04-06,61.0,62.0,60.04999923706055,61.75,1714.0
2016-04-07,60.25,62.75,60.25,61.150001525878906,2975.0
2016-04-08,60.5,62.04999923706055,60.0,62.0,3175.0
2016-04-11,61.29999923706055,62.5,61.29999923706055,62.5,551.0
2016-04-12,61.5,62.0,61.09999847412109,61.59999847412109,2665.0
2016-04-13,61.25,65.9000015258789,61.25,64.5999984741211,5683.0
2016-04-18,66.0,67.5,65.0,67.30000305175781,4444.0
2016-04-20,66.19999694824219,73.0999984741211,66.19999694824219,70.25,12127.0
2016-04-21,72.0,84.30000305175781,72.0,77.8499984741211,86569.0
2016-04-22,78.80000305175781,79.4000015258789,77.0,77.55000305175781,8417.0
2016-04-25,78.5,79.3499984741211,75.5,78.1500015258789,3189.0
2016-04-26,77.19999694824219,78.69999694824219,75.69999694824219,77.6500015258789,4599.0
2016-04-27,78.5,79.0,77.0,78.25,6550.0
2016-04-28,77.0,80.0,75.5,75.94999694824219,4074.0
2016-04-29,75.69999694824219,78.44999694824219,73.0,74.94999694824219,3499.0
2016-05-02,74.0,74.9000015258789,72.5,73.19999694824219,1062.0
2016-05-03,73.0,73.0,71.05000305175781,72.19999694824219,2538.0
2016-05-04,74.5,74.5,71.5,72.19999694824219,4147.0
2016-05-05,73.5999984741211,73.5999984741211,69.0,69.9000015258789,4949.0
2016-05-06,70.94999694824219,70.94999694824219,66.80000305175781,68.05000305175781,3083.0
2016-05-09,67.30000305175781,67.5,64.5999984741211,65.0999984741211,11409.0
2016-05-10,66.6500015258789,66.6500015258789,63.20000076293945,64.0,2102.0
2016-05-11,65.25,65.25,63.25,63.900001525878906,1247.0
2016-05-12,64.44999694824219,65.25,63.25,63.650001525878906,3302.0
2016-05-13,65.0,65.4000015258789,63.20000076293945,63.29999923706055,3530.0
2016-05-16,64.5,64.5,63.5,63.650001525878906,76.0
2016-05-17,63.5,65.0,63.45000076293945,63.5,1430.0
2016-05-18,64.0,64.0,63.70000076293945,63.95000076293945,536.0
2016-05-19,67.0,67.0,63.20000076293945,63.20000076293945,4000.0
2016-05-20,64.19999694824219,64.19999694824219,63.0,63.0,179.0
2016-05-23,63.59999847412109,63.59999847412109,61.09999847412109,62.04999923706055,1037.0
2016-05-24,63.95000076293945,64.0,62.09999847412109,63.75,1105.0
2016-05-25,63.79999923706055,64.0,62.0,63.900001525878906,1029.0
2016-05-26,64.0,66.55000305175781,63.0,64.75,595.0
2016-05-27,67.0,67.0,62.09999847412109,62.95000076293945,5337.0
2016-05-30,62.0,63.0,60.650001525878906,62.5,1154.0
2016-05-31,62.5,62.95000076293945,62.20000076293945,62.95000076293945,343.0
2016-06-01,62.25,64.5,62.25,62.95000076293945,1173.0
2016-06-02,66.94999694824219,66.94999694824219,62.09999847412109,62.79999923706055,991.0
2016-06-03,63.84999847412109,63.84999847412109,61.04999923706055,61.29999923706055,2534.0
2016-06-06,60.34999847412109,62.29999923706055,60.34999847412109,61.25,351.0
2016-06-07,61.0,61.84999847412109,59.150001525878906,60.54999923706055,5279.0
2016-06-08,62.5,62.5,58.20000076293945,59.900001525878906,5760.0
2016-06-09,60.0,62.650001525878906,60.0,60.45000076293945,1881.0
2016-06-10,61.0,62.0,60.09999847412109,60.45000076293945,2122.0
2016-06-13,60.45000076293945,64.9000015258789,60.45000076293945,63.0,12057.0
2016-06-14,66.0,66.0,62.0,63.20000076293945,786.0
2016-06-15,66.94999694824219,72.0,62.400001525878906,62.59999847412109,24760.0
2016-06-16,61.59999847412109,63.84999847412109,61.59999847412109,63.650001525878906,1633.0
2016-06-17,63.650001525878906,64.6500015258789,61.25,61.75,782.0
2016-06-20,62.5,63.20000076293945,61.25,63.150001525878906,257.0
2016-06-21,62.04999923706055,63.95000076293945,62.04999923706055,62.900001525878906,2311.0
2016-06-22,63.70000076293945,63.79999923706055,61.20000076293945,62.25,2638.0
2016-06-23,62.0,62.0,60.0,60.20000076293945,2982.0
2016-06-24,59.0,61.45000076293945,55.75,59.45000076293945,2900.0
2016-06-27,59.59999847412109,61.79999923706055,59.59999847412109,60.59999847412109,840.0
2016-06-28,62.5,64.0,60.25,61.650001525878906,10571.0
2016-06-29,63.29999923706055,73.94999694824219,63.09999847412109,73.94999694824219,371171.0
2016-06-30,80.0,85.5,76.05000305175781,77.0999984741211,321054.0
2016-07-01,76.0,82.69999694824219,76.0,81.0999984741211,38143.0
2016-07-04,82.0,84.0,81.0,81.25,21411.0
2016-07-05,81.0,81.0999984741211,75.0,78.80000305175781,14306.0
2016-07-07,80.0,89.69999694824219,80.0,87.25,483144.0
2016-07-08,88.8499984741211,91.4499969482422,85.44999694824219,86.0999984741211,50859.0
2016-07-11,87.0,94.3000030517578,84.0,92.4499969482422,103657.0
2016-07-12,93.9499969482422,108.5,93.9499969482422,104.0500030517578,303602.0
2016-07-13,104.0,108.9499969482422,96.75,99.9000015258789,121276.0
2016-07-14,100.0,109.8499984741211,99.0,103.3499984741211,789223.0
2016-07-15,105.3000030517578,107.8000030517578,103.6500015258789,104.8499984741211,74370.0
2016-07-18,106.0,108.25,103.0,104.6999969482422,40140.0
2016-07-19,108.0,108.0,97.75,100.5,44750.0
2016-07-20,101.1999969482422,101.1999969482422,90.4499969482422,90.4499969482422,180975.0
2016-07-21,82.69999694824219,86.9000015258789,81.44999694824219,82.1500015258789,89864.0
2016-07-22,81.0,86.0,79.69999694824219,80.6500015258789,56458.0
2016-07-25,78.30000305175781,79.94999694824219,76.6500015258789,76.8499984741211,23941.0
2016-07-26,74.0999984741211,78.9000015258789,73.94999694824219,76.80000305175781,17846.0
2016-07-27,77.75,80.30000305175781,75.25,79.0999984741211,19740.0
2016-07-28,80.4000015258789,83.05000305175781,79.5,83.05000305175781,45846.0
2016-07-29,85.05000305175781,85.4000015258789,80.5,82.3499984741211,29681.0
2016-08-01,80.0,85.44999694824219,78.3499984741211,78.3499984741211,9520.0
2016-08-02,77.19999694824219,80.25,75.4000015258789,75.80000305175781,10844.0
2016-08-03,77.44999694824219,79.55000305175781,73.0,73.9000015258789,15581.0
2016-08-04,74.30000305175781,76.5,70.5999984741211,73.5999984741211,9666.0
2016-08-05,78.1500015258789,78.5,73.0,74.25,19023.0
2016-08-08,77.19999694824219,77.19999694824219,74.0,74.5,8494.0
2016-08-09,74.0,74.0,72.0,73.0,3818.0
2016-08-10,72.0,75.9000015258789,68.0,69.5,16842.0
2016-08-11,67.8499984741211,69.8499984741211,66.0,66.8499984741211,18078.0
2016-08-12,65.55000305175781,69.25,65.5,68.19999694824219,6252.0
2016-08-16,65.5,68.5,63.29999923706055,67.6500015258789,4225.0
2016-08-17,67.0,69.9000015258789,67.0,68.5999984741211,4085.0
2016-08-18,66.30000305175781,74.9000015258789,66.25,72.8499984741211,55988.0
2016-08-19,73.4000015258789,80.0999984741211,73.0,77.9000015258789,55930.0
2016-08-22,77.94999694824219,78.80000305175781,74.19999694824219,75.0999984741211,14354.0
2016-08-23,75.19999694824219,75.9000015258789,67.80000305175781,68.30000305175781,74541.0
2016-08-24,69.4000015258789,70.5999984741211,68.30000305175781,69.25,4131.0
2016-08-25,70.5999984741211,70.5999984741211,69.25,70.1500015258789,2596.0
2016-08-26,69.0,69.80000305175781,68.9000015258789,69.30000305175781,2661.0
2016-08-29,70.0,71.0,68.0999984741211,69.44999694824219,1613.0
2016-08-30,69.4000015258789,70.5,67.0999984741211,67.75,10101.0
2016-08-31,68.69999694824219,71.0,67.0,69.1500015258789,13170.0
2016-09-01,68.55000305175781,70.5,68.55000305175781,68.80000305175781,5499.0
2016-09-02,70.5999984741211,79.0,70.0,78.05000305175781,128022.0
2016-09-06,79.25,90.0,79.25,81.6500015258789,597260.0
2016-09-07,81.9000015258789,84.80000305175781,78.5999984741211,79.8499984741211,128838.0
2016-09-08,80.5999984741211,80.5999984741211,77.0,78.5999984741211,31507.0
2016-09-09,81.9000015258789,81.9000015258789,72.30000305175781,77.5,19909.0
2016-09-12,75.9000015258789,76.0,72.0,74.5999984741211,18953.0
2016-09-14,76.0,79.0,74.19999694824219,75.5,40342.0
2016-09-15,78.5,78.5,72.5,74.3499984741211,21578.0
2016-09-16,76.0,77.4000015258789,73.0999984741211,74.05000305175781,14967.0
2016-09-19,73.5,75.9000015258789,72.0999984741211,73.3499984741211,17803.0
2016-09-20,72.25,74.0,71.0999984741211,71.55000305175781,23448.0
2016-09-21,71.05000305175781,73.0,71.0,71.19999694824219,8269.0
2016-09-22,71.55000305175781,73.5,71.0999984741211,72.19999694824219,9589.0
2016-09-23,70.19999694824219,71.69999694824219,69.55000305175781,69.75,19250.0
2016-09-26,68.5999984741211,70.25,67.0,68.1500015258789,11680.0
2016-09-27,68.0,70.5,68.0,68.1500015258789,7288.0
2016-09-28,68.0999984741211,69.80000305175781,65.5999984741211,67.94999694824219,18650.0
2016-09-29,67.5999984741211,68.94999694824219,61.20000076293945,63.75,17850.0
2016-09-30,62.5,66.5,62.5,66.05000305175781,10465.0
2016-10-03,68.5,68.5,66.3499984741211,67.0,14677.0
2016-10-04,68.0,70.0,67.5,67.94999694824219,16158.0
2016-10-05,68.9000015258789,71.19999694824219,67.0999984741211,68.19999694824219,23540.0
2016-10-06,68.0999984741211,69.80000305175781,67.30000305175781,67.30000305175781,23212.0
2016-10-07,66.4000015258789,68.80000305175781,66.05000305175781,66.55000305175781,2868.0
2016-10-10,65.05000305175781,67.94999694824219,65.05000305175781,67.0999984741211,5393.0
2016-10-13,69.80000305175781,69.80000305175781,65.0,65.3499984741211,7479.0
2016-10-14,68.0,68.0,65.19999694824219,66.0,5987.0
2016-10-17,65.0999984741211,68.0,65.0999984741211,66.94999694824219,4256.0
2016-10-18,65.0999984741211,68.5,63.09999847412109,64.30000305175781,57900.0
2016-10-19,64.0999984741211,68.75,64.0999984741211,66.05000305175781,27859.0
2016-10-20,66.0,66.69999694824219,64.5,65.5,12854.0
2016-10-21,65.0,66.30000305175781,64.6500015258789,65.69999694824219,3987.0
2016-10-24,65.0999984741211,66.0,65.0,65.0,5236.0
2016-10-25,65.19999694824219,66.0,64.0,65.0,8680.0
2016-10-26,66.5,70.69999694824219,65.0,65.0999984741211,9084.0
2016-10-27,64.9000015258789,65.0999984741211,63.79999923706055,64.6500015258789,1489.0
2016-10-28,64.55000305175781,69.9000015258789,64.55000305175781,65.8499984741211,22140.0
2016-10-30,65.5,66.0,64.6,65.25,408.0
2016-11-01,65.05000305175781,66.0,64.5,64.55000305175781,9735.0
2016-11-02,66.5999984741211,66.5999984741211,64.0,64.3499984741211,6081.0
2016-11-03,64.0999984741211,65.4000015258789,62.79999923706055,63.650001525878906,9610.0
2016-11-04,64.5,64.5,61.04999923706055,63.25,10276.0
2016-11-07,64.0,64.0,62.04999923706055,62.5,7967.0
2016-11-08,64.80000305175781,64.80000305175781,59.5,60.04999923706055,9719.0
2016-11-09,56.0,60.0,55.0,56.20000076293945,17266.0
2016-11-10,61.0,61.0,57.900001525878906,59.95000076293945,5714.0
2016-11-11,58.0,59.95000076293945,54.95000076293945,56.45000076293945,6221.0
2016-11-15,55.0,56.75,54.04999923706055,54.650001525878906,4264.0
2016-11-16,52.650001525878906,56.0,52.650001525878906,54.04999923706055,2069.0
2016-11-17,53.5,55.0,51.650001525878906,52.0,6498.0
2016-11-18,52.34999847412109,54.0,52.29999923706055,52.5,4391.0
2016-11-21,52.0,54.0,50.54999923706055,51.29999923706055,2621.0
2016-11-22,50.650001525878906,52.400001525878906,48.5,50.29999923706055,10281.0
2016-11-23,52.29999923706055,53.5,50.04999923706055,52.25,2444.0
2016-11-24,51.09999847412109,53.84999847412109,51.0,53.20000076293945,4054.0
2016-11-25,52.5,56.20000076293945,52.09999847412109,55.59999847412109,1667.0
2016-11-28,58.5,58.5,55.0,55.650001525878906,11650.0
2016-11-29,57.84999847412109,57.84999847412109,55.5,55.650001525878906,4721.0
2016-11-30,55.95000076293945,56.400001525878906,54.59999847412109,54.95000076293945,6360.0
2016-12-01,55.79999923706055,56.0,54.20000076293945,55.900001525878906,14704.0
2016-12-02,55.84999847412109,56.0,55.0,55.04999923706055,2352.0
2016-12-05,55.0,55.04999923706055,53.900001525878906,55.0,3043.0
2016-12-06,56.5,56.5,55.0,55.45000076293945,2763.0
2016-12-07,54.75,56.0,54.34999847412109,54.95000076293945,12242.0
2016-12-08,58.0,58.0,56.0,56.29999923706055,4090.0
2016-12-09,56.20000076293945,57.45000076293945,54.25,55.54999923706055,7164.0
2016-12-12,56.45000076293945,56.45000076293945,55.150001525878906,55.900001525878906,1421.0
2016-12-13,55.650001525878906,56.0,53.150001525878906,54.25,2942.0
2016-12-14,54.95000076293945,55.0,53.59999847412109,53.79999923706055,2991.0
2016-12-15,54.95000076293945,54.95000076293945,53.0,53.59999847412109,4528.0
2016-12-16,54.79999923706055,55.59999847412109,54.29999923706055,54.5,3835.0
2016-12-19,54.0,55.95000076293945,54.0,54.900001525878906,1228.0
2016-12-20,54.09999847412109,54.09999847412109,52.5,52.650001525878906,996.0
2016-12-21,53.0,54.5,52.650001525878906,52.75,923.0
2016-12-22,53.0,53.29999923706055,50.650001525878906,52.20000076293945,2480.0
2016-12-23,52.0,52.79999923706055,48.79999923706055,52.79999923706055,1253.0
2016-12-26,53.95000076293945,53.95000076293945,52.45000076293945,53.34999847412109,1844.0
2016-12-27,52.84999847412109,52.900001525878906,50.54999923706055,51.75,4629.0
2016-12-28,53.59999847412109,56.5,51.29999923706055,55.29999923706055,10980.0
2016-12-29,55.0,56.25,54.70000076293945,56.0,4227.0
2016-12-30,54.0,55.5,52.59999847412109,54.79999923706055,3853.0
2017-01-02,54.75,56.0,50.25,54.7,12247.0
2017-01-03,54.85,56.0,53.0,53.95,7141.0
2017-01-04,54.0,55.9,54.0,55.2,4982.0
2017-01-05,54.45,56.5,54.45,55.85,4364.0
2017-01-06,55.8,55.95,54.55,55.8,4911.0
2017-01-09,56.0,56.0,55.1,55.95,2607.0
2017-01-10,55.1,56.0,54.3,55.5,2811.0
2017-01-11,56.0,56.0,54.2,55.95,6248.0
2017-01-12,56.0,56.0,55.1,55.5,2963.0
2017-01-13,56.0,56.3,54.95,55.25,3268.0
2017-01-16,55.9,66.3,54.15,61.05,2082484.0
2017-01-17,60.3,60.95,54.05,55.3,298377.0
2017-01-18,56.5,57.85,54.2,55.95,121574.0
2017-01-19,55.95,56.5,54.8,55.2,47799.0
2017-01-20,56.0,56.0,53.5,54.0,47590.0
2017-01-23,55.0,55.0,53.15,53.45,18759.0
2017-01-24,54.1,54.4,51.6,52.3,58947.0
2017-01-25,53.0,53.0,51.4,51.85,33892.0
2017-01-27,52.8,52.8,48.6,50.0,67696.0
2017-01-30,49.9,52.8,49.5,51.0,53692.0
2017-01-31,52.35,52.35,49.85,50.3,46911.0
2017-02-01,50.3,51.65,50.3,50.95,36149.0
2017-02-02,51.3,51.45,50.6,50.85,18345.0
2017-02-03,51.0,51.6,49.7,50.1,14723.0
2017-02-06,50.9,51.4,49.8,50.15,54641.0
2017-02-07,51.4,52.9,50.0,51.9,67308.0
2017-02-08,53.0,60.9,51.5,57.95,470039.0
2017-02-09,58.1,61.0,57.5,57.85,104265.0
2017-02-10,58.05,59.45,55.2,57.05,42057.0
2017-02-13,58.6,61.5,58.0,60.5,248709.0
2017-02-14,60.5,62.0,59.05,60.0,53259.0
2017-02-15,60.0,62.4,59.15,59.7,118984.0
2017-02-16,59.8,63.75,59.8,62.85,157811.0
2017-02-17,62.0,63.2,62.0,62.65,26868.0
2017-02-20,64.5,64.5,60.0,63.0,17508.0
2017-02-21,62.7,63.4,60.05,61.4,29821.0
2017-02-22,61.55,62.9,59.6,60.45,63161.0
2017-02-23,61.0,61.85,60.15,60.65,36045.0
2017-02-27,60.55,61.85,56.9,58.75,14681.0
2017-02-28,59.95,60.35,59.05,59.8,14627.0
2017-03-01,61.7,61.8,59.35,60.1,13834.0
2017-03-02,59.1,61.75,59.1,60.1,48686.0
2017-03-03,60.1,60.5,59.0,59.15,20404.0
2017-03-06,58.95,60.4,58.5,59.5,11008.0
2017-03-07,59.0,59.6,58.7,59.0,9871.0
2017-03-08,61.9,64.9,59.3,61.9,490667.0
2017-03-09,61.8,62.6,60.15,60.35,52235.0
2017-03-10,61.6,61.6,59.0,59.45,18752.0
2017-03-14,60.55,61.85,59.0,59.4,14990.0
2017-03-15,59.05,59.5,58.1,59.1,9185.0
2017-03-16,59.5,61.0,59.0,59.35,20324.0
2017-03-17,58.95,60.8,58.15,60.4,41408.0
2017-03-20,60.5,60.7,59.5,60.2,8319.0
2017-03-21,60.25,60.95,58.6,59.35,21224.0
2017-03-22,59.5,61.95,59.1,60.6,23814.0
2017-03-23,62.4,64.5,60.55,60.9,73981.0
2017-03-24,60.0,62.1,60.0,60.95,32502.0
2017-03-27,61.0,61.4,58.3,59.55,44648.0
2017-03-28,60.0,60.9,58.6,59.0,29073.0
2017-03-29,60.0,60.5,59.35,59.45,18744.0
2017-03-30,59.2,61.2,59.2,60.75,34750.0
2017-03-31,60.1,61.1,57.0,59.65,29170.0
2017-04-03,60.0,63.25,59.75,62.55,27061.0
2017-04-05,64.45,74.8,62.5,71.85,385781.0
2017-04-06,72.1,76.5,72.0,73.9,210472.0
2017-04-07,74.0,75.0,71.2,72.5,66851.0
2017-04-10,72.6,77.8,72.6,76.35,86808.0
2017-04-11,77.0,87.0,75.3,84.15,327390.0
2017-04-12,85.0,89.8,81.1,86.15,280104.0
2017-04-13,87.0,89.4,83.0,83.95,228313.0
2017-04-17,83.95,89.5,81.8,88.25,202058.0
2017-04-18,90.0,93.0,88.4,89.15,210119.0
2017-04-19,92.7,99.0,89.35,95.9,628073.0
2017-04-20,95.4,96.95,88.3,92.45,325905.0
2017-04-21,92.5,94.0,89.0,90.85,207396.0
2017-04-24,91.5,99.8,91.5,97.95,442293.0
2017-04-25,98.0,102.6,98.0,100.5,247380.0
2017-04-26,101.0,102.0,95.05,95.55,195931.0
2017-04-27,91.55,97.0,91.2,92.95,51592.0
2017-04-28,92.0,95.95,91.8,92.2,69781.0
2017-05-02,95.0,96.8,95.0,96.8,50866.0
2017-05-03,101.6,101.6,101.6,101.6,13527.0
2017-05-04,106.65,106.65,106.65,106.65,36353.0
2017-05-05,111.95,111.95,105.0,110.65,346126.0
2017-05-08,113.95,113.95,106.5,107.15,73828.0
2017-05-09,108.0,109.35,102.05,103.65,24593.0
2017-05-10,108.0,108.8,105.1,108.8,40062.0
2017-05-11,114.2,114.2,114.2,114.2,12856.0
2017-05-12,119.9,119.9,115.0,119.6,126930.0
2017-05-15,123.8,125.0,119.05,124.05,57439.0
2017-05-16,125.0,126.8,120.0,122.8,59643.0
2017-05-17,121.0,126.6,121.0,123.6,61645.0
2017-05-18,124.0,124.0,117.45,117.45,94363.0
2017-05-19,116.0,119.95,111.6,111.6,96484.0
2017-05-22,112.0,112.5,106.05,106.05,60925.0
2017-05-23,108.0,109.0,100.75,100.75,35502.0
2017-05-24,100.4,102.0,96.05,96.25,38723.0
2017-05-25,96.0,101.05,95.0,101.05,34755.0
2017-05-26,103.8,106.1,103.2,106.1,20944.0
2017-05-29,111.4,111.4,111.4,111.4,29414.0
2017-05-30,112.0,116.95,105.85,113.15,149408.0
2017-05-31,114.5,114.5,108.05,110.6,84164.0
2017-06-01,112.25,113.7,108.0,108.75,43395.0
2017-06-02,108.3,114.15,107.0,114.15,177919.0
2017-06-05,114.1,119.85,111.5,117.3,160591.0
2017-06-06,115.0,120.25,115.0,117.8,58311.0
2017-06-07,120.9,127.1,118.1,124.5,117539.0
2017-06-08,124.95,126.7,119.5,123.0,114937.0
2017-06-09,125.0,129.8,121.1,122.2,74936.0
2017-06-12,122.2,127.2,122.0,125.4,64878.0
2017-06-13,126.0,127.6,122.1,125.1,38692.0
2017-06-14,127.0,130.0,124.5,127.3,149344.0
2017-06-15,128.0,128.7,123.35,123.9,38835.0
2017-06-16,125.0,126.8,124.1,125.0,48672.0
2017-06-19,127.9,129.9,123.35,125.55,88785.0
2017-06-20,125.55,126.0,123.0,123.0,46923.0
2017-06-21,124.0,131.6,124.0,129.2,329937.0
2017-06-22,130.5,132.8,125.55,126.8,88682.0
2017-06-23,127.75,128.25,124.0,126.45,69507.0
2017-06-27,128.0,135.0,125.0,126.05,69302.0
2017-06-28,129.4,130.8,125.4,126.3,74271.0
2017-06-29,127.5,128.8,124.15,125.15,54038.0
2017-06-30,128.95,136.25,125.0,133.75,206355.0
2017-07-03,135.1,143.7,135.1,141.2,157021.0
2017-07-04,144.0,145.7,140.2,141.8,79185.0
2017-07-05,142.0,153.7,142.0,151.8,166487.0
2017-07-06,153.3,166.95,153.15,164.05,178739.0
2017-07-07,171.4,171.7,159.5,165.95,151511.0
2017-07-10,160.1,165.25,160.1,163.35,30281.0
2017-07-11,166.9,166.9,157.0,157.9,78696.0
2017-07-12,156.3,160.0,150.05,155.9,78470.0
2017-07-13,157.05,161.85,152.5,160.7,136217.0
2017-07-14,161.0,162.7,155.25,155.9,60031.0
2017-07-17,151.5,163.2,151.5,160.95,120220.0
2017-07-18,164.65,168.95,159.0,167.0,187669.0
2017-07-19,168.6,174.85,164.1,174.0,218553.0
2017-07-20,174.4,177.4,172.0,172.9,123204.0
2017-07-21,168.9,181.45,168.65,179.9,331639.0
2017-07-24,181.0,188.0,174.2,176.6,102885.0
2017-07-25,177.0,179.95,174.3,174.55,87893.0
2017-07-26,175.1,180.0,174.65,175.1,100739.0
2017-07-27,176.0,178.55,166.35,166.35,94870.0
2017-07-28,161.0,166.9,158.2,161.6,124734.0
2017-07-31,163.1,164.5,159.0,162.8,86811.0
2017-08-01,162.55,169.0,162.0,168.0,106644.0
2017-08-02,167.8,168.15,163.15,166.75,92823.0
2017-08-03,169.95,169.95,158.45,164.05,75429.0
2017-08-04,169.7,169.7,163.0,167.2,124619.0
2017-08-07,167.2,169.7,164.1,169.25,101505.0
2017-08-08,166.0,171.75,162.3,163.8,71293.0
2017-08-09,162.3,167.0,154.5,165.5,181124.0
2017-08-10,167.0,167.0,160.0,163.4,156257.0
2017-08-11,163.0,164.5,147.6,160.7,126492.0
2017-08-14,164.9,167.0,158.5,164.3,55079.0
2017-08-16,167.0,167.0,161.3,161.75,34434.0
2017-08-17,164.0,164.8,160.0,162.25,76015.0
2017-08-18,164.5,164.5,160.0,161.25,91043.0
2017-08-21,165.0,165.9,163.0,164.9,105619.0
2017-08-22,164.0,168.0,160.7,165.0,125537.0
2017-08-23,162.0,165.0,158.0,160.05,68287.0
2017-08-24,162.5,163.0,159.9,161.5,60613.0
2017-08-28,161.5,166.3,160.0,160.85,43659.0
2017-08-29,162.0,167.05,144.8,152.55,99983.0
2017-08-30,162.9,164.0,155.0,160.0,178142.0
2017-08-31,161.7,161.7,159.3,160.3,46603.0
2017-09-01,161.5,161.5,159.75,160.25,32888.0
2017-09-04,162.0,162.1,159.0,160.4,71636.0
2017-09-05,161.0,161.5,157.9,160.1,55519.0
2017-09-06,160.95,160.95,150.2,160.05,67767.0
2017-09-07,162.95,162.95,158.0,159.9,67161.0
2017-09-08,160.0,160.45,157.1,159.8,77613.0
2017-09-11,162.0,162.0,157.0,157.8,40161.0
2017-09-12,159.9,159.95,158.0,159.2,34802.0
2017-09-13,162.55,164.65,152.45,157.85,54301.0
2017-09-14,159.85,160.65,151.55,153.85,75919.0
2017-09-15,152.0,154.0,150.1,152.65,47675.0
2017-09-18,153.85,156.95,152.9,153.9,33854.0
2017-09-19,155.1,161.4,151.0,157.4,62497.0
2017-09-20,158.0,169.45,156.05,164.25,81408.0
2017-09-21,165.5,170.0,159.05,163.2,45093.0
2017-09-22,163.55,165.2,152.6,155.3,52152.0
2017-09-25,157.0,157.0,151.0,151.8,41351.0
2017-09-26,152.0,152.5,141.6,146.65,64722.0
2017-09-27,150.0,150.0,132.25,136.25,55256.0
2017-09-28,141.8,141.8,132.5,138.3,41318.0
2017-09-29,137.05,140.0,135.8,137.1,63681.0
2017-10-03,141.0,150.8,130.55,150.3,114545.0
2017-10-04,153.7,158.0,147.2,154.7,198091.0
2017-10-05,159.7,168.8,155.75,160.05,82414.0
2017-10-06,164.0,169.7,161.25,167.85,44687.0
2017-10-09,169.15,176.0,169.0,174.8,56707.0
2017-10-10,176.4,179.7,170.05,173.1,61915.0
2017-10-11,173.65,177.0,169.1,171.05,47357.0
2017-10-12,172.8,178.0,167.6,170.75,47011.0
2017-10-13,169.8,176.0,168.25,169.1,67015.0
2017-10-16,170.6,174.95,162.35,167.0,54847.0
2017-10-17,168.0,171.9,165.3,167.5,185958.0
2017-10-18,168.65,168.8,162.5,164.55,60653.0
2017-10-19,165.5,169.0,160.0,162.4,22657.0
2017-10-23,162.4,165.05,155.75,156.4,78303.0
2017-10-24,156.95,162.25,153.05,155.4,71215.0
2017-10-25,157.9,158.3,137.0,138.7,286232.0
2017-10-26,133.0,139.0,125.15,131.5,209761.0
2017-10-27,133.0,138.5,131.05,135.45,69066.0
2017-10-30,135.55,145.0,135.55,137.1,270116.0
2017-10-31,137.9,138.0,134.2,134.5,50864.0
2017-11-01,135.85,135.85,132.7,134.05,70406.0
2017-11-02,134.25,160.85,134.25,160.85,529032.0
2017-11-03,175.1,187.95,169.25,171.65,1296454.0
2017-11-06,171.9,171.9,162.5,165.0,157630.0
2017-11-07,166.0,167.4,154.25,156.75,114761.0
2017-11-08,160.0,164.0,151.9,152.85,161942.0
2017-11-09,157.0,164.0,155.2,158.65,155168.0
2017-11-10,155.5,158.0,155.3,156.05,94247.0
2017-11-13,161.9,161.9,153.3,155.65,92037.0
2017-11-14,156.3,159.5,153.85,155.4,98335.0
2017-11-15,155.75,155.9,149.05,150.15,111713.0
2017-11-16,151.9,155.85,150.95,151.65,84551.0
2017-11-17,152.25,157.45,151.3,152.8,97224.0
2017-11-20,153.6,163.0,152.0,161.0,153639.0
2017-11-21,162.0,163.95,157.25,158.2,80786.0
2017-11-22,159.0,162.0,157.0,158.05,97482.0
2017-11-23,162.5,163.75,156.25,158.1,87616.0
2017-11-24,160.0,160.0,154.3,156.75,61869.0
2017-11-27,158.3,159.0,154.8,156.65,91057.0
2017-11-28,161.95,166.0,152.0,159.1,167575.0
2017-11-29,159.55,159.55,152.0,152.8,75238.0
2017-11-30,152.5,154.9,151.9,153.2,77810.0
2017-12-01,153.8,172.5,153.2,156.8,225662.0
2017-12-04,157.0,160.0,151.7,152.25,107307.0
2017-12-05,153.9,156.9,152.55,155.1,101701.0
2017-12-06,159.0,161.45,151.6,154.2,123427.0
2017-12-07,155.0,158.0,155.0,155.9,82811.0
2017-12-08,156.95,158.1,155.0,155.55,81292.0
2017-12-11,156.0,159.0,148.4,151.3,77876.0
2017-12-12,152.35,155.5,148.6,150.2,233352.0
2017-12-13,154.0,154.75,148.05,149.65,89198.0
2017-12-14,152.05,153.9,148.5,152.55,94460.0
2017-12-15,154.0,155.05,150.15,151.75,83079.0
2017-12-18,151.95,151.95,145.0,149.75,56258.0
2017-12-19,151.05,158.95,148.5,157.05,102168.0
2017-12-20,157.5,157.5,149.2,150.8,87471.0
2017-12-21,152.45,152.45,147.5,149.25,69080.0
2017-12-22,150.55,150.55,147.1,148.9,83072.0
2017-12-26,150.05,152.5,148.75,150.25,82992.0
2017-12-27,150.9,158.95,149.6,155.0,144884.0
2017-12-28,157.45,158.0,152.05,153.2,68785.0
2017-12-29,155.95,157.0,153.0,153.95,58330.0
2018-01-01,159.0,159.0,151.3,153.55,92974.0
2018-01-02,153.85,155.45,151.5,154.4,71891.0
2018-01-03,154.95,159.55,151.0,154.05,105570.0
2018-01-04,155.85,157.45,153.55,154.45,77284.0
2018-01-05,155.05,157.75,154.45,156.85,97154.0
2018-01-08,158.9,158.9,152.55,154.0,91360.0
2018-01-09,156.5,157.0,152.45,154.3,88620.0
2018-01-10,155.0,157.0,155.0,155.0,75342.0
2018-01-11,156.45,156.55,152.0,152.9,74821.0
2018-01-12,155.0,155.95,152.0,152.75,91009.0
2018-01-15,152.75,154.5,152.55,153.15,63739.0
2018-01-16,153.7,153.7,148.0,148.95,68749.0
2018-01-17,148.5,149.75,141.55,144.65,94792.0
2018-01-18,144.5,150.1,143.9,144.65,74687.0
2018-01-19,148.8,148.8,141.1,143.3,54884.0
2018-01-22,143.3,145.8,142.0,143.4,65089.0
2018-01-23,146.0,146.0,140.85,142.9,68271.0
2018-01-24,144.0,145.0,141.2,144.2,68808.0
2018-01-25,144.25,144.75,142.6,143.7,177750.0
2018-01-29,143.0,143.25,136.0,137.7,74326.0
2018-01-30,138.95,139.0,127.95,131.8,64247.0
2018-01-31,131.2,137.45,131.1,135.1,68487.0
2018-02-01,137.0,137.75,132.05,135.5,58319.0
2018-02-02,136.5,136.5,115.0,118.5,78067.0
2018-02-05,117.1,120.9,105.95,118.2,62698.0
2018-02-06,114.65,117.35,108.05,111.5,68654.0
2018-02-07,116.0,118.05,113.65,115.55,40567.0
2018-02-08,115.6,124.0,114.95,122.25,27500.0
2018-02-09,119.0,130.5,117.0,127.9,35314.0
2018-02-12,130.6,131.95,128.0,129.15,14571.0
2018-02-14,129.0,132.0,127.05,128.0,37305.0
2018-02-15,135.0,135.0,117.8,120.5,24968.0
2018-02-16,123.0,123.0,116.65,119.6,20496.0
2018-02-19,119.0,123.85,116.65,117.6,7643.0
2018-02-20,120.0,122.0,115.55,116.7,171023.0
2018-02-21,121.0,121.0,114.0,114.65,89921.0
2018-02-22,113.0,117.5,112.75,115.55,5149.0
2018-02-23,114.0,120.0,114.0,118.85,5164.0
2018-02-26,120.0,120.0,114.0,115.2,7473.0
2018-02-27,115.25,115.6,112.5,114.75,9191.0
2018-02-28,113.0,115.7,108.7,111.9,8103.0
2018-03-01,112.55,112.55,105.8,106.8,37823.0
2018-03-05,107.0,107.75,102.15,104.3,55880.0
2018-03-06,107.0,113.7,104.0,105.3,43755.0
2018-03-07,103.2,106.0,101.0,103.35,12625.0
2018-03-08,101.25,107.95,101.0,105.65,13597.0
2018-03-09,109.0,109.0,101.0,102.4,67826.0
2018-03-12,106.0,108.95,100.9,103.15,17798.0
2018-03-13,100.6,107.95,100.6,102.8,27217.0
2018-03-14,101.0,104.8,99.75,102.5,16294.0
2018-03-15,105.0,105.0,102.4,102.75,4890.0
2018-03-16,101.0,107.9,100.2,104.1,4192.0
2018-03-19,106.0,106.0,101.25,102.15,22580.0
2018-03-20,100.2,102.85,99.2,99.95,5814.0
2018-03-21,103.9,103.9,98.2,100.35,110214.0
2018-03-22,100.0,102.0,94.0,95.1,19445.0
2018-03-23,90.5,93.9,88.7,90.9,133655.0
2018-03-26,90.0,90.8,75.4,82.2,121768.0
2018-03-27,82.0,95.8,82.0,91.05,108192.0
2018-03-28,89.0,90.5,86.05,88.45,17679.0
2018-04-02,88.0,97.6,86.2,95.25,21163.0
2018-04-03,95.0,99.0,91.55,97.85,10553.0
2018-04-04,102.9,104.95,97.25,99.55,33297.0
2018-04-05,104.0,104.4,101.2,102.4,10598.0
2018-04-06,103.95,103.95,101.0,103.0,21204.0
2018-04-09,102.0,104.85,102.0,103.3,7744.0
2018-04-10,103.0,121.65,102.6,108.65,239823.0
2018-04-11,108.0,108.0,103.5,105.6,51524.0
2018-04-12,104.0,105.85,97.5,99.0,59528.0
2018-04-13,99.95,100.0,96.05,98.15,59573.0
2018-04-16,96.95,98.45,94.0,96.4,68399.0
2018-04-17,96.6,97.9,92.1,93.95,26322.0
2018-04-18,93.0,95.95,90.5,92.55,37542.0
2018-04-19,92.15,94.0,92.0,92.5,15846.0
2018-04-20,94.3,94.3,89.7,93.2,134398.0
2018-04-23,93.0,93.7,91.1,91.7,11360.0
2018-04-24,90.1,95.0,86.65,93.9,9304.0
2018-04-25,94.85,94.9,92.05,92.7,21290.0
2018-04-26,92.7,93.55,90.4,91.55,10011.0
2018-04-27,91.0,92.7,89.5,90.45,14854.0
2018-04-30,89.5,91.85,86.4,88.05,10986.0
2018-05-02,90.9,90.9,85.35,87.85,18680.0
2018-05-03,89.0,89.75,84.5,85.8,8112.0
2018-05-04,85.1,101.45,84.15,98.75,419080.0
2018-05-07,99.95,118.5,99.95,115.65,1650800.0
2018-05-08,112.8,116.75,107.0,109.0,440875.0
2018-05-09,110.4,113.5,108.2,109.25,252490.0
2018-05-10,109.0,117.3,109.0,114.1,491872.0
2018-05-11,116.9,120.0,114.25,117.25,523155.0
2018-05-14,117.0,124.0,117.0,120.0,1292640.0
2018-05-15,119.8,119.8,111.0,112.95,271129.0
2018-05-16,112.0,113.75,107.0,108.75,173638.0
2018-05-17,111.9,111.9,108.05,108.9,138985.0
2018-05-18,110.9,110.9,103.0,104.85,113593.0
2018-05-21,105.0,107.0,95.2,106.1,154988.0
2018-05-22,106.0,109.8,102.35,104.5,156252.0
2018-05-23,104.9,113.4,102.55,106.35,126275.0
2018-05-24,107.9,116.15,106.0,107.15,149479.0
2018-05-25,107.9,112.0,107.9,110.65,147899.0
2018-05-28,111.85,113.9,110.0,110.4,161246.0
2018-05-29,110.8,112.75,110.1,110.95,107561.0
2018-05-30,110.9,111.8,102.75,108.65,114532.0
2018-05-31,114.0,114.0,107.3,108.55,128083.0
2018-06-01,110.7,111.8,103.95,104.5,86605.0
2018-06-04,106.3,106.4,95.8,100.1,94274.0
2018-06-05,101.0,103.3,95.35,98.8,160332.0
2018-06-06,99.0,99.85,97.75,98.6,109062.0
2018-06-07,100.8,111.15,99.0,105.3,167667.0
2018-06-08,106.95,107.75,103.55,104.35,84624.0
2018-06-11,105.0,105.15,99.95,100.55,96882.0
2018-06-12,100.55,102.6,99.1,101.6,86019.0
2018-06-13,101.9,103.0,99.55,100.4,84787.0
2018-06-14,102.45,104.35,100.7,102.35,93911.0
2018-06-15,102.0,102.9,100.1,101.4,94486.0
2018-06-18,102.5,103.75,99.75,100.45,71844.0
2018-06-19,100.5,101.35,98.0,100.0,91712.0
2018-06-20,100.0,100.9,99.8,100.3,87699.0
2018-06-21,100.9,100.9,99.55,99.9,76794.0
2018-06-22,101.9,101.9,95.0,96.3,77310.0
2018-06-25,97.5,97.5,93.0,93.95,127416.0
2018-06-26,94.9,96.5,86.0,90.55,177399.0
2018-06-27,93.0,93.4,89.0,89.1,58440.0
2018-06-28,90.9,92.7,89.75,90.4,66215.0
2018-06-29,92.4,92.4,90.25,91.2,90373.0
2018-07-02,94.8,94.8,90.25,91.5,69235.0
2018-07-03,91.3,94.8,91.0,93.85,89897.0
2018-07-04,95.0,95.55,93.1,93.4,82206.0
2018-07-05,94.75,96.0,93.0,94.55,76132.0
2018-07-06,95.2,97.9,94.5,96.3,60531.0
2018-07-09,98.0,98.8,95.9,98.15,82575.0
2018-07-10,98.0,102.3,95.0,97.05,82045.0
2018-07-11,96.2,97.0,91.55,92.05,75288.0
2018-07-12,93.5,94.9,92.55,94.4,66238.0
2018-07-13,94.5,95.9,92.15,92.85,60615.0
2018-07-16,96.6,96.6,90.0,91.2,66015.0
2018-07-17,94.8,103.2,91.6,98.0,125476.0
2018-07-18,97.5,104.8,78.4,78.4,569636.0
2018-07-19,78.9,80.0,71.0,73.6,116941.0
2018-07-20,73.5,78.9,71.55,76.15,54424.0
2018-07-23,74.8,76.95,72.9,74.75,88207.0
2018-07-24,74.0,78.0,74.0,75.25,69640.0
2018-07-25,75.8,78.6,73.5,74.8,97387.0
2018-07-26,75.5,75.9,74.1,74.8,61625.0
2018-07-27,75.0,76.95,74.2,74.8,50765.0
2018-07-30,75.0,79.25,75.0,77.65,71261.0
2018-07-31,77.0,78.7,72.0,75.35,85300.0
2018-08-01,75.9,76.8,73.0,74.45,72175.0
2018-08-02,75.0,75.4,72.1,72.9,27264.0
2018-08-03,73.05,83.5,73.05,79.0,189864.0
2018-08-06,81.8,83.0,78.6,79.95,75148.0
2018-08-07,81.7,81.7,74.1,75.45,51540.0
2018-08-08,75.7,77.75,74.0,74.75,44696.0
2018-08-09,75.7,75.8,73.6,74.6,79780.0
2018-08-10,75.25,75.7,72.85,73.15,34694.0
2018-08-13,73.0,73.0,70.5,70.65,28020.0
2018-08-14,71.9,74.0,68.0,69.75,28344.0
2018-08-16,70.95,73.0,68.4,69.75,13023.0
2018-08-17,70.8,70.8,68.55,68.9,17757.0
2018-08-20,69.8,69.8,68.1,68.35,15188.0
2018-08-21,69.1,69.1,67.0,67.45,13137.0
2018-08-23,67.2,71.5,67.2,69.95,105789.0
2018-08-24,70.8,71.9,64.7,67.15,75342.0
2018-08-27,67.15,68.15,64.1,65.95,32704.0
2018-08-28,66.65,67.0,65.1,65.65,15808.0
2018-08-29,65.95,65.95,63.25,63.95,20392.0
2018-08-30,64.9,65.5,63.9,64.65,18531.0
2018-08-31,64.9,66.9,64.0,64.5,11302.0
2018-09-03,65.85,65.85,62.65,63.75,21266.0
2018-09-04,63.55,63.8,61.65,62.45,24733.0
2018-09-05,62.5,62.55,61.5,61.85,11234.0
2018-09-06,63.15,64.5,62.75,63.5,14268.0
2018-09-07,64.45,64.45,62.25,63.4,10080.0
2018-09-10,63.75,64.9,63.2,63.45,10228.0
2018-09-11,63.9,64.0,62.05,62.7,6445.0
2018-09-12,62.4,62.95,60.2,61.15,8694.0
2018-09-14,60.3,62.8,60.3,60.95,10081.0
2018-09-17,60.85,61.65,59.35,59.95,10526.0
2018-09-18,60.0,60.6,58.65,59.6,4339.0
2018-09-19,59.75,59.75,56.05,56.7,12798.0
2018-09-21,57.0,57.0,45.4,52.3,29355.0
2018-09-24,50.3,52.6,44.15,49.05,37259.0
2018-09-25,47.1,48.0,44.25,46.0,29732.0
2018-09-26,49.5,49.5,45.25,46.3,8411.0
2018-09-27,45.25,46.6,42.2,43.05,17634.0
2018-09-28,46.6,46.85,43.2,45.5,13407.0
2018-10-01,43.45,46.85,42.0,45.25,4620.0
2018-10-03,47.45,53.4,42.0,48.0,13954.0
2018-10-04,50.95,50.95,46.35,47.55,3363.0
2018-10-05,45.0,49.55,44.1,46.9,30704.0
2018-10-08,46.9,47.5,43.1,45.05,13277.0
2018-10-09,45.9,46.95,44.0,46.05,4998.0
2018-10-10,45.75,48.55,44.35,47.85,7420.0
2018-10-11,45.1,46.3,42.1,44.85,15782.0
2018-10-12,45.55,48.9,45.5,47.95,6722.0
2018-10-15,47.9,49.85,46.25,48.55,15596.0
2018-10-16,49.45,58.25,49.0,58.25,46338.0
2018-10-17,62.8,63.35,54.3,56.7,86656.0
2018-10-19,56.9,62.85,55.15,57.15,21565.0
2018-10-22,57.25,59.8,51.0,52.7,12607.0
2018-10-23,53.0,55.0,49.3,50.85,7366.0
2018-10-24,52.0,61.0,51.8,60.9,349471.0
2018-10-25,59.7,64.45,54.0,54.55,501457.0
2018-10-26,54.5,57.9,54.0,56.4,86225.0
2018-10-29,60.7,60.7,56.5,58.6,91473.0
2018-10-30,59.0,60.9,56.0,57.5,74360.0
2018-10-31,58.3,58.5,53.1,54.05,68829.0
2018-11-01,54.0,55.3,52.2,52.95,30820.0
2018-11-02,53.95,55.35,52.15,54.1,24030.0
2018-11-05,55.0,55.05,52.1,53.95,28150.0
2018-11-06,54.95,54.95,52.6,53.05,7603.0
2018-11-07,53.95,54.2,51.05,53.4,5981.0
2018-11-09,53.9,55.0,52.45,54.45,12017.0
2018-11-12,54.6,55.5,52.5,52.7,14994.0
2018-11-13,53.9,54.5,50.35,52.05,23706.0
2018-11-14,52.75,53.5,50.55,51.0,16155.0
2018-11-15,53.5,58.0,53.2,55.2,101295.0
2018-11-16,55.2,57.4,51.35,52.05,40534.0
2018-11-19,53.6,54.95,50.35,52.8,80284.0
2018-11-20,52.85,59.0,51.15,51.9,30234.0
2018-11-21,51.45,52.85,50.5,51.0,12695.0
2018-11-22,50.25,51.45,49.8,50.4,21915.0
2018-11-26,50.9,50.9,48.4,48.85,10460.0
2018-11-27,48.3,49.7,47.1,48.75,17376.0
2018-11-28,49.65,49.65,47.3,47.95,14124.0
2018-11-29,48.55,49.0,45.9,46.45,21253.0
2018-11-30,46.45,46.5,43.7,44.6,24445.0
2018-12-03,44.6,45.8,43.05,44.15,31178.0
2018-12-04,45.35,45.9,43.45,44.7,29381.0
2018-12-05,43.85,44.9,43.35,43.95,14325.0
2018-12-06,43.6,43.6,41.2,41.55,24639.0
2018-12-07,41.0,41.6,39.5,40.2,19134.0
2018-12-10,44.0,44.0,38.8,41.15,18259.0
2018-12-11,40.85,42.4,39.75,41.95,10537.0
2018-12-12,42.05,44.6,39.1,41.5,33841.0
2018-12-13,41.25,43.8,41.2,41.9,15235.0
2018-12-14,43.1,43.2,40.85,41.85,17644.0
2018-12-17,42.0,42.5,40.3,41.05,19520.0
2018-12-18,40.9,41.9,39.8,40.25,39290.0
2018-12-19,40.45,42.9,39.6,41.15,164806.0
2018-12-20,41.0,44.05,40.5,41.0,117248.0
2018-12-21,41.8,42.45,39.8,40.0,20235.0
2018-12-24,40.05,40.5,39.25,39.6,7710.0
2018-12-26,39.05,40.0,38.25,39.75,16793.0
2018-12-27,40.05,41.0,38.3,39.25,14221.0
2018-12-28,39.9,40.0,39.2,39.4,7428.0
2018-12-31,39.35,40.45,39.3,39.65,18806.0
2019-01-01,40.05,40.55,39.1,39.85,18191.0
2019-01-02,39.25,40.0,39.2,39.8,10079.0
2019-01-03,39.15,40.0,39.1,39.7,11023.0
2019-01-04,39.3,39.5,39.0,39.15,13630.0
2019-01-07,39.35,39.75,38.65,38.75,16648.0
2019-01-08,38.75,39.95,38.5,39.2,5525.0
2019-01-09,39.7,39.9,38.75,38.8,11318.0
2019-01-10,38.25,39.9,37.45,38.6,4274.0
2019-01-11,38.2,39.15,37.75,37.95,10356.0
2019-01-14,37.55,38.6,37.05,37.45,11848.0
2019-01-15,38.65,38.7,36.7,37.0,9180.0
2019-01-16,38.3,39.25,36.1,38.65,29101.0
2019-01-17,38.9,40.0,38.5,38.8,11587.0
2019-01-18,38.85,39.25,38.4,38.6,2366.0
2019-01-21,38.55,38.65,36.65,37.65,11855.0
2019-01-22,38.3,38.3,36.35,36.9,13726.0
2019-01-23,37.65,37.65,35.05,36.3,26332.0
2019-01-24,36.15,37.0,35.6,36.35,8797.0
2019-01-25,36.85,39.4,35.8,36.15,18574.0
2019-01-28,35.65,35.65,33.1,33.65,5025.0
2019-01-29,33.95,34.0,30.75,31.95,23983.0
2019-01-30,31.1,33.05,28.1,29.7,155619.0
2019-01-31,30.4,31.45,29.1,30.3,10517.0
2019-02-01,29.55,34.4,29.55,31.85,11523.0
2019-02-04,32.0,32.0,29.05,31.35,5288.0
2019-02-05,30.5,32.85,30.5,32.25,14172.0
2019-02-06,32.25,32.3,31.5,32.0,7655.0
2019-02-07,32.25,33.85,30.95,32.75,24221.0
2019-02-08,31.95,32.85,30.4,31.45,17095.0
2019-02-11,32.9,32.9,27.95,29.55,24966.0
2019-02-12,29.15,31.6,28.3,29.9,13503.0
2019-02-13,30.8,30.8,28.5,29.15,19329.0
2019-02-14,29.75,30.65,28.25,28.65,6727.0
2019-02-15,30.0,31.45,27.75,30.35,11364.0
2019-02-18,29.6,30.9,27.6,29.5,16374.0
2019-02-19,29.95,30.9,29.35,29.75,3728.0
2019-02-20,29.15,30.95,29.1,29.85,2758.0
2019-02-21,30.95,32.85,29.25,30.15,9620.0
2019-02-22,29.65,32.45,29.5,31.45,20894.0
2019-02-25,32.0,33.0,30.5,30.85,11242.0
2019-02-26,30.55,30.55,28.65,29.9,15454.0
2019-02-27,29.7,31.85,29.15,29.8,11863.0
2019-02-28,30.0,30.75,29.6,30.25,3216.0
2019-03-01,30.2,31.8,29.0,30.35,15533.0
2019-03-05,30.7,31.75,30.35,31.0,60666.0
2019-03-06,33.9,33.9,31.45,32.6,64141.0
2019-03-07,32.7,34.0,31.95,32.95,94188.0
2019-03-08,32.15,32.9,31.4,32.25,7968.0
2019-03-11,32.25,33.75,31.8,32.85,22398.0
2019-03-12,33.05,34.45,32.5,32.7,16791.0
2019-03-13,33.25,33.25,30.0,30.95,18118.0
2019-03-14,31.75,31.75,30.3,30.6,8657.0
2019-03-15,30.8,31.35,30.3,30.45,6990.0
2019-03-18,31.5,36.5,30.4,34.5,523108.0
2019-03-19,35.4,36.55,33.5,33.8,266993.0
2019-03-20,35.0,35.0,31.6,31.95,103179.0
2019-03-22,32.1,32.8,29.8,30.7,108611.0
2019-03-25,30.75,30.9,29.25,30.25,87013.0
2019-03-26,30.3,30.8,29.75,30.35,19523.0
2019-03-27,30.1,31.1,29.8,29.95,33088.0
2019-03-28,29.95,31.55,29.55,30.35,40297.0
2019-03-29,30.9,31.75,29.35,29.9,28365.0
2019-04-01,29.5,31.9,29.5,30.35,49894.0
2019-04-02,31.2,31.2,29.95,30.1,32650.0
2019-04-03,30.5,30.8,29.3,29.45,52005.0
2019-04-04,29.5,30.9,29.1,30.1,66538.0
2019-04-05,30.0,30.95,29.7,30.05,64345.0
2019-04-08,30.4,30.6,29.25,29.75,24803.0
2019-04-09,29.7,29.9,29.1,29.35,14791.0
2019-04-10,29.4,30.0,29.2,29.8,41853.0
2019-04-11,30.0,30.6,29.1,29.55,9190.0
2019-04-12,29.55,29.65,29.05,29.2,21402.0
2019-04-15,29.45,30.0,29.25,29.85,13480.0
2019-04-16,29.8,30.0,29.3,29.7,23691.0
2019-04-18,30.05,30.05,28.65,29.9,43636.0
2019-04-22,29.85,29.85,28.5,28.6,18187.0
2019-04-23,29.4,29.45,28.05,28.25,14843.0
2019-04-24,28.1,28.8,27.95,28.1,5573.0
2019-04-25,28.15,28.3,26.8,27.25,31708.0
2019-04-26,27.4,28.25,27.15,27.6,30083.0
2019-04-30,28.3,28.6,26.1,26.65,11966.0
2019-05-02,26.7,26.7,24.6,25.15,11065.0
2019-05-03,24.3,25.4,23.65,24.15,28033.0
2019-05-06,24.9,27.6,23.15,26.0,79703.0
2019-05-07,26.65,31.2,26.25,30.55,317490.0
2019-05-08,29.4,30.2,27.45,28.15,87023.0
2019-05-09,28.0,28.75,26.05,26.95,25211.0
2019-05-10,26.55,29.95,26.2,26.55,18757.0
2019-05-13,26.45,27.3,25.5,26.0,7146.0
2019-05-14,25.9,26.8,24.3,24.75,15943.0
2019-05-15,24.7,27.9,24.7,26.55,76724.0
2019-05-16,27.0,27.4,25.25,25.55,48483.0
2019-05-17,25.55,26.95,25.25,26.45,17426.0
2019-05-20,27.5,29.4,27.25,27.8,36182.0
2019-05-21,27.65,28.55,26.2,27.3,21222.0
2019-05-22,27.25,27.95,26.3,26.75,16390.0
2019-05-23,27.4,28.0,25.1,25.95,32371.0
2019-05-24,26.05,27.15,24.35,26.5,47985.0
2019-05-27,26.75,29.3,26.75,28.1,287528.0
2019-05-28,28.65,28.7,27.25,27.95,60336.0
2019-05-29,27.85,28.0,25.4,27.1,33172.0
2019-05-30,27.2,27.85,26.75,27.15,8871.0
2019-05-31,27.7,28.4,25.4,25.95,60509.0
2019-06-03,25.8,27.4,25.55,26.6,41203.0
2019-06-04,26.75,26.9,25.75,26.3,10969.0
2019-06-06,26.25,28.0,25.0,25.15,22397.0
2019-06-07,25.15,25.25,23.4,24.25,35985.0
2019-06-10,24.0,24.9,23.5,23.85,25060.0
2019-06-11,23.6,24.9,22.15,22.55,49368.0
2019-06-12,22.2,23.45,22.0,22.6,28830.0
2019-06-13,22.65,22.95,22.05,22.25,14717.0
2019-06-14,22.1,24.2,21.15,22.25,24574.0
2019-06-17,22.2,22.2,20.2,20.95,26789.0
2019-06-18,20.1,20.75,19.5,19.55,44496.0
2019-06-19,20.4,20.4,16.7,17.05,86010.0
2019-06-20,17.05,18.75,15.65,18.7,113765.0
2019-06-21,19.0,19.0,17.25,17.75,27722.0
2019-06-24,17.75,18.25,16.6,17.75,17388.0
2019-06-25,18.45,18.45,16.7,17.75,19741.0
2019-06-26,17.75,18.2,17.75,17.85,20566.0
2019-06-27,17.9,18.0,17.1,17.5,16019.0
2019-06-28,17.85,18.0,17.5,17.55,12746.0
2019-07-01,17.55,18.25,17.5,18.0,36439.0
2019-07-02,18.15,18.5,17.55,18.0,22169.0
2019-07-03,18.4,18.4,17.3,18.0,6776.0
2019-07-04,18.15,18.2,17.65,17.75,10674.0
2019-07-05,17.7,18.75,17.4,18.25,28103.0
2019-07-08,18.2,18.25,17.5,17.6,7973.0
2019-07-09,17.4,17.9,17.0,17.4,5693.0
2019-07-10,17.3,17.6,15.7,15.95,34814.0
2019-07-11,15.95,16.8,14.4,15.25,79965.0
2019-07-12,15.8,16.15,15.35,15.8,14687.0
2019-07-15,16.25,17.35,16.25,17.35,35749.0
2019-07-16,18.35,19.05,18.0,19.05,223169.0
2019-07-17,19.25,19.8,17.15,17.15,58451.0
2019-07-18,16.5,17.0,15.75,16.2,40175.0
2019-07-19,15.8,16.75,15.65,15.75,18363.0
2019-07-22,15.5,15.95,14.6,14.8,25261.0
2019-07-23,14.8,15.55,14.45,14.95,11509.0
2019-07-24,14.9,15.05,14.6,14.8,4081.0
2019-07-25,14.75,15.2,14.6,14.8,5890.0
2019-07-26,14.15,15.1,14.15,14.75,17453.0
2019-07-29,14.8,15.3,14.05,14.05,42496.0
2019-07-30,14.0,14.05,13.35,13.35,12905.0
2019-07-31,13.0,13.0,12.7,12.7,21436.0
2019-08-01,12.2,12.6,12.1,12.1,16610.0
2019-08-02,12.0,12.0,11.5,11.5,16167.0
2019-08-05,10.95,11.8,10.95,11.75,86548.0
2019-08-06,11.75,12.3,11.5,12.3,12603.0
2019-08-07,12.85,12.9,12.5,12.9,11561.0
2019-08-08,13.45,13.5,12.35,12.6,21957.0
2019-08-09,13.0,13.15,12.1,12.3,18069.0
2019-08-13,12.3,12.5,11.75,12.45,6344.0
2019-08-14,12.5,12.8,11.85,12.5,9686.0
2019-08-16,12.05,13.1,12.05,12.95,100755.0
2019-08-19,13.2,13.55,12.75,13.2,85656.0
2019-08-20,13.0,13.55,13.0,13.15,27435.0
2019-08-21,13.2,13.5,13.1,13.4,21689.0
2019-08-22,13.1,13.1,12.75,12.75,6285.0
2019-08-23,12.45,13.2,12.35,12.8,25827.0
2019-08-26,13.2,13.4,12.85,13.25,28519.0
2019-08-27,13.6,13.9,13.1,13.7,39744.0
2019-08-28,13.3,14.15,13.3,13.85,6892.0
2019-08-29,13.9,14.05,13.4,13.65,49692.0
2019-08-30,13.6,14.25,13.55,14.2,13876.0
2019-09-03,14.9,14.9,14.7,14.9,308422.0
2019-09-04,15.3,15.5,14.2,14.25,82858.0
2019-09-05,14.55,14.55,13.55,13.6,52840.0
2019-09-06,13.55,13.55,13.05,13.25,20448.0
2019-09-09,13.5,13.6,13.05,13.5,33468.0
2019-09-11,13.9,13.9,12.85,13.2,69032.0
2019-09-12,13.6,13.85,13.0,13.85,45136.0
2019-09-13,14.5,14.5,13.25,13.45,30284.0
2019-09-16,13.1,14.1,12.8,14.0,46791.0
2019-09-17,13.7,14.45,13.3,13.35,24256.0
2019-09-18,13.55,13.55,12.75,12.95,26530.0
2019-09-19,12.95,13.0,12.35,12.4,9382.0
2019-09-20,12.4,13.0,12.0,12.95,25139.0
2019-09-23,12.55,13.4,12.55,12.8,15880.0
2019-09-24,12.75,12.85,12.5,12.6,11368.0
2019-09-25,12.2,12.7,12.0,12.5,16145.0
2019-09-26,12.1,12.7,12.0,12.05,19378.0
2019-09-27,12.2,12.25,11.45,11.45,42881.0
2019-09-30,11.15,11.15,10.9,10.9,13288.0
2019-10-01,10.4,10.75,10.4,10.4,16228.0
2019-10-03,10.2,10.2,9.9,10.2,11396.0
2019-10-04,10.2,10.2,9.7,9.7,26219.0
2019-10-07,9.45,9.45,9.25,9.25,9162.0
2019-10-09,8.8,8.8,8.8,8.8,3557.0
2019-10-10,8.4,8.4,8.4,8.4,2958.0
2019-10-11,8.0,8.0,8.0,8.0,5735.0
2019-10-14,7.6,7.6,7.6,7.6,4731.0
2019-10-15,7.25,7.25,7.25,7.25,3163.0
2019-10-16,6.9,6.9,6.9,6.9,3872.0
2019-10-17,6.6,6.6,6.6,6.6,10025.0
2019-10-18,6.3,6.9,6.3,6.8,79125.0
2019-10-22,7.1,7.1,6.85,7.1,58057.0
2019-10-23,7.45,7.45,7.45,7.45,54320.0
2019-10-24,7.45,7.8,7.45,7.8,50803.0
2019-10-25,8.15,8.15,8.0,8.15,84293.0
2019-10-27,8.55,8.55,8.55,8.55,1708.0
2019-10-29,8.95,8.95,8.95,8.95,51612.0
2019-10-30,9.35,9.35,9.35,9.35,41930.0
2019-10-31,9.8,9.8,9.8,9.8,11414.0
2019-11-01,10.25,10.25,9.75,10.25,68657.0
2019-11-04,10.75,10.75,10.75,10.75,93798.0
2019-11-05,11.25,11.25,11.25,11.25,34885.0
2019-11-06,11.8,11.8,11.8,11.8,32858.0
2019-11-07,12.35,12.35,12.35,12.35,55525.0
2019-11-08,12.9,12.95,12.9,12.95,44398.0
2019-11-11,13.5,13.55,12.35,12.35,73506.0
2019-11-13,11.8,11.8,11.75,11.75,5333.0
2019-11-14,11.2,11.2,11.2,11.2,4529.0
2019-11-15,10.65,11.65,10.65,10.95,54835.0
2019-11-18,10.95,11.0,10.45,10.45,18066.0
2019-11-19,10.0,10.0,9.95,9.95,2972.0
2019-11-20,9.95,10.4,9.6,10.1,19718.0
2019-11-21,9.8,10.6,9.6,10.5,48946.0
2019-11-22,10.0,11.0,10.0,11.0,23748.0
2019-11-25,11.0,11.55,10.45,10.7,46569.0
2019-11-26,10.7,11.0,10.3,10.45,19306.0
2019-11-27,10.05,10.75,10.05,10.5,11113.0
2019-11-28,10.6,10.9,10.05,10.65,6430.0
2019-11-29,11.05,11.05,10.4,10.75,23894.0
2019-12-02,11.2,11.25,10.85,11.05,133811.0
2019-12-03,11.6,11.6,10.7,10.8,25703.0
2019-12-04,10.35,11.3,10.35,10.8,49397.0
2019-12-05,11.25,11.3,10.5,11.0,29851.0
2019-12-06,11.95,11.95,10.95,11.1,14859.0
2019-12-09,11.5,12.2,11.0,11.6,234912.0
2019-12-10,11.85,12.65,11.5,12.45,104085.0
2019-12-11,12.95,13.65,11.6,13.55,114226.0
2019-12-12,14.5,14.85,12.9,14.25,211736.0
2019-12-13,14.25,14.95,13.55,14.8,76877.0
2019-12-16,14.8,15.4,14.3,14.55,67520.0
2019-12-17,14.8,15.1,14.15,14.45,21339.0
2019-12-18,14.9,14.9,13.95,14.1,4904.0
2019-12-19,14.45,14.45,13.4,13.4,24351.0
2019-12-20,13.0,13.4,12.75,12.75,14071.0
2019-12-23,13.35,13.35,12.8,13.0,13900.0
2019-12-24,13.45,13.65,12.35,12.35,30138.0
2019-12-26,12.5,12.75,11.85,12.5,24005.0
2019-12-27,12.4,13.05,11.9,12.4,46351.0
2019-12-30,12.3,12.95,12.0,12.3,22646.0
2019-12-31,12.0,12.65,11.85,11.95,13864.0
2020-01-01,12.45,12.45,11.8,11.85,19737.0
2020-01-02,12.25,12.4,11.9,12.4,19996.0
2020-01-03,12.4,12.8,12.4,12.5,25932.0
2020-01-06,12.9,12.9,11.9,11.9,39832.0
2020-01-07,12.35,12.4,11.9,12.15,9879.0
2020-01-08,12.0,12.4,11.85,12.2,12813.0
2020-01-09,12.4,12.45,12.05,12.2,6981.0
2020-01-10,12.05,12.6,12.05,12.25,10076.0
2020-01-13,12.15,12.85,12.05,12.15,20574.0
2020-01-14,12.15,12.5,11.55,11.55,63780.0
2020-01-15,11.0,12.1,11.0,11.95,59938.0
2020-01-16,12.0,12.5,12.0,12.3,70973.0
2020-01-17,12.85,12.9,12.05,12.85,35830.0
2020-01-20,13.25,13.45,12.9,13.45,145334.0
2020-01-21,14.05,14.1,13.55,14.05,104562.0
2020-01-22,14.65,14.65,13.35,13.35,28729.0
2020-01-23,13.8,13.8,12.7,12.7,60466.0
2020-01-24,12.7,12.75,12.1,12.2,54966.0
2020-01-27,11.95,12.7,11.65,12.0,24721.0
2020-01-28,12.0,12.6,11.95,12.5,28227.0
2020-01-29,12.1,12.8,12.1,12.4,44863.0
2020-01-30,12.7,12.75,11.9,12.4,36053.0
2020-01-31,12.3,12.5,12.05,12.15,4752.0
2020-02-01,12.0,12.6,11.55,11.55,42892.0
2020-02-03,11.95,11.95,11.0,11.05,18990.0
2020-02-04,11.35,11.4,10.5,10.7,26208.0
2020-02-05,10.3,11.05,10.2,10.2,73292.0
2020-02-06,10.1,11.2,9.5,11.2,72997.0
2020-02-07,12.0,12.0,10.4,11.0,33564.0
2020-02-10,11.8,11.8,10.95,11.05,21678.0
2020-02-11,11.05,11.6,10.5,10.6,18187.0
2020-02-12,10.05,10.55,9.55,10.15,114326.0
2020-02-13,9.95,10.55,9.5,9.9,20246.0
2020-02-14,9.5,10.4,9.2,9.7,59735.0
2020-02-17,9.9,9.95,8.75,8.75,80920.0
2020-02-18,8.35,8.8,8.35,8.7,23086.0
2020-02-19,8.7,9.1,8.4,9.0,7059.0
2020-02-20,9.1,9.45,8.9,9.05,3423.0
2020-02-24,9.1,9.5,8.95,9.3,10174.0
2020-02-25,9.0,9.0,8.85,8.85,8175.0
2020-02-26,8.85,9.0,8.45,8.45,11334.0
2020-02-27,8.45,8.8,8.2,8.75,13515.0
2020-02-28,8.4,8.8,8.35,8.35,3583.0
2020-03-02,8.35,8.75,8.0,8.75,47130.0
2020-03-03,9.1,9.1,8.75,8.9,18717.0
2020-03-04,9.2,9.3,8.5,8.55,12722.0
2020-03-05,8.2,8.3,8.15,8.15,7413.0
2020-03-06,8.0,8.0,7.75,7.75,15066.0
2020-03-09,7.4,7.5,7.4,7.4,23818.0
2020-03-11,7.7,7.7,7.05,7.05,7066.0
2020-03-12,6.7,6.95,6.7,6.7,45138.0
2020-03-13,6.4,7.0,6.4,6.4,14081.0
2020-03-16,6.1,6.7,6.1,6.7,13114.0
2020-03-17,6.85,7.0,6.4,6.9,10645.0
2020-03-18,6.9,6.9,6.6,6.6,10565.0
2020-03-19,6.75,6.8,6.3,6.6,16115.0
2020-03-20,6.3,6.7,6.3,6.3,11637.0
2020-03-23,6.0,6.0,6.0,6.0,3845.0
2020-03-24,6.15,6.15,5.7,5.7,5069.0
2020-03-25,5.7,5.95,5.45,5.8,18277.0
2020-03-26,5.95,5.95,5.55,5.75,17162.0
2020-03-27,5.75,5.95,5.5,5.5,9591.0
2020-03-30,5.6,5.65,5.35,5.4,13583.0
2020-03-31,5.4,5.65,5.15,5.15,39753.0
2020-04-01,5.1,5.4,4.9,5.2,38080.0
2020-04-03,5.0,5.45,5.0,5.45,11202.0
2020-04-07,5.7,5.7,5.5,5.7,5919.0
2020-04-08,5.5,5.95,5.5,5.95,2148.0
2020-04-09,6.2,6.2,5.75,6.2,13988.0
2020-04-13,6.5,6.5,6.5,6.5,3163.0
2020-04-15,6.2,6.8,6.2,6.8,6019.0
2020-04-16,7.1,7.1,7.1,7.1,1794.0
2020-04-17,7.45,7.45,7.4,7.45,16877.0
2020-04-20,7.8,7.8,7.25,7.8,9886.0
2020-04-21,7.5,8.1,7.45,7.45,7803.0
2020-04-22,7.8,7.8,7.1,7.1,13458.0
2020-04-23,6.9,7.4,6.75,6.9,16682.0
2020-04-24,6.6,7.2,6.6,7.2,3586.0
2020-04-27,7.5,7.5,6.85,6.85,10668.0
2020-04-28,6.55,7.15,6.55,6.6,20558.0
2020-04-29,6.4,6.85,6.3,6.4,83163.0
2020-04-30,6.4,6.7,6.25,6.7,11077.0
2020-05-04,6.4,6.95,6.4,6.45,36225.0
2020-05-05,6.75,6.75,6.15,6.2,17543.0
2020-05-06,5.9,6.5,5.9,6.5,15483.0
2020-05-07,6.8,6.8,6.8,6.8,3885.0
2020-05-08,7.1,7.1,7.1,7.1,14349.0
2020-05-11,7.45,7.45,7.45,7.45,4372.0
2020-05-12,7.8,7.8,7.1,7.3,21678.0
2020-05-13,7.6,7.65,6.95,7.55,28459.0
2020-05-14,7.65,7.9,7.2,7.2,24299.0
2020-05-15,7.1,7.55,6.85,7.5,24592.0
2020-05-18,7.5,7.85,7.15,7.3,10657.0
2020-05-19,7.3,7.65,6.95,7.55,6129.0
2020-05-20,7.55,7.55,7.2,7.25,6913.0
2020-05-21,7.25,7.35,7.0,7.2,6161.0
2020-05-22,7.0,7.25,6.95,7.25,2935.0
2020-05-26,7.0,7.35,7.0,7.2,7169.0
2020-05-27,7.3,7.35,7.05,7.35,7494.0
2020-05-28,7.35,7.7,7.0,7.2,13980.0
2020-05-29,6.9,7.25,6.85,7.05,16788.0
2020-06-01,7.35,7.4,6.95,7.4,18138.0
2020-06-02,7.75,7.75,7.15,7.3,11098.0
2020-06-03,7.25,7.65,7.25,7.65,17257.0
2020-06-04,7.95,7.95,7.4,7.85,4459.0
2020-06-05,7.85,8.45,7.8,8.0,12386.0
2020-06-08,8.2,8.8,7.9,8.7,38275.0
2020-06-09,8.7,9.4,8.05,8.75,12860.0
2020-06-10,8.55,9.5,7.9,8.55,36582.0
2020-06-11,7.95,8.55,7.9,7.9,25681.0
2020-06-12,7.9,8.4,7.45,8.25,9428.0
2020-06-15,8.3,8.85,8.0,8.0,38358.0
2020-06-16,8.55,8.75,8.1,8.55,35234.0
2020-06-17,8.6,9.15,8.1,8.8,18080.0
2020-06-18,9.25,9.25,8.1,8.35,80692.0
2020-06-19,8.35,8.9,8.0,8.7,32078.0
2020-06-22,9.0,9.0,8.65,8.8,24251.0
2020-06-23,8.8,9.05,8.65,8.95,25356.0
2020-06-24,9.1,9.8,9.0,9.8,54257.0
2020-06-25,10.75,10.75,10.0,10.75,31805.0
2020-06-26,11.25,11.25,11.0,11.25,53389.0
2020-06-29,11.2,11.2,10.7,10.7,16074.0
2020-06-30,10.2,10.2,10.2,10.2,7636.0
2020-07-01,9.7,9.7,9.7,9.7,9716.0
2020-07-02,9.25,10.15,9.25,9.75,57119.0
2020-07-03,10.2,10.2,9.3,9.4,24194.0
2020-07-06,9.4,9.85,8.95,9.1,92590.0
2020-07-07,9.1,9.35,8.65,8.7,20296.0
2020-07-08,8.7,9.1,8.5,9.05,11372.0
2020-07-09,9.0,9.5,8.8,8.9,20066.0
2020-07-10,9.2,9.2,8.5,8.75,12641.0
2020-07-13,9.1,9.15,8.75,8.8,14191.0
2020-07-14,9.15,9.15,8.4,8.5,10805.0
2020-07-15,8.5,8.8,8.35,8.45,16256.0
2020-07-16,8.45,8.55,8.15,8.25,8662.0
2020-07-17,8.25,8.5,8.05,8.4,16802.0
2020-07-20,8.2,8.45,8.05,8.2,19019.0
2020-07-21,8.2,8.4,8.05,8.1,8420.0
2020-07-22,8.3,8.3,8.0,8.1,3036.0
2020-07-23,8.0,8.25,7.95,8.15,5673.0
2020-07-24,8.1,8.4,7.9,7.95,15661.0
2020-07-27,7.6,7.95,7.6,7.7,11951.0
2020-07-28,7.9,8.05,7.6,7.7,11475.0
2020-07-29,8.0,8.0,7.6,7.85,3729.0
2020-07-30,7.5,7.9,7.5,7.8,7122.0
2020-07-31,7.7,7.7,7.45,7.45,13949.0
2020-08-03,7.45,7.45,7.2,7.2,4172.0
2020-08-04,7.55,7.55,7.15,7.55,7755.0
2020-08-05,7.9,7.9,7.55,7.75,15281.0
2020-08-06,8.0,8.0,7.4,7.85,18798.0
2020-08-07,7.9,7.95,7.55,7.65,13632.0
2020-08-10,7.65,8.3,7.6,7.7,48588.0
2020-08-11,7.7,8.45,7.7,8.45,52342.0
2020-08-12,9.2,9.25,8.0,9.25,101225.0
2020-08-13,9.45,10.15,9.4,10.15,145300.0
2020-08-14,10.65,10.65,9.65,9.65,66010.0
2020-08-17,10.1,10.1,9.2,9.2,11673.0
2020-08-18,8.75,9.65,8.75,9.35,50151.0
2020-08-19,9.8,9.8,9.8,9.8,16484.0
2020-08-20,10.25,10.25,10.25,10.25,8493.0
2020-08-21,10.7,10.7,10.05,10.55,51276.0
2020-08-24,10.55,11.05,10.05,11.05,74051.0
2020-08-25,11.6,11.6,11.5,11.6,69111.0
2020-08-26,11.95,11.95,11.05,11.15,79490.0
2020-08-27,10.75,11.6,10.6,11.5,344791.0
2020-08-28,11.8,11.9,11.05,11.75,57848.0
2020-08-31,11.95,12.0,11.2,11.2,24741.0
2020-09-01,10.65,10.65,10.65,10.65,7108.0
2020-09-02,10.2,10.95,10.15,10.7,10592.0
2020-09-03,10.95,11.0,10.25,10.8,8853.0
2020-09-04,10.35,10.9,10.3,10.35,32501.0
2020-09-07,9.9,10.65,9.85,10.15,12734.0
2020-09-08,10.2,10.25,9.65,9.65,14116.0
2020-09-09,10.0,10.05,9.35,9.5,18825.0
2020-09-10,9.9,9.95,9.4,9.9,8876.0
2020-09-11,10.25,10.25,9.55,9.85,12750.0
2020-09-14,10.15,10.3,9.95,10.3,9819.0
2020-09-15,10.05,10.5,10.0,10.2,6591.0
2020-09-16,9.8,10.2,9.7,10.05,4689.0
2020-09-17,10.3,10.3,9.7,9.9,9970.0
2020-09-18,9.8,10.1,9.55,9.95,6223.0
2020-09-21,9.5,10.05,9.5,9.85,6506.0
2020-09-22,9.5,9.5,9.4,9.4,2187.0
2020-09-23,9.5,9.55,8.95,9.0,4870.0
2020-09-24,8.95,9.25,8.55,8.65,6383.0
2020-09-25,8.95,8.95,8.35,8.75,5798.0
2020-09-28,8.95,9.15,8.8,9.0,5532.0
2020-09-29,8.75,9.1,8.65,8.85,1693.0
2020-09-30,8.8,8.8,8.45,8.6,5131.0
2020-10-01,8.35,9.0,8.2,8.2,14269.0
2020-10-05,8.2,8.6,8.2,8.5,4250.0
2020-10-06,8.5,8.5,8.25,8.4,2856.0
2020-10-07,8.05,8.6,8.05,8.4,5155.0
2020-10-08,8.2,8.5,8.2,8.35,5218.0
2020-10-09,8.0,9.0,8.0,8.15,4926.0
2020-10-12,8.15,8.35,7.9,8.25,6368.0
2020-10-13,8.35,8.6,7.7,8.5,35480.0
2020-10-14,8.5,8.65,7.75,8.4,658.0
2020-10-15,8.5,8.8,8.0,8.3,3504.0
2020-10-16,9.0,9.0,8.05,8.45,1873.0
2020-10-19,8.75,8.8,8.2,8.45,26043.0
2020-10-20,8.25,8.5,8.0,8.35,11728.0
2020-10-21,8.4,8.55,8.1,8.2,3826.0
2020-10-22,7.95,8.35,7.6,8.05,15727.0
2020-10-23,8.05,8.85,8.05,8.55,57794.0
2020-10-26,8.5,9.3,7.8,8.1,49505.0
2020-10-27,8.1,8.8,7.75,8.0,47963.0
2020-10-28,8.25,8.25,7.8,7.85,7897.0
2020-10-29,8.0,8.0,7.6,7.95,3970.0
2020-10-30,8.05,8.4,7.75,8.1,54024.0
2020-11-02,7.8,8.15,7.8,8.1,2557.0
2020-11-03,8.3,8.4,7.8,8.25,13287.0
2020-11-04,8.05,8.35,8.0,8.15,293.0
2020-11-05,7.95,8.3,7.9,8.0,8726.0
2020-11-06,7.85,8.15,7.65,8.15,7815.0
2020-11-09,8.25,8.3,8.0,8.05,9030.0
2020-11-10,8.0,8.05,7.85,7.9,17343.0
2020-11-11,7.9,8.05,7.7,8.0,4972.0
2020-11-12,8.0,8.15,7.85,8.05,7789.0
2020-11-13,7.9,8.3,7.9,8.0,5042.0
2020-11-14,8.0,8.399999618530273,7.900000095367432,8.050000190734863,3761.0
2020-11-17,7.95,8.5,7.3,8.0,100073.0
2020-11-18,8.05,8.25,7.95,8.1,9109.0
2020-11-19,7.9,8.25,7.7,7.9,18739.0
2020-11-20,8.1,8.6,7.5,8.15,32675.0
2020-11-23,8.0,8.25,7.95,8.25,13488.0
2020-11-24,8.25,8.3,8.0,8.15,9004.0
2020-11-25,8.05,8.25,7.9,7.9,35066.0
2020-11-26,7.9,8.25,7.9,8.15,1103.0
2020-11-27,8.25,8.35,7.9,8.15,24342.0
2020-12-01,8.25,8.25,8.05,8.25,35105.0
2020-12-02,8.55,8.55,7.8,8.0,70426.0
2020-12-03,8.15,8.25,8.1,8.25,39221.0
2020-12-04,8.45,9.05,8.2,8.3,78101.0
2020-12-07,8.7,9.1,8.05,8.55,221014.0
2020-12-08,8.85,9.25,8.8,9.0,61751.0
2020-12-09,9.8,10.1,9.25,10.05,111141.0
2020-12-10,11.0,12.05,10.25,12.0,323407.0
2020-12-11,13.15,13.2,13.0,13.2,255820.0
2020-12-14,13.3,14.5,12.05,14.5,429275.0
2020-12-15,14.9,15.35,14.05,14.7,418958.0
2020-12-16,14.95,15.5,13.7,14.25,400533.0
2020-12-17,14.55,14.7,13.55,13.6,92269.0
2020-12-18,13.25,14.15,12.95,12.95,69162.0
2020-12-21,12.4,12.4,12.35,12.35,35803.0
2020-12-22,11.75,11.75,11.75,11.75,6077.0
2020-12-23,11.25,12.3,11.2,12.3,105125.0
2020-12-24,12.9,12.9,12.9,12.9,12577.0
2020-12-28,13.5,13.5,13.5,13.5,23383.0
2020-12-29,14.15,14.15,14.15,14.15,53539.0
2020-12-30,14.85,14.85,13.75,14.55,181864.0
2020-12-31,14.55,15.2,14.5,15.15,125789.0
2021-01-01,15.5,15.5,14.5,14.65,98277.0
2021-01-04,15.1,15.35,14.5,14.9,72912.0
2021-01-05,14.55,14.9,14.2,14.5,77142.0
2021-01-06,14.8,15.1,14.15,14.7,20544.0
2021-01-07,15.0,15.4,14.75,14.95,68124.0
2021-01-08,15.15,15.65,15.15,15.65,106956.0
2021-01-11,16.4,16.4,15.8,16.4,76101.0
2021-01-12,17.05,17.2,16.4,17.2,85095.0
2021-01-13,17.4,17.55,16.35,16.45,62979.0
2021-01-14,15.85,17.05,15.8,16.8,40139.0
2021-01-15,17.2,17.2,16.0,16.05,31161.0
2021-01-18,15.25,16.6,15.25,15.35,21695.0
2021-01-19,14.7,15.8,14.7,15.3,16023.0
2021-01-20,15.0,15.75,14.7,15.65,13027.0
2021-01-21,15.6,15.65,14.9,14.95,32819.0
2021-01-22,14.25,15.3,14.25,14.75,17930.0
2021-01-25,14.1,15.15,14.05,14.2,18322.0
2021-01-27,14.0,14.25,13.55,13.65,9619.0
2021-01-28,13.65,14.0,13.0,14.0,7636.0
2021-01-29,14.6,14.6,14.05,14.2,4988.0
2021-02-01,14.4,14.8,13.55,14.3,6994.0
2021-02-02,14.85,15.0,13.9,14.65,75697.0
2021-02-03,15.3,15.3,14.15,14.2,20537.0
2021-02-04,14.5,14.75,14.0,14.2,13698.0
2021-02-05,14.3,14.5,13.6,14.05,21472.0
2021-02-08,14.0,15.3,13.95,15.2,54743.0
2021-02-09,15.2,15.8,14.85,15.25,36817.0
2021-02-10,15.3,15.7,14.5,14.65,58535.0
2021-02-11,14.5,15.15,14.15,14.9,19899.0
2021-02-12,13.6,15.2,13.6,14.8,30351.0
2021-02-15,14.2,14.95,13.35,13.45,57887.0
2021-02-16,13.1,13.8,13.1,13.8,17691.0
2021-02-17,13.65,14.5,13.2,13.85,20402.0
2021-02-18,13.8,14.15,12.9,13.0,43235.0
2021-02-19,13.15,13.65,12.8,13.2,21024.0
2021-02-22,13.55,13.6,12.75,12.85,69290.0
2021-02-23,12.8,13.0,12.8,12.95,6261.0
2021-02-24,13.0,13.35,12.95,13.0,23900.0
2021-02-25,13.25,13.25,12.9,12.9,34756.0
2021-02-26,13.4,13.95,12.9,13.1,33588.0
2021-03-01,13.4,13.45,12.9,13.05,51194.0
2021-03-02,13.1,13.25,12.6,12.8,23100.0
2021-03-03,13.4,13.4,12.7,12.9,36943.0
2021-03-04,13.25,13.3,12.75,13.0,23864.0
2021-03-05,12.95,13.0,12.75,12.8,19530.0
2021-03-08,12.3,13.0,12.2,12.6,26288.0
2021-03-09,12.65,12.7,12.05,12.15,26688.0
2021-03-10,12.45,13.0,12.15,12.45,65787.0
2021-03-12,12.85,12.9,12.0,12.35,12422.0
2021-03-15,12.45,12.45,11.8,12.0,12987.0
2021-03-16,12.35,12.5,11.8,12.05,15453.0
2021-03-17,12.05,12.2,11.5,11.85,9690.0
2021-03-18,11.95,12.0,11.5,11.55,42348.0
2021-03-19,11.1,11.1,10.65,10.95,27267.0
2021-03-22,11.55,11.55,10.3,10.95,52692.0
2021-03-23,10.9,11.3,10.55,10.95,30893.0
2021-03-24,11.2,11.5,10.1,10.45,24594.0
2021-03-25,10.5,10.5,9.55,9.9,89766.0
2021-03-26,9.5,10.25,9.5,9.9,6018.0
2021-03-30,10.8,10.8,9.5,9.55,44123.0
2021-03-31,10.45,10.45,9.45,9.85,42186.0
2021-04-01,9.85,10.35,9.75,10.0,39283.0
2021-04-05,10.35,10.35,9.55,9.75,37611.0
2021-04-06,10.1,10.1,9.7,9.95,23775.0
2021-04-07,10.0,10.9,9.65,10.7,148945.0
2021-04-08,12.4,12.8,10.95,12.7,359936.0
2021-04-09,12.35,12.65,11.05,11.85,203424.0
2021-04-12,10.75,11.25,9.5,10.15,534760.0
2021-04-13,10.4,10.4,9.6,9.8,39988.0
2021-04-15,9.7,10.05,9.7,9.9,53434.0
2021-04-16,9.9,10.1,9.8,9.85,36819.0
2021-04-19,9.0,10.0,9.0,9.75,53715.0
2021-04-20,10.1,10.1,8.8,9.4,92347.0
2021-04-22,9.6,9.6,8.05,9.25,100950.0
2021-04-23,9.45,9.9,8.95,9.65,47283.0
2021-04-26,10.0,10.0,9.4,10.0,31750.0
2021-04-27,10.8,10.8,9.85,9.95,38904.0
2021-04-28,9.9,10.0,9.85,10.0,25021.0
2021-04-29,10.1,10.1,9.9,9.9,21877.0
2021-04-30,9.9,10.0,9.15,9.6,27592.0
2021-05-03,9.6,9.9,9.25,9.7,12641.0
2021-05-04,9.95,9.95,9.45,9.5,8273.0
2021-05-05,9.8,9.85,9.45,9.65,12351.0
2021-05-06,9.9,9.9,9.6,9.65,12012.0
2021-05-07,9.85,10.05,9.55,9.7,29614.0
2021-05-10,9.65,11.6,9.65,11.6,148166.0
2021-05-11,11.55,13.75,11.5,13.45,725148.0
2021-05-12,13.4,13.4,12.25,12.95,208420.0
2021-05-14,13.3,13.55,12.5,13.1,148771.0
2021-05-17,13.2,13.35,12.6,12.75,105287.0
2021-05-18,13.15,13.15,12.8,12.9,31866.0
2021-05-19,12.7,12.8,11.65,11.75,216709.0
2021-05-20,12.2,12.2,11.2,11.4,36811.0
2021-05-21,11.65,11.95,10.85,11.95,175692.0
2021-05-24,11.55,12.4,11.4,11.7,70840.0
2021-05-25,11.9,12.25,11.25,11.6,47731.0
2021-05-26,12.1,12.1,11.3,11.7,52913.0
2021-05-27,11.6,12.1,11.6,11.95,83314.0
2021-05-28,12.4,12.4,11.5,11.8,52261.0
2021-05-31,11.5,11.8,11.4,11.5,64804.0
2021-06-01,11.75,11.75,11.4,11.5,60515.0
2021-06-02,11.35,11.6,11.35,11.45,25275.0
2021-06-03,11.5,11.9,11.4,11.5,52763.0
2021-06-04,11.5,11.6,11.3,11.4,41686.0
2021-06-07,11.6,11.95,11.2,11.95,133946.0
2021-06-08,12.3,12.5,11.8,12.45,112668.0
2021-06-09,12.7,13.05,12.25,13.05,181331.0
2021-06-10,13.05,13.5,12.4,12.75,117352.0
2021-06-11,13.05,13.1,12.3,12.4,101202.0
2021-06-14,12.85,13.0,11.8,12.05,98606.0
2021-06-15,11.85,12.65,11.85,12.65,88924.0
2021-06-16,12.95,13.25,12.2,13.0,91467.0
2021-06-17,12.8,13.4,12.35,12.95,96771.0
2021-06-18,13.35,13.55,12.35,12.8,48932.0
2021-06-21,13.3,13.3,12.2,13.0,43624.0
2021-06-22,13.4,13.4,12.35,12.95,75022.0
2021-06-23,12.75,13.3,12.7,12.75,22696.0
2021-06-24,12.7,13.1,12.25,12.55,36100.0
2021-06-25,12.35,12.85,12.05,12.4,33095.0
2021-06-28,12.4,12.6,11.9,11.95,65502.0
2021-06-29,11.65,12.45,11.65,12.2,47440.0
2021-06-30,11.7,12.4,11.6,11.6,120636.0
2021-07-01,11.3,11.85,11.05,11.2,53763.0
2021-07-02,11.25,11.5,10.7,11.5,43959.0
2021-07-05,11.2,11.85,11.2,11.5,33695.0
2021-07-06,11.75,12.05,11.15,11.95,129491.0
2021-07-07,12.5,12.5,11.9,12.5,115766.0
2021-07-08,12.25,12.9,11.9,12.1,54371.0
2021-07-09,12.25,12.25,11.5,12.15,48239.0
2021-07-12,12.15,12.4,11.7,11.95,31394.0
2021-07-13,11.75,12.15,11.75,12.0,36744.0
2021-07-14,12.15,12.15,11.7,11.85,27306.0
2021-07-15,11.65,12.0,11.4,11.8,30832.0
2021-07-16,11.8,12.0,11.4,11.85,26767.0
2021-07-19,11.85,11.95,11.4,11.65,5733.0
2021-07-20,11.85,11.85,11.1,11.1,121848.0
2021-07-22,11.35,11.65,10.8,11.55,59650.0
2021-07-23,11.55,12.05,11.05,11.95,99772.0
2021-07-26,12.2,12.3,11.4,11.7,104760.0
2021-07-27,11.4,11.8,11.2,11.55,37379.0
2021-07-28,11.8,12.1,11.25,12.1,96796.0
2021-07-29,12.7,12.7,12.1,12.7,136681.0
2021-07-30,12.6,12.75,12.15,12.2,39681.0
2021-08-02,11.8,12.7,11.8,12.15,37148.0
2021-08-03,12.35,12.75,11.75,12.6,76439.0
2021-08-04,12.35,13.2,12.35,12.95,343092.0
2021-08-05,13.35,13.55,13.0,13.55,375840.0
2021-08-06,13.55,14.9,13.5,14.9,206574.0
2021-08-09,15.9,16.1,13.9,14.45,428623.0
2021-08-10,13.5,14.9,13.05,13.25,141692.0
2021-08-11,12.25,14.55,12.2,14.55,401930.0
2021-08-12,14.6,14.9,13.85,14.35,29884.0
2021-08-13,14.1,14.1,13.65,13.65,44081.0
2021-08-16,13.0,13.2,13.0,13.0,8766.0
2021-08-17,12.35,12.85,12.35,12.4,25668.0
2021-08-18,11.9,12.8,11.8,12.05,21171.0
2021-08-20,12.05,12.4,11.55,11.65,10867.0
2021-08-23,11.65,11.75,11.1,11.1,22201.0
2021-08-24,11.65,11.65,10.6,11.25,40017.0
2021-08-25,11.8,11.8,11.15,11.4,13696.0
2021-08-26,11.35,11.8,10.85,10.85,80393.0
2021-08-27,11.3,11.3,10.5,11.2,10179.0
2021-08-30,11.0,11.3,10.9,11.25,5994.0
2021-08-31,11.5,11.5,10.8,11.1,16728.0
2021-09-01,11.0,11.4,10.7,10.85,20449.0
2021-09-02,11.25,11.25,10.7,11.1,35215.0
2021-09-03,11.5,11.5,10.85,11.05,46761.0
2021-09-06,11.4,11.55,10.8,11.0,10893.0
2021-09-07,11.0,11.4,10.7,10.85,29676.0
2021-09-08,11.0,11.25,10.7,10.85,41451.0
2021-09-09,11.0,11.3,10.75,11.0,58784.0
2021-09-13,11.3,11.3,10.85,11.0,6314.0
2021-09-14,11.25,11.4,11.0,11.15,21068.0
2021-09-15,10.8,11.4,10.8,11.05,9408.0
2021-09-16,11.45,11.45,11.0,11.15,23361.0
2021-09-17,11.4,11.4,10.85,11.05,25557.0
2021-09-20,11.35,11.45,10.85,11.25,15716.0
2021-09-21,11.05,11.25,10.9,10.9,24834.0
2021-09-22,11.15,11.15,10.9,10.95,39262.0
2021-09-23,10.8,11.35,10.8,11.2,15981.0
2021-09-24,11.35,11.7,10.65,11.05,53585.0
2021-09-27,11.05,11.25,10.5,10.7,95947.0
2021-09-28,10.7,10.7,10.2,10.65,163974.0
2021-09-29,10.7,10.85,10.2,10.7,35727.0
2021-09-30,10.35,11.15,10.35,11.0,8300.0
2021-10-01,11.2,11.2,10.6,10.8,21064.0
2021-10-04,10.65,11.3,10.65,10.85,21312.0
2021-10-05,10.8,11.3,10.8,11.05,37108.0
2021-10-06,10.85,11.4,10.5,10.55,108437.0
2021-10-07,10.2,10.75,10.2,10.65,54659.0
2021-10-08,10.5,10.6,10.15,10.15,160714.0
2021-10-11,10.25,10.65,9.85,10.35,54067.0
2021-10-12,10.05,10.5,10.0,10.3,26028.0
2021-10-13,10.3,10.75,10.3,10.6,47946.0
2021-10-14,10.6,11.0,10.6,10.8,25025.0
2021-10-18,11.0,11.3,10.95,11.05,68640.0
2021-10-19,11.4,11.4,10.7,10.8,47825.0
2021-10-20,10.6,10.95,10.5,10.55,19249.0
2021-10-21,10.95,10.95,10.55,10.95,23834.0
2021-10-22,10.6,11.2,10.55,10.6,16782.0
2021-10-25,11.1,11.1,11.05,11.1,51923.0
2021-10-26,11.0,11.35,10.7,10.85,57438.0
2021-10-27,11.35,11.35,10.75,11.35,51309.0
2021-10-28,11.65,11.65,10.8,10.85,58039.0
2021-10-29,11.35,11.35,10.55,10.6,28697.0
2021-11-01,10.8,11.0,10.4,10.75,24538.0
2021-11-02,11.0,11.1,10.65,10.8,43971.0
2021-11-03,11.1,11.1,10.65,10.65,23126.0
2021-11-04,10.95,11.15,10.6,11.1,10291.0
2021-11-08,11.25,11.3,10.7,11.1,40448.0
2021-11-09,10.65,11.15,10.65,10.9,14553.0
2021-11-10,11.0,11.25,10.75,11.1,24012.0
2021-11-11,11.25,11.65,11.0,11.65,68023.0
2021-11-12,12.2,12.2,12.2,12.2,20625.0
2021-11-15,12.8,12.8,12.8,12.8,13697.0
2021-11-16,13.4,13.4,13.4,13.4,16988.0
2021-11-17,14.05,14.05,14.05,14.05,33807.0
2021-11-18,14.75,14.75,13.65,14.75,954542.0
2021-11-22,15.45,15.45,15.45,15.45,47973.0
2021-11-23,16.2,16.2,16.2,16.2,15697.0
2021-11-24,17.0,17.0,17.0,17.0,17312.0
2021-11-25,17.85,17.85,17.85,17.85,15021.0
2021-11-26,18.7,18.7,18.7,18.7,20895.0
2021-11-29,19.6,19.6,19.6,19.6,30068.0
2021-11-30,20.55,20.55,18.65,20.55,1243054.0
2021-12-01,21.55,21.55,21.55,21.55,91718.0
2021-12-02,22.6,22.6,22.6,22.6,29803.0
2021-12-03,23.7,23.7,23.7,23.7,49694.0
2021-12-06,24.85,24.85,22.55,23.9,491696.0
2021-12-07,23.05,24.65,22.75,22.75,99892.0
2021-12-08,21.65,21.65,21.65,21.65,21643.0
2021-12-09,20.6,22.7,20.6,22.7,230662.0
2021-12-10,23.6,23.8,22.0,22.4,190722.0
2021-12-13,22.0,22.0,21.3,21.3,113660.0
2021-12-14,20.25,20.25,20.25,20.25,27868.0
2021-12-15,19.25,21.25,19.25,20.6,269990.0
2021-12-16,21.15,21.15,19.75,20.1,81528.0
2021-12-17,20.1,20.8,19.1,19.25,48443.0
2021-12-20,19.0,19.0,18.3,18.4,37866.0
2021-12-21,19.15,19.3,17.7,18.55,70196.0
2021-12-22,18.5,19.45,18.5,19.45,49900.0
2021-12-23,20.4,20.4,20.4,20.4,11172.0
2021-12-24,21.4,21.4,21.4,21.4,22512.0
2021-12-27,22.45,22.45,22.45,22.45,53786.0
2021-12-28,23.55,23.55,23.55,23.55,29796.0
2021-12-29,24.7,24.7,23.0,24.7,240526.0
2021-12-30,25.9,25.9,25.05,25.9,147299.0
2021-12-31,27.15,27.15,26.05,27.15,33067.0
2022-01-03,28.5,28.5,28.5,28.5,149094.0
2022-01-04,29.9,29.9,29.9,29.9,57405.0
2022-01-05,31.35,31.35,30.1,31.35,270427.0
2022-01-06,32.9,32.9,32.9,32.9,33777.0
2022-01-07,34.5,34.5,34.5,34.5,28577.0
2022-01-10,36.2,36.2,36.2,36.2,34031.0
2022-01-11,38.0,38.0,38.0,38.0,28753.0
2022-01-12,39.9,39.9,36.1,39.75,1097353.0
2022-01-13,41.65,41.7,37.8,41.7,448165.0
2022-01-14,43.5,43.75,41.7,43.75,241779.0
2022-01-17,45.9,45.9,44.7,45.9,65718.0
2022-01-18,47.5,48.15,43.65,48.15,691056.0
2022-01-19,49.0,50.55,48.25,50.55,255573.0
2022-01-20,52.6,53.05,52.6,53.05,61654.0
2022-01-21,55.7,55.7,54.85,55.7,399065.0
2022-01-24,58.25,58.45,52.95,52.95,781496.0
2022-01-25,50.6,53.0,50.35,52.15,575446.0
2022-01-27,49.6,51.45,49.55,49.6,155667.0
2022-01-28,48.0,51.9,47.15,50.8,157576.0
2022-01-31,48.7,52.85,48.3,49.0,70519.0
2022-02-01,48.8,48.8,46.55,47.0,134559.0
2022-02-02,47.0,49.35,47.0,49.35,67769.0
2022-02-03,51.8,51.8,51.8,51.8,11832.0
2022-02-04,54.35,54.35,54.35,54.35,75886.0
2022-02-07,57.05,57.05,55.0,57.05,120854.0
2022-02-08,59.9,59.9,59.9,59.9,18755.0
2022-02-09,62.85,62.85,61.7,62.85,190262.0
2022-02-10,59.95,64.0,59.75,59.75,51358.0
2022-02-11,56.8,56.8,56.8,56.8,7326.0
2022-02-14,54.0,54.0,54.0,54.0,4837.0
2022-02-15,51.3,51.3,51.3,51.3,18075.0
2022-02-16,48.75,53.85,48.75,53.85,195434.0
2022-02-17,53.0,54.9,51.2,53.1,102115.0
2022-02-18,53.9,55.75,51.15,55.7,88864.0
2022-02-21,52.95,56.0,52.95,52.95,44099.0
2022-02-22,50.35,50.35,50.35,50.35,9632.0
2022-02-23,48.0,52.85,48.0,52.85,64148.0
2022-02-24,50.25,50.25,50.25,50.25,7892.0
2022-02-25,48.0,52.25,47.75,47.75,68748.0
2022-02-28,47.0,50.1,45.4,50.1,136445.0
2022-03-02,52.25,52.6,50.3,51.05,67527.0
2022-03-03,50.1,51.8,48.5,49.55,31542.0
2022-03-04,47.1,49.0,47.1,47.2,30142.0
2022-03-07,47.0,47.0,44.85,45.1,49963.0
2022-03-08,44.2,47.35,43.55,47.35,32344.0
2022-03-09,49.6,49.6,47.0,48.15,48375.0
2022-03-10,50.45,50.55,45.75,50.55,184141.0
2022-03-11,52.0,53.05,52.0,53.05,35783.0
2022-03-14,55.7,55.7,55.7,55.7,34445.0
2022-03-15,58.45,58.45,56.85,57.65,125159.0
2022-03-16,60.5,60.5,55.7,57.05,47160.0
2022-03-17,56.05,59.5,56.0,56.75,46325.0
2022-03-21,58.5,58.5,53.95,53.95,27799.0
2022-03-22,53.5,56.6,51.7,56.5,140744.0
2022-03-23,59.3,59.3,57.85,58.8,111389.0
2022-03-24,59.3,59.3,56.25,57.8,52996.0
2022-03-25,60.65,60.65,59.0,60.65,68328.0
2022-03-28,63.65,63.65,63.6,63.65,93094.0
2022-03-29,65.1,66.8,60.5,60.5,240772.0
2022-03-30,62.45,63.5,57.5,58.6,243359.0
2022-03-31,59.0,61.0,56.15,57.6,110716.0
2022-04-01,57.05,60.45,56.8,60.45,126902.0
2022-04-04,63.45,63.45,62.2,63.45,121949.0
2022-04-05,66.6,66.6,65.1,66.6,217000.0
2022-04-06,69.8,69.9,67.95,69.9,210800.0
2022-04-07,73.35,73.35,66.45,66.45,398139.0
2022-04-08,63.35,66.0,63.15,63.15,219628.0
2022-04-11,62.9,66.3,62.0,66.3,322832.0
2022-04-12,69.6,69.6,67.0,69.6,417499.0
2022-04-13,73.05,73.05,73.05,73.05,220329.0
2022-04-18,72.75,75.35,69.4,70.9,334816.0
2022-04-19,71.4,73.4,67.4,68.25,143407.0
2022-04-20,68.25,71.65,67.0,67.6,123660.0
2022-04-21,67.6,70.7,67.25,68.35,116368.0
2022-04-22,70.0,70.0,64.95,66.0,137381.0
2022-04-25,64.0,64.5,62.7,62.7,161479.0
2022-04-26,64.6,65.7,61.1,62.0,154759.0
2022-04-27,62.2,62.95,58.9,59.7,208739.0
2022-04-28,60.0,61.0,58.25,59.45,85767.0
2022-04-29,60.0,60.4,57.05,57.5,64389.0
2022-05-02,56.25,59.4,55.5,56.2,61963.0
2022-05-04,55.3,56.95,53.4,54.9,117085.0
2022-05-05,53.1,54.0,52.2,52.2,84273.0
2022-05-06,49.6,49.6,49.6,49.6,10019.0
2022-05-09,47.3,50.05,47.15,47.7,173240.0
2022-05-10,46.75,48.3,45.35,45.35,91507.0
2022-05-11,43.5,44.95,43.1,43.9,147525.0
2022-05-12,41.9,42.45,41.75,42.05,71193.0
2022-05-13,41.2,44.15,41.2,43.15,119988.0
2022-05-16,42.55,45.15,42.55,43.55,35746.0
2022-05-17,44.0,44.5,42.55,43.55,116832.0
2022-05-18,44.45,44.55,42.05,42.45,46071.0
2022-05-19,41.1,42.0,40.35,40.9,205926.0
2022-05-20,42.8,42.9,41.2,42.0,173793.0
2022-05-23,41.7,42.05,39.9,39.9,113082.0
2022-05-24,38.55,39.35,37.95,37.95,57274.0
2022-05-25,37.0,37.9,36.1,36.1,29096.0
2022-05-26,34.3,37.7,34.3,36.55,354632.0
2022-05-27,37.0,38.35,36.6,38.35,106869.0
2022-05-30,39.95,40.25,39.35,40.25,47725.0
2022-05-31,41.85,42.25,38.25,38.25,155438.0
2022-06-01,39.05,39.8,37.5,38.6,56000.0
2022-06-02,38.8,40.5,38.0,40.45,57113.0
2022-06-03,42.0,42.0,38.5,38.8,107089.0
2022-06-06,37.5,40.7,37.15,40.7,88300.0
2022-06-07,41.35,41.75,39.5,39.9,40592.0
2022-06-08,40.5,40.5,39.05,39.8,10826.0
2022-06-09,38.95,39.85,38.35,38.75,18540.0
2022-06-10,38.5,39.15,36.85,37.8,63042.0
2022-06-13,37.75,37.75,35.95,36.25,33532.0
2022-06-14,34.75,38.05,34.75,36.75,25063.0
2022-06-15,37.45,38.0,36.5,37.7,13374.0
2022-06-16,39.2,39.2,35.85,36.65,58432.0
2022-06-17,35.2,35.95,34.85,34.85,26007.0
2022-06-20,33.5,34.75,33.15,33.15,22005.0
2022-06-21,33.05,33.05,31.5,31.5,223173.0
2022-06-22,32.15,33.05,30.35,31.65,66619.0
2022-06-23,32.9,32.95,30.7,31.45,26866.0
2022-06-24,32.35,33.0,30.5,33.0,103879.0
2022-06-27,34.5,34.65,33.75,34.65,8394.0
2022-06-28,35.9,36.35,34.7,36.15,190065.0
2022-06-29,36.05,37.95,36.05,37.95,61921.0
2022-06-30,39.75,39.8,36.1,36.2,166852.0
2022-07-01,36.9,38.0,34.65,38.0,85810.0
2022-07-04,39.65,39.9,39.65,39.9,8825.0
2022-07-05,41.85,41.85,41.85,41.85,52036.0
2022-07-06,43.9,43.9,41.25,43.9,157892.0
2022-07-07,45.95,46.05,41.75,45.75,313595.0
2022-07-08,48.0,48.0,46.3,48.0,84951.0
2022-07-11,48.8,50.0,45.8,49.1,131312.0
2022-07-12,48.95,51.55,47.55,51.55,71219.0
2022-07-13,50.0,54.1,49.55,51.9,296566.0
2022-07-14,53.4,53.4,49.35,49.35,35954.0
2022-07-15,48.0,49.0,46.9,48.3,60912.0
2022-07-18,48.95,49.0,46.5,47.2,18482.0
2022-07-19,47.0,48.75,46.1,47.45,14861.0
2022-07-20,47.0,49.8,47.0,49.15,53251.0
2022-07-21,48.05,50.25,48.05,48.6,40118.0
2022-07-22,48.0,49.25,46.2,46.2,75964.0
2022-07-25,46.2,48.0,43.9,44.35,89721.0
2022-07-26,44.35,45.2,42.15,42.15,64178.0
2022-07-27,42.75,43.95,40.05,41.0,93150.0
2022-07-28,41.0,43.05,39.0,42.4,89893.0
2022-07-29,42.75,42.75,40.3,41.2,122295.0
2022-08-01,40.95,41.0,39.15,40.05,47774.0
2022-08-02,40.1,40.1,38.05,38.05,106940.0
2022-08-03,36.15,36.15,36.15,36.15,47624.0
2022-08-04,36.3,37.95,34.35,37.45,228400.0
2022-08-05,36.75,39.3,36.0,39.3,186770.0
2022-08-08,39.8,39.8,37.9,38.55,40099.0
2022-08-10,38.6,40.45,38.6,40.45,163421.0
2022-08-11,39.65,41.0,38.65,39.05,87549.0
2022-08-12,39.6,41.0,38.0,39.65,69356.0
2022-08-16,38.1,40.5,38.1,39.55,30148.0
2022-08-17,38.75,41.5,38.75,40.45,24387.0
2022-08-18,40.1,41.9,39.0,39.95,33727.0
2022-08-19,41.8,41.8,39.0,39.35,54896.0
2022-08-22,39.7,41.3,38.7,40.9,70975.0
2022-08-23,41.75,42.4,40.0,40.75,115128.0
2022-08-24,41.0,42.5,40.1,42.25,44177.0
2022-08-25,42.5,44.35,42.05,44.35,95884.0
2022-08-26,46.55,46.55,44.5,44.65,93879.0
2022-08-29,45.0,45.0,42.5,44.25,51756.0
2022-08-30,46.0,46.45,45.0,46.2,87709.0
2022-09-01,48.0,48.0,45.4,46.05,65673.0
2022-09-02,47.85,47.85,43.75,44.5,61282.0
2022-09-05,44.0,44.1,42.3,43.5,63362.0
2022-09-06,43.9,43.9,41.55,42.6,51835.0
2022-09-07,41.8,42.8,40.6,40.9,55096.0
2022-09-08,41.4,42.15,41.0,42.0,40629.0
2022-09-09,42.0,44.0,40.7,41.05,51755.0
2022-09-12,41.05,41.45,39.0,39.05,62053.0
2022-09-13,37.4,40.95,37.4,39.05,102603.0
2022-09-14,40.0,40.0,37.15,37.9,59907.0
2022-09-15,38.75,39.75,37.05,37.95,54938.0
2022-09-16,38.95,38.95,36.1,36.3,80162.0
2022-09-19,34.6,38.1,34.6,37.7,83005.0
2022-09-20,38.9,38.9,37.15,37.5,52831.0
2022-09-21,37.65,38.9,37.0,37.6,90981.0
2022-09-22,36.15,38.3,36.15,37.05,22089.0
2022-09-23,35.8,38.0,35.8,36.4,58867.0
2022-09-26,37.7,37.7,34.65,34.7,55816.0
2022-09-27,35.4,36.05,33.2,33.5,68864.0
2022-09-28,33.7,35.0,32.9,33.35,100889.0
2022-09-29,34.65,35.0,34.4,34.7,14997.0
2022-09-30,35.4,35.45,33.2,33.2,45369.0
2022-10-03,33.0,33.9,32.8,33.0,26543.0
2022-10-04,32.85,33.85,31.35,31.35,304168.0
2022-10-06,32.65,32.65,30.2,31.6,108307.0
2022-10-07,31.55,33.15,30.85,31.25,194923.0
2022-10-10,31.25,32.7,30.5,32.15,52007.0
2022-10-11,31.5,33.75,31.5,33.75,62532.0
2022-10-12,34.5,35.3,33.95,34.5,59228.0
2022-10-13,35.3,35.3,32.8,32.8,43418.0
2022-10-14,32.55,33.6,31.5,31.7,69005.0
2022-10-17,32.7,33.25,30.15,30.45,88002.0
2022-10-18,29.4,31.75,29.4,31.2,30160.0
2022-10-19,31.05,32.75,30.55,32.65,134937.0
2022-10-20,33.4,34.25,31.8,33.4,132268.0
2022-10-21,33.45,34.1,32.15,32.7,47652.0
2022-10-24,33.95,34.0,32.85,33.75,16466.0
2022-10-25,33.4,33.85,32.9,33.1,10696.0
2022-10-27,33.05,33.9,32.5,32.65,9788.0
2022-10-28,32.7,33.75,32.05,32.5,11969.0
2022-10-31,33.15,33.35,31.55,32.35,29763.0
2022-11-01,32.1,32.75,30.75,31.0,99396.0
2022-11-02,31.9,31.9,29.45,29.45,212479.0
2022-11-03,28.65,30.3,28.65,29.35,31822.0
2022-11-04,30.0,30.8,29.25,30.35,20859.0
2022-11-07,31.45,31.45,29.4,30.05,28982.0
2022-11-09,31.4,31.4,30.4,31.2,46596.0
2022-11-10,31.85,31.85,30.2,31.15,15304.0
2022-11-11,31.0,31.4,30.15,30.55,33679.0
2022-11-14,30.85,31.25,29.6,30.1,26947.0
2022-11-15,30.45,30.45,28.6,28.65,115400.0
2022-11-16,29.8,29.8,27.25,27.25,272033.0
2022-11-17,27.35,28.05,25.9,26.1,99574.0
2022-11-18,26.2,26.25,24.8,24.8,132000.0
2022-11-21,24.8,26.0,23.6,25.75,183003.0
2022-11-22,27.0,27.0,26.35,27.0,44554.0
2022-11-23,28.35,28.35,28.35,28.35,24330.0
2022-11-24,29.75,29.75,29.75,29.75,28769.0
2022-11-25,30.0,31.2,28.6,31.2,212527.0
2022-11-28,31.95,32.75,30.05,32.75,154532.0
2022-11-29,33.45,34.35,31.6,34.35,44034.0
2022-11-30,35.35,36.0,32.65,34.3,128232.0
2022-12-01,35.0,35.9,33.0,34.1,92874.0
2022-12-02,35.25,35.25,33.25,33.7,25593.0
2022-12-05,33.95,33.95,32.1,32.55,70476.0
2022-12-06,33.0,33.0,31.0,31.55,56242.0
2022-12-07,31.95,31.95,30.6,31.0,20405.0
2022-12-08,31.0,31.95,31.0,31.55,30968.0
2022-12-09,31.55,31.85,30.3,30.45,49971.0
2022-12-12,30.05,31.3,28.95,29.1,134856.0
2022-12-13,29.0,30.1,29.0,29.4,21349.0
2022-12-14,29.9,29.9,29.0,29.1,23458.0
2022-12-15,30.05,30.45,29.35,30.2,19569.0
2022-12-16,31.2,31.2,29.5,29.75,19663.0
2022-12-19,31.15,31.15,29.25,30.05,20015.0
2022-12-20,30.75,30.75,29.1,29.3,61321.0
2022-12-21,29.45,29.6,27.85,27.85,44530.0
2022-12-22,26.7,28.0,26.5,26.5,65441.0
2022-12-23,25.2,25.2,25.2,25.2,21089.0
2022-12-26,23.95,24.9,23.95,24.2,353098.0
2022-12-27,24.85,24.85,23.65,24.5,51474.0
2022-12-28,24.55,25.7,24.15,25.7,30242.0
2022-12-29,26.9,26.95,26.05,26.9,100871.0
2022-12-30,27.0,27.0,26.0,26.95,49577.0
2023-01-02,26.95,27.95,26.25,27.35,46905.0
2023-01-03,27.6,28.2,27.1,27.55,30155.0
2023-01-04,26.8,27.6,26.5,27.15,41658.0
2023-01-05,27.35,27.45,26.05,26.9,31317.0
2023-01-06,25.7,26.85,25.25,25.4,36918.0
2023-01-09,25.65,25.65,25.05,25.25,23597.0
2023-01-10,25.25,25.25,24.0,24.0,118868.0
2023-01-11,24.65,24.9,23.65,24.65,31860.0
2023-01-12,25.5,25.5,24.25,24.75,28306.0
2023-01-13,24.75,25.45,24.5,24.7,10063.0
2023-01-16,24.55,25.9,24.55,25.9,77921.0
2023-01-17,26.6,26.6,24.8,25.05,44544.0
2023-01-18,24.75,25.0,24.1,24.45,29077.0
2023-01-19,24.75,25.65,24.7,25.65,292874.0
2023-01-20,26.6,26.9,26.45,26.9,56842.0
2023-01-23,28.2,28.2,28.2,28.2,36974.0
2023-01-24,28.25,29.6,28.1,29.6,92894.0
2023-01-25,30.5,31.05,30.1,31.05,211401.0
2023-01-27,31.4,31.85,29.5,29.5,61214.0
2023-01-30,28.1,29.25,28.05,28.05,55842.0
2023-01-31,28.9,28.9,26.8,27.35,75586.0
2023-02-01,27.75,28.7,27.7,28.7,81996.0
2023-02-02,29.15,29.85,28.55,29.55,63634.0
2023-02-03,29.75,29.75,28.1,28.1,53896.0
2023-02-06,26.85,27.3,26.8,26.85,35885.0
2023-02-07,26.25,26.75,25.55,25.6,60743.0
2023-02-08,26.0,26.85,25.05,26.85,59101.0
2023-02-09,27.65,27.65,26.3,26.8,30402.0
2023-02-10,27.35,28.05,26.15,26.8,37070.0
2023-02-13,27.75,27.75,25.85,25.85,56411.0
2023-02-14,26.15,26.15,24.55,24.55,145628.0
2023-02-15,24.55,25.4,23.55,24.3,64886.0
2023-02-16,24.2,25.5,24.2,25.5,31877.0
2023-02-17,26.0,26.4,24.75,25.05,32391.0
2023-02-20,24.6,25.7,24.1,24.15,49591.0
2023-02-21,24.95,24.95,23.2,23.55,42035.0
2023-02-22,23.5,24.5,22.7,23.55,63141.0
2023-02-23,23.2,24.2,23.0,24.2,17752.0
2023-02-24,24.5,25.25,23.55,25.25,22381.0
2023-02-27,25.0,25.0,23.75,23.85,24129.0
2023-02-28,24.05,25.0,23.0,23.0,30418.0
2023-03-01,23.2,24.2,22.3,24.2,34127.0
2023-03-02,24.9,25.3,23.8,25.3,46527.0
2023-03-03,26.0,26.25,25.0,26.0,69736.0
2023-03-06,26.55,26.55,24.85,25.0,27250.0
2023-03-08,25.6,25.7,24.7,24.9,54752.0
2023-03-09,24.9,25.65,24.0,24.05,32440.0
2023-03-10,24.55,25.0,23.55,24.5,37391.0
2023-03-13,24.25,24.9,23.3,23.55,62969.0
2023-03-14,23.4,24.05,22.55,22.75,51000.0
2023-03-15,22.7,23.5,22.05,22.2,53226.0
2023-03-16,22.2,23.1,21.4,21.9,19652.0
2023-03-17,21.9,22.8,21.6,22.0,59597.0
2023-03-20,22.55,22.7,20.9,21.15,78020.0
2023-03-21,21.15,22.0,20.2,20.45,225964.0
2023-03-22,19.9,21.25,19.9,20.25,151359.0
2023-03-23,20.55,20.9,19.35,19.7,155111.0
2023-03-24,20.2,20.25,18.95,19.1,40132.0
2023-03-27,19.95,20.05,18.6,18.75,192298.0
2023-03-28,18.7,19.4,17.85,17.95,243957.0
2023-03-29,18.4,18.4,17.2,17.6,121115.0
2023-03-31,17.95,18.4,16.75,16.95,91321.0
2023-04-03,17.65,17.7,16.8,17.7,35479.0
2023-04-05,18.55,18.55,18.55,18.55,617.0
2023-04-06,19.45,19.45,19.35,19.45,49377.0
2023-04-10,20.4,20.4,19.85,20.4,45704.0
2023-04-11,21.4,21.4,21.4,21.4,2547.0
2023-04-12,22.45,22.45,22.45,22.45,12869.0
2023-04-13,23.55,23.55,23.55,23.55,14322.0
2023-04-17,24.7,24.7,23.0,24.7,247502.0
2023-04-18,25.7,25.9,24.2,25.9,129056.0
2023-04-19,27.15,27.15,26.6,27.15,20534.0
2023-04-20,27.9,28.5,25.8,28.5,99194.0
2023-04-21,28.5,28.5,27.1,27.2,35887.0
2023-04-24,28.55,28.55,27.2,28.25,42875.0
2023-04-25,28.95,29.1,27.9,28.7,22796.0
2023-04-26,29.65,29.65,28.2,28.7,20323.0
2023-04-27,28.65,30.1,28.65,30.1,101637.0
2023-04-28,30.9,31.6,30.65,31.6,103355.0
2023-05-02,33.15,33.15,32.5,33.15,160333.0
2023-05-03,32.5,33.65,31.5,31.5,158946.0
2023-05-04,31.35,33.05,31.35,33.05,462918.0
2023-05-05,33.25,34.7,33.0,33.65,257115.0
2023-05-08,34.75,35.3,34.0,35.3,99104.0
2023-05-09,35.3,37.05,35.3,35.75,146328.0
2023-05-10,37.4,37.4,35.0,35.5,31112.0
2023-05-11,35.0,36.15,35.0,35.25,25003.0
2023-05-12,35.05,35.15,33.5,33.75,67870.0
2023-05-15,33.6,34.5,33.55,34.2,36594.0
2023-05-16,34.9,34.9,32.5,33.55,69957.0
2023-05-17,33.75,34.75,33.5,34.2,21323.0
2023-05-18,35.75,35.75,34.65,35.4,66168.0
2023-05-19,35.4,36.3,34.25,35.5,107808.0
2023-05-22,35.55,36.25,34.6,35.35,43603.0
2023-05-23,34.75,35.95,34.25,34.3,10387.0
2023-05-24,34.1,34.3,32.6,32.75,24111.0
2023-05-25,32.0,32.0,31.15,31.15,54972.0
2023-05-26,29.75,31.15,29.6,29.75,288435.0
2023-05-29,29.95,31.2,29.95,31.2,192117.0
2023-05-30,30.2,32.75,30.2,32.75,522260.0
2023-05-31,34.35,34.35,33.15,34.35,70116.0
2023-06-01,34.45,36.05,34.45,35.9,84904.0
2023-06-02,37.65,37.65,35.55,36.65,97975.0
2023-06-05,36.65,37.8,35.2,35.9,59300.0
2023-06-06,36.0,36.5,34.1,34.25,48379.0
2023-06-07,33.8,35.95,33.8,35.95,55262.0
2023-06-08,37.7,37.7,36.15,36.9,164341.0
2023-06-09,37.0,38.0,35.6,36.2,29166.0
2023-06-12,36.2,37.0,35.15,35.65,26294.0
2023-06-13,36.0,37.4,35.1,37.4,142088.0
2023-06-14,39.25,39.25,38.3,39.25,182093.0
2023-06-15,41.2,41.2,41.2,41.2,85057.0
2023-06-16,43.25,43.25,42.0,43.25,521352.0
2023-06-19,45.4,45.4,45.4,45.4,170055.0
2023-06-20,45.400001525878906,45.400001525878906,45.400001525878906,45.400001525878906,0.0
2023-06-21,45.400001525878906,45.400001525878906,45.400001525878906,45.400001525878906,0.0
2023-06-22,45.400001525878906,45.400001525878906,45.400001525878906,45.400001525878906,0.0
2023-06-23,45.400001525878906,45.400001525878906,45.400001525878906,45.400001525878906,0.0
2023-06-26,44.5,44.5,44.5,44.5,0.0
2023-06-27,44.5,44.5,44.5,44.5,0.0
2023-06-28,44.5,44.5,44.5,44.5,0.0
2023-06-30,44.5,44.5,44.5,44.5,0.0
2023-07-03,43.650001525878906,43.650001525878906,43.650001525878906,43.650001525878906,1.0
2023-07-04,43.650001525878906,43.650001525878906,43.650001525878906,43.650001525878906,0.0
2023-07-05,43.650001525878906,43.650001525878906,43.650001525878906,43.650001525878906,0.0
2023-07-06,43.650001525878906,43.650001525878906,43.650001525878906,43.650001525878906,0.0
2023-07-07,43.650001525878906,43.650001525878906,43.650001525878906,43.650001525878906,0.0
2023-07-10,42.8,42.8,42.8,42.8,-116018.0
2023-07-11,42.79999923706055,42.79999923706055,42.79999923706055,42.79999923706055,0.0
2023-07-12,42.79999923706055,42.79999923706055,42.79999923706055,42.79999923706055,0.0
2023-07-13,42.79999923706055,42.79999923706055,42.79999923706055,42.79999923706055,0.0
2023-07-14,42.79999923706055,42.79999923706055,42.79999923706055,42.79999923706055,0.0
2023-07-17,41.95,41.95,41.95,41.95,-192.0
2023-07-18,41.95000076293945,41.95000076293945,41.95000076293945,41.95000076293945,0.0
2023-07-19,41.95000076293945,41.95000076293945,41.95000076293945,41.95000076293945,0.0
2023-07-20,41.95000076293945,41.95000076293945,41.95000076293945,41.95000076293945,0.0
2023-07-21,41.95000076293945,41.95000076293945,41.95000076293945,41.95000076293945,0.0
2023-07-24,40.7,42.0,39.85,39.85,98672.0
2023-07-25,37.85,38.0,37.85,37.85,34100.0
2023-07-26,35.95,35.95,35.95,35.95,20021.0
2023-07-27,34.15,37.7,34.15,37.7,338164.0
2023-07-28,38.0,38.7,37.95,38.7,27325.0
2023-07-31,37.55,40.6,37.55,40.6,43676.0
2023-08-01,42.25,42.6,40.7,42.0,52267.0
2023-08-02,42.6,44.0,40.4,41.8,71309.0
2023-08-03,39.55,42.75,39.55,41.5,24468.0
2023-08-04,40.25,40.25,40.25,40.25,-150.0
2023-08-07,40.3,40.3,39.9,39.9,-300.0
2023-08-08,40.25,40.25,39.5,39.5,1500.0
2023-08-09,39.5,39.5,39.45,39.5,-767.0
2023-08-10,39.45,40.2,39.45,40.2,-100.0
2023-08-11,40.2,40.2,39.4,39.4,-864.0
2023-08-14,38.65,39.0,38.65,39.0,130.0
2023-08-16,39.35,39.35,39.35,39.35,34.0
2023-08-17,38.65,38.65,38.6,38.6,9.0
2023-08-18,37.85,37.85,37.85,37.85,400.0
2023-08-21,37.1,37.1,37.1,37.1,-3.0
2023-08-22,36.35,36.35,36.35,36.35,-1900.0
2023-08-23,35.65,35.65,35.65,35.65,-80.0
2023-08-24,34.95,34.95,34.95,34.95,6.0
2023-08-25,34.25,34.25,34.25,34.25,5.0
2023-08-28,33.6,34.9,33.6,34.9,1408.0
2023-08-29,34.9,34.9,34.2,34.35,6360.0
2023-08-30,34.55,35.7,34.55,35.7,-1650.0
2023-08-31,36.4,36.4,36.4,36.4,8.0
2023-09-01,37.1,37.1,37.1,37.1,115.0
2023-09-04,37.8,37.8,37.8,37.8,5270.0
2023-09-05,38.55,38.55,38.55,38.55,1410.0
2023-09-06,39.3,39.3,39.3,39.3,20.0
2023-09-07,40.05,40.05,40.05,40.05,500.0
2023-09-08,40.85,40.85,40.85,40.85,420.0
2023-09-11,42.85,42.85,42.85,42.85,24976.0
2023-09-12,44.95,44.95,44.95,44.95,135521.0
2023-09-13,44.5,47.15,44.5,47.15,657764.0
2023-09-14,49.5,49.5,49.5,49.5,84769.0
2023-09-15,51.95,51.95,49.5,51.95,396032.0
2023-09-18,54.5,54.5,52.1,54.5,351289.0
2023-09-20,56.0,57.2,54.15,56.9,362421.0
2023-09-21,55.7,55.7,55.7,55.7,70.0
2023-09-22,54.6,54.6,54.6,54.6,195.0
2023-09-25,53.5,53.5,53.5,53.5,910.0
2023-09-26,52.45,52.45,52.45,52.45,1.0
2023-09-27,51.4,51.4,51.4,51.4,20.0
2023-09-28,50.4,50.5,50.4,50.4,1129.0
2023-09-29,49.45,49.4,49.4,49.4,301.0
2023-10-03,48.5,48.5,48.5,48.5,500.0
2023-10-04,49.45,49.45,47.6,49.45,5621.0
2023-10-05,50.4,50.4,50.4,50.4,115.0
2023-10-06,51.4,51.4,51.4,51.4,3920.0
2023-10-09,52.4,52.4,51.5,52.4,4840.0
2023-10-10,53.4,53.4,53.4,53.4,4945.0
2023-10-11,54.45,54.45,54.4,54.45,115.0
2023-10-12,55.5,55.5,55.5,55.5,200.0
2023-10-13,56.6,56.6,56.6,56.6,12737.0
2023-10-16,57.7,57.7,55.5,57.7,3474.0
2023-10-17,56.6,58.5,56.55,56.55,13805.0
2023-10-18,55.5,55.5,55.5,55.5,9.0
2023-10-19,56.6,56.6,54.4,56.6,3472.0
2023-10-20,57.7,57.7,57.6,57.6,1474.0
2023-10-23,58.0,58.85,56.7,58.8,9454.0
2023-10-25,56.85,59.15,56.85,56.85,237.0
2023-10-26,55.75,55.75,55.75,55.75,2951.0
2023-10-27,56.85,56.85,55.7,56.85,10547.0
2023-10-30,55.75,55.75,55.75,55.75,1.0
2023-10-31,54.65,54.7,54.65,54.65,31649.0
2023-11-01,53.55,55.7,53.55,53.55,28975.0
2023-11-02,54.6,54.6,53.55,54.6,17250.0
2023-11-03,54.05,55.65,54.05,54.05,6964.0
2023-11-06,53.45,53.95,53.15,53.45,13150.0
2023-11-07,53.5,53.5,52.55,53.5,6627.0
2023-11-08,53.0,54.0,53.0,53.0,9408.0
2023-11-09,53.5,53.5,53.0,53.5,11481.0
2023-11-10,53.1,53.45,52.55,53.1,34329.0
2023-11-12,55.75,55.75,55.7,55.75,13542.0
2023-11-13,58.05,58.5,58.05,58.5,23085.0
2023-11-15,61.4,61.4,60.0,61.4,93536.0
2023-11-16,64.45,64.45,64.4,64.45,138883.0
2023-11-17,67.65,67.65,67.65,67.65,72296.0
2023-11-20,71.0,71.0,71.0,71.0,45309.0
2023-11-21,74.55,74.55,72.0,74.55,623132.0
2023-11-22,73.05,73.1,73.05,73.05,282569.0
2023-11-23,73.95,74.4,73.1,73.95,165405.0
2023-11-24,74.4,74.45,73.5,74.4,164068.0
2023-11-28,75.85,75.85,75.85,75.85,66788.0
2023-11-29,77.35,77.35,77.35,77.35,23836.0
2023-11-30,78.85,78.85,78.85,78.85,4563.0
2023-12-01,80.4,80.4,80.4,80.4,215915.0
2023-12-04,82.0,82.0,81.0,82.0,290481.0
2023-12-05,83.6,83.6,82.0,83.6,70105.0
2023-12-06,84.0,85.0,84.0,84.0,44903.0
2023-12-07,85.65,85.65,84.0,85.65,58951.0
2023-12-08,87.35,87.35,87.35,87.35,20684.0
2023-12-11,89.05,89.05,89.05,89.05,20004.0
2023-12-12,90.8,90.8,90.8,90.8,41524.0
2023-12-13,92.6,92.6,92.6,92.6,1843.0
2023-12-14,94.45,94.45,94.45,94.45,48399.0
2023-12-15,96.3,96.3,92.6,96.3,191002.0
2023-12-18,98.2,98.2,98.2,98.2,70624.0
2023-12-19,96.25,100.1,96.25,96.25,93154.0
2023-12-20,94.35,98.15,94.35,94.35,79729.0
2023-12-21,96.2,96.2,96.2,96.2,56502.0
2023-12-22,98.1,98.1,98.0,98.1,63259.0
2023-12-26,99.9,100.05,99.9,99.9,77492.0
2023-12-27,97.9,101.3,97.9,97.9,12689.0
2023-12-28,95.95,95.95,95.95,95.95,21330.0
2023-12-29,94.05,94.05,94.05,94.05,2267.0
2024-01-01,92.2,92.2,92.2,92.2,28925.0
2024-01-02,90.35,91.55,90.35,90.35,93874.0
2024-01-03,88.55,88.55,88.55,88.55,32487.0
2024-01-04,88.55,88.55,87.5,88.55,108244.0
2024-01-05,90.3,90.3,90.3,90.3,30394.0
2024-01-08,94.8,94.8,94.8,94.8,10061.0
2024-01-09,99.5,99.5,99.5,99.5,28940.0
2024-01-10,104.45,104.45,100.5,104.45,386858.0
2024-01-11,103.0,109.65,99.25,109.65,391414.0
2024-01-12,112.0,115.1,104.2,111.1,418337.0
2024-01-15,110.0,115.0,107.0,107.0,180523.0
2024-01-16,110.0,113.0,102.65,102.65,197926.0
2024-01-17,102.7,102.7,102.7,102.7,65785.0
2024-01-18,100.65,100.65,100.65,100.65,4540.0
2024-01-19,98.65,98.65,98.65,98.65,20963.0
2024-01-20,97.0,98.65,97.0,97.0,61257.0
2024-01-23,96.5,97.0,96.15,96.5,63021.0
2024-01-24,98.4,98.4,96.5,98.4,8652.0
2024-01-25,100.35,100.35,100.35,100.35,51561.0
2024-01-29,102.35,102.35,102.35,102.35,44035.0
2024-01-30,104.35,104.35,104.35,104.35,3964.0
2024-01-31,106.4,106.4,106.0,106.4,3820.0
2024-02-01,108.5,108.5,108.5,108.5,7191.0
2024-02-02,110.65,110.65,110.65,110.65,29401.0
2024-02-05,112.85,112.85,112.85,112.85,94499.0
2024-02-06,115.1,115.1,115.1,115.1,10595.0
2024-02-07,117.4,117.4,117.4,117.4,19338.0
2024-02-08,115.05,119.7,115.05,115.05,129693.0
2024-02-09,112.75,112.75,112.75,112.75,39718.0
2024-02-12,110.5,110.5,110.5,110.5,66.0
2024-02-13,108.3,108.3,108.3,108.3,18528.0
2024-02-14,106.15,106.5,106.15,106.5,33460.0
2024-02-15,108.6,108.6,108.6,108.6,17644.0
2024-02-16,110.75,110.75,109.0,110.75,29231.0
2024-02-19,111.0,111.0,108.55,108.55,37141.0
2024-02-20,108.55,110.0,107.1,110.0,30177.0
2024-02-21,112.0,112.2,107.8,110.4,84476.0
2024-02-22,111.5,112.6,109.5,112.0,58551.0
2024-02-23,112.0,113.0,111.0,112.0,58015.0
2024-02-26,109.8,111.0,109.8,109.8,57463.0
2024-02-27,109.8,111.0,109.8,111.0,87550.0
2024-02-28,111.5,111.5,108.8,108.8,21933.0
2024-02-29,106.65,106.65,106.65,106.65,40046.0
2024-03-01,108.75,108.75,108.75,108.75,8374.0
2024-03-02,114.15,114.15,114.15,114.15,55435.0
2024-03-04,119.85,119.85,119.85,119.85,55825.0
2024-03-05,125.8,125.8,125.8,125.8,176516.0
2024-03-06,131.45,131.8,119.55,119.55,303622.0
2024-03-07,113.6,113.6,113.6,113.6,5406.0
2024-03-11,107.95,107.95,107.95,107.95,11042.0
2024-03-12,102.55,102.55,102.55,102.55,23158.0
2024-03-13,97.45,97.45,97.45,97.45,30114.0
2024-03-14,92.6,102.3,92.6,102.3,284592.0
2024-03-15,107.4,107.4,100.85,107.4,261327.0
2024-03-18,112.75,112.75,112.75,112.75,5310.0
2024-03-19,118.35,118.35,112.75,118.35,502159.0
2024-03-20,117.05,124.25,114.0,124.0,90878.0
2024-03-21,130.2,130.2,124.05,130.2,238110.0
2024-03-22,136.7,136.7,134.3,136.5,379543.0
2024-03-26,139.95,141.05,131.1,133.8,126093.0
2024-03-27,134.95,140.45,127.5,134.0,146350.0
2024-03-28,140.5,140.5,128.05,129.55,127968.0
2024-04-01,129.55,132.85,124.85,127.85,94375.0
2024-04-02,128.8,130.35,126.0,128.0,54930.0
2024-04-03,130.2,134.4,126.15,134.4,229194.0
2024-04-04,138.5,138.5,128.0,130.0,107912.0
2024-04-05,131.4,135.15,129.85,132.6,89952.0
2024-04-08,132.6,133.95,127.9,129.7,36031.0
2024-04-09,126.1,131.55,124.4,125.95,48984.0
2024-04-10,125.6,127.85,122.25,127.15,25304.0
2024-04-12,129.45,130.85,122.7,123.6,38885.0
2024-04-15,117.5,122.0,117.45,117.65,44361.0
2024-04-16,119.05,123.5,114.95,123.0,145043.0
2024-04-18,126.85,126.85,116.85,117.4,80660.0
2024-04-19,112.5,121.8,112.5,120.4,58590.0
2024-04-22,125.85,125.85,118.35,119.75,33555.0
2024-04-23,120.15,124.8,119.55,124.0,46417.0
2024-04-24,124.9,125.05,119.25,123.0,36845.0
2024-04-25,120.05,125.75,118.0,118.6,51317.0
2024-04-26,119.65,121.85,116.75,119.3,53248.0
2024-04-29,119.3,122.05,114.0,115.15,72666.0
2024-04-30,117.7,117.7,112.2,113.1,61129.0
2024-05-02,118.75,118.75,118.75,118.75,44545.0
2024-05-03,124.65,124.65,124.65,124.65,33218.0
2024-05-06,130.85,130.85,122.15,130.85,366966.0
2024-05-07,130.05,137.35,126.25,134.05,508618.0
2024-05-08,137.35,137.35,128.25,131.35,82511.0
2024-05-09,131.75,137.5,125.6,128.85,142277.0
2024-05-10,128.7,134.8,126.95,131.9,100576.0
2024-05-13,134.55,134.55,126.3,130.15,155165.0
2024-05-14,134.0,134.0,129.0,129.5,40185.0
2024-05-15,132.0,134.5,128.65,130.05,67370.0
2024-05-16,131.3,133.2,129.05,130.45,35239.0
2024-05-17,131.1,133.9,130.0,132.4,27364.0
2024-05-18,139.0,139.0,139.0,139.0,34285.0
2024-05-21,145.95,145.95,143.0,145.95,253882.0
2024-05-22,152.9,153.2,147.9,149.6,179003.0
2024-05-23,152.9,152.9,142.15,142.15,99941.0
2024-05-24,140.3,141.55,135.05,135.25,54014.0
2024-05-27,135.05,141.95,133.05,134.9,67352.0
2024-05-28,138.2,139.6,134.0,137.55,125638.0
2024-05-29,139.4,139.5,135.3,137.2,48083.0
2024-05-30,138.95,143.0,135.0,136.5,158086.0
2024-05-31,138.5,139.5,133.05,135.9,60696.0
2024-06-03,142.65,142.65,135.9,138.15,92483.0
2024-06-04,140.0,140.0,131.25,131.25,76356.0
2024-06-05,124.7,132.6,124.7,125.85,170314.0
2024-06-06,129.85,131.4,124.45,129.2,104924.0
2024-06-07,131.35,135.65,130.45,135.65,66911.0
2024-06-10,142.4,142.43,135.65,140.96,139725.0
2024-06-11,147.0,148.0,141.43,148.0,129680.0
2024-06-12,153.98,155.4,151.1,155.4,96665.0
2024-06-13,163.14,163.17,153.15,155.33,354772.0
2024-06-14,157.0,163.09,156.0,163.09,343397.0
2024-06-18,171.24,171.24,164.0,171.24,281470.0
2024-06-19,179.8,179.8,172.1,179.8,457320.0
2024-06-20,185.0,188.79,173.15,180.43,495882.0
2024-06-21,178.8,180.9,171.4,171.94,266983.0
2024-06-24,171.95,178.0,170.0,171.41,134328.0
2024-06-25,175.75,176.8,170.01,171.52,142602.0
2024-06-26,174.0,175.01,163.42,168.81,190951.0
2024-06-27,170.0,171.99,160.36,161.41,171659.0
2024-06-28,159.79,163.99,153.33,159.08,154947.0
2024-07-01,162.0,167.03,157.98,167.03,56571.0
2024-07-02,175.38,175.38,175.38,175.38,144703.0
2024-07-03,184.0,184.14,176.5,184.14,472421.0
2024-07-04,192.92,193.34,187.11,193.34,386545.0
2024-07-05,203.0,203.0,200.13,203.0,167824.0
2024-07-08,203.0,210.79,192.85,193.42,335547.0
2024-07-09,198.97,198.97,183.74,184.24,187889.0
2024-07-10,184.49,189.0,175.1,179.51,185560.0
2024-07-11,184.8,186.96,178.78,181.82,101736.0
2024-07-12,186.75,186.75,173.4,174.94,62752.0
2024-07-15,173.95,175.5,168.0,171.59,179134.0
2024-07-16,173.0,180.16,172.97,180.16,132998.0
2024-07-18,185.98,187.9,180.41,184.0,140058.0
2024-07-19,184.01,187.6,174.88,178.29,93955.0
2024-07-22,176.99,179.69,171.06,174.8,69735.0
2024-07-23,178.0,180.0,170.05,171.19,90421.0
2024-07-24,171.0,179.74,170.55,179.74,127643.0
2024-07-25,179.0,188.72,178.21,188.72,92419.0
2024-07-26,198.15,198.15,191.0,198.15,186109.0
2024-07-29,198.15,208.05,191.5,196.33,320905.0
2024-07-30,199.0,206.14,195.43,206.14,201793.0
2024-07-31,211.0,211.65,195.83,196.08,196712.0
2024-08-01,199.0,199.0,186.27,186.27,138755.0
2024-08-02,181.15,191.15,178.0,185.45,65139.0
2024-08-05,180.0,184.45,176.17,176.17,104395.0
2024-08-06,176.17,184.97,167.36,184.96,191772.0
2024-08-07,190.05,194.2,190.05,194.2,81970.0
2024-08-08,203.91,203.91,197.5,202.67,228710.0
2024-08-09,201.6,211.75,194.2,210.06,154682.0
2024-08-12,212.0,217.0,202.35,208.65,161410.0
2024-08-13,202.0,206.0,198.21,198.32,95196.0
2024-08-14,191.01,208.23,189.0,206.9,184053.0
2024-08-16,204.99,213.0,203.0,205.2,91178.0
2024-08-19,214.99,215.46,208.0,215.46,184881.0
2024-08-20,226.23,226.23,218.65,221.34,290918.0
2024-08-21,223.0,232.4,223.0,232.4,312688.0
2024-08-22,244.02,244.02,237.15,244.02,239778.0
2024-08-23,251.0,255.95,231.81,245.43,480538.0
2024-08-26,257.7,257.7,246.6,252.87,346504.0
2024-08-27,258.98,260.0,243.0,246.77,175407.0
2024-08-28,254.0,254.0,237.45,243.36,122147.0
2024-08-29,243.5,243.75,236.0,239.66,144362.0
2024-08-30,243.1,243.1,234.0,235.03,61307.0
2024-09-02,239.75,242.0,233.0,237.91,63231.0
2024-09-03,238.2,242.5,236.5,240.41,46664.0
2024-09-04,240.41,241.7,235.0,240.7,57365.0
2024-09-05,240.7,252.73,240.7,252.0,222355.0
2024-09-06,253.1,264.6,248.1,264.6,2736576.0
2024-09-09,262.2,275.4,260.0,272.34,258644.0
2024-09-10,274.0,274.0,265.65,269.52,196080.0
2024-09-11,272.0,272.0,265.0,266.02,189327.0
2024-09-12,265.9,269.9,260.0,262.18,63469.0
2024-09-13,262.18,269.8,249.07,249.94,170239.0
2024-09-16,253.0,262.0,250.01,259.37,130100.0
2024-09-17,262.0,265.9,254.0,263.54,286107.0
2024-09-18,271.75,276.71,267.0,276.52,677141.0
2024-09-19,281.9,282.7,262.69,263.74,227483.0
2024-09-20,266.1,272.0,265.0,269.94,169038.0
2024-09-23,281.96,283.43,271.0,283.43,554923.0
2024-09-24,290.0,297.6,284.0,297.05,510769.0
2024-09-25,297.0,302.9,282.19,282.19,148498.0
2024-09-26,269.22,284.3,268.08,277.17,214405.0
2024-09-27,280.0,287.85,271.03,277.2,144809.0
2024-09-30,282.0,290.0,270.02,274.0,96895.0
2024-10-01,274.95,279.4,268.0,273.95,56650.0
2024-10-03,266.0,277.0,260.25,262.7,72881.0
2024-10-04,266.7,266.7,249.6,253.1,51800.0
2024-10-07,253.1,253.1,240.45,240.65,137465.0
2024-10-08,239.65,252.5,230.65,247.35,74413.0
2024-10-09,249.9,259.7,235.55,254.2,90098.0
2024-10-10,251.15,259.6,251.15,257.7,27914.0
2024-10-11,259.4,259.4,249.0,255.85,29809.0
2024-10-14,258.5,258.5,251.6,254.0,41464.0
2024-10-15,257.85,266.0,250.0,260.85,32454.0
2024-10-16,259.95,263.9,251.0,257.75,34676.0
2024-10-17,259.4,259.4,245.1,246.75,36788.0
2024-10-18,243.0,248.4,235.0,240.9,59890.0
2024-10-21,240.9,240.9,228.85,228.85,110807.0
2024-10-22,226.0,226.75,217.4,217.4,63303.0
2024-10-23,206.55,227.4,206.55,217.0,216011.0
2024-10-24,212.0,227.85,207.6,223.8,120285.0
2024-10-25,219.9,220.9,212.65,214.15,66624.0
2024-10-28,214.15,221.95,204.65,215.6,53219.0
2024-10-29,214.95,218.0,210.0,215.2,33741.0
2024-10-30,215.2,220.0,213.6,215.5,48525.0
2024-10-31,217.9,222.4,215.0,218.2,30476.0
2024-11-01,224.0,226.0,219.0,222.71,26285.0
2024-11-04,224.9,224.9,215.0,216.31,48018.0
2024-11-05,219.89,227.12,216.0,226.51,68266.0
2024-11-06,230.99,235.0,225.6,233.53,27153.0
2024-11-07,237.85,243.8,226.5,228.18,63802.0
2024-11-08,233.95,233.99,216.8,219.71,50098.0
2024-11-11,219.98,222.0,210.0,213.93,59608.0
2024-11-12,216.95,222.0,206.0,208.86,28470.0
2024-11-13,209.5,213.93,198.41,199.21,50248.0
2024-11-14,191.55,206.7,191.55,196.71,58767.0
2024-11-18,196.05,201.4,190.2,197.23,50862.0
2024-11-19,193.3,203.98,190.0,191.93,60661.0
2024-11-21,188.02,192.9,185.71,188.21,37724.0
2024-11-22,185.02,194.7,185.02,190.41,69649.0
2024-11-25,191.11,199.93,191.05,196.29,123639.0
2024-11-26,194.54,201.4,187.35,189.68,157157.0
2024-11-27,190.1,199.16,187.0,197.85,1119834.0
2024-11-28,201.0,207.74,201.0,207.74,1056159.0
2024-11-29,218.0,218.12,215.11,218.12,476736.0
2024-12-02,226.0,229.02,216.0,229.02,878099.0
2024-12-03,240.47,240.47,232.87,240.47,653694.0
2024-12-04,252.49,252.49,238.27,250.93,1794435.0
2024-12-05,250.0,250.0,238.38,239.27,372405.0
2024-12-06,243.0,244.0,230.6,232.33,253001.0
2024-12-09,232.33,234.0,223.05,225.29,148449.0
2024-12-10,227.5,236.55,224.0,236.55,327267.0
2024-12-11,248.37,248.37,246.0,248.37,321891.0
2024-12-12,260.78,260.78,242.7,244.92,486743.0
2024-12-13,236.8,256.99,236.8,255.33,273436.0
2024-12-16,256.35,268.0,251.01,266.2,510741.0
2024-12-17,269.0,273.0,259.95,262.32,503434.0
2024-12-18,263.99,268.99,255.42,262.75,381769.0
2024-12-19,256.95,275.88,255.5,275.88,516214.0
2024-12-20,289.67,289.67,265.1,267.48,1419640.0
2024-12-23,263.2,273.99,259.22,263.18,224941.0
2024-12-24,265.97,268.4,256.65,259.88,127859.0
2024-12-26,261.45,261.45,250.1,253.01,165985.0
2024-12-27,254.99,257.99,247.0,248.98,185723.0
2024-12-30,243.0,254.0,243.0,252.05,169806.0
2024-12-31,251.99,258.4,240.06,254.36,190173.0
2025-01-01,256.4,258.0,247.55,255.8,72548.0
2025-01-02,255.8,262.0,250.1,260.5,85549.0
2025-01-03,261.0,264.4,255.0,260.6,54391.0
2025-01-06,268.5,268.5,247.6,247.6,114903.0
2025-01-07,244.45,250.0,240.55,245.65,47256.0
2025-01-08,247.85,247.85,233.4,237.1,95764.0
2025-01-09,234.0,238.2,225.25,225.25,109605.0
2025-01-10,223.8,229.6,214.0,214.0,154141.0
2025-01-13,206.0,214.95,203.3,203.3,203506.0
2025-01-14,201.5,211.9,198.55,206.65,163427.0
2025-01-15,209.0,216.95,202.1,216.9,125075.0
2025-01-16,218.0,224.4,214.0,218.8,44856.0
2025-01-17,218.8,219.0,211.0,212.05,33665.0
2025-01-20,211.05,218.9,211.05,216.9,38658.0
2025-01-21,219.0,219.0,206.55,208.8,63930.0
2025-01-22,210.7,211.0,200.1,207.85,52401.0
2025-01-23,206.6,213.5,200.1,208.05,31918.0
2025-01-24,208.05,213.85,200.1,201.45,36057.0
2025-01-27,195.0,201.0,191.4,191.4,40615.0
2025-01-28,185.9,188.0,181.85,181.85,150831.0
2025-01-29,175.05,188.0,175.05,177.25,138619.0
2025-01-30,179.95,182.75,172.0,173.9,86005.0
2025-01-31,173.9,177.9,167.1,170.35,253428.0
2025-02-01,174.99,178.86,174.99,178.86,123285.0
2025-02-03,170.5,176.8,170.02,171.87,63500.0
2025-02-04,174.48,176.9,170.0,175.05,45354.0
2025-02-05,179.0,181.95,175.02,177.91,74675.0
2025-02-06,184.0,185.0,178.0,180.43,85246.0
2025-02-07,180.0,182.4,172.1,178.01,87383.0
2025-02-10,177.4,177.4,169.1,169.1,52818.0
2025-02-11,168.9,168.9,160.64,165.26,120978.0
2025-02-12,164.98,169.5,156.99,168.67,137375.0
2025-02-13,167.95,177.1,164.01,170.74,119144.0
2025-02-14,163.66,175.0,162.2,168.62,169406.0
2025-02-17,165.0,175.75,164.9,173.5,261838.0
2025-02-18,175.99,175.99,164.82,170.21,96224.0
2025-02-19,167.15,175.4,167.15,174.32,71492.0
2025-02-20,175.4,180.85,171.0,174.76,44667.0
2025-02-21,178.76,183.49,172.2,174.94,163020.0
2025-02-24,174.94,179.9,168.0,170.18,63761.0
2025-02-25,170.2,175.64,165.1,170.61,96125.0
2025-02-27,166.0,174.0,166.0,169.55,42343.0
2025-02-28,169.6,171.94,161.07,161.07,31228.0
2025-03-03,159.9,159.9,153.01,153.01,21127.0
2025-03-04,145.35,157.99,145.35,145.54,174150.0
2025-03-05,145.5,152.81,143.0,152.52,106722.0
2025-03-06,152.55,160.14,150.0,159.64,229358.0
2025-03-07,160.0,167.62,159.0,167.62,79649.0
2025-03-10,175.0,176.0,168.0,175.8,185328.0
2025-03-11,167.01,171.38,167.01,167.01,73552.0
2025-03-12,162.9,163.97,158.65,158.65,63313.0
2025-03-13,155.5,158.0,150.71,150.83,195888.0
2025-03-17,146.0,149.79,143.28,143.28,67512.0
2025-03-18,138.12,150.44,136.3,150.44,95003.0
2025-03-19,157.96,157.96,157.96,157.96,5070.0
2025-03-20,165.85,165.85,161.0,162.33,320561.0
2025-03-21,159.9,166.99,157.5,163.26,210659.0
2025-03-24,164.99,169.85,159.61,160.43,148521.0
2025-03-25,160.55,163.96,155.0,158.56,302613.0
2025-03-26,159.4,164.79,152.25,154.0,583793.0
2025-03-27,156.89,159.82,151.15,155.58,538258.0
2025-03-28,154.0,163.0,154.0,158.78,339939.0
2025-04-01,155.99,162.0,154.51,159.46,120188.0
2025-04-02,161.0,167.43,161.0,167.43,56532.0
2025-04-03,175.8,175.8,175.8,175.8,18570.0
2025-04-04,184.59,184.59,177.96,182.13,1588153.0
2025-04-07,165.45,180.73,165.45,175.55,380877.0
2025-04-08,185.0,193.1,179.5,190.45,566253.0
2025-04-09,193.0,209.4,185.6,205.67,1277001.0
2025-04-11,213.0,222.0,205.0,211.55,1813111.0
2025-04-15,213.0,226.9,211.79,220.14,1432430.0
2025-04-16,217.71,223.95,213.3,215.2,795402.0
2025-04-17,215.66,221.86,205.2,210.07,616909.0
2025-04-21,210.1,214.4,204.39,210.71,241299.0
2025-04-22,214.8,215.0,208.25,209.17,116791.0
2025-04-23,212.5,221.8,209.9,211.35,489647.0
2025-04-24,213.0,216.0,209.71,211.31,138606.0
2025-04-25,213.98,213.98,192.3,194.58,562623.0
2025-04-28,192.0,198.97,187.2,189.95,280150.0
2025-04-29,187.94,196.88,185.96,188.5,190739.0
2025-04-30,189.23,189.23,175.57,179.88,91475.0
2025-05-02,179.89,183.71,173.22,176.63,186482.0
2025-05-05,179.19,194.28,174.41,179.85,757457.0
2025-05-06,177.5,181.79,164.35,167.91,240061.0
2025-05-07,163.0,171.79,163.0,167.44,74655.0
2025-05-08,170.59,172.59,159.89,161.26,106839.0
2025-05-09,155.0,175.0,155.0,170.57,177759.0
2025-05-12,179.94,182.98,177.99,180.0,160662.0
2025-05-13,182.08,190.99,178.8,187.81,131434.0
2025-05-14,187.8,196.0,185.52,187.16,227838.0
2025-05-15,187.0,190.38,177.65,183.08,124668.0
2025-05-16,185.99,186.81,177.15,180.1,113657.0
2025-05-19,184.8,188.9,180.5,185.96,157863.0
2025-05-20,189.0,189.0,181.1,181.9,68047.0
2025-05-21,185.1,185.1,177.34,178.76,88741.0
2025-05-22,181.9,184.4,176.5,183.32,58002.0
2025-05-23,182.5,186.15,180.2,181.5,89828.0
2025-05-26,181.5,188.0,181.05,183.9,74010.0
2025-05-27,184.81,189.15,182.01,186.86,88955.0
2025-05-28,186.86,193.49,186.31,188.44,161672.0
2025-05-29,189.0,201.5,188.19,196.68,277006.0
2025-05-30,195.0,195.0,182.18,185.2,165340.0
2025-06-02,184.29,199.4,180.86,191.95,629473.0
2025-06-03,194.95,198.9,189.42,190.07,111521.0
2025-06-04,189.9,193.8,187.0,191.56,78399.0
2025-06-05,191.04,194.5,186.86,187.66,74334.0
2025-06-06,188.06,193.95,184.36,191.02,219346.0
2025-06-09,197.1,209.5,193.45,204.84,683531.0
2025-06-10,209.7,225.88,202.99,211.99,809795.0
2025-06-11,212.1,221.2,212.1,216.5,538834.0
2025-06-12,216.0,233.4,215.3,223.13,1213435.0
2025-06-13,220.0,233.3,219.0,230.04,712241.0
2025-06-16,237.49,240.0,227.98,232.44,500723.0
2025-06-17,233.37,235.13,224.11,225.96,235514.0
2025-06-18,222.68,227.0,217.83,220.27,256794.0
2025-06-19,218.1,247.7,218.1,237.73,2462242.0
2025-06-20,244.0,248.69,238.92,242.22,1062603.0
2025-06-23,242.22,255.9,241.1,251.33,1278260.0
2025-06-24,252.7,258.0,247.81,250.16,402343.0
2025-06-25,253.0,258.9,248.6,251.8,800114.0
2025-06-26,252.0,256.4,248.65,249.94,330460.0
2025-06-27,250.9,255.65,240.46,251.29,399937.0
2025-06-30,251.26,253.81,242.34,243.69,197022.0
2025-07-01,243.5,247.01,237.39,238.96,232740.0
2025-07-02,238.96,240.49,229.98,234.67,334725.0
2025-07-03,234.1,238.01,227.82,234.67,341811.0
2025-07-04,237.0,241.95,231.6,237.44,299919.0
2025-07-07,236.1,243.99,230.86,236.76,533623.0
2025-07-08,238.0,242.4,234.0,236.55,174730.0
2025-07-09,237.0,254.0,234.1,251.72,1692792.0
2025-07-10,261.0,279.95,260.82,273.78,5851885.0
2025-07-11,279.5,290.0,273.0,277.59,2373242.0
2025-07-14,278.5,283.8,258.35,261.32,910410.0
2025-07-15,264.2,283.0,261.75,279.91,1828518.0
2025-07-16,282.79,286.0,273.0,281.3,911958.0
2025-07-17,285.0,294.4,270.1,275.1,1690755.0
2025-07-18,273.8,274.54,264.19,269.72,728689.0
2025-07-21,270.7,282.5,268.32,279.45,1226052.0
2025-07-22,281.41,293.5,276.42,287.06,1621957.0
2025-07-23,290.99,301.5,287.85,290.72,2032273.0
2025-07-24,292.8,293.77,276.0,279.36,815551.0
2025-07-25,279.4,282.36,268.2,271.91,493541.0
2025-07-28,269.79,287.0,265.55,278.5,776585.0
2025-07-29,280.0,292.99,276.0,290.01,795836.0
2025-07-30,294.95,298.0,280.56,282.43,1034509.0
2025-07-31,275.0,314.89,274.1,307.97,3733642.0
2025-08-01,313.7,323.4,283.75,289.55,2003393.0
2025-08-04,292.75,294.95,283.1,285.2,556837.0
2025-08-05,287.0,289.9,275.25,276.95,556893.0
2025-08-06,277.0,287.0,266.0,284.2,1031859.0
2025-08-07,282.0,283.0,270.6,276.5,491882.0
2025-08-08,277.1,283.0,271.1,274.75,375100.0
2025-08-11,277.0,282.1,272.5,280.7,309101.0
2025-08-12,282.8,290.35,274.55,287.35,817476.0
2025-08-13,290.0,295.8,279.15,283.15,557070.0
2025-08-14,269.0,283.0,259.3,279.95,1092949.0
2025-08-18,286.0,299.85,285.25,297.95,1116991.0
2025-08-19,307.9,309.9,293.1,295.8,1502384.0
2025-08-20,297.85,299.1,287.55,289.95,601145.0
2025-08-21,291.8,294.85,280.1,281.15,332665.0
2025-08-22,282.15,284.65,272.85,278.65,627587.0
2025-08-25,279.95,281.45,271.5,273.65,275278.0
2025-08-26,271.1,277.25,265.0,273.15,351753.0
2025-08-28,276.4,279.9,264.45,266.3,371321.0
2025-08-29,269.45,271.9,257.8,260.7,313157.0
2025-09-01,261.95,281.5,261.95,277.0,508185.0
2025-09-02,280.4,285.9,274.3,277.85,418561.0
2025-09-03,277.85,292.0,277.85,283.95,926545.0
2025-09-04,288.05,291.0,279.9,285.45,579414.0
2025-09-05,285.0,297.0,281.9,292.4,790543.0
2025-09-08,299.9,302.0,282.55,285.5,1081397.0
2025-09-09,289.95,294.0,283.0,290.95,435055.0
2025-09-10,291.9,294.95,281.25,283.95,337090.0
2025-09-11,283.95,285.5,275.65,277.2,298352.0
2025-09-12,278.2,288.75,277.5,283.55,245492.0
2025-09-15,282.75,283.5,277.0,278.1,244239.0
2025-09-16,280.0,281.25,267.25,271.75,410296.0
2025-09-17,273.7,273.7,266.1,268.1,170029.0
2025-09-18,269.4,281.4,269.4,276.1,451350.0
2025-09-19,278.0,288.1,277.5,282.35,723450.0
2025-09-22,280.4,284.0,271.0,272.55,250873.0
2025-09-23,274.75,275.55,266.05,266.75,234617.0
2025-09-24,267.95,269.65,260.0,261.55,296704.0
2025-09-25,262.0,266.6,252.95,254.05,285971.0
2025-09-26,255.0,260.9,243.75,245.4,508614.0
2025-09-29,250.05,251.0,240.3,241.8,233178.0
2025-09-30,243.8,247.5,235.95,236.95,246326.0
2025-10-01,236.5,243.8,235.24,239.25,318153.0
2025-10-03,241.0,248.0,240.22,244.37,140061.0
2025-10-06,244.37,246.41,227.41,234.89,482877.0
2025-10-07,235.0,246.5,234.75,237.21,293176.0
2025-10-08,237.0,250.65,235.6,247.46,326139.0
2025-10-09,246.6,246.6,233.0,235.72,278754.0
2025-10-10,235.72,245.4,235.24,241.13,231358.0
2025-10-13,239.9,239.9,234.16,235.12,93923.0
2025-10-14,235.5,238.92,224.99,230.29,162496.0
2025-10-15,230.5,234.52,230.03,230.57,92163.0
2025-10-16,234.0,236.8,219.11,223.47,436594.0
2025-10-17,225.9,228.78,209.43,217.66,312734.0
2025-10-20,219.0,229.49,213.22,223.91,354349.0
2025-10-21,225.1,232.0,225.1,230.35,78280.0
2025-10-23,234.49,236.5,224.55,225.97,157792.0
2025-10-24,224.5,225.85,219.01,222.81,147422.0
2025-10-27,224.8,240.24,223.3,229.73,461083.0
2025-10-28,229.75,236.9,226.1,227.48,173261.0
2025-10-29,228.4,228.4,224.0,225.95,89682.0
2025-10-30,227.2,231.53,225.0,225.98,120386.0
2025-10-31,226.3,232.0,223.65,231.0,170072.0
2025-11-03,228.2,235.86,225.34,232.37,114755.0
2025-11-04,232.37,234.19,229.25,233.0,106207.0
2025-11-06,232.0,235.78,218.15,220.21,274904.0
2025-11-07,220.88,223.71,216.98,220.64,127607.0
2025-11-10,221.0,221.08,212.2,216.3,135949.0
2025-11-11,216.3,219.54,212.5,213.01,77384.0
2025-11-12,214.61,219.08,212.99,217.06,119700.0
2025-11-13,217.06,218.96,207.74,208.88,106895.0
2025-11-14,205.1,219.11,205.1,215.3,189607.0
2025-11-17,217.02,221.49,211.68,212.7,119099.0
2025-11-18,215.0,217.79,211.06,212.5,78988.0
2025-11-19,214.1,214.11,203.99,206.04,140399.0
2025-11-20,207.69,210.79,203.1,204.7,163858.0
2025-11-21,205.0,206.99,196.95,198.17,99199.0
2025-11-24,198.0,198.57,190.1,191.0,166431.0
2025-11-25,189.3,202.5,189.3,198.5,182177.0
2025-11-26,201.99,209.75,200.12,201.75,126073.0
2025-11-27,203.75,204.9,192.45,197.49,176331.0
2025-11-28,199.07,199.07,192.0,195.5,80889.0
2025-12-01,198.7,202.8,187.55,196.99,147910.0
2025-12-02,194.65,200.01,189.21,192.54,385371.0
2025-12-03,192.74,193.11,183.0,187.7,108909.0
2025-12-04,189.01,195.0,185.68,189.78,96719.0
2025-12-05,191.3,191.3,185.56,187.21,67935.0
2025-12-08,194.64,205.5,176.3,186.29,14599563.0
2025-12-09,181.5,185.95,177.0,181.12,1252713.0
2025-12-10,180.9,183.0,171.0,171.86,391085.0
2025-12-11,172.11,174.01,169.32,173.14,221395.0
2025-12-12,174.0,175.03,172.0,174.11,134630.0
2025-12-15,174.1,187.0,172.35,184.25,356760.0
2025-12-16,185.72,185.72,180.1,181.26,117895.0
2025-12-17,180.5,181.26,173.56,177.0,112184.0
2025-12-18,176.12,176.12,170.8,172.0,128817.0
2025-12-19,172.01,175.0,172.01,174.78,71387.0
2025-12-22,175.49,181.54,175.21,181.0,88478.0
2025-12-23,178.75,183.48,178.75,180.61,61218.0
2025-12-24,180.6,181.47,173.61,174.14,132383.0
2025-12-26,175.0,178.08,173.0,173.01,77227.0
2025-12-29,173.9,174.87,172.0,173.95,59830.0
2025-12-30,172.16,172.71,168.48,170.46,112079.0
2025-12-31,173.0,185.5,170.98,176.41,770123.0
2026-01-01,179.06,197.45,179.06,190.29,2121691.0
2026-01-02,190.0,191.67,184.62,187.0,177773.0
2026-01-05,192.0,192.75,180.66,186.18,135797.0
2026-01-06,187.67,194.25,181.25,193.13,242534.0
2026-01-07,193.0,193.0,186.41,187.43,91166.0
2026-01-08,188.4,188.93,175.63,177.17,109826.0
2026-01-09,175.3,176.5,168.0,169.26,128822.0
2026-01-12,169.0,172.49,159.34,162.02,346112.0
2026-01-13,164.4,167.01,160.6,161.55,155102.0
2026-01-14,161.25,167.0,161.25,165.86,65855.0
2026-01-15,165.86000061035156,165.86000061035156,165.86000061035156,165.86000061035156,0.0
2026-01-16,172.48,197.43,170.05,189.77,8535905.0
2026-01-19,200.0,207.5,190.35,195.34,4489034.0
2026-01-20,194.5,194.76,179.47,182.89,812956.0
2026-01-21,182.7,185.0,167.27,171.9,1138217.0
2026-01-22,176.0,181.2,172.2,173.69,449713.0
2026-01-23,173.45,175.08,162.01,164.95,349292.0
2026-01-27,167.4,172.4,161.65,171.27,333468.0
2026-01-28,173.51,175.79,166.7,171.16,340122.0
2026-01-29,170.5,175.91,165.95,174.39,312510.0
2026-01-30,172.0,175.5,167.2,170.05,136612.0
2026-02-01,169.89,171.88,160.51,163.21,409667.0
2026-02-02,161.05,166.0,159.21,165.08,130358.0
2026-02-03,175.0,178.0,166.05,169.93,441859.0
2026-02-04,175.0,184.0,170.51,182.02,401260.0
2026-02-05,183.48,184.32,178.0,181.93,217773.0
2026-02-06,180.0,181.01,175.61,179.18,183196.0
2026-02-09,182.0,191.0,180.41,187.27,466780.0
2026-02-10,189.0,198.7,187.0,195.98,467714.0
2026-02-11,198.8,198.8,191.41,196.38,385927.0
2026-02-12,199.0,199.0,192.2,194.5,222054.0
2026-02-13,195.0,195.98,185.01,186.38,292288.0
2026-02-16,186.9,192.01,184.16,187.55,250387.0
2026-02-17,186.7,191.9,184.23,188.24,316119.0
2026-02-18,190.0,194.8,187.24,189.58,281509.0
2026-02-19,191.1,191.1,179.1,181.24,203636.0
2026-02-20,180.0,181.73,177.28,178.65,128313.0
2026-02-23,180.0,180.49,172.1,173.29,131405.0
2026-02-24,173.4,174.0,170.0,172.56,88278.0
2026-02-25,172.7,175.13,169.44,171.46,84858.0
2026-02-26,172.99,175.6,169.25,171.62,140490.0
2026-02-27,170.1,173.5,168.2,169.82,98542.0
2026-03-02,160.0,170.19,160.0,165.77,211936.0
2026-03-04,165.99,190.0,161.93,179.33,23753254.0
2026-03-05,180.42,197.7,173.6,180.67,15063578.0
2026-03-06,177.0,181.55,171.12,172.75,1078758.0
2026-03-09,169.1,172.0,161.67,164.1,703866.0
2026-03-10,167.6,169.43,160.92,161.9,1249618.0
2026-03-11,169.0,189.0,169.0,182.71,6718107.0
2026-03-12,182.0,182.0,174.26,175.04,639502.0
2026-03-13,175.04,176.44,165.0,165.69,467460.0
2026-03-16,164.1,169.29,163.02,166.56,470902.0
2026-03-17,168.23,170.84,163.1,168.78,377000.0
2026-03-18,168.5,177.87,167.61,171.5,506620.0
2026-03-19,171.5,171.5,165.0,165.49,249599.0
2026-03-20,168.0,170.92,166.1,168.1,255114.0
2026-03-23,169.69,169.99,152.23,153.77,559568.0
2026-03-24,159.15,164.5,156.0,157.82,491358.0
2026-03-25,160.75,166.38,159.44,164.66,595753.0
2026-03-27,163.1,163.2,155.87,160.07,630511.0
2026-03-30,157.05,158.66,151.01,153.73,901098.0
2026-04-01,160.0,175.0,158.12,169.4,465363.0
2026-04-02,165.0,174.0,161.15,171.98,432758.0
2026-04-06,171.01,176.0,167.81,174.77,350439.0
2026-04-07,175.62,176.0,170.2,172.52,171824.0
2026-04-08,181.65,188.88,176.24,185.16,634791.0
2026-04-09,186.55,192.4,182.8,186.36,494660.0
2026-04-10,187.85,192.9,183.5,188.86,560119.0
2026-04-13,187.0,188.82,182.2,184.3,363421.0
2026-04-15,188.5,202.8,188.5,196.44,1043028.0
2026-04-16,198.8,200.89,192.66,196.38,342681.0
2026-04-17,196.93,213.5,193.65,210.99,1833662.0
2026-04-20,212.6,223.0,212.6,215.29,1361391.0
2026-04-21,217.01,219.0,210.2,211.82,580153.0
2026-04-22,212.0,219.31,211.3,216.09,552773.0
2026-04-23,218.95,222.5,214.99,218.36,981076.0
2026-04-24,224.0,230.0,211.0,213.26,1303967.0
2026-04-27,215.4,221.0,215.4,218.18,455019.0
2026-04-28,219.9,219.9,211.51,212.65,387568.0
2026-04-29,213.5,217.5,208.29,211.01,448194.0
2026-04-30,210.0,210.47,203.24,207.47,306696.0
2026-05-01,207.47000122070312,207.47000122070312,207.47000122070312,207.47000122070312,0.0
2026-05-04,207.47,218.31,207.46,216.47,456120.0
2026-05-05,218.09,218.09,211.32,213.83,210328.0
2026-05-06,220.0,234.8,218.1,221.8,3371281.0
2026-05-07,224.85,228.9,219.0,221.68,576165.0
2026-05-08,223.3,224.9,216.24,218.37,312911.0
2026-05-11,217.5,218.49,210.92,211.64,292318.0
2026-05-12,210.1,211.24,199.22,200.35,403292.0
2026-05-13,199.0,207.14,199.0,205.18,187906.0
2026-05-14,206.6,206.6,196.78,198.87,337346.0
2026-05-15,199.0,203.0,196.35,198.59,236879.0
2026-05-18,196.0,197.39,187.52,192.12,274851.0
2026-05-19,193.0,206.0,192.99,204.29,276731.0
2026-05-20,203.95,203.95,196.25,197.92,215820.0
2026-05-21,199.5,207.65,195.0,199.82,351093.0
2026-05-22,200.39,209.95,200.39,206.43,492287.0
2026-05-25,209.6,212.9,207.0,211.52,283118.0
2026-05-26,210.1,218.14,208.27,211.62,318114.0
2026-05-27,213.0,221.7,210.42,219.59,465235.0
2026-05-28,219.58999633789065,219.58999633789065,219.58999633789065,219.58999633789065,0.0
2026-05-29,222.3,222.3,204.1,207.62,1017274.0
2026-06-01,207.51,208.32,201.0,202.07,283023.0
2026-06-02,200.81,211.2,196.21,206.61,303742.0
2026-06-03,205.75,206.0,199.1,201.97,256427.0
2026-06-04,202.9,207.59,199.11,200.38,367345.0
2026-06-05,201.9,202.9,196.0,197.0,229440.0
2026-06-08,192.4,196.9,187.6,189.13,280424.0
2026-06-09,191.78,194.99,189.81,193.65,149644.0
2026-06-10,194.9,195.15,185.1,186.01,166871.0
2026-06-11,186.3,188.47,182.16,183.82,190328.0
2026-06-12,187.5,192.39,184.62,189.31,315796.0
2026-06-15,190.2,193.96,185.0,186.97,689336.0
2026-06-16,188.9,194.8,187.01,190.1,472228.0
2026-06-17,190.1,191.72,187.72,190.49,189563.0
2026-06-18,190.99,194.45,186.1,187.0,255297.0
2026-06-19,187.7,203.9,186.2,198.3,1442976.0
2026-06-22,199.28,212.25,196.13,209.29,1286495.0
2026-06-23,211.9,216.93,202.55,204.4,887168.0
2026-06-24,206.0,212.0,204.62,208.7,551676.0
2026-06-25,208.7,209.24,197.9,199.07,327762.0
2026-06-26,199.07000732421875,199.07000732421875,199.07000732421875,199.07000732421875,0.0
2026-06-29,199.19,199.49,195.02,197.68,170288.0
2026-06-30,197.69,198.88,194.5,196.82,151712.0
2026-07-01,197.0,201.9,193.62,194.77,193600.0
2026-07-02,196.32,203.9,195.25,198.49,708378.0
2026-07-03,200.0,201.79,195.31,196.48,210381.0
2026-07-06,196.48,200.69,195.6,196.65,161715.0
2026-07-07,196.04,197.39,189.96,190.58,168930.0
2026-07-08,191.0,193.59,185.5,186.93,194104.0
2026-07-09,186.91,192.89,186.6,189.99,138102.0
2026-07-10,193.09,195.05,191.02,193.15,175814.0
2026-07-13,191.41,193.72,189.61,192.16,95000.0
2026-07-14,192.9,197.88,189.29,191.52,249134.0
2026-07-15,193.0,204.5,193.0,203.11,574206.0
2026-07-16,205.9,213.48,202.01,206.95,1144416.0
2026-07-17,205.95,206.89,200.05,205.8,274172.0
2026-07-20,204.0,208.8,202.0,206.97,196804.0
2026-07-21,209.0,210.43,204.5,207.47,382147.0
2026-07-22,205.01,206.79,200.55,201.53,109956.0
2026-07-23,199.5,203.26,196.56,198.71,209582.0
2026-07-24,196.01,201.0,194.0,199.39,136563.0
2026-07-27,200.9,203.22,197.0,198.57,105665.0
2026-07-28,197.25,199.34,193.1,194.0,118148.0
2026-07-29,195.1,198.0,194.75,196.19,80137.0
2026-07-30,196.19,196.19,189.99,192.32,86301.0
2026-07-31,193.10000610351562,195.86000061035156,190.25,191.75,211397.0
2026-08-03,192.22999572753906,198.38999938964844,192.22999572753906,196.1300048828125,151774.0
