Datetime,Open,High,Low,Close,Volume
2024-02-29 09:15:00,215.0,219.65,201.2,202.2,8077154
2024-02-29 10:15:00,202.25,211.75,201.05,207.15,4781394
2024-02-29 11:15:00,207.2,207.65,203.35,205.25,1161157
2024-02-29 12:15:00,205.25,205.75,200.1,201.4,1005201
2024-02-29 13:15:00,201.4,202.8,196.2,199.7,1656553
2024-02-29 14:15:00,199.8,202.45,198.25,200.0,1019016
2024-02-29 15:15:00,200.0,202.9,199.55,200.3,562239
2024-03-01 09:15:00,193.7,195.95,185.45,188.1,1901309
2024-03-01 10:15:00,188.1,190.55,186.15,188.5,428674
2024-03-01 11:15:00,188.4,193.2,187.85,191.4,333589
2024-03-01 12:15:00,191.4,192.1,190.6,191.5,175339
2024-03-01 13:15:00,191.5,192.0,191.2,191.6,124327
2024-03-01 14:15:00,191.6,192.55,190.25,191.75,294556
2024-03-01 15:15:00,191.9,191.9,190.35,190.9,223109
2024-03-02 09:15:00,191.65,195.9,188.7,194.95,201885
2024-03-02 11:15:00,194.95,195.95,191.6,192.1,110555
2024-03-02 12:15:00,192.0,192.95,190.1,191.8,65858
2024-03-04 09:15:00,191.7,191.8,182.55,183.5,448910
2024-03-04 10:15:00,183.5,184.5,180.55,183.55,338093
2024-03-04 11:15:00,183.25,185.8,182.4,183.55,360674
2024-03-04 12:15:00,183.65,184.15,182.85,183.1,63572
2024-03-04 13:15:00,183.1,183.3,181.65,182.75,63550
2024-03-04 14:15:00,182.4,183.9,181.55,181.55,149664
2024-03-04 15:15:00,181.75,182.25,180.7,180.7,120462
2024-03-05 09:15:00,181.35,181.35,171.3,171.5,433210
2024-03-05 10:15:00,171.5,174.3,170.6,173.0,525907
2024-03-05 11:15:00,173.0,173.15,172.05,172.5,66098
2024-03-05 12:15:00,172.6,181.05,172.15,179.95,385242
2024-03-05 13:15:00,179.85,182.4,177.8,178.15,174873
2024-03-05 14:15:00,178.2,178.3,177.65,178.1,120208
2024-03-05 15:15:00,178.1,178.95,177.25,177.6,91764
2024-03-06 09:15:00,175.2,176.7,170.75,171.0,165357
2024-03-06 10:15:00,171.0,172.8,170.5,171.5,194730
2024-03-06 11:15:00,171.4,172.15,170.25,170.5,81635
2024-03-06 12:15:00,170.6,171.5,168.85,170.0,148987
2024-03-06 13:15:00,170.0,170.05,169.15,169.5,97875
2024-03-06 14:15:00,169.6,170.25,168.6,169.05,234763
2024-03-06 15:15:00,169.15,169.15,167.5,167.6,66429
2024-03-07 09:15:00,168.6,176.7,168.0,174.55,355838
2024-03-07 10:15:00,175.0,177.75,173.95,174.0,173273
2024-03-07 11:15:00,173.85,174.4,172.75,173.45,35685
2024-03-07 12:15:00,173.25,174.0,172.65,173.5,41968
2024-03-07 13:15:00,173.6,173.7,171.6,172.0,113648
2024-03-07 14:15:00,171.8,172.2,171.2,171.5,89306
2024-03-07 15:15:00,171.4,172.1,171.25,171.75,86648
2024-03-11 09:15:00,171.8,173.0,168.65,169.25,313727
2024-03-11 10:15:00,169.4,174.15,169.25,170.15,360636
2024-03-11 11:15:00,170.15,171.05,167.8,169.05,276164
2024-03-11 12:15:00,169.05,169.55,167.35,167.9,197150
2024-03-11 13:15:00,167.9,168.15,165.8,165.8,46539
2024-03-11 14:15:00,165.8,165.8,164.1,164.4,116949
2024-03-11 15:15:00,164.45,164.55,161.5,161.95,70717
2024-03-12 09:15:00,163.7,164.7,154.1,154.8,457904
2024-03-12 10:15:00,154.75,154.8,150.35,150.5,358869
2024-03-12 11:15:00,150.25,150.55,143.4,144.2,701198
2024-03-12 12:15:00,144.2,147.85,142.0,147.05,479596
2024-03-12 13:15:00,147.2,151.75,147.1,151.4,287845
2024-03-12 14:15:00,151.45,152.75,150.75,151.7,279579
2024-03-12 15:15:00,151.7,152.0,150.0,150.95,91082
2024-03-13 09:15:00,153.0,157.3,146.75,148.65,345492
2024-03-13 10:15:00,149.0,150.45,144.4,145.65,257727
2024-03-13 11:15:00,145.65,146.3,142.5,142.55,134523
2024-03-13 12:15:00,142.7,143.3,141.1,142.45,113795
2024-03-13 13:15:00,142.25,143.45,139.65,142.25,233956
2024-03-13 14:15:00,142.3,146.85,141.7,144.9,580517
2024-03-13 15:15:00,144.85,147.35,143.65,144.1,117977
2024-03-14 09:15:00,143.55,147.65,141.25,146.65,436850
2024-03-14 10:15:00,146.85,151.55,146.5,151.0,162125
2024-03-14 11:15:00,151.3,152.95,149.0,149.5,124424
2024-03-14 12:15:00,149.45,149.6,146.0,148.3,111999
2024-03-14 13:15:00,148.3,149.1,146.45,146.5,127968
2024-03-14 14:15:00,146.5,150.2,146.45,148.85,89534
2024-03-14 15:15:00,148.85,150.0,147.05,148.0,31215
2024-03-15 09:15:00,148.85,150.95,146.1,146.1,140535
2024-03-15 10:15:00,146.1,147.0,144.35,145.7,94714
2024-03-15 11:15:00,145.4,145.75,144.0,144.85,81278
2024-03-15 12:15:00,144.65,146.5,144.0,146.1,47372
2024-03-15 13:15:00,146.7,147.5,145.6,146.8,117508
2024-03-15 14:15:00,146.8,148.5,146.2,148.3,43391
2024-03-15 15:15:00,148.2,149.0,147.85,148.85,46041
2024-03-18 09:15:00,146.05,150.5,145.6,147.0,131867
2024-03-18 10:15:00,147.0,156.5,146.95,153.05,457917
2024-03-18 11:15:00,152.7,155.5,150.45,155.4,202371
2024-03-18 12:15:00,155.5,161.85,155.5,159.8,545069
2024-03-18 13:15:00,159.7,170.0,159.45,162.8,1064826
2024-03-18 14:15:00,162.85,168.95,160.4,164.05,519377
2024-03-18 15:15:00,163.95,171.1,163.65,168.15,418218
2024-03-19 09:15:00,167.0,168.3,161.35,165.0,390841
2024-03-19 10:15:00,164.65,165.9,164.15,165.4,57015
2024-03-19 11:15:00,165.2,169.4,164.55,166.0,176946
2024-03-19 12:15:00,166.0,166.95,164.2,165.7,212991
2024-03-19 13:15:00,165.6,165.6,161.05,161.35,98221
2024-03-19 14:15:00,161.6,169.15,161.05,167.7,292421
2024-03-19 15:15:00,167.7,168.25,167.0,167.5,141195
2024-03-20 09:15:00,167.55,184.25,165.15,177.9,2561180
2024-03-20 10:15:00,178.05,178.55,175.35,177.3,561648
2024-03-20 11:15:00,177.6,178.5,176.55,177.05,96185
2024-03-20 12:15:00,177.05,178.1,175.8,176.9,103107
2024-03-20 13:15:00,176.9,178.0,176.05,176.6,109098
2024-03-20 14:15:00,176.35,177.3,174.6,174.95,257208
2024-03-20 15:15:00,175.05,176.35,173.0,173.0,138626
2024-03-21 09:15:00,169.0,175.2,168.3,170.0,267114
2024-03-21 10:15:00,170.0,170.5,169.05,169.9,74268
2024-03-21 11:15:00,169.9,170.6,167.1,167.9,105208
2024-03-21 12:15:00,167.95,169.15,167.1,168.05,42671
2024-03-21 13:15:00,168.2,173.0,167.55,172.6,133521
2024-03-21 14:15:00,172.75,173.3,171.65,172.9,194920
2024-03-21 15:15:00,173.35,174.5,171.0,173.4,99415
2024-03-22 09:15:00,173.0,173.55,170.35,172.8,83878
2024-03-22 10:15:00,172.8,173.35,170.1,170.8,57981
2024-03-22 11:15:00,170.75,171.0,170.1,170.75,28739
2024-03-22 12:15:00,171.0,171.65,170.7,171.05,17994
2024-03-22 13:15:00,171.0,173.8,169.8,173.4,80045
2024-03-22 14:15:00,173.35,174.2,172.55,173.75,75704
2024-03-22 15:15:00,173.7,174.45,173.7,173.85,39047
2024-03-26 09:15:00,170.2,173.65,169.0,169.9,84951
2024-03-26 10:15:00,169.7,170.9,169.6,170.65,23159
2024-03-26 11:15:00,170.65,170.65,169.85,170.0,56084
2024-03-26 12:15:00,169.95,170.15,169.5,169.9,17545
2024-03-26 13:15:00,169.75,169.8,169.3,169.55,14335
2024-03-26 14:15:00,169.55,172.2,169.3,171.85,115694
2024-03-26 15:15:00,171.85,173.4,171.85,172.45,42619
2024-03-27 09:15:00,172.35,179.0,172.35,173.45,258842
2024-03-27 10:15:00,173.55,176.55,173.15,173.9,71378
2024-03-27 11:15:00,173.7,174.45,173.3,173.6,34853
2024-03-27 12:15:00,173.6,174.0,172.8,172.9,15810
2024-03-27 13:15:00,172.45,175.8,171.6,175.5,89804
2024-03-27 14:15:00,175.4,177.45,174.85,176.8,214876
2024-03-27 15:15:00,176.8,178.55,176.8,178.5,98335
2024-03-28 09:15:00,178.35,178.85,173.3,174.45,144125
2024-03-28 10:15:00,174.4,174.9,170.8,172.45,128302
2024-03-28 11:15:00,172.4,174.3,172.0,173.1,57264
2024-03-28 12:15:00,173.1,174.45,172.0,173.6,39067
2024-03-28 13:15:00,173.55,175.95,173.0,175.8,57574
2024-03-28 14:15:00,175.9,177.5,175.6,176.15,125075
2024-03-28 15:15:00,176.1,177.0,175.8,176.3,91218
2024-04-01 09:15:00,180.05,184.5,178.8,181.3,226299
2024-04-01 10:15:00,181.3,181.6,180.8,181.4,35253
2024-04-01 11:15:00,181.15,182.0,181.05,181.15,20195
2024-04-01 12:15:00,181.3,184.45,181.1,183.0,69643
2024-04-01 13:15:00,183.0,183.3,181.05,181.6,36048
2024-04-01 14:15:00,181.25,182.95,179.1,179.8,80661
2024-04-01 15:15:00,179.05,180.0,173.05,174.6,167985
2024-04-02 09:15:00,175.75,179.3,173.05,178.25,96798
2024-04-02 10:15:00,178.25,178.45,176.2,177.1,28041
2024-04-02 11:15:00,177.5,179.0,176.6,177.5,24343
2024-04-02 12:15:00,177.5,178.05,176.75,177.85,15069
2024-04-02 13:15:00,177.6,179.55,177.6,179.0,34926
2024-04-02 14:15:00,178.8,184.45,178.4,183.0,163273
2024-04-02 15:15:00,183.0,184.0,182.25,183.0,43853
2024-04-03 09:15:00,182.9,182.9,180.2,181.4,113331
2024-04-03 10:15:00,181.95,189.5,181.55,186.5,455566
2024-04-03 11:15:00,186.5,186.9,184.1,184.75,78048
2024-04-03 12:15:00,184.5,186.2,184.45,186.0,40578
2024-04-03 13:15:00,185.8,186.5,185.0,185.5,35765
2024-04-03 14:15:00,185.3,188.9,184.5,186.4,109112
2024-04-03 15:15:00,186.2,186.4,184.1,185.4,54041
2024-04-04 09:15:00,187.45,189.5,183.35,184.55,140818
2024-04-04 10:15:00,184.3,185.75,181.8,183.3,86092
2024-04-04 11:15:00,183.55,184.3,182.6,183.15,25211
2024-04-04 12:15:00,183.15,183.55,182.55,182.8,16669
2024-04-04 13:15:00,183.1,183.7,182.65,183.5,20857
2024-04-04 14:15:00,183.6,184.95,182.1,183.75,63815
2024-04-04 15:15:00,183.75,183.75,181.5,182.5,45547
2024-04-05 09:15:00,185.6,185.65,181.25,182.6,94963
2024-04-05 10:15:00,182.6,184.9,182.6,183.15,18865
2024-04-05 11:15:00,183.15,184.65,183.1,183.5,27558
2024-04-05 12:15:00,183.5,183.75,183.3,183.4,13719
2024-04-05 13:15:00,183.5,184.5,183.3,184.1,20429
2024-04-05 14:15:00,184.1,184.4,183.3,183.4,29552
2024-04-05 15:15:00,183.5,183.65,176.2,177.0,25757
2024-04-08 09:15:00,184.55,184.85,180.75,180.75,76857
2024-04-08 10:15:00,180.75,181.85,180.65,181.55,16379
2024-04-08 11:15:00,181.65,182.3,181.5,181.5,19482
2024-04-08 12:15:00,181.5,181.7,181.05,181.3,6113
2024-04-08 13:15:00,181.1,181.4,179.05,179.5,22748
2024-04-08 14:15:00,179.2,179.45,177.55,178.05,33992
2024-04-08 15:15:00,178.05,178.3,177.0,177.5,31223
2024-04-09 09:15:00,181.0,194.5,181.0,182.85,728412
2024-04-09 10:15:00,183.0,184.7,181.5,182.0,117623
2024-04-09 11:15:00,182.0,182.85,181.6,182.35,50690
2024-04-09 12:15:00,182.3,182.45,180.3,180.5,66592
2024-04-09 13:15:00,180.55,180.75,172.15,173.85,303269
2024-04-09 14:15:00,173.85,174.7,172.5,174.25,111197
2024-04-09 15:15:00,174.25,175.85,173.0,173.7,94605
2024-04-10 09:15:00,176.5,179.4,174.0,174.1,105221
2024-04-10 10:15:00,174.35,174.35,170.7,172.0,131626
2024-04-10 11:15:00,172.0,173.0,171.85,172.25,24391
2024-04-10 12:15:00,172.25,173.5,172.25,172.6,18040
2024-04-10 13:15:00,172.45,173.5,172.0,172.7,27908
2024-04-10 14:15:00,172.45,173.0,171.85,172.25,33502
2024-04-10 15:15:00,172.0,172.5,171.0,172.0,49352
2024-04-12 09:15:00,172.0,176.8,171.45,172.9,135579
2024-04-12 10:15:00,172.9,175.5,172.75,174.1,54032
2024-04-12 11:15:00,174.35,177.5,174.1,176.05,88753
2024-04-12 12:15:00,176.05,176.3,173.7,174.35,34989
2024-04-12 13:15:00,174.35,175.5,174.35,175.45,17188
2024-04-12 14:15:00,175.25,175.45,174.4,174.5,36125
2024-04-12 15:15:00,174.5,175.0,174.3,175.0,27448
2024-04-15 09:15:00,168.0,172.95,167.05,169.45,147307
2024-04-15 10:15:00,169.45,170.2,169.25,169.65,20986
2024-04-15 11:15:00,169.65,169.95,168.7,169.5,25139
2024-04-15 12:15:00,169.9,169.95,168.1,168.45,26436
2024-04-15 13:15:00,168.1,168.55,167.2,167.35,48632
2024-04-15 14:15:00,167.35,167.45,165.0,165.1,72542
2024-04-15 15:15:00,165.0,166.1,164.7,165.7,61042
2024-04-16 09:15:00,167.35,169.7,164.1,168.65,107919
2024-04-16 10:15:00,168.3,169.75,167.7,168.0,36726
2024-04-16 11:15:00,168.25,169.5,168.0,168.8,39722
2024-04-16 12:15:00,168.65,169.25,167.55,168.7,28163
2024-04-16 13:15:00,168.6,169.45,168.0,168.35,21909
2024-04-16 14:15:00,168.35,168.95,168.05,168.65,34397
2024-04-16 15:15:00,168.65,169.15,167.5,168.75,26592
2024-04-18 09:15:00,172.0,172.7,168.95,170.7,61772
2024-04-18 10:15:00,170.7,172.0,170.25,171.9,28282
2024-04-18 11:15:00,171.9,172.95,170.9,171.1,31328
2024-04-18 12:15:00,171.25,171.85,169.85,170.35,25250
2024-04-18 13:15:00,170.4,170.75,169.25,170.0,23967
2024-04-18 14:15:00,170.0,171.05,169.45,170.7,47344
2024-04-18 15:15:00,170.5,171.0,170.0,170.65,19685
2024-04-19 09:15:00,167.1,169.65,166.2,169.65,58540
2024-04-19 10:15:00,169.55,169.65,168.0,169.55,24425
2024-04-19 11:15:00,169.4,170.5,169.0,169.4,9477
2024-04-19 12:15:00,169.4,170.5,169.0,170.05,15066
2024-04-19 13:15:00,170.25,170.5,169.3,170.2,6196
2024-04-19 14:15:00,170.2,170.3,168.8,169.9,26620
2024-04-19 15:15:00,169.7,171.4,168.45,170.0,19834
2024-04-22 09:15:00,171.0,176.95,171.0,171.65,40654
2024-04-22 10:15:00,171.65,173.05,171.3,171.9,18292
2024-04-22 11:15:00,171.65,172.0,168.4,169.7,42822
2024-04-22 12:15:00,169.65,170.85,169.55,170.5,8248
2024-04-22 13:15:00,170.5,170.85,170.0,170.4,43220
2024-04-22 14:15:00,170.05,170.35,168.75,168.9,17347
2024-04-22 15:15:00,169.25,169.75,165.0,167.2,47523
2024-04-23 09:15:00,169.5,170.55,167.7,170.3,45979
2024-04-23 10:15:00,170.3,170.8,169.2,170.4,29438
2024-04-23 11:15:00,170.15,170.65,169.6,170.0,10107
2024-04-23 12:15:00,170.0,170.4,169.4,169.65,19090
2024-04-23 13:15:00,169.4,170.25,169.1,170.0,12010
2024-04-23 14:15:00,170.0,170.2,169.0,169.0,15092
2024-04-23 15:15:00,169.2,169.75,168.55,169.5,16119
2024-04-24 09:15:00,170.75,172.15,170.0,171.0,36747
2024-04-24 10:15:00,171.0,173.95,170.9,172.25,41236
2024-04-24 11:15:00,172.25,172.45,171.0,172.2,14892
2024-04-24 12:15:00,172.0,175.25,172.0,174.55,67798
2024-04-24 13:15:00,174.55,174.95,173.9,174.25,22857
2024-04-24 14:15:00,174.25,174.45,172.55,174.05,55688
2024-04-24 15:15:00,174.05,174.05,173.0,173.6,27104
2024-04-25 09:15:00,175.35,179.7,174.0,179.05,145410
2024-04-25 10:15:00,179.05,180.5,177.5,178.7,145241
2024-04-25 11:15:00,178.7,181.0,178.0,178.75,137063
2024-04-25 12:15:00,178.75,178.9,178.15,178.5,20650
2024-04-25 13:15:00,178.5,178.6,177.35,177.75,27651
2024-04-25 14:15:00,178.0,178.75,176.3,177.5,50777
2024-04-25 15:15:00,177.45,178.5,177.0,177.75,29728
2024-04-26 09:15:00,178.0,180.0,175.4,177.15,77310
2024-04-26 10:15:00,177.15,178.95,177.0,178.45,36260
2024-04-26 11:15:00,178.45,178.65,177.5,178.25,15867
2024-04-26 12:15:00,178.15,178.25,175.75,176.8,112172
2024-04-26 13:15:00,176.8,177.45,175.25,175.75,94725
2024-04-26 14:15:00,175.75,176.6,175.4,175.8,30481
2024-04-26 15:15:00,175.8,176.55,175.75,176.45,24503
2024-04-29 09:15:00,178.0,178.0,175.0,175.05,51936
2024-04-29 10:15:00,175.0,176.45,173.0,174.0,114442
2024-04-29 11:15:00,174.0,175.0,173.6,174.1,24767
2024-04-29 12:15:00,174.0,174.3,171.9,173.0,59380
2024-04-29 13:15:00,172.8,173.6,172.5,172.5,17535
2024-04-29 14:15:00,172.5,173.0,172.1,172.5,23099
2024-04-29 15:15:00,172.5,173.8,172.0,173.0,35983
2024-04-30 09:15:00,173.0,174.7,172.1,172.5,120198
2024-04-30 10:15:00,172.35,173.3,171.55,172.25,64329
2024-04-30 11:15:00,172.3,172.45,171.6,172.3,9691
2024-04-30 12:15:00,172.3,173.5,171.8,172.95,20999
2024-04-30 13:15:00,172.95,173.6,172.6,173.35,14473
2024-04-30 14:15:00,173.35,173.35,171.9,172.45,20884
2024-04-30 15:15:00,172.45,172.6,171.5,172.1,14795
2024-05-02 09:15:00,172.25,173.85,171.4,171.4,79923
2024-05-02 10:15:00,171.3,172.8,171.1,171.6,46415
2024-05-02 11:15:00,171.6,171.7,171.0,171.2,26666
2024-05-02 12:15:00,171.2,172.05,171.05,171.65,23363
2024-05-02 13:15:00,171.65,172.25,171.05,172.0,34928
2024-05-02 14:15:00,172.0,172.05,170.3,171.05,19430
2024-05-02 15:15:00,171.05,171.4,168.1,170.5,35821
2024-05-03 09:15:00,171.0,172.9,170.5,170.5,70603
2024-05-03 10:15:00,170.5,170.75,169.05,169.9,18016
2024-05-03 11:15:00,169.9,171.75,169.6,170.45,28374
2024-05-03 12:15:00,170.2,170.5,169.45,170.1,9547
2024-05-03 13:15:00,170.0,170.9,169.6,170.85,31745
2024-05-03 14:15:00,171.0,172.5,170.85,172.0,32604
2024-05-03 15:15:00,172.0,173.6,170.6,170.7,25475
2024-05-06 09:15:00,172.95,173.4,169.0,169.9,47305
2024-05-06 10:15:00,169.45,170.8,168.55,169.8,14938
2024-05-06 11:15:00,169.6,170.8,169.05,169.9,32004
2024-05-06 12:15:00,169.9,170.45,169.4,170.15,15946
2024-05-06 13:15:00,170.0,170.6,169.4,169.9,11327
2024-05-06 14:15:00,169.6,170.7,168.65,169.0,31966
2024-05-06 15:15:00,168.85,169.0,168.0,168.5,20050
2024-05-07 09:15:00,168.95,170.2,163.8,164.75,99051
2024-05-07 10:15:00,164.75,164.95,164.2,164.4,17865
2024-05-07 11:15:00,164.6,164.95,163.9,164.6,27556
2024-05-07 12:15:00,164.55,164.75,161.75,162.0,54895
2024-05-07 13:15:00,162.0,163.65,161.7,162.45,41665
2024-05-07 14:15:00,162.45,163.3,161.95,162.35,42844
2024-05-07 15:15:00,162.35,162.35,161.0,161.3,26570
2024-05-08 09:15:00,161.5,164.05,159.5,163.5,38502
2024-05-08 10:15:00,163.25,171.85,162.5,167.6,82884
2024-05-08 11:15:00,167.6,167.6,166.05,166.25,29421
2024-05-08 12:15:00,166.25,168.2,166.25,167.8,23333
2024-05-08 13:15:00,167.8,167.85,165.15,165.5,17688
2024-05-08 14:15:00,165.55,167.6,165.5,167.05,36438
2024-05-08 15:15:00,167.1,167.9,167.0,167.1,14993
2024-05-09 09:15:00,169.0,169.55,166.25,166.85,34003
2024-05-09 10:15:00,166.8,168.8,162.95,163.95,89386
2024-05-09 11:15:00,163.95,164.45,163.0,164.0,41919
2024-05-09 12:15:00,163.5,164.3,163.1,163.75,18455
2024-05-09 13:15:00,163.45,165.35,163.2,164.5,16441
2024-05-09 14:15:00,164.45,165.2,163.1,163.7,26096
2024-05-09 15:15:00,163.75,163.9,162.95,163.9,18075
2024-05-10 09:15:00,163.8,165.7,162.55,163.8,74074
2024-05-10 10:15:00,163.8,164.6,161.15,162.1,55928
2024-05-10 11:15:00,162.1,162.65,160.4,160.9,32702
2024-05-10 12:15:00,161.2,161.45,158.7,159.4,25527
2024-05-10 13:15:00,159.25,160.0,158.6,158.95,38454
2024-05-10 14:15:00,158.9,159.85,158.3,158.85,55474
2024-05-10 15:15:00,158.8,159.0,158.15,158.5,24498
2024-05-13 09:15:00,159.0,159.5,153.0,153.9,89861
2024-05-13 10:15:00,153.95,154.4,153.0,154.15,22409
2024-05-13 11:15:00,154.15,155.9,153.35,153.85,48241
2024-05-13 12:15:00,153.9,154.75,153.85,154.55,10564
2024-05-13 13:15:00,154.6,155.0,153.95,154.7,20568
2024-05-13 14:15:00,154.85,154.95,153.45,153.65,26575
2024-05-13 15:15:00,153.65,154.8,153.15,154.55,26094
2024-05-14 09:15:00,155.05,156.25,154.75,155.2,37650
2024-05-14 10:15:00,155.2,155.6,154.9,155.25,15632
2024-05-14 11:15:00,155.35,155.55,154.6,155.0,45016
2024-05-14 12:15:00,155.0,155.5,154.5,154.8,14722
2024-05-14 13:15:00,154.9,155.25,154.85,155.15,11115
2024-05-14 14:15:00,155.15,155.25,154.6,154.75,13012
2024-05-14 15:15:00,154.75,155.05,154.0,155.0,16920
2024-05-15 09:15:00,155.55,158.5,155.1,156.35,107047
2024-05-15 10:15:00,156.4,156.4,154.5,155.15,35418
2024-05-15 11:15:00,155.1,155.45,154.6,154.85,11727
2024-05-15 12:15:00,154.85,155.3,154.8,155.15,12791
2024-05-15 13:15:00,155.15,155.15,154.05,154.05,19208
2024-05-15 14:15:00,154.6,155.4,154.1,154.15,27817
2024-05-15 15:15:00,154.35,160.25,154.1,154.85,70622
2024-05-16 09:15:00,157.4,157.8,154.5,157.0,84676
2024-05-16 10:15:00,156.8,157.9,153.7,153.7,37196
2024-05-16 11:15:00,153.6,153.7,152.5,152.95,53174
2024-05-16 12:15:00,152.95,153.0,152.7,153.0,15985
2024-05-16 13:15:00,153.0,153.05,152.85,153.0,27979
2024-05-16 14:15:00,152.95,153.75,152.6,152.75,40194
2024-05-16 15:15:00,152.75,153.0,152.5,152.85,32144
2024-05-17 09:15:00,153.55,155.75,153.55,155.0,43936
2024-05-17 10:15:00,155.0,155.5,154.05,155.25,12723
2024-05-17 11:15:00,155.15,155.65,155.0,155.1,11375
2024-05-17 12:15:00,155.3,156.4,155.3,155.8,17833
2024-05-17 13:15:00,155.9,156.5,155.8,156.45,17407
2024-05-17 14:15:00,156.45,159.1,156.35,158.7,56637
2024-05-17 15:15:00,158.85,158.95,158.0,158.35,24550
2024-05-18 09:15:00,159.95,160.9,158.05,160.9,32230
2024-05-18 11:15:00,161.05,163.45,160.9,162.6,49987
2024-05-18 12:15:00,162.8,162.95,162.2,162.85,7613
2024-05-21 09:15:00,164.15,164.5,160.95,163.5,62397
2024-05-21 10:15:00,163.5,163.5,162.9,163.1,9597
2024-05-21 11:15:00,163.05,164.0,163.0,164.0,12951
2024-05-21 12:15:00,163.9,164.1,163.0,163.3,20507
2024-05-21 13:15:00,163.1,164.2,162.8,163.1,19076
2024-05-21 14:15:00,163.25,169.0,163.0,163.35,151680
2024-05-21 15:15:00,163.2,164.1,162.0,162.85,38975
2024-05-22 09:15:00,165.55,165.65,162.15,162.55,75901
2024-05-22 10:15:00,162.55,162.8,162.15,162.3,14439
2024-05-22 11:15:00,162.35,162.5,162.2,162.2,8327
2024-05-22 12:15:00,162.2,162.8,162.15,162.25,9809
2024-05-22 13:15:00,162.25,162.8,160.6,160.8,17287
2024-05-22 14:15:00,160.8,161.85,159.75,160.25,46773
2024-05-22 15:15:00,160.3,160.8,159.5,160.0,25400
2024-05-23 09:15:00,161.35,161.95,159.8,160.45,19522
2024-05-23 10:15:00,160.4,160.4,156.0,156.5,74425
2024-05-23 11:15:00,156.35,157.25,156.15,156.8,58493
2024-05-23 12:15:00,156.7,156.9,156.05,156.45,20958
2024-05-23 13:15:00,156.45,156.7,155.7,156.15,27723
2024-05-23 14:15:00,156.15,156.5,155.8,156.25,29533
2024-05-23 15:15:00,156.25,156.5,155.2,156.5,33514
2024-05-24 09:15:00,156.45,158.7,154.7,155.4,81645
2024-05-24 10:15:00,155.5,155.65,155.1,155.5,8108
2024-05-24 11:15:00,155.5,155.5,155.0,155.35,9757
2024-05-24 12:15:00,155.35,155.55,155.25,155.5,7732
2024-05-24 13:15:00,155.5,155.5,154.6,155.05,22940
2024-05-24 14:15:00,155.05,155.1,153.15,153.9,42255
2024-05-24 15:15:00,154.05,154.5,153.25,154.4,20910
2024-05-27 09:15:00,154.45,156.0,152.0,152.95,49599
2024-05-27 10:15:00,152.8,153.3,152.2,153.0,13626
2024-05-27 11:15:00,153.0,153.2,152.25,152.75,12629
2024-05-27 12:15:00,152.75,152.8,150.65,151.1,54273
2024-05-27 13:15:00,151.0,151.3,150.6,151.0,28505
2024-05-27 14:15:00,151.0,151.2,145.4,146.0,268227
2024-05-27 15:15:00,146.2,147.9,146.0,147.3,47677
2024-05-28 09:15:00,147.5,148.75,145.85,147.75,111580
2024-05-28 10:15:00,147.55,148.25,147.0,147.9,27551
2024-05-28 11:15:00,147.7,147.7,147.0,147.45,22448
2024-05-28 12:15:00,147.4,147.4,145.6,146.75,34956
2024-05-28 13:15:00,146.9,147.3,146.5,146.7,8522
2024-05-28 14:15:00,146.85,148.5,146.6,148.1,26862
2024-05-28 15:15:00,147.95,147.95,147.15,147.3,16638
2024-05-29 09:15:00,147.65,148.3,145.6,147.2,45959
2024-05-29 10:15:00,147.2,147.45,146.25,146.3,17737
2024-05-29 11:15:00,146.4,147.0,146.2,147.0,14047
2024-05-29 12:15:00,147.0,147.1,146.55,146.8,16522
2024-05-29 13:15:00,147.0,147.1,146.25,146.6,13197
2024-05-29 14:15:00,146.6,146.95,146.45,146.75,11642
2024-05-29 15:15:00,146.75,146.9,146.0,146.05,20979
2024-05-30 09:15:00,146.75,147.8,146.3,146.6,31580
2024-05-30 10:15:00,146.45,146.5,145.65,145.7,16392
2024-05-30 11:15:00,145.7,145.9,144.05,144.65,20968
2024-05-30 12:15:00,144.6,144.95,144.15,144.9,10259
2024-05-30 13:15:00,144.9,145.0,144.55,144.75,7309
2024-05-30 14:15:00,144.75,145.35,144.2,144.9,27050
2024-05-30 15:15:00,144.9,145.0,144.35,144.6,12278
2024-05-31 09:15:00,146.0,146.5,143.3,143.8,27225
2024-05-31 10:15:00,143.8,144.0,142.8,143.5,23356
2024-05-31 11:15:00,143.65,143.8,143.35,143.55,5868
2024-05-31 12:15:00,143.55,143.9,143.25,143.9,6142
2024-05-31 13:15:00,143.9,144.65,143.8,144.3,11940
2024-05-31 14:15:00,144.35,144.8,143.6,144.0,18635
2024-05-31 15:15:00,144.2,145.0,143.6,144.6,11848
2024-06-03 09:15:00,148.9,149.9,146.05,147.0,37918
2024-06-03 10:15:00,147.0,147.15,145.25,145.5,20922
2024-06-03 11:15:00,145.25,145.55,145.05,145.1,8411
2024-06-03 12:15:00,145.15,148.65,144.55,147.6,50026
2024-06-03 13:15:00,147.6,148.5,146.25,147.7,17038
2024-06-03 14:15:00,147.5,147.9,145.25,145.55,15234
2024-06-03 15:15:00,145.5,146.45,143.2,146.0,27708
2024-06-04 09:15:00,145.1,145.1,138.25,140.2,90107
2024-06-04 10:15:00,140.2,140.5,137.15,137.15,45187
2024-06-04 11:15:00,137.35,137.7,132.45,133.05,74570
2024-06-04 12:15:00,133.05,137.75,128.7,134.0,77296
2024-06-04 13:15:00,133.9,135.7,133.0,133.4,76493
2024-06-04 14:15:00,133.65,133.9,130.8,132.65,52794
2024-06-04 15:15:00,132.65,133.1,132.0,133.1,22200
2024-06-05 09:15:00,136.9,137.15,132.35,135.9,57920
2024-06-05 10:15:00,135.9,141.8,135.7,141.3,46418
2024-06-05 11:15:00,141.25,141.25,139.5,140.4,36428
2024-06-05 12:15:00,140.6,140.9,139.5,139.7,13281
2024-06-05 13:15:00,139.95,140.95,139.5,140.35,19420
2024-06-05 14:15:00,140.55,141.5,139.55,141.1,27199
2024-06-05 15:15:00,141.2,141.8,141.0,141.7,11363
2024-06-06 09:15:00,142.35,144.7,142.0,143.7,43620
2024-06-06 10:15:00,143.7,144.7,143.5,144.5,9886
2024-06-06 11:15:00,144.5,144.5,141.35,141.95,35375
2024-06-06 12:15:00,142.0,142.1,140.8,141.1,35975
2024-06-06 13:15:00,141.1,142.0,140.5,141.65,20040
2024-06-06 14:15:00,141.65,142.0,141.05,141.8,13789
2024-06-06 15:15:00,141.7,142.0,141.5,142.0,14478
2024-06-07 09:15:00,141.8,144.05,141.8,143.65,27236
2024-06-07 10:15:00,143.65,143.7,142.1,142.45,40074
2024-06-07 11:15:00,142.6,145.5,142.45,144.15,175657
2024-06-07 12:15:00,144.15,146.5,144.1,145.2,23393
2024-06-07 13:15:00,145.4,146.9,145.4,146.15,20725
2024-06-07 14:15:00,146.35,147.6,146.0,147.0,59417
2024-06-07 15:15:00,147.25,147.55,146.7,147.2,16371
2024-06-10 09:15:00,148.34,149.9,147.61,148.0,43529
2024-06-10 10:15:00,147.84,148.1,146.38,146.68,23935
2024-06-10 11:15:00,146.69,147.75,146.65,146.87,16656
2024-06-10 12:15:00,146.82,147.57,146.51,146.86,13911
2024-06-10 13:15:00,146.86,147.37,145.69,146.51,29445
2024-06-10 14:15:00,146.51,147.0,145.8,146.48,20532
2024-06-10 15:15:00,146.29,146.85,145.87,146.85,12415
2024-06-11 09:15:00,146.65,148.8,146.65,148.0,45898
2024-06-11 10:15:00,148.0,148.39,147.67,147.83,11721
2024-06-11 11:15:00,147.67,148.49,147.6,147.79,17213
2024-06-11 12:15:00,147.79,148.1,147.5,147.55,11228
2024-06-11 13:15:00,147.55,148.19,147.45,147.46,9864
2024-06-11 14:15:00,147.46,147.7,147.1,147.26,13338
2024-06-11 15:15:00,147.26,148.4,147.26,147.6,8371
2024-06-12 09:15:00,149.0,149.01,147.6,148.0,28800
2024-06-12 10:15:00,148.0,150.0,147.0,147.52,56757
2024-06-12 11:15:00,147.51,148.45,147.31,148.14,14590
2024-06-12 12:15:00,148.12,148.12,147.51,147.62,10572
2024-06-12 13:15:00,147.59,149.18,147.51,148.46,21278
2024-06-12 14:15:00,148.46,148.75,148.0,148.2,20613
2024-06-12 15:15:00,148.2,149.0,148.2,148.95,12141
2024-06-13 09:15:00,148.55,149.69,147.71,148.9,21747
2024-06-13 10:15:00,148.9,150.99,148.9,149.8,36225
2024-06-13 11:15:00,149.6,152.66,148.7,152.24,66372
2024-06-13 12:15:00,152.24,156.34,151.61,155.8,112331
2024-06-13 13:15:00,155.81,155.87,154.67,155.3,31590
2024-06-13 14:15:00,155.3,155.65,154.7,155.0,40208
2024-06-13 15:15:00,155.2,155.65,155.0,155.0,18196
2024-06-14 09:15:00,156.49,157.76,154.45,155.43,63957
2024-06-14 10:15:00,155.61,156.4,155.51,156.02,16619
2024-06-14 11:15:00,156.03,156.83,155.52,155.52,16127
2024-06-14 12:15:00,155.52,155.83,152.81,153.25,34034
2024-06-14 13:15:00,153.25,154.02,153.09,153.96,10858
2024-06-14 14:15:00,153.96,155.0,153.8,154.0,14258
2024-06-14 15:15:00,154.5,154.95,154.0,154.9,11979
2024-06-18 09:15:00,154.61,156.95,154.6,154.84,30184
2024-06-18 10:15:00,154.6,155.3,154.2,154.88,16485
2024-06-18 11:15:00,154.86,155.0,154.51,154.76,12932
2024-06-18 12:15:00,154.98,155.7,154.65,155.29,22786
2024-06-18 13:15:00,155.3,155.7,154.1,154.2,20544
2024-06-18 14:15:00,154.2,155.31,153.53,154.58,23965
2024-06-18 15:15:00,154.86,155.49,154.11,155.0,10702
2024-06-19 09:15:00,155.01,156.48,152.02,153.22,35509
2024-06-19 10:15:00,153.27,153.49,151.01,151.7,24959
2024-06-19 11:15:00,151.73,152.88,151.69,152.06,20215
2024-06-19 12:15:00,152.33,152.74,151.0,151.27,14885
2024-06-19 13:15:00,151.5,151.88,150.86,151.4,13542
2024-06-19 14:15:00,151.4,151.72,150.62,150.67,24677
2024-06-19 15:15:00,150.99,151.0,150.5,151.0,12767
2024-06-20 09:15:00,151.04,151.86,149.6,151.16,43306
2024-06-20 10:15:00,151.3,151.89,150.01,150.68,17779
2024-06-20 11:15:00,150.68,151.9,150.68,151.36,8347
2024-06-20 12:15:00,151.36,152.49,151.29,151.72,25972
2024-06-20 13:15:00,151.73,151.73,150.51,151.67,17404
2024-06-20 14:15:00,151.6,152.0,150.6,151.0,23124
2024-06-20 15:15:00,151.0,151.7,149.65,151.0,26496
2024-06-21 09:15:00,151.55,153.0,151.16,152.73,27845
2024-06-21 10:15:00,152.73,153.5,150.9,153.2,56544
2024-06-21 11:15:00,153.03,156.86,152.98,154.23,65049
2024-06-21 12:15:00,154.45,154.68,152.56,153.47,27160
2024-06-21 13:15:00,153.44,154.45,153.18,153.9,11315
2024-06-21 14:15:00,153.73,154.1,152.9,153.43,26281
2024-06-21 15:15:00,153.28,154.7,153.25,153.51,12413
2024-06-24 09:15:00,154.8,154.8,151.97,152.91,26366
2024-06-24 10:15:00,152.99,153.35,151.9,152.19,12827
2024-06-24 11:15:00,152.15,152.48,151.5,152.44,14791
2024-06-24 12:15:00,152.24,153.98,152.0,153.35,22214
2024-06-24 13:15:00,153.35,154.01,153.02,153.19,12472
2024-06-24 14:15:00,153.23,153.4,153.0,153.01,14184
2024-06-24 15:15:00,153.33,153.34,153.0,153.01,34448
2024-06-25 09:15:00,153.0,154.79,153.0,153.25,26329
2024-06-25 10:15:00,153.14,153.49,152.78,153.07,9955
2024-06-25 11:15:00,153.28,153.33,152.61,152.96,6028
2024-06-25 12:15:00,152.72,153.39,152.64,152.82,8393
2024-06-25 13:15:00,152.82,153.24,151.7,151.97,11933
2024-06-25 14:15:00,151.98,152.85,151.61,152.0,12278
2024-06-25 15:15:00,152.0,152.13,151.75,151.85,6602
2024-06-26 09:15:00,152.89,152.89,150.63,150.89,15289
2024-06-26 10:15:00,150.89,151.9,150.71,151.73,6645
2024-06-26 11:15:00,151.7,151.75,151.01,151.25,7086
2024-06-26 12:15:00,151.1,151.61,150.8,150.81,9647
2024-06-26 13:15:00,151.1,151.1,150.05,150.43,17258
2024-06-26 14:15:00,150.5,150.89,150.17,150.51,11017
2024-06-26 15:15:00,150.51,150.68,150.0,150.0,15506
2024-06-27 09:15:00,151.08,152.0,150.5,150.5,18034
2024-06-27 10:15:00,150.5,151.8,148.6,151.12,33075
2024-06-27 11:15:00,151.12,151.48,150.6,151.22,9455
2024-06-27 12:15:00,151.15,151.15,150.9,151.08,22337
2024-06-27 13:15:00,151.1,151.15,150.7,151.0,12400
2024-06-27 14:15:00,151.0,151.46,149.82,151.25,29475
2024-06-27 15:15:00,151.25,151.44,151.0,151.43,5641
2024-06-28 09:15:00,151.55,151.87,150.04,150.71,15288
2024-06-28 10:15:00,150.72,150.89,150.35,150.72,6018
2024-06-28 11:15:00,150.52,150.7,150.1,150.14,5269
2024-06-28 12:15:00,150.15,151.55,150.05,151.17,15875
2024-06-28 13:15:00,151.17,151.42,150.92,151.27,5538
2024-06-28 14:15:00,151.25,151.4,151.0,151.0,6328
2024-06-28 15:15:00,151.06,151.11,150.3,151.0,11297
2024-07-01 09:15:00,151.86,151.97,149.16,150.05,15719
2024-07-01 10:15:00,150.19,150.91,149.75,150.15,12920
2024-07-01 11:15:00,150.05,150.4,150.0,150.36,9109
2024-07-01 12:15:00,150.31,151.4,150.01,151.0,9261
2024-07-01 13:15:00,151.0,152.0,150.61,151.19,12284
2024-07-01 14:15:00,151.1,151.99,150.97,151.67,14846
2024-07-01 15:15:00,151.56,151.98,151.1,151.6,9003
2024-07-02 09:15:00,152.99,155.0,152.18,153.28,50981
2024-07-02 10:15:00,153.28,154.0,153.0,153.41,24841
2024-07-02 11:15:00,153.22,153.54,153.0,153.37,12723
2024-07-02 12:15:00,153.17,153.6,153.1,153.11,8253
2024-07-02 13:15:00,153.1,153.79,153.1,153.4,5409
2024-07-02 14:15:00,153.78,154.51,153.1,153.9,19922
2024-07-02 15:15:00,153.79,154.5,153.5,154.0,12329
2024-07-03 09:15:00,154.05,155.09,153.6,155.04,45721
2024-07-03 10:15:00,154.82,155.09,154.1,154.7,12845
2024-07-03 11:15:00,154.69,158.35,154.27,157.24,120641
2024-07-03 12:15:00,157.19,163.64,156.64,160.63,260351
2024-07-03 13:15:00,160.6,162.0,160.0,160.58,52975
2024-07-03 14:15:00,160.85,162.5,160.5,161.78,65323
2024-07-03 15:15:00,161.78,163.0,161.78,162.88,42775
2024-07-04 09:15:00,163.0,166.36,163.0,164.69,151011
2024-07-04 10:15:00,164.66,164.94,163.0,164.43,51973
2024-07-04 11:15:00,164.43,165.99,164.0,164.62,39049
2024-07-04 12:15:00,164.74,166.39,164.51,166.25,60115
2024-07-04 13:15:00,166.04,167.9,166.04,166.8,74760
2024-07-04 14:15:00,166.66,168.2,166.29,166.93,79149
2024-07-04 15:15:00,166.93,167.5,166.15,166.99,36435
2024-07-05 09:15:00,167.04,171.6,165.0,170.9,204859
2024-07-05 10:15:00,170.86,171.47,170.2,170.2,62349
2024-07-05 11:15:00,170.2,175.56,170.2,173.73,199767
2024-07-05 12:15:00,173.74,175.0,172.54,172.99,67256
2024-07-05 13:15:00,172.77,175.0,172.6,173.5,63868
2024-07-05 14:15:00,173.27,173.92,172.61,173.1,46363
2024-07-05 15:15:00,172.94,173.39,172.52,172.6,38159
2024-07-08 09:15:00,174.03,178.25,173.0,176.67,191413
2024-07-08 10:15:00,176.52,180.1,176.02,177.77,249737
2024-07-08 11:15:00,177.91,179.0,174.01,174.01,58001
2024-07-08 12:15:00,174.07,175.0,173.1,173.5,52729
2024-07-08 13:15:00,173.49,173.67,172.21,173.41,22291
2024-07-08 14:15:00,173.24,173.78,172.38,172.75,35429
2024-07-08 15:15:00,172.88,173.79,172.42,172.8,25955
2024-07-09 09:15:00,175.1,178.78,172.33,176.14,108843
2024-07-09 10:15:00,176.1,176.1,175.0,175.25,62599
2024-07-09 11:15:00,175.25,175.25,175.0,175.12,10675
2024-07-09 12:15:00,175.12,176.59,175.0,176.2,26025
2024-07-09 13:15:00,176.41,176.65,176.2,176.22,14997
2024-07-09 14:15:00,176.23,176.46,175.07,175.61,44686
2024-07-09 15:15:00,175.75,175.75,172.45,173.35,23775
2024-07-10 09:15:00,173.36,173.9,167.38,168.01,53917
2024-07-10 10:15:00,168.04,169.24,164.89,168.32,57044
2024-07-10 11:15:00,168.26,169.84,167.55,168.93,19584
2024-07-10 12:15:00,168.64,172.0,168.57,171.68,38043
2024-07-10 13:15:00,171.48,171.68,169.01,169.44,30463
2024-07-10 14:15:00,169.44,170.61,168.88,169.4,12105
2024-07-10 15:15:00,169.25,169.4,168.21,169.39,14025
2024-07-11 09:15:00,169.39,171.7,168.98,168.98,25216
2024-07-11 10:15:00,168.93,169.2,168.04,168.67,36188
2024-07-11 11:15:00,168.84,169.2,168.34,168.35,9606
2024-07-11 12:15:00,168.35,169.1,168.2,168.45,10216
2024-07-11 13:15:00,168.3,168.53,167.81,167.9,12506
2024-07-11 14:15:00,167.99,168.29,167.52,167.75,9253
2024-07-11 15:15:00,167.51,167.51,166.87,167.35,13049
2024-07-12 09:15:00,168.43,168.86,166.41,166.51,29318
2024-07-12 10:15:00,166.65,170.0,166.5,169.2,38180
2024-07-12 11:15:00,169.2,169.42,167.99,168.65,6480
2024-07-12 12:15:00,168.82,168.86,167.5,168.25,12154
2024-07-12 13:15:00,168.25,168.61,166.33,167.3,13688
2024-07-12 14:15:00,167.3,167.3,165.22,165.35,19241
2024-07-12 15:15:00,165.5,165.78,165.01,165.5,10593
2024-07-15 09:15:00,167.84,168.05,166.08,166.88,20145
2024-07-15 10:15:00,166.89,167.0,165.21,165.8,29619
2024-07-15 11:15:00,165.8,165.8,165.01,165.8,13569
2024-07-15 12:15:00,165.8,165.8,165.25,165.55,9370
2024-07-15 13:15:00,165.55,166.8,165.52,166.73,14414
2024-07-15 14:15:00,166.75,166.99,165.0,165.22,21905
2024-07-15 15:15:00,165.0,166.0,165.0,165.89,8357
2024-07-16 09:15:00,167.44,173.59,166.5,172.35,89068
2024-07-16 10:15:00,172.5,172.5,170.42,170.8,39472
2024-07-16 11:15:00,170.81,171.23,170.0,170.52,14312
2024-07-16 12:15:00,170.52,171.0,169.21,170.31,28952
2024-07-16 13:15:00,170.24,172.13,169.51,171.88,28122
2024-07-16 14:15:00,171.6,173.39,170.08,170.99,68529
2024-07-16 15:15:00,171.0,172.0,170.55,171.61,21639
2024-07-18 09:15:00,172.0,180.0,171.89,176.89,262349
2024-07-18 10:15:00,176.95,180.9,175.82,176.58,202186
2024-07-18 11:15:00,176.75,176.9,175.3,176.2,38179
2024-07-18 12:15:00,176.01,177.5,175.69,176.43,28924
2024-07-18 13:15:00,176.41,177.48,176.0,176.15,19828
2024-07-18 14:15:00,176.03,176.68,175.0,175.05,34349
2024-07-18 15:15:00,175.05,176.0,175.0,176.0,19121
2024-07-19 09:15:00,174.85,175.0,169.69,169.88,80801
2024-07-19 10:15:00,169.7,171.2,169.0,169.9,30808
2024-07-19 11:15:00,169.96,170.33,169.0,169.41,15680
2024-07-19 12:15:00,169.41,171.0,169.18,170.2,23293
2024-07-19 13:15:00,170.0,174.99,169.69,170.31,66496
2024-07-19 14:15:00,170.31,170.5,168.46,168.8,23082
2024-07-19 15:15:00,168.8,168.8,167.0,168.3,22782
2024-07-22 09:15:00,167.92,170.76,165.55,170.1,31559
2024-07-22 10:15:00,170.34,171.0,168.06,168.23,11942
2024-07-22 11:15:00,167.22,169.46,167.22,169.09,10691
2024-07-22 12:15:00,169.6,170.45,168.85,169.5,13598
2024-07-22 13:15:00,169.44,169.99,168.51,168.58,6087
2024-07-22 14:15:00,168.78,170.31,168.78,169.02,11977
2024-07-22 15:15:00,169.02,169.6,168.59,169.6,8558
2024-07-23 09:15:00,169.9,171.26,168.07,168.62,22097
2024-07-23 10:15:00,168.61,170.0,168.61,169.45,12521
2024-07-23 11:15:00,169.44,169.47,167.27,167.82,12453
2024-07-23 12:15:00,167.93,167.93,162.06,166.98,78707
2024-07-23 13:15:00,166.93,168.01,166.82,167.5,11996
2024-07-23 14:15:00,167.5,167.83,166.87,167.0,19324
2024-07-23 15:15:00,166.97,168.99,166.0,167.0,11177
2024-07-24 09:15:00,164.75,169.28,164.75,168.23,46852
2024-07-24 10:15:00,168.39,168.99,167.26,168.08,14955
2024-07-24 11:15:00,168.36,168.9,168.0,168.11,10054
2024-07-24 12:15:00,168.27,169.14,168.0,168.05,10327
2024-07-24 13:15:00,168.26,168.41,167.98,168.28,6799
2024-07-24 14:15:00,168.28,168.5,167.79,168.09,13637
2024-07-24 15:15:00,168.0,168.29,167.79,168.0,8746
2024-07-25 09:15:00,165.46,168.43,165.0,166.98,36422
2024-07-25 10:15:00,166.91,169.38,166.58,168.76,18577
2024-07-25 11:15:00,168.56,169.0,168.5,168.59,6403
2024-07-25 12:15:00,168.85,168.85,168.35,168.6,4022
2024-07-25 13:15:00,168.5,168.61,168.15,168.15,7104
2024-07-25 14:15:00,168.15,168.57,167.35,168.21,17307
2024-07-25 15:15:00,168.21,168.48,166.96,168.0,9620
2024-07-26 09:15:00,167.11,169.3,167.0,168.72,31216
2024-07-26 10:15:00,168.73,171.4,168.5,170.31,49024
2024-07-26 11:15:00,170.34,173.39,170.34,172.21,32854
2024-07-26 12:15:00,172.45,173.99,171.01,172.52,27643
2024-07-26 13:15:00,172.5,172.89,171.5,171.79,17633
2024-07-26 14:15:00,171.79,174.6,171.41,173.32,53532
2024-07-26 15:15:00,173.3,174.3,172.0,173.5,20964
2024-07-29 09:15:00,174.01,174.93,172.6,172.9,24351
2024-07-29 10:15:00,172.83,173.07,170.57,171.0,19749
2024-07-29 11:15:00,171.0,173.21,170.65,172.48,22996
2024-07-29 12:15:00,172.48,173.02,172.0,172.75,8958
2024-07-29 13:15:00,172.66,175.48,172.57,173.26,50021
2024-07-29 14:15:00,173.26,174.38,172.55,173.38,23837
2024-07-29 15:15:00,173.37,174.0,173.14,173.98,23608
2024-07-30 09:15:00,173.97,174.77,171.25,172.0,47917
2024-07-30 10:15:00,171.91,173.2,171.91,172.89,16340
2024-07-30 11:15:00,172.66,173.0,171.6,172.29,15294
2024-07-30 12:15:00,172.11,172.45,172.0,172.1,7559
2024-07-30 13:15:00,172.1,175.0,172.1,174.2,62043
2024-07-30 14:15:00,174.01,179.7,174.0,177.0,176922
2024-07-30 15:15:00,177.01,177.9,176.51,177.5,25609
2024-07-31 09:15:00,207.0,207.98,190.5,191.01,1318256
2024-07-31 10:15:00,191.01,193.28,190.5,190.71,255790
2024-07-31 11:15:00,190.55,192.9,190.1,192.39,149041
2024-07-31 12:15:00,192.29,192.7,191.5,192.3,145599
2024-07-31 13:15:00,192.3,193.4,192.0,192.19,100881
2024-07-31 14:15:00,192.18,192.69,190.27,190.54,159149
2024-07-31 15:15:00,190.54,192.5,190.0,192.0,135360
2024-08-01 09:15:00,194.49,195.67,190.9,191.6,219914
2024-08-01 10:15:00,191.63,195.0,191.47,192.5,135631
2024-08-01 11:15:00,192.61,193.8,191.82,192.01,82204
2024-08-01 12:15:00,192.01,192.4,190.23,190.63,62242
2024-08-01 13:15:00,190.63,192.0,190.1,191.04,56569
2024-08-01 14:15:00,191.04,192.0,190.0,191.98,106219
2024-08-01 15:15:00,191.9,193.9,191.75,192.0,77097
2024-08-02 09:15:00,189.0,191.54,188.0,190.85,97126
2024-08-02 10:15:00,190.85,191.95,190.52,191.0,45419
2024-08-02 11:15:00,191.0,191.28,190.0,190.85,38685
2024-08-02 12:15:00,190.85,191.6,190.5,190.65,23033
2024-08-02 13:15:00,190.65,191.88,190.5,191.79,26738
2024-08-02 14:15:00,191.78,192.0,188.85,191.18,114742
2024-08-02 15:15:00,191.17,192.0,190.84,191.6,20528
2024-08-05 09:15:00,185.15,188.95,184.3,187.78,184231
2024-08-05 10:15:00,187.69,187.98,184.3,184.47,67682
2024-08-05 11:15:00,184.47,184.85,183.0,183.2,66978
2024-08-05 12:15:00,183.2,184.47,180.68,182.73,59775
2024-08-05 13:15:00,182.89,185.27,182.81,183.73,31570
2024-08-05 14:15:00,183.95,184.35,182.77,183.3,30586
2024-08-05 15:15:00,183.43,183.47,181.22,182.5,33836
2024-08-06 09:15:00,185.0,187.38,184.85,184.9,76660
2024-08-06 10:15:00,184.7,184.89,180.75,181.91,78707
2024-08-06 11:15:00,181.84,182.91,181.35,182.3,19867
2024-08-06 12:15:00,182.29,182.3,181.02,181.32,15930
2024-08-06 13:15:00,181.29,181.39,180.17,180.69,24315
2024-08-06 14:15:00,180.55,180.72,178.31,179.0,57301
2024-08-06 15:15:00,179.01,180.13,179.0,180.06,24782
2024-08-07 09:15:00,184.89,185.0,180.81,181.11,59264
2024-08-07 10:15:00,180.88,182.79,178.61,179.86,47990
2024-08-07 11:15:00,179.96,180.68,179.0,180.39,24474
2024-08-07 12:15:00,180.42,181.85,180.14,181.47,21161
2024-08-07 13:15:00,181.32,181.5,179.72,180.29,17110
2024-08-07 14:15:00,180.3,182.65,180.3,182.65,34455
2024-08-07 15:15:00,182.64,184.7,182.34,184.0,23392
2024-08-08 09:15:00,185.49,188.59,183.98,185.0,97969
2024-08-08 10:15:00,185.19,186.37,184.43,185.45,19031
2024-08-08 11:15:00,185.44,187.16,185.2,186.87,16445
2024-08-08 12:15:00,186.8,186.8,184.0,184.34,27256
2024-08-08 13:15:00,184.5,185.85,184.21,184.26,15740
2024-08-08 14:15:00,184.41,185.33,182.99,183.0,35407
2024-08-08 15:15:00,182.62,185.07,182.46,185.07,16078
2024-08-09 09:15:00,184.89,187.7,183.5,186.0,68379
2024-08-09 10:15:00,186.16,186.5,186.0,186.0,40278
2024-08-09 11:15:00,186.01,186.44,186.0,186.05,13084
2024-08-09 12:15:00,186.1,186.5,184.24,185.25,23846
2024-08-09 13:15:00,185.26,185.4,183.4,184.06,19493
2024-08-09 14:15:00,184.06,184.8,183.0,184.58,15078
2024-08-09 15:15:00,184.57,185.67,183.05,183.05,14224
2024-08-12 09:15:00,182.71,186.39,182.11,183.89,45305
2024-08-12 10:15:00,183.58,185.99,183.57,185.51,18034
2024-08-12 11:15:00,185.51,185.59,184.3,184.81,12660
2024-08-12 12:15:00,184.82,185.34,184.61,184.99,6613
2024-08-12 13:15:00,185.12,186.47,184.8,185.58,22128
2024-08-12 14:15:00,185.55,186.45,185.0,185.01,20178
2024-08-12 15:15:00,185.1,185.1,184.75,185.0,8188
2024-08-13 09:15:00,187.0,192.39,185.6,186.79,125948
2024-08-13 10:15:00,186.76,186.9,185.0,186.5,22428
2024-08-13 11:15:00,186.5,189.06,186.31,187.33,35795
2024-08-13 12:15:00,187.33,187.54,185.63,186.6,15955
2024-08-13 13:15:00,186.94,187.92,183.53,184.3,32127
2024-08-13 14:15:00,184.03,184.26,182.08,182.5,18878
2024-08-13 15:15:00,182.5,184.25,181.32,182.48,20991
2024-08-14 09:15:00,180.4,181.0,175.35,176.95,118071
2024-08-14 10:15:00,176.95,177.51,175.79,176.78,23549
2024-08-14 11:15:00,176.47,176.5,174.1,175.38,38579
2024-08-14 12:15:00,175.38,176.19,174.59,175.95,19010
2024-08-14 13:15:00,175.95,175.99,174.0,174.63,41733
2024-08-14 14:15:00,174.6,175.0,174.05,174.73,19127
2024-08-14 15:15:00,174.72,174.95,174.3,174.35,26299
2024-08-16 09:15:00,174.99,177.0,174.7,175.56,38147
2024-08-16 10:15:00,175.56,175.56,172.25,172.63,32014
2024-08-16 11:15:00,172.63,173.01,170.77,171.47,33723
2024-08-16 12:15:00,171.49,171.5,169.9,170.0,36128
2024-08-16 13:15:00,169.99,171.0,169.61,170.74,23065
2024-08-16 14:15:00,170.85,171.81,170.0,171.0,32475
2024-08-16 15:15:00,170.82,171.39,170.0,171.29,27144
2024-08-19 09:15:00,173.1,175.75,173.1,175.0,131650
2024-08-19 10:15:00,175.0,176.99,174.39,176.22,116165
2024-08-19 11:15:00,176.2,178.87,176.2,178.62,148744
2024-08-19 12:15:00,178.41,190.95,178.41,188.65,813275
2024-08-19 13:15:00,188.87,190.48,186.77,189.75,1612235
2024-08-19 14:15:00,189.75,191.99,185.82,190.81,806441
2024-08-19 15:15:00,191.0,194.9,191.0,194.15,316351
2024-08-20 09:15:00,198.0,208.45,197.01,200.98,1624806
2024-08-20 10:15:00,200.98,203.0,200.78,201.64,317324
2024-08-20 11:15:00,201.64,202.0,200.03,201.09,163146
2024-08-20 12:15:00,201.0,201.87,200.89,201.15,74647
2024-08-20 13:15:00,201.2,201.48,200.5,200.6,91598
2024-08-20 14:15:00,200.69,200.69,192.75,194.47,440885
2024-08-20 15:15:00,194.47,194.9,192.0,194.8,155645
2024-08-21 09:15:00,195.44,199.28,193.99,197.99,361011
2024-08-21 10:15:00,197.9,198.8,196.87,197.38,95555
2024-08-21 11:15:00,197.3,198.9,196.65,198.23,81383
2024-08-21 12:15:00,198.25,198.47,196.51,196.94,53322
2024-08-21 13:15:00,196.94,196.96,196.3,196.65,34862
2024-08-21 14:15:00,196.86,197.4,196.07,196.86,52608
2024-08-21 15:15:00,196.86,198.0,195.51,197.5,60351
2024-08-22 09:15:00,198.35,198.5,193.01,193.07,137340
2024-08-22 10:15:00,193.25,194.45,193.0,194.21,37576
2024-08-22 11:15:00,194.21,195.7,194.0,195.4,52726
2024-08-22 12:15:00,195.62,196.14,194.68,194.94,45215
2024-08-22 13:15:00,194.73,194.99,194.0,194.34,18451
2024-08-22 14:15:00,194.34,194.93,194.24,194.65,27038
2024-08-22 15:15:00,194.46,194.9,192.1,193.1,62556
2024-08-23 09:15:00,193.1,194.0,191.0,191.07,111719
2024-08-23 10:15:00,191.37,192.0,188.8,189.23,122904
2024-08-23 11:15:00,189.23,190.4,188.45,189.83,41054
2024-08-23 12:15:00,190.03,190.88,189.78,190.25,20790
2024-08-23 13:15:00,190.44,190.45,189.58,190.07,20512
2024-08-23 14:15:00,190.29,190.9,188.41,189.0,50412
2024-08-23 15:15:00,188.99,189.86,187.85,189.5,59995
2024-08-26 09:15:00,190.06,191.77,186.77,187.2,117062
2024-08-26 10:15:00,187.59,188.38,186.43,187.51,42275
2024-08-26 11:15:00,187.59,188.7,187.45,188.22,22858
2024-08-26 12:15:00,188.4,189.0,188.01,188.38,24022
2024-08-26 13:15:00,188.12,188.24,187.0,187.74,23007
2024-08-26 14:15:00,187.73,187.9,186.2,186.5,30328
2024-08-26 15:15:00,186.7,186.8,185.56,186.39,33415
2024-08-27 09:15:00,186.36,188.94,185.02,185.51,79299
2024-08-27 10:15:00,185.51,186.0,185.34,185.53,14831
2024-08-27 11:15:00,185.66,186.5,185.5,185.88,28667
2024-08-27 12:15:00,185.87,185.87,183.33,184.14,31324
2024-08-27 13:15:00,184.1,185.24,183.7,184.86,22590
2024-08-27 14:15:00,184.86,185.0,183.79,183.84,51163
2024-08-27 15:15:00,183.9,185.0,183.54,184.95,23561
2024-08-28 09:15:00,185.99,187.7,184.55,185.85,113876
2024-08-28 10:15:00,185.85,193.75,185.7,192.75,207359
2024-08-28 11:15:00,192.85,193.0,188.26,189.05,113912
2024-08-28 12:15:00,189.24,189.44,187.84,187.87,21621
2024-08-28 13:15:00,187.87,188.44,187.31,187.88,15810
2024-08-28 14:15:00,187.67,187.69,185.6,186.01,38984
2024-08-28 15:15:00,186.2,186.21,185.0,185.45,32885
2024-08-29 09:15:00,187.24,187.24,184.11,186.63,55301
2024-08-29 10:15:00,186.63,186.63,184.32,184.54,25113
2024-08-29 11:15:00,184.54,185.99,184.21,185.35,12666
2024-08-29 12:15:00,185.12,185.85,184.9,185.29,9169
2024-08-29 13:15:00,185.09,187.74,184.01,184.14,44595
2024-08-29 14:15:00,184.14,185.0,183.37,184.57,35042
2024-08-29 15:15:00,184.82,185.0,184.0,184.8,15131
2024-08-30 09:15:00,184.75,187.95,183.7,183.83,43597
2024-08-30 10:15:00,183.99,185.76,183.84,185.46,16695
2024-08-30 11:15:00,185.46,189.84,185.46,187.97,70498
2024-08-30 12:15:00,187.7,187.91,186.22,186.89,19835
2024-08-30 13:15:00,186.9,188.0,186.9,187.31,27597
2024-08-30 14:15:00,187.32,187.99,187.0,187.14,36881
2024-08-30 15:15:00,187.14,188.0,186.42,186.71,24879
2024-09-02 09:15:00,189.0,189.9,187.5,189.08,70656
2024-09-02 10:15:00,189.0,189.4,188.5,189.03,27207
2024-09-02 11:15:00,189.23,189.5,187.73,188.03,19098
2024-09-02 12:15:00,188.03,188.27,186.05,187.06,22635
2024-09-02 13:15:00,187.27,187.5,186.51,187.2,12561
2024-09-02 14:15:00,187.02,187.2,186.06,186.5,19711
2024-09-02 15:15:00,186.5,187.0,186.0,186.69,11648
2024-09-03 09:15:00,186.34,186.35,182.4,183.42,72780
2024-09-03 10:15:00,183.42,184.51,183.42,183.79,24991
2024-09-03 11:15:00,183.53,183.94,182.2,182.21,34732
2024-09-03 12:15:00,182.38,183.0,181.57,182.83,39156
2024-09-03 13:15:00,182.86,183.52,181.88,182.0,35071
2024-09-03 14:15:00,182.0,182.06,179.5,180.74,76908
2024-09-03 15:15:00,181.0,181.49,180.4,181.49,27364
2024-09-04 09:15:00,181.44,183.16,179.0,182.19,53675
2024-09-04 10:15:00,182.37,182.5,181.5,181.5,34570
2024-09-04 11:15:00,181.5,181.98,180.62,180.92,12912
2024-09-04 12:15:00,180.92,182.0,180.92,181.71,11857
2024-09-04 13:15:00,181.68,182.89,181.55,182.43,10966
2024-09-04 14:15:00,182.45,183.3,182.33,182.54,20453
2024-09-04 15:15:00,182.99,183.79,181.0,182.5,18286
2024-09-05 09:15:00,183.0,186.79,182.5,185.23,63725
2024-09-05 10:15:00,185.47,186.0,183.63,184.49,24697
2024-09-05 11:15:00,184.46,184.66,183.0,184.23,18137
2024-09-05 12:15:00,184.49,184.7,183.34,183.98,17594
2024-09-05 13:15:00,183.74,184.0,182.7,182.89,17390
2024-09-05 14:15:00,182.99,183.05,182.25,182.45,14476
2024-09-05 15:15:00,182.4,182.99,182.05,182.9,7185
2024-09-06 09:15:00,183.6,184.14,180.05,180.69,38750
2024-09-06 10:15:00,180.5,182.08,180.1,181.08,25780
2024-09-06 11:15:00,181.08,181.9,181.0,181.4,13855
2024-09-06 12:15:00,181.7,181.9,181.0,181.21,19913
2024-09-06 13:15:00,181.21,181.45,181.05,181.32,14298
2024-09-06 14:15:00,181.06,181.26,180.1,180.35,27075
2024-09-06 15:15:00,180.35,181.4,180.22,181.2,14821
2024-09-09 09:15:00,183.0,183.0,177.9,182.01,61595
2024-09-09 10:15:00,182.33,182.54,180.29,180.74,22480
2024-09-09 11:15:00,180.75,180.97,179.11,179.45,11811
2024-09-09 12:15:00,179.46,179.83,178.71,179.31,8194
2024-09-09 13:15:00,179.34,179.4,178.37,179.39,15602
2024-09-09 14:15:00,179.39,179.99,178.45,179.61,15959
2024-09-09 15:15:00,179.22,179.9,178.52,179.0,15292
2024-09-10 09:15:00,181.35,183.29,178.64,178.7,44968
2024-09-10 10:15:00,178.85,179.01,177.74,178.13,38845
2024-09-10 11:15:00,178.5,178.5,177.76,177.77,22589
2024-09-10 12:15:00,177.77,177.89,177.3,177.74,28140
2024-09-10 13:15:00,177.47,178.52,177.0,177.7,31418
2024-09-10 14:15:00,177.9,177.9,176.6,177.5,23359
2024-09-10 15:15:00,177.72,177.81,177.0,177.79,13412
2024-09-11 09:15:00,178.83,183.0,178.2,180.33,52973
2024-09-11 10:15:00,180.02,180.49,179.5,179.58,16125
2024-09-11 11:15:00,179.58,180.5,179.27,179.67,14349
2024-09-11 12:15:00,179.67,179.79,179.13,179.63,9054
2024-09-11 13:15:00,179.46,179.8,179.0,179.18,11449
2024-09-11 14:15:00,179.32,180.0,178.5,179.99,33861
2024-09-11 15:15:00,179.99,181.99,179.4,180.0,16118
2024-09-12 09:15:00,181.47,193.83,180.16,193.03,348110
2024-09-12 10:15:00,193.03,204.4,188.15,202.31,2907752
2024-09-12 11:15:00,202.62,205.5,197.0,197.03,1821321
2024-09-12 12:15:00,197.0,198.0,194.3,196.68,680906
2024-09-12 13:15:00,196.95,198.0,194.9,196.0,298318
2024-09-12 14:15:00,195.93,197.99,190.1,195.14,626678
2024-09-12 15:15:00,195.3,195.6,191.5,194.85,462039
2024-09-13 09:15:00,196.8,200.64,195.52,196.65,704837
2024-09-13 10:15:00,196.82,197.26,190.58,190.79,296840
2024-09-13 11:15:00,190.79,192.0,188.25,189.5,349101
2024-09-13 12:15:00,189.5,189.74,188.63,189.4,84756
2024-09-13 13:15:00,189.4,189.9,188.92,189.42,79053
2024-09-13 14:15:00,189.42,189.42,188.5,188.5,176217
2024-09-13 15:15:00,188.7,189.0,186.26,189.0,150374
2024-09-16 09:15:00,191.9,194.7,190.12,193.99,257887
2024-09-16 10:15:00,193.81,199.06,193.35,194.23,383840
2024-09-16 11:15:00,194.23,196.0,192.77,193.78,108746
2024-09-16 12:15:00,193.78,194.54,190.8,191.22,157022
2024-09-16 13:15:00,191.3,191.88,190.75,190.81,68033
2024-09-16 14:15:00,190.81,191.24,189.52,189.89,173496
2024-09-16 15:15:00,189.89,190.5,189.5,190.5,56912
2024-09-17 09:15:00,191.39,191.9,187.6,187.96,157483
2024-09-17 10:15:00,187.97,188.88,187.33,187.5,53362
2024-09-17 11:15:00,187.66,188.49,187.5,188.28,23988
2024-09-17 12:15:00,188.28,188.99,187.51,188.67,26538
2024-09-17 13:15:00,188.67,188.95,188.01,188.95,18694
2024-09-17 14:15:00,188.81,190.9,188.45,190.53,62972
2024-09-17 15:15:00,190.53,190.74,190.0,190.45,33015
2024-09-18 09:15:00,192.0,194.7,188.69,189.55,170179
2024-09-18 10:15:00,189.74,190.0,187.67,188.19,48284
2024-09-18 11:15:00,188.19,189.48,187.7,188.98,42124
2024-09-18 12:15:00,188.98,189.45,186.52,186.74,61148
2024-09-18 13:15:00,186.81,186.96,185.7,185.73,54317
2024-09-18 14:15:00,185.83,187.2,185.71,186.87,40920
2024-09-18 15:15:00,186.8,186.88,186.0,186.0,27341
2024-09-19 09:15:00,187.9,188.99,182.73,183.25,105107
2024-09-19 10:15:00,183.11,184.25,182.0,182.91,50537
2024-09-19 11:15:00,182.91,182.91,181.0,182.86,42254
2024-09-19 12:15:00,182.82,184.45,182.38,183.14,14479
2024-09-19 13:15:00,183.01,183.69,182.59,183.15,15678
2024-09-19 14:15:00,183.3,185.71,182.6,184.7,47067
2024-09-19 15:15:00,184.72,185.37,184.4,184.95,15712
2024-09-20 09:15:00,185.45,186.49,183.29,184.74,68521
2024-09-20 10:15:00,184.77,185.52,183.55,185.0,40421
2024-09-20 11:15:00,184.99,184.99,183.08,183.91,28909
2024-09-20 12:15:00,183.7,185.0,183.51,184.69,19524
2024-09-20 13:15:00,184.7,184.99,183.2,183.91,19679
2024-09-20 14:15:00,183.85,184.0,182.51,182.8,68600
2024-09-20 15:15:00,182.8,183.87,181.95,181.95,48629
2024-09-23 09:15:00,183.98,187.93,183.01,186.87,128324
2024-09-23 10:15:00,186.86,187.7,184.0,185.29,75757
2024-09-23 11:15:00,185.11,185.11,182.91,183.58,54904
2024-09-23 12:15:00,183.58,184.01,183.1,183.78,17414
2024-09-23 13:15:00,183.79,184.5,183.42,183.6,23276
2024-09-23 14:15:00,183.6,184.34,183.42,183.76,35588
2024-09-23 15:15:00,183.76,184.0,183.4,183.81,16284
2024-09-24 09:15:00,184.39,186.8,181.33,181.8,152257
2024-09-24 10:15:00,181.81,182.3,181.06,181.4,35458
2024-09-24 11:15:00,181.4,181.79,180.6,180.93,46785
2024-09-24 12:15:00,180.93,181.51,180.5,181.51,33435
2024-09-24 13:15:00,181.36,182.11,181.12,181.63,25860
2024-09-24 14:15:00,181.63,182.79,181.6,182.15,34422
2024-09-24 15:15:00,182.01,182.23,181.51,182.13,23493
2024-09-25 09:15:00,183.0,183.64,180.65,180.95,69491
2024-09-25 10:15:00,180.95,183.58,180.6,183.25,32357
2024-09-25 11:15:00,183.25,187.5,182.51,186.37,126650
2024-09-25 12:15:00,186.35,188.7,184.36,187.63,122347
2024-09-25 13:15:00,187.84,188.65,186.21,187.99,97542
2024-09-25 14:15:00,187.99,189.0,184.5,184.97,145156
2024-09-25 15:15:00,184.97,185.86,184.06,185.8,45436
2024-09-26 09:15:00,186.34,186.79,183.1,183.54,75927
2024-09-26 10:15:00,183.57,184.78,183.55,184.65,18031
2024-09-26 11:15:00,184.63,188.4,184.63,187.96,68677
2024-09-26 12:15:00,187.82,188.64,185.33,185.95,57681
2024-09-26 13:15:00,185.95,186.32,185.22,185.95,9308
2024-09-26 14:15:00,186.01,191.28,186.0,187.71,219292
2024-09-26 15:15:00,187.93,187.94,186.0,186.4,25204
2024-09-27 09:15:00,186.0,187.81,184.68,185.07,61573
2024-09-27 10:15:00,185.07,185.25,184.01,184.1,25451
2024-09-27 11:15:00,184.1,185.0,184.06,184.61,13489
2024-09-27 12:15:00,184.79,185.0,183.51,183.51,27836
2024-09-27 13:15:00,183.51,185.0,183.09,183.39,25177
2024-09-27 14:15:00,183.39,184.92,182.0,183.5,46843
2024-09-27 15:15:00,183.25,183.5,182.0,183.33,16854
2024-09-30 09:15:00,184.67,184.95,180.11,181.58,86190
2024-09-30 10:15:00,181.7,181.91,181.05,181.58,13149
2024-09-30 11:15:00,181.3,182.18,181.11,181.7,13207
2024-09-30 12:15:00,181.6,181.7,181.0,181.31,13150
2024-09-30 13:15:00,181.34,181.98,181.01,181.65,13405
2024-09-30 14:15:00,181.65,182.37,181.25,181.8,19998
2024-09-30 15:15:00,181.6,181.98,181.0,181.66,14547
2024-10-01 09:15:00,182.3,187.0,181.55,182.73,32071
2024-10-01 10:15:00,182.71,183.68,182.54,182.75,16693
2024-10-01 11:15:00,182.75,185.27,182.56,183.97,81606
2024-10-01 12:15:00,183.8,184.63,183.51,183.55,8355
2024-10-01 13:15:00,183.82,184.21,183.0,183.21,8551
2024-10-01 14:15:00,183.25,184.0,182.2,183.9,22700
2024-10-01 15:15:00,183.9,183.9,182.2,183.05,7004
2024-10-03 09:15:00,180.0,181.9,178.2,180.71,58470
2024-10-03 10:15:00,180.71,181.44,180.19,180.6,17631
2024-10-03 11:15:00,180.79,180.87,180.15,180.44,10396
2024-10-03 12:15:00,180.4,180.96,180.02,180.02,13425
2024-10-03 13:15:00,180.29,180.29,178.55,178.86,36500
2024-10-03 14:15:00,178.86,179.59,177.6,178.12,44271
2024-10-03 15:15:00,178.39,178.45,177.03,178.0,30080
2024-10-04 09:15:00,178.59,181.2,175.2,180.0,70097
2024-10-04 10:15:00,180.0,181.05,179.24,180.25,23350
2024-10-04 11:15:00,180.02,180.95,180.02,180.31,7902
2024-10-04 12:15:00,180.77,182.0,178.5,179.03,37630
2024-10-04 13:15:00,178.7,179.36,178.52,179.3,10580
2024-10-04 14:15:00,179.05,179.31,176.5,178.48,29419
2024-10-04 15:15:00,178.48,179.0,177.5,178.0,11335
2024-10-07 09:15:00,181.5,181.5,173.0,174.17,52493
2024-10-07 10:15:00,174.73,174.73,170.1,171.69,46966
2024-10-07 11:15:00,171.71,174.45,171.61,172.95,22881
2024-10-07 12:15:00,172.95,174.0,171.35,171.97,9344
2024-10-07 13:15:00,171.95,172.47,171.56,172.17,12432
2024-10-07 14:15:00,172.17,172.33,171.0,171.17,18086
2024-10-07 15:15:00,171.17,171.17,170.0,170.65,27695
2024-10-08 09:15:00,170.0,176.63,167.7,173.29,108909
2024-10-08 10:15:00,173.58,175.4,173.21,175.08,13854
2024-10-08 11:15:00,175.47,178.4,174.85,177.25,42757
2024-10-08 12:15:00,177.25,177.49,176.93,177.25,6143
2024-10-08 13:15:00,177.25,177.29,177.0,177.23,4393
2024-10-08 14:15:00,177.19,179.95,176.88,179.25,40677
2024-10-08 15:15:00,179.1,180.9,179.1,179.96,17906
2024-10-09 09:15:00,179.0,180.93,177.25,179.51,35090
2024-10-09 10:15:00,180.17,180.5,179.5,179.57,10099
2024-10-09 11:15:00,179.57,179.95,177.91,178.47,19635
2024-10-09 12:15:00,178.46,178.82,177.5,178.75,7938
2024-10-09 13:15:00,178.51,179.43,178.0,179.3,7223
2024-10-09 14:15:00,179.08,179.55,178.0,178.32,11870
2024-10-09 15:15:00,178.22,179.78,178.0,179.5,13355
2024-10-10 09:15:00,178.81,179.85,172.0,179.02,24597
2024-10-10 10:15:00,179.2,179.85,178.68,178.81,11656
2024-10-10 11:15:00,178.9,185.0,178.0,183.0,70308
2024-10-10 12:15:00,183.0,183.59,179.7,180.63,22478
2024-10-10 13:15:00,180.63,183.4,180.35,183.03,38329
2024-10-10 14:15:00,183.0,183.19,181.56,182.03,16081
2024-10-10 15:15:00,181.83,182.46,180.0,181.3,18401
2024-10-11 09:15:00,179.94,181.3,179.51,180.59,19810
2024-10-11 10:15:00,180.33,180.79,180.0,180.43,9376
2024-10-11 11:15:00,180.12,180.59,179.53,180.09,12138
2024-10-11 12:15:00,180.09,180.79,180.05,180.1,4211
2024-10-11 13:15:00,180.34,180.34,179.72,180.1,3437
2024-10-11 14:15:00,180.29,181.15,180.0,180.87,16665
2024-10-11 15:15:00,180.87,180.87,179.1,179.99,8314
2024-10-14 09:15:00,180.14,181.12,179.49,180.0,10960
2024-10-14 10:15:00,179.92,181.35,179.64,180.51,14160
2024-10-14 11:15:00,180.53,182.1,180.5,181.44,10556
2024-10-14 12:15:00,181.45,181.45,178.21,178.81,22812
2024-10-14 13:15:00,178.71,179.35,178.15,179.35,8032
2024-10-14 14:15:00,179.28,180.37,179.0,179.17,11152
2024-10-14 15:15:00,179.17,180.09,177.1,177.9,14822
2024-10-15 09:15:00,178.68,181.0,177.63,179.71,28546
2024-10-15 10:15:00,179.83,180.33,178.37,178.84,13809
2024-10-15 11:15:00,178.84,179.29,178.11,178.35,9359
2024-10-15 12:15:00,178.25,178.99,178.1,178.75,2905
2024-10-15 13:15:00,178.46,178.46,177.35,177.81,11481
2024-10-15 14:15:00,177.81,177.81,176.51,176.9,17843
2024-10-15 15:15:00,176.9,178.5,176.75,177.35,17017
2024-10-16 09:15:00,176.9,178.46,176.5,176.98,24689
2024-10-16 10:15:00,176.97,177.5,176.6,177.2,14926
2024-10-16 11:15:00,177.36,177.47,176.0,176.24,12140
2024-10-16 12:15:00,176.19,176.4,175.0,176.02,10195
2024-10-16 13:15:00,176.03,177.5,175.36,176.57,12975
2024-10-16 14:15:00,176.64,177.44,176.02,176.51,11145
2024-10-16 15:15:00,176.61,177.12,176.0,176.98,8795
2024-10-17 09:15:00,177.59,178.9,176.0,176.09,18155
2024-10-17 10:15:00,176.43,176.94,175.79,176.0,6112
2024-10-17 11:15:00,176.0,176.3,175.7,176.04,4772
2024-10-17 12:15:00,176.33,176.48,175.55,175.82,5272
2024-10-17 13:15:00,175.83,176.0,175.0,175.1,18961
2024-10-17 14:15:00,175.2,175.98,175.0,175.74,9468
2024-10-17 15:15:00,175.73,176.0,175.2,176.0,7365
2024-10-18 09:15:00,174.01,174.92,172.01,173.81,31870
2024-10-18 10:15:00,174.0,174.75,173.5,174.0,7361
2024-10-18 11:15:00,173.56,173.99,173.0,173.76,13213
2024-10-18 12:15:00,173.75,173.95,173.31,173.7,10715
2024-10-18 13:15:00,173.46,173.62,172.5,172.94,19010
2024-10-18 14:15:00,172.75,173.7,172.5,172.59,17258
2024-10-18 15:15:00,172.59,173.99,172.4,173.03,7959
2024-10-21 09:15:00,172.31,174.0,170.2,171.01,36343
2024-10-21 10:15:00,171.06,171.4,170.4,170.6,5791
2024-10-21 11:15:00,170.8,171.0,170.2,170.87,7396
2024-10-21 12:15:00,170.88,170.9,169.2,169.49,19512
2024-10-21 13:15:00,169.47,170.2,169.0,169.36,13406
2024-10-21 14:15:00,169.16,169.85,168.5,168.5,21937
2024-10-21 15:15:00,168.49,168.49,166.8,167.18,23065
2024-10-22 09:15:00,167.18,168.66,163.25,164.05,53842
2024-10-22 10:15:00,164.37,164.37,162.02,163.87,23944
2024-10-22 11:15:00,163.87,164.8,162.23,163.07,47870
2024-10-22 12:15:00,162.86,163.21,161.55,161.55,12262
2024-10-22 13:15:00,161.5,162.98,160.79,162.63,16731
2024-10-22 14:15:00,162.6,162.63,161.0,161.8,24308
2024-10-22 15:15:00,161.87,166.05,161.8,165.8,22834
2024-10-23 09:15:00,163.04,165.6,160.21,163.49,43819
2024-10-23 10:15:00,163.32,165.42,162.48,164.5,26193
2024-10-23 11:15:00,164.56,164.84,163.19,163.19,8136
2024-10-23 12:15:00,163.16,164.06,162.11,162.47,17386
2024-10-23 13:15:00,162.81,164.64,162.19,163.73,16334
2024-10-23 14:15:00,163.5,164.0,161.16,161.16,25468
2024-10-23 15:15:00,161.24,162.05,161.01,162.0,6716
2024-10-24 09:15:00,162.0,164.29,158.71,159.85,46327
2024-10-24 10:15:00,159.85,161.1,159.11,160.31,28383
2024-10-24 11:15:00,160.3,161.18,160.0,161.18,5744
2024-10-24 12:15:00,161.18,161.24,160.22,161.16,6629
2024-10-24 13:15:00,161.0,161.97,160.96,161.41,6667
2024-10-24 14:15:00,161.63,161.9,160.1,160.26,19583
2024-10-24 15:15:00,160.5,161.31,159.35,160.0,20924
2024-10-25 09:15:00,160.41,160.8,153.16,154.87,84276
2024-10-25 10:15:00,154.81,155.46,152.41,154.03,44095
2024-10-25 11:15:00,154.4,155.35,153.5,154.57,49788
2024-10-25 12:15:00,154.87,155.39,154.0,155.0,65793
2024-10-25 13:15:00,155.01,155.5,153.76,155.0,72194
2024-10-25 14:15:00,154.99,156.27,153.8,154.24,80531
2024-10-25 15:15:00,154.72,156.48,153.11,153.95,32213
2024-10-28 09:15:00,154.5,156.5,151.5,153.94,106657
2024-10-28 10:15:00,153.9,156.0,153.9,155.64,28819
2024-10-28 11:15:00,155.66,157.8,155.44,157.38,31819
2024-10-28 12:15:00,157.21,159.9,156.52,159.45,34433
2024-10-28 13:15:00,159.41,164.0,158.24,162.95,70958
2024-10-28 14:15:00,162.93,165.5,159.5,161.0,59779
2024-10-28 15:15:00,161.0,161.25,159.27,160.6,21836
2024-10-29 09:15:00,160.54,161.0,158.71,159.23,15909
2024-10-29 10:15:00,159.22,160.01,157.6,158.65,21709
2024-10-29 11:15:00,158.51,161.36,157.8,161.01,16615
2024-10-29 12:15:00,160.98,163.18,160.81,162.4,19326
2024-10-29 13:15:00,162.4,163.99,161.86,163.2,14129
2024-10-29 14:15:00,163.43,164.07,163.02,163.94,10805
2024-10-29 15:15:00,163.94,164.21,163.1,163.5,7708
2024-10-30 09:15:00,163.99,168.19,162.51,168.19,34788
2024-10-30 10:15:00,168.2,171.71,167.7,168.93,58410
2024-10-30 11:15:00,169.0,170.22,168.77,169.02,31175
2024-10-30 12:15:00,169.0,171.29,168.9,170.29,20687
2024-10-30 13:15:00,170.56,173.79,169.85,173.0,54447
2024-10-30 14:15:00,172.96,174.89,168.98,170.1,90494
2024-10-30 15:15:00,170.0,171.52,169.0,171.52,12498
2024-10-31 09:15:00,169.45,171.32,168.62,169.0,15475
2024-10-31 10:15:00,168.85,172.99,168.85,172.32,20809
2024-10-31 11:15:00,172.02,173.79,172.0,173.0,17316
2024-10-31 12:15:00,173.13,173.5,172.38,172.84,8904
2024-10-31 13:15:00,173.06,173.33,172.5,173.06,8131
2024-10-31 14:15:00,173.12,174.75,169.72,171.3,47348
2024-10-31 15:15:00,171.13,172.66,170.61,172.66,3907
2024-11-01 18:00:00,174.0,174.35,171.7,173.98,38054
2024-11-04 09:15:00,175.99,176.25,168.0,168.0,85827
2024-11-04 10:15:00,168.22,172.68,168.11,170.59,39927
2024-11-04 11:15:00,170.59,172.29,170.47,171.25,19334
2024-11-04 12:15:00,171.56,173.45,170.68,171.44,14103
2024-11-04 13:15:00,171.45,173.4,171.08,172.84,16213
2024-11-04 14:15:00,173.34,173.4,171.75,172.72,15211
2024-11-04 15:15:00,172.51,174.0,171.8,173.5,13297
2024-11-05 09:15:00,173.07,175.0,171.28,173.0,26070
2024-11-05 10:15:00,172.95,172.95,171.5,172.4,10356
2024-11-05 11:15:00,172.06,172.31,170.0,170.41,21838
2024-11-05 12:15:00,170.41,173.13,170.35,172.0,11614
2024-11-05 13:15:00,172.0,175.2,171.77,174.99,25395
2024-11-05 14:15:00,174.66,175.2,172.0,173.1,12477
2024-11-05 15:15:00,172.17,173.33,172.17,172.3,8104
2024-11-06 09:15:00,174.34,175.98,172.21,173.05,19108
2024-11-06 10:15:00,173.07,175.0,172.5,174.41,11453
2024-11-06 11:15:00,174.4,175.39,174.0,174.2,13209
2024-11-06 12:15:00,174.4,175.27,174.0,174.73,8164
2024-11-06 13:15:00,174.73,176.0,174.73,175.33,25840
2024-11-06 14:15:00,175.32,176.0,173.5,174.34,14145
2024-11-06 15:15:00,174.0,175.0,173.75,174.0,5591
2024-11-07 09:15:00,174.19,176.75,173.54,175.02,27533
2024-11-07 10:15:00,175.2,176.9,175.0,176.12,17041
2024-11-07 11:15:00,176.5,176.5,175.68,176.0,5332
2024-11-07 12:15:00,176.0,176.34,175.39,175.65,10064
2024-11-07 13:15:00,175.7,176.12,174.0,175.81,25738
2024-11-07 14:15:00,175.86,176.39,173.7,173.7,32394
2024-11-07 15:15:00,173.8,174.62,173.5,174.48,8455
2024-11-08 09:15:00,174.0,175.89,173.06,175.42,15446
2024-11-08 10:15:00,175.1,175.88,174.69,175.0,6173
2024-11-08 11:15:00,175.22,175.36,174.47,175.06,6037
2024-11-08 12:15:00,175.1,175.79,175.0,175.16,8877
2024-11-08 13:15:00,175.42,176.5,175.18,175.66,10537
2024-11-08 14:15:00,175.59,175.78,174.0,174.75,18261
2024-11-08 15:15:00,174.98,175.17,173.11,174.7,7502
2024-11-11 09:15:00,174.0,180.0,173.5,177.06,76477
2024-11-11 10:15:00,177.05,177.62,174.7,175.0,34140
2024-11-11 11:15:00,175.0,175.94,174.21,174.76,43482
2024-11-11 12:15:00,175.2,175.24,174.61,175.0,34785
2024-11-11 13:15:00,174.92,175.2,174.01,174.17,30342
2024-11-11 14:15:00,174.18,175.0,174.01,174.28,16384
2024-11-11 15:15:00,174.28,175.0,174.26,175.0,13501
2024-11-12 09:15:00,173.26,175.94,172.5,174.17,15839
2024-11-12 10:15:00,173.64,174.33,173.0,173.41,6843
2024-11-12 11:15:00,173.3,173.3,171.0,171.74,14319
2024-11-12 12:15:00,171.99,172.28,170.9,170.9,22921
2024-11-12 13:15:00,171.28,171.63,170.6,171.4,3533
2024-11-12 14:15:00,171.11,171.29,169.3,169.3,22981
2024-11-12 15:15:00,169.3,172.0,168.0,169.0,15760
2024-11-13 09:15:00,170.0,170.07,164.51,165.73,33335
2024-11-13 10:15:00,165.74,167.99,165.28,166.8,10799
2024-11-13 11:15:00,166.8,166.8,165.0,165.42,5037
2024-11-13 12:15:00,165.41,166.67,165.0,165.32,14379
2024-11-13 13:15:00,165.63,166.55,164.53,164.83,19505
2024-11-13 14:15:00,164.86,164.86,163.0,163.7,14037
2024-11-13 15:15:00,163.51,165.39,163.0,164.99,7535
2024-11-14 09:15:00,163.01,166.98,163.01,166.67,25324
2024-11-14 10:15:00,166.5,166.68,163.55,163.87,9467
2024-11-14 11:15:00,163.83,164.33,163.0,164.25,5711
2024-11-14 12:15:00,164.19,167.0,163.42,166.06,17168
2024-11-14 13:15:00,166.12,166.12,163.28,163.84,22626
2024-11-14 14:15:00,163.52,167.6,162.81,163.91,41447
2024-11-14 15:15:00,163.43,164.0,163.15,163.9,9939
2024-11-18 09:15:00,164.5,165.19,160.1,161.89,43743
2024-11-18 10:15:00,161.88,162.77,160.8,161.43,10020
2024-11-18 11:15:00,161.74,164.0,161.42,163.65,9531
2024-11-18 12:15:00,163.26,164.19,163.1,163.86,8233
2024-11-18 13:15:00,163.56,164.0,162.0,162.52,8296
2024-11-18 14:15:00,162.05,162.59,160.1,160.98,21012
2024-11-18 15:15:00,160.7,162.0,160.2,161.08,16184
2024-11-19 09:15:00,161.8,163.93,161.5,162.96,23986
2024-11-19 10:15:00,163.01,165.0,162.92,163.47,56063
2024-11-19 11:15:00,163.17,164.39,163.0,163.25,5300
2024-11-19 12:15:00,163.4,163.43,162.61,163.0,9859
2024-11-19 13:15:00,163.0,163.48,161.85,162.5,17296
2024-11-19 14:15:00,162.5,163.87,161.5,161.51,14617
2024-11-19 15:15:00,161.4,161.67,160.5,160.6,15075
2024-11-21 09:15:00,161.25,161.61,158.11,159.14,22835
2024-11-21 10:15:00,160.0,160.5,159.0,159.8,7434
2024-11-21 11:15:00,159.82,163.46,159.79,162.7,15055
2024-11-21 12:15:00,162.66,165.78,162.11,164.79,25311
2024-11-21 13:15:00,164.79,167.99,164.5,167.28,29532
2024-11-21 14:15:00,167.26,169.0,166.1,166.51,32872
2024-11-21 15:15:00,167.15,167.49,166.11,166.5,9244
2024-11-22 09:15:00,167.11,170.02,166.01,166.67,72975
2024-11-22 10:15:00,166.7,166.98,165.77,166.7,40581
2024-11-22 11:15:00,166.5,167.29,166.33,166.5,29768
2024-11-22 12:15:00,166.5,167.31,166.12,167.0,24657
2024-11-22 13:15:00,167.0,167.51,166.13,167.0,37101
2024-11-22 14:15:00,167.0,167.21,163.5,164.75,24532
2024-11-22 15:15:00,164.75,167.0,163.55,167.0,20991
2024-11-25 09:15:00,168.0,169.63,164.8,168.49,49517
2024-11-25 10:15:00,168.25,168.95,168.0,168.5,4804
2024-11-25 11:15:00,168.5,168.89,167.0,168.25,7905
2024-11-25 12:15:00,168.3,168.66,167.03,168.0,13298
2024-11-25 13:15:00,168.2,168.95,168.0,168.53,6729
2024-11-25 14:15:00,168.49,170.6,168.04,168.39,18079
2024-11-25 15:15:00,168.5,168.91,168.0,168.84,5170
2024-11-26 09:15:00,168.35,170.73,168.01,169.53,16942
2024-11-26 10:15:00,169.42,169.94,168.72,168.82,12670
2024-11-26 11:15:00,168.83,170.3,168.8,170.0,13316
2024-11-26 12:15:00,170.0,170.38,170.0,170.15,3932
2024-11-26 13:15:00,170.15,171.05,169.9,170.14,16392
2024-11-26 14:15:00,170.45,171.48,170.11,170.35,5969
2024-11-26 15:15:00,170.4,172.0,170.1,171.1,7405
2024-11-27 09:15:00,171.76,174.4,169.92,173.75,25860
2024-11-27 10:15:00,173.39,173.67,172.26,172.75,11292
2024-11-27 11:15:00,172.7,174.0,172.39,173.04,9807
2024-11-27 12:15:00,173.33,174.19,173.0,173.99,11139
2024-11-27 13:15:00,173.77,175.0,173.28,174.23,21419
2024-11-27 14:15:00,174.23,175.0,173.0,174.16,19002
2024-11-27 15:15:00,174.25,174.8,173.42,173.5,6936
2024-11-28 09:15:00,173.32,178.31,172.19,178.29,33291
2024-11-28 10:15:00,177.93,178.4,176.51,177.0,34344
2024-11-28 11:15:00,177.28,179.5,176.5,178.9,22157
2024-11-28 12:15:00,178.53,179.0,177.66,178.0,18063
2024-11-28 13:15:00,178.0,179.5,176.46,177.51,23799
2024-11-28 14:15:00,177.53,177.9,176.49,177.0,14128
2024-11-28 15:15:00,177.01,177.28,176.83,177.2,6666
2024-11-29 09:15:00,175.2,178.2,175.2,177.06,15323
2024-11-29 10:15:00,177.06,183.25,177.0,182.69,138494
2024-11-29 11:15:00,182.46,182.79,180.5,180.53,47583
2024-11-29 12:15:00,180.81,182.49,180.13,182.0,18962
2024-11-29 13:15:00,181.36,181.95,180.6,181.2,15191
2024-11-29 14:15:00,180.9,181.18,178.3,179.5,23882
2024-11-29 15:15:00,179.9,180.01,178.2,179.0,19624
2024-12-02 09:15:00,178.9,180.01,174.76,179.0,48304
2024-12-02 10:15:00,179.18,181.26,178.99,179.95,30089
2024-12-02 11:15:00,179.96,180.4,179.26,180.1,9969
2024-12-02 12:15:00,180.1,180.6,179.76,180.23,5457
2024-12-02 13:15:00,180.0,181.0,179.11,179.5,21460
2024-12-02 14:15:00,179.89,180.95,179.0,179.55,18089
2024-12-02 15:15:00,179.53,179.62,179.0,179.02,7842
2024-12-03 09:15:00,179.26,183.14,178.87,182.45,58146
2024-12-03 10:15:00,182.43,182.74,181.75,182.26,22192
2024-12-03 11:15:00,182.11,183.0,182.0,182.0,16798
2024-12-03 12:15:00,182.0,182.26,182.0,182.0,10108
2024-12-03 13:15:00,182.0,182.25,182.0,182.0,9649
2024-12-03 14:15:00,182.0,182.3,182.0,182.21,19590
2024-12-03 15:15:00,182.21,182.75,182.0,182.27,16236
2024-12-04 09:15:00,182.99,185.37,182.1,182.98,38232
2024-12-04 10:15:00,182.65,185.3,182.1,185.0,70360
2024-12-04 11:15:00,185.0,188.3,184.63,186.19,150073
2024-12-04 12:15:00,186.26,187.99,185.56,186.05,34490
2024-12-04 13:15:00,186.02,187.0,185.52,186.14,19496
2024-12-04 14:15:00,186.14,186.14,184.1,184.45,18977
2024-12-04 15:15:00,184.45,184.99,184.15,184.95,11549
2024-12-05 09:15:00,184.95,190.08,183.21,189.89,131784
2024-12-05 10:15:00,189.89,191.2,186.21,187.04,82838
2024-12-05 11:15:00,186.64,186.85,185.3,185.8,18786
2024-12-05 12:15:00,186.1,189.2,185.82,186.3,47831
2024-12-05 13:15:00,186.29,186.71,185.5,186.0,17459
2024-12-05 14:15:00,185.95,186.99,185.26,186.04,21017
2024-12-05 15:15:00,186.5,187.0,186.0,187.0,12353
2024-12-06 09:15:00,188.0,189.2,187.0,188.01,76238
2024-12-06 10:15:00,188.01,191.54,187.17,188.28,210026
2024-12-06 11:15:00,188.29,188.67,187.5,188.11,24967
2024-12-06 12:15:00,188.29,188.38,186.0,186.6,54926
2024-12-06 13:15:00,186.8,187.04,186.48,186.83,9450
2024-12-06 14:15:00,186.83,187.87,186.0,187.51,46425
2024-12-06 15:15:00,187.1,187.33,186.0,186.33,15196
2024-12-09 09:15:00,188.0,188.0,184.06,184.13,40912
2024-12-09 10:15:00,184.48,185.39,184.08,184.3,11839
2024-12-09 11:15:00,184.54,185.0,184.2,184.83,9095
2024-12-09 12:15:00,184.83,184.85,184.49,184.54,12266
2024-12-09 13:15:00,184.5,185.0,184.05,184.45,16962
2024-12-09 14:15:00,184.22,184.87,184.1,184.3,13244
2024-12-09 15:15:00,184.3,184.78,184.05,184.2,7766
2024-12-10 09:15:00,185.1,186.72,183.0,183.86,41933
2024-12-10 10:15:00,183.36,183.86,182.23,182.62,12786
2024-12-10 11:15:00,182.6,182.6,180.75,181.61,15280
2024-12-10 12:15:00,181.61,181.61,180.75,181.19,8187
2024-12-10 13:15:00,181.24,183.0,180.75,181.72,13369
2024-12-10 14:15:00,181.72,182.49,181.01,182.39,17422
2024-12-10 15:15:00,182.02,185.0,182.0,184.01,20298
2024-12-11 09:15:00,184.59,185.64,182.41,183.39,19802
2024-12-11 10:15:00,183.39,184.14,182.75,183.33,8177
2024-12-11 11:15:00,183.48,185.0,183.48,184.1,69657
2024-12-11 12:15:00,184.1,188.0,183.7,184.01,30793
2024-12-11 13:15:00,184.01,185.81,183.64,184.87,10095
2024-12-11 14:15:00,184.71,185.75,183.6,183.62,14543
2024-12-11 15:15:00,183.9,184.32,183.6,183.6,5203
2024-12-12 09:15:00,185.01,185.6,181.8,181.8,15475
2024-12-12 10:15:00,181.8,183.0,181.8,182.05,4522
2024-12-12 11:15:00,182.15,182.82,181.43,182.82,8283
2024-12-12 12:15:00,182.51,183.84,182.3,183.31,8243
2024-12-12 13:15:00,183.41,184.5,183.3,184.15,17676
2024-12-12 14:15:00,184.15,185.0,183.95,184.66,19581
2024-12-12 15:15:00,184.66,184.86,184.01,184.51,13309
2024-12-13 09:15:00,183.0,183.98,182.0,182.02,15535
2024-12-13 10:15:00,182.02,186.5,180.42,186.0,44591
2024-12-13 11:15:00,186.0,192.0,185.51,189.3,273306
2024-12-13 12:15:00,189.3,191.97,188.0,189.56,114899
2024-12-13 13:15:00,189.94,190.5,189.54,190.14,47461
2024-12-13 14:15:00,190.0,190.39,187.66,187.98,75582
2024-12-13 15:15:00,187.98,188.0,187.3,188.0,36335
2024-12-16 09:15:00,187.01,189.0,185.12,185.97,47588
2024-12-16 10:15:00,185.77,185.93,185.0,185.51,19023
2024-12-16 11:15:00,185.51,186.09,185.0,186.09,11288
2024-12-16 12:15:00,186.0,186.06,185.16,185.95,11531
2024-12-16 13:15:00,185.95,186.2,185.1,185.11,14687
2024-12-16 14:15:00,185.11,185.61,185.1,185.28,14169
2024-12-16 15:15:00,185.5,186.0,185.1,186.0,12866
2024-12-17 09:15:00,187.8,188.59,185.14,185.66,36729
2024-12-17 10:15:00,185.91,186.33,183.25,183.6,30154
2024-12-17 11:15:00,183.42,184.99,183.42,184.0,13369
2024-12-17 12:15:00,184.0,185.28,183.3,184.94,13757
2024-12-17 13:15:00,184.94,185.0,183.42,183.5,12365
2024-12-17 14:15:00,183.42,184.39,183.0,184.3,35563
2024-12-17 15:15:00,184.3,185.0,184.0,184.7,4492
2024-12-18 09:15:00,183.5,185.87,182.81,183.51,25897
2024-12-18 10:15:00,183.35,185.0,183.0,183.9,29586
2024-12-18 11:15:00,183.9,184.0,182.75,183.0,10466
2024-12-18 12:15:00,183.0,183.36,182.5,182.5,13226
2024-12-18 13:15:00,182.5,183.01,182.3,182.94,3796
2024-12-18 14:15:00,183.0,183.49,181.51,181.63,17000
2024-12-18 15:15:00,181.93,182.42,180.5,182.42,16832
2024-12-19 09:15:00,178.11,182.39,177.5,180.78,45425
2024-12-19 10:15:00,180.92,182.87,179.89,181.5,34438
2024-12-19 11:15:00,181.5,181.59,180.5,181.0,11761
2024-12-19 12:15:00,181.25,181.48,179.71,180.0,14472
2024-12-19 13:15:00,180.0,182.3,178.21,181.35,38672
2024-12-19 14:15:00,181.35,181.7,179.09,180.21,17144
2024-12-19 15:15:00,180.68,181.0,179.0,179.0,8996
2024-12-20 09:15:00,179.99,181.39,179.07,180.39,26759
2024-12-20 10:15:00,180.39,181.19,180.1,180.19,6474
2024-12-20 11:15:00,180.43,181.14,180.0,180.51,5804
2024-12-20 12:15:00,180.5,180.89,179.9,180.0,13414
2024-12-20 13:15:00,180.0,180.83,176.99,177.19,18097
2024-12-20 14:15:00,177.1,177.58,175.41,175.85,21737
2024-12-20 15:15:00,175.86,181.99,175.85,179.0,19374
2024-12-23 09:15:00,179.0,191.05,178.79,186.13,485792
2024-12-23 10:15:00,186.12,186.9,185.0,186.21,82533
2024-12-23 11:15:00,186.39,186.49,185.05,186.02,49790
2024-12-23 12:15:00,186.2,186.95,185.0,185.88,53449
2024-12-23 13:15:00,185.58,186.28,185.54,186.1,25959
2024-12-23 14:15:00,186.09,186.5,184.81,185.51,76638
2024-12-23 15:15:00,185.51,186.5,184.6,186.0,51202
2024-12-24 09:15:00,186.4,187.4,182.4,185.37,42989
2024-12-24 10:15:00,185.1,185.84,184.08,185.23,16017
2024-12-24 11:15:00,185.15,185.61,184.08,184.35,7845
2024-12-24 12:15:00,184.5,184.9,184.36,184.62,2131
2024-12-24 13:15:00,184.77,185.99,184.51,184.54,13201
2024-12-24 14:15:00,184.53,185.99,184.03,185.66,16659
2024-12-24 15:15:00,185.46,185.98,184.6,185.98,7120
2024-12-26 09:15:00,186.68,186.7,181.85,183.24,40181
2024-12-26 10:15:00,183.24,183.94,183.1,183.72,7958
2024-12-26 11:15:00,183.75,184.18,182.5,182.91,9271
2024-12-26 12:15:00,182.66,183.73,182.63,182.72,6676
2024-12-26 13:15:00,182.74,183.05,182.0,182.22,9149
2024-12-26 14:15:00,182.2,183.64,181.52,182.84,16016
2024-12-26 15:15:00,182.83,185.2,181.5,185.2,27480
2024-12-27 09:15:00,184.0,185.05,180.99,181.68,40435
2024-12-27 10:15:00,181.63,181.63,180.41,180.5,19354
2024-12-27 11:15:00,180.81,181.21,180.5,180.64,6316
2024-12-27 12:15:00,180.64,181.49,180.5,180.97,2865
2024-12-27 13:15:00,180.97,182.36,180.78,182.25,11156
2024-12-27 14:15:00,182.25,183.99,181.61,183.99,35617
2024-12-27 15:15:00,183.99,185.0,182.98,184.4,15169
2024-12-30 09:15:00,185.01,186.23,181.0,181.54,31314
2024-12-30 10:15:00,181.85,183.5,181.58,183.28,16045
2024-12-30 11:15:00,183.28,184.07,182.98,183.0,10606
2024-12-30 12:15:00,183.0,183.68,182.97,183.2,3760
2024-12-30 13:15:00,183.0,184.2,182.97,183.67,12329
2024-12-30 14:15:00,183.28,185.1,182.08,185.09,41800
2024-12-30 15:15:00,185.09,185.1,184.01,185.09,31196
2024-12-31 09:15:00,186.99,187.58,181.3,181.96,36460
2024-12-31 10:15:00,181.64,183.86,181.61,182.4,6680
2024-12-31 11:15:00,182.42,182.85,181.3,182.27,12113
2024-12-31 12:15:00,182.24,182.27,181.11,182.11,12100
2024-12-31 13:15:00,181.77,183.98,181.77,183.63,10038
2024-12-31 14:15:00,183.42,184.9,182.94,184.0,36639
2024-12-31 15:15:00,183.99,184.04,183.15,184.0,12849
2025-01-01 09:15:00,183.0,184.5,183.0,183.63,14242
2025-01-01 10:15:00,183.45,184.29,183.38,183.61,12884
2025-01-01 11:15:00,183.57,184.08,183.5,183.62,14708
2025-01-01 12:15:00,183.86,183.86,183.0,183.3,5772
2025-01-01 13:15:00,183.3,183.97,183.0,183.5,7250
2025-01-01 14:15:00,183.19,184.4,182.65,183.0,19449
2025-01-01 15:15:00,182.95,183.5,182.5,182.85,4215
2025-01-02 09:15:00,184.0,184.92,183.0,183.0,24133
2025-01-02 10:15:00,183.28,184.05,179.67,181.0,48744
2025-01-02 11:15:00,180.99,181.79,180.1,181.3,8253
2025-01-02 12:15:00,181.3,181.8,181.02,181.8,3864
2025-01-02 13:15:00,181.8,181.8,181.1,181.34,14894
2025-01-02 14:15:00,181.5,181.5,181.0,181.15,20964
2025-01-02 15:15:00,181.15,181.87,180.8,181.3,11177
2025-01-03 09:15:00,182.0,183.51,181.25,183.47,16406
2025-01-03 10:15:00,183.27,186.37,183.2,186.0,48322
2025-01-03 11:15:00,185.85,185.85,184.44,184.6,42786
2025-01-03 12:15:00,185.04,187.0,184.58,185.25,73748
2025-01-03 13:15:00,185.25,185.32,182.36,183.35,16672
2025-01-03 14:15:00,183.3,183.71,183.0,183.34,4940
2025-01-03 15:15:00,183.14,185.4,183.14,183.52,15299
2025-01-06 09:15:00,185.9,187.01,183.01,184.08,35658
2025-01-06 10:15:00,184.34,184.39,181.05,181.05,22891
2025-01-06 11:15:00,181.24,182.29,180.57,182.04,19729
2025-01-06 12:15:00,181.96,183.3,181.41,182.04,10160
2025-01-06 13:15:00,182.05,182.05,180.0,180.02,22251
2025-01-06 14:15:00,180.07,180.14,177.02,178.5,41048
2025-01-06 15:15:00,178.6,179.52,178.01,179.5,8226
2025-01-07 09:15:00,181.0,182.88,179.5,181.59,32259
2025-01-07 10:15:00,181.97,182.39,181.12,181.44,7057
2025-01-07 11:15:00,181.44,183.5,181.32,181.71,12189
2025-01-07 12:15:00,181.71,182.14,181.32,182.1,6383
2025-01-07 13:15:00,182.0,182.6,181.31,182.6,6824
2025-01-07 14:15:00,182.37,182.7,182.08,182.4,13274
2025-01-07 15:15:00,182.4,182.6,181.25,182.36,7404
2025-01-08 09:15:00,182.36,183.0,180.21,180.6,13827
2025-01-08 10:15:00,180.64,181.07,179.51,180.55,11287
2025-01-08 11:15:00,180.28,180.93,179.55,179.57,8346
2025-01-08 12:15:00,179.79,180.45,178.5,179.5,16078
2025-01-08 13:15:00,179.4,180.19,178.65,180.19,6285
2025-01-08 14:15:00,180.18,180.19,179.5,179.84,8200
2025-01-08 15:15:00,179.84,179.84,179.05,179.7,6292
2025-01-09 09:15:00,180.79,180.79,177.13,178.9,26767
2025-01-09 10:15:00,178.9,179.04,177.98,178.64,10666
2025-01-09 11:15:00,178.79,179.49,178.5,179.15,4726
2025-01-09 12:15:00,179.15,180.45,179.15,180.14,9599
2025-01-09 13:15:00,180.13,180.2,179.36,180.13,6645
2025-01-09 14:15:00,180.13,180.13,177.5,177.59,8357
2025-01-09 15:15:00,177.59,179.0,177.54,178.5,8792
2025-01-10 09:15:00,176.31,177.71,172.81,174.6,49794
2025-01-10 10:15:00,174.89,176.58,174.29,176.05,11024
2025-01-10 11:15:00,176.23,180.96,175.53,178.4,19696
2025-01-10 12:15:00,178.4,179.67,177.96,179.0,12483
2025-01-10 13:15:00,179.04,179.28,178.3,179.0,11060
2025-01-10 14:15:00,178.68,179.1,175.65,175.68,21381
2025-01-10 15:15:00,176.17,176.88,175.68,176.88,6797
2025-01-13 09:15:00,178.99,178.99,173.01,174.5,30332
2025-01-13 10:15:00,174.35,176.01,172.3,172.5,43076
2025-01-13 11:15:00,172.31,172.69,171.0,171.89,13199
2025-01-13 12:15:00,171.94,173.0,171.5,171.99,11031
2025-01-13 13:15:00,171.98,172.0,168.76,168.96,27107
2025-01-13 14:15:00,168.76,168.76,166.07,167.23,27129
2025-01-13 15:15:00,167.23,167.99,166.0,167.99,9814
2025-01-14 09:15:00,166.94,170.19,165.55,168.37,27580
2025-01-14 10:15:00,168.37,169.26,167.71,169.26,10887
2025-01-14 11:15:00,169.26,171.83,168.8,171.31,7943
2025-01-14 12:15:00,171.31,171.59,170.28,170.9,7984
2025-01-14 13:15:00,170.8,174.0,170.08,173.22,17933
2025-01-14 14:15:00,173.7,174.42,172.47,173.3,9580
2025-01-14 15:15:00,172.84,173.45,171.09,171.09,3180
2025-01-15 09:15:00,173.0,173.27,170.5,171.12,16755
2025-01-15 10:15:00,171.1,173.22,171.01,172.99,10560
2025-01-15 11:15:00,173.19,175.37,173.0,175.37,7998
2025-01-15 12:15:00,175.36,176.78,174.41,176.78,11460
2025-01-15 13:15:00,175.94,179.25,175.42,179.25,30537
2025-01-15 14:15:00,178.33,179.3,177.0,177.4,14975
2025-01-15 15:15:00,177.4,179.01,177.25,179.0,6127
2025-01-16 09:15:00,180.08,180.09,176.7,176.92,12771
2025-01-16 10:15:00,176.98,179.49,175.81,178.4,14873
2025-01-16 11:15:00,178.4,179.5,177.17,178.28,9841
2025-01-16 12:15:00,178.04,178.22,177.16,178.0,2324
2025-01-16 13:15:00,178.0,179.0,177.64,178.74,5035
2025-01-16 14:15:00,178.91,178.91,176.41,177.32,9135
2025-01-16 15:15:00,177.3,177.5,176.21,176.8,4551
2025-01-17 09:15:00,177.32,177.98,175.25,175.68,7989
2025-01-17 10:15:00,175.68,176.46,174.24,174.92,4904
2025-01-17 11:15:00,174.93,175.2,174.54,175.2,1069
2025-01-17 12:15:00,175.0,177.39,174.93,176.39,4258
2025-01-17 13:15:00,176.33,179.5,176.01,178.49,7907
2025-01-17 14:15:00,178.73,181.0,178.73,180.99,16083
2025-01-17 15:15:00,180.97,180.97,177.68,177.68,4170
2025-01-20 09:15:00,179.8,181.4,177.16,181.0,15299
2025-01-20 10:15:00,181.01,181.5,180.0,180.41,11108
2025-01-20 11:15:00,180.56,181.44,180.18,180.45,6912
2025-01-20 12:15:00,180.49,180.49,178.61,179.61,5015
2025-01-20 13:15:00,179.61,180.7,179.34,180.7,7777
2025-01-20 14:15:00,180.37,181.19,179.0,180.78,6511
2025-01-20 15:15:00,180.51,180.7,179.0,180.7,2445
2025-01-21 09:15:00,180.18,182.59,178.53,178.9,13037
2025-01-21 10:15:00,178.9,179.19,177.0,177.55,7180
2025-01-21 11:15:00,177.92,180.04,177.68,178.93,9392
2025-01-21 12:15:00,178.87,179.48,177.47,178.12,4595
2025-01-21 13:15:00,177.88,178.4,177.69,177.8,2875
2025-01-21 14:15:00,177.75,180.0,177.0,177.3,9896
2025-01-21 15:15:00,177.3,181.0,177.3,178.72,4499
2025-01-22 09:15:00,177.83,177.83,174.38,175.35,14623
2025-01-22 10:15:00,175.43,175.99,174.76,174.82,7843
2025-01-22 11:15:00,174.9,175.0,174.0,174.0,9311
2025-01-22 12:15:00,174.25,174.25,173.33,173.33,2279
2025-01-22 13:15:00,173.39,174.0,173.3,173.81,8097
2025-01-22 14:15:00,173.88,174.45,173.3,174.01,8846
2025-01-22 15:15:00,174.01,174.29,173.32,174.0,5020
2025-01-23 09:15:00,174.02,177.02,172.83,173.65,14701
2025-01-23 10:15:00,174.1,175.1,173.69,174.11,3617
2025-01-23 11:15:00,174.39,175.71,174.08,175.14,11412
2025-01-23 12:15:00,175.04,176.0,174.0,174.99,5368
2025-01-23 13:15:00,174.97,174.97,172.85,174.04,9163
2025-01-23 14:15:00,173.95,174.15,172.51,174.1,4803
2025-01-23 15:15:00,174.1,174.1,172.8,174.0,2302
2025-01-24 09:15:00,174.41,176.38,171.72,172.5,6332
2025-01-24 10:15:00,172.63,175.2,172.6,175.17,17689
2025-01-24 11:15:00,175.25,178.0,175.0,177.05,12646
2025-01-24 12:15:00,177.24,177.74,176.25,176.9,16541
2025-01-24 13:15:00,177.28,178.45,176.6,177.0,14436
2025-01-24 14:15:00,176.99,177.2,171.62,171.62,26455
2025-01-24 15:15:00,171.86,172.76,170.58,172.64,7157
2025-01-27 09:15:00,169.21,169.3,166.02,166.44,14637
2025-01-27 10:15:00,166.44,167.06,164.25,166.54,16779
2025-01-27 11:15:00,166.52,167.3,165.99,166.39,6103
2025-01-27 12:15:00,166.74,166.78,165.81,166.1,6145
2025-01-27 13:15:00,166.1,166.25,164.52,164.81,8587
2025-01-27 14:15:00,164.88,164.96,161.99,162.76,11508
2025-01-27 15:15:00,162.55,164.0,161.0,162.89,9952
2025-01-28 09:15:00,164.11,166.43,157.0,157.3,30472
2025-01-28 10:15:00,157.29,158.9,153.42,157.96,26093
2025-01-28 11:15:00,157.99,159.9,157.86,159.75,6764
2025-01-28 12:15:00,159.74,163.34,159.48,163.34,9728
2025-01-28 13:15:00,163.19,163.19,160.48,161.62,4412
2025-01-28 14:15:00,161.62,162.14,159.39,160.59,9382
2025-01-28 15:15:00,160.58,165.0,160.35,164.5,2171
2025-01-29 09:15:00,164.47,166.53,160.15,162.0,19102
2025-01-29 10:15:00,162.83,165.49,161.96,164.54,25489
2025-01-29 11:15:00,164.09,165.49,163.21,163.62,9440
2025-01-29 12:15:00,163.46,164.54,163.41,163.46,8526
2025-01-29 13:15:00,163.48,164.0,162.21,163.29,10881
2025-01-29 14:15:00,163.53,165.09,162.11,163.46,14318
2025-01-29 15:15:00,163.45,164.95,163.0,163.88,7901
2025-01-30 09:15:00,164.31,167.5,164.1,166.89,13288
2025-01-30 10:15:00,166.81,166.99,165.63,166.48,3692
2025-01-30 11:15:00,166.66,167.25,166.16,166.92,3128
2025-01-30 12:15:00,166.98,167.89,166.97,167.25,2389
2025-01-30 13:15:00,167.53,167.99,165.7,165.97,5717
2025-01-30 14:15:00,166.53,166.53,164.0,164.61,29041
2025-01-30 15:15:00,164.89,165.75,164.63,164.7,15861
2025-01-31 09:15:00,166.31,168.58,164.01,165.52,12182
2025-01-31 10:15:00,165.55,167.0,165.36,166.29,2811
2025-01-31 11:15:00,166.2,168.5,166.2,167.63,14109
2025-01-31 12:15:00,167.68,168.0,167.02,167.72,2440
2025-01-31 13:15:00,167.52,168.5,167.37,167.4,4017
2025-01-31 14:15:00,167.44,168.0,165.62,166.01,9171
2025-01-31 15:15:00,166.02,167.0,165.8,166.25,3581
2025-02-01 09:15:00,169.9,169.9,167.14,167.92,6484
2025-02-01 10:15:00,167.63,168.11,167.6,168.11,5690
2025-02-01 11:15:00,168.48,169.0,166.91,168.0,11628
2025-02-01 12:15:00,168.14,168.42,166.6,167.06,7886
2025-02-01 13:15:00,167.26,167.27,166.07,167.0,6177
2025-02-01 14:15:00,166.99,169.0,166.38,168.34,5491
2025-02-01 15:15:00,168.15,169.0,166.15,169.0,4491
2025-02-03 09:15:00,167.94,167.94,164.32,165.19,6858
2025-02-03 10:15:00,165.38,166.82,164.59,166.78,6486
2025-02-03 11:15:00,166.2,168.41,165.7,165.94,5835
2025-02-03 12:15:00,166.1,166.56,165.1,166.56,3537
2025-02-03 13:15:00,166.56,168.14,166.06,166.69,6148
2025-02-03 14:15:00,166.68,168.0,166.41,166.61,6585
2025-02-03 15:15:00,166.79,167.0,165.0,165.99,6745
2025-02-04 09:15:00,166.0,168.97,166.0,167.69,11790
2025-02-04 10:15:00,167.72,168.17,166.55,167.8,6056
2025-02-04 11:15:00,167.02,167.79,166.98,167.78,1354
2025-02-04 12:15:00,167.49,167.85,167.0,167.18,3228
2025-02-04 13:15:00,167.27,169.59,167.0,168.67,7857
2025-02-04 14:15:00,168.74,169.0,167.3,167.92,6703
2025-02-04 15:15:00,167.91,167.97,167.3,167.75,3217
2025-02-05 09:15:00,170.15,172.05,168.94,170.39,9630
2025-02-05 10:15:00,170.31,171.6,169.31,170.0,8888
2025-02-05 11:15:00,169.51,170.0,168.99,169.27,4157
2025-02-05 12:15:00,169.57,169.79,168.09,168.85,4180
2025-02-05 13:15:00,168.85,168.96,168.54,168.56,1872
2025-02-05 14:15:00,168.79,169.5,168.0,168.26,11731
2025-02-05 15:15:00,168.14,168.99,167.2,167.2,3924
2025-02-06 09:15:00,169.94,169.94,167.22,169.36,16731
2025-02-06 10:15:00,169.31,171.0,168.1,168.65,11392
2025-02-06 11:15:00,168.46,169.11,167.45,167.62,9695
2025-02-06 12:15:00,167.74,167.95,167.03,167.49,4137
2025-02-06 13:15:00,167.49,167.67,166.45,166.5,3099
2025-02-06 14:15:00,166.5,168.5,166.5,168.48,12918
2025-02-06 15:15:00,168.14,169.0,166.55,168.95,7979
2025-02-07 09:15:00,169.22,169.71,165.2,166.38,10175
2025-02-07 10:15:00,166.33,167.63,164.58,166.6,6861
2025-02-07 11:15:00,166.79,167.88,166.3,166.48,3673
2025-02-07 12:15:00,166.5,166.6,165.86,165.86,3875
2025-02-07 13:15:00,166.02,166.78,165.35,165.35,3052
2025-02-07 14:15:00,165.2,166.37,164.5,166.23,5698
2025-02-07 15:15:00,166.23,166.6,165.0,165.82,3240
2025-02-10 09:15:00,166.51,168.74,161.88,161.88,20650
2025-02-10 10:15:00,161.98,162.48,160.87,161.87,7657
2025-02-10 11:15:00,161.87,162.01,158.9,160.96,26677
2025-02-10 12:15:00,160.65,162.5,159.61,160.5,14658
2025-02-10 13:15:00,160.71,161.79,159.76,160.87,6011
2025-02-10 14:15:00,160.44,162.49,160.34,161.43,6910
2025-02-10 15:15:00,161.43,164.6,160.88,161.1,6839
2025-02-11 09:15:00,158.01,161.99,149.9,154.16,56061
2025-02-11 10:15:00,154.12,154.81,150.2,153.5,31717
2025-02-11 11:15:00,153.5,153.5,152.0,153.26,6704
2025-02-11 12:15:00,153.32,153.89,150.3,151.0,25864
2025-02-11 13:15:00,151.0,151.85,150.3,151.49,15771
2025-02-11 14:15:00,151.54,153.0,151.22,152.9,19555
2025-02-11 15:15:00,152.64,153.5,151.75,153.5,10530
2025-02-12 09:15:00,154.89,154.9,144.6,146.5,37673
2025-02-12 10:15:00,146.46,148.56,143.64,148.15,81173
2025-02-12 11:15:00,148.03,151.1,148.0,149.56,25132
2025-02-12 12:15:00,149.55,151.05,148.3,150.77,10787
2025-02-12 13:15:00,150.56,150.98,148.2,149.35,7195
2025-02-12 14:15:00,149.33,149.53,146.1,148.91,13107
2025-02-12 15:15:00,148.91,150.99,148.0,149.0,6095
2025-02-13 09:15:00,146.62,151.24,146.62,150.0,22761
2025-02-13 10:15:00,150.29,150.79,149.0,150.5,14835
2025-02-13 11:15:00,150.5,150.5,149.02,149.51,2814
2025-02-13 12:15:00,149.81,149.83,149.01,149.27,2104
2025-02-13 13:15:00,149.04,149.04,147.07,147.55,12221
2025-02-13 14:15:00,147.65,149.79,147.0,148.65,8615
2025-02-13 15:15:00,148.8,150.0,148.51,149.3,4993
2025-02-14 09:15:00,149.21,150.69,144.69,146.85,15619
2025-02-14 10:15:00,147.05,147.38,144.92,146.12,14333
2025-02-14 11:15:00,145.53,146.74,144.56,146.01,12149
2025-02-14 12:15:00,146.27,146.27,144.3,145.0,7205
2025-02-14 13:15:00,145.0,145.51,144.2,144.2,10174
2025-02-14 14:15:00,144.43,146.0,143.8,144.3,18309
2025-02-14 15:15:00,144.3,144.3,143.8,143.99,9073
2025-02-17 09:15:00,143.66,144.31,138.7,139.28,58875
2025-02-17 10:15:00,139.28,141.7,139.0,139.22,16197
2025-02-17 11:15:00,139.22,139.79,138.5,139.3,9026
2025-02-17 12:15:00,139.24,140.1,138.7,139.61,5043
2025-02-17 13:15:00,139.63,140.2,138.81,139.7,10387
2025-02-17 14:15:00,139.52,140.2,139.0,139.11,12044
2025-02-17 15:15:00,139.17,140.2,138.75,139.95,10946
2025-02-18 09:15:00,140.01,141.34,135.63,136.21,26596
2025-02-18 10:15:00,136.63,138.35,136.31,138.18,7944
2025-02-18 11:15:00,138.17,138.21,136.0,136.52,10629
2025-02-18 12:15:00,136.52,136.84,135.0,136.0,11851
2025-02-18 13:15:00,136.0,136.85,135.0,135.0,10409
2025-02-18 14:15:00,135.44,136.85,135.0,135.62,20886
2025-02-18 15:15:00,135.62,138.85,135.0,136.3,8651
2025-02-19 09:15:00,135.2,140.79,134.31,139.23,23980
2025-02-19 10:15:00,139.67,140.34,136.5,137.71,18954
2025-02-19 11:15:00,137.99,138.76,136.86,138.55,8180
2025-02-19 12:15:00,138.55,138.89,137.11,137.39,6754
2025-02-19 13:15:00,137.6,140.2,137.3,138.73,9040
2025-02-19 14:15:00,138.76,140.25,137.81,139.35,8958
2025-02-19 15:15:00,139.11,140.0,138.82,139.1,4108
2025-02-20 09:15:00,140.6,142.99,138.08,142.27,23391
2025-02-20 10:15:00,142.42,144.19,142.06,142.53,12389
2025-02-20 11:15:00,142.39,143.5,141.71,143.22,15634
2025-02-20 12:15:00,143.09,143.4,142.89,143.1,2898
2025-02-20 13:15:00,143.25,143.64,142.02,143.64,10620
2025-02-20 14:15:00,143.96,144.0,143.15,143.27,4856
2025-02-20 15:15:00,143.28,144.0,143.1,144.0,4935
2025-02-21 09:15:00,141.26,144.86,137.33,140.5,68541
2025-02-21 10:15:00,140.49,141.0,139.42,139.98,12621
2025-02-21 11:15:00,140.11,141.0,139.81,140.88,8523
2025-02-21 12:15:00,140.88,142.0,140.1,140.64,15263
2025-02-21 13:15:00,140.53,140.66,139.7,140.3,4066
2025-02-21 14:15:00,140.27,141.18,139.62,139.78,12622
2025-02-21 15:15:00,139.96,139.96,138.48,139.2,7185
2025-02-24 09:15:00,140.37,142.99,136.91,142.28,76658
2025-02-24 10:15:00,141.59,142.1,140.0,141.14,15030
2025-02-24 11:15:00,141.0,142.1,140.0,141.89,18615
2025-02-24 12:15:00,141.94,142.2,141.31,142.09,9240
2025-02-24 13:15:00,142.03,142.67,141.0,141.55,6471
2025-02-24 14:15:00,141.77,143.0,141.21,142.02,5917
2025-02-24 15:15:00,142.12,144.0,141.82,142.6,11473
2025-02-25 09:15:00,142.78,145.91,142.0,142.1,71583
2025-02-25 10:15:00,142.1,142.65,141.73,142.0,13178
2025-02-25 11:15:00,141.85,141.92,141.7,141.71,3232
2025-02-25 12:15:00,141.71,141.86,141.7,141.77,2809
2025-02-25 13:15:00,141.77,141.9,141.5,141.78,3706
2025-02-25 14:15:00,141.78,142.25,141.58,142.0,20793
2025-02-25 15:15:00,141.94,142.0,141.83,142.0,4124
2025-02-27 09:15:00,141.05,143.99,137.5,138.65,29466
2025-02-27 10:15:00,138.65,138.89,137.02,137.31,16564
2025-02-27 11:15:00,137.21,137.65,136.25,136.25,20277
2025-02-27 12:15:00,136.26,136.53,136.1,136.11,13713
2025-02-27 13:15:00,136.1,136.45,135.72,135.8,23080
2025-02-27 14:15:00,135.8,137.05,135.8,137.0,36187
2025-02-27 15:15:00,136.52,140.0,134.0,134.0,55342
2025-02-28 09:15:00,135.0,135.0,129.62,131.6,44741
2025-02-28 10:15:00,131.6,131.98,131.3,131.3,6113
2025-02-28 11:15:00,131.3,132.0,130.76,131.56,16018
2025-02-28 12:15:00,131.58,131.85,130.12,130.68,10039
2025-02-28 13:15:00,130.66,131.68,130.0,130.79,11939
2025-02-28 14:15:00,130.83,131.36,130.1,130.97,9160
2025-02-28 15:15:00,130.93,131.24,130.81,131.0,5940
2025-03-03 09:15:00,131.6,133.49,129.75,130.18,29682
2025-03-03 10:15:00,130.81,130.82,129.17,129.33,12572
2025-03-03 11:15:00,129.35,129.35,127.75,128.02,14234
2025-03-03 12:15:00,128.34,131.0,128.16,129.06,24596
2025-03-03 13:15:00,129.06,130.0,128.61,129.29,11283
2025-03-03 14:15:00,129.0,130.01,128.51,129.25,21318
2025-03-03 15:15:00,129.79,129.79,129.01,129.65,5031
2025-03-04 09:15:00,127.94,130.49,126.11,127.75,82299
2025-03-04 10:15:00,127.5,128.04,127.1,127.26,16872
2025-03-04 11:15:00,127.26,127.51,126.7,126.86,22010
2025-03-04 12:15:00,126.87,127.06,126.7,126.7,18887
2025-03-04 13:15:00,126.7,126.98,126.1,126.24,15312
2025-03-04 14:15:00,126.24,127.3,126.24,126.81,18733
2025-03-04 15:15:00,126.82,127.1,126.71,126.71,7346
2025-03-05 09:15:00,127.11,131.95,127.1,130.5,42378
2025-03-05 10:15:00,130.51,133.5,130.1,133.5,33436
2025-03-05 11:15:00,133.5,133.6,130.55,131.17,33852
2025-03-05 12:15:00,131.15,131.59,129.37,130.03,13914
2025-03-05 13:15:00,130.07,130.79,129.23,129.31,12516
2025-03-05 14:15:00,129.23,129.49,128.05,128.8,27223
2025-03-05 15:15:00,129.0,129.5,128.82,129.5,5778
2025-03-06 09:15:00,131.0,133.0,130.47,131.43,28202
2025-03-06 10:15:00,131.52,133.5,131.31,133.14,26612
2025-03-06 11:15:00,133.14,134.45,132.98,133.63,47393
2025-03-06 12:15:00,133.63,134.49,133.2,133.62,17736
2025-03-06 13:15:00,133.63,134.0,132.6,132.8,13250
2025-03-06 14:15:00,132.8,133.19,132.01,132.48,28716
2025-03-06 15:15:00,132.44,132.48,132.11,132.39,11107
2025-03-07 09:15:00,133.17,136.11,131.94,134.33,36484
2025-03-07 10:15:00,134.76,137.49,134.36,136.5,35769
2025-03-07 11:15:00,136.5,136.5,134.48,134.7,21640
2025-03-07 12:15:00,134.73,135.2,134.21,134.21,12595
2025-03-07 13:15:00,134.21,136.0,134.2,134.81,16033
2025-03-07 14:15:00,134.81,136.16,134.75,135.03,29992
2025-03-07 15:15:00,135.04,136.16,135.0,135.8,10463
2025-03-10 09:15:00,135.26,136.99,134.11,134.16,64137
2025-03-10 10:15:00,134.16,134.62,132.5,132.58,43469
2025-03-10 11:15:00,132.58,133.33,132.5,132.5,15194
2025-03-10 12:15:00,132.5,132.89,132.0,132.6,29349
2025-03-10 13:15:00,132.6,136.59,132.6,135.73,58583
2025-03-10 14:15:00,135.54,141.08,135.54,138.97,92498
2025-03-10 15:15:00,138.38,139.0,138.05,139.0,8370
2025-03-11 09:15:00,138.89,140.0,135.0,140.0,38075
2025-03-11 10:15:00,139.78,139.9,137.92,138.93,10538
2025-03-11 11:15:00,139.24,139.24,137.41,137.46,9579
2025-03-11 12:15:00,137.72,138.6,137.12,137.49,6952
2025-03-11 13:15:00,137.64,139.0,137.22,139.0,19628
2025-03-11 14:15:00,139.15,140.0,137.52,137.52,22986
2025-03-11 15:15:00,137.85,140.0,137.26,138.64,12221
2025-03-12 09:15:00,141.55,141.55,136.38,136.57,14285
2025-03-12 10:15:00,136.57,137.08,136.02,136.6,5377
2025-03-12 11:15:00,136.6,136.6,135.5,135.58,11406
2025-03-12 12:15:00,135.58,136.01,135.05,135.62,8670
2025-03-12 13:15:00,135.62,136.87,135.5,136.42,9581
2025-03-12 14:15:00,136.42,136.89,135.99,136.89,12146
2025-03-12 15:15:00,136.77,137.29,136.06,137.2,8102
2025-03-13 09:15:00,137.49,137.5,133.9,136.44,32649
2025-03-13 10:15:00,136.33,137.89,136.31,137.09,10748
2025-03-13 11:15:00,136.88,139.7,136.68,139.01,23033
2025-03-13 12:15:00,139.34,139.7,136.5,137.67,49812
2025-03-13 13:15:00,137.67,138.0,136.5,136.87,13673
2025-03-13 14:15:00,136.73,137.9,135.8,136.1,19414
2025-03-13 15:15:00,136.43,139.4,135.09,135.09,6623
2025-03-17 09:15:00,139.79,139.8,135.01,135.01,18580
2025-03-17 10:15:00,135.01,135.57,134.63,134.67,9702
2025-03-17 11:15:00,134.67,136.1,134.17,134.75,13168
2025-03-17 12:15:00,134.75,135.0,133.5,133.51,11930
2025-03-17 13:15:00,133.51,136.7,133.51,135.78,16388
2025-03-17 14:15:00,135.71,136.8,133.6,134.56,26570
2025-03-17 15:15:00,134.1,139.0,133.76,135.6,22364
2025-03-18 09:15:00,137.81,137.81,135.13,137.1,32223
2025-03-18 10:15:00,137.31,137.59,136.68,137.2,5879
2025-03-18 11:15:00,137.21,138.17,136.4,136.41,14676
2025-03-18 12:15:00,136.41,138.3,135.37,137.89,34760
2025-03-18 13:15:00,138.1,139.55,136.48,137.78,19015
2025-03-18 14:15:00,137.81,139.03,137.5,138.0,13941
2025-03-18 15:15:00,138.0,138.44,137.5,137.5,7546
2025-03-19 09:15:00,139.01,140.65,138.16,139.89,26539
2025-03-19 10:15:00,139.89,142.48,139.78,141.17,26837
2025-03-19 11:15:00,141.17,142.0,141.01,141.58,9575
2025-03-19 12:15:00,141.59,143.11,141.13,142.88,11864
2025-03-19 13:15:00,142.95,143.4,142.12,142.57,14391
2025-03-19 14:15:00,142.69,143.7,141.5,142.91,21889
2025-03-19 15:15:00,143.48,144.0,140.8,141.05,23372
2025-03-20 09:15:00,142.91,143.63,140.9,141.0,19030
2025-03-20 10:15:00,141.16,141.33,139.26,139.93,29006
2025-03-20 11:15:00,139.88,140.8,139.45,140.8,23198
2025-03-20 12:15:00,141.0,143.17,141.0,143.0,11927
2025-03-20 13:15:00,143.03,147.7,142.81,145.75,44310
2025-03-20 14:15:00,145.8,146.79,141.2,143.3,31012
2025-03-20 15:15:00,143.31,143.73,143.0,143.0,9573
2025-03-21 09:15:00,143.3,146.18,142.0,144.95,31642
2025-03-21 10:15:00,144.97,145.49,144.57,144.57,8245
2025-03-21 11:15:00,144.61,147.9,143.84,147.0,34487
2025-03-21 12:15:00,147.0,147.58,146.12,146.15,9579
2025-03-21 13:15:00,146.31,146.31,145.2,145.76,10294
2025-03-21 14:15:00,145.77,149.5,145.52,146.92,31904
2025-03-21 15:15:00,146.97,147.25,145.0,145.0,19486
2025-03-24 09:15:00,149.4,150.0,145.1,146.54,29798
2025-03-24 10:15:00,146.76,147.5,146.23,146.57,10367
2025-03-24 11:15:00,146.4,146.81,145.5,145.7,10588
2025-03-24 12:15:00,145.7,145.99,145.0,145.26,16659
2025-03-24 13:15:00,145.26,147.0,145.15,146.33,15184
2025-03-24 14:15:00,146.33,146.72,145.0,145.02,15544
2025-03-24 15:15:00,145.2,145.79,144.77,144.8,9899
2025-03-25 09:15:00,145.15,147.81,143.34,143.6,24932
2025-03-25 10:15:00,143.46,144.02,141.49,142.59,19270
2025-03-25 11:15:00,142.25,142.69,140.74,141.82,16956
2025-03-25 12:15:00,141.82,142.96,140.98,142.6,28179
2025-03-25 13:15:00,142.5,142.81,141.49,142.0,15314
2025-03-25 14:15:00,142.0,142.5,140.88,140.88,14429
2025-03-25 15:15:00,140.83,141.48,140.12,141.0,12371
2025-03-26 09:15:00,142.41,142.56,139.54,139.99,41847
2025-03-26 10:15:00,139.9,140.01,137.45,137.93,22992
2025-03-26 11:15:00,137.82,138.67,137.51,138.26,13616
2025-03-26 12:15:00,138.25,138.25,136.25,136.86,28471
2025-03-26 13:15:00,136.86,137.81,135.45,136.44,18209
2025-03-26 14:15:00,136.24,136.69,135.11,135.51,28481
2025-03-26 15:15:00,135.65,136.02,135.0,135.0,18284
2025-03-27 09:15:00,135.47,138.7,134.61,137.44,67437
2025-03-27 10:15:00,137.44,137.91,136.59,137.29,28454
2025-03-27 11:15:00,137.3,138.28,136.11,137.0,20000
2025-03-27 12:15:00,137.0,137.6,136.64,137.08,9214
2025-03-27 13:15:00,136.9,141.4,136.74,141.11,56664
2025-03-27 14:15:00,141.11,142.49,138.0,138.36,97766
2025-03-27 15:15:00,138.37,139.35,138.0,138.24,18207
2025-03-28 09:15:00,139.49,141.36,138.06,138.06,30093
2025-03-28 10:15:00,138.36,145.35,137.86,143.61,50744
2025-03-28 11:15:00,143.3,144.51,142.85,143.35,15071
2025-03-28 12:15:00,143.42,144.89,142.45,144.0,18954
2025-03-28 13:15:00,144.0,146.2,144.0,146.06,56802
2025-03-28 14:15:00,145.84,149.49,144.52,147.09,119834
2025-03-28 15:15:00,147.09,148.3,143.2,147.0,44886
2025-04-01 09:15:00,146.98,153.58,144.8,152.98,94382
2025-04-01 10:15:00,152.79,153.0,150.21,151.04,32112
2025-04-01 11:15:00,151.34,153.0,150.68,152.0,17687
2025-04-01 12:15:00,152.0,152.0,151.4,151.57,4187
2025-04-01 13:15:00,151.6,152.35,150.32,151.32,9117
2025-04-01 14:15:00,151.41,151.49,148.9,148.9,23335
2025-04-01 15:15:00,149.18,150.0,148.72,148.72,10775
2025-04-02 09:15:00,149.23,155.9,142.0,155.0,71205
2025-04-02 10:15:00,154.98,155.7,151.9,153.77,39246
2025-04-02 11:15:00,153.56,155.0,153.5,153.7,18698
2025-04-02 12:15:00,153.46,155.6,153.25,155.6,40037
2025-04-02 13:15:00,155.69,156.0,154.71,155.0,19824
2025-04-02 14:15:00,154.86,155.99,153.93,155.86,25812
2025-04-02 15:15:00,155.46,156.5,155.16,155.5,13918
2025-04-03 09:15:00,154.79,158.09,153.45,156.78,33258
2025-04-03 10:15:00,156.76,163.0,156.38,162.0,62855
2025-04-03 11:15:00,162.33,172.0,162.05,172.0,187993
2025-04-03 12:15:00,171.7,173.0,167.76,168.24,113626
2025-04-03 13:15:00,168.58,171.0,165.97,167.84,86379
2025-04-03 14:15:00,167.64,171.0,167.63,168.44,53159
2025-04-03 15:15:00,168.43,171.0,167.7,169.1,26211
2025-04-04 09:15:00,167.0,169.43,164.54,165.79,75036
2025-04-04 10:15:00,165.28,167.95,165.0,166.81,22385
2025-04-04 11:15:00,166.93,166.93,165.0,165.15,15251
2025-04-04 12:15:00,165.11,165.57,163.55,163.89,12209
2025-04-04 13:15:00,163.9,165.0,163.75,164.46,10208
2025-04-04 14:15:00,164.54,168.0,164.23,167.14,24017
2025-04-04 15:15:00,167.17,170.95,167.07,169.48,33096
2025-04-07 09:15:00,142.36,169.19,142.36,163.0,193476
2025-04-07 10:15:00,163.45,172.0,163.07,169.5,80030
2025-04-07 11:15:00,169.22,169.9,166.0,166.47,28442
2025-04-07 12:15:00,166.14,166.5,164.83,165.08,11462
2025-04-07 13:15:00,165.08,167.99,164.0,167.3,24735
2025-04-07 14:15:00,167.3,168.0,166.52,167.0,13731
2025-04-07 15:15:00,166.99,167.94,166.5,166.55,18032
2025-04-08 09:15:00,172.01,176.75,170.1,174.61,125563
2025-04-08 10:15:00,174.59,175.0,171.5,172.99,47169
2025-04-08 11:15:00,172.85,173.99,171.53,172.24,16263
2025-04-08 12:15:00,172.18,173.25,171.44,171.89,15746
2025-04-08 13:15:00,171.97,172.75,171.1,172.0,9424
2025-04-08 14:15:00,172.0,174.75,171.31,173.4,25335
2025-04-08 15:15:00,173.14,173.4,169.6,171.25,18552
2025-04-09 09:15:00,172.38,174.3,168.5,170.1,47870
2025-04-09 10:15:00,170.17,171.19,168.72,169.13,13297
2025-04-09 11:15:00,168.84,169.75,168.1,169.3,7809
2025-04-09 12:15:00,169.2,169.2,167.3,168.0,8385
2025-04-09 13:15:00,168.0,168.19,167.45,167.59,3589
2025-04-09 14:15:00,167.41,167.99,167.4,167.41,6926
2025-04-09 15:15:00,167.41,167.47,165.44,165.44,10589
2025-04-11 09:15:00,169.44,172.95,169.15,170.11,34387
2025-04-11 10:15:00,170.55,170.55,168.64,168.75,16692
2025-04-11 11:15:00,168.7,169.25,167.57,168.33,9425
2025-04-11 12:15:00,168.27,169.5,167.56,168.49,12002
2025-04-11 13:15:00,167.95,169.35,167.85,168.75,3699
2025-04-11 14:15:00,168.98,168.98,167.51,168.1,8878
2025-04-11 15:15:00,167.61,167.96,165.46,166.4,8253
2025-04-15 09:15:00,169.43,171.09,168.37,168.98,29569
2025-04-15 10:15:00,168.98,169.2,168.11,169.03,7075
2025-04-15 11:15:00,169.04,169.19,168.44,168.8,8064
2025-04-15 12:15:00,168.68,168.84,168.0,168.05,8115
2025-04-15 13:15:00,168.06,168.21,167.0,167.63,11837
2025-04-15 14:15:00,167.73,168.73,167.5,168.0,15407
2025-04-15 15:15:00,168.25,168.7,167.83,168.48,12059
2025-04-16 09:15:00,168.7,169.95,167.47,168.19,16652
2025-04-16 10:15:00,168.22,168.51,166.77,166.9,11004
2025-04-16 11:15:00,166.9,167.73,166.88,167.0,6082
2025-04-16 12:15:00,167.23,167.49,166.76,166.95,9517
2025-04-16 13:15:00,166.95,166.95,166.2,166.22,5953
2025-04-16 14:15:00,166.5,166.64,165.6,165.9,7777
2025-04-16 15:15:00,165.89,166.5,164.7,165.6,11940
2025-04-17 09:15:00,167.28,168.16,164.85,165.08,17774
2025-04-17 10:15:00,165.38,166.09,164.85,165.2,8900
2025-04-17 11:15:00,165.4,165.89,164.86,164.99,6521
2025-04-17 12:15:00,164.99,165.25,164.7,165.19,6427
2025-04-17 13:15:00,165.2,165.24,164.85,164.9,2329
2025-04-17 14:15:00,164.99,165.7,164.71,164.71,10237
2025-04-17 15:15:00,164.72,165.0,164.07,164.97,11883
2025-04-21 09:15:00,167.0,168.33,165.0,167.74,25800
2025-04-21 10:15:00,167.53,169.0,167.02,167.44,12802
2025-04-21 11:15:00,167.25,167.63,166.73,167.09,8404
2025-04-21 12:15:00,166.91,167.49,166.55,166.87,5139
2025-04-21 13:15:00,166.9,167.64,166.55,166.96,8678
2025-04-21 14:15:00,167.0,169.0,166.55,167.38,15105
2025-04-21 15:15:00,166.96,167.33,166.84,167.0,6729
2025-04-22 09:15:00,168.43,168.59,165.83,168.39,11350
2025-04-22 10:15:00,168.24,170.78,167.44,169.36,19575
2025-04-22 11:15:00,169.53,169.77,168.0,168.43,22602
2025-04-22 12:15:00,168.4,168.67,168.04,168.04,4224
2025-04-22 13:15:00,168.07,168.67,167.9,168.12,4050
2025-04-22 14:15:00,168.21,169.09,167.12,167.81,11289
2025-04-22 15:15:00,167.81,168.3,167.02,167.05,2830
2025-04-23 09:15:00,169.3,169.79,166.61,166.83,16155
2025-04-23 10:15:00,166.8,166.96,164.48,165.5,11554
2025-04-23 11:15:00,165.43,165.86,164.48,165.6,4275
2025-04-23 12:15:00,165.42,165.85,165.0,165.38,6234
2025-04-23 13:15:00,165.25,165.79,163.9,165.7,21454
2025-04-23 14:15:00,165.78,165.99,164.76,165.01,7822
2025-04-23 15:15:00,165.02,165.3,164.07,165.26,11141
2025-04-24 09:15:00,164.89,167.31,164.1,164.88,16123
2025-04-24 10:15:00,164.89,165.49,164.34,165.1,9721
2025-04-24 11:15:00,165.1,165.29,164.15,164.71,9275
2025-04-24 12:15:00,164.7,164.96,164.11,164.12,4952
2025-04-24 13:15:00,164.14,164.38,163.5,163.93,11157
2025-04-24 14:15:00,163.99,164.4,163.44,163.67,16204
2025-04-24 15:15:00,163.68,164.35,163.31,163.34,3881
2025-04-25 09:15:00,163.7,164.99,159.05,159.74,20453
2025-04-25 10:15:00,159.98,161.69,159.03,159.92,11005
2025-04-25 11:15:00,159.94,160.12,158.4,159.45,13155
2025-04-25 12:15:00,159.22,160.24,159.15,159.85,6279
2025-04-25 13:15:00,159.88,160.39,158.99,159.28,10651
2025-04-25 14:15:00,159.38,160.04,158.4,158.75,7725
2025-04-25 15:15:00,158.74,159.69,158.0,158.75,6066
2025-04-28 09:15:00,157.45,162.96,155.65,161.0,23527
2025-04-28 10:15:00,161.58,162.4,160.75,161.52,17085
2025-04-28 11:15:00,161.52,161.99,161.0,161.42,18112
2025-04-28 12:15:00,161.42,162.07,161.01,161.34,17685
2025-04-28 13:15:00,161.11,162.19,160.56,160.98,13718
2025-04-28 14:15:00,160.95,162.55,160.51,161.0,17904
2025-04-28 15:15:00,161.01,161.66,160.65,160.81,5409
2025-04-29 09:15:00,161.41,163.44,160.5,160.5,12759
2025-04-29 10:15:00,160.51,161.51,160.1,160.83,16058
2025-04-29 11:15:00,160.86,161.25,155.99,156.71,51487
2025-04-29 12:15:00,157.06,157.43,155.87,156.5,14900
2025-04-29 13:15:00,156.58,157.64,156.11,157.17,10021
2025-04-29 14:15:00,157.17,157.17,156.07,156.21,9579
2025-04-29 15:15:00,156.21,156.93,155.5,156.0,12381
2025-04-30 09:15:00,156.11,157.13,154.0,155.53,9876
2025-04-30 10:15:00,155.53,155.69,155.0,155.66,2899
2025-04-30 11:15:00,155.83,158.51,155.81,158.09,17589
2025-04-30 12:15:00,157.97,158.12,156.78,157.78,4709
2025-04-30 13:15:00,157.39,157.88,155.27,155.88,7760
2025-04-30 14:15:00,156.16,156.37,153.37,155.75,11329
2025-04-30 15:15:00,155.29,156.09,154.14,156.0,9201
2025-05-02 09:15:00,156.01,157.44,153.29,154.18,9552
2025-05-02 10:15:00,154.18,156.25,154.05,154.51,8157
2025-05-02 11:15:00,154.69,155.39,154.0,154.98,12579
2025-05-02 12:15:00,155.0,155.28,154.22,154.99,7220
2025-05-02 13:15:00,154.84,155.39,154.51,154.51,1990
2025-05-02 14:15:00,154.56,155.0,153.3,154.36,7882
2025-05-02 15:15:00,154.25,155.0,153.69,154.72,5744
2025-05-05 09:15:00,156.5,159.0,153.52,154.09,23729
2025-05-05 10:15:00,154.09,154.92,153.53,153.91,14879
2025-05-05 11:15:00,154.18,154.57,153.7,153.71,11009
2025-05-05 12:15:00,153.71,154.89,153.7,154.31,5522
2025-05-05 13:15:00,154.22,155.25,154.0,154.17,9970
2025-05-05 14:15:00,154.44,154.99,154.0,154.3,13220
2025-05-05 15:15:00,154.3,154.39,153.0,153.52,16019
2025-05-06 09:15:00,152.52,154.99,151.03,151.03,16862
2025-05-06 10:15:00,151.01,151.04,150.0,150.57,12952
2025-05-06 11:15:00,150.41,150.78,149.81,150.42,10564
2025-05-06 12:15:00,150.43,151.83,150.25,150.34,10432
2025-05-06 13:15:00,150.34,151.46,149.2,150.0,16346
2025-05-06 14:15:00,150.0,152.19,149.5,149.78,10055
2025-05-06 15:15:00,149.78,151.0,149.0,149.5,9812
2025-05-07 09:15:00,147.44,150.79,146.69,146.7,19191
2025-05-07 10:15:00,146.7,148.5,145.41,148.0,27813
2025-05-07 11:15:00,148.0,148.39,147.4,148.0,12545
2025-05-07 12:15:00,147.76,147.87,146.41,146.72,17804
2025-05-07 13:15:00,146.86,148.89,146.71,147.79,11550
2025-05-07 14:15:00,148.0,150.0,147.17,147.99,24857
2025-05-07 15:15:00,147.91,149.0,147.34,148.0,10071
2025-05-08 09:15:00,147.16,152.48,147.09,152.01,15833
2025-05-08 10:15:00,152.01,152.06,151.01,151.64,5293
2025-05-08 11:15:00,151.63,153.78,151.14,153.26,7979
2025-05-08 12:15:00,153.26,153.46,150.77,150.77,7110
2025-05-08 13:15:00,150.79,152.09,149.77,150.15,5039
2025-05-08 14:15:00,149.63,150.13,148.0,148.54,8477
2025-05-08 15:15:00,148.6,149.3,147.44,149.3,4547
2025-05-09 09:15:00,145.1,151.44,145.0,146.28,31999
2025-05-09 10:15:00,146.4,146.84,145.34,145.9,11089
2025-05-09 11:15:00,145.8,147.34,145.41,146.96,11544
2025-05-09 12:15:00,147.05,148.46,146.61,147.11,9823
2025-05-09 13:15:00,147.13,148.22,146.76,147.5,5695
2025-05-09 14:15:00,147.66,149.38,146.96,147.49,10573
2025-05-09 15:15:00,147.5,148.17,146.56,147.5,14194
2025-05-12 09:15:00,153.43,155.44,152.09,154.79,28178
2025-05-12 10:15:00,154.52,159.11,153.8,156.13,51825
2025-05-12 11:15:00,156.13,156.99,154.04,154.39,14890
2025-05-12 12:15:00,154.46,157.39,154.0,154.7,21864
2025-05-12 13:15:00,155.28,156.27,154.65,155.23,4037
2025-05-12 14:15:00,155.23,156.99,154.88,155.4,11925
2025-05-12 15:15:00,155.43,156.3,154.15,154.6,18219
2025-05-13 09:15:00,155.64,159.89,155.53,159.6,32597
2025-05-13 10:15:00,159.59,159.79,157.85,159.49,17225
2025-05-13 11:15:00,159.55,160.44,159.02,159.68,7212
2025-05-13 12:15:00,159.93,160.36,157.47,157.66,9239
2025-05-13 13:15:00,157.92,158.05,155.01,155.6,15980
2025-05-13 14:15:00,155.6,157.99,155.6,156.39,14130
2025-05-13 15:15:00,156.5,159.5,155.6,157.0,12996
2025-05-14 09:15:00,156.34,158.04,156.28,157.52,16907
2025-05-14 10:15:00,157.44,160.39,157.44,160.0,16727
2025-05-14 11:15:00,160.0,160.0,157.61,157.84,14386
2025-05-14 12:15:00,157.99,158.2,157.35,157.99,3366
2025-05-14 13:15:00,157.99,158.83,157.7,158.04,6113
2025-05-14 14:15:00,158.34,158.98,157.65,157.86,11830
2025-05-14 15:15:00,157.85,161.0,157.7,158.0,27165
2025-05-15 09:15:00,160.0,161.46,157.8,160.85,27978
2025-05-15 10:15:00,161.0,162.7,160.0,161.01,26503
2025-05-15 11:15:00,161.23,161.42,159.45,161.02,15826
2025-05-15 12:15:00,161.01,161.41,159.61,160.43,11058
2025-05-15 13:15:00,160.12,160.59,159.63,159.78,5974
2025-05-15 14:15:00,159.82,160.31,159.0,159.7,16787
2025-05-15 15:15:00,159.48,159.52,157.99,159.0,15168
2025-05-16 09:15:00,159.99,160.56,158.16,158.75,23242
2025-05-16 10:15:00,158.55,161.51,158.52,161.06,13199
2025-05-16 11:15:00,161.1,162.0,159.69,160.0,32104
2025-05-16 12:15:00,159.9,160.99,159.65,160.1,2932
2025-05-16 13:15:00,160.58,162.0,160.07,160.26,9839
2025-05-16 14:15:00,160.57,160.7,160.0,160.06,10645
2025-05-16 15:15:00,160.11,161.0,160.0,160.5,7498
2025-05-19 09:15:00,162.2,163.89,158.91,159.97,96844
2025-05-19 10:15:00,159.98,160.0,159.01,159.6,6786
2025-05-19 11:15:00,159.44,160.0,159.12,159.64,7427
2025-05-19 12:15:00,159.75,160.99,159.0,159.09,15150
2025-05-19 13:15:00,159.4,160.0,158.05,158.1,15938
2025-05-19 14:15:00,158.45,160.95,158.0,158.05,50338
2025-05-19 15:15:00,158.05,158.45,157.22,157.3,64543
2025-05-20 09:15:00,159.89,160.0,158.0,159.53,31155
2025-05-20 10:15:00,159.26,159.42,157.91,158.0,10399
2025-05-20 11:15:00,158.0,158.73,157.93,158.18,11079
2025-05-20 12:15:00,158.18,159.61,157.65,158.42,20925
2025-05-20 13:15:00,158.42,158.53,157.05,157.05,16428
2025-05-20 14:15:00,157.05,157.25,155.51,156.66,40267
2025-05-20 15:15:00,156.68,157.14,155.52,155.52,17216
2025-05-21 09:15:00,156.48,158.95,156.36,157.0,27117
2025-05-21 10:15:00,157.63,157.67,154.45,155.16,57244
2025-05-21 11:15:00,155.16,155.77,153.02,153.43,38490
2025-05-21 12:15:00,153.48,155.24,153.48,154.85,8327
2025-05-21 13:15:00,154.85,155.99,154.5,154.84,6850
2025-05-21 14:15:00,154.83,155.5,154.5,155.06,11391
2025-05-21 15:15:00,155.36,155.78,154.81,155.1,9330
2025-05-22 09:15:00,155.11,157.0,154.56,156.89,14553
2025-05-22 10:15:00,156.89,156.99,155.23,155.7,6838
2025-05-22 11:15:00,155.7,156.17,154.52,155.0,13417
2025-05-22 12:15:00,155.0,156.02,154.87,154.87,8926
2025-05-22 13:15:00,155.32,155.88,154.87,154.95,3473
2025-05-22 14:15:00,155.0,155.88,154.1,154.51,22123
2025-05-22 15:15:00,154.79,155.25,154.4,154.41,10643
2025-05-23 09:15:00,155.0,157.43,155.0,155.65,21671
2025-05-23 10:15:00,155.78,156.0,154.77,155.67,11790
2025-05-23 11:15:00,155.5,156.0,155.0,155.26,9955
2025-05-23 12:15:00,155.81,158.1,155.05,155.86,45206
2025-05-23 13:15:00,156.0,156.01,155.52,155.68,7615
2025-05-23 14:15:00,155.9,156.0,155.5,155.82,19859
2025-05-23 15:15:00,155.99,156.29,155.55,155.9,29261
2025-05-26 09:15:00,154.01,157.92,152.89,156.7,67293
2025-05-26 10:15:00,156.7,157.15,154.03,155.75,59557
2025-05-26 11:15:00,155.96,156.0,154.5,155.0,23783
2025-05-26 12:15:00,155.0,155.0,150.95,151.25,77954
2025-05-26 13:15:00,151.25,152.74,151.15,151.5,43794
2025-05-26 14:15:00,151.5,154.38,151.03,152.34,83090
2025-05-26 15:15:00,152.49,154.18,152.01,152.5,37013
2025-05-27 09:15:00,153.9,155.5,152.5,152.75,44124
2025-05-27 10:15:00,152.57,154.0,152.1,153.2,29972
2025-05-27 11:15:00,153.0,153.3,152.5,152.6,11606
2025-05-27 12:15:00,152.6,153.4,152.56,153.3,7379
2025-05-27 13:15:00,153.4,153.5,153.1,153.41,7849
2025-05-27 14:15:00,153.4,153.51,152.31,153.01,25122
2025-05-27 15:15:00,153.0,153.1,152.45,152.75,16269
2025-05-28 09:15:00,153.5,155.07,152.17,155.0,81201
2025-05-28 10:15:00,154.9,154.99,154.23,154.5,24333
2025-05-28 11:15:00,154.41,154.99,154.4,154.75,11518
2025-05-28 12:15:00,154.71,154.99,154.01,154.89,20899
2025-05-28 13:15:00,154.89,154.89,153.0,153.38,15394
2025-05-28 14:15:00,153.5,154.21,152.46,152.96,50119
2025-05-28 15:15:00,152.96,154.0,152.62,153.0,12127
2025-05-29 09:15:00,154.89,154.89,151.3,152.04,28607
2025-05-29 10:15:00,152.25,154.22,152.04,153.05,42365
2025-05-29 11:15:00,153.22,153.64,151.65,151.65,18683
2025-05-29 12:15:00,151.67,152.22,151.65,152.0,20078
2025-05-29 13:15:00,152.0,152.5,151.8,152.4,12996
2025-05-29 14:15:00,152.36,152.76,151.9,152.21,22900
2025-05-29 15:15:00,152.44,153.21,152.01,153.0,36317
2025-05-30 09:15:00,152.63,153.79,151.85,152.82,39674
2025-05-30 10:15:00,152.77,153.55,152.01,153.28,13604
2025-05-30 11:15:00,153.5,155.29,153.19,153.88,53026
2025-05-30 12:15:00,154.06,154.88,153.4,154.09,7447
2025-05-30 13:15:00,154.28,155.0,154.0,154.4,62107
2025-05-30 14:15:00,154.63,155.0,148.5,150.95,56868
2025-05-30 15:15:00,151.41,153.39,150.51,153.0,32738
2025-06-02 09:15:00,152.25,155.04,152.0,154.57,53982
2025-06-02 10:15:00,154.69,155.16,154.25,154.8,51064
2025-06-02 11:15:00,154.8,155.4,154.21,154.78,10328
2025-06-02 12:15:00,154.78,155.38,154.01,154.01,21314
2025-06-02 13:15:00,154.01,154.25,152.0,152.61,38850
2025-06-02 14:15:00,152.79,153.28,152.05,152.29,25330
2025-06-02 15:15:00,152.31,152.77,149.71,152.0,72806
2025-06-03 09:15:00,152.7,153.2,151.0,151.61,33554
2025-06-03 10:15:00,151.51,153.0,151.17,152.49,30967
2025-06-03 11:15:00,152.32,153.01,151.54,152.29,43684
2025-06-03 12:15:00,152.29,152.47,151.15,151.68,15824
2025-06-03 13:15:00,151.68,152.23,151.36,151.88,3719
2025-06-03 14:15:00,151.98,152.99,150.1,151.61,32518
2025-06-03 15:15:00,151.63,151.63,148.7,149.83,77994
2025-06-04 09:15:00,150.19,151.46,149.5,150.63,16423
2025-06-04 10:15:00,150.4,151.17,149.9,150.46,43018
2025-06-04 11:15:00,150.23,151.09,150.21,150.3,40138
2025-06-04 12:15:00,150.42,150.73,149.0,150.44,25553
2025-06-04 13:15:00,150.42,150.59,149.81,150.35,5216
2025-06-04 14:15:00,150.53,150.6,147.72,149.32,66346
2025-06-04 15:15:00,149.49,150.3,149.0,150.3,16620
2025-06-05 09:15:00,150.35,154.9,149.44,150.3,139206
2025-06-05 10:15:00,150.3,152.27,150.25,151.11,36393
2025-06-05 11:15:00,150.96,151.29,150.4,150.5,21923
2025-06-05 12:15:00,150.5,152.08,150.4,151.11,32836
2025-06-05 13:15:00,151.11,151.49,149.44,149.8,71657
2025-06-05 14:15:00,149.99,150.14,149.6,150.0,26944
2025-06-05 15:15:00,150.0,150.38,149.82,150.36,11150
2025-06-06 09:15:00,151.61,152.36,150.01,151.59,23507
2025-06-06 10:15:00,151.59,155.09,151.22,154.1,81705
2025-06-06 11:15:00,154.1,154.3,152.88,153.06,13648
2025-06-06 12:15:00,153.22,153.39,150.8,150.99,80326
2025-06-06 13:15:00,151.0,151.09,150.73,151.02,16200
2025-06-06 14:15:00,151.02,151.38,149.85,150.0,50077
2025-06-06 15:15:00,150.0,150.75,149.93,150.0,36832
2025-06-09 09:15:00,151.24,154.8,150.8,151.62,142043
2025-06-09 10:15:00,151.62,152.45,151.14,152.2,29631
2025-06-09 11:15:00,152.2,153.99,152.1,153.19,51993
2025-06-09 12:15:00,153.44,154.4,152.91,154.22,46376
2025-06-09 13:15:00,154.22,154.4,151.05,151.4,122691
2025-06-09 14:15:00,151.4,152.0,150.6,150.89,84752
2025-06-09 15:15:00,150.89,151.79,150.89,151.01,30840
2025-06-10 09:15:00,152.79,153.28,150.8,152.55,82485
2025-06-10 10:15:00,152.55,153.9,152.3,152.57,47442
2025-06-10 11:15:00,152.6,153.5,152.6,153.07,64582
2025-06-10 12:15:00,153.08,153.38,152.37,152.73,38124
2025-06-10 13:15:00,152.73,153.8,152.51,153.65,42173
2025-06-10 14:15:00,153.65,153.95,152.75,153.46,44015
2025-06-10 15:15:00,153.45,153.5,153.2,153.34,21219
2025-06-11 09:15:00,154.59,155.53,151.2,155.5,156470
2025-06-11 10:15:00,155.53,156.11,153.75,154.72,96855
2025-06-11 11:15:00,154.72,155.25,154.55,154.87,68955
2025-06-11 12:15:00,154.87,154.87,153.1,153.25,82159
2025-06-11 13:15:00,153.24,153.49,152.01,152.34,43968
2025-06-11 14:15:00,152.34,153.15,152.25,152.75,38107
2025-06-11 15:15:00,152.65,153.2,152.51,153.0,21784
2025-06-12 09:15:00,154.0,155.54,151.42,151.98,147985
2025-06-12 10:15:00,152.12,154.26,151.65,153.65,98192
2025-06-12 11:15:00,153.65,154.93,153.41,153.93,75838
2025-06-12 12:15:00,153.88,153.93,152.65,152.79,30418
2025-06-12 13:15:00,152.71,152.8,151.3,151.3,40911
2025-06-12 14:15:00,151.38,151.99,150.0,150.08,66100
2025-06-12 15:15:00,150.06,150.75,149.61,150.5,26676
2025-06-13 09:15:00,150.25,150.49,147.61,150.1,48389
2025-06-13 10:15:00,150.06,151.12,150.0,150.16,19567
2025-06-13 11:15:00,150.2,150.76,149.81,150.62,11305
2025-06-13 12:15:00,150.55,153.85,150.06,152.25,153430
2025-06-13 13:15:00,152.3,152.37,150.81,151.07,47875
2025-06-13 14:15:00,151.08,151.15,150.6,150.88,11327
2025-06-13 15:15:00,150.89,151.0,149.7,150.0,69110
2025-06-16 09:15:00,151.16,151.17,149.36,149.85,48977
2025-06-16 10:15:00,149.67,150.0,149.54,149.88,21398
2025-06-16 11:15:00,149.81,152.84,149.72,151.36,140074
2025-06-16 12:15:00,151.26,151.37,150.21,150.56,27298
2025-06-16 13:15:00,150.43,151.5,150.35,150.99,23893
2025-06-16 14:15:00,150.87,153.62,150.76,153.01,130715
2025-06-16 15:15:00,153.0,153.22,152.72,153.0,21804
2025-06-17 09:15:00,154.49,155.45,153.02,153.95,77413
2025-06-17 10:15:00,153.82,153.83,152.46,152.5,31714
2025-06-17 11:15:00,152.5,152.55,151.88,152.0,19215
2025-06-17 12:15:00,152.05,152.49,151.45,151.76,10404
2025-06-17 13:15:00,151.76,152.23,151.6,151.92,3611
2025-06-17 14:15:00,151.92,151.93,150.92,151.2,23202
2025-06-17 15:15:00,151.0,151.2,150.24,151.2,15247
2025-06-18 09:15:00,150.22,152.41,149.09,151.0,32055
2025-06-18 10:15:00,150.85,151.01,149.56,149.76,21876
2025-06-18 11:15:00,149.91,149.92,148.51,149.62,18155
2025-06-18 12:15:00,149.63,149.63,148.1,148.32,24237
2025-06-18 13:15:00,148.45,148.69,147.58,147.92,33347
2025-06-18 14:15:00,147.91,148.76,147.25,147.73,53808
2025-06-18 15:15:00,147.58,148.44,147.14,147.98,28846
2025-06-19 09:15:00,148.1,148.1,145.9,146.71,41947
2025-06-19 10:15:00,146.7,147.0,146.22,146.42,21596
2025-06-19 11:15:00,146.42,146.67,145.95,146.27,14196
2025-06-19 12:15:00,146.3,146.66,144.7,144.78,49381
2025-06-19 13:15:00,144.98,145.68,144.16,145.19,34741
2025-06-19 14:15:00,145.34,145.57,144.71,144.93,35360
2025-06-19 15:15:00,144.75,145.1,144.5,145.0,13816
2025-06-20 09:15:00,146.0,146.39,143.75,144.97,55249
2025-06-20 10:15:00,144.76,145.49,144.28,145.31,18681
2025-06-20 11:15:00,145.17,145.58,144.83,144.97,14140
2025-06-20 12:15:00,145.09,145.16,143.9,144.0,21373
2025-06-20 13:15:00,143.99,144.59,143.55,144.0,18656
2025-06-20 14:15:00,144.0,144.2,143.75,144.0,12162
2025-06-20 15:15:00,143.99,146.0,143.1,146.0,16932
2025-06-23 09:15:00,143.96,144.17,141.81,142.85,34695
2025-06-23 10:15:00,142.9,143.24,142.38,142.55,11130
2025-06-23 11:15:00,142.54,143.21,142.5,142.83,9328
2025-06-23 12:15:00,142.83,144.03,142.06,142.66,32008
2025-06-23 13:15:00,142.66,143.5,142.66,143.25,7928
2025-06-23 14:15:00,143.14,144.93,143.0,144.93,18142
2025-06-23 15:15:00,144.92,146.0,144.61,146.0,25924
2025-06-24 09:15:00,146.0,147.0,144.88,146.2,46019
2025-06-24 10:15:00,146.2,146.5,145.64,146.22,16049
2025-06-24 11:15:00,146.23,146.27,145.28,145.75,14765
2025-06-24 12:15:00,145.75,145.79,144.7,144.7,18797
2025-06-24 13:15:00,144.7,145.05,143.5,144.25,14540
2025-06-24 14:15:00,144.39,144.8,143.72,143.8,16870
2025-06-24 15:15:00,143.82,144.6,142.9,144.0,21066
2025-06-25 09:15:00,144.99,147.09,144.12,146.62,64694
2025-06-25 10:15:00,146.73,147.01,146.5,146.93,13147
2025-06-25 11:15:00,146.69,146.74,146.11,146.74,8758
2025-06-25 12:15:00,146.89,148.0,146.29,147.0,32040
2025-06-25 13:15:00,146.8,147.0,146.51,146.75,6651
2025-06-25 14:15:00,146.76,147.02,146.43,146.93,13415
2025-06-25 15:15:00,146.99,147.0,146.5,147.0,17627
2025-06-26 09:15:00,147.1,147.35,146.42,146.89,45160
2025-06-26 10:15:00,146.89,147.26,146.68,146.87,51317
2025-06-26 11:15:00,146.89,146.97,146.0,146.33,15530
2025-06-26 12:15:00,146.32,146.32,145.18,145.4,18580
2025-06-26 13:15:00,145.59,145.79,145.09,145.28,7778
2025-06-26 14:15:00,145.27,146.25,145.02,145.46,23312
2025-06-26 15:15:00,145.49,146.32,145.3,145.97,18277
2025-06-27 09:15:00,145.99,146.5,145.5,146.0,36381
2025-06-27 10:15:00,146.0,147.01,145.84,146.32,36578
2025-06-27 11:15:00,146.26,147.59,146.04,146.99,33038
2025-06-27 12:15:00,146.99,147.01,146.5,146.5,24758
2025-06-27 13:15:00,146.5,147.0,146.24,146.99,7556
2025-06-27 14:15:00,146.84,147.0,146.61,146.8,13609
2025-06-27 15:15:00,146.68,147.0,146.5,146.9,11202
2025-06-30 09:15:00,146.92,147.48,146.52,147.0,122568
2025-06-30 10:15:00,147.0,147.49,146.1,146.25,56259
2025-06-30 11:15:00,146.43,147.4,146.29,146.7,23525
2025-06-30 12:15:00,146.85,147.48,146.6,146.75,41040
2025-06-30 13:15:00,146.75,146.9,144.8,145.0,32244
2025-06-30 14:15:00,145.0,145.89,144.71,145.0,47222
2025-06-30 15:15:00,145.0,145.2,144.6,144.8,41539
2025-07-01 09:15:00,144.3,148.32,144.3,145.0,347032
2025-07-01 10:15:00,145.0,147.48,144.66,144.93,91301
2025-07-01 11:15:00,145.0,147.26,144.93,145.0,86487
2025-07-01 12:15:00,145.0,145.53,144.75,145.0,23917
2025-07-01 13:15:00,144.99,145.0,144.55,144.99,16087
2025-07-01 14:15:00,144.99,145.49,144.52,144.89,38709
2025-07-01 15:15:00,144.89,145.15,144.4,144.42,32277
2025-07-02 09:15:00,144.92,145.03,143.66,143.8,34408
2025-07-02 10:15:00,143.81,146.9,143.4,145.93,130178
2025-07-02 11:15:00,145.84,145.84,144.64,145.0,20456
2025-07-02 12:15:00,145.0,145.18,143.8,144.0,23071
2025-07-02 13:15:00,144.15,144.4,143.0,143.1,71332
2025-07-02 14:15:00,143.14,143.17,142.0,142.05,120840
2025-07-02 15:15:00,142.13,142.4,139.99,142.0,113876
2025-07-03 09:15:00,142.51,144.55,142.21,144.49,42233
2025-07-03 10:15:00,144.49,147.84,144.32,147.7,125867
2025-07-03 11:15:00,147.75,148.8,147.2,148.12,123282
2025-07-03 12:15:00,148.21,148.29,147.3,148.09,37457
2025-07-03 13:15:00,147.97,148.18,147.41,147.7,27161
2025-07-03 14:15:00,147.7,148.3,147.2,147.79,68979
2025-07-03 15:15:00,147.78,148.4,147.52,147.8,66486
2025-07-04 09:15:00,148.9,159.09,148.41,155.74,644903
2025-07-04 10:15:00,155.79,156.0,152.96,154.16,117786
2025-07-04 11:15:00,154.16,154.58,153.47,153.85,44676
2025-07-04 12:15:00,153.99,154.0,153.5,153.61,12476
2025-07-04 13:15:00,153.82,155.29,153.56,154.88,57651
2025-07-04 14:15:00,154.73,155.25,153.5,154.57,76584
2025-07-04 15:15:00,154.87,155.25,154.25,155.2,48206
2025-07-07 09:15:00,153.02,165.01,153.02,159.51,612749
2025-07-07 10:15:00,159.72,160.0,158.9,158.98,117732
2025-07-07 11:15:00,158.89,160.05,158.72,159.06,83665
2025-07-07 12:15:00,159.06,159.06,157.82,158.34,44746
2025-07-07 13:15:00,158.36,159.75,158.07,158.75,38380
2025-07-07 14:15:00,158.8,159.56,158.43,158.89,51826
2025-07-07 15:15:00,158.89,160.0,158.39,159.51,72057
2025-07-08 09:15:00,159.69,162.0,158.2,159.0,102919
2025-07-08 10:15:00,159.0,159.0,157.55,158.02,28481
2025-07-08 11:15:00,158.01,158.37,156.45,158.07,40924
2025-07-08 12:15:00,158.06,159.2,157.05,157.76,36237
2025-07-08 13:15:00,158.07,158.48,157.03,157.48,18203
2025-07-08 14:15:00,157.48,159.03,157.3,158.37,38778
2025-07-08 15:15:00,158.35,158.35,157.5,157.97,34649
2025-07-09 09:15:00,158.99,164.12,156.86,162.42,231176
2025-07-09 10:15:00,162.2,163.1,161.41,161.79,55848
2025-07-09 11:15:00,161.77,162.25,160.67,160.93,28859
2025-07-09 12:15:00,160.99,161.22,159.44,159.77,26818
2025-07-09 13:15:00,159.71,160.24,159.52,159.91,43807
2025-07-09 14:15:00,160.0,161.23,159.01,159.5,64690
2025-07-09 15:15:00,159.57,160.0,159.31,159.5,32991
2025-07-10 09:15:00,161.99,165.61,160.37,163.9,174857
2025-07-10 10:15:00,163.63,164.2,163.46,164.0,71095
2025-07-10 11:15:00,164.01,164.24,163.5,163.67,39293
2025-07-10 12:15:00,163.66,165.0,163.5,164.09,41464
2025-07-10 13:15:00,164.0,164.09,162.49,162.9,31078
2025-07-10 14:15:00,162.8,163.15,162.6,162.96,23148
2025-07-10 15:15:00,162.95,163.07,162.73,163.0,19344
2025-07-11 09:15:00,163.99,170.4,161.94,167.13,633122
2025-07-11 10:15:00,167.12,167.58,164.03,165.75,366134
2025-07-11 11:15:00,165.75,178.8,165.75,176.7,1338342
2025-07-11 12:15:00,176.89,177.49,175.55,176.89,450266
2025-07-11 13:15:00,176.8,177.28,175.0,175.98,372018
2025-07-11 14:15:00,175.79,177.3,174.75,175.23,404098
2025-07-11 15:15:00,175.19,176.49,175.02,175.6,162518
2025-07-14 09:15:00,175.82,176.39,171.71,174.0,354211
2025-07-14 10:15:00,174.2,174.79,171.71,172.0,160672
2025-07-14 11:15:00,172.0,174.36,171.9,173.0,85985
2025-07-14 12:15:00,173.18,174.0,172.72,172.76,52253
2025-07-14 13:15:00,172.77,173.49,172.02,172.61,42476
2025-07-14 14:15:00,172.61,173.47,171.0,171.3,84562
2025-07-14 15:15:00,171.3,172.28,170.63,171.5,74932
2025-07-15 09:15:00,173.05,179.8,173.05,175.37,294158
2025-07-15 10:15:00,175.38,177.95,175.0,176.52,191532
2025-07-15 11:15:00,176.68,176.81,175.64,176.05,61331
2025-07-15 12:15:00,176.05,176.62,176.0,176.44,27095
2025-07-15 13:15:00,176.39,178.9,176.21,178.22,225555
2025-07-15 14:15:00,178.39,178.66,175.59,176.43,128255
2025-07-15 15:15:00,176.43,176.89,175.71,176.07,44230
2025-07-16 09:15:00,178.7,179.8,176.61,177.54,180027
2025-07-16 10:15:00,177.34,178.69,177.27,177.67,46892
2025-07-16 11:15:00,177.64,177.86,176.51,176.57,45554
2025-07-16 12:15:00,176.7,176.7,176.0,176.31,26050
2025-07-16 13:15:00,176.31,176.7,175.1,175.5,35572
2025-07-16 14:15:00,175.6,175.99,175.05,175.62,49596
2025-07-16 15:15:00,175.61,175.8,175.5,175.51,35945
2025-07-17 09:15:00,175.61,176.5,173.4,174.08,102479
2025-07-17 10:15:00,174.14,175.46,173.8,174.95,117399
2025-07-17 11:15:00,175.03,176.1,172.44,175.2,133215
2025-07-17 12:15:00,175.02,175.2,172.9,173.1,17836
2025-07-17 13:15:00,173.26,173.6,172.63,172.71,22879
2025-07-17 14:15:00,172.7,173.13,172.22,172.53,21414
2025-07-17 15:15:00,172.46,172.74,172.0,172.05,26055
2025-07-18 09:15:00,172.21,173.76,168.0,169.34,135955
2025-07-18 10:15:00,169.57,169.78,168.3,168.78,33848
2025-07-18 11:15:00,168.82,169.86,167.75,169.42,167911
2025-07-18 12:15:00,169.42,169.42,168.25,168.44,5802
2025-07-18 13:15:00,168.44,169.03,167.77,168.25,31992
2025-07-18 14:15:00,168.25,170.15,167.05,168.14,150642
2025-07-18 15:15:00,168.22,168.7,167.04,167.4,66610
2025-07-21 09:15:00,168.0,169.5,166.27,167.76,84102
2025-07-21 10:15:00,167.78,169.0,167.61,168.0,26179
2025-07-21 11:15:00,168.17,169.29,167.8,168.03,28908
2025-07-21 12:15:00,168.06,168.28,167.32,167.6,12777
2025-07-21 13:15:00,167.6,167.79,166.8,167.12,13160
2025-07-21 14:15:00,167.33,168.47,166.45,167.0,86368
2025-07-21 15:15:00,167.01,167.83,167.0,167.7,20721
2025-07-22 09:15:00,167.7,171.5,167.65,170.1,91729
2025-07-22 10:15:00,170.11,170.45,169.5,169.9,18543
2025-07-22 11:15:00,169.9,171.2,169.9,170.8,14641
2025-07-22 12:15:00,170.58,172.0,170.33,170.62,23507
2025-07-22 13:15:00,170.74,170.76,170.28,170.28,4239
2025-07-22 14:15:00,170.28,170.64,168.61,168.91,27884
2025-07-22 15:15:00,168.91,168.92,167.96,168.3,24279
2025-07-23 09:15:00,168.7,169.54,165.22,166.5,76511
2025-07-23 10:15:00,166.49,167.3,165.9,167.25,17827
2025-07-23 11:15:00,167.25,168.01,167.0,167.05,34056
2025-07-23 12:15:00,167.26,167.63,166.5,166.63,19327
2025-07-23 13:15:00,166.85,166.93,166.06,166.07,8993
2025-07-23 14:15:00,166.28,166.63,165.71,166.0,23230
2025-07-23 15:15:00,166.01,166.5,165.65,166.49,16282
2025-07-24 09:15:00,166.4,169.37,166.37,167.35,47226
2025-07-24 10:15:00,167.38,167.44,166.75,166.75,7058
2025-07-24 11:15:00,166.7,166.9,165.01,165.61,26923
2025-07-24 12:15:00,165.81,165.94,164.75,164.85,29383
2025-07-24 13:15:00,164.85,165.21,164.33,164.72,14988
2025-07-24 14:15:00,164.72,164.78,163.49,163.77,24170
2025-07-24 15:15:00,163.65,163.94,162.91,163.31,28196
2025-07-25 09:15:00,163.6,164.13,160.32,160.6,52342
2025-07-25 10:15:00,160.75,161.25,160.0,160.01,33975
2025-07-25 11:15:00,160.03,160.59,159.51,159.92,15653
2025-07-25 12:15:00,160.0,160.24,159.51,160.19,5125
2025-07-25 13:15:00,160.19,161.68,159.8,161.17,17281
2025-07-25 14:15:00,161.16,162.71,159.89,159.9,111994
2025-07-25 15:15:00,160.0,163.49,159.8,162.5,35835
2025-07-28 09:15:00,161.86,167.67,160.96,166.57,107895
2025-07-28 10:15:00,166.58,167.01,162.47,163.26,105366
2025-07-28 11:15:00,163.26,163.26,161.67,161.79,12653
2025-07-28 12:15:00,161.67,161.67,159.8,160.92,16239
2025-07-28 13:15:00,160.9,161.21,159.18,159.46,34694
2025-07-28 14:15:00,159.46,160.57,158.5,160.0,38478
2025-07-28 15:15:00,159.93,160.02,158.8,159.41,21341
2025-07-29 09:15:00,158.1,161.86,156.71,161.6,64996
2025-07-29 10:15:00,161.83,163.23,160.71,161.26,24976
2025-07-29 11:15:00,161.12,164.4,161.09,163.95,34956
2025-07-29 12:15:00,163.9,165.4,163.66,164.38,30933
2025-07-29 13:15:00,164.6,165.42,163.74,165.24,38977
2025-07-29 14:15:00,165.05,167.5,165.05,166.59,80753
2025-07-29 15:15:00,166.6,167.79,166.5,166.55,45865
2025-07-30 09:15:00,166.0,168.68,165.32,168.31,38617
2025-07-30 10:15:00,168.31,170.54,167.6,169.5,90924
2025-07-30 11:15:00,169.56,170.9,168.6,170.37,31032
2025-07-30 12:15:00,170.5,171.78,170.31,171.19,29689
2025-07-30 13:15:00,170.99,172.5,170.72,172.13,23280
2025-07-30 14:15:00,172.1,173.91,171.74,172.55,61418
2025-07-30 15:15:00,172.39,173.07,171.05,171.5,15823
2025-07-31 09:15:00,170.99,172.0,166.06,171.34,68565
2025-07-31 10:15:00,171.0,172.5,170.18,172.0,26584
2025-07-31 11:15:00,172.27,173.03,171.83,172.68,23400
2025-07-31 12:15:00,172.68,176.25,172.25,175.5,127398
2025-07-31 13:15:00,175.47,178.5,175.41,177.73,95410
2025-07-31 14:15:00,177.96,179.6,175.51,176.46,116980
2025-07-31 15:15:00,176.46,177.38,175.0,176.3,31733
2025-08-01 09:15:00,172.0,176.79,169.56,173.46,119793
2025-08-01 10:15:00,173.47,175.11,173.47,173.66,37489
2025-08-01 11:15:00,173.5,174.86,173.5,174.09,36810
2025-08-01 12:15:00,174.05,176.75,174.0,176.0,65103
2025-08-01 13:15:00,176.0,184.6,175.02,179.28,347483
2025-08-01 14:15:00,179.19,180.7,178.17,179.65,93105
2025-08-01 15:15:00,179.97,179.97,178.0,178.3,45710
2025-08-04 09:15:00,178.11,180.3,176.42,179.5,91806
2025-08-04 10:15:00,179.51,179.7,175.69,176.87,54730
2025-08-04 11:15:00,176.73,179.39,176.54,178.92,60943
2025-08-04 12:15:00,178.92,179.7,178.7,179.1,45142
2025-08-04 13:15:00,178.82,180.7,177.25,180.25,70567
2025-08-04 14:15:00,180.01,184.0,179.82,184.0,130967
2025-08-04 15:15:00,184.1,184.5,181.52,182.1,45153
2025-08-05 09:15:00,184.4,185.0,180.05,180.5,82772
2025-08-05 10:15:00,180.31,180.46,179.05,179.32,33285
2025-08-05 11:15:00,179.32,182.67,179.32,182.52,58526
2025-08-05 12:15:00,182.66,183.68,182.5,183.0,25317
2025-08-05 13:15:00,183.0,183.43,182.0,183.1,29681
2025-08-05 14:15:00,183.1,184.39,179.62,180.0,150980
2025-08-05 15:15:00,179.99,180.1,179.45,179.85,90017
2025-08-06 09:15:00,180.95,182.0,178.11,178.8,87964
2025-08-06 10:15:00,178.61,178.66,175.21,175.44,32247
2025-08-06 11:15:00,175.45,180.23,174.5,178.04,68924
2025-08-06 12:15:00,178.06,179.88,178.05,178.77,78013
2025-08-06 13:15:00,178.53,180.45,176.45,177.54,137766
2025-08-06 14:15:00,177.3,179.9,177.3,178.69,87359
2025-08-06 15:15:00,178.69,178.72,177.19,178.0,20406
2025-08-07 09:15:00,168.1,170.0,161.0,161.5,396029
2025-08-07 10:15:00,161.37,164.15,156.32,157.18,248463
2025-08-07 11:15:00,157.18,164.0,155.07,159.3,540444
2025-08-07 12:15:00,159.3,162.49,156.95,160.7,335870
2025-08-07 13:15:00,160.7,160.79,157.11,160.43,204168
2025-08-07 14:15:00,160.17,164.04,160.0,161.26,319940
2025-08-07 15:15:00,161.33,165.88,160.31,162.0,148687
2025-08-08 09:15:00,160.5,167.0,160.5,166.41,112276
2025-08-08 10:15:00,166.19,167.2,163.93,164.24,67786
2025-08-08 11:15:00,164.21,164.24,159.56,160.22,34369
2025-08-08 12:15:00,160.01,160.38,158.91,159.06,32604
2025-08-08 13:15:00,159.0,159.07,157.85,157.93,31803
2025-08-08 14:15:00,157.93,159.58,157.5,157.52,47282
2025-08-08 15:15:00,157.53,160.43,157.0,158.65,36562
2025-08-11 09:15:00,157.0,159.5,152.35,155.39,126482
2025-08-11 10:15:00,155.49,156.4,154.31,155.2,35367
2025-08-11 11:15:00,155.2,155.55,153.86,154.83,12848
2025-08-11 12:15:00,154.83,155.09,153.0,153.27,44421
2025-08-11 13:15:00,153.27,154.36,153.01,153.75,15227
2025-08-11 14:15:00,153.82,155.94,153.52,155.01,93802
2025-08-11 15:15:00,155.03,155.52,155.0,155.1,23881
2025-08-12 09:15:00,154.7,156.38,154.09,155.34,33242
2025-08-12 10:15:00,155.2,157.59,154.76,157.51,30185
2025-08-12 11:15:00,157.51,159.4,157.5,158.79,45469
2025-08-12 12:15:00,158.77,161.4,158.7,160.77,28945
2025-08-12 13:15:00,160.78,162.4,160.6,161.89,28043
2025-08-12 14:15:00,161.95,164.0,160.69,164.0,64364
2025-08-12 15:15:00,163.66,164.0,162.14,163.99,38417
2025-08-13 09:15:00,164.5,168.77,162.07,168.01,125990
2025-08-13 10:15:00,168.01,168.01,166.01,166.26,37468
2025-08-13 11:15:00,166.05,166.2,162.35,162.66,38168
2025-08-13 12:15:00,162.75,164.05,162.5,163.08,19195
2025-08-13 13:15:00,163.08,163.61,162.9,162.9,12697
2025-08-13 14:15:00,162.9,164.52,159.8,160.25,129238
2025-08-13 15:15:00,160.26,161.58,159.8,160.36,19376
2025-08-14 09:15:00,160.55,162.27,159.61,160.53,60038
2025-08-14 10:15:00,160.74,162.16,160.3,160.52,15465
2025-08-14 11:15:00,160.32,160.47,159.67,159.78,5986
2025-08-14 12:15:00,159.72,162.08,159.5,161.51,18850
2025-08-14 13:15:00,161.5,162.0,160.67,161.4,9872
2025-08-14 14:15:00,161.39,161.5,160.42,160.9,12504
2025-08-14 15:15:00,160.9,161.47,159.5,159.5,10753
2025-08-18 09:15:00,161.45,163.25,160.25,161.14,47058
2025-08-18 10:15:00,161.0,161.9,160.93,161.67,17545
2025-08-18 11:15:00,161.64,163.0,160.05,161.75,40214
2025-08-18 12:15:00,161.97,162.0,158.94,159.86,36766
2025-08-18 13:15:00,159.86,159.92,158.5,158.99,11274
2025-08-18 14:15:00,158.87,158.87,157.08,158.17,29154
2025-08-18 15:15:00,158.37,159.0,158.0,159.0,11578
2025-08-19 09:15:00,158.29,160.83,158.29,160.29,26496
2025-08-19 10:15:00,160.43,160.82,158.75,159.63,35700
2025-08-19 11:15:00,159.5,160.1,159.27,159.81,9268
2025-08-19 12:15:00,159.82,160.16,159.58,160.0,12563
2025-08-19 13:15:00,160.0,160.2,159.82,160.2,11537
2025-08-19 14:15:00,159.93,161.5,159.37,160.79,39607
2025-08-19 15:15:00,160.63,161.5,160.2,160.5,19661
2025-08-20 09:15:00,160.5,162.94,159.55,162.15,30297
2025-08-20 10:15:00,162.16,163.22,161.95,161.95,14365
2025-08-20 11:15:00,161.82,162.0,161.0,161.03,7288
2025-08-20 12:15:00,161.04,162.06,161.02,161.13,29521
2025-08-20 13:15:00,161.43,161.74,159.41,159.76,37132
2025-08-20 14:15:00,159.83,159.89,158.43,158.6,39508
2025-08-20 15:15:00,158.64,159.02,158.56,158.75,10712
2025-08-21 09:15:00,159.8,161.43,159.02,160.2,19552
2025-08-21 10:15:00,160.34,160.9,160.05,160.34,9392
2025-08-21 11:15:00,160.34,160.39,159.02,159.1,8528
2025-08-21 12:15:00,159.1,159.71,159.02,159.27,6593
2025-08-21 13:15:00,159.24,159.36,158.05,158.2,13253
2025-08-21 14:15:00,158.29,159.09,157.85,159.0,22375
2025-08-21 15:15:00,158.95,159.89,158.83,159.48,9433
2025-08-22 09:15:00,159.99,159.99,157.3,158.55,24926
2025-08-22 10:15:00,158.57,158.74,157.5,158.16,19636
2025-08-22 11:15:00,158.43,158.79,157.65,158.51,16346
2025-08-22 12:15:00,158.65,159.0,158.31,158.5,13586
2025-08-22 13:15:00,158.5,159.0,156.81,157.34,45708
2025-08-22 14:15:00,157.34,158.51,157.12,157.52,15496
2025-08-22 15:15:00,157.75,158.0,157.32,157.45,10422
2025-08-25 09:15:00,158.3,160.8,155.71,157.63,46393
2025-08-25 10:15:00,157.57,157.66,155.0,155.52,60059
2025-08-25 11:15:00,155.7,155.72,154.7,155.0,25108
2025-08-25 12:15:00,155.0,156.15,153.91,155.71,44089
2025-08-25 13:15:00,155.34,155.85,154.25,154.56,24788
2025-08-25 14:15:00,154.7,155.32,154.56,154.71,17900
2025-08-25 15:15:00,154.7,155.25,154.5,154.5,16778
2025-08-26 09:15:00,155.2,155.6,152.51,153.53,39851
2025-08-26 10:15:00,153.53,154.21,153.13,153.53,18040
2025-08-26 11:15:00,153.54,153.68,152.62,153.05,20302
2025-08-26 12:15:00,153.0,153.35,151.64,151.85,26435
2025-08-26 13:15:00,151.85,151.97,151.0,151.5,21288
2025-08-26 14:15:00,151.64,151.85,150.77,151.0,26979
2025-08-26 15:15:00,151.0,151.97,150.96,151.5,15342
2025-08-28 09:15:00,151.0,152.0,149.8,151.64,32615
2025-08-28 10:15:00,151.64,151.89,149.51,149.6,41361
2025-08-28 11:15:00,149.68,150.29,149.5,149.67,17814
2025-08-28 12:15:00,149.59,149.7,148.3,148.32,25132
2025-08-28 13:15:00,148.44,148.79,148.01,148.05,20094
2025-08-28 14:15:00,148.15,149.0,147.5,148.0,28181
2025-08-28 15:15:00,148.02,148.15,147.6,148.15,19114
2025-08-29 09:15:00,149.0,149.74,147.25,148.37,20393
2025-08-29 10:15:00,148.36,151.5,148.07,151.5,22129
2025-08-29 11:15:00,151.51,152.0,149.0,149.61,18425
2025-08-29 12:15:00,149.61,149.61,147.65,148.2,26910
2025-08-29 13:15:00,148.2,148.79,147.73,147.87,8453
2025-08-29 14:15:00,148.0,148.89,147.16,148.0,23463
2025-08-29 15:15:00,148.0,148.6,147.9,148.08,11644
2025-09-01 09:15:00,148.98,151.01,147.6,150.0,97264
2025-09-01 10:15:00,149.88,151.98,149.46,150.0,37802
2025-09-01 11:15:00,150.16,150.16,148.57,148.85,10827
2025-09-01 12:15:00,148.9,149.0,148.5,148.94,9315
2025-09-01 13:15:00,148.94,148.99,148.38,148.56,6097
2025-09-01 14:15:00,148.72,149.0,147.9,147.91,30070
2025-09-01 15:15:00,147.9,149.0,147.43,148.69,24202
2025-09-02 09:15:00,148.93,151.12,148.25,150.21,25505
2025-09-02 10:15:00,150.21,151.02,149.32,150.25,33229
2025-09-02 11:15:00,150.15,150.39,149.4,149.98,20681
2025-09-02 12:15:00,150.22,150.37,149.58,150.25,10642
2025-09-02 13:15:00,150.25,150.25,149.25,149.52,7022
2025-09-02 14:15:00,149.7,149.99,148.69,148.79,29266
2025-09-02 15:15:00,148.8,148.8,148.0,148.55,20578
2025-09-03 09:15:00,148.8,151.89,148.0,151.1,59343
2025-09-03 10:15:00,150.87,151.19,150.4,150.8,7753
2025-09-03 11:15:00,150.8,151.05,150.4,150.46,6577
2025-09-03 12:15:00,150.68,151.5,150.48,151.38,26708
2025-09-03 13:15:00,151.25,153.79,151.25,152.72,22643
2025-09-03 14:15:00,152.9,153.0,151.6,152.25,22067
2025-09-03 15:15:00,152.2,153.0,151.95,153.0,9850
2025-09-04 09:15:00,156.0,156.0,153.1,153.35,30111
2025-09-04 10:15:00,153.35,154.48,152.4,152.4,25270
2025-09-04 11:15:00,152.4,152.99,152.21,152.77,5102
2025-09-04 12:15:00,152.77,155.29,152.77,154.73,22897
2025-09-04 13:15:00,154.73,154.93,154.5,154.75,6240
2025-09-04 14:15:00,154.75,155.48,153.73,155.0,405377
2025-09-04 15:15:00,155.0,155.05,154.18,154.7,282970
2025-09-05 09:15:00,155.2,155.43,152.61,153.85,29376
2025-09-05 10:15:00,153.89,155.7,153.82,155.23,39239
2025-09-05 11:15:00,155.03,155.62,154.15,154.15,23396
2025-09-05 12:15:00,154.15,154.64,153.22,154.5,14365
2025-09-05 13:15:00,154.5,155.48,153.74,154.76,23674
2025-09-05 14:15:00,154.76,155.87,153.0,153.78,30323
2025-09-05 15:15:00,153.7,153.97,152.9,153.41,20027
2025-09-08 09:15:00,155.98,155.98,152.61,153.89,30051
2025-09-08 10:15:00,153.68,153.89,151.6,151.8,30066
2025-09-08 11:15:00,151.8,153.39,150.84,153.05,48874
2025-09-08 12:15:00,153.05,154.4,152.96,153.05,82942
2025-09-08 13:15:00,153.05,154.68,153.0,154.25,23214
2025-09-08 14:15:00,154.35,155.55,154.15,155.17,18374
2025-09-08 15:15:00,155.19,155.55,154.2,155.0,9071
2025-09-09 09:15:00,156.0,160.3,155.0,158.39,105730
2025-09-09 10:15:00,158.5,158.5,156.05,156.22,22879
2025-09-09 11:15:00,156.34,157.3,155.55,156.98,50136
2025-09-09 12:15:00,156.98,157.0,156.05,156.05,6047
2025-09-09 13:15:00,156.22,156.53,155.71,156.0,102796
2025-09-09 14:15:00,156.0,156.51,155.5,156.0,30210
2025-09-09 15:15:00,156.01,156.3,155.5,156.0,27546
2025-09-10 09:15:00,156.99,158.8,156.43,157.31,20470
2025-09-10 10:15:00,157.31,159.34,157.01,157.93,29596
2025-09-10 11:15:00,157.92,158.33,157.18,157.96,9353
2025-09-10 12:15:00,158.24,158.3,156.5,156.77,14847
2025-09-10 13:15:00,156.77,157.07,155.51,156.13,20433
2025-09-10 14:15:00,156.0,157.99,155.85,156.0,20604
2025-09-10 15:15:00,155.98,158.3,155.57,155.67,16125
2025-09-11 09:15:00,156.05,157.69,155.3,156.01,19333
2025-09-11 10:15:00,156.01,156.49,154.51,154.79,26218
2025-09-11 11:15:00,154.79,155.06,154.79,154.8,6335
2025-09-11 12:15:00,154.8,155.06,153.88,154.52,21847
2025-09-11 13:15:00,154.73,155.52,154.0,154.15,24306
2025-09-11 14:15:00,154.15,156.0,153.88,154.0,23152
2025-09-11 15:15:00,154.0,154.45,153.31,154.0,19061
2025-09-12 09:15:00,153.52,155.27,152.45,152.76,21280
2025-09-12 10:15:00,152.76,153.0,152.24,152.96,9675
2025-09-12 11:15:00,152.96,154.54,152.67,153.9,35331
2025-09-12 12:15:00,153.9,154.18,153.88,153.91,13449
2025-09-12 13:15:00,153.91,153.91,152.6,153.0,18747
2025-09-12 14:15:00,153.0,153.79,152.51,152.82,13552
2025-09-12 15:15:00,152.82,153.0,152.81,152.96,9477
2025-09-15 09:15:00,153.15,153.99,151.48,152.71,16580
2025-09-15 10:15:00,152.73,153.1,150.55,153.1,72058
2025-09-15 11:15:00,153.1,153.84,150.75,152.19,132277
2025-09-15 12:15:00,152.35,153.64,151.9,153.52,45258
2025-09-15 13:15:00,153.61,153.74,152.2,152.45,23761
2025-09-15 14:15:00,152.45,152.65,152.2,152.5,4671
2025-09-15 15:15:00,152.49,153.2,152.01,152.7,24901
2025-09-16 09:15:00,152.82,153.92,152.0,153.04,13336
2025-09-16 10:15:00,153.16,153.46,152.91,152.99,2429
2025-09-16 11:15:00,152.91,155.0,152.9,154.21,81251
2025-09-16 12:15:00,154.22,154.85,153.73,154.51,32065
2025-09-16 13:15:00,154.51,154.53,152.11,152.57,36163
2025-09-16 14:15:00,152.57,153.95,152.5,153.93,79847
2025-09-16 15:15:00,153.94,153.99,152.56,153.75,52214
2025-09-17 09:15:00,155.0,155.0,152.11,152.9,46820
2025-09-17 10:15:00,152.9,153.0,152.65,152.8,12111
2025-09-17 11:15:00,152.79,153.4,152.75,152.94,11320
2025-09-17 12:15:00,152.94,153.09,150.5,150.89,158390
2025-09-17 13:15:00,150.89,153.18,150.5,152.29,165461
2025-09-17 14:15:00,152.13,152.99,152.1,152.73,14900
2025-09-17 15:15:00,152.8,153.0,152.71,153.0,19939
2025-09-18 09:15:00,153.99,153.99,152.55,152.85,23985
2025-09-18 10:15:00,152.96,153.35,152.7,152.71,13884
2025-09-18 11:15:00,152.79,153.07,152.5,152.75,15741
2025-09-18 12:15:00,152.75,153.0,152.55,152.66,10098
2025-09-18 13:15:00,152.86,153.0,152.55,152.67,3770
2025-09-18 14:15:00,152.8,153.5,152.55,152.8,34135
2025-09-18 15:15:00,152.56,153.48,152.5,153.48,32215
2025-09-19 09:15:00,154.0,154.0,151.98,152.74,19423
2025-09-19 10:15:00,152.72,152.83,152.5,152.77,37550
2025-09-19 11:15:00,152.77,153.09,149.55,150.78,210700
2025-09-19 12:15:00,150.78,150.78,149.55,149.77,48106
2025-09-19 13:15:00,149.87,150.16,149.8,149.94,18902
2025-09-19 14:15:00,150.0,150.38,149.75,149.8,40745
2025-09-19 15:15:00,149.8,150.2,149.5,150.0,19629
2025-09-22 09:15:00,151.9,151.9,149.81,151.03,39220
2025-09-22 10:15:00,151.26,152.5,150.18,152.0,81569
2025-09-22 11:15:00,152.01,152.3,151.01,151.34,17068
2025-09-22 12:15:00,151.34,151.62,151.01,151.46,8873
2025-09-22 13:15:00,151.51,151.97,151.2,151.8,4989
2025-09-22 14:15:00,151.53,151.99,150.5,151.24,60983
2025-09-22 15:15:00,151.2,151.2,150.51,150.82,11290
2025-09-23 09:15:00,150.6,152.12,150.23,150.75,11335
2025-09-23 10:15:00,150.81,151.13,150.25,150.47,3937
2025-09-23 11:15:00,150.22,150.5,149.75,150.27,19573
2025-09-23 12:15:00,150.27,150.5,149.79,150.23,7049
2025-09-23 13:15:00,150.23,150.48,150.02,150.2,7269
2025-09-23 14:15:00,150.06,150.06,149.67,149.8,19115
2025-09-23 15:15:00,149.8,150.07,149.48,149.75,14000
2025-09-24 09:15:00,150.1,150.56,148.6,149.71,24187
2025-09-24 10:15:00,149.67,150.0,148.7,149.0,11696
2025-09-24 11:15:00,148.88,149.05,148.88,149.0,6267
2025-09-24 12:15:00,148.98,149.0,148.15,148.51,17913
2025-09-24 13:15:00,148.53,149.01,148.41,148.69,11875
2025-09-24 14:15:00,148.69,148.73,147.9,148.27,22701
2025-09-24 15:15:00,148.25,149.58,147.94,149.5,5696
2025-09-25 09:15:00,149.5,149.88,147.6,148.22,18211
2025-09-25 10:15:00,148.22,148.5,147.6,147.9,12777
2025-09-25 11:15:00,147.83,149.5,147.55,147.68,20471
2025-09-25 12:15:00,147.7,148.35,147.68,148.35,4211
2025-09-25 13:15:00,148.26,148.4,147.7,148.2,10271
2025-09-25 14:15:00,148.2,148.2,146.76,147.0,11956
2025-09-25 15:15:00,146.9,147.0,146.5,147.0,6820
2025-09-26 09:15:00,145.5,147.29,145.5,146.7,31732
2025-09-26 10:15:00,146.7,147.79,146.0,146.15,24332
2025-09-26 11:15:00,146.15,146.36,145.52,145.67,7590
2025-09-26 12:15:00,145.67,145.92,145.5,145.62,5150
2025-09-26 13:15:00,145.62,147.99,145.45,146.67,52689
2025-09-26 14:15:00,146.62,148.0,146.43,147.9,18363
2025-09-26 15:15:00,147.88,149.0,147.74,148.95,20583
2025-09-29 09:15:00,149.4,150.51,148.3,149.58,35960
2025-09-29 10:15:00,149.58,149.78,148.01,149.04,26080
2025-09-29 11:15:00,148.75,148.76,147.0,147.11,18393
2025-09-29 12:15:00,147.16,147.52,147.03,147.52,4664
2025-09-29 13:15:00,147.51,148.13,146.75,146.93,14219
2025-09-29 14:15:00,146.93,147.25,145.82,146.11,18086
2025-09-29 15:15:00,146.05,148.0,146.05,147.79,13152
2025-09-30 09:15:00,146.75,147.6,146.0,146.47,21832
2025-09-30 10:15:00,146.35,146.51,145.8,146.16,6899
2025-09-30 11:15:00,146.17,148.77,146.17,147.15,34282
2025-09-30 12:15:00,147.34,147.46,147.0,147.01,6045
2025-09-30 13:15:00,147.01,148.0,146.06,146.43,14990
2025-09-30 14:15:00,146.43,146.93,145.97,146.65,6135
2025-09-30 15:15:00,146.85,148.0,146.05,148.0,4847
2025-10-01 09:15:00,147.86,148.25,145.29,146.31,23629
2025-10-01 10:15:00,146.52,147.57,146.21,146.62,8752
2025-10-01 11:15:00,146.66,147.71,146.46,147.45,12877
2025-10-01 12:15:00,147.15,147.46,146.66,146.85,3285
2025-10-01 13:15:00,147.0,147.51,146.59,146.98,7933
2025-10-01 14:15:00,146.98,147.1,146.4,146.77,9070
2025-10-01 15:15:00,147.09,149.5,146.75,147.6,10903
2025-10-03 09:15:00,147.61,148.37,146.31,147.1,34141
2025-10-03 10:15:00,147.15,148.0,147.0,147.5,8312
2025-10-03 11:15:00,147.5,148.0,147.21,147.88,13395
2025-10-03 12:15:00,147.87,148.87,147.62,148.06,8767
2025-10-03 13:15:00,148.07,148.38,147.52,147.95,5615
2025-10-03 14:15:00,148.17,148.48,147.95,147.98,6500
2025-10-03 15:15:00,148.34,148.37,147.62,148.0,9525
2025-10-06 09:15:00,148.47,149.89,148.2,149.27,21202
2025-10-06 10:15:00,149.31,149.68,147.73,148.12,15212
2025-10-06 11:15:00,148.18,153.0,148.18,151.17,50280
2025-10-06 12:15:00,151.1,153.9,150.87,152.09,96200
2025-10-06 13:15:00,151.85,153.0,151.14,151.47,16329
2025-10-06 14:15:00,151.56,152.36,151.45,151.72,14023
2025-10-06 15:15:00,151.75,152.5,151.51,152.05,16138
2025-10-07 09:15:00,150.6,151.86,148.97,150.02,63705
2025-10-07 10:15:00,150.02,151.49,150.01,150.5,17447
2025-10-07 11:15:00,150.5,151.0,150.1,150.1,8080
2025-10-07 12:15:00,150.1,150.61,149.8,150.6,8286
2025-10-07 13:15:00,150.6,150.78,149.5,149.58,7489
2025-10-07 14:15:00,149.87,150.0,149.5,149.8,11233
2025-10-07 15:15:00,149.9,150.49,149.58,150.49,8432
2025-10-08 09:15:00,150.6,151.58,149.41,150.09,27001
2025-10-08 10:15:00,150.13,150.98,149.25,149.26,14621
2025-10-08 11:15:00,149.33,149.58,148.11,148.7,14120
2025-10-08 12:15:00,148.56,149.31,148.5,148.82,5225
2025-10-08 13:15:00,148.99,149.79,148.75,148.93,11864
2025-10-08 14:15:00,148.97,149.9,147.5,148.61,27904
2025-10-08 15:15:00,148.61,149.0,148.05,149.0,4951
2025-10-09 09:15:00,149.0,150.42,148.23,149.0,16046
2025-10-09 10:15:00,149.0,149.02,147.67,148.25,7853
2025-10-09 11:15:00,148.25,148.86,147.54,148.25,10178
2025-10-09 12:15:00,148.25,148.62,148.1,148.2,4531
2025-10-09 13:15:00,148.2,148.53,147.9,148.53,7832
2025-10-09 14:15:00,148.53,149.05,147.91,148.43,19253
2025-10-09 15:15:00,148.67,149.19,148.4,149.15,5978
2025-10-10 09:15:00,150.64,150.64,147.5,148.72,43316
2025-10-10 10:15:00,148.95,149.12,148.08,148.29,11985
2025-10-10 11:15:00,148.25,149.39,148.25,148.77,9404
2025-10-10 12:15:00,148.77,149.15,148.0,148.27,14185
2025-10-10 13:15:00,148.27,148.84,148.25,148.63,5829
2025-10-10 14:15:00,148.78,149.3,148.58,149.19,13409
2025-10-10 15:15:00,149.1,149.34,148.55,149.0,15039
2025-10-13 09:15:00,148.7,149.7,147.1,147.47,24097
2025-10-13 10:15:00,147.45,148.0,147.02,147.2,10943
2025-10-13 11:15:00,147.4,147.43,146.5,146.84,11716
2025-10-13 12:15:00,146.84,149.0,146.65,146.81,31376
2025-10-13 13:15:00,147.0,147.15,146.5,146.7,13939
2025-10-13 14:15:00,146.72,147.0,145.6,146.4,28314
2025-10-13 15:15:00,146.44,146.98,145.66,146.9,8008
2025-10-14 09:15:00,147.7,148.69,146.05,146.73,42075
2025-10-14 10:15:00,146.69,146.9,146.25,146.28,6009
2025-10-14 11:15:00,146.29,147.1,145.56,145.75,18097
2025-10-14 12:15:00,145.91,146.5,145.7,146.17,2457
2025-10-14 13:15:00,146.17,147.74,146.17,147.0,10988
2025-10-14 14:15:00,147.0,147.68,146.87,147.2,8481
2025-10-14 15:15:00,147.2,147.5,147.19,147.35,7761
2025-10-15 09:15:00,147.35,149.71,146.5,148.94,61847
2025-10-15 10:15:00,148.94,148.94,147.7,147.8,3381
2025-10-15 11:15:00,147.8,148.99,147.6,147.85,8070
2025-10-15 12:15:00,147.85,148.61,147.85,147.88,3871
2025-10-15 13:15:00,147.88,148.45,147.6,148.3,6462
2025-10-15 14:15:00,148.39,149.0,146.5,148.13,31464
2025-10-15 15:15:00,148.14,149.0,148.0,149.0,10730
2025-10-16 09:15:00,148.9,148.9,147.0,147.37,17816
2025-10-16 10:15:00,147.37,147.37,147.02,147.15,3982
2025-10-16 11:15:00,147.1,147.23,146.9,147.08,10115
2025-10-16 12:15:00,147.0,147.09,146.75,146.93,5724
2025-10-16 13:15:00,146.96,147.01,146.21,146.79,104678
2025-10-16 14:15:00,146.79,147.1,146.6,146.98,6023
2025-10-16 15:15:00,146.85,147.2,146.5,146.8,13414
2025-10-17 09:15:00,147.0,148.69,147.0,147.14,28485
2025-10-17 10:15:00,147.14,147.3,146.41,146.82,6545
2025-10-17 11:15:00,146.8,147.48,146.62,146.96,2971
2025-10-17 12:15:00,146.94,148.59,146.75,147.6,23440
2025-10-17 13:15:00,147.6,148.59,146.8,147.48,13138
2025-10-17 14:15:00,147.5,148.4,147.25,147.25,8946
2025-10-17 15:15:00,147.29,148.55,147.27,147.56,12240
2025-10-20 09:15:00,149.0,149.81,147.8,148.12,25713
2025-10-20 10:15:00,148.41,148.94,147.1,148.57,9221
2025-10-20 11:15:00,148.65,149.2,148.28,148.64,8236
2025-10-20 12:15:00,148.64,149.4,148.53,149.39,7666
2025-10-20 13:15:00,149.34,149.39,148.75,148.94,4675
2025-10-20 14:15:00,149.13,149.35,148.5,149.12,20233
2025-10-20 15:15:00,149.12,149.34,148.6,149.24,10942
2025-10-21 13:45:00,148.98,152.2,148.98,150.8,42500
2025-10-23 09:15:00,150.77,150.88,147.41,148.0,49968
2025-10-23 10:15:00,148.0,149.18,147.69,147.7,54094
2025-10-23 11:15:00,147.77,149.48,147.5,148.78,18161
2025-10-23 12:15:00,149.02,149.07,148.11,148.45,4870
2025-10-23 13:15:00,148.46,148.8,147.91,148.17,10111
2025-10-23 14:15:00,148.2,149.64,148.04,149.31,22191
2025-10-23 15:15:00,149.39,149.4,149.1,149.1,7954
2025-10-24 09:15:00,150.4,150.4,147.61,148.23,24498
2025-10-24 10:15:00,148.21,148.23,147.73,147.99,3658
2025-10-24 11:15:00,147.99,148.99,147.77,148.52,15516
2025-10-24 12:15:00,148.52,149.02,148.49,148.5,7820
2025-10-24 13:15:00,148.5,148.89,148.5,148.77,2174
2025-10-24 14:15:00,148.76,148.9,148.49,148.62,8077
2025-10-24 15:15:00,148.5,148.9,148.5,148.5,5734
2025-10-27 09:15:00,147.7,151.51,147.7,150.28,66856
2025-10-27 10:15:00,150.17,150.79,148.25,148.99,20789
2025-10-27 11:15:00,148.99,149.39,148.39,148.87,11537
2025-10-27 12:15:00,148.71,149.64,148.5,148.98,7456
2025-10-27 13:15:00,149.08,149.95,148.51,148.78,11129
2025-10-27 14:15:00,148.78,150.48,148.55,148.91,17554
2025-10-27 15:15:00,149.19,152.0,148.91,151.72,18007
2025-10-28 09:15:00,152.4,153.0,149.01,149.62,17526
2025-10-28 10:15:00,149.63,150.78,149.61,150.1,13502
2025-10-28 11:15:00,150.1,151.5,149.81,150.84,11850
2025-10-28 12:15:00,151.26,152.15,150.81,151.28,24339
2025-10-28 13:15:00,151.11,151.46,151.0,151.29,7610
2025-10-28 14:15:00,151.29,151.8,151.02,151.04,9170
2025-10-28 15:15:00,151.05,151.39,150.9,151.28,11220
2025-10-29 09:15:00,150.92,151.2,149.5,149.73,6735
2025-10-29 10:15:00,149.7,150.29,149.7,149.7,6293
2025-10-29 11:15:00,149.7,150.38,149.7,150.31,3236
2025-10-29 12:15:00,150.27,151.09,149.81,150.12,17572
2025-10-29 13:15:00,150.34,150.48,149.82,150.4,3160
2025-10-29 14:15:00,150.15,150.5,150.13,150.2,12583
2025-10-29 15:15:00,150.18,150.5,150.13,150.49,2509
2025-10-30 09:15:00,150.15,151.38,149.01,150.8,28094
2025-10-30 10:15:00,150.96,150.96,150.0,150.65,7783
2025-10-30 11:15:00,150.77,150.99,149.75,150.16,10372
2025-10-30 12:15:00,150.16,150.59,149.93,150.2,1567
2025-10-30 13:15:00,150.2,150.39,149.55,149.55,6294
2025-10-30 14:15:00,149.68,150.46,149.1,149.9,8022
2025-10-30 15:15:00,149.89,150.3,149.21,150.21,6544
2025-10-31 09:15:00,150.2,151.0,149.27,149.5,19070
2025-10-31 10:15:00,149.48,149.58,149.01,149.23,16235
2025-10-31 11:15:00,149.23,149.78,149.05,149.5,2739
2025-10-31 12:15:00,149.5,149.74,149.26,149.26,3258
2025-10-31 13:15:00,149.5,149.5,148.51,148.71,4786
2025-10-31 14:15:00,148.91,149.2,148.21,148.5,15416
2025-10-31 15:15:00,148.46,148.95,148.3,148.95,6908
2025-11-03 09:15:00,148.95,150.39,148.95,149.63,17104
2025-11-03 10:15:00,149.61,149.85,148.74,149.0,10355
2025-11-03 11:15:00,149.08,149.68,148.76,148.95,7027
2025-11-03 12:15:00,148.94,149.75,148.46,149.55,11486
2025-11-03 13:15:00,149.5,149.55,148.78,148.82,2852
2025-11-03 14:15:00,148.89,150.0,148.52,149.21,10732
2025-11-03 15:15:00,149.49,149.88,149.1,149.47,4926
2025-11-04 09:15:00,149.47,151.0,148.72,149.65,15854
2025-11-04 10:15:00,149.64,149.75,149.0,149.46,5474
2025-11-04 11:15:00,149.47,149.47,148.62,148.94,4615
2025-11-04 12:15:00,149.1,149.12,148.7,148.97,4636
2025-11-04 13:15:00,148.97,149.2,148.75,148.85,1785
2025-11-04 14:15:00,149.01,149.08,148.7,148.71,16320
2025-11-04 15:15:00,148.72,149.0,148.0,149.0,6909
2025-11-06 09:15:00,146.2,148.59,146.2,146.34,30809
2025-11-06 10:15:00,146.27,146.83,145.28,146.07,14787
2025-11-06 11:15:00,146.07,146.35,145.9,146.0,3056
2025-11-06 12:15:00,146.0,146.25,145.7,146.1,7289
2025-11-06 13:15:00,146.11,146.95,145.7,145.86,4898
2025-11-06 14:15:00,145.86,146.67,145.0,145.5,30314
2025-11-06 15:15:00,145.75,146.5,145.55,146.4,7833
2025-11-07 09:15:00,145.68,147.69,145.1,145.69,24345
2025-11-07 10:15:00,145.62,146.0,145.0,145.76,12176
2025-11-07 11:15:00,145.75,146.75,145.51,146.06,3691
2025-11-07 12:15:00,146.24,146.77,145.88,146.41,5286
2025-11-07 13:15:00,146.5,146.84,146.12,146.14,5076
2025-11-07 14:15:00,146.18,147.99,145.92,147.0,18158
2025-11-07 15:15:00,147.01,148.98,147.0,148.98,21938
2025-11-10 09:15:00,148.98,148.98,142.11,144.34,106797
2025-11-10 10:15:00,144.01,145.33,143.45,144.32,29957
2025-11-10 11:15:00,144.09,145.38,142.5,143.1,33101
2025-11-10 12:15:00,143.11,143.39,142.62,142.86,9107
2025-11-10 13:15:00,142.86,143.48,142.5,142.8,22632
2025-11-10 14:15:00,142.81,143.1,142.55,142.61,8281
2025-11-10 15:15:00,142.61,143.0,142.51,143.0,14611
2025-11-11 09:15:00,142.77,142.8,141.14,142.21,24486
2025-11-11 10:15:00,142.21,142.72,142.21,142.4,8601
2025-11-11 11:15:00,142.4,142.97,141.38,141.38,10067
2025-11-11 12:15:00,141.41,142.23,141.41,142.06,4350
2025-11-11 13:15:00,142.06,142.9,142.0,142.4,4364
2025-11-11 14:15:00,142.39,143.0,142.0,142.48,12091
2025-11-11 15:15:00,142.48,143.5,142.48,143.5,7881
2025-11-12 09:15:00,144.5,144.5,142.06,143.04,27062
2025-11-12 10:15:00,143.18,143.76,141.91,142.8,24215
2025-11-12 11:15:00,142.8,143.76,142.23,143.45,18558
2025-11-12 12:15:00,143.45,143.57,142.25,142.51,10901
2025-11-12 13:15:00,142.85,143.19,142.5,143.05,3503
2025-11-12 14:15:00,143.05,143.05,142.41,142.41,8856
2025-11-12 15:15:00,142.59,142.65,142.0,142.15,6344
2025-11-13 09:15:00,143.89,143.89,142.65,143.5,10804
2025-11-13 10:15:00,143.5,144.49,143.27,144.1,11361
2025-11-13 11:15:00,144.03,144.03,143.34,143.52,3702
2025-11-13 12:15:00,143.75,143.78,143.0,143.35,8977
2025-11-13 13:15:00,143.52,143.52,143.1,143.42,3560
2025-11-13 14:15:00,143.42,143.9,143.1,143.46,13006
2025-11-13 15:15:00,143.47,143.9,142.55,143.22,13221
2025-11-14 09:15:00,141.31,143.18,141.31,142.61,18414
2025-11-14 10:15:00,142.77,143.66,142.64,143.66,9447
2025-11-14 11:15:00,143.43,143.54,142.61,142.7,4752
2025-11-14 12:15:00,142.75,143.5,142.2,143.5,10466
2025-11-14 13:15:00,143.16,143.16,142.36,142.45,3619
2025-11-14 14:15:00,142.54,143.44,142.06,142.89,18460
2025-11-14 15:15:00,142.97,144.0,142.78,143.99,6412
2025-11-17 09:15:00,143.99,145.39,143.92,144.42,21789
2025-11-17 10:15:00,144.42,149.0,144.42,147.6,111948
2025-11-17 11:15:00,147.63,147.63,145.63,146.55,34114
2025-11-17 12:15:00,146.74,147.94,146.56,147.07,15024
2025-11-17 13:15:00,147.1,147.15,146.51,146.66,5954
2025-11-17 14:15:00,146.65,147.94,146.65,147.06,9677
2025-11-17 15:15:00,146.93,147.94,146.25,147.6,18572
2025-11-18 09:15:00,147.22,149.0,144.72,145.42,23130
2025-11-18 10:15:00,145.49,146.59,145.17,146.1,19547
2025-11-18 11:15:00,146.29,147.05,146.1,146.85,10858
2025-11-18 12:15:00,146.75,146.95,146.02,146.41,2489
2025-11-18 13:15:00,146.3,146.8,146.01,146.72,5529
2025-11-18 14:15:00,146.69,146.9,146.11,146.47,16180
2025-11-18 15:15:00,146.49,146.8,145.17,146.8,8118
2025-11-19 09:15:00,147.9,147.9,145.63,146.2,17608
2025-11-19 10:15:00,146.19,146.45,145.11,145.61,13630
2025-11-19 11:15:00,145.6,146.45,145.6,146.01,3907
2025-11-19 12:15:00,146.28,146.45,145.5,145.79,7187
2025-11-19 13:15:00,145.79,145.8,145.1,145.1,4480
2025-11-19 14:15:00,145.25,145.75,144.98,145.01,15103
2025-11-19 15:15:00,145.02,146.45,144.9,146.3,4583
2025-11-20 09:15:00,145.0,147.61,143.11,144.6,25759
2025-11-20 10:15:00,144.6,145.05,144.0,144.11,15412
2025-11-20 11:15:00,144.11,144.82,143.61,144.4,6941
2025-11-20 12:15:00,144.22,144.23,144.0,144.14,2455
2025-11-20 13:15:00,144.0,144.16,144.0,144.0,3052
2025-11-20 14:15:00,144.15,144.21,143.0,143.92,6596
2025-11-20 15:15:00,143.8,143.93,142.7,143.6,10252
2025-11-21 09:15:00,143.1,145.05,142.24,143.42,24508
2025-11-21 10:15:00,143.42,145.15,143.29,144.52,24561
2025-11-21 11:15:00,144.68,144.68,143.5,144.03,5148
2025-11-21 12:15:00,143.95,145.4,143.8,144.14,14529
2025-11-21 13:15:00,144.51,145.0,144.0,144.37,5944
2025-11-21 14:15:00,144.37,145.15,144.13,144.49,8364
2025-11-21 15:15:00,144.49,144.49,142.01,144.39,7666
2025-11-24 09:15:00,144.0,145.2,143.2,143.41,16652
2025-11-24 10:15:00,143.4,143.4,143.0,143.32,4913
2025-11-24 11:15:00,143.32,143.32,142.0,142.59,11323
2025-11-24 12:15:00,142.63,142.94,142.0,142.4,7873
2025-11-24 13:15:00,142.4,142.44,141.3,142.11,91087
2025-11-24 14:15:00,142.11,142.19,140.5,141.09,12918
2025-11-24 15:15:00,141.09,141.32,140.05,141.0,5472
2025-11-25 09:15:00,141.5,143.1,140.81,142.07,16225
2025-11-25 10:15:00,142.07,143.19,141.46,142.87,6706
2025-11-25 11:15:00,142.5,142.74,141.0,141.31,9866
2025-11-25 12:15:00,141.44,142.64,141.0,141.49,4557
2025-11-25 13:15:00,141.51,141.67,141.0,141.5,2084
2025-11-25 14:15:00,141.75,142.33,141.5,142.1,160120
2025-11-25 15:15:00,141.97,142.5,141.9,142.5,4056
2025-11-26 09:15:00,142.54,142.88,140.65,141.78,11421
2025-11-26 10:15:00,141.78,142.5,141.55,142.03,4062
2025-11-26 11:15:00,142.03,142.78,141.67,142.12,5090
2025-11-26 12:15:00,142.31,142.31,141.5,141.97,3543
2025-11-26 13:15:00,141.95,142.08,141.25,141.87,3301
2025-11-26 14:15:00,141.94,142.59,141.5,142.3,3443
2025-11-26 15:15:00,142.29,142.85,141.7,141.7,3719
2025-11-27 09:15:00,141.63,142.82,141.49,141.51,10232
2025-11-27 10:15:00,141.95,143.95,141.78,143.11,10036
2025-11-27 11:15:00,143.1,143.28,142.0,142.05,4431
2025-11-27 12:15:00,142.31,142.99,142.06,142.33,1677
2025-11-27 13:15:00,142.5,142.59,141.95,142.34,3898
2025-11-27 14:15:00,141.96,144.45,141.95,143.11,4777
2025-11-27 15:15:00,143.4,144.5,142.31,144.3,7856
2025-11-28 09:15:00,142.2,143.99,142.2,143.14,4438
2025-11-28 10:15:00,143.09,143.48,142.36,143.21,6646
2025-11-28 11:15:00,143.05,143.8,142.45,142.8,12656
2025-11-28 12:15:00,142.81,142.95,141.8,142.0,5701
2025-11-28 13:15:00,142.0,142.12,141.51,141.81,3805
2025-11-28 14:15:00,141.98,142.0,141.1,141.62,8339
2025-11-28 15:15:00,141.88,142.12,141.6,142.0,4257
2025-12-01 09:15:00,143.1,143.33,140.8,142.3,45606
2025-12-01 10:15:00,142.26,142.75,141.91,142.34,5154
2025-12-01 11:15:00,142.33,142.95,140.15,140.78,19276
2025-12-01 12:15:00,140.74,140.75,139.44,140.11,21257
2025-12-01 13:15:00,140.11,140.23,139.75,139.98,6133
2025-12-01 14:15:00,140.0,140.17,139.65,139.65,5782
2025-12-01 15:15:00,139.98,140.0,139.7,139.76,9019
2025-12-02 09:15:00,139.0,140.0,138.78,139.49,12169
2025-12-02 10:15:00,139.48,140.82,139.27,140.09,8734
2025-12-02 11:15:00,139.84,139.99,139.14,139.79,3287
2025-12-02 12:15:00,139.62,139.87,139.21,139.73,1948
2025-12-02 13:15:00,139.53,139.75,139.08,139.53,3937
2025-12-02 14:15:00,139.53,139.62,137.8,137.99,26897
2025-12-02 15:15:00,137.99,138.25,137.7,138.2,4109
2025-12-03 09:15:00,137.11,139.17,136.21,136.7,20244
2025-12-03 10:15:00,136.91,139.19,136.0,137.84,31722
2025-12-03 11:15:00,137.84,140.0,137.55,139.7,24193
2025-12-03 12:15:00,139.75,141.28,139.2,139.81,11421
2025-12-03 13:15:00,139.81,140.01,139.61,139.61,2044
2025-12-03 14:15:00,139.81,140.4,139.31,140.2,15310
2025-12-03 15:15:00,140.0,141.0,138.6,139.15,6259
2025-12-04 09:15:00,137.65,140.75,137.65,139.92,24578
2025-12-04 10:15:00,140.18,140.95,139.98,140.9,6135
2025-12-04 11:15:00,140.61,141.3,139.62,141.2,11361
2025-12-04 12:15:00,141.08,141.35,141.0,141.25,4243
2025-12-04 13:15:00,141.23,141.3,140.77,141.18,8043
2025-12-04 14:15:00,141.01,141.95,141.0,141.7,14427
2025-12-04 15:15:00,141.7,141.7,141.0,141.17,402705
2025-12-05 09:15:00,142.0,144.2,139.8,140.48,8019
2025-12-05 10:15:00,140.61,140.68,140.1,140.11,2215
2025-12-05 11:15:00,140.13,140.19,139.71,139.97,3438
2025-12-05 12:15:00,139.94,140.2,138.73,139.7,7089
2025-12-05 13:15:00,139.77,140.0,139.41,139.86,2383
2025-12-05 14:15:00,139.71,143.02,139.37,142.66,23237
2025-12-05 15:15:00,142.66,144.8,140.25,142.9,18117
2025-12-08 09:15:00,143.08,144.75,141.28,141.65,24627
2025-12-08 10:15:00,141.7,141.7,139.72,140.5,12784
2025-12-08 11:15:00,140.54,141.96,139.8,140.23,10916
2025-12-08 12:15:00,140.16,140.51,139.46,139.82,5042
2025-12-08 13:15:00,139.82,139.83,138.65,139.26,8502
2025-12-08 14:15:00,139.2,140.5,138.6,140.0,20050
2025-12-08 15:15:00,140.14,140.49,139.26,140.25,6728
2025-12-09 09:15:00,138.45,139.43,136.48,137.51,34035
2025-12-09 10:15:00,137.45,138.42,136.96,138.18,10261
2025-12-09 11:15:00,138.18,138.93,137.0,137.33,25848
2025-12-09 12:15:00,137.3,138.0,136.98,137.32,20827
2025-12-09 13:15:00,137.29,138.8,137.23,138.0,4865
2025-12-09 14:15:00,138.16,138.4,136.9,137.82,19579
2025-12-09 15:15:00,138.02,138.07,136.0,137.8,9798
2025-12-10 09:15:00,136.5,140.3,136.5,138.8,20987
2025-12-10 10:15:00,138.8,139.68,138.29,139.05,7828
2025-12-10 11:15:00,139.04,139.04,137.65,138.2,6119
2025-12-10 12:15:00,138.24,138.5,137.61,138.5,3254
2025-12-10 13:15:00,138.46,140.1,138.13,139.41,15141
2025-12-10 14:15:00,139.39,141.0,138.37,140.56,37289
2025-12-10 15:15:00,140.37,141.0,139.08,139.25,11040
2025-12-11 09:15:00,142.9,142.9,138.5,139.43,13612
2025-12-11 10:15:00,139.46,139.95,138.93,139.37,5434
2025-12-11 11:15:00,139.32,139.63,139.04,139.04,6733
2025-12-11 12:15:00,139.1,139.89,139.0,139.0,2679
2025-12-11 13:15:00,139.16,139.64,139.0,139.36,1585
2025-12-11 14:15:00,139.47,140.0,139.0,139.02,11614
2025-12-11 15:15:00,139.02,140.05,138.53,140.05,9529
2025-12-12 09:15:00,139.45,140.26,139.11,139.92,8327
2025-12-12 10:15:00,139.85,140.88,139.42,139.91,7395
2025-12-12 11:15:00,139.82,139.85,139.05,139.14,1198
2025-12-12 12:15:00,139.23,139.91,139.17,139.41,2435
2025-12-12 13:15:00,139.44,139.88,139.26,139.65,1826
2025-12-12 14:15:00,139.65,140.26,139.01,139.27,7799
2025-12-12 15:15:00,139.81,140.4,139.15,140.4,1991
2025-12-15 09:15:00,141.17,141.17,139.25,140.21,9940
2025-12-15 10:15:00,140.21,140.3,139.42,139.5,8344
2025-12-15 11:15:00,139.7,139.98,139.25,139.67,2843
2025-12-15 12:15:00,139.91,141.05,139.73,141.0,9799
2025-12-15 13:15:00,141.03,141.5,140.22,141.05,20265
2025-12-15 14:15:00,141.14,141.5,141.0,141.25,4130
2025-12-15 15:15:00,141.17,141.24,140.06,141.0,3750
2025-12-16 09:15:00,142.7,142.7,140.04,141.54,9982
2025-12-16 10:15:00,141.5,141.9,141.05,141.38,5152
2025-12-16 11:15:00,141.42,141.68,140.05,140.05,4713
2025-12-16 12:15:00,140.05,140.36,139.26,139.6,6434
2025-12-16 13:15:00,139.6,140.39,139.2,140.0,5447
2025-12-16 14:15:00,139.88,140.79,139.88,140.16,5708
2025-12-16 15:15:00,140.18,141.49,139.2,141.4,6260
2025-12-17 09:15:00,141.0,141.0,139.11,139.99,9675
2025-12-17 10:15:00,139.95,141.98,139.39,140.0,38369
2025-12-17 11:15:00,140.0,140.26,139.6,139.99,2794
2025-12-17 12:15:00,139.98,140.0,139.5,139.5,3230
2025-12-17 13:15:00,139.45,139.8,139.2,139.5,5168
2025-12-17 14:15:00,139.5,139.95,139.2,139.88,3686
2025-12-17 15:15:00,139.82,139.99,139.11,139.87,6623
2025-12-18 09:15:00,141.17,141.17,136.84,137.83,19134
2025-12-18 10:15:00,137.83,138.79,137.82,138.27,7016
2025-12-18 11:15:00,138.27,138.39,138.12,138.38,1816
2025-12-18 12:15:00,138.23,138.56,138.18,138.46,1333
2025-12-18 13:15:00,138.46,138.57,135.5,135.7,32226
2025-12-18 14:15:00,135.77,136.9,135.5,136.46,15948
2025-12-18 15:15:00,136.46,137.56,136.0,136.0,7580
2025-12-19 09:15:00,137.18,138.5,136.4,136.5,30477
2025-12-19 10:15:00,136.35,136.49,133.32,134.15,42719
2025-12-19 11:15:00,134.15,134.38,132.3,132.98,34129
2025-12-19 12:15:00,132.98,134.03,132.8,133.49,24091
2025-12-19 13:15:00,133.45,134.53,133.1,134.49,19663
2025-12-19 14:15:00,134.48,137.1,134.14,136.7,31077
2025-12-19 15:15:00,136.68,136.94,135.89,136.94,6130
2025-12-22 09:15:00,138.5,138.5,136.8,137.7,11058
2025-12-22 10:15:00,137.7,137.85,137.0,137.4,7020
2025-12-22 11:15:00,137.39,138.0,137.2,137.61,5268
2025-12-22 12:15:00,137.61,137.76,137.2,137.49,4423
2025-12-22 13:15:00,137.5,138.0,137.25,137.89,5875
2025-12-22 14:15:00,137.75,137.8,137.52,137.79,3750
2025-12-22 15:15:00,137.78,138.0,137.55,138.0,3454
2025-12-23 09:15:00,138.5,138.79,136.94,137.39,48048
2025-12-23 10:15:00,137.35,137.54,136.35,137.25,16375
2025-12-23 11:15:00,137.41,137.49,137.07,137.17,3739
2025-12-23 12:15:00,137.17,137.48,137.0,137.48,7356
2025-12-23 13:15:00,137.47,138.0,137.04,137.87,9565
2025-12-23 14:15:00,137.8,137.9,137.2,137.42,5383
2025-12-23 15:15:00,137.42,137.75,137.0,137.1,8868
2025-12-24 09:15:00,136.9,138.62,136.9,137.11,12385
2025-12-24 10:15:00,137.16,137.9,137.0,137.4,6145
2025-12-24 11:15:00,137.4,137.54,137.0,137.42,3150
2025-12-24 12:15:00,137.3,137.65,136.82,137.07,5082
2025-12-24 13:15:00,137.05,137.18,136.8,136.8,2556
2025-12-24 14:15:00,136.8,137.37,136.75,136.95,3250
2025-12-24 15:15:00,136.85,137.3,136.85,137.3,3495
2025-12-26 09:15:00,137.75,137.75,136.5,137.2,11462
2025-12-26 10:15:00,137.04,138.0,137.04,137.99,12595
2025-12-26 11:15:00,137.94,137.94,137.11,137.39,2416
2025-12-26 12:15:00,137.22,137.5,137.06,137.22,1476
2025-12-26 13:15:00,137.34,138.87,137.05,137.65,10307
2025-12-26 14:15:00,137.6,137.6,136.0,136.12,19291
2025-12-26 15:15:00,136.22,137.55,136.1,136.52,4694
2025-12-29 09:15:00,136.43,136.5,135.01,135.5,19780
2025-12-29 10:15:00,135.48,135.69,135.2,135.33,3476
2025-12-29 11:15:00,135.26,135.4,135.0,135.2,3219
2025-12-29 12:15:00,135.07,135.2,133.74,135.03,18797
2025-12-29 13:15:00,135.0,139.89,134.69,139.5,96828
2025-12-29 14:15:00,139.48,144.45,139.48,142.8,251771
2025-12-29 15:15:00,142.75,144.0,142.0,143.3,59540
2025-12-30 09:15:00,144.49,144.49,140.41,140.41,18698
2025-12-30 10:15:00,140.78,140.79,140.15,140.16,3498
2025-12-30 11:15:00,140.19,140.42,139.99,140.29,2602
2025-12-30 12:15:00,140.29,140.39,140.0,140.39,1941
2025-12-30 13:15:00,140.38,141.49,140.05,141.01,10867
2025-12-30 14:15:00,141.1,141.12,140.15,140.15,10884
2025-12-30 15:15:00,140.25,141.0,139.95,141.0,4152
2025-12-31 09:15:00,140.32,140.8,139.9,140.8,9279
2025-12-31 10:15:00,140.77,141.0,139.93,140.35,11551
2025-12-31 11:15:00,140.61,140.93,140.0,140.2,3056
2025-12-31 12:15:00,140.2,140.5,140.02,140.1,2205
2025-12-31 13:15:00,140.19,140.93,140.19,140.58,20543
2025-12-31 14:15:00,140.32,140.74,140.0,140.15,8491
2025-12-31 15:15:00,140.06,140.99,140.0,140.99,4070
2026-01-01 09:15:00,140.76,141.02,139.78,139.94,6767
2026-01-01 10:15:00,139.92,140.28,139.61,139.88,3951
2026-01-01 11:15:00,139.88,140.19,139.51,139.71,3158
2026-01-01 12:15:00,139.92,140.05,139.71,140.05,5562
2026-01-01 13:15:00,140.05,141.87,140.05,140.05,25681
2026-01-01 14:15:00,140.05,140.4,140.05,140.05,8089
2026-01-01 15:15:00,140.06,141.15,140.05,140.05,3797
2026-01-02 09:15:00,140.43,141.3,140.05,140.73,8301
2026-01-02 10:15:00,140.74,140.93,140.5,140.69,2353
2026-01-02 11:15:00,140.72,141.24,140.63,141.0,2487
2026-01-02 12:15:00,140.81,141.25,140.65,141.22,2963
2026-01-02 13:15:00,141.0,141.25,140.67,141.24,2149
2026-01-02 14:15:00,141.01,142.09,140.75,141.55,7711
2026-01-02 15:15:00,141.33,144.0,141.33,142.05,6136
2026-01-05 09:15:00,141.84,142.05,140.0,140.57,9285
2026-01-05 10:15:00,140.63,140.8,139.05,139.8,16003
2026-01-05 11:15:00,139.8,139.98,138.78,138.94,8655
2026-01-05 12:15:00,138.94,138.95,138.55,138.82,2990
2026-01-05 13:15:00,138.86,138.95,138.05,138.18,9684
2026-01-05 14:15:00,138.18,139.0,138.0,138.02,45978
2026-01-05 15:15:00,138.4,138.99,138.38,138.7,14488
2026-01-06 09:15:00,139.13,139.36,138.49,138.72,5902
2026-01-06 10:15:00,138.94,140.69,138.55,139.47,16037
2026-01-06 11:15:00,139.47,140.3,137.02,140.0,56751
2026-01-06 12:15:00,139.99,140.25,139.66,140.18,3975
2026-01-06 13:15:00,140.17,141.61,140.01,141.47,31696
2026-01-06 14:15:00,141.47,144.49,141.01,142.3,41574
2026-01-06 15:15:00,142.2,144.0,141.27,141.99,17442
2026-01-07 09:15:00,140.0,141.99,140.0,141.41,2677
2026-01-07 10:15:00,141.4,141.79,140.95,141.29,2775
2026-01-07 11:15:00,141.07,141.3,140.14,140.59,2265
2026-01-07 12:15:00,140.6,140.6,139.5,139.79,10183
2026-01-07 13:15:00,139.79,140.26,139.79,139.95,8281
2026-01-07 14:15:00,139.95,141.8,139.94,140.96,12569
2026-01-07 15:15:00,140.85,140.85,140.05,140.05,10793
2026-01-08 09:15:00,141.48,141.48,139.21,139.42,7889
2026-01-08 10:15:00,139.43,139.6,138.05,138.2,17770
2026-01-08 11:15:00,138.2,138.41,136.33,136.5,18806
2026-01-08 12:15:00,136.55,136.75,136.4,136.43,7152
2026-01-08 13:15:00,136.43,136.95,136.3,136.95,5379
2026-01-08 14:15:00,136.89,136.95,136.4,136.65,8650
2026-01-08 15:15:00,136.65,136.7,136.35,136.5,12156
2026-01-09 09:15:00,136.53,136.53,134.99,135.58,23589
2026-01-09 10:15:00,135.73,136.01,135.48,136.0,3853
2026-01-09 11:15:00,135.92,135.95,135.02,135.65,7421
2026-01-09 12:15:00,135.65,135.65,135.02,135.12,2111
2026-01-09 13:15:00,135.34,135.34,134.52,134.95,19373
2026-01-09 14:15:00,134.95,135.39,134.0,134.67,15644
2026-01-09 15:15:00,134.5,135.45,134.3,135.45,7416
2026-01-12 09:15:00,135.0,135.79,133.03,135.51,22328
2026-01-12 10:15:00,135.51,141.35,135.51,136.2,67265
2026-01-12 11:15:00,136.2,136.2,134.5,135.19,20031
2026-01-12 12:15:00,135.28,136.2,134.82,135.24,11697
2026-01-12 13:15:00,135.19,135.3,134.82,135.0,24269
2026-01-12 14:15:00,135.0,136.2,134.84,136.0,10738
2026-01-12 15:15:00,135.54,136.16,135.3,135.35,8866
2026-01-13 09:15:00,135.63,136.4,135.11,135.36,7260
2026-01-13 10:15:00,135.34,136.2,135.34,136.2,3223
2026-01-13 11:15:00,136.2,136.2,135.4,135.99,4152
2026-01-13 12:15:00,136.0,136.0,135.63,135.89,748
2026-01-13 13:15:00,135.89,135.98,135.65,135.77,6620
2026-01-13 14:15:00,135.97,135.97,134.7,135.41,8831
2026-01-13 15:15:00,135.11,135.5,134.7,135.48,3016
2026-01-14 09:15:00,135.76,135.81,134.1,134.45,6024
2026-01-14 10:15:00,134.43,135.04,134.15,134.36,6653
2026-01-14 11:15:00,134.36,135.32,134.18,134.96,9622
2026-01-14 12:15:00,134.98,135.05,133.98,134.74,17922
2026-01-14 13:15:00,134.56,134.73,134.1,134.5,7547
2026-01-14 14:15:00,134.53,134.76,134.1,134.66,7865
2026-01-14 15:15:00,134.5,134.6,133.8,134.0,4260
2026-01-16 09:15:00,134.0,135.3,133.41,134.8,45236
2026-01-16 10:15:00,134.81,135.5,133.76,134.54,16222
2026-01-16 11:15:00,134.55,136.0,134.02,134.56,16797
2026-01-16 12:15:00,134.83,135.2,134.01,134.05,8147
2026-01-16 13:15:00,134.43,136.0,134.43,135.44,11744
2026-01-16 14:15:00,135.39,135.45,134.51,134.9,11366
2026-01-16 15:15:00,134.92,134.93,134.05,134.8,1950
2026-01-19 09:15:00,134.0,135.55,133.81,134.97,4398
2026-01-19 10:15:00,134.97,135.5,134.1,135.0,14483
2026-01-19 11:15:00,135.17,135.44,134.48,134.52,3251
2026-01-19 12:15:00,134.48,134.74,134.02,134.29,6979
2026-01-19 13:15:00,134.08,134.29,133.82,134.01,2706
2026-01-19 14:15:00,133.91,135.0,133.86,133.98,5784
2026-01-19 15:15:00,134.3,137.99,133.95,135.41,7704
2026-01-20 09:15:00,135.0,135.5,133.11,133.25,8546
2026-01-20 10:15:00,133.61,133.71,130.0,131.0,35669
2026-01-20 11:15:00,131.08,132.18,129.44,129.67,29296
2026-01-20 12:15:00,129.65,129.9,128.7,129.12,17066
2026-01-20 13:15:00,129.16,130.0,128.66,129.64,26558
2026-01-20 14:15:00,129.64,132.28,129.5,131.39,27211
2026-01-20 15:15:00,131.0,132.5,131.0,131.7,8980
2026-01-21 09:15:00,131.68,131.68,128.9,129.48,39189
2026-01-21 10:15:00,129.3,129.4,124.9,127.62,87120
2026-01-21 11:15:00,127.58,129.1,127.11,129.1,34648
2026-01-21 12:15:00,129.15,129.52,128.55,128.75,9448
2026-01-21 13:15:00,128.57,129.0,128.31,128.4,13950
2026-01-21 14:15:00,128.78,129.64,128.22,129.1,15004
2026-01-21 15:15:00,128.94,131.68,128.75,131.1,28284
2026-01-22 09:15:00,132.0,132.4,129.85,130.39,26815
2026-01-22 10:15:00,130.39,130.39,129.23,129.4,13146
2026-01-22 11:15:00,129.42,129.54,128.15,128.72,8169
2026-01-22 12:15:00,128.74,129.17,128.74,128.82,2774
2026-01-22 13:15:00,128.99,129.7,128.75,129.65,1850
2026-01-22 14:15:00,129.19,130.1,129.13,129.13,18080
2026-01-22 15:15:00,129.19,129.45,129.0,129.01,5891
2026-01-23 09:15:00,131.45,131.45,128.82,129.48,10849
2026-01-23 10:15:00,129.7,129.93,129.25,129.38,2961
2026-01-23 11:15:00,129.59,129.72,129.25,129.5,2008
2026-01-23 12:15:00,129.5,129.67,129.25,129.27,1951
2026-01-23 13:15:00,129.5,129.65,129.25,129.46,9334
2026-01-23 14:15:00,129.68,129.74,129.25,129.27,4834
2026-01-23 15:15:00,129.55,129.65,129.25,129.63,1661
2026-01-27 09:15:00,127.5,129.39,126.25,127.88,30339
2026-01-27 10:15:00,127.87,128.33,126.81,127.8,13239
2026-01-27 11:15:00,127.81,128.4,127.8,128.0,1659
2026-01-27 12:15:00,128.0,128.59,127.49,127.7,5308
2026-01-27 13:15:00,127.61,128.02,127.2,128.0,6249
2026-01-27 14:15:00,127.98,128.46,127.74,128.29,7846
2026-01-27 15:15:00,128.04,128.55,126.1,127.0,22127
2026-01-28 09:15:00,129.75,129.75,126.5,127.26,10199
2026-01-28 10:15:00,127.23,127.29,126.82,127.14,2579
2026-01-28 11:15:00,127.27,127.68,126.9,127.5,6040
2026-01-28 12:15:00,127.66,127.66,126.78,127.5,17259
2026-01-28 13:15:00,127.5,128.39,127.36,128.29,13459
2026-01-28 14:15:00,128.0,128.87,127.75,128.3,7140
2026-01-28 15:15:00,128.38,128.64,127.75,127.95,4544
2026-01-29 09:15:00,127.1,128.42,127.1,127.79,13524
2026-01-29 10:15:00,127.79,127.87,126.4,126.97,14185
2026-01-29 11:15:00,126.99,127.1,125.7,125.99,17835
2026-01-29 12:15:00,125.97,126.0,125.65,125.89,4623
2026-01-29 13:15:00,125.86,126.0,125.65,125.95,5460
2026-01-29 14:15:00,125.98,127.15,125.82,126.51,26897
2026-01-29 15:15:00,126.51,130.0,126.1,126.6,5477
2026-01-30 09:15:00,126.43,127.35,125.61,127.34,7384
2026-01-30 10:15:00,127.34,127.77,127.1,127.6,3240
2026-01-30 11:15:00,127.55,127.8,127.12,127.35,5226
2026-01-30 12:15:00,127.2,127.24,127.01,127.01,911
2026-01-30 13:15:00,127.01,128.0,126.55,128.0,11756
2026-01-30 14:15:00,127.93,130.58,127.5,129.15,25353
2026-01-30 15:15:00,129.29,134.9,128.69,129.85,8221
2026-02-01 09:15:00,132.09,132.09,127.3,128.61,12516
2026-02-01 10:15:00,128.61,129.5,128.61,129.5,5193
2026-02-01 11:15:00,129.5,129.85,128.6,128.77,7184
2026-02-01 12:15:00,128.59,129.81,128.0,128.68,11666
2026-02-01 13:15:00,128.65,129.5,128.58,128.96,2491
2026-02-01 14:15:00,128.96,128.96,128.1,128.1,3927
2026-02-01 15:15:00,128.28,131.0,128.0,129.0,11085
2026-02-02 09:15:00,128.82,130.4,127.0,127.36,11696
2026-02-02 10:15:00,127.36,127.56,126.0,126.6,6426
2026-02-02 11:15:00,126.6,127.4,126.0,127.05,6560
2026-02-02 12:15:00,127.05,127.27,126.6,127.0,2098
2026-02-02 13:15:00,127.0,127.09,126.7,126.97,859
2026-02-02 14:15:00,126.99,127.69,126.4,127.14,12174
2026-02-02 15:15:00,127.49,129.0,127.23,128.15,4074
2026-02-03 09:15:00,131.0,135.89,124.13,125.4,72565
2026-02-03 10:15:00,125.49,125.99,123.52,123.74,63519
2026-02-03 11:15:00,123.7,124.36,123.32,124.1,30021
2026-02-03 12:15:00,124.1,130.8,123.86,129.45,105248
2026-02-03 13:15:00,129.5,131.15,129.0,130.23,22028
2026-02-03 14:15:00,130.23,130.33,129.0,129.0,40969
2026-02-03 15:15:00,129.19,130.0,127.1,127.5,38166
2026-02-04 09:15:00,129.39,129.39,125.07,127.59,26931
2026-02-04 10:15:00,127.47,127.69,126.77,127.09,4142
2026-02-04 11:15:00,127.09,128.65,126.7,128.51,14703
2026-02-04 12:15:00,128.52,129.55,128.5,129.4,8426
2026-02-04 13:15:00,129.25,129.65,129.2,129.2,5066
2026-02-04 14:15:00,129.41,129.7,127.22,128.0,21317
2026-02-04 15:15:00,128.28,129.4,127.85,129.39,3250
2026-02-05 09:15:00,128.05,128.85,127.0,127.2,14358
2026-02-05 10:15:00,127.27,127.87,126.99,127.42,4203
2026-02-05 11:15:00,127.72,128.2,127.11,127.29,6303
2026-02-05 12:15:00,127.39,127.9,127.12,127.66,2344
2026-02-05 13:15:00,127.46,127.67,127.16,127.16,1884
2026-02-05 14:15:00,127.2,128.39,127.11,127.93,12763
2026-02-05 15:15:00,127.9,127.9,127.11,127.11,3088
2026-02-06 09:15:00,127.75,127.99,126.0,126.29,10742
2026-02-06 10:15:00,126.31,130.0,125.31,127.81,27447
2026-02-06 11:15:00,128.15,130.99,127.52,128.2,11066
2026-02-06 12:15:00,128.26,128.26,126.85,126.85,11555
2026-02-06 13:15:00,126.85,129.0,126.41,127.9,10243
2026-02-06 14:15:00,128.05,128.7,127.71,128.31,10717
2026-02-06 15:15:00,128.51,129.99,127.65,129.05,8319
2026-02-09 09:15:00,129.99,129.99,127.0,128.39,13767
2026-02-09 10:15:00,128.02,129.37,127.92,129.01,4328
2026-02-09 11:15:00,129.19,130.8,128.15,130.34,19457
2026-02-09 12:15:00,130.5,130.5,128.6,129.38,15525
2026-02-09 13:15:00,128.95,129.34,128.73,129.29,5124
2026-02-09 14:15:00,129.15,129.55,128.6,129.0,15773
2026-02-09 15:15:00,128.7,129.0,128.6,128.6,5225
2026-02-10 09:15:00,129.5,130.9,128.7,130.6,25542
2026-02-10 10:15:00,130.6,133.04,130.2,130.88,29619
2026-02-10 11:15:00,130.87,130.89,129.75,130.0,11415
2026-02-10 12:15:00,129.95,130.52,129.56,129.75,7604
2026-02-10 13:15:00,129.89,130.0,129.75,129.78,2646
2026-02-10 14:15:00,129.77,131.5,129.02,129.71,36574
2026-02-10 15:15:00,129.71,129.9,129.51,129.9,4448
2026-02-11 09:15:00,130.5,130.8,128.01,128.52,15789
2026-02-11 10:15:00,128.66,130.0,128.02,129.75,8681
2026-02-11 11:15:00,129.74,129.9,129.01,129.41,4193
2026-02-11 12:15:00,129.44,129.89,129.09,129.14,3578
2026-02-11 13:15:00,129.14,129.74,129.01,129.21,3460
2026-02-11 14:15:00,129.21,129.74,128.84,129.69,16455
2026-02-11 15:15:00,129.57,129.7,128.95,129.7,3014
2026-02-12 09:15:00,131.51,131.51,128.5,128.79,10921
2026-02-12 10:15:00,128.5,129.6,128.5,129.1,6966
2026-02-12 11:15:00,129.44,130.04,128.51,129.01,11012
2026-02-12 12:15:00,129.29,129.52,129.01,129.01,943
2026-02-12 13:15:00,129.23,129.23,128.9,129.0,1654
2026-02-12 14:15:00,129.0,129.69,128.8,129.07,29048
2026-02-12 15:15:00,129.55,130.0,128.78,129.0,5251
2026-02-13 09:15:00,129.29,129.29,126.51,127.5,13437
2026-02-13 10:15:00,127.31,127.65,127.01,127.54,2366
2026-02-13 11:15:00,127.54,127.79,127.25,127.32,5644
2026-02-13 12:15:00,127.58,129.0,127.56,128.07,25578
2026-02-13 13:15:00,128.25,128.25,127.61,127.99,2330
2026-02-13 14:15:00,127.99,128.69,127.69,128.22,30339
2026-02-13 15:15:00,128.22,128.69,127.75,128.45,3022
2026-02-16 09:15:00,129.6,130.46,127.0,129.65,24317
2026-02-16 10:15:00,129.63,132.0,129.63,130.79,29644
2026-02-16 11:15:00,130.72,130.99,130.3,130.3,6373
2026-02-16 12:15:00,130.35,130.99,130.35,130.72,7762
2026-02-16 13:15:00,130.71,130.9,130.0,130.33,19890
2026-02-16 14:15:00,130.26,131.0,128.0,128.57,85141
2026-02-16 15:15:00,128.56,129.45,127.8,129.45,9063
2026-02-17 09:15:00,127.4,131.36,127.4,130.26,9634
2026-02-17 10:15:00,130.02,130.26,129.21,129.74,30530
2026-02-17 11:15:00,129.58,129.58,129.0,129.45,15794
2026-02-17 12:15:00,129.4,129.66,128.61,128.86,1777
2026-02-17 13:15:00,128.88,129.35,128.61,128.87,15458
2026-02-17 14:15:00,128.63,130.0,128.16,129.19,45601
2026-02-17 15:15:00,129.19,129.84,128.5,129.35,5416
2026-02-18 09:15:00,129.99,130.1,128.9,128.9,12147
2026-02-18 10:15:00,128.9,129.41,128.36,128.91,7806
2026-02-18 11:15:00,129.19,129.19,128.91,129.01,822
2026-02-18 12:15:00,129.01,129.25,128.91,129.1,1936
2026-02-18 13:15:00,129.09,129.09,128.4,128.8,8183
2026-02-18 14:15:00,128.8,129.21,128.5,128.61,6473
2026-02-18 15:15:00,128.58,129.08,128.0,128.0,10645
2026-02-19 09:15:00,127.2,129.47,127.2,128.57,12192
2026-02-19 10:15:00,128.85,128.85,128.01,128.78,2511
2026-02-19 11:15:00,128.67,128.67,127.85,127.85,2446
2026-02-19 12:15:00,127.85,128.0,127.51,127.88,2326
2026-02-19 13:15:00,127.87,127.87,127.2,127.5,3645
2026-02-19 14:15:00,127.5,128.17,127.21,127.77,7095
2026-02-19 15:15:00,127.78,127.9,127.15,127.15,3937
2026-02-20 09:15:00,128.0,128.64,126.1,126.62,12547
2026-02-20 10:15:00,126.62,126.99,126.45,126.45,6605
2026-02-20 11:15:00,126.51,126.51,126.15,126.2,7368
2026-02-20 12:15:00,126.2,126.5,126.2,126.4,3325
2026-02-20 13:15:00,126.4,126.59,126.2,126.59,5006
2026-02-20 14:15:00,126.27,127.99,126.2,126.6,12738
2026-02-20 15:15:00,126.73,127.4,126.57,127.01,5686
2026-02-23 09:15:00,126.6,127.93,126.6,126.81,7256
2026-02-23 10:15:00,126.81,126.95,125.55,125.65,11418
2026-02-23 11:15:00,125.65,125.89,125.1,125.1,8065
2026-02-23 12:15:00,125.1,125.73,125.1,125.1,6164
2026-02-23 13:15:00,125.1,125.93,124.75,124.97,18578
2026-02-23 14:15:00,124.97,126.0,124.7,125.0,43455
2026-02-23 15:15:00,124.9,126.0,124.4,124.9,15554
2026-02-24 09:15:00,124.64,124.65,123.0,123.53,13606
2026-02-24 10:15:00,123.53,123.64,123.15,123.15,3744
2026-02-24 11:15:00,123.15,124.0,123.1,123.47,17371
2026-02-24 12:15:00,123.25,123.95,122.15,123.08,22727
2026-02-24 13:15:00,123.01,123.69,122.22,122.88,22166
2026-02-24 14:15:00,122.5,124.67,122.3,122.33,28908
2026-02-24 15:15:00,122.33,122.9,121.4,122.45,19339
2026-02-25 09:15:00,122.0,123.65,122.0,123.4,19824
2026-02-25 10:15:00,123.4,123.6,122.9,123.04,20494
2026-02-25 11:15:00,123.04,123.04,122.75,122.92,8207
2026-02-25 12:15:00,122.92,124.5,122.8,124.35,24950
2026-02-25 13:15:00,124.4,126.18,124.11,125.87,38760
2026-02-25 14:15:00,125.87,127.98,124.15,125.62,57988
2026-02-25 15:15:00,125.25,125.83,124.0,124.7,9179
2026-02-26 09:15:00,124.9,127.25,124.9,127.2,17694
2026-02-26 10:15:00,127.2,127.74,127.0,127.36,9974
2026-02-26 11:15:00,127.36,127.55,127.0,127.18,16683
2026-02-26 12:15:00,127.18,127.35,127.0,127.25,6676
2026-02-26 13:15:00,127.12,127.64,127.01,127.46,5764
2026-02-26 14:15:00,127.46,127.94,126.9,127.5,21458
2026-02-26 15:15:00,127.38,127.75,127.0,127.55,4490
2026-02-27 09:15:00,128.0,128.0,126.5,128.0,9120
2026-02-27 10:15:00,127.99,128.0,126.43,126.7,13473
2026-02-27 11:15:00,126.7,126.88,126.27,126.81,2051
2026-02-27 12:15:00,126.81,127.2,126.1,126.59,9139
2026-02-27 13:15:00,126.56,126.79,126.21,126.79,1172
2026-02-27 14:15:00,126.61,127.2,125.4,126.25,13270
2026-02-27 15:15:00,126.34,126.59,125.0,126.5,8973
2026-03-02 09:15:00,121.11,125.0,121.11,123.5,37695
2026-03-02 10:15:00,123.43,124.3,122.5,124.0,13282
2026-03-02 11:15:00,124.0,124.11,123.0,123.13,6216
2026-03-02 12:15:00,123.12,123.12,120.0,121.23,42655
2026-03-02 13:15:00,121.24,123.01,121.23,122.01,20415
2026-03-02 14:15:00,122.34,125.3,122.14,123.24,32825
2026-03-02 15:15:00,123.36,126.94,123.11,125.2,11233
2026-03-04 09:15:00,124.0,124.0,120.5,122.14,23558
2026-03-04 10:15:00,121.81,122.09,121.18,121.4,12215
2026-03-04 11:15:00,121.5,121.5,120.9,121.11,8560
2026-03-04 12:15:00,121.11,121.35,120.22,121.28,5840
2026-03-04 13:15:00,121.24,121.5,120.51,120.58,4487
2026-03-04 14:15:00,120.91,121.51,120.0,120.86,16849
2026-03-04 15:15:00,120.79,120.88,120.53,120.8,2604
2026-03-05 09:15:00,120.8,122.98,119.79,120.51,12929
2026-03-05 10:15:00,120.51,120.51,119.85,120.03,7032
2026-03-05 11:15:00,120.02,120.38,119.69,119.94,7686
2026-03-05 12:15:00,120.13,120.13,119.62,119.88,1202
2026-03-05 13:15:00,119.87,121.41,119.87,121.41,12934
2026-03-05 14:15:00,121.41,123.39,121.41,122.25,11589
2026-03-05 15:15:00,122.25,123.18,121.91,122.0,5588
2026-03-06 09:15:00,120.5,124.89,120.5,124.8,18261
2026-03-06 10:15:00,124.8,125.92,124.4,125.82,11356
2026-03-06 11:15:00,125.82,125.84,124.8,125.26,23694
2026-03-06 12:15:00,125.26,125.54,125.23,125.38,5626
2026-03-06 13:15:00,125.31,125.31,124.56,125.15,13536
2026-03-06 14:15:00,125.17,126.29,124.92,125.39,28940
2026-03-06 15:15:00,125.14,125.94,125.06,125.06,3376
2026-03-09 09:15:00,124.0,124.0,119.34,121.5,17383
2026-03-09 10:15:00,121.5,122.59,120.0,122.0,19435
2026-03-09 11:15:00,121.77,122.63,120.31,121.5,11639
2026-03-09 12:15:00,121.5,122.09,120.61,121.78,5035
2026-03-09 13:15:00,121.71,122.01,120.85,121.3,5353
2026-03-09 14:15:00,121.22,121.85,120.53,121.51,5285
2026-03-09 15:15:00,121.77,121.9,121.01,121.88,4696
2026-03-10 09:15:00,121.88,123.5,121.88,122.67,10002
2026-03-10 10:15:00,122.81,123.74,122.81,123.6,6655
2026-03-10 11:15:00,123.42,123.92,123.09,123.66,11502
2026-03-10 12:15:00,123.51,123.51,123.0,123.31,8301
2026-03-10 13:15:00,123.38,124.28,123.21,123.76,7339
2026-03-10 14:15:00,123.64,123.8,122.5,122.75,12012
2026-03-10 15:15:00,122.67,123.79,122.5,122.5,3946
2026-03-11 09:15:00,122.21,124.19,122.21,123.14,12664
2026-03-11 10:15:00,123.34,125.0,123.25,123.7,15392
2026-03-11 11:15:00,123.86,123.92,123.0,123.2,8104
2026-03-11 12:15:00,123.19,123.36,123.19,123.3,1166
2026-03-11 13:15:00,123.25,123.56,122.8,123.09,4441
2026-03-11 14:15:00,123.05,124.87,123.0,124.5,18385
2026-03-11 15:15:00,124.5,125.45,123.68,125.45,36412
2026-03-12 09:15:00,124.03,126.0,123.39,125.01,14253
2026-03-12 10:15:00,124.94,126.25,124.23,126.0,14867
2026-03-12 11:15:00,126.0,126.05,124.31,125.5,33225
2026-03-12 12:15:00,125.5,126.62,125.5,126.5,8281
2026-03-12 13:15:00,126.5,127.1,125.51,126.99,28401
2026-03-12 14:15:00,127.0,127.49,126.7,127.0,11130
2026-03-12 15:15:00,127.0,127.2,126.92,127.2,18699
2026-03-13 09:15:00,125.4,126.57,123.8,123.8,10854
2026-03-13 10:15:00,123.81,125.9,123.81,125.11,18789
2026-03-13 11:15:00,124.58,124.58,122.55,122.6,21792
2026-03-13 12:15:00,122.61,123.88,122.1,123.49,9867
2026-03-13 13:15:00,123.5,123.75,122.0,123.7,29860
2026-03-13 14:15:00,123.67,124.8,123.4,124.5,447161
2026-03-13 15:15:00,124.49,124.8,124.25,124.57,11309
2026-03-16 09:15:00,124.05,127.44,122.58,122.76,25781
2026-03-16 10:15:00,122.5,122.5,120.9,120.95,19184
2026-03-16 11:15:00,121.4,122.4,120.96,122.21,26912
2026-03-16 12:15:00,122.19,122.49,121.55,122.25,5041
2026-03-16 13:15:00,122.06,122.73,121.73,122.55,13248
2026-03-16 14:15:00,122.74,123.54,120.0,123.0,40326
2026-03-16 15:15:00,123.0,125.0,123.0,123.0,16933
2026-03-17 09:15:00,124.26,124.5,123.25,123.5,7491
2026-03-17 10:15:00,123.5,123.98,122.53,122.7,11146
2026-03-17 11:15:00,122.7,122.7,120.36,121.63,21103
2026-03-17 12:15:00,121.48,123.0,121.48,122.69,28650
2026-03-17 13:15:00,122.69,123.0,121.8,122.85,14488
2026-03-17 14:15:00,122.75,122.75,121.0,121.9,14010
2026-03-17 15:15:00,122.06,122.48,121.0,121.0,7029
2026-03-18 09:15:00,121.55,124.2,121.55,123.19,18575
2026-03-18 10:15:00,123.22,124.42,123.0,124.21,13073
2026-03-18 11:15:00,124.29,125.37,123.84,124.06,10157
2026-03-18 12:15:00,124.03,124.69,122.62,124.5,15941
2026-03-18 13:15:00,124.5,125.01,124.5,124.5,6320
2026-03-18 14:15:00,124.5,124.85,124.0,124.0,14045
2026-03-18 15:15:00,123.88,124.89,123.3,124.5,7207
2026-03-19 09:15:00,124.0,124.0,121.97,122.76,13527
2026-03-19 10:15:00,122.7,125.0,122.6,124.16,5621
2026-03-19 11:15:00,124.22,124.5,123.49,124.28,10302
2026-03-19 12:15:00,124.3,124.5,123.77,124.39,3481
2026-03-19 13:15:00,124.39,124.49,124.0,124.0,5671
2026-03-19 14:15:00,124.0,124.2,122.85,124.02,15802
2026-03-19 15:15:00,124.0,124.46,123.03,123.76,2165
2026-03-20 09:15:00,123.83,124.88,120.39,123.47,21401
2026-03-20 10:15:00,123.45,123.47,122.41,122.41,4216
2026-03-20 11:15:00,122.43,123.94,120.4,120.61,58010
2026-03-20 12:15:00,120.8,121.5,120.12,121.34,20755
2026-03-20 13:15:00,121.18,121.63,121.15,121.4,3968
2026-03-20 14:15:00,121.3,121.4,120.4,120.6,22666
2026-03-20 15:15:00,120.6,120.95,120.2,120.72,6779
2026-03-23 09:15:00,119.3,121.85,119.3,121.0,49152
2026-03-23 10:15:00,121.0,121.48,120.34,121.48,32645
2026-03-23 11:15:00,121.26,121.49,120.1,120.54,30086
2026-03-23 12:15:00,120.37,120.68,118.01,118.54,48400
2026-03-23 13:15:00,118.31,121.0,118.0,120.87,36355
2026-03-23 14:15:00,120.81,121.0,118.51,119.0,35301
2026-03-23 15:15:00,118.91,119.0,118.25,119.0,9007
2026-03-24 09:15:00,120.6,122.0,119.24,119.7,25950
2026-03-24 10:15:00,119.74,119.95,119.05,119.47,7239
2026-03-24 11:15:00,119.47,120.0,119.05,119.05,7987
2026-03-24 12:15:00,119.06,119.52,118.85,119.25,13440
2026-03-24 13:15:00,119.25,120.0,118.91,119.76,20826
2026-03-24 14:15:00,119.56,120.22,119.1,119.47,16897
2026-03-24 15:15:00,119.34,119.5,118.45,119.02,12167
2026-03-25 09:15:00,120.83,123.08,120.51,121.4,20903
2026-03-25 10:15:00,121.61,122.5,121.12,121.83,9310
2026-03-25 11:15:00,121.98,122.0,120.87,122.0,6428
2026-03-25 12:15:00,122.26,122.26,121.0,121.26,5251
2026-03-25 13:15:00,121.15,124.0,121.0,122.99,508337
2026-03-25 14:15:00,123.2,123.66,121.0,121.0,15573
2026-03-25 15:15:00,121.02,122.41,121.0,122.0,11889
2026-03-27 09:15:00,122.31,123.0,118.8,119.1,26027
2026-03-27 10:15:00,118.91,119.25,117.05,118.01,34378
2026-03-27 11:15:00,118.01,120.5,117.62,120.0,58958
2026-03-27 12:15:00,120.0,120.4,119.0,120.3,196439
2026-03-27 13:15:00,120.11,120.28,117.2,118.41,349045
2026-03-27 14:15:00,118.65,118.65,115.0,116.1,410489
2026-03-27 15:15:00,116.31,116.49,115.2,115.55,24317
2026-03-30 09:15:00,116.1,118.7,115.45,116.95,85848
2026-03-30 10:15:00,116.95,117.2,116.95,117.0,11734
2026-03-30 11:15:00,117.0,117.68,116.55,116.76,18089
2026-03-30 12:15:00,116.8,118.0,116.69,117.47,13271
2026-03-30 13:15:00,117.16,117.51,116.01,116.36,16640
2026-03-30 14:15:00,116.37,116.44,115.0,115.1,31667
2026-03-30 15:15:00,115.11,116.5,115.0,115.0,24610
2026-04-01 09:15:00,119.7,120.85,115.0,120.42,36416
2026-04-01 10:15:00,120.38,120.59,119.35,120.02,6431
2026-04-01 11:15:00,119.81,120.8,119.55,120.8,6156
2026-04-01 12:15:00,120.8,120.82,120.02,120.02,3664
2026-04-01 13:15:00,120.25,120.25,118.87,119.96,2765
2026-04-01 14:15:00,119.75,119.86,118.44,119.86,7928
2026-04-01 15:15:00,119.53,120.0,118.73,120.0,3745
2026-04-02 09:15:00,119.0,119.54,116.0,118.73,15672
2026-04-02 10:15:00,118.8,119.72,118.11,119.52,3447
2026-04-02 11:15:00,119.64,120.48,119.44,120.01,2412
2026-04-02 12:15:00,119.9,121.15,119.9,121.13,11384
2026-04-02 13:15:00,121.38,124.83,121.35,124.33,30436
2026-04-02 14:15:00,124.7,124.79,122.51,123.2,17470
2026-04-02 15:15:00,122.73,124.49,122.7,124.0,9741
2026-04-06 09:15:00,122.33,124.17,121.05,123.94,27546
2026-04-06 10:15:00,123.98,127.0,123.94,126.59,25117
2026-04-06 11:15:00,126.59,128.98,125.86,125.86,20651
2026-04-06 12:15:00,126.13,126.5,125.7,126.35,3555
2026-04-06 13:15:00,126.35,126.75,125.73,125.99,3967
2026-04-06 14:15:00,125.98,126.27,124.95,125.05,19162
2026-04-06 15:15:00,125.4,126.1,125.0,125.2,4912
2026-04-07 09:15:00,126.46,127.92,125.16,125.42,21087
2026-04-07 10:15:00,125.41,127.13,125.1,125.15,4625
2026-04-07 11:15:00,125.52,128.0,125.5,127.67,14388
2026-04-07 12:15:00,127.6,128.0,126.81,127.27,6525
2026-04-07 13:15:00,127.5,128.77,127.25,128.59,8159
2026-04-07 14:15:00,128.59,131.58,128.59,131.58,48994
2026-04-07 15:15:00,131.28,131.46,128.2,129.0,21001
2026-04-08 09:15:00,134.0,134.5,130.0,132.87,38430
2026-04-08 10:15:00,132.87,134.33,132.02,133.06,24789
2026-04-08 11:15:00,133.06,133.45,132.64,132.75,7813
2026-04-08 12:15:00,132.73,133.0,132.5,132.5,8682
2026-04-08 13:15:00,132.55,135.0,132.5,133.42,24773
2026-04-08 14:15:00,133.17,135.0,132.8,134.22,31332
2026-04-08 15:15:00,134.44,136.0,134.2,135.7,9778
2026-04-09 09:15:00,134.8,137.24,134.0,136.32,49516
2026-04-09 10:15:00,136.58,137.0,135.71,136.2,6436
2026-04-09 11:15:00,136.28,136.47,135.5,135.61,3661
2026-04-09 12:15:00,135.66,135.92,135.4,135.75,12483
2026-04-09 13:15:00,135.75,135.9,135.06,135.42,12191
2026-04-09 14:15:00,135.79,137.15,135.5,136.43,11910
2026-04-09 15:15:00,136.35,138.0,135.9,136.9,11497
2026-04-10 09:15:00,138.0,139.86,136.91,137.78,31693
2026-04-10 10:15:00,137.96,140.28,137.29,139.05,17906
2026-04-10 11:15:00,139.02,139.08,138.51,138.52,2406
2026-04-10 12:15:00,138.51,139.93,138.5,139.93,4998
2026-04-10 13:15:00,139.89,141.5,139.89,140.79,14277
2026-04-10 14:15:00,140.61,140.75,140.0,140.13,34618
2026-04-10 15:15:00,140.6,140.89,139.01,139.01,23281
2026-04-13 09:15:00,136.0,137.36,131.61,137.1,15743
2026-04-13 10:15:00,137.1,139.29,136.71,138.53,12582
2026-04-13 11:15:00,138.53,138.98,138.12,138.6,4209
2026-04-13 12:15:00,138.48,138.48,137.85,137.9,1420
2026-04-13 13:15:00,138.0,138.24,137.76,138.02,998
2026-04-13 14:15:00,138.0,138.02,137.0,137.36,8473
2026-04-13 15:15:00,137.17,138.25,137.01,138.2,3826
2026-04-15 09:15:00,138.31,139.48,137.9,138.17,14105
2026-04-15 10:15:00,138.24,138.95,136.6,136.6,16438
2026-04-15 11:15:00,136.88,137.65,135.85,136.19,35636
2026-04-15 12:15:00,135.89,136.28,134.41,135.37,52918
2026-04-15 13:15:00,135.37,136.2,135.0,135.82,7969
2026-04-15 14:15:00,135.82,135.88,135.2,135.29,6313
2026-04-15 15:15:00,135.29,135.42,135.0,135.01,10296
2026-04-16 09:15:00,136.56,136.86,133.8,133.94,16124
2026-04-16 10:15:00,134.23,134.3,133.55,133.55,5775
2026-04-16 11:15:00,133.7,133.84,132.8,133.0,14747
2026-04-16 12:15:00,133.39,133.47,133.03,133.29,2458
2026-04-16 13:15:00,133.47,133.49,132.75,133.32,11701
2026-04-16 14:15:00,133.27,135.15,133.11,133.72,13317
2026-04-16 15:15:00,134.07,138.9,134.07,135.48,31633
2026-04-17 09:15:00,136.46,138.0,135.27,137.36,22915
2026-04-17 10:15:00,137.37,137.38,134.37,135.41,15041
2026-04-17 11:15:00,135.65,137.0,135.4,135.92,9667
2026-04-17 12:15:00,135.92,137.5,134.8,135.53,21480
2026-04-17 13:15:00,135.74,137.5,135.5,136.67,9051
2026-04-17 14:15:00,136.67,138.59,135.62,137.58,29098
2026-04-17 15:15:00,137.65,138.0,136.6,137.21,8063
2026-04-20 09:15:00,138.47,138.94,135.5,135.91,12357
2026-04-20 10:15:00,135.92,136.72,135.81,136.03,5058
2026-04-20 11:15:00,136.27,136.68,136.0,136.01,6104
2026-04-20 12:15:00,136.01,136.48,135.82,136.25,1860
2026-04-20 13:15:00,136.3,136.3,135.0,135.09,10037
2026-04-20 14:15:00,136.04,137.85,135.12,137.18,13699
2026-04-20 15:15:00,137.18,138.0,136.55,138.0,4815
2026-04-21 09:15:00,137.0,138.89,135.97,136.63,10758
2026-04-21 10:15:00,136.86,137.37,136.12,136.3,6814
2026-04-21 11:15:00,136.56,137.39,136.21,136.95,4676
2026-04-21 12:15:00,136.96,137.22,136.43,136.53,3343
2026-04-21 13:15:00,136.53,136.97,136.5,136.76,2175
2026-04-21 14:15:00,136.98,137.1,135.26,135.31,14785
2026-04-21 15:15:00,135.45,135.49,135.0,135.0,8110
2026-04-22 09:15:00,134.0,135.99,134.0,135.01,9788
2026-04-22 10:15:00,135.12,136.64,135.01,136.2,11247
2026-04-22 11:15:00,135.9,136.88,135.83,136.88,3585
2026-04-22 12:15:00,136.31,136.42,135.6,135.6,2794
2026-04-22 13:15:00,135.31,135.89,135.01,135.89,2009
2026-04-22 14:15:00,135.57,136.45,135.02,135.28,7873
2026-04-22 15:15:00,135.38,135.63,135.15,135.15,3235
2026-04-23 09:15:00,135.84,135.84,135.15,135.51,2799
2026-04-23 10:15:00,135.51,135.55,134.62,134.7,3745
2026-04-23 11:15:00,134.7,135.0,134.61,135.0,3898
2026-04-23 12:15:00,134.82,134.89,134.25,134.32,3137
2026-04-23 13:15:00,134.4,134.55,134.25,134.29,799
2026-04-23 14:15:00,134.5,134.7,134.05,134.16,5966
2026-04-23 15:15:00,134.38,135.0,134.0,134.0,3079
2026-04-24 09:15:00,135.23,141.44,134.9,137.49,102307
2026-04-24 10:15:00,137.51,137.81,136.31,136.72,17213
2026-04-24 11:15:00,136.92,137.19,136.51,136.62,5713
2026-04-24 12:15:00,136.65,136.79,135.41,135.41,5317
2026-04-24 13:15:00,135.6,136.0,135.5,135.5,920
2026-04-24 14:15:00,135.52,136.89,135.48,136.4,7419
2026-04-24 15:15:00,136.98,137.1,135.1,135.11,7407
2026-04-27 09:15:00,135.99,139.97,135.12,138.91,26515
2026-04-27 10:15:00,139.0,139.57,137.98,138.5,13462
2026-04-27 11:15:00,138.57,138.8,135.9,136.0,17276
2026-04-27 12:15:00,136.0,137.19,136.0,136.11,10166
2026-04-27 13:15:00,136.55,136.99,136.1,136.2,5142
2026-04-27 14:15:00,136.25,136.68,136.0,136.0,6143
2026-04-27 15:15:00,136.0,136.68,135.7,135.8,7269
2026-04-28 09:15:00,138.75,138.75,135.15,135.65,11543
2026-04-28 10:15:00,135.88,136.19,135.3,135.64,5072
2026-04-28 11:15:00,135.96,138.09,135.3,137.07,15477
2026-04-28 12:15:00,137.0,138.34,136.8,136.86,7325
2026-04-28 13:15:00,136.92,141.21,135.81,137.52,40386
2026-04-28 14:15:00,137.64,138.3,137.14,138.13,12204
2026-04-28 15:15:00,138.29,138.6,137.3,137.3,9182
2026-04-29 09:15:00,138.9,139.88,136.51,137.32,24940
2026-04-29 10:15:00,137.61,138.35,137.02,137.67,2299
2026-04-29 11:15:00,137.55,138.89,137.21,137.6,2956
2026-04-29 12:15:00,137.6,138.09,137.5,137.71,3126
2026-04-29 13:15:00,137.71,137.73,136.2,136.3,8292
2026-04-29 14:15:00,136.3,136.77,134.9,136.0,26617
2026-04-29 15:15:00,136.15,136.4,135.0,135.0,7722
2026-04-30 09:15:00,135.3,138.5,134.61,137.0,27257
2026-04-30 10:15:00,136.75,136.93,136.1,136.15,4340
2026-04-30 11:15:00,136.15,136.15,135.43,136.06,1252
2026-04-30 12:15:00,136.12,136.55,135.9,136.55,8787
2026-04-30 13:15:00,136.55,137.4,136.28,137.0,5283
2026-04-30 14:15:00,136.67,138.27,135.79,137.33,12221
2026-04-30 15:15:00,137.14,139.88,137.13,137.5,21698
2026-05-04 09:15:00,135.55,144.63,135.55,142.8,138272
2026-05-04 10:15:00,142.8,146.0,140.0,143.11,126853
2026-05-04 11:15:00,143.11,143.11,141.48,141.84,33382
2026-05-04 12:15:00,141.79,142.19,141.5,141.55,4576
2026-05-04 13:15:00,141.55,141.67,140.33,141.0,19816
2026-05-04 14:15:00,141.17,142.95,141.0,141.24,23180
2026-05-04 15:15:00,141.24,142.88,141.0,141.23,25329
2026-05-05 09:15:00,142.0,144.67,140.03,142.53,53871
2026-05-05 10:15:00,142.31,143.0,141.93,142.94,11160
2026-05-05 11:15:00,142.98,142.98,141.47,141.5,6589
2026-05-05 12:15:00,141.8,142.53,141.8,142.52,2692
2026-05-05 13:15:00,142.44,142.67,142.0,142.25,7653
2026-05-05 14:15:00,142.25,143.0,142.0,142.65,18729
2026-05-05 15:15:00,142.99,143.0,142.5,142.5,8515
2026-05-06 09:15:00,142.48,144.76,142.28,142.88,45840
2026-05-06 10:15:00,142.91,142.95,141.5,141.5,5434
2026-05-06 11:15:00,141.56,141.68,140.32,140.49,9412
2026-05-06 12:15:00,140.41,140.88,140.01,140.22,5499
2026-05-06 13:15:00,140.41,140.49,140.05,140.13,5851
2026-05-06 14:15:00,140.13,141.4,140.13,140.54,15473
2026-05-06 15:15:00,140.6,141.06,140.5,140.7,14008
2026-05-07 09:15:00,140.79,142.9,140.79,142.06,16657
2026-05-07 10:15:00,142.06,142.99,142.01,142.29,13578
2026-05-07 11:15:00,142.66,143.0,141.61,142.97,17203
2026-05-07 12:15:00,142.97,144.5,142.45,143.39,55786
2026-05-07 13:15:00,143.47,143.47,142.55,143.08,9661
2026-05-07 14:15:00,142.77,142.86,142.0,142.0,18020
2026-05-07 15:15:00,142.04,144.0,141.9,143.0,21018
2026-05-08 09:15:00,143.5,147.28,141.68,146.17,64537
2026-05-08 10:15:00,146.28,146.47,145.24,145.85,16186
2026-05-08 11:15:00,145.65,146.0,145.31,145.69,11428
2026-05-08 12:15:00,145.52,145.53,143.74,144.04,23368
2026-05-08 13:15:00,144.23,145.19,144.11,145.07,10871
2026-05-08 14:15:00,145.02,145.02,143.81,144.19,14487
2026-05-08 15:15:00,144.41,144.76,143.0,144.25,16029
2026-05-11 09:15:00,145.0,145.72,142.33,145.02,45463
2026-05-11 10:15:00,145.2,145.2,143.5,144.25,19607
2026-05-11 11:15:00,144.53,145.4,144.26,144.81,10938
2026-05-11 12:15:00,145.0,145.6,143.78,143.87,16567
2026-05-11 13:15:00,144.18,144.6,143.02,143.8,14680
2026-05-11 14:15:00,143.94,144.0,142.7,142.79,23861
2026-05-11 15:15:00,142.96,143.17,140.61,142.5,14945
2026-05-12 09:15:00,142.5,142.98,136.36,142.6,26935
2026-05-12 10:15:00,142.41,142.87,142.04,142.4,3895
2026-05-12 11:15:00,142.4,142.57,140.09,142.06,23305
2026-05-12 12:15:00,142.09,142.5,141.53,142.4,17053
2026-05-12 13:15:00,142.4,142.49,142.03,142.4,6531
2026-05-12 14:15:00,142.4,142.49,140.57,140.72,34383
2026-05-12 15:15:00,140.57,142.47,140.54,142.39,23502
2026-05-13 09:15:00,140.14,143.49,140.14,141.21,12345
2026-05-13 10:15:00,141.21,141.89,141.21,141.88,2201
2026-05-13 11:15:00,141.88,142.03,141.62,142.0,2880
2026-05-13 12:15:00,142.01,142.01,141.46,141.74,1567
2026-05-13 13:15:00,141.74,141.94,141.31,141.78,2133
2026-05-13 14:15:00,141.51,142.44,141.36,142.0,7142
2026-05-13 15:15:00,141.94,142.0,141.35,141.4,3053
2026-05-14 09:15:00,141.67,142.49,140.02,140.69,29116
2026-05-14 10:15:00,140.7,141.99,140.45,141.0,11435
2026-05-14 11:15:00,140.98,141.64,140.98,141.26,6075
2026-05-14 12:15:00,141.04,141.46,140.66,141.09,3565
2026-05-14 13:15:00,141.08,141.94,140.65,140.97,8360
2026-05-14 14:15:00,141.35,141.35,140.5,140.97,11481
2026-05-14 15:15:00,141.0,141.0,140.0,140.87,8323
2026-05-15 09:15:00,138.55,142.34,138.55,140.45,30549
2026-05-15 10:15:00,140.17,140.4,139.16,139.41,7572
2026-05-15 11:15:00,139.7,141.1,139.35,140.48,6765
2026-05-15 12:15:00,140.48,140.84,140.14,140.72,6642
2026-05-15 13:15:00,140.69,141.22,140.6,141.2,17950
2026-05-15 14:15:00,141.2,142.5,140.87,142.49,32131
2026-05-15 15:15:00,142.35,142.35,140.15,141.99,11479
2026-05-18 09:15:00,141.75,141.75,139.08,140.01,23769
2026-05-18 10:15:00,140.05,140.35,138.88,139.61,18525
2026-05-18 11:15:00,139.88,139.91,138.0,138.72,7322
2026-05-18 12:15:00,139.33,139.34,138.35,138.7,2694
2026-05-18 13:15:00,138.55,138.84,137.98,138.0,10132
2026-05-18 14:15:00,138.06,140.1,137.53,138.93,11816
2026-05-18 15:15:00,138.73,140.0,137.5,139.98,4151
2026-05-19 09:15:00,140.84,145.5,140.83,144.2,57412
2026-05-19 10:15:00,144.01,144.04,142.11,143.0,32665
2026-05-19 11:15:00,143.0,143.97,142.52,143.52,22617
2026-05-19 12:15:00,143.75,143.99,141.57,143.0,47994
2026-05-19 13:15:00,143.29,143.3,142.48,142.84,12044
2026-05-19 14:15:00,143.0,143.22,142.21,143.0,13915
2026-05-19 15:15:00,142.97,143.0,142.0,142.8,14827
2026-05-20 09:15:00,140.7,144.09,140.04,142.82,18229
2026-05-20 10:15:00,143.24,144.99,142.78,143.99,22456
2026-05-20 11:15:00,143.61,144.0,143.05,143.87,4377
2026-05-20 12:15:00,143.8,143.8,143.45,143.69,2171
2026-05-20 13:15:00,143.39,144.15,141.61,142.24,11420
2026-05-20 14:15:00,142.48,143.25,142.1,142.67,11245
2026-05-20 15:15:00,142.36,142.8,141.0,142.3,10520
2026-05-21 09:15:00,142.88,143.35,141.69,141.72,15607
2026-05-21 10:15:00,141.67,142.57,141.21,141.86,10078
2026-05-21 11:15:00,141.86,141.86,140.32,140.88,25158
2026-05-21 12:15:00,140.89,141.16,140.5,141.14,2812
2026-05-21 13:15:00,141.17,141.84,141.02,141.84,2578
2026-05-21 14:15:00,141.84,141.84,140.5,140.73,11109
2026-05-21 15:15:00,140.5,140.98,140.0,140.98,7737
2026-05-22 09:15:00,140.1,141.13,138.52,139.37,21499
2026-05-22 10:15:00,139.3,140.64,139.28,140.36,6137
2026-05-22 11:15:00,140.32,141.35,140.04,141.35,5746
2026-05-22 12:15:00,141.35,141.54,140.52,141.16,8353
2026-05-22 13:15:00,140.87,141.1,140.51,140.9,1677
2026-05-22 14:15:00,140.88,141.0,139.02,140.15,11813
2026-05-22 15:15:00,140.06,140.7,139.97,140.06,5209
2026-05-25 09:15:00,142.5,142.8,139.99,140.45,16293
2026-05-25 10:15:00,140.44,141.0,140.41,140.97,6728
2026-05-25 11:15:00,140.66,141.0,139.93,140.24,6506
2026-05-25 12:15:00,140.4,140.79,139.0,139.68,9757
2026-05-25 13:15:00,139.68,139.78,138.98,139.39,4742
2026-05-25 14:15:00,139.37,139.89,138.98,139.57,7852
2026-05-25 15:15:00,139.57,139.81,138.5,139.65,8352
2026-05-26 09:15:00,140.29,142.0,138.78,140.0,13488
2026-05-26 10:15:00,140.0,140.48,139.75,139.82,7285
2026-05-26 11:15:00,140.05,140.05,139.04,139.04,2746
2026-05-26 12:15:00,139.33,139.77,139.09,139.09,1477
2026-05-26 13:15:00,139.33,139.42,139.01,139.01,3462
2026-05-26 14:15:00,139.05,139.35,138.9,138.93,4615
2026-05-26 15:15:00,139.21,139.7,138.9,139.7,2325
2026-05-27 09:15:00,140.58,140.95,139.11,139.54,7845
2026-05-27 10:15:00,139.55,140.25,139.02,140.01,7307
2026-05-27 11:15:00,140.11,141.21,140.11,141.0,17019
2026-05-27 12:15:00,141.0,142.95,140.51,141.69,22583
2026-05-27 13:15:00,141.73,141.99,139.91,140.2,22075
2026-05-27 14:15:00,140.42,140.6,139.85,140.0,6406
2026-05-27 15:15:00,140.0,140.4,139.4,139.56,8472
2026-05-29 09:15:00,141.0,147.0,140.77,145.0,123623
2026-05-29 10:15:00,145.0,145.0,143.37,144.0,18722
2026-05-29 11:15:00,144.04,145.53,142.0,142.01,39520
2026-05-29 12:15:00,142.01,142.43,141.51,141.56,7193
2026-05-29 13:15:00,141.8,142.56,141.51,142.3,4239
2026-05-29 14:15:00,142.33,143.63,142.01,142.78,11756
2026-05-29 15:15:00,142.71,143.21,141.51,142.49,13816
2026-06-01 09:15:00,141.2,143.01,141.2,142.33,10355
2026-06-01 10:15:00,142.33,142.82,142.0,142.4,1441
2026-06-01 11:15:00,142.42,144.54,142.05,144.4,13487
2026-06-01 12:15:00,144.26,144.55,143.07,143.07,9233
2026-06-01 13:15:00,143.47,143.55,142.62,142.94,4697
2026-06-01 14:15:00,142.84,143.28,142.56,143.28,5295
2026-06-01 15:15:00,143.4,143.49,142.55,143.4,7106
2026-06-02 09:15:00,143.0,148.78,141.02,146.38,79816
2026-06-02 10:15:00,146.39,147.75,146.25,146.52,30825
2026-06-02 11:15:00,146.52,149.78,146.01,147.72,50615
2026-06-02 12:15:00,147.5,148.6,146.72,148.49,18815
2026-06-02 13:15:00,148.49,152.37,148.39,151.52,102971
2026-06-02 14:15:00,151.52,152.85,150.37,151.5,97981
2026-06-02 15:15:00,151.5,151.9,150.6,151.48,36392
2026-06-03 09:15:00,152.17,154.38,150.5,152.1,101233
2026-06-03 10:15:00,152.11,154.23,152.01,152.64,60476
2026-06-03 11:15:00,152.64,153.99,151.01,151.46,39214
2026-06-03 12:15:00,151.1,153.7,151.0,152.9,43033
2026-06-03 13:15:00,152.95,153.41,152.0,152.1,11602
2026-06-03 14:15:00,152.14,152.47,151.0,152.0,24337
2026-06-03 15:15:00,151.53,151.96,150.99,151.0,19081
2026-06-04 09:15:00,150.01,156.0,149.56,154.7,114630
2026-06-04 10:15:00,154.7,154.8,152.56,153.03,14740
2026-06-04 11:15:00,153.02,153.58,152.76,153.47,6552
2026-06-04 12:15:00,153.33,153.89,152.62,152.78,12734
2026-06-04 13:15:00,152.86,153.44,152.71,152.73,5940
2026-06-04 14:15:00,152.71,153.36,152.0,152.48,10808
2026-06-04 15:15:00,152.25,153.35,152.0,153.35,19005
2026-06-05 09:15:00,155.0,155.0,151.81,152.39,12240
2026-06-05 10:15:00,152.35,155.0,151.37,154.16,54936
2026-06-05 11:15:00,154.0,154.93,151.92,152.23,12428
2026-06-05 12:15:00,152.22,152.23,151.21,152.0,9668
2026-06-05 13:15:00,151.83,151.9,150.43,150.72,11568
2026-06-05 14:15:00,151.0,151.51,150.0,150.26,12091
2026-06-05 15:15:00,150.05,150.22,148.85,149.6,15642
2026-06-08 09:15:00,148.1,150.3,143.74,149.66,20806
2026-06-08 10:15:00,149.92,149.92,148.08,148.84,9467
2026-06-08 11:15:00,149.04,152.63,148.9,151.23,21824
2026-06-08 12:15:00,151.22,151.8,150.17,150.6,6886
2026-06-08 13:15:00,150.63,151.19,148.53,149.5,15161
2026-06-08 14:15:00,149.11,149.11,147.1,148.55,11496
2026-06-08 15:15:00,148.19,148.71,145.6,146.0,10169
2026-06-09 09:15:00,147.2,151.48,147.2,148.76,36627
2026-06-09 10:15:00,148.77,152.5,147.92,148.95,92062
2026-06-09 11:15:00,148.75,150.21,148.01,148.49,8909
2026-06-09 12:15:00,148.49,149.28,147.46,149.27,17798
2026-06-09 13:15:00,149.27,149.5,148.72,149.5,6882
2026-06-09 14:15:00,149.28,150.6,148.51,149.99,29018
2026-06-09 15:15:00,149.61,150.5,149.5,150.5,17621
2026-06-10 09:15:00,151.3,152.03,149.45,150.11,24487
2026-06-10 10:15:00,150.18,151.55,150.09,150.3,11535
2026-06-10 11:15:00,150.27,150.88,149.11,149.11,5844
2026-06-10 12:15:00,149.36,149.55,148.5,149.4,9830
2026-06-10 13:15:00,149.3,149.72,149.01,149.65,2964
2026-06-10 14:15:00,149.6,149.78,148.02,149.71,8867
2026-06-10 15:15:00,148.85,149.9,146.1,148.0,8145
2026-06-11 09:15:00,146.82,148.0,145.81,147.42,8829
2026-06-11 10:15:00,147.73,150.0,147.17,147.59,15873
2026-06-11 11:15:00,147.31,148.33,146.9,146.94,8100
2026-06-11 12:15:00,147.01,147.01,145.61,145.61,6480
2026-06-11 13:15:00,145.81,146.3,145.35,145.64,1963
2026-06-11 14:15:00,145.65,145.92,144.1,144.74,9689
2026-06-11 15:15:00,144.4,144.87,144.25,144.7,2351
2026-06-12 09:15:00,145.5,149.59,145.5,147.58,27003
2026-06-12 10:15:00,147.53,147.53,146.57,146.57,1571
2026-06-12 11:15:00,146.71,147.5,146.41,146.41,3735
2026-06-12 12:15:00,146.46,146.73,145.88,146.16,1133
2026-06-12 13:15:00,146.23,148.2,146.05,148.05,4577
2026-06-12 14:15:00,148.06,148.5,147.63,148.5,13463
2026-06-12 15:15:00,148.41,149.0,148.14,148.15,3613
2026-06-15 09:15:00,149.1,150.95,149.0,149.15,20969
2026-06-15 10:15:00,149.17,149.99,149.15,149.42,4517
2026-06-15 11:15:00,149.53,149.59,148.5,149.12,3528
2026-06-15 12:15:00,148.84,149.68,148.4,149.67,3010
2026-06-15 13:15:00,149.39,149.93,148.72,149.42,1815
2026-06-15 14:15:00,148.96,149.14,145.97,147.08,52814
2026-06-15 15:15:00,147.0,147.98,147.0,147.7,2662
2026-06-16 09:15:00,148.0,149.84,146.9,148.61,18783
2026-06-16 10:15:00,148.47,148.78,147.25,147.74,8694
2026-06-16 11:15:00,147.44,147.95,146.98,147.35,4721
2026-06-16 12:15:00,147.35,147.9,147.06,147.23,5224
2026-06-16 13:15:00,147.64,147.82,146.0,146.0,8559
2026-06-16 14:15:00,146.0,147.89,145.41,147.02,13567
2026-06-16 15:15:00,147.71,147.82,147.03,147.65,4558
2026-06-17 09:15:00,148.99,148.99,145.7,145.95,17221
2026-06-17 10:15:00,145.75,146.4,145.63,146.03,18414
2026-06-17 11:15:00,146.05,146.08,145.68,145.69,7280
2026-06-17 12:15:00,145.75,145.96,144.7,145.0,8635
2026-06-17 13:15:00,145.0,145.18,144.8,145.09,4188
2026-06-17 14:15:00,145.08,145.26,144.5,145.0,11457
2026-06-17 15:15:00,144.96,145.01,144.54,145.0,9665
2026-06-18 09:15:00,144.2,147.68,144.2,144.58,27736
2026-06-18 10:15:00,144.55,144.73,143.4,144.03,12017
2026-06-18 11:15:00,144.41,145.44,143.74,145.3,19303
2026-06-18 12:15:00,145.39,145.92,145.07,145.65,5715
2026-06-18 13:15:00,145.61,145.95,145.35,145.8,5168
2026-06-18 14:15:00,145.8,147.15,144.66,147.0,27620
2026-06-18 15:15:00,146.99,147.0,145.99,147.0,16720
2026-06-19 09:15:00,146.9,149.0,146.9,149.0,36312
2026-06-19 10:15:00,149.0,149.69,147.77,148.03,14715
2026-06-19 11:15:00,148.03,148.36,147.5,147.83,6683
2026-06-19 12:15:00,147.52,147.85,147.32,147.32,6510
2026-06-19 13:15:00,147.77,147.78,147.0,147.39,5081
2026-06-19 14:15:00,147.09,148.0,146.55,147.89,8279
2026-06-19 15:15:00,147.86,148.0,147.2,148.0,9446
2026-06-22 09:15:00,146.18,150.8,146.18,149.62,42712
2026-06-22 10:15:00,149.63,150.09,147.94,148.8,57521
2026-06-22 11:15:00,148.81,151.65,148.0,150.2,41601
2026-06-22 12:15:00,150.19,152.1,150.0,151.84,39491
2026-06-22 13:15:00,151.48,151.97,150.07,150.11,14791
2026-06-22 14:15:00,150.13,150.57,149.5,149.99,12780
2026-06-22 15:15:00,149.81,150.4,149.26,150.0,12007
2026-06-23 09:15:00,151.62,151.62,148.98,150.81,19964
2026-06-23 10:15:00,150.81,152.1,149.56,150.54,16589
2026-06-23 11:15:00,150.54,150.58,149.05,149.49,7854
2026-06-23 12:15:00,149.49,149.89,149.1,149.6,4166
2026-06-23 13:15:00,149.63,149.65,148.01,148.5,16348
2026-06-23 14:15:00,148.51,149.25,148.22,149.0,14154
2026-06-23 15:15:00,148.7,149.01,147.8,147.8,8844
2026-06-24 09:15:00,149.88,150.0,147.84,148.43,24802
2026-06-24 10:15:00,148.9,149.1,146.61,148.24,35727
2026-06-24 11:15:00,148.09,149.67,146.99,149.61,17493
2026-06-24 12:15:00,149.4,150.8,149.23,149.62,14375
2026-06-24 13:15:00,149.8,149.8,148.9,149.2,3160
2026-06-24 14:15:00,149.4,150.83,148.85,150.0,26595
2026-06-24 15:15:00,150.14,150.25,149.76,150.0,18651
2026-06-25 09:15:00,149.37,150.98,148.85,148.85,24396
2026-06-25 10:15:00,148.51,149.77,148.51,149.27,12103
2026-06-25 11:15:00,149.27,149.27,148.0,148.2,6039
2026-06-25 12:15:00,148.39,148.49,147.5,147.5,7460
2026-06-25 13:15:00,147.5,148.24,147.5,147.7,5511
2026-06-25 14:15:00,147.87,148.3,147.31,147.9,7869
2026-06-25 15:15:00,147.91,147.91,146.5,146.8,10761
2026-06-29 09:15:00,146.0,146.39,144.5,146.14,109100
2026-06-29 10:15:00,146.38,147.13,145.45,146.41,17282
2026-06-29 11:15:00,146.41,146.94,145.0,145.77,25724
2026-06-29 12:15:00,145.5,145.98,145.02,145.64,3860
2026-06-29 13:15:00,145.71,146.5,145.36,146.16,7631
2026-06-29 14:15:00,146.15,147.62,145.98,146.88,24699
2026-06-29 15:15:00,146.93,147.49,146.4,146.4,12545
2026-06-30 09:15:00,149.09,149.3,146.18,146.24,16039
2026-06-30 10:15:00,146.2,146.69,145.0,146.0,7723
2026-06-30 11:15:00,145.91,149.79,145.9,149.02,73694
2026-06-30 12:15:00,149.05,149.6,148.56,149.26,7482
2026-06-30 13:15:00,148.91,149.5,148.36,148.4,10311
2026-06-30 14:15:00,148.38,148.79,148.0,148.6,16447
2026-06-30 15:15:00,148.34,149.0,148.3,148.4,14885
2026-07-01 09:15:00,149.39,150.5,149.16,149.78,35958
2026-07-01 10:15:00,149.82,152.24,149.08,151.83,46090
2026-07-01 11:15:00,151.95,153.25,150.37,152.25,52011
2026-07-01 12:15:00,152.33,152.33,150.37,150.77,17092
2026-07-01 13:15:00,150.7,151.63,150.4,150.4,15952
2026-07-01 14:15:00,150.81,151.95,150.1,150.23,16550
2026-07-01 15:15:00,150.25,151.0,149.12,151.0,28629
2026-07-02 09:15:00,152.78,155.23,148.0,153.33,58725
2026-07-02 10:15:00,153.49,158.9,152.56,155.68,116262
2026-07-02 11:15:00,155.95,158.08,155.71,156.9,60825
2026-07-02 12:15:00,156.78,156.78,155.27,155.58,20591
2026-07-02 13:15:00,155.58,156.94,155.16,156.5,24725
2026-07-02 14:15:00,156.37,157.01,155.4,156.68,23462
2026-07-02 15:15:00,156.6,156.89,156.2,156.79,26660
2026-07-03 09:15:00,159.0,159.95,155.31,156.01,172979
2026-07-03 10:15:00,155.89,159.39,155.25,158.31,91389
2026-07-03 11:15:00,158.31,158.96,158.0,158.64,36372
2026-07-03 12:15:00,158.53,159.0,158.03,158.3,16716
2026-07-03 13:15:00,158.3,158.6,158.0,158.35,43570
2026-07-03 14:15:00,158.35,159.45,157.5,159.17,57757
2026-07-03 15:15:00,159.17,159.34,158.03,158.5,28112
2026-07-06 09:15:00,158.82,159.14,155.78,155.8,25093
2026-07-06 10:15:00,155.8,158.0,155.27,157.9,22730
2026-07-06 11:15:00,157.9,159.0,157.21,158.52,41205
2026-07-06 12:15:00,158.51,158.79,158.05,158.43,18500
2026-07-06 13:15:00,158.55,158.82,158.05,158.82,19152
2026-07-06 14:15:00,158.8,158.87,158.09,158.3,11415
2026-07-06 15:15:00,158.26,158.9,157.0,158.55,22753
2026-07-07 09:15:00,158.0,158.0,156.05,156.37,3842
2026-07-07 10:15:00,156.06,156.88,156.0,156.18,8402
2026-07-07 11:15:00,156.67,158.0,156.32,157.22,12411
2026-07-07 12:15:00,157.74,157.97,157.06,157.67,7470
2026-07-07 13:15:00,157.67,157.77,156.7,157.49,9228
2026-07-07 14:15:00,157.5,157.5,156.0,156.58,12393
2026-07-07 15:15:00,156.5,156.56,156.0,156.0,3602
2026-07-08 09:15:00,156.84,158.34,152.21,155.95,48342
2026-07-08 10:15:00,156.18,156.53,155.0,156.01,12485
2026-07-08 11:15:00,156.2,156.53,155.74,155.76,2736
2026-07-08 12:15:00,155.76,155.76,153.78,154.35,19356
2026-07-08 13:15:00,154.12,154.5,150.6,150.6,11387
2026-07-08 14:15:00,150.96,151.65,150.0,150.69,18595
2026-07-08 15:15:00,150.65,151.76,150.0,150.64,9900
2026-07-09 09:15:00,150.93,156.13,150.93,155.43,19766
2026-07-09 10:15:00,155.62,157.99,155.62,156.78,43748
2026-07-09 11:15:00,156.42,157.0,156.01,156.1,7063
2026-07-09 12:15:00,156.13,161.0,156.12,158.35,106364
2026-07-09 13:15:00,158.35,158.99,158.01,158.05,20309
2026-07-09 14:15:00,158.05,159.92,158.0,158.37,42537
2026-07-09 15:15:00,158.32,158.52,158.0,158.5,13589
2026-07-10 09:15:00,159.62,160.0,157.0,157.6,17493
2026-07-10 10:15:00,157.35,158.54,157.01,157.14,15264
2026-07-10 11:15:00,157.14,157.59,157.0,157.1,4243
2026-07-10 12:15:00,157.05,157.5,157.0,157.0,31179
2026-07-10 13:15:00,157.0,157.64,157.0,157.49,5984
2026-07-10 14:15:00,157.39,159.35,157.06,157.21,23019
2026-07-10 15:15:00,157.65,158.4,157.0,157.0,11659
2026-07-13 09:15:00,156.0,158.1,156.0,156.25,12872
2026-07-13 10:15:00,156.16,156.59,155.85,155.91,8947
2026-07-13 11:15:00,156.0,156.0,155.11,155.74,3508
2026-07-13 12:15:00,155.78,155.78,155.1,155.58,2277
2026-07-13 13:15:00,155.16,155.22,153.46,153.74,13948
2026-07-13 14:15:00,153.89,156.97,153.5,156.9,27242
2026-07-13 15:15:00,156.75,158.11,155.32,156.42,12286
2026-07-14 09:15:00,156.0,158.96,154.02,154.41,12770
2026-07-14 10:15:00,154.79,154.89,154.11,154.54,4410
2026-07-14 11:15:00,154.55,154.75,154.01,154.33,3213
2026-07-14 12:15:00,154.11,154.52,154.02,154.52,1573
2026-07-14 13:15:00,154.52,154.73,154.29,154.57,4007
2026-07-14 14:15:00,154.3,154.56,154.01,154.3,7734
2026-07-14 15:15:00,154.27,154.8,153.9,153.9,5154
2026-07-15 09:15:00,154.1,157.43,153.9,154.88,8448
2026-07-15 10:15:00,154.53,154.87,154.2,154.22,1714
2026-07-15 11:15:00,154.1,154.39,152.31,152.81,15888
2026-07-15 12:15:00,152.81,153.39,152.05,152.72,8789
2026-07-15 13:15:00,152.79,152.96,152.2,152.63,3626
2026-07-15 14:15:00,152.9,153.0,152.3,152.3,3945
2026-07-15 15:15:00,152.4,152.94,151.05,152.64,7643
2026-07-16 09:15:00,152.2,154.89,150.55,150.88,15624
2026-07-16 10:15:00,151.12,154.04,150.65,153.58,18083
2026-07-16 11:15:00,153.39,153.78,153.0,153.39,5303
2026-07-16 12:15:00,153.16,154.04,153.0,153.69,18590
2026-07-16 13:15:00,153.69,154.5,153.48,154.4,4229
2026-07-16 14:15:00,154.4,154.8,153.17,153.53,13115
2026-07-16 15:15:00,153.69,154.4,153.25,153.3,6118
2026-07-17 09:15:00,155.69,156.73,151.02,151.18,8475
2026-07-17 10:15:00,151.43,151.78,150.67,150.67,3068
2026-07-17 11:15:00,150.83,151.7,150.01,151.45,21248
2026-07-17 12:15:00,151.5,152.5,151.5,152.23,3146
2026-07-17 13:15:00,151.9,152.23,151.75,151.8,3935
2026-07-17 14:15:00,152.16,153.0,151.75,152.63,7667
2026-07-17 15:15:00,152.96,153.4,152.05,153.3,5222
2026-07-20 09:15:00,153.0,153.0,151.37,151.95,5750
2026-07-20 10:15:00,151.96,152.21,151.67,151.99,5637
2026-07-20 11:15:00,151.67,151.99,151.23,151.56,2347
2026-07-20 12:15:00,151.55,151.93,151.02,151.09,5564
2026-07-20 13:15:00,151.48,151.92,150.61,151.0,16738
2026-07-20 14:15:00,151.0,151.0,147.94,149.17,46462
2026-07-20 15:15:00,149.15,149.47,148.5,148.5,8618
2026-07-21 09:15:00,148.4,151.7,148.4,149.8,7115
2026-07-21 10:15:00,149.85,150.28,149.31,149.7,3958
2026-07-21 11:15:00,149.66,149.82,149.41,149.47,1038
2026-07-21 12:15:00,149.47,152.01,149.17,151.12,16122
2026-07-21 13:15:00,151.12,151.7,151.01,151.01,8611
2026-07-21 14:15:00,151.4,151.59,150.65,151.2,3531
2026-07-21 15:15:00,151.2,151.5,150.5,151.5,5344
2026-07-22 09:15:00,151.85,153.68,150.01,153.12,15704
2026-07-22 10:15:00,152.8,154.84,151.5,153.01,17113
2026-07-22 11:15:00,153.1,153.74,152.5,153.5,20880
2026-07-22 12:15:00,153.5,154.79,153.0,153.44,29773
2026-07-22 13:15:00,153.47,153.89,153.0,153.14,11682
2026-07-22 14:15:00,153.5,156.0,153.0,154.63,26453
2026-07-22 15:15:00,154.85,156.0,154.85,156.0,18004
2026-07-23 09:15:00,157.75,159.7,155.2,156.0,58267
2026-07-23 10:15:00,156.21,156.94,155.0,156.89,4871
2026-07-23 11:15:00,156.54,159.0,156.37,157.42,22710
2026-07-23 12:15:00,157.42,157.65,155.5,155.55,9300
2026-07-23 13:15:00,155.85,157.49,155.64,157.05,10814
2026-07-23 14:15:00,157.32,157.73,156.47,156.7,22971
2026-07-23 15:15:00,156.78,157.08,156.05,156.6,12330
2026-07-24 09:15:00,156.77,160.6,154.7,158.65,67857
2026-07-24 10:15:00,158.67,160.0,157.82,159.9,31818
2026-07-24 11:15:00,159.9,163.72,159.0,161.63,107223
2026-07-24 12:15:00,161.61,164.69,161.06,162.67,156852
2026-07-24 13:15:00,162.67,163.99,161.0,162.02,62395
2026-07-24 14:15:00,162.0,162.12,160.1,160.17,43707
2026-07-24 15:15:00,160.22,160.77,158.31,160.0,48355
2026-07-27 09:15:00,159.95,162.8,159.31,162.49,91582
2026-07-27 10:15:00,162.07,163.0,160.29,161.14,51953
2026-07-27 11:15:00,161.1,164.45,160.68,163.71,69546
2026-07-27 12:15:00,163.71,164.69,163.02,163.42,41444
2026-07-27 13:15:00,163.41,166.45,163.33,166.0,87195
2026-07-27 14:15:00,166.0,167.0,164.55,165.25,76581
2026-07-27 15:15:00,165.23,166.55,164.66,166.5,65468
2026-07-28 09:15:00,166.0,167.99,163.58,165.78,56774
2026-07-28 10:15:00,165.8,168.01,165.11,167.44,119574
2026-07-28 11:15:00,167.49,168.0,166.47,167.64,37159
2026-07-28 12:15:00,167.65,167.85,166.55,166.77,38218
2026-07-28 13:15:00,166.99,168.5,166.59,167.64,47956
2026-07-28 14:15:00,167.64,167.8,167.2,167.23,40863
2026-07-28 15:15:00,167.22,167.54,166.1,166.1,15923
2026-07-29 09:15:00,166.8,166.8,163.5,163.51,21386
2026-07-29 10:15:00,163.52,167.5,163.1,167.3,32632
2026-07-29 11:15:00,167.35,167.8,166.94,167.31,18440
2026-07-29 12:15:00,167.31,167.76,166.8,167.3,5160
2026-07-29 13:15:00,167.29,167.48,166.01,166.25,11355
2026-07-29 14:15:00,166.02,167.47,165.8,167.3,52117
2026-07-29 15:15:00,167.2,167.5,165.78,167.37,22346
2026-07-30 09:15:00,168.0,168.0,163.33,163.4,27000
2026-07-30 10:15:00,163.4,166.69,163.0,165.02,53315
2026-07-30 11:15:00,165.08,165.34,163.26,163.85,27087
2026-07-30 12:15:00,163.56,167.69,163.2,167.22,48456
2026-07-30 13:15:00,167.19,167.44,166.5,166.57,43869
2026-07-30 14:15:00,166.23,166.69,165.51,166.1,12788
2026-07-30 15:15:00,166.0,166.99,166.0,166.8,10845
2026-07-31 09:15:00,167.79,168.0,166.0,167.23,28335
2026-07-31 10:15:00,167.1,174.9,167.02,174.8,291075
2026-07-31 11:15:00,174.8,175.0,172.11,173.61,190356
2026-07-31 12:15:00,173.89,173.96,172.08,172.5,47996
2026-07-31 13:15:00,172.5,172.97,171.48,171.54,36785
2026-07-31 14:15:00,171.55,172.87,170.0,170.12,79288
2026-07-31 15:15:00,170.12,171.04,169.56,170.0,36673
2026-08-03 09:15:00,169.64,170.0,164.65,165.35,91472
2026-08-03 10:15:00,165.06,168.48,164.35,167.5,49455
2026-08-03 11:15:00,167.37,168.0,167.0,167.49,46703
2026-08-03 12:15:00,167.49,167.94,165.93,167.01,62031
2026-08-03 13:15:00,167.06,168.0,165.03,165.49,156470
2026-08-03 14:15:00,165.48,166.28,163.22,163.5,69666
2026-08-03 15:15:00,163.69,168.0,163.0,163.04,29768
2026-08-04 09:15:00,170.0,172.35,167.0,170.77,290925
2026-08-04 10:15:00,170.78,171.58,168.31,169.14,85824
2026-08-04 11:15:00,169.06,169.38,165.1,165.25,80208
2026-08-04 12:15:00,165.15,165.25,164.47,164.6,49678
2026-08-04 13:15:00,164.5,165.0,161.21,162.02,96479
2026-08-04 14:15:00,162.04,162.87,161.0,161.6,59517
2026-08-04 15:15:00,161.6,164.6,161.05,164.6,37636
2026-08-05 09:15:00,164.59,164.95,161.11,163.4,55144
2026-08-05 10:15:00,163.57,163.95,163.4,163.63,13791
2026-08-05 11:15:00,163.63,163.87,163.41,163.52,9794
2026-08-05 12:15:00,163.5,164.5,163.5,163.82,12979
2026-08-05 13:15:00,163.82,164.56,163.7,164.56,8580
2026-08-05 14:15:00,164.54,165.0,164.35,164.82,21925
2026-08-05 15:15:00,164.6,164.94,164.5,164.5,8078
2026-08-06 09:15:00,164.5,166.95,163.09,166.59,40537
2026-08-06 10:15:00,166.31,167.63,165.81,165.81,23431
2026-08-06 11:15:00,165.88,166.19,165.22,165.86,13824
2026-08-06 12:15:00,166.05,166.49,165.5,165.66,6849
2026-08-06 13:15:00,165.36,165.74,165.0,165.01,12167
2026-08-06 14:15:00,165.33,165.57,165.0,165.0,13405
2026-08-06 15:15:00,165.01,165.3,165.0,165.2,11086
2026-08-07 09:15:00,164.97999572753906,164.97999572753906,162.4499969482422,162.4499969482422,0
2026-08-07 10:15:00,162.38999938964844,162.8000030517578,162.13999938964844,162.7899932861328,7760
2026-08-07 11:15:00,162.8300018310547,162.88999938964844,161.52000427246094,162.39999389648438,21726
2026-08-07 12:15:00,162.27000427246094,162.82000732421875,162.0,162.44000244140625,7240
2026-08-07 13:15:00,162.42999267578125,162.55999755859375,161.89999389648438,161.89999389648438,31559
2026-08-07 14:15:00,162.0,163.0,158.5,159.89999389648438,56432
2026-08-07 15:15:00,159.97000122070312,160.0,157.47999572753906,159.44000244140625,36690
2026-08-10 09:15:00,159.44000244140625,159.4499969482422,157.61000061035156,159.14999389648438,0
2026-08-10 10:15:00,159.14999389648438,160.58999633789062,159.11000061035156,159.22999572753906,13209
2026-08-10 11:15:00,159.3000030517578,159.6199951171875,158.8000030517578,159.4499969482422,7397
2026-08-10 12:15:00,159.57000732421875,159.6199951171875,159.0,159.24000549316406,6348
2026-08-10 13:15:00,159.52999877929688,159.5800018310547,158.9199981689453,159.24000549316406,8201
2026-08-10 14:15:00,159.27000427246094,159.27000427246094,156.61000061035156,156.82000732421875,18273
2026-08-10 15:15:00,157.0,157.52999877929688,156.80999755859375,157.13999938964844,4184
2026-08-11 09:15:00,157.13999938964844,157.89999389648438,154.5399932861328,155.5,0
2026-08-11 10:15:00,155.30999755859375,157.66000366210938,155.25,157.24000549316406,28821
2026-08-11 11:15:00,157.32000732421875,160.5,157.30999755859375,160.5,21854
2026-08-11 12:15:00,160.41000366210938,160.41000366210938,158.50999450683594,158.7100067138672,16692
2026-08-11 13:15:00,158.86000061035156,159.88999938964844,158.52000427246094,159.38999938964844,8709
2026-08-11 14:15:00,159.3699951171875,162.0,159.00999450683594,160.24000549316406,27763
2026-08-11 15:15:00,160.85000610351562,161.99000549316406,160.3000030517578,160.50999450683594,7207
2026-08-12 09:15:00,160.94000244140625,160.94000244140625,156.82000732421875,157.0800018310547,0
2026-08-12 10:15:00,157.0,157.5,156.2100067138672,157.27000427246094,15867
2026-08-12 11:15:00,157.39999389648438,157.8800048828125,156.7899932861328,157.0,12769
2026-08-12 12:15:00,156.75,157.27999877929688,156.42999267578125,156.7100067138672,4134
2026-08-12 13:15:00,157.02999877929688,157.47999572753906,156.27999877929688,156.72000122070312,4607
2026-08-12 14:15:00,156.47000122070312,157.9199981689453,156.08999633789062,157.0,12149
2026-08-12 15:15:00,157.7899932861328,157.7899932861328,156.6999969482422,156.6999969482422,2997
2026-08-13 09:15:00,157.5,159.77999877929688,155.16000366210938,156.22999572753906,0
2026-08-13 10:15:00,156.47000122070312,157.33999633789062,154.7100067138672,155.25,30442
2026-08-13 11:15:00,155.25,158.63999938964844,155.16000366210938,158.63999938964844,14078
2026-08-13 12:15:00,158.38999938964844,158.83999633789062,157.2100067138672,157.86000061035156,14666
2026-08-13 13:15:00,157.57000732421875,158.25999450683594,156.33999633789062,156.74000549316406,20027
2026-08-13 14:15:00,156.3699951171875,156.7100067138672,155.10000610351562,155.9199981689453,50962
2026-08-13 15:15:00,155.9199981689453,155.9199981689453,154.0,154.97999572753906,31753
2026-08-14 09:15:00,156.0399932861328,156.82000732421875,154.0500030517578,154.47999572753906,0
2026-08-14 10:15:00,154.47000122070312,154.82000732421875,154.0500030517578,154.1699981689453,9028
2026-08-14 11:15:00,154.1699981689453,154.85000610351562,154.00999450683594,154.3300018310547,10452
2026-08-14 12:15:00,154.50999450683594,156.39999389648438,154.4199981689453,155.6300048828125,14389
2026-08-14 13:15:00,155.83999633789062,156.25,155.47000122070312,156.0,5558
2026-08-14 14:15:00,156.05999755859375,156.97999572753906,155.66000366210938,155.8800048828125,9743
2026-08-14 15:15:00,155.8300018310547,156.47999572753906,155.8000030517578,156.14999389648438,4130
2026-08-17 09:15:00,160.0,160.0,154.11000061035156,154.1300048828125,0
2026-08-17 10:15:00,154.13999938964844,155.0800018310547,154.0,154.3300018310547,11037
2026-08-17 11:15:00,154.0800018310547,154.08999633789062,153.1699981689453,153.22999572753906,13223
2026-08-17 12:15:00,153.25,153.67999267578125,152.75,152.91000366210938,17394
2026-08-17 13:15:00,153.2899932861328,153.61000061035156,152.25999450683594,152.57000732421875,21020
2026-08-17 14:15:00,152.55999755859375,153.77000427246094,152.5500030517578,153.77000427246094,16918
2026-08-17 15:15:00,153.0800018310547,153.7100067138672,152.5500030517578,153.32000732421875,3656
