Datetime,Open,High,Low,Close,Volume
2021-01-01 09:15:00,711.05,714.68,702.5,710.46,4542
2021-01-01 10:15:00,708.84,713.99,708.05,711.78,3054
2021-01-01 11:15:00,711.83,712.52,705.16,708.74,3982
2021-01-01 12:15:00,708.79,709.13,705.35,707.71,2831
2021-01-01 13:15:00,708.15,708.79,706.82,707.81,1494
2021-01-01 14:15:00,707.81,711.73,702.9,709.77,9423
2021-01-01 15:15:00,710.75,710.75,707.31,709.92,2476
2021-01-04 09:15:00,714.58,720.57,706.14,707.56,10636
2021-01-04 10:15:00,707.41,709.77,691.07,700.88,21339
2021-01-04 11:15:00,700.74,700.74,691.12,695.04,18783
2021-01-04 12:15:00,695.04,702.9,695.04,701.82,9256
2021-01-04 13:15:00,701.82,705.35,698.97,701.23,8603
2021-01-04 14:15:00,701.72,707.81,701.13,706.82,13221
2021-01-04 15:15:00,706.82,709.47,702.9,705.74,5767
2021-01-05 09:15:00,705.74,709.28,701.92,701.96,5276
2021-01-05 10:15:00,702.16,706.82,702.16,705.11,3304
2021-01-05 11:15:00,706.04,706.04,703.0,704.71,2940
2021-01-05 12:15:00,705.7,711.44,704.66,704.66,8439
2021-01-05 13:15:00,705.84,706.33,703.0,703.98,2961
2021-01-05 14:15:00,704.03,708.79,702.9,706.38,6879
2021-01-05 15:15:00,706.63,708.79,705.84,707.07,3339
2021-01-06 09:15:00,715.61,715.61,707.81,710.75,10678
2021-01-06 10:15:00,709.82,710.75,707.81,708.79,3611
2021-01-06 11:15:00,708.79,709.28,706.82,708.15,4989
2021-01-06 12:15:00,707.07,710.75,707.02,709.62,2933
2021-01-06 13:15:00,709.62,709.62,706.33,706.33,5253
2021-01-06 14:15:00,707.12,708.3,704.37,706.28,7844
2021-01-06 15:15:00,706.14,707.51,703.88,704.91,5152
2021-01-07 09:15:00,714.68,715.66,705.01,709.23,6900
2021-01-07 10:15:00,708.89,713.99,708.89,713.65,7823
2021-01-07 11:15:00,712.62,713.65,711.73,711.83,7060
2021-01-07 12:15:00,712.57,713.65,711.78,712.52,1024
2021-01-07 13:15:00,712.03,713.7,711.73,711.73,1753
2021-01-07 14:15:00,711.73,713.65,710.8,711.73,4020
2021-01-07 15:15:00,710.9,714.19,710.9,712.32,3376
2021-01-08 09:15:00,720.57,720.57,707.46,712.76,8465
2021-01-08 10:15:00,713.21,715.66,711.73,714.48,3331
2021-01-08 11:15:00,714.68,716.64,713.7,714.92,4831
2021-01-08 12:15:00,714.78,716.25,712.67,715.41,2195
2021-01-08 13:15:00,716.05,716.54,713.21,714.09,5413
2021-01-08 14:15:00,713.79,714.68,712.71,714.48,5064
2021-01-08 15:15:00,713.74,716.64,713.7,714.82,4123
2021-01-11 09:15:00,722.53,722.53,714.68,715.9,9030
2021-01-11 10:15:00,715.95,716.25,711.78,711.83,3782
2021-01-11 11:15:00,711.83,729.4,709.62,719.59,29300
2021-01-11 12:15:00,719.64,721.06,705.2,716.1,9966
2021-01-11 13:15:00,715.66,716.64,708.98,716.44,3360
2021-01-11 14:15:00,716.44,716.44,708.79,713.99,5838
2021-01-11 15:15:00,710.06,712.67,706.82,710.6,3913
2021-01-12 09:15:00,714.63,718.6,707.81,717.08,7842
2021-01-12 10:15:00,717.08,719.1,716.64,717.87,6264
2021-01-12 11:15:00,717.62,718.6,715.95,716.15,4388
2021-01-12 12:15:00,716.05,718.6,712.17,713.7,6629
2021-01-12 13:15:00,714.53,720.08,710.95,718.06,5379
2021-01-12 14:15:00,717.33,718.75,714.24,717.08,5528
2021-01-12 15:15:00,716.69,717.92,716.05,716.05,1288
2021-01-13 09:15:00,720.37,722.53,716.74,718.95,5315
2021-01-13 10:15:00,718.21,719.59,711.73,714.33,3916
2021-01-13 11:15:00,713.74,715.41,711.63,712.22,1470
2021-01-13 12:15:00,712.81,719.59,710.8,714.73,9071
2021-01-13 13:15:00,714.73,715.22,706.82,709.77,4563
2021-01-13 14:15:00,709.77,713.6,707.27,709.97,4384
2021-01-13 15:15:00,710.26,710.75,706.92,709.03,2334
2021-01-14 09:15:00,712.57,713.7,705.2,707.02,4606
2021-01-14 10:15:00,707.17,716.84,705.25,713.4,7539
2021-01-14 11:15:00,714.24,717.13,711.93,714.19,2185
2021-01-14 12:15:00,714.82,717.13,713.7,716.15,2258
2021-01-14 13:15:00,716.44,719.59,716.15,718.51,4654
2021-01-14 14:15:00,717.72,718.6,716.15,716.64,3758
2021-01-14 15:15:00,716.64,717.62,716.15,716.54,4129
2021-01-15 09:15:00,707.81,716.64,707.81,715.81,2110
2021-01-15 10:15:00,715.66,717.13,713.5,715.51,4503
2021-01-15 11:15:00,714.48,720.13,713.3,716.69,7165
2021-01-15 12:15:00,717.57,717.62,715.66,716.64,1411
2021-01-15 13:15:00,715.66,717.18,713.35,713.35,2483
2021-01-15 14:15:00,714.53,716.44,711.88,712.32,4253
2021-01-15 15:15:00,713.21,718.6,712.52,716.2,5010
2021-01-18 09:15:00,710.85,714.43,706.82,708.1,6300
2021-01-18 10:15:00,707.31,718.6,704.86,711.73,9465
2021-01-18 11:15:00,710.46,712.62,707.66,708.35,2248
2021-01-18 12:15:00,708.35,710.31,707.51,709.28,1425
2021-01-18 13:15:00,709.28,713.3,708.44,710.6,2291
2021-01-18 14:15:00,710.75,711.73,707.81,708.79,3818
2021-01-18 15:15:00,708.79,711.54,706.82,708.93,3227
2021-01-19 09:15:00,715.32,717.97,709.03,714.43,7553
2021-01-19 10:15:00,714.28,725.48,713.7,716.69,13837
2021-01-19 11:15:00,718.21,721.5,716.05,719.98,15585
2021-01-19 12:15:00,697.01,715.36,692.1,711.44,21511
2021-01-19 13:15:00,711.73,762.78,711.09,757.82,580048
2021-01-19 14:15:00,757.82,757.82,736.28,738.63,172077
2021-01-19 15:15:00,738.58,744.13,736.28,741.18,32600
2021-01-20 09:15:00,762.39,765.73,742.95,757.09,112979
2021-01-20 10:15:00,757.77,760.52,750.85,755.96,20823
2021-01-20 11:15:00,756.74,760.62,751.98,759.34,20783
2021-01-20 12:15:00,759.3,765.73,754.73,759.84,47842
2021-01-20 13:15:00,759.84,775.2,757.63,767.3,90124
2021-01-20 14:15:00,766.71,769.36,757.97,761.55,50838
2021-01-20 15:15:00,761.31,764.65,759.98,761.36,15101
2021-01-21 09:15:00,762.29,775.25,762.29,770.63,47483
2021-01-21 10:15:00,770.24,772.84,769.6,771.62,18703
2021-01-21 11:15:00,771.27,772.99,769.7,771.13,14668
2021-01-21 12:15:00,770.63,772.06,747.42,753.75,29078
2021-01-21 13:15:00,753.9,755.91,743.59,744.18,10986
2021-01-21 14:15:00,742.31,749.43,724.54,726.65,24053
2021-01-21 15:15:00,727.73,736.28,724.64,728.18,13104
2021-01-22 09:15:00,745.75,745.75,728.42,738.29,12676
2021-01-22 10:15:00,738.63,739.42,733.48,733.48,5643
2021-01-22 11:15:00,731.71,736.77,728.62,734.07,9611
2021-01-22 12:15:00,732.84,735.49,730.19,730.19,3804
2021-01-22 13:15:00,730.34,734.26,726.46,729.26,5685
2021-01-22 14:15:00,729.26,733.82,726.46,726.95,6651
2021-01-22 15:15:00,727.88,733.33,727.19,728.52,3975
2021-01-25 09:15:00,728.42,734.7,689.2,710.21,16985
2021-01-25 10:15:00,710.95,721.5,707.85,721.11,5779
2021-01-25 11:15:00,721.11,721.11,712.08,713.11,4124
2021-01-25 12:15:00,714.38,719.54,712.08,718.75,2355
2021-01-25 13:15:00,716.69,718.36,709.77,713.7,4851
2021-01-25 14:15:00,713.79,715.12,709.77,712.71,2919
2021-01-25 15:15:00,712.86,715.12,712.71,713.35,3117
2021-01-27 09:15:00,713.35,715.22,695.04,701.42,10298
2021-01-27 10:15:00,701.42,703.39,698.97,702.85,3005
2021-01-27 11:15:00,701.62,703.09,697.3,698.97,3211
2021-01-27 12:15:00,697.01,701.92,696.03,700.54,3800
2021-01-27 13:15:00,700.54,702.36,694.06,696.03,4975
2021-01-27 14:15:00,696.91,701.92,692.1,693.47,14624
2021-01-27 15:15:00,694.26,698.97,692.1,694.16,7152
2021-01-28 09:15:00,687.19,691.31,673.54,684.24,10587
2021-01-28 10:15:00,684.24,690.97,681.3,689.15,4393
2021-01-28 11:15:00,688.66,691.12,685.47,687.68,2908
2021-01-28 12:15:00,689.01,690.14,683.26,690.14,3886
2021-01-28 13:15:00,690.14,691.12,688.17,689.99,2202
2021-01-28 14:15:00,690.04,691.41,688.17,688.96,4344
2021-01-28 15:15:00,689.2,697.99,688.17,690.23,4406
2021-01-29 09:15:00,692.59,705.6,690.63,690.63,5573
2021-01-29 10:15:00,691.9,694.16,688.17,691.12,2053
2021-01-29 11:15:00,691.02,691.95,685.23,689.3,5466
2021-01-29 12:15:00,687.39,689.3,685.82,687.34,2074
2021-01-29 13:15:00,687.19,688.17,682.28,683.95,3840
2021-01-29 14:15:00,684.59,688.56,679.34,681.4,6425
2021-01-29 15:15:00,681.69,692.1,680.42,683.17,3958
2021-02-01 09:15:00,686.6,696.96,683.26,688.17,4463
2021-02-01 10:15:00,689.1,695.04,688.17,694.01,1741
2021-02-01 11:15:00,692.74,697.01,689.64,694.11,2431
2021-02-01 12:15:00,693.91,697.01,690.18,693.77,2389
2021-02-01 13:15:00,693.23,697.01,689.2,694.85,4180
2021-02-01 14:15:00,695.49,705.01,693.18,704.71,8049
2021-02-01 15:15:00,703.49,708.79,701.92,703.09,2778
2021-02-02 09:15:00,704.27,714.58,704.27,707.17,5434
2021-02-02 10:15:00,707.95,713.06,707.02,711.49,4215
2021-02-02 11:15:00,711.68,712.71,710.06,710.75,1692
2021-02-02 12:15:00,710.75,712.52,706.82,710.65,2881
2021-02-02 13:15:00,710.65,710.75,703.88,707.31,3296
2021-02-02 14:15:00,708.69,708.79,693.33,701.03,3518
2021-02-02 15:15:00,698.72,703.19,693.28,699.02,1924
2021-02-03 09:15:00,699.02,710.01,692.1,699.85,6814
2021-02-03 10:15:00,704.08,704.42,700.93,702.9,929
2021-02-03 11:15:00,702.95,703.34,699.85,700.69,1920
2021-02-03 12:15:00,701.62,704.57,699.9,700.93,1337
2021-02-03 13:15:00,701.92,701.92,699.22,699.22,2077
2021-02-03 14:15:00,699.46,705.16,693.23,702.06,4208
2021-02-03 15:15:00,703.0,709.77,702.01,704.66,3179
2021-02-04 09:15:00,707.81,734.31,701.72,709.77,4865
2021-02-04 10:15:00,709.77,711.73,708.84,709.82,1216
2021-02-04 11:15:00,710.75,711.73,709.77,710.26,1456
2021-02-04 12:15:00,711.24,711.24,708.98,709.57,781
2021-02-04 13:15:00,709.57,711.09,702.41,710.31,2538
2021-02-04 14:15:00,710.31,715.66,708.49,713.7,3337
2021-02-04 15:15:00,713.7,714.68,711.24,712.67,4605
2021-02-05 09:15:00,704.86,714.58,704.86,713.11,11292
2021-02-05 10:15:00,713.11,715.66,707.81,709.77,3392
2021-02-05 11:15:00,708.84,710.65,707.27,710.51,717
2021-02-05 12:15:00,710.51,711.73,708.2,709.47,1891
2021-02-05 13:15:00,710.21,711.73,706.09,710.21,4916
2021-02-05 14:15:00,708.93,714.14,702.41,713.16,16095
2021-02-05 15:15:00,712.08,714.33,708.98,709.18,2805
2021-02-08 09:15:00,714.19,724.25,705.99,719.49,8563
2021-02-08 10:15:00,720.03,720.03,715.17,717.97,3070
2021-02-08 11:15:00,716.64,719.59,715.17,718.51,3125
2021-02-08 12:15:00,718.56,718.56,716.59,716.64,2391
2021-02-08 13:15:00,716.64,716.94,715.27,716.64,4600
2021-02-08 14:15:00,716.64,717.67,712.22,713.94,8537
2021-02-08 15:15:00,713.84,720.57,712.86,715.32,2573
2021-02-09 09:15:00,718.85,719.54,710.55,715.17,5015
2021-02-09 10:15:00,714.19,715.86,711.05,711.44,2709
2021-02-09 11:15:00,711.93,713.55,710.41,713.4,7389
2021-02-09 12:15:00,713.5,714.04,711.73,711.78,5410
2021-02-09 13:15:00,712.71,713.7,710.51,713.35,5516
2021-02-09 14:15:00,712.27,713.6,709.82,712.57,6822
2021-02-09 15:15:00,711.78,714.82,709.52,712.57,3569
2021-02-10 09:15:00,707.85,719.59,707.85,717.23,5298
2021-02-10 10:15:00,716.79,718.11,709.77,715.76,4995
2021-02-10 11:15:00,715.76,716.64,712.76,715.9,823
2021-02-10 12:15:00,715.22,717.43,712.37,715.27,5978
2021-02-10 13:15:00,713.94,716.64,713.4,713.7,1864
2021-02-10 14:15:00,714.24,716.64,711.98,713.84,3909
2021-02-10 15:15:00,713.84,714.97,712.76,714.48,544
2021-02-11 09:15:00,711.73,715.56,702.16,709.62,5082
2021-02-11 10:15:00,709.03,710.75,707.85,708.39,1240
2021-02-11 11:15:00,708.79,709.97,708.3,709.82,536
2021-02-11 12:15:00,709.03,712.71,707.85,711.09,3598
2021-02-11 13:15:00,709.23,712.67,708.35,711.73,5956
2021-02-11 14:15:00,711.73,711.73,682.28,697.5,18766
2021-02-11 15:15:00,697.74,700.25,694.06,696.86,4767
2021-02-12 09:15:00,701.92,721.55,699.46,703.83,13385
2021-02-12 10:15:00,703.83,708.74,703.34,704.86,1117
2021-02-12 11:15:00,704.37,707.81,703.63,706.82,1456
2021-02-12 12:15:00,705.55,707.22,704.32,707.07,1752
2021-02-12 13:15:00,707.07,707.81,705.11,706.82,3759
2021-02-12 14:15:00,707.02,707.07,700.93,701.92,5753
2021-02-12 15:15:00,701.92,706.14,699.95,701.87,4019
2021-02-15 09:15:00,705.4,708.69,699.56,700.93,4747
2021-02-15 10:15:00,700.93,701.92,700.0,700.0,1956
2021-02-15 11:15:00,700.44,701.82,698.28,699.41,2168
2021-02-15 12:15:00,699.61,699.95,698.04,699.85,1598
2021-02-15 13:15:00,698.97,699.61,697.5,697.79,2746
2021-02-15 14:15:00,697.79,701.47,697.01,700.15,4523
2021-02-15 15:15:00,699.85,701.52,698.43,699.46,1534
2021-02-16 09:15:00,699.02,702.41,697.5,699.8,3159
2021-02-16 10:15:00,699.76,700.93,693.13,698.43,3397
2021-02-16 11:15:00,697.99,698.14,693.13,697.35,2264
2021-02-16 12:15:00,697.5,697.55,695.98,696.03,1290
2021-02-16 13:15:00,696.03,697.99,695.49,697.5,941
2021-02-16 14:15:00,697.06,697.94,694.16,695.58,2935
2021-02-16 15:15:00,696.03,697.99,695.04,697.99,1667
2021-02-17 09:15:00,699.17,700.93,694.55,697.99,3571
2021-02-17 10:15:00,698.92,701.87,697.99,700.15,1466
2021-02-17 11:15:00,700.79,701.92,697.89,700.93,1745
2021-02-17 12:15:00,700.93,706.38,693.08,694.06,7392
2021-02-17 13:15:00,694.45,698.87,691.17,697.35,4339
2021-02-17 14:15:00,696.66,697.01,693.13,694.11,2130
2021-02-17 15:15:00,695.04,695.04,693.23,694.9,1315
2021-02-18 09:15:00,697.99,703.88,697.45,700.84,7756
2021-02-18 10:15:00,700.39,702.9,698.97,701.82,3556
2021-02-18 11:15:00,701.92,704.08,701.92,702.26,5198
2021-02-18 12:15:00,702.95,703.88,700.93,701.33,1785
2021-02-18 13:15:00,700.93,734.21,698.58,720.13,67687
2021-02-18 14:15:00,719.1,726.41,717.13,721.35,23757
2021-02-18 15:15:00,721.55,725.48,700.59,704.76,18029
2021-02-19 09:15:00,706.73,708.79,702.06,707.66,6356
2021-02-19 10:15:00,707.02,712.32,706.53,708.59,3854
2021-02-19 11:15:00,708.54,712.71,707.02,709.97,2550
2021-02-19 12:15:00,710.7,710.7,704.86,705.01,2449
2021-02-19 13:15:00,705.01,706.82,693.96,694.06,9958
2021-02-19 14:15:00,694.11,706.09,694.11,705.84,5421
2021-02-19 15:15:00,705.84,706.73,701.82,703.83,3351
2021-02-22 09:15:00,702.7,707.36,694.06,698.38,6140
2021-02-22 10:15:00,699.31,699.31,696.03,697.25,1681
2021-02-22 11:15:00,696.03,700.44,695.09,697.65,2191
2021-02-22 12:15:00,697.01,697.01,695.04,696.81,609
2021-02-22 13:15:00,695.93,700.1,694.55,695.04,1372
2021-02-22 14:15:00,695.39,702.9,695.39,699.02,4654
2021-02-22 15:15:00,699.02,701.92,698.97,699.66,2239
2021-02-23 09:15:00,698.68,701.42,692.64,697.6,4975
2021-02-23 10:15:00,698.23,700.88,694.06,694.95,3585
2021-02-23 11:15:00,695.34,700.79,694.06,695.68,4753
2021-02-23 12:15:00,695.73,695.93,694.06,694.11,1089
2021-02-23 13:15:00,695.09,695.44,693.33,693.33,2396
2021-02-23 14:15:00,693.23,693.28,691.12,692.98,2172
2021-02-23 15:15:00,693.42,693.42,687.19,689.25,2986
2021-02-24 09:15:00,712.86,728.81,710.85,712.27,47966
2021-02-24 10:15:00,712.62,714.68,706.82,709.82,9496
2021-02-24 11:15:00,710.75,710.75,705.84,706.04,2506
2021-02-24 15:15:00,687.29,711.78,687.19,708.2,4980
2021-02-24 16:15:00,705.4,712.08,698.97,702.9,5410
2021-02-25 09:15:00,708.1,711.34,701.92,703.29,4784
2021-02-25 10:15:00,703.73,705.89,702.95,704.12,1547
2021-02-25 11:15:00,704.12,704.81,701.87,702.9,1981
2021-02-25 12:15:00,702.7,705.84,701.96,704.27,2978
2021-02-25 13:15:00,704.08,704.27,701.92,703.29,1644
2021-02-25 14:15:00,703.29,703.44,700.93,702.26,1467
2021-02-25 15:15:00,701.23,703.39,696.66,703.39,5187
2021-02-26 09:15:00,726.16,726.16,704.66,715.51,48164
2021-02-26 10:15:00,714.24,715.66,708.79,710.9,12289
2021-02-26 11:15:00,709.72,711.19,697.4,704.08,9564
2021-02-26 12:15:00,703.04,708.49,701.77,706.09,4464
2021-02-26 13:15:00,704.91,707.81,701.92,703.98,3646
2021-02-26 14:15:00,703.34,710.75,702.95,707.46,5848
2021-02-26 15:15:00,707.46,709.23,692.59,696.03,6464
2021-03-01 09:15:00,705.79,709.67,702.95,704.57,5921
2021-03-01 10:15:00,704.57,705.99,702.9,705.06,1728
2021-03-01 11:15:00,704.08,705.89,702.9,703.88,1892
2021-03-01 12:15:00,703.88,703.88,698.97,701.87,1795
2021-03-01 13:15:00,700.79,700.79,694.99,699.95,1853
2021-03-01 14:15:00,699.02,701.87,693.37,698.72,7608
2021-03-01 15:15:00,698.72,715.66,698.72,706.14,12050
2021-03-02 09:15:00,709.87,709.87,699.95,702.9,2600
2021-03-02 10:15:00,702.9,704.86,695.98,701.82,6536
2021-03-02 11:15:00,701.38,704.86,699.02,700.54,2087
2021-03-02 12:15:00,700.93,712.57,700.93,706.82,9222
2021-03-02 13:15:00,705.3,708.3,701.92,703.78,1352
2021-03-02 14:15:00,703.78,706.82,703.19,706.19,3813
2021-03-02 15:15:00,706.33,708.3,704.96,705.74,2537
2021-03-03 09:15:00,709.28,711.59,697.01,704.86,2902
2021-03-03 10:15:00,705.89,710.75,704.86,707.27,4383
2021-03-03 11:15:00,706.28,716.35,706.28,711.0,6022
2021-03-03 12:15:00,709.67,716.35,709.28,713.16,5878
2021-03-03 13:15:00,713.16,728.42,712.27,715.17,13345
2021-03-03 14:15:00,714.38,722.33,713.7,716.64,5647
2021-03-03 15:15:00,716.98,719.54,712.13,715.81,4502
2021-03-04 09:15:00,709.28,750.02,708.84,747.07,34394
2021-03-04 10:15:00,746.09,748.2,736.28,744.13,33117
2021-03-04 11:15:00,744.13,744.62,737.26,740.59,6585
2021-03-04 12:15:00,740.2,741.28,737.31,739.76,4502
2021-03-04 13:15:00,739.76,740.74,737.26,738.24,2927
2021-03-04 14:15:00,738.24,739.17,731.46,736.77,5427
2021-03-04 15:15:00,737.26,746.09,733.58,737.31,3382
2021-03-05 09:15:00,743.0,765.73,731.86,736.28,19771
2021-03-05 10:15:00,736.28,751.0,732.35,746.19,14801
2021-03-05 11:15:00,746.14,747.37,737.26,739.22,3428
2021-03-05 12:15:00,737.5,739.22,737.45,739.07,687
2021-03-05 13:15:00,739.07,742.85,737.94,741.82,3548
2021-03-05 14:15:00,742.46,743.15,739.12,740.94,4624
2021-03-05 15:15:00,741.77,751.0,740.79,745.45,8088
2021-03-08 09:15:00,749.33,754.93,743.1,751.05,12117
2021-03-08 10:15:00,752.08,755.91,751.0,751.88,10740
2021-03-08 11:15:00,751.49,752.18,744.62,749.04,7009
2021-03-08 12:15:00,750.02,763.76,749.04,752.28,21952
2021-03-08 13:15:00,751.69,751.69,746.09,746.19,4873
2021-03-08 14:15:00,747.37,760.82,746.09,746.14,10747
2021-03-08 15:15:00,746.14,754.63,746.14,749.87,4978
2021-03-09 09:15:00,753.65,759.88,748.06,756.06,5998
2021-03-09 10:15:00,755.91,757.48,755.91,755.91,3622
2021-03-09 11:15:00,755.91,762.78,755.91,760.82,7346
2021-03-09 12:15:00,760.67,764.74,756.2,757.87,8276
2021-03-09 13:15:00,757.87,759.54,755.91,756.4,5724
2021-03-09 14:15:00,756.4,757.53,736.28,739.81,10017
2021-03-09 15:15:00,739.81,742.66,737.45,740.35,2161
2021-03-10 09:15:00,740.2,758.76,740.2,754.88,12311
2021-03-10 10:15:00,754.93,760.82,751.0,759.84,9306
2021-03-10 11:15:00,758.85,763.76,755.42,759.34,7815
2021-03-10 12:15:00,758.46,760.18,755.91,756.06,2488
2021-03-10 13:15:00,757.82,757.82,750.9,751.64,1665
2021-03-10 14:15:00,751.69,758.85,751.69,757.43,6460
2021-03-10 15:15:00,758.76,760.82,756.94,758.31,4144
2021-03-12 09:15:00,762.29,787.52,758.36,778.49,40639
2021-03-12 10:15:00,777.51,780.45,767.69,771.08,15180
2021-03-12 11:15:00,771.08,774.81,768.72,769.11,2780
2021-03-12 12:15:00,770.59,789.24,768.67,779.37,58856
2021-03-12 13:15:00,780.16,780.16,760.92,767.3,26915
2021-03-12 14:15:00,767.3,776.72,760.42,773.58,18847
2021-03-12 15:15:00,771.96,775.54,770.63,772.3,6319
2021-03-15 09:15:00,771.62,775.64,749.28,751.25,14790
2021-03-15 10:15:00,750.61,755.42,747.07,749.38,9331
2021-03-15 11:15:00,749.38,753.6,747.07,750.07,4419
2021-03-15 12:15:00,750.02,760.67,747.22,753.65,6079
2021-03-15 13:15:00,753.16,760.72,746.09,755.37,5677
2021-03-15 14:15:00,755.12,759.84,751.05,756.6,4365
2021-03-15 15:15:00,757.38,760.82,751.0,757.92,4265
2021-03-16 09:15:00,751.1,760.62,751.1,757.87,3025
2021-03-16 10:15:00,758.36,759.44,751.0,754.58,3366
2021-03-16 11:15:00,754.58,754.78,747.56,748.64,3140
2021-03-16 12:15:00,748.69,754.93,747.07,750.22,3421
2021-03-16 13:15:00,750.02,752.96,747.07,749.77,1817
2021-03-16 14:15:00,748.35,751.93,747.17,748.2,2175
2021-03-16 15:15:00,747.17,748.06,742.17,746.63,2883
2021-03-17 09:15:00,740.2,749.97,736.28,736.72,2384
2021-03-17 10:15:00,736.28,738.24,733.72,735.1,1418
2021-03-17 11:15:00,735.15,736.23,732.4,732.4,1150
2021-03-17 12:15:00,732.35,732.35,727.44,729.26,1481
2021-03-17 13:15:00,729.26,732.35,728.42,728.57,1043
2021-03-17 14:15:00,727.78,729.84,721.55,724.64,4895
2021-03-17 15:15:00,723.51,729.21,723.41,724.2,1819
2021-03-18 09:15:00,727.78,731.37,717.62,720.57,5120
2021-03-18 10:15:00,719.78,721.55,716.64,716.64,3140
2021-03-18 11:15:00,717.62,724.1,716.64,721.25,4208
2021-03-18 12:15:00,720.72,730.58,720.72,726.51,8108
2021-03-18 13:15:00,726.51,729.4,724.54,726.46,2879
2021-03-18 14:15:00,726.46,728.32,722.04,728.32,3671
2021-03-18 15:15:00,727.54,731.71,722.68,727.44,2893
2021-03-19 09:15:00,727.34,727.34,707.51,716.64,7848
2021-03-19 10:15:00,716.64,725.43,711.78,723.56,2547
2021-03-19 11:15:00,724.84,725.87,711.83,711.83,3774
2021-03-19 12:15:00,712.71,724.4,710.75,722.78,1995
2021-03-19 13:15:00,722.73,725.08,720.91,724.79,1559
2021-03-19 14:15:00,724.45,735.59,721.55,734.26,3332
2021-03-19 15:15:00,734.26,736.03,721.55,730.38,1182
2021-03-22 09:15:00,724.0,730.34,717.23,723.37,3451
2021-03-22 10:15:00,724.3,724.3,717.28,720.18,607
2021-03-22 11:15:00,719.93,721.45,718.51,721.45,837
2021-03-22 12:15:00,719.73,720.91,718.6,718.6,354
2021-03-22 13:15:00,719.59,719.64,716.35,718.31,898
2021-03-22 14:15:00,718.31,720.57,712.22,714.68,1848
2021-03-22 15:15:00,714.68,718.21,711.73,714.28,3483
2021-03-23 09:15:00,714.28,738.97,711.78,725.18,13922
2021-03-23 10:15:00,725.48,731.37,724.69,729.4,1016
2021-03-23 11:15:00,728.72,730.19,727.64,727.64,1084
2021-03-23 12:15:00,728.86,729.5,726.51,727.98,1255
2021-03-23 13:15:00,727.98,730.34,721.55,726.36,1337
2021-03-23 14:15:00,726.41,728.81,721.55,724.54,2610
2021-03-23 15:15:00,724.54,732.05,724.54,728.37,2655
2021-03-24 09:15:00,731.86,731.86,724.05,728.91,1826
2021-03-24 10:15:00,728.62,735.88,721.01,724.49,5215
2021-03-24 11:15:00,723.07,724.05,720.52,720.62,465
2021-03-24 12:15:00,720.67,723.07,720.67,722.48,507
2021-03-24 13:15:00,722.53,722.53,716.64,717.62,2166
2021-03-24 14:15:00,717.62,721.16,714.68,716.98,2180
2021-03-24 15:15:00,716.79,718.6,713.89,716.59,1001
2021-03-25 09:15:00,716.59,721.55,701.92,706.82,4574
2021-03-25 10:15:00,706.97,712.86,706.82,711.24,1570
2021-03-25 11:15:00,711.34,714.68,711.24,711.73,637
2021-03-25 12:15:00,712.03,712.71,704.52,706.82,1332
2021-03-25 13:15:00,704.86,711.59,702.9,711.59,664
2021-03-25 14:15:00,711.63,711.63,706.82,709.33,1410
2021-03-25 15:15:00,709.72,709.77,704.96,708.2,1396
2021-03-26 09:15:00,703.93,713.25,703.93,712.57,2694
2021-03-26 10:15:00,712.71,735.24,711.49,723.17,59106
2021-03-26 11:15:00,721.55,723.46,712.08,716.44,9100
2021-03-26 12:15:00,714.38,715.27,707.95,712.67,2215
2021-03-26 13:15:00,712.67,715.12,709.77,712.03,1478
2021-03-26 14:15:00,709.82,712.67,708.2,708.79,2490
2021-03-26 15:15:00,710.21,710.51,699.46,704.37,3985
2021-03-30 09:15:00,714.58,714.58,704.42,713.11,6536
2021-03-30 10:15:00,712.91,716.44,711.73,713.99,1552
2021-03-30 11:15:00,715.07,715.07,709.72,709.72,1279
2021-03-30 12:15:00,709.33,714.33,707.02,708.05,1342
2021-03-30 13:15:00,709.77,716.2,704.86,712.76,3019
2021-03-30 14:15:00,711.88,715.17,702.21,705.79,3243
2021-03-30 15:15:00,705.79,711.24,705.79,705.84,2007
2021-03-31 09:15:00,706.14,709.87,702.9,706.92,3460
2021-03-31 10:15:00,705.79,708.44,704.17,704.32,1168
2021-03-31 11:15:00,705.89,708.39,704.37,708.39,970
2021-03-31 12:15:00,707.85,718.6,706.43,706.43,2950
2021-03-31 13:15:00,707.17,714.68,706.82,708.64,1782
2021-03-31 14:15:00,706.53,713.79,706.33,711.63,3345
2021-03-31 15:15:00,711.63,713.7,707.81,712.71,2252
2021-04-01 09:15:00,715.17,729.75,712.32,727.78,5042
2021-04-01 10:15:00,726.11,734.8,726.11,727.44,5579
2021-04-01 11:15:00,727.44,730.09,725.53,727.44,2261
2021-04-01 12:15:00,726.46,729.4,726.16,727.24,2332
2021-04-01 13:15:00,728.42,731.37,726.11,731.37,4047
2021-04-01 14:15:00,731.37,731.37,726.46,728.42,3343
2021-04-01 15:15:00,729.89,730.38,726.46,726.51,1067
2021-04-05 09:15:00,721.84,730.38,714.48,716.64,6077
2021-04-05 10:15:00,716.44,720.42,714.68,715.9,1308
2021-04-05 11:15:00,714.68,720.42,711.73,717.48,2592
2021-04-05 12:15:00,715.81,718.6,715.81,716.59,582
2021-04-05 13:15:00,715.12,716.05,713.7,715.17,20279
2021-04-05 14:15:00,715.61,723.51,713.7,723.37,2750
2021-04-05 15:15:00,723.37,734.31,718.21,724.64,2100
2021-04-06 09:15:00,729.7,743.2,727.83,739.27,6425
2021-04-06 10:15:00,738.78,741.18,731.37,740.4,2310
2021-04-06 11:15:00,741.18,750.95,739.27,750.22,5351
2021-04-06 12:15:00,750.22,755.76,737.16,745.36,6919
2021-04-06 13:15:00,745.94,746.04,736.32,742.46,3958
2021-04-06 14:15:00,742.46,745.99,741.23,742.17,5805
2021-04-06 15:15:00,741.43,744.72,736.37,742.21,2629
2021-04-07 09:15:00,736.28,754.88,736.28,748.06,2957
2021-04-07 10:15:00,747.56,747.56,743.15,743.15,1339
2021-04-07 11:15:00,743.15,744.32,740.5,743.15,506
2021-04-07 12:15:00,742.21,744.13,742.17,744.08,716
2021-04-07 13:15:00,744.13,748.4,742.31,747.61,45158
2021-04-07 14:15:00,747.42,748.35,742.36,742.8,1615
2021-04-07 15:15:00,743.1,751.0,742.31,744.96,1992
2021-04-08 09:15:00,748.55,767.89,744.96,751.98,12960
2021-04-08 10:15:00,751.0,752.96,749.33,749.77,1439
2021-04-08 11:15:00,750.66,753.11,746.14,751.0,3683
2021-04-08 12:15:00,752.96,764.4,751.0,760.33,8447
2021-04-08 13:15:00,759.93,761.21,750.02,751.0,2649
2021-04-08 14:15:00,751.98,752.18,746.14,747.52,1964
2021-04-08 15:15:00,746.14,756.4,746.14,750.61,1836
2021-04-09 09:15:00,750.61,758.95,747.42,752.47,3207
2021-04-09 10:15:00,752.96,752.96,749.92,749.92,1075
2021-04-09 11:15:00,750.02,751.79,748.55,750.02,1084
2021-04-09 12:15:00,749.28,755.37,749.04,752.82,2005
2021-04-09 13:15:00,752.77,755.66,748.6,749.04,2084
2021-04-09 14:15:00,751.93,752.57,738.24,745.11,4955
2021-04-09 15:15:00,745.11,746.04,740.2,744.13,1875
2021-04-12 09:15:00,741.18,741.18,719.59,731.86,6013
2021-04-12 10:15:00,731.86,733.28,722.97,722.97,2917
2021-04-12 11:15:00,724.2,725.43,716.64,721.7,2334
2021-04-12 12:15:00,720.67,721.65,712.17,712.17,1088
2021-04-12 13:15:00,711.73,717.92,711.73,715.9,844
2021-04-12 14:15:00,717.38,734.26,714.68,731.96,253183
2021-04-12 15:15:00,731.86,736.28,731.86,734.12,5899
2021-04-13 09:15:00,737.55,742.26,731.71,742.02,2891
2021-04-13 10:15:00,742.9,742.9,738.24,740.2,1242
2021-04-13 11:15:00,738.29,738.29,721.55,727.29,25482
2021-04-13 12:15:00,726.8,730.83,724.35,729.84,1075
2021-04-13 13:15:00,728.42,732.35,727.0,730.38,1676
2021-04-13 14:15:00,730.43,733.28,726.65,730.38,1456
2021-04-13 15:15:00,729.01,731.46,727.93,729.3,3337
2021-04-15 09:15:00,716.69,745.06,716.69,733.67,4997
2021-04-15 10:15:00,735.34,737.35,731.86,735.29,1229
2021-04-15 11:15:00,732.59,735.88,728.47,735.2,609
2021-04-15 12:15:00,733.04,734.8,731.91,732.45,525
2021-04-15 13:15:00,731.37,734.21,729.45,729.55,554
2021-04-15 14:15:00,733.43,741.18,729.89,733.92,5875
2021-04-15 15:15:00,732.0,743.15,731.86,735.1,2333
2021-04-16 09:15:00,745.99,745.99,729.26,735.39,3258
2021-04-16 10:15:00,734.07,740.94,733.08,737.26,3286
2021-04-16 11:15:00,737.31,738.63,736.28,737.65,575
2021-04-16 12:15:00,738.29,738.83,736.28,736.32,273
2021-04-16 13:15:00,737.85,738.24,736.28,737.26,2210
2021-04-16 14:15:00,736.32,737.7,736.28,736.32,1226
2021-04-16 15:15:00,736.32,739.76,736.28,736.77,2399
2021-04-19 09:15:00,736.77,736.77,721.55,727.0,7107
2021-04-19 10:15:00,724.59,727.93,723.56,727.69,3736
2021-04-19 11:15:00,726.41,728.91,723.56,727.83,6422
2021-04-19 12:15:00,727.44,727.98,724.84,725.87,9528
2021-04-19 13:15:00,725.87,728.42,723.81,728.42,2494
2021-04-19 14:15:00,727.29,728.91,724.69,727.64,1801
2021-04-19 15:15:00,728.42,736.28,725.48,727.83,1506
2021-04-20 09:15:00,736.28,742.17,723.56,732.99,2648
2021-04-20 10:15:00,732.15,744.13,731.42,735.2,4566
2021-04-20 11:15:00,733.28,736.13,731.42,734.31,687
2021-04-20 12:15:00,732.89,736.13,729.4,729.5,1111
2021-04-20 13:15:00,729.5,732.74,728.47,732.74,1720
2021-04-20 14:15:00,733.72,735.0,728.47,733.04,1437
2021-04-20 15:15:00,731.42,734.26,730.48,732.25,727
2021-04-22 09:15:00,736.28,740.2,730.48,738.48,3038
2021-04-22 10:15:00,737.55,739.17,735.34,737.26,707
2021-04-22 11:15:00,737.11,737.26,734.9,735.24,832
2021-04-22 12:15:00,734.07,735.78,734.07,735.78,739
2021-04-22 13:15:00,735.78,736.28,731.46,736.23,1906
2021-04-22 14:15:00,735.54,736.28,733.53,735.88,2241
2021-04-22 15:15:00,734.75,736.03,731.42,734.36,1266
2021-04-23 09:15:00,735.34,738.19,734.07,736.23,1388
2021-04-23 10:15:00,736.28,736.28,731.46,735.15,1916
2021-04-23 11:15:00,734.46,737.26,733.97,735.64,3093
2021-04-23 12:15:00,735.64,736.28,732.74,736.28,1132
2021-04-23 13:15:00,736.28,736.28,731.81,736.28,1393
2021-04-23 14:15:00,734.8,736.28,733.04,736.13,1905
2021-04-23 15:15:00,736.13,737.26,734.8,735.83,1284
2021-04-26 09:15:00,746.09,797.83,741.67,785.75,182666
2021-04-26 10:15:00,784.38,787.86,773.83,778.39,75986
2021-04-26 11:15:00,778.34,792.23,776.33,789.92,66508
2021-04-26 12:15:00,789.34,790.07,775.54,780.45,45704
2021-04-26 13:15:00,780.45,782.41,777.6,780.3,9558
2021-04-26 14:15:00,779.52,784.38,770.63,773.63,39916
2021-04-26 15:15:00,774.9,779.27,759.64,770.83,29719
2021-04-27 09:15:00,778.0,800.09,775.54,788.31,45839
2021-04-27 10:15:00,788.31,797.14,787.32,790.27,30871
2021-04-27 11:15:00,790.76,792.23,787.27,787.27,6059
2021-04-27 12:15:00,786.83,797.14,780.45,791.74,30389
2021-04-27 13:15:00,791.74,795.18,787.81,793.21,14760
2021-04-27 14:15:00,794.2,797.14,789.29,796.94,22254
2021-04-27 15:15:00,796.6,800.09,791.3,795.52,18438
2021-04-28 09:15:00,839.45,848.88,810.0,815.65,234848
2021-04-28 10:15:00,815.65,817.76,812.85,814.81,36109
2021-04-28 11:15:00,814.81,817.46,812.85,814.76,22421
2021-04-28 12:15:00,814.07,817.76,805.98,808.92,41990
2021-04-28 13:15:00,808.82,812.9,805.98,807.1,25967
2021-04-28 14:15:00,806.02,812.85,800.09,801.17,48153
2021-04-28 15:15:00,800.87,804.16,781.38,798.81,33904
2021-04-29 09:15:00,789.04,800.09,779.18,781.53,29551
2021-04-29 10:15:00,781.53,789.14,779.52,787.67,13745
2021-04-29 11:15:00,786.44,790.86,786.34,788.89,4081
2021-04-29 12:15:00,788.89,791.15,787.32,789.29,5089
2021-04-29 13:15:00,788.35,789.78,785.36,785.46,4540
2021-04-29 14:15:00,785.46,788.21,781.43,783.35,8210
2021-04-29 15:15:00,783.74,790.27,781.43,782.41,6971
2021-04-30 09:15:00,778.59,793.02,775.44,788.65,8882
2021-04-30 10:15:00,787.91,790.27,786.83,788.89,2183
2021-04-30 11:15:00,788.35,788.8,785.36,785.36,2615
2021-04-30 12:15:00,785.51,787.03,782.32,784.33,4700
2021-04-30 13:15:00,785.51,786.29,780.5,781.04,3685
2021-04-30 14:15:00,782.07,785.36,780.45,780.5,3393
2021-04-30 15:15:00,782.41,785.36,779.86,781.87,3818
2021-05-03 09:15:00,778.49,780.84,758.17,780.3,7391
2021-05-03 10:15:00,779.22,789.29,779.22,785.36,4386
2021-05-03 11:15:00,785.36,816.68,782.41,812.21,66394
2021-05-03 12:15:00,813.29,816.77,806.96,812.85,42790
2021-05-03 13:15:00,811.38,824.63,810.74,822.52,70580
2021-05-03 14:15:00,821.68,825.61,815.84,820.75,41806
2021-05-03 15:15:00,820.7,830.52,814.96,822.76,22253
2021-05-04 09:15:00,822.66,836.56,809.95,829.49,34289
2021-05-04 10:15:00,829.54,832.97,824.63,827.52,15081
2021-05-04 11:15:00,826.25,832.48,823.45,828.55,9811
2021-05-04 12:15:00,828.46,830.52,820.26,820.26,7300
2021-05-04 13:15:00,820.65,827.28,819.72,824.87,9690
2021-05-04 14:15:00,824.87,826.2,819.52,822.76,15828
2021-05-04 15:15:00,822.42,824.43,818.79,821.93,3989
2021-05-05 09:15:00,834.3,834.3,812.45,822.66,7731
2021-05-05 10:15:00,821.93,823.16,814.81,817.76,4512
2021-05-05 11:15:00,817.76,823.01,812.9,819.47,4636
2021-05-05 12:15:00,820.6,823.65,817.12,819.23,2187
2021-05-05 13:15:00,818.25,821.14,814.81,818.15,2371
2021-05-05 14:15:00,819.96,821.44,811.87,814.86,6812
2021-05-05 15:15:00,814.81,815.3,811.87,815.3,1972
2021-05-06 09:15:00,824.63,824.63,810.84,812.95,5581
2021-05-06 10:15:00,812.11,814.37,807.6,814.37,4925
2021-05-06 11:15:00,814.37,818.74,810.79,812.31,3904
2021-05-06 12:15:00,812.36,814.81,810.88,811.96,1787
2021-05-06 13:15:00,813.68,813.78,809.9,811.52,1276
2021-05-06 14:15:00,811.57,814.81,809.9,812.75,3495
2021-05-06 15:15:00,812.7,813.83,809.9,811.57,1676
2021-05-07 09:15:00,814.81,818.74,809.95,809.95,3723
2021-05-07 10:15:00,809.95,812.85,806.86,808.77,2949
2021-05-07 11:15:00,809.07,811.03,808.14,809.02,641
2021-05-07 12:15:00,809.9,810.84,806.96,808.33,1407
2021-05-07 13:15:00,807.94,808.92,804.99,806.96,1806
2021-05-07 14:15:00,805.88,808.53,804.06,806.76,3502
2021-05-07 15:15:00,806.81,806.81,804.99,805.73,1319
2021-05-10 09:15:00,800.33,813.68,800.33,810.59,6339
2021-05-10 10:15:00,809.9,810.84,807.15,809.46,1697
2021-05-10 11:15:00,808.92,812.85,806.96,807.84,3020
2021-05-10 12:15:00,805.98,808.48,803.03,807.35,2733
2021-05-10 13:15:00,807.35,810.88,803.08,807.45,3709
2021-05-10 14:15:00,804.06,809.17,803.13,803.18,3570
2021-05-10 15:15:00,804.11,805.98,803.13,804.94,2356
2021-05-11 09:15:00,808.87,818.74,806.02,814.57,11880
2021-05-11 10:15:00,815.3,832.48,813.83,825.61,25501
2021-05-11 11:15:00,826.54,827.57,819.82,820.7,9429
2021-05-11 12:15:00,820.7,824.63,817.41,819.67,4210
2021-05-11 13:15:00,820.65,823.35,818.74,820.6,2131
2021-05-11 14:15:00,822.52,824.63,819.72,822.81,6448
2021-05-11 15:15:00,822.71,824.53,820.26,823.5,3526
2021-05-12 09:15:00,829.54,831.5,822.71,826.59,8342
2021-05-12 10:15:00,826.64,829.0,823.84,825.02,4861
2021-05-12 11:15:00,826.4,827.57,823.16,826.0,2720
2021-05-12 12:15:00,825.9,828.41,822.66,823.7,3382
2021-05-12 13:15:00,824.28,825.61,822.47,825.27,1653
2021-05-12 14:15:00,825.12,827.08,817.81,820.9,6773
2021-05-12 15:15:00,819.92,826.59,819.92,822.62,2693
2021-05-14 09:15:00,826.69,832.48,823.2,823.6,9768
2021-05-14 10:15:00,825.07,828.21,822.62,826.98,3316
2021-05-14 11:15:00,826.89,827.23,815.79,815.79,5215
2021-05-14 12:15:00,816.77,824.53,816.77,823.65,1369
2021-05-14 13:15:00,821.73,826.59,818.74,819.87,3912
2021-05-14 14:15:00,821.14,821.44,807.45,809.71,3643
2021-05-14 15:15:00,810.2,814.32,805.98,810.44,2118
2021-05-17 09:15:00,813.68,830.52,812.16,817.66,5062
2021-05-17 10:15:00,816.43,819.42,814.76,816.19,2447
2021-05-17 11:15:00,814.76,818.25,813.83,816.23,2185
2021-05-17 12:15:00,815.74,817.95,814.81,816.77,579
2021-05-17 13:15:00,817.12,817.22,812.85,816.68,2299
2021-05-17 14:15:00,814.71,815.89,810.69,813.68,2219
2021-05-17 15:15:00,813.04,824.58,812.06,815.01,2354
2021-05-18 09:15:00,816.77,826.79,810.69,814.96,7672
2021-05-18 10:15:00,814.96,819.42,812.9,819.42,1486
2021-05-18 11:15:00,819.67,819.67,814.81,817.12,3092
2021-05-18 12:15:00,817.66,818.64,815.69,816.82,1821
2021-05-18 13:15:00,818.49,821.54,815.94,817.27,1881
2021-05-18 14:15:00,818.84,858.79,812.99,853.1,71677
2021-05-18 15:15:00,853.05,868.8,851.53,853.34,77945
2021-05-19 09:15:00,863.9,883.53,858.99,870.77,94205
2021-05-19 10:15:00,871.21,871.21,842.94,853.59,44407
2021-05-19 11:15:00,851.58,856.04,845.78,849.56,11277
2021-05-19 12:15:00,846.18,852.12,844.56,849.17,7378
2021-05-19 13:15:00,849.17,850.05,834.54,842.54,15636
2021-05-19 14:15:00,842.54,849.02,840.34,842.3,12816
2021-05-19 15:15:00,842.2,842.25,824.58,836.16,13926
2021-05-20 09:15:00,844.26,866.55,839.35,859.97,44187
2021-05-20 10:15:00,858.99,863.11,856.04,857.02,11628
2021-05-20 11:15:00,857.51,862.37,851.82,861.64,8772
2021-05-20 12:15:00,861.64,862.91,856.63,858.94,6363
2021-05-20 13:15:00,858.3,858.94,850.15,853.69,7841
2021-05-20 14:15:00,853.59,858.99,832.19,843.38,21590
2021-05-20 15:15:00,845.19,849.17,840.88,844.9,4109
2021-05-21 09:15:00,848.04,854.23,845.24,847.21,3907
2021-05-21 10:15:00,846.18,853.1,846.03,851.18,2682
2021-05-21 11:15:00,850.0,852.41,841.17,844.26,3163
2021-05-21 12:15:00,843.38,849.17,842.49,847.11,1285
2021-05-21 13:15:00,846.03,846.72,843.13,844.36,1290
2021-05-21 14:15:00,844.41,844.41,838.37,839.01,4726
2021-05-21 15:15:00,839.16,842.3,837.29,840.19,2510
2021-05-24 09:15:00,849.17,862.87,842.3,851.62,13618
2021-05-24 10:15:00,849.81,854.08,849.37,851.48,4081
2021-05-24 11:15:00,851.48,853.78,846.23,847.11,3738
2021-05-24 12:15:00,846.23,847.11,842.3,844.07,3057
2021-05-24 13:15:00,844.26,844.26,842.3,843.87,944
2021-05-24 14:15:00,843.18,851.82,835.52,837.39,221517
2021-05-24 15:15:00,835.52,844.26,832.14,837.54,7478
2021-05-25 09:15:00,832.58,852.41,832.58,836.41,9604
2021-05-25 10:15:00,835.03,842.1,833.46,840.24,5486
2021-05-25 11:15:00,839.89,844.16,839.89,843.18,2460
2021-05-25 12:15:00,843.23,849.66,843.18,848.24,13898
2021-05-25 13:15:00,846.57,847.35,841.61,842.94,4277
2021-05-25 14:15:00,842.69,846.72,841.71,844.75,4539
2021-05-25 15:15:00,844.75,848.53,843.38,845.39,3238
2021-05-26 09:15:00,836.7,852.85,836.7,847.5,6391
2021-05-26 10:15:00,848.04,852.02,845.83,850.25,4161
2021-05-26 11:15:00,851.13,854.03,848.24,849.42,5219
2021-05-26 12:15:00,851.04,854.03,850.2,850.2,2308
2021-05-26 13:15:00,850.2,851.48,847.26,848.93,1867
2021-05-26 14:15:00,849.61,849.61,843.28,843.97,3125
2021-05-26 15:15:00,843.33,847.6,842.3,843.97,2608
2021-05-27 09:15:00,839.5,851.04,839.5,843.77,3225
2021-05-27 10:15:00,843.77,845.19,842.59,842.59,1669
2021-05-27 11:15:00,841.76,845.24,841.71,842.59,1428
2021-05-27 12:15:00,842.45,843.97,839.65,840.63,3427
2021-05-27 13:15:00,841.81,844.26,839.65,843.28,1562
2021-05-27 14:15:00,843.28,844.46,839.45,842.0,3311
2021-05-27 15:15:00,839.55,844.21,839.5,841.12,3731
2021-05-28 09:15:00,845.34,886.48,845.34,870.87,76415
2021-05-28 10:15:00,870.57,873.81,837.93,854.03,55355
2021-05-28 11:15:00,854.57,855.94,850.25,853.98,3840
2021-05-28 12:15:00,852.7,858.89,852.66,856.09,5441
2021-05-28 13:15:00,856.09,858.45,853.1,854.37,5492
2021-05-28 14:15:00,854.37,860.95,838.37,838.37,14956
2021-05-28 15:15:00,838.32,845.24,835.43,844.26,8632
2021-05-31 09:15:00,848.19,848.19,836.41,843.53,8973
2021-05-31 10:15:00,844.41,845.24,841.42,844.46,2741
2021-05-31 11:15:00,844.26,846.47,843.38,844.21,860
2021-05-31 12:15:00,844.21,854.03,842.45,850.3,3303
2021-05-31 13:15:00,850.99,850.99,844.56,844.56,2822
2021-05-31 14:15:00,844.36,846.13,842.3,844.21,3678
2021-05-31 15:15:00,843.57,844.21,843.28,843.77,3062
2021-06-01 09:15:00,856.04,856.04,843.23,844.31,4486
2021-06-01 10:15:00,844.31,845.1,823.11,831.79,18685
2021-06-01 11:15:00,831.45,840.29,828.11,839.26,2806
2021-06-01 12:15:00,839.26,839.35,834.49,836.51,1813
2021-06-01 13:15:00,836.51,837.34,833.46,834.94,1993
2021-06-01 14:15:00,834.89,837.39,832.97,837.34,3409
2021-06-01 15:15:00,836.41,839.3,834.59,835.62,4136
2021-06-02 09:15:00,848.88,848.88,835.77,837.49,2424
2021-06-02 10:15:00,838.86,841.32,830.52,839.99,4894
2021-06-02 11:15:00,839.99,840.92,837.24,839.35,796
2021-06-02 12:15:00,840.63,844.26,840.34,842.74,924
2021-06-02 13:15:00,843.23,843.28,841.22,842.64,1148
2021-06-02 14:15:00,842.3,842.69,829.54,841.22,4688
2021-06-02 15:15:00,842.15,844.26,841.27,842.15,2120
2021-06-03 09:15:00,846.37,863.6,839.21,839.35,6002
2021-06-03 10:15:00,839.35,846.18,832.48,843.67,6694
2021-06-03 11:15:00,843.43,843.43,840.53,842.59,1004
2021-06-03 12:15:00,842.64,842.79,838.91,841.22,2159
2021-06-03 13:15:00,841.22,842.3,839.35,841.71,1410
2021-06-03 14:15:00,841.51,842.79,838.37,842.2,2153
2021-06-03 15:15:00,842.15,842.69,839.45,841.07,1078
2021-06-04 09:15:00,842.25,846.13,836.9,843.18,5673
2021-06-04 10:15:00,841.46,843.72,830.86,841.51,5892
2021-06-04 11:15:00,841.66,841.66,839.4,841.32,1983
2021-06-04 12:15:00,840.34,841.76,840.34,841.56,2527
2021-06-04 13:15:00,841.56,843.28,835.43,840.09,6446
2021-06-04 14:15:00,839.3,840.92,837.83,840.09,1249
2021-06-04 15:15:00,840.09,843.48,838.37,841.37,4433
2021-06-07 09:15:00,843.28,847.65,838.37,841.86,4809
2021-06-07 10:15:00,840.53,842.15,838.37,839.35,5382
2021-06-07 11:15:00,839.35,841.12,838.52,839.5,2060
2021-06-07 12:15:00,839.5,862.91,839.5,845.98,8727
2021-06-07 13:15:00,846.27,849.12,843.62,844.26,2044
2021-06-07 14:15:00,843.67,848.97,840.34,842.0,4545
2021-06-07 15:15:00,842.4,848.19,841.37,844.51,3447
2021-06-08 09:15:00,857.71,857.71,841.32,841.32,5439
2021-06-08 10:15:00,842.45,861.64,841.56,854.03,9890
2021-06-08 11:15:00,853.69,856.98,851.18,856.93,1983
2021-06-08 12:15:00,856.93,858.94,841.56,841.56,5714
2021-06-08 13:15:00,843.43,854.08,843.43,854.08,2632
2021-06-08 14:15:00,854.08,855.06,846.27,849.22,3220
2021-06-08 15:15:00,849.17,850.99,844.31,848.34,1710
2021-06-09 09:15:00,846.57,857.81,846.57,853.24,4511
2021-06-09 10:15:00,852.9,856.88,851.38,853.59,2109
2021-06-09 11:15:00,854.37,856.93,851.13,851.13,994
2021-06-09 12:15:00,852.61,854.08,845.24,845.24,3308
2021-06-09 13:15:00,845.24,849.61,841.17,843.28,2768
2021-06-09 14:15:00,844.75,849.71,838.37,848.09,6970
2021-06-09 15:15:00,844.41,851.77,844.41,846.67,1499
2021-06-10 09:15:00,844.26,855.06,844.26,852.12,4681
2021-06-10 10:15:00,852.02,921.18,852.02,902.67,174298
2021-06-10 11:15:00,903.7,912.93,895.31,904.69,106752
2021-06-10 12:15:00,903.51,904.88,897.27,900.17,33707
2021-06-10 13:15:00,899.92,922.8,888.44,920.39,85507
2021-06-10 14:15:00,919.8,932.62,914.7,924.57,229258
2021-06-10 15:15:00,925.74,942.43,924.17,927.61,59407
2021-06-11 09:15:00,960.1,960.1,921.52,928.25,111321
2021-06-11 10:15:00,929.62,932.62,926.33,930.26,17101
2021-06-11 11:15:00,928.88,930.31,920.83,924.03,19920
2021-06-11 12:15:00,922.95,926.68,918.04,925.06,10754
2021-06-11 13:15:00,926.23,928.69,919.85,922.16,5719
2021-06-11 14:15:00,921.91,923.73,906.16,911.36,26088
2021-06-11 15:15:00,911.51,912.34,898.75,909.64,15278
2021-06-14 09:15:00,906.11,906.11,873.81,892.07,26344
2021-06-14 10:15:00,892.86,896.29,889.42,894.33,5827
2021-06-14 11:15:00,895.21,898.16,888.19,891.87,5895
2021-06-14 12:15:00,891.87,897.52,891.87,895.31,3699
2021-06-14 13:15:00,894.48,897.42,888.44,889.22,3342
2021-06-14 14:15:00,889.22,891.58,884.51,885.44,8283
2021-06-14 15:15:00,884.46,886.03,883.53,885.64,5939
2021-06-15 09:15:00,880.68,897.37,880.68,885.49,15278
2021-06-15 10:15:00,885.49,932.62,884.56,924.76,118057
2021-06-15 11:15:00,925.55,928.69,920.34,920.59,31360
2021-06-15 12:15:00,920.59,922.11,916.81,918.87,13635
2021-06-15 13:15:00,918.87,925.74,917.89,925.2,20429
2021-06-15 14:15:00,924.96,925.4,918.82,920.88,19781
2021-06-15 15:15:00,921.72,923.73,917.06,921.13,15518
2021-06-16 09:15:00,925.15,947.29,920.83,931.14,68449
2021-06-16 10:15:00,930.65,931.39,913.32,916.12,20071
2021-06-16 11:15:00,917.89,922.7,916.37,920.98,7879
2021-06-16 12:15:00,919.85,920.79,916.91,918.97,3557
2021-06-16 13:15:00,917.5,920.25,916.02,916.42,6385
2021-06-16 14:15:00,916.47,919.12,906.6,907.58,14526
2021-06-16 15:15:00,906.6,907.68,895.51,905.18,10542
2021-06-17 09:15:00,903.16,923.63,897.22,918.04,15512
2021-06-17 10:15:00,918.48,919.85,901.0,909.25,8881
2021-06-17 11:15:00,909.25,911.02,904.15,906.11,2990
2021-06-17 12:15:00,906.11,909.94,904.15,906.4,2086
2021-06-17 13:15:00,905.96,908.07,901.54,902.18,2998
2021-06-17 14:15:00,902.18,905.86,886.77,889.47,17149
2021-06-17 15:15:00,889.47,891.63,886.57,891.09,4289
2021-06-18 09:15:00,895.56,918.87,878.97,887.31,14925
2021-06-18 10:15:00,887.46,888.14,864.88,873.71,16587
2021-06-18 11:15:00,873.71,875.43,867.38,870.52,7125
2021-06-18 12:15:00,870.23,884.51,869.84,880.34,7819
2021-06-18 13:15:00,880.09,880.88,876.31,879.11,1433
2021-06-18 14:15:00,879.11,881.52,875.33,875.33,4693
2021-06-18 15:15:00,875.73,882.01,873.71,878.33,3984
2021-06-21 09:15:00,872.73,898.75,864.93,888.93,16629
2021-06-21 10:15:00,888.88,895.31,887.65,891.58,3969
2021-06-21 11:15:00,891.14,892.12,886.92,889.91,2844
2021-06-21 12:15:00,891.38,891.38,882.55,882.55,2804
2021-06-21 13:15:00,883.92,888.39,882.6,887.26,1693
2021-06-21 14:15:00,888.39,905.86,888.39,899.24,10267
2021-06-21 15:15:00,899.97,902.18,898.26,899.14,3937
2021-06-22 09:15:00,912.0,919.17,897.13,907.24,19162
2021-06-22 10:15:00,907.24,913.96,906.7,907.24,3298
2021-06-22 11:15:00,908.56,908.96,906.11,907.68,6017
2021-06-22 12:15:00,907.19,908.37,903.21,906.11,4991
2021-06-22 13:15:00,906.6,906.6,903.75,905.13,3305
2021-06-22 14:15:00,906.21,907.04,896.29,900.91,7613
2021-06-22 15:15:00,900.91,905.13,898.3,902.33,6374
2021-06-23 09:15:00,906.85,911.36,898.75,904.0,19218
2021-06-23 10:15:00,904.15,911.02,900.22,902.77,12695
2021-06-23 11:15:00,902.72,902.72,896.05,897.47,3298
2021-06-23 12:15:00,896.83,898.94,896.83,897.27,1127
2021-06-23 13:15:00,897.27,898.5,895.06,895.06,3008
2021-06-23 14:15:00,896.19,898.26,894.33,896.88,4600
2021-06-23 15:15:00,897.27,908.32,895.31,900.37,7177
2021-06-24 09:15:00,921.72,921.72,893.49,901.99,13978
2021-06-24 10:15:00,902.04,903.75,898.16,902.18,4714
2021-06-24 11:15:00,903.11,903.11,899.14,899.24,1503
2021-06-24 12:15:00,899.24,900.12,895.31,897.67,7540
2021-06-24 13:15:00,898.26,898.75,896.68,897.67,3611
2021-06-24 14:15:00,897.62,899.09,895.31,896.68,13015
2021-06-24 15:15:00,896.64,899.24,895.31,897.52,9137
2021-06-25 09:15:00,903.16,903.16,891.83,896.24,4356
2021-06-25 10:15:00,896.24,896.29,893.64,896.24,2822
2021-06-25 11:15:00,894.77,896.24,888.59,889.47,7924
2021-06-25 12:15:00,890.3,891.38,887.51,888.0,4241
2021-06-25 13:15:00,887.8,892.32,887.46,890.65,5089
2021-06-25 14:15:00,890.6,893.35,889.42,889.57,6362
2021-06-25 15:15:00,890.11,891.38,888.44,890.21,3080
2021-06-28 09:15:00,890.21,902.18,890.21,894.08,6519
2021-06-28 10:15:00,893.35,895.8,891.14,893.25,3009
2021-06-28 11:15:00,893.25,894.08,891.92,891.97,2085
2021-06-28 12:15:00,891.97,891.97,885.3,888.14,4279
2021-06-28 13:15:00,890.21,892.37,887.7,890.94,1773
2021-06-28 14:15:00,890.5,893.35,889.22,892.17,4722
2021-06-28 15:15:00,892.17,893.2,888.83,891.92,1496
2021-06-29 09:15:00,896.39,898.89,892.32,893.35,4858
2021-06-29 10:15:00,894.33,895.51,890.65,894.87,2074
2021-06-29 11:15:00,895.46,895.46,891.24,891.38,1655
2021-06-29 12:15:00,891.38,892.37,884.76,892.32,1410
2021-06-29 13:15:00,892.32,895.51,886.62,889.86,1278
2021-06-29 14:15:00,889.42,895.21,884.66,887.51,3024
2021-06-29 15:15:00,887.51,893.35,885.98,889.76,3215
2021-06-30 09:15:00,890.4,896.98,889.57,891.33,2787
2021-06-30 10:15:00,891.33,896.78,890.79,895.31,2402
2021-06-30 11:15:00,895.26,895.26,892.02,893.25,2968
2021-06-30 12:15:00,893.25,897.76,889.42,890.7,30950
2021-06-30 13:15:00,890.7,893.35,883.53,886.97,23540
2021-06-30 14:15:00,886.97,888.39,873.71,879.11,16645
2021-06-30 15:15:00,879.51,882.5,874.69,877.35,3582
2021-07-01 09:15:00,890.4,890.4,878.77,887.55,6102
2021-07-01 10:15:00,885.84,888.19,869.15,871.26,7063
2021-07-01 11:15:00,871.21,877.39,871.21,874.45,4612
2021-07-01 12:15:00,874.5,877.59,873.96,876.17,1263
2021-07-01 13:15:00,876.17,885.64,876.02,882.11,4101
2021-07-01 14:15:00,882.11,885.49,875.97,881.17,4624
2021-07-01 15:15:00,881.52,881.52,874.69,879.65,2585
2021-07-02 09:15:00,877.64,902.33,877.64,892.17,11517
2021-07-02 10:15:00,893.25,894.97,890.75,894.08,5886
2021-07-02 11:15:00,894.13,894.48,888.78,893.45,5378
2021-07-02 12:15:00,892.41,894.23,890.79,892.71,2331
2021-07-02 13:15:00,892.71,894.48,891.97,893.35,8864
2021-07-02 14:15:00,893.35,893.35,887.06,887.95,4009
2021-07-02 15:15:00,887.9,893.25,885.54,889.76,2481
2021-07-05 09:15:00,890.4,923.78,890.4,921.13,76979
2021-07-05 10:15:00,921.77,929.67,909.55,923.04,56232
2021-07-05 11:15:00,923.04,924.17,914.7,917.55,15212
2021-07-05 12:15:00,918.87,922.8,916.76,921.47,12531
2021-07-05 13:15:00,922.31,922.31,915.34,918.48,7016
2021-07-05 14:15:00,918.48,919.56,904.24,904.24,19304
2021-07-05 15:15:00,905.08,908.91,896.39,905.13,18246
2021-07-06 09:15:00,916.91,919.85,904.15,905.91,15272
2021-07-06 10:15:00,906.94,913.03,905.27,911.02,3045
2021-07-06 11:15:00,911.75,912.93,906.11,907.93,2447
2021-07-06 12:15:00,909.45,911.9,903.16,911.75,4028
2021-07-06 13:15:00,911.75,919.85,906.94,915.83,4920
2021-07-06 14:15:00,915.44,915.73,903.16,911.41,7193
2021-07-06 15:15:00,911.46,911.85,907.14,908.61,3964
2021-07-07 09:15:00,911.26,911.26,903.51,910.43,3163
2021-07-07 10:15:00,910.38,910.97,905.13,905.32,1178
2021-07-07 11:15:00,906.7,912.98,905.13,908.76,3262
2021-07-07 12:15:00,908.91,909.69,897.86,904.73,2900
2021-07-07 13:15:00,905.81,909.59,904.64,906.94,709
2021-07-07 14:15:00,907.34,910.48,888.44,903.02,6442
2021-07-07 15:15:00,901.79,908.07,899.58,903.65,1058
2021-07-08 09:15:00,902.67,921.82,902.67,917.89,9826
2021-07-08 10:15:00,917.89,919.56,914.5,915.48,4023
2021-07-08 11:15:00,915.14,919.02,904.54,911.02,4242
2021-07-08 12:15:00,913.18,917.3,909.05,911.12,2571
2021-07-08 13:15:00,911.41,912.15,906.11,910.43,1238
2021-07-08 14:15:00,910.53,910.97,898.55,902.62,4330
2021-07-08 15:15:00,904.05,908.07,904.05,906.06,1890
2021-07-09 09:15:00,900.22,915.93,900.22,915.93,6563
2021-07-09 10:15:00,916.81,920.83,910.82,911.61,6311
2021-07-09 11:15:00,911.66,925.74,910.82,920.44,12349
2021-07-09 12:15:00,920.44,920.79,914.21,915.34,3336
2021-07-09 13:15:00,915.39,923.78,912.24,920.25,11200
2021-07-09 14:15:00,920.2,921.87,917.99,919.85,5523
2021-07-09 15:15:00,919.85,921.96,914.94,918.97,4497
2021-07-12 09:15:00,934.58,956.13,934.58,945.77,70516
2021-07-12 10:15:00,947.14,952.25,942.48,951.12,19812
2021-07-12 11:15:00,950.24,951.91,942.48,947.05,9279
2021-07-12 12:15:00,947.34,949.3,941.45,943.56,10900
2021-07-12 13:15:00,942.58,1004.23,941.45,1004.23,230594
2021-07-12 14:15:00,1003.25,1006.24,974.34,986.61,216902
2021-07-12 15:15:00,987.49,1005.26,986.22,994.02,97279
2021-07-13 09:15:00,1016.06,1016.06,984.01,985.82,114890
2021-07-13 10:15:00,985.77,986.85,973.16,976.25,37975
2021-07-13 11:15:00,975.32,986.41,975.32,983.71,42802
2021-07-13 12:15:00,983.66,986.41,981.7,984.65,14429
2021-07-13 13:15:00,984.25,988.42,983.32,984.74,11976
2021-07-13 14:15:00,985.68,985.68,963.83,972.86,37198
2021-07-13 15:15:00,972.52,972.52,962.07,968.59,19124
2021-07-14 09:15:00,972.86,986.71,969.38,982.49,41401
2021-07-14 10:15:00,982.24,984.65,979.39,981.7,10130
2021-07-14 11:15:00,981.7,982.68,976.79,976.84,7452
2021-07-14 12:15:00,976.79,981.11,973.99,980.96,6269
2021-07-14 13:15:00,981.26,991.52,975.81,979.15,16416
2021-07-14 14:15:00,978.95,981.7,973.6,978.36,9029
2021-07-14 15:15:00,978.31,981.6,971.93,976.69,9241
2021-07-15 09:15:00,971.78,971.78,948.27,953.33,90418
2021-07-15 10:15:00,953.62,958.63,950.68,954.56,15129
2021-07-15 11:15:00,954.56,956.67,952.15,955.93,8435
2021-07-15 12:15:00,956.42,961.97,956.18,957.7,10741
2021-07-15 13:15:00,958.73,959.12,952.25,956.18,16743
2021-07-15 14:15:00,954.9,962.07,954.9,959.42,15796
2021-07-15 15:15:00,959.17,971.78,958.53,964.03,11872
2021-07-16 09:15:00,968.05,981.6,949.3,970.46,34162
2021-07-16 10:15:00,969.43,971.83,968.5,970.95,6343
2021-07-16 11:15:00,969.72,971.88,966.04,966.09,4834
2021-07-16 12:15:00,967.22,968.94,965.16,965.99,2514
2021-07-16 13:15:00,965.99,967.47,959.91,962.61,3800
2021-07-16 14:15:00,963.0,963.83,952.25,955.19,6267
2021-07-16 15:15:00,955.68,959.71,952.25,954.26,4504
2021-07-19 09:15:00,954.26,980.67,947.34,968.4,21878
2021-07-19 10:15:00,968.64,971.05,963.19,967.51,2271
2021-07-19 11:15:00,967.47,968.2,962.07,964.03,3203
2021-07-19 12:15:00,963.54,963.88,955.68,961.62,2855
2021-07-19 13:15:00,961.97,964.03,957.99,958.63,1991
2021-07-19 14:15:00,958.63,958.63,947.34,952.15,8597
2021-07-19 15:15:00,951.27,953.23,942.87,948.42,5123
2021-07-20 09:15:00,966.83,966.83,937.52,944.15,10769
2021-07-20 10:15:00,942.43,943.9,937.52,937.52,5398
2021-07-20 11:15:00,938.31,938.75,925.74,935.76,4612
2021-07-20 12:15:00,935.61,938.21,933.89,936.2,3447
2021-07-20 13:15:00,936.93,944.69,936.15,938.26,4786
2021-07-20 14:15:00,944.89,948.52,923.78,924.37,11479
2021-07-20 15:15:00,925.84,928.69,923.78,927.22,3257
2021-07-22 09:15:00,935.85,945.03,933.35,939.14,8324
2021-07-22 10:15:00,940.81,941.79,935.61,937.52,2863
2021-07-22 11:15:00,938.55,939.54,935.56,938.11,2051
2021-07-22 12:15:00,939.0,939.54,927.9,934.28,8148
2021-07-22 13:15:00,935.46,936.54,933.6,935.27,2598
2021-07-22 14:15:00,936.49,936.49,933.69,935.31,2200
2021-07-22 15:15:00,935.9,936.54,933.69,935.17,2059
2021-07-23 09:15:00,935.17,938.9,920.83,923.53,7928
2021-07-23 10:15:00,923.34,924.71,917.94,924.71,3941
2021-07-23 11:15:00,925.06,925.55,919.07,921.23,1890
2021-07-23 12:15:00,921.82,923.04,921.03,921.47,1433
2021-07-23 13:15:00,921.33,923.14,921.33,923.14,3899
2021-07-23 14:15:00,922.7,923.19,917.89,919.21,5092
2021-07-23 15:15:00,919.36,922.7,918.23,920.2,3695
2021-07-26 09:15:00,920.2,923.78,908.51,922.85,9402
2021-07-26 10:15:00,922.8,922.8,911.02,914.5,7855
2021-07-26 11:15:00,915.53,921.47,913.67,915.04,3743
2021-07-26 12:15:00,915.04,916.66,914.01,914.36,1146
2021-07-26 13:15:00,914.36,915.93,910.04,911.31,2798
2021-07-26 14:15:00,911.61,912.98,908.07,908.07,7308
2021-07-26 15:15:00,909.01,912.83,904.15,908.81,2827
2021-07-27 09:15:00,922.75,932.57,915.34,930.6,13796
2021-07-27 10:15:00,931.44,932.32,927.85,928.69,9013
2021-07-27 11:15:00,928.69,929.57,923.78,927.76,2859
2021-07-27 12:15:00,928.2,929.38,920.83,920.93,3259
2021-07-27 13:15:00,923.53,927.9,920.93,922.9,2077
2021-07-27 14:15:00,923.29,926.43,919.61,925.01,4994
2021-07-27 15:15:00,925.74,930.36,920.83,924.76,3120
2021-07-28 09:15:00,961.77,961.77,923.78,926.18,57726
2021-07-28 10:15:00,926.97,926.97,909.05,917.89,12364
2021-07-28 11:15:00,916.42,925.4,916.42,923.98,2808
2021-07-28 12:15:00,924.32,928.69,922.9,927.22,3341
2021-07-28 13:15:00,928.05,937.52,926.72,936.54,7182
2021-07-28 14:15:00,936.54,937.18,905.47,910.67,21743
2021-07-28 15:15:00,911.51,911.51,903.65,909.25,9346
2021-07-29 09:15:00,913.82,922.45,913.82,917.94,6113
2021-07-29 10:15:00,917.89,918.92,915.98,917.89,1063
2021-07-29 11:15:00,917.4,917.89,912.1,916.71,1211
2021-07-29 12:15:00,915.73,916.71,912.1,915.98,596
2021-07-29 13:15:00,916.07,918.87,912.98,917.3,1325
2021-07-29 14:15:00,916.91,918.38,912.98,913.72,2190
2021-07-29 15:15:00,914.65,916.86,912.98,914.26,1122
2021-07-30 09:15:00,914.26,924.61,912.39,918.43,5018
2021-07-30 10:15:00,918.53,918.53,908.71,913.91,5107
2021-07-30 11:15:00,911.8,913.37,910.04,912.39,577
2021-07-30 12:15:00,911.02,912.93,909.1,910.04,1208
2021-07-30 13:15:00,910.04,912.0,909.1,911.56,1049
2021-07-30 14:15:00,911.02,912.0,907.09,908.86,3231
2021-07-30 15:15:00,908.76,909.05,904.15,908.51,2133
2021-08-02 09:15:00,917.89,917.89,909.05,913.47,3245
2021-08-02 10:15:00,914.7,914.8,910.72,912.78,1322
2021-08-02 11:15:00,912.0,914.85,910.38,913.18,1550
2021-08-02 12:15:00,911.95,914.45,911.95,912.98,1046
2021-08-02 13:15:00,912.74,921.82,912.59,921.82,10189
2021-08-02 14:15:00,921.82,934.68,917.89,927.71,17227
2021-08-02 15:15:00,927.22,932.62,927.07,928.2,3170
2021-08-03 09:15:00,937.33,947.34,931.44,937.52,13060
2021-08-03 10:15:00,937.52,940.08,933.01,935.95,3582
2021-08-03 11:15:00,937.52,938.75,930.7,938.75,2670
2021-08-03 12:15:00,938.75,939.49,935.66,938.31,3133
2021-08-03 13:15:00,937.82,941.25,935.56,937.23,4120
2021-08-03 14:15:00,935.71,938.51,931.78,932.76,3752
2021-08-03 15:15:00,932.76,937.52,922.8,932.76,4512
2021-08-04 09:15:00,938.51,940.22,934.63,936.05,3531
2021-08-04 10:15:00,936.64,942.43,933.69,935.56,8417
2021-08-04 11:15:00,935.56,940.03,930.7,930.7,5692
2021-08-04 12:15:00,930.7,938.36,925.25,930.65,8984
2021-08-04 13:15:00,929.82,937.52,926.43,932.62,10809
2021-08-04 14:15:00,932.62,934.77,927.71,927.95,4534
2021-08-04 15:15:00,927.95,937.47,926.82,929.28,2784
2021-08-05 09:15:00,937.52,937.52,927.22,931.98,48757
2021-08-05 10:15:00,932.62,936.59,930.65,936.0,71857
2021-08-05 11:15:00,935.56,961.38,935.56,948.08,60849
2021-08-05 12:15:00,947.93,951.51,941.89,945.03,7634
2021-08-05 13:15:00,944.25,952.25,940.47,945.43,6187
2021-08-05 14:15:00,946.51,948.32,937.52,939.05,9525
2021-08-05 15:15:00,939.34,939.49,930.06,936.84,6025
2021-08-06 09:15:00,941.55,949.3,941.55,944.4,4681
2021-08-06 10:15:00,944.4,944.4,938.06,942.97,5843
2021-08-06 11:15:00,942.14,944.4,938.51,940.62,3089
2021-08-06 12:15:00,940.47,940.62,937.52,938.51,2302
2021-08-06 13:15:00,938.51,939.49,935.56,936.54,1535
2021-08-06 14:15:00,935.71,939.49,935.56,937.47,3600
2021-08-06 15:15:00,936.84,937.52,924.86,930.6,4237
2021-08-09 09:15:00,943.41,949.3,938.51,941.11,10937
2021-08-09 10:15:00,940.47,942.04,934.63,936.64,3998
2021-08-09 11:15:00,937.67,938.8,930.41,932.81,2604
2021-08-09 12:15:00,932.76,932.76,925.74,927.66,2251
2021-08-09 13:15:00,927.71,929.42,926.43,926.68,1653
2021-08-09 14:15:00,926.28,928.69,924.03,926.38,2669
2021-08-09 15:15:00,926.38,927.71,917.99,925.55,2225
2021-08-10 09:15:00,927.31,939.73,925.74,932.81,4737
2021-08-10 10:15:00,933.6,933.65,930.16,932.57,102861
2021-08-10 11:15:00,932.62,935.31,930.26,932.62,1496
2021-08-10 12:15:00,932.66,935.46,929.67,934.58,4858
2021-08-10 13:15:00,934.58,934.58,923.78,925.69,3378
2021-08-10 14:15:00,925.69,932.62,924.71,928.84,4057
2021-08-10 15:15:00,929.23,931.58,911.56,926.14,4810
2021-08-11 09:15:00,926.82,926.87,905.32,909.94,8208
2021-08-11 10:15:00,909.94,917.35,904.39,915.93,6573
2021-08-11 11:15:00,915.19,921.82,911.66,921.28,4291
2021-08-11 12:15:00,921.13,921.72,913.96,920.69,2852
2021-08-11 13:15:00,920.49,921.62,919.85,920.79,1267
2021-08-11 14:15:00,920.83,921.82,913.86,913.86,2764
2021-08-11 15:15:00,913.86,914.85,911.02,914.7,1412
2021-08-12 09:15:00,916.42,930.65,910.58,929.62,7495
2021-08-12 10:15:00,929.62,947.34,927.71,938.6,29898
2021-08-12 11:15:00,939.0,939.0,920.88,926.72,13927
2021-08-12 12:15:00,927.07,928.39,917.4,925.69,7191
2021-08-12 13:15:00,925.64,925.64,921.13,925.25,1184
2021-08-12 14:15:00,925.25,927.71,920.98,922.85,8130
2021-08-12 15:15:00,922.9,925.5,922.5,922.9,2852
2021-08-13 09:15:00,931.63,931.63,926.77,927.66,11282
2021-08-13 10:15:00,927.12,930.36,922.8,927.71,6414
2021-08-13 11:15:00,927.71,927.71,925.64,927.71,2173
2021-08-13 12:15:00,927.26,942.43,927.26,932.52,14158
2021-08-13 13:15:00,932.52,935.56,928.74,929.87,3606
2021-08-13 14:15:00,929.87,931.0,927.12,928.69,5703
2021-08-13 15:15:00,928.69,932.42,920.83,927.85,4814
2021-08-16 09:15:00,932.52,935.9,912.83,919.85,6544
2021-08-16 10:15:00,919.85,919.85,914.94,917.06,1061
2021-08-16 11:15:00,917.2,919.36,912.0,918.09,1005
2021-08-16 12:15:00,918.04,919.41,916.22,918.87,573
2021-08-16 13:15:00,918.87,920.79,917.89,919.17,668
2021-08-16 14:15:00,919.17,923.04,917.89,918.87,1180
2021-08-16 15:15:00,918.87,931.29,917.89,922.8,2156
2021-08-17 09:15:00,922.8,932.52,916.52,927.12,5755
2021-08-17 10:15:00,926.77,931.49,919.85,922.8,3660
2021-08-17 11:15:00,922.8,922.8,917.74,918.67,1360
2021-08-17 12:15:00,919.26,920.83,903.51,911.85,8165
2021-08-17 13:15:00,911.9,917.45,909.64,915.48,1452
2021-08-17 14:15:00,916.76,920.39,914.36,919.51,3025
2021-08-17 15:15:00,919.46,919.61,914.01,918.53,1284
2021-08-18 09:15:00,923.14,923.14,913.08,919.85,4224
2021-08-18 10:15:00,919.21,929.82,919.21,926.04,5278
2021-08-18 11:15:00,925.99,927.26,922.26,923.88,1845
2021-08-18 12:15:00,923.88,926.68,913.18,916.96,3921
2021-08-18 13:15:00,917.01,917.74,914.06,916.91,1081
2021-08-18 14:15:00,916.71,917.84,912.98,917.69,2458
2021-08-18 15:15:00,916.96,917.1,912.98,914.94,1259
2021-08-20 09:15:00,912.0,921.82,905.18,919.46,11077
2021-08-20 10:15:00,918.63,920.29,905.13,907.39,4194
2021-08-20 11:15:00,907.53,916.52,907.53,914.26,2419
2021-08-20 12:15:00,915.09,917.89,911.07,913.13,2028
2021-08-20 13:15:00,912.93,917.84,910.04,916.32,2083
2021-08-20 14:15:00,916.47,919.21,904.64,908.22,8108
2021-08-20 15:15:00,907.68,915.73,898.26,903.95,5543
2021-08-23 09:15:00,904.15,954.65,904.15,951.41,68552
2021-08-23 10:15:00,953.18,996.43,950.29,990.24,466730
2021-08-23 11:15:00,989.06,996.28,972.32,988.18,237854
2021-08-23 12:15:00,989.55,991.17,976.79,985.58,135767
2021-08-23 13:15:00,984.6,1005.26,980.72,995.15,211909
2021-08-23 14:15:00,996.28,1011.15,968.79,1000.74,331408
2021-08-23 15:15:00,1000.74,1007.18,990.0,997.21,114962
2021-08-24 09:15:00,999.22,1006.24,963.78,999.37,159041
2021-08-24 10:15:00,999.32,1000.35,987.2,993.82,55312
2021-08-24 11:15:00,993.19,995.93,989.6,990.58,27449
2021-08-24 12:15:00,990.04,994.36,982.68,992.99,24904
2021-08-24 13:15:00,993.48,999.37,988.47,994.36,33215
2021-08-24 14:15:00,994.07,996.43,985.92,992.5,307488
2021-08-24 15:15:00,992.5,994.95,984.25,992.11,24625
2021-08-25 09:15:00,992.11,1006.73,984.15,1001.33,67090
2021-08-25 10:15:00,1000.79,1030.74,994.36,1025.93,236884
2021-08-25 11:15:00,1025.93,1035.69,1010.17,1017.19,184724
2021-08-25 12:15:00,1017.24,1024.4,1017.04,1019.99,48635
2021-08-25 13:15:00,1019.05,1020.97,1009.83,1013.36,32619
2021-08-25 14:15:00,1014.0,1016.4,994.27,996.92,57211
2021-08-25 15:15:00,996.43,1005.26,991.52,1000.35,32873
2021-08-26 09:15:00,1000.35,1011.15,990.14,1003.98,69953
2021-08-26 10:15:00,1002.9,1015.08,1002.86,1014.1,26497
2021-08-26 11:15:00,1014.05,1014.88,1006.24,1012.87,15902
2021-08-26 12:15:00,1012.23,1013.11,1008.21,1010.91,10497
2021-08-26 13:15:00,1010.91,1012.13,1004.28,1011.45,8685
2021-08-26 14:15:00,1011.54,1019.0,1006.24,1016.06,37539
2021-08-26 15:15:00,1016.06,1017.78,1011.15,1011.15,14249
2021-08-27 09:15:00,1025.88,1031.23,1012.18,1021.8,65595
2021-08-27 10:15:00,1022.78,1025.83,1004.67,1016.06,27081
2021-08-27 11:15:00,1015.32,1023.91,1013.21,1023.27,11449
2021-08-27 12:15:00,1023.37,1024.89,1016.65,1018.76,13727
2021-08-27 13:15:00,1018.07,1024.75,1018.07,1023.81,7743
2021-08-27 14:15:00,1023.81,1029.17,1021.21,1026.66,25816
2021-08-27 15:15:00,1025.88,1029.75,1020.97,1025.68,23516
2021-08-30 09:15:00,1035.69,1065.14,1031.08,1059.79,111033
2021-08-30 10:15:00,1058.71,1071.62,1057.05,1060.43,50484
2021-08-30 11:15:00,1060.38,1060.83,1056.95,1059.25,14704
2021-08-30 12:15:00,1059.25,1064.02,1057.09,1060.29,9661
2021-08-30 13:15:00,1061.12,1064.16,1057.98,1064.16,13528
2021-08-30 14:15:00,1064.16,1089.54,1062.64,1088.61,156376
2021-08-30 15:15:00,1088.71,1107.26,1087.23,1090.96,75480
2021-08-31 09:15:00,1097.54,1103.68,1074.96,1088.75,51228
2021-08-31 10:15:00,1089.59,1111.38,1082.37,1101.12,38401
2021-08-31 11:15:00,1103.04,1103.87,1091.99,1101.52,11999
2021-08-31 12:15:00,1101.52,1108.34,1097.74,1105.1,30161
2021-08-31 13:15:00,1104.41,1106.57,1083.94,1086.84,21016
2021-08-31 14:15:00,1086.84,1094.6,1075.89,1075.89,20445
2021-08-31 15:15:00,1075.85,1079.87,1049.39,1069.76,18382
2021-09-01 09:15:00,1065.98,1069.07,1051.01,1064.16,25340
2021-09-01 10:15:00,1064.16,1070.05,1055.82,1067.35,17637
2021-09-01 11:15:00,1068.38,1072.02,1058.27,1065.93,16836
2021-09-01 12:15:00,1066.08,1066.96,1055.33,1057.44,8177
2021-09-01 13:15:00,1057.09,1063.72,1051.45,1059.55,8033
2021-09-01 14:15:00,1060.09,1060.09,1050.42,1055.67,18932
2021-09-01 15:15:00,1055.67,1062.64,1050.42,1055.33,8494
2021-09-02 09:15:00,1056.21,1079.77,1050.42,1056.21,24307
2021-09-02 10:15:00,1056.21,1063.62,1054.89,1058.32,12027
2021-09-02 11:15:00,1058.37,1059.84,1050.96,1053.36,9592
2021-09-02 12:15:00,1053.36,1055.08,1045.51,1051.94,10193
2021-09-02 13:15:00,1052.68,1059.06,1050.47,1058.71,9745
2021-09-02 14:15:00,1057.68,1064.65,1052.78,1058.96,15256
2021-09-02 15:15:00,1059.45,1062.2,1053.56,1062.2,6991
2021-09-03 09:15:00,1065.14,1076.63,1060.04,1075.01,24258
2021-09-03 10:15:00,1075.01,1078.89,1072.02,1073.64,21218
2021-09-03 11:15:00,1073.64,1074.67,1061.76,1063.38,28779
2021-09-03 12:15:00,1063.52,1068.09,1054.44,1054.44,16192
2021-09-03 13:15:00,1054.39,1059.25,1050.42,1053.85,10997
2021-09-03 14:15:00,1053.9,1059.45,1031.57,1034.22,25547
2021-09-03 15:15:00,1033.63,1060.24,1027.35,1055.23,16206
2021-09-06 09:15:00,1060.24,1107.26,1055.33,1100.49,174188
2021-09-06 10:15:00,1099.75,1100.53,1086.1,1098.82,54470
2021-09-06 11:15:00,1098.96,1106.18,1095.63,1101.86,57059
2021-09-06 12:15:00,1101.81,1104.41,1095.63,1096.36,31210
2021-09-06 13:15:00,1097.39,1103.92,1094.84,1103.38,25021
2021-09-06 14:15:00,1101.96,1127.97,1098.57,1104.95,101805
2021-09-06 15:15:00,1107.11,1119.04,1100.88,1118.16,38711
2021-09-07 09:15:00,1119.14,1156.1,1114.23,1143.53,181291
2021-09-07 10:15:00,1142.01,1149.57,1135.58,1148.05,46904
2021-09-07 11:15:00,1148.05,1154.48,1145.35,1149.82,43645
2021-09-07 12:15:00,1151.44,1162.33,1146.63,1150.8,55487
2021-09-07 13:15:00,1151.04,1155.95,1137.2,1142.75,38722
2021-09-07 14:15:00,1143.63,1161.35,1142.75,1158.11,37750
2021-09-07 15:15:00,1159.34,1192.77,1159.14,1170.28,86946
2021-09-08 09:15:00,1192.67,1201.99,1170.28,1183.24,135378
2021-09-08 10:15:00,1181.53,1186.14,1180.0,1180.69,17151
2021-09-08 11:15:00,1180.4,1183.39,1171.76,1180.45,21471
2021-09-08 12:15:00,1180.35,1181.67,1172.35,1173.13,17290
2021-09-08 13:15:00,1173.13,1180.99,1173.13,1177.25,8956
2021-09-08 14:15:00,1177.25,1179.02,1169.2,1177.25,28617
2021-09-08 15:15:00,1177.84,1179.07,1168.22,1173.23,14968
2021-09-09 09:15:00,1176.57,1207.49,1153.01,1202.29,79910
2021-09-09 10:15:00,1202.58,1206.51,1192.81,1203.52,52339
2021-09-09 11:15:00,1203.52,1207.49,1196.69,1202.48,62473
2021-09-09 12:15:00,1201.6,1204.55,1199.34,1202.53,31139
2021-09-09 13:15:00,1202.53,1205.13,1194.29,1201.4,28052
2021-09-09 14:15:00,1201.4,1216.13,1201.4,1209.45,78553
2021-09-09 15:15:00,1209.45,1210.39,1187.91,1197.67,29408
2021-09-13 09:15:00,1209.45,1244.8,1209.45,1241.85,190670
2021-09-13 10:15:00,1242.44,1260.75,1241.85,1251.62,104965
2021-09-13 11:15:00,1252.45,1254.17,1248.72,1253.83,41664
2021-09-13 12:15:00,1253.83,1253.83,1248.43,1251.62,36263
2021-09-13 13:15:00,1251.57,1254.61,1248.04,1251.08,43071
2021-09-13 14:15:00,1251.08,1252.65,1231.74,1232.38,109674
2021-09-13 15:15:00,1233.06,1253.63,1233.06,1244.84,38542
2021-09-14 09:15:00,1251.67,1295.84,1247.74,1291.43,186411
2021-09-14 10:15:00,1289.95,1312.53,1289.95,1305.17,139859
2021-09-14 11:15:00,1305.22,1339.04,1302.18,1331.92,123608
2021-09-14 12:15:00,1331.92,1378.65,1330.2,1355.83,276882
2021-09-14 13:15:00,1355.83,1366.48,1337.62,1349.84,160344
2021-09-14 14:15:00,1348.95,1471.37,1337.71,1447.91,280718
2021-09-14 15:15:00,1446.04,1490.12,1433.28,1464.7,150355
2021-09-15 09:15:00,1464.7,1498.03,1398.24,1420.32,273052
2021-09-15 10:15:00,1419.39,1423.37,1401.97,1407.81,44856
2021-09-15 11:15:00,1407.76,1420.52,1406.73,1419.54,27865
2021-09-15 12:15:00,1417.97,1420.52,1408.84,1419.24,16354
2021-09-15 13:15:00,1419.49,1421.94,1412.27,1412.67,26858
2021-09-15 14:15:00,1412.91,1413.65,1407.02,1413.65,40525
2021-09-15 15:15:00,1413.65,1415.86,1405.75,1414.63,35023
2021-09-16 09:15:00,1421.16,1422.68,1327.26,1336.88,62903
2021-09-16 10:15:00,1336.88,1355.92,1336.63,1341.59,24369
2021-09-16 11:15:00,1341.05,1349.79,1340.12,1343.36,9547
2021-09-16 12:15:00,1343.36,1351.26,1343.36,1349.69,8034
2021-09-16 13:15:00,1348.81,1377.08,1348.81,1368.49,25675
2021-09-16 14:15:00,1369.47,1427.39,1369.32,1427.39,127593
2021-09-16 15:15:00,1427.39,1429.36,1404.86,1422.24,40278
2021-09-17 09:15:00,1435.49,1435.49,1384.2,1389.11,30346
2021-09-17 10:15:00,1389.25,1391.27,1369.47,1374.33,11909
2021-09-17 11:15:00,1374.33,1376.25,1353.76,1368.34,20681
2021-09-17 12:15:00,1367.51,1374.38,1367.51,1371.83,11840
2021-09-17 13:15:00,1371.68,1374.38,1369.42,1373.35,9095
2021-09-17 14:15:00,1373.35,1396.96,1344.0,1384.69,1251441
2021-09-17 15:15:00,1384.69,1408.74,1383.22,1407.76,928961
2021-09-20 09:15:00,1364.56,1404.81,1362.21,1396.96,14663
2021-09-20 10:15:00,1397.01,1405.79,1396.03,1402.85,5966
2021-09-20 11:15:00,1401.43,1403.63,1384.3,1386.16,3787
2021-09-20 12:15:00,1386.6,1402.6,1386.6,1402.6,2709
2021-09-20 13:15:00,1402.6,1402.6,1389.2,1393.03,1774
2021-09-20 14:15:00,1393.03,1398.92,1360.78,1360.78,7722
2021-09-20 15:15:00,1362.6,1362.6,1349.84,1360.59,3006
2021-09-21 09:15:00,1374.18,1374.18,1326.37,1326.37,9230
2021-09-21 10:15:00,1326.37,1372.32,1297.07,1346.11,10950
2021-09-21 11:15:00,1346.11,1349.89,1325.64,1349.84,4238
2021-09-21 12:15:00,1351.46,1354.75,1345.27,1349.84,2169
2021-09-21 13:15:00,1349.84,1388.76,1349.2,1379.48,10615
2021-09-21 14:15:00,1379.29,1382.82,1371.39,1381.3,8725
2021-09-21 15:15:00,1380.81,1381.1,1364.91,1378.36,2073
2021-09-22 09:15:00,1379.29,1397.94,1379.29,1388.07,7756
2021-09-22 10:15:00,1386.75,1387.93,1354.99,1361.62,5133
2021-09-22 11:15:00,1362.55,1376.98,1355.73,1364.56,3275
2021-09-22 12:15:00,1366.18,1384.15,1360.05,1375.07,2496
2021-09-22 13:15:00,1374.43,1379.14,1368.49,1372.71,1037
2021-09-22 14:15:00,1374.33,1374.38,1367.16,1374.33,2118
2021-09-22 15:15:00,1374.04,1388.12,1369.62,1379.29,8655
2021-09-23 09:15:00,1384.2,1407.76,1357.05,1381.15,9916
2021-09-23 10:15:00,1378.31,1381.15,1378.31,1379.29,959
2021-09-23 11:15:00,1379.24,1379.29,1377.37,1377.77,1530
2021-09-23 12:15:00,1377.82,1378.31,1361.62,1368.39,1769
2021-09-23 13:15:00,1365.15,1370.45,1327.26,1354.99,13620
2021-09-23 14:15:00,1354.75,1362.5,1347.83,1358.67,3867
2021-09-23 15:15:00,1358.67,1361.57,1353.08,1358.53,3259
2021-09-24 09:15:00,1355.73,1381.01,1355.73,1362.4,4539
2021-09-24 10:15:00,1363.63,1367.85,1349.94,1360.05,3491
2021-09-24 11:15:00,1359.65,1363.58,1320.83,1339.48,13098
2021-09-24 12:15:00,1337.91,1340.81,1334.03,1337.47,2314
2021-09-24 13:15:00,1335.65,1388.91,1332.41,1379.29,35867
2021-09-24 14:15:00,1378.11,1384.15,1369.32,1376.74,12914
2021-09-24 15:15:00,1376.79,1377.57,1363.09,1363.97,5724
2021-09-27 09:15:00,1397.94,1399.07,1368.1,1379.29,11417
2021-09-27 10:15:00,1378.94,1383.41,1374.38,1376.64,5411
2021-09-27 11:15:00,1376.44,1379.34,1362.99,1369.96,4321
2021-09-27 12:15:00,1369.86,1372.37,1356.32,1368.29,4254
2021-09-27 13:15:00,1369.47,1369.47,1359.26,1365.1,1352
2021-09-27 14:15:00,1364.22,1366.18,1351.8,1355.87,4610
2021-09-27 15:15:00,1355.34,1366.87,1340.02,1366.53,7735
2021-09-28 09:15:00,1364.56,1380.66,1359.41,1361.47,10955
2021-09-28 10:15:00,1361.91,1368.49,1356.61,1356.66,143919
2021-09-28 11:15:00,1355.83,1361.27,1347.87,1359.56,13430
2021-09-28 12:15:00,1359.61,1360.24,1357.3,1359.65,11549
2021-09-28 13:15:00,1359.07,1359.65,1349.89,1359.65,5617
2021-09-28 14:15:00,1358.57,1428.23,1352.54,1401.38,52264
2021-09-28 15:15:00,1401.38,1423.42,1400.15,1412.72,48989
2021-09-29 09:15:00,1395.0,1413.65,1395.0,1401.08,47645
2021-09-29 10:15:00,1401.18,1405.3,1384.2,1398.87,14075
2021-09-29 11:15:00,1398.48,1403.78,1393.57,1402.6,9617
2021-09-29 12:15:00,1402.55,1403.73,1384.25,1394.01,18042
2021-09-29 13:15:00,1394.01,1397.94,1390.33,1397.2,2821
2021-09-29 14:15:00,1397.35,1397.94,1386.16,1386.36,8422
2021-09-29 15:15:00,1385.87,1396.91,1379.53,1389.89,10155
2021-09-30 09:15:00,1389.89,1413.55,1379.34,1398.14,23469
2021-09-30 10:15:00,1398.92,1402.85,1390.48,1393.52,11864
2021-09-30 11:15:00,1391.17,1394.01,1379.29,1384.98,8935
2021-09-30 12:15:00,1384.88,1386.95,1380.37,1384.54,2942
2021-09-30 13:15:00,1384.2,1386.75,1380.56,1383.71,4306
2021-09-30 14:15:00,1384.84,1392.93,1375.36,1384.2,17711
2021-09-30 15:15:00,1384.59,1386.26,1376.39,1383.56,4730
2021-10-01 09:15:00,1374.38,1401.87,1369.37,1399.9,19703
2021-10-01 10:15:00,1398.92,1413.55,1397.74,1405.5,52219
2021-10-01 11:15:00,1405.5,1420.62,1397.99,1403.14,92905
2021-10-01 12:15:00,1402.26,1417.08,1384.54,1395.29,177833
2021-10-01 13:15:00,1396.37,1405.94,1392.35,1400.69,18864
2021-10-01 14:15:00,1400.59,1403.83,1394.01,1400.89,10046
2021-10-01 15:15:00,1400.98,1408.74,1390.04,1398.38,9058
2021-10-04 09:15:00,1411.1,1417.57,1392.59,1415.22,33343
2021-10-04 10:15:00,1416.1,1443.1,1406.43,1415.37,106956
2021-10-04 11:15:00,1415.91,1428.37,1413.16,1421.4,29704
2021-10-04 12:15:00,1420.18,1427.0,1404.32,1412.42,56051
2021-10-04 13:15:00,1412.13,1423.66,1389.55,1407.51,114060
2021-10-04 14:15:00,1407.61,1418.75,1401.18,1416.59,14308
2021-10-04 15:15:00,1416.99,1417.08,1403.93,1415.42,9482
2021-10-05 09:15:00,1433.28,1435.98,1411.68,1420.47,15798
2021-10-05 10:15:00,1419.78,1425.43,1418.51,1422.04,3654
2021-10-05 11:15:00,1422.04,1423.47,1420.52,1423.47,3909
2021-10-05 12:15:00,1423.47,1427.88,1421.01,1425.08,8070
2021-10-05 13:15:00,1425.08,1425.77,1416.79,1422.14,4198
2021-10-05 14:15:00,1422.39,1422.68,1406.97,1416.79,7610
2021-10-05 15:15:00,1417.87,1422.68,1411.68,1415.42,3325
2021-10-06 09:15:00,1418.56,1433.43,1415.61,1423.47,10069
2021-10-06 10:15:00,1422.63,1427.39,1421.5,1425.48,5303
2021-10-06 11:15:00,1425.43,1428.32,1421.5,1425.53,2764
2021-10-06 12:15:00,1427.34,1427.34,1420.52,1423.17,2849
2021-10-06 13:15:00,1421.6,1422.14,1413.65,1419.64,3376
2021-10-06 14:15:00,1418.56,1418.56,1398.92,1403.39,7323
2021-10-06 15:15:00,1403.49,1412.67,1398.92,1404.96,2944
2021-10-07 09:15:00,1416.59,1418.56,1401.62,1418.36,5847
2021-10-07 10:15:00,1416.0,1452.57,1414.83,1445.01,55449
2021-10-07 11:15:00,1444.82,1445.85,1442.46,1443.0,28241
2021-10-07 12:15:00,1443.05,1443.1,1441.97,1443.1,9366
2021-10-07 13:15:00,1443.1,1445.06,1438.78,1443.74,19715
2021-10-07 14:15:00,1443.74,1444.08,1433.28,1443.05,23106
2021-10-07 15:15:00,1441.09,1443.1,1436.28,1441.38,5235
2021-10-08 09:15:00,1471.57,1472.55,1442.36,1454.83,28775
2021-10-08 10:15:00,1453.16,1455.86,1432.69,1438.19,5581
2021-10-08 11:15:00,1439.17,1442.61,1430.98,1436.23,2790
2021-10-08 12:15:00,1434.85,1434.85,1424.35,1429.85,4263
2021-10-08 13:15:00,1430.83,1438.73,1425.87,1433.28,3636
2021-10-08 14:15:00,1433.28,1438.09,1426.41,1429.94,7038
2021-10-08 15:15:00,1428.18,1438.19,1428.18,1434.21,4338
2021-10-11 09:15:00,1418.56,1461.75,1417.38,1446.29,16684
2021-10-11 10:15:00,1445.46,1447.12,1436.57,1443.05,4904
2021-10-11 11:15:00,1444.18,1445.06,1429.7,1440.74,3223
2021-10-11 12:15:00,1440.74,1445.06,1431.32,1441.23,5593
2021-10-11 13:15:00,1440.15,1444.08,1436.18,1439.12,2267
2021-10-11 14:15:00,1441.43,1444.57,1431.81,1438.09,4018
2021-10-11 15:15:00,1439.76,1443.1,1432.3,1437.95,3890
2021-10-12 09:15:00,1448.94,1448.94,1414.63,1423.81,85146
2021-10-12 10:15:00,1422.48,1427.88,1405.4,1412.03,8543
2021-10-12 11:15:00,1413.99,1420.37,1409.18,1413.16,1879
2021-10-12 12:15:00,1413.16,1420.57,1411.1,1416.94,1718
2021-10-12 13:15:00,1418.36,1418.56,1408.98,1413.7,950
2021-10-12 14:15:00,1415.95,1420.77,1413.65,1415.95,3091
2021-10-12 15:15:00,1415.71,1419.54,1408.74,1415.71,2801
2021-10-13 09:15:00,1413.65,1423.47,1394.95,1405.79,9847
2021-10-13 10:15:00,1405.89,1408.74,1394.01,1402.6,4556
2021-10-13 11:15:00,1403.73,1407.51,1401.18,1407.51,1710
2021-10-13 12:15:00,1407.51,1412.57,1399.95,1404.42,1502
2021-10-13 13:15:00,1404.42,1412.57,1401.77,1411.14,2715
2021-10-13 14:15:00,1411.14,1452.92,1411.14,1433.77,20900
2021-10-13 15:15:00,1431.37,1440.15,1423.47,1434.31,4409
2021-10-14 09:15:00,1442.12,1447.03,1429.4,1431.96,4716
2021-10-14 10:15:00,1429.5,1436.08,1426.41,1427.88,2405
2021-10-14 11:15:00,1428.18,1431.71,1425.87,1426.9,1410
2021-10-14 12:15:00,1428.42,1433.28,1427.83,1429.26,1925
2021-10-14 13:15:00,1430.93,1433.28,1426.7,1430.19,2677
2021-10-14 14:15:00,1430.63,1438.19,1430.63,1434.12,3171
2021-10-14 15:15:00,1434.26,1434.26,1419.64,1430.98,2953
2021-10-18 09:15:00,1482.51,1490.12,1435.59,1441.97,46498
2021-10-18 10:15:00,1442.12,1452.92,1442.12,1444.72,10617
2021-10-18 11:15:00,1444.47,1452.92,1439.71,1440.06,13095
2021-10-18 12:15:00,1440.1,1450.95,1440.1,1449.23,4838
2021-10-18 13:15:00,1449.23,1458.32,1445.9,1453.21,8362
2021-10-18 14:15:00,1453.31,1456.84,1444.33,1454.34,10716
2021-10-18 15:15:00,1453.95,1456.79,1443.1,1452.13,7697
2021-10-19 09:15:00,1486.29,1487.28,1403.83,1421.65,77016
2021-10-19 10:15:00,1422.88,1434.02,1414.48,1428.32,11201
2021-10-19 11:15:00,1429.11,1433.28,1423.27,1432.3,6086
2021-10-19 12:15:00,1432.3,1433.28,1428.37,1429.85,3940
2021-10-19 13:15:00,1429.8,1433.28,1425.43,1431.71,3785
2021-10-19 14:15:00,1431.76,1444.82,1424.45,1424.45,18909
2021-10-19 15:15:00,1424.5,1436.52,1408.94,1427.1,8144
2021-10-20 09:15:00,1424.15,1424.15,1277.19,1381.15,50588
2021-10-20 10:15:00,1381.25,1382.14,1346.6,1353.22,12551
2021-10-20 11:15:00,1354.65,1354.84,1315.48,1320.29,14633
2021-10-20 12:15:00,1317.59,1324.95,1302.18,1320.44,16526
2021-10-20 13:15:00,1319.06,1325.05,1300.75,1302.72,14008
2021-10-20 14:15:00,1302.23,1329.22,1297.61,1328.39,14085
2021-10-20 15:15:00,1329.32,1340.02,1326.23,1327.31,5357
2021-10-21 09:15:00,1339.73,1350.52,1328.24,1344.93,8233
2021-10-21 10:15:00,1342.38,1344.93,1327.31,1329.42,3304
2021-10-21 11:15:00,1329.61,1343.51,1329.61,1338.16,2589
2021-10-21 12:15:00,1339.97,1340.02,1332.66,1336.44,1057
2021-10-21 13:15:00,1337.71,1344.93,1335.11,1335.11,3425
2021-10-21 14:15:00,1335.11,1336.0,1326.28,1326.28,5681
2021-10-21 15:15:00,1326.33,1328.19,1315.48,1325.25,3222
2021-10-22 09:15:00,1325.3,1344.93,1325.3,1340.85,9930
2021-10-22 10:15:00,1341.93,1341.93,1325.3,1333.1,3134
2021-10-22 11:15:00,1333.05,1333.25,1320.39,1322.35,2166
2021-10-22 12:15:00,1322.94,1329.17,1303.4,1315.33,3175
2021-10-22 13:15:00,1312.78,1334.13,1301.73,1326.37,5186
2021-10-22 14:15:00,1331.92,1352.73,1323.04,1341.74,9991
2021-10-22 15:15:00,1341.54,1348.86,1337.08,1347.87,3339
2021-10-25 09:15:00,1353.76,1368.59,1328.29,1338.16,14634
2021-10-25 10:15:00,1338.11,1354.75,1334.92,1345.71,7750
2021-10-25 11:15:00,1345.42,1356.71,1341.44,1343.46,4937
2021-10-25 12:15:00,1343.46,1356.71,1343.26,1347.19,2031
2021-10-25 13:15:00,1349.1,1362.6,1337.91,1355.38,9396
2021-10-25 14:15:00,1351.9,1355.38,1330.2,1338.65,5244
2021-10-25 15:15:00,1338.6,1338.6,1307.62,1329.66,3578
2021-10-26 09:15:00,1329.66,1335.01,1316.46,1325.3,9293
2021-10-26 10:15:00,1326.87,1328.73,1316.46,1318.42,3406
2021-10-26 11:15:00,1319.45,1321.86,1312.53,1319.21,1124
2021-10-26 12:15:00,1319.11,1320.19,1314.5,1319.99,689
2021-10-26 13:15:00,1315.43,1316.9,1304.68,1307.13,3119
2021-10-26 14:15:00,1305.66,1310.18,1303.7,1303.99,2632
2021-10-26 15:15:00,1303.99,1315.48,1300.85,1308.07,2205
2021-10-27 09:15:00,1306.1,1321.86,1305.66,1315.97,3412
2021-10-27 10:15:00,1315.97,1317.44,1311.55,1316.07,1424
2021-10-27 11:15:00,1316.07,1316.66,1306.74,1308.12,1464
2021-10-27 12:15:00,1310.13,1312.53,1305.91,1307.92,719
2021-10-27 13:15:00,1307.62,1308.12,1302.13,1304.68,994
2021-10-27 14:15:00,1305.71,1312.53,1299.97,1306.25,3667
2021-10-27 15:15:00,1306.25,1308.66,1295.84,1304.09,2281
2021-10-28 09:15:00,1305.66,1332.51,1287.21,1325.15,18063
2021-10-28 10:15:00,1324.31,1324.9,1312.53,1316.31,3591
2021-10-28 11:15:00,1316.71,1317.98,1309.59,1312.29,3216
2021-10-28 12:15:00,1313.32,1319.36,1310.47,1316.56,1731
2021-10-28 13:15:00,1317.64,1324.07,1311.75,1313.51,4166
2021-10-28 14:15:00,1313.47,1329.27,1308.85,1313.47,7151
2021-10-28 15:15:00,1313.51,1315.48,1305.86,1310.91,3447
2021-10-29 09:15:00,1301.1,1325.3,1281.12,1319.01,15161
2021-10-29 10:15:00,1319.01,1323.33,1308.9,1317.78,17031
2021-10-29 11:15:00,1317.78,1322.89,1306.64,1307.77,3106
2021-10-29 12:15:00,1306.45,1314.89,1305.71,1309.78,662
2021-10-29 13:15:00,1309.78,1315.48,1308.61,1310.08,901
2021-10-29 14:15:00,1310.08,1315.48,1306.74,1315.33,2182
2021-10-29 15:15:00,1315.48,1317.44,1306.74,1312.88,2992
2021-11-01 09:15:00,1312.53,1406.78,1311.75,1389.89,50599
2021-11-01 10:15:00,1382.58,1395.14,1362.6,1380.32,30121
2021-11-01 11:15:00,1380.86,1380.86,1356.95,1357.25,10159
2021-11-01 12:15:00,1350.62,1368.98,1327.21,1362.35,15722
2021-11-01 13:15:00,1359.9,1373.4,1359.61,1364.46,4160
2021-11-01 14:15:00,1364.51,1377.23,1358.87,1374.33,26261
2021-11-01 15:15:00,1372.37,1374.38,1368.64,1372.86,5936
2021-11-02 09:15:00,1383.22,1383.22,1358.72,1358.72,4253
2021-11-02 10:15:00,1358.67,1371.43,1357.69,1370.5,1857
2021-11-02 11:15:00,1370.45,1371.04,1362.85,1364.51,1435
2021-11-02 12:15:00,1364.46,1367.9,1362.85,1364.32,826
2021-11-02 13:15:00,1365.99,1369.47,1361.03,1362.31,2270
2021-11-02 14:15:00,1363.34,1364.56,1344.93,1352.78,4439
2021-11-02 15:15:00,1351.8,1359.65,1335.11,1349.89,2730
2021-11-03 09:15:00,1349.84,1385.18,1317.78,1339.87,11229
2021-11-03 10:15:00,1340.17,1343.21,1338.6,1341.0,644
2021-11-03 11:15:00,1341.0,1342.97,1335.75,1338.3,940
2021-11-03 12:15:00,1338.01,1351.31,1337.57,1337.57,1540
2021-11-03 13:15:00,1339.87,1348.32,1336.58,1337.47,1742
2021-11-03 14:15:00,1336.04,1344.93,1335.11,1338.25,2401
2021-11-03 15:15:00,1336.78,1341.54,1330.2,1335.9,1346
2021-11-04 17:15:00,1342.18,1342.18,1342.18,1342.18,11
2021-11-04 18:15:00,1342.18,1359.65,1314.79,1342.28,10635
2021-11-08 09:15:00,1354.21,1366.53,1337.81,1347.48,4691
2021-11-08 10:15:00,1347.48,1349.84,1338.06,1347.83,1906
2021-11-08 11:15:00,1349.84,1358.67,1342.43,1356.17,3189
2021-11-08 12:15:00,1356.22,1365.99,1352.93,1358.67,6548
2021-11-08 13:15:00,1358.67,1359.65,1345.17,1349.0,3612
2021-11-08 14:15:00,1349.1,1349.84,1344.63,1347.78,5225
2021-11-08 15:15:00,1346.45,1349.25,1345.52,1347.78,2213
2021-11-09 09:15:00,1347.78,1357.69,1344.49,1346.89,3962
2021-11-09 10:15:00,1346.5,1347.58,1344.93,1347.38,2354
2021-11-09 11:15:00,1342.47,1347.38,1342.47,1346.45,1992
2021-11-09 12:15:00,1346.89,1346.89,1343.8,1345.08,708
2021-11-09 13:15:00,1346.89,1347.68,1345.42,1346.25,2058
2021-11-09 14:15:00,1344.93,1347.58,1342.33,1343.01,2761
2021-11-09 15:15:00,1341.44,1344.93,1328.24,1339.43,2058
2021-11-10 09:15:00,1339.43,1357.05,1335.65,1337.86,4310
2021-11-10 10:15:00,1337.86,1339.43,1335.11,1336.58,907
2021-11-10 11:15:00,1338.06,1338.55,1310.57,1315.48,4588
2021-11-10 12:15:00,1318.96,1339.87,1315.53,1339.04,4109
2021-11-10 13:15:00,1337.42,1385.18,1337.42,1367.51,27490
2021-11-10 14:15:00,1367.51,1368.2,1344.93,1351.9,7869
2021-11-10 15:15:00,1351.56,1358.33,1350.87,1354.4,2886
2021-11-11 09:15:00,1354.75,1362.8,1344.93,1353.42,5281
2021-11-11 10:15:00,1353.42,1363.04,1345.37,1363.04,125697
2021-11-11 11:15:00,1363.09,1366.53,1360.1,1364.71,6370
2021-11-11 12:15:00,1364.56,1364.56,1352.1,1360.88,8124
2021-11-11 13:15:00,1361.42,1362.6,1356.71,1361.52,4539
2021-11-11 14:15:00,1358.77,1362.55,1356.71,1359.65,3824
2021-11-11 15:15:00,1358.33,1379.29,1356.76,1365.45,13021
2021-11-12 09:15:00,1379.29,1382.18,1347.87,1354.01,10620
2021-11-12 10:15:00,1353.86,1357.35,1341.1,1345.47,4496
2021-11-12 11:15:00,1343.41,1348.22,1343.41,1346.84,905
2021-11-12 12:15:00,1346.84,1354.7,1301.34,1317.15,17935
2021-11-12 13:15:00,1317.15,1329.86,1316.46,1318.03,9234
2021-11-12 14:15:00,1318.03,1333.74,1306.64,1331.19,15527
2021-11-12 15:15:00,1330.69,1332.17,1325.34,1330.4,7810
2021-11-15 09:15:00,1330.6,1340.02,1325.49,1332.95,3226
2021-11-15 10:15:00,1334.13,1335.75,1325.88,1330.74,2288
2021-11-15 11:15:00,1330.4,1335.01,1315.48,1323.87,2429
2021-11-15 12:15:00,1323.87,1330.2,1318.77,1324.12,2407
2021-11-15 13:15:00,1324.17,1343.95,1324.17,1339.09,2202
2021-11-15 14:15:00,1339.09,1347.78,1321.91,1334.77,8002
2021-11-15 15:15:00,1335.26,1348.86,1334.13,1339.14,3664
2021-11-16 09:15:00,1340.02,1351.75,1317.34,1329.81,5639
2021-11-16 10:15:00,1329.81,1334.82,1320.39,1320.39,1933
2021-11-16 11:15:00,1321.37,1328.24,1320.39,1324.17,1693
2021-11-16 12:15:00,1322.64,1324.31,1322.45,1322.94,650
2021-11-16 13:15:00,1324.31,1324.31,1314.69,1318.52,7857
2021-11-16 14:15:00,1318.28,1322.74,1314.69,1316.66,4226
2021-11-16 15:15:00,1316.8,1321.37,1310.13,1314.69,2928
2021-11-17 09:15:00,1314.69,1325.3,1298.35,1302.47,5679
2021-11-17 10:15:00,1302.23,1310.86,1299.77,1301.98,2601
2021-11-17 11:15:00,1301.98,1307.97,1300.85,1304.68,2623
2021-11-17 12:15:00,1304.63,1304.68,1299.77,1302.72,2436
2021-11-17 13:15:00,1302.72,1303.7,1299.03,1301.64,2396
2021-11-17 14:15:00,1301.64,1301.69,1291.43,1294.67,4633
2021-11-17 15:15:00,1292.95,1295.35,1286.08,1291.33,3826
2021-11-18 09:15:00,1291.33,1301.24,1261.48,1262.52,11572
2021-11-18 10:15:00,1260.01,1267.47,1242.29,1260.6,8942
2021-11-18 11:15:00,1261.48,1261.48,1251.67,1256.58,3711
2021-11-18 12:15:00,1256.58,1260.26,1252.6,1259.13,1077
2021-11-18 13:15:00,1261.44,1261.48,1258.74,1261.48,1758
2021-11-18 14:15:00,1261.48,1267.37,1259.72,1259.72,6746
2021-11-18 15:15:00,1260.85,1266.39,1243.81,1257.85,7135
2021-11-22 09:15:00,1238.02,1249.7,1215.3,1233.9,8635
2021-11-22 10:15:00,1233.9,1239.79,1233.02,1234.83,1996
2021-11-22 11:15:00,1234.73,1264.43,1232.03,1233.11,4812
2021-11-22 12:15:00,1232.87,1266.39,1230.27,1258.69,3565
2021-11-22 13:15:00,1258.69,1282.74,1256.58,1278.12,8216
2021-11-22 14:15:00,1279.16,1354.75,1272.19,1298.79,83818
2021-11-22 15:15:00,1295.79,1314.25,1284.31,1311.11,13238
2021-11-23 09:15:00,1310.57,1314.99,1277.24,1281.12,10562
2021-11-23 10:15:00,1283.13,1296.87,1272.43,1281.12,5811
2021-11-23 11:15:00,1281.22,1295.79,1276.21,1280.19,4047
2021-11-23 12:15:00,1280.63,1281.85,1257.7,1271.3,8337
2021-11-23 13:15:00,1271.6,1290.84,1271.6,1283.28,5473
2021-11-23 14:15:00,1282.93,1299.38,1282.93,1296.14,5527
2021-11-23 15:15:00,1296.83,1325.3,1295.84,1303.06,5001
2021-11-24 09:15:00,1323.33,1323.33,1296.33,1297.81,6208
2021-11-24 10:15:00,1299.72,1302.18,1297.81,1299.53,529
2021-11-24 11:15:00,1297.46,1305.61,1290.94,1292.8,2410
2021-11-24 12:15:00,1294.08,1300.07,1291.67,1298.35,1083
2021-11-24 13:15:00,1296.58,1298.3,1290.94,1291.38,1683
2021-11-24 14:15:00,1290.94,1296.68,1267.33,1268.01,4145
2021-11-24 15:15:00,1267.47,1276.21,1263.84,1272.33,2500
2021-11-25 09:15:00,1266.69,1301.39,1266.69,1294.13,6883
2021-11-25 10:15:00,1295.75,1298.79,1290.05,1294.18,2502
2021-11-25 11:15:00,1295.84,1300.65,1289.66,1294.96,2444
2021-11-25 12:15:00,1296.97,1296.97,1287.4,1296.33,1066
2021-11-25 13:15:00,1296.33,1296.83,1288.97,1293.59,906
2021-11-25 14:15:00,1295.94,1296.78,1288.97,1295.79,2131
2021-11-25 15:15:00,1295.45,1295.79,1290.94,1292.95,1871
2021-11-26 09:15:00,1276.21,1299.72,1251.67,1266.59,8430
2021-11-26 10:15:00,1268.36,1268.36,1246.76,1263.55,2410
2021-11-26 11:15:00,1264.43,1266.1,1254.37,1263.55,958
2021-11-26 12:15:00,1265.41,1265.41,1261.48,1263.06,615
2021-11-26 13:15:00,1262.27,1282.44,1261.98,1262.47,2285
2021-11-26 14:15:00,1264.92,1281.17,1256.58,1259.47,3890
2021-11-26 15:15:00,1258.88,1275.23,1258.88,1266.2,1647
2021-11-29 09:15:00,1266.2,1271.2,1210.09,1241.31,6539
2021-11-29 10:15:00,1238.66,1271.6,1238.46,1263.89,4772
2021-11-29 11:15:00,1264.43,1295.01,1257.95,1282.84,11837
2021-11-29 12:15:00,1286.08,1297.46,1278.52,1284.85,3320
2021-11-29 13:15:00,1283.72,1300.75,1282.05,1294.81,3748
2021-11-29 14:15:00,1294.81,1295.84,1277.24,1283.47,4799
2021-11-29 15:15:00,1283.47,1295.84,1283.08,1287.35,2243
2021-11-30 09:15:00,1294.18,1307.62,1289.81,1290.0,6230
2021-11-30 10:15:00,1290.0,1299.38,1278.17,1281.12,1637
2021-11-30 11:15:00,1281.12,1281.22,1268.7,1276.21,1190
2021-11-30 12:15:00,1277.83,1283.92,1272.14,1274.49,380
2021-11-30 13:15:00,1273.17,1288.38,1273.17,1281.56,809
2021-11-30 14:15:00,1282.44,1319.4,1282.44,1309.64,24914
2021-11-30 15:15:00,1311.45,1315.82,1287.5,1307.67,5702
2021-12-01 09:15:00,1303.7,1317.05,1286.13,1286.13,6110
2021-12-01 10:15:00,1286.03,1295.7,1286.03,1293.34,607
2021-12-01 11:15:00,1291.92,1304.68,1289.46,1295.65,2087
2021-12-01 12:15:00,1295.45,1304.68,1295.4,1297.02,2566
2021-12-01 13:15:00,1297.86,1299.97,1288.97,1288.97,1200
2021-12-01 14:15:00,1288.97,1315.23,1279.2,1296.14,9364
2021-12-01 15:15:00,1297.81,1304.68,1291.28,1298.69,1363
2021-12-02 09:15:00,1300.75,1309.49,1295.6,1307.43,2300
2021-12-02 10:15:00,1303.65,1315.18,1297.07,1301.64,6612
2021-12-02 11:15:00,1301.64,1303.35,1297.81,1299.33,565
2021-12-02 12:15:00,1299.57,1302.03,1295.84,1300.51,1455
2021-12-02 13:15:00,1296.78,1301.73,1286.91,1295.01,1754
2021-12-02 14:15:00,1295.06,1308.61,1289.95,1303.4,5080
2021-12-02 15:15:00,1304.68,1304.68,1290.94,1300.85,1887
2021-12-03 09:15:00,1289.17,1303.16,1288.68,1297.22,1760
2021-12-03 10:15:00,1296.63,1304.68,1296.14,1303.55,382
2021-12-03 11:15:00,1303.7,1309.74,1298.3,1306.69,3039
2021-12-03 12:15:00,1306.84,1318.03,1301.05,1306.69,4174
2021-12-03 13:15:00,1306.69,1313.51,1300.85,1309.2,2018
2021-12-03 14:15:00,1304.48,1310.03,1294.27,1296.97,2746
2021-12-03 15:15:00,1300.56,1303.84,1277.19,1292.56,2637
2021-12-06 09:15:00,1295.84,1296.83,1285.44,1294.86,2165
2021-12-06 10:15:00,1294.42,1296.83,1293.83,1294.96,589
2021-12-06 11:15:00,1294.76,1304.48,1293.88,1297.86,1737
2021-12-06 12:15:00,1297.91,1297.91,1275.87,1287.99,3380
2021-12-06 13:15:00,1286.91,1290.49,1279.74,1283.38,1261
2021-12-06 14:15:00,1284.85,1284.85,1269.73,1272.58,2006
2021-12-06 15:15:00,1272.58,1285.83,1268.36,1277.88,748
2021-12-07 09:15:00,1284.65,1286.71,1275.18,1282.3,1614
2021-12-07 10:15:00,1280.73,1283.57,1276.41,1280.68,984
2021-12-07 11:15:00,1276.7,1295.84,1276.7,1291.13,1455
2021-12-07 12:15:00,1290.98,1291.77,1282.35,1288.33,839
2021-12-07 13:15:00,1288.48,1295.35,1280.28,1291.38,1466
2021-12-07 14:15:00,1291.33,1295.4,1281.22,1282.49,2268
2021-12-07 15:15:00,1283.03,1285.19,1276.75,1276.75,1873
2021-12-08 09:15:00,1285.98,1298.35,1285.83,1294.13,1862
2021-12-08 10:15:00,1294.57,1298.74,1291.18,1295.21,1023
2021-12-08 11:15:00,1296.48,1296.78,1292.65,1294.72,255
2021-12-08 12:15:00,1294.72,1294.81,1288.48,1291.28,451
2021-12-08 13:15:00,1291.77,1305.51,1291.48,1297.51,5575
2021-12-08 14:15:00,1294.67,1308.61,1293.39,1304.83,2516
2021-12-08 15:15:00,1305.02,1310.57,1301.44,1306.59,2104
2021-12-09 09:15:00,1305.66,1313.51,1294.81,1304.48,2152
2021-12-09 10:15:00,1300.51,1307.62,1300.46,1305.37,644
2021-12-09 11:15:00,1306.84,1308.61,1304.58,1305.56,762
2021-12-09 12:15:00,1305.71,1368.49,1305.66,1320.58,11745
2021-12-09 13:15:00,1321.07,1322.35,1300.07,1307.77,4173
2021-12-09 14:15:00,1307.72,1321.27,1299.97,1318.28,3573
2021-12-09 15:15:00,1316.26,1326.67,1310.57,1319.5,3434
2021-12-10 09:15:00,1307.53,1323.18,1307.53,1315.13,2660
2021-12-10 10:15:00,1315.48,1319.8,1312.68,1315.28,862
2021-12-10 11:15:00,1317.44,1319.21,1313.27,1314.74,347
2021-12-10 12:15:00,1313.71,1316.61,1304.34,1305.02,2579
2021-12-10 13:15:00,1305.17,1313.12,1304.68,1310.86,192
2021-12-10 14:15:00,1310.62,1317.88,1306.64,1311.21,2734
2021-12-10 15:15:00,1311.21,1317.2,1305.66,1312.43,1735
2021-12-13 09:15:00,1312.43,1333.64,1312.43,1326.28,9780
2021-12-13 10:15:00,1326.23,1331.38,1322.01,1322.5,2550
2021-12-13 11:15:00,1324.31,1325.3,1320.39,1323.14,73301
2021-12-13 12:15:00,1323.14,1331.28,1316.41,1325.3,4611
2021-12-13 13:15:00,1324.56,1330.15,1317.59,1323.43,3803
2021-12-13 14:15:00,1323.43,1328.39,1307.23,1316.56,3127
2021-12-13 15:15:00,1316.21,1318.67,1306.64,1311.99,952
2021-12-14 09:15:00,1295.84,1299.72,1284.06,1286.91,3967
2021-12-14 10:15:00,1286.86,1286.91,1267.52,1272.58,5662
2021-12-14 11:15:00,1272.68,1275.72,1242.19,1259.18,10554
2021-12-14 12:15:00,1258.88,1264.43,1255.59,1261.78,4807
2021-12-14 13:15:00,1261.98,1266.34,1258.29,1262.76,3485
2021-12-14 14:15:00,1262.27,1271.3,1256.77,1258.64,6734
2021-12-14 15:15:00,1258.88,1264.33,1251.67,1260.8,2704
2021-12-15 09:15:00,1258.59,1288.97,1236.94,1242.83,6426
2021-12-15 10:15:00,1241.36,1251.52,1238.91,1243.08,5426
2021-12-15 11:15:00,1241.9,1250.05,1241.85,1247.0,2206
2021-12-15 12:15:00,1246.76,1251.18,1246.76,1248.72,2178
2021-12-15 13:15:00,1250.64,1262.47,1249.85,1249.85,3541
2021-12-15 14:15:00,1251.03,1254.66,1242.34,1250.54,2430
2021-12-15 15:15:00,1250.59,1251.47,1239.99,1244.94,1615
2021-12-16 09:15:00,1256.58,1258.78,1234.98,1235.22,3064
2021-12-16 10:15:00,1235.22,1241.56,1227.13,1229.09,2272
2021-12-16 11:15:00,1228.6,1232.03,1218.68,1219.47,2023
2021-12-16 12:15:00,1219.47,1234.54,1219.27,1229.82,1907
2021-12-16 13:15:00,1231.98,1240.03,1229.97,1230.46,1399
2021-12-16 14:15:00,1230.36,1235.17,1202.53,1205.53,10168
2021-12-16 15:15:00,1203.76,1212.4,1202.63,1206.26,4244
2021-12-17 09:15:00,1208.67,1221.63,1181.33,1200.77,6641
2021-12-17 10:15:00,1200.28,1200.67,1181.28,1200.62,3726
2021-12-17 11:15:00,1200.62,1215.88,1194.39,1215.3,4220
2021-12-17 12:15:00,1212.55,1294.72,1210.29,1267.37,55497
2021-12-17 13:15:00,1267.33,1276.21,1263.69,1274.25,50402
2021-12-17 14:15:00,1275.28,1276.21,1251.67,1268.75,48880
2021-12-17 15:15:00,1268.75,1276.21,1246.76,1268.31,16993
2021-12-20 09:15:00,1247.74,1249.85,1209.11,1217.31,12447
2021-12-20 10:15:00,1217.31,1217.31,1212.4,1217.26,6130
2021-12-20 11:15:00,1215.84,1225.26,1199.78,1224.18,7011
2021-12-20 12:15:00,1224.18,1231.05,1222.07,1227.91,4380
2021-12-20 13:15:00,1227.22,1265.41,1225.85,1255.1,6585
2021-12-20 14:15:00,1252.11,1295.5,1249.66,1292.11,25462
2021-12-20 15:15:00,1292.16,1296.83,1272.48,1289.12,8596
2021-12-21 09:15:00,1286.03,1286.03,1242.54,1257.56,25377
2021-12-21 10:15:00,1258.54,1265.17,1251.67,1263.45,3883
2021-12-21 11:15:00,1263.45,1274.25,1261.93,1269.34,2956
2021-12-21 12:15:00,1267.87,1272.97,1262.42,1265.46,2610
2021-12-21 13:15:00,1268.36,1268.36,1251.72,1257.07,3124
2021-12-21 14:15:00,1257.07,1265.31,1244.3,1261.63,6687
2021-12-21 15:15:00,1260.5,1261.48,1246.91,1256.87,3062
2021-12-22 09:15:00,1251.67,1272.28,1251.67,1263.84,3771
2021-12-22 10:15:00,1262.91,1263.79,1256.67,1262.27,2004
2021-12-22 11:15:00,1262.27,1263.15,1257.56,1262.47,1323
2021-12-22 12:15:00,1261.39,1274.59,1257.12,1273.31,2071
2021-12-22 13:15:00,1273.66,1281.07,1268.36,1279.65,9321
2021-12-22 14:15:00,1279.55,1288.97,1276.21,1280.23,12388
2021-12-22 15:15:00,1280.23,1283.08,1267.91,1280.82,4354
2021-12-23 09:15:00,1281.17,1281.17,1253.04,1268.75,5024
2021-12-23 10:15:00,1268.75,1276.21,1264.43,1270.47,1393
2021-12-23 11:15:00,1269.68,1275.18,1268.95,1272.43,535
2021-12-23 12:15:00,1271.3,1272.19,1270.42,1271.3,30
2021-12-23 13:15:00,1270.52,1276.21,1268.06,1272.72,2409
2021-12-23 14:15:00,1275.23,1276.21,1268.9,1271.84,5189
2021-12-23 15:15:00,1271.74,1276.21,1263.1,1271.3,2948
2021-12-24 09:15:00,1261.48,1276.21,1258.88,1263.45,2540
2021-12-24 10:15:00,1263.94,1275.23,1261.53,1273.95,1133
2021-12-24 11:15:00,1275.18,1276.21,1267.28,1269.34,1950
2021-12-24 12:15:00,1269.34,1276.21,1268.31,1271.3,921
2021-12-24 13:15:00,1272.28,1287.01,1272.28,1279.35,10069
2021-12-24 14:15:00,1281.12,1283.03,1270.12,1276.21,4325
2021-12-24 15:15:00,1276.21,1281.12,1268.85,1274.79,1734
2021-12-27 09:15:00,1271.3,1271.3,1254.37,1260.55,4167
2021-12-27 10:15:00,1260.99,1262.47,1241.9,1251.67,4603
2021-12-27 11:15:00,1251.67,1260.11,1247.54,1252.31,1125
2021-12-27 12:15:00,1252.26,1257.85,1249.41,1255.55,1313
2021-12-27 13:15:00,1255.05,1258.54,1251.67,1251.77,1447
2021-12-27 14:15:00,1251.67,1268.55,1250.1,1254.71,2487
2021-12-27 15:15:00,1254.71,1262.42,1254.61,1257.46,746
2021-12-28 09:15:00,1273.66,1276.06,1262.71,1268.36,1932
2021-12-28 10:15:00,1268.36,1271.15,1266.34,1268.21,676
2021-12-28 11:15:00,1268.6,1271.11,1265.9,1269.24,773
2021-12-28 12:15:00,1267.23,1274.79,1267.23,1269.34,763
2021-12-28 13:15:00,1270.03,1270.07,1266.98,1268.8,325
2021-12-28 14:15:00,1267.87,1274.74,1267.82,1271.11,1559
2021-12-28 15:15:00,1271.11,1271.3,1266.39,1269.14,838
2021-12-29 09:15:00,1269.14,1300.75,1267.37,1275.82,12114
2021-12-29 10:15:00,1276.16,1276.95,1271.89,1275.57,2744
2021-12-29 11:15:00,1276.21,1281.12,1273.46,1275.03,3959
2021-12-29 12:15:00,1275.03,1277.39,1273.22,1276.21,3689
2021-12-29 13:15:00,1276.21,1280.38,1270.12,1271.3,1396
2021-12-29 14:15:00,1272.82,1275.08,1262.22,1268.26,2050
2021-12-29 15:15:00,1266.79,1268.01,1252.16,1263.25,2217
2021-12-30 09:15:00,1256.58,1280.14,1256.53,1275.23,4888
2021-12-30 10:15:00,1275.23,1280.09,1271.25,1271.4,2988
2021-12-30 11:15:00,1271.4,1286.03,1238.02,1250.64,50141
2021-12-30 12:15:00,1250.49,1271.3,1244.4,1270.76,8772
2021-12-30 13:15:00,1269.88,1269.88,1255.59,1258.1,1806
2021-12-30 14:15:00,1258.39,1263.4,1242.1,1242.1,3619
2021-12-30 15:15:00,1242.1,1246.76,1234.34,1241.95,4637
2021-12-31 09:15:00,1251.13,1260.45,1245.78,1254.37,2199
2021-12-31 10:15:00,1252.85,1254.02,1245.38,1247.99,1158
2021-12-31 11:15:00,1249.9,1250.29,1239.25,1240.97,2003
2021-12-31 12:15:00,1240.97,1252.6,1240.97,1241.85,2104
2021-12-31 13:15:00,1243.22,1247.35,1240.97,1241.85,967
2021-12-31 14:15:00,1241.85,1244.06,1232.03,1238.91,3596
2021-12-31 15:15:00,1240.13,1247.15,1239.99,1241.07,2287
2022-01-03 09:15:00,1253.63,1256.53,1234.64,1242.19,5372
2022-01-03 10:15:00,1243.76,1247.54,1238.91,1246.37,2853
2022-01-03 11:15:00,1244.84,1248.08,1239.99,1241.85,27579
2022-01-03 12:15:00,1240.33,1241.85,1238.61,1241.85,1256
2022-01-03 13:15:00,1241.85,1241.85,1238.91,1241.85,1444
2022-01-03 14:15:00,1241.85,1241.85,1236.25,1238.61,3474
2022-01-03 15:15:00,1240.48,1241.8,1234.98,1239.05,2184
2022-01-04 09:15:00,1239.15,1246.71,1232.08,1236.21,4825
2022-01-04 10:15:00,1236.25,1236.94,1234.0,1234.78,3116
2022-01-04 11:15:00,1233.06,1236.94,1233.02,1236.89,609
2022-01-04 12:15:00,1236.65,1236.65,1233.21,1234.24,1143
2022-01-04 13:15:00,1235.13,1236.94,1234.0,1236.45,2432
2022-01-04 14:15:00,1236.45,1236.94,1234.05,1235.42,3500
2022-01-04 15:15:00,1235.42,1236.84,1227.13,1233.02,2156
2022-01-05 09:15:00,1243.81,1260.06,1224.97,1239.84,9110
2022-01-05 10:15:00,1239.84,1241.85,1230.17,1232.03,1912
2022-01-05 11:15:00,1231.05,1243.47,1230.66,1237.38,4805
2022-01-05 12:15:00,1236.89,1236.89,1225.65,1228.11,3957
2022-01-05 13:15:00,1228.11,1229.14,1225.21,1227.13,1190
2022-01-05 14:15:00,1227.13,1229.09,1222.22,1223.2,3552
2022-01-05 15:15:00,1223.3,1226.83,1212.64,1222.31,2993
2022-01-06 09:15:00,1232.57,1236.35,1212.35,1213.33,7188
2022-01-06 10:15:00,1214.61,1215.79,1207.49,1212.4,5122
2022-01-06 11:15:00,1212.84,1217.31,1211.32,1211.42,3065
2022-01-06 12:15:00,1211.42,1218.09,1209.45,1215.15,1892
2022-01-06 13:15:00,1216.18,1216.82,1211.86,1213.48,1485
2022-01-06 14:15:00,1213.87,1216.72,1211.42,1214.02,3332
2022-01-06 15:15:00,1214.02,1216.82,1212.4,1213.38,1017
2022-01-07 09:15:00,1213.38,1222.76,1207.64,1214.66,4371
2022-01-07 10:15:00,1214.66,1217.31,1210.09,1212.35,3295
2022-01-07 11:15:00,1212.35,1214.61,1207.49,1212.69,1597
2022-01-07 12:15:00,1213.63,1215.0,1207.93,1214.31,984
2022-01-07 13:15:00,1214.36,1217.31,1208.91,1208.91,2850
2022-01-07 14:15:00,1208.57,1214.02,1208.47,1208.52,2007
2022-01-07 15:15:00,1208.52,1217.31,1207.49,1212.1,2880
2022-01-10 09:15:00,1212.4,1217.06,1197.18,1201.85,9118
2022-01-10 10:15:00,1200.72,1202.58,1196.15,1201.01,3783
2022-01-10 11:15:00,1201.6,1206.17,1187.86,1195.17,4195
2022-01-10 12:15:00,1194.73,1212.25,1194.73,1205.53,4218
2022-01-10 13:15:00,1207.05,1210.09,1204.5,1206.85,2575
2022-01-10 14:15:00,1207.49,1212.4,1188.25,1195.02,8802
2022-01-10 15:15:00,1195.07,1196.5,1188.94,1194.04,3241
2022-01-11 09:15:00,1202.58,1202.58,1188.3,1193.8,3155
2022-01-11 10:15:00,1194.73,1207.49,1194.73,1197.67,3122
2022-01-11 11:15:00,1196.69,1205.53,1196.69,1198.66,1716
2022-01-11 12:15:00,1198.66,1206.51,1198.36,1202.98,1807
2022-01-11 13:15:00,1202.58,1204.5,1198.26,1200.37,1629
2022-01-11 14:15:00,1201.7,1203.22,1196.69,1197.97,3159
2022-01-11 15:15:00,1203.86,1204.06,1178.38,1192.23,4117
2022-01-12 09:15:00,1206.51,1210.24,1197.23,1198.41,4956
2022-01-12 10:15:00,1198.85,1204.01,1197.62,1201.11,1492
2022-01-12 11:15:00,1202.09,1204.2,1191.93,1199.98,3160
2022-01-12 12:15:00,1199.98,1204.15,1198.66,1202.58,1934
2022-01-12 13:15:00,1202.53,1205.09,1201.8,1201.85,3143
2022-01-12 14:15:00,1201.85,1207.49,1201.6,1205.33,7093
2022-01-12 15:15:00,1201.8,1204.74,1197.92,1202.44,3146
2022-01-13 09:15:00,1212.4,1212.4,1198.41,1201.4,6196
2022-01-13 10:15:00,1199.69,1202.53,1192.23,1200.57,1491
2022-01-13 11:15:00,1199.39,1205.63,1197.53,1204.64,1702
2022-01-13 12:15:00,1205.43,1205.48,1202.58,1202.68,1413
2022-01-13 13:15:00,1204.1,1205.53,1199.0,1199.24,1395
2022-01-13 14:15:00,1198.66,1205.43,1196.89,1205.13,2035
2022-01-13 15:15:00,1202.63,1207.49,1202.63,1206.17,2352
2022-01-14 09:15:00,1202.44,1215.84,1194.39,1208.47,3359
2022-01-14 10:15:00,1208.47,1210.44,1204.2,1205.09,2312
2022-01-14 11:15:00,1204.74,1209.85,1202.58,1209.85,547
2022-01-14 12:15:00,1207.74,1210.44,1197.77,1200.13,2705
2022-01-14 13:15:00,1201.8,1212.4,1200.13,1209.5,5319
2022-01-14 14:15:00,1209.45,1210.63,1201.6,1202.68,3499
2022-01-14 15:15:00,1203.96,1205.13,1195.71,1201.5,4360
2022-01-17 09:15:00,1211.42,1211.42,1202.63,1205.82,2367
2022-01-17 10:15:00,1206.66,1207.44,1202.58,1206.26,1883
2022-01-17 11:15:00,1207.39,1207.39,1203.56,1203.86,990
2022-01-17 12:15:00,1204.55,1205.38,1202.58,1204.55,729
2022-01-17 13:15:00,1203.61,1207.25,1197.97,1200.37,2186
2022-01-17 14:15:00,1200.37,1203.56,1197.97,1199.05,2916
2022-01-17 15:15:00,1198.95,1207.0,1198.02,1201.9,1572
2022-01-18 09:15:00,1209.45,1209.45,1197.67,1199.44,3212
2022-01-18 10:15:00,1198.46,1204.15,1197.77,1199.69,758
2022-01-18 11:15:00,1199.64,1205.38,1199.64,1204.64,706
2022-01-18 12:15:00,1205.48,1206.51,1197.67,1197.67,1893
2022-01-18 13:15:00,1197.67,1201.16,1192.77,1192.77,1622
2022-01-18 14:15:00,1192.77,1198.26,1181.97,1186.48,4179
2022-01-18 15:15:00,1186.43,1191.05,1180.05,1186.97,2779
2022-01-19 09:15:00,1186.88,1186.88,1154.92,1170.97,10532
2022-01-19 10:15:00,1171.56,1171.95,1161.89,1163.02,1967
2022-01-19 11:15:00,1161.6,1170.19,1156.64,1165.38,2712
2022-01-19 12:15:00,1163.31,1168.22,1160.37,1160.37,1167
2022-01-19 13:15:00,1162.97,1168.17,1160.57,1163.27,1580
2022-01-19 14:15:00,1163.31,1170.68,1161.45,1167.93,2946
2022-01-19 15:15:00,1167.93,1171.66,1163.36,1165.28,1928
2022-01-20 09:15:00,1172.15,1179.41,1160.32,1166.26,3033
2022-01-20 10:15:00,1168.17,1172.2,1163.31,1167.83,1345
2022-01-20 11:15:00,1167.83,1196.69,1165.28,1193.01,6819
2022-01-20 12:15:00,1192.57,1196.69,1167.24,1167.68,9296
2022-01-20 13:15:00,1168.22,1169.7,1105.59,1164.89,55849
2022-01-20 14:15:00,1168.22,1177.84,1151.24,1164.49,10492
2022-01-20 15:15:00,1164.25,1168.27,1163.41,1168.27,5849
2022-01-21 09:15:00,1134.4,1142.7,1109.32,1129.94,15071
2022-01-21 10:15:00,1129.99,1130.92,1125.62,1128.96,2432
2022-01-21 11:15:00,1129.84,1138.77,1128.96,1133.32,4398
2022-01-21 12:15:00,1133.32,1135.58,1126.8,1133.13,2057
2022-01-21 13:15:00,1131.31,1133.96,1128.02,1131.26,1562
2022-01-21 14:15:00,1131.26,1132.1,1119.14,1125.72,4645
2022-01-21 15:15:00,1125.67,1133.77,1119.97,1124.98,2998
2022-01-24 09:15:00,1111.28,1132.88,1084.78,1084.78,12261
2022-01-24 10:15:00,1086.1,1086.74,1075.31,1082.03,5220
2022-01-24 11:15:00,1082.03,1082.08,1052.04,1059.4,10167
2022-01-24 12:15:00,1057.83,1059.94,1043.35,1049.44,6707
2022-01-24 13:15:00,1048.8,1058.27,1030.79,1053.81,6275
2022-01-24 14:15:00,1053.85,1079.87,1052.53,1079.72,5295
2022-01-24 15:15:00,1078.64,1079.87,1071.82,1078.84,1933
2022-01-25 09:15:00,1059.21,1070.05,1034.81,1045.17,10334
2022-01-25 10:15:00,1045.17,1045.17,1033.53,1037.66,6153
2022-01-25 11:15:00,1037.56,1037.56,1032.16,1034.47,5728
2022-01-25 12:15:00,1032.8,1035.15,1025.04,1025.97,8092
2022-01-25 13:15:00,1025.97,1037.66,1021.46,1036.92,7497
2022-01-25 14:15:00,1036.92,1037.66,1004.03,1017.53,29413
2022-01-25 15:15:00,1016.06,1018.91,1011.1,1015.42,6342
2022-01-27 09:15:00,1011.15,1011.15,974.83,976.5,15453
2022-01-27 10:15:00,975.61,988.52,972.86,982.73,12455
2022-01-27 11:15:00,983.32,986.61,979.39,983.07,3877
2022-01-27 12:15:00,983.17,996.57,983.07,996.57,2740
2022-01-27 13:15:00,998.39,998.39,992.94,995.54,3224
2022-01-27 14:15:00,995.54,998.39,976.79,986.56,4525
2022-01-27 15:15:00,989.41,1020.97,979.93,991.27,4487
2022-01-28 09:15:00,1006.14,1089.69,1004.03,1067.11,32723
2022-01-28 10:15:00,1066.32,1068.68,1043.55,1049.98,9187
2022-01-28 11:15:00,1048.9,1065.05,1048.9,1054.98,6261
2022-01-28 12:15:00,1055.38,1064.21,1055.33,1062.2,2711
2022-01-28 13:15:00,1063.08,1069.07,1049.34,1052.58,8678
2022-01-28 14:15:00,1050.42,1052.38,1037.95,1042.61,8509
2022-01-28 15:15:00,1043.94,1047.28,1030.79,1039.52,3358
2022-01-31 09:15:00,1040.6,1058.71,1023.32,1031.47,10153
2022-01-31 10:15:00,1031.96,1037.66,1022.0,1023.86,2303
2022-01-31 11:15:00,1023.86,1031.03,1018.22,1029.66,3638
2022-01-31 12:15:00,1029.66,1032.06,1019.1,1023.91,3084
2022-01-31 13:15:00,1020.67,1020.97,1010.17,1013.02,5183
2022-01-31 14:15:00,1013.61,1013.61,999.57,1001.33,7965
2022-01-31 15:15:00,1001.33,1009.09,1001.28,1003.3,5072
2022-02-01 09:15:00,1003.3,1050.42,1003.3,1039.33,18434
2022-02-01 10:15:00,1040.16,1040.16,1030.79,1035.06,3668
2022-02-01 11:15:00,1035.06,1035.06,1023.08,1027.74,5967
2022-02-01 12:15:00,1028.09,1039.23,1023.37,1032.26,7332
2022-02-01 13:15:00,1032.26,1048.46,1032.26,1048.46,7356
2022-02-01 14:15:00,1049.44,1163.31,1047.47,1152.42,251424
2022-02-01 15:15:00,1151.58,1178.04,1133.27,1144.37,118692
2022-02-02 09:15:00,1148.59,1173.13,1100.98,1111.68,96020
2022-02-02 10:15:00,1111.19,1127.97,1109.32,1121.3,21447
2022-02-02 11:15:00,1122.38,1146.63,1119.24,1146.63,32956
2022-02-02 12:15:00,1144.91,1176.08,1139.75,1163.31,62417
2022-02-02 13:15:00,1163.36,1186.88,1163.31,1167.24,64554
2022-02-02 14:15:00,1167.34,1169.25,1128.07,1132.73,38671
2022-02-02 15:15:00,1132.83,1148.39,1109.66,1129.3,20446
2022-02-03 09:15:00,1126.01,1126.01,1101.96,1118.65,15512
2022-02-03 10:15:00,1117.37,1119.09,1104.07,1105.89,4503
2022-02-03 11:15:00,1105.89,1116.24,1101.47,1103.43,3865
2022-02-03 12:15:00,1103.43,1109.32,1094.6,1109.32,4674
2022-02-03 13:15:00,1109.27,1117.96,1107.06,1107.36,5668
2022-02-03 14:15:00,1106.13,1113.49,1104.41,1104.46,4954
2022-02-03 15:15:00,1105.3,1105.3,1082.08,1094.25,8570
2022-02-04 09:15:00,1092.63,1123.06,1091.11,1104.81,19523
2022-02-04 10:15:00,1101.76,1107.7,1094.94,1099.5,6187
2022-02-04 11:15:00,1096.56,1098.23,1083.75,1090.62,6950
2022-02-04 12:15:00,1089.69,1090.37,1080.95,1083.8,1175
2022-02-04 13:15:00,1083.8,1095.58,1078.89,1091.65,7495
2022-02-04 14:15:00,1089.29,1090.03,1060.73,1066.03,9689
2022-02-04 15:15:00,1067.26,1071.97,1050.76,1065.14,9439
2022-02-07 09:15:00,1062.69,1128.66,1062.64,1124.05,41904
2022-02-07 10:15:00,1123.06,1151.58,1123.06,1133.62,48502
2022-02-07 11:15:00,1131.41,1140.69,1126.99,1130.77,18886
2022-02-07 12:15:00,1131.02,1132.44,1127.97,1128.96,11170
2022-02-07 13:15:00,1128.96,1131.31,1128.22,1128.96,10965
2022-02-07 14:15:00,1128.96,1129.79,1114.23,1115.51,23376
2022-02-07 15:15:00,1115.51,1118.94,1110.3,1113.64,6400
2022-02-08 09:15:00,1109.32,1167.24,1104.41,1132.98,77585
2022-02-08 10:15:00,1132.98,1133.86,1111.97,1111.97,19432
2022-02-08 11:15:00,1113.59,1115.9,1109.32,1114.23,32056
2022-02-08 12:15:00,1114.23,1131.95,1113.54,1122.13,25567
2022-02-08 13:15:00,1122.03,1126.8,1119.14,1121.4,4787
2022-02-08 14:15:00,1122.28,1132.83,1119.14,1120.61,13789
2022-02-08 15:15:00,1121.2,1126.21,1118.16,1120.41,8814
2022-02-09 09:15:00,1124.19,1147.46,1114.23,1122.97,18440
2022-02-09 10:15:00,1123.26,1125.37,1120.22,1123.02,3265
2022-02-09 11:15:00,1122.97,1126.8,1121.64,1123.9,1163
2022-02-09 12:15:00,1124.59,1133.27,1122.23,1129.4,5727
2022-02-09 13:15:00,1128.96,1130.82,1123.41,1125.03,8009
2022-02-09 14:15:00,1125.03,1127.92,1123.56,1124.05,20433
2022-02-09 15:15:00,1124.05,1126.94,1122.08,1124.1,10978
2022-02-10 09:15:00,1112.27,1135.73,1112.27,1134.8,7297
2022-02-10 10:15:00,1133.37,1135.93,1129.05,1129.99,2958
2022-02-10 11:15:00,1129.0,1129.99,1127.04,1128.27,1706
2022-02-10 12:15:00,1128.27,1129.05,1124.05,1128.42,2268
2022-02-10 13:15:00,1126.75,1143.63,1126.75,1131.7,5362
2022-02-10 14:15:00,1131.85,1138.33,1126.01,1131.16,3749
2022-02-10 15:15:00,1131.31,1134.35,1128.96,1130.43,1968
2022-02-11 09:15:00,1144.66,1144.66,1119.14,1128.96,5428
2022-02-11 10:15:00,1127.48,1128.86,1122.13,1128.07,1986
2022-02-11 11:15:00,1126.65,1126.7,1121.1,1121.1,1092
2022-02-11 12:15:00,1120.56,1129.59,1119.19,1128.76,1539
2022-02-11 13:15:00,1128.76,1135.68,1127.09,1132.73,3633
2022-02-11 14:15:00,1132.73,1132.83,1121.0,1128.51,3931
2022-02-11 15:15:00,1128.17,1129.1,1119.14,1125.18,2013
2022-02-14 09:15:00,1112.27,1118.25,1077.07,1089.34,7164
2022-02-14 10:15:00,1090.77,1093.27,1090.67,1091.6,1439
2022-02-14 11:15:00,1091.65,1093.42,1087.72,1091.65,1358
2022-02-14 12:15:00,1091.65,1099.5,1089.74,1099.5,1590
2022-02-14 13:15:00,1101.37,1104.66,1083.8,1083.8,2931
2022-02-14 14:15:00,1085.56,1089.15,1079.87,1079.87,6753
2022-02-14 15:15:00,1079.87,1080.85,1079.87,1080.36,2142
2022-02-15 09:15:00,1087.67,1100.34,1067.8,1067.89,5477
2022-02-15 10:15:00,1069.22,1082.91,1067.11,1079.92,3001
2022-02-15 11:15:00,1081.83,1082.91,1080.95,1082.77,950
2022-02-15 12:15:00,1082.77,1086.74,1079.87,1084.97,1258
2022-02-15 13:15:00,1086.69,1086.79,1079.87,1086.79,815
2022-02-15 14:15:00,1087.43,1103.43,1082.52,1092.98,3764
2022-02-15 15:15:00,1091.11,1097.54,1091.11,1096.66,864
2022-02-16 09:15:00,1124.05,1126.94,1110.35,1116.54,5979
2022-02-16 10:15:00,1115.01,1118.5,1111.19,1116.63,1416
2022-02-16 11:15:00,1118.65,1123.06,1113.74,1119.58,1395
2022-02-16 12:15:00,1119.63,1124.05,1114.47,1119.58,752
2022-02-16 13:15:00,1118.11,1122.97,1112.32,1118.16,1842
2022-02-16 14:15:00,1118.06,1124.05,1106.96,1109.47,4508
2022-02-16 15:15:00,1115.01,1124.05,1111.38,1123.06,2160
2022-02-17 09:15:00,1120.71,1132.88,1109.62,1116.14,4836
2022-02-17 10:15:00,1117.86,1123.6,1109.71,1116.73,4680
2022-02-17 11:15:00,1116.73,1119.14,1114.67,1118.7,314
2022-02-17 12:15:00,1116.68,1121.94,1100.34,1111.63,2283
2022-02-17 13:15:00,1109.66,1113.44,1091.55,1091.85,1143
2022-02-17 14:15:00,1093.42,1110.16,1082.18,1096.61,7157
2022-02-17 15:15:00,1097.64,1098.28,1080.85,1090.23,3561
2022-02-18 09:15:00,1090.67,1115.31,1078.2,1092.09,3796
2022-02-18 10:15:00,1092.78,1093.61,1089.69,1093.52,815
2022-02-18 11:15:00,1093.52,1104.12,1084.97,1104.07,1635
2022-02-18 12:15:00,1104.36,1115.21,1099.99,1112.51,3652
2022-02-18 13:15:00,1110.65,1120.07,1095.18,1096.95,7626
2022-02-18 14:15:00,1095.72,1104.02,1094.6,1094.6,3692
2022-02-18 15:15:00,1094.6,1097.49,1082.03,1092.29,3409
2022-02-21 09:15:00,1089.69,1089.69,1060.73,1073.39,12995
2022-02-21 10:15:00,1073.39,1076.14,1070.15,1074.03,2324
2022-02-21 11:15:00,1075.7,1076.14,1070.05,1073.24,2005
2022-02-21 12:15:00,1073.24,1073.24,1069.12,1071.23,1952
2022-02-21 13:15:00,1071.23,1073.1,1064.65,1068.34,1605
2022-02-21 14:15:00,1064.16,1067.35,1055.97,1056.41,3950
2022-02-21 15:15:00,1056.36,1058.27,1033.63,1036.23,6438
2022-02-22 09:15:00,1021.95,1093.91,1012.72,1087.53,20080
2022-02-22 10:15:00,1084.97,1104.41,1075.85,1095.58,69442
2022-02-22 11:15:00,1094.69,1096.8,1073.69,1076.14,23737
2022-02-22 12:15:00,1075.01,1078.89,1065.29,1070.05,18352
2022-02-22 13:15:00,1070.05,1109.32,1066.22,1108.34,44335
2022-02-22 14:15:00,1109.32,1109.32,1084.78,1099.06,48557
2022-02-22 15:15:00,1099.5,1114.23,1084.78,1097.49,21765
2022-02-23 09:15:00,1086.74,1103.23,1081.83,1082.13,12975
2022-02-23 10:15:00,1082.08,1096.17,1081.83,1088.07,3432
2022-02-23 11:15:00,1086.25,1091.6,1081.88,1083.55,2353
2022-02-23 12:15:00,1084.73,1088.66,1082.82,1086.55,1620
2022-02-23 13:15:00,1086.55,1088.66,1083.06,1086.45,929
2022-02-23 14:15:00,1085.76,1088.71,1070.05,1076.83,7545
2022-02-23 15:15:00,1076.78,1081.83,1060.04,1075.26,4882
2022-02-24 09:15:00,1062.2,1087.23,1062.2,1079.82,38198
2022-02-24 10:15:00,1079.38,1082.77,1073.34,1077.22,6773
2022-02-24 11:15:00,1078.3,1079.87,1051.45,1066.08,14072
2022-02-24 12:15:00,1065.93,1070.99,1033.04,1051.16,16374
2022-02-24 13:15:00,1051.2,1068.97,1050.42,1063.43,6379
2022-02-24 14:15:00,1063.18,1065.88,1050.42,1052.97,6992
2022-02-24 15:15:00,1050.71,1065.34,1050.42,1057.78,5742
2022-02-25 09:15:00,1050.42,1083.55,1050.42,1075.45,10832
2022-02-25 10:15:00,1074.18,1080.95,1072.7,1076.97,4779
2022-02-25 11:15:00,1078.59,1079.82,1073.34,1076.92,1570
2022-02-25 12:15:00,1076.92,1077.86,1061.56,1076.92,6429
2022-02-25 13:15:00,1077.42,1077.91,1072.02,1073.69,899
2022-02-25 14:15:00,1075.35,1079.67,1072.26,1079.43,3851
2022-02-25 15:15:00,1079.87,1096.56,1079.87,1084.43,4159
2022-02-28 09:15:00,1070.05,1084.39,1051.45,1068.09,3937
2022-02-28 10:15:00,1067.75,1068.09,1060.73,1065.14,2372
2022-02-28 11:15:00,1066.27,1068.09,1064.26,1067.84,635
2022-02-28 12:15:00,1067.99,1068.09,1065.73,1068.09,756
2022-02-28 13:15:00,1068.09,1068.09,1065.14,1065.14,831
2022-02-28 14:15:00,1065.19,1075.45,1063.08,1072.7,2073
2022-02-28 15:15:00,1067.11,1079.82,1062.25,1079.82,1627
2022-03-02 09:15:00,1077.22,1101.81,1074.27,1078.54,7957
2022-03-02 10:15:00,1078.54,1086.4,1076.78,1082.82,2505
2022-03-02 11:15:00,1082.82,1087.09,1080.12,1080.66,1209
2022-03-02 12:15:00,1080.66,1089.69,1071.03,1085.17,3975
2022-03-02 13:15:00,1084.48,1096.61,1081.64,1091.9,3231
2022-03-02 14:15:00,1094.99,1103.43,1089.69,1095.18,7251
2022-03-02 15:15:00,1098.18,1098.52,1066.47,1090.67,4916
2022-03-03 09:15:00,1096.36,1104.41,1094.35,1096.56,3852
2022-03-03 10:15:00,1098.38,1102.45,1090.62,1092.83,3736
2022-03-03 11:15:00,1094.64,1100.83,1094.2,1096.61,1077
2022-03-03 12:15:00,1094.35,1094.45,1083.94,1085.76,2164
2022-03-03 13:15:00,1085.76,1085.91,1077.91,1078.45,1155
2022-03-03 14:15:00,1080.12,1089.64,1072.07,1079.87,3235
2022-03-03 15:15:00,1073.98,1079.87,1056.95,1068.53,3938
2022-03-04 09:15:00,1079.87,1099.5,1068.68,1073.98,25050
2022-03-04 10:15:00,1072.46,1077.42,1070.05,1074.13,3044
2022-03-04 11:15:00,1073.29,1082.82,1070.99,1075.7,2761
2022-03-04 12:15:00,1076.38,1079.77,1070.05,1077.96,3701
2022-03-04 13:15:00,1076.63,1081.49,1070.05,1077.56,2931
2022-03-04 14:15:00,1076.68,1081.74,1065.39,1068.92,4121
2022-03-04 15:15:00,1066.86,1070.1,1057.39,1066.96,2655
2022-03-07 09:15:00,1030.79,1055.77,1026.02,1045.51,5347
2022-03-07 10:15:00,1046.34,1067.21,1043.74,1067.21,3401
2022-03-07 11:15:00,1067.21,1067.21,1053.81,1053.81,690
2022-03-07 12:15:00,1053.81,1098.52,1053.22,1072.36,7168
2022-03-07 13:15:00,1074.96,1082.82,1062.74,1074.67,2680
2022-03-07 14:15:00,1074.67,1077.51,1055.67,1061.27,3433
2022-03-07 15:15:00,1061.22,1081.83,1051.84,1064.95,3018
2022-03-08 09:15:00,1045.71,1071.38,1040.6,1045.12,9830
2022-03-08 10:15:00,1045.07,1047.03,1035.69,1037.17,5114
2022-03-08 11:15:00,1037.17,1050.17,1032.55,1035.06,6647
2022-03-08 12:15:00,1033.78,1046.49,1033.73,1041.29,2726
2022-03-08 13:15:00,1044.53,1047.28,1033.78,1042.22,6383
2022-03-08 14:15:00,1039.96,1043.06,1032.85,1038.64,6082
2022-03-08 15:15:00,1040.11,1042.71,1033.73,1037.51,4021
2022-03-09 09:15:00,1064.16,1072.02,1040.65,1054.59,4714
2022-03-09 10:15:00,1053.17,1063.38,1051.74,1052.82,2218
2022-03-09 11:15:00,1054.44,1074.96,1053.51,1066.91,17784
2022-03-09 12:15:00,1069.07,1070.05,1055.18,1057.29,17347
2022-03-09 13:15:00,1057.39,1063.18,1054.35,1062.2,11963
2022-03-09 14:15:00,1061.27,1062.59,1049.29,1052.38,7350
2022-03-09 15:15:00,1051.55,1053.22,1039.52,1048.7,4359
2022-03-10 09:15:00,1068.09,1068.09,1049.19,1060.29,3656
2022-03-10 10:15:00,1060.63,1064.7,1059.11,1062.94,1649
2022-03-10 11:15:00,1060.83,1063.72,1058.03,1058.03,1540
2022-03-10 12:15:00,1057.39,1061.22,1052.38,1055.72,1283
2022-03-10 13:15:00,1055.82,1063.67,1052.87,1055.33,1562
2022-03-10 14:15:00,1055.33,1059.75,1043.79,1051.25,1746
2022-03-10 15:15:00,1050.66,1062.2,1048.46,1052.53,1264
2022-03-11 09:15:00,1047.28,1069.02,1043.99,1059.79,5441
2022-03-11 10:15:00,1059.94,1071.03,1059.11,1065.19,2673
2022-03-11 11:15:00,1065.19,1073.98,1064.26,1066.57,1807
2022-03-11 12:15:00,1066.57,1072.16,1065.49,1068.97,3394
2022-03-11 13:15:00,1070.0,1073.24,1067.6,1068.58,2533
2022-03-11 14:15:00,1070.79,1073.93,1065.14,1065.14,5630
2022-03-11 15:15:00,1065.1,1072.02,1061.76,1069.81,2155
2022-03-14 09:15:00,1078.89,1123.95,1071.87,1114.72,28526
2022-03-14 10:15:00,1113.89,1119.87,1100.04,1111.28,17893
2022-03-14 11:15:00,1112.51,1116.0,1107.46,1111.97,12023
2022-03-14 12:15:00,1111.43,1118.55,1106.52,1112.22,15730
2022-03-14 13:15:00,1112.66,1153.4,1112.66,1148.1,33677
2022-03-14 14:15:00,1147.9,1214.36,1146.58,1182.51,179292
2022-03-14 15:15:00,1183.44,1189.82,1150.9,1183.83,30438
2022-03-15 09:15:00,1168.22,1197.77,1167.24,1183.93,35989
2022-03-15 10:15:00,1183.93,1185.89,1172.3,1179.66,5764
2022-03-15 11:15:00,1179.66,1179.66,1171.22,1175.09,2400
2022-03-15 12:15:00,1175.09,1176.76,1156.84,1159.24,8710
2022-03-15 13:15:00,1159.29,1165.03,1144.76,1161.99,8624
2022-03-15 14:15:00,1160.47,1161.3,1139.26,1146.58,10568
2022-03-15 15:15:00,1146.58,1147.61,1138.38,1143.98,4502
2022-03-16 09:15:00,1186.88,1186.88,1129.3,1156.98,29767
2022-03-16 10:15:00,1158.41,1172.69,1156.34,1164.79,7010
2022-03-16 11:15:00,1164.79,1168.22,1161.2,1163.22,4051
2022-03-16 12:15:00,1163.12,1167.04,1160.96,1165.47,2276
2022-03-16 13:15:00,1165.52,1170.68,1161.35,1166.41,3867
2022-03-16 14:15:00,1166.41,1181.97,1166.31,1181.97,16460
2022-03-16 15:15:00,1181.38,1186.88,1178.04,1180.25,7584
2022-03-17 09:15:00,1180.49,1202.58,1174.26,1178.19,12875
2022-03-17 10:15:00,1178.09,1189.92,1178.04,1185.6,7759
2022-03-17 11:15:00,1186.88,1191.69,1183.0,1186.92,6647
2022-03-17 12:15:00,1186.92,1189.77,1178.04,1180.99,3577
2022-03-17 13:15:00,1182.75,1185.89,1176.22,1179.32,4571
2022-03-17 14:15:00,1180.2,1187.32,1178.04,1178.04,21395
2022-03-17 15:15:00,1178.04,1182.95,1149.08,1170.48,22314
2022-03-21 09:15:00,1192.77,1199.64,1166.8,1172.15,22494
2022-03-21 10:15:00,1172.25,1182.26,1171.12,1179.17,4222
2022-03-21 11:15:00,1180.94,1180.94,1169.79,1171.02,1386
2022-03-21 12:15:00,1171.02,1173.13,1168.62,1171.56,839
2022-03-21 13:15:00,1172.3,1181.13,1170.87,1178.48,3888
2022-03-21 14:15:00,1178.48,1184.57,1175.0,1180.0,5595
2022-03-21 15:15:00,1180.94,1183.1,1166.41,1179.61,3594
2022-03-22 09:15:00,1180.0,1182.16,1157.18,1169.06,5267
2022-03-22 10:15:00,1169.01,1170.43,1160.86,1161.3,781
2022-03-22 11:15:00,1162.82,1163.02,1157.18,1160.52,1171
2022-03-22 12:15:00,1160.66,1175.63,1160.66,1171.32,3045
2022-03-22 13:15:00,1171.32,1177.99,1171.17,1172.44,2069
2022-03-22 14:15:00,1172.15,1177.99,1161.5,1177.99,2865
2022-03-22 15:15:00,1177.84,1177.84,1163.81,1174.16,1787
2022-03-23 09:15:00,1174.16,1182.75,1146.23,1152.52,9368
2022-03-23 10:15:00,1152.52,1152.52,1139.75,1141.03,8276
2022-03-23 11:15:00,1140.69,1154.58,1139.75,1150.55,7942
2022-03-23 12:15:00,1150.21,1150.5,1142.85,1147.66,3375
2022-03-23 13:15:00,1147.8,1148.59,1135.68,1139.66,76933
2022-03-23 14:15:00,1139.02,1149.57,1137.79,1145.5,30244
2022-03-23 15:15:00,1145.45,1168.81,1135.39,1148.98,14890
2022-03-24 09:15:00,1133.86,1141.77,1131.7,1136.91,5665
2022-03-24 10:15:00,1136.76,1136.76,1126.99,1131.65,9779
2022-03-24 11:15:00,1131.65,1133.08,1126.06,1128.96,2368
2022-03-24 12:15:00,1127.34,1132.83,1125.27,1127.58,2736
2022-03-24 13:15:00,1129.2,1129.54,1124.44,1127.68,2511
2022-03-24 14:15:00,1126.99,1128.96,1114.97,1120.17,8530
2022-03-24 15:15:00,1120.17,1121.98,1092.44,1110.6,15853
2022-03-25 09:15:00,1120.12,1120.12,1091.21,1092.58,11699
2022-03-25 10:15:00,1092.24,1095.53,1090.67,1091.31,2644
2022-03-25 11:15:00,1090.67,1100.58,1089.79,1097.88,5095
2022-03-25 12:15:00,1097.54,1104.17,1096.8,1103.33,3303
2022-03-25 13:15:00,1103.23,1103.23,1093.07,1096.07,1991
2022-03-25 14:15:00,1097.54,1108.29,1095.68,1099.55,4046
2022-03-25 15:15:00,1100.44,1109.32,1099.45,1103.82,2263
2022-03-28 09:15:00,1103.82,1103.82,1080.56,1082.37,4586
2022-03-28 10:15:00,1082.57,1082.72,1063.87,1072.02,11607
2022-03-28 11:15:00,1072.02,1076.24,1070.05,1071.92,1815
2022-03-28 12:15:00,1070.84,1075.94,1065.44,1074.03,7786
2022-03-28 13:15:00,1073.78,1075.31,1070.05,1073.19,2834
2022-03-28 14:15:00,1074.67,1080.9,1071.48,1072.16,8111
2022-03-28 15:15:00,1072.31,1075.89,1070.1,1075.45,2254
2022-03-29 09:15:00,1075.85,1089.44,1066.32,1067.75,9669
2022-03-29 10:15:00,1067.75,1071.82,1067.16,1068.24,2613
2022-03-29 11:15:00,1068.24,1072.02,1068.24,1068.87,1638
2022-03-29 12:15:00,1069.86,1071.97,1065.29,1067.65,4273
2022-03-29 13:15:00,1067.65,1075.5,1067.65,1075.5,5094
2022-03-29 14:15:00,1073.93,1083.26,1069.86,1075.11,11718
2022-03-29 15:15:00,1075.89,1079.87,1074.96,1076.63,3855
2022-03-30 09:15:00,1076.63,1101.96,1061.86,1066.76,37700
2022-03-30 10:15:00,1066.62,1072.02,1062.3,1069.37,5503
2022-03-30 11:15:00,1070.54,1075.45,1068.58,1071.38,3847
2022-03-30 12:15:00,1072.02,1079.87,1070.35,1079.28,4747
2022-03-30 13:15:00,1079.72,1079.87,1065.14,1069.66,5879
2022-03-30 14:15:00,1069.66,1074.81,1058.27,1058.32,7816
2022-03-30 15:15:00,1056.16,1077.81,1050.91,1061.32,4901
2022-03-31 09:15:00,1077.81,1077.81,1060.73,1066.62,5348
2022-03-31 10:15:00,1066.62,1066.62,1061.9,1064.36,3311
2022-03-31 11:15:00,1062.44,1065.1,1058.32,1063.82,4108
2022-03-31 12:15:00,1063.43,1067.06,1060.48,1062.69,2251
2022-03-31 13:15:00,1062.64,1065.14,1058.37,1060.68,3166
2022-03-31 14:15:00,1060.24,1066.27,1052.63,1055.28,7912
2022-03-31 15:15:00,1055.18,1062.2,1042.57,1052.38,6575
2022-04-01 09:15:00,1059.16,1066.96,1048.55,1064.75,10125
2022-04-01 10:15:00,1064.75,1064.75,1056.36,1060.14,4728
2022-04-01 11:15:00,1060.43,1060.43,1055.82,1057.59,1438
2022-04-01 12:15:00,1058.71,1059.45,1055.33,1055.87,1573
2022-04-01 13:15:00,1055.87,1065.14,1055.38,1055.38,3270
2022-04-01 14:15:00,1057.14,1063.38,1050.42,1060.83,6210
2022-04-01 15:15:00,1060.83,1063.13,1058.37,1061.41,1985
2022-04-04 09:15:00,1062.2,1090.57,1040.6,1077.12,31388
2022-04-04 10:15:00,1077.51,1094.6,1074.27,1093.91,9915
2022-04-04 11:15:00,1093.96,1106.77,1090.03,1099.5,12260
2022-04-04 12:15:00,1099.5,1110.5,1099.5,1104.41,19840
2022-04-04 13:15:00,1104.41,1106.13,1096.56,1099.95,38313
2022-04-04 14:15:00,1099.41,1101.37,1076.04,1080.85,12866
2022-04-04 15:15:00,1078.94,1085.17,1076.53,1085.17,3053
2022-04-05 09:15:00,1094.99,1110.25,1086.89,1102.45,7599
2022-04-05 10:15:00,1102.4,1102.4,1090.72,1095.18,7543
2022-04-05 11:15:00,1094.5,1099.21,1093.86,1098.23,2122
2022-04-05 12:15:00,1099.41,1100.24,1097.1,1098.91,1482
2022-04-05 13:15:00,1097.59,1099.06,1088.8,1090.87,4316
2022-04-05 14:15:00,1090.67,1098.47,1082.13,1087.04,15124
2022-04-05 15:15:00,1086.64,1094.4,1085.37,1087.77,3963
2022-04-06 09:15:00,1094.4,1124.05,1091.7,1098.23,18754
2022-04-06 10:15:00,1098.28,1105.39,1097.1,1102.01,5017
2022-04-06 11:15:00,1102.01,1104.31,1097.2,1099.5,7724
2022-04-06 12:15:00,1099.41,1099.5,1097.44,1099.36,2344
2022-04-06 13:15:00,1099.36,1099.45,1089.74,1098.52,6066
2022-04-06 14:15:00,1098.52,1098.52,1083.31,1089.69,12154
2022-04-06 15:15:00,1089.69,1091.55,1084.78,1089.69,4152
2022-04-07 09:15:00,1098.23,1098.28,1086.79,1090.03,6166
2022-04-07 10:15:00,1089.88,1093.96,1075.99,1081.74,7004
2022-04-07 11:15:00,1081.44,1084.68,1076.19,1078.89,4933
2022-04-07 12:15:00,1078.89,1082.47,1077.32,1079.77,889
2022-04-07 13:15:00,1079.77,1079.87,1066.72,1075.16,4636
2022-04-07 14:15:00,1073.44,1082.82,1073.44,1077.27,3455
2022-04-07 15:15:00,1078.4,1078.89,1071.08,1077.07,1606
2022-04-08 09:15:00,1087.72,1097.3,1079.82,1081.15,5475
2022-04-08 10:15:00,1081.78,1082.47,1077.02,1078.89,4983
2022-04-08 11:15:00,1078.79,1082.28,1076.53,1079.18,1731
2022-04-08 12:15:00,1079.87,1085.76,1078.54,1081.24,2186
2022-04-08 13:15:00,1082.62,1084.48,1077.96,1079.87,3266
2022-04-08 14:15:00,1080.56,1081.39,1076.09,1080.26,3190
2022-04-08 15:15:00,1081.59,1086.4,1056.11,1070.89,9305
2022-04-11 09:15:00,1079.38,1083.75,1074.96,1079.82,9086
2022-04-11 10:15:00,1078.89,1081.1,1077.96,1079.62,1951
2022-04-11 11:15:00,1079.58,1080.8,1078.45,1079.67,1063
2022-04-11 12:15:00,1079.62,1079.72,1074.96,1077.91,1204
2022-04-11 13:15:00,1077.71,1079.72,1076.09,1077.17,1199
2022-04-11 14:15:00,1076.43,1076.92,1060.78,1064.16,9676
2022-04-11 15:15:00,1064.16,1064.8,1055.52,1060.63,2939
2022-04-12 09:15:00,1050.71,1057.98,1041.14,1045.51,9740
2022-04-12 10:15:00,1044.68,1050.57,1040.6,1044.53,8793
2022-04-12 11:15:00,1044.43,1045.51,1038.74,1040.6,4941
2022-04-12 12:15:00,1040.6,1041.58,1035.74,1037.76,5652
2022-04-12 13:15:00,1038.59,1038.59,1034.66,1035.69,6980
2022-04-12 14:15:00,1035.69,1040.45,1034.71,1040.45,11566
2022-04-12 15:15:00,1040.45,1040.6,1035.74,1037.95,2856
2022-04-13 09:15:00,1055.23,1055.23,1035.74,1039.03,8578
2022-04-13 10:15:00,1038.69,1041.04,1031.77,1032.65,6473
2022-04-13 11:15:00,1032.7,1036.09,1028.18,1029.17,6198
2022-04-13 12:15:00,1028.92,1030.34,1019.74,1020.08,5454
2022-04-13 13:15:00,1020.67,1021.75,1017.58,1019.99,5641
2022-04-13 14:15:00,1019.99,1023.62,1015.23,1015.57,9798
2022-04-13 15:15:00,1015.08,1028.82,1002.41,1017.19,7865
2022-04-18 09:15:00,1017.19,1112.27,1017.19,1062.25,252237
2022-04-18 10:15:00,1063.23,1074.86,1059.55,1068.68,68657
2022-04-18 11:15:00,1067.75,1068.83,1057.34,1058.71,26765
2022-04-18 12:15:00,1059.5,1059.89,1052.53,1057.39,28749
2022-04-18 13:15:00,1057.39,1078.89,1050.76,1056.65,45893
2022-04-18 14:15:00,1056.65,1066.91,1051.3,1059.06,47620
2022-04-18 15:15:00,1059.84,1060.19,1041.73,1054.64,22921
2022-04-19 09:15:00,1055.33,1068.09,1054.84,1060.24,11257
2022-04-19 10:15:00,1060.24,1061.66,1056.75,1058.76,1736
2022-04-19 11:15:00,1058.27,1065.49,1057.14,1064.9,2387
2022-04-19 12:15:00,1064.95,1065.78,1061.51,1063.13,872
2022-04-19 13:15:00,1063.38,1067.55,1062.49,1065.54,1769
2022-04-19 14:15:00,1065.54,1104.41,1062.44,1094.5,61225
2022-04-19 15:15:00,1096.36,1096.56,1070.54,1076.92,10503
2022-04-20 09:15:00,1108.34,1123.75,1100.83,1111.43,42351
2022-04-20 10:15:00,1111.48,1112.27,1094.6,1102.84,14050
2022-04-20 11:15:00,1103.04,1105.54,1088.71,1101.91,6253
2022-04-20 12:15:00,1088.71,1104.9,1088.71,1102.25,2694
2022-04-20 13:15:00,1102.89,1104.41,1091.65,1099.5,4000
2022-04-20 14:15:00,1098.03,1099.9,1091.65,1093.32,7460
2022-04-20 15:15:00,1093.91,1099.45,1088.75,1095.09,6654
2022-04-21 09:15:00,1119.14,1119.14,1085.96,1088.9,15274
2022-04-21 10:15:00,1087.92,1091.99,1083.06,1087.82,4444
2022-04-21 11:15:00,1087.77,1089.69,1081.83,1089.0,4434
2022-04-21 12:15:00,1087.33,1092.88,1081.83,1086.64,5412
2022-04-21 13:15:00,1085.61,1089.34,1084.14,1086.94,1400
2022-04-21 14:15:00,1086.89,1089.69,1079.87,1084.14,5658
2022-04-21 15:15:00,1082.57,1087.72,1071.57,1083.26,4032
2022-04-22 09:15:00,1083.26,1102.94,1079.72,1100.98,10877
2022-04-22 10:15:00,1100.49,1100.49,1096.56,1098.03,1874
2022-04-22 11:15:00,1097.54,1100.24,1096.8,1098.52,958
2022-04-22 12:15:00,1098.52,1099.5,1096.8,1098.28,1100
2022-04-22 13:15:00,1096.22,1098.52,1085.56,1088.66,6448
2022-04-22 14:15:00,1087.53,1092.63,1078.89,1082.57,6210
2022-04-22 15:15:00,1082.47,1084.09,1078.94,1082.47,3167
2022-04-25 09:15:00,1098.72,1113.64,1083.45,1110.79,27492
2022-04-25 10:15:00,1111.87,1124.05,1098.87,1102.65,30127
2022-04-25 11:15:00,1104.22,1104.41,1097.39,1099.31,8373
2022-04-25 12:15:00,1099.85,1100.09,1092.44,1093.91,9639
2022-04-25 13:15:00,1094.06,1094.6,1089.83,1094.4,5473
2022-04-25 14:15:00,1093.47,1098.18,1085.02,1089.93,13662
2022-04-25 15:15:00,1089.93,1090.37,1075.35,1085.76,8929
2022-04-26 09:15:00,1087.72,1102.06,1083.85,1093.86,6826
2022-04-26 10:15:00,1093.56,1094.6,1091.65,1092.63,1193
2022-04-26 11:15:00,1094.6,1095.23,1090.91,1094.55,908
2022-04-26 12:15:00,1094.55,1094.6,1091.26,1093.76,2167
2022-04-26 13:15:00,1092.14,1094.55,1089.69,1090.87,1039
2022-04-26 14:15:00,1089.69,1092.93,1077.96,1079.33,6594
2022-04-26 15:15:00,1079.33,1084.68,1071.28,1081.54,4699
2022-04-27 09:15:00,1090.67,1104.41,1090.67,1096.61,16165
2022-04-27 10:15:00,1096.31,1097.3,1084.78,1089.15,6481
2022-04-27 11:15:00,1089.1,1091.6,1086.94,1089.64,2938
2022-04-27 12:15:00,1088.17,1091.26,1086.74,1089.0,1981
2022-04-27 13:15:00,1087.92,1091.65,1070.0,1082.72,8204
2022-04-27 14:15:00,1080.02,1085.12,1070.69,1073.44,7625
2022-04-27 15:15:00,1073.44,1075.94,1068.09,1072.56,2657
2022-04-28 09:15:00,1060.24,1060.24,1033.98,1038.59,30429
2022-04-28 10:15:00,1039.33,1039.33,1016.4,1025.48,26049
2022-04-28 11:15:00,1025.73,1033.39,1023.47,1028.97,11101
2022-04-28 12:15:00,1028.53,1029.46,1025.88,1027.69,7157
2022-04-28 13:15:00,1027.3,1035.69,1024.99,1031.77,6209
2022-04-28 14:15:00,1031.77,1041.83,1029.75,1036.28,12807
2022-04-28 15:15:00,1036.28,1056.75,1029.71,1042.32,8185
2022-04-29 09:15:00,1050.42,1056.36,1032.16,1032.99,9596
2022-04-29 10:15:00,1032.99,1040.6,1032.99,1040.41,3520
2022-04-29 11:15:00,1040.41,1040.6,1034.71,1039.47,1822
2022-04-29 12:15:00,1038.44,1040.6,1038.44,1040.6,1093
2022-04-29 13:15:00,1040.6,1040.6,1035.25,1040.6,2014
2022-04-29 14:15:00,1040.6,1040.6,1033.73,1035.15,4822
2022-04-29 15:15:00,1036.48,1043.69,1033.73,1037.8,2537
2022-05-02 09:15:00,1034.22,1041.09,1028.63,1030.54,7167
2022-05-02 10:15:00,1030.54,1034.56,1029.07,1033.04,4101
2022-05-02 11:15:00,1032.36,1033.53,1029.51,1032.8,4050
2022-05-02 12:15:00,1033.53,1033.53,1029.41,1031.52,855
2022-05-02 13:15:00,1031.72,1035.89,1028.82,1031.67,4265
2022-05-02 14:15:00,1031.67,1045.51,1030.34,1040.06,8112
2022-05-02 15:15:00,1040.06,1045.46,1036.72,1039.96,2081
2022-05-04 09:15:00,1039.62,1046.49,1031.72,1037.36,5274
2022-05-04 10:15:00,1036.23,1038.59,1030.79,1033.29,3845
2022-05-04 11:15:00,1033.34,1042.42,1033.34,1035.06,2463
2022-05-04 12:15:00,1035.06,1039.33,1033.34,1033.34,1024
2022-05-04 13:15:00,1033.48,1036.33,1030.79,1035.55,1553
2022-05-04 14:15:00,1035.55,1042.57,1030.79,1039.03,9250
2022-05-04 15:15:00,1039.23,1039.23,1030.88,1035.2,3366
2022-05-05 09:15:00,1040.6,1042.27,1029.66,1041.39,9400
2022-05-05 10:15:00,1041.88,1041.88,1033.73,1036.43,3759
2022-05-05 11:15:00,1036.48,1043.4,1035.79,1042.42,6481
2022-05-05 12:15:00,1042.27,1053.71,1040.9,1045.46,7863
2022-05-05 13:15:00,1045.07,1046.98,1037.46,1042.17,4821
2022-05-05 14:15:00,1041.78,1048.31,1037.66,1040.7,5951
2022-05-05 15:15:00,1044.04,1045.12,1037.61,1041.88,3892
2022-05-06 09:15:00,1030.79,1035.1,1023.18,1030.44,10405
2022-05-06 10:15:00,1030.39,1030.74,1025.88,1028.67,2756
2022-05-06 11:15:00,1028.63,1030.79,1025.88,1026.86,3119
2022-05-06 12:15:00,1026.86,1030.39,1025.88,1027.05,1777
2022-05-06 13:15:00,1028.13,1033.98,1026.76,1030.25,2549
2022-05-06 14:15:00,1030.79,1032.75,1025.88,1028.43,3435
2022-05-06 15:15:00,1028.43,1030.59,1025.88,1027.4,3129
2022-05-09 09:15:00,1020.97,1036.23,1006.98,1022.69,9520
2022-05-09 10:15:00,1022.1,1023.42,1019.69,1020.92,2325
2022-05-09 11:15:00,1020.92,1023.86,1019.0,1021.02,1453
2022-05-09 12:15:00,1021.02,1024.89,1020.97,1023.52,1992
2022-05-09 13:15:00,1023.67,1024.85,1017.34,1018.27,1855
2022-05-09 14:15:00,1017.78,1025.88,1013.16,1017.04,5703
2022-05-09 15:15:00,1016.55,1018.91,1006.24,1014.78,2953
2022-05-10 09:15:00,1014.69,1014.69,992.35,992.7,11200
2022-05-10 10:15:00,993.48,998.44,991.52,996.38,3815
2022-05-10 11:15:00,996.33,996.33,989.36,994.85,4224
2022-05-10 12:15:00,994.9,1006.64,990.83,1003.79,3548
2022-05-10 13:15:00,1003.49,1004.03,992.7,994.12,1137
2022-05-10 14:15:00,994.12,994.66,984.84,985.87,3528
2022-05-10 15:15:00,985.87,986.61,974.83,985.09,2771
2022-05-11 09:15:00,982.19,988.77,954.7,959.02,9804
2022-05-11 10:15:00,959.07,964.77,944.25,947.54,4937
2022-05-11 11:15:00,945.72,960.5,944.49,955.24,4856
2022-05-11 12:15:00,955.15,968.25,951.37,951.37,7911
2022-05-11 13:15:00,952.1,976.84,949.55,974.14,5181
2022-05-11 14:15:00,973.99,995.44,969.63,982.98,8283
2022-05-11 15:15:00,982.09,987.59,974.93,984.89,2920
2022-05-12 09:15:00,958.78,986.61,958.78,981.65,11700
2022-05-12 10:15:00,981.65,983.66,976.89,981.26,2427
2022-05-12 11:15:00,981.11,981.31,976.79,979.2,1783
2022-05-12 12:15:00,979.25,982.68,976.84,978.75,2990
2022-05-12 13:15:00,978.75,990.58,976.79,978.75,7041
2022-05-12 14:15:00,978.12,981.7,971.78,972.96,6623
2022-05-12 15:15:00,972.96,984.89,968.99,973.5,2796
2022-05-13 09:15:00,971.88,971.88,840.43,842.4,115509
2022-05-13 10:15:00,842.3,858.99,827.33,845.24,126184
2022-05-13 11:15:00,845.59,853.93,844.61,846.37,45473
2022-05-13 12:15:00,846.52,848.09,834.98,839.5,49444
2022-05-13 13:15:00,839.5,853.2,834.98,839.6,68608
2022-05-13 14:15:00,839.8,847.8,836.85,844.16,41878
2022-05-13 15:15:00,844.16,845.19,829.63,840.53,44487
2022-05-16 09:15:00,859.97,942.43,842.3,911.07,128227
2022-05-16 10:15:00,912.0,912.78,872.78,879.26,46890
2022-05-16 11:15:00,880.0,881.81,866.06,867.48,16443
2022-05-16 12:15:00,867.33,880.58,866.79,868.51,15986
2022-05-16 13:15:00,868.07,882.55,861.83,874.35,20739
2022-05-16 14:15:00,874.25,874.25,859.77,868.8,29823
2022-05-16 15:15:00,866.35,895.56,866.35,876.46,25116
2022-05-17 09:15:00,879.41,887.31,873.86,882.5,14429
2022-05-17 10:15:00,882.5,886.23,876.95,883.68,5464
2022-05-17 11:15:00,884.12,898.11,883.53,887.95,8631
2022-05-17 12:15:00,888.19,893.89,885.69,892.37,4287
2022-05-17 13:15:00,892.37,893.35,886.48,887.65,3360
2022-05-17 14:15:00,887.65,887.8,877.69,884.07,7746
2022-05-17 15:15:00,884.07,892.07,879.51,883.97,4437
2022-05-18 09:15:00,901.2,901.2,871.75,877.35,11125
2022-05-18 10:15:00,877.39,877.39,868.8,872.73,5660
2022-05-18 11:15:00,872.73,874.89,868.8,870.77,3519
2022-05-18 12:15:00,871.5,871.75,861.79,868.66,7760
2022-05-18 13:15:00,869.74,872.39,858.99,861.79,10733
2022-05-18 14:15:00,861.44,869.79,857.22,863.7,13140
2022-05-18 15:15:00,863.75,866.84,854.08,860.75,8679
2022-05-19 09:15:00,849.17,861.0,835.67,854.08,9715
2022-05-19 10:15:00,853.15,854.08,849.42,852.31,2818
2022-05-19 11:15:00,852.02,852.41,849.12,851.62,946
2022-05-19 12:15:00,851.53,855.99,848.04,850.79,3526
2022-05-19 13:15:00,852.46,852.46,844.56,847.89,3602
2022-05-19 14:15:00,847.26,854.03,844.65,851.87,4940
2022-05-19 15:15:00,851.87,853.05,848.68,851.04,2266
2022-05-20 09:15:00,859.33,882.55,858.74,871.75,7885
2022-05-20 10:15:00,872.34,873.71,869.3,872.09,1039
2022-05-20 11:15:00,871.46,873.71,866.94,868.8,2599
2022-05-20 12:15:00,869.74,872.73,867.92,871.36,3375
2022-05-20 13:15:00,871.36,872.73,866.5,872.73,1216
2022-05-20 14:15:00,872.73,873.66,866.74,870.57,5844
2022-05-20 15:15:00,871.85,877.05,864.04,872.63,2624
2022-05-23 09:15:00,875.97,879.9,868.12,871.75,3566
2022-05-23 10:15:00,871.75,873.71,869.88,872.73,1564
2022-05-23 11:15:00,872.88,874.2,869.79,872.09,1291
2022-05-23 12:15:00,872.09,882.6,868.8,879.46,2870
2022-05-23 13:15:00,879.51,891.29,866.35,874.65,7250
2022-05-23 14:15:00,873.91,888.44,869.2,877.84,9129
2022-05-23 15:15:00,875.19,881.76,863.95,873.71,4120
2022-05-24 09:15:00,873.71,880.0,866.84,871.01,3049
2022-05-24 10:15:00,871.06,872.63,867.38,870.23,666
2022-05-24 11:15:00,869.69,875.53,868.8,869.84,1877
2022-05-24 12:15:00,869.44,869.88,866.84,869.74,525
2022-05-24 13:15:00,868.85,871.21,868.8,870.67,343
2022-05-24 14:15:00,870.72,877.69,868.8,875.43,3511
2022-05-24 15:15:00,875.43,875.43,863.9,869.69,2187
2022-05-25 09:15:00,878.08,878.47,864.14,865.96,3499
2022-05-25 10:15:00,865.86,871.46,860.41,870.33,3609
2022-05-25 11:15:00,870.92,870.92,857.07,861.39,1786
2022-05-25 12:15:00,861.34,862.13,855.7,858.99,2801
2022-05-25 13:15:00,858.99,865.12,858.01,865.07,2337
2022-05-25 14:15:00,864.04,873.71,857.51,857.51,9167
2022-05-25 15:15:00,857.51,860.66,857.51,859.82,4457
2022-05-26 09:15:00,868.8,872.58,859.53,862.96,6845
2022-05-26 10:15:00,862.96,862.96,858.99,862.42,3127
2022-05-26 11:15:00,861.29,866.1,859.67,865.47,1891
2022-05-26 12:15:00,864.29,871.75,863.9,869.88,2273
2022-05-26 13:15:00,871.75,872.73,860.8,866.3,3871
2022-05-26 14:15:00,864.39,872.44,860.51,867.63,5205
2022-05-26 15:15:00,867.23,869.79,861.98,866.55,1674
2022-05-27 09:15:00,869.79,878.67,868.71,873.03,2135
2022-05-27 10:15:00,871.8,871.8,866.2,870.67,864
2022-05-27 11:15:00,870.52,870.52,867.87,869.84,198
2022-05-27 12:15:00,869.79,870.77,868.02,870.77,886
2022-05-27 13:15:00,869.84,870.77,866.2,869.64,1025
2022-05-27 14:15:00,869.64,870.52,867.58,868.17,1221
2022-05-27 15:15:00,868.41,869.79,858.99,867.68,1827
2022-05-30 09:15:00,872.73,882.45,867.82,879.51,7909
2022-05-30 10:15:00,894.33,894.33,880.04,881.42,5605
2022-05-30 11:15:00,881.08,887.6,859.53,884.61,9982
2022-05-30 12:15:00,884.51,888.44,883.28,885.2,1881
2022-05-30 13:15:00,885.2,885.49,879.11,881.22,3254
2022-05-30 14:15:00,881.08,884.51,878.33,882.55,2227
2022-05-30 15:15:00,883.04,884.51,873.76,880.83,2014
2022-05-31 09:15:00,882.06,912.54,882.06,909.69,12271
2022-05-31 10:15:00,909.69,927.61,904.49,923.73,10348
2022-05-31 11:15:00,923.78,930.65,918.92,927.17,9920
2022-05-31 12:15:00,928.49,946.36,913.03,920.83,26802
2022-05-31 13:15:00,921.77,925.74,912.98,921.08,4934
2022-05-31 14:15:00,922.36,924.61,914.6,916.32,7300
2022-05-31 15:15:00,916.32,918.53,893.35,908.22,8033
2022-06-01 09:15:00,908.22,927.85,900.81,915.44,5278
2022-06-01 10:15:00,916.61,922.16,901.4,901.4,4353
2022-06-01 11:15:00,903.16,906.94,899.04,900.71,3624
2022-06-01 12:15:00,902.08,902.33,898.06,898.3,1345
2022-06-01 13:15:00,898.26,899.83,880.0,883.53,8386
2022-06-01 14:15:00,883.53,907.73,883.53,899.73,21231
2022-06-01 15:15:00,899.63,911.02,888.44,903.61,4227
2022-06-02 09:15:00,906.8,906.8,896.59,900.96,3401
2022-06-02 10:15:00,900.71,903.02,893.35,893.4,10299
2022-06-02 11:15:00,894.33,897.62,893.4,895.36,1258
2022-06-02 12:15:00,895.36,897.62,893.4,893.45,1267
2022-06-02 13:15:00,894.48,897.72,893.45,893.99,774
2022-06-02 14:15:00,893.99,895.31,886.57,891.63,3985
2022-06-02 15:15:00,890.35,893.4,883.82,889.91,2015
2022-06-03 09:15:00,890.4,902.18,886.72,889.57,5736
2022-06-03 10:15:00,889.42,894.48,887.85,890.79,835
2022-06-03 11:15:00,890.3,892.66,887.51,890.7,672
2022-06-03 12:15:00,889.42,891.14,878.62,882.74,2501
2022-06-03 13:15:00,882.74,885.49,874.69,885.05,1236
2022-06-03 14:15:00,885.35,890.94,879.75,884.22,2124
2022-06-03 15:15:00,886.57,886.67,872.09,881.12,2067
2022-06-06 09:15:00,881.12,891.87,874.2,883.48,5755
2022-06-06 10:15:00,883.33,883.53,876.81,880.09,2219
2022-06-06 11:15:00,878.57,880.73,873.71,877.2,2031
2022-06-06 12:15:00,876.22,879.6,874.06,877.1,732
2022-06-06 13:15:00,877.79,880.58,877.2,878.82,441
2022-06-06 14:15:00,876.71,881.17,876.66,877.25,1007
2022-06-06 15:15:00,876.85,878.52,873.71,875.33,1718
2022-06-07 09:15:00,873.71,880.73,869.15,875.92,2280
2022-06-07 10:15:00,875.92,876.71,869.64,870.23,1142
2022-06-07 11:15:00,872.24,872.93,867.04,871.41,962
2022-06-07 12:15:00,872.19,873.66,868.8,869.59,456
2022-06-07 13:15:00,870.77,870.77,864.83,870.33,2084
2022-06-07 14:15:00,868.85,871.95,864.63,869.15,1960
2022-06-07 15:15:00,871.7,871.75,866.01,868.36,866
2022-06-08 09:15:00,868.8,885.64,863.99,866.4,5410
2022-06-08 10:15:00,866.35,872.88,864.88,866.84,1832
2022-06-08 11:15:00,868.51,870.77,868.51,869.25,509
2022-06-08 12:15:00,870.28,873.91,870.23,871.26,734
2022-06-08 13:15:00,871.26,873.22,866.89,868.8,925
2022-06-08 14:15:00,868.8,869.98,865.91,868.76,1120
2022-06-08 15:15:00,868.8,868.8,864.88,867.48,1628
2022-06-09 09:15:00,863.95,876.81,863.95,871.41,3182
2022-06-09 10:15:00,871.5,872.93,869.15,870.87,615
2022-06-09 11:15:00,869.3,870.77,869.15,870.47,299
2022-06-09 12:15:00,871.46,872.58,869.1,869.1,208
2022-06-09 13:15:00,879.6,879.6,869.15,875.23,2543
2022-06-09 14:15:00,877.3,883.53,873.12,879.85,2852
2022-06-09 15:15:00,881.32,882.4,865.86,878.72,2439
2022-06-10 09:15:00,875.68,877.69,868.61,873.71,1752
2022-06-10 10:15:00,874.06,875.23,871.31,871.31,308
2022-06-10 11:15:00,869.74,874.45,869.1,871.8,625
2022-06-10 12:15:00,874.3,874.55,871.8,871.8,1055
2022-06-10 13:15:00,872.88,877.69,871.75,876.41,1023
2022-06-10 14:15:00,877.59,878.62,870.82,874.3,1579
2022-06-10 15:15:00,875.23,875.38,868.8,871.36,1024
2022-06-13 09:15:00,863.9,877.59,854.08,857.56,3549
2022-06-13 10:15:00,859.13,863.45,859.09,860.8,495
2022-06-13 11:15:00,861.34,867.68,859.97,863.26,665
2022-06-13 12:15:00,863.55,865.66,858.01,860.56,705
2022-06-13 13:15:00,859.97,863.85,849.17,863.85,1703
2022-06-13 14:15:00,863.85,866.01,850.15,850.15,3200
2022-06-13 15:15:00,850.15,860.41,849.17,852.26,1976
2022-06-14 09:15:00,849.17,871.21,849.17,860.07,3534
2022-06-14 10:15:00,860.07,865.91,858.01,862.42,1318
2022-06-14 11:15:00,861.88,866.6,860.66,864.83,745
2022-06-14 12:15:00,864.88,864.88,861.93,861.93,649
2022-06-14 13:15:00,861.25,861.93,849.27,850.05,2352
2022-06-14 14:15:00,849.27,855.4,846.91,848.78,5751
2022-06-14 15:15:00,849.66,854.52,848.19,850.2,1500
2022-06-15 09:15:00,853.54,871.8,853.49,864.14,8428
2022-06-15 10:15:00,864.88,865.12,857.02,860.95,1898
2022-06-15 11:15:00,860.02,873.71,859.97,869.79,2674
2022-06-15 12:15:00,869.79,871.75,869.1,869.1,697
2022-06-15 13:15:00,869.1,871.06,869.1,870.57,378
2022-06-15 14:15:00,870.03,887.02,864.58,869.15,16151
2022-06-15 15:15:00,869.2,874.69,863.99,869.64,2025
2022-06-16 09:15:00,877.93,878.33,864.88,866.89,2278
2022-06-16 10:15:00,868.07,868.61,863.9,865.37,598
2022-06-16 11:15:00,863.8,864.58,855.06,855.36,1287
2022-06-16 12:15:00,856.24,856.73,853.24,856.09,424
2022-06-16 13:15:00,854.08,856.93,853.1,853.34,799
2022-06-16 14:15:00,853.2,856.78,844.26,849.02,4197
2022-06-16 15:15:00,847.8,848.73,824.63,838.47,3848
2022-06-17 09:15:00,839.35,839.65,822.27,836.31,4360
2022-06-17 10:15:00,835.43,838.91,833.41,838.13,1766
2022-06-17 11:15:00,838.03,850.15,834.45,835.03,2212
2022-06-17 12:15:00,835.03,838.81,833.46,837.73,835
2022-06-17 13:15:00,836.26,841.32,833.46,835.57,1696
2022-06-17 14:15:00,836.31,862.91,833.51,861.79,7686
2022-06-17 15:15:00,861.34,864.78,847.16,859.92,3462
2022-06-20 09:15:00,847.01,859.67,835.43,840.48,5492
2022-06-20 10:15:00,840.53,844.16,837.39,838.76,1651
2022-06-20 11:15:00,839.26,841.71,837.39,841.51,607
2022-06-20 12:15:00,841.51,841.71,839.01,839.06,1165
2022-06-20 13:15:00,840.29,841.71,839.01,840.29,887
2022-06-20 14:15:00,840.88,844.75,837.39,842.05,3528
2022-06-20 15:15:00,842.1,844.75,838.76,841.46,1722
2022-06-21 09:15:00,834.49,846.57,834.49,845.24,6590
2022-06-21 10:15:00,845.24,846.23,841.86,843.82,1752
2022-06-21 11:15:00,843.67,845.1,842.79,844.26,486
2022-06-21 12:15:00,844.65,845.88,843.38,844.61,1345
2022-06-21 13:15:00,844.11,844.8,843.43,844.8,605
2022-06-21 14:15:00,845.19,846.18,843.28,843.77,1542
2022-06-21 15:15:00,843.77,846.23,843.77,844.9,2253
2022-06-22 09:15:00,844.26,857.96,844.26,851.92,3149
2022-06-22 10:15:00,851.87,854.23,848.24,851.23,950
2022-06-22 11:15:00,851.48,854.08,849.17,850.54,595
2022-06-22 12:15:00,851.72,858.94,842.35,857.02,4613
2022-06-22 13:15:00,857.56,859.97,851.53,853.39,2153
2022-06-22 14:15:00,852.51,857.66,849.47,853.64,1064
2022-06-22 15:15:00,852.41,854.91,846.57,852.7,1932
2022-06-23 09:15:00,856.04,871.5,854.62,865.37,3307
2022-06-23 10:15:00,865.86,865.86,862.37,865.02,886
2022-06-23 11:15:00,865.76,865.86,854.91,858.99,1229
2022-06-23 12:15:00,858.99,863.36,858.05,863.26,536
2022-06-23 13:15:00,863.01,865.81,860.02,863.85,460
2022-06-23 14:15:00,861.93,864.34,858.05,864.24,922
2022-06-23 15:15:00,864.24,864.34,858.15,862.47,1164
2022-06-24 09:15:00,863.9,876.66,848.68,872.88,3351
2022-06-24 10:15:00,871.95,872.78,864.53,866.69,458
2022-06-24 11:15:00,868.56,869.05,859.53,865.96,446
2022-06-24 12:15:00,864.73,867.33,864.73,866.89,113
2022-06-24 13:15:00,866.84,871.75,864.53,871.75,1528
2022-06-24 14:15:00,871.75,882.55,870.67,878.62,2665
2022-06-24 15:15:00,878.62,883.53,876.02,878.97,900
2022-06-27 09:15:00,882.55,890.4,879.01,883.04,2964
2022-06-27 10:15:00,881.96,885.94,881.66,885.44,1664
2022-06-27 11:15:00,884.51,890.16,884.51,885.49,1148
2022-06-27 12:15:00,884.71,889.81,882.55,886.48,3907
2022-06-27 13:15:00,886.43,889.17,884.22,887.7,403
2022-06-27 14:15:00,886.48,908.02,885.98,904.49,7123
2022-06-27 15:15:00,903.7,908.02,899.88,903.85,2178
2022-06-28 09:15:00,901.2,903.8,890.75,891.87,3242
2022-06-28 10:15:00,891.19,892.37,888.44,891.29,761
2022-06-28 11:15:00,891.29,892.12,888.44,890.01,344
2022-06-28 12:15:00,890.11,892.27,890.11,891.83,310
2022-06-28 13:15:00,890.7,896.05,889.91,892.71,554
2022-06-28 14:15:00,895.36,913.91,890.99,911.66,9235
2022-06-28 15:15:00,911.41,912.98,895.56,907.19,1138
2022-06-29 09:15:00,895.46,900.76,892.37,895.21,1308
2022-06-29 10:15:00,895.11,900.07,895.11,897.27,218
2022-06-29 11:15:00,899.24,899.24,895.31,896.93,188
2022-06-29 12:15:00,896.93,897.08,891.43,894.82,367
2022-06-29 13:15:00,892.12,892.61,884.51,884.51,772
2022-06-29 14:15:00,886.18,890.4,878.52,883.53,1543
2022-06-29 15:15:00,883.53,892.41,882.94,885.59,1126
2022-06-30 09:15:00,886.82,889.47,864.24,877.0,234387
2022-06-30 10:15:00,874.74,874.74,865.86,866.15,1644
2022-06-30 11:15:00,866.15,870.47,866.15,869.34,342
2022-06-30 12:15:00,869.0,871.5,867.77,869.59,560
2022-06-30 13:15:00,867.23,873.71,867.23,870.08,1421
2022-06-30 14:15:00,870.08,872.58,866.89,867.04,702
2022-06-30 15:15:00,868.41,869.84,854.37,865.02,2874
2022-07-01 09:15:00,858.69,863.9,854.67,859.13,70281
2022-07-01 10:15:00,859.13,870.03,858.99,864.44,1472
2022-07-01 11:15:00,858.84,861.49,855.99,857.76,7297
2022-07-01 12:15:00,859.43,861.15,855.8,858.99,6900
2022-07-01 13:15:00,859.82,865.27,858.05,860.31,510
2022-07-01 14:15:00,858.05,859.82,853.83,857.02,2632
2022-07-01 15:15:00,857.02,861.83,856.63,856.63,743
2022-07-04 09:15:00,856.63,865.52,854.18,863.01,899
2022-07-04 10:15:00,863.31,863.9,860.61,861.2,470
2022-07-04 11:15:00,861.74,863.9,858.99,859.43,411
2022-07-04 12:15:00,859.43,863.9,859.43,863.8,443
2022-07-04 13:15:00,864.29,866.74,863.6,866.45,1133
2022-07-04 14:15:00,865.86,868.61,859.97,862.13,1699
2022-07-04 15:15:00,862.08,872.34,858.99,863.8,828
2022-07-05 09:15:00,872.73,872.73,856.68,872.73,1711
2022-07-05 10:15:00,872.73,872.73,867.63,869.54,883
2022-07-05 11:15:00,869.49,869.69,867.82,869.34,141
2022-07-05 12:15:00,868.17,869.3,867.82,868.66,235
2022-07-05 13:15:00,868.61,868.61,864.88,865.22,475
2022-07-05 14:15:00,864.88,865.56,863.5,864.09,409
2022-07-05 15:15:00,864.34,865.56,863.5,864.39,637
2022-07-06 09:15:00,865.56,872.73,865.56,871.31,904
2022-07-06 10:15:00,869.49,869.98,865.52,868.8,542
2022-07-06 11:15:00,868.8,872.49,868.8,869.05,724
2022-07-06 12:15:00,867.82,867.82,859.13,861.98,1434
2022-07-06 13:15:00,863.01,864.88,859.09,859.58,4590
2022-07-06 14:15:00,855.8,858.84,839.35,851.13,8589
2022-07-06 15:15:00,853.88,862.87,849.27,855.06,2099
2022-07-07 09:15:00,863.21,868.56,860.02,864.93,2120
2022-07-07 10:15:00,864.29,865.37,863.6,863.6,447
2022-07-07 11:15:00,864.29,865.71,861.0,862.57,1070
2022-07-07 12:15:00,864.58,865.52,862.87,864.88,627
2022-07-07 13:15:00,865.27,866.79,864.88,866.69,267
2022-07-07 14:15:00,865.42,866.84,863.9,865.22,1476
2022-07-07 15:15:00,865.22,866.35,863.9,864.98,720
2022-07-08 09:15:00,869.49,879.26,866.15,870.18,5919
2022-07-08 10:15:00,872.78,875.97,870.03,874.4,1831
2022-07-08 11:15:00,875.77,883.53,873.32,880.44,2956
2022-07-08 12:15:00,880.44,882.16,877.54,878.62,1231
2022-07-08 13:15:00,879.21,886.33,878.62,884.61,2575
2022-07-08 14:15:00,884.66,888.44,882.06,886.18,5317
2022-07-08 15:15:00,885.35,887.46,883.92,884.86,1113
2022-07-11 09:15:00,898.26,902.18,887.26,893.3,2949
2022-07-11 10:15:00,893.3,917.89,893.3,912.78,9695
2022-07-11 11:15:00,915.14,937.97,908.07,913.18,14943
2022-07-11 12:15:00,913.08,915.93,899.58,900.22,7410
2022-07-11 13:15:00,904.39,907.19,898.26,905.86,1597
2022-07-11 14:15:00,905.81,923.78,905.32,918.87,10193
2022-07-11 15:15:00,919.85,927.8,916.96,920.54,4426
2022-07-12 09:15:00,926.72,932.62,908.07,911.56,4814
2022-07-12 10:15:00,911.8,911.8,908.07,909.1,504
2022-07-12 11:15:00,908.07,910.28,900.71,905.13,4263
2022-07-12 12:15:00,905.13,909.64,904.34,906.6,957
2022-07-12 13:15:00,908.07,911.07,902.04,903.16,3024
2022-07-12 14:15:00,903.75,905.77,893.45,893.45,2371
2022-07-12 15:15:00,893.4,894.92,886.48,892.02,2898
2022-07-13 09:15:00,901.2,901.2,891.38,895.65,1305
2022-07-13 10:15:00,895.7,896.93,891.53,894.82,806
2022-07-13 11:15:00,894.43,895.31,889.08,892.41,765
2022-07-13 12:15:00,890.94,893.2,886.52,890.4,580
2022-07-13 13:15:00,891.29,891.29,885.49,885.49,422
2022-07-13 14:15:00,887.26,888.0,883.53,883.82,962
2022-07-13 15:15:00,883.78,890.45,883.78,889.57,718
2022-07-14 09:15:00,908.07,908.07,881.57,886.43,5600
2022-07-14 10:15:00,887.41,889.57,885.98,887.8,534
2022-07-14 11:15:00,887.8,889.62,879.55,880.0,1125
2022-07-14 12:15:00,880.34,883.73,877.64,879.31,800
2022-07-14 13:15:00,881.62,881.62,878.77,879.85,443
2022-07-14 14:15:00,879.9,900.17,875.63,895.7,4004
2022-07-14 15:15:00,896.78,903.16,893.79,898.21,2288
2022-07-15 09:15:00,911.66,911.66,888.63,891.48,1379
2022-07-15 10:15:00,891.87,896.83,885.49,887.36,890
2022-07-15 11:15:00,885.69,887.41,883.53,884.95,672
2022-07-15 12:15:00,882.79,887.41,882.79,884.95,293
2022-07-15 13:15:00,884.9,888.09,884.51,888.09,363
2022-07-15 14:15:00,888.09,893.59,885.54,886.52,697
2022-07-15 15:15:00,888.63,893.54,886.52,888.29,489
2022-07-18 09:15:00,889.42,898.26,889.42,894.13,2156
2022-07-18 10:15:00,895.46,897.13,894.13,896.68,173
2022-07-18 11:15:00,896.29,897.18,895.75,896.49,140
2022-07-18 12:15:00,895.75,895.75,892.17,892.17,429
2022-07-18 13:15:00,893.25,894.33,891.92,894.33,681
2022-07-18 14:15:00,893.35,899.24,893.35,893.89,2112
2022-07-18 15:15:00,896.39,905.81,894.77,900.46,1000
2022-07-19 09:15:00,903.16,919.8,903.16,914.94,9316
2022-07-19 10:15:00,914.06,918.82,912.0,918.82,2716
2022-07-19 11:15:00,918.82,932.62,896.14,928.54,9722
2022-07-19 12:15:00,930.85,935.46,925.55,931.04,11376
2022-07-19 13:15:00,927.76,932.52,923.88,930.11,5906
2022-07-19 14:15:00,931.04,933.6,927.8,931.63,7039
2022-07-19 15:15:00,931.63,942.43,930.65,933.79,9551
2022-07-20 09:15:00,937.52,944.79,914.99,922.11,23488
2022-07-20 10:15:00,922.11,923.78,916.81,918.72,6566
2022-07-20 11:15:00,917.74,924.76,913.32,918.97,6253
2022-07-20 12:15:00,920.25,920.25,897.27,897.27,13704
2022-07-20 13:15:00,897.52,908.71,891.68,904.73,6566
2022-07-20 14:15:00,906.55,923.68,900.27,912.98,14313
2022-07-20 15:15:00,912.0,915.88,911.02,912.29,5403
2022-07-21 09:15:00,932.62,932.62,912.29,914.36,5341
2022-07-21 10:15:00,914.36,915.78,909.55,912.0,3547
2022-07-21 11:15:00,912.29,917.2,911.26,912.98,1244
2022-07-21 12:15:00,912.98,916.37,912.0,913.18,808
2022-07-21 13:15:00,913.96,913.96,912.54,912.54,691
2022-07-21 14:15:00,912.54,915.63,910.04,910.04,2267
2022-07-21 15:15:00,910.53,912.0,896.24,906.21,4671
2022-07-22 09:15:00,914.45,914.45,895.7,896.73,5018
2022-07-22 10:15:00,896.29,900.22,895.31,898.65,2561
2022-07-22 11:15:00,898.89,900.37,897.27,898.99,439
2022-07-22 12:15:00,898.99,901.05,898.01,898.06,746
2022-07-22 13:15:00,898.06,898.21,897.27,897.52,494
2022-07-22 14:15:00,897.52,900.22,896.29,897.27,2670
2022-07-22 15:15:00,896.34,896.98,888.78,894.03,3299
2022-07-25 09:15:00,904.15,904.15,883.53,884.66,4482
2022-07-25 10:15:00,884.66,888.39,883.58,888.05,1448
2022-07-25 11:15:00,887.95,889.42,887.95,889.37,726
2022-07-25 12:15:00,889.37,892.41,889.37,890.35,1026
2022-07-25 13:15:00,889.47,891.38,887.95,891.33,646
2022-07-25 14:15:00,892.37,893.35,885.49,886.72,1385
2022-07-25 15:15:00,886.48,887.46,883.58,886.57,1694
2022-07-26 09:15:00,886.57,904.69,877.15,904.1,12971
2022-07-26 10:15:00,904.73,908.07,899.48,904.24,9930
2022-07-26 11:15:00,905.18,912.0,900.66,909.05,5983
2022-07-26 12:15:00,910.13,917.89,909.3,912.98,14686
2022-07-26 13:15:00,912.0,916.81,909.5,915.34,5728
2022-07-26 14:15:00,914.99,925.64,912.1,923.14,22992
2022-07-26 15:15:00,923.14,925.64,919.26,922.45,9315
2022-07-27 09:15:00,912.98,933.69,907.68,929.57,13555
2022-07-27 10:15:00,929.57,930.21,919.85,930.16,5666
2022-07-27 11:15:00,930.65,930.65,920.15,923.29,7102
2022-07-27 12:15:00,921.03,926.48,918.04,924.03,3339
2022-07-27 13:15:00,925.69,926.14,920.54,920.54,3108
2022-07-27 14:15:00,922.31,928.93,922.31,925.74,2820
2022-07-27 15:15:00,928.1,930.65,917.89,926.82,2622
2022-07-28 09:15:00,918.63,931.34,915.04,928.69,4211
2022-07-28 10:15:00,927.8,930.65,927.71,929.52,1628
2022-07-28 11:15:00,928.25,939.49,927.71,939.0,4707
2022-07-28 12:15:00,939.0,940.62,934.87,937.52,3727
2022-07-28 13:15:00,937.52,938.55,937.52,938.55,2715
2022-07-28 14:15:00,938.55,943.81,937.52,942.38,7800
2022-07-28 15:15:00,942.38,947.34,938.26,943.22,2838
2022-07-29 09:15:00,952.1,966.39,952.1,957.26,9503
2022-07-29 10:15:00,957.16,974.53,950.43,971.74,7811
2022-07-29 11:15:00,971.88,975.56,966.24,969.72,4231
2022-07-29 12:15:00,969.72,973.85,966.29,973.45,4233
2022-07-29 13:15:00,973.85,976.69,968.35,973.55,3960
2022-07-29 14:15:00,973.5,976.79,967.96,974.34,5848
2022-07-29 15:15:00,974.34,976.74,971.88,975.22,1159
2022-08-01 09:15:00,1006.24,1006.24,978.75,983.76,5959
2022-08-01 10:15:00,983.76,988.03,981.7,987.0,1914
2022-08-01 11:15:00,986.9,986.9,980.72,980.72,1805
2022-08-01 12:15:00,980.72,981.41,976.89,980.13,1075
2022-08-01 13:15:00,981.21,983.61,976.35,981.41,1399
2022-08-01 14:15:00,980.67,985.63,975.81,977.09,2362
2022-08-01 15:15:00,983.57,985.63,973.99,980.91,1731
2022-08-02 09:15:00,980.82,989.55,966.58,971.78,3137
2022-08-02 10:15:00,971.78,974.44,966.58,968.45,2017
2022-08-02 11:15:00,967.96,975.76,967.32,975.76,1768
2022-08-02 12:15:00,975.76,982.68,975.52,978.36,2944
2022-08-02 13:15:00,977.58,984.01,977.48,982.63,2868
2022-08-02 14:15:00,984.4,993.48,983.07,985.63,3335
2022-08-02 15:15:00,984.4,986.51,982.53,984.74,1225
2022-08-03 09:15:00,991.52,991.52,973.21,987.1,3197
2022-08-03 10:15:00,988.28,1009.19,982.93,995.89,13829
2022-08-03 11:15:00,995.89,997.65,981.85,985.53,10001
2022-08-03 12:15:00,985.63,991.52,983.86,991.52,1167
2022-08-03 13:15:00,992.5,992.5,982.78,985.63,1669
2022-08-03 14:15:00,985.63,989.11,981.95,982.29,3132
2022-08-03 15:15:00,983.07,985.87,981.75,983.52,2078
2022-08-04 09:15:00,996.43,1001.28,978.66,982.63,4024
2022-08-04 10:15:00,979.69,985.63,978.9,983.66,2852
2022-08-04 11:15:00,983.66,984.2,976.79,984.2,2313
2022-08-04 12:15:00,983.66,988.82,982.63,988.52,758
2022-08-04 13:15:00,986.41,986.61,983.76,984.79,602
2022-08-04 14:15:00,986.12,991.52,983.76,988.38,3051
2022-08-04 15:15:00,989.11,993.97,987.79,991.17,2059
2022-08-05 09:15:00,983.66,1005.41,978.02,1001.33,4095
2022-08-05 10:15:00,1000.94,1005.21,998.24,1004.92,2389
2022-08-05 11:15:00,1004.97,1006.24,1002.32,1003.44,2523
2022-08-05 12:15:00,1004.28,1005.16,1002.32,1002.81,673
2022-08-05 13:15:00,1003.3,1003.3,997.21,999.57,1803
2022-08-05 14:15:00,998.39,1001.33,988.72,997.95,2718
2022-08-05 15:15:00,997.55,1002.36,985.63,995.44,2561
2022-08-08 09:15:00,995.44,995.49,977.97,985.92,4453
2022-08-08 10:15:00,985.77,988.08,985.77,986.8,411
2022-08-08 11:15:00,989.55,989.55,988.57,988.72,1038
2022-08-08 12:15:00,988.77,1002.81,988.72,998.73,3258
2022-08-08 13:15:00,997.9,997.9,989.7,989.7,469
2022-08-08 14:15:00,989.75,994.95,989.31,993.48,1601
2022-08-08 15:15:00,993.43,994.02,985.63,989.26,1062
2022-08-10 09:15:00,990.49,991.42,981.01,984.45,1051
2022-08-10 10:15:00,983.71,986.8,979.25,980.82,5086
2022-08-10 11:15:00,981.31,982.63,979.74,980.18,307
2022-08-10 12:15:00,979.74,982.44,978.75,979.79,696
2022-08-10 13:15:00,979.74,984.15,979.25,981.21,1145
2022-08-10 14:15:00,982.93,982.93,979.74,981.45,762
2022-08-10 15:15:00,981.45,984.2,980.72,982.93,3817
2022-08-11 09:15:00,986.12,988.38,981.7,986.76,2241
2022-08-11 10:15:00,985.28,988.28,983.71,985.33,1046
2022-08-11 11:15:00,983.71,985.33,981.9,981.9,759
2022-08-11 12:15:00,981.7,983.66,980.47,981.26,865
2022-08-11 13:15:00,982.63,983.52,979.29,981.16,1082
2022-08-11 14:15:00,980.33,984.15,979.25,982.93,1705
2022-08-11 15:15:00,979.79,982.93,976.79,981.85,404
2022-08-12 09:15:00,987.0,1006.73,973.94,1002.32,13690
2022-08-12 10:15:00,1001.92,1003.79,999.37,1000.84,2968
2022-08-12 11:15:00,999.96,1005.65,999.91,1001.92,3075
2022-08-12 12:15:00,1001.38,1003.3,1000.84,1000.84,1092
2022-08-12 13:15:00,1000.89,1003.3,1000.74,1003.3,1561
2022-08-12 14:15:00,1003.25,1004.77,987.93,995.35,5197
2022-08-12 15:15:00,994.9,999.27,983.71,992.7,2246
2022-08-16 09:15:00,1006.24,1024.89,997.26,1017.04,15527
2022-08-16 10:15:00,1017.58,1020.43,1008.45,1013.65,5786
2022-08-16 11:15:00,1014.73,1022.74,1001.38,1008.89,5884
2022-08-16 12:15:00,1008.94,1018.07,1008.94,1015.67,2398
2022-08-16 13:15:00,1015.67,1057.29,1012.48,1051.84,19473
2022-08-16 14:15:00,1053.36,1069.07,1040.6,1044.73,40997
2022-08-16 15:15:00,1046.49,1055.33,1031.96,1044.33,7798
2022-08-17 09:15:00,1043.55,1064.31,1043.55,1051.4,8727
2022-08-17 10:15:00,1053.61,1065.14,1049.49,1057.78,4316
2022-08-17 11:15:00,1059.06,1059.35,1049.93,1056.36,1574
2022-08-17 12:15:00,1056.36,1058.52,1045.31,1049.14,3008
2022-08-17 13:15:00,1049.14,1073.0,1045.51,1065.68,9125
2022-08-17 14:15:00,1065.68,1074.96,1060.73,1074.86,6981
2022-08-17 15:15:00,1074.86,1078.35,1065.14,1069.66,4114
2022-08-18 09:15:00,1079.38,1107.21,1077.17,1099.5,25346
2022-08-18 10:15:00,1099.5,1102.55,1091.7,1099.55,13016
2022-08-18 11:15:00,1100.39,1100.39,1099.5,1099.5,4912
2022-08-18 12:15:00,1099.5,1106.13,1099.5,1102.45,7978
2022-08-18 13:15:00,1102.35,1104.27,1099.5,1103.73,6381
2022-08-18 14:15:00,1103.58,1110.3,1101.47,1105.89,11172
2022-08-18 15:15:00,1105.93,1117.22,1103.43,1107.5,7584
2022-08-19 09:15:00,1107.36,1117.22,1093.91,1110.65,6442
2022-08-19 10:15:00,1110.65,1112.61,1103.48,1105.3,3757
2022-08-19 11:15:00,1104.17,1106.38,1101.86,1104.22,3774
2022-08-19 12:15:00,1104.46,1108.04,1103.14,1104.36,1624
2022-08-19 13:15:00,1104.41,1106.18,1103.48,1104.41,2007
2022-08-19 14:15:00,1104.41,1106.38,1102.2,1104.27,6774
2022-08-19 15:15:00,1104.07,1106.38,1091.99,1102.99,4700
2022-08-22 09:15:00,1124.98,1124.98,1055.82,1058.96,15323
2022-08-22 10:15:00,1060.09,1065.88,1050.91,1052.04,6132
2022-08-22 11:15:00,1053.17,1059.89,1050.96,1057.05,7087
2022-08-22 12:15:00,1055.92,1064.95,1052.48,1053.76,4504
2022-08-22 13:15:00,1055.47,1062.2,1054.69,1059.25,2651
2022-08-22 14:15:00,1059.4,1060.87,1044.58,1044.77,7618
2022-08-22 15:15:00,1044.77,1054.84,1027.2,1041.68,5593
2022-08-23 09:15:00,1040.6,1040.6,1011.15,1019.0,10666
2022-08-23 10:15:00,1019.0,1029.75,1016.16,1022.64,5472
2022-08-23 11:15:00,1022.93,1023.62,1016.06,1017.83,1470
2022-08-23 12:15:00,1017.73,1020.18,1015.08,1016.94,1773
2022-08-23 13:15:00,1017.63,1022.1,1014.93,1017.53,2361
2022-08-23 14:15:00,1019.05,1021.7,1013.16,1019.15,5918
2022-08-23 15:15:00,1019.3,1020.92,1015.08,1018.12,4106
2022-08-24 09:15:00,1018.02,1028.53,1018.02,1021.36,3892
2022-08-24 10:15:00,1022.24,1025.78,1022.24,1025.09,725
2022-08-24 11:15:00,1027.01,1030.79,1008.01,1013.7,4548
2022-08-24 12:15:00,1015.03,1018.61,1011.15,1017.78,1181
2022-08-24 13:15:00,1015.91,1020.97,1015.47,1019.2,1500
2022-08-24 14:15:00,1020.77,1020.87,1006.24,1008.3,2025
2022-08-24 15:15:00,1009.73,1030.79,1008.21,1015.08,2182
2022-08-25 09:15:00,1020.38,1023.91,1013.61,1014.98,1601
2022-08-25 10:15:00,1016.11,1018.27,1015.08,1015.62,585
2022-08-25 11:15:00,1016.7,1017.24,1011.15,1012.57,1250
2022-08-25 12:15:00,1012.62,1012.62,999.37,999.37,2693
2022-08-25 13:15:00,1000.3,1006.19,998.59,1002.41,3959
2022-08-25 14:15:00,1002.46,1005.95,997.51,1001.28,3556
2022-08-25 15:15:00,999.42,1003.3,996.43,1000.16,1789
2022-08-26 09:15:00,1001.33,1005.46,991.52,993.58,6466
2022-08-26 10:15:00,993.58,998.09,992.5,997.41,6457
2022-08-26 11:15:00,997.85,999.17,996.87,996.87,366
2022-08-26 12:15:00,996.52,997.65,992.2,992.7,837
2022-08-26 13:15:00,992.5,995.98,990.73,993.23,1061
2022-08-26 14:15:00,991.81,997.26,989.55,995.15,5698
2022-08-26 15:15:00,995.15,995.35,981.8,992.7,3088
2022-08-29 09:15:00,991.52,991.52,957.01,981.7,12890
2022-08-29 10:15:00,982.29,986.85,982.29,983.37,1333
2022-08-29 11:15:00,985.09,985.09,978.21,982.19,2333
2022-08-29 12:15:00,982.04,983.86,981.7,983.66,531
2022-08-29 13:15:00,983.66,992.25,982.44,991.52,4231
2022-08-29 14:15:00,992.45,997.41,983.17,986.17,5137
2022-08-29 15:15:00,987.05,987.69,982.29,985.23,1304
2022-08-30 09:15:00,1001.28,1025.88,997.75,1003.35,6302
2022-08-30 10:15:00,1004.08,1011.99,1002.86,1010.46,2494
2022-08-30 11:15:00,1010.51,1013.11,1008.99,1010.22,19722
2022-08-30 12:15:00,1011.69,1011.79,1003.74,1003.79,31352
2022-08-30 13:15:00,1003.49,1016.99,1001.82,1016.99,3654
2022-08-30 14:15:00,1018.02,1018.86,1011.25,1016.06,8095
2022-08-30 15:15:00,1015.27,1016.06,1008.25,1013.75,2693
2022-09-01 09:15:00,1013.75,1013.75,1004.77,1011.3,13344
2022-09-01 10:15:00,1012.28,1012.57,1007.22,1010.66,1429
2022-09-01 11:15:00,1009.33,1013.61,1008.01,1009.09,630
2022-09-01 12:15:00,1007.96,1011.59,1007.96,1008.79,600
2022-09-01 13:15:00,1010.86,1010.86,1003.3,1005.75,1812
2022-09-01 14:15:00,1006.54,1008.7,994.56,1002.61,3147
2022-09-01 15:15:00,1005.6,1005.6,995.05,1001.28,1002
2022-09-02 09:15:00,1001.33,1001.43,986.61,988.57,2839
2022-09-02 10:15:00,988.57,991.81,985.04,987.59,2402
2022-09-02 11:15:00,988.03,991.03,987.59,990.54,427
2022-09-02 12:15:00,990.88,991.37,988.67,988.67,897
2022-09-02 13:15:00,989.06,1000.35,987.59,1000.35,2059
2022-09-02 14:15:00,999.32,1002.71,983.66,986.07,5069
2022-09-02 15:15:00,985.68,989.55,983.66,986.95,2208
2022-09-05 09:15:00,986.61,991.47,979.74,983.27,3810
2022-09-05 10:15:00,980.82,981.7,974.53,974.58,2880
2022-09-05 11:15:00,974.58,975.66,959.37,964.62,5049
2022-09-05 12:15:00,964.52,966.09,961.08,962.07,3699
2022-09-05 13:15:00,962.75,967.96,961.82,966.97,5255
2022-09-05 14:15:00,966.97,971.24,966.09,968.94,3823
2022-09-05 15:15:00,968.94,973.85,967.96,969.72,3504
2022-09-06 09:15:00,978.75,1005.16,977.82,982.83,33764
2022-09-06 10:15:00,982.49,987.88,979.25,981.7,4687
2022-09-06 11:15:00,982.98,983.37,981.06,981.7,3078
2022-09-06 12:15:00,981.7,985.53,981.7,981.7,1862
2022-09-06 13:15:00,981.7,995.84,981.5,993.33,7334
2022-09-06 14:15:00,993.28,995.89,991.52,994.51,3819
2022-09-06 15:15:00,995.35,995.39,991.52,992.5,8558
2022-09-07 09:15:00,982.68,1002.22,979.59,1002.22,34608
2022-09-07 10:15:00,1002.22,1009.14,995.79,1005.31,19314
2022-09-07 11:15:00,1005.75,1044.48,1003.79,1019.0,21058
2022-09-07 12:15:00,1019.0,1030.64,1016.35,1023.52,19654
2022-09-07 13:15:00,1024.01,1026.81,1020.87,1021.46,6809
2022-09-07 14:15:00,1021.02,1026.76,1020.97,1025.58,9572
2022-09-07 15:15:00,1024.89,1028.53,1021.95,1025.43,7907
2022-09-08 09:15:00,1023.91,1033.53,1012.77,1028.87,9250
2022-09-08 10:15:00,1028.58,1036.92,1027.4,1031.77,4403
2022-09-08 11:15:00,1031.77,1033.24,1029.12,1030.59,1238
2022-09-08 12:15:00,1032.31,1032.36,1026.37,1028.48,1070
2022-09-08 13:15:00,1028.82,1030.79,1027.45,1028.53,624
2022-09-08 14:15:00,1028.87,1032.26,1021.95,1031.77,5251
2022-09-08 15:15:00,1031.91,1035.6,1020.97,1029.36,6803
2022-09-09 09:15:00,1045.51,1096.56,1045.51,1090.18,176278
2022-09-09 10:15:00,1090.18,1091.45,1081.98,1086.74,51175
2022-09-09 11:15:00,1085.56,1109.32,1085.12,1103.58,92944
2022-09-09 12:15:00,1103.73,1111.28,1101.66,1106.82,52804
2022-09-09 13:15:00,1105.2,1106.87,1089.69,1094.6,56502
2022-09-09 14:15:00,1094.6,1108.04,1089.69,1103.33,51872
2022-09-09 15:15:00,1102.11,1117.17,1101.37,1105.84,34559
2022-09-12 09:15:00,1116.19,1117.22,1066.62,1081.29,43822
2022-09-12 10:15:00,1081.24,1097.54,1080.07,1094.6,15084
2022-09-12 11:15:00,1094.6,1102.69,1091.9,1094.94,14707
2022-09-12 12:15:00,1095.28,1098.03,1093.81,1095.97,3664
2022-09-12 13:15:00,1094.4,1095.58,1091.65,1093.81,4174
2022-09-12 14:15:00,1092.44,1102.6,1091.7,1095.92,10655
2022-09-12 15:15:00,1097.88,1100.09,1088.12,1095.87,9037
2022-09-13 09:15:00,1117.17,1117.17,1080.95,1091.7,11682
2022-09-13 10:15:00,1092.73,1094.74,1089.69,1090.57,2044
2022-09-13 11:15:00,1090.47,1093.32,1088.21,1090.57,2818
2022-09-13 12:15:00,1091.99,1093.52,1089.69,1093.32,1176
2022-09-13 13:15:00,1093.12,1103.38,1084.88,1086.25,16907
2022-09-13 14:15:00,1087.33,1097.54,1087.23,1092.39,3227
2022-09-13 15:15:00,1092.39,1101.47,1089.69,1095.28,3467
2022-09-14 09:15:00,1109.32,1111.19,1087.33,1091.6,42350
2022-09-14 10:15:00,1093.12,1093.71,1089.64,1092.48,3717
2022-09-14 11:15:00,1091.26,1092.63,1087.72,1088.21,55572
2022-09-14 12:15:00,1088.71,1092.14,1072.75,1086.3,23057
2022-09-14 13:15:00,1084.73,1086.4,1048.46,1069.91,20993
2022-09-14 14:15:00,1069.56,1075.45,1062.2,1067.84,12256
2022-09-14 15:15:00,1065.24,1074.67,1058.27,1065.05,16607
2022-09-15 09:15:00,1070.05,1079.82,1067.4,1068.48,7685
2022-09-15 10:15:00,1068.58,1070.05,1065.14,1065.54,2154
2022-09-15 11:15:00,1066.32,1068.04,1060.33,1066.08,2193
2022-09-15 12:15:00,1066.08,1068.68,1064.51,1068.63,650
2022-09-15 13:15:00,1067.5,1070.05,1066.57,1069.37,1351
2022-09-15 14:15:00,1068.09,1069.76,1060.24,1066.47,4435
2022-09-15 15:15:00,1066.52,1068.09,1061.66,1064.41,2356
2022-09-16 09:15:00,1070.05,1072.31,1051.4,1054.89,4383
2022-09-16 10:15:00,1053.17,1055.33,1052.43,1055.33,1165
2022-09-16 11:15:00,1055.33,1055.33,1047.82,1052.38,2214
2022-09-16 12:15:00,1052.38,1055.28,1042.52,1055.13,2587
2022-09-16 13:15:00,1055.13,1060.58,1052.28,1060.04,6350
2022-09-16 14:15:00,1059.6,1071.38,1051.89,1069.61,12792
2022-09-16 15:15:00,1069.95,1070.49,1061.17,1066.47,7030
2022-09-19 09:15:00,1074.96,1074.96,1050.86,1064.41,4122
2022-09-19 10:15:00,1064.41,1073.64,1063.82,1072.07,2227
2022-09-19 11:15:00,1072.07,1073.54,1060.24,1063.48,1160
2022-09-19 12:15:00,1063.38,1070.45,1061.41,1070.45,1819
2022-09-19 13:15:00,1070.45,1071.38,1059.99,1060.09,2565
2022-09-19 14:15:00,1059.7,1062.15,1046.49,1047.82,1668
2022-09-19 15:15:00,1047.77,1070.94,1043.55,1058.47,3513
2022-09-20 09:15:00,1093.61,1093.61,1070.05,1077.91,19354
2022-09-20 10:15:00,1077.42,1078.89,1073.1,1076.78,3655
2022-09-20 11:15:00,1076.78,1077.91,1073.05,1073.88,3243
2022-09-20 12:15:00,1074.52,1074.96,1064.85,1065.14,4203
2022-09-20 13:15:00,1065.14,1074.96,1062.2,1062.2,3712
2022-09-20 14:15:00,1064.16,1073.54,1061.22,1067.8,4400
2022-09-20 15:15:00,1068.97,1069.02,1062.2,1066.91,5255
2022-09-21 09:15:00,1066.91,1072.11,1045.46,1055.13,5540
2022-09-21 10:15:00,1053.07,1055.23,1043.01,1047.82,2672
2022-09-21 11:15:00,1048.36,1048.36,1036.72,1037.07,1824
2022-09-21 12:15:00,1036.72,1049.58,1036.72,1048.75,901
2022-09-21 13:15:00,1048.5,1051.89,1045.85,1048.26,2137
2022-09-21 14:15:00,1046.05,1048.26,1035.89,1035.94,1653
2022-09-21 15:15:00,1035.99,1042.07,1035.94,1038.83,2766
2022-09-22 09:15:00,1030.2,1050.81,1030.2,1048.8,1589
2022-09-22 10:15:00,1047.92,1048.41,1041.44,1041.44,2351
2022-09-22 11:15:00,1041.44,1047.42,1039.87,1044.73,974
2022-09-22 12:15:00,1044.73,1050.42,1044.58,1049.29,2977
2022-09-22 13:15:00,1050.32,1052.38,1049.19,1049.34,2436
2022-09-22 14:15:00,1050.32,1052.24,1049.19,1052.14,2317
2022-09-22 15:15:00,1050.42,1052.43,1049.19,1050.66,1115
2022-09-23 09:15:00,1052.38,1060.14,1042.32,1043.6,2735
2022-09-23 10:15:00,1043.6,1047.18,1041.44,1043.45,1883
2022-09-23 11:15:00,1041.73,1045.27,1041.58,1041.58,691
2022-09-23 12:15:00,1042.76,1048.95,1038.64,1045.41,1632
2022-09-23 13:15:00,1045.46,1058.27,1044.82,1046.15,2184
2022-09-23 14:15:00,1047.47,1047.47,1031.32,1036.63,5056
2022-09-23 15:15:00,1037.12,1039.28,1031.32,1034.42,1413
2022-09-26 09:15:00,1020.97,1029.8,996.57,997.41,4147
2022-09-26 10:15:00,997.41,999.27,981.7,996.43,3378
2022-09-26 11:15:00,995.0,1001.33,987.39,1001.28,2050
2022-09-26 12:15:00,1001.28,1008.21,999.22,1005.21,2973
2022-09-26 13:15:00,1004.82,1008.55,1000.65,1002.32,1968
2022-09-26 14:15:00,1005.26,1010.07,987.49,991.57,5973
2022-09-26 15:15:00,991.52,1001.24,987.59,999.91,3435
2022-09-27 09:15:00,1004.92,1030.83,1001.92,1012.18,3798
2022-09-27 10:15:00,1012.18,1020.67,1010.56,1010.56,1231
2022-09-27 11:15:00,1011.05,1016.89,1011.05,1016.89,987
2022-09-27 12:15:00,1015.27,1020.97,1011.15,1020.97,620
2022-09-27 13:15:00,1020.77,1020.77,1003.98,1007.81,1571
2022-09-27 14:15:00,1007.13,1010.56,984.69,992.5,4982
2022-09-27 15:15:00,988.96,993.33,982.68,991.91,3681
2022-09-28 09:15:00,987.39,992.11,981.7,987.88,2601
2022-09-28 10:15:00,988.47,988.52,983.61,983.66,1831
2022-09-28 11:15:00,985.63,992.4,984.3,990.98,1052
2022-09-28 12:15:00,991.27,991.47,980.77,985.33,2676
2022-09-28 13:15:00,984.2,1008.06,984.2,1001.33,2989
2022-09-28 14:15:00,999.37,1007.22,996.47,1003.3,1199
2022-09-28 15:15:00,1003.3,1015.08,997.41,1005.26,1051
2022-09-29 09:15:00,1010.56,1013.65,1005.31,1005.8,887
2022-09-29 10:15:00,1007.22,1022.98,1007.22,1017.09,2994
2022-09-29 11:15:00,1016.06,1020.97,1007.18,1011.79,2793
2022-09-29 12:15:00,1012.13,1015.72,993.82,1001.33,2594
2022-09-29 13:15:00,998.98,1005.95,990.04,997.85,1375
2022-09-29 14:15:00,995.44,1049.44,993.48,1048.11,6126
2022-09-29 15:15:00,1048.01,1050.57,1032.31,1036.18,4883
2022-09-30 09:15:00,1026.76,1041.34,1013.31,1022.49,4310
2022-09-30 10:15:00,1021.75,1028.77,1016.45,1028.77,2208
2022-09-30 11:15:00,1028.77,1028.82,1019.5,1027.84,1408
2022-09-30 12:15:00,1027.3,1028.63,1018.42,1022.54,442
2022-09-30 13:15:00,1021.26,1029.8,1020.92,1025.93,3244
2022-09-30 14:15:00,1026.81,1029.75,1026.61,1028.82,2846
2022-09-30 15:15:00,1029.31,1029.71,1025.88,1029.12,1367
2022-10-03 09:15:00,1029.8,1038.83,1016.16,1028.77,2567
2022-10-03 10:15:00,1028.82,1036.68,1025.34,1033.83,3196
2022-10-03 11:15:00,1034.71,1035.69,1032.11,1033.78,1953
2022-10-03 12:15:00,1035.5,1035.69,1026.37,1033.29,3011
2022-10-03 13:15:00,1034.12,1035.69,1028.63,1035.69,1329
2022-10-03 14:15:00,1035.69,1045.71,1026.56,1045.71,7372
2022-10-03 15:15:00,1045.56,1056.31,1041.88,1045.02,6311
2022-10-04 09:15:00,1060.24,1060.24,1036.18,1046.88,6203
2022-10-04 10:15:00,1048.31,1048.31,1040.65,1043.74,1266
2022-10-04 11:15:00,1044.77,1048.5,1038.79,1045.81,1999
2022-10-04 12:15:00,1045.51,1046.49,1044.28,1045.81,443
2022-10-04 13:15:00,1046.49,1049.09,1043.06,1045.51,1546
2022-10-04 14:15:00,1046.74,1047.08,1041.68,1045.27,778
2022-10-04 15:15:00,1045.46,1045.46,1039.77,1042.22,1103
2022-10-06 09:15:00,1047.18,1047.18,1041.58,1043.15,2142
2022-10-06 10:15:00,1044.53,1054.3,1043.79,1054.2,3925
2022-10-06 11:15:00,1052.68,1054.35,1043.35,1044.63,4035
2022-10-06 12:15:00,1045.51,1054.3,1044.87,1052.24,1859
2022-10-06 13:15:00,1051.11,1053.27,1044.82,1049.88,2299
2022-10-06 14:15:00,1051.99,1052.38,1045.41,1049.93,3074
2022-10-06 15:15:00,1049.93,1051.74,1035.1,1046.54,2781
2022-10-07 09:15:00,1040.6,1088.31,1040.6,1052.58,9854
2022-10-07 10:15:00,1048.95,1050.42,1047.52,1048.85,578
2022-10-07 11:15:00,1048.85,1054.59,1047.96,1050.08,1070
2022-10-07 12:15:00,1049.44,1052.73,1048.85,1048.85,236
2022-10-07 13:15:00,1047.47,1053.36,1041.34,1045.36,3926
2022-10-07 14:15:00,1045.51,1056.41,1043.25,1048.7,5716
2022-10-07 15:15:00,1052.24,1052.24,1023.27,1043.55,5113
2022-10-10 09:15:00,1034.07,1041.24,1029.17,1037.76,2149
2022-10-10 10:15:00,1037.76,1039.57,1030.79,1030.79,1168
2022-10-10 11:15:00,1031.08,1031.77,1019.69,1026.61,4171
2022-10-10 12:15:00,1026.61,1027.79,1019.05,1021.9,3447
2022-10-10 13:15:00,1020.87,1023.81,1016.06,1019.89,935
2022-10-10 14:15:00,1019.89,1020.72,1010.66,1011.69,3192
2022-10-10 15:15:00,1011.69,1021.95,1001.58,1010.66,2606
2022-10-11 09:15:00,1010.86,1029.8,1010.86,1020.97,4387
2022-10-11 10:15:00,1020.87,1021.8,1016.11,1017.04,1357
2022-10-11 11:15:00,1016.35,1018.46,1011.45,1013.61,529
2022-10-11 12:15:00,1013.51,1015.03,1005.51,1008.11,1526
2022-10-11 13:15:00,1008.21,1008.99,1002.36,1004.87,504
2022-10-11 14:15:00,1004.87,1004.87,992.79,999.17,1347
2022-10-11 15:15:00,998.98,999.32,989.55,997.55,847
2022-10-12 09:15:00,997.55,1001.19,983.71,993.38,9191
2022-10-12 10:15:00,992.06,992.5,981.7,989.6,1881
2022-10-12 11:15:00,989.85,998.39,988.28,994.41,2696
2022-10-12 12:15:00,994.27,1000.84,988.92,998.54,1493
2022-10-12 13:15:00,998.29,998.88,995.2,996.62,756
2022-10-12 14:15:00,996.47,999.76,991.57,996.77,6135
2022-10-12 15:15:00,997.6,1003.74,994.76,997.8,5948
2022-10-13 09:15:00,1002.81,1002.81,974.19,974.19,5243
2022-10-13 10:15:00,976.2,990.0,971.88,987.69,3121
2022-10-13 11:15:00,986.71,988.33,980.42,985.63,656
2022-10-13 12:15:00,985.63,988.52,985.63,988.52,428
2022-10-13 13:15:00,988.52,988.52,981.7,984.94,861
2022-10-13 14:15:00,984.11,986.36,975.81,979.69,1771
2022-10-13 15:15:00,979.69,983.66,972.67,977.92,1493
2022-10-14 09:15:00,985.63,999.37,984.99,986.95,4693
2022-10-14 10:15:00,987.0,987.0,980.72,985.63,1247
2022-10-14 11:15:00,985.92,985.92,982.68,984.45,270
2022-10-14 12:15:00,982.68,985.09,981.26,982.58,345
2022-10-14 13:15:00,983.27,985.43,981.5,982.29,485
2022-10-14 14:15:00,983.37,983.37,976.79,976.84,2205
2022-10-14 15:15:00,976.89,978.75,976.79,977.63,1038
2022-10-17 09:15:00,975.81,983.61,958.04,983.37,7252
2022-10-17 10:15:00,984.35,991.32,980.47,986.71,3763
2022-10-17 11:15:00,987.15,991.17,986.61,989.11,1832
2022-10-17 12:15:00,990.73,1013.07,990.73,1003.05,9918
2022-10-17 13:15:00,1004.13,1006.29,994.41,998.39,44948
2022-10-17 14:15:00,999.32,999.37,993.53,998.83,2871
2022-10-17 15:15:00,998.98,1008.21,992.55,998.98,4049
2022-10-18 09:15:00,999.37,1003.3,982.78,985.58,3733
2022-10-18 10:15:00,984.65,986.56,976.25,981.65,5015
2022-10-18 11:15:00,983.22,983.42,977.82,979.74,1279
2022-10-18 12:15:00,979.74,983.12,976.79,980.08,3598
2022-10-18 13:15:00,980.03,981.7,976.3,979.74,9582
2022-10-18 14:15:00,979.74,985.23,974.34,982.29,6940
2022-10-18 15:15:00,982.93,985.63,980.13,981.7,7591
2022-10-19 09:15:00,986.61,999.08,982.68,994.22,3020
2022-10-19 10:15:00,992.84,993.48,987.64,992.99,2504
2022-10-19 11:15:00,992.4,998.05,990.83,997.9,2612
2022-10-19 12:15:00,998.05,1001.33,991.86,994.46,3325
2022-10-19 13:15:00,997.7,997.7,992.35,994.46,1552
2022-10-19 14:15:00,995.64,1003.3,983.12,990.63,4409
2022-10-19 15:15:00,989.41,994.46,983.96,989.8,1249
2022-10-20 09:15:00,975.12,980.67,935.27,974.48,7380
2022-10-20 10:15:00,972.86,983.27,972.86,979.64,3720
2022-10-20 11:15:00,978.26,982.19,978.07,981.65,1998
2022-10-20 12:15:00,981.55,992.55,980.13,985.63,3567
2022-10-20 13:15:00,985.63,988.38,978.61,982.78,1634
2022-10-20 14:15:00,983.66,989.55,981.7,983.71,2038
2022-10-20 15:15:00,981.7,984.65,981.7,983.32,1814
2022-10-21 09:15:00,943.41,969.63,943.41,956.13,32084
2022-10-21 10:15:00,957.65,958.63,955.93,956.52,6183
2022-10-21 11:15:00,956.52,958.14,956.47,956.52,4784
2022-10-21 12:15:00,957.06,957.06,953.72,955.15,2585
2022-10-21 13:15:00,953.62,955.15,952.74,954.21,2397
2022-10-21 14:15:00,954.07,955.19,947.39,948.37,6452
2022-10-21 15:15:00,949.89,951.22,942.43,947.64,26571
2022-10-24 17:15:00,952.64,952.64,952.64,952.64,38
2022-10-24 18:15:00,952.25,967.51,952.25,964.77,3375
2022-10-25 09:15:00,962.07,969.82,962.07,965.94,1232
2022-10-25 10:15:00,965.85,965.99,935.36,951.07,6981
2022-10-25 11:15:00,949.4,953.33,945.48,948.32,1516
2022-10-25 12:15:00,947.68,948.27,938.55,940.62,1963
2022-10-25 13:15:00,941.94,942.43,934.14,937.28,3682
2022-10-25 14:15:00,937.52,937.52,926.14,928.79,5242
2022-10-25 15:15:00,927.8,931.04,921.82,926.68,4980
2022-10-27 09:15:00,931.34,940.57,926.77,935.51,4620
2022-10-27 10:15:00,932.62,940.42,931.63,938.6,1272
2022-10-27 11:15:00,938.85,942.43,937.57,938.21,1530
2022-10-27 12:15:00,939.19,939.24,934.58,937.03,878
2022-10-27 13:15:00,937.03,937.03,930.7,933.6,2553
2022-10-27 14:15:00,933.25,933.6,925.79,927.71,1822
2022-10-27 15:15:00,926.48,932.12,924.37,928.54,1063
2022-10-28 09:15:00,928.54,931.58,923.93,927.07,1997
2022-10-28 10:15:00,929.62,929.62,925.74,928.39,622
2022-10-28 11:15:00,926.77,929.67,926.77,928.3,383
2022-10-28 12:15:00,928.3,928.93,922.85,924.96,1610
2022-10-28 13:15:00,925.79,927.71,925.64,925.79,1461
2022-10-28 14:15:00,925.79,928.1,922.8,923.29,13980
2022-10-28 15:15:00,922.9,927.71,919.36,923.09,3042
2022-10-31 09:15:00,920.79,941.5,920.79,937.52,3471
2022-10-31 10:15:00,937.52,940.86,937.52,939.19,1113
2022-10-31 11:15:00,938.01,940.86,937.52,939.34,1314
2022-10-31 12:15:00,939.44,940.86,937.52,937.57,1598
2022-10-31 13:15:00,936.64,939.78,936.64,939.49,300
2022-10-31 14:15:00,939.49,940.91,937.57,939.73,980
2022-10-31 15:15:00,939.73,942.33,938.51,940.13,1799
2022-11-01 09:15:00,947.34,956.18,944.89,951.27,23196
2022-11-01 10:15:00,950.58,951.32,942.97,948.17,7161
2022-11-01 11:15:00,946.51,949.3,944.79,945.38,1379
2022-11-01 12:15:00,944.4,950.29,943.86,943.86,6424
2022-11-01 13:15:00,945.08,949.3,942.58,946.36,3361
2022-11-01 14:15:00,944.4,949.3,942.92,946.41,6553
2022-11-01 15:15:00,944.79,949.3,939.0,944.98,3832
2022-11-02 09:15:00,949.75,949.75,939.68,947.14,1041
2022-11-02 10:15:00,947.49,948.27,944.44,944.44,606
2022-11-02 11:15:00,944.54,947.29,930.8,938.46,7374
2022-11-02 12:15:00,934.63,940.37,932.66,937.28,1047
2022-11-02 13:15:00,937.08,937.08,930.65,932.42,1086
2022-11-02 14:15:00,932.57,932.62,921.82,922.8,7081
2022-11-02 15:15:00,922.8,927.71,922.21,925.06,2579
2022-11-03 09:15:00,926.72,934.58,926.72,932.91,2396
2022-11-03 10:15:00,933.74,933.89,931.09,931.09,730
2022-11-03 11:15:00,931.58,934.87,931.19,934.87,553
2022-11-03 12:15:00,933.55,934.87,932.62,932.62,313
2022-11-03 13:15:00,932.62,934.58,932.03,934.28,592
2022-11-03 14:15:00,934.14,937.52,932.62,933.6,720
2022-11-03 15:15:00,935.27,936.0,932.62,934.97,468
2022-11-04 09:15:00,937.52,937.52,931.93,936.1,790
2022-11-04 10:15:00,936.25,937.43,929.72,937.43,849
2022-11-04 11:15:00,938.55,940.52,937.57,938.65,1043
2022-11-04 12:15:00,940.17,940.22,937.57,939.49,166
2022-11-04 13:15:00,939.49,939.49,938.01,939.24,372
2022-11-04 14:15:00,938.6,940.27,932.71,938.85,3422
2022-11-04 15:15:00,939.19,940.47,933.15,938.16,1238
2022-11-07 09:15:00,936.54,944.84,936.54,944.05,1973
2022-11-07 10:15:00,944.4,946.36,942.53,942.53,1225
2022-11-07 11:15:00,942.53,949.25,942.53,947.83,867
2022-11-07 12:15:00,947.83,948.81,934.68,945.38,1780
2022-11-07 13:15:00,947.39,947.88,944.49,945.38,154
2022-11-07 14:15:00,945.38,946.65,943.41,946.65,1850
2022-11-07 15:15:00,946.41,946.41,943.41,943.46,556
2022-11-09 09:15:00,949.06,951.27,945.48,948.67,1014
2022-11-09 10:15:00,948.71,948.71,944.4,946.21,1283
2022-11-09 11:15:00,946.21,950.29,944.74,946.36,798
2022-11-09 12:15:00,946.46,948.13,945.38,945.38,602
2022-11-09 13:15:00,947.24,947.29,945.38,946.41,513
2022-11-09 14:15:00,946.36,947.34,944.4,946.75,2701
2022-11-09 15:15:00,946.65,947.24,944.44,945.97,1162
2022-11-10 09:15:00,937.52,944.4,936.98,942.14,828
2022-11-10 10:15:00,942.43,942.43,938.51,941.3,446
2022-11-10 11:15:00,941.4,942.33,938.36,941.25,356
2022-11-10 12:15:00,941.11,941.25,938.55,939.98,46
2022-11-10 13:15:00,939.54,942.09,938.55,942.09,215
2022-11-10 14:15:00,939.59,939.59,932.62,935.22,978
2022-11-10 15:15:00,935.22,952.25,934.58,941.65,1059
2022-11-11 09:15:00,943.41,946.36,942.58,943.46,839
2022-11-11 10:15:00,945.13,945.18,937.47,939.59,797
2022-11-11 11:15:00,939.59,957.16,935.12,949.79,7720
2022-11-11 12:15:00,950.78,952.15,946.95,950.09,2238
2022-11-11 13:15:00,948.81,950.73,941.5,947.0,2632
2022-11-11 14:15:00,944.44,948.76,939.49,939.68,1664
2022-11-11 15:15:00,940.57,942.58,916.91,927.41,7296
2022-11-14 09:15:00,920.83,942.43,917.89,936.44,4294
2022-11-14 10:15:00,933.99,933.99,920.98,922.85,3216
2022-11-14 11:15:00,923.83,925.25,922.7,923.68,1133
2022-11-14 12:15:00,923.68,932.62,923.68,929.96,1470
2022-11-14 13:15:00,930.6,931.44,913.32,923.29,2543
2022-11-14 14:15:00,921.82,922.6,914.01,914.65,2843
2022-11-14 15:15:00,917.59,917.89,913.08,915.93,1695
2022-11-15 09:15:00,917.2,923.78,917.2,923.78,1578
2022-11-15 10:15:00,923.68,924.03,920.64,924.03,654
2022-11-15 11:15:00,922.95,923.98,918.87,918.87,897
2022-11-15 12:15:00,918.82,919.8,917.1,919.8,1339
2022-11-15 13:15:00,919.85,919.85,914.06,917.55,1300
2022-11-15 14:15:00,914.99,916.81,909.55,912.74,1639
2022-11-15 15:15:00,917.79,917.89,910.04,912.24,934
2022-11-16 09:15:00,912.69,923.29,912.69,918.97,1181
2022-11-16 10:15:00,920.64,920.64,915.44,918.87,356
2022-11-16 11:15:00,919.41,919.46,917.89,917.94,433
2022-11-16 12:15:00,917.94,935.81,917.94,932.32,4323
2022-11-16 13:15:00,934.04,934.58,928.69,931.73,3727
2022-11-16 14:15:00,931.73,932.81,928.25,930.26,1483
2022-11-16 15:15:00,929.67,931.58,923.83,928.44,1297
2022-11-17 09:15:00,927.71,932.52,924.61,926.33,1272
2022-11-17 10:15:00,927.61,927.71,921.37,921.37,879
2022-11-17 11:15:00,921.37,923.78,919.41,923.53,385
2022-11-17 12:15:00,923.53,925.74,921.87,925.1,236
2022-11-17 13:15:00,923.78,924.66,921.96,922.7,288
2022-11-17 14:15:00,923.78,923.78,912.98,918.77,1462
2022-11-17 15:15:00,923.34,923.34,918.38,920.29,281
2022-11-18 09:15:00,917.89,923.68,917.89,919.31,673
2022-11-18 10:15:00,918.87,928.74,918.87,922.06,1646
2022-11-18 11:15:00,922.01,928.34,920.83,928.3,1501
2022-11-18 12:15:00,928.69,932.62,927.12,932.32,2047
2022-11-18 13:15:00,930.9,931.44,923.34,923.34,668
2022-11-18 14:15:00,923.34,923.93,908.42,909.64,2927
2022-11-18 15:15:00,909.69,912.98,904.54,909.84,1606
2022-11-21 09:15:00,903.16,923.49,903.16,923.49,4276
2022-11-21 10:15:00,923.34,925.15,917.89,921.82,781
2022-11-21 11:15:00,923.29,925.55,917.89,924.47,724
2022-11-21 12:15:00,924.42,924.42,918.82,922.7,457
2022-11-21 13:15:00,922.55,923.68,917.89,921.91,911
2022-11-21 14:15:00,921.18,921.18,905.23,906.75,2708
2022-11-21 15:15:00,905.57,910.92,905.32,906.55,1920
2022-11-22 09:15:00,911.12,914.01,909.69,913.82,1061
2022-11-22 10:15:00,913.77,913.82,911.02,912.34,807
2022-11-22 11:15:00,911.75,912.24,910.04,912.24,123
2022-11-22 12:15:00,911.75,912.24,910.04,912.24,239
2022-11-22 13:15:00,912.24,912.24,909.45,909.59,217
2022-11-22 14:15:00,910.77,911.75,909.05,909.05,631
2022-11-22 15:15:00,909.05,910.04,899.29,906.85,1961
2022-11-23 09:15:00,906.85,913.32,906.85,911.8,1257
2022-11-23 10:15:00,912.93,912.98,911.61,911.66,470
2022-11-23 11:15:00,913.13,913.13,909.1,910.62,731
2022-11-23 12:15:00,910.97,910.97,908.07,910.04,759
2022-11-23 13:15:00,910.13,910.97,908.12,909.5,290
2022-11-23 14:15:00,910.92,910.92,879.26,889.42,10501
2022-11-23 15:15:00,890.4,890.4,880.98,889.13,4839
2022-11-24 09:15:00,888.44,903.16,888.44,896.19,2626
2022-11-24 10:15:00,896.14,897.96,889.37,892.37,1851
2022-11-24 11:15:00,891.53,892.12,888.54,888.54,1222
2022-11-24 12:15:00,888.59,891.33,887.46,888.44,1754
2022-11-24 13:15:00,888.44,890.35,887.41,889.67,1471
2022-11-24 14:15:00,888.44,891.19,886.48,891.14,1582
2022-11-24 15:15:00,891.14,892.37,888.44,890.01,1554
2022-11-25 09:15:00,893.35,903.16,893.35,895.36,1901
2022-11-25 10:15:00,895.36,899.24,895.26,898.99,688
2022-11-25 11:15:00,898.94,899.24,896.05,897.57,784
2022-11-25 12:15:00,898.5,899.83,894.53,894.53,425
2022-11-25 13:15:00,896.93,898.3,890.65,893.89,1350
2022-11-25 14:15:00,893.25,896.19,889.47,892.61,2450
2022-11-25 15:15:00,892.61,892.61,889.42,891.68,1087
2022-11-28 09:15:00,896.14,902.62,891.14,896.14,1963
2022-11-28 10:15:00,898.21,900.12,893.35,894.38,2883
2022-11-28 11:15:00,897.81,899.92,895.36,897.47,3363
2022-11-28 12:15:00,897.47,900.76,896.19,896.98,3060
2022-11-28 13:15:00,896.88,900.91,891.38,891.38,3610
2022-11-28 14:15:00,891.38,894.38,885.49,886.13,3802
2022-11-28 15:15:00,886.13,890.4,881.57,885.0,3485
2022-11-29 09:15:00,879.6,901.2,879.6,895.11,3351
2022-11-29 10:15:00,895.11,899.24,892.32,899.14,1960
2022-11-29 11:15:00,899.14,899.14,887.6,891.43,1602
2022-11-29 12:15:00,890.99,895.26,887.8,888.19,2468
2022-11-29 13:15:00,888.09,892.12,887.46,890.75,1123
2022-11-29 14:15:00,890.89,891.38,884.51,885.49,1725
2022-11-29 15:15:00,885.49,892.37,883.58,887.65,2229
2022-11-30 09:15:00,887.65,896.78,887.11,895.95,1588
2022-11-30 10:15:00,893.15,895.7,893.05,893.4,2278
2022-11-30 11:15:00,894.87,896.0,893.0,896.0,406
2022-11-30 12:15:00,895.9,896.29,891.14,894.62,2645
2022-11-30 13:15:00,894.62,896.24,893.0,893.79,319
2022-11-30 14:15:00,893.79,896.78,892.22,896.78,2540
2022-11-30 15:15:00,896.78,898.21,839.89,871.36,18369
2022-12-01 09:15:00,888.39,976.79,885.15,965.01,406432
2022-12-01 10:15:00,965.6,965.6,956.18,959.22,97360
2022-12-01 11:15:00,959.66,961.53,952.3,956.62,58703
2022-12-01 12:15:00,955.73,961.08,955.19,960.1,47450
2022-12-01 13:15:00,959.51,960.1,953.18,955.93,39762
2022-12-01 14:15:00,956.18,979.29,935.46,938.51,381077
2022-12-01 15:15:00,938.51,941.7,929.13,941.7,73433
2022-12-02 09:15:00,946.36,946.36,923.68,924.57,48330
2022-12-02 10:15:00,924.47,937.52,905.47,934.58,130740
2022-12-02 11:15:00,935.31,935.31,923.78,931.44,8491
2022-12-02 12:15:00,931.63,936.54,927.71,933.6,6545
2022-12-02 13:15:00,931.54,933.6,927.22,929.62,3462
2022-12-02 14:15:00,930.6,933.6,923.88,928.39,9992
2022-12-02 15:15:00,928.64,931.58,924.81,928.25,9332
2022-12-05 09:15:00,928.74,957.06,928.74,953.03,40335
2022-12-05 10:15:00,950.29,952.25,947.64,950.68,4462
2022-12-05 11:15:00,950.78,953.33,949.3,952.15,5058
2022-12-05 12:15:00,951.12,952.15,943.02,947.24,5610
2022-12-05 13:15:00,947.34,949.3,943.95,946.65,10521
2022-12-05 14:15:00,948.47,950.29,944.44,944.54,11475
2022-12-05 15:15:00,945.38,949.89,943.46,946.26,5453
2022-12-06 09:15:00,946.26,952.25,942.43,950.24,9120
2022-12-06 10:15:00,950.24,951.22,944.44,950.29,6240
2022-12-06 11:15:00,950.29,952.25,948.47,950.29,5685
2022-12-06 12:15:00,951.32,951.56,938.95,943.81,7326
2022-12-06 13:15:00,943.9,946.31,940.47,946.31,4818
2022-12-06 14:15:00,945.43,956.18,945.38,952.45,21384
2022-12-06 15:15:00,952.45,957.16,947.68,952.84,8355
2022-12-07 09:15:00,959.0,959.0,930.35,938.95,24666
2022-12-07 10:15:00,939.7,939.7,925.0,928.85,19741
2022-12-07 11:15:00,928.85,937.95,927.0,933.95,9610
2022-12-07 12:15:00,933.0,935.75,932.0,932.05,3096
2022-12-07 13:15:00,932.55,932.55,928.0,928.85,6444
2022-12-07 14:15:00,930.0,932.0,928.0,930.35,7745
2022-12-07 15:15:00,930.35,930.45,920.25,927.7,9813
2022-12-08 09:15:00,938.0,938.0,923.0,926.5,9305
2022-12-08 10:15:00,927.55,932.0,926.5,929.0,2244
2022-12-08 11:15:00,929.0,929.4,926.1,926.95,1088
2022-12-08 12:15:00,926.95,929.0,921.1,927.1,2026
2022-12-08 13:15:00,927.8,927.8,914.35,918.05,5857
2022-12-08 14:15:00,917.5,919.8,902.5,906.55,7709
2022-12-08 15:15:00,905.65,918.3,905.0,909.3,5692
2022-12-09 09:15:00,911.0,917.85,910.1,913.45,5616
2022-12-09 10:15:00,911.55,913.0,903.4,907.0,3705
2022-12-09 11:15:00,907.0,909.55,907.0,907.05,1557
2022-12-09 12:15:00,906.2,908.45,901.6,903.0,1726
2022-12-09 13:15:00,902.95,904.55,896.2,896.9,2693
2022-12-09 14:15:00,896.85,906.75,888.75,906.05,8346
2022-12-09 15:15:00,904.6,909.55,893.0,902.85,5409
2022-12-12 09:15:00,904.8,918.0,903.75,910.0,8003
2022-12-12 10:15:00,910.0,913.3,910.0,910.0,885
2022-12-12 11:15:00,910.75,911.75,905.0,910.75,1495
2022-12-12 12:15:00,909.55,912.0,909.05,912.0,660
2022-12-12 13:15:00,912.35,912.45,908.8,910.45,1956
2022-12-12 14:15:00,910.0,916.0,900.0,914.6,4332
2022-12-12 15:15:00,911.55,915.9,905.75,909.35,1600
2022-12-13 09:15:00,909.35,915.7,909.35,914.4,2324
2022-12-13 10:15:00,914.2,915.95,913.0,915.3,1039
2022-12-13 11:15:00,916.0,916.0,911.0,915.5,1364
2022-12-13 12:15:00,916.0,916.0,913.55,913.55,1580
2022-12-13 13:15:00,914.8,915.95,911.95,915.0,1082
2022-12-13 14:15:00,915.0,915.8,913.0,915.0,1647
2022-12-13 15:15:00,915.0,917.0,913.0,915.45,1796
2022-12-14 09:15:00,919.0,925.0,918.0,918.9,1927
2022-12-14 10:15:00,916.65,919.95,911.05,912.95,1247
2022-12-14 11:15:00,911.7,915.9,909.5,912.05,1275
2022-12-14 12:15:00,913.1,913.85,910.1,911.8,616
2022-12-14 13:15:00,911.05,912.0,910.0,912.0,349
2022-12-14 14:15:00,911.75,915.35,910.0,913.0,1834
2022-12-14 15:15:00,917.0,921.9,912.05,913.15,3989
2022-12-15 09:15:00,911.95,919.0,911.55,913.0,896
2022-12-15 10:15:00,913.0,913.7,903.05,908.75,2301
2022-12-15 11:15:00,907.0,908.6,902.95,905.9,1632
2022-12-15 12:15:00,905.9,906.0,903.6,904.75,1037
2022-12-15 13:15:00,904.8,906.0,902.0,903.25,880
2022-12-15 14:15:00,903.25,903.6,901.0,901.1,1572
2022-12-15 15:15:00,903.35,906.0,901.0,903.05,929
2022-12-16 09:15:00,903.05,908.95,900.3,906.0,3652
2022-12-16 10:15:00,903.8,905.45,899.0,902.6,3132
2022-12-16 11:15:00,898.0,902.95,898.0,899.8,2488
2022-12-16 12:15:00,900.95,902.0,899.0,901.0,3024
2022-12-16 13:15:00,900.1,901.35,900.0,900.0,1517
2022-12-16 14:15:00,900.0,904.75,900.0,900.7,6397
2022-12-16 15:15:00,901.0,903.35,900.0,901.5,3579
2022-12-19 09:15:00,907.1,910.05,898.45,900.65,2810
2022-12-19 10:15:00,902.3,902.3,900.0,902.0,4676
2022-12-19 11:15:00,903.0,910.0,903.0,905.95,6099
2022-12-19 12:15:00,905.95,908.5,904.65,905.0,558
2022-12-19 13:15:00,905.0,906.85,904.4,904.4,639
2022-12-19 14:15:00,904.0,905.55,900.0,901.5,2632
2022-12-19 15:15:00,902.05,908.7,900.0,901.8,1331
2022-12-20 09:15:00,902.0,911.95,902.0,908.5,4034
2022-12-20 10:15:00,908.5,911.8,907.5,908.8,3265
2022-12-20 11:15:00,908.8,909.45,902.7,906.75,2537
2022-12-20 12:15:00,907.4,907.4,904.0,906.1,1677
2022-12-20 13:15:00,905.35,910.9,905.0,910.0,3115
2022-12-20 14:15:00,910.0,920.0,909.0,912.05,4952
2022-12-20 15:15:00,913.0,914.25,910.3,912.4,849
2022-12-21 09:15:00,910.0,917.0,910.0,910.75,768
2022-12-21 10:15:00,910.75,910.75,902.0,907.95,2080
2022-12-21 11:15:00,908.35,910.1,902.4,906.0,2089
2022-12-21 12:15:00,905.4,905.4,897.3,902.15,1496
2022-12-21 13:15:00,902.35,902.35,896.05,898.0,1999
2022-12-21 14:15:00,897.7,907.9,896.3,907.3,6694
2022-12-21 15:15:00,904.0,907.35,902.0,904.5,1590
2022-12-22 09:15:00,900.1,908.8,898.0,903.0,4029
2022-12-22 10:15:00,903.0,904.25,899.6,901.75,2365
2022-12-22 11:15:00,902.8,905.0,895.0,895.0,1549
2022-12-22 12:15:00,895.0,901.45,893.05,898.7,2422
2022-12-22 13:15:00,899.5,901.0,898.6,900.95,760
2022-12-22 14:15:00,900.0,902.15,899.2,900.85,1528
2022-12-22 15:15:00,900.0,903.0,899.55,900.2,1982
2022-12-23 09:15:00,893.0,911.7,890.0,894.0,5564
2022-12-23 10:15:00,894.0,895.85,890.8,893.85,1622
2022-12-23 11:15:00,894.0,900.95,893.6,900.0,5246
2022-12-23 12:15:00,900.0,900.9,899.0,900.0,3970
2022-12-23 13:15:00,900.0,901.0,899.0,900.0,2343
2022-12-23 14:15:00,900.0,900.4,896.2,900.0,6647
2022-12-23 15:15:00,899.75,900.0,892.2,897.7,2037
2022-12-26 09:15:00,892.0,903.85,892.0,899.65,2471
2022-12-26 10:15:00,898.75,899.75,895.8,897.25,763
2022-12-26 11:15:00,896.9,902.9,895.0,900.0,5227
2022-12-26 12:15:00,900.0,904.7,900.0,903.0,1630
2022-12-26 13:15:00,903.0,904.7,900.0,901.0,1903
2022-12-26 14:15:00,900.4,904.6,898.7,900.0,2752
2022-12-26 15:15:00,900.05,905.0,900.0,902.2,1153
2022-12-27 09:15:00,929.95,929.95,905.1,914.2,17561
2022-12-27 10:15:00,915.45,919.1,912.75,914.55,2620
2022-12-27 11:15:00,913.25,913.25,908.65,909.95,700
2022-12-27 12:15:00,908.7,910.95,908.0,908.5,898
2022-12-27 13:15:00,908.4,912.0,908.0,908.0,776
2022-12-27 14:15:00,908.9,908.9,900.0,903.35,3671
2022-12-27 15:15:00,903.4,908.35,891.5,900.75,5512
2022-12-28 09:15:00,895.0,903.85,891.25,900.9,5911
2022-12-28 10:15:00,900.5,902.0,899.95,900.4,871
2022-12-28 11:15:00,900.0,903.35,898.0,902.1,3650
2022-12-28 12:15:00,901.0,901.65,897.4,900.05,3760
2022-12-28 13:15:00,899.85,902.35,895.0,900.0,4976
2022-12-28 14:15:00,900.0,901.45,899.45,900.1,5377
2022-12-28 15:15:00,900.0,904.0,900.0,900.0,8960
2022-12-29 09:15:00,900.2,904.05,896.45,899.85,1557
2022-12-29 10:15:00,898.9,902.9,898.9,902.0,708
2022-12-29 11:15:00,901.4,901.9,900.0,900.25,1327
2022-12-29 12:15:00,900.25,901.5,899.45,900.0,4185
2022-12-29 13:15:00,900.0,901.45,898.95,900.0,4443
2022-12-29 14:15:00,900.15,901.55,881.65,882.3,10685
2022-12-29 15:15:00,882.3,890.0,882.0,885.6,7870
2022-12-30 09:15:00,890.0,906.95,890.0,903.35,8192
2022-12-30 10:15:00,904.45,917.9,902.2,908.4,13323
2022-12-30 11:15:00,908.0,914.25,901.0,906.8,23190
2022-12-30 12:15:00,907.8,914.0,906.7,910.0,12516
2022-12-30 13:15:00,911.25,915.0,907.3,911.15,13258
2022-12-30 14:15:00,912.85,913.0,907.55,910.0,13004
2022-12-30 15:15:00,910.0,915.0,904.0,911.5,5286
2023-01-02 09:15:00,914.3,918.0,902.45,905.2,2150
2023-01-02 10:15:00,905.1,906.9,901.9,902.0,1308
2023-01-02 11:15:00,902.0,902.3,899.7,900.75,1782
2023-01-02 12:15:00,900.6,902.9,896.0,900.0,2818
2023-01-02 13:15:00,901.05,903.55,899.85,900.7,1224
2023-01-02 14:15:00,900.0,902.25,897.5,900.0,3026
2023-01-02 15:15:00,900.05,903.5,900.0,900.0,1824
2023-01-03 09:15:00,904.65,904.8,897.05,900.1,1175
2023-01-03 10:15:00,899.95,900.25,899.05,899.05,410
2023-01-03 11:15:00,899.05,900.0,899.05,900.0,1064
2023-01-03 12:15:00,899.9,900.0,898.1,898.15,522
2023-01-03 13:15:00,898.65,901.25,898.2,899.25,31465
2023-01-03 14:15:00,900.0,900.75,899.05,900.75,1644
2023-01-03 15:15:00,900.7,900.7,899.35,899.9,2761
2023-01-04 09:15:00,897.9,904.1,897.9,902.25,1626
2023-01-04 10:15:00,901.05,902.05,899.8,899.9,235
2023-01-04 11:15:00,900.25,901.3,899.45,899.45,134
2023-01-04 12:15:00,900.5,901.95,899.2,899.85,1008
2023-01-04 13:15:00,900.4,900.4,898.05,899.5,600
2023-01-04 14:15:00,899.45,900.35,889.15,890.0,1432
2023-01-04 15:15:00,890.0,892.0,890.0,891.05,1566
2023-01-05 09:15:00,891.05,897.7,891.05,896.75,892
2023-01-05 10:15:00,896.75,900.05,896.45,899.4,1008
2023-01-05 11:15:00,899.75,899.95,897.0,897.0,583
2023-01-05 12:15:00,897.0,897.0,892.0,894.25,1320
2023-01-05 13:15:00,894.3,895.05,891.15,891.15,663
2023-01-05 14:15:00,891.15,894.6,891.0,894.6,17517
2023-01-05 15:15:00,894.55,895.9,893.0,893.0,895
2023-01-06 09:15:00,901.95,901.95,892.3,894.0,3638
2023-01-06 10:15:00,894.0,895.0,893.45,894.6,4112
2023-01-06 11:15:00,894.0,894.7,894.0,894.0,3198
2023-01-06 12:15:00,894.0,894.8,893.95,894.45,3689
2023-01-06 13:15:00,894.45,914.15,894.0,906.55,14590
2023-01-06 14:15:00,906.55,908.65,897.0,899.0,12143
2023-01-06 15:15:00,900.15,902.05,887.5,897.4,5256
2023-01-09 09:15:00,901.85,901.85,893.05,896.9,2356
2023-01-09 10:15:00,896.9,897.1,894.5,896.1,1938
2023-01-09 11:15:00,895.9,896.5,894.35,896.5,985
2023-01-09 12:15:00,896.5,896.55,893.0,895.9,1546
2023-01-09 13:15:00,895.9,896.45,894.6,895.9,939
2023-01-09 14:15:00,895.9,896.55,892.05,895.9,1350
2023-01-09 15:15:00,895.9,896.55,890.6,895.9,2073
2023-01-10 09:15:00,895.25,896.8,894.5,896.05,3077
2023-01-10 10:15:00,896.05,896.45,895.5,896.0,1644
2023-01-10 11:15:00,895.95,896.05,895.95,896.0,561
2023-01-10 12:15:00,895.55,896.3,895.55,896.1,290
2023-01-10 13:15:00,896.0,896.0,895.55,896.0,332
2023-01-10 14:15:00,895.95,896.0,894.0,894.0,1868
2023-01-10 15:15:00,891.75,895.0,890.6,890.6,1018
2023-01-11 09:15:00,893.0,895.95,885.4,887.3,4874
2023-01-11 10:15:00,887.9,887.9,879.15,886.9,8596
2023-01-11 11:15:00,885.7,886.0,885.0,885.0,3651
2023-01-11 12:15:00,885.0,886.85,883.0,885.4,19268
2023-01-11 13:15:00,885.05,887.35,883.0,884.65,6617
2023-01-11 14:15:00,884.65,885.95,884.0,885.0,7018
2023-01-11 15:15:00,885.05,887.85,885.0,885.0,3335
2023-01-12 09:15:00,887.0,887.0,881.75,882.1,2178
2023-01-12 10:15:00,882.1,886.8,882.0,885.0,1298
2023-01-12 11:15:00,885.0,886.5,883.0,884.3,2443
2023-01-12 12:15:00,885.15,885.8,883.5,885.7,22405
2023-01-12 13:15:00,885.75,888.9,884.75,886.0,2155
2023-01-12 14:15:00,885.2,886.75,883.7,885.0,2004
2023-01-12 15:15:00,885.0,886.0,885.0,885.0,1193
2023-01-13 09:15:00,885.0,889.6,881.3,884.25,4372
2023-01-13 10:15:00,884.25,885.6,884.0,885.05,32645
2023-01-13 11:15:00,885.05,885.65,884.0,885.0,20610
2023-01-13 12:15:00,885.45,887.75,885.0,886.6,10519
2023-01-13 13:15:00,888.0,888.0,885.6,886.1,1638
2023-01-13 14:15:00,887.0,889.2,886.0,889.2,28432
2023-01-13 15:15:00,889.2,896.0,889.2,893.0,1235
2023-01-16 09:15:00,891.5,895.05,889.55,893.9,780
2023-01-16 10:15:00,893.9,898.6,892.45,897.8,1982
2023-01-16 11:15:00,897.0,898.0,894.0,895.6,863
2023-01-16 12:15:00,895.6,899.05,890.0,893.0,3818
2023-01-16 13:15:00,893.05,898.75,892.0,897.0,1565
2023-01-16 14:15:00,897.0,899.95,896.4,897.85,864
2023-01-16 15:15:00,898.9,899.0,892.4,897.0,617
2023-01-17 09:15:00,897.0,897.5,889.7,893.7,198
2023-01-17 10:15:00,893.0,894.0,891.0,893.95,678
2023-01-17 11:15:00,892.9,892.9,891.0,892.15,266
2023-01-17 12:15:00,892.15,895.0,891.0,891.0,721
2023-01-17 13:15:00,889.1,889.65,887.0,887.8,560
2023-01-17 14:15:00,888.55,892.4,882.35,888.05,2992
2023-01-17 15:15:00,889.2,889.95,888.0,888.2,1128
2023-01-18 09:15:00,889.1,896.4,888.35,891.85,2982
2023-01-18 10:15:00,893.05,894.25,892.05,893.7,318
2023-01-18 11:15:00,892.05,897.0,891.65,891.65,802
2023-01-18 12:15:00,891.55,894.65,891.5,892.45,460
2023-01-18 13:15:00,893.7,895.05,890.0,893.1,1594
2023-01-18 14:15:00,891.0,891.55,887.0,890.0,2687
2023-01-18 15:15:00,890.65,891.95,888.0,888.05,1028
2023-01-19 09:15:00,889.45,897.7,885.0,894.65,1771
2023-01-19 10:15:00,893.15,898.6,893.15,897.4,3492
2023-01-19 11:15:00,898.1,900.0,895.1,899.3,1836
2023-01-19 12:15:00,900.0,900.0,898.3,898.3,1414
2023-01-19 13:15:00,898.3,902.2,898.3,901.85,1848
2023-01-19 14:15:00,901.85,901.9,892.0,895.5,4212
2023-01-19 15:15:00,895.45,915.0,886.0,897.05,7095
2023-01-20 09:15:00,895.0,906.05,872.0,905.65,11109
2023-01-20 10:15:00,904.4,905.55,895.55,895.55,936
2023-01-20 11:15:00,896.5,896.7,890.15,892.4,849
2023-01-20 12:15:00,890.0,892.25,878.95,878.95,7668
2023-01-20 13:15:00,877.45,896.5,870.0,895.6,10935
2023-01-20 14:15:00,894.05,896.6,890.0,894.85,2088
2023-01-20 15:15:00,892.55,900.0,890.75,900.0,2317
2023-01-23 09:15:00,899.0,899.0,885.2,888.2,2782
2023-01-23 10:15:00,888.8,890.0,886.15,887.4,833
2023-01-23 11:15:00,887.35,892.65,886.8,890.0,738
2023-01-23 12:15:00,889.55,891.4,888.85,891.4,286
2023-01-23 13:15:00,891.0,891.45,889.5,889.65,697
2023-01-23 14:15:00,892.0,894.0,885.5,891.25,3002
2023-01-23 15:15:00,889.35,890.8,888.5,889.0,2105
2023-01-24 09:15:00,895.0,895.0,885.35,886.75,1558
2023-01-24 10:15:00,887.0,890.0,883.75,888.6,2227
2023-01-24 11:15:00,888.6,890.0,888.0,889.75,775
2023-01-24 12:15:00,889.85,889.85,888.4,889.65,548
2023-01-24 13:15:00,888.5,898.1,888.0,896.1,1276
2023-01-24 14:15:00,897.75,901.6,894.55,900.0,2932
2023-01-24 15:15:00,900.15,905.0,890.0,900.35,1829
2023-01-25 09:15:00,892.2,898.35,891.35,893.0,660
2023-01-25 10:15:00,892.6,893.0,890.05,890.85,765
2023-01-25 11:15:00,890.9,890.9,886.5,889.45,1006
2023-01-25 12:15:00,887.3,892.0,887.1,888.05,1247
2023-01-25 13:15:00,888.05,888.55,886.6,887.55,273
2023-01-25 14:15:00,887.85,891.95,887.0,891.35,1010
2023-01-25 15:15:00,891.2,891.95,887.05,891.95,284
2023-01-27 09:15:00,890.0,891.1,875.55,881.2,2251
2023-01-27 10:15:00,880.0,888.0,879.0,886.5,2946
2023-01-27 11:15:00,885.05,887.25,879.85,880.0,679
2023-01-27 12:15:00,880.05,885.25,879.15,880.95,5198
2023-01-27 13:15:00,881.6,882.5,879.85,880.0,5048
2023-01-27 14:15:00,880.6,891.0,880.15,880.55,7364
2023-01-27 15:15:00,880.0,893.0,878.0,893.0,2356
2023-01-30 09:15:00,880.65,888.6,874.8,879.0,2186
2023-01-30 10:15:00,879.55,886.5,878.65,885.0,977
2023-01-30 11:15:00,885.05,886.5,885.05,886.5,274
2023-01-30 12:15:00,885.4,886.35,884.55,885.0,617
2023-01-30 13:15:00,886.25,886.45,883.55,885.45,564
2023-01-30 14:15:00,886.4,886.45,884.0,885.05,4452
2023-01-30 15:15:00,886.3,886.45,885.0,885.15,1910
2023-01-31 09:15:00,884.75,885.4,879.85,884.4,1326
2023-01-31 10:15:00,883.25,891.8,883.25,891.5,916
2023-01-31 11:15:00,890.5,893.9,890.15,891.2,439
2023-01-31 12:15:00,892.7,892.95,890.0,890.35,142
2023-01-31 13:15:00,890.0,892.3,888.1,888.1,377
2023-01-31 14:15:00,889.1,890.0,886.55,888.1,861
2023-01-31 15:15:00,886.55,903.9,885.65,903.9,3094
2023-02-01 09:15:00,897.25,904.85,892.65,903.0,1346
2023-02-01 10:15:00,901.45,903.0,900.0,900.0,753
2023-02-01 11:15:00,900.0,903.0,900.0,900.05,802
2023-02-01 12:15:00,900.0,908.0,900.0,906.3,1668
2023-02-01 13:15:00,906.35,909.2,900.0,900.1,5424
2023-02-01 14:15:00,900.0,901.8,882.0,882.05,3835
2023-02-01 15:15:00,882.05,889.9,870.15,879.05,2270
2023-02-02 09:15:00,869.5,883.0,869.45,878.45,1764
2023-02-02 10:15:00,878.0,879.95,870.0,877.6,1954
2023-02-02 11:15:00,877.6,879.85,876.4,879.85,384
2023-02-02 12:15:00,879.05,885.0,878.05,883.9,653
2023-02-02 13:15:00,883.7,886.35,878.1,880.0,478
2023-02-02 14:15:00,881.2,883.0,879.0,882.2,10450
2023-02-02 15:15:00,881.0,882.8,880.0,880.0,467
2023-02-03 09:15:00,881.0,890.95,867.95,870.2,3789
2023-02-03 10:15:00,873.65,877.85,853.55,877.55,4198
2023-02-03 11:15:00,876.1,885.05,875.75,880.0,3117
2023-02-03 12:15:00,881.8,884.35,876.65,880.75,5109
2023-02-03 13:15:00,880.0,881.6,879.0,880.0,3691
2023-02-03 14:15:00,880.0,884.9,880.0,881.95,1758
2023-02-03 15:15:00,881.05,882.0,880.0,880.65,1070
2023-02-06 09:15:00,878.0,885.3,874.05,883.3,972
2023-02-06 10:15:00,884.3,884.3,881.1,881.1,209
2023-02-06 11:15:00,881.95,883.7,880.05,881.05,301
2023-02-06 12:15:00,883.7,884.1,881.05,883.45,84
2023-02-06 13:15:00,881.85,884.75,881.85,884.5,250
2023-02-06 14:15:00,884.55,884.85,876.55,880.65,1091
2023-02-06 15:15:00,880.65,883.05,875.0,879.3,361
2023-02-07 09:15:00,875.05,883.25,875.05,879.7,1037
2023-02-07 10:15:00,881.95,885.95,879.0,884.5,1338
2023-02-07 11:15:00,884.45,884.45,880.0,882.15,610
2023-02-07 12:15:00,883.3,883.9,880.05,882.95,223
2023-02-07 13:15:00,882.05,883.3,878.05,878.3,779
2023-02-07 14:15:00,880.05,880.45,876.5,876.5,330
2023-02-07 15:15:00,876.5,878.9,874.0,874.0,934
2023-02-08 09:15:00,878.0,881.3,875.95,879.3,605
2023-02-08 10:15:00,878.15,879.3,876.0,878.05,409
2023-02-08 11:15:00,878.05,880.0,876.5,877.75,495
2023-02-08 12:15:00,878.0,878.55,878.0,878.0,42
2023-02-08 13:15:00,878.0,878.0,875.2,877.05,679
2023-02-08 14:15:00,878.0,878.85,877.4,878.05,1133
2023-02-08 15:15:00,878.0,879.0,878.0,879.0,650
2023-02-09 09:15:00,881.95,885.0,876.5,884.05,1392
2023-02-09 10:15:00,884.05,885.55,881.65,883.15,620
2023-02-09 11:15:00,883.9,883.9,880.85,882.95,144
2023-02-09 12:15:00,882.95,883.15,881.0,883.05,100
2023-02-09 13:15:00,883.1,883.45,881.45,881.7,160
2023-02-09 14:15:00,882.65,886.95,880.05,880.05,1815
2023-02-09 15:15:00,882.95,884.95,880.0,880.0,1267
2023-02-10 09:15:00,887.0,888.15,880.55,886.7,679
2023-02-10 10:15:00,886.75,889.15,885.05,887.9,695
2023-02-10 11:15:00,887.9,889.2,887.4,887.95,319
2023-02-10 12:15:00,888.35,889.0,885.0,886.05,936
2023-02-10 13:15:00,886.0,889.2,886.0,886.2,273
2023-02-10 14:15:00,886.05,894.0,886.05,891.05,1355
2023-02-10 15:15:00,891.1,892.9,885.0,890.0,1712
2023-02-13 09:15:00,881.0,889.9,881.0,883.0,376
2023-02-13 10:15:00,883.0,883.8,880.0,880.4,1066
2023-02-13 11:15:00,882.05,885.0,881.55,884.95,173
2023-02-13 12:15:00,885.0,885.0,881.35,881.6,433
2023-02-13 13:15:00,881.45,884.2,881.35,881.5,248
2023-02-13 14:15:00,881.5,883.25,880.0,880.9,1342
2023-02-13 15:15:00,880.9,883.45,880.0,883.4,356
2023-02-14 09:15:00,880.5,885.7,876.0,878.45,1179
2023-02-14 10:15:00,878.25,879.0,877.5,877.5,63
2023-02-14 11:15:00,878.55,879.95,876.0,879.95,199
2023-02-14 12:15:00,879.95,882.25,878.3,878.3,236
2023-02-14 13:15:00,878.2,881.15,878.2,879.85,169
2023-02-14 14:15:00,878.5,880.7,878.3,879.0,213
2023-02-14 15:15:00,880.7,882.3,874.0,882.3,1470
2023-02-15 09:15:00,877.95,882.1,877.5,881.25,453
2023-02-15 10:15:00,881.25,884.9,881.25,883.0,288
2023-02-15 11:15:00,884.2,887.75,883.0,884.35,1631
2023-02-15 12:15:00,883.2,884.75,883.0,883.0,789
2023-02-15 13:15:00,883.0,883.9,883.0,883.7,483
2023-02-15 14:15:00,884.0,887.45,883.0,885.0,1396
2023-02-15 15:15:00,885.0,885.0,880.05,885.0,770
2023-02-16 09:15:00,888.95,893.95,884.85,890.45,1748
2023-02-16 10:15:00,891.15,891.25,870.0,879.75,3389
2023-02-16 11:15:00,879.3,883.3,875.5,883.3,873
2023-02-16 12:15:00,884.6,884.6,880.0,882.0,1050
2023-02-16 13:15:00,883.15,890.95,883.15,887.7,1470
2023-02-16 14:15:00,887.9,890.0,880.0,880.0,4260
2023-02-16 15:15:00,880.0,880.55,880.0,880.0,1374
2023-02-17 09:15:00,875.0,887.95,875.0,886.2,1040
2023-02-17 10:15:00,886.65,886.65,884.0,884.0,355
2023-02-17 11:15:00,885.5,886.3,883.05,886.3,119
2023-02-17 12:15:00,886.3,894.1,882.5,893.3,1830
2023-02-17 13:15:00,893.25,893.45,887.0,887.0,431
2023-02-17 14:15:00,887.35,889.9,887.0,889.9,345
2023-02-17 15:15:00,887.0,890.0,887.0,890.0,489
2023-02-20 09:15:00,893.1,894.9,887.1,892.65,1826
2023-02-20 10:15:00,892.7,896.9,890.45,896.35,1460
2023-02-20 11:15:00,896.3,898.05,895.0,896.4,1061
2023-02-20 12:15:00,896.6,896.6,895.0,895.0,1104
2023-02-20 13:15:00,896.4,897.95,895.05,895.1,429
2023-02-20 14:15:00,896.45,897.95,895.0,897.4,2818
2023-02-20 15:15:00,897.55,898.0,890.4,897.65,1006
2023-02-21 09:15:00,897.65,899.9,895.1,896.3,1220
2023-02-21 10:15:00,896.7,897.95,891.45,897.0,389
2023-02-21 11:15:00,896.85,896.95,890.2,891.55,1779
2023-02-21 12:15:00,890.05,892.75,890.05,892.75,120
2023-02-21 13:15:00,892.05,893.0,890.05,893.0,489
2023-02-21 14:15:00,892.0,897.5,892.0,897.5,305
2023-02-21 15:15:00,893.15,896.65,892.0,892.0,533
2023-02-22 09:15:00,898.15,898.15,887.55,889.0,488
2023-02-22 10:15:00,886.8,893.5,885.5,890.0,859
2023-02-22 11:15:00,890.0,895.3,890.0,890.0,1146
2023-02-22 12:15:00,891.25,893.05,891.25,891.75,114
2023-02-22 13:15:00,895.0,896.45,891.85,891.85,1352
2023-02-22 14:15:00,890.0,895.8,889.95,894.3,2051
2023-02-22 15:15:00,894.3,895.5,885.0,890.0,1374
2023-02-23 09:15:00,896.0,925.9,896.0,922.0,26875
2023-02-23 10:15:00,921.4,925.9,915.0,918.0,12240
2023-02-23 11:15:00,918.0,920.0,915.0,915.15,3996
2023-02-23 12:15:00,915.15,915.15,907.75,913.45,4389
2023-02-23 13:15:00,912.2,913.3,907.6,908.0,1395
2023-02-23 14:15:00,908.7,910.0,901.65,905.75,4279
2023-02-23 15:15:00,906.95,911.0,893.2,910.5,7368
2023-02-24 09:15:00,904.35,920.15,897.15,914.35,5427
2023-02-24 10:15:00,912.25,917.5,911.3,912.3,740
2023-02-24 11:15:00,913.65,914.2,910.0,912.7,405
2023-02-24 12:15:00,914.7,914.7,906.9,908.15,553
2023-02-24 13:15:00,909.5,910.75,904.0,905.7,784
2023-02-24 14:15:00,906.6,908.95,903.0,906.3,1079
2023-02-24 15:15:00,907.9,911.0,905.75,905.75,1309
2023-02-27 09:15:00,908.35,911.95,885.05,890.05,4591
2023-02-27 10:15:00,890.0,894.95,885.7,890.05,2062
2023-02-27 11:15:00,892.95,894.8,890.0,890.55,428
2023-02-27 12:15:00,892.5,892.9,890.0,890.0,413
2023-02-27 13:15:00,890.0,892.65,890.0,890.0,479
2023-02-27 14:15:00,890.0,892.0,890.0,890.0,690
2023-02-27 15:15:00,891.9,900.0,891.05,899.95,1177
2023-02-28 09:15:00,892.1,893.7,865.65,873.9,7537
2023-02-28 10:15:00,873.9,874.0,868.25,873.5,2045
2023-02-28 11:15:00,873.5,877.0,870.05,875.8,601
2023-02-28 12:15:00,874.55,876.75,873.0,875.05,407
2023-02-28 13:15:00,876.6,887.95,871.05,887.65,6762
2023-02-28 14:15:00,887.65,902.9,885.55,899.95,6316
2023-02-28 15:15:00,900.1,905.0,895.8,904.05,2546
2023-03-01 09:15:00,900.0,900.1,891.9,896.6,1560
2023-03-01 10:15:00,897.95,898.95,889.3,889.65,1110
2023-03-01 11:15:00,889.9,891.45,888.3,890.0,730
2023-03-01 12:15:00,890.0,891.5,889.3,889.45,266
2023-03-01 13:15:00,889.3,891.5,889.3,890.95,394
2023-03-01 14:15:00,889.35,891.5,888.15,891.5,1246
2023-03-01 15:15:00,891.5,893.95,889.7,890.0,1264
2023-03-02 09:15:00,890.65,898.0,890.0,894.0,2328
2023-03-02 10:15:00,893.95,893.95,888.9,892.05,708
2023-03-02 11:15:00,892.0,894.0,892.0,894.0,402
2023-03-02 12:15:00,893.7,894.0,891.5,891.85,256
2023-03-02 13:15:00,891.85,891.9,891.85,891.9,110
2023-03-02 14:15:00,892.05,893.9,891.65,893.0,566
2023-03-02 15:15:00,893.0,893.15,891.05,892.0,627
2023-03-03 09:15:00,885.1,899.95,889.0,895.25,1368
2023-03-03 10:15:00,895.75,895.9,893.35,894.7,648
2023-03-03 11:15:00,894.7,897.5,893.95,895.95,1274
2023-03-03 12:15:00,895.0,898.35,894.85,895.0,807
2023-03-03 13:15:00,895.55,898.05,893.8,893.95,291
2023-03-03 14:15:00,895.75,900.0,893.3,895.0,1650
2023-03-03 15:15:00,896.35,898.5,894.95,896.25,421
2023-03-06 09:15:00,896.45,914.8,896.45,911.25,3343
2023-03-06 10:15:00,911.25,913.9,902.05,906.35,2099
2023-03-06 11:15:00,906.35,908.75,900.5,903.3,861
2023-03-06 12:15:00,903.3,907.45,901.55,903.95,503
2023-03-06 13:15:00,903.95,909.9,903.95,906.95,860
2023-03-06 14:15:00,903.85,907.0,903.85,906.75,971
2023-03-06 15:15:00,906.75,912.0,903.1,906.5,421
2023-03-08 09:15:00,908.9,909.9,900.1,903.0,1684
2023-03-08 10:15:00,904.0,904.0,901.7,902.5,2083
2023-03-08 11:15:00,901.0,902.45,900.5,902.0,136
2023-03-08 12:15:00,902.45,902.5,899.0,900.0,2783
2023-03-08 13:15:00,898.25,898.25,895.35,897.5,443
2023-03-08 14:15:00,897.5,899.8,896.05,898.95,393
2023-03-08 15:15:00,898.9,899.0,896.05,897.65,398
2023-03-09 09:15:00,900.6,900.6,889.55,899.3,954
2023-03-09 10:15:00,898.3,898.3,883.1,891.0,1822
2023-03-09 11:15:00,891.6,891.7,888.25,888.35,592
2023-03-09 12:15:00,890.35,890.35,888.35,888.7,204
2023-03-09 13:15:00,890.85,891.0,885.15,890.55,1130
2023-03-09 14:15:00,890.5,892.0,890.0,890.95,949
2023-03-09 15:15:00,890.45,895.75,888.0,890.85,808
2023-03-10 09:15:00,890.85,890.85,880.1,884.3,922
2023-03-10 10:15:00,881.65,885.5,880.05,885.4,536
2023-03-10 11:15:00,885.0,885.0,882.3,883.0,225
2023-03-10 12:15:00,884.95,889.9,883.0,889.9,738
2023-03-10 13:15:00,887.8,889.35,883.4,886.0,529
2023-03-10 14:15:00,886.0,887.9,880.0,886.15,1813
2023-03-10 15:15:00,885.25,885.25,880.05,882.35,855
2023-03-13 09:15:00,881.95,881.95,859.95,865.0,8796
2023-03-13 10:15:00,864.05,864.95,861.05,862.0,1754
2023-03-13 11:15:00,863.9,863.9,860.0,862.0,2449
2023-03-13 12:15:00,862.95,864.0,861.0,863.9,1882
2023-03-13 13:15:00,863.35,863.35,862.0,863.0,782
2023-03-13 14:15:00,863.0,865.0,863.0,863.05,2612
2023-03-13 15:15:00,863.05,865.0,863.0,863.35,2241
2023-03-14 09:15:00,854.8,859.55,850.0,853.75,4726
2023-03-14 10:15:00,853.7,854.6,851.05,851.3,3037
2023-03-14 11:15:00,851.3,851.3,836.0,846.85,14018
2023-03-14 12:15:00,847.75,852.95,842.9,848.0,1629
2023-03-14 13:15:00,848.0,852.05,846.55,850.0,530
2023-03-14 14:15:00,850.0,851.1,845.0,847.95,2039
2023-03-14 15:15:00,846.15,850.0,842.1,846.3,1987
2023-03-15 09:15:00,850.8,853.55,840.0,851.0,2830
2023-03-15 10:15:00,850.9,851.8,850.0,850.5,788
2023-03-15 11:15:00,850.0,852.0,850.0,851.0,244
2023-03-15 12:15:00,851.75,853.0,851.0,851.7,409
2023-03-15 13:15:00,850.0,851.35,850.0,851.35,1795
2023-03-15 14:15:00,851.3,851.95,850.0,850.0,3055
2023-03-15 15:15:00,850.0,850.8,850.0,850.1,341
2023-03-16 09:15:00,854.4,854.4,838.65,839.55,2147
2023-03-16 10:15:00,841.05,857.15,841.0,854.65,823
2023-03-16 11:15:00,854.3,856.45,851.25,854.35,567
2023-03-16 12:15:00,853.65,855.0,850.1,855.0,651
2023-03-16 13:15:00,854.25,854.25,850.1,853.7,1174
2023-03-16 14:15:00,854.2,854.2,841.95,842.9,1937
2023-03-16 15:15:00,849.05,850.0,842.9,844.8,692
2023-03-17 09:15:00,849.05,849.2,844.0,849.0,1059
2023-03-17 10:15:00,848.1,850.0,846.55,848.75,456
2023-03-17 11:15:00,848.15,848.15,846.0,847.2,73
2023-03-17 12:15:00,846.0,847.35,837.1,837.1,1923
2023-03-17 13:15:00,837.0,844.25,835.95,837.05,1460
2023-03-17 14:15:00,838.65,838.75,825.95,833.3,7784
2023-03-17 15:15:00,833.3,847.0,829.2,834.9,4307
2023-03-20 09:15:00,820.0,859.0,816.1,833.0,5879
2023-03-20 10:15:00,833.0,833.0,830.5,833.0,1386
2023-03-20 11:15:00,832.95,834.9,830.5,832.05,686
2023-03-20 12:15:00,832.65,834.5,831.0,832.1,792
2023-03-20 13:15:00,831.6,834.95,831.0,832.15,513
2023-03-20 14:15:00,832.0,835.0,832.0,835.0,996
2023-03-20 15:15:00,839.75,839.75,831.0,834.45,1806
2023-03-21 09:15:00,834.05,838.35,831.35,835.0,544
2023-03-21 10:15:00,835.7,836.0,833.0,833.55,481
2023-03-21 11:15:00,832.55,835.5,831.75,833.0,384
2023-03-21 12:15:00,834.3,836.0,832.9,836.0,289
2023-03-21 13:15:00,834.55,836.0,832.1,832.15,337
2023-03-21 14:15:00,834.0,835.45,832.9,835.45,434
2023-03-21 15:15:00,835.15,836.0,833.0,834.7,1016
2023-03-22 09:15:00,834.7,836.0,830.0,832.75,4211
2023-03-22 10:15:00,832.9,834.4,831.95,833.3,314
2023-03-22 11:15:00,833.7,833.7,831.0,831.0,633
2023-03-22 12:15:00,831.9,832.0,829.5,829.5,1210
2023-03-22 13:15:00,830.0,832.1,830.0,830.5,229
2023-03-22 14:15:00,831.5,836.0,830.0,836.0,2642
2023-03-22 15:15:00,836.0,836.0,832.05,835.4,2270
2023-03-23 09:15:00,830.05,836.0,822.35,830.0,7805
2023-03-23 10:15:00,830.1,832.3,828.8,830.8,628
2023-03-23 11:15:00,830.7,834.6,825.0,831.95,4516
2023-03-23 12:15:00,830.0,833.55,828.65,830.95,4399
2023-03-23 13:15:00,831.9,832.55,830.0,830.1,418
2023-03-23 14:15:00,832.0,834.8,829.4,832.35,4203
2023-03-23 15:15:00,833.65,835.35,830.0,832.85,978
2023-03-24 09:15:00,828.2,836.0,821.25,823.6,2555
2023-03-24 10:15:00,822.55,834.35,822.0,834.35,2247
2023-03-24 11:15:00,834.0,842.35,833.0,838.0,3239
2023-03-24 12:15:00,836.8,838.0,832.0,836.95,2953
2023-03-24 13:15:00,835.35,837.85,834.0,835.85,769
2023-03-24 14:15:00,834.35,841.15,834.0,841.15,776
2023-03-24 15:15:00,840.4,844.85,830.0,839.45,2104
2023-03-27 09:15:00,843.65,843.65,825.1,826.55,1159
2023-03-27 10:15:00,826.55,829.9,825.25,825.25,1399
2023-03-27 11:15:00,823.25,827.95,823.0,825.55,1107
2023-03-27 12:15:00,826.0,826.0,816.1,819.9,1625
2023-03-27 13:15:00,821.05,821.25,814.4,815.75,1237
2023-03-27 14:15:00,815.0,842.2,808.0,834.9,9660
2023-03-27 15:15:00,835.0,838.95,832.85,834.85,2408
2023-03-28 09:15:00,834.85,837.45,827.0,831.65,1974
2023-03-28 10:15:00,831.65,831.65,816.05,819.75,1115
2023-03-28 11:15:00,818.3,820.75,816.0,820.75,3436
2023-03-28 12:15:00,820.0,825.0,820.0,824.5,957
2023-03-28 13:15:00,825.3,825.75,820.0,822.2,1303
2023-03-28 14:15:00,823.3,829.9,820.0,828.0,2650
2023-03-28 15:15:00,827.75,828.8,825.0,825.95,1935
2023-03-29 09:15:00,820.8,838.0,818.4,832.1,2321
2023-03-29 10:15:00,832.05,832.05,822.1,823.4,1106
2023-03-29 11:15:00,821.7,828.35,818.4,823.5,2880
2023-03-29 12:15:00,823.5,826.8,821.05,825.4,1011
2023-03-29 13:15:00,825.35,831.35,825.0,830.0,703
2023-03-29 14:15:00,830.0,832.85,784.95,801.35,66600
2023-03-29 15:15:00,800.4,828.85,799.0,800.9,42687
2023-03-31 09:15:00,816.85,830.85,802.15,825.4,8700
2023-03-31 10:15:00,825.4,825.4,820.0,820.45,1185
2023-03-31 11:15:00,820.45,822.75,820.1,822.75,485
2023-03-31 12:15:00,822.75,824.05,817.6,821.5,2631
2023-03-31 13:15:00,821.5,825.4,808.2,825.0,6783
2023-03-31 14:15:00,825.0,845.95,825.0,840.4,13589
2023-03-31 15:15:00,840.4,873.0,839.95,853.0,4922
2023-04-03 09:15:00,842.4,846.8,826.15,835.25,8279
2023-04-03 10:15:00,835.15,835.9,829.0,829.5,1810
2023-04-03 11:15:00,828.0,832.0,827.0,830.15,593
2023-04-03 12:15:00,830.1,832.05,822.4,825.0,1227
2023-04-03 13:15:00,824.95,826.2,817.0,821.45,2047
2023-04-03 14:15:00,822.1,829.0,819.6,828.6,6421
2023-04-03 15:15:00,827.15,832.4,827.15,828.85,2183
2023-04-05 09:15:00,830.0,834.0,825.4,828.0,2702
2023-04-05 10:15:00,828.0,828.0,823.0,824.0,2035
2023-04-05 11:15:00,824.0,824.0,821.0,821.0,1107
2023-04-05 12:15:00,822.0,823.9,820.7,822.25,472
2023-04-05 13:15:00,823.5,824.0,816.7,821.3,1547
2023-04-05 14:15:00,820.25,822.95,817.1,821.85,2361
2023-04-05 15:15:00,823.15,826.95,821.0,821.5,992
2023-04-06 09:15:00,821.5,834.15,816.1,831.0,4729
2023-04-06 10:15:00,830.9,831.0,825.55,830.0,1832
2023-04-06 11:15:00,828.5,831.95,827.25,829.0,214
2023-04-06 12:15:00,829.0,833.0,826.85,830.65,1212
2023-04-06 13:15:00,831.8,833.2,828.0,832.2,1375
2023-04-06 14:15:00,830.95,837.45,830.9,835.6,2134
2023-04-06 15:15:00,836.15,839.0,833.65,835.65,1022
2023-04-10 09:15:00,838.0,855.0,833.4,836.55,3644
2023-04-10 10:15:00,835.6,839.0,832.85,837.6,1729
2023-04-10 11:15:00,837.55,843.3,835.35,840.0,1420
2023-04-10 12:15:00,840.0,840.9,834.55,835.0,543
2023-04-10 13:15:00,837.55,839.15,834.5,836.25,986
2023-04-10 14:15:00,836.0,843.1,834.0,836.7,4620
2023-04-10 15:15:00,838.4,844.95,833.0,836.35,2940
2023-04-11 09:15:00,839.6,840.55,831.3,835.25,586
2023-04-11 10:15:00,836.8,839.15,836.0,839.15,741
2023-04-11 11:15:00,839.1,839.1,836.05,838.55,157
2023-04-11 12:15:00,838.95,838.95,835.1,835.55,130
2023-04-11 13:15:00,837.0,838.0,836.0,837.95,167
2023-04-11 14:15:00,837.95,838.05,835.0,835.0,1060
2023-04-11 15:15:00,836.75,840.0,835.1,837.35,240
2023-04-12 09:15:00,841.55,843.95,833.0,837.0,1774
2023-04-12 10:15:00,836.85,836.85,825.45,829.2,2180
2023-04-12 11:15:00,829.2,832.95,829.2,831.8,798
2023-04-12 12:15:00,831.55,837.75,830.75,836.75,749
2023-04-12 13:15:00,836.7,836.95,831.05,835.0,357
2023-04-12 14:15:00,832.9,838.35,832.9,835.45,982
2023-04-12 15:15:00,835.55,836.85,830.0,835.85,395
2023-04-13 09:15:00,837.1,842.05,833.75,838.9,2177
2023-04-13 10:15:00,836.0,838.95,835.1,838.85,490
2023-04-13 11:15:00,836.85,838.85,831.85,834.5,1330
2023-04-13 12:15:00,834.3,834.3,831.0,831.7,947
2023-04-13 13:15:00,831.8,839.8,831.8,839.5,908
2023-04-13 14:15:00,837.45,839.4,836.05,839.35,619
2023-04-13 15:15:00,839.4,839.4,833.25,838.35,408
2023-04-17 09:15:00,842.8,844.55,837.7,842.5,2799
2023-04-17 10:15:00,842.5,849.0,841.75,849.0,3598
2023-04-17 11:15:00,849.0,849.0,845.15,847.9,344
2023-04-17 12:15:00,847.9,848.0,846.0,847.9,239
2023-04-17 13:15:00,847.9,847.9,845.05,846.5,107
2023-04-17 14:15:00,845.65,850.0,840.0,849.9,12199
2023-04-17 15:15:00,849.95,850.0,841.55,842.25,1409
2023-04-18 09:15:00,850.0,850.0,842.9,844.15,1363
2023-04-18 10:15:00,844.05,850.05,844.0,846.65,640
2023-04-18 11:15:00,845.5,849.85,844.0,844.05,343
2023-04-18 12:15:00,845.35,846.3,843.05,844.95,316
2023-04-18 13:15:00,844.95,845.05,843.0,844.15,202
2023-04-18 14:15:00,843.95,845.6,843.0,845.35,601
2023-04-18 15:15:00,845.0,846.3,845.0,845.25,490
2023-04-19 09:15:00,849.65,855.85,844.1,853.4,2701
2023-04-19 10:15:00,851.45,853.95,851.05,853.95,646
2023-04-19 11:15:00,853.95,854.4,851.25,854.4,784
2023-04-19 12:15:00,853.7,856.05,853.65,855.5,1279
2023-04-19 13:15:00,855.5,856.9,854.05,855.5,646
2023-04-19 14:15:00,856.0,865.0,854.55,861.9,3667
2023-04-19 15:15:00,861.3,865.55,854.0,860.15,1139
2023-04-20 09:15:00,853.95,860.95,849.05,851.7,931
2023-04-20 10:15:00,850.0,852.45,848.0,850.0,1788
2023-04-20 11:15:00,845.6,852.3,845.6,852.05,897
2023-04-20 12:15:00,851.7,852.35,848.7,848.7,458
2023-04-20 13:15:00,845.55,849.9,845.55,849.9,799
2023-04-20 14:15:00,849.55,849.9,846.75,848.0,360
2023-04-20 15:15:00,846.05,855.0,846.05,847.65,620
2023-04-21 09:15:00,843.9,850.3,842.35,849.0,803
2023-04-21 10:15:00,849.45,852.7,843.25,851.0,2711
2023-04-21 11:15:00,852.35,852.4,850.0,851.1,160
2023-04-21 12:15:00,851.05,851.05,850.0,850.95,58
2023-04-21 13:15:00,850.05,852.0,850.0,850.05,700
2023-04-21 14:15:00,850.05,850.6,847.3,848.3,1383
2023-04-21 15:15:00,849.0,850.2,848.0,849.25,1662
2023-04-24 09:15:00,852.0,852.35,846.55,850.0,1245
2023-04-24 10:15:00,848.0,848.0,840.0,843.7,1836
2023-04-24 11:15:00,843.7,846.35,839.6,843.9,970
2023-04-24 12:15:00,842.9,843.5,837.35,842.45,920
2023-04-24 13:15:00,837.65,841.45,837.65,841.4,340
2023-04-24 14:15:00,840.45,841.3,833.65,835.0,807
2023-04-24 15:15:00,835.0,840.0,825.6,834.2,1144
2023-04-25 09:15:00,835.9,836.95,832.7,835.0,1576
2023-04-25 10:15:00,835.0,841.25,832.3,838.45,1649
2023-04-25 11:15:00,838.45,841.25,832.05,841.25,1382
2023-04-25 12:15:00,839.25,841.25,835.05,839.4,492
2023-04-25 13:15:00,837.0,839.95,832.4,837.0,727
2023-04-25 14:15:00,837.0,837.0,832.85,832.85,803
2023-04-25 15:15:00,835.1,836.0,830.5,833.3,704
2023-04-26 09:15:00,836.5,840.95,830.95,837.95,1761
2023-04-26 10:15:00,836.5,844.6,836.5,842.6,1893
2023-04-26 11:15:00,840.25,842.5,840.0,841.25,250
2023-04-26 12:15:00,840.0,842.5,839.95,841.75,337
2023-04-26 13:15:00,840.0,843.6,838.0,840.8,3017
2023-04-26 14:15:00,840.8,844.0,840.0,843.95,3496
2023-04-26 15:15:00,843.75,843.75,842.0,842.75,377
2023-04-27 09:15:00,841.8,852.05,836.1,850.0,2085
2023-04-27 10:15:00,848.7,850.0,845.0,845.0,1087
2023-04-27 11:15:00,844.9,844.95,842.3,843.5,281
2023-04-27 12:15:00,843.5,847.4,840.0,847.4,918
2023-04-27 13:15:00,844.15,847.45,844.15,847.45,168
2023-04-27 14:15:00,846.1,851.15,846.1,849.45,1234
2023-04-27 15:15:00,848.95,851.65,848.3,849.6,964
2023-04-28 09:15:00,849.05,850.2,843.0,847.0,1710
2023-04-28 10:15:00,847.0,847.0,845.3,845.35,330
2023-04-28 11:15:00,845.75,847.0,845.0,846.95,344
2023-04-28 12:15:00,846.95,847.0,843.9,847.0,323
2023-04-28 13:15:00,847.0,848.4,846.5,846.5,346
2023-04-28 14:15:00,847.15,851.45,847.15,849.0,344
2023-04-28 15:15:00,847.05,849.8,847.05,848.0,331
2023-05-02 09:15:00,852.2,854.85,846.1,852.05,1887
2023-05-02 10:15:00,850.35,853.55,850.2,852.2,804
2023-05-02 11:15:00,852.0,855.95,850.0,855.95,791
2023-05-02 12:15:00,855.9,866.05,854.0,861.0,2525
2023-05-02 13:15:00,859.6,887.95,858.1,884.3,5435
2023-05-02 14:15:00,884.45,949.0,880.5,886.35,94187
2023-05-02 15:15:00,887.05,889.9,876.35,888.8,8795
2023-05-03 09:15:00,891.0,891.0,877.7,884.05,3315
2023-05-03 10:15:00,884.05,884.65,879.35,882.3,1189
2023-05-03 11:15:00,881.2,887.0,880.7,884.45,1011
2023-05-03 12:15:00,886.4,886.4,882.5,885.0,521
2023-05-03 13:15:00,883.7,889.9,881.0,882.7,2386
2023-05-03 14:15:00,883.4,883.4,866.1,877.75,2482
2023-05-03 15:15:00,877.75,884.75,876.0,878.9,1092
2023-05-04 09:15:00,875.05,886.95,875.05,881.6,2024
2023-05-04 10:15:00,881.55,883.25,877.85,878.15,557
2023-05-04 11:15:00,879.65,879.65,875.05,877.5,557
2023-05-04 12:15:00,876.25,877.9,871.95,873.1,884
2023-05-04 13:15:00,874.6,882.3,874.6,878.5,984
2023-05-04 14:15:00,878.55,894.0,877.05,886.9,3827
2023-05-04 15:15:00,887.4,887.8,881.2,886.25,818
2023-05-05 09:15:00,886.25,890.65,879.9,885.0,885
2023-05-05 10:15:00,885.0,885.0,881.0,881.95,655
2023-05-05 11:15:00,881.9,881.95,877.25,878.0,290
2023-05-05 12:15:00,878.0,878.0,876.1,877.85,118
2023-05-05 13:15:00,875.05,877.9,875.0,876.8,437
2023-05-05 14:15:00,878.0,878.0,871.1,873.5,596
2023-05-05 15:15:00,872.2,872.2,865.65,869.2,1910
2023-05-08 09:15:00,873.55,873.55,860.25,863.6,2136
2023-05-08 10:15:00,864.3,868.05,864.3,865.55,1351
2023-05-08 11:15:00,865.55,869.7,865.55,866.0,405
2023-05-08 12:15:00,866.0,866.2,860.85,864.95,1150
2023-05-08 13:15:00,864.95,868.6,863.6,866.9,581
2023-05-08 14:15:00,868.65,868.65,860.55,863.85,2282
2023-05-08 15:15:00,863.7,865.0,861.0,863.55,897
2023-05-09 09:15:00,861.0,876.0,861.0,863.65,4488
2023-05-09 10:15:00,866.05,867.3,860.6,860.75,1623
2023-05-09 11:15:00,862.75,862.95,850.0,860.0,2075
2023-05-09 12:15:00,860.0,860.0,840.7,853.7,3680
2023-05-09 13:15:00,853.75,861.95,852.05,861.0,1369
2023-05-09 14:15:00,861.0,874.0,858.6,871.0,6619
2023-05-09 15:15:00,870.9,877.0,869.85,871.9,7483
2023-05-10 09:15:00,847.15,867.95,847.15,862.6,30651
2023-05-10 10:15:00,862.6,863.5,853.0,856.45,25306
2023-05-10 11:15:00,856.45,861.85,855.0,861.1,2620
2023-05-10 12:15:00,862.0,862.5,859.05,861.45,1767
2023-05-10 13:15:00,862.5,864.9,859.8,864.0,2695
2023-05-10 14:15:00,862.2,874.45,861.0,874.35,4553
2023-05-10 15:15:00,874.25,889.95,862.15,878.35,8004
2023-05-11 09:15:00,883.0,884.15,876.2,876.5,2145
2023-05-11 10:15:00,876.05,877.0,868.95,872.0,4352
2023-05-11 11:15:00,870.0,878.2,869.5,877.9,3853
2023-05-11 12:15:00,875.5,877.9,872.7,877.55,326
2023-05-11 13:15:00,875.25,877.4,867.45,870.0,17656
2023-05-11 14:15:00,871.9,872.85,870.0,872.85,80821
2023-05-11 15:15:00,872.6,879.0,870.5,871.1,26640
2023-05-12 09:15:00,884.15,920.0,872.0,887.35,16564
2023-05-12 10:15:00,887.4,887.4,882.55,885.0,1902
2023-05-12 11:15:00,885.0,885.0,882.0,885.0,513
2023-05-12 12:15:00,884.0,887.4,884.0,885.1,1494
2023-05-12 13:15:00,885.25,887.35,885.0,886.95,665
2023-05-12 14:15:00,886.95,887.0,879.9,885.2,3065
2023-05-12 15:15:00,880.0,898.0,880.0,886.45,4092
2023-05-15 09:15:00,886.45,894.95,878.6,882.1,2586
2023-05-15 10:15:00,880.15,883.7,880.0,880.35,656
2023-05-15 11:15:00,881.9,883.0,880.0,881.6,438
2023-05-15 12:15:00,881.6,881.6,876.55,876.65,783
2023-05-15 13:15:00,876.55,879.15,870.0,877.7,4717
2023-05-15 14:15:00,875.85,888.05,875.85,888.05,2979
2023-05-15 15:15:00,888.0,888.05,875.0,883.65,1002
2023-05-16 09:15:00,888.1,888.1,880.1,880.1,1454
2023-05-16 10:15:00,880.0,883.9,874.05,881.9,4798
2023-05-16 11:15:00,882.0,888.3,882.0,887.2,2089
2023-05-16 12:15:00,887.35,887.35,884.05,884.95,426
2023-05-16 13:15:00,885.8,887.0,884.55,887.0,1523
2023-05-16 14:15:00,887.0,889.9,880.25,884.0,3051
2023-05-16 15:15:00,884.05,895.0,879.0,887.3,3057
2023-05-17 09:15:00,889.7,889.7,880.0,881.7,1475
2023-05-17 10:15:00,881.7,883.7,873.1,877.7,1286
2023-05-17 11:15:00,877.7,880.95,875.05,876.15,1270
2023-05-17 12:15:00,876.4,879.65,876.0,877.0,111
2023-05-17 13:15:00,878.15,880.05,875.9,876.3,323
2023-05-17 14:15:00,876.35,878.9,875.05,875.4,1136
2023-05-17 15:15:00,875.5,877.05,870.25,874.15,1218
2023-05-18 09:15:00,873.0,897.95,868.1,889.1,5178
2023-05-18 10:15:00,889.1,894.4,888.3,890.0,1982
2023-05-18 11:15:00,888.5,890.0,885.0,885.55,1439
2023-05-18 12:15:00,885.55,887.3,885.0,885.1,421
2023-05-18 13:15:00,885.45,888.0,882.0,885.05,1162
2023-05-18 14:15:00,885.1,888.0,882.05,882.55,1815
2023-05-18 15:15:00,885.85,885.95,883.0,885.25,628
2023-05-19 09:15:00,879.0,882.65,871.05,871.15,1119
2023-05-19 10:15:00,873.85,878.45,870.0,874.95,908
2023-05-19 11:15:00,877.45,877.45,873.05,875.45,319
2023-05-19 12:15:00,874.95,880.0,873.1,878.05,428
2023-05-19 13:15:00,880.0,880.0,875.0,878.75,659
2023-05-19 14:15:00,878.45,878.45,870.0,875.6,2043
2023-05-19 15:15:00,875.1,877.25,872.0,874.0,812
2023-05-22 09:15:00,874.0,874.0,867.15,871.15,2832
2023-05-22 10:15:00,871.2,873.7,868.1,870.0,1086
2023-05-22 11:15:00,871.0,872.0,869.05,871.0,730
2023-05-22 12:15:00,872.0,872.6,870.05,870.05,410
2023-05-22 13:15:00,870.45,872.2,870.45,870.95,125
2023-05-22 14:15:00,871.0,875.25,870.75,875.25,928
2023-05-22 15:15:00,875.0,890.0,872.0,876.4,974
2023-05-23 09:15:00,869.0,880.75,868.55,870.75,1585
2023-05-23 10:15:00,871.0,878.0,870.75,877.85,1383
2023-05-23 11:15:00,876.8,881.0,872.6,880.0,847
2023-05-23 12:15:00,880.95,881.95,875.45,880.95,1254
2023-05-23 13:15:00,880.0,887.9,879.4,883.9,859
2023-05-23 14:15:00,882.05,884.95,882.0,884.35,688
2023-05-23 15:15:00,882.0,886.35,880.1,884.25,1821
2023-05-24 09:15:00,886.0,886.7,879.1,880.35,256
2023-05-24 10:15:00,880.35,880.4,875.0,876.9,1043
2023-05-24 11:15:00,878.5,878.5,876.35,877.8,117
2023-05-24 12:15:00,877.8,886.55,876.55,884.15,1503
2023-05-24 13:15:00,884.0,892.75,884.0,890.15,1743
2023-05-24 14:15:00,890.15,892.05,885.45,890.05,4666
2023-05-24 15:15:00,889.05,894.35,885.0,889.8,1401
2023-05-25 09:15:00,888.7,889.95,878.15,888.05,1513
2023-05-25 10:15:00,888.0,889.1,887.0,887.0,464
2023-05-25 11:15:00,888.95,888.95,886.0,886.0,218
2023-05-25 12:15:00,887.65,888.1,883.0,884.9,349
2023-05-25 13:15:00,884.5,888.0,883.0,885.6,720
2023-05-25 14:15:00,885.6,887.55,885.0,886.4,601
2023-05-25 15:15:00,886.4,887.65,885.0,885.5,1603
2023-05-26 09:15:00,883.9,883.9,876.4,879.85,1572
2023-05-26 10:15:00,879.4,881.35,878.0,879.1,824
2023-05-26 11:15:00,879.1,900.75,879.0,887.25,3380
2023-05-26 12:15:00,887.7,888.65,882.15,884.3,287
2023-05-26 13:15:00,886.05,892.0,883.3,890.7,888
2023-05-26 14:15:00,888.1,890.6,888.1,889.0,1212
2023-05-26 15:15:00,888.5,891.0,888.5,889.1,428
2023-05-29 09:15:00,889.05,890.0,877.45,884.2,2691
2023-05-29 10:15:00,886.3,890.0,884.25,886.15,1126
2023-05-29 11:15:00,887.75,892.9,883.0,886.4,1941
2023-05-29 12:15:00,885.0,888.55,885.0,885.05,448
2023-05-29 13:15:00,885.05,890.7,885.05,886.65,2370
2023-05-29 14:15:00,886.8,887.85,882.05,886.0,602
2023-05-29 15:15:00,883.55,886.45,880.0,881.8,1310
2023-05-30 09:15:00,886.25,886.25,875.3,878.4,798
2023-05-30 10:15:00,880.7,880.7,876.05,877.2,345
2023-05-30 11:15:00,878.35,878.95,877.05,877.15,216
2023-05-30 12:15:00,877.1,880.05,877.1,877.15,554
2023-05-30 13:15:00,877.15,880.8,875.5,875.55,880
2023-05-30 14:15:00,876.95,880.9,875.55,880.0,548
2023-05-30 15:15:00,880.0,880.0,875.75,878.5,942
2023-05-31 09:15:00,878.5,879.45,873.05,876.25,1523
2023-05-31 10:15:00,876.05,879.0,875.0,876.1,333
2023-05-31 11:15:00,879.0,879.0,875.05,875.8,444
2023-05-31 12:15:00,875.8,876.85,875.0,876.75,184
2023-05-31 13:15:00,876.75,886.85,875.15,884.0,1025
2023-05-31 14:15:00,884.1,886.85,877.85,878.35,1391
2023-05-31 15:15:00,880.95,885.3,878.05,881.2,537
2023-06-01 09:15:00,883.0,885.95,881.2,881.8,1200
2023-06-01 10:15:00,881.8,881.8,871.6,873.0,2076
2023-06-01 11:15:00,874.8,877.5,873.2,875.7,275
2023-06-01 12:15:00,876.1,877.35,872.6,872.75,574
2023-06-01 13:15:00,874.5,875.95,872.1,873.15,336
2023-06-01 14:15:00,873.15,874.5,870.0,872.8,1600
2023-06-01 15:15:00,873.0,882.0,872.6,873.55,1038
2023-06-02 09:15:00,877.6,888.95,874.6,885.15,2989
2023-06-02 10:15:00,887.1,888.95,882.5,882.5,3452
2023-06-02 11:15:00,882.6,886.9,881.65,882.1,2271
2023-06-02 12:15:00,883.5,886.9,880.7,886.9,901
2023-06-02 13:15:00,886.9,892.0,879.2,880.9,2752
2023-06-02 14:15:00,884.65,887.35,880.65,881.6,1278
2023-06-02 15:15:00,883.0,886.6,878.25,881.25,739
2023-06-05 09:15:00,885.7,885.7,875.25,877.0,1439
2023-06-05 10:15:00,876.55,880.95,876.5,878.4,1045
2023-06-05 11:15:00,879.0,888.0,876.5,882.1,1477
2023-06-05 12:15:00,884.1,884.45,881.05,881.5,511
2023-06-05 13:15:00,881.05,884.0,879.1,880.0,636
2023-06-05 14:15:00,880.0,881.25,873.8,878.4,1741
2023-06-05 15:15:00,879.7,881.25,878.5,879.85,372
2023-06-06 09:15:00,879.85,895.0,875.05,879.5,1737
2023-06-06 10:15:00,880.95,880.95,880.0,880.0,386
2023-06-06 11:15:00,878.7,881.0,878.3,880.0,414
2023-06-06 12:15:00,880.8,880.95,879.15,879.2,418
2023-06-06 13:15:00,879.55,880.0,878.5,879.7,233
2023-06-06 14:15:00,879.7,880.0,875.05,877.15,637
2023-06-06 15:15:00,877.05,879.75,875.65,877.45,772
2023-06-07 09:15:00,881.85,881.95,877.8,880.0,1705
2023-06-07 10:15:00,879.5,883.9,879.05,883.8,2759
2023-06-07 11:15:00,883.75,883.9,882.05,883.1,995
2023-06-07 12:15:00,882.25,883.9,881.75,883.8,596
2023-06-07 13:15:00,882.15,883.85,881.85,882.7,385
2023-06-07 14:15:00,882.45,886.5,881.05,883.85,3200
2023-06-07 15:15:00,883.8,886.0,883.8,884.65,534
2023-06-08 09:15:00,902.2,934.0,895.0,932.05,100417
2023-06-08 10:15:00,932.65,937.3,923.1,928.0,43188
2023-06-08 11:15:00,927.9,931.95,922.0,928.9,10952
2023-06-08 12:15:00,928.0,934.95,926.3,930.0,20595
2023-06-08 13:15:00,930.0,932.9,924.0,931.55,13833
2023-06-08 14:15:00,928.1,932.9,925.2,926.95,10325
2023-06-08 15:15:00,926.5,933.0,918.4,925.2,17747
2023-06-09 09:15:00,940.0,945.0,933.0,935.15,21556
2023-06-09 10:15:00,936.8,939.6,928.4,930.1,6409
2023-06-09 11:15:00,929.9,931.4,924.5,929.75,1753
2023-06-09 12:15:00,929.25,929.6,926.0,928.55,801
2023-06-09 13:15:00,928.55,936.15,927.6,930.1,2230
2023-06-09 14:15:00,930.15,932.0,925.05,925.9,3670
2023-06-09 15:15:00,925.0,925.65,920.05,924.05,2951
2023-06-12 09:15:00,928.9,940.0,912.0,929.25,10894
2023-06-12 10:15:00,931.0,934.0,928.7,930.75,2505
2023-06-12 11:15:00,928.75,930.0,924.15,924.15,273
2023-06-12 12:15:00,924.15,926.45,922.15,922.25,1012
2023-06-12 13:15:00,922.25,923.7,920.75,922.1,594
2023-06-12 14:15:00,921.15,921.2,912.15,917.5,4860
2023-06-12 15:15:00,916.9,917.85,912.75,914.95,1973
2023-06-13 09:15:00,919.55,933.15,916.25,926.3,3662
2023-06-13 10:15:00,926.0,927.4,916.3,920.0,1448
2023-06-13 11:15:00,922.6,926.0,920.6,924.7,688
2023-06-13 12:15:00,925.95,930.9,923.0,930.0,12497
2023-06-13 13:15:00,930.0,931.0,923.45,924.0,2369
2023-06-13 14:15:00,925.75,929.05,916.0,923.6,1586
2023-06-13 15:15:00,925.55,930.0,920.15,926.45,2989
2023-06-14 09:15:00,926.45,933.0,924.95,929.1,3211
2023-06-14 10:15:00,927.35,929.05,918.05,924.9,5337
2023-06-14 11:15:00,924.95,928.45,923.85,926.7,1185
2023-06-14 12:15:00,926.75,930.0,926.6,930.0,2794
2023-06-14 13:15:00,930.0,930.0,927.4,928.95,637
2023-06-14 14:15:00,927.85,929.0,922.8,925.7,2535
2023-06-14 15:15:00,924.4,926.5,914.1,921.0,3235
2023-06-15 09:15:00,917.05,924.9,917.05,919.2,2520
2023-06-15 10:15:00,919.0,923.9,915.15,923.9,1466
2023-06-15 11:15:00,922.05,924.8,921.05,924.2,1745
2023-06-15 12:15:00,922.2,924.2,919.5,919.7,445
2023-06-15 13:15:00,919.7,923.0,919.7,922.9,579
2023-06-15 14:15:00,919.6,923.0,919.5,921.8,930
2023-06-15 15:15:00,915.0,923.0,915.0,920.35,1011
2023-06-16 09:15:00,925.0,931.95,924.95,928.95,2557
2023-06-16 10:15:00,926.9,930.0,925.8,928.85,2886
2023-06-16 11:15:00,929.4,929.8,925.95,928.1,908
2023-06-16 12:15:00,928.1,928.1,925.2,927.35,1604
2023-06-16 13:15:00,927.35,928.1,924.25,928.1,1167
2023-06-16 14:15:00,927.05,930.0,925.0,929.95,4442
2023-06-16 15:15:00,929.95,935.0,920.05,920.05,6458
2023-06-19 09:15:00,930.0,939.1,925.65,929.3,6659
2023-06-19 10:15:00,928.0,930.45,928.0,928.0,1348
2023-06-19 11:15:00,928.0,930.0,923.0,924.0,5125
2023-06-19 12:15:00,924.0,924.95,921.05,922.0,892
2023-06-19 13:15:00,922.0,929.0,919.7,928.85,5045
2023-06-19 14:15:00,927.3,928.7,925.25,926.5,354
2023-06-19 15:15:00,926.5,927.95,915.25,917.1,2540
2023-06-20 09:15:00,918.0,928.2,917.0,925.05,2015
2023-06-20 10:15:00,925.75,926.1,917.85,921.5,509
2023-06-20 11:15:00,919.0,921.0,918.1,920.1,559
2023-06-20 12:15:00,920.8,927.65,918.8,925.25,1666
2023-06-20 13:15:00,923.05,924.1,920.0,922.4,130
2023-06-20 14:15:00,922.75,924.1,919.55,921.75,569
2023-06-20 15:15:00,923.1,923.95,917.0,917.55,904
2023-06-21 09:15:00,921.4,921.4,918.05,921.0,905
2023-06-21 10:15:00,923.0,928.0,920.55,920.55,1353
2023-06-21 11:15:00,920.95,922.2,920.0,920.5,811
2023-06-21 12:15:00,921.95,923.0,919.85,921.4,2296
2023-06-21 13:15:00,921.4,924.45,919.25,924.15,1378
2023-06-21 14:15:00,923.8,923.95,921.0,922.9,971
2023-06-21 15:15:00,922.9,924.0,921.35,923.8,766
2023-06-22 09:15:00,922.5,935.0,922.5,929.9,5707
2023-06-22 10:15:00,928.75,930.0,927.05,928.6,417
2023-06-22 11:15:00,926.85,928.25,923.55,923.6,724
2023-06-22 12:15:00,925.4,927.85,924.0,925.45,594
2023-06-22 13:15:00,925.05,930.0,924.05,927.8,6749
2023-06-22 14:15:00,929.45,929.45,923.8,926.15,1663
2023-06-22 15:15:00,926.95,927.0,920.6,923.8,1405
2023-06-23 09:15:00,929.8,929.8,916.5,925.0,8084
2023-06-23 10:15:00,923.2,925.0,920.95,925.0,1652
2023-06-23 11:15:00,925.0,928.8,923.6,923.6,1298
2023-06-23 12:15:00,923.15,925.95,923.15,923.95,181
2023-06-23 13:15:00,922.05,926.0,922.05,926.0,803
2023-06-23 14:15:00,924.75,931.0,921.0,931.0,7872
2023-06-23 15:15:00,930.35,933.8,922.5,922.5,3338
2023-06-26 09:15:00,932.0,949.9,922.5,943.4,21036
2023-06-26 10:15:00,942.05,944.0,936.15,939.75,5137
2023-06-26 11:15:00,940.1,942.85,936.1,941.15,4370
2023-06-26 12:15:00,942.4,947.95,939.7,945.0,11675
2023-06-26 13:15:00,945.0,952.0,944.5,948.95,19060
2023-06-26 14:15:00,948.8,959.0,947.15,958.55,28232
2023-06-26 15:15:00,958.5,959.0,953.05,958.0,7162
2023-06-27 09:15:00,960.0,967.8,948.0,963.05,40820
2023-06-27 10:15:00,963.95,967.8,960.5,965.4,12581
2023-06-27 11:15:00,966.4,966.45,960.95,961.75,2893
2023-06-27 12:15:00,961.5,964.9,960.1,963.1,2342
2023-06-27 13:15:00,963.8,968.0,963.2,963.5,6623
2023-06-27 14:15:00,964.15,965.35,962.55,963.55,5758
2023-06-27 15:15:00,963.55,966.0,958.55,959.75,6939
2023-06-28 09:15:00,963.35,971.45,957.2,966.0,10819
2023-06-28 10:15:00,965.05,967.25,961.0,961.1,4043
2023-06-28 11:15:00,960.55,964.45,958.7,962.8,1962
2023-06-28 12:15:00,962.8,963.85,960.2,961.0,911
2023-06-28 13:15:00,961.0,961.0,957.0,957.05,3452
2023-06-28 14:15:00,957.25,960.0,957.0,957.6,2327
2023-06-28 15:15:00,957.75,959.0,950.0,951.0,1460
2023-06-30 09:15:00,961.4,961.4,948.35,950.5,8358
2023-06-30 10:15:00,952.0,953.5,946.05,946.1,1316
2023-06-30 11:15:00,947.0,953.9,942.35,949.65,2241
2023-06-30 12:15:00,950.75,951.8,940.35,940.45,2622
2023-06-30 13:15:00,942.1,943.45,940.5,941.45,1201
2023-06-30 14:15:00,941.45,942.75,922.1,922.55,13364
2023-06-30 15:15:00,921.0,932.0,911.25,931.0,12706
2023-07-03 09:15:00,926.5,932.0,922.25,931.15,6063
2023-07-03 10:15:00,930.5,931.9,926.15,926.15,1061
2023-07-03 11:15:00,925.5,928.1,923.0,925.55,1076
2023-07-03 12:15:00,925.2,926.45,924.85,924.85,964
2023-07-03 13:15:00,924.85,938.95,924.05,935.55,2441
2023-07-03 14:15:00,937.9,937.9,931.0,932.5,976
2023-07-03 15:15:00,932.65,935.0,928.05,929.1,2021
2023-07-04 09:15:00,934.0,934.5,921.1,922.6,1820
2023-07-04 10:15:00,922.55,927.85,922.5,926.2,727
2023-07-04 11:15:00,926.0,927.35,925.3,927.15,280
2023-07-04 12:15:00,925.85,926.95,923.0,925.35,937
2023-07-04 13:15:00,925.35,926.75,924.25,925.05,535
2023-07-04 14:15:00,926.4,926.6,923.0,925.0,2153
2023-07-04 15:15:00,925.3,926.2,922.0,924.6,737
2023-07-05 09:15:00,916.8,929.65,916.8,919.5,2108
2023-07-05 10:15:00,917.1,919.55,917.1,918.45,1733
2023-07-05 11:15:00,915.05,919.45,915.05,919.05,1446
2023-07-05 12:15:00,917.35,927.05,917.35,919.3,2481
2023-07-05 13:15:00,919.7,924.5,919.4,922.6,851
2023-07-05 14:15:00,922.1,926.2,922.1,925.6,1402
2023-07-05 15:15:00,927.0,927.9,925.65,927.9,1145
2023-07-06 09:15:00,931.2,935.0,925.55,929.95,1611
2023-07-06 10:15:00,929.95,939.0,929.95,937.0,5017
2023-07-06 11:15:00,937.95,939.0,935.15,937.35,866
2023-07-06 12:15:00,937.35,938.75,935.0,937.75,1950
2023-07-06 13:15:00,936.05,938.8,936.05,938.8,545
2023-07-06 14:15:00,937.35,944.95,937.2,942.85,5861
2023-07-06 15:15:00,940.5,942.9,931.25,931.25,839
2023-07-07 09:15:00,933.05,945.0,932.7,935.75,2802
2023-07-07 10:15:00,935.75,936.7,922.7,928.3,3126
2023-07-07 11:15:00,928.35,929.6,922.35,924.0,506
2023-07-07 12:15:00,924.0,929.8,919.25,922.85,4494
2023-07-07 13:15:00,924.15,933.05,922.75,930.0,5628
2023-07-07 14:15:00,930.95,931.3,928.9,929.15,7259
2023-07-07 15:15:00,929.1,930.0,929.0,930.0,833
2023-07-10 09:15:00,934.3,934.3,923.0,928.05,2090
2023-07-10 10:15:00,929.1,941.75,922.6,937.95,63941
2023-07-10 11:15:00,937.85,938.05,926.2,927.0,3722
2023-07-10 12:15:00,927.0,946.0,926.0,941.9,49780
2023-07-10 13:15:00,940.0,941.2,939.0,940.0,1128
2023-07-10 14:15:00,940.0,949.9,940.0,949.9,6465
2023-07-10 15:15:00,950.0,950.0,943.0,945.2,2038
2023-07-11 09:15:00,951.5,981.45,948.8,975.3,44432
2023-07-11 10:15:00,975.4,979.0,967.95,974.0,11706
2023-07-11 11:15:00,975.25,980.3,973.3,976.0,8920
2023-07-11 12:15:00,975.15,976.45,971.45,972.55,2251
2023-07-11 13:15:00,973.45,973.45,970.0,970.9,2145
2023-07-11 14:15:00,970.1,971.75,966.05,971.3,3922
2023-07-11 15:15:00,971.9,974.95,970.75,973.0,4585
2023-07-12 09:15:00,973.25,976.0,970.1,974.0,5234
2023-07-12 10:15:00,972.6,983.9,970.5,976.45,13951
2023-07-12 11:15:00,977.4,977.4,972.15,974.0,976
2023-07-12 12:15:00,973.05,975.0,965.0,967.45,3484
2023-07-12 13:15:00,966.0,968.0,963.9,965.05,1053
2023-07-12 14:15:00,965.1,972.0,962.9,969.75,4779
2023-07-12 15:15:00,973.15,981.0,973.15,974.4,7683
2023-07-13 09:15:00,979.25,979.5,974.45,975.0,2986
2023-07-13 10:15:00,975.0,978.45,975.0,978.4,2473
2023-07-13 11:15:00,977.85,981.1,975.55,981.1,2904
2023-07-13 12:15:00,981.1,982.9,972.25,976.65,3462
2023-07-13 13:15:00,974.35,976.65,973.0,973.0,1931
2023-07-13 14:15:00,973.0,977.95,969.05,976.35,2592
2023-07-13 15:15:00,977.9,978.35,967.0,967.6,992
2023-07-14 09:15:00,977.55,977.55,967.0,970.7,3173
2023-07-14 10:15:00,972.95,974.7,968.8,973.05,3901
2023-07-14 11:15:00,971.75,972.9,967.85,970.5,1182
2023-07-14 12:15:00,970.3,972.95,967.0,969.0,730
2023-07-14 13:15:00,967.4,972.5,966.05,971.55,1813
2023-07-14 14:15:00,971.0,972.0,967.2,972.0,1581
2023-07-14 15:15:00,972.0,972.0,958.15,961.3,4752
2023-07-17 09:15:00,961.75,974.1,961.3,971.1,2988
2023-07-17 10:15:00,971.25,975.0,971.15,972.5,1799
2023-07-17 11:15:00,973.0,975.45,971.6,975.45,2143
2023-07-17 12:15:00,975.45,979.95,975.3,975.3,2689
2023-07-17 13:15:00,975.05,976.05,973.35,974.7,1930
2023-07-17 14:15:00,974.7,978.95,973.35,975.55,2220
2023-07-17 15:15:00,975.5,978.0,967.0,967.0,2125
2023-07-18 09:15:00,979.9,980.1,974.1,975.35,3767
2023-07-18 10:15:00,975.35,977.95,975.05,976.25,627
2023-07-18 11:15:00,975.15,975.45,970.1,973.25,2037
2023-07-18 12:15:00,971.9,972.0,970.3,970.4,362
2023-07-18 13:15:00,971.25,973.0,970.4,971.55,652
2023-07-18 14:15:00,970.55,972.95,968.0,970.65,5845
2023-07-18 15:15:00,970.95,971.0,966.0,966.25,1422
2023-07-19 09:15:00,969.05,979.35,969.05,973.8,2220
2023-07-19 10:15:00,974.7,977.0,966.95,967.5,3740
2023-07-19 11:15:00,969.8,972.0,967.25,968.65,433
2023-07-19 12:15:00,968.65,974.0,968.05,968.8,2463
2023-07-19 13:15:00,970.55,974.8,968.6,974.8,3511
2023-07-19 14:15:00,974.8,978.2,971.6,974.65,4533
2023-07-19 15:15:00,976.15,977.65,968.0,976.0,3136
2023-07-20 09:15:00,1090.0,1090.0,1046.5,1057.0,560801
2023-07-20 10:15:00,1057.05,1059.65,1050.05,1053.35,90020
2023-07-20 11:15:00,1052.1,1065.0,1052.1,1053.25,74394
2023-07-20 12:15:00,1054.75,1058.0,1050.05,1051.85,36459
2023-07-20 13:15:00,1052.0,1054.0,1035.0,1043.8,105904
2023-07-20 14:15:00,1044.0,1047.9,1042.35,1044.15,60663
2023-07-20 15:15:00,1044.9,1060.0,1041.6,1055.0,74807
2023-07-21 09:15:00,1049.3,1076.95,1038.05,1054.05,71995
2023-07-21 10:15:00,1055.0,1063.15,1050.0,1055.35,14700
2023-07-21 11:15:00,1057.35,1059.55,1049.6,1054.9,13360
2023-07-21 12:15:00,1053.4,1074.55,1053.3,1065.4,40001
2023-07-21 13:15:00,1065.05,1068.0,1058.85,1058.85,8144
2023-07-21 14:15:00,1058.85,1067.35,1055.7,1067.35,11842
2023-07-21 15:15:00,1067.0,1068.15,1062.0,1064.65,9756
2023-07-24 09:15:00,1074.0,1074.0,1026.05,1034.6,24649
2023-07-24 10:15:00,1032.55,1044.45,1025.95,1039.05,15711
2023-07-24 11:15:00,1035.9,1037.75,1015.0,1024.95,21732
2023-07-24 12:15:00,1024.95,1029.1,1022.95,1027.1,2977
2023-07-24 13:15:00,1027.1,1029.5,1024.05,1025.75,4702
2023-07-24 14:15:00,1025.7,1031.35,1023.5,1024.6,10923
2023-07-24 15:15:00,1024.3,1025.6,1019.0,1020.9,5218
2023-07-25 09:15:00,1034.65,1034.65,1015.0,1020.25,13470
2023-07-25 10:15:00,1020.2,1022.9,1018.1,1020.15,3136
2023-07-25 11:15:00,1020.0,1023.45,1017.35,1021.25,2646
2023-07-25 12:15:00,1021.3,1026.95,1019.9,1023.3,1508
2023-07-25 13:15:00,1023.3,1024.5,1020.05,1021.55,2101
2023-07-25 14:15:00,1021.55,1026.35,1020.2,1024.0,9769
2023-07-25 15:15:00,1024.0,1027.0,1019.0,1019.0,2067
2023-07-26 09:15:00,1030.0,1030.0,997.9,1008.4,23471
2023-07-26 10:15:00,1007.3,1011.0,1000.1,1000.1,7125
2023-07-26 11:15:00,1001.0,1006.6,1000.2,1004.8,2491
2023-07-26 12:15:00,1004.9,1008.55,1004.1,1005.25,2423
2023-07-26 13:15:00,1005.25,1007.25,1003.0,1006.15,2319
2023-07-26 14:15:00,1006.35,1006.5,1000.05,1002.0,6587
2023-07-26 15:15:00,1001.3,1004.5,999.8,999.8,4758
2023-07-27 09:15:00,996.0,1005.0,977.15,980.1,19578
2023-07-27 10:15:00,980.05,983.6,978.9,981.05,7409
2023-07-27 11:15:00,982.4,982.4,978.05,980.0,5435
2023-07-27 12:15:00,980.6,990.8,974.45,985.75,12607
2023-07-27 13:15:00,984.3,996.0,984.3,994.65,11678
2023-07-27 14:15:00,994.95,997.1,988.1,988.1,6845
2023-07-27 15:15:00,987.4,988.95,981.5,987.95,4743
2023-07-28 09:15:00,992.0,1009.9,985.95,1002.05,20918
2023-07-28 10:15:00,1002.05,1003.65,997.1,999.5,2808
2023-07-28 11:15:00,999.5,1002.55,998.1,1000.7,2071
2023-07-28 12:15:00,1000.7,1005.85,1000.0,1001.9,3922
2023-07-28 13:15:00,1001.75,1007.95,1000.15,1001.25,3832
2023-07-28 14:15:00,1001.2,1003.15,998.5,1000.0,4196
2023-07-28 15:15:00,999.95,1001.95,998.5,999.7,2641
2023-07-31 09:15:00,1004.8,1022.0,1004.75,1016.65,13211
2023-07-31 10:15:00,1015.1,1027.45,1015.1,1022.55,6753
2023-07-31 11:15:00,1022.1,1025.15,1021.0,1024.0,4518
2023-07-31 12:15:00,1024.0,1024.45,1020.3,1021.9,846
2023-07-31 13:15:00,1021.8,1022.0,1017.45,1017.65,1193
2023-07-31 14:15:00,1017.9,1037.0,1017.0,1036.5,10463
2023-07-31 15:15:00,1036.8,1039.0,1034.2,1036.6,7625
2023-08-01 09:15:00,1039.0,1049.0,1031.7,1042.95,10241
2023-08-01 10:15:00,1042.65,1042.65,1037.8,1037.8,5691
2023-08-01 11:15:00,1037.9,1039.3,1027.15,1029.0,3230
2023-08-01 12:15:00,1030.3,1040.05,1027.35,1037.45,4971
2023-08-01 13:15:00,1036.7,1047.5,1036.7,1046.5,4093
2023-08-01 14:15:00,1046.5,1048.3,1045.0,1046.0,7180
2023-08-01 15:15:00,1045.0,1046.65,1036.7,1042.1,2234
2023-08-02 09:15:00,1035.95,1044.3,1028.0,1028.25,4009
2023-08-02 10:15:00,1030.35,1034.2,1020.1,1022.1,4270
2023-08-02 11:15:00,1022.1,1024.0,1011.0,1012.3,4438
2023-08-02 12:15:00,1012.3,1021.45,1011.05,1019.8,2316
2023-08-02 13:15:00,1020.9,1021.1,1019.2,1019.8,1742
2023-08-02 14:15:00,1020.0,1025.95,1019.55,1021.1,5090
2023-08-02 15:15:00,1024.95,1024.95,1012.45,1015.8,2700
2023-08-03 09:15:00,1021.25,1026.4,1012.6,1018.45,3418
2023-08-03 10:15:00,1019.15,1021.8,1017.35,1021.4,792
2023-08-03 11:15:00,1020.95,1027.95,1020.3,1025.05,3042
2023-08-03 12:15:00,1025.05,1028.0,1010.45,1019.35,11928
2023-08-03 13:15:00,1018.05,1025.95,1004.6,1016.7,13295
2023-08-03 14:15:00,1020.8,1027.4,1014.55,1025.8,10072
2023-08-03 15:15:00,1024.0,1028.0,1020.2,1025.0,3695
2023-08-04 09:15:00,1025.3,1034.0,1022.0,1032.2,2779
2023-08-04 10:15:00,1032.1,1032.2,1025.75,1032.2,647
2023-08-04 11:15:00,1033.2,1034.0,1029.05,1029.05,537
2023-08-04 12:15:00,1030.35,1030.35,1026.0,1027.55,248
2023-08-04 13:15:00,1026.65,1027.8,1021.1,1022.5,1912
2023-08-04 14:15:00,1021.45,1034.75,1021.45,1034.0,4168
2023-08-04 15:15:00,1034.0,1034.65,1025.5,1033.0,681
2023-08-07 09:15:00,1042.95,1055.9,1028.85,1045.0,13268
2023-08-07 10:15:00,1045.0,1049.7,1044.0,1045.8,2518
2023-08-07 11:15:00,1045.55,1053.15,1045.55,1050.0,3934
2023-08-07 12:15:00,1050.05,1054.0,1049.65,1051.2,3981
2023-08-07 13:15:00,1051.95,1056.0,1050.05,1051.65,5392
2023-08-07 14:15:00,1050.25,1053.1,1050.0,1051.4,2563
2023-08-07 15:15:00,1052.45,1052.65,1050.55,1052.6,2193
2023-08-08 09:15:00,1035.05,1054.95,1035.05,1052.25,6144
2023-08-08 10:15:00,1052.4,1052.6,1050.5,1051.6,1656
2023-08-08 11:15:00,1051.1,1051.1,1048.0,1049.75,1011
2023-08-08 12:15:00,1049.05,1050.0,1047.1,1049.3,1665
2023-08-08 13:15:00,1048.1,1050.0,1047.95,1049.0,1448
2023-08-08 14:15:00,1049.25,1053.0,1047.6,1052.4,1912
2023-08-08 15:15:00,1051.0,1055.0,1046.0,1046.0,3382
2023-08-09 09:15:00,1053.15,1056.3,1046.15,1047.9,1904
2023-08-09 10:15:00,1047.9,1048.55,1035.75,1035.75,1384
2023-08-09 11:15:00,1035.85,1047.0,1035.85,1046.25,1579
2023-08-09 12:15:00,1046.15,1055.5,1046.15,1054.1,3065
2023-08-09 13:15:00,1055.95,1056.0,1053.95,1054.7,765
2023-08-09 14:15:00,1054.6,1059.55,1053.6,1058.5,7520
2023-08-09 15:15:00,1057.65,1059.9,1050.0,1050.0,4330
2023-08-10 09:15:00,1056.7,1064.85,1045.7,1047.8,11635
2023-08-10 10:15:00,1048.15,1056.6,1034.05,1052.05,9870
2023-08-10 11:15:00,1051.6,1060.15,1051.6,1053.35,3025
2023-08-10 12:15:00,1054.65,1069.8,1054.05,1065.25,8103
2023-08-10 13:15:00,1065.5,1075.1,1065.1,1075.05,7488
2023-08-10 14:15:00,1073.1,1095.05,1073.05,1080.3,18075
2023-08-10 15:15:00,1082.0,1086.6,1080.0,1085.0,5698
2023-08-11 09:15:00,1081.0,1086.55,1053.0,1084.55,20137
2023-08-11 10:15:00,1084.35,1088.8,1084.35,1087.5,11443
2023-08-11 11:15:00,1088.0,1090.95,1075.15,1075.15,5578
2023-08-11 12:15:00,1075.5,1084.35,1075.0,1083.55,3570
2023-08-11 13:15:00,1085.95,1085.95,1080.45,1081.3,1465
2023-08-11 14:15:00,1081.0,1088.6,1080.1,1080.2,8881
2023-08-11 15:15:00,1081.45,1091.5,1081.3,1091.0,4114
2023-08-14 09:15:00,1086.1,1100.0,1064.15,1072.0,13346
2023-08-14 10:15:00,1072.75,1084.95,1070.55,1081.55,3040
2023-08-14 11:15:00,1082.8,1087.75,1081.3,1083.0,3902
2023-08-14 12:15:00,1084.6,1111.35,1084.6,1104.65,14635
2023-08-14 13:15:00,1104.6,1106.5,1095.0,1104.55,6305
2023-08-14 14:15:00,1107.25,1119.6,1102.95,1115.05,17666
2023-08-14 15:15:00,1115.1,1120.85,1113.25,1114.95,7401
2023-08-16 09:15:00,1111.0,1190.0,1111.0,1170.1,47486
2023-08-16 10:15:00,1171.3,1183.0,1167.0,1175.0,36856
2023-08-16 11:15:00,1175.0,1178.0,1171.7,1175.2,10415
2023-08-16 12:15:00,1173.15,1179.9,1171.1,1175.2,12836
2023-08-16 13:15:00,1176.55,1179.4,1173.0,1177.75,14319
2023-08-16 14:15:00,1176.7,1181.45,1174.1,1180.0,11037
2023-08-16 15:15:00,1180.0,1184.85,1165.1,1180.0,13154
2023-08-17 09:15:00,1172.8,1172.8,1148.2,1161.6,20556
2023-08-17 10:15:00,1160.55,1164.95,1159.5,1160.0,22098
2023-08-17 11:15:00,1160.0,1162.5,1151.0,1158.6,9446
2023-08-17 12:15:00,1157.55,1160.95,1156.6,1159.0,3868
2023-08-17 13:15:00,1160.0,1160.0,1153.45,1154.3,1607
2023-08-17 14:15:00,1153.45,1155.8,1150.05,1152.7,4751
2023-08-17 15:15:00,1150.75,1154.95,1147.0,1150.0,3535
2023-08-18 09:15:00,1141.0,1153.7,1131.1,1140.25,7922
2023-08-18 10:15:00,1140.25,1153.0,1139.9,1150.75,4487
2023-08-18 11:15:00,1156.9,1162.0,1151.4,1160.0,5483
2023-08-18 12:15:00,1160.35,1168.95,1158.6,1164.7,10340
2023-08-18 13:15:00,1165.95,1177.8,1165.35,1177.8,13425
2023-08-18 14:15:00,1177.05,1186.35,1177.05,1181.3,15448
2023-08-18 15:15:00,1181.45,1184.1,1168.2,1168.2,4792
2023-08-21 09:15:00,1205.0,1210.05,1142.65,1147.95,25989
2023-08-21 10:15:00,1147.95,1163.6,1147.1,1153.45,11040
2023-08-21 11:15:00,1153.45,1161.85,1151.05,1160.0,3514
2023-08-21 12:15:00,1160.0,1169.4,1155.0,1164.95,11933
2023-08-21 13:15:00,1164.95,1170.0,1161.8,1163.8,10658
2023-08-21 14:15:00,1163.8,1168.95,1145.35,1148.0,6259
2023-08-21 15:15:00,1147.0,1147.85,1136.15,1137.6,5075
2023-08-22 09:15:00,1140.0,1158.1,1140.0,1142.15,10332
2023-08-22 10:15:00,1143.2,1151.9,1137.6,1145.0,12374
2023-08-22 11:15:00,1145.0,1154.9,1143.2,1151.45,2020
2023-08-22 12:15:00,1152.0,1160.15,1152.0,1158.4,4143
2023-08-22 13:15:00,1158.0,1162.3,1158.0,1159.55,2890
2023-08-22 14:15:00,1159.0,1162.5,1157.0,1160.0,6294
2023-08-22 15:15:00,1160.4,1161.0,1146.0,1149.0,4381
2023-08-23 09:15:00,1145.25,1162.5,1145.25,1160.0,8240
2023-08-23 10:15:00,1159.0,1160.0,1150.05,1156.0,3980
2023-08-23 11:15:00,1155.5,1158.35,1155.0,1156.55,969
2023-08-23 12:15:00,1157.75,1161.65,1156.25,1160.0,1896
2023-08-23 13:15:00,1160.5,1176.0,1160.05,1174.25,11150
2023-08-23 14:15:00,1173.05,1175.15,1164.05,1165.5,6661
2023-08-23 15:15:00,1165.6,1170.0,1165.0,1166.0,2234
2023-08-24 09:15:00,1172.55,1178.2,1166.0,1175.75,3963
2023-08-24 10:15:00,1176.0,1177.7,1172.8,1173.55,1154
2023-08-24 11:15:00,1173.1,1174.95,1169.75,1171.45,1845
2023-08-24 12:15:00,1171.9,1176.6,1170.05,1175.0,3429
2023-08-24 13:15:00,1175.25,1176.65,1173.5,1175.1,2540
2023-08-24 14:15:00,1175.0,1180.45,1174.0,1180.0,8999
2023-08-24 15:15:00,1180.0,1185.0,1176.5,1180.0,9322
2023-08-25 09:15:00,1170.0,1192.3,1170.0,1190.15,11970
2023-08-25 10:15:00,1190.15,1196.35,1179.0,1192.1,12127
2023-08-25 11:15:00,1192.1,1203.6,1190.0,1201.7,13378
2023-08-25 12:15:00,1201.7,1201.7,1190.05,1190.3,6330
2023-08-25 13:15:00,1192.0,1196.95,1190.7,1194.2,2928
2023-08-25 14:15:00,1193.85,1202.75,1193.55,1198.2,12751
2023-08-25 15:15:00,1198.2,1199.75,1195.0,1198.35,1941
2023-08-28 09:15:00,1220.0,1227.0,1204.05,1225.95,20408
2023-08-28 10:15:00,1225.95,1231.95,1215.85,1218.55,11841
2023-08-28 11:15:00,1219.15,1223.0,1216.25,1223.0,5461
2023-08-28 12:15:00,1223.0,1229.95,1222.4,1227.0,7483
2023-08-28 13:15:00,1225.75,1228.0,1224.05,1225.0,5021
2023-08-28 14:15:00,1225.0,1227.5,1225.0,1225.95,5653
2023-08-28 15:15:00,1226.4,1229.0,1225.0,1226.15,5476
2023-08-29 09:15:00,1227.0,1227.1,1205.35,1208.9,6119
2023-08-29 10:15:00,1210.2,1213.4,1205.6,1213.15,1939
2023-08-29 11:15:00,1213.1,1214.0,1210.3,1212.0,3222
2023-08-29 12:15:00,1213.1,1214.0,1210.7,1212.0,1003
2023-08-29 13:15:00,1212.0,1221.95,1210.95,1220.0,5379
2023-08-29 14:15:00,1221.1,1224.45,1219.95,1221.5,7273
2023-08-29 15:15:00,1221.5,1228.75,1221.4,1225.0,4127
2023-08-30 09:15:00,1231.0,1231.0,1212.3,1218.0,11922
2023-08-30 10:15:00,1218.0,1221.5,1201.3,1206.45,13050
2023-08-30 11:15:00,1207.75,1221.5,1202.35,1215.0,5195
2023-08-30 12:15:00,1215.0,1224.9,1215.0,1222.4,2293
2023-08-30 13:15:00,1222.95,1228.5,1218.3,1224.85,7934
2023-08-30 14:15:00,1226.0,1230.1,1221.05,1229.0,8871
2023-08-30 15:15:00,1229.0,1230.0,1201.15,1207.8,2143
2023-08-31 09:15:00,1229.9,1229.9,1210.8,1211.25,2923
2023-08-31 10:15:00,1210.85,1211.15,1202.75,1205.4,3358
2023-08-31 11:15:00,1205.0,1219.9,1204.45,1206.55,13339
2023-08-31 12:15:00,1206.0,1209.1,1202.05,1204.9,2230
2023-08-31 13:15:00,1204.2,1205.7,1200.1,1200.1,3092
2023-08-31 14:15:00,1200.1,1200.1,1193.25,1199.5,6854
2023-08-31 15:15:00,1200.7,1202.9,1199.15,1200.0,1718
2023-09-01 09:15:00,1211.4,1211.4,1182.0,1182.05,13360
2023-09-01 10:15:00,1182.05,1193.85,1180.0,1181.1,6706
2023-09-01 11:15:00,1181.7,1185.15,1180.0,1185.15,1370
2023-09-01 12:15:00,1185.0,1185.0,1180.0,1181.05,2206
2023-09-01 13:15:00,1181.05,1182.55,1175.05,1181.4,2408
2023-09-01 14:15:00,1181.3,1196.85,1179.0,1183.25,4909
2023-09-01 15:15:00,1183.25,1195.0,1175.0,1180.0,2361
2023-09-04 09:15:00,1187.1,1203.8,1180.85,1202.65,5778
2023-09-04 10:15:00,1202.65,1216.3,1200.75,1211.8,5610
2023-09-04 11:15:00,1212.05,1222.2,1211.45,1220.6,6006
2023-09-04 12:15:00,1220.0,1222.95,1218.75,1221.0,2696
2023-09-04 13:15:00,1221.2,1221.45,1215.7,1219.0,2704
2023-09-04 14:15:00,1219.0,1219.0,1209.0,1210.05,1893
2023-09-04 15:15:00,1211.6,1211.95,1201.0,1201.0,2348
2023-09-05 09:15:00,1200.0,1214.0,1200.0,1202.4,4666
2023-09-05 10:15:00,1203.0,1206.45,1198.85,1204.9,1823
2023-09-05 11:15:00,1202.95,1213.9,1202.95,1211.1,2645
2023-09-05 12:15:00,1210.25,1212.2,1206.8,1211.35,4880
2023-09-05 13:15:00,1210.0,1210.0,1202.05,1202.55,1140
2023-09-05 14:15:00,1202.15,1204.35,1200.0,1200.5,1197
2023-09-05 15:15:00,1201.3,1203.75,1200.0,1200.05,1836
2023-09-06 09:15:00,1206.75,1213.5,1196.2,1197.55,9665
2023-09-06 10:15:00,1196.8,1212.3,1195.55,1202.25,11999
2023-09-06 11:15:00,1201.65,1201.65,1190.1,1192.55,5214
2023-09-06 12:15:00,1192.55,1192.55,1180.4,1180.4,3046
2023-09-06 13:15:00,1180.4,1182.3,1177.5,1180.5,2483
2023-09-06 14:15:00,1180.0,1189.9,1180.0,1186.55,5495
2023-09-06 15:15:00,1184.0,1208.0,1181.1,1200.0,5816
2023-09-07 09:15:00,1202.6,1202.85,1189.65,1201.4,2019
2023-09-07 10:15:00,1201.0,1204.9,1200.15,1200.75,1468
2023-09-07 11:15:00,1202.15,1204.0,1198.9,1201.0,2886
2023-09-07 12:15:00,1201.0,1201.4,1199.4,1200.05,1659
2023-09-07 13:15:00,1201.4,1201.4,1199.15,1200.0,1581
2023-09-07 14:15:00,1200.0,1203.0,1199.55,1200.0,2408
2023-09-07 15:15:00,1203.55,1203.6,1196.85,1198.0,2050
2023-09-08 09:15:00,1198.9,1202.5,1193.1,1199.0,3504
2023-09-08 10:15:00,1197.9,1197.9,1193.55,1194.65,1739
2023-09-08 11:15:00,1194.65,1197.05,1194.1,1195.7,456
2023-09-08 12:15:00,1195.95,1206.1,1194.1,1203.35,4238
2023-09-08 13:15:00,1204.75,1209.8,1200.05,1206.95,2074
2023-09-08 14:15:00,1206.0,1208.75,1203.1,1208.75,3806
2023-09-08 15:15:00,1207.8,1208.0,1201.0,1201.05,1372
2023-09-11 09:15:00,1200.0,1220.0,1200.0,1211.4,8877
2023-09-11 10:15:00,1211.15,1211.15,1203.6,1204.5,603
2023-09-11 11:15:00,1204.5,1204.95,1202.0,1202.5,589
2023-09-11 12:15:00,1203.35,1204.4,1196.25,1199.25,2832
2023-09-11 13:15:00,1199.3,1202.0,1197.25,1200.55,1133
2023-09-11 14:15:00,1200.5,1205.4,1200.5,1205.4,1210
2023-09-11 15:15:00,1203.6,1210.0,1200.5,1201.0,1143
2023-09-12 09:15:00,1200.0,1209.3,1177.4,1180.1,7664
2023-09-12 10:15:00,1178.5,1184.05,1177.5,1178.0,6757
2023-09-12 11:15:00,1178.0,1216.75,1175.5,1207.6,20287
2023-09-12 12:15:00,1207.85,1227.2,1205.9,1217.65,27245
2023-09-12 13:15:00,1217.95,1230.15,1202.5,1205.75,25864
2023-09-12 14:15:00,1205.0,1209.0,1190.0,1200.85,14101
2023-09-12 15:15:00,1200.6,1214.95,1199.4,1200.0,2970
2023-09-13 09:15:00,1200.0,1205.75,1178.05,1178.3,17685
2023-09-13 10:15:00,1179.6,1179.75,1155.0,1161.1,26982
2023-09-13 11:15:00,1159.5,1169.5,1159.25,1168.0,7640
2023-09-13 12:15:00,1168.0,1169.9,1163.0,1163.5,4812
2023-09-13 13:15:00,1163.5,1165.05,1160.0,1164.0,1713
2023-09-13 14:15:00,1162.65,1167.65,1162.0,1162.55,1981
2023-09-13 15:15:00,1163.25,1163.45,1159.0,1160.0,5255
2023-09-14 09:15:00,1160.55,1164.9,1145.4,1148.0,16377
2023-09-14 10:15:00,1148.05,1160.15,1148.05,1156.05,2739
2023-09-14 11:15:00,1156.05,1164.0,1156.0,1159.95,3533
2023-09-14 12:15:00,1160.05,1183.3,1159.05,1173.0,6397
2023-09-14 13:15:00,1173.0,1180.45,1170.0,1174.75,3796
2023-09-14 14:15:00,1174.85,1194.15,1173.35,1189.2,7745
2023-09-14 15:15:00,1189.2,1197.45,1189.2,1189.45,6337
2023-09-15 09:15:00,1192.85,1195.75,1157.1,1168.6,33769
2023-09-15 10:15:00,1168.6,1168.6,1159.95,1167.3,29223
2023-09-15 11:15:00,1167.4,1172.75,1164.65,1168.9,11251
2023-09-15 12:15:00,1168.9,1174.8,1156.1,1167.95,31046
2023-09-15 13:15:00,1167.95,1169.0,1165.35,1166.8,4351
2023-09-15 14:15:00,1165.65,1208.8,1150.0,1192.8,644834
2023-09-15 15:15:00,1192.8,1212.3,1178.7,1180.0,1263155
2023-09-18 09:15:00,1181.0,1220.0,1181.0,1215.8,23611
2023-09-18 10:15:00,1214.85,1216.55,1209.05,1214.25,2829
2023-09-18 11:15:00,1214.0,1224.0,1206.9,1219.3,15091
2023-09-18 12:15:00,1220.9,1227.95,1217.25,1223.95,20300
2023-09-18 13:15:00,1223.95,1229.95,1212.65,1217.15,13121
2023-09-18 14:15:00,1217.8,1218.2,1205.15,1206.2,6723
2023-09-18 15:15:00,1207.0,1210.05,1202.2,1202.75,5108
2023-09-20 09:15:00,1186.05,1193.4,1165.35,1175.35,33743
2023-09-20 10:15:00,1174.55,1176.5,1170.5,1175.0,21525
2023-09-20 11:15:00,1175.5,1177.55,1174.1,1175.6,15844
2023-09-20 12:15:00,1175.6,1177.35,1175.0,1176.0,16404
2023-09-20 13:15:00,1176.4,1179.1,1176.0,1176.6,17982
2023-09-20 14:15:00,1176.0,1177.05,1173.0,1175.95,26672
2023-09-20 15:15:00,1176.55,1178.25,1170.0,1170.0,14269
2023-09-21 09:15:00,1180.0,1188.7,1173.0,1186.3,6831
2023-09-21 10:15:00,1187.9,1187.9,1182.6,1184.7,1573
2023-09-21 11:15:00,1184.75,1187.9,1183.5,1184.9,3286
2023-09-21 12:15:00,1184.9,1193.45,1183.65,1190.6,3829
2023-09-21 13:15:00,1190.0,1191.95,1186.85,1189.0,1940
2023-09-21 14:15:00,1189.9,1196.75,1188.45,1193.0,4265
2023-09-21 15:15:00,1193.0,1194.5,1190.0,1190.95,2769
2023-09-22 09:15:00,1190.0,1195.45,1180.1,1181.55,4031
2023-09-22 10:15:00,1181.25,1188.3,1180.1,1185.55,661
2023-09-22 11:15:00,1186.05,1187.8,1185.1,1187.0,478
2023-09-22 12:15:00,1186.0,1187.9,1185.0,1186.7,575
2023-09-22 13:15:00,1186.95,1188.2,1181.05,1183.8,1357
2023-09-22 14:15:00,1184.0,1187.95,1182.75,1183.6,2112
2023-09-22 15:15:00,1183.05,1183.6,1172.35,1174.0,4293
2023-09-25 09:15:00,1186.25,1186.25,1171.05,1178.7,2608
2023-09-25 10:15:00,1177.3,1182.4,1176.1,1182.3,3543
2023-09-25 11:15:00,1180.3,1180.3,1176.3,1177.5,582
2023-09-25 12:15:00,1177.65,1179.45,1176.5,1177.0,335
2023-09-25 13:15:00,1178.0,1178.4,1176.5,1177.05,312
2023-09-25 14:15:00,1177.55,1179.45,1176.5,1177.55,974
2023-09-25 15:15:00,1177.4,1184.95,1173.45,1183.95,2188
2023-09-26 09:15:00,1184.0,1184.0,1176.0,1179.55,1317
2023-09-26 10:15:00,1179.65,1183.9,1177.55,1181.45,1097
2023-09-26 11:15:00,1180.35,1182.35,1179.2,1181.85,293
2023-09-26 12:15:00,1181.85,1181.85,1179.55,1179.75,425
2023-09-26 13:15:00,1181.0,1184.95,1180.05,1180.55,839
2023-09-26 14:15:00,1180.55,1181.55,1178.1,1179.7,613
2023-09-26 15:15:00,1178.7,1178.9,1175.1,1175.1,1298
2023-09-27 09:15:00,1183.05,1183.05,1163.05,1163.25,4264
2023-09-27 10:15:00,1164.75,1167.5,1163.15,1166.25,917
2023-09-27 11:15:00,1165.35,1172.8,1165.2,1171.1,1215
2023-09-27 12:15:00,1171.0,1173.95,1170.55,1173.3,569
2023-09-27 13:15:00,1173.35,1173.8,1170.05,1171.55,519
2023-09-27 14:15:00,1174.0,1178.0,1172.05,1177.7,1248
2023-09-27 15:15:00,1177.65,1177.65,1165.05,1167.95,1415
2023-09-28 09:15:00,1178.8,1178.8,1166.1,1171.65,1349
2023-09-28 10:15:00,1170.75,1174.8,1170.05,1173.2,568
2023-09-28 11:15:00,1172.15,1172.15,1155.9,1159.05,4206
2023-09-28 12:15:00,1159.55,1162.0,1155.35,1155.65,1189
2023-09-28 13:15:00,1155.4,1160.85,1155.4,1158.65,979
2023-09-28 14:15:00,1158.65,1160.0,1150.0,1151.35,3412
2023-09-28 15:15:00,1150.4,1152.0,1123.25,1140.0,7522
2023-09-29 09:15:00,1141.5,1143.95,1130.0,1131.15,4893
2023-09-29 10:15:00,1130.0,1139.4,1130.0,1136.35,2534
2023-09-29 11:15:00,1137.75,1144.0,1135.5,1139.25,1883
2023-09-29 12:15:00,1139.7,1145.0,1137.0,1145.0,2094
2023-09-29 13:15:00,1145.0,1145.75,1142.4,1144.95,965
2023-09-29 14:15:00,1144.95,1145.75,1135.0,1144.25,3268
2023-09-29 15:15:00,1145.75,1176.6,1137.15,1155.0,6252
2023-10-03 09:15:00,1153.1,1153.15,1141.05,1142.5,1520
2023-10-03 10:15:00,1143.6,1144.7,1142.25,1144.45,689
2023-10-03 11:15:00,1144.55,1147.3,1139.5,1142.3,1986
2023-10-03 12:15:00,1143.95,1147.35,1137.2,1137.2,1240
2023-10-03 13:15:00,1137.55,1137.55,1131.25,1136.25,1698
2023-10-03 14:15:00,1136.05,1136.4,1133.05,1133.9,575
2023-10-03 15:15:00,1133.9,1133.9,1130.0,1131.0,1831
2023-10-04 09:15:00,1137.5,1167.6,1137.5,1148.0,8287
2023-10-04 10:15:00,1148.1,1155.0,1147.65,1150.35,2164
2023-10-04 11:15:00,1152.15,1154.0,1148.9,1150.65,1661
2023-10-04 12:15:00,1150.95,1152.5,1146.05,1146.05,995
2023-10-04 13:15:00,1146.05,1147.0,1143.05,1145.05,1027
2023-10-04 14:15:00,1145.05,1158.95,1144.75,1150.3,2480
2023-10-04 15:15:00,1150.3,1159.95,1145.05,1150.0,3652
2023-10-05 09:15:00,1150.0,1151.9,1141.0,1144.3,5593
2023-10-05 10:15:00,1142.7,1146.3,1141.05,1145.55,834
2023-10-05 11:15:00,1147.1,1148.3,1130.0,1134.65,5484
2023-10-05 12:15:00,1136.35,1136.5,1132.05,1133.9,901
2023-10-05 13:15:00,1133.9,1133.9,1125.1,1127.4,1598
2023-10-05 14:15:00,1126.05,1130.3,1125.0,1126.5,1141
2023-10-05 15:15:00,1127.9,1127.9,1106.0,1110.0,5142
2023-10-06 09:15:00,1130.15,1153.35,1125.0,1145.15,12220
2023-10-06 10:15:00,1145.05,1149.0,1141.9,1143.6,2551
2023-10-06 11:15:00,1144.0,1151.3,1142.15,1146.85,6079
2023-10-06 12:15:00,1146.7,1148.6,1142.0,1145.0,1082
2023-10-06 13:15:00,1145.55,1149.8,1143.3,1148.85,617
2023-10-06 14:15:00,1149.6,1151.4,1145.15,1150.25,6481
2023-10-06 15:15:00,1150.15,1152.9,1150.0,1150.0,3619
2023-10-09 09:15:00,1151.75,1151.75,1137.0,1143.55,2458
2023-10-09 10:15:00,1142.05,1144.3,1142.05,1142.05,526
2023-10-09 11:15:00,1142.05,1142.05,1138.0,1138.0,735
2023-10-09 12:15:00,1138.0,1139.7,1137.05,1137.05,1069
2023-10-09 13:15:00,1137.05,1141.8,1137.0,1137.4,1049
2023-10-09 14:15:00,1138.5,1140.7,1137.15,1137.65,1371
2023-10-09 15:15:00,1139.8,1139.9,1126.25,1129.0,856
2023-10-10 09:15:00,1137.0,1142.8,1126.8,1135.25,1258
2023-10-10 10:15:00,1137.3,1143.6,1137.3,1139.65,994
2023-10-10 11:15:00,1140.65,1155.0,1138.35,1150.0,2791
2023-10-10 12:15:00,1150.6,1157.85,1149.65,1154.15,3157
2023-10-10 13:15:00,1154.15,1155.85,1154.1,1154.2,3033
2023-10-10 14:15:00,1155.2,1158.2,1153.0,1155.0,2659
2023-10-10 15:15:00,1158.35,1158.35,1147.0,1147.0,2257
2023-10-11 09:15:00,1147.7,1153.55,1144.2,1150.95,2837
2023-10-11 10:15:00,1150.95,1153.0,1146.35,1147.0,699
2023-10-11 11:15:00,1148.45,1151.5,1147.0,1148.0,331
2023-10-11 12:15:00,1147.0,1148.15,1145.25,1146.25,414
2023-10-11 13:15:00,1146.25,1150.05,1145.25,1146.05,292
2023-10-11 14:15:00,1148.15,1155.0,1145.3,1152.05,873
2023-10-11 15:15:00,1151.55,1151.6,1140.3,1140.35,1053
2023-10-12 09:15:00,1148.35,1148.35,1142.35,1144.25,565
2023-10-12 10:15:00,1147.3,1147.3,1144.35,1144.35,959
2023-10-12 11:15:00,1143.75,1145.35,1140.15,1142.5,274
2023-10-12 12:15:00,1144.75,1145.15,1142.55,1144.75,286
2023-10-12 13:15:00,1143.05,1153.25,1143.05,1150.0,2695
2023-10-12 14:15:00,1153.15,1158.0,1151.35,1156.0,2921
2023-10-12 15:15:00,1156.0,1157.95,1152.5,1157.0,689
2023-10-13 09:15:00,1158.0,1158.0,1143.3,1143.35,3769
2023-10-13 10:15:00,1144.55,1146.3,1133.25,1136.2,2758
2023-10-13 11:15:00,1136.55,1139.7,1134.1,1134.1,1434
2023-10-13 12:15:00,1134.1,1135.25,1128.05,1129.75,2793
2023-10-13 13:15:00,1128.15,1134.4,1128.1,1131.1,2913
2023-10-13 14:15:00,1133.85,1142.95,1128.15,1130.0,6077
2023-10-13 15:15:00,1130.05,1139.0,1126.05,1128.05,2524
2023-10-16 09:15:00,1131.95,1136.45,1120.65,1126.0,6369
2023-10-16 10:15:00,1127.5,1127.5,1123.4,1125.45,1041
2023-10-16 11:15:00,1128.0,1130.0,1124.15,1125.0,795
2023-10-16 12:15:00,1126.25,1126.25,1122.0,1122.0,1169
2023-10-16 13:15:00,1122.0,1123.85,1121.25,1122.3,446
2023-10-16 14:15:00,1123.6,1143.75,1121.5,1122.6,4007
2023-10-16 15:15:00,1122.45,1122.95,1099.0,1100.1,8801
2023-10-17 09:15:00,1115.9,1134.45,1115.9,1123.55,6141
2023-10-17 10:15:00,1123.55,1125.85,1120.25,1122.1,2173
2023-10-17 11:15:00,1122.1,1127.65,1116.75,1120.65,4710
2023-10-17 12:15:00,1122.6,1123.5,1117.2,1123.5,2655
2023-10-17 13:15:00,1122.3,1125.5,1121.3,1123.05,1931
2023-10-17 14:15:00,1123.05,1129.65,1123.05,1127.75,19273
2023-10-17 15:15:00,1129.85,1130.0,1125.05,1126.0,2754
2023-10-18 09:15:00,1131.85,1137.3,1129.7,1134.4,4241
2023-10-18 10:15:00,1134.35,1139.45,1132.15,1132.15,7341
2023-10-18 11:15:00,1132.15,1134.75,1130.1,1130.1,959
2023-10-18 12:15:00,1130.1,1133.95,1127.65,1132.05,1530
2023-10-18 13:15:00,1132.2,1138.0,1131.65,1134.0,2828
2023-10-18 14:15:00,1134.6,1135.25,1132.7,1133.05,1078
2023-10-18 15:15:00,1135.0,1136.45,1130.0,1133.0,1344
2023-10-19 09:15:00,1138.95,1139.2,1122.9,1137.55,2084
2023-10-19 10:15:00,1134.15,1137.5,1132.0,1133.45,2127
2023-10-19 11:15:00,1132.0,1135.0,1132.0,1133.05,15590
2023-10-19 12:15:00,1133.05,1138.1,1133.0,1138.1,1197
2023-10-19 13:15:00,1135.05,1141.85,1135.05,1136.6,1467
2023-10-19 14:15:00,1135.05,1139.95,1134.95,1138.2,1335
2023-10-19 15:15:00,1138.55,1144.15,1132.1,1133.0,2052
2023-10-20 09:15:00,1150.2,1154.9,1135.0,1146.95,30619
2023-10-20 10:15:00,1146.05,1148.5,1140.0,1142.35,8702
2023-10-20 11:15:00,1142.25,1142.6,1137.85,1141.75,9063
2023-10-20 12:15:00,1140.1,1142.1,1126.0,1131.4,16492
2023-10-20 13:15:00,1131.4,1135.0,1130.0,1132.95,6001
2023-10-20 14:15:00,1132.75,1138.45,1130.0,1132.05,6766
2023-10-20 15:15:00,1132.1,1140.25,1130.05,1139.9,2212
2023-10-23 09:15:00,1139.0,1139.0,1130.0,1135.0,5562
2023-10-23 10:15:00,1135.0,1135.0,1126.55,1129.1,2590
2023-10-23 11:15:00,1128.05,1129.75,1126.0,1127.0,1557
2023-10-23 12:15:00,1127.6,1133.6,1127.0,1133.4,11098
2023-10-23 13:15:00,1133.4,1135.0,1132.0,1132.55,1553
2023-10-23 14:15:00,1133.9,1137.85,1131.0,1132.0,15603
2023-10-23 15:15:00,1132.95,1133.2,1128.0,1133.0,7194
2023-10-25 09:15:00,1132.05,1134.8,1128.0,1130.9,2130
2023-10-25 10:15:00,1131.45,1133.8,1130.55,1133.6,1616
2023-10-25 11:15:00,1133.35,1133.4,1127.4,1129.85,1456
2023-10-25 12:15:00,1128.45,1129.85,1120.1,1120.1,11419
2023-10-25 13:15:00,1120.0,1128.95,1120.0,1126.0,8318
2023-10-25 14:15:00,1126.0,1133.1,1123.05,1125.75,8266
2023-10-25 15:15:00,1125.05,1134.9,1125.05,1126.5,1968
2023-10-26 09:15:00,1117.2,1130.75,1105.0,1112.05,9628
2023-10-26 10:15:00,1111.8,1112.5,1109.1,1111.35,669
2023-10-26 11:15:00,1111.25,1119.15,1110.0,1112.45,964
2023-10-26 12:15:00,1112.9,1117.45,1109.65,1112.45,1473
2023-10-26 13:15:00,1111.95,1119.8,1106.1,1118.85,3721
2023-10-26 14:15:00,1118.8,1158.9,1116.2,1135.5,15141
2023-10-26 15:15:00,1135.5,1145.0,1130.15,1132.8,2755
2023-10-27 09:15:00,1146.35,1146.35,1126.1,1134.55,4502
2023-10-27 10:15:00,1135.8,1137.8,1130.1,1130.15,1389
2023-10-27 11:15:00,1130.1,1152.65,1130.1,1152.65,7081
2023-10-27 12:15:00,1152.8,1152.8,1147.7,1150.0,5050
2023-10-27 13:15:00,1150.0,1153.95,1148.4,1151.9,8050
2023-10-27 14:15:00,1152.55,1153.25,1148.25,1150.85,2602
2023-10-27 15:15:00,1151.0,1153.2,1148.25,1151.0,2533
2023-10-30 09:15:00,1157.1,1157.1,1120.6,1137.1,6179
2023-10-30 10:15:00,1137.25,1139.65,1130.3,1132.6,5092
2023-10-30 11:15:00,1131.2,1136.3,1125.9,1134.15,4984
2023-10-30 12:15:00,1134.15,1135.8,1129.5,1131.9,2137
2023-10-30 13:15:00,1131.6,1134.45,1129.8,1132.15,1059
2023-10-30 14:15:00,1133.4,1135.0,1128.05,1132.45,12664
2023-10-30 15:15:00,1132.4,1138.45,1125.3,1126.0,3041
2023-10-31 09:15:00,1138.0,1138.0,1122.4,1125.2,2052
2023-10-31 10:15:00,1126.0,1126.0,1122.05,1123.95,676
2023-10-31 11:15:00,1125.6,1127.75,1121.3,1125.4,601
2023-10-31 12:15:00,1127.3,1134.3,1124.0,1125.0,706
2023-10-31 13:15:00,1126.95,1127.2,1120.5,1122.3,1716
2023-10-31 14:15:00,1122.3,1135.0,1121.05,1133.95,1713
2023-10-31 15:15:00,1131.75,1133.75,1121.3,1121.3,811
2023-11-01 09:15:00,1121.35,1133.15,1116.05,1125.15,2359
2023-11-01 10:15:00,1125.6,1130.0,1125.0,1128.5,935
2023-11-01 11:15:00,1128.1,1129.9,1125.1,1127.55,962
2023-11-01 12:15:00,1129.55,1130.95,1126.5,1129.7,811
2023-11-01 13:15:00,1128.1,1132.0,1126.5,1127.95,742
2023-11-01 14:15:00,1126.5,1130.35,1121.0,1128.9,2969
2023-11-01 15:15:00,1128.95,1134.0,1124.15,1129.5,2847
2023-11-02 09:15:00,1130.0,1130.0,1121.3,1122.15,4085
2023-11-02 10:15:00,1122.15,1125.0,1122.05,1123.05,571
2023-11-02 11:15:00,1123.05,1123.05,1116.7,1117.5,1217
2023-11-02 12:15:00,1117.25,1120.0,1111.0,1111.3,2551
2023-11-02 13:15:00,1111.4,1113.35,1106.85,1107.6,2418
2023-11-02 14:15:00,1107.5,1109.25,1100.0,1102.25,2772
2023-11-02 15:15:00,1102.25,1103.0,1099.0,1101.0,1701
2023-11-03 09:15:00,1106.95,1123.55,1092.15,1121.45,7224
2023-11-03 10:15:00,1121.5,1121.8,1110.0,1115.0,5594
2023-11-03 11:15:00,1114.05,1121.0,1114.0,1116.05,5480
2023-11-03 12:15:00,1116.35,1118.65,1115.9,1118.0,825
2023-11-03 13:15:00,1118.0,1119.55,1118.0,1118.25,638
2023-11-03 14:15:00,1118.25,1118.45,1116.6,1118.0,6427
2023-11-03 15:15:00,1118.05,1119.6,1117.0,1119.0,1424
2023-11-06 09:15:00,1120.0,1129.25,1107.9,1111.35,4801
2023-11-06 10:15:00,1110.05,1115.0,1110.05,1111.9,1499
2023-11-06 11:15:00,1111.85,1114.0,1111.05,1111.8,668
2023-11-06 12:15:00,1111.95,1115.0,1111.05,1113.0,1025
2023-11-06 13:15:00,1113.55,1118.0,1112.05,1115.0,1746
2023-11-06 14:15:00,1115.0,1117.5,1111.25,1116.0,3321
2023-11-06 15:15:00,1115.2,1119.0,1115.0,1119.0,1638
2023-11-07 09:15:00,1119.0,1121.7,1113.05,1116.0,3625
2023-11-07 10:15:00,1115.8,1117.85,1115.05,1116.4,1010
2023-11-07 11:15:00,1115.3,1117.25,1114.65,1116.95,1048
2023-11-07 12:15:00,1115.9,1122.55,1115.05,1117.1,2882
2023-11-07 13:15:00,1115.3,1119.4,1113.55,1115.0,2407
2023-11-07 14:15:00,1113.75,1125.55,1113.75,1123.2,8433
2023-11-07 15:15:00,1122.0,1127.0,1115.35,1125.6,2248
2023-11-08 09:15:00,1120.1,1124.95,1115.45,1118.9,2333
2023-11-08 10:15:00,1120.35,1120.95,1115.2,1115.55,1841
2023-11-08 11:15:00,1116.8,1116.8,1113.05,1115.05,622
2023-11-08 12:15:00,1115.05,1115.05,1110.6,1110.9,533
2023-11-08 13:15:00,1111.85,1112.75,1110.05,1110.7,847
2023-11-08 14:15:00,1112.4,1112.45,1094.75,1110.0,8385
2023-11-08 15:15:00,1110.0,1119.2,1108.9,1111.95,4494
2023-11-09 09:15:00,1113.0,1113.4,1105.05,1110.05,3073
2023-11-09 10:15:00,1110.6,1122.0,1110.5,1113.4,1714
2023-11-09 11:15:00,1114.6,1115.8,1110.15,1112.15,905
2023-11-09 12:15:00,1110.6,1113.35,1110.0,1111.45,608
2023-11-09 13:15:00,1111.45,1113.4,1107.45,1113.05,1115
2023-11-09 14:15:00,1113.35,1113.35,1107.05,1112.2,845
2023-11-09 15:15:00,1114.0,1115.0,1107.0,1107.1,1400
2023-11-10 09:15:00,1110.3,1115.9,1105.5,1109.45,667
2023-11-10 10:15:00,1106.7,1109.85,1101.4,1104.45,1089
2023-11-10 11:15:00,1103.5,1104.9,1102.55,1103.75,168
2023-11-10 12:15:00,1103.75,1104.5,1102.95,1103.1,268
2023-11-10 13:15:00,1104.65,1104.65,1102.05,1102.75,506
2023-11-10 14:15:00,1104.35,1110.7,1102.75,1110.7,2461
2023-11-10 15:15:00,1110.7,1110.7,1108.95,1110.0,732
2023-11-12 18:15:00,1125.0,1128.8,1101.0,1101.0,4513
2023-11-13 09:15:00,1124.7,1124.7,1103.05,1108.25,2714
2023-11-13 10:15:00,1107.05,1108.6,1102.5,1106.6,1234
2023-11-13 11:15:00,1106.6,1106.6,1097.1,1100.35,3165
2023-11-13 12:15:00,1101.7,1105.75,1100.2,1103.8,1017
2023-11-13 13:15:00,1106.4,1122.95,1106.4,1120.05,13675
2023-11-13 14:15:00,1121.1,1123.1,1120.0,1123.05,2730
2023-11-13 15:15:00,1121.55,1123.65,1118.0,1120.0,2017
2023-11-15 09:15:00,1121.0,1121.0,1110.1,1112.25,20693
2023-11-15 10:15:00,1112.2,1114.8,1111.1,1112.1,940
2023-11-15 11:15:00,1112.9,1113.75,1112.0,1113.15,155
2023-11-15 12:15:00,1113.05,1113.2,1105.6,1105.6,1897
2023-11-15 13:15:00,1105.6,1108.8,1105.6,1107.0,385
2023-11-15 14:15:00,1107.0,1108.7,1092.65,1095.1,8006
2023-11-15 15:15:00,1095.65,1104.35,1083.55,1103.0,9099
2023-11-16 09:15:00,1100.15,1112.85,1100.15,1109.65,3210
2023-11-16 10:15:00,1109.85,1110.7,1103.55,1106.5,2080
2023-11-16 11:15:00,1105.05,1108.35,1103.0,1103.0,1271
2023-11-16 12:15:00,1104.1,1105.9,1102.05,1103.85,1673
2023-11-16 13:15:00,1102.1,1105.2,1100.45,1103.1,1620
2023-11-16 14:15:00,1102.5,1105.45,1099.0,1103.35,2710
2023-11-16 15:15:00,1101.55,1104.95,1100.25,1102.0,2104
2023-11-17 09:15:00,1104.7,1108.95,1102.15,1104.25,3734
2023-11-17 10:15:00,1103.2,1105.45,1102.15,1103.6,1596
2023-11-17 11:15:00,1103.6,1105.85,1103.2,1104.0,2044
2023-11-17 12:15:00,1104.05,1105.9,1102.95,1105.35,1240
2023-11-17 13:15:00,1103.55,1105.85,1102.85,1104.0,680
2023-11-17 14:15:00,1104.0,1105.0,1104.0,1104.7,1540
2023-11-17 15:15:00,1104.0,1105.9,1104.0,1104.35,1533
2023-11-20 09:15:00,1110.1,1110.1,1101.7,1106.0,1240
2023-11-20 10:15:00,1104.85,1106.8,1095.55,1098.0,3713
2023-11-20 11:15:00,1098.0,1104.7,1098.0,1100.55,2099
2023-11-20 12:15:00,1100.55,1102.1,1100.0,1100.1,712
2023-11-20 13:15:00,1101.85,1111.0,1100.0,1107.6,1633
2023-11-20 14:15:00,1106.3,1107.85,1103.7,1104.6,1928
2023-11-20 15:15:00,1105.45,1105.45,1100.0,1100.05,1305
2023-11-21 09:15:00,1108.3,1108.3,1100.1,1105.6,3019
2023-11-21 10:15:00,1106.15,1106.2,1102.15,1104.05,1160
2023-11-21 11:15:00,1103.85,1106.25,1100.05,1103.7,877
2023-11-21 12:15:00,1103.55,1105.85,1103.0,1105.85,315
2023-11-21 13:15:00,1104.2,1104.95,1102.2,1103.8,277
2023-11-21 14:15:00,1104.05,1107.9,1104.0,1104.1,741
2023-11-21 15:15:00,1104.05,1106.9,1104.0,1104.0,2268
2023-11-22 09:15:00,1104.9,1106.95,1095.45,1096.8,1837
2023-11-22 10:15:00,1096.8,1097.15,1095.1,1096.0,406
2023-11-22 11:15:00,1096.0,1096.65,1084.55,1088.1,3248
2023-11-22 12:15:00,1087.25,1090.6,1085.3,1089.15,1822
2023-11-22 13:15:00,1089.0,1091.1,1086.05,1090.9,380
2023-11-22 14:15:00,1090.9,1091.25,1083.95,1089.4,6099
2023-11-22 15:15:00,1090.0,1091.15,1084.6,1090.25,3281
2023-11-23 09:15:00,1085.0,1093.4,1081.6,1089.1,2127
2023-11-23 10:15:00,1089.1,1089.15,1082.3,1088.75,1610
2023-11-23 11:15:00,1088.9,1089.95,1086.65,1088.65,241
2023-11-23 12:15:00,1090.0,1090.05,1086.0,1088.2,623
2023-11-23 13:15:00,1085.15,1092.6,1084.0,1088.1,646
2023-11-23 14:15:00,1092.55,1092.55,1084.3,1091.35,1033
2023-11-23 15:15:00,1088.0,1091.3,1086.35,1091.3,967
2023-11-24 09:15:00,1094.45,1094.45,1082.1,1087.8,2558
2023-11-24 10:15:00,1088.0,1090.7,1085.9,1090.0,1860
2023-11-24 11:15:00,1090.0,1091.75,1088.65,1088.65,320
2023-11-24 12:15:00,1087.0,1091.8,1085.3,1091.15,3347
2023-11-24 13:15:00,1091.0,1091.45,1089.5,1090.0,463
2023-11-24 14:15:00,1090.2,1091.45,1089.5,1090.0,1027
2023-11-24 15:15:00,1091.0,1096.9,1089.5,1090.0,1492
2023-11-28 09:15:00,1086.0,1087.7,1070.3,1082.75,3357
2023-11-28 10:15:00,1081.25,1093.65,1081.25,1092.4,1994
2023-11-28 11:15:00,1091.05,1095.0,1085.05,1090.45,2155
2023-11-28 12:15:00,1089.1,1093.9,1087.15,1089.05,715
2023-11-28 13:15:00,1087.35,1090.7,1087.1,1089.7,588
2023-11-28 14:15:00,1088.15,1094.85,1087.8,1093.95,854
2023-11-28 15:15:00,1091.9,1094.55,1088.1,1094.25,1124
2023-11-29 09:15:00,1098.15,1098.15,1085.3,1087.85,1027
2023-11-29 10:15:00,1088.0,1090.85,1085.3,1089.15,1283
2023-11-29 11:15:00,1088.05,1090.0,1086.95,1090.0,595
2023-11-29 12:15:00,1088.55,1089.4,1086.0,1086.25,1521
2023-11-29 13:15:00,1087.8,1088.8,1085.5,1086.85,662
2023-11-29 14:15:00,1087.9,1088.85,1074.0,1081.1,11053
2023-11-29 15:15:00,1081.75,1091.0,1077.7,1091.0,5676
2023-11-30 09:15:00,1090.3,1090.95,1081.05,1090.05,2550
2023-11-30 10:15:00,1090.05,1092.0,1082.3,1086.05,1395
2023-11-30 11:15:00,1086.2,1090.15,1085.0,1090.0,405
2023-11-30 12:15:00,1090.0,1090.5,1085.35,1088.2,489
2023-11-30 13:15:00,1086.9,1092.0,1086.9,1092.0,803
2023-11-30 14:15:00,1090.0,1092.95,1089.6,1089.9,239
2023-11-30 15:15:00,1091.8,1092.0,1089.0,1090.0,1695
2023-12-01 09:15:00,1095.3,1095.3,1081.3,1087.85,3659
2023-12-01 10:15:00,1087.0,1092.7,1084.0,1084.0,3736
2023-12-01 11:15:00,1085.2,1092.3,1083.55,1091.4,6595
2023-12-01 12:15:00,1091.15,1092.75,1088.55,1090.75,3150
2023-12-01 13:15:00,1090.0,1092.0,1086.3,1087.45,3193
2023-12-01 14:15:00,1085.75,1091.2,1085.3,1090.0,4914
2023-12-01 15:15:00,1088.3,1093.3,1086.1,1093.3,3754
2023-12-04 09:15:00,1096.3,1096.3,1078.0,1092.35,7316
2023-12-04 10:15:00,1093.9,1093.9,1085.1,1086.5,1181
2023-12-04 11:15:00,1085.55,1087.85,1081.3,1082.85,1164
2023-12-04 12:15:00,1081.35,1083.1,1077.05,1080.05,3897
2023-12-04 13:15:00,1082.45,1084.1,1080.0,1081.85,916
2023-12-04 14:15:00,1080.4,1086.0,1078.0,1082.9,3073
2023-12-04 15:15:00,1081.1,1084.0,1075.95,1084.0,3110
2023-12-05 09:15:00,1089.0,1089.0,1073.0,1074.85,4274
2023-12-05 10:15:00,1074.05,1093.0,1072.0,1087.8,6033
2023-12-05 11:15:00,1086.35,1088.4,1081.3,1084.85,2246
2023-12-05 12:15:00,1084.0,1087.45,1082.05,1083.3,1695
2023-12-05 13:15:00,1084.2,1089.4,1081.4,1085.9,2355
2023-12-05 14:15:00,1084.85,1086.35,1081.0,1083.0,3344
2023-12-05 15:15:00,1083.0,1095.0,1081.5,1095.0,7405
2023-12-06 09:15:00,1088.2,1090.0,1078.0,1078.0,3572
2023-12-06 10:15:00,1078.05,1081.35,1073.1,1073.2,2719
2023-12-06 11:15:00,1074.5,1095.0,1073.15,1091.6,13478
2023-12-06 12:15:00,1091.6,1103.75,1089.45,1102.5,9081
2023-12-06 13:15:00,1102.5,1107.0,1102.0,1105.0,3717
2023-12-06 14:15:00,1105.0,1106.9,1085.55,1090.3,4505
2023-12-06 15:15:00,1091.7,1098.9,1085.3,1098.9,2012
2023-12-07 09:15:00,1089.15,1089.15,1078.0,1080.3,3805
2023-12-07 10:15:00,1080.4,1089.3,1080.4,1083.95,2281
2023-12-07 11:15:00,1082.55,1085.65,1079.2,1082.45,3833
2023-12-07 12:15:00,1081.7,1083.6,1080.35,1082.15,1071
2023-12-07 13:15:00,1081.8,1083.75,1080.1,1082.3,1524
2023-12-07 14:15:00,1082.3,1083.75,1080.0,1081.2,2747
2023-12-07 15:15:00,1080.1,1084.9,1080.0,1084.8,2376
2023-12-08 09:15:00,1081.25,1086.65,1076.0,1076.65,2736
2023-12-08 10:15:00,1076.0,1082.9,1076.0,1077.55,2217
2023-12-08 11:15:00,1077.55,1079.65,1076.35,1077.7,1910
2023-12-08 12:15:00,1077.7,1078.65,1076.0,1077.8,760
2023-12-08 13:15:00,1076.2,1093.35,1075.2,1082.5,36387
2023-12-08 14:15:00,1083.7,1084.25,1077.0,1080.0,3298
2023-12-08 15:15:00,1078.85,1085.7,1077.15,1081.0,2924
2023-12-11 09:15:00,1085.2,1085.2,1072.65,1074.2,1970
2023-12-11 10:15:00,1075.45,1077.15,1071.05,1074.95,2882
2023-12-11 11:15:00,1074.0,1080.25,1074.0,1079.95,697
2023-12-11 12:15:00,1080.0,1081.5,1079.05,1080.55,445
2023-12-11 13:15:00,1080.5,1081.5,1078.0,1079.1,880
2023-12-11 14:15:00,1078.2,1079.8,1074.0,1074.6,1992
2023-12-11 15:15:00,1076.05,1076.4,1071.0,1076.0,1622
2023-12-12 09:15:00,1084.65,1084.9,1071.55,1074.0,2796
2023-12-12 10:15:00,1073.5,1074.95,1072.0,1074.15,854
2023-12-12 11:15:00,1073.15,1075.45,1071.3,1073.0,751
2023-12-12 12:15:00,1073.0,1074.9,1072.0,1072.75,620
2023-12-12 13:15:00,1072.75,1074.9,1072.0,1073.25,638
2023-12-12 14:15:00,1073.1,1074.85,1072.05,1073.05,1450
2023-12-12 15:15:00,1073.0,1075.35,1070.0,1070.0,836
2023-12-13 09:15:00,1077.45,1077.45,1066.35,1072.15,4054
2023-12-13 10:15:00,1073.0,1073.0,1069.85,1070.4,694
2023-12-13 11:15:00,1070.35,1072.05,1070.0,1070.2,377
2023-12-13 12:15:00,1070.1,1073.9,1070.05,1072.65,619
2023-12-13 13:15:00,1071.1,1072.95,1070.05,1071.95,827
2023-12-13 14:15:00,1071.0,1073.95,1070.05,1071.2,827
2023-12-13 15:15:00,1070.4,1075.0,1067.0,1067.0,2181
2023-12-14 09:15:00,1072.0,1075.0,1068.85,1070.95,3611
2023-12-14 10:15:00,1070.0,1071.55,1070.0,1070.55,738
2023-12-14 11:15:00,1070.55,1072.1,1069.6,1070.5,1869
2023-12-14 12:15:00,1070.5,1071.4,1068.2,1070.0,4979
2023-12-14 13:15:00,1070.0,1071.35,1069.5,1070.15,1100
2023-12-14 14:15:00,1070.15,1071.4,1068.75,1068.8,1535
2023-12-14 15:15:00,1068.85,1072.0,1068.85,1070.5,1245
2023-12-15 09:15:00,1070.55,1076.45,1068.75,1070.95,2598
2023-12-15 10:15:00,1071.65,1073.2,1068.75,1072.95,1688
2023-12-15 11:15:00,1072.55,1072.55,1070.0,1071.5,605
2023-12-15 12:15:00,1071.3,1071.65,1070.0,1070.05,456
2023-12-15 13:15:00,1070.0,1072.45,1069.75,1072.0,1694
2023-12-15 14:15:00,1072.0,1072.95,1070.85,1071.0,691
2023-12-15 15:15:00,1071.0,1073.0,1070.0,1073.0,1205
2023-12-18 09:15:00,1076.7,1076.7,1069.5,1071.1,1390
2023-12-18 10:15:00,1071.1,1075.0,1069.0,1074.9,4566
2023-12-18 11:15:00,1073.75,1075.4,1072.7,1074.55,1073
2023-12-18 12:15:00,1073.5,1075.0,1073.5,1074.95,717
2023-12-18 13:15:00,1073.85,1075.3,1073.85,1074.9,295
2023-12-18 14:15:00,1074.1,1082.3,1073.85,1079.95,4905
2023-12-18 15:15:00,1082.0,1084.5,1080.0,1080.0,1990
2023-12-19 09:15:00,1079.7,1080.7,1074.4,1076.35,1067
2023-12-19 10:15:00,1076.75,1079.0,1071.3,1072.95,1873
2023-12-19 11:15:00,1072.95,1074.85,1070.5,1074.85,971
2023-12-19 12:15:00,1074.85,1076.95,1073.15,1073.15,2147
2023-12-19 13:15:00,1074.05,1081.65,1074.0,1081.35,2623
2023-12-19 14:15:00,1080.0,1106.8,1080.0,1080.35,13918
2023-12-19 15:15:00,1082.0,1082.9,1071.05,1079.65,3402
2023-12-20 09:15:00,1084.7,1151.75,1074.95,1134.9,65626
2023-12-20 10:15:00,1132.5,1149.0,1132.5,1138.4,39529
2023-12-20 11:15:00,1139.85,1142.0,1130.65,1135.35,17148
2023-12-20 12:15:00,1136.3,1138.2,1133.4,1135.0,6376
2023-12-20 13:15:00,1135.0,1136.0,1115.0,1120.15,25665
2023-12-20 14:15:00,1121.8,1127.9,1110.0,1118.0,18249
2023-12-20 15:15:00,1118.0,1143.15,1113.05,1138.0,9621
2023-12-21 09:15:00,1123.7,1138.4,1110.05,1134.8,16742
2023-12-21 10:15:00,1133.25,1136.1,1120.2,1131.8,10147
2023-12-21 11:15:00,1132.0,1139.7,1125.15,1139.2,5640
2023-12-21 12:15:00,1139.4,1144.2,1134.65,1140.0,9542
2023-12-21 13:15:00,1140.05,1147.9,1119.95,1123.1,12742
2023-12-21 14:15:00,1122.0,1128.0,1111.0,1112.45,7058
2023-12-21 15:15:00,1112.45,1114.0,1104.0,1108.0,4684
2023-12-22 09:15:00,1111.8,1119.95,1095.5,1096.8,9695
2023-12-22 10:15:00,1098.25,1101.6,1093.6,1094.4,6862
2023-12-22 11:15:00,1095.75,1097.9,1094.0,1095.95,1909
2023-12-22 12:15:00,1097.0,1100.0,1090.05,1097.1,2977
2023-12-22 13:15:00,1096.75,1102.5,1094.25,1100.15,4085
2023-12-22 14:15:00,1100.1,1105.85,1095.35,1099.95,5050
2023-12-22 15:15:00,1102.2,1102.8,1097.1,1100.0,4042
2023-12-26 09:15:00,1112.35,1112.6,1097.35,1101.5,4685
2023-12-26 10:15:00,1103.2,1106.9,1101.2,1102.65,1507
2023-12-26 11:15:00,1102.3,1103.85,1100.4,1101.7,977
2023-12-26 12:15:00,1101.5,1103.65,1100.1,1100.55,1426
2023-12-26 13:15:00,1101.05,1104.2,1100.0,1102.1,1363
2023-12-26 14:15:00,1101.15,1102.65,1084.45,1086.45,9080
2023-12-26 15:15:00,1085.05,1087.0,1080.5,1084.0,5394
2023-12-27 09:15:00,1085.5,1094.4,1085.5,1090.8,4073
2023-12-27 10:15:00,1090.5,1092.0,1081.0,1083.85,3548
2023-12-27 11:15:00,1084.0,1085.5,1081.0,1082.0,1041
2023-12-27 12:15:00,1082.05,1084.9,1077.1,1082.45,3117
2023-12-27 13:15:00,1082.3,1084.5,1082.0,1082.55,2099
2023-12-27 14:15:00,1082.15,1087.0,1081.75,1085.0,2668
2023-12-27 15:15:00,1085.0,1088.95,1085.0,1088.95,1548
2023-12-28 09:15:00,1088.95,1115.0,1085.0,1098.05,8945
2023-12-28 10:15:00,1096.45,1100.75,1093.1,1100.75,1726
2023-12-28 11:15:00,1100.55,1101.7,1097.25,1100.75,3175
2023-12-28 12:15:00,1100.0,1101.95,1096.7,1100.0,1919
2023-12-28 13:15:00,1100.0,1101.75,1098.95,1101.0,1449
2023-12-28 14:15:00,1101.1,1104.0,1100.0,1101.95,2235
2023-12-28 15:15:00,1100.05,1103.15,1100.0,1101.0,1481
2023-12-29 09:15:00,1106.2,1113.9,1101.85,1111.65,10516
2023-12-29 10:15:00,1110.0,1137.3,1110.0,1127.1,14257
2023-12-29 11:15:00,1125.45,1132.0,1124.95,1130.45,3291
2023-12-29 12:15:00,1129.95,1142.0,1127.1,1140.0,9221
2023-12-29 13:15:00,1140.25,1141.4,1135.2,1139.05,5007
2023-12-29 14:15:00,1139.25,1140.0,1137.0,1139.6,7187
2023-12-29 15:15:00,1138.0,1139.95,1133.3,1134.4,6920
2024-01-01 09:15:00,1149.95,1151.75,1140.9,1145.6,8151
2024-01-01 10:15:00,1146.05,1147.95,1144.3,1146.65,2777
2024-01-01 11:15:00,1146.65,1147.0,1142.05,1145.05,2515
2024-01-01 12:15:00,1143.55,1146.7,1143.0,1145.3,2208
2024-01-01 13:15:00,1146.75,1147.0,1145.55,1145.55,1474
2024-01-01 14:15:00,1145.55,1147.0,1143.85,1145.0,2394
2024-01-01 15:15:00,1145.0,1146.5,1143.0,1143.0,1107
2024-01-02 09:15:00,1148.0,1148.0,1123.1,1125.0,5273
2024-01-02 10:15:00,1127.55,1127.9,1105.65,1119.7,5205
2024-01-02 11:15:00,1118.45,1130.6,1118.45,1130.25,868
2024-01-02 12:15:00,1130.0,1130.0,1118.5,1118.5,677
2024-01-02 13:15:00,1119.4,1125.35,1117.85,1122.45,445
2024-01-02 14:15:00,1122.5,1125.45,1118.0,1120.05,1383
2024-01-02 15:15:00,1121.25,1129.95,1119.0,1121.0,1100
2024-01-03 09:15:00,1131.0,1131.0,1115.0,1119.5,1441
2024-01-03 10:15:00,1122.85,1123.45,1114.25,1118.15,1302
2024-01-03 11:15:00,1118.15,1125.5,1118.0,1118.15,5377
2024-01-03 12:15:00,1119.9,1119.9,1112.8,1116.75,1157
2024-01-03 13:15:00,1116.75,1116.75,1107.9,1110.3,2098
2024-01-03 14:15:00,1103.05,1106.85,1101.8,1106.0,1964
2024-01-03 15:15:00,1106.85,1106.85,1101.1,1102.2,1152
2024-01-04 09:15:00,1106.25,1118.75,1104.55,1106.75,4383
2024-01-04 10:15:00,1108.45,1111.0,1104.55,1110.85,2867
2024-01-04 11:15:00,1110.0,1110.95,1092.3,1095.0,5316
2024-01-04 12:15:00,1094.65,1103.25,1094.65,1096.0,3561
2024-01-04 13:15:00,1097.05,1100.9,1094.2,1097.85,1176
2024-01-04 14:15:00,1097.0,1097.0,1092.0,1094.9,1998
2024-01-04 15:15:00,1095.4,1095.4,1090.0,1092.05,2669
2024-01-05 09:15:00,1085.2,1119.25,1085.2,1109.45,8966
2024-01-05 10:15:00,1110.0,1119.85,1105.3,1118.0,46452
2024-01-05 11:15:00,1118.0,1119.0,1115.0,1117.05,1672
2024-01-05 12:15:00,1117.85,1118.0,1115.0,1117.45,1433
2024-01-05 13:15:00,1116.4,1117.7,1115.0,1116.95,1089
2024-01-05 14:15:00,1116.4,1119.85,1115.0,1116.1,3059
2024-01-05 15:15:00,1119.85,1120.0,1111.0,1119.0,2355
2024-01-08 09:15:00,1122.2,1139.0,1122.2,1125.0,7369
2024-01-08 10:15:00,1124.4,1124.9,1118.0,1118.85,1659
2024-01-08 11:15:00,1119.05,1129.5,1115.45,1128.7,4316
2024-01-08 12:15:00,1127.4,1132.0,1123.5,1127.15,36108
2024-01-08 13:15:00,1128.15,1142.05,1126.0,1136.0,4728
2024-01-08 14:15:00,1137.25,1139.0,1133.65,1138.2,2347
2024-01-08 15:15:00,1138.0,1139.9,1134.0,1137.0,1917
2024-01-09 09:15:00,1139.8,1148.0,1132.8,1133.0,4528
2024-01-09 10:15:00,1131.0,1136.25,1131.0,1133.4,2752
2024-01-09 11:15:00,1133.25,1134.65,1131.1,1133.4,893
2024-01-09 12:15:00,1134.45,1134.45,1131.2,1131.7,561
2024-01-09 13:15:00,1132.05,1132.05,1127.5,1130.7,1166
2024-01-09 14:15:00,1131.75,1131.75,1122.05,1123.85,2311
2024-01-09 15:15:00,1121.9,1130.5,1112.9,1130.5,3675
2024-01-10 09:15:00,1119.0,1140.05,1119.0,1136.1,4241
2024-01-10 10:15:00,1135.05,1137.05,1130.0,1130.15,1496
2024-01-10 11:15:00,1130.05,1132.75,1130.05,1131.2,447
2024-01-10 12:15:00,1131.85,1131.9,1127.75,1130.0,860
2024-01-10 13:15:00,1128.05,1131.85,1127.75,1131.3,426
2024-01-10 14:15:00,1131.35,1140.0,1129.5,1134.7,4101
2024-01-10 15:15:00,1135.0,1140.0,1131.5,1133.0,1521
2024-01-11 09:15:00,1143.0,1144.95,1133.05,1133.25,1903
2024-01-11 10:15:00,1134.95,1137.0,1132.0,1134.45,2046
2024-01-11 11:15:00,1135.0,1135.0,1131.55,1134.55,1001
2024-01-11 12:15:00,1134.55,1137.4,1132.3,1136.3,1896
2024-01-11 13:15:00,1136.45,1139.05,1133.65,1135.45,985
2024-01-11 14:15:00,1136.35,1144.0,1136.0,1142.5,3073
2024-01-11 15:15:00,1141.0,1141.0,1133.0,1133.0,1841
2024-01-12 09:15:00,1145.0,1145.0,1130.0,1130.3,1456
2024-01-12 10:15:00,1131.2,1135.0,1129.35,1132.9,932
2024-01-12 11:15:00,1131.05,1134.95,1131.05,1132.05,440
2024-01-12 12:15:00,1132.95,1132.95,1112.6,1115.1,5764
2024-01-12 13:15:00,1115.1,1123.05,1100.0,1118.7,11653
2024-01-12 14:15:00,1119.05,1119.45,1107.65,1114.05,5612
2024-01-12 15:15:00,1114.2,1115.0,1110.0,1114.0,3669
2024-01-15 09:15:00,1123.15,1149.0,1120.0,1145.95,10150
2024-01-15 10:15:00,1147.0,1165.25,1143.25,1149.95,11743
2024-01-15 11:15:00,1149.95,1154.95,1144.1,1148.65,19936
2024-01-15 12:15:00,1148.65,1167.0,1148.45,1159.9,14854
2024-01-15 13:15:00,1159.95,1165.0,1157.6,1160.95,6012
2024-01-15 14:15:00,1160.0,1163.0,1152.15,1156.95,5721
2024-01-15 15:15:00,1156.95,1159.0,1151.15,1152.4,2438
2024-01-16 09:15:00,1155.9,1171.45,1151.0,1161.3,7016
2024-01-16 10:15:00,1161.8,1161.95,1155.0,1157.5,1770
2024-01-16 11:15:00,1157.9,1165.0,1151.2,1151.95,2758
2024-01-16 12:15:00,1151.95,1153.3,1146.5,1146.5,1698
2024-01-16 13:15:00,1147.2,1187.95,1143.0,1177.9,17686
2024-01-16 14:15:00,1178.35,1178.35,1168.55,1171.2,4902
2024-01-16 15:15:00,1171.0,1173.55,1167.0,1170.0,2095
2024-01-17 09:15:00,1175.0,1175.0,1152.05,1161.85,5863
2024-01-17 10:15:00,1163.65,1167.15,1155.0,1157.25,1461
2024-01-17 11:15:00,1157.5,1157.9,1147.2,1150.55,3042
2024-01-17 12:15:00,1148.65,1153.0,1148.6,1152.05,1299
2024-01-17 13:15:00,1151.85,1163.0,1150.0,1159.0,2114
2024-01-17 14:15:00,1159.5,1161.75,1155.1,1160.7,2272
2024-01-17 15:15:00,1160.7,1168.95,1150.0,1168.95,2986
2024-01-18 09:15:00,1162.15,1164.0,1142.25,1149.45,4568
2024-01-18 10:15:00,1148.0,1152.65,1147.85,1148.1,835
2024-01-18 11:15:00,1147.8,1153.8,1145.05,1152.8,1466
2024-01-18 12:15:00,1153.2,1153.95,1149.3,1152.2,534
2024-01-18 13:15:00,1152.15,1159.85,1151.35,1159.85,944
2024-01-18 14:15:00,1159.35,1159.35,1152.0,1152.85,1019
2024-01-18 15:15:00,1154.65,1162.6,1150.25,1162.0,2351
2024-01-19 09:15:00,1168.4,1168.4,1154.9,1158.0,2282
2024-01-19 10:15:00,1157.85,1158.0,1153.45,1153.45,1168
2024-01-19 11:15:00,1152.0,1153.45,1147.65,1150.25,2475
2024-01-19 12:15:00,1149.15,1198.0,1138.15,1168.95,67487
2024-01-19 13:15:00,1168.0,1174.45,1125.75,1138.45,53823
2024-01-19 14:15:00,1137.6,1139.85,1125.95,1133.95,48645
2024-01-19 15:15:00,1134.15,1137.8,1130.0,1130.5,4752
2024-01-20 09:15:00,1135.95,1135.95,1107.4,1110.45,9328
2024-01-20 10:15:00,1110.35,1110.85,1104.0,1106.0,2685
2024-01-20 11:15:00,1106.0,1108.7,1101.0,1103.3,4399
2024-01-20 12:15:00,1103.6,1105.0,1095.0,1096.35,5224
2024-01-20 13:15:00,1096.5,1101.0,1094.35,1096.0,1817
2024-01-20 14:15:00,1096.0,1100.8,1095.0,1100.15,6665
2024-01-20 15:15:00,1103.15,1105.0,1095.0,1105.0,2887
2024-01-23 09:15:00,1097.45,1119.6,1090.1,1111.1,11780
2024-01-23 10:15:00,1110.0,1114.45,1109.0,1113.85,5437
2024-01-23 11:15:00,1113.05,1115.45,1100.85,1104.15,4147
2024-01-23 12:15:00,1103.95,1107.6,1100.0,1107.1,4756
2024-01-23 13:15:00,1107.1,1109.7,1105.0,1105.65,3345
2024-01-23 14:15:00,1105.6,1107.9,1104.35,1105.0,6107
2024-01-23 15:15:00,1105.0,1105.8,1102.55,1105.0,3937
2024-01-24 09:15:00,1099.95,1110.45,1093.7,1105.1,4447
2024-01-24 10:15:00,1106.0,1110.45,1105.0,1109.35,1828
2024-01-24 11:15:00,1108.8,1111.8,1105.0,1106.0,3817
2024-01-24 12:15:00,1105.85,1111.4,1105.0,1109.35,3724
2024-01-24 13:15:00,1107.8,1110.6,1105.35,1108.45,2605
2024-01-24 14:15:00,1108.0,1110.85,1105.05,1105.6,1811
2024-01-24 15:15:00,1105.6,1110.0,1104.1,1105.25,1644
2024-01-25 09:15:00,1111.7,1117.45,1105.1,1114.25,3565
2024-01-25 10:15:00,1114.2,1114.7,1110.0,1113.0,1108
2024-01-25 11:15:00,1112.45,1116.0,1112.45,1112.45,1069
2024-01-25 12:15:00,1113.05,1115.95,1110.75,1114.6,1219
2024-01-25 13:15:00,1112.75,1113.9,1110.4,1111.05,195
2024-01-25 14:15:00,1110.1,1113.4,1110.0,1112.1,4087
2024-01-25 15:15:00,1112.15,1112.15,1110.0,1112.15,2177
2024-01-29 09:15:00,1116.4,1120.0,1100.45,1105.55,3415
2024-01-29 10:15:00,1106.85,1109.4,1102.0,1109.4,3378
2024-01-29 11:15:00,1110.0,1117.6,1105.05,1107.7,1954
2024-01-29 12:15:00,1107.0,1108.85,1102.0,1102.0,2339
2024-01-29 13:15:00,1102.0,1105.65,1102.0,1103.5,627
2024-01-29 14:15:00,1104.0,1104.0,1100.0,1100.8,3089
2024-01-29 15:15:00,1100.0,1101.5,1099.4,1101.25,2225
2024-01-30 09:15:00,1101.25,1111.15,1098.25,1101.55,1036
2024-01-30 10:15:00,1102.0,1102.8,1101.0,1101.0,975
2024-01-30 11:15:00,1102.45,1102.45,1100.0,1100.0,1628
2024-01-30 12:15:00,1100.0,1101.4,1100.0,1101.0,1454
2024-01-30 13:15:00,1101.0,1102.0,1100.0,1101.8,2093
2024-01-30 14:15:00,1100.0,1101.35,1095.4,1097.25,2379
2024-01-30 15:15:00,1095.0,1101.1,1095.0,1101.1,1183
2024-01-31 09:15:00,1100.0,1105.0,1098.0,1100.0,2281
2024-01-31 10:15:00,1101.25,1102.35,1099.55,1100.0,1812
2024-01-31 11:15:00,1101.95,1105.45,1099.2,1105.45,4243
2024-01-31 12:15:00,1103.5,1119.0,1103.5,1117.55,6257
2024-01-31 13:15:00,1118.0,1136.0,1117.0,1130.15,6534
2024-01-31 14:15:00,1130.4,1149.0,1130.4,1145.1,11042
2024-01-31 15:15:00,1146.0,1146.15,1132.0,1139.0,1872
2024-02-01 09:15:00,1141.8,1141.8,1120.75,1129.8,1355
2024-02-01 10:15:00,1129.9,1136.45,1125.0,1133.0,1813
2024-02-01 11:15:00,1128.3,1140.7,1125.4,1130.85,5975
2024-02-01 12:15:00,1130.85,1130.85,1125.25,1128.3,289
2024-02-01 13:15:00,1128.0,1131.75,1126.35,1131.45,705
2024-02-01 14:15:00,1131.45,1131.45,1124.15,1125.95,966
2024-02-01 15:15:00,1126.35,1129.9,1124.1,1128.9,733
2024-02-02 09:15:00,1125.0,1145.0,1124.95,1131.95,2117
2024-02-02 10:15:00,1132.0,1136.75,1126.65,1136.75,1467
2024-02-02 11:15:00,1135.0,1135.9,1130.05,1135.0,999
2024-02-02 12:15:00,1134.35,1134.8,1126.8,1130.4,1944
2024-02-02 13:15:00,1129.75,1130.4,1123.5,1127.7,1256
2024-02-02 14:15:00,1125.05,1128.2,1117.25,1119.75,2800
2024-02-02 15:15:00,1118.2,1125.0,1115.0,1125.0,1596
2024-02-05 09:15:00,1123.95,1127.95,1110.0,1113.1,5355
2024-02-05 10:15:00,1113.45,1113.45,1110.0,1112.95,2025
2024-02-05 11:15:00,1112.8,1112.95,1110.0,1110.95,1042
2024-02-05 12:15:00,1110.95,1112.0,1110.0,1111.85,3977
2024-02-05 13:15:00,1111.85,1113.1,1110.0,1112.1,1396
2024-02-05 14:15:00,1111.95,1113.8,1107.05,1110.35,17894
2024-02-05 15:15:00,1110.4,1110.4,1100.2,1110.0,3566
2024-02-06 09:15:00,1113.2,1115.3,1110.5,1111.4,560
2024-02-06 10:15:00,1114.95,1115.0,1110.55,1110.6,1061
2024-02-06 11:15:00,1111.5,1111.85,1100.1,1101.2,3665
2024-02-06 12:15:00,1102.65,1107.2,1102.0,1105.05,2046
2024-02-06 13:15:00,1105.0,1107.95,1105.0,1105.2,1052
2024-02-06 14:15:00,1105.05,1108.0,1105.05,1105.5,1052
2024-02-06 15:15:00,1105.5,1106.0,1102.1,1103.0,980
2024-02-07 09:15:00,1105.8,1110.7,1105.0,1105.05,2355
2024-02-07 10:15:00,1107.5,1107.95,1103.05,1105.15,1413
2024-02-07 11:15:00,1105.1,1106.95,1103.25,1105.05,2124
2024-02-07 12:15:00,1107.0,1108.2,1105.2,1105.55,2532
2024-02-07 13:15:00,1105.6,1113.75,1105.6,1112.3,3838
2024-02-07 14:15:00,1112.3,1117.5,1112.3,1115.8,5033
2024-02-07 15:15:00,1115.05,1120.0,1114.35,1120.0,1635
2024-02-08 09:15:00,1116.1,1124.0,1115.0,1121.9,1327
2024-02-08 10:15:00,1122.2,1123.25,1118.05,1121.8,739
2024-02-08 11:15:00,1121.25,1127.25,1119.55,1125.0,1264
2024-02-08 12:15:00,1125.7,1134.95,1123.4,1130.85,3077
2024-02-08 13:15:00,1129.85,1132.95,1129.25,1129.55,1555
2024-02-08 14:15:00,1130.6,1136.1,1129.3,1135.95,3816
2024-02-08 15:15:00,1134.25,1136.0,1131.0,1136.0,1365
2024-02-09 09:15:00,1136.0,1136.0,1121.05,1123.05,1995
2024-02-09 10:15:00,1124.85,1129.1,1121.1,1123.5,400
2024-02-09 11:15:00,1121.55,1127.1,1121.55,1125.35,537
2024-02-09 12:15:00,1125.1,1133.1,1125.1,1132.2,719
2024-02-09 13:15:00,1132.2,1136.0,1132.0,1136.0,1352
2024-02-09 14:15:00,1135.85,1135.85,1133.0,1133.0,412
2024-02-09 15:15:00,1134.5,1135.0,1125.15,1135.0,837
2024-02-12 09:15:00,1132.85,1146.0,1132.85,1140.4,4069
2024-02-12 10:15:00,1140.4,1155.55,1139.95,1154.05,7193
2024-02-12 11:15:00,1154.7,1156.3,1142.0,1143.05,5482
2024-02-12 12:15:00,1142.25,1145.0,1137.0,1138.9,1930
2024-02-12 13:15:00,1138.05,1139.95,1133.9,1135.1,2084
2024-02-12 14:15:00,1135.1,1136.35,1127.15,1128.15,3920
2024-02-12 15:15:00,1128.6,1133.5,1125.3,1133.0,2914
2024-02-13 09:15:00,1131.2,1134.8,1120.1,1120.5,3392
2024-02-13 10:15:00,1120.2,1128.95,1120.2,1125.0,1246
2024-02-13 11:15:00,1125.0,1125.0,1120.6,1120.6,553
2024-02-13 12:15:00,1123.15,1124.95,1120.1,1121.8,349
2024-02-13 13:15:00,1123.9,1124.05,1122.0,1122.0,92
2024-02-13 14:15:00,1123.1,1125.8,1120.5,1124.0,1023
2024-02-13 15:15:00,1124.0,1126.75,1115.05,1115.1,984
2024-02-14 09:15:00,1075.0,1132.1,1064.85,1115.5,6543
2024-02-14 10:15:00,1116.6,1116.6,1112.0,1113.0,484
2024-02-14 11:15:00,1113.0,1115.85,1112.0,1112.2,623
2024-02-14 12:15:00,1112.75,1114.8,1112.0,1112.0,405
2024-02-14 13:15:00,1112.0,1112.65,1111.0,1111.1,383
2024-02-14 14:15:00,1111.1,1113.7,1111.05,1112.0,591
2024-02-14 15:15:00,1112.3,1115.95,1110.0,1112.15,5828
2024-02-15 09:15:00,1101.0,1123.0,1101.0,1119.7,1680
2024-02-15 10:15:00,1119.55,1122.4,1111.4,1113.3,2536
2024-02-15 11:15:00,1113.1,1118.65,1110.05,1112.75,803
2024-02-15 12:15:00,1110.1,1115.0,1110.05,1110.55,1702
2024-02-15 13:15:00,1110.15,1113.1,1110.1,1111.3,830
2024-02-15 14:15:00,1110.1,1113.05,1110.1,1112.35,986
2024-02-15 15:15:00,1112.35,1116.3,1110.5,1112.0,1224
2024-02-16 09:15:00,1108.05,1124.05,1108.05,1123.45,1632
2024-02-16 10:15:00,1123.6,1123.75,1119.1,1120.05,1907
2024-02-16 11:15:00,1120.25,1122.0,1110.95,1113.75,5001
2024-02-16 12:15:00,1111.4,1115.85,1108.2,1113.05,1103
2024-02-16 13:15:00,1113.05,1125.0,1108.5,1122.05,6824
2024-02-16 14:15:00,1120.95,1127.4,1118.05,1119.2,2030
2024-02-16 15:15:00,1119.15,1125.0,1118.05,1125.0,3413
2024-02-19 09:15:00,1128.15,1128.15,1120.0,1122.0,851
2024-02-19 10:15:00,1121.4,1124.9,1120.0,1120.0,606
2024-02-19 11:15:00,1117.25,1118.35,1111.55,1114.4,921
2024-02-19 12:15:00,1114.5,1116.45,1112.75,1116.45,427
2024-02-19 13:15:00,1116.45,1117.6,1111.25,1113.1,1283
2024-02-19 14:15:00,1111.2,1114.9,1107.2,1109.95,1420
2024-02-19 15:15:00,1108.8,1112.5,1106.0,1112.4,309
2024-02-20 09:15:00,1105.0,1115.15,1105.0,1112.15,620
2024-02-20 10:15:00,1112.85,1114.5,1108.8,1111.75,649
2024-02-20 11:15:00,1109.8,1112.9,1107.1,1112.85,235
2024-02-20 12:15:00,1112.0,1112.9,1109.0,1111.45,739
2024-02-20 13:15:00,1110.0,1112.2,1109.0,1111.0,511
2024-02-20 14:15:00,1109.0,1122.0,1109.0,1113.55,2115
2024-02-20 15:15:00,1113.65,1116.3,1113.4,1113.45,516
2024-02-21 09:15:00,1108.0,1118.4,1087.15,1112.0,960
2024-02-21 10:15:00,1110.2,1116.0,1110.05,1114.3,534
2024-02-21 11:15:00,1115.7,1115.7,1112.0,1112.0,34
2024-02-21 12:15:00,1112.3,1115.95,1112.0,1115.2,271
2024-02-21 13:15:00,1114.4,1114.4,1100.0,1102.85,1805
2024-02-21 14:15:00,1102.85,1102.85,1096.0,1102.65,1881
2024-02-21 15:15:00,1101.25,1104.0,1095.0,1104.0,544
2024-02-22 09:15:00,1098.3,1101.0,1085.95,1091.15,2652
2024-02-22 10:15:00,1090.05,1094.6,1087.1,1088.0,672
2024-02-22 11:15:00,1088.0,1089.95,1085.0,1087.0,563
2024-02-22 12:15:00,1087.5,1087.95,1083.9,1084.7,694
2024-02-22 13:15:00,1083.75,1086.95,1073.15,1077.15,2665
2024-02-22 14:15:00,1072.2,1084.9,1072.2,1082.4,3843
2024-02-22 15:15:00,1082.5,1094.95,1080.65,1094.95,1010
2024-02-23 09:15:00,1080.0,1093.3,1075.05,1076.15,1789
2024-02-23 10:15:00,1075.55,1081.0,1072.05,1074.0,976
2024-02-23 11:15:00,1075.95,1077.0,1070.05,1071.0,1573
2024-02-23 12:15:00,1070.0,1074.95,1063.0,1070.0,5015
2024-02-23 13:15:00,1073.95,1082.0,1070.4,1080.0,1902
2024-02-23 14:15:00,1080.0,1087.7,1078.0,1085.3,2649
2024-02-23 15:15:00,1085.3,1087.5,1085.0,1085.0,1033
2024-02-26 09:15:00,1090.0,1106.9,1089.75,1100.0,7268
2024-02-26 10:15:00,1100.45,1105.2,1099.05,1104.0,1871
2024-02-26 11:15:00,1104.0,1104.85,1100.05,1100.45,955
2024-02-26 12:15:00,1100.0,1103.3,1095.0,1099.0,1115
2024-02-26 13:15:00,1099.55,1100.0,1090.15,1093.95,2352
2024-02-26 14:15:00,1094.9,1107.0,1092.0,1106.0,3982
2024-02-26 15:15:00,1104.6,1106.95,1091.2,1099.9,1866
2024-02-27 09:15:00,1106.0,1107.95,1095.05,1098.1,2644
2024-02-27 10:15:00,1100.4,1103.0,1097.9,1100.0,505
2024-02-27 11:15:00,1101.9,1103.0,1100.05,1102.4,398
2024-02-27 12:15:00,1102.0,1105.0,1100.0,1104.6,1819
2024-02-27 13:15:00,1104.6,1140.0,1102.15,1131.65,7144
2024-02-27 14:15:00,1131.65,1131.65,1119.0,1125.15,5252
2024-02-27 15:15:00,1129.95,1134.0,1125.1,1127.1,2749
2024-02-28 09:15:00,1133.05,1136.8,1130.0,1133.95,2296
2024-02-28 10:15:00,1134.7,1135.0,1123.0,1125.5,2249
2024-02-28 11:15:00,1125.95,1125.95,1120.0,1121.65,729
2024-02-28 12:15:00,1120.05,1122.5,1116.1,1121.05,3597
2024-02-28 13:15:00,1117.65,1124.95,1116.6,1122.15,1931
2024-02-28 14:15:00,1120.65,1122.75,1117.0,1118.1,889
2024-02-28 15:15:00,1115.2,1124.8,1115.05,1115.05,1539
2024-02-29 09:15:00,1126.05,1128.0,1110.3,1124.0,2953
2024-02-29 10:15:00,1125.65,1125.75,1121.05,1124.4,736
2024-02-29 11:15:00,1124.9,1131.0,1121.85,1127.35,1946
2024-02-29 12:15:00,1125.85,1137.1,1120.05,1133.2,4936
2024-02-29 13:15:00,1132.15,1133.85,1129.2,1129.3,639
2024-02-29 14:15:00,1131.05,1134.0,1126.0,1130.05,3140
2024-02-29 15:15:00,1130.05,1132.0,1125.0,1130.0,1290
2024-03-01 09:15:00,1134.6,1138.0,1121.25,1136.0,4599
2024-03-01 10:15:00,1135.0,1138.0,1129.95,1138.0,1989
2024-03-01 11:15:00,1138.0,1144.95,1134.75,1135.1,2523
2024-03-01 12:15:00,1135.35,1139.0,1129.05,1135.0,2162
2024-03-01 13:15:00,1135.75,1139.95,1125.05,1135.45,3923
2024-03-01 14:15:00,1135.3,1139.0,1132.75,1135.4,795
2024-03-01 15:15:00,1138.25,1139.0,1131.0,1135.0,1513
2024-03-02 09:15:00,1146.45,1146.45,1114.0,1116.0,1334
2024-03-02 11:15:00,1116.0,1175.0,1115.25,1122.2,607
2024-03-02 12:15:00,1126.5,1127.4,1119.0,1125.9,317
2024-03-04 09:15:00,1139.9,1139.9,1125.15,1130.05,3535
2024-03-04 10:15:00,1130.05,1130.05,1125.15,1126.15,1452
2024-03-04 11:15:00,1128.7,1128.7,1119.1,1120.25,543
2024-03-04 12:15:00,1118.25,1129.15,1118.05,1125.3,1443
2024-03-04 13:15:00,1123.1,1129.95,1122.15,1129.3,367
2024-03-04 14:15:00,1129.15,1132.9,1125.85,1132.85,1283
2024-03-04 15:15:00,1129.7,1132.9,1120.05,1130.0,3005
2024-03-05 09:15:00,1136.9,1139.8,1129.8,1132.0,3222
2024-03-05 10:15:00,1132.8,1132.8,1121.0,1121.7,1319
2024-03-05 11:15:00,1122.25,1124.9,1118.25,1120.0,1186
2024-03-05 12:15:00,1120.0,1124.95,1120.0,1120.35,266
2024-03-05 13:15:00,1120.4,1124.5,1119.25,1121.8,736
2024-03-05 14:15:00,1121.05,1125.0,1120.55,1121.2,608
2024-03-05 15:15:00,1121.15,1127.0,1120.15,1127.0,499
2024-03-06 09:15:00,1138.8,1146.5,1121.85,1124.9,11529
2024-03-06 10:15:00,1124.9,1137.15,1121.15,1130.1,3202
2024-03-06 11:15:00,1130.0,1134.0,1130.0,1130.05,1052
2024-03-06 12:15:00,1129.05,1131.4,1126.0,1129.95,989
2024-03-06 13:15:00,1129.8,1135.0,1125.05,1130.35,1758
2024-03-06 14:15:00,1129.95,1134.0,1129.9,1131.9,2614
2024-03-06 15:15:00,1131.9,1134.0,1123.45,1134.0,5339
2024-03-07 09:15:00,1134.0,1144.0,1131.55,1135.05,3307
2024-03-07 10:15:00,1136.7,1136.7,1132.05,1134.0,508
2024-03-07 11:15:00,1133.6,1144.0,1132.15,1137.8,2814
2024-03-07 12:15:00,1137.8,1137.85,1131.5,1133.8,1674
2024-03-07 13:15:00,1131.8,1137.85,1130.05,1137.05,954
2024-03-07 14:15:00,1137.0,1142.95,1132.05,1135.95,2340
2024-03-07 15:15:00,1135.9,1139.85,1126.0,1126.0,1868
2024-03-11 09:15:00,1133.0,1136.85,1126.0,1128.6,1475
2024-03-11 10:15:00,1127.9,1128.55,1120.0,1121.95,795
2024-03-11 11:15:00,1120.05,1129.65,1111.9,1123.25,2721
2024-03-11 12:15:00,1123.55,1125.85,1117.0,1119.7,1350
2024-03-11 13:15:00,1115.05,1126.9,1114.1,1125.25,1012
2024-03-11 14:15:00,1122.75,1125.95,1117.8,1117.8,550
2024-03-11 15:15:00,1118.65,1124.3,1115.0,1115.0,519
2024-03-12 09:15:00,1120.0,1121.95,1100.7,1109.0,5435
2024-03-12 10:15:00,1108.55,1110.7,1095.65,1101.15,1208
2024-03-12 11:15:00,1101.15,1103.0,1101.0,1102.45,3165
2024-03-12 12:15:00,1101.0,1102.9,1086.55,1095.05,2534
2024-03-12 13:15:00,1095.05,1107.95,1095.05,1102.1,2371
2024-03-12 14:15:00,1099.85,1104.95,1099.85,1101.7,1112
2024-03-12 15:15:00,1100.1,1122.55,1100.0,1114.95,6601
2024-03-13 09:15:00,1102.0,1109.4,1082.35,1090.35,2541
2024-03-13 10:15:00,1092.1,1095.05,1086.95,1093.85,3472
2024-03-13 11:15:00,1090.6,1093.3,1086.95,1092.3,3063
2024-03-13 12:15:00,1091.15,1092.5,1080.05,1087.65,2513
2024-03-13 13:15:00,1085.65,1087.95,1082.25,1084.1,470
2024-03-13 14:15:00,1082.4,1084.85,1062.05,1065.0,2315
2024-03-13 15:15:00,1065.5,1099.0,1062.0,1099.0,6948
2024-03-14 09:15:00,1103.0,1115.0,1090.0,1108.35,3235
2024-03-14 10:15:00,1108.35,1112.65,1101.45,1105.8,1014
2024-03-14 11:15:00,1104.55,1112.65,1102.2,1111.05,796
2024-03-14 12:15:00,1110.0,1117.0,1107.05,1117.0,2339
2024-03-14 13:15:00,1116.95,1147.0,1116.95,1138.5,19160
2024-03-14 14:15:00,1138.5,1144.95,1138.5,1143.2,2907
2024-03-14 15:15:00,1142.0,1143.2,1135.0,1140.0,2266
2024-03-15 09:15:00,1140.0,1140.0,1111.15,1132.25,2088
2024-03-15 10:15:00,1132.15,1137.3,1128.7,1133.3,1105
2024-03-15 11:15:00,1133.55,1136.0,1124.0,1136.0,1132
2024-03-15 12:15:00,1135.05,1135.05,1130.0,1134.9,637
2024-03-15 13:15:00,1134.9,1138.9,1129.75,1138.5,581
2024-03-15 14:15:00,1138.9,1139.0,1130.45,1136.0,1272
2024-03-15 15:15:00,1136.5,1137.75,1135.55,1137.75,407
2024-03-18 09:15:00,1136.0,1144.0,1116.15,1118.8,1955
2024-03-18 10:15:00,1119.0,1132.0,1116.0,1126.05,2287
2024-03-18 11:15:00,1126.85,1127.0,1117.0,1118.2,290
2024-03-18 12:15:00,1118.1,1120.9,1118.0,1118.05,205
2024-03-18 13:15:00,1118.0,1118.0,1116.0,1116.0,366
2024-03-18 14:15:00,1116.0,1117.95,1116.0,1116.2,779
2024-03-18 15:15:00,1116.0,1118.0,1101.35,1116.0,1542
2024-03-19 09:15:00,1115.15,1115.15,1106.65,1111.55,811
2024-03-19 10:15:00,1111.5,1114.85,1109.0,1110.15,1250
2024-03-19 11:15:00,1110.3,1113.25,1100.0,1103.3,1952
2024-03-19 12:15:00,1100.65,1103.75,1100.1,1102.1,121
2024-03-19 13:15:00,1100.55,1115.0,1100.55,1101.75,1389
2024-03-19 14:15:00,1101.75,1104.9,1098.1,1100.0,855
2024-03-19 15:15:00,1098.3,1104.9,1095.05,1104.9,819
2024-03-20 09:15:00,1104.9,1117.45,1092.55,1103.95,3321
2024-03-20 10:15:00,1100.05,1101.75,1094.85,1098.0,478
2024-03-20 11:15:00,1099.15,1106.7,1099.15,1104.65,138
2024-03-20 12:15:00,1107.9,1107.9,1098.45,1099.2,108
2024-03-20 13:15:00,1100.5,1100.5,1097.5,1097.5,65
2024-03-20 14:15:00,1097.55,1104.7,1097.55,1098.3,503
2024-03-20 15:15:00,1101.9,1101.9,1094.8,1094.8,624
2024-03-21 09:15:00,1095.8,1108.8,1092.1,1100.0,1755
2024-03-21 10:15:00,1098.05,1100.0,1092.05,1095.3,1095
2024-03-21 11:15:00,1095.05,1100.0,1093.5,1100.0,837
2024-03-21 12:15:00,1098.95,1100.0,1090.55,1096.85,1711
2024-03-21 13:15:00,1096.9,1096.9,1090.55,1092.5,693
2024-03-21 14:15:00,1092.5,1093.95,1087.3,1089.65,2239
2024-03-21 15:15:00,1092.35,1095.1,1089.5,1090.5,557
2024-03-22 09:15:00,1092.0,1106.75,1080.5,1088.6,3513
2024-03-22 10:15:00,1087.95,1089.0,1086.3,1088.8,1416
2024-03-22 11:15:00,1088.9,1089.0,1087.0,1089.0,471
2024-03-22 12:15:00,1088.0,1089.0,1086.1,1087.0,727
2024-03-22 13:15:00,1086.5,1088.15,1079.0,1081.2,2649
2024-03-22 14:15:00,1083.4,1086.85,1083.0,1084.0,708
2024-03-22 15:15:00,1084.0,1086.8,1079.55,1086.8,2051
2024-03-26 09:15:00,1088.35,1134.1,1071.3,1072.05,6802
2024-03-26 10:15:00,1070.0,1073.1,1062.3,1063.5,3929
2024-03-26 11:15:00,1065.85,1066.0,1063.05,1066.0,2238
2024-03-26 12:15:00,1065.05,1070.65,1065.0,1068.2,1366
2024-03-26 13:15:00,1068.0,1072.0,1068.0,1069.85,1345
2024-03-26 14:15:00,1071.35,1079.3,1067.0,1072.35,2936
2024-03-26 15:15:00,1073.0,1075.0,1070.0,1074.0,951
2024-03-27 09:15:00,1070.0,1078.95,1062.0,1062.0,5534
2024-03-27 10:15:00,1062.0,1063.95,1051.15,1055.0,4312
2024-03-27 11:15:00,1056.95,1070.0,1055.0,1069.8,3894
2024-03-27 12:15:00,1069.85,1070.0,1058.45,1069.0,5329
2024-03-27 13:15:00,1069.0,1069.9,1055.4,1059.95,3712
2024-03-27 14:15:00,1059.9,1060.0,1029.95,1035.35,9136
2024-03-27 15:15:00,1035.35,1039.05,1028.0,1033.0,4774
2024-03-28 09:15:00,1038.95,1051.2,1029.9,1039.5,9010
2024-03-28 10:15:00,1038.05,1039.1,1031.3,1036.35,13788
2024-03-28 11:15:00,1036.35,1037.85,1016.15,1020.1,6900
2024-03-28 12:15:00,1020.15,1022.0,1015.95,1017.0,3482
2024-03-28 13:15:00,1016.05,1018.0,1008.0,1011.25,4648
2024-03-28 14:15:00,1014.5,1017.0,1005.1,1010.15,5295
2024-03-28 15:15:00,1010.7,1018.0,1007.3,1011.5,2713
2024-04-01 09:15:00,1020.0,1042.0,1004.05,1033.7,8540
2024-04-01 10:15:00,1035.3,1039.95,1033.0,1038.15,2288
2024-04-01 11:15:00,1036.2,1038.1,1036.0,1037.7,306
2024-04-01 12:15:00,1036.2,1038.4,1036.0,1036.05,1033
2024-04-01 13:15:00,1037.95,1042.0,1036.0,1041.6,951
2024-04-01 14:15:00,1041.5,1047.2,1036.05,1043.8,2027
2024-04-01 15:15:00,1042.25,1047.0,1036.0,1046.4,1922
2024-04-02 09:15:00,1051.1,1051.1,1030.0,1035.05,3559
2024-04-02 10:15:00,1035.05,1051.85,1035.0,1043.2,7219
2024-04-02 11:15:00,1044.6,1044.6,1037.7,1040.05,953
2024-04-02 12:15:00,1041.95,1045.0,1038.05,1041.6,4245
2024-04-02 13:15:00,1041.05,1046.0,1040.0,1043.25,2267
2024-04-02 14:15:00,1043.25,1050.9,1041.25,1047.5,3662
2024-04-02 15:15:00,1046.5,1049.95,1040.5,1040.5,1225
2024-04-03 09:15:00,1050.0,1050.0,1035.1,1038.35,3679
2024-04-03 10:15:00,1038.4,1042.35,1038.05,1040.05,1515
2024-04-03 11:15:00,1040.35,1045.25,1039.7,1042.1,2205
2024-04-03 12:15:00,1042.95,1045.95,1041.35,1041.35,509
2024-04-03 13:15:00,1041.05,1045.0,1040.6,1041.65,498
2024-04-03 14:15:00,1041.65,1050.0,1037.0,1044.8,3925
2024-04-03 15:15:00,1045.65,1048.0,1041.0,1041.25,734
2024-04-04 09:15:00,1046.35,1050.7,1034.8,1035.1,3660
2024-04-04 10:15:00,1035.1,1037.95,1032.4,1032.6,1175
2024-04-04 11:15:00,1034.0,1034.0,1025.1,1027.6,1988
2024-04-04 12:15:00,1027.95,1030.0,1022.05,1022.05,2721
2024-04-04 13:15:00,1022.3,1025.0,1020.15,1024.15,2677
2024-04-04 14:15:00,1024.15,1027.95,1022.0,1024.8,3219
2024-04-04 15:15:00,1024.6,1030.3,1022.15,1029.8,2251
2024-04-05 09:15:00,1026.7,1035.95,1016.0,1020.35,5885
2024-04-05 10:15:00,1019.55,1021.9,1011.0,1011.0,6082
2024-04-05 11:15:00,1010.55,1011.05,994.7,999.3,16110
2024-04-05 12:15:00,999.3,1005.0,999.0,1002.65,5875
2024-04-05 13:15:00,1002.6,1002.8,998.5,998.6,4929
2024-04-05 14:15:00,998.65,1001.75,996.75,999.15,5975
2024-04-05 15:15:00,999.15,1000.0,996.0,1000.0,4883
2024-04-08 09:15:00,1000.95,1008.95,993.05,1006.15,10368
2024-04-08 10:15:00,1006.6,1007.9,996.5,998.5,3263
2024-04-08 11:15:00,999.6,1002.2,996.1,997.2,5125
2024-04-08 12:15:00,998.4,1003.9,996.0,999.0,7985
2024-04-08 13:15:00,997.95,1008.0,996.0,1000.0,12016
2024-04-08 14:15:00,999.0,1007.15,994.0,994.1,19593
2024-04-08 15:15:00,994.95,1008.45,994.25,1001.0,3847
2024-04-09 09:15:00,1002.15,1005.0,989.0,991.1,7414
2024-04-09 10:15:00,991.1,995.0,988.0,989.95,4902
2024-04-09 11:15:00,989.45,991.65,985.95,986.4,8278
2024-04-09 12:15:00,986.55,989.0,985.95,988.35,20735
2024-04-09 13:15:00,988.35,995.0,986.95,992.2,3249
2024-04-09 14:15:00,993.2,996.0,992.05,996.0,1686
2024-04-09 15:15:00,995.9,995.9,992.85,992.85,1369
2024-04-10 09:15:00,993.85,999.95,990.55,995.0,2045
2024-04-10 10:15:00,995.35,998.0,995.3,996.4,748
2024-04-10 11:15:00,996.4,999.95,996.0,999.35,949
2024-04-10 12:15:00,999.3,999.35,994.55,995.8,1332
2024-04-10 13:15:00,995.8,998.0,995.8,997.7,230
2024-04-10 14:15:00,997.05,1000.0,997.0,1000.0,4113
2024-04-10 15:15:00,999.9,1000.0,999.5,1000.0,1652
2024-04-12 09:15:00,1003.0,1003.0,988.55,999.5,7633
2024-04-12 10:15:00,999.5,1006.0,998.0,1000.8,2816
2024-04-12 11:15:00,1000.8,1012.05,1000.5,1002.25,8261
2024-04-12 12:15:00,1006.15,1006.85,1000.5,1000.7,1112
2024-04-12 13:15:00,1001.05,1004.35,999.0,1000.05,1166
2024-04-12 14:15:00,1000.05,1003.0,998.05,999.0,1504
2024-04-12 15:15:00,999.95,1000.0,994.1,994.1,1843
2024-04-15 09:15:00,995.8,998.4,985.95,992.1,6013
2024-04-15 10:15:00,992.6,998.5,990.55,995.0,2097
2024-04-15 11:15:00,995.0,996.4,990.45,991.0,814
2024-04-15 12:15:00,991.0,994.45,991.0,992.0,357
2024-04-15 13:15:00,992.0,996.55,992.0,995.95,1191
2024-04-15 14:15:00,996.0,997.5,993.0,995.15,777
2024-04-15 15:15:00,995.05,999.5,992.6,999.0,1232
2024-04-16 09:15:00,985.0,1001.95,985.0,1001.05,3230
2024-04-16 10:15:00,1001.0,1005.5,1001.0,1002.6,1183
2024-04-16 11:15:00,1003.05,1003.6,996.05,998.0,3224
2024-04-16 12:15:00,998.0,999.95,996.4,999.05,443
2024-04-16 13:15:00,997.65,999.05,997.0,998.5,348
2024-04-16 14:15:00,998.5,999.95,992.3,994.65,1724
2024-04-16 15:15:00,994.65,1000.0,993.45,1000.0,1576
2024-04-18 09:15:00,996.7,999.8,991.0,995.45,1666
2024-04-18 10:15:00,995.2,998.1,993.15,995.25,1256
2024-04-18 11:15:00,995.05,998.1,995.05,996.5,751
2024-04-18 12:15:00,997.95,998.1,996.4,996.4,609
2024-04-18 13:15:00,996.4,996.4,993.0,994.5,1097
2024-04-18 14:15:00,994.45,998.1,991.05,994.0,1615
2024-04-18 15:15:00,994.9,994.9,991.95,993.0,764
2024-04-19 09:15:00,994.05,995.95,975.0,985.25,2397
2024-04-19 10:15:00,984.0,989.75,984.0,988.7,748
2024-04-19 11:15:00,988.7,993.95,988.55,992.1,909
2024-04-19 12:15:00,992.65,1000.0,992.55,996.15,4010
2024-04-19 13:15:00,996.15,1000.0,993.8,995.8,1542
2024-04-19 14:15:00,995.8,1001.45,994.1,996.7,4567
2024-04-19 15:15:00,998.05,1002.5,994.0,1002.5,1279
2024-04-22 09:15:00,1010.0,1014.95,983.5,996.65,14995
2024-04-22 10:15:00,996.65,1014.05,996.65,1004.9,4810
2024-04-22 11:15:00,1007.35,1012.0,1004.35,1009.3,3098
2024-04-22 12:15:00,1009.3,1016.0,1009.0,1009.05,1807
2024-04-22 13:15:00,1010.65,1021.8,1009.0,1016.0,7315
2024-04-22 14:15:00,1016.0,1025.7,1012.45,1025.0,28622
2024-04-22 15:15:00,1023.95,1033.25,1019.8,1025.8,9345
2024-04-23 09:15:00,1120.0,1164.4,1080.0,1147.05,786899
2024-04-23 10:15:00,1146.0,1149.95,1122.0,1139.25,216047
2024-04-23 11:15:00,1139.5,1148.0,1126.35,1140.0,94273
2024-04-23 12:15:00,1140.0,1140.0,1130.0,1138.3,58562
2024-04-23 13:15:00,1138.3,1155.0,1132.0,1134.05,111193
2024-04-23 14:15:00,1135.8,1137.9,1106.05,1121.7,153997
2024-04-23 15:15:00,1120.0,1129.0,1090.0,1108.0,94352
2024-04-24 09:15:00,1116.65,1128.45,1105.15,1108.65,45822
2024-04-24 10:15:00,1108.55,1121.1,1107.0,1120.8,9455
2024-04-24 11:15:00,1121.0,1124.0,1110.0,1111.0,7532
2024-04-24 12:15:00,1111.0,1114.15,1104.9,1111.35,6721
2024-04-24 13:15:00,1112.0,1114.9,1108.25,1112.45,7622
2024-04-24 14:15:00,1112.3,1120.0,1104.05,1112.75,22406
2024-04-24 15:15:00,1110.95,1120.0,1106.45,1113.45,9126
2024-04-25 09:15:00,1104.0,1114.1,1103.1,1106.2,13498
2024-04-25 10:15:00,1105.0,1108.4,1094.0,1099.15,9942
2024-04-25 11:15:00,1099.15,1101.75,1095.05,1096.7,2569
2024-04-25 12:15:00,1096.7,1102.1,1091.1,1099.45,6567
2024-04-25 13:15:00,1098.9,1110.3,1098.05,1105.55,3081
2024-04-25 14:15:00,1105.55,1109.6,1092.0,1094.55,7407
2024-04-25 15:15:00,1093.95,1094.55,1085.0,1087.95,8121
2024-04-26 09:15:00,1089.85,1091.7,1075.6,1081.25,6857
2024-04-26 10:15:00,1081.2,1093.95,1078.95,1090.15,5991
2024-04-26 11:15:00,1091.75,1094.7,1089.7,1090.4,4239
2024-04-26 12:15:00,1090.6,1091.85,1077.0,1080.2,4243
2024-04-26 13:15:00,1079.95,1083.0,1076.0,1079.7,4360
2024-04-26 14:15:00,1081.0,1099.55,1077.05,1090.5,8865
2024-04-26 15:15:00,1090.5,1095.0,1085.0,1085.0,2653
2024-04-29 09:15:00,1090.0,1094.4,1078.15,1080.65,5725
2024-04-29 10:15:00,1080.65,1085.0,1079.45,1083.05,912
2024-04-29 11:15:00,1082.6,1083.1,1075.0,1078.4,3919
2024-04-29 12:15:00,1080.45,1080.45,1075.7,1078.55,1234
2024-04-29 13:15:00,1078.85,1110.45,1076.0,1095.1,16123
2024-04-29 14:15:00,1094.8,1110.0,1086.3,1096.35,5485
2024-04-29 15:15:00,1096.35,1104.0,1089.0,1089.0,3449
2024-04-30 09:15:00,1109.45,1109.45,1085.5,1087.85,3366
2024-04-30 10:15:00,1089.6,1091.6,1086.25,1087.15,727
2024-04-30 11:15:00,1086.85,1105.0,1085.0,1103.3,6533
2024-04-30 12:15:00,1103.65,1109.45,1102.45,1106.6,5191
2024-04-30 13:15:00,1107.3,1109.7,1090.8,1094.95,3311
2024-04-30 14:15:00,1095.05,1105.8,1090.0,1102.4,5983
2024-04-30 15:15:00,1100.0,1105.0,1092.05,1092.05,3440
2024-05-02 09:15:00,1101.4,1109.0,1090.0,1092.55,2403
2024-05-02 10:15:00,1092.55,1094.3,1082.8,1088.65,3632
2024-05-02 11:15:00,1090.55,1093.35,1085.0,1090.45,4084
2024-05-02 12:15:00,1089.1,1094.95,1089.0,1092.7,1811
2024-05-02 13:15:00,1093.0,1093.75,1091.1,1092.15,1859
2024-05-02 14:15:00,1092.15,1099.8,1079.0,1091.25,6627
2024-05-02 15:15:00,1091.25,1095.0,1086.4,1086.4,1394
2024-05-03 09:15:00,1082.55,1092.55,1077.5,1077.5,4432
2024-05-03 10:15:00,1077.5,1081.0,1075.5,1078.5,2456
2024-05-03 11:15:00,1078.25,1081.0,1051.0,1063.4,13326
2024-05-03 12:15:00,1063.0,1069.65,1061.8,1068.75,3319
2024-05-03 13:15:00,1068.75,1071.1,1063.5,1070.6,2561
2024-05-03 14:15:00,1069.65,1075.0,1066.7,1068.45,2426
2024-05-03 15:15:00,1068.45,1075.0,1067.6,1072.75,1861
2024-05-06 09:15:00,1071.25,1076.65,1065.9,1068.45,1933
2024-05-06 10:15:00,1070.1,1074.6,1069.4,1070.6,537
2024-05-06 11:15:00,1071.95,1073.55,1069.7,1069.7,538
2024-05-06 12:15:00,1069.05,1070.85,1066.0,1069.3,582
2024-05-06 13:15:00,1069.3,1069.3,1064.0,1066.0,403
2024-05-06 14:15:00,1064.05,1069.4,1064.05,1068.3,1101
2024-05-06 15:15:00,1067.95,1070.0,1065.2,1066.0,642
2024-05-07 09:15:00,1070.0,1070.0,1052.0,1054.95,6858
2024-05-07 10:15:00,1054.9,1058.0,1052.0,1054.1,1332
2024-05-07 11:15:00,1054.15,1056.75,1043.8,1046.7,8645
2024-05-07 12:15:00,1046.7,1048.65,1043.15,1043.15,2209
2024-05-07 13:15:00,1044.0,1047.7,1042.1,1045.9,790
2024-05-07 14:15:00,1048.1,1048.1,1019.15,1032.9,20790
2024-05-07 15:15:00,1032.75,1056.0,1032.4,1056.0,3186
2024-05-08 09:15:00,1032.0,1055.0,1032.0,1049.55,2637
2024-05-08 10:15:00,1049.55,1050.0,1039.7,1045.7,2796
2024-05-08 11:15:00,1045.85,1049.95,1045.7,1047.55,659
2024-05-08 12:15:00,1047.55,1062.4,1046.55,1055.0,4336
2024-05-08 13:15:00,1055.0,1055.0,1048.9,1050.0,320
2024-05-08 14:15:00,1050.0,1079.0,1046.5,1071.8,8340
2024-05-08 15:15:00,1071.8,1074.75,1063.6,1065.65,1982
2024-05-09 09:15:00,1082.45,1082.45,1055.0,1055.8,4422
2024-05-09 10:15:00,1055.7,1056.65,1050.9,1051.55,1544
2024-05-09 11:15:00,1054.3,1055.4,1052.05,1054.35,786
2024-05-09 12:15:00,1054.6,1055.0,1046.0,1048.4,1097
2024-05-09 13:15:00,1048.35,1051.3,1046.05,1048.0,805
2024-05-09 14:15:00,1047.8,1049.1,1042.0,1045.05,2078
2024-05-09 15:15:00,1042.8,1047.1,1035.0,1035.0,905
2024-05-10 09:15:00,1043.6,1045.0,1030.4,1039.45,2946
2024-05-10 10:15:00,1042.3,1042.5,1033.1,1035.45,1015
2024-05-10 11:15:00,1037.9,1040.6,1035.5,1039.2,407
2024-05-10 12:15:00,1039.45,1040.0,1035.05,1040.0,809
2024-05-10 13:15:00,1039.45,1044.95,1038.05,1041.3,651
2024-05-10 14:15:00,1043.1,1045.5,1035.7,1042.3,2290
2024-05-10 15:15:00,1042.3,1042.3,1031.05,1031.1,873
2024-05-13 09:15:00,1037.0,1047.45,1015.0,1026.45,6162
2024-05-13 10:15:00,1026.5,1028.5,1020.1,1022.2,776
2024-05-13 11:15:00,1023.9,1024.95,1016.0,1021.8,1385
2024-05-13 12:15:00,1023.25,1023.3,1011.5,1021.1,1869
2024-05-13 13:15:00,1020.35,1020.75,1015.0,1018.05,542
2024-05-13 14:15:00,1019.2,1020.95,1012.9,1012.9,1268
2024-05-13 15:15:00,1013.1,1022.0,1005.0,1021.0,1845
2024-05-14 09:15:00,1018.35,1023.9,1012.5,1015.85,1232
2024-05-14 10:15:00,1016.0,1020.4,1012.75,1014.2,1538
2024-05-14 11:15:00,1015.95,1020.0,1010.2,1015.1,1897
2024-05-14 12:15:00,1014.85,1021.95,1013.2,1018.0,1895
2024-05-14 13:15:00,1019.1,1024.0,1009.05,1011.4,3241
2024-05-14 14:15:00,1010.95,1018.1,1010.3,1014.0,2440
2024-05-14 15:15:00,1014.85,1023.0,1012.65,1015.05,1417
2024-05-15 09:15:00,1026.4,1035.0,1017.05,1024.0,3094
2024-05-15 10:15:00,1023.1,1029.95,1022.55,1029.8,1330
2024-05-15 11:15:00,1029.3,1032.45,1020.0,1025.05,1951
2024-05-15 12:15:00,1026.0,1030.25,1022.2,1025.65,978
2024-05-15 13:15:00,1025.7,1028.55,1010.3,1017.75,2051
2024-05-15 14:15:00,1018.6,1021.95,998.3,1012.8,3858
2024-05-15 15:15:00,1011.4,1022.0,1006.0,1022.0,2353
2024-05-16 09:15:00,1025.1,1039.95,1014.05,1021.5,5069
2024-05-16 10:15:00,1022.95,1026.85,1019.0,1020.45,760
2024-05-16 11:15:00,1020.45,1024.4,1019.75,1023.0,355
2024-05-16 12:15:00,1023.0,1023.0,1018.8,1019.0,574
2024-05-16 13:15:00,1019.0,1020.45,1017.05,1017.35,622
2024-05-16 14:15:00,1018.05,1023.0,1017.05,1023.0,814
2024-05-16 15:15:00,1022.95,1023.0,1018.0,1018.0,529
2024-05-17 09:15:00,1023.25,1025.7,1012.15,1013.45,1444
2024-05-17 10:15:00,1015.4,1015.95,1012.85,1014.65,504
2024-05-17 11:15:00,1015.75,1016.95,1012.5,1013.05,1611
2024-05-17 12:15:00,1013.1,1014.5,1011.0,1013.95,1028
2024-05-17 13:15:00,1013.0,1013.95,1010.1,1010.55,1389
2024-05-17 14:15:00,1010.95,1014.0,1010.1,1012.55,1073
2024-05-17 15:15:00,1012.55,1015.0,1010.1,1015.0,1286
2024-05-18 09:15:00,1010.05,1023.2,1010.05,1016.5,840
2024-05-18 11:15:00,1014.05,1039.0,1014.0,1023.8,372
2024-05-18 12:15:00,1023.8,1023.85,1017.0,1022.85,335
2024-05-21 09:15:00,1022.35,1026.95,999.5,1007.9,5293
2024-05-21 10:15:00,1008.5,1014.6,1007.0,1013.65,1899
2024-05-21 11:15:00,1013.65,1013.65,1010.1,1010.95,845
2024-05-21 12:15:00,1010.95,1013.5,1010.15,1013.0,722
2024-05-21 13:15:00,1013.5,1013.5,1006.05,1009.85,1598
2024-05-21 14:15:00,1008.9,1012.4,1007.4,1012.2,2029
2024-05-21 15:15:00,1012.2,1013.5,1009.6,1013.5,1632
2024-05-22 09:15:00,1015.75,1017.95,1003.85,1008.25,2373
2024-05-22 10:15:00,1008.25,1013.95,1004.1,1011.35,1725
2024-05-22 11:15:00,1008.45,1023.0,1004.1,1022.95,3922
2024-05-22 12:15:00,1023.0,1031.35,1017.8,1030.5,6986
2024-05-22 13:15:00,1030.5,1032.0,1008.15,1009.8,4244
2024-05-22 14:15:00,1010.7,1016.35,1007.65,1010.9,1705
2024-05-22 15:15:00,1008.0,1023.0,1007.0,1023.0,1149
2024-05-23 09:15:00,1006.1,1015.5,1006.1,1012.25,2201
2024-05-23 10:15:00,1011.8,1014.95,1010.75,1014.25,665
2024-05-23 11:15:00,1014.2,1014.5,1010.3,1013.5,484
2024-05-23 12:15:00,1011.7,1013.7,1010.35,1011.5,344
2024-05-23 13:15:00,1011.35,1014.45,1010.1,1013.65,544
2024-05-23 14:15:00,1013.5,1015.0,993.95,999.8,5403
2024-05-23 15:15:00,999.8,1004.6,999.8,1004.6,1197
2024-05-24 09:15:00,1007.15,1012.1,990.05,1010.0,3320
2024-05-24 10:15:00,1009.05,1009.95,1003.0,1009.8,1052
2024-05-24 11:15:00,1009.35,1009.95,995.0,1003.25,1559
2024-05-24 12:15:00,1003.25,1005.5,1001.3,1002.8,659
2024-05-24 13:15:00,1004.55,1008.2,1002.55,1004.8,894
2024-05-24 14:15:00,1004.8,1005.55,1002.55,1004.15,612
2024-05-24 15:15:00,1002.7,1008.0,1000.4,1008.0,1365
2024-05-27 09:15:00,1005.15,1007.1,998.0,1001.5,2781
2024-05-27 10:15:00,1001.5,1005.95,995.25,998.5,2474
2024-05-27 11:15:00,997.1,999.95,996.05,999.0,1399
2024-05-27 12:15:00,999.3,1000.35,997.1,998.15,427
2024-05-27 13:15:00,1000.05,1004.0,998.05,1000.55,1155
2024-05-27 14:15:00,1002.4,1005.95,998.05,1002.75,1329
2024-05-27 15:15:00,1000.2,1002.75,998.0,998.0,2430
2024-05-28 09:15:00,1005.95,1065.05,999.1,1065.05,28720
2024-05-28 10:15:00,1066.9,1132.0,1063.0,1110.3,303659
2024-05-28 11:15:00,1111.9,1134.4,1100.0,1122.0,312533
2024-05-28 12:15:00,1122.0,1132.0,1106.0,1120.0,194569
2024-05-28 13:15:00,1120.0,1124.0,1110.4,1116.85,82605
2024-05-28 14:15:00,1115.85,1160.0,1108.0,1110.35,696515
2024-05-28 15:15:00,1111.95,1131.85,1110.0,1116.05,117002
2024-05-29 09:15:00,1103.0,1103.95,1071.95,1087.8,88340
2024-05-29 10:15:00,1086.75,1086.75,1060.2,1068.9,67375
2024-05-29 11:15:00,1069.9,1072.3,1055.9,1061.05,22106
2024-05-29 12:15:00,1061.6,1062.65,1048.25,1048.85,33442
2024-05-29 13:15:00,1049.95,1054.1,1045.35,1048.95,10485
2024-05-29 14:15:00,1047.75,1050.95,1022.0,1024.25,46368
2024-05-29 15:15:00,1024.2,1025.9,1015.3,1024.0,20280
2024-05-30 09:15:00,1027.9,1028.0,1005.05,1011.0,13741
2024-05-30 10:15:00,1011.0,1014.2,1010.15,1010.2,2454
2024-05-30 11:15:00,1010.8,1012.95,1001.9,1008.45,7054
2024-05-30 12:15:00,1009.9,1025.0,1008.1,1023.25,7698
2024-05-30 13:15:00,1022.1,1027.65,1015.05,1021.4,5929
2024-05-30 14:15:00,1019.9,1020.85,996.5,1001.6,19294
2024-05-30 15:15:00,1000.75,1004.9,995.5,997.5,7858
2024-05-31 09:15:00,1000.55,1012.95,997.4,1004.7,14558
2024-05-31 10:15:00,1005.05,1010.85,1001.15,1008.1,3253
2024-05-31 11:15:00,1007.95,1020.85,1007.95,1013.4,10341
2024-05-31 12:15:00,1014.9,1018.45,1013.3,1017.9,2620
2024-05-31 13:15:00,1017.9,1017.9,1013.2,1015.0,1749
2024-05-31 14:15:00,1015.0,1016.85,1012.65,1015.0,9562
2024-05-31 15:15:00,1015.0,1019.95,996.0,1015.0,9468
2024-06-03 09:15:00,1035.0,1038.4,1006.15,1012.3,10278
2024-06-03 10:15:00,1012.15,1013.85,1005.05,1008.6,5600
2024-06-03 11:15:00,1007.2,1011.7,1007.2,1007.6,1703
2024-06-03 12:15:00,1007.6,1011.9,1005.35,1006.0,3494
2024-06-03 13:15:00,1005.4,1011.9,1000.0,1003.0,5243
2024-06-03 14:15:00,1004.5,1009.5,1000.05,1008.7,3217
2024-06-03 15:15:00,1007.4,1013.8,1003.85,1013.8,5725
2024-06-04 09:15:00,1013.6,1013.6,977.65,996.0,12149
2024-06-04 10:15:00,996.95,997.0,979.6,982.6,8526
2024-06-04 11:15:00,982.5,987.95,975.0,977.05,6836
2024-06-04 12:15:00,979.95,980.0,959.95,979.8,5465
2024-06-04 13:15:00,978.0,1000.0,977.95,990.2,9446
2024-06-04 14:15:00,990.2,994.75,971.1,974.5,5930
2024-06-04 15:15:00,974.5,1008.0,974.0,1000.0,6319
2024-06-05 09:15:00,990.5,1030.45,972.9,1002.05,8224
2024-06-05 10:15:00,1000.6,1025.5,996.0,1014.05,8036
2024-06-05 11:15:00,1014.95,1019.3,1003.6,1003.6,5103
2024-06-05 12:15:00,1005.2,1020.65,1003.05,1014.4,4105
2024-06-05 13:15:00,1013.1,1026.9,1012.4,1021.65,4506
2024-06-05 14:15:00,1021.9,1024.5,1015.0,1019.0,5361
2024-06-05 15:15:00,1018.0,1023.0,1013.4,1020.4,1744
2024-06-06 09:15:00,1029.0,1046.95,1022.95,1031.55,11121
2024-06-06 10:15:00,1031.0,1044.0,1030.0,1042.65,8161
2024-06-06 11:15:00,1042.5,1042.9,1033.4,1036.75,2782
2024-06-06 12:15:00,1035.55,1038.95,1035.05,1037.55,1371
2024-06-06 13:15:00,1036.3,1038.0,1034.5,1036.8,2851
2024-06-06 14:15:00,1035.5,1037.0,1030.0,1030.65,1815
2024-06-06 15:15:00,1030.65,1034.4,1029.0,1034.4,1618
2024-06-07 09:15:00,1023.0,1044.35,1023.0,1040.3,5526
2024-06-07 10:15:00,1040.95,1057.85,1035.05,1049.85,7799
2024-06-07 11:15:00,1049.8,1053.2,1044.05,1048.45,4228
2024-06-07 12:15:00,1045.75,1052.85,1045.05,1047.85,2259
2024-06-07 13:15:00,1045.8,1050.95,1044.4,1047.95,2096
2024-06-07 14:15:00,1046.45,1048.0,1044.0,1046.05,2874
2024-06-07 15:15:00,1046.05,1047.35,1042.0,1042.0,1707
2024-06-10 09:15:00,1060.05,1094.4,1055.0,1057.0,10883
2024-06-10 10:15:00,1055.65,1063.45,1055.0,1063.45,4090
2024-06-10 11:15:00,1063.4,1065.8,1059.9,1060.0,6985
2024-06-10 12:15:00,1060.0,1062.4,1057.0,1057.85,1380
2024-06-10 13:15:00,1059.95,1063.9,1057.7,1062.2,3635
2024-06-10 14:15:00,1062.05,1063.4,1056.0,1057.65,3367
2024-06-10 15:15:00,1057.65,1059.9,1055.0,1059.9,1537
2024-06-11 09:15:00,1057.35,1060.75,1054.5,1058.25,4158
2024-06-11 10:15:00,1058.3,1067.45,1058.1,1059.15,3294
2024-06-11 11:15:00,1059.15,1077.0,1057.8,1060.05,6546
2024-06-11 12:15:00,1060.05,1063.1,1057.8,1057.9,1280
2024-06-11 13:15:00,1057.9,1072.0,1057.9,1071.25,6948
2024-06-11 14:15:00,1071.25,1072.95,1060.0,1060.3,4376
2024-06-11 15:15:00,1060.25,1065.1,1060.0,1061.0,1131
2024-06-12 09:15:00,1075.1,1112.0,1074.0,1093.35,25951
2024-06-12 10:15:00,1093.15,1096.4,1089.75,1094.5,9231
2024-06-12 11:15:00,1094.5,1102.8,1092.0,1096.4,4383
2024-06-12 12:15:00,1095.1,1097.3,1090.1,1093.6,2753
2024-06-12 13:15:00,1093.6,1094.95,1090.0,1091.2,955
2024-06-12 14:15:00,1091.5,1092.0,1087.0,1089.55,3812
2024-06-12 15:15:00,1091.6,1094.7,1076.25,1094.7,2370
2024-06-13 09:15:00,1099.05,1099.05,1090.05,1093.35,2440
2024-06-13 10:15:00,1091.7,1104.55,1091.7,1103.25,4420
2024-06-13 11:15:00,1103.25,1104.9,1102.0,1102.1,1553
2024-06-13 12:15:00,1102.05,1110.0,1098.05,1107.0,8802
2024-06-13 13:15:00,1106.9,1106.9,1095.65,1095.65,2498
2024-06-13 14:15:00,1095.65,1097.8,1092.0,1094.4,1893
2024-06-13 15:15:00,1096.35,1100.0,1092.0,1100.0,3209
2024-06-14 09:15:00,1097.1,1105.0,1092.35,1099.7,3845
2024-06-14 10:15:00,1098.3,1101.0,1095.65,1099.8,1401
2024-06-14 11:15:00,1099.85,1099.9,1093.55,1093.55,2015
2024-06-14 12:15:00,1093.55,1096.7,1092.8,1094.0,357
2024-06-14 13:15:00,1092.55,1093.9,1090.05,1092.9,1496
2024-06-14 14:15:00,1092.45,1092.9,1091.0,1091.9,695
2024-06-14 15:15:00,1091.85,1093.9,1090.0,1091.0,1660
2024-06-18 09:15:00,1092.0,1101.2,1081.2,1082.55,3545
2024-06-18 10:15:00,1082.0,1085.0,1080.2,1080.5,1339
2024-06-18 11:15:00,1080.5,1082.85,1080.5,1082.35,508
2024-06-18 12:15:00,1082.35,1086.25,1081.05,1084.95,1981
2024-06-18 13:15:00,1084.95,1113.7,1071.8,1100.0,27353
2024-06-18 14:15:00,1098.35,1102.0,1096.3,1097.75,1901
2024-06-18 15:15:00,1096.1,1100.0,1091.0,1092.0,2204
2024-06-19 09:15:00,1093.95,1104.45,1091.45,1102.15,3108
2024-06-19 10:15:00,1101.2,1105.4,1096.1,1101.15,3634
2024-06-19 11:15:00,1100.1,1100.65,1092.8,1100.0,2736
2024-06-19 12:15:00,1100.0,1101.15,1096.95,1100.0,1303
2024-06-19 13:15:00,1098.7,1101.0,1098.15,1100.0,1167
2024-06-19 14:15:00,1100.0,1101.15,1096.95,1100.0,2557
2024-06-19 15:15:00,1099.95,1100.0,1099.0,1099.0,720
2024-06-20 09:15:00,1099.8,1104.6,1093.75,1097.6,1407
2024-06-20 10:15:00,1096.75,1096.75,1090.05,1093.25,1765
2024-06-20 11:15:00,1093.05,1093.05,1090.0,1091.8,794
2024-06-20 12:15:00,1091.75,1091.75,1086.2,1090.0,1253
2024-06-20 13:15:00,1088.55,1091.65,1087.3,1091.0,1041
2024-06-20 14:15:00,1090.55,1094.0,1085.0,1088.9,2754
2024-06-20 15:15:00,1088.9,1098.5,1084.9,1093.0,3352
2024-06-21 09:15:00,1091.0,1098.0,1088.2,1089.6,1913
2024-06-21 10:15:00,1089.6,1095.85,1084.35,1087.5,4934
2024-06-21 11:15:00,1086.1,1091.25,1083.35,1085.0,1402
2024-06-21 12:15:00,1084.55,1084.55,1079.9,1083.25,3145
2024-06-21 13:15:00,1083.8,1085.55,1082.0,1084.9,504
2024-06-21 14:15:00,1084.9,1085.95,1081.55,1084.6,1484
2024-06-21 15:15:00,1084.55,1090.0,1072.25,1075.0,3163
2024-06-24 09:15:00,1086.75,1095.0,1073.05,1085.05,2829
2024-06-24 10:15:00,1083.85,1089.3,1080.15,1085.65,560
2024-06-24 11:15:00,1082.65,1089.0,1079.1,1086.85,1253
2024-06-24 12:15:00,1085.35,1088.95,1082.05,1084.15,364
2024-06-24 13:15:00,1082.45,1086.6,1080.85,1082.3,838
2024-06-24 14:15:00,1080.75,1083.4,1080.0,1080.0,653
2024-06-24 15:15:00,1081.9,1083.4,1080.1,1080.1,748
2024-06-25 09:15:00,1084.9,1089.95,1032.35,1083.95,3468
2024-06-25 10:15:00,1084.55,1084.95,1078.0,1078.0,807
2024-06-25 11:15:00,1078.0,1078.0,1070.05,1072.8,912
2024-06-25 12:15:00,1072.05,1073.65,1070.1,1073.05,709
2024-06-25 13:15:00,1073.05,1073.7,1056.3,1063.9,3198
2024-06-25 14:15:00,1065.65,1068.05,1060.0,1060.1,962
2024-06-25 15:15:00,1061.4,1065.0,1056.05,1060.1,1448
2024-06-26 09:15:00,1060.0,1064.95,1054.95,1061.05,1155
2024-06-26 10:15:00,1061.0,1069.0,1059.0,1067.55,535
2024-06-26 11:15:00,1067.5,1068.95,1058.0,1062.7,928
2024-06-26 12:15:00,1060.7,1064.9,1056.05,1060.3,1014
2024-06-26 13:15:00,1058.85,1059.7,1045.0,1048.3,4741
2024-06-26 14:15:00,1050.45,1051.85,1040.05,1040.9,1907
2024-06-26 15:15:00,1044.75,1051.0,1040.95,1041.1,1111
2024-06-27 09:15:00,1050.45,1054.95,1045.0,1051.15,2755
2024-06-27 10:15:00,1050.6,1050.95,1035.9,1039.85,1768
2024-06-27 11:15:00,1037.75,1041.7,1036.15,1037.85,558
2024-06-27 12:15:00,1037.85,1039.5,1028.55,1030.0,2825
2024-06-27 13:15:00,1029.95,1033.7,1026.6,1029.35,2640
2024-06-27 14:15:00,1029.5,1030.5,1022.0,1026.95,2708
2024-06-27 15:15:00,1026.25,1032.8,1024.85,1032.8,1135
2024-06-28 09:15:00,1031.75,1041.95,1030.05,1032.0,3170
2024-06-28 10:15:00,1033.0,1037.9,1031.0,1032.0,1652
2024-06-28 11:15:00,1032.65,1036.15,1029.0,1030.5,1596
2024-06-28 12:15:00,1029.0,1030.5,1025.0,1030.0,2342
2024-06-28 13:15:00,1029.95,1030.5,1027.0,1028.0,1008
2024-06-28 14:15:00,1028.0,1030.0,1025.0,1028.5,2235
2024-06-28 15:15:00,1026.05,1035.0,1020.0,1022.0,1463
2024-07-01 09:15:00,1030.6,1039.0,1023.05,1037.9,2815
2024-07-01 10:15:00,1037.9,1051.05,1036.35,1045.0,2269
2024-07-01 11:15:00,1043.55,1047.95,1040.2,1042.0,962
2024-07-01 12:15:00,1043.05,1055.55,1042.1,1047.5,2725
2024-07-01 13:15:00,1048.7,1060.0,1045.8,1059.95,2852
2024-07-01 14:15:00,1057.9,1059.95,1050.5,1050.5,1154
2024-07-01 15:15:00,1050.5,1059.25,1050.5,1050.55,916
2024-07-02 09:15:00,1062.7,1062.85,1047.25,1058.5,3537
2024-07-02 10:15:00,1058.0,1065.0,1055.0,1061.95,3253
2024-07-02 11:15:00,1061.95,1073.0,1057.9,1071.9,5481
2024-07-02 12:15:00,1071.15,1078.0,1063.65,1075.1,5409
2024-07-02 13:15:00,1075.1,1109.0,1073.0,1107.0,20236
2024-07-02 14:15:00,1106.0,1120.0,1093.6,1106.6,20347
2024-07-02 15:15:00,1106.6,1112.0,1102.55,1111.0,9194
2024-07-03 09:15:00,1108.95,1116.65,1093.5,1105.35,11232
2024-07-03 10:15:00,1104.65,1104.65,1094.05,1099.55,1571
2024-07-03 11:15:00,1099.45,1101.6,1094.9,1096.45,2117
2024-07-03 12:15:00,1096.7,1097.85,1092.0,1094.55,1232
2024-07-03 13:15:00,1094.25,1104.85,1094.25,1101.75,2388
2024-07-03 14:15:00,1101.8,1104.1,1093.0,1093.0,1880
2024-07-03 15:15:00,1097.8,1110.0,1090.0,1105.0,4724
2024-07-04 09:15:00,1090.0,1101.2,1084.0,1084.85,2655
2024-07-04 10:15:00,1085.35,1109.9,1082.1,1100.05,9499
2024-07-04 11:15:00,1096.35,1105.0,1094.1,1099.6,1146
2024-07-04 12:15:00,1099.05,1099.35,1091.95,1092.55,1523
2024-07-04 13:15:00,1095.0,1100.0,1093.4,1098.05,1327
2024-07-04 14:15:00,1097.5,1098.95,1077.85,1080.0,11269
2024-07-04 15:15:00,1080.0,1082.4,1072.25,1075.25,2976
2024-07-05 09:15:00,1078.0,1090.0,1074.5,1084.65,5920
2024-07-05 10:15:00,1083.85,1087.3,1080.15,1086.1,1357
2024-07-05 11:15:00,1086.1,1108.0,1081.5,1101.35,13616
2024-07-05 12:15:00,1102.8,1103.85,1096.0,1100.1,1575
2024-07-05 13:15:00,1100.1,1102.0,1100.0,1102.0,1372
2024-07-05 14:15:00,1102.0,1103.85,1094.05,1103.85,4127
2024-07-05 15:15:00,1102.2,1106.2,1101.0,1106.2,4632
2024-07-08 09:15:00,1109.95,1128.85,1108.85,1117.25,14468
2024-07-08 10:15:00,1117.25,1120.0,1105.0,1107.5,6268
2024-07-08 11:15:00,1107.5,1113.0,1105.3,1108.4,3312
2024-07-08 12:15:00,1107.55,1112.1,1106.0,1108.3,1946
2024-07-08 13:15:00,1108.15,1111.0,1105.0,1105.05,1272
2024-07-08 14:15:00,1105.1,1110.9,1105.0,1105.95,3907
2024-07-08 15:15:00,1105.9,1111.0,1105.0,1111.0,3397
2024-07-09 09:15:00,1108.05,1125.95,1105.0,1116.1,10753
2024-07-09 10:15:00,1116.3,1124.95,1112.9,1121.0,3978
2024-07-09 11:15:00,1119.85,1121.0,1110.0,1117.95,2659
2024-07-09 12:15:00,1116.7,1118.95,1113.95,1116.0,1193
2024-07-09 13:15:00,1116.3,1120.45,1115.6,1118.45,1143
2024-07-09 14:15:00,1117.45,1118.75,1110.0,1113.9,2453
2024-07-09 15:15:00,1113.85,1122.0,1108.95,1120.55,2088
2024-07-10 09:15:00,1114.45,1130.0,1105.2,1112.25,12009
2024-07-10 10:15:00,1111.75,1115.95,1096.4,1107.5,8239
2024-07-10 11:15:00,1107.95,1117.75,1106.95,1113.1,5487
2024-07-10 12:15:00,1112.15,1119.0,1112.1,1116.0,1533
2024-07-10 13:15:00,1114.9,1120.35,1108.85,1117.1,3226
2024-07-10 14:15:00,1118.3,1120.95,1110.45,1113.25,3328
2024-07-10 15:15:00,1113.15,1116.3,1098.0,1107.8,2463
2024-07-11 09:15:00,1116.8,1156.7,1116.8,1148.95,47921
2024-07-11 10:15:00,1149.0,1187.0,1147.1,1181.2,75984
2024-07-11 11:15:00,1181.2,1184.0,1160.0,1169.7,32525
2024-07-11 12:15:00,1169.95,1173.2,1160.2,1164.65,11854
2024-07-11 13:15:00,1164.95,1168.0,1149.05,1151.95,15636
2024-07-11 14:15:00,1151.3,1162.0,1148.6,1151.0,7725
2024-07-11 15:15:00,1151.0,1165.0,1149.1,1151.0,10606
2024-07-12 09:15:00,1168.1,1178.95,1151.35,1156.9,6308
2024-07-12 10:15:00,1156.9,1168.4,1156.9,1159.8,4803
2024-07-12 11:15:00,1159.45,1166.0,1137.05,1150.65,11604
2024-07-12 12:15:00,1150.65,1153.95,1148.05,1150.0,1742
2024-07-12 13:15:00,1150.9,1151.95,1148.0,1151.85,1136
2024-07-12 14:15:00,1151.8,1153.0,1140.4,1143.55,4361
2024-07-12 15:15:00,1143.5,1162.0,1133.95,1150.0,4412
2024-07-15 09:15:00,1168.95,1219.4,1160.05,1188.95,121135
2024-07-15 10:15:00,1189.05,1194.3,1175.05,1186.0,28280
2024-07-15 11:15:00,1186.0,1191.0,1178.5,1180.0,11515
2024-07-15 12:15:00,1180.0,1185.25,1176.0,1180.95,10728
2024-07-15 13:15:00,1179.4,1181.95,1174.35,1178.65,7380
2024-07-15 14:15:00,1179.7,1194.05,1176.7,1190.2,29064
2024-07-15 15:15:00,1191.0,1191.0,1182.25,1188.0,12472
2024-07-16 09:15:00,1330.0,1400.0,1250.2,1274.0,880937
2024-07-16 10:15:00,1273.9,1284.5,1261.3,1278.0,185388
2024-07-16 11:15:00,1277.0,1280.0,1266.0,1273.7,83820
2024-07-16 12:15:00,1272.8,1273.8,1245.7,1248.0,132105
2024-07-16 13:15:00,1247.0,1253.15,1235.55,1237.35,91677
2024-07-16 14:15:00,1237.35,1243.8,1226.0,1236.0,103681
2024-07-16 15:15:00,1236.0,1244.0,1226.8,1243.25,59863
2024-07-18 09:15:00,1261.9,1298.9,1242.2,1258.25,171495
2024-07-18 10:15:00,1258.25,1265.0,1245.25,1250.6,20032
2024-07-18 11:15:00,1250.6,1265.0,1249.55,1260.05,18244
2024-07-18 12:15:00,1260.4,1263.5,1256.4,1257.15,7127
2024-07-18 13:15:00,1258.4,1258.9,1242.0,1244.0,22812
2024-07-18 14:15:00,1244.0,1244.5,1232.0,1236.25,18821
2024-07-18 15:15:00,1236.05,1244.8,1230.05,1240.0,17025
2024-07-19 09:15:00,1234.75,1254.85,1231.0,1234.7,37889
2024-07-19 10:15:00,1233.9,1240.05,1231.7,1236.0,10590
2024-07-19 11:15:00,1237.5,1242.4,1233.1,1237.3,6277
2024-07-19 12:15:00,1237.3,1237.8,1229.15,1234.7,6272
2024-07-19 13:15:00,1234.65,1246.0,1233.3,1236.45,6423
2024-07-19 14:15:00,1237.0,1250.0,1234.1,1239.15,18335
2024-07-19 15:15:00,1240.0,1255.0,1236.0,1253.0,16995
2024-07-22 09:15:00,1210.05,1244.9,1210.0,1228.55,23600
2024-07-22 10:15:00,1228.55,1240.0,1225.5,1234.45,9567
2024-07-22 11:15:00,1232.25,1238.0,1229.35,1232.0,6901
2024-07-22 12:15:00,1233.2,1234.35,1222.05,1225.65,7291
2024-07-22 13:15:00,1226.85,1227.0,1205.2,1210.0,17872
2024-07-22 14:15:00,1210.0,1210.2,1193.1,1196.0,15522
2024-07-22 15:15:00,1197.15,1212.0,1193.65,1212.0,6538
2024-07-23 09:15:00,1210.6,1227.2,1201.45,1221.15,20327
2024-07-23 10:15:00,1221.3,1239.05,1217.9,1235.8,15993
2024-07-23 11:15:00,1237.1,1273.2,1215.65,1217.0,62675
2024-07-23 12:15:00,1218.05,1228.65,1182.1,1210.5,26864
2024-07-23 13:15:00,1210.0,1221.75,1204.95,1214.3,7957
2024-07-23 14:15:00,1214.1,1216.4,1205.05,1210.65,6230
2024-07-23 15:15:00,1212.75,1214.5,1187.1,1208.9,17536
2024-07-24 09:15:00,1195.0,1224.1,1195.0,1213.8,14052
2024-07-24 10:15:00,1213.0,1214.9,1204.4,1208.45,5233
2024-07-24 11:15:00,1209.95,1214.0,1205.5,1211.0,4546
2024-07-24 12:15:00,1210.0,1210.0,1194.25,1204.1,20547
2024-07-24 13:15:00,1204.05,1207.3,1196.85,1200.8,4967
2024-07-24 14:15:00,1200.8,1209.1,1198.7,1198.75,10635
2024-07-24 15:15:00,1198.75,1205.0,1196.6,1202.0,8367
2024-07-25 09:15:00,1200.0,1207.25,1190.0,1194.95,7740
2024-07-25 10:15:00,1193.45,1197.7,1191.15,1194.8,2147
2024-07-25 11:15:00,1194.0,1206.9,1193.9,1201.9,5771
2024-07-25 12:15:00,1202.7,1206.65,1200.8,1203.8,1383
2024-07-25 13:15:00,1202.7,1218.0,1200.0,1207.8,4445
2024-07-25 14:15:00,1207.85,1250.0,1201.6,1223.75,21747
2024-07-25 15:15:00,1224.1,1230.85,1193.9,1230.85,7465
2024-07-26 09:15:00,1225.45,1236.4,1219.0,1225.35,4929
2024-07-26 10:15:00,1225.0,1231.95,1225.0,1227.7,3270
2024-07-26 11:15:00,1227.35,1230.0,1221.55,1225.5,4165
2024-07-26 12:15:00,1225.85,1232.95,1221.0,1231.4,2225
2024-07-26 13:15:00,1230.85,1230.85,1210.0,1210.45,4547
2024-07-26 14:15:00,1212.4,1217.95,1207.95,1208.9,5050
2024-07-26 15:15:00,1207.35,1226.45,1207.0,1216.0,4149
2024-07-29 09:15:00,1229.9,1229.9,1207.6,1210.0,5352
2024-07-29 10:15:00,1208.8,1211.05,1195.0,1210.2,8997
2024-07-29 11:15:00,1210.35,1212.95,1203.95,1210.95,3786
2024-07-29 12:15:00,1211.05,1211.05,1198.95,1201.0,4464
2024-07-29 13:15:00,1200.95,1204.9,1196.5,1196.5,3600
2024-07-29 14:15:00,1197.25,1204.2,1190.05,1197.85,7325
2024-07-29 15:15:00,1196.7,1202.0,1192.0,1197.75,4810
2024-07-30 09:15:00,1207.5,1214.2,1191.05,1196.15,7811
2024-07-30 10:15:00,1197.45,1197.45,1190.6,1194.45,4313
2024-07-30 11:15:00,1193.95,1195.0,1190.0,1193.0,4446
2024-07-30 12:15:00,1192.05,1195.0,1191.0,1195.0,1611
2024-07-30 13:15:00,1195.0,1214.0,1193.0,1206.65,10060
2024-07-30 14:15:00,1206.65,1212.95,1197.65,1210.0,15751
2024-07-30 15:15:00,1210.0,1212.85,1193.0,1204.0,4042
2024-07-31 09:15:00,1205.1,1217.2,1201.75,1211.1,7982
2024-07-31 10:15:00,1211.1,1215.0,1204.45,1211.05,4128
2024-07-31 11:15:00,1211.05,1217.3,1204.0,1215.2,3690
2024-07-31 12:15:00,1215.2,1219.95,1213.1,1216.15,3035
2024-07-31 13:15:00,1217.5,1228.95,1216.2,1222.0,17032
2024-07-31 14:15:00,1222.0,1230.0,1220.2,1228.5,9669
2024-07-31 15:15:00,1228.2,1241.45,1224.75,1229.0,9929
2024-08-01 09:15:00,1237.85,1246.2,1228.0,1233.15,5958
2024-08-01 10:15:00,1233.1,1237.45,1219.15,1221.7,5151
2024-08-01 11:15:00,1222.4,1228.1,1220.7,1222.4,1603
2024-08-01 12:15:00,1220.95,1223.8,1211.55,1218.05,5111
2024-08-01 13:15:00,1217.85,1234.0,1214.0,1224.9,3038
2024-08-01 14:15:00,1223.2,1223.7,1212.05,1214.4,3655
2024-08-01 15:15:00,1213.25,1234.0,1207.0,1234.0,2570
2024-08-02 09:15:00,1209.95,1277.2,1195.05,1259.9,84656
2024-08-02 10:15:00,1259.9,1260.0,1246.8,1248.0,17091
2024-08-02 11:15:00,1248.7,1280.0,1248.35,1276.85,55694
2024-08-02 12:15:00,1277.75,1284.0,1266.3,1270.45,26402
2024-08-02 13:15:00,1269.55,1271.1,1262.0,1268.7,13448
2024-08-02 14:15:00,1266.85,1282.0,1265.25,1269.3,38089
2024-08-02 15:15:00,1269.2,1280.8,1261.0,1274.9,17169
2024-08-05 09:15:00,1249.6,1250.5,1198.75,1217.6,38003
2024-08-05 10:15:00,1216.05,1218.85,1201.1,1201.5,13927
2024-08-05 11:15:00,1201.5,1201.75,1173.15,1183.25,21549
2024-08-05 12:15:00,1181.9,1184.0,1163.25,1169.35,24914
2024-08-05 13:15:00,1171.95,1183.95,1171.45,1177.5,6119
2024-08-05 14:15:00,1177.15,1185.0,1170.85,1176.6,11357
2024-08-05 15:15:00,1175.55,1196.0,1173.4,1180.0,6732
2024-08-06 09:15:00,1185.65,1197.85,1176.55,1183.35,10523
2024-08-06 10:15:00,1184.85,1185.0,1174.05,1179.65,2442
2024-08-06 11:15:00,1178.55,1180.9,1175.0,1176.0,2056
2024-08-06 12:15:00,1176.05,1179.7,1174.25,1174.75,1557
2024-08-06 13:15:00,1176.15,1177.45,1157.3,1163.8,3627
2024-08-06 14:15:00,1162.65,1177.0,1160.6,1174.15,8372
2024-08-06 15:15:00,1174.15,1182.1,1161.45,1165.0,4494
2024-08-07 09:15:00,1184.95,1186.0,1170.05,1175.25,10538
2024-08-07 10:15:00,1175.0,1177.05,1169.05,1173.9,3323
2024-08-07 11:15:00,1173.35,1175.45,1171.3,1174.3,1445
2024-08-07 12:15:00,1174.5,1185.55,1173.0,1184.75,7108
2024-08-07 13:15:00,1184.35,1199.25,1181.6,1192.1,13495
2024-08-07 14:15:00,1191.4,1235.0,1190.7,1198.1,13113
2024-08-07 15:15:00,1200.75,1235.0,1200.55,1215.55,10527
2024-08-08 09:15:00,1216.9,1223.35,1197.9,1218.5,8493
2024-08-08 10:15:00,1218.15,1259.95,1218.15,1259.95,32577
2024-08-08 11:15:00,1259.8,1293.95,1253.15,1280.4,92521
2024-08-08 12:15:00,1280.45,1288.0,1264.15,1266.8,23963
2024-08-08 13:15:00,1266.45,1280.0,1266.0,1278.7,12019
2024-08-08 14:15:00,1277.9,1279.95,1261.3,1274.95,13724
2024-08-08 15:15:00,1272.55,1275.0,1264.05,1274.85,18700
2024-08-09 09:15:00,1278.25,1278.3,1256.95,1258.7,4990
2024-08-09 10:15:00,1258.4,1262.2,1249.75,1254.45,6599
2024-08-09 11:15:00,1255.4,1256.6,1251.45,1255.45,2667
2024-08-09 12:15:00,1255.45,1257.45,1248.8,1251.95,2181
2024-08-09 13:15:00,1251.95,1256.05,1201.0,1221.5,2165860
2024-08-09 14:15:00,1221.45,1227.0,1213.05,1224.5,93232
2024-08-09 15:15:00,1224.5,1228.15,1217.0,1220.0,40145
2024-08-12 09:15:00,1202.45,1225.3,1202.45,1224.0,16843
2024-08-12 10:15:00,1224.05,1238.0,1224.05,1236.3,9548
2024-08-12 11:15:00,1236.3,1244.5,1227.0,1227.3,7192
2024-08-12 12:15:00,1228.75,1231.25,1223.8,1230.4,3492
2024-08-12 13:15:00,1228.3,1230.0,1221.0,1229.6,11442
2024-08-12 14:15:00,1227.6,1240.45,1224.0,1236.05,11609
2024-08-12 15:15:00,1236.0,1236.75,1231.4,1235.0,2850
2024-08-13 09:15:00,1237.0,1243.15,1224.1,1237.9,7900
2024-08-13 10:15:00,1236.95,1265.0,1226.95,1257.85,28495
2024-08-13 11:15:00,1258.8,1310.8,1255.6,1288.4,111634
2024-08-13 12:15:00,1290.0,1290.55,1271.8,1278.0,17253
2024-08-13 13:15:00,1276.8,1284.0,1269.25,1271.15,8531
2024-08-13 14:15:00,1271.6,1284.0,1269.25,1275.3,21653
2024-08-13 15:15:00,1275.2,1285.0,1270.05,1270.1,8409
2024-08-14 09:15:00,1261.15,1272.55,1250.3,1267.7,13505
2024-08-14 10:15:00,1267.35,1278.95,1266.35,1273.3,7387
2024-08-14 11:15:00,1274.75,1279.4,1272.0,1276.5,4090
2024-08-14 12:15:00,1276.9,1285.2,1275.55,1283.0,5869
2024-08-14 13:15:00,1282.45,1287.6,1278.05,1284.3,6673
2024-08-14 14:15:00,1284.2,1286.1,1279.65,1280.8,10446
2024-08-14 15:15:00,1280.8,1283.35,1274.95,1280.0,3407
2024-08-16 09:15:00,1306.5,1308.05,1275.15,1281.7,13731
2024-08-16 10:15:00,1280.15,1291.5,1277.0,1279.0,8371
2024-08-16 11:15:00,1278.6,1284.0,1277.4,1283.5,3410
2024-08-16 12:15:00,1284.35,1284.35,1275.25,1276.35,5156
2024-08-16 13:15:00,1276.35,1284.2,1276.3,1282.55,3445
2024-08-16 14:15:00,1283.0,1299.9,1281.1,1294.75,10673
2024-08-16 15:15:00,1293.05,1297.95,1275.95,1277.5,8172
2024-08-19 09:15:00,1295.0,1295.0,1273.05,1286.7,13100
2024-08-19 10:15:00,1286.55,1288.2,1272.75,1278.95,7125
2024-08-19 11:15:00,1278.85,1306.3,1270.6,1296.7,42866
2024-08-19 12:15:00,1297.55,1309.95,1295.3,1303.05,8402
2024-08-19 13:15:00,1303.0,1307.0,1300.0,1304.55,5238
2024-08-19 14:15:00,1304.55,1310.0,1300.0,1309.0,10173
2024-08-19 15:15:00,1309.0,1312.5,1306.25,1308.0,5306
2024-08-20 09:15:00,1310.15,1314.65,1280.4,1298.7,10072
2024-08-20 10:15:00,1298.95,1303.95,1294.8,1300.05,10301
2024-08-20 11:15:00,1301.7,1323.95,1298.85,1306.3,12783
2024-08-20 12:15:00,1306.45,1308.9,1296.0,1299.05,5760
2024-08-20 13:15:00,1300.85,1303.2,1296.0,1303.0,4347
2024-08-20 14:15:00,1303.5,1312.65,1303.5,1306.0,5327
2024-08-20 15:15:00,1306.0,1311.85,1304.0,1304.0,5250
2024-08-21 09:15:00,1285.3,1319.0,1274.45,1302.5,7474
2024-08-21 10:15:00,1304.1,1310.0,1302.1,1304.45,8452
2024-08-21 11:15:00,1304.45,1307.6,1303.0,1304.9,3567
2024-08-21 12:15:00,1303.9,1303.9,1284.9,1293.2,7940
2024-08-21 13:15:00,1294.15,1307.0,1293.8,1305.6,5816
2024-08-21 14:15:00,1305.6,1307.35,1303.35,1303.75,12514
2024-08-21 15:15:00,1304.0,1305.8,1270.25,1297.3,10536
2024-08-22 09:15:00,1291.55,1306.7,1289.05,1297.75,6694
2024-08-22 10:15:00,1298.65,1305.0,1296.65,1300.15,2185
2024-08-22 11:15:00,1300.1,1314.95,1300.0,1308.7,6930
2024-08-22 12:15:00,1310.0,1317.2,1306.1,1306.1,4059
2024-08-22 13:15:00,1306.0,1313.1,1292.9,1306.95,3835
2024-08-22 14:15:00,1305.2,1315.0,1300.15,1312.2,4596
2024-08-22 15:15:00,1311.1,1313.95,1297.0,1312.0,2040
2024-08-23 09:15:00,1306.5,1308.9,1298.3,1299.05,3199
2024-08-23 10:15:00,1296.25,1304.0,1291.3,1297.05,10613
2024-08-23 11:15:00,1297.95,1302.1,1292.1,1292.5,2509
2024-08-23 12:15:00,1292.45,1296.5,1289.2,1292.95,3905
2024-08-23 13:15:00,1293.45,1303.8,1291.1,1297.55,4239
2024-08-23 14:15:00,1297.5,1321.0,1297.4,1316.05,7711
2024-08-23 15:15:00,1317.6,1342.0,1307.15,1308.0,10832
2024-08-26 09:15:00,1315.45,1320.0,1287.05,1298.3,6801
2024-08-26 10:15:00,1298.0,1299.45,1290.0,1295.0,4104
2024-08-26 11:15:00,1296.15,1298.95,1292.0,1295.7,1496
2024-08-26 12:15:00,1297.05,1307.85,1296.15,1300.8,4683
2024-08-26 13:15:00,1301.05,1303.7,1300.0,1301.5,1099
2024-08-26 14:15:00,1302.75,1306.0,1299.9,1300.0,3050
2024-08-26 15:15:00,1300.05,1303.0,1300.0,1300.0,2175
2024-08-27 09:15:00,1301.15,1318.05,1287.8,1308.25,12146
2024-08-27 10:15:00,1310.0,1311.75,1304.0,1304.0,2008
2024-08-27 11:15:00,1303.3,1308.95,1296.05,1308.4,4594
2024-08-27 12:15:00,1307.95,1307.95,1296.05,1301.65,2605
2024-08-27 13:15:00,1300.0,1303.5,1295.0,1300.4,1758
2024-08-27 14:15:00,1300.4,1310.0,1296.0,1304.95,3007
2024-08-27 15:15:00,1304.9,1315.0,1295.0,1315.0,1152
2024-08-28 09:15:00,1307.0,1307.0,1290.0,1301.1,3616
2024-08-28 10:15:00,1299.2,1302.4,1294.05,1298.0,4071
2024-08-28 11:15:00,1298.0,1300.0,1287.35,1296.15,11558
2024-08-28 12:15:00,1295.3,1295.3,1287.4,1292.0,6377
2024-08-28 13:15:00,1292.0,1298.4,1290.5,1295.0,3934
2024-08-28 14:15:00,1294.4,1314.3,1292.7,1310.1,5809
2024-08-28 15:15:00,1310.1,1313.5,1294.6,1299.0,2584
2024-08-29 09:15:00,1308.05,1309.95,1290.05,1302.35,4967
2024-08-29 10:15:00,1301.05,1302.05,1295.0,1300.0,3971
2024-08-29 11:15:00,1299.6,1303.25,1297.05,1301.15,1169
2024-08-29 12:15:00,1301.2,1311.0,1301.0,1301.5,2574
2024-08-29 13:15:00,1301.5,1315.0,1301.5,1310.0,3806
2024-08-29 14:15:00,1311.05,1315.3,1301.4,1310.45,12777
2024-08-29 15:15:00,1312.7,1315.75,1300.5,1300.5,2829
2024-08-30 09:15:00,1309.7,1313.0,1299.05,1310.25,2601
2024-08-30 10:15:00,1310.25,1311.05,1303.35,1304.2,1481
2024-08-30 11:15:00,1303.15,1305.5,1302.0,1302.1,1644
2024-08-30 12:15:00,1302.05,1312.55,1302.0,1305.4,1906
2024-08-30 13:15:00,1306.5,1312.5,1305.0,1310.4,1048
2024-08-30 14:15:00,1310.4,1315.0,1302.4,1312.0,5228
2024-08-30 15:15:00,1310.55,1318.0,1305.0,1310.45,3521
2024-09-02 09:15:00,1320.0,1335.95,1301.0,1315.5,12341
2024-09-02 10:15:00,1315.5,1326.45,1312.2,1316.8,7668
2024-09-02 11:15:00,1316.8,1319.1,1312.2,1313.9,2019
2024-09-02 12:15:00,1313.9,1321.95,1313.0,1313.0,2159
2024-09-02 13:15:00,1313.0,1320.05,1313.0,1314.8,5899
2024-09-02 14:15:00,1313.35,1321.95,1313.0,1319.85,7001
2024-09-02 15:15:00,1318.05,1320.9,1314.2,1314.2,5343
2024-09-03 09:15:00,1320.75,1333.9,1285.95,1323.4,17795
2024-09-03 10:15:00,1323.4,1327.85,1319.0,1320.8,3121
2024-09-03 11:15:00,1322.2,1326.95,1320.25,1326.55,2220
2024-09-03 12:15:00,1325.0,1330.8,1324.0,1330.35,6313
2024-09-03 13:15:00,1329.1,1331.8,1324.1,1330.05,5469
2024-09-03 14:15:00,1330.0,1345.0,1328.3,1342.6,23613
2024-09-03 15:15:00,1343.95,1346.0,1333.0,1340.0,13497
2024-09-04 09:15:00,1335.0,1335.0,1312.3,1330.2,23168
2024-09-04 10:15:00,1329.9,1335.95,1321.55,1327.0,5993
2024-09-04 11:15:00,1327.0,1328.4,1325.0,1325.05,2069
2024-09-04 12:15:00,1325.8,1328.7,1325.1,1326.25,748
2024-09-04 13:15:00,1326.4,1331.95,1326.0,1328.45,1430
2024-09-04 14:15:00,1328.8,1331.7,1325.35,1326.65,2564
2024-09-04 15:15:00,1325.65,1332.0,1325.0,1325.0,3358
2024-09-05 09:15:00,1331.7,1331.7,1300.25,1301.35,8718
2024-09-05 10:15:00,1301.25,1302.85,1278.95,1283.0,10591
2024-09-05 11:15:00,1283.95,1289.65,1278.8,1282.4,10685
2024-09-05 12:15:00,1284.05,1284.7,1273.85,1275.0,6990
2024-09-05 13:15:00,1275.05,1283.4,1274.9,1277.05,4225
2024-09-05 14:15:00,1277.2,1278.8,1250.3,1253.65,19872
2024-09-05 15:15:00,1254.0,1259.75,1250.0,1255.9,10943
2024-09-06 09:15:00,1255.9,1273.55,1251.0,1251.4,11272
2024-09-06 10:15:00,1252.8,1258.0,1246.65,1251.1,3771
2024-09-06 11:15:00,1251.1,1260.9,1251.1,1257.75,1782
2024-09-06 12:15:00,1257.65,1259.95,1249.4,1254.75,2801
2024-09-06 13:15:00,1253.35,1259.25,1251.05,1254.65,1355
2024-09-06 14:15:00,1254.55,1261.0,1250.0,1257.05,5784
2024-09-06 15:15:00,1257.05,1259.9,1248.0,1249.15,2592
2024-09-09 09:15:00,1257.0,1259.95,1231.55,1249.8,5623
2024-09-09 10:15:00,1250.25,1251.8,1240.0,1244.95,1348
2024-09-09 11:15:00,1244.9,1244.95,1233.0,1234.95,2441
2024-09-09 12:15:00,1234.95,1237.95,1224.05,1229.95,2254
2024-09-09 13:15:00,1227.55,1227.55,1216.1,1220.0,4000
2024-09-09 14:15:00,1219.75,1232.8,1193.3,1229.45,26007
2024-09-09 15:15:00,1229.5,1240.0,1220.0,1227.45,4748
2024-09-10 09:15:00,1231.35,1250.0,1231.1,1243.0,5533
2024-09-10 10:15:00,1242.85,1243.6,1238.0,1241.05,1220
2024-09-10 11:15:00,1241.05,1243.6,1239.6,1243.6,411
2024-09-10 12:15:00,1243.6,1244.25,1239.0,1241.65,1651
2024-09-10 13:15:00,1241.55,1242.25,1236.05,1238.1,779
2024-09-10 14:15:00,1236.4,1250.0,1235.0,1245.0,2304
2024-09-10 15:15:00,1246.2,1250.0,1236.2,1247.05,1750
2024-09-11 09:15:00,1240.25,1249.45,1235.75,1247.0,3696
2024-09-11 10:15:00,1248.65,1249.8,1240.1,1240.45,2376
2024-09-11 11:15:00,1242.1,1246.9,1240.0,1242.9,601
2024-09-11 12:15:00,1240.65,1241.3,1237.05,1238.5,534
2024-09-11 13:15:00,1239.95,1240.35,1224.1,1231.1,1485
2024-09-11 14:15:00,1231.6,1232.2,1214.65,1223.0,7590
2024-09-11 15:15:00,1222.2,1250.0,1219.7,1234.0,4564
2024-09-12 09:15:00,1235.15,1240.4,1224.0,1224.0,3106
2024-09-12 10:15:00,1225.1,1228.0,1216.0,1219.65,2319
2024-09-12 11:15:00,1218.1,1231.75,1216.55,1231.45,4496
2024-09-12 12:15:00,1231.45,1231.45,1223.05,1225.1,1410
2024-09-12 13:15:00,1226.65,1231.95,1225.5,1227.8,1127
2024-09-12 14:15:00,1228.85,1229.0,1221.55,1227.0,1465
2024-09-12 15:15:00,1227.0,1227.05,1220.0,1220.0,1306
2024-09-13 09:15:00,1224.85,1250.0,1217.45,1229.35,10038
2024-09-13 10:15:00,1229.45,1242.9,1226.45,1233.7,2278
2024-09-13 11:15:00,1235.15,1235.15,1228.05,1230.55,998
2024-09-13 12:15:00,1230.55,1232.95,1227.75,1229.6,743
2024-09-13 13:15:00,1230.0,1232.55,1227.3,1227.8,510
2024-09-13 14:15:00,1227.65,1233.3,1221.5,1232.7,2194
2024-09-13 15:15:00,1232.3,1238.4,1220.0,1221.7,2043
2024-09-16 09:15:00,1229.35,1237.5,1217.6,1225.4,2830
2024-09-16 10:15:00,1227.0,1237.55,1226.0,1230.9,2222
2024-09-16 11:15:00,1230.9,1231.3,1224.55,1227.55,1151
2024-09-16 12:15:00,1227.5,1227.5,1223.1,1224.55,314
2024-09-16 13:15:00,1224.5,1225.0,1221.0,1221.2,680
2024-09-16 14:15:00,1221.2,1222.85,1215.0,1219.0,1320
2024-09-16 15:15:00,1221.2,1226.95,1217.05,1226.0,538
2024-09-17 09:15:00,1219.7,1219.7,1203.3,1212.25,2795
2024-09-17 10:15:00,1209.95,1214.8,1207.0,1212.8,924
2024-09-17 11:15:00,1208.65,1217.75,1208.55,1211.55,1514
2024-09-17 12:15:00,1211.55,1215.9,1208.1,1210.2,1700
2024-09-17 13:15:00,1209.2,1221.95,1208.0,1220.9,10001
2024-09-17 14:15:00,1221.65,1226.75,1216.55,1222.4,7407
2024-09-17 15:15:00,1222.55,1227.5,1218.4,1223.5,2613
2024-09-18 09:15:00,1222.95,1224.95,1205.0,1215.5,3663
2024-09-18 10:15:00,1216.4,1218.35,1213.3,1214.1,951
2024-09-18 11:15:00,1213.0,1227.65,1213.0,1226.05,5266
2024-09-18 12:15:00,1226.1,1240.0,1223.85,1226.8,4003
2024-09-18 13:15:00,1225.8,1227.0,1220.6,1225.5,918
2024-09-18 14:15:00,1225.65,1233.55,1222.35,1226.15,3815
2024-09-18 15:15:00,1226.15,1235.0,1220.15,1220.15,1298
2024-09-19 09:15:00,1225.75,1235.3,1216.2,1219.85,4153
2024-09-19 10:15:00,1219.85,1220.7,1209.25,1216.9,3163
2024-09-19 11:15:00,1216.9,1216.9,1207.0,1214.9,2677
2024-09-19 12:15:00,1212.7,1220.0,1208.0,1215.35,2105
2024-09-19 13:15:00,1213.5,1217.95,1207.0,1211.6,2788
2024-09-19 14:15:00,1211.0,1214.05,1187.3,1191.0,8763
2024-09-19 15:15:00,1194.25,1205.0,1191.2,1200.0,5150
2024-09-20 09:15:00,1199.05,1214.0,1195.1,1199.25,8263
2024-09-20 10:15:00,1200.95,1210.6,1196.35,1207.5,2788
2024-09-20 11:15:00,1206.5,1209.85,1202.05,1206.0,1429
2024-09-20 12:15:00,1206.25,1208.0,1202.0,1203.15,784
2024-09-20 13:15:00,1203.0,1204.9,1196.45,1199.15,659
2024-09-20 14:15:00,1199.85,1210.85,1196.0,1206.95,3029
2024-09-20 15:15:00,1206.95,1208.35,1200.0,1200.0,751
2024-09-23 09:15:00,1206.3,1213.3,1195.45,1195.8,3809
2024-09-23 10:15:00,1195.9,1202.25,1195.85,1198.9,822
2024-09-23 11:15:00,1197.65,1202.85,1195.45,1195.55,1331
2024-09-23 12:15:00,1195.8,1199.45,1190.05,1191.85,5361
2024-09-23 13:15:00,1191.85,1196.65,1188.55,1192.4,4976
2024-09-23 14:15:00,1190.7,1194.15,1186.1,1192.8,4420
2024-09-23 15:15:00,1192.65,1193.0,1186.1,1193.0,2044
2024-09-24 09:15:00,1201.5,1220.95,1187.0,1190.6,4293
2024-09-24 10:15:00,1191.3,1211.0,1189.1,1206.55,5133
2024-09-24 11:15:00,1206.55,1219.3,1205.9,1212.65,7173
2024-09-24 12:15:00,1210.95,1213.7,1210.25,1212.1,411
2024-09-24 13:15:00,1212.75,1214.2,1187.3,1197.4,6093
2024-09-24 14:15:00,1197.1,1198.0,1192.0,1193.0,841
2024-09-24 15:15:00,1193.0,1198.0,1191.35,1197.95,1325
2024-09-25 09:15:00,1197.95,1200.4,1178.0,1179.55,2478
2024-09-25 10:15:00,1179.35,1189.95,1178.0,1185.9,2168
2024-09-25 11:15:00,1185.9,1187.05,1178.85,1179.85,1226
2024-09-25 12:15:00,1181.0,1182.65,1160.1,1167.95,4729
2024-09-25 13:15:00,1167.05,1181.85,1167.05,1175.75,3909
2024-09-25 14:15:00,1175.6,1181.6,1172.1,1177.1,2047
2024-09-25 15:15:00,1175.0,1179.95,1171.9,1179.95,1366
2024-09-26 09:15:00,1181.05,1181.25,1174.85,1176.3,1881
2024-09-26 10:15:00,1175.55,1182.5,1172.05,1177.9,2042
2024-09-26 11:15:00,1179.15,1179.4,1173.45,1174.6,658
2024-09-26 12:15:00,1174.25,1174.25,1169.0,1169.0,991
2024-09-26 13:15:00,1169.0,1178.95,1159.05,1169.2,3236
2024-09-26 14:15:00,1169.2,1175.25,1160.05,1172.2,2596
2024-09-26 15:15:00,1172.25,1184.9,1150.35,1178.0,3714
2024-09-27 09:15:00,1170.8,1184.35,1166.15,1177.0,4775
2024-09-27 10:15:00,1175.55,1180.0,1170.0,1173.1,2403
2024-09-27 11:15:00,1173.1,1178.95,1154.05,1174.6,6812
2024-09-27 12:15:00,1174.65,1178.65,1170.0,1170.0,698
2024-09-27 13:15:00,1170.75,1175.55,1167.6,1169.95,997
2024-09-27 14:15:00,1169.95,1179.95,1165.1,1165.25,3619
2024-09-27 15:15:00,1165.25,1173.85,1161.15,1161.15,3466
2024-09-30 09:15:00,1171.4,1192.5,1170.0,1177.65,7100
2024-09-30 10:15:00,1179.75,1182.95,1175.0,1177.25,1913
2024-09-30 11:15:00,1177.1,1185.45,1177.1,1182.05,2866
2024-09-30 12:15:00,1183.5,1193.0,1179.15,1189.6,3135
2024-09-30 13:15:00,1188.05,1189.9,1183.05,1188.0,782
2024-09-30 14:15:00,1185.5,1194.3,1183.05,1186.0,1987
2024-09-30 15:15:00,1188.85,1197.0,1180.0,1182.0,2411
2024-10-01 09:15:00,1201.0,1206.95,1180.95,1186.0,3336
2024-10-01 10:15:00,1186.0,1188.65,1180.0,1182.6,1101
2024-10-01 11:15:00,1182.6,1186.35,1181.0,1183.9,539
2024-10-01 12:15:00,1183.95,1186.25,1176.25,1178.05,1045
2024-10-01 13:15:00,1179.0,1179.0,1173.05,1174.15,878
2024-10-01 14:15:00,1174.95,1184.9,1174.7,1176.45,1161
2024-10-01 15:15:00,1176.3,1179.95,1171.0,1178.9,1069
2024-10-03 09:15:00,1176.35,1176.35,1155.4,1165.0,1913
2024-10-03 10:15:00,1164.95,1165.0,1157.0,1161.2,1085
2024-10-03 11:15:00,1161.05,1161.95,1152.05,1155.8,1047
2024-10-03 12:15:00,1154.65,1157.25,1151.0,1152.1,949
2024-10-03 13:15:00,1152.55,1155.9,1146.5,1155.9,1345
2024-10-03 14:15:00,1150.55,1153.45,1134.0,1143.15,2775
2024-10-03 15:15:00,1140.5,1156.95,1137.0,1155.0,880
2024-10-04 09:15:00,1146.45,1149.9,1124.1,1146.85,4548
2024-10-04 10:15:00,1148.4,1161.9,1148.4,1155.55,3513
2024-10-04 11:15:00,1156.95,1159.0,1154.05,1157.3,760
2024-10-04 12:15:00,1156.95,1159.0,1150.0,1152.15,982
2024-10-04 13:15:00,1153.45,1153.95,1135.1,1144.65,984
2024-10-04 14:15:00,1145.4,1152.3,1126.0,1144.9,2098
2024-10-04 15:15:00,1144.8,1156.0,1120.65,1153.0,4721
2024-10-07 09:15:00,1138.3,1144.95,1128.25,1135.3,2168
2024-10-07 10:15:00,1134.95,1134.95,1117.2,1122.4,2364
2024-10-07 11:15:00,1122.4,1128.0,1117.15,1121.0,1617
2024-10-07 12:15:00,1121.0,1128.0,1117.05,1124.0,1937
2024-10-07 13:15:00,1124.0,1125.65,1119.85,1123.55,1981
2024-10-07 14:15:00,1122.0,1124.0,1112.6,1118.6,1793
2024-10-07 15:15:00,1118.65,1124.0,1101.8,1119.95,6256
2024-10-08 09:15:00,1119.65,1125.0,1113.05,1116.0,412663
2024-10-08 10:15:00,1114.95,1128.0,1113.25,1120.65,1292
2024-10-08 11:15:00,1120.65,1123.1,1116.05,1117.6,1314
2024-10-08 12:15:00,1118.15,1121.9,1114.0,1118.15,1091
2024-10-08 13:15:00,1119.9,1125.0,1119.9,1124.4,667
2024-10-08 14:15:00,1122.05,1128.0,1120.55,1124.4,2361
2024-10-08 15:15:00,1124.6,1125.0,1116.05,1121.1,2394
2024-10-09 09:15:00,1133.9,1151.95,1122.5,1147.4,47607
2024-10-09 10:15:00,1149.05,1152.0,1144.55,1148.15,2620
2024-10-09 11:15:00,1147.65,1148.95,1142.25,1144.0,1256
2024-10-09 12:15:00,1144.0,1146.45,1135.1,1142.5,1927
2024-10-09 13:15:00,1144.15,1144.25,1140.0,1141.15,651
2024-10-09 14:15:00,1142.55,1143.1,1134.1,1140.85,2082
2024-10-09 15:15:00,1140.9,1150.0,1136.8,1148.0,1460
2024-10-10 09:15:00,1146.85,1149.4,1134.6,1142.7,2593
2024-10-10 10:15:00,1144.55,1160.0,1139.3,1141.45,3127
2024-10-10 11:15:00,1141.4,1141.4,1135.25,1137.35,588
2024-10-10 12:15:00,1137.5,1142.0,1137.0,1137.65,441
2024-10-10 13:15:00,1137.65,1139.2,1135.95,1137.45,395
2024-10-10 14:15:00,1137.45,1141.85,1132.3,1133.95,1674
2024-10-10 15:15:00,1134.8,1139.9,1130.65,1135.0,844
2024-10-11 09:15:00,1122.6,1142.0,1122.6,1140.4,1588
2024-10-11 10:15:00,1138.05,1138.05,1132.1,1134.0,301
2024-10-11 11:15:00,1135.15,1135.15,1132.65,1134.75,56
2024-10-11 12:15:00,1134.75,1137.95,1132.4,1135.05,470
2024-10-11 13:15:00,1135.8,1140.1,1133.4,1134.3,633
2024-10-11 14:15:00,1135.75,1149.85,1133.25,1140.0,1890
2024-10-11 15:15:00,1140.65,1157.8,1138.55,1154.0,2678
2024-10-14 09:15:00,1151.0,1156.5,1123.4,1133.95,3399
2024-10-14 10:15:00,1133.75,1148.55,1126.4,1131.0,2193
2024-10-14 11:15:00,1131.0,1135.0,1127.05,1130.9,1024
2024-10-14 12:15:00,1130.35,1134.4,1103.55,1118.05,9375
2024-10-14 13:15:00,1118.1,1126.0,1115.2,1119.95,1674
2024-10-14 14:15:00,1123.1,1125.75,1118.5,1123.95,2010
2024-10-14 15:15:00,1124.45,1125.95,1120.0,1120.1,1907
2024-10-15 09:15:00,1125.45,1132.2,1121.05,1122.7,1343
2024-10-15 10:15:00,1122.7,1132.0,1118.5,1131.2,2076
2024-10-15 11:15:00,1130.05,1134.95,1128.5,1130.0,16989
2024-10-15 12:15:00,1130.0,1135.0,1124.5,1130.0,25019
2024-10-15 13:15:00,1130.1,1145.0,1127.8,1143.2,22444
2024-10-15 14:15:00,1143.95,1177.95,1141.25,1162.75,34792
2024-10-15 15:15:00,1163.15,1167.35,1159.0,1163.5,8476
2024-10-16 09:15:00,1169.2,1191.0,1158.1,1160.7,6664
2024-10-16 10:15:00,1161.2,1166.9,1150.05,1161.75,2202
2024-10-16 11:15:00,1162.5,1164.0,1154.1,1157.5,2007
2024-10-16 12:15:00,1157.35,1161.0,1150.5,1160.6,1237
2024-10-16 13:15:00,1160.6,1161.35,1159.0,1160.0,428
2024-10-16 14:15:00,1160.85,1161.3,1153.2,1154.45,2167
2024-10-16 15:15:00,1154.45,1162.0,1150.0,1159.0,2196
2024-10-17 09:15:00,1157.3,1166.9,1152.0,1154.9,3632
2024-10-17 10:15:00,1154.95,1168.35,1153.3,1163.45,2042
2024-10-17 11:15:00,1162.9,1167.9,1161.05,1163.95,936
2024-10-17 12:15:00,1163.8,1164.9,1161.0,1162.65,871
2024-10-17 13:15:00,1162.65,1166.0,1161.0,1164.25,505
2024-10-17 14:15:00,1162.95,1170.05,1161.0,1161.75,2732
2024-10-17 15:15:00,1162.15,1169.8,1160.0,1161.0,1936
2024-10-18 09:15:00,1163.65,1163.65,1146.25,1150.55,2623
2024-10-18 10:15:00,1149.5,1164.2,1148.0,1164.2,4203
2024-10-18 11:15:00,1163.0,1164.0,1161.0,1161.5,422
2024-10-18 12:15:00,1162.05,1163.1,1161.05,1161.15,170
2024-10-18 13:15:00,1161.15,1165.0,1161.0,1165.0,433
2024-10-18 14:15:00,1163.25,1179.95,1161.0,1161.25,3537
2024-10-18 15:15:00,1161.2,1171.7,1161.0,1161.0,1170
2024-10-21 09:15:00,1162.45,1167.3,1150.1,1162.4,5222
2024-10-21 10:15:00,1160.45,1163.5,1158.0,1160.2,2206
2024-10-21 11:15:00,1161.95,1174.9,1160.0,1170.0,7034
2024-10-21 12:15:00,1170.05,1181.0,1165.0,1175.3,8219
2024-10-21 13:15:00,1175.15,1195.0,1165.25,1179.0,15576
2024-10-21 14:15:00,1179.0,1180.0,1165.05,1174.05,6384
2024-10-21 15:15:00,1173.0,1180.0,1162.5,1180.0,1981
2024-10-22 09:15:00,1176.0,1178.25,1151.0,1151.55,2277
2024-10-22 10:15:00,1153.75,1156.05,1143.0,1144.1,4815
2024-10-22 11:15:00,1145.9,1145.9,1130.15,1130.45,4472
2024-10-22 12:15:00,1132.2,1136.9,1130.0,1130.05,3357
2024-10-22 13:15:00,1132.55,1135.6,1128.9,1132.5,3117
2024-10-22 14:15:00,1132.6,1144.3,1121.2,1132.75,4774
2024-10-22 15:15:00,1132.0,1145.0,1125.65,1143.15,3682
2024-10-23 09:15:00,1135.1,1135.1,1085.0,1114.5,12598
2024-10-23 10:15:00,1115.0,1123.0,1110.8,1120.0,5680
2024-10-23 11:15:00,1120.0,1122.0,1115.0,1117.8,3072
2024-10-23 12:15:00,1117.75,1118.95,1110.9,1114.6,6176
2024-10-23 13:15:00,1114.7,1127.65,1111.05,1119.55,4735
2024-10-23 14:15:00,1120.5,1125.85,1111.05,1118.15,6584
2024-10-23 15:15:00,1117.05,1119.3,1111.1,1111.35,2129
2024-10-24 09:15:00,1115.0,1121.05,1095.65,1108.2,2762
2024-10-24 10:15:00,1109.6,1114.3,1105.05,1110.9,4476
2024-10-24 11:15:00,1109.6,1124.15,1109.15,1115.1,4510
2024-10-24 12:15:00,1117.9,1118.1,1090.55,1091.0,8075
2024-10-24 13:15:00,1090.95,1095.8,1067.8,1074.0,18954
2024-10-24 14:15:00,1075.0,1087.6,1069.95,1085.5,6983
2024-10-24 15:15:00,1083.6,1087.35,1080.0,1086.0,1456
2024-10-25 09:15:00,1086.8,1088.05,1058.0,1066.0,3876
2024-10-25 10:15:00,1065.8,1068.9,1055.15,1062.3,3704
2024-10-25 11:15:00,1062.85,1068.9,1058.9,1068.25,2550
2024-10-25 12:15:00,1066.35,1070.9,1065.25,1068.25,1631
2024-10-25 13:15:00,1066.35,1072.0,1066.1,1067.85,1786
2024-10-25 14:15:00,1067.8,1070.45,1062.65,1064.6,2591
2024-10-25 15:15:00,1064.6,1075.95,1051.0,1061.1,2921
2024-10-28 09:15:00,1059.95,1064.95,1050.05,1054.9,4199
2024-10-28 10:15:00,1054.35,1083.55,1053.1,1078.05,4884
2024-10-28 11:15:00,1077.35,1088.0,1052.1,1052.9,11532
2024-10-28 12:15:00,1052.9,1058.9,1041.8,1045.0,19029
2024-10-28 13:15:00,1045.8,1048.25,1035.85,1037.95,12236
2024-10-28 14:15:00,1038.55,1047.6,1036.0,1043.65,4446
2024-10-28 15:15:00,1043.75,1050.0,1042.0,1050.0,1970
2024-10-29 09:15:00,1048.55,1063.15,1043.0,1053.5,3096
2024-10-29 10:15:00,1050.5,1052.95,1042.8,1048.0,905
2024-10-29 11:15:00,1048.65,1054.8,1045.85,1051.55,1630
2024-10-29 12:15:00,1052.05,1064.8,1050.5,1060.9,1953
2024-10-29 13:15:00,1061.15,1066.0,1039.0,1042.0,4544
2024-10-29 14:15:00,1043.75,1044.95,1029.4,1038.0,10010
2024-10-29 15:15:00,1039.9,1049.9,1035.0,1049.9,1679
2024-10-30 09:15:00,1035.85,1063.85,1035.85,1058.4,3180
2024-10-30 10:15:00,1059.1,1063.0,1054.05,1061.6,1385
2024-10-30 11:15:00,1062.8,1065.9,1060.15,1063.0,935
2024-10-30 12:15:00,1061.75,1069.95,1060.55,1068.4,747
2024-10-30 13:15:00,1066.0,1069.95,1048.55,1054.4,5574
2024-10-30 14:15:00,1053.45,1060.35,1034.1,1054.95,5235
2024-10-30 15:15:00,1053.3,1059.95,1050.7,1055.0,7261
2024-10-31 09:15:00,1050.95,1073.9,1045.9,1070.25,4092
2024-10-31 10:15:00,1070.25,1077.7,1066.75,1068.15,2886
2024-10-31 11:15:00,1068.15,1071.65,1063.8,1067.85,2765
2024-10-31 12:15:00,1068.1,1108.6,1068.0,1093.0,17394
2024-10-31 13:15:00,1094.1,1098.9,1090.45,1091.55,1156
2024-10-31 14:15:00,1090.55,1093.0,1080.0,1089.25,3645
2024-10-31 15:15:00,1089.35,1094.1,1079.95,1093.0,2826
2024-11-01 18:00:00,1086.95,1122.95,1084.55,1118.3,4738
2024-11-04 09:15:00,1129.7,1129.7,1093.15,1098.3,20186
2024-11-04 10:15:00,1098.9,1168.7,1097.15,1138.7,58851
2024-11-04 11:15:00,1134.75,1143.0,1098.0,1118.95,18134
2024-11-04 12:15:00,1120.4,1126.85,1057.75,1094.15,72964
2024-11-04 13:15:00,1093.95,1096.7,1078.25,1081.8,11357
2024-11-04 14:15:00,1080.7,1085.4,1060.5,1072.95,17703
2024-11-04 15:15:00,1070.1,1072.9,1060.05,1068.0,10491
2024-11-05 09:15:00,1097.65,1200.0,1097.65,1189.0,449756
2024-11-05 10:15:00,1189.85,1190.0,1142.0,1169.5,220724
2024-11-05 11:15:00,1169.5,1175.0,1160.0,1171.3,61230
2024-11-05 12:15:00,1170.4,1175.0,1155.0,1159.0,69616
2024-11-05 13:15:00,1158.35,1173.0,1150.3,1158.45,42433
2024-11-05 14:15:00,1158.9,1158.9,1130.0,1147.9,64020
2024-11-05 15:15:00,1147.9,1151.7,1134.0,1149.95,23532
2024-11-06 09:15:00,1169.6,1171.15,1141.1,1169.0,28960
2024-11-06 10:15:00,1169.0,1180.0,1153.65,1167.05,25115
2024-11-06 11:15:00,1168.25,1174.8,1163.55,1171.45,7689
2024-11-06 12:15:00,1171.25,1174.8,1167.55,1170.05,5561
2024-11-06 13:15:00,1170.05,1173.45,1162.0,1169.7,6882
2024-11-06 14:15:00,1169.6,1170.6,1161.6,1167.3,7882
2024-11-06 15:15:00,1167.3,1173.0,1165.85,1170.5,3755
2024-11-07 09:15:00,1164.9,1171.45,1153.05,1165.1,9693
2024-11-07 10:15:00,1165.15,1177.75,1155.25,1171.6,8949
2024-11-07 11:15:00,1171.65,1177.0,1166.15,1171.35,2944
2024-11-07 12:15:00,1171.45,1173.9,1157.0,1157.5,4503
2024-11-07 13:15:00,1157.8,1162.9,1153.85,1159.9,4275
2024-11-07 14:15:00,1159.85,1160.5,1151.2,1154.95,3321
2024-11-07 15:15:00,1154.7,1157.15,1117.5,1146.0,6782
2024-11-08 09:15:00,1135.0,1142.9,1128.75,1134.95,4656
2024-11-08 10:15:00,1134.75,1137.25,1128.75,1133.45,2126
2024-11-08 11:15:00,1131.85,1135.05,1130.05,1134.4,2053
2024-11-08 12:15:00,1133.95,1147.5,1132.05,1146.0,2022
2024-11-08 13:15:00,1146.0,1149.6,1139.0,1143.95,2220
2024-11-08 14:15:00,1140.8,1159.85,1133.9,1143.85,3410
2024-11-08 15:15:00,1143.95,1144.35,1134.0,1134.0,1840
2024-11-11 09:15:00,1134.8,1140.65,1125.5,1131.15,5396
2024-11-11 10:15:00,1131.4,1146.95,1126.65,1137.2,2793
2024-11-11 11:15:00,1138.6,1139.7,1125.0,1131.3,2103
2024-11-11 12:15:00,1130.0,1145.6,1125.35,1139.95,5176
2024-11-11 13:15:00,1142.3,1143.95,1135.0,1137.4,1355
2024-11-11 14:15:00,1139.15,1141.7,1128.1,1135.5,2712
2024-11-11 15:15:00,1137.25,1148.7,1130.0,1136.2,3220
2024-11-12 09:15:00,1125.0,1140.45,1112.0,1126.2,4484
2024-11-12 10:15:00,1126.6,1131.8,1125.0,1131.8,1113
2024-11-12 11:15:00,1131.7,1132.45,1126.1,1126.85,993
2024-11-12 12:15:00,1126.85,1129.15,1120.5,1121.65,987
2024-11-12 13:15:00,1121.95,1122.85,1112.5,1113.3,1612
2024-11-12 14:15:00,1114.75,1120.9,1084.95,1094.55,11195
2024-11-12 15:15:00,1095.8,1100.4,1094.05,1100.0,3307
2024-11-13 09:15:00,1080.0,1099.45,1066.05,1072.15,6119
2024-11-13 10:15:00,1075.95,1089.5,1074.15,1079.65,1868
2024-11-13 11:15:00,1079.9,1085.3,1074.0,1078.25,2433
2024-11-13 12:15:00,1078.3,1088.2,1075.4,1079.4,1312
2024-11-13 13:15:00,1079.4,1090.1,1078.3,1079.0,1151
2024-11-13 14:15:00,1082.15,1084.55,1070.0,1077.4,2073
2024-11-13 15:15:00,1077.1,1078.95,1051.25,1051.25,2316
2024-11-14 09:15:00,1074.25,1087.4,1056.35,1081.0,2942
2024-11-14 10:15:00,1083.8,1084.0,1071.25,1074.9,1002
2024-11-14 11:15:00,1074.9,1091.15,1074.9,1088.35,2159
2024-11-14 12:15:00,1088.35,1090.4,1078.1,1082.95,974
2024-11-14 13:15:00,1082.5,1089.0,1079.45,1088.75,1232
2024-11-14 14:15:00,1085.7,1092.9,1080.1,1084.0,2350
2024-11-14 15:15:00,1084.0,1092.6,1073.6,1073.6,727
2024-11-18 09:15:00,1088.7,1098.95,1057.55,1073.65,7519
2024-11-18 10:15:00,1074.6,1082.9,1060.0,1070.3,2095
2024-11-18 11:15:00,1070.65,1073.9,1066.15,1068.9,635
2024-11-18 12:15:00,1071.2,1073.75,1060.55,1065.35,998
2024-11-18 13:15:00,1064.45,1066.5,1059.1,1064.0,868
2024-11-18 14:15:00,1063.95,1067.0,1060.05,1065.0,1169
2024-11-18 15:15:00,1064.95,1065.15,1058.0,1063.15,1457
2024-11-19 09:15:00,1072.1,1089.95,1051.55,1083.65,3391
2024-11-19 10:15:00,1085.25,1088.0,1069.8,1087.45,6276
2024-11-19 11:15:00,1087.35,1101.85,1085.9,1090.75,4529
2024-11-19 12:15:00,1092.0,1100.0,1090.0,1092.85,2736
2024-11-19 13:15:00,1091.7,1113.0,1086.55,1109.3,6461
2024-11-19 14:15:00,1110.0,1110.65,1087.2,1092.15,6993
2024-11-19 15:15:00,1090.55,1103.35,1080.0,1080.0,3776
2024-11-21 09:15:00,1090.8,1094.95,1058.0,1060.9,3923
2024-11-21 10:15:00,1060.9,1069.35,1058.5,1060.25,3272
2024-11-21 11:15:00,1060.1,1062.95,1055.15,1059.0,4407
2024-11-21 12:15:00,1058.3,1062.0,1048.05,1051.3,6370
2024-11-21 13:15:00,1051.5,1057.2,1045.5,1048.55,6635
2024-11-21 14:15:00,1048.55,1055.95,1041.15,1042.95,8100
2024-11-21 15:15:00,1042.9,1045.0,1042.05,1045.0,3681
2024-11-22 09:15:00,1053.05,1054.9,1045.35,1053.6,1643
2024-11-22 10:15:00,1053.5,1060.15,1050.9,1056.75,1334
2024-11-22 11:15:00,1056.75,1058.6,1048.0,1055.6,1075
2024-11-22 12:15:00,1057.0,1062.3,1056.2,1059.4,747
2024-11-22 13:15:00,1060.8,1064.0,1059.15,1060.7,674
2024-11-22 14:15:00,1059.1,1060.7,1051.05,1052.5,940
2024-11-22 15:15:00,1052.5,1065.0,1051.0,1065.0,759
2024-11-25 09:15:00,1065.95,1071.0,1054.1,1067.45,2961
2024-11-25 10:15:00,1067.6,1071.0,1060.55,1069.55,1402
2024-11-25 11:15:00,1069.65,1090.05,1069.05,1074.6,4891
2024-11-25 12:15:00,1075.0,1078.6,1066.0,1069.25,996
2024-11-25 13:15:00,1069.25,1075.15,1067.55,1072.0,605
2024-11-25 14:15:00,1071.55,1075.15,1064.2,1066.25,1267
2024-11-25 15:15:00,1065.5,1072.0,1062.8,1067.0,1749
2024-11-26 09:15:00,1068.2,1072.65,1063.3,1069.6,1369
2024-11-26 10:15:00,1067.9,1072.4,1057.1,1069.75,1674
2024-11-26 11:15:00,1068.05,1069.95,1061.7,1069.8,873
2024-11-26 12:15:00,1069.75,1078.15,1062.75,1071.4,1567
2024-11-26 13:15:00,1071.9,1074.3,1064.9,1070.0,487
2024-11-26 14:15:00,1069.45,1074.95,1066.25,1070.85,906
2024-11-26 15:15:00,1070.65,1075.0,1067.45,1075.0,613
2024-11-27 09:15:00,1071.95,1085.0,1060.0,1081.05,1372
2024-11-27 10:15:00,1083.25,1089.0,1078.15,1089.0,882
2024-11-27 11:15:00,1087.15,1090.8,1086.05,1089.75,792
2024-11-27 12:15:00,1089.85,1092.0,1085.0,1089.9,1891
2024-11-27 13:15:00,1089.95,1090.0,1085.7,1087.05,428
2024-11-27 14:15:00,1087.95,1096.0,1085.0,1091.9,992
2024-11-27 15:15:00,1091.9,1098.0,1081.05,1095.35,1629
2024-11-28 09:15:00,1092.0,1097.15,1078.0,1093.2,985
2024-11-28 10:15:00,1093.15,1103.85,1083.05,1089.8,2533
2024-11-28 11:15:00,1089.2,1094.3,1085.15,1089.0,704
2024-11-28 12:15:00,1089.1,1099.95,1089.1,1089.5,825
2024-11-28 13:15:00,1090.7,1097.45,1087.6,1089.0,920
2024-11-28 14:15:00,1090.1,1093.95,1085.0,1092.1,687
2024-11-28 15:15:00,1092.1,1094.0,1081.25,1081.35,1126
2024-11-29 09:15:00,1091.2,1092.6,1078.0,1080.0,1147
2024-11-29 10:15:00,1078.0,1084.65,1071.05,1080.05,1032
2024-11-29 11:15:00,1080.65,1082.9,1075.1,1075.1,615
2024-11-29 12:15:00,1075.2,1079.0,1074.15,1076.0,522
2024-11-29 13:15:00,1076.0,1082.0,1075.35,1077.35,701
2024-11-29 14:15:00,1077.15,1087.5,1075.1,1082.6,1595
2024-11-29 15:15:00,1083.0,1086.9,1070.95,1086.9,3860
2024-12-02 09:15:00,1065.0,1099.15,1065.0,1098.0,9684
2024-12-02 10:15:00,1098.0,1118.0,1094.95,1098.5,7114
2024-12-02 11:15:00,1096.55,1103.3,1090.65,1095.4,1659
2024-12-02 12:15:00,1096.6,1096.6,1081.05,1091.3,2475
2024-12-02 13:15:00,1089.35,1098.85,1080.0,1088.4,4831
2024-12-02 14:15:00,1086.9,1094.9,1082.0,1087.8,1775
2024-12-02 15:15:00,1087.8,1092.9,1081.1,1092.9,928
2024-12-03 09:15:00,1077.4,1111.45,1077.4,1105.4,2110
2024-12-03 10:15:00,1102.85,1114.95,1102.85,1111.65,1039
2024-12-03 11:15:00,1111.15,1112.65,1093.85,1095.8,3461
2024-12-03 12:15:00,1097.0,1099.9,1094.0,1096.2,1851
2024-12-03 13:15:00,1097.9,1115.0,1096.2,1102.0,3618
2024-12-03 14:15:00,1102.0,1109.8,1102.0,1109.15,2661
2024-12-03 15:15:00,1109.2,1113.0,1090.45,1105.0,5971
2024-12-04 09:15:00,1103.8,1133.75,1100.05,1129.0,5212
2024-12-04 10:15:00,1128.55,1133.8,1117.45,1126.4,5716
2024-12-04 11:15:00,1125.65,1126.5,1110.85,1113.25,2195
2024-12-04 12:15:00,1116.85,1124.85,1112.2,1121.9,1195
2024-12-04 13:15:00,1120.85,1130.5,1119.95,1124.75,2208
2024-12-04 14:15:00,1124.95,1128.3,1119.75,1121.65,2221
2024-12-04 15:15:00,1124.9,1128.0,1113.1,1125.0,1171
2024-12-05 09:15:00,1122.95,1130.0,1104.9,1106.95,3270
2024-12-05 10:15:00,1107.0,1109.05,1096.05,1105.4,3413
2024-12-05 11:15:00,1105.65,1108.95,1099.05,1104.5,2171
2024-12-05 12:15:00,1104.5,1105.8,1100.0,1101.45,1428
2024-12-05 13:15:00,1103.25,1104.0,1097.15,1099.0,2125
2024-12-05 14:15:00,1099.0,1105.0,1090.0,1095.95,4938
2024-12-05 15:15:00,1095.9,1100.9,1092.3,1092.4,2872
2024-12-06 09:15:00,1087.0,1104.75,1078.45,1081.2,5006
2024-12-06 10:15:00,1081.2,1083.45,1075.0,1078.0,4031
2024-12-06 11:15:00,1078.9,1082.65,1075.0,1079.5,2032
2024-12-06 12:15:00,1079.5,1080.0,1077.1,1078.0,964
2024-12-06 13:15:00,1078.0,1081.0,1077.0,1079.25,1609
2024-12-06 14:15:00,1079.25,1080.7,1071.1,1072.3,4675
2024-12-06 15:15:00,1072.3,1076.5,1071.0,1072.0,3163
2024-12-09 09:15:00,1073.5,1084.2,1065.35,1079.95,3392
2024-12-09 10:15:00,1080.05,1085.0,1078.5,1082.65,1241
2024-12-09 11:15:00,1084.15,1096.45,1083.15,1095.5,3079
2024-12-09 12:15:00,1092.7,1099.0,1092.0,1092.8,1314
2024-12-09 13:15:00,1095.15,1095.5,1081.3,1081.6,1424
2024-12-09 14:15:00,1081.65,1090.6,1075.55,1084.25,2838
2024-12-09 15:15:00,1084.25,1089.6,1082.85,1089.6,1015
2024-12-10 09:15:00,1094.8,1131.0,1090.45,1117.55,28814
2024-12-10 10:15:00,1117.55,1128.8,1115.8,1119.0,5087
2024-12-10 11:15:00,1117.0,1122.8,1113.65,1119.95,9571
2024-12-10 12:15:00,1119.4,1142.95,1115.9,1136.0,17980
2024-12-10 13:15:00,1135.0,1145.0,1125.15,1137.1,13951
2024-12-10 14:15:00,1137.1,1186.0,1137.1,1173.35,33786
2024-12-10 15:15:00,1172.8,1178.85,1132.35,1146.0,19902
2024-12-11 09:15:00,1145.05,1157.8,1124.45,1144.55,9945
2024-12-11 10:15:00,1143.05,1148.95,1132.75,1136.6,2156
2024-12-11 11:15:00,1136.6,1145.0,1132.5,1139.4,2732
2024-12-11 12:15:00,1137.05,1140.7,1136.25,1138.65,1154
2024-12-11 13:15:00,1137.1,1143.75,1136.25,1140.2,1356
2024-12-11 14:15:00,1139.35,1145.9,1137.7,1143.25,3414
2024-12-11 15:15:00,1141.1,1144.3,1119.6,1138.0,5894
2024-12-12 09:15:00,1112.05,1170.0,1108.0,1111.5,7932
2024-12-12 10:15:00,1111.4,1116.9,1109.05,1115.75,1054
2024-12-12 11:15:00,1115.75,1116.0,1110.0,1112.8,730
2024-12-12 12:15:00,1112.95,1114.95,1110.0,1112.45,1177
2024-12-12 13:15:00,1113.7,1113.7,1077.05,1078.9,25841
2024-12-12 14:15:00,1081.65,1084.15,1057.0,1071.95,31130
2024-12-12 15:15:00,1071.95,1083.0,1070.0,1080.0,8019
2024-12-13 09:15:00,1078.3,1085.0,1065.3,1068.85,4485
2024-12-13 10:15:00,1067.05,1090.25,1061.25,1087.95,10602
2024-12-13 11:15:00,1086.3,1094.9,1080.1,1085.65,12737
2024-12-13 12:15:00,1083.35,1092.0,1078.55,1084.05,10691
2024-12-13 13:15:00,1085.45,1105.9,1082.1,1104.0,10601
2024-12-13 14:15:00,1101.35,1110.35,1095.0,1095.0,10603
2024-12-13 15:15:00,1095.0,1108.0,1091.0,1091.5,3451
2024-12-16 09:15:00,1108.0,1108.0,1086.3,1095.05,3458
2024-12-16 10:15:00,1095.05,1095.05,1084.0,1084.0,1192
2024-12-16 11:15:00,1083.05,1093.95,1078.05,1083.85,2964
2024-12-16 12:15:00,1083.55,1086.25,1081.0,1084.05,1169
2024-12-16 13:15:00,1083.1,1085.75,1081.55,1083.6,571
2024-12-16 14:15:00,1083.6,1084.5,1077.0,1081.95,2918
2024-12-16 15:15:00,1080.05,1095.45,1075.9,1095.45,1134
2024-12-17 09:15:00,1080.0,1105.0,1076.05,1080.5,6426
2024-12-17 10:15:00,1080.5,1084.3,1076.5,1078.8,3420
2024-12-17 11:15:00,1078.8,1079.9,1072.05,1075.4,1401
2024-12-17 12:15:00,1074.95,1078.8,1073.6,1077.8,906
2024-12-17 13:15:00,1076.6,1078.0,1073.5,1074.75,868
2024-12-17 14:15:00,1074.65,1080.0,1070.0,1071.15,4460
2024-12-17 15:15:00,1071.15,1085.0,1070.0,1079.7,1622
2024-12-18 09:15:00,1079.6,1082.75,1062.85,1070.95,3221
2024-12-18 10:15:00,1070.65,1077.05,1070.05,1073.9,605
2024-12-18 11:15:00,1074.05,1075.5,1070.05,1073.65,670
2024-12-18 12:15:00,1073.7,1074.35,1065.0,1070.0,1259
2024-12-18 13:15:00,1067.15,1070.3,1065.0,1066.8,391
2024-12-18 14:15:00,1066.9,1083.0,1065.0,1071.05,2314
2024-12-18 15:15:00,1066.7,1074.25,1063.0,1064.1,2149
2024-12-19 09:15:00,1069.75,1070.1,1038.9,1057.0,3312
2024-12-19 10:15:00,1058.2,1060.9,1052.1,1057.1,635
2024-12-19 11:15:00,1055.65,1058.2,1054.5,1057.9,549
2024-12-19 12:15:00,1057.4,1059.95,1054.55,1055.55,733
2024-12-19 13:15:00,1057.05,1057.95,1052.0,1056.9,898
2024-12-19 14:15:00,1056.85,1060.0,1054.0,1056.85,1081
2024-12-19 15:15:00,1055.95,1062.0,1052.0,1062.0,2776
2024-12-20 09:15:00,1062.0,1066.75,1051.0,1053.0,3395
2024-12-20 10:15:00,1052.0,1052.9,1042.85,1045.1,4118
2024-12-20 11:15:00,1045.1,1047.7,1035.0,1039.0,3262
2024-12-20 12:15:00,1039.0,1039.6,1030.15,1031.0,1970
2024-12-20 13:15:00,1031.05,1034.9,1026.0,1026.0,2398
2024-12-20 14:15:00,1026.0,1029.4,1012.0,1014.65,5354
2024-12-20 15:15:00,1014.65,1020.0,1011.05,1020.0,2920
2024-12-23 09:15:00,1029.0,1029.0,1000.0,1013.6,2956
2024-12-23 10:15:00,1012.75,1034.6,1010.2,1033.9,1730
2024-12-23 11:15:00,1033.0,1039.0,1030.4,1035.05,607
2024-12-23 12:15:00,1036.5,1038.85,1030.1,1031.85,522
2024-12-23 13:15:00,1031.85,1034.25,1025.0,1034.25,1163
2024-12-23 14:15:00,1032.4,1044.35,1030.55,1040.1,1637
2024-12-23 15:15:00,1040.4,1041.35,1030.8,1038.0,991
2024-12-24 09:15:00,1041.6,1056.95,1019.0,1031.5,10476
2024-12-24 10:15:00,1031.5,1047.9,1011.05,1021.95,8929
2024-12-24 11:15:00,1021.35,1022.75,1011.05,1014.9,7438
2024-12-24 12:15:00,1014.9,1016.25,1008.0,1009.1,8391
2024-12-24 13:15:00,1010.35,1010.9,1002.1,1007.8,9594
2024-12-24 14:15:00,1007.8,1013.4,1003.05,1010.0,7755
2024-12-24 15:15:00,1009.35,1013.0,1002.2,1008.0,4533
2024-12-26 09:15:00,1014.2,1016.25,999.0,1003.1,5414
2024-12-26 10:15:00,1004.1,1015.9,1001.15,1011.75,1734
2024-12-26 11:15:00,1010.8,1013.9,1007.1,1009.25,1341
2024-12-26 12:15:00,1008.65,1011.9,1005.05,1010.75,768
2024-12-26 13:15:00,1010.5,1010.75,1008.75,1009.0,197
2024-12-26 14:15:00,1009.95,1017.95,1009.1,1017.85,4398
2024-12-26 15:15:00,1017.85,1025.0,1015.0,1025.0,1506
2024-12-27 09:15:00,1024.1,1024.1,1010.35,1018.65,1245
2024-12-27 10:15:00,1019.65,1021.35,1013.05,1021.35,852
2024-12-27 11:15:00,1019.4,1023.65,1017.1,1022.4,607
2024-12-27 12:15:00,1021.9,1023.65,1018.05,1023.05,628
2024-12-27 13:15:00,1023.1,1024.1,1019.3,1022.25,466
2024-12-27 14:15:00,1022.0,1031.8,1016.25,1027.5,3220
2024-12-27 15:15:00,1027.55,1032.85,1021.45,1027.5,3187
2024-12-30 09:15:00,1026.0,1026.0,991.2,1002.95,19012
2024-12-30 10:15:00,1003.9,1006.9,991.2,993.9,7352
2024-12-30 11:15:00,993.9,998.7,990.0,993.5,5085
2024-12-30 12:15:00,993.5,994.75,985.8,988.55,4090
2024-12-30 13:15:00,988.0,990.9,985.15,986.15,2146
2024-12-30 14:15:00,987.35,989.65,985.0,988.6,4188
2024-12-30 15:15:00,986.7,998.6,985.0,985.0,3071
2024-12-31 09:15:00,985.0,996.65,975.1,977.7,5330
2024-12-31 10:15:00,978.0,980.55,975.1,980.15,2443
2024-12-31 11:15:00,980.0,992.15,977.5,990.4,3464
2024-12-31 12:15:00,990.8,1004.95,990.45,999.85,2984
2024-12-31 13:15:00,1000.4,1003.9,999.0,1002.3,1627
2024-12-31 14:15:00,1002.3,1005.55,999.0,1005.55,2011
2024-12-31 15:15:00,1003.0,1008.0,1002.4,1007.6,1528
2025-01-01 09:15:00,1004.7,1024.8,997.15,1018.0,4677
2025-01-01 10:15:00,1018.5,1022.0,1009.1,1013.75,2479
2025-01-01 11:15:00,1011.6,1014.15,1005.8,1007.5,1273
2025-01-01 12:15:00,1008.9,1010.0,1005.0,1005.2,687
2025-01-01 13:15:00,1005.25,1008.95,1005.0,1007.0,548
2025-01-01 14:15:00,1006.8,1015.0,1005.0,1011.5,2336
2025-01-01 15:15:00,1011.5,1014.15,1007.0,1011.0,985
2025-01-02 09:15:00,1015.6,1018.95,1008.8,1010.95,2321
2025-01-02 10:15:00,1010.05,1013.9,1008.15,1012.3,1344
2025-01-02 11:15:00,1012.3,1013.95,1010.0,1011.8,998
2025-01-02 12:15:00,1011.75,1015.0,1009.2,1010.85,870
2025-01-02 13:15:00,1009.55,1015.9,1005.05,1014.45,2443
2025-01-02 14:15:00,1013.3,1021.95,1010.05,1020.2,4366
2025-01-02 15:15:00,1018.05,1027.65,1015.9,1023.0,2245
2025-01-03 09:15:00,1021.35,1034.25,1016.65,1029.7,2861
2025-01-03 10:15:00,1028.35,1031.75,1020.0,1023.0,1413
2025-01-03 11:15:00,1023.35,1024.4,1012.0,1014.05,2165
2025-01-03 12:15:00,1014.0,1017.25,1002.05,1004.0,16130
2025-01-03 13:15:00,1005.5,1007.2,1001.3,1003.0,2766
2025-01-03 14:15:00,1003.0,1008.8,997.1,1005.0,9077
2025-01-03 15:15:00,1005.75,1007.3,1002.05,1003.0,2121
2025-01-06 09:15:00,1000.0,1005.05,981.0,990.95,5815
2025-01-06 10:15:00,990.95,994.4,982.1,985.45,5158
2025-01-06 11:15:00,986.0,989.9,979.0,982.0,3697
2025-01-06 12:15:00,981.95,985.0,980.0,982.8,671
2025-01-06 13:15:00,982.0,984.0,975.5,977.45,3023
2025-01-06 14:15:00,977.5,981.15,975.5,979.0,2942
2025-01-06 15:15:00,978.8,979.9,975.0,976.0,2319
2025-01-07 09:15:00,980.0,985.2,971.15,979.2,3063
2025-01-07 10:15:00,979.1,994.45,975.15,990.7,5067
2025-01-07 11:15:00,989.8,989.8,980.05,980.85,1657
2025-01-07 12:15:00,980.3,985.5,978.0,980.85,1365
2025-01-07 13:15:00,982.0,987.8,980.0,987.8,941
2025-01-07 14:15:00,986.25,991.55,983.0,985.95,2701
2025-01-07 15:15:00,988.65,992.4,985.05,986.15,1851
2025-01-08 09:15:00,988.0,997.55,980.0,990.7,2943
2025-01-08 10:15:00,990.7,994.05,986.5,989.0,1440
2025-01-08 11:15:00,986.95,989.35,983.3,985.85,1385
2025-01-08 12:15:00,985.55,990.0,983.3,986.65,1328
2025-01-08 13:15:00,985.6,987.75,983.3,985.2,2068
2025-01-08 14:15:00,985.35,991.7,983.85,990.7,1460
2025-01-08 15:15:00,990.7,990.7,984.0,984.0,794
2025-01-09 09:15:00,992.6,997.6,986.75,993.0,3179
2025-01-09 10:15:00,994.3,994.45,988.35,991.2,1277
2025-01-09 11:15:00,990.7,994.5,988.65,994.45,1269
2025-01-09 12:15:00,992.35,993.9,989.4,990.65,902
2025-01-09 13:15:00,989.45,990.9,988.6,990.35,756
2025-01-09 14:15:00,988.75,990.8,983.95,988.15,1414
2025-01-09 15:15:00,987.9,989.9,985.15,989.8,1221
2025-01-10 09:15:00,992.1,992.1,962.05,968.55,4968
2025-01-10 10:15:00,968.95,975.6,963.0,973.6,13058
2025-01-10 11:15:00,974.35,980.0,970.15,972.05,12205
2025-01-10 12:15:00,973.85,976.7,964.0,966.7,2300
2025-01-10 13:15:00,967.4,971.15,962.0,962.0,2314
2025-01-10 14:15:00,962.1,969.75,955.0,957.05,6286
2025-01-10 15:15:00,957.75,968.95,956.0,960.0,17193
2025-01-13 09:15:00,965.0,965.0,938.0,944.55,4587
2025-01-13 10:15:00,944.75,959.45,940.4,948.4,6588
2025-01-13 11:15:00,948.3,948.3,941.7,941.8,814
2025-01-13 12:15:00,941.7,943.4,938.0,938.0,2730
2025-01-13 13:15:00,938.05,939.6,935.05,935.3,1624
2025-01-13 14:15:00,935.65,940.0,931.1,938.45,2168
2025-01-13 15:15:00,938.45,943.0,932.05,943.0,1434
2025-01-14 09:15:00,942.6,948.7,936.25,948.35,1498
2025-01-14 10:15:00,948.0,948.0,941.45,947.0,850
2025-01-14 11:15:00,945.4,954.8,945.4,948.25,1306
2025-01-14 12:15:00,946.35,949.7,943.9,946.3,532
2025-01-14 13:15:00,947.75,950.0,943.9,949.85,1616
2025-01-14 14:15:00,948.5,955.35,945.05,951.6,1799
2025-01-14 15:15:00,951.35,970.0,950.05,968.2,1581
2025-01-15 09:15:00,964.9,964.9,947.65,951.55,2633
2025-01-15 10:15:00,950.3,963.95,950.2,960.4,2987
2025-01-15 11:15:00,959.85,967.35,955.0,960.1,1655
2025-01-15 12:15:00,960.1,965.95,960.1,962.95,1293
2025-01-15 13:15:00,963.55,983.9,960.0,974.0,11216
2025-01-15 14:15:00,974.55,1130.0,966.35,1056.0,104191
2025-01-15 15:15:00,1056.55,1097.8,1021.15,1033.0,36840
2025-01-16 09:15:00,1047.0,1047.0,1000.0,1034.4,31307
2025-01-16 10:15:00,1032.2,1043.0,1025.0,1031.0,6937
2025-01-16 11:15:00,1031.05,1038.3,1028.25,1030.35,2597
2025-01-16 12:15:00,1031.9,1033.85,1027.0,1029.0,2458
2025-01-16 13:15:00,1030.95,1033.35,1027.0,1031.1,1503
2025-01-16 14:15:00,1030.95,1038.9,1026.85,1031.95,5770
2025-01-16 15:15:00,1035.2,1060.0,1025.0,1025.0,7789
2025-01-17 09:15:00,1002.0,1015.0,976.0,977.8,67450
2025-01-17 10:15:00,977.5,980.05,960.5,961.0,25126
2025-01-17 11:15:00,961.0,967.0,956.4,962.0,17225
2025-01-17 12:15:00,962.0,972.0,960.0,964.55,17362
2025-01-17 13:15:00,966.8,975.05,963.55,973.1,10733
2025-01-17 14:15:00,974.45,979.85,967.35,977.9,15231
2025-01-17 15:15:00,978.0,979.95,960.55,970.1,10215
2025-01-20 09:15:00,970.7,981.15,965.7,972.0,9166
2025-01-20 10:15:00,971.5,973.4,967.75,968.75,4725
2025-01-20 11:15:00,968.6,972.25,967.0,968.8,1374
2025-01-20 12:15:00,967.55,968.8,961.0,964.9,3087
2025-01-20 13:15:00,964.85,964.85,957.0,958.1,1594
2025-01-20 14:15:00,958.0,958.25,953.05,955.8,454623
2025-01-20 15:15:00,955.55,975.0,929.95,955.0,452335
2025-01-21 09:15:00,975.0,976.45,955.15,956.8,15108
2025-01-21 10:15:00,957.7,961.4,950.35,955.2,5776
2025-01-21 11:15:00,954.25,961.15,953.0,955.55,4403
2025-01-21 12:15:00,955.7,956.25,951.9,953.25,1582
2025-01-21 13:15:00,953.25,954.2,951.05,953.0,1362
2025-01-21 14:15:00,953.85,954.0,945.1,950.0,6260
2025-01-21 15:15:00,950.0,950.0,940.05,950.0,4968
2025-01-22 09:15:00,948.35,954.25,938.0,938.75,2705
2025-01-22 10:15:00,938.8,940.4,926.1,927.9,3700
2025-01-22 11:15:00,927.9,928.0,922.55,923.7,2032
2025-01-22 12:15:00,923.65,924.55,916.0,917.45,2757
2025-01-22 13:15:00,917.85,928.0,915.35,928.0,3745
2025-01-22 14:15:00,928.0,938.25,925.1,936.6,2691
2025-01-22 15:15:00,936.15,943.5,930.85,942.9,2790
2025-01-23 09:15:00,941.0,943.5,926.4,928.8,10290
2025-01-23 10:15:00,928.7,930.25,927.0,929.45,988
2025-01-23 11:15:00,929.2,930.0,927.1,929.85,1781
2025-01-23 12:15:00,929.65,939.1,928.75,931.6,249573
2025-01-23 13:15:00,931.7,932.4,929.2,930.3,20467
2025-01-23 14:15:00,930.0,932.9,923.0,925.45,9670
2025-01-23 15:15:00,925.05,927.15,915.0,915.2,4089
2025-01-24 09:15:00,928.5,958.95,928.15,944.0,16037
2025-01-24 10:15:00,944.65,970.0,943.8,967.45,20412
2025-01-24 11:15:00,963.0,968.05,944.5,954.7,36179
2025-01-24 12:15:00,953.5,955.0,942.0,948.1,16887
2025-01-24 13:15:00,949.5,955.0,942.0,944.0,5599
2025-01-24 14:15:00,944.0,955.1,915.25,942.6,23070
2025-01-24 15:15:00,942.6,949.2,931.0,936.0,7929
2025-01-27 09:15:00,932.2,943.1,926.6,934.45,8718
2025-01-27 10:15:00,931.3,935.5,925.1,934.95,1888
2025-01-27 11:15:00,935.0,968.55,935.0,964.55,21577
2025-01-27 12:15:00,962.55,974.7,957.35,964.15,7413
2025-01-27 13:15:00,962.7,968.0,952.85,967.0,15727
2025-01-27 14:15:00,967.0,968.0,953.15,955.0,20034
2025-01-27 15:15:00,955.0,955.0,950.5,950.5,3376
2025-01-28 09:15:00,941.4,951.3,940.0,943.05,4394
2025-01-28 10:15:00,942.65,951.45,940.0,940.8,4313
2025-01-28 11:15:00,940.8,960.0,937.8,948.3,10627
2025-01-28 12:15:00,950.0,952.5,942.3,943.15,1689
2025-01-28 13:15:00,943.1,946.05,940.0,942.0,1354
2025-01-28 14:15:00,941.85,945.0,938.1,944.65,2289
2025-01-28 15:15:00,945.0,948.0,925.0,939.5,2736
2025-01-29 09:15:00,941.5,957.9,936.55,954.8,3523
2025-01-29 10:15:00,953.8,955.8,946.1,947.1,1857
2025-01-29 11:15:00,948.15,954.2,944.0,950.85,1288
2025-01-29 12:15:00,947.1,952.15,947.05,949.95,430
2025-01-29 13:15:00,949.8,952.35,948.0,951.0,867
2025-01-29 14:15:00,949.7,951.0,945.25,948.55,1047
2025-01-29 15:15:00,948.1,951.0,942.0,948.7,627
2025-01-30 09:15:00,949.8,955.0,947.95,953.4,2895
2025-01-30 10:15:00,953.9,957.9,950.2,955.95,3038
2025-01-30 11:15:00,954.45,955.65,950.75,953.25,1372
2025-01-30 12:15:00,953.0,954.0,950.75,952.7,552
2025-01-30 13:15:00,952.25,952.95,940.15,940.65,1234
2025-01-30 14:15:00,940.25,946.0,938.0,945.25,1702
2025-01-30 15:15:00,945.0,945.9,935.0,945.7,2156
2025-01-31 09:15:00,945.0,950.0,938.35,948.7,5218
2025-01-31 10:15:00,947.2,950.35,945.05,947.2,953
2025-01-31 11:15:00,946.75,950.0,943.55,947.8,706
2025-01-31 12:15:00,947.2,948.0,944.45,947.0,343
2025-01-31 13:15:00,945.9,947.75,941.45,941.45,793
2025-01-31 14:15:00,941.5,944.95,940.0,942.6,1274
2025-01-31 15:15:00,942.0,947.45,940.0,941.0,1631
2025-02-01 09:15:00,942.1,974.95,942.1,963.85,6471
2025-02-01 10:15:00,965.2,980.0,963.1,975.4,3106
2025-02-01 11:15:00,977.15,978.3,942.7,958.65,8180
2025-02-01 12:15:00,957.3,958.0,945.05,947.55,1998
2025-02-01 13:15:00,947.85,955.85,933.9,951.45,1288
2025-02-01 14:15:00,950.6,959.6,945.6,949.95,1383
2025-02-01 15:15:00,953.25,956.2,948.05,950.0,570
2025-02-03 09:15:00,970.0,1042.0,970.0,1025.1,253980
2025-02-03 10:15:00,1025.0,1045.0,1016.55,1027.55,125109
2025-02-03 11:15:00,1027.5,1030.0,1010.25,1022.6,42005
2025-02-03 12:15:00,1021.05,1025.05,1014.0,1016.6,24412
2025-02-03 13:15:00,1016.0,1020.0,1000.0,1013.45,37534
2025-02-03 14:15:00,1013.35,1024.0,1000.0,1015.0,44135
2025-02-03 15:15:00,1011.9,1020.0,1000.5,1011.0,20389
2025-02-04 09:15:00,1037.7,1037.7,1002.4,1015.95,43350
2025-02-04 10:15:00,1014.95,1016.95,1006.6,1016.2,6081
2025-02-04 11:15:00,1016.95,1019.0,1012.1,1016.75,2726
2025-02-04 12:15:00,1016.95,1020.0,1013.95,1017.9,1705
2025-02-04 13:15:00,1019.6,1020.0,1014.65,1015.0,1982
2025-02-04 14:15:00,1014.05,1020.6,1011.0,1011.0,4338
2025-02-04 15:15:00,1010.4,1023.5,1004.0,1012.6,4552
2025-02-05 09:15:00,1009.85,1013.2,995.0,1001.15,7868
2025-02-05 10:15:00,1001.15,1008.7,996.05,1001.95,4332
2025-02-05 11:15:00,1002.15,1003.65,998.0,1000.85,2437
2025-02-05 12:15:00,1000.85,1003.8,996.7,1000.0,2405
2025-02-05 13:15:00,999.95,1006.15,999.0,1000.55,2217
2025-02-05 14:15:00,1002.5,1004.9,1000.05,1003.8,1764
2025-02-05 15:15:00,1002.2,1012.0,1000.55,1012.0,1821
2025-02-06 09:15:00,1003.45,1032.9,1003.45,1031.8,9538
2025-02-06 10:15:00,1030.65,1033.1,1028.35,1031.15,6218
2025-02-06 11:15:00,1031.95,1033.0,1022.15,1028.15,3986
2025-02-06 12:15:00,1027.45,1030.5,1025.0,1030.0,1557
2025-02-06 13:15:00,1030.0,1030.0,1023.1,1025.0,3277
2025-02-06 14:15:00,1025.0,1032.0,1018.3,1021.7,3921
2025-02-06 15:15:00,1021.7,1029.95,1015.25,1015.5,2214
2025-02-07 09:15:00,1016.85,1032.4,1011.25,1029.75,3603
2025-02-07 10:15:00,1031.4,1031.4,1023.05,1026.15,1336
2025-02-07 11:15:00,1026.15,1031.05,1025.65,1030.0,1140
2025-02-07 12:15:00,1030.0,1031.0,1025.0,1031.0,1036
2025-02-07 13:15:00,1030.0,1033.9,1025.55,1026.5,2600
2025-02-07 14:15:00,1026.8,1030.0,1023.8,1025.9,1792
2025-02-07 15:15:00,1024.9,1028.75,1011.1,1028.55,3325
2025-02-10 09:15:00,1020.0,1024.0,1000.0,1001.8,11256
2025-02-10 10:15:00,1001.85,1008.95,997.2,1001.6,3835
2025-02-10 11:15:00,1001.6,1006.75,996.75,999.95,2238
2025-02-10 12:15:00,999.95,1001.0,994.1,997.5,2572
2025-02-10 13:15:00,997.2,1002.75,995.05,999.95,930
2025-02-10 14:15:00,999.05,1004.8,999.0,999.8,1413
2025-02-10 15:15:00,999.05,999.85,977.0,996.0,5795
2025-02-11 09:15:00,990.0,1008.25,990.0,996.6,2251
2025-02-11 10:15:00,996.6,1000.0,992.05,998.35,2878
2025-02-11 11:15:00,997.2,999.6,988.85,989.45,2723
2025-02-11 12:15:00,989.25,989.75,985.75,986.65,496
2025-02-11 13:15:00,986.05,988.65,980.45,982.05,2459
2025-02-11 14:15:00,983.45,985.5,977.85,981.8,8325
2025-02-11 15:15:00,981.8,984.9,972.0,980.25,1774
2025-02-12 09:15:00,963.0,987.7,940.0,969.45,3801
2025-02-12 10:15:00,971.05,999.6,964.3,987.05,6766
2025-02-12 11:15:00,987.65,987.65,973.8,976.85,2842
2025-02-12 12:15:00,975.15,976.95,965.35,967.05,2786
2025-02-12 13:15:00,967.05,977.0,967.0,971.0,5353
2025-02-12 14:15:00,969.1,977.8,969.0,971.0,3928
2025-02-12 15:15:00,969.05,988.9,969.0,974.0,5839
2025-02-13 09:15:00,985.95,993.15,968.05,980.45,2421
2025-02-13 10:15:00,980.55,981.2,975.55,979.55,933
2025-02-13 11:15:00,979.3,979.9,973.7,976.4,388
2025-02-13 12:15:00,975.2,978.8,975.0,977.3,392
2025-02-13 13:15:00,976.85,978.05,971.95,974.9,1834
2025-02-13 14:15:00,974.9,975.95,968.0,970.0,1452
2025-02-13 15:15:00,968.05,975.0,956.0,972.75,1281
2025-02-14 09:15:00,972.75,974.5,955.85,967.85,1767
2025-02-14 10:15:00,966.95,968.7,960.05,964.7,825
2025-02-14 11:15:00,964.7,975.3,960.0,963.3,2668
2025-02-14 12:15:00,962.0,975.65,962.0,970.5,2516
2025-02-14 13:15:00,970.4,970.5,964.1,968.8,1500
2025-02-14 14:15:00,967.0,980.0,964.65,977.1,2508
2025-02-14 15:15:00,977.1,979.5,962.25,979.5,974
2025-02-17 09:15:00,960.55,976.9,954.8,958.95,4831
2025-02-17 10:15:00,957.65,971.45,957.6,966.75,1124
2025-02-17 11:15:00,966.8,970.5,964.05,965.5,1632
2025-02-17 12:15:00,966.1,969.95,960.0,964.25,1021
2025-02-17 13:15:00,964.45,970.0,960.0,961.65,1717
2025-02-17 14:15:00,961.35,972.0,961.2,972.0,955
2025-02-17 15:15:00,971.95,972.0,950.35,958.5,2821
2025-02-18 09:15:00,955.0,973.95,952.0,960.35,2855
2025-02-18 10:15:00,958.05,961.85,952.7,955.9,1481
2025-02-18 11:15:00,954.1,969.0,951.1,967.65,13175
2025-02-18 12:15:00,967.35,971.1,959.55,963.0,1404
2025-02-18 13:15:00,960.55,966.55,958.05,965.3,1655
2025-02-18 14:15:00,962.8,973.0,955.4,956.7,4556
2025-02-18 15:15:00,958.8,973.95,953.75,973.95,5662
2025-02-19 09:15:00,950.8,989.5,944.1,974.55,6262
2025-02-19 10:15:00,976.6,976.6,964.55,966.5,903
2025-02-19 11:15:00,966.4,967.75,950.0,954.7,4592
2025-02-19 12:15:00,953.7,956.8,943.95,951.8,1130
2025-02-19 13:15:00,952.45,962.9,950.05,961.05,3322
2025-02-19 14:15:00,961.2,962.95,950.2,957.0,4250
2025-02-19 15:15:00,957.0,970.0,946.35,965.9,3907
2025-02-20 09:15:00,957.7,976.55,953.05,967.2,3194
2025-02-20 10:15:00,965.4,970.0,964.55,968.95,649
2025-02-20 11:15:00,966.05,969.95,966.05,969.55,382
2025-02-20 12:15:00,967.75,969.95,960.2,968.75,1094
2025-02-20 13:15:00,967.1,969.95,966.4,968.35,363
2025-02-20 14:15:00,966.7,969.85,961.0,965.4,2545
2025-02-20 15:15:00,964.55,968.9,960.0,968.0,1070
2025-02-21 09:15:00,958.05,981.4,956.15,969.95,2758
2025-02-21 10:15:00,968.0,968.0,960.5,961.15,1580
2025-02-21 11:15:00,961.85,968.1,960.1,966.15,337
2025-02-21 12:15:00,967.55,970.0,963.25,964.2,220
2025-02-21 13:15:00,965.0,968.25,963.35,965.3,117
2025-02-21 14:15:00,964.9,965.25,960.0,960.2,1752
2025-02-21 15:15:00,960.2,968.45,958.4,968.45,437
2025-02-24 09:15:00,961.7,970.0,942.7,968.3,2619
2025-02-24 10:15:00,968.0,971.0,956.6,957.3,2199
2025-02-24 11:15:00,956.7,969.5,956.6,968.85,739
2025-02-24 12:15:00,966.05,967.55,963.7,965.85,453
2025-02-24 13:15:00,965.9,967.25,963.65,965.9,855
2025-02-24 14:15:00,965.9,966.3,961.1,962.05,3226
2025-02-24 15:15:00,964.25,966.7,952.15,966.0,1153
2025-02-25 09:15:00,952.5,971.7,952.5,967.3,2763
2025-02-25 10:15:00,967.3,980.0,962.5,980.0,8019
2025-02-25 11:15:00,980.0,980.0,970.05,977.5,4008
2025-02-25 12:15:00,977.5,981.4,971.05,979.85,5874
2025-02-25 13:15:00,977.45,982.9,972.2,981.75,4443
2025-02-25 14:15:00,981.8,983.05,968.45,981.25,4567
2025-02-25 15:15:00,981.25,987.9,970.0,970.0,2062
2025-02-27 09:15:00,961.25,990.4,961.25,981.85,7744
2025-02-27 10:15:00,981.85,984.0,980.0,980.8,3038
2025-02-27 11:15:00,980.8,983.95,980.8,980.8,1947
2025-02-27 12:15:00,980.8,989.25,980.8,981.9,2179
2025-02-27 13:15:00,981.9,986.55,981.05,981.55,2454
2025-02-27 14:15:00,981.55,986.7,976.05,979.05,9743
2025-02-27 15:15:00,979.05,986.0,976.0,976.0,1294
2025-02-28 09:15:00,989.85,989.85,967.15,979.95,4982
2025-02-28 10:15:00,981.0,984.0,975.3,981.2,1516
2025-02-28 11:15:00,981.2,984.0,975.55,983.55,2939
2025-02-28 12:15:00,983.55,985.0,980.3,984.0,4042
2025-02-28 13:15:00,982.95,984.0,980.3,981.3,2088
2025-02-28 14:15:00,980.3,983.9,973.05,979.45,134559
2025-02-28 15:15:00,979.45,980.0,964.0,966.3,9817
2025-03-03 09:15:00,950.0,967.55,901.2,911.15,103240
2025-03-03 10:15:00,908.8,923.4,900.0,904.6,48029
2025-03-03 11:15:00,901.6,909.9,900.0,904.0,14512
2025-03-03 12:15:00,903.85,910.0,900.0,904.55,15559
2025-03-03 13:15:00,902.25,913.0,895.0,902.15,23037
2025-03-03 14:15:00,903.6,904.2,892.3,900.0,23002
2025-03-03 15:15:00,898.95,904.8,892.3,897.0,10733
2025-03-04 09:15:00,905.0,942.95,890.0,919.45,54141
2025-03-04 10:15:00,919.15,921.6,900.6,906.75,18125
2025-03-04 11:15:00,906.8,907.1,892.0,899.7,9303
2025-03-04 12:15:00,899.0,899.5,892.0,895.4,1920
2025-03-04 13:15:00,895.5,895.95,890.05,893.05,3928
2025-03-04 14:15:00,894.2,901.9,867.55,873.6,21745
2025-03-04 15:15:00,871.6,884.25,865.45,870.55,9162
2025-03-05 09:15:00,874.0,891.5,874.0,887.25,10994
2025-03-05 10:15:00,886.15,894.6,882.75,885.25,2790
2025-03-05 11:15:00,887.4,893.85,884.65,887.0,2119
2025-03-05 12:15:00,888.1,893.8,885.45,890.15,2180
2025-03-05 13:15:00,890.15,891.1,882.05,885.45,2840
2025-03-05 14:15:00,883.6,899.9,882.8,899.45,4763
2025-03-05 15:15:00,898.9,910.0,880.0,898.0,4415
2025-03-06 09:15:00,899.75,918.85,891.75,896.25,5777
2025-03-06 10:15:00,894.85,902.6,894.05,902.35,3297
2025-03-06 11:15:00,902.6,906.2,895.0,901.55,2698
2025-03-06 12:15:00,901.85,909.4,900.0,903.5,2396
2025-03-06 13:15:00,903.0,905.05,898.8,903.15,3149
2025-03-06 14:15:00,902.1,903.4,895.3,899.85,3016
2025-03-06 15:15:00,899.65,899.8,895.05,898.7,1848
2025-03-07 09:15:00,906.4,906.4,886.0,887.9,4701
2025-03-07 10:15:00,888.95,897.4,888.95,895.95,2466
2025-03-07 11:15:00,894.2,895.75,891.0,891.0,1202
2025-03-07 12:15:00,891.0,892.5,888.0,889.65,1427
2025-03-07 13:15:00,889.5,890.75,882.6,884.0,4152
2025-03-07 14:15:00,884.0,890.0,882.6,887.3,1380
2025-03-07 15:15:00,887.25,890.05,883.5,885.0,3167
2025-03-10 09:15:00,888.8,895.0,878.0,884.6,3425
2025-03-10 10:15:00,884.6,885.85,880.3,883.1,1659
2025-03-10 11:15:00,881.9,883.3,880.2,882.0,1024
2025-03-10 12:15:00,880.6,882.7,880.2,882.7,391
2025-03-10 13:15:00,882.7,884.9,879.05,883.0,2306
2025-03-10 14:15:00,883.0,887.6,881.0,884.3,2754
2025-03-10 15:15:00,884.25,885.95,882.0,885.2,740
2025-03-11 09:15:00,875.0,892.25,865.35,866.0,4787
2025-03-11 10:15:00,866.0,872.0,862.25,871.3,4551
2025-03-11 11:15:00,871.3,872.0,867.85,871.8,4122
2025-03-11 12:15:00,871.8,873.05,870.0,870.05,1449
2025-03-11 13:15:00,870.05,872.85,869.2,870.05,2402
2025-03-11 14:15:00,870.3,876.35,869.9,870.0,2719
2025-03-11 15:15:00,871.55,878.0,867.25,873.65,1383
2025-03-12 09:15:00,872.0,877.9,869.3,869.8,2718
2025-03-12 10:15:00,869.35,873.0,867.0,868.7,1837
2025-03-12 11:15:00,868.5,871.5,865.0,869.15,8423
2025-03-12 12:15:00,867.0,871.5,866.0,868.95,11081
2025-03-12 13:15:00,869.0,869.0,865.05,869.0,2115
2025-03-12 14:15:00,869.0,876.6,865.15,867.5,5881
2025-03-12 15:15:00,867.45,876.6,865.2,876.6,1755
2025-03-13 09:15:00,870.0,873.4,862.0,872.55,1964
2025-03-13 10:15:00,872.3,873.95,869.05,869.8,66661
2025-03-13 11:15:00,869.85,875.0,867.0,872.7,77406
2025-03-13 12:15:00,873.0,888.0,869.45,876.25,99009
2025-03-13 13:15:00,875.55,877.65,869.95,872.4,148600
2025-03-13 14:15:00,872.7,875.9,865.15,867.45,3489
2025-03-13 15:15:00,868.15,872.0,862.0,872.0,1999
2025-03-17 09:15:00,869.8,890.7,869.0,882.05,7135
2025-03-17 10:15:00,882.7,892.05,881.4,886.5,6092
2025-03-17 11:15:00,886.55,899.9,881.5,895.75,8997
2025-03-17 12:15:00,895.0,896.95,894.0,895.0,2431
2025-03-17 13:15:00,895.95,896.0,892.85,895.4,2974
2025-03-17 14:15:00,895.65,897.1,894.2,896.5,6010
2025-03-17 15:15:00,896.0,898.0,895.0,897.8,2666
2025-03-18 09:15:00,900.0,918.35,897.0,918.0,7685
2025-03-18 10:15:00,917.15,918.0,905.0,908.75,5951
2025-03-18 11:15:00,908.05,921.8,908.0,913.0,9227
2025-03-18 12:15:00,913.0,921.85,910.55,915.0,12247
2025-03-18 13:15:00,915.0,920.0,914.1,916.0,5687
2025-03-18 14:15:00,916.0,937.7,914.85,924.85,11175
2025-03-18 15:15:00,923.85,927.0,910.8,919.95,5434
2025-03-19 09:15:00,924.45,931.45,912.55,920.0,7853
2025-03-19 10:15:00,921.3,924.8,915.1,918.25,1063
2025-03-19 11:15:00,918.75,927.8,915.3,917.65,6782
2025-03-19 12:15:00,917.75,919.45,913.0,917.05,9239
2025-03-19 13:15:00,917.0,926.55,915.1,916.3,8012
2025-03-19 14:15:00,917.05,923.4,914.05,916.15,7646
2025-03-19 15:15:00,915.35,915.35,903.0,908.0,6557
2025-03-20 09:15:00,921.05,930.0,919.6,927.95,6962
2025-03-20 10:15:00,928.4,931.0,921.1,924.05,2121
2025-03-20 11:15:00,923.5,925.85,921.55,925.8,1213
2025-03-20 12:15:00,925.05,926.4,919.9,924.0,2891
2025-03-20 13:15:00,923.85,928.4,920.4,922.75,4575
2025-03-20 14:15:00,922.5,925.75,918.05,923.2,3940
2025-03-20 15:15:00,921.45,922.7,916.0,921.55,3062
2025-03-21 09:15:00,929.55,935.7,920.7,929.2,3430
2025-03-21 10:15:00,929.55,930.0,918.1,921.1,5122
2025-03-21 11:15:00,921.1,924.2,918.15,919.4,1166
2025-03-21 12:15:00,920.0,925.0,920.0,924.45,4234
2025-03-21 13:15:00,923.4,930.0,917.1,925.85,26657
2025-03-21 14:15:00,925.65,959.8,919.1,958.15,27788
2025-03-21 15:15:00,957.8,969.5,952.1,952.2,11912
2025-03-24 09:15:00,963.55,974.65,953.0,957.45,5660
2025-03-24 10:15:00,956.9,959.95,956.4,957.15,1189
2025-03-24 11:15:00,957.15,960.0,953.55,960.0,1660
2025-03-24 12:15:00,958.85,970.05,956.85,959.55,3823
2025-03-24 13:15:00,958.8,966.8,957.35,966.5,1624
2025-03-24 14:15:00,966.6,967.5,960.8,964.35,2500
2025-03-24 15:15:00,964.65,964.65,962.4,964.65,1121
2025-03-25 09:15:00,973.05,1069.9,973.05,1062.05,219714
2025-03-25 10:15:00,1062.05,1083.6,1053.3,1061.5,248796
2025-03-25 11:15:00,1061.1,1068.55,1045.75,1059.3,188266
2025-03-25 12:15:00,1059.4,1061.8,1041.0,1048.8,93707
2025-03-25 13:15:00,1048.85,1049.95,1024.7,1030.0,90350
2025-03-25 14:15:00,1029.05,1035.0,983.6,983.6,98895
2025-03-25 15:15:00,982.5,992.0,982.5,987.0,32041
2025-03-26 09:15:00,989.85,999.85,982.4,998.1,13997
2025-03-26 10:15:00,997.75,998.5,991.0,992.75,4893
2025-03-26 11:15:00,992.2,994.35,985.4,986.7,1373
2025-03-26 12:15:00,986.55,990.0,983.2,983.5,1805
2025-03-26 13:15:00,983.6,985.1,981.0,982.15,1846
2025-03-26 14:15:00,982.15,983.0,969.2,971.5,7600
2025-03-26 15:15:00,971.05,974.9,962.5,974.9,1893
2025-03-27 09:15:00,965.05,968.0,950.0,951.9,7608
2025-03-27 10:15:00,951.65,963.85,950.5,955.85,4323
2025-03-27 11:15:00,955.9,956.75,946.8,954.9,5218
2025-03-27 12:15:00,954.55,955.45,944.6,947.5,4943
2025-03-27 13:15:00,947.75,949.1,942.0,943.85,2615
2025-03-27 14:15:00,944.9,949.4,941.25,945.95,3518
2025-03-27 15:15:00,945.15,950.0,942.8,949.0,3169
2025-03-28 09:15:00,953.4,958.4,946.0,947.3,5864
2025-03-28 10:15:00,948.85,967.95,948.5,966.2,4810
2025-03-28 11:15:00,966.7,973.85,959.9,960.0,6088
2025-03-28 12:15:00,959.9,966.65,959.05,965.85,2321
2025-03-28 13:15:00,965.3,965.4,959.8,962.0,1683
2025-03-28 14:15:00,962.8,969.9,962.0,966.85,5212
2025-03-28 15:15:00,965.3,967.0,959.1,966.1,2353
2025-04-01 09:15:00,929.65,931.55,870.0,909.55,142662
2025-04-01 10:15:00,909.6,919.95,903.55,905.2,33181
2025-04-01 11:15:00,906.75,914.45,905.0,910.2,22540
2025-04-01 12:15:00,910.25,922.55,907.35,918.4,24543
2025-04-01 13:15:00,918.45,922.05,912.85,920.45,16381
2025-04-01 14:15:00,920.0,922.35,902.35,903.75,25351
2025-04-01 15:15:00,903.25,905.45,898.0,904.2,16720
2025-04-02 09:15:00,910.95,918.85,881.1,882.4,20834
2025-04-02 10:15:00,883.3,901.5,882.3,900.85,13649
2025-04-02 11:15:00,901.1,907.45,899.7,902.0,8750
2025-04-02 12:15:00,902.0,906.2,900.25,905.5,3417
2025-04-02 13:15:00,905.4,909.45,902.85,906.45,4762
2025-04-02 14:15:00,906.4,910.0,902.05,910.0,7617
2025-04-02 15:15:00,907.6,921.3,907.15,921.3,9234
2025-04-03 09:15:00,913.0,915.8,900.35,901.9,8598
2025-04-03 10:15:00,902.9,929.25,901.0,924.8,119255
2025-04-03 11:15:00,923.95,924.0,910.1,914.15,7170
2025-04-03 12:15:00,913.55,916.85,910.45,913.8,3015
2025-04-03 13:15:00,913.8,914.85,910.55,911.85,2250
2025-04-03 14:15:00,911.85,914.2,910.1,912.25,3936
2025-04-03 15:15:00,911.6,912.15,905.0,907.0,5021
2025-04-04 09:15:00,905.05,914.7,898.15,901.75,8425
2025-04-04 10:15:00,900.75,909.85,900.55,908.45,4691
2025-04-04 11:15:00,908.0,909.95,905.75,905.75,931
2025-04-04 12:15:00,906.05,909.65,905.75,906.65,1890
2025-04-04 13:15:00,906.6,908.0,902.0,902.75,1623
2025-04-04 14:15:00,902.75,906.5,900.0,904.15,4153
2025-04-04 15:15:00,904.15,910.0,903.15,909.15,3190
2025-04-07 09:15:00,882.0,884.95,865.15,871.0,10754
2025-04-07 10:15:00,870.4,872.35,866.05,870.5,4642
2025-04-07 11:15:00,871.5,874.95,867.25,868.65,2013
2025-04-07 12:15:00,868.35,871.5,864.0,869.65,2992
2025-04-07 13:15:00,870.6,878.35,868.65,876.95,3674
2025-04-07 14:15:00,876.95,880.65,875.25,875.25,4105
2025-04-07 15:15:00,876.15,882.0,875.05,881.1,2196
2025-04-08 09:15:00,886.6,894.9,881.5,893.0,11886
2025-04-08 10:15:00,893.8,905.0,892.45,903.05,9438
2025-04-08 11:15:00,902.2,926.95,902.0,920.0,15621
2025-04-08 12:15:00,920.15,925.0,918.05,920.8,4471
2025-04-08 13:15:00,920.8,935.1,916.5,932.2,9436
2025-04-08 14:15:00,932.2,948.95,929.6,943.75,29500
2025-04-08 15:15:00,943.7,951.0,938.6,946.0,10232
2025-04-09 09:15:00,930.05,932.7,913.0,922.15,3635
2025-04-09 10:15:00,923.05,927.0,921.15,925.55,1219
2025-04-09 11:15:00,926.15,928.25,924.05,927.5,1472
2025-04-09 12:15:00,927.6,927.6,920.1,922.9,2337
2025-04-09 13:15:00,922.9,922.9,915.0,918.4,2476
2025-04-09 14:15:00,917.65,919.35,915.5,915.5,1606
2025-04-09 15:15:00,916.55,920.95,913.2,913.2,1749
2025-04-11 09:15:00,918.0,937.9,917.05,937.85,7263
2025-04-11 10:15:00,937.15,946.75,935.55,946.35,5006
2025-04-11 11:15:00,947.55,947.65,944.35,945.0,1632
2025-04-11 12:15:00,946.0,951.8,944.5,950.65,3933
2025-04-11 13:15:00,950.6,954.75,934.8,937.05,6297
2025-04-11 14:15:00,938.1,946.0,937.5,942.75,2613
2025-04-11 15:15:00,942.25,943.75,935.0,941.0,2182
2025-04-15 09:15:00,942.0,950.0,937.35,938.25,4658
2025-04-15 10:15:00,938.8,949.85,938.8,945.65,3683
2025-04-15 11:15:00,946.75,949.85,945.65,946.6,1464
2025-04-15 12:15:00,945.7,946.95,943.55,945.0,727
2025-04-15 13:15:00,945.0,946.75,944.15,945.8,2143
2025-04-15 14:15:00,945.85,947.8,944.8,946.3,1095
2025-04-15 15:15:00,945.25,947.9,945.0,945.0,866
2025-04-16 09:15:00,955.25,955.25,940.2,942.85,4696
2025-04-16 10:15:00,943.55,949.85,940.55,949.8,1956
2025-04-16 11:15:00,949.8,953.55,948.05,953.1,2366
2025-04-16 12:15:00,953.55,955.9,951.05,954.35,1987
2025-04-16 13:15:00,954.45,954.95,950.0,954.25,1836
2025-04-16 14:15:00,953.25,953.3,945.55,948.05,2096
2025-04-16 15:15:00,948.85,954.8,945.5,953.65,1991
2025-04-17 09:15:00,945.05,953.6,940.1,943.95,1499
2025-04-17 10:15:00,944.6,952.5,944.35,951.0,1030
2025-04-17 11:15:00,950.45,953.45,946.6,952.35,4692
2025-04-17 12:15:00,952.4,955.9,950.7,952.0,1988
2025-04-17 13:15:00,952.8,953.5,949.1,950.0,694
2025-04-17 14:15:00,949.4,951.9,941.05,943.9,7682
2025-04-17 15:15:00,944.05,950.0,942.0,950.0,3397
2025-04-21 09:15:00,944.1,948.45,940.25,945.5,4992
2025-04-21 10:15:00,945.45,949.95,942.0,943.0,3580
2025-04-21 11:15:00,942.45,943.35,938.0,942.05,5156
2025-04-21 12:15:00,942.05,947.0,940.75,944.05,1658
2025-04-21 13:15:00,943.55,948.15,942.5,947.8,2393
2025-04-21 14:15:00,946.65,949.95,946.05,949.0,2907
2025-04-21 15:15:00,948.85,950.0,948.15,950.0,1029
2025-04-22 09:15:00,958.0,960.0,944.75,955.55,3265
2025-04-22 10:15:00,956.65,957.85,954.8,956.75,2004
2025-04-22 11:15:00,955.9,956.8,949.4,951.35,1699
2025-04-22 12:15:00,952.35,953.8,950.25,953.65,1854
2025-04-22 13:15:00,953.35,957.1,952.15,955.35,3340
2025-04-22 14:15:00,955.65,964.45,944.0,948.45,262021
2025-04-22 15:15:00,948.5,961.0,945.8,961.0,8711
2025-04-23 09:15:00,958.5,968.65,950.65,953.25,8404
2025-04-23 10:15:00,953.45,954.8,946.0,951.5,3154
2025-04-23 11:15:00,952.8,956.15,952.1,954.15,477
2025-04-23 12:15:00,954.2,960.2,952.8,955.35,2041
2025-04-23 13:15:00,955.15,957.6,953.4,954.5,1048
2025-04-23 14:15:00,955.25,959.75,953.9,956.8,1731
2025-04-23 15:15:00,955.3,963.85,952.0,952.2,4291
2025-04-24 09:15:00,963.75,963.8,954.6,956.0,5808
2025-04-24 10:15:00,957.25,966.9,956.0,960.1,14289
2025-04-24 11:15:00,960.15,965.0,957.75,964.75,2967
2025-04-24 12:15:00,964.9,965.0,929.55,941.95,31338
2025-04-24 13:15:00,941.9,949.5,941.2,945.5,6886
2025-04-24 14:15:00,945.5,948.9,941.0,942.0,8547
2025-04-24 15:15:00,942.2,943.75,932.5,942.0,7024
2025-04-25 09:15:00,941.0,941.0,925.3,928.05,7555
2025-04-25 10:15:00,928.3,931.45,918.25,919.75,8141
2025-04-25 11:15:00,919.75,921.15,915.05,919.9,1920
2025-04-25 12:15:00,920.85,925.45,919.5,922.5,1516
2025-04-25 13:15:00,921.9,928.7,921.0,923.3,2051
2025-04-25 14:15:00,923.85,928.95,921.7,925.7,1705
2025-04-25 15:15:00,925.15,927.85,922.65,927.75,2369
2025-04-28 09:15:00,930.05,938.0,925.0,937.65,5375
2025-04-28 10:15:00,938.55,940.0,934.05,936.55,2434
2025-04-28 11:15:00,936.55,941.25,934.0,934.0,2513
2025-04-28 12:15:00,934.0,936.65,930.1,932.2,1802
2025-04-28 13:15:00,933.1,946.05,932.3,941.9,3490
2025-04-28 14:15:00,941.75,947.6,938.3,943.25,13953
2025-04-28 15:15:00,943.2,943.25,935.6,937.0,6389
2025-04-29 09:15:00,918.0,923.5,897.8,906.55,37598
2025-04-29 10:15:00,906.95,907.7,887.15,894.05,34192
2025-04-29 11:15:00,894.85,896.1,885.1,888.85,25071
2025-04-29 12:15:00,888.8,891.1,883.0,888.3,20527
2025-04-29 13:15:00,888.1,895.0,885.4,891.35,17909
2025-04-29 14:15:00,891.2,894.55,886.0,892.8,25042
2025-04-29 15:15:00,892.8,903.0,888.4,899.95,19637
2025-04-30 09:15:00,893.4,905.0,885.0,902.8,9497
2025-04-30 10:15:00,903.15,904.95,898.1,901.6,3019
2025-04-30 11:15:00,902.3,905.8,900.0,904.65,2028
2025-04-30 12:15:00,904.6,915.8,902.85,914.9,3872
2025-04-30 13:15:00,914.35,919.85,912.5,913.15,8882
2025-04-30 14:15:00,913.75,919.9,902.5,902.5,5852
2025-04-30 15:15:00,902.75,912.5,899.0,910.0,6106
2025-05-02 09:15:00,906.9,908.95,894.0,895.05,9089
2025-05-02 10:15:00,895.15,895.7,887.45,888.95,9149
2025-05-02 11:15:00,888.8,899.35,888.0,896.85,5366
2025-05-02 12:15:00,896.8,903.8,895.0,900.25,6735
2025-05-02 13:15:00,900.15,901.8,896.45,899.3,6869
2025-05-02 14:15:00,900.0,900.35,897.55,898.3,13239
2025-05-02 15:15:00,898.35,898.95,892.6,897.0,2875
2025-05-05 09:15:00,898.0,898.0,880.2,884.35,6214
2025-05-05 10:15:00,884.4,888.7,883.65,888.2,3772
2025-05-05 11:15:00,887.15,888.95,883.65,886.75,2888
2025-05-05 12:15:00,887.2,889.0,885.0,886.3,4126
2025-05-05 13:15:00,885.2,888.0,885.0,885.25,1631
2025-05-05 14:15:00,885.85,886.0,884.1,885.85,6226
2025-05-05 15:15:00,885.2,886.0,884.15,885.5,3922
2025-05-06 09:15:00,894.2,894.2,880.55,882.0,6613
2025-05-06 10:15:00,882.65,885.05,882.2,882.5,926
2025-05-06 11:15:00,882.5,882.95,878.0,879.0,1824
2025-05-06 12:15:00,879.7,880.65,876.0,877.05,2095
2025-05-06 13:15:00,877.05,878.1,874.55,876.1,1873
2025-05-06 14:15:00,875.75,876.3,868.15,869.15,7092
2025-05-06 15:15:00,869.25,870.0,865.7,870.0,2163
2025-05-07 09:15:00,865.05,886.05,859.55,880.25,11156
2025-05-07 10:15:00,880.8,888.0,877.8,887.8,7057
2025-05-07 11:15:00,887.2,892.1,884.0,886.05,7039
2025-05-07 12:15:00,886.3,894.95,885.6,892.95,4672
2025-05-07 13:15:00,892.4,899.6,891.75,896.0,8479
2025-05-07 14:15:00,895.0,896.75,885.05,889.85,7433
2025-05-07 15:15:00,890.8,892.4,887.9,890.0,2865
2025-05-08 09:15:00,892.75,905.0,888.0,903.15,5100
2025-05-08 10:15:00,902.55,905.0,895.5,895.5,3483
2025-05-08 11:15:00,896.35,898.5,888.2,889.55,5563
2025-05-08 12:15:00,890.0,890.0,888.15,888.2,916
2025-05-08 13:15:00,888.2,888.9,876.65,879.85,3634
2025-05-08 14:15:00,879.45,887.75,875.05,882.0,8078
2025-05-08 15:15:00,882.0,890.0,880.5,890.0,5798
2025-05-09 09:15:00,879.0,890.25,869.2,889.6,7364
2025-05-09 10:15:00,889.35,889.45,875.45,879.3,3416
2025-05-09 11:15:00,879.3,880.0,878.0,879.7,1901
2025-05-09 12:15:00,879.65,882.1,878.65,880.0,839
2025-05-09 13:15:00,879.95,880.7,877.9,878.95,1872
2025-05-09 14:15:00,878.9,889.0,877.5,888.05,11647
2025-05-09 15:15:00,888.05,889.0,869.0,886.85,2934
2025-05-12 09:15:00,902.0,908.0,890.0,906.3,13128
2025-05-12 10:15:00,906.3,910.0,904.7,908.6,3876
2025-05-12 11:15:00,907.65,911.0,906.1,908.45,2582
2025-05-12 12:15:00,908.3,912.9,902.1,904.2,4427
2025-05-12 13:15:00,904.25,909.0,901.0,902.2,5874
2025-05-12 14:15:00,902.2,902.95,900.0,901.9,2435
2025-05-12 15:15:00,901.95,902.0,895.45,902.0,3131
2025-05-13 09:15:00,898.0,902.95,886.45,891.2,5978
2025-05-13 10:15:00,891.2,892.75,889.05,890.7,2025
2025-05-13 11:15:00,891.85,899.0,890.6,897.55,9344
2025-05-13 12:15:00,897.55,907.55,897.0,900.1,7477
2025-05-13 13:15:00,900.1,903.5,899.5,901.15,5943
2025-05-13 14:15:00,901.15,909.0,900.3,903.6,7730
2025-05-13 15:15:00,903.6,906.3,900.0,903.65,3166
2025-05-14 09:15:00,904.85,909.95,897.7,900.0,3479
2025-05-14 10:15:00,900.05,902.65,893.1,893.7,2806
2025-05-14 11:15:00,895.0,897.35,892.35,894.9,4153
2025-05-14 12:15:00,894.9,896.6,894.0,894.95,3192
2025-05-14 13:15:00,894.95,898.95,894.0,896.7,7385
2025-05-14 14:15:00,895.95,897.95,894.0,895.0,6827
2025-05-14 15:15:00,894.25,902.0,894.2,896.0,1779
2025-05-15 09:15:00,896.75,908.65,894.45,901.4,5839
2025-05-15 10:15:00,901.4,901.5,897.0,897.5,988
2025-05-15 11:15:00,897.5,904.5,897.5,900.15,2910
2025-05-15 12:15:00,900.45,903.95,900.0,900.7,2504
2025-05-15 13:15:00,900.65,904.3,900.0,901.35,3329
2025-05-15 14:15:00,901.35,905.0,900.2,902.0,4862
2025-05-15 15:15:00,902.9,906.0,900.05,905.05,3380
2025-05-16 09:15:00,902.5,912.6,891.65,898.25,11671
2025-05-16 10:15:00,898.9,901.4,897.7,900.0,3488
2025-05-16 11:15:00,899.95,901.1,895.15,899.95,2395
2025-05-16 12:15:00,898.05,900.0,897.0,898.95,2500
2025-05-16 13:15:00,898.05,899.95,894.55,897.1,4249
2025-05-16 14:15:00,897.0,900.45,895.85,899.15,5456
2025-05-16 15:15:00,899.95,900.0,895.0,898.0,3463
2025-05-19 09:15:00,909.8,911.9,899.0,903.25,11299
2025-05-19 10:15:00,904.6,917.45,903.4,909.65,9406
2025-05-19 11:15:00,910.5,916.0,907.8,914.15,6339
2025-05-19 12:15:00,913.2,922.05,902.9,904.15,15018
2025-05-19 13:15:00,904.0,906.25,899.0,900.05,6884
2025-05-19 14:15:00,900.1,907.9,899.05,903.0,14338
2025-05-19 15:15:00,905.35,909.0,900.05,909.0,3472
2025-05-20 09:15:00,913.0,913.8,892.35,901.45,12520
2025-05-20 10:15:00,901.45,902.75,898.85,900.0,4676
2025-05-20 11:15:00,900.0,908.15,899.8,903.1,4937
2025-05-20 12:15:00,903.1,904.35,898.95,900.65,3710
2025-05-20 13:15:00,901.1,904.0,899.0,900.0,6212
2025-05-20 14:15:00,900.0,905.3,899.55,901.1,8155
2025-05-20 15:15:00,901.15,910.0,900.0,900.1,3090
2025-05-21 09:15:00,899.45,899.5,891.05,897.9,4540
2025-05-21 10:15:00,898.0,899.9,895.15,896.45,1075
2025-05-21 11:15:00,896.45,902.7,892.6,892.65,6041
2025-05-21 12:15:00,892.7,896.35,892.0,893.25,1581
2025-05-21 13:15:00,893.5,894.45,891.3,892.3,1314
2025-05-21 14:15:00,892.35,897.3,890.75,892.3,13906
2025-05-21 15:15:00,892.3,895.0,891.0,893.0,2740
2025-05-22 09:15:00,898.0,898.0,884.2,893.6,5151
2025-05-22 10:15:00,893.65,911.0,892.0,906.0,16832
2025-05-22 11:15:00,906.0,908.75,897.05,900.45,20766
2025-05-22 12:15:00,899.5,903.65,898.55,902.2,7449
2025-05-22 13:15:00,901.1,908.6,901.0,902.3,13221
2025-05-22 14:15:00,903.25,904.6,898.7,899.95,9276
2025-05-22 15:15:00,898.75,910.0,896.0,898.6,5717
2025-05-23 09:15:00,904.65,909.1,896.0,898.05,4976
2025-05-23 10:15:00,897.75,900.0,896.75,898.45,2677
2025-05-23 11:15:00,898.9,900.0,896.1,900.0,2007
2025-05-23 12:15:00,899.95,900.0,895.6,895.6,3397
2025-05-23 13:15:00,895.55,895.6,892.1,893.15,3274
2025-05-23 14:15:00,892.55,895.95,892.55,893.0,4434
2025-05-23 15:15:00,893.35,893.35,886.95,889.5,5938
2025-05-26 09:15:00,892.0,901.95,889.65,900.55,8114
2025-05-26 10:15:00,900.6,905.8,898.8,901.55,3817
2025-05-26 11:15:00,901.4,905.0,898.95,899.8,3069
2025-05-26 12:15:00,899.3,904.25,896.9,900.65,2487
2025-05-26 13:15:00,900.65,900.65,896.0,897.7,2653
2025-05-26 14:15:00,897.7,897.95,892.4,892.4,4902
2025-05-26 15:15:00,894.4,895.0,893.1,893.4,1381
2025-05-27 09:15:00,893.95,893.95,882.95,887.75,7343
2025-05-27 10:15:00,886.9,889.5,885.55,888.7,2833
2025-05-27 11:15:00,888.7,895.0,887.0,887.7,4977
2025-05-27 12:15:00,887.7,891.45,887.7,888.0,2217
2025-05-27 13:15:00,888.0,890.3,887.6,888.2,2586
2025-05-27 14:15:00,888.2,895.0,887.0,890.55,3901
2025-05-27 15:15:00,890.55,895.4,887.0,894.95,2764
2025-05-28 09:15:00,891.5,891.55,885.15,889.35,3898
2025-05-28 10:15:00,889.3,893.7,888.2,893.0,68084
2025-05-28 11:15:00,892.75,909.0,890.5,907.1,7851
2025-05-28 12:15:00,907.45,922.5,907.45,910.45,21081
2025-05-28 13:15:00,910.15,920.55,910.1,920.3,19722
2025-05-28 14:15:00,920.0,933.9,920.0,923.25,27901
2025-05-28 15:15:00,924.0,930.0,920.1,922.0,6152
2025-05-29 09:15:00,924.85,944.5,924.85,932.05,20092
2025-05-29 10:15:00,932.5,938.05,927.1,935.8,9602
2025-05-29 11:15:00,935.75,937.55,932.45,935.05,3908
2025-05-29 12:15:00,935.4,946.9,934.5,946.55,17407
2025-05-29 13:15:00,945.0,954.4,945.0,950.65,13776
2025-05-29 14:15:00,950.9,963.0,950.0,955.45,13448
2025-05-29 15:15:00,955.35,963.0,954.05,960.0,9808
2025-05-30 09:15:00,958.45,965.0,940.5,942.45,15443
2025-05-30 10:15:00,943.0,949.25,942.5,945.8,4131
2025-05-30 11:15:00,945.05,951.5,943.55,950.65,4133
2025-05-30 12:15:00,950.0,957.0,949.4,951.15,5599
2025-05-30 13:15:00,951.1,962.5,951.05,955.95,7535
2025-05-30 14:15:00,955.05,967.2,955.0,964.8,13120
2025-05-30 15:15:00,961.85,967.0,960.5,967.0,9828
2025-06-02 09:15:00,964.5,981.65,964.45,973.05,14007
2025-06-02 10:15:00,972.1,976.45,968.0,971.5,5813
2025-06-02 11:15:00,971.5,971.9,967.0,967.0,2282
2025-06-02 12:15:00,967.5,969.0,963.5,968.0,2821
2025-06-02 13:15:00,967.95,970.75,966.85,968.0,2109
2025-06-02 14:15:00,967.25,972.0,966.6,968.85,3335
2025-06-02 15:15:00,968.85,969.45,949.5,949.5,3141
2025-06-03 09:15:00,963.95,975.3,960.0,970.1,5476
2025-06-03 10:15:00,970.95,980.0,970.05,973.5,7539
2025-06-03 11:15:00,973.5,976.95,972.15,972.15,3046
2025-06-03 12:15:00,972.2,975.35,972.0,972.05,3746
2025-06-03 13:15:00,972.15,976.75,972.0,975.05,2199
2025-06-03 14:15:00,975.05,978.6,972.05,975.75,3348
2025-06-03 15:15:00,975.7,977.5,972.0,977.0,2806
2025-06-04 09:15:00,973.0,989.0,969.5,988.4,20271
2025-06-04 10:15:00,988.0,995.0,984.6,989.8,12222
2025-06-04 11:15:00,988.5,992.45,987.35,991.45,3085
2025-06-04 12:15:00,992.4,995.0,984.9,986.5,6311
2025-06-04 13:15:00,985.35,992.0,985.05,990.1,4225
2025-06-04 14:15:00,990.0,996.45,988.0,990.0,11550
2025-06-04 15:15:00,991.55,995.9,989.5,989.5,3654
2025-06-05 09:15:00,992.0,1002.3,982.05,994.45,11495
2025-06-05 10:15:00,994.4,999.5,992.05,994.55,6825
2025-06-05 11:15:00,994.55,995.0,990.0,992.45,2578
2025-06-05 12:15:00,991.25,994.4,990.0,993.05,2919
2025-06-05 13:15:00,992.7,995.05,981.0,984.3,11739
2025-06-05 14:15:00,984.35,991.95,979.6,985.05,9843
2025-06-05 15:15:00,985.0,986.0,981.0,981.15,1380
2025-06-06 09:15:00,983.0,983.0,971.05,981.0,6665
2025-06-06 10:15:00,981.05,983.2,976.0,983.2,5613
2025-06-06 11:15:00,982.5,984.3,980.0,981.4,1204
2025-06-06 12:15:00,981.45,983.3,980.05,982.7,1215
2025-06-06 13:15:00,981.55,988.1,979.95,985.0,3940
2025-06-06 14:15:00,985.0,986.2,979.25,986.2,5959
2025-06-06 15:15:00,985.25,986.15,981.7,982.2,722
2025-06-09 09:15:00,984.4,1001.95,984.35,997.2,6326
2025-06-09 10:15:00,996.2,999.4,991.0,996.1,4966
2025-06-09 11:15:00,996.3,998.15,993.45,996.3,2057
2025-06-09 12:15:00,996.9,997.6,993.65,995.6,817
2025-06-09 13:15:00,995.3,997.2,982.1,985.1,5115
2025-06-09 14:15:00,985.6,985.75,978.05,980.15,3333
2025-06-09 15:15:00,980.2,982.55,976.1,980.0,1851
2025-06-10 09:15:00,975.0,982.9,961.45,980.3,1446
2025-06-10 10:15:00,980.3,983.9,979.15,980.15,1230
2025-06-10 11:15:00,980.25,983.5,980.0,981.6,829
2025-06-10 12:15:00,981.6,982.0,979.0,979.1,496
2025-06-10 13:15:00,980.0,983.4,979.0,981.75,2583
2025-06-10 14:15:00,981.55,982.65,980.0,980.25,1338
2025-06-10 15:15:00,981.05,983.45,978.0,982.95,492
2025-06-11 09:15:00,981.25,985.0,975.2,976.15,2512
2025-06-11 10:15:00,976.1,977.9,972.4,974.45,2492
2025-06-11 11:15:00,974.45,975.0,970.1,972.4,1155
2025-06-11 12:15:00,971.65,972.0,966.7,966.7,940
2025-06-11 13:15:00,966.1,966.6,957.25,957.9,3684
2025-06-11 14:15:00,959.05,970.0,955.75,964.2,5361
2025-06-11 15:15:00,965.3,969.15,961.7,961.7,1132
2025-06-12 09:15:00,969.95,984.4,951.85,977.85,7123
2025-06-12 10:15:00,977.75,1004.0,972.5,995.0,21602
2025-06-12 11:15:00,994.25,998.6,986.25,990.35,8446
2025-06-12 12:15:00,989.05,989.95,986.1,986.95,1887
2025-06-12 13:15:00,987.75,988.4,977.9,979.55,3612
2025-06-12 14:15:00,978.7,985.0,977.55,981.05,5140
2025-06-12 15:15:00,981.1,985.0,974.05,975.75,4181
2025-06-13 09:15:00,972.65,972.65,955.05,967.25,6222
2025-06-13 10:15:00,967.5,976.7,966.05,974.85,2913
2025-06-13 11:15:00,974.0,974.0,963.55,965.1,2055
2025-06-13 12:15:00,966.45,969.1,962.05,964.15,1669
2025-06-13 13:15:00,963.35,966.85,962.0,965.3,807
2025-06-13 14:15:00,964.65,990.0,964.65,982.65,5068
2025-06-13 15:15:00,979.9,990.0,972.0,972.0,6377
2025-06-16 09:15:00,981.4,981.4,951.2,952.5,4632
2025-06-16 10:15:00,952.5,959.05,952.1,957.3,3591
2025-06-16 11:15:00,957.3,958.0,941.55,951.0,9829
2025-06-16 12:15:00,950.55,951.0,946.55,949.05,2965
2025-06-16 13:15:00,949.05,950.0,947.15,949.8,2435
2025-06-16 14:15:00,949.9,954.95,947.15,952.8,6482
2025-06-16 15:15:00,952.0,953.45,947.15,948.0,3990
2025-06-17 09:15:00,954.4,963.95,939.55,957.9,28262
2025-06-17 10:15:00,957.85,964.9,956.4,963.7,3194
2025-06-17 11:15:00,962.3,963.4,955.6,957.1,1421
2025-06-17 12:15:00,955.45,957.5,954.4,956.5,1695
2025-06-17 13:15:00,956.4,957.75,954.85,957.75,1039
2025-06-17 14:15:00,956.55,966.85,955.3,962.85,8033
2025-06-17 15:15:00,964.8,964.8,951.1,956.0,3769
2025-06-18 09:15:00,965.3,965.3,950.0,956.75,1075
2025-06-18 10:15:00,957.2,960.15,951.0,958.85,1991
2025-06-18 11:15:00,958.15,961.0,956.55,958.0,608
2025-06-18 12:15:00,956.75,958.0,954.45,958.0,1002
2025-06-18 13:15:00,958.0,967.9,957.0,966.5,5337
2025-06-18 14:15:00,966.15,975.0,965.35,970.7,10324
2025-06-18 15:15:00,971.95,974.0,948.1,952.0,13159
2025-06-19 09:15:00,956.85,964.0,953.35,958.1,3206
2025-06-19 10:15:00,956.65,958.2,953.1,956.15,1160
2025-06-19 11:15:00,955.55,956.25,951.85,953.8,1282
2025-06-19 12:15:00,954.0,958.0,948.0,952.9,2844
2025-06-19 13:15:00,952.05,955.3,945.4,949.95,1588
2025-06-19 14:15:00,949.9,953.0,941.95,948.0,5852
2025-06-19 15:15:00,948.0,949.05,944.0,947.0,1956
2025-06-20 09:15:00,951.15,954.65,937.45,951.4,4737
2025-06-20 10:15:00,951.65,952.0,944.3,947.0,3069
2025-06-20 11:15:00,947.0,950.4,946.5,946.5,1764
2025-06-20 12:15:00,946.5,949.55,945.15,946.0,4059
2025-06-20 13:15:00,946.2,953.85,945.25,951.0,1756
2025-06-20 14:15:00,951.95,956.0,950.45,954.1,1488
2025-06-20 15:15:00,953.45,953.5,950.0,952.0,1597
2025-06-23 09:15:00,951.5,954.85,938.5,946.4,4517
2025-06-23 10:15:00,947.8,947.95,942.55,942.75,1053
2025-06-23 11:15:00,943.75,946.2,942.95,943.35,1288
2025-06-23 12:15:00,944.35,944.8,940.1,941.05,1260
2025-06-23 13:15:00,941.15,942.5,934.2,937.5,2683
2025-06-23 14:15:00,937.45,937.5,931.55,934.6,10394
2025-06-23 15:15:00,934.65,944.0,934.15,944.0,2552
2025-06-24 09:15:00,944.0,945.0,937.0,941.5,3458
2025-06-24 10:15:00,940.55,943.7,939.0,941.1,1401
2025-06-24 11:15:00,940.45,941.55,938.1,939.95,1051
2025-06-24 12:15:00,939.9,940.9,938.7,940.5,193
2025-06-24 13:15:00,940.5,940.5,935.0,935.0,2210
2025-06-24 14:15:00,934.5,936.1,933.75,935.05,1957
2025-06-24 15:15:00,935.65,935.65,930.05,933.0,2576
2025-06-25 09:15:00,939.95,946.4,935.8,941.15,8804
2025-06-25 10:15:00,940.7,958.05,938.0,952.0,6707
2025-06-25 11:15:00,952.05,958.0,951.6,953.9,3553
2025-06-25 12:15:00,953.3,954.9,945.65,946.45,1667
2025-06-25 13:15:00,946.4,955.0,943.65,953.05,4954
2025-06-25 14:15:00,952.9,958.15,950.2,954.6,7757
2025-06-25 15:15:00,953.9,956.25,945.0,951.0,2895
2025-06-26 09:15:00,953.7,957.45,942.5,944.2,4607
2025-06-26 10:15:00,944.75,947.4,940.2,944.1,2117
2025-06-26 11:15:00,942.95,943.3,939.0,941.0,1921
2025-06-26 12:15:00,941.9,942.75,936.0,939.0,3051
2025-06-26 13:15:00,939.0,939.6,936.0,937.05,1501
2025-06-26 14:15:00,938.2,941.95,936.05,940.0,1278
2025-06-26 15:15:00,941.55,969.0,936.05,943.95,6261
2025-06-27 09:15:00,953.4,953.4,940.85,943.0,1508
2025-06-27 10:15:00,942.7,946.9,942.6,943.7,2150
2025-06-27 11:15:00,943.1,943.85,942.0,943.05,691
2025-06-27 12:15:00,943.1,947.55,941.05,942.15,1563
2025-06-27 13:15:00,941.4,946.9,941.4,945.45,1036
2025-06-27 14:15:00,945.0,948.0,943.55,944.05,2976
2025-06-27 15:15:00,944.95,949.0,943.8,945.2,848
2025-06-30 09:15:00,944.9,951.8,942.3,943.75,2688
2025-06-30 10:15:00,944.95,947.45,941.6,943.5,2060
2025-06-30 11:15:00,943.85,944.0,940.5,942.35,973
2025-06-30 12:15:00,942.3,947.25,942.0,945.0,2349
2025-06-30 13:15:00,943.55,953.6,943.55,950.25,3363
2025-06-30 14:15:00,950.0,963.95,949.15,955.5,3099
2025-06-30 15:15:00,956.5,960.0,953.1,960.0,1652
2025-07-01 09:15:00,963.1,966.35,948.1,950.75,6877
2025-07-01 10:15:00,951.85,951.9,945.7,950.0,2339
2025-07-01 11:15:00,951.0,952.0,950.0,952.0,1026
2025-07-01 12:15:00,951.45,954.25,951.05,951.6,361
2025-07-01 13:15:00,951.6,953.0,950.35,952.0,734
2025-07-01 14:15:00,952.1,954.35,950.7,954.3,1556
2025-07-01 15:15:00,954.25,962.6,947.25,949.55,2488
2025-07-02 09:15:00,955.05,961.2,942.0,947.8,12963
2025-07-02 10:15:00,948.1,952.4,946.55,949.15,4292
2025-07-02 11:15:00,949.1,950.0,946.85,949.7,1920
2025-07-02 12:15:00,948.95,949.85,946.85,948.4,313
2025-07-02 13:15:00,948.9,949.65,946.6,947.35,1386
2025-07-02 14:15:00,946.7,950.0,946.55,946.55,3604
2025-07-02 15:15:00,946.85,950.0,945.0,945.0,1624
2025-07-03 09:15:00,947.25,950.0,942.05,944.65,2954
2025-07-03 10:15:00,944.05,944.95,939.2,944.4,9672
2025-07-03 11:15:00,943.65,945.0,940.8,941.9,2011
2025-07-03 12:15:00,942.65,946.0,940.8,944.0,1360
2025-07-03 13:15:00,944.0,945.0,941.5,942.0,897
2025-07-03 14:15:00,942.6,945.95,940.55,944.95,1946
2025-07-03 15:15:00,945.2,945.25,940.0,940.5,852
2025-07-04 09:15:00,943.0,950.0,936.9,946.7,7720
2025-07-04 10:15:00,948.95,949.95,944.6,948.55,3749
2025-07-04 11:15:00,948.5,948.55,941.5,944.6,3896
2025-07-04 12:15:00,944.8,945.65,942.15,943.25,570
2025-07-04 13:15:00,943.85,948.45,943.45,945.9,663
2025-07-04 14:15:00,945.9,961.2,942.95,952.95,13595
2025-07-04 15:15:00,953.15,960.0,952.05,960.0,3201
2025-07-07 09:15:00,963.0,963.0,944.85,948.5,10001
2025-07-07 10:15:00,948.45,954.95,948.3,952.45,2187
2025-07-07 11:15:00,952.65,959.0,950.7,956.7,2981
2025-07-07 12:15:00,957.0,966.0,955.3,957.0,8310
2025-07-07 13:15:00,958.7,964.75,957.95,961.95,3638
2025-07-07 14:15:00,963.2,970.0,959.8,967.95,7530
2025-07-07 15:15:00,967.45,970.0,965.0,965.0,3541
2025-07-08 09:15:00,967.0,980.0,959.0,962.8,14172
2025-07-08 10:15:00,962.8,973.0,950.55,970.2,9182
2025-07-08 11:15:00,969.25,976.45,968.8,974.4,6823
2025-07-08 12:15:00,972.8,977.0,971.35,974.35,5556
2025-07-08 13:15:00,975.75,977.0,957.15,973.9,9040
2025-07-08 14:15:00,975.0,979.0,973.2,977.0,9518
2025-07-08 15:15:00,977.05,980.0,977.0,977.9,7967
2025-07-09 09:15:00,970.6,978.65,964.85,970.9,3019
2025-07-09 10:15:00,968.65,972.9,968.25,969.45,1059
2025-07-09 11:15:00,969.85,971.7,964.15,964.15,1054
2025-07-09 12:15:00,964.6,973.45,964.6,970.65,1278
2025-07-09 13:15:00,971.0,977.85,970.35,974.55,1398
2025-07-09 14:15:00,975.0,985.0,974.55,978.05,8496
2025-07-09 15:15:00,978.05,989.8,968.0,968.55,4844
2025-07-10 09:15:00,987.95,988.0,969.0,970.0,3451
2025-07-10 10:15:00,970.95,970.95,966.05,967.0,918
2025-07-10 11:15:00,967.7,969.4,965.0,965.7,1418
2025-07-10 12:15:00,965.75,967.0,963.05,963.65,1509
2025-07-10 13:15:00,963.6,970.4,961.7,961.75,7923
2025-07-10 14:15:00,961.8,965.0,954.05,954.05,10140
2025-07-10 15:15:00,954.0,965.65,951.0,955.05,3292
2025-07-11 09:15:00,959.85,964.95,952.55,956.3,3141
2025-07-11 10:15:00,956.85,956.9,950.5,953.1,2610
2025-07-11 11:15:00,954.25,954.35,943.45,946.05,2863
2025-07-11 12:15:00,946.95,947.2,943.0,943.0,2292
2025-07-11 13:15:00,943.85,951.5,943.0,951.45,1565
2025-07-11 14:15:00,950.55,951.5,946.5,947.55,5189
2025-07-11 15:15:00,947.55,950.0,946.6,947.0,1205
2025-07-14 09:15:00,943.95,948.55,942.7,944.95,1815
2025-07-14 10:15:00,944.3,946.9,943.2,945.0,1107
2025-07-14 11:15:00,944.9,944.9,939.2,939.2,2027
2025-07-14 12:15:00,940.0,940.0,937.4,938.2,1904
2025-07-14 13:15:00,937.4,940.0,935.1,938.5,3280
2025-07-14 14:15:00,938.45,943.65,938.45,939.7,2928
2025-07-14 15:15:00,940.75,945.05,940.05,945.05,1046
2025-07-15 09:15:00,949.3,950.6,942.0,944.45,2767
2025-07-15 10:15:00,944.45,947.1,943.6,945.85,2327
2025-07-15 11:15:00,945.95,948.75,944.4,945.15,553
2025-07-15 12:15:00,945.1,951.0,943.4,947.7,2472
2025-07-15 13:15:00,947.7,949.65,945.55,946.35,1097
2025-07-15 14:15:00,946.3,948.0,943.7,944.0,1835
2025-07-15 15:15:00,944.55,945.0,943.7,943.7,1864
2025-07-16 09:15:00,944.15,953.0,942.0,948.55,5006
2025-07-16 10:15:00,948.35,950.0,945.7,946.95,850
2025-07-16 11:15:00,948.8,959.45,944.25,950.2,3521
2025-07-16 12:15:00,951.7,956.5,946.5,946.5,2516
2025-07-16 13:15:00,946.95,949.25,945.0,949.25,47223
2025-07-16 14:15:00,949.25,952.0,946.45,949.0,21824
2025-07-16 15:15:00,949.8,955.0,949.05,952.3,4606
2025-07-17 09:15:00,954.1,977.25,953.95,960.0,24225
2025-07-17 10:15:00,959.5,965.0,935.5,958.35,37671
2025-07-17 11:15:00,958.75,958.9,947.0,948.95,7424
2025-07-17 12:15:00,948.9,951.3,945.55,947.0,9817
2025-07-17 13:15:00,947.15,949.0,936.35,947.15,13908
2025-07-17 14:15:00,948.1,950.95,946.0,947.35,4746
2025-07-17 15:15:00,947.25,949.8,944.0,949.4,7878
2025-07-18 09:15:00,946.65,965.0,943.0,955.55,94050
2025-07-18 10:15:00,956.8,963.0,954.7,958.15,7640
2025-07-18 11:15:00,958.45,961.9,956.5,958.35,9112
2025-07-18 12:15:00,958.35,968.0,957.55,961.3,12911
2025-07-18 13:15:00,962.0,964.95,955.7,957.0,3915
2025-07-18 14:15:00,956.95,960.3,950.7,953.45,8633
2025-07-18 15:15:00,953.45,958.0,936.2,958.0,15978
2025-07-21 09:15:00,1002.0,1045.0,1000.0,1018.5,901544
2025-07-21 10:15:00,1018.0,1022.0,992.7,996.6,241165
2025-07-21 11:15:00,997.0,1005.0,989.45,997.65,115045
2025-07-21 12:15:00,998.7,1005.0,993.15,999.4,48755
2025-07-21 13:15:00,999.4,999.8,990.1,992.2,42367
2025-07-21 14:15:00,992.2,998.0,962.3,968.0,118616
2025-07-21 15:15:00,967.25,999.0,966.95,973.55,63480
2025-07-22 09:15:00,981.05,992.3,973.55,976.95,36081
2025-07-22 10:15:00,977.35,981.15,971.95,972.6,14063
2025-07-22 11:15:00,972.6,974.85,968.05,969.7,4462
2025-07-22 12:15:00,969.7,970.3,965.05,965.9,3913
2025-07-22 13:15:00,965.9,968.6,960.6,965.95,14021
2025-07-22 14:15:00,965.0,968.0,960.0,961.75,10549
2025-07-22 15:15:00,960.75,967.5,952.75,962.9,13335
2025-07-23 09:15:00,966.55,979.0,966.5,971.6,15534
2025-07-23 10:15:00,970.6,975.0,963.3,973.75,12447
2025-07-23 11:15:00,973.75,974.5,970.75,973.0,3339
2025-07-23 12:15:00,973.0,973.5,969.95,972.8,2680
2025-07-23 13:15:00,972.75,973.5,968.25,970.1,3543
2025-07-23 14:15:00,969.35,973.6,958.75,959.65,19565
2025-07-23 15:15:00,960.0,972.4,958.1,969.0,5462
2025-07-24 09:15:00,962.85,975.05,947.5,952.95,14688
2025-07-24 10:15:00,952.25,956.1,951.95,955.1,2134
2025-07-24 11:15:00,956.05,956.65,948.55,949.9,2756
2025-07-24 12:15:00,949.9,951.55,942.4,947.8,3972
2025-07-24 13:15:00,947.4,950.15,940.15,946.95,4767
2025-07-24 14:15:00,946.9,948.1,941.2,943.55,5722
2025-07-24 15:15:00,943.65,946.95,940.05,941.1,9982
2025-07-25 09:15:00,945.0,958.35,938.9,943.75,18000
2025-07-25 10:15:00,942.0,942.55,930.15,931.25,8985
2025-07-25 11:15:00,930.6,932.65,927.3,928.75,3894
2025-07-25 12:15:00,928.65,930.85,923.8,926.8,5076
2025-07-25 13:15:00,926.8,927.3,918.25,920.25,5208
2025-07-25 14:15:00,919.1,934.15,918.7,922.15,10680
2025-07-25 15:15:00,922.05,923.45,917.8,922.0,6425
2025-07-28 09:15:00,925.05,944.85,925.05,929.4,12389
2025-07-28 10:15:00,929.55,930.0,914.4,918.95,10436
2025-07-28 11:15:00,918.0,919.0,913.3,914.25,2700
2025-07-28 12:15:00,914.1,915.0,903.1,904.9,4660
2025-07-28 13:15:00,904.3,905.6,898.65,900.0,7197
2025-07-28 14:15:00,899.95,908.0,895.05,902.4,9800
2025-07-28 15:15:00,901.35,908.0,897.55,904.15,5986
2025-07-29 09:15:00,904.05,914.05,895.65,899.45,9561
2025-07-29 10:15:00,899.45,900.15,893.0,896.35,4491
2025-07-29 11:15:00,896.35,898.25,889.35,889.5,6000
2025-07-29 12:15:00,889.55,907.95,888.05,901.95,10382
2025-07-29 13:15:00,901.6,910.0,901.5,908.15,4611
2025-07-29 14:15:00,908.1,909.55,902.9,904.95,2422
2025-07-29 15:15:00,904.9,906.25,900.0,901.5,5431
2025-07-30 09:15:00,912.0,919.2,906.4,911.15,5556
2025-07-30 10:15:00,910.6,912.0,904.45,905.0,2636
2025-07-30 11:15:00,905.0,908.8,904.4,908.8,13032
2025-07-30 12:15:00,908.9,914.9,907.9,912.3,2432
2025-07-30 13:15:00,911.7,915.4,911.0,911.2,2172
2025-07-30 14:15:00,910.6,911.0,905.0,905.6,5870
2025-07-30 15:15:00,905.35,912.0,900.35,908.25,6926
2025-07-31 09:15:00,900.0,910.5,899.95,909.0,4499
2025-07-31 10:15:00,909.0,915.0,905.35,915.0,7085
2025-07-31 11:15:00,915.0,915.0,912.3,913.0,2475
2025-07-31 12:15:00,913.0,916.0,912.05,916.0,2666
2025-07-31 13:15:00,916.0,916.0,912.25,913.9,2523
2025-07-31 14:15:00,914.0,915.0,907.3,912.9,7868
2025-07-31 15:15:00,913.65,928.0,910.0,919.8,6735
2025-08-01 09:15:00,915.8,934.6,915.8,928.55,12820
2025-08-01 10:15:00,928.5,928.55,921.15,924.4,2995
2025-08-01 11:15:00,925.3,925.6,920.1,921.1,5641
2025-08-01 12:15:00,920.15,920.8,910.05,910.9,6923
2025-08-01 13:15:00,910.9,914.6,905.0,908.5,3341
2025-08-01 14:15:00,908.2,910.95,900.9,905.4,8402
2025-08-01 15:15:00,904.85,917.8,884.0,914.5,11748
2025-08-04 09:15:00,902.55,919.0,902.0,909.0,2436
2025-08-04 10:15:00,907.8,909.0,905.7,907.75,1771
2025-08-04 11:15:00,906.55,914.55,906.55,910.9,2613
2025-08-04 12:15:00,910.0,912.9,908.3,910.0,676
2025-08-04 13:15:00,910.0,910.0,907.85,909.4,930
2025-08-04 14:15:00,910.15,911.8,901.0,904.5,4966
2025-08-04 15:15:00,902.65,910.0,900.95,909.6,4325
2025-08-05 09:15:00,913.2,913.25,903.6,905.85,6616
2025-08-05 10:15:00,905.75,906.6,899.05,901.5,3796
2025-08-05 11:15:00,901.55,901.85,895.15,899.7,4330
2025-08-05 12:15:00,899.0,901.9,898.45,900.0,1494
2025-08-05 13:15:00,900.0,900.5,897.25,898.6,1554
2025-08-05 14:15:00,897.9,899.0,889.05,892.7,12974
2025-08-05 15:15:00,892.8,895.0,882.2,892.0,11190
2025-08-06 09:15:00,890.0,909.4,890.0,899.2,7411
2025-08-06 10:15:00,898.8,902.6,895.6,896.9,1597
2025-08-06 11:15:00,895.8,900.0,892.65,894.35,3583
2025-08-06 12:15:00,894.0,895.0,892.6,894.4,988
2025-08-06 13:15:00,894.45,894.85,893.0,893.95,483
2025-08-06 14:15:00,894.0,894.35,887.1,889.6,4575
2025-08-06 15:15:00,889.15,896.0,888.85,891.0,1734
2025-08-07 09:15:00,892.0,902.55,890.3,895.85,4978
2025-08-07 10:15:00,894.95,896.95,891.0,891.95,3289
2025-08-07 11:15:00,891.9,894.4,889.9,893.95,1535
2025-08-07 12:15:00,894.0,894.05,889.65,891.95,945
2025-08-07 13:15:00,891.35,892.05,889.0,891.8,1311
2025-08-07 14:15:00,891.8,898.35,888.5,895.0,6961
2025-08-07 15:15:00,895.1,900.0,892.0,893.0,2694
2025-08-08 09:15:00,895.0,904.7,890.0,902.25,1923
2025-08-08 10:15:00,902.0,905.55,901.4,904.9,1416
2025-08-08 11:15:00,904.8,904.85,890.45,893.85,10102
2025-08-08 12:15:00,892.65,895.95,891.85,894.55,611
2025-08-08 13:15:00,894.75,898.5,892.0,895.0,1817
2025-08-08 14:15:00,895.15,895.15,890.05,891.95,1350
2025-08-08 15:15:00,891.55,895.0,890.1,895.0,1978
2025-08-11 09:15:00,894.95,899.95,890.75,892.5,3188
2025-08-11 10:15:00,891.25,895.0,891.05,892.45,567
2025-08-11 11:15:00,892.7,893.15,888.0,890.0,1885
2025-08-11 12:15:00,890.0,892.45,888.8,892.45,941
2025-08-11 13:15:00,891.3,892.2,888.0,888.85,1501
2025-08-11 14:15:00,888.95,894.9,888.0,889.2,1774
2025-08-11 15:15:00,888.5,891.7,887.1,890.0,1849
2025-08-12 09:15:00,888.85,900.0,888.85,900.0,3175
2025-08-12 10:15:00,899.85,900.0,894.05,896.0,865
2025-08-12 11:15:00,895.5,899.0,893.5,895.05,760
2025-08-12 12:15:00,894.95,897.0,894.0,896.0,944
2025-08-12 13:15:00,895.0,897.0,891.55,892.9,1011
2025-08-12 14:15:00,892.75,895.45,891.0,892.05,1632
2025-08-12 15:15:00,893.0,894.0,888.9,888.9,2110
2025-08-13 09:15:00,891.75,897.6,884.7,888.65,3504
2025-08-13 10:15:00,888.65,889.6,886.5,889.6,561
2025-08-13 11:15:00,889.45,890.3,883.0,884.45,4632
2025-08-13 12:15:00,884.6,885.75,882.55,882.9,3797
2025-08-13 13:15:00,882.75,884.95,882.4,884.0,1819
2025-08-13 14:15:00,883.95,884.25,880.25,880.6,3201
2025-08-13 15:15:00,880.6,882.0,876.2,877.15,3252
2025-08-14 09:15:00,880.0,898.2,880.0,887.95,5831
2025-08-14 10:15:00,887.85,888.3,884.25,884.25,406
2025-08-14 11:15:00,883.9,885.45,882.25,882.8,320
2025-08-14 12:15:00,884.0,884.45,880.1,881.65,1096
2025-08-14 13:15:00,882.3,883.45,878.55,881.0,1302
2025-08-14 14:15:00,881.0,881.0,877.0,879.75,2132
2025-08-14 15:15:00,879.75,884.0,879.0,881.05,968
2025-08-18 09:15:00,888.7,905.45,888.7,894.45,7617
2025-08-18 10:15:00,894.45,896.0,893.2,894.65,6307
2025-08-18 11:15:00,894.65,894.65,889.05,889.8,2855
2025-08-18 12:15:00,889.0,894.0,888.85,892.85,2145
2025-08-18 13:15:00,891.75,894.0,888.35,890.0,4295
2025-08-18 14:15:00,890.0,899.45,890.0,892.95,6864
2025-08-18 15:15:00,892.4,902.0,891.0,900.0,3299
2025-08-19 09:15:00,904.0,921.65,903.45,916.9,19516
2025-08-19 10:15:00,916.75,918.0,912.0,915.35,3583
2025-08-19 11:15:00,915.3,917.5,913.95,916.45,1048
2025-08-19 12:15:00,916.2,916.45,910.6,913.4,1714
2025-08-19 13:15:00,913.0,916.5,910.55,916.45,1871
2025-08-19 14:15:00,916.4,916.95,910.5,912.45,4585
2025-08-19 15:15:00,913.5,915.0,913.0,914.0,2077
2025-08-20 09:15:00,914.3,920.0,909.85,911.25,4672
2025-08-20 10:15:00,910.3,912.3,909.1,910.0,1423
2025-08-20 11:15:00,909.5,910.55,908.0,910.45,1294
2025-08-20 12:15:00,910.0,917.55,909.0,914.0,2030
2025-08-20 13:15:00,913.25,914.15,909.6,911.25,1654
2025-08-20 14:15:00,911.1,914.0,909.8,912.2,3298
2025-08-20 15:15:00,912.2,917.5,910.0,917.5,4380
2025-08-21 09:15:00,915.0,923.45,915.0,919.95,6457
2025-08-21 10:15:00,919.6,927.0,919.0,922.0,7503
2025-08-21 11:15:00,922.0,922.0,918.1,920.6,1871
2025-08-21 12:15:00,919.8,920.6,919.0,920.6,1579
2025-08-21 13:15:00,919.9,919.9,912.1,916.0,3067
2025-08-21 14:15:00,915.9,918.0,914.0,914.15,2813
2025-08-21 15:15:00,914.75,915.1,909.0,910.0,2043
2025-08-22 09:15:00,909.0,922.0,909.0,912.8,1791
2025-08-22 10:15:00,913.5,914.0,911.3,912.9,303
2025-08-22 11:15:00,912.6,915.0,901.0,902.3,5052
2025-08-22 12:15:00,902.0,907.25,900.0,904.1,5482
2025-08-22 13:15:00,902.95,905.65,902.0,904.35,5124
2025-08-22 14:15:00,903.9,904.7,900.45,902.6,2161
2025-08-22 15:15:00,901.95,908.7,892.0,901.0,8205
2025-08-25 09:15:00,908.0,910.0,901.05,906.05,5196
2025-08-25 10:15:00,904.85,907.0,904.15,906.9,1484
2025-08-25 11:15:00,905.9,907.0,902.9,904.05,1940
2025-08-25 12:15:00,903.95,904.05,900.0,901.35,1657
2025-08-25 13:15:00,901.75,903.95,901.55,902.35,704
2025-08-25 14:15:00,902.5,902.85,899.15,902.65,3488
2025-08-25 15:15:00,902.65,904.05,899.0,899.0,974
2025-08-26 09:15:00,899.0,909.0,892.0,893.6,1804
2025-08-26 10:15:00,893.25,894.85,890.3,893.4,1544
2025-08-26 11:15:00,892.55,898.85,889.05,895.45,3616
2025-08-26 12:15:00,894.0,894.0,890.6,892.4,1554
2025-08-26 13:15:00,892.4,892.65,885.6,890.8,3444
2025-08-26 14:15:00,890.0,891.8,877.0,884.05,6915
2025-08-26 15:15:00,883.8,890.05,880.0,882.1,3106
2025-08-28 09:15:00,892.2,897.95,881.0,895.05,2143
2025-08-28 10:15:00,895.1,899.6,892.5,897.7,2560
2025-08-28 11:15:00,897.65,907.0,893.15,904.75,9133
2025-08-28 12:15:00,904.75,906.2,899.0,901.75,7589
2025-08-28 13:15:00,901.8,903.9,897.0,902.85,4672
2025-08-28 14:15:00,902.75,903.85,893.0,900.0,6432
2025-08-28 15:15:00,897.55,900.0,892.8,892.8,1803
2025-08-29 09:15:00,895.85,904.35,890.9,893.25,4018
2025-08-29 10:15:00,894.8,900.0,892.6,899.25,2100
2025-08-29 11:15:00,899.0,899.0,895.0,896.6,270
2025-08-29 12:15:00,896.5,899.5,894.65,894.95,558
2025-08-29 13:15:00,893.75,894.7,888.1,891.85,1290
2025-08-29 14:15:00,891.85,893.75,888.0,890.0,1439
2025-08-29 15:15:00,889.9,899.8,889.0,889.45,1926
2025-09-01 09:15:00,890.75,899.4,887.65,895.25,1210
2025-09-01 10:15:00,893.65,895.2,891.35,891.5,1053
2025-09-01 11:15:00,891.0,892.3,887.05,890.95,894
2025-09-01 12:15:00,891.0,894.0,888.05,892.5,1054
2025-09-01 13:15:00,891.55,892.45,889.0,890.0,952
2025-09-01 14:15:00,890.0,892.0,888.05,890.7,1709
2025-09-01 15:15:00,890.25,892.8,887.0,889.75,1753
2025-09-02 09:15:00,895.45,900.0,891.1,896.9,4570
2025-09-02 10:15:00,897.8,914.7,897.7,910.25,11317
2025-09-02 11:15:00,910.15,914.3,904.95,906.0,7633
2025-09-02 12:15:00,905.85,908.35,902.75,904.15,4624
2025-09-02 13:15:00,903.85,908.8,899.3,903.95,25495
2025-09-02 14:15:00,903.7,907.0,902.0,904.35,1585
2025-09-02 15:15:00,903.75,920.0,902.0,910.0,9132
2025-09-03 09:15:00,909.15,917.95,905.0,907.15,5538
2025-09-03 10:15:00,906.35,911.0,904.0,908.95,5483
2025-09-03 11:15:00,907.25,911.0,904.0,905.5,2928
2025-09-03 12:15:00,904.35,904.95,899.25,900.15,1930
2025-09-03 13:15:00,900.0,908.5,897.55,903.3,5772
2025-09-03 14:15:00,902.5,905.85,897.7,900.0,5246
2025-09-03 15:15:00,899.95,908.0,898.4,908.0,6189
2025-09-04 09:15:00,934.85,948.95,918.1,923.25,37570
2025-09-04 10:15:00,922.8,930.0,918.0,921.05,16945
2025-09-04 11:15:00,921.05,922.4,916.55,920.1,9440
2025-09-04 12:15:00,920.35,920.35,917.3,918.5,2163
2025-09-04 13:15:00,917.65,924.2,915.1,923.45,17525
2025-09-04 14:15:00,923.85,933.0,921.95,927.3,18287
2025-09-04 15:15:00,926.45,928.4,919.0,919.0,6690
2025-09-05 09:15:00,934.1,934.1,913.0,916.3,8335
2025-09-05 10:15:00,916.15,918.3,914.55,915.0,5785
2025-09-05 11:15:00,914.6,916.55,914.5,914.95,1668
2025-09-05 12:15:00,914.95,915.85,913.0,915.0,2858
2025-09-05 13:15:00,914.65,919.3,914.0,915.5,9858
2025-09-05 14:15:00,915.5,915.85,910.05,915.0,4824
2025-09-05 15:15:00,915.0,918.0,907.1,907.1,4226
2025-09-08 09:15:00,921.8,928.8,915.1,919.0,5945
2025-09-08 10:15:00,918.05,918.9,910.6,911.25,3540
2025-09-08 11:15:00,910.7,912.3,908.25,911.3,3069
2025-09-08 12:15:00,910.75,911.0,905.0,908.05,4096
2025-09-08 13:15:00,908.05,909.0,903.05,904.4,6460
2025-09-08 14:15:00,905.5,907.7,900.55,900.65,6590
2025-09-08 15:15:00,900.55,904.2,900.55,900.85,3842
2025-09-09 09:15:00,909.8,925.0,907.45,920.45,14650
2025-09-09 10:15:00,920.5,922.25,918.95,920.0,2100
2025-09-09 11:15:00,919.9,920.0,914.05,915.0,3517
2025-09-09 12:15:00,914.65,916.95,913.0,913.5,1253
2025-09-09 13:15:00,912.75,920.0,910.0,912.2,4049
2025-09-09 14:15:00,913.75,915.15,904.0,907.4,6930
2025-09-09 15:15:00,907.4,908.4,901.05,904.0,1754
2025-09-10 09:15:00,908.8,911.55,905.35,909.35,4122
2025-09-10 10:15:00,910.0,916.0,909.05,910.0,2892
2025-09-10 11:15:00,909.75,910.95,906.0,908.5,2143
2025-09-10 12:15:00,908.4,909.4,904.6,905.4,2015
2025-09-10 13:15:00,906.0,909.95,905.0,909.0,1823
2025-09-10 14:15:00,908.0,910.0,906.65,909.1,1588
2025-09-10 15:15:00,909.1,910.0,904.0,910.0,2819
2025-09-11 09:15:00,908.35,913.1,905.0,907.1,4424
2025-09-11 10:15:00,905.95,907.55,899.0,902.25,3622
2025-09-11 11:15:00,902.2,904.35,899.55,903.3,3254
2025-09-11 12:15:00,903.25,907.85,901.5,905.85,1572
2025-09-11 13:15:00,905.35,913.0,905.0,910.7,1672
2025-09-11 14:15:00,910.7,912.45,907.2,910.0,1599
2025-09-11 15:15:00,909.45,912.0,908.1,910.0,1380
2025-09-12 09:15:00,916.0,916.0,907.95,913.2,1287
2025-09-12 10:15:00,912.85,915.0,910.55,911.7,2355
2025-09-12 11:15:00,912.0,913.0,909.55,911.0,998
2025-09-12 12:15:00,911.55,915.0,911.4,913.15,953
2025-09-12 13:15:00,911.7,912.95,907.0,909.0,2126
2025-09-12 14:15:00,909.0,911.2,905.9,907.0,6026
2025-09-12 15:15:00,906.9,910.0,906.0,908.0,1587
2025-09-15 09:15:00,900.05,915.0,900.05,912.0,4710
2025-09-15 10:15:00,910.8,924.9,901.1,906.25,198198
2025-09-15 11:15:00,907.1,912.55,905.6,909.15,4866
2025-09-15 12:15:00,908.05,913.1,905.0,907.3,3713
2025-09-15 13:15:00,908.0,909.8,902.4,905.0,39125
2025-09-15 14:15:00,905.8,909.2,905.0,906.45,53715
2025-09-15 15:15:00,905.4,914.0,904.0,909.0,4791
2025-09-16 09:15:00,915.5,915.5,906.9,910.95,8554
2025-09-16 10:15:00,910.5,911.2,908.25,910.0,6850
2025-09-16 11:15:00,909.25,910.0,906.0,909.55,6102
2025-09-16 12:15:00,909.0,909.4,895.0,900.5,9785
2025-09-16 13:15:00,900.85,908.7,900.85,906.95,6316
2025-09-16 14:15:00,906.95,910.55,904.65,907.55,25246
2025-09-16 15:15:00,906.25,911.0,904.05,909.0,27520
2025-09-17 09:15:00,913.6,924.7,909.1,912.0,18162
2025-09-17 10:15:00,911.2,914.7,908.2,909.9,13798
2025-09-17 11:15:00,909.85,914.0,904.9,914.0,30523
2025-09-17 12:15:00,913.85,914.45,911.3,911.3,1196
2025-09-17 13:15:00,911.2,911.9,906.8,907.05,2513
2025-09-17 14:15:00,907.05,911.3,905.6,910.0,6683
2025-09-17 15:15:00,910.0,912.5,905.0,905.0,7610
2025-09-18 09:15:00,909.5,923.0,905.85,913.0,7632
2025-09-18 10:15:00,914.0,922.0,912.9,917.65,23146
2025-09-18 11:15:00,917.65,934.7,917.3,933.45,17567
2025-09-18 12:15:00,932.7,934.7,919.0,919.5,12845
2025-09-18 13:15:00,919.7,933.2,915.15,929.25,15388
2025-09-18 14:15:00,929.0,934.0,923.65,924.85,18549
2025-09-18 15:15:00,924.4,930.0,921.0,929.95,5296
2025-09-19 09:15:00,934.75,934.75,916.85,921.0,16269
2025-09-19 10:15:00,920.55,921.8,914.5,917.0,8842
2025-09-19 11:15:00,916.5,916.8,914.95,915.8,3007
2025-09-19 12:15:00,915.6,921.45,911.05,915.95,10002
2025-09-19 13:15:00,915.8,918.0,911.0,915.55,6968
2025-09-19 14:15:00,915.6,920.0,892.4,900.9,150735
2025-09-19 15:15:00,900.9,909.9,899.0,907.0,129774
2025-09-22 09:15:00,907.0,922.05,903.65,917.25,21456
2025-09-22 10:15:00,917.2,918.5,914.45,915.9,3869
2025-09-22 11:15:00,915.0,915.65,909.0,909.0,3329
2025-09-22 12:15:00,909.55,910.0,905.75,907.45,3447
2025-09-22 13:15:00,907.8,909.8,903.85,906.0,8840
2025-09-22 14:15:00,906.0,909.9,900.0,909.7,10845
2025-09-22 15:15:00,909.55,915.0,906.15,915.0,9241
2025-09-23 09:15:00,916.95,916.95,901.5,905.9,4963
2025-09-23 10:15:00,905.45,905.85,900.0,901.75,3231
2025-09-23 11:15:00,902.2,905.0,901.0,904.9,1734
2025-09-23 12:15:00,904.9,910.35,904.85,907.65,4049
2025-09-23 13:15:00,908.05,908.65,901.0,903.1,5052
2025-09-23 14:15:00,903.1,904.35,900.4,900.85,3023
2025-09-23 15:15:00,902.6,905.5,900.85,902.0,3811
2025-09-24 09:15:00,908.4,908.4,899.05,901.8,3141
2025-09-24 10:15:00,901.3,903.2,899.65,899.65,3704
2025-09-24 11:15:00,900.0,902.65,898.0,900.75,5784
2025-09-24 12:15:00,900.45,900.75,898.0,898.45,3370
2025-09-24 13:15:00,898.4,901.15,898.0,900.0,3351
2025-09-24 14:15:00,900.0,901.95,900.0,901.5,1066
2025-09-24 15:15:00,900.95,903.0,900.15,901.0,2087
2025-09-25 09:15:00,905.4,905.4,898.1,899.0,2942
2025-09-25 10:15:00,898.95,900.0,896.05,898.95,1440
2025-09-25 11:15:00,898.8,899.1,895.5,895.75,1537
2025-09-25 12:15:00,896.3,899.9,896.3,899.05,781
2025-09-25 13:15:00,898.9,900.0,895.0,898.75,8202
2025-09-25 14:15:00,898.1,898.9,890.9,893.8,10408
2025-09-25 15:15:00,892.85,900.0,892.8,900.0,3840
2025-09-26 09:15:00,891.0,897.3,887.55,891.35,67201
2025-09-26 10:15:00,891.1,893.65,886.0,892.7,8018
2025-09-26 11:15:00,891.9,893.5,889.65,892.0,1478
2025-09-26 12:15:00,892.05,895.8,892.0,892.9,2636
2025-09-26 13:15:00,893.05,895.4,888.8,892.1,6269
2025-09-26 14:15:00,892.05,897.65,891.0,896.85,6737
2025-09-26 15:15:00,893.75,900.0,893.0,893.0,3664
2025-09-29 09:15:00,900.3,921.0,900.3,905.95,81546
2025-09-29 10:15:00,905.8,914.4,903.35,911.5,22600
2025-09-29 11:15:00,910.95,914.4,910.2,913.55,12731
2025-09-29 12:15:00,913.0,917.7,910.1,917.0,5918
2025-09-29 13:15:00,916.8,917.5,911.0,917.0,6438
2025-09-29 14:15:00,917.0,917.7,910.1,911.9,14066
2025-09-29 15:15:00,911.7,914.6,902.0,908.0,12386
2025-09-30 09:15:00,908.0,917.25,908.0,910.0,113239
2025-09-30 10:15:00,908.75,910.0,897.05,908.4,441983
2025-09-30 11:15:00,908.95,913.1,907.0,913.1,3165
2025-09-30 12:15:00,913.2,913.85,905.7,908.65,6214
2025-09-30 13:15:00,909.25,911.05,906.2,907.05,2375
2025-09-30 14:15:00,908.3,915.0,902.9,911.45,124807
2025-09-30 15:15:00,911.2,920.0,910.0,918.0,5179
2025-10-01 09:15:00,909.0,924.0,906.35,909.25,29710
2025-10-01 10:15:00,909.35,915.0,908.0,911.3,6866
2025-10-01 11:15:00,912.1,914.95,910.2,912.7,4658
2025-10-01 12:15:00,912.7,913.65,906.05,910.0,5888
2025-10-01 13:15:00,910.0,913.6,908.25,912.05,2897
2025-10-01 14:15:00,912.95,916.7,909.0,910.0,9530
2025-10-01 15:15:00,910.5,915.0,910.0,914.0,4343
2025-10-03 09:15:00,927.7,930.0,914.35,922.7,14619
2025-10-03 10:15:00,922.85,925.45,918.75,924.05,5409
2025-10-03 11:15:00,925.35,926.4,912.8,915.15,40949
2025-10-03 12:15:00,915.15,922.75,913.0,921.75,2680
2025-10-03 13:15:00,920.15,922.65,917.85,919.05,2773
2025-10-03 14:15:00,918.05,924.95,916.4,920.0,6242
2025-10-03 15:15:00,920.9,923.9,915.0,919.0,4800
2025-10-06 09:15:00,924.95,925.0,906.45,912.9,11839
2025-10-06 10:15:00,913.8,916.0,911.45,911.9,2091
2025-10-06 11:15:00,911.7,912.95,909.15,909.7,2217
2025-10-06 12:15:00,909.85,912.45,908.15,912.45,1851
2025-10-06 13:15:00,911.5,912.75,909.15,910.35,2553
2025-10-06 14:15:00,910.65,918.9,910.25,911.15,4157
2025-10-06 15:15:00,911.5,921.0,910.2,915.0,3924
2025-10-07 09:15:00,913.5,913.5,906.0,908.45,5370
2025-10-07 10:15:00,907.75,909.45,906.4,907.2,1060
2025-10-07 11:15:00,907.0,909.0,904.35,905.45,2944
2025-10-07 12:15:00,904.9,910.7,904.0,907.65,48582
2025-10-07 13:15:00,906.45,909.9,899.65,903.45,43891
2025-10-07 14:15:00,903.55,907.45,901.8,905.65,3801
2025-10-07 15:15:00,905.05,908.7,902.5,902.5,7137
2025-10-08 09:15:00,909.4,909.4,899.15,902.3,27349
2025-10-08 10:15:00,902.8,903.65,901.0,903.55,1715
2025-10-08 11:15:00,903.45,906.9,899.6,904.65,52513
2025-10-08 12:15:00,905.2,906.75,903.35,904.15,2605
2025-10-08 13:15:00,903.15,906.3,898.1,899.15,5037
2025-10-08 14:15:00,899.25,902.1,897.15,899.05,3397
2025-10-08 15:15:00,898.25,904.2,897.0,897.0,4886
2025-10-09 09:15:00,908.8,908.8,895.25,901.95,3020
2025-10-09 10:15:00,903.35,906.0,901.0,902.6,47945
2025-10-09 11:15:00,902.35,904.8,897.75,900.0,22374
2025-10-09 12:15:00,899.95,900.05,897.0,898.8,632958
2025-10-09 13:15:00,898.8,898.9,895.8,896.5,4139
2025-10-09 14:15:00,897.1,897.65,881.05,890.05,18838
2025-10-09 15:15:00,889.7,892.7,882.0,885.2,8308
2025-10-10 09:15:00,888.8,891.65,883.15,890.6,5828
2025-10-10 10:15:00,890.0,891.1,888.8,890.0,1754
2025-10-10 11:15:00,890.0,891.0,889.15,890.2,1052
2025-10-10 12:15:00,890.05,890.2,880.0,883.15,7185
2025-10-10 13:15:00,883.1,884.25,882.0,883.8,1449
2025-10-10 14:15:00,883.1,885.35,880.3,881.1,7940
2025-10-10 15:15:00,881.0,882.9,880.0,880.95,8237
2025-10-13 09:15:00,879.0,884.4,872.5,875.25,17510
2025-10-13 10:15:00,875.3,876.5,872.55,875.05,3378
2025-10-13 11:15:00,876.4,876.85,872.8,876.85,2055
2025-10-13 12:15:00,876.85,877.0,875.75,876.95,439
2025-10-13 13:15:00,876.0,876.9,874.9,876.5,711
2025-10-13 14:15:00,876.5,876.5,871.05,871.05,4076
2025-10-13 15:15:00,872.85,875.5,872.55,873.05,3793
2025-10-14 09:15:00,878.5,878.5,871.05,873.7,4741
2025-10-14 10:15:00,873.6,873.7,867.8,870.8,6894
2025-10-14 11:15:00,870.6,872.6,869.2,870.8,1394
2025-10-14 12:15:00,871.7,873.75,869.4,873.0,907
2025-10-14 13:15:00,872.25,873.95,867.5,871.45,3375
2025-10-14 14:15:00,871.5,871.75,870.0,871.55,805
2025-10-14 15:15:00,870.8,870.8,867.2,870.0,3126
2025-10-15 09:15:00,873.9,874.75,869.3,873.7,1993
2025-10-15 10:15:00,873.65,874.55,871.55,872.65,1237
2025-10-15 11:15:00,872.65,874.55,869.9,871.3,7043
2025-10-15 12:15:00,871.75,873.5,870.75,873.0,669
2025-10-15 13:15:00,872.95,873.0,870.3,872.9,2220
2025-10-15 14:15:00,872.2,910.0,871.05,905.1,33049
2025-10-15 15:15:00,903.2,942.6,903.2,923.4,45789
2025-10-16 09:15:00,905.5,906.1,897.55,898.8,7585
2025-10-16 10:15:00,898.85,899.0,896.0,897.65,1375
2025-10-16 11:15:00,897.45,898.9,895.2,898.0,1893
2025-10-16 12:15:00,898.9,898.9,891.75,893.4,5496
2025-10-16 13:15:00,893.45,895.0,893.0,894.35,814
2025-10-16 14:15:00,894.25,898.85,892.05,895.9,5547
2025-10-16 15:15:00,896.75,904.0,894.6,901.5,3227
2025-10-17 09:15:00,904.45,904.45,890.4,898.05,4988
2025-10-17 10:15:00,898.25,899.1,895.3,897.9,2252
2025-10-17 11:15:00,897.65,897.65,893.0,894.9,1335
2025-10-17 12:15:00,894.0,895.95,890.6,893.65,2674
2025-10-17 13:15:00,894.45,894.55,890.8,891.95,1542
2025-10-17 14:15:00,892.0,894.9,891.0,893.6,2717
2025-10-17 15:15:00,893.55,899.0,893.0,895.25,2116
2025-10-20 09:15:00,898.8,899.85,886.1,888.7,3671
2025-10-20 10:15:00,887.95,890.0,886.7,887.3,1329
2025-10-20 11:15:00,888.05,890.0,886.5,889.15,1097
2025-10-20 12:15:00,889.5,889.7,888.0,889.7,502
2025-10-20 13:15:00,889.7,889.75,884.2,885.0,4386
2025-10-20 14:15:00,885.0,885.9,878.65,883.3,6606
2025-10-20 15:15:00,883.6,899.0,883.6,896.0,3188
2025-10-21 13:45:00,893.9,914.95,885.45,910.0,18558
2025-10-23 09:15:00,910.7,912.3,891.0,900.0,5024
2025-10-23 10:15:00,900.2,905.9,900.1,905.3,2822
2025-10-23 11:15:00,905.9,911.4,903.1,907.5,6173
2025-10-23 12:15:00,908.0,908.0,905.05,905.55,940
2025-10-23 13:15:00,906.75,907.6,904.0,904.2,787
2025-10-23 14:15:00,904.25,909.85,902.1,907.3,4197
2025-10-23 15:15:00,907.4,908.05,902.8,904.0,1034
2025-10-24 09:15:00,913.7,913.7,899.0,900.55,3488
2025-10-24 10:15:00,900.15,900.25,896.75,899.3,1349
2025-10-24 11:15:00,899.2,899.5,895.0,896.4,2115
2025-10-24 12:15:00,896.25,900.5,896.05,898.55,806
2025-10-24 13:15:00,898.0,900.4,896.5,899.25,1000
2025-10-24 14:15:00,898.55,903.25,898.0,899.15,1457
2025-10-24 15:15:00,900.85,908.15,899.75,902.25,1926
2025-10-27 09:15:00,912.3,913.0,903.0,909.55,6787
2025-10-27 10:15:00,907.95,910.0,905.0,907.35,2029
2025-10-27 11:15:00,906.55,1078.3,905.1,1041.45,784574
2025-10-27 12:15:00,1040.2,1084.25,1031.0,1084.25,823021
2025-10-27 13:15:00,1084.25,1084.25,1084.25,1084.25,15832
2025-10-27 14:15:00,1084.25,1084.25,1063.85,1084.25,211392
2025-10-27 15:15:00,1084.25,1084.25,1084.25,1084.25,7479
2025-10-28 09:15:00,1073.0,1179.0,1055.3,1145.5,1405303
2025-10-28 10:15:00,1145.45,1159.75,1125.15,1128.3,429309
2025-10-28 11:15:00,1128.2,1155.0,1100.0,1151.9,429220
2025-10-28 12:15:00,1151.85,1155.0,1126.0,1131.8,205646
2025-10-28 13:15:00,1131.6,1139.85,1106.35,1118.05,140708
2025-10-28 14:15:00,1118.85,1128.3,1113.05,1128.3,160616
2025-10-28 15:15:00,1128.3,1150.0,1121.0,1121.0,107559
2025-10-29 09:15:00,1106.7,1157.0,1095.3,1143.0,187413
2025-10-29 10:15:00,1142.5,1162.0,1140.45,1144.7,75919
2025-10-29 11:15:00,1144.55,1151.85,1142.2,1147.0,27591
2025-10-29 12:15:00,1147.0,1154.85,1147.0,1149.0,20729
2025-10-29 13:15:00,1150.0,1150.65,1144.0,1144.35,14773
2025-10-29 14:15:00,1145.0,1150.0,1137.0,1147.05,47928
2025-10-29 15:15:00,1147.8,1152.0,1139.0,1140.0,28957
2025-10-30 09:15:00,1139.8,1158.0,1125.1,1143.1,71963
2025-10-30 10:15:00,1143.25,1147.0,1136.4,1145.05,25230
2025-10-30 11:15:00,1145.8,1147.1,1142.4,1146.1,3239
2025-10-30 12:15:00,1146.3,1147.95,1140.0,1140.5,6365
2025-10-30 13:15:00,1140.5,1142.0,1130.0,1130.35,11485
2025-10-30 14:15:00,1130.75,1146.0,1130.0,1145.8,20873
2025-10-30 15:15:00,1145.9,1148.5,1130.2,1131.0,13462
2025-10-31 09:15:00,1140.0,1141.5,1130.0,1130.0,19044
2025-10-31 10:15:00,1130.0,1130.5,1106.45,1111.05,14325
2025-10-31 11:15:00,1111.0,1126.4,1109.7,1120.3,10677
2025-10-31 12:15:00,1121.25,1121.8,1118.85,1119.9,2181
2025-10-31 13:15:00,1119.45,1119.8,1113.2,1113.75,3865
2025-10-31 14:15:00,1114.05,1117.7,1102.6,1104.0,6204
2025-10-31 15:15:00,1104.0,1107.9,1098.4,1105.9,5162
2025-11-03 09:15:00,1103.6,1103.6,1050.5,1068.7,112829
2025-11-03 10:15:00,1068.7,1075.0,1055.5,1059.0,33383
2025-11-03 11:15:00,1059.4,1060.6,1052.0,1053.6,18148
2025-11-03 12:15:00,1053.5,1080.8,1053.5,1076.5,33216
2025-11-03 13:15:00,1076.6,1083.2,1075.2,1078.8,26482
2025-11-03 14:15:00,1079.6,1082.0,1072.1,1073.3,23860
2025-11-03 15:15:00,1073.0,1075.0,1065.0,1074.0,10050
2025-11-04 09:15:00,1046.8,1076.7,1046.8,1056.0,21481
2025-11-04 10:15:00,1056.0,1059.0,1045.7,1047.6,7726
2025-11-04 11:15:00,1047.2,1068.7,1044.0,1052.9,13256
2025-11-04 12:15:00,1052.5,1063.5,1047.0,1047.5,6978
2025-11-04 13:15:00,1047.8,1050.0,1040.1,1043.8,43022
2025-11-04 14:15:00,1043.1,1044.8,1040.4,1044.0,8885
2025-11-04 15:15:00,1043.8,1044.3,1033.8,1037.8,25576
2025-11-06 09:15:00,1026.3,1049.1,1026.3,1038.1,13599
2025-11-06 10:15:00,1038.1,1054.5,1036.5,1042.4,30012
2025-11-06 11:15:00,1043.6,1046.9,1039.2,1041.0,5145
2025-11-06 12:15:00,1041.0,1045.8,1040.0,1043.5,2201
2025-11-06 13:15:00,1043.1,1045.3,1037.0,1037.3,3957
2025-11-06 14:15:00,1037.3,1038.6,1015.2,1019.8,18626
2025-11-06 15:15:00,1019.0,1029.2,1016.1,1018.6,27265
2025-11-07 09:15:00,1009.9,1016.9,1000.1,1011.1,12720
2025-11-07 10:15:00,1010.7,1023.0,1009.2,1019.2,5010
2025-11-07 11:15:00,1019.5,1054.9,1016.0,1034.7,36786
2025-11-07 12:15:00,1034.6,1039.9,1034.3,1039.3,2257
2025-11-07 13:15:00,1037.9,1044.0,1035.9,1041.8,13824
2025-11-07 14:15:00,1041.5,1047.7,1036.8,1041.0,4702
2025-11-07 15:15:00,1040.3,1050.0,1038.2,1042.0,4718
2025-11-10 09:15:00,1042.0,1044.3,1027.4,1027.4,15250
2025-11-10 10:15:00,1027.4,1036.8,1022.5,1026.7,12896
2025-11-10 11:15:00,1027.6,1034.2,1025.8,1032.3,4674
2025-11-10 12:15:00,1032.9,1038.7,1032.2,1035.2,2383
2025-11-10 13:15:00,1035.1,1037.7,1027.1,1028.5,5060
2025-11-10 14:15:00,1029.0,1029.7,1020.6,1021.9,5878
2025-11-10 15:15:00,1023.6,1026.5,1018.0,1018.0,5045
2025-11-11 09:15:00,1024.4,1031.9,1016.3,1027.7,15868
2025-11-11 10:15:00,1028.1,1031.1,1023.1,1023.1,1995
2025-11-11 11:15:00,1023.9,1027.3,1020.8,1026.5,1690
2025-11-11 12:15:00,1026.3,1049.8,1025.9,1048.7,13775
2025-11-11 13:15:00,1049.0,1104.1,1047.7,1062.7,103595
2025-11-11 14:15:00,1062.5,1080.9,1055.0,1063.0,37697
2025-11-11 15:15:00,1063.1,1081.0,1061.2,1070.6,11821
2025-11-12 09:15:00,1068.0,1098.3,1063.8,1098.3,27746
2025-11-12 10:15:00,1097.2,1099.0,1090.0,1093.4,13966
2025-11-12 11:15:00,1094.2,1108.7,1093.1,1102.0,19070
2025-11-12 12:15:00,1102.6,1103.8,1099.1,1101.0,4262
2025-11-12 13:15:00,1101.0,1103.3,1099.0,1100.0,3163
2025-11-12 14:15:00,1100.9,1105.3,1099.9,1101.0,10239
2025-11-12 15:15:00,1101.6,1102.9,1092.1,1094.0,10058
2025-11-13 09:15:00,1092.4,1095.5,1078.8,1082.8,10709
2025-11-13 10:15:00,1084.1,1096.1,1084.1,1086.8,5295
2025-11-13 11:15:00,1086.8,1115.8,1086.0,1097.2,13872
2025-11-13 12:15:00,1097.2,1100.1,1086.1,1087.0,11672
2025-11-13 13:15:00,1087.0,1088.4,1075.5,1078.6,8003
2025-11-13 14:15:00,1079.4,1085.7,1074.0,1077.7,4512
2025-11-13 15:15:00,1077.7,1081.4,1064.0,1064.5,7890
2025-11-14 09:15:00,1066.5,1075.7,1060.1,1070.6,10562
2025-11-14 10:15:00,1070.0,1088.7,1068.7,1084.9,6922
2025-11-14 11:15:00,1084.3,1092.5,1082.6,1088.3,1889
2025-11-14 12:15:00,1088.2,1093.0,1086.7,1087.3,2274
2025-11-14 13:15:00,1087.9,1089.0,1081.2,1081.2,2001
2025-11-14 14:15:00,1082.5,1095.9,1081.1,1094.8,5965
2025-11-14 15:15:00,1092.9,1095.5,1089.0,1089.1,3095
2025-11-17 09:15:00,1093.6,1093.6,1077.1,1077.1,6645
2025-11-17 10:15:00,1077.8,1080.9,1071.0,1076.3,7877
2025-11-17 11:15:00,1075.9,1075.9,1071.1,1072.5,1026
2025-11-17 12:15:00,1072.5,1076.0,1070.1,1075.0,1092
2025-11-17 13:15:00,1075.0,1076.0,1070.1,1070.3,1387
2025-11-17 14:15:00,1070.3,1073.9,1070.3,1072.5,1308
2025-11-17 15:15:00,1072.5,1083.0,1069.0,1083.0,6696
2025-11-18 09:15:00,1072.2,1072.2,1059.7,1063.5,6077
2025-11-18 10:15:00,1063.5,1065.8,1060.3,1064.3,1286
2025-11-18 11:15:00,1064.4,1066.9,1062.1,1066.9,934
2025-11-18 12:15:00,1067.2,1067.7,1055.1,1062.5,3161
2025-11-18 13:15:00,1062.0,1062.4,1056.2,1058.9,1690
2025-11-18 14:15:00,1058.9,1059.4,1053.1,1054.4,4955
2025-11-18 15:15:00,1054.7,1059.1,1051.6,1053.6,4737
2025-11-19 09:15:00,1056.3,1060.0,1047.4,1048.0,3504
2025-11-19 10:15:00,1048.0,1053.6,1045.7,1050.2,1035
2025-11-19 11:15:00,1051.2,1055.0,1050.0,1051.8,942
2025-11-19 12:15:00,1052.0,1053.0,1045.2,1051.7,6176
2025-11-19 13:15:00,1051.9,1054.9,1050.2,1054.9,491
2025-11-19 14:15:00,1054.0,1055.0,1051.0,1052.9,1419
2025-11-19 15:15:00,1052.9,1058.9,1051.1,1054.0,3408
2025-11-20 09:15:00,1053.6,1068.0,1044.0,1059.3,3993
2025-11-20 10:15:00,1058.1,1067.9,1055.0,1063.5,3894
2025-11-20 11:15:00,1062.3,1069.5,1057.5,1061.4,2738
2025-11-20 12:15:00,1061.2,1061.4,1059.0,1060.3,362
2025-11-20 13:15:00,1058.4,1064.0,1056.5,1062.7,1487
2025-11-20 14:15:00,1061.4,1062.9,1058.2,1060.1,3276
2025-11-20 15:15:00,1060.3,1070.0,1058.5,1070.0,1425
2025-11-21 09:15:00,1071.1,1071.5,1050.5,1053.5,5443
2025-11-21 10:15:00,1051.7,1055.9,1050.1,1053.3,1695
2025-11-21 11:15:00,1053.5,1057.7,1052.1,1055.1,1442
2025-11-21 12:15:00,1054.1,1058.0,1052.7,1055.8,752
2025-11-21 13:15:00,1054.8,1055.8,1053.3,1055.0,297
2025-11-21 14:15:00,1055.3,1055.8,1039.2,1043.5,4761
2025-11-21 15:15:00,1043.6,1052.0,1039.4,1052.0,2474
2025-11-24 09:15:00,1046.4,1049.3,1041.4,1043.7,2096
2025-11-24 10:15:00,1043.6,1048.4,1040.5,1043.2,1712
2025-11-24 11:15:00,1042.7,1047.0,1041.1,1044.6,1413
2025-11-24 12:15:00,1046.1,1050.0,1043.8,1048.7,1042
2025-11-24 13:15:00,1048.2,1052.0,1045.0,1045.9,1316
2025-11-24 14:15:00,1045.5,1046.9,1040.5,1043.6,3581
2025-11-24 15:15:00,1043.8,1048.9,1035.0,1035.0,2345
2025-11-25 09:15:00,1043.6,1047.4,1030.9,1047.3,5006
2025-11-25 10:15:00,1047.1,1055.6,1046.0,1048.2,3943
2025-11-25 11:15:00,1048.8,1053.9,1047.7,1053.1,1415
2025-11-25 12:15:00,1053.3,1057.4,1051.3,1055.7,1521
2025-11-25 13:15:00,1054.5,1054.5,1051.5,1052.6,168
2025-11-25 14:15:00,1052.9,1055.0,1049.2,1050.0,2180
2025-11-25 15:15:00,1050.0,1062.0,1049.3,1054.7,1521
2025-11-26 09:15:00,1049.9,1076.1,1041.6,1070.4,14073
2025-11-26 10:15:00,1071.8,1072.1,1062.0,1067.1,4315
2025-11-26 11:15:00,1067.0,1071.9,1062.0,1066.2,4407
2025-11-26 12:15:00,1064.7,1069.8,1062.7,1067.5,3537
2025-11-26 13:15:00,1066.1,1070.0,1062.3,1062.3,4399
2025-11-26 14:15:00,1060.6,1068.0,1060.0,1063.8,6135
2025-11-26 15:15:00,1063.7,1063.7,1052.1,1059.0,3212
2025-11-27 09:15:00,1065.9,1072.5,1046.5,1047.1,5305
2025-11-27 10:15:00,1047.0,1052.1,1047.0,1049.0,2605
2025-11-27 11:15:00,1049.1,1050.0,1047.0,1048.4,2698
2025-11-27 12:15:00,1047.4,1054.6,1047.4,1051.2,1855
2025-11-27 13:15:00,1051.2,1052.0,1047.1,1049.3,1694
2025-11-27 14:15:00,1049.0,1054.3,1048.0,1053.5,2868
2025-11-27 15:15:00,1053.3,1056.7,1048.0,1051.3,1799
2025-11-28 09:15:00,1063.0,1091.4,1047.7,1066.6,55015
2025-11-28 10:15:00,1066.9,1070.2,1058.0,1058.1,4321
2025-11-28 11:15:00,1058.2,1060.6,1053.7,1055.8,2806
2025-11-28 12:15:00,1056.2,1056.3,1047.9,1051.1,3235
2025-11-28 13:15:00,1051.1,1054.6,1050.0,1050.7,1263
2025-11-28 14:15:00,1051.0,1058.7,1045.4,1047.5,8517
2025-11-28 15:15:00,1048.8,1071.5,1047.0,1047.0,6396
2025-12-01 09:15:00,1057.2,1060.1,1040.0,1044.8,13807
2025-12-01 10:15:00,1046.5,1049.8,1041.0,1041.0,3922
2025-12-01 11:15:00,1041.3,1044.0,1035.9,1035.9,3743
2025-12-01 12:15:00,1035.9,1037.4,1032.6,1036.0,1522
2025-12-01 13:15:00,1036.0,1037.0,1032.0,1037.0,3638
2025-12-01 14:15:00,1037.7,1039.9,1032.2,1034.7,2715
2025-12-01 15:15:00,1034.7,1042.5,1031.0,1033.0,3466
2025-12-02 09:15:00,1039.2,1044.5,1020.0,1042.7,6709
2025-12-02 10:15:00,1042.5,1042.5,1036.1,1041.3,1287
2025-12-02 11:15:00,1041.3,1042.2,1033.2,1037.7,1144
2025-12-02 12:15:00,1037.7,1037.7,1032.0,1034.4,1104
2025-12-02 13:15:00,1034.4,1034.4,1025.0,1030.8,3233
2025-12-02 14:15:00,1030.8,1038.1,1025.0,1032.5,7003
2025-12-02 15:15:00,1031.8,1032.3,1029.0,1029.0,1605
2025-12-03 09:15:00,1030.3,1034.8,1020.0,1025.6,3372
2025-12-03 10:15:00,1028.0,1028.0,1020.5,1025.6,1292
2025-12-03 11:15:00,1025.5,1025.5,1020.5,1020.8,1344
2025-12-03 12:15:00,1021.0,1023.3,1013.3,1018.4,3952
2025-12-03 13:15:00,1019.1,1021.0,1015.4,1019.9,983
2025-12-03 14:15:00,1020.3,1068.6,996.3,1038.5,855668
2025-12-03 15:15:00,1038.5,1045.6,1031.7,1043.2,18004
2025-12-04 09:15:00,1037.8,1065.8,1036.5,1057.4,32407
2025-12-04 10:15:00,1058.3,1067.4,1054.2,1058.6,8924
2025-12-04 11:15:00,1059.1,1059.9,1052.0,1053.9,2955
2025-12-04 12:15:00,1054.0,1060.0,1052.4,1058.7,1934
2025-12-04 13:15:00,1058.7,1060.0,1054.7,1055.6,1093
2025-12-04 14:15:00,1056.1,1056.2,1042.5,1048.5,15796
2025-12-04 15:15:00,1048.6,1055.0,1036.5,1037.1,11001
2025-12-05 09:15:00,1041.0,1041.2,1026.3,1033.0,6215
2025-12-05 10:15:00,1033.0,1035.8,1032.4,1034.2,1022
2025-12-05 11:15:00,1033.0,1035.9,1032.3,1033.2,715
2025-12-05 12:15:00,1032.5,1034.5,1032.0,1033.0,813
2025-12-05 13:15:00,1034.2,1034.2,1031.6,1031.6,501
2025-12-05 14:15:00,1031.9,1039.9,1031.6,1034.7,1512
2025-12-05 15:15:00,1035.3,1040.8,1031.5,1031.5,2041
2025-12-08 09:15:00,1031.5,1034.3,1010.1,1010.8,7580
2025-12-08 10:15:00,1010.9,1012.3,1008.1,1008.1,3107
2025-12-08 11:15:00,1008.7,1010.4,1005.1,1005.3,2792
2025-12-08 12:15:00,1005.6,1006.4,992.5,998.6,8010
2025-12-08 13:15:00,998.6,998.6,991.9,996.7,2982
2025-12-08 14:15:00,997.2,1009.8,996.7,1005.2,13580
2025-12-08 15:15:00,1005.4,1007.3,997.0,1001.0,3844
2025-12-09 09:15:00,1001.0,1009.2,993.6,1005.9,8331
2025-12-09 10:15:00,1006.9,1025.9,1006.9,1022.0,9163
2025-12-09 11:15:00,1021.9,1021.9,1014.7,1021.9,3806
2025-12-09 12:15:00,1022.4,1024.8,1014.3,1020.0,2674
2025-12-09 13:15:00,1020.3,1028.9,1019.6,1026.5,4695
2025-12-09 14:15:00,1026.5,1032.0,1023.4,1032.0,3501
2025-12-09 15:15:00,1030.7,1034.0,1020.8,1020.8,3735
2025-12-10 09:15:00,1030.0,1030.0,1013.2,1026.6,4279
2025-12-10 10:15:00,1027.6,1032.5,1021.0,1022.8,2685
2025-12-10 11:15:00,1021.4,1024.6,1017.7,1020.2,4322
2025-12-10 12:15:00,1021.2,1023.7,1019.0,1019.9,321
2025-12-10 13:15:00,1021.1,1025.9,1020.1,1023.2,453
2025-12-10 14:15:00,1021.8,1030.2,1019.3,1024.2,1590
2025-12-10 15:15:00,1025.5,1028.9,1020.0,1020.0,884
2025-12-11 09:15:00,1017.1,1025.5,1005.9,1025.0,3992
2025-12-11 10:15:00,1025.4,1030.2,1019.0,1020.6,6741
2025-12-11 11:15:00,1020.9,1025.5,1019.1,1023.9,463
2025-12-11 12:15:00,1023.9,1027.5,1020.8,1020.8,684
2025-12-11 13:15:00,1022.0,1028.0,1022.0,1026.3,388
2025-12-11 14:15:00,1026.2,1026.4,1022.1,1024.0,1164
2025-12-11 15:15:00,1024.0,1029.0,1022.0,1029.0,1253
2025-12-12 09:15:00,1020.0,1028.3,1018.1,1022.8,1621
2025-12-12 10:15:00,1024.5,1025.5,1017.1,1018.9,1430
2025-12-12 11:15:00,1018.7,1023.4,1017.5,1017.8,1189
2025-12-12 12:15:00,1018.8,1022.6,1018.0,1019.0,579
2025-12-12 13:15:00,1019.2,1022.7,1015.5,1018.1,2066
2025-12-12 14:15:00,1019.5,1022.0,1015.8,1020.4,9526
2025-12-12 15:15:00,1021.3,1027.7,1020.0,1024.0,2263
2025-12-15 09:15:00,1020.4,1039.8,1015.8,1031.5,8556
2025-12-15 10:15:00,1030.1,1034.7,1024.6,1032.2,2504
2025-12-15 11:15:00,1032.2,1033.9,1028.1,1031.3,404
2025-12-15 12:15:00,1028.6,1031.8,1025.7,1027.6,1020
2025-12-15 13:15:00,1027.5,1027.5,1010.2,1013.4,5226
2025-12-15 14:15:00,1014.5,1014.5,1008.0,1010.1,4395
2025-12-15 15:15:00,1010.1,1015.0,1005.0,1007.0,5231
2025-12-16 09:15:00,1008.7,1011.7,1005.2,1006.9,2012
2025-12-16 10:15:00,1007.0,1009.8,1005.2,1007.8,1108
2025-12-16 11:15:00,1008.0,1008.0,1000.2,1001.2,1504
2025-12-16 12:15:00,1001.0,1003.2,994.4,995.0,3305
2025-12-16 13:15:00,995.1,1003.0,994.2,999.7,1057
2025-12-16 14:15:00,999.7,999.9,993.2,998.2,3333
2025-12-16 15:15:00,998.5,1006.0,992.6,1005.0,3519
2025-12-17 09:15:00,993.0,1000.3,993.0,995.6,3382
2025-12-17 10:15:00,995.8,1003.9,995.8,999.0,3483
2025-12-17 11:15:00,1000.0,1000.5,987.1,990.0,4060
2025-12-17 12:15:00,989.9,992.0,989.0,990.4,353
2025-12-17 13:15:00,990.5,991.6,986.0,987.0,2874
2025-12-17 14:15:00,988.3,989.8,984.0,986.3,2096
2025-12-17 15:15:00,986.3,988.8,984.0,988.4,1820
2025-12-18 09:15:00,980.0,990.0,970.0,985.2,13408
2025-12-18 10:15:00,985.5,992.3,981.8,983.2,2102
2025-12-18 11:15:00,983.2,988.0,982.0,988.0,806
2025-12-18 12:15:00,989.2,989.5,981.7,982.0,1664
2025-12-18 13:15:00,982.2,982.3,970.7,971.4,7773
2025-12-18 14:15:00,971.4,980.7,970.9,979.5,2920
2025-12-18 15:15:00,980.5,980.5,970.7,979.0,4937
2025-12-19 09:15:00,970.3,983.0,970.3,977.9,3614
2025-12-19 10:15:00,977.9,982.1,974.5,980.4,3660
2025-12-19 11:15:00,979.6,982.1,978.0,979.9,1359
2025-12-19 12:15:00,980.1,982.9,979.3,979.3,249
2025-12-19 13:15:00,980.9,985.0,979.4,985.0,758
2025-12-19 14:15:00,985.1,985.1,975.6,980.3,2945
2025-12-19 15:15:00,980.3,996.0,976.5,977.1,4480
2025-12-22 09:15:00,983.1,1000.0,979.4,998.1,7985
2025-12-22 10:15:00,998.1,998.8,992.1,992.1,1668
2025-12-22 11:15:00,992.0,995.0,985.7,992.3,2577
2025-12-22 12:15:00,994.8,994.8,991.0,992.9,368
2025-12-22 13:15:00,993.1,996.0,991.9,993.3,136
2025-12-22 14:15:00,993.5,995.8,983.6,987.1,3944
2025-12-22 15:15:00,987.4,990.0,986.2,990.0,1173
2025-12-23 09:15:00,981.2,989.7,978.7,983.4,4174
2025-12-23 10:15:00,983.5,984.3,979.7,981.7,2441
2025-12-23 11:15:00,981.5,985.0,979.4,982.2,2101
2025-12-23 12:15:00,982.3,985.0,982.0,983.5,382
2025-12-23 13:15:00,985.0,985.0,981.2,981.4,1115
2025-12-23 14:15:00,982.0,983.8,981.1,982.7,550
2025-12-23 15:15:00,983.0,987.8,981.4,987.8,829
2025-12-24 09:15:00,980.3,988.4,980.3,981.7,2657
2025-12-24 10:15:00,981.7,985.4,981.6,985.4,1202
2025-12-24 11:15:00,982.0,986.0,981.0,982.2,1735
2025-12-24 12:15:00,982.1,1035.5,981.3,998.2,730924
2025-12-24 13:15:00,999.8,1004.3,983.8,993.7,29372
2025-12-24 14:15:00,992.9,996.5,985.5,986.6,12864
2025-12-24 15:15:00,986.3,987.8,981.5,985.0,14690
2025-12-26 09:15:00,990.0,990.9,977.7,983.0,6945
2025-12-26 10:15:00,980.5,983.7,975.8,978.0,5517
2025-12-26 11:15:00,977.9,978.5,970.2,973.2,4904
2025-12-26 12:15:00,974.2,975.9,970.3,971.7,2240
2025-12-26 13:15:00,971.7,973.7,965.3,973.6,8367
2025-12-26 14:15:00,973.7,974.4,970.0,971.6,2216
2025-12-26 15:15:00,970.9,974.0,969.5,970.0,3804
2025-12-29 09:15:00,971.0,971.0,962.3,963.6,5110
2025-12-29 10:15:00,963.6,973.6,960.6,970.4,2505
2025-12-29 11:15:00,969.4,972.3,967.1,972.1,2493
2025-12-29 12:15:00,973.0,973.0,968.0,968.8,1461
2025-12-29 13:15:00,968.8,968.9,967.1,968.3,775
2025-12-29 14:15:00,968.3,969.9,963.5,965.1,2193
2025-12-29 15:15:00,964.2,969.9,962.8,969.9,1689
2025-12-30 09:15:00,960.1,965.7,957.7,958.4,2053
2025-12-30 10:15:00,959.7,962.5,952.0,952.6,2378
2025-12-30 11:15:00,952.6,957.8,952.0,956.5,975
2025-12-30 12:15:00,957.5,961.5,955.8,957.0,421
2025-12-30 13:15:00,957.2,961.9,955.1,958.7,2044
2025-12-30 14:15:00,959.0,962.0,954.0,955.0,3830
2025-12-30 15:15:00,955.0,959.0,952.3,953.5,1916
2025-12-31 09:15:00,952.0,969.0,952.0,969.0,3304
2025-12-31 10:15:00,969.0,979.8,967.4,972.6,5035
2025-12-31 11:15:00,972.4,973.1,968.7,970.9,314
2025-12-31 12:15:00,970.6,974.1,970.6,974.0,858
2025-12-31 13:15:00,974.0,976.3,973.0,975.0,468
2025-12-31 14:15:00,975.1,979.0,975.0,976.9,1882
2025-12-31 15:15:00,976.9,979.0,975.0,978.9,3757
2026-01-01 09:15:00,977.2,980.1,970.2,975.3,930
2026-01-01 10:15:00,975.3,981.4,970.0,977.4,2516
2026-01-01 11:15:00,977.4,979.9,976.0,976.5,896
2026-01-01 12:15:00,977.95,978.45,972.75,972.75,326
2026-01-01 13:15:00,974.35,975.8,973.5,975.35,217
2026-01-01 14:15:00,975.35,975.5,970.65,974.0,572
2026-01-01 15:15:00,974.8,975.65,971.05,974.5,1161
2026-01-02 09:15:00,965.1,976.05,965.1,968.5,3021
2026-01-02 10:15:00,969.15,976.9,968.5,976.4,4509
2026-01-02 11:15:00,976.35,976.4,972.0,974.4,2965
2026-01-02 12:15:00,974.35,976.1,973.0,974.4,464
2026-01-02 13:15:00,974.3,977.0,974.3,976.45,343
2026-01-02 14:15:00,974.45,977.85,972.0,974.7,1119
2026-01-02 15:15:00,975.2,980.0,972.0,980.0,870
2026-01-05 09:15:00,975.8,980.3,967.0,968.2,3531
2026-01-05 10:15:00,967.2,969.55,966.05,967.5,1941
2026-01-05 11:15:00,968.55,972.25,965.95,967.2,2891
2026-01-05 12:15:00,968.0,970.2,967.0,970.15,218
2026-01-05 13:15:00,970.0,970.0,967.15,968.35,554
2026-01-05 14:15:00,968.3,971.0,967.35,970.85,1484
2026-01-05 15:15:00,969.5,970.0,955.0,960.0,5566
2026-01-06 09:15:00,962.8,964.8,955.5,964.0,6711
2026-01-06 10:15:00,964.0,973.95,961.0,963.0,9254
2026-01-06 11:15:00,962.0,963.9,958.05,959.95,2330
2026-01-06 12:15:00,960.65,960.9,957.0,960.0,1346
2026-01-06 13:15:00,959.55,964.65,959.2,961.3,1689
2026-01-06 14:15:00,960.85,961.2,958.25,959.0,1151
2026-01-06 15:15:00,959.0,967.65,958.5,960.0,5030
2026-01-07 09:15:00,953.7,965.05,953.7,964.0,2076
2026-01-07 10:15:00,964.15,965.0,962.2,963.6,726
2026-01-07 11:15:00,963.7,967.0,963.5,966.55,1569
2026-01-07 12:15:00,966.6,966.6,963.8,965.9,2248
2026-01-07 13:15:00,964.85,966.95,962.45,966.4,881
2026-01-07 14:15:00,966.4,966.9,958.0,960.0,7235
2026-01-07 15:15:00,959.95,959.95,955.5,956.35,2187
2026-01-08 09:15:00,955.0,959.3,954.0,956.35,2297
2026-01-08 10:15:00,956.2,958.75,953.05,955.0,3558
2026-01-08 11:15:00,955.0,955.0,946.5,947.9,3091
2026-01-08 12:15:00,947.75,950.0,947.7,948.2,1821
2026-01-08 13:15:00,948.85,948.9,945.0,946.55,1032
2026-01-08 14:15:00,946.55,949.4,942.0,943.3,2751
2026-01-08 15:15:00,943.8,948.0,940.0,946.95,2235
2026-01-09 09:15:00,944.5,953.5,936.1,946.15,5787
2026-01-09 10:15:00,946.6,950.0,944.65,944.75,1077
2026-01-09 11:15:00,944.55,945.4,938.5,938.7,1013
2026-01-09 12:15:00,939.15,943.15,938.1,941.2,1827
2026-01-09 13:15:00,940.4,943.9,938.75,940.6,1044
2026-01-09 14:15:00,940.65,943.7,938.25,940.6,1153
2026-01-09 15:15:00,940.1,942.95,935.0,935.0,1632
2026-01-12 09:15:00,941.25,953.15,935.5,953.15,8790
2026-01-12 10:15:00,953.2,956.15,941.1,941.15,4407
2026-01-12 11:15:00,941.1,941.55,931.1,937.8,2749
2026-01-12 12:15:00,938.1,947.7,938.1,945.55,2423
2026-01-12 13:15:00,946.25,946.95,941.2,944.25,413
2026-01-12 14:15:00,945.45,948.0,939.2,944.7,2820
2026-01-12 15:15:00,945.4,949.3,945.1,946.6,1886
2026-01-13 09:15:00,940.45,955.15,934.95,942.0,7557
2026-01-13 10:15:00,941.9,944.55,937.0,937.75,2206
2026-01-13 11:15:00,938.0,940.5,937.0,938.4,844
2026-01-13 12:15:00,938.4,939.0,937.1,938.8,538
2026-01-13 13:15:00,938.4,942.55,932.4,932.4,2864
2026-01-13 14:15:00,932.4,933.75,929.05,931.45,5365
2026-01-13 15:15:00,931.0,933.75,929.0,931.0,4630
2026-01-14 09:15:00,924.5,930.6,921.0,922.5,7169
2026-01-14 10:15:00,922.25,932.1,921.4,928.0,4638
2026-01-14 11:15:00,928.0,928.85,915.15,916.25,5556
2026-01-14 12:15:00,916.0,918.0,911.15,911.8,5344
2026-01-14 13:15:00,911.15,915.1,909.0,914.1,6680
2026-01-14 14:15:00,914.15,916.05,909.0,912.75,4711
2026-01-14 15:15:00,913.6,916.45,911.0,916.0,3871
2026-01-16 09:15:00,915.6,933.0,910.9,913.9,12386
2026-01-16 10:15:00,913.9,919.6,913.35,916.45,2044
2026-01-16 11:15:00,916.7,926.35,915.15,924.0,5011
2026-01-16 12:15:00,924.95,925.95,919.0,920.5,3280
2026-01-16 13:15:00,920.5,923.8,918.3,919.0,2712
2026-01-16 14:15:00,919.55,923.35,919.0,921.55,5567
2026-01-16 15:15:00,921.55,931.9,920.2,930.0,7056
2026-01-19 09:15:00,923.7,955.3,923.0,944.0,19036
2026-01-19 10:15:00,944.0,959.9,936.95,949.25,15292
2026-01-19 11:15:00,948.0,953.3,940.0,941.05,8214
2026-01-19 12:15:00,941.9,949.95,896.15,940.2,437498
2026-01-19 13:15:00,941.0,944.95,938.4,943.85,28832
2026-01-19 14:15:00,942.85,988.8,942.1,948.3,222714
2026-01-19 15:15:00,948.8,952.7,944.05,951.0,26843
2026-01-20 09:15:00,945.0,961.9,920.25,946.9,37057
2026-01-20 10:15:00,946.65,949.0,940.0,945.15,12266
2026-01-20 11:15:00,945.5,950.95,941.05,945.05,4560
2026-01-20 12:15:00,945.05,946.9,941.05,945.05,5666
2026-01-20 13:15:00,945.05,945.1,925.0,925.1,8103
2026-01-20 14:15:00,925.3,932.95,925.05,926.0,7744
2026-01-20 15:15:00,926.05,948.0,926.0,945.0,8550
2026-01-21 09:15:00,935.0,960.9,930.0,942.15,13052
2026-01-21 10:15:00,941.9,946.25,935.55,937.7,14289
2026-01-21 11:15:00,936.25,943.0,936.0,940.0,3300
2026-01-21 12:15:00,939.75,944.0,937.85,942.15,1683
2026-01-21 13:15:00,941.0,945.0,940.5,943.0,3014
2026-01-21 14:15:00,943.8,947.4,941.0,945.0,6148
2026-01-21 15:15:00,945.0,950.15,940.0,940.0,2856
2026-01-22 09:15:00,945.75,945.75,932.75,936.35,5043
2026-01-22 10:15:00,936.1,940.5,934.35,936.6,1571
2026-01-22 11:15:00,936.4,936.4,930.05,932.25,3293
2026-01-22 12:15:00,932.25,933.7,928.5,928.5,8269
2026-01-22 13:15:00,928.5,929.9,926.9,928.25,1892
2026-01-22 14:15:00,928.65,931.4,922.55,924.35,4158
2026-01-22 15:15:00,924.35,929.25,914.35,917.2,5784
2026-01-23 09:15:00,922.05,922.05,901.0,911.8,8105
2026-01-23 10:15:00,911.45,915.95,902.5,904.35,6052
2026-01-23 11:15:00,902.9,906.75,901.0,905.9,3325
2026-01-23 12:15:00,904.85,906.8,895.95,898.85,3921
2026-01-23 13:15:00,897.95,897.95,876.6,884.05,12746
2026-01-23 14:15:00,885.15,888.8,880.05,882.75,3581
2026-01-23 15:15:00,882.75,883.3,872.0,872.0,7669
2026-01-27 09:15:00,873.0,885.95,869.15,874.3,7448
2026-01-27 10:15:00,874.05,882.55,871.0,873.25,2581
2026-01-27 11:15:00,872.0,888.8,872.0,886.9,6761
2026-01-27 12:15:00,885.8,886.85,881.15,881.15,674
2026-01-27 13:15:00,882.65,884.0,879.0,879.5,1103
2026-01-27 14:15:00,879.5,884.95,878.0,880.0,3194
2026-01-27 15:15:00,880.65,884.95,876.0,879.95,1989
2026-01-28 09:15:00,873.75,884.6,872.75,874.65,4360
2026-01-28 10:15:00,874.9,881.45,873.35,875.6,2074
2026-01-28 11:15:00,875.25,879.0,873.55,874.05,2710
2026-01-28 12:15:00,874.05,874.25,869.4,871.65,5055
2026-01-28 13:15:00,873.1,875.5,870.0,870.1,2022
2026-01-28 14:15:00,870.1,875.5,870.0,873.9,2574
2026-01-28 15:15:00,873.9,874.0,870.0,873.75,3545
2026-01-29 09:15:00,877.85,885.6,866.35,867.95,4821
2026-01-29 10:15:00,866.8,868.6,863.0,863.0,6280
2026-01-29 11:15:00,864.25,865.0,862.7,864.85,5221
2026-01-29 12:15:00,864.4,864.9,862.9,864.15,784
2026-01-29 13:15:00,863.6,865.15,859.0,862.35,7893
2026-01-29 14:15:00,860.65,866.95,860.0,862.05,3557
2026-01-29 15:15:00,862.75,863.0,860.2,860.95,2661
2026-01-30 09:15:00,860.0,863.25,855.3,862.5,5565
2026-01-30 10:15:00,862.6,880.75,861.6,877.95,7132
2026-01-30 11:15:00,877.95,883.55,876.05,879.9,1919
2026-01-30 12:15:00,879.9,879.9,874.9,877.3,834
2026-01-30 13:15:00,876.45,882.05,876.45,879.5,1149
2026-01-30 14:15:00,879.9,881.15,876.8,878.65,1720
2026-01-30 15:15:00,878.65,881.2,877.7,878.0,3306
2026-02-01 09:15:00,879.85,890.05,874.2,886.15,2590
2026-02-01 10:15:00,887.0,896.35,886.95,892.05,1856
2026-02-01 11:15:00,890.5,900.0,885.15,893.0,5903
2026-02-01 12:15:00,892.1,896.35,890.0,893.0,2083
2026-02-01 13:15:00,892.9,899.9,892.0,893.25,1431
2026-02-01 14:15:00,894.9,898.8,888.0,890.0,1405
2026-02-01 15:15:00,892.45,895.0,890.0,895.0,1411
2026-02-02 09:15:00,891.5,891.5,869.6,871.55,5938
2026-02-02 10:15:00,871.6,873.4,865.1,868.0,2523
2026-02-02 11:15:00,868.65,884.0,868.05,878.85,2354
2026-02-02 12:15:00,880.55,883.0,877.05,877.8,1673
2026-02-02 13:15:00,878.8,883.15,875.1,880.05,1086
2026-02-02 14:15:00,880.2,883.75,880.0,883.45,1144
2026-02-02 15:15:00,883.45,887.0,880.0,887.0,1089
2026-02-03 09:15:00,904.65,909.85,881.15,893.65,7629
2026-02-03 10:15:00,893.6,907.3,892.0,902.35,4396
2026-02-03 11:15:00,903.05,912.5,901.8,908.9,2124
2026-02-03 12:15:00,907.9,911.0,902.1,905.25,1959
2026-02-03 13:15:00,903.65,907.4,900.25,903.9,844
2026-02-03 14:15:00,901.5,907.45,900.25,903.0,1853
2026-02-03 15:15:00,902.05,908.0,900.15,908.0,3512
2026-02-04 09:15:00,904.75,913.5,899.55,908.95,2097
2026-02-04 10:15:00,908.9,911.95,905.5,907.45,830
2026-02-04 11:15:00,907.65,908.5,900.55,906.75,3880
2026-02-04 12:15:00,906.45,906.5,901.25,902.6,512
2026-02-04 13:15:00,902.05,907.0,900.3,906.2,1300
2026-02-04 14:15:00,906.6,914.25,904.75,912.0,3713
2026-02-04 15:15:00,911.95,912.95,905.05,910.75,1509
2026-02-05 09:15:00,902.8,919.7,902.8,911.25,2662
2026-02-05 10:15:00,911.1,915.45,908.6,910.75,2769
2026-02-05 11:15:00,910.05,913.1,908.9,911.2,368
2026-02-05 12:15:00,911.2,913.2,908.75,911.25,894
2026-02-05 13:15:00,911.5,913.15,909.1,910.75,228
2026-02-05 14:15:00,910.75,912.25,908.0,910.0,1446
2026-02-05 15:15:00,909.5,910.0,903.0,905.0,3883
2026-02-06 09:15:00,910.0,910.9,904.45,908.25,3503
2026-02-06 10:15:00,906.9,917.2,906.8,916.95,2077
2026-02-06 11:15:00,917.0,917.0,913.6,915.05,825
2026-02-06 12:15:00,915.65,916.3,912.0,915.7,1416
2026-02-06 13:15:00,915.3,916.9,913.55,916.7,521
2026-02-06 14:15:00,915.75,919.0,914.45,915.95,1546
2026-02-06 15:15:00,915.9,917.65,912.0,912.0,1035
2026-02-09 09:15:00,920.0,938.05,917.0,931.6,10419
2026-02-09 10:15:00,931.45,942.25,930.0,935.9,6793
2026-02-09 11:15:00,935.15,939.7,930.0,933.5,3024
2026-02-09 12:15:00,934.1,935.0,932.55,933.6,920
2026-02-09 13:15:00,933.55,937.0,933.2,935.15,1407
2026-02-09 14:15:00,935.3,938.35,934.0,934.0,2502
2026-02-09 15:15:00,935.75,939.0,932.0,936.5,2229
2026-02-10 09:15:00,936.65,952.85,930.05,931.95,4942
2026-02-10 10:15:00,931.5,933.05,927.15,929.85,1839
2026-02-10 11:15:00,929.95,933.45,928.2,928.3,1251
2026-02-10 12:15:00,929.35,930.4,927.6,929.7,257
2026-02-10 13:15:00,929.7,931.7,928.0,928.0,1105
2026-02-10 14:15:00,927.75,929.6,925.7,927.7,819
2026-02-10 15:15:00,927.65,936.0,925.5,927.0,2083
2026-02-11 09:15:00,929.3,930.2,917.0,929.0,2010
2026-02-11 10:15:00,929.0,933.0,927.15,928.2,599
2026-02-11 11:15:00,928.75,933.6,928.0,931.75,1299
2026-02-11 12:15:00,931.75,932.0,929.5,931.8,601
2026-02-11 13:15:00,931.85,932.35,929.5,930.0,907
2026-02-11 14:15:00,929.5,933.55,929.5,930.45,1084
2026-02-11 15:15:00,931.95,933.6,930.0,930.0,630
2026-02-12 09:15:00,926.05,926.05,916.55,918.0,1373
2026-02-12 10:15:00,916.7,921.2,915.5,915.5,741
2026-02-12 11:15:00,915.5,917.0,912.1,914.45,1433
2026-02-12 12:15:00,915.25,917.0,913.9,916.05,573
2026-02-12 13:15:00,916.05,916.05,914.0,915.6,353
2026-02-12 14:15:00,915.6,917.0,913.05,914.9,1724
2026-02-12 15:15:00,915.65,915.65,912.0,914.15,665
2026-02-13 09:15:00,919.2,919.2,905.45,909.65,2925
2026-02-13 10:15:00,909.85,912.05,907.5,912.0,215
2026-02-13 11:15:00,910.0,918.9,908.55,916.75,1310
2026-02-13 12:15:00,917.75,919.0,915.0,915.1,574
2026-02-13 13:15:00,915.15,923.0,915.0,917.95,2370
2026-02-13 14:15:00,917.9,919.0,909.7,911.2,3369
2026-02-13 15:15:00,912.4,915.4,910.75,910.75,385
2026-02-16 09:15:00,905.0,913.3,904.95,910.0,3949
2026-02-16 10:15:00,910.8,913.0,907.2,909.2,1984
2026-02-16 11:15:00,910.6,910.85,903.6,908.9,1696
2026-02-16 12:15:00,908.8,909.3,904.15,907.8,496
2026-02-16 13:15:00,905.8,907.8,903.3,904.0,332
2026-02-16 14:15:00,903.5,905.45,900.2,904.3,759
2026-02-16 15:15:00,903.9,905.3,900.2,900.2,1151
2026-02-17 09:15:00,900.0,913.5,899.55,909.5,1371
2026-02-17 10:15:00,909.4,913.5,908.5,908.5,702
2026-02-17 11:15:00,908.5,910.95,908.5,910.0,146
2026-02-17 12:15:00,910.0,910.0,905.0,908.1,781
2026-02-17 13:15:00,907.65,912.0,905.0,906.3,1086
2026-02-17 14:15:00,905.8,908.35,905.35,906.5,696
2026-02-17 15:15:00,907.1,907.1,901.7,901.7,823
2026-02-18 09:15:00,903.1,919.0,900.7,915.05,3204
2026-02-18 10:15:00,915.0,919.95,915.0,917.8,2226
2026-02-18 11:15:00,919.15,919.4,915.1,915.9,484
2026-02-18 12:15:00,917.15,918.95,915.05,915.05,743
2026-02-18 13:15:00,915.75,917.4,915.0,915.05,134
2026-02-18 14:15:00,915.4,918.5,915.0,916.5,1154
2026-02-18 15:15:00,916.65,918.4,916.0,916.0,966
2026-02-19 09:15:00,913.0,920.9,912.45,919.45,1413
2026-02-19 10:15:00,917.15,920.0,916.2,916.45,669
2026-02-19 11:15:00,916.65,918.35,905.2,905.2,2328
2026-02-19 12:15:00,905.5,905.75,901.3,903.1,1378
2026-02-19 13:15:00,904.75,904.75,893.5,895.0,3992
2026-02-19 14:15:00,897.8,899.35,893.5,895.2,1471
2026-02-19 15:15:00,895.8,896.05,885.0,885.0,2458
2026-02-20 09:15:00,894.7,897.05,881.0,891.75,2946
2026-02-20 10:15:00,892.5,896.1,891.65,891.65,815
2026-02-20 11:15:00,891.65,894.9,890.7,892.3,170
2026-02-20 12:15:00,892.95,903.1,892.95,900.2,1552
2026-02-20 13:15:00,900.0,902.0,900.0,900.35,326
2026-02-20 14:15:00,900.4,902.85,900.0,900.15,1457
2026-02-20 15:15:00,900.15,909.0,900.0,900.0,951
2026-02-23 09:15:00,910.2,910.2,901.55,903.0,1022
2026-02-23 10:15:00,903.75,905.0,902.0,902.75,411
2026-02-23 11:15:00,902.2,902.3,899.5,900.8,2001
2026-02-23 12:15:00,900.2,903.3,898.55,902.3,214
2026-02-23 13:15:00,901.35,913.0,898.6,909.3,2269
2026-02-23 14:15:00,909.3,909.65,902.0,905.8,3872
2026-02-23 15:15:00,903.5,911.0,900.0,900.0,1628
2026-02-24 09:15:00,896.5,908.0,894.75,903.0,1749
2026-02-24 10:15:00,903.0,910.65,896.8,904.45,4259
2026-02-24 11:15:00,903.9,911.15,902.05,903.5,1648
2026-02-24 12:15:00,903.35,903.35,894.05,896.2,2617
2026-02-24 13:15:00,896.55,898.1,894.35,894.35,682
2026-02-24 14:15:00,894.2,899.85,890.3,895.2,2211
2026-02-24 15:15:00,896.1,896.1,890.5,893.0,969
2026-02-25 09:15:00,899.8,906.95,897.4,906.25,3577
2026-02-25 10:15:00,905.1,906.8,902.0,902.5,218
2026-02-25 11:15:00,903.55,904.5,897.05,897.05,3199
2026-02-25 12:15:00,898.95,901.1,897.85,901.1,329
2026-02-25 13:15:00,899.25,900.4,895.05,897.0,758
2026-02-25 14:15:00,898.4,903.0,887.6,892.0,4788
2026-02-25 15:15:00,890.5,892.0,890.5,891.95,966
2026-02-26 09:15:00,893.35,896.65,872.35,895.9,7550
2026-02-26 10:15:00,896.65,896.7,888.85,894.35,2037
2026-02-26 11:15:00,894.4,894.6,891.0,892.35,364
2026-02-26 12:15:00,892.5,894.5,888.0,891.8,3999
2026-02-26 13:15:00,890.6,894.6,889.15,889.15,1818
2026-02-26 14:15:00,889.15,889.85,886.2,888.0,1003
2026-02-26 15:15:00,888.0,903.0,886.0,902.9,3175
2026-02-27 09:15:00,886.2,911.0,886.2,909.0,2810
2026-02-27 10:15:00,909.3,911.3,900.2,902.05,7294
2026-02-27 11:15:00,901.6,904.5,898.25,899.55,808
2026-02-27 12:15:00,898.9,898.9,892.2,895.6,846
2026-02-27 13:15:00,895.6,904.0,895.5,900.8,3112
2026-02-27 14:15:00,901.35,903.45,885.1,889.65,7165
2026-02-27 15:15:00,889.0,905.0,882.7,905.0,1659
2026-03-02 09:15:00,871.9,905.45,870.05,902.3,10894
2026-03-02 10:15:00,902.25,902.25,900.0,901.95,524
2026-03-02 11:15:00,901.9,902.7,900.55,901.0,3515
2026-03-02 12:15:00,901.0,903.0,890.4,891.95,5280
2026-03-02 13:15:00,895.65,900.3,894.0,899.6,1586
2026-03-02 14:15:00,898.9,907.5,898.9,907.05,3471
2026-03-02 15:15:00,907.0,925.0,907.0,923.0,4763
2026-03-04 09:15:00,910.0,910.0,895.0,900.9,5675
2026-03-04 10:15:00,900.2,902.4,900.0,901.75,1874
2026-03-04 11:15:00,901.55,901.55,895.15,897.4,1185
2026-03-04 12:15:00,897.85,897.85,895.0,895.0,1925
2026-03-04 13:15:00,896.15,899.5,894.55,899.5,3522
2026-03-04 14:15:00,899.6,900.15,895.0,900.0,1468
2026-03-04 15:15:00,900.0,907.7,899.0,905.1,3044
2026-03-05 09:15:00,900.95,925.0,897.2,916.95,109839
2026-03-05 10:15:00,916.4,923.3,912.35,917.85,9460
2026-03-05 11:15:00,917.0,917.0,910.05,914.55,3713
2026-03-05 12:15:00,916.05,916.1,913.05,913.05,461
2026-03-05 13:15:00,914.8,914.95,902.0,903.7,3787
2026-03-05 14:15:00,904.55,913.15,902.2,910.15,3065
2026-03-05 15:15:00,910.25,921.0,910.0,920.0,4415
2026-03-06 09:15:00,913.75,920.0,908.6,912.25,3364
2026-03-06 10:15:00,913.35,913.35,897.0,900.0,3230
2026-03-06 11:15:00,900.2,901.1,897.05,899.45,1784
2026-03-06 12:15:00,899.1,905.6,899.1,901.95,829
2026-03-06 13:15:00,903.4,904.5,901.75,903.05,367
2026-03-06 14:15:00,903.1,914.85,900.7,910.0,2889
2026-03-06 15:15:00,910.25,913.0,902.7,913.0,743
2026-03-09 09:15:00,901.7,901.7,870.05,900.2,10136
2026-03-09 10:15:00,899.5,901.75,895.55,899.6,5499
2026-03-09 11:15:00,899.0,903.0,899.0,899.15,2228
2026-03-09 12:15:00,900.1,910.2,899.25,901.35,3449
2026-03-09 13:15:00,901.3,903.8,901.1,901.6,983
2026-03-09 14:15:00,901.25,909.6,901.2,909.4,3213
2026-03-09 15:15:00,910.95,911.0,908.3,909.6,888
2026-03-10 09:15:00,913.6,929.0,904.65,920.25,4537
2026-03-10 10:15:00,920.2,932.45,916.35,928.3,10667
2026-03-10 11:15:00,927.6,933.0,921.55,923.6,13054
2026-03-10 12:15:00,923.4,928.7,914.95,919.2,5966
2026-03-10 13:15:00,919.5,927.0,919.15,927.0,1485
2026-03-10 14:15:00,927.0,928.8,922.0,926.3,2063
2026-03-10 15:15:00,925.4,926.75,922.15,922.2,1799
2026-03-11 09:15:00,921.1,938.95,920.75,927.65,3163
2026-03-11 10:15:00,929.05,930.0,924.0,926.55,2356
2026-03-11 11:15:00,925.95,931.5,923.0,926.7,2083
2026-03-11 12:15:00,926.5,929.4,926.0,928.85,534
2026-03-11 13:15:00,926.2,926.2,921.0,921.45,443
2026-03-11 14:15:00,921.45,923.85,915.1,917.85,1089
2026-03-11 15:15:00,916.65,920.3,910.55,910.55,890
2026-03-12 09:15:00,918.0,919.0,905.0,916.2,5888
2026-03-12 10:15:00,915.75,919.75,913.55,917.65,1532
2026-03-12 11:15:00,917.9,923.0,917.65,922.0,1717
2026-03-12 12:15:00,923.1,923.1,918.1,918.95,597
2026-03-12 13:15:00,921.6,935.0,919.5,929.35,6019
2026-03-12 14:15:00,929.35,955.9,929.35,949.25,11486
2026-03-12 15:15:00,949.5,952.0,926.8,934.4,5871
2026-03-13 09:15:00,935.5,964.85,920.1,941.9,23889
2026-03-13 10:15:00,941.9,959.0,936.1,948.05,12812
2026-03-13 11:15:00,950.6,953.25,946.6,950.0,1436
2026-03-13 12:15:00,949.9,954.0,948.9,950.3,5024
2026-03-13 13:15:00,951.3,951.85,939.45,950.2,14836
2026-03-13 14:15:00,950.2,954.8,947.1,953.0,6793
2026-03-13 15:15:00,953.05,956.0,950.7,953.9,6874
2026-03-16 09:15:00,941.0,963.1,933.3,952.1,9008
2026-03-16 10:15:00,952.5,954.5,945.25,946.4,2679
2026-03-16 11:15:00,948.65,958.55,948.65,952.7,2046
2026-03-16 12:15:00,951.0,959.9,949.0,956.65,3753
2026-03-16 13:15:00,955.35,957.0,953.15,954.35,1108
2026-03-16 14:15:00,956.2,964.9,954.7,957.3,3746
2026-03-16 15:15:00,957.2,963.75,945.7,954.9,2493
2026-03-17 09:15:00,954.0,978.0,950.55,969.7,5555
2026-03-17 10:15:00,968.65,970.4,962.9,964.55,2483
2026-03-17 11:15:00,965.45,965.85,951.9,956.95,2331
2026-03-17 12:15:00,957.0,960.4,953.25,956.75,2745
2026-03-17 13:15:00,957.8,958.7,954.7,956.55,944
2026-03-17 14:15:00,956.65,963.95,954.0,956.95,1411
2026-03-17 15:15:00,954.0,957.6,944.5,944.5,1315
2026-03-18 09:15:00,950.0,964.55,949.1,957.8,2696
2026-03-18 10:15:00,958.8,962.4,957.8,960.2,1491
2026-03-18 11:15:00,962.1,966.0,956.0,964.85,3933
2026-03-18 12:15:00,963.5,966.0,957.5,958.75,1182
2026-03-18 13:15:00,958.1,962.35,955.5,960.0,1683
2026-03-18 14:15:00,960.55,984.0,958.6,983.55,11276
2026-03-18 15:15:00,983.5,985.0,970.5,981.0,4262
2026-03-19 09:15:00,970.0,989.55,966.75,975.2,7937
2026-03-19 10:15:00,976.35,991.9,976.35,990.4,5135
2026-03-19 11:15:00,989.7,998.5,987.85,994.5,6478
2026-03-19 12:15:00,994.4,1008.9,991.85,997.2,10744
2026-03-19 13:15:00,998.4,1003.0,990.65,995.75,7575
2026-03-19 14:15:00,995.85,1003.0,985.0,992.1,7712
2026-03-19 15:15:00,992.1,1000.0,984.0,1000.0,2674
2026-03-20 09:15:00,993.9,1001.45,955.15,957.8,13454
2026-03-20 10:15:00,957.45,962.45,942.6,944.1,13916
2026-03-20 11:15:00,944.1,957.8,938.85,953.8,11491
2026-03-20 12:15:00,953.65,966.4,951.1,965.45,4550
2026-03-20 13:15:00,966.85,967.35,954.0,958.2,5313
2026-03-20 14:15:00,958.2,961.2,955.2,956.4,2401
2026-03-20 15:15:00,956.55,979.0,955.2,970.0,3091
2026-03-23 09:15:00,950.0,950.0,911.45,912.6,7164
2026-03-23 10:15:00,912.15,913.9,902.35,904.15,6445
2026-03-23 11:15:00,904.15,905.8,891.75,901.6,7893
2026-03-23 12:15:00,902.5,903.45,893.0,894.25,2348
2026-03-23 13:15:00,894.35,898.85,891.9,894.15,1781
2026-03-23 14:15:00,896.45,900.0,888.0,889.55,4428
2026-03-23 15:15:00,889.0,896.9,885.0,885.0,3023
2026-03-24 09:15:00,907.0,932.5,899.1,920.0,13338
2026-03-24 10:15:00,918.8,922.7,911.65,922.05,5486
2026-03-24 11:15:00,921.0,927.95,919.55,925.55,766
2026-03-24 12:15:00,927.5,937.45,927.5,931.65,2374
2026-03-24 13:15:00,931.35,933.65,918.15,921.7,3889
2026-03-24 14:15:00,922.2,927.55,922.0,923.35,1981
2026-03-24 15:15:00,924.95,932.0,922.0,922.0,1590
2026-03-25 09:15:00,929.3,948.05,929.3,945.05,3311
2026-03-25 10:15:00,945.8,945.8,925.1,931.45,6033
2026-03-25 11:15:00,930.3,945.0,925.1,945.0,11140
2026-03-25 12:15:00,943.6,954.55,943.45,950.85,2372
2026-03-25 13:15:00,951.8,954.45,945.15,946.0,2380
2026-03-25 14:15:00,946.25,952.0,937.95,947.65,8063
2026-03-25 15:15:00,946.25,952.0,940.35,952.0,2039
2026-03-27 09:15:00,932.75,948.65,928.5,934.0,6869
2026-03-27 10:15:00,932.65,943.6,931.0,934.05,4127
2026-03-27 11:15:00,933.7,936.2,929.65,932.85,1698
2026-03-27 12:15:00,932.6,932.6,924.05,929.45,1074
2026-03-27 13:15:00,929.4,929.45,922.0,925.25,5169
2026-03-27 14:15:00,926.65,931.0,922.0,924.4,5749
2026-03-27 15:15:00,924.55,926.95,917.0,920.0,3258
2026-03-30 09:15:00,923.1,935.8,917.0,922.0,3505
2026-03-30 10:15:00,922.25,925.0,917.6,917.6,1971
2026-03-30 11:15:00,919.5,923.4,917.0,922.35,2281
2026-03-30 12:15:00,923.75,930.0,921.75,928.6,1277
2026-03-30 13:15:00,927.6,929.0,926.15,926.6,211
2026-03-30 14:15:00,927.8,928.05,921.2,922.6,5591
2026-03-30 15:15:00,921.95,922.9,913.1,913.1,1659
2026-04-01 09:15:00,943.95,958.3,926.3,949.4,8734
2026-04-01 10:15:00,949.35,950.0,943.0,943.0,817
2026-04-01 11:15:00,944.6,944.95,896.1,912.5,60014
2026-04-01 12:15:00,911.15,920.5,910.0,920.4,9391
2026-04-01 13:15:00,921.8,923.3,910.0,910.05,6513
2026-04-01 14:15:00,911.75,911.75,893.45,896.0,7904
2026-04-01 15:15:00,896.6,899.85,893.45,897.0,6737
2026-04-02 09:15:00,901.4,901.4,880.8,881.8,7071
2026-04-02 10:15:00,883.0,892.85,878.55,890.0,4895
2026-04-02 11:15:00,890.1,904.0,889.8,897.0,4564
2026-04-02 12:15:00,896.75,901.45,893.3,896.1,2766
2026-04-02 13:15:00,895.45,902.2,895.1,898.85,1831
2026-04-02 14:15:00,899.0,907.85,896.15,902.75,7371
2026-04-02 15:15:00,902.75,907.35,898.0,899.5,2080
2026-04-06 09:15:00,904.05,904.1,892.15,896.0,5267
2026-04-06 10:15:00,896.05,898.0,891.9,896.25,2720
2026-04-06 11:15:00,896.5,897.8,895.3,896.3,499
2026-04-06 12:15:00,896.15,898.0,895.45,896.0,1639
2026-04-06 13:15:00,897.6,898.0,895.0,895.45,1660
2026-04-06 14:15:00,895.45,900.0,894.0,896.3,4574
2026-04-06 15:15:00,898.0,900.0,894.95,900.0,4415
2026-04-07 09:15:00,897.2,908.85,891.9,896.0,11946
2026-04-07 10:15:00,897.3,899.25,893.8,896.3,890
2026-04-07 11:15:00,897.55,899.1,895.0,895.2,922
2026-04-07 12:15:00,895.95,897.35,894.05,895.0,986
2026-04-07 13:15:00,895.95,896.35,893.1,893.85,1209
2026-04-07 14:15:00,893.85,895.0,892.1,893.6,7075
2026-04-07 15:15:00,894.5,895.0,891.9,895.0,3664
2026-04-08 09:15:00,912.0,918.0,894.15,908.65,20795
2026-04-08 10:15:00,909.5,910.7,905.0,910.05,4466
2026-04-08 11:15:00,910.05,912.0,910.0,910.7,888
2026-04-08 12:15:00,910.7,912.7,908.8,910.0,2416
2026-04-08 13:15:00,910.4,913.75,908.35,910.15,1536
2026-04-08 14:15:00,910.0,912.0,908.0,910.7,4768
2026-04-08 15:15:00,910.75,913.95,910.0,911.65,3879
2026-04-09 09:15:00,916.45,916.45,899.0,913.95,56524
2026-04-09 10:15:00,912.9,916.95,912.15,914.2,1696
2026-04-09 11:15:00,914.25,916.5,910.0,915.85,1968
2026-04-09 12:15:00,914.0,921.15,913.4,917.9,3303
2026-04-09 13:15:00,918.3,918.3,910.1,912.7,640
2026-04-09 14:15:00,912.8,916.25,911.4,913.0,1192
2026-04-09 15:15:00,913.0,913.0,905.5,913.0,3058
2026-04-10 09:15:00,923.6,923.6,910.65,917.35,5075
2026-04-10 10:15:00,914.9,924.45,914.55,919.25,2926
2026-04-10 11:15:00,919.25,930.0,917.85,928.1,2176
2026-04-10 12:15:00,927.7,931.05,926.95,931.05,677
2026-04-10 13:15:00,930.2,930.25,924.55,926.15,1149
2026-04-10 14:15:00,924.6,930.3,918.25,925.25,3397
2026-04-10 15:15:00,923.05,925.0,916.35,925.0,1641
2026-04-13 09:15:00,924.35,924.35,902.05,919.55,3689
2026-04-13 10:15:00,919.6,924.05,919.15,924.0,576
2026-04-13 11:15:00,923.15,923.15,921.05,923.0,325
2026-04-13 12:15:00,923.35,923.45,916.6,916.7,286
2026-04-13 13:15:00,918.2,920.0,910.0,914.7,1792
2026-04-13 14:15:00,913.5,914.85,908.45,909.2,1183
2026-04-13 15:15:00,909.0,915.0,909.0,910.3,1141
2026-04-15 09:15:00,915.3,928.95,915.3,927.9,2557
2026-04-15 10:15:00,927.9,930.0,922.0,923.65,1726
2026-04-15 11:15:00,925.0,927.0,924.05,924.8,903
2026-04-15 12:15:00,926.75,930.55,924.2,930.55,1149
2026-04-15 13:15:00,929.3,933.5,928.7,932.0,722
2026-04-15 14:15:00,932.0,941.0,932.0,939.6,3125
2026-04-15 15:15:00,937.6,940.2,935.0,935.0,1618
2026-04-16 09:15:00,938.85,952.4,938.8,943.85,3288
2026-04-16 10:15:00,943.8,948.35,942.1,948.35,2009
2026-04-16 11:15:00,948.6,951.0,935.1,938.85,6189
2026-04-16 12:15:00,937.75,941.7,935.85,940.6,710
2026-04-16 13:15:00,941.1,943.95,940.2,943.3,404
2026-04-16 14:15:00,942.15,945.0,937.55,940.4,2212
2026-04-16 15:15:00,938.5,944.0,935.0,944.0,1807
2026-04-17 09:15:00,950.1,960.3,936.65,958.0,6845
2026-04-17 10:15:00,957.7,978.45,954.75,963.25,10361
2026-04-17 11:15:00,962.85,970.0,960.1,967.2,6259
2026-04-17 12:15:00,968.8,974.0,966.35,968.1,6484
2026-04-17 13:15:00,969.35,976.5,965.4,975.1,13268
2026-04-17 14:15:00,975.2,997.65,975.0,980.0,13724
2026-04-17 15:15:00,980.6,982.9,976.1,976.2,2357
2026-04-20 09:15:00,981.3,986.85,967.0,975.85,7851
2026-04-20 10:15:00,974.25,979.65,972.9,976.35,1565
2026-04-20 11:15:00,976.85,983.9,975.9,978.75,1375
2026-04-20 12:15:00,979.3,989.7,971.85,978.05,2751
2026-04-20 13:15:00,980.8,980.8,973.3,976.55,1478
2026-04-20 14:15:00,978.75,983.45,975.3,976.0,2125
2026-04-20 15:15:00,976.35,982.0,965.0,981.95,2832
2026-04-21 09:15:00,982.0,982.95,959.25,974.15,3028
2026-04-21 10:15:00,973.15,974.4,965.25,969.8,3526
2026-04-21 11:15:00,969.65,977.5,968.95,975.15,3232
2026-04-21 12:15:00,976.75,985.0,974.5,985.0,16980
2026-04-21 13:15:00,982.35,983.2,977.55,981.6,1150
2026-04-21 14:15:00,980.2,983.45,979.1,980.7,1135
2026-04-21 15:15:00,980.65,985.0,978.15,980.0,2853
2026-04-22 09:15:00,974.05,1022.3,974.05,1010.5,31094
2026-04-22 10:15:00,1006.7,1012.45,1003.2,1012.45,4471
2026-04-22 11:15:00,1011.15,1014.8,1003.0,1011.5,9552
2026-04-22 12:15:00,1010.25,1013.95,1008.55,1008.8,1391
2026-04-22 13:15:00,1010.05,1015.0,1006.05,1015.0,3744
2026-04-22 14:15:00,1014.85,1018.9,1011.65,1015.15,4499
2026-04-22 15:15:00,1015.4,1016.4,1010.0,1015.0,3216
2026-04-23 09:15:00,1015.7,1023.95,1009.5,1019.85,6753
2026-04-23 10:15:00,1018.9,1019.75,1008.0,1010.0,2572
2026-04-23 11:15:00,1010.0,1011.3,1009.4,1010.0,2084
2026-04-23 12:15:00,1010.2,1014.0,1006.6,1011.7,3528
2026-04-23 13:15:00,1011.55,1012.0,1009.85,1010.9,201
2026-04-23 14:15:00,1009.95,1019.0,1007.45,1011.45,8069
2026-04-23 15:15:00,1011.3,1023.0,1001.1,1005.0,4936
2026-04-24 09:15:00,995.0,1013.85,995.0,1010.0,3381
2026-04-24 10:15:00,1008.6,1008.75,1001.0,1004.0,2254
2026-04-24 11:15:00,1004.75,1007.45,999.75,1000.0,3036
2026-04-24 12:15:00,1000.95,1002.65,994.6,995.0,2879
2026-04-24 13:15:00,995.0,995.55,986.4,991.95,4191
2026-04-24 14:15:00,992.0,995.25,990.85,993.0,2903
2026-04-24 15:15:00,992.15,995.0,985.35,985.35,6152
2026-04-27 09:15:00,1000.0,1013.6,998.4,1001.6,3402
2026-04-27 10:15:00,1000.55,1005.0,998.6,1000.9,1315
2026-04-27 11:15:00,1001.1,1002.0,999.2,1002.0,387
2026-04-27 12:15:00,1001.45,1001.45,998.55,998.55,516
2026-04-27 13:15:00,999.45,1002.95,999.45,1000.55,1559
2026-04-27 14:15:00,1000.5,1001.0,997.55,1000.0,1818
2026-04-27 15:15:00,1000.45,1000.45,982.9,990.0,3789
2026-04-28 09:15:00,990.0,1012.7,975.6,976.8,11367
2026-04-28 10:15:00,976.8,977.0,963.1,967.4,6142
2026-04-28 11:15:00,967.1,982.5,967.1,978.7,6320
2026-04-28 12:15:00,977.15,977.25,974.3,975.3,2629
2026-04-28 13:15:00,975.9,977.5,974.0,975.0,2406
2026-04-28 14:15:00,975.55,976.55,970.95,970.95,7727
2026-04-28 15:15:00,970.95,972.45,961.9,962.6,3900
2026-04-29 09:15:00,969.65,977.45,962.0,971.4,3173
2026-04-29 10:15:00,972.6,975.95,970.55,972.55,1142
2026-04-29 11:15:00,972.55,974.4,960.0,967.85,4329
2026-04-29 12:15:00,969.3,969.8,966.75,968.05,491
2026-04-29 13:15:00,968.05,969.45,960.05,962.85,1144
2026-04-29 14:15:00,964.75,965.95,959.95,960.05,2176
2026-04-29 15:15:00,960.0,964.0,960.0,961.1,1143
2026-04-30 09:15:00,962.9,963.45,946.8,951.0,3222
2026-04-30 10:15:00,951.05,956.15,949.9,954.75,513
2026-04-30 11:15:00,955.45,957.45,953.95,956.45,410
2026-04-30 12:15:00,955.25,959.95,954.45,957.9,539
2026-04-30 13:15:00,957.8,960.35,956.7,958.9,263
2026-04-30 14:15:00,957.5,964.4,957.1,961.5,659
2026-04-30 15:15:00,961.15,974.4,956.7,965.0,1813
2026-05-04 09:15:00,957.3,969.85,952.55,961.05,3209
2026-05-04 10:15:00,961.05,963.2,952.5,954.0,1920
2026-05-04 11:15:00,953.2,955.95,946.55,946.55,3125
2026-05-04 12:15:00,946.25,948.0,940.0,943.8,4460
2026-05-04 13:15:00,943.45,944.25,936.25,937.85,2419
2026-05-04 14:15:00,938.0,944.2,938.0,941.35,4132
2026-05-04 15:15:00,940.35,946.7,939.45,945.0,2016
2026-05-05 09:15:00,937.0,949.0,937.0,944.0,5245
2026-05-05 10:15:00,943.7,948.0,942.65,947.95,577
2026-05-05 11:15:00,947.8,952.5,943.0,952.5,2016
2026-05-05 12:15:00,952.25,958.0,949.2,951.3,3404
2026-05-05 13:15:00,951.6,956.0,949.0,951.65,994
2026-05-05 14:15:00,952.45,958.45,951.0,958.25,1410
2026-05-05 15:15:00,954.8,958.5,953.95,956.9,946
2026-05-06 09:15:00,955.45,965.2,948.4,961.1,7972
2026-05-06 10:15:00,961.8,973.4,958.6,973.4,5752
2026-05-06 11:15:00,974.4,979.0,974.2,975.85,3752
2026-05-06 12:15:00,976.2,983.0,971.55,982.4,5189
2026-05-06 13:15:00,982.65,994.45,980.8,987.7,2559
2026-05-06 14:15:00,988.2,991.0,982.4,986.35,2578
2026-05-06 15:15:00,986.1,989.0,982.9,989.0,1629
2026-05-07 09:15:00,992.0,1001.25,969.85,986.9,9655
2026-05-07 10:15:00,987.7,989.3,982.4,984.45,641
2026-05-07 11:15:00,984.0,984.8,977.3,978.3,2642
2026-05-07 12:15:00,978.5,983.95,977.4,979.5,3368
2026-05-07 13:15:00,979.8,980.0,976.55,978.0,509
2026-05-07 14:15:00,978.15,982.7,977.65,980.45,1233
2026-05-07 15:15:00,979.55,995.0,976.85,995.0,2634
2026-05-08 09:15:00,983.5,984.6,972.85,973.15,3855
2026-05-08 10:15:00,974.45,974.65,969.8,973.35,3329
2026-05-08 11:15:00,972.1,977.0,971.0,976.25,3442
2026-05-08 12:15:00,977.8,985.6,976.25,980.9,2597
2026-05-08 13:15:00,982.95,994.4,982.0,990.35,2357
2026-05-08 14:15:00,990.5,994.0,987.0,990.9,2117
2026-05-08 15:15:00,990.8,991.65,981.1,985.2,1680
2026-05-11 09:15:00,970.0,983.4,967.0,974.25,3827
2026-05-11 10:15:00,973.8,975.0,968.0,975.0,3254
2026-05-11 11:15:00,974.0,977.15,970.0,975.0,2018
2026-05-11 12:15:00,973.15,974.8,962.0,966.6,5303
2026-05-11 13:15:00,966.85,975.65,963.75,971.4,4145
2026-05-11 14:15:00,968.9,971.45,956.05,958.35,1486
2026-05-11 15:15:00,961.25,968.0,956.5,964.05,3258
2026-05-12 09:15:00,964.0,970.6,949.9,958.9,3155
2026-05-12 10:15:00,958.4,965.95,955.15,956.6,2979
2026-05-12 11:15:00,957.05,958.95,952.0,952.85,460
2026-05-12 12:15:00,952.1,952.1,943.55,946.35,1468
2026-05-12 13:15:00,946.65,946.65,937.0,939.6,3324
2026-05-12 14:15:00,939.35,941.5,930.2,930.25,2458
2026-05-12 15:15:00,931.4,936.0,927.05,936.0,3221
2026-05-13 09:15:00,937.05,958.0,933.05,937.6,1067
2026-05-13 10:15:00,939.3,942.85,935.1,939.35,693
2026-05-13 11:15:00,937.6,945.0,933.0,935.9,1760
2026-05-13 12:15:00,935.85,943.45,935.45,940.05,771
2026-05-13 13:15:00,940.9,945.0,940.0,945.0,866
2026-05-13 14:15:00,944.95,944.95,940.0,940.9,687
2026-05-13 15:15:00,940.2,944.8,940.0,944.8,452
2026-05-14 09:15:00,961.9,978.95,937.0,938.65,8108
2026-05-14 10:15:00,939.5,939.5,934.65,937.2,2080
2026-05-14 11:15:00,939.4,948.0,935.75,941.95,4734
2026-05-14 12:15:00,942.7,945.0,939.8,943.7,4588
2026-05-14 13:15:00,943.0,945.0,939.2,944.25,1711
2026-05-14 14:15:00,944.9,947.25,942.35,944.45,1623
2026-05-14 15:15:00,944.45,946.7,936.0,944.9,2257
2026-05-15 09:15:00,943.4,943.4,932.55,939.7,5777
2026-05-15 10:15:00,939.25,940.95,937.4,938.55,241
2026-05-15 11:15:00,937.35,938.85,934.25,934.35,1401
2026-05-15 12:15:00,934.0,942.75,932.75,942.65,2301
2026-05-15 13:15:00,942.8,945.7,939.7,942.5,1687
2026-05-15 14:15:00,942.5,945.0,940.05,944.0,1679
2026-05-15 15:15:00,942.55,944.0,940.0,940.0,2310
2026-05-18 09:15:00,949.0,954.0,917.2,917.2,10970
2026-05-18 10:15:00,917.95,922.0,911.45,918.0,4149
2026-05-18 11:15:00,918.0,923.7,917.0,919.4,3111
2026-05-18 12:15:00,919.5,925.45,918.4,922.6,1710
2026-05-18 13:15:00,922.6,924.55,919.75,921.2,1844
2026-05-18 14:15:00,920.5,922.9,916.8,922.55,3228
2026-05-18 15:15:00,919.15,932.95,917.15,924.0,1791
2026-05-19 09:15:00,933.45,962.0,933.45,946.05,10975
2026-05-19 10:15:00,945.55,948.0,939.85,943.95,1654
2026-05-19 11:15:00,943.05,949.9,943.0,948.0,2147
2026-05-19 12:15:00,948.05,948.05,945.5,946.45,961
2026-05-19 13:15:00,946.45,948.8,945.95,947.0,996
2026-05-19 14:15:00,945.95,947.0,941.0,945.2,2786
2026-05-19 15:15:00,946.35,947.0,938.05,946.9,3539
2026-05-20 09:15:00,944.0,978.0,925.0,932.7,52826
2026-05-20 10:15:00,933.8,935.0,929.0,932.6,6064
2026-05-20 11:15:00,932.0,942.45,923.15,923.55,9294
2026-05-20 12:15:00,924.0,928.05,921.0,925.3,7458
2026-05-20 13:15:00,923.5,945.75,917.7,941.75,12082
2026-05-20 14:15:00,940.95,954.85,930.0,934.3,18687
2026-05-20 15:15:00,935.25,951.15,935.25,935.25,6577
2026-05-21 09:15:00,926.0,948.8,926.0,938.15,10594
2026-05-21 10:15:00,938.15,938.2,933.5,935.9,3181
2026-05-21 11:15:00,934.7,937.75,932.75,934.05,1801
2026-05-21 12:15:00,933.85,933.85,928.05,931.05,3980
2026-05-21 13:15:00,932.65,933.75,929.1,929.9,971
2026-05-21 14:15:00,929.9,929.95,917.8,921.45,9951
2026-05-21 15:15:00,921.45,926.0,920.0,923.4,2119
2026-05-22 09:15:00,931.3,932.4,923.2,925.15,2265
2026-05-22 10:15:00,925.2,925.25,922.0,923.1,1122
2026-05-22 11:15:00,923.0,923.35,921.1,923.2,376
2026-05-22 12:15:00,922.35,924.0,920.5,923.95,1642
2026-05-22 13:15:00,923.95,923.95,922.0,923.45,230
2026-05-22 14:15:00,922.1,924.0,918.7,924.0,1001
2026-05-22 15:15:00,924.0,924.0,919.0,919.0,965
2026-05-25 09:15:00,920.95,942.9,920.95,931.65,6424
2026-05-25 10:15:00,930.45,930.45,923.55,927.05,2613
2026-05-25 11:15:00,927.05,929.9,923.05,926.3,1859
2026-05-25 12:15:00,927.4,928.85,926.3,927.45,807
2026-05-25 13:15:00,927.35,929.7,926.15,929.45,2711
2026-05-25 14:15:00,929.0,934.2,927.0,931.65,3760
2026-05-25 15:15:00,931.25,949.0,929.6,945.45,6652
2026-05-26 09:15:00,929.9,937.45,911.6,925.65,11002
2026-05-26 10:15:00,926.0,930.45,925.0,927.0,2136
2026-05-26 11:15:00,926.3,928.65,925.0,927.0,2030
2026-05-26 12:15:00,927.0,927.0,923.95,925.25,2173
2026-05-26 13:15:00,923.95,924.25,919.65,920.95,4438
2026-05-26 14:15:00,920.9,923.95,920.5,921.0,2932
2026-05-26 15:15:00,921.0,931.0,920.55,931.0,2892
2026-05-27 09:15:00,915.05,926.8,915.05,921.6,7753
2026-05-27 10:15:00,921.0,922.0,919.45,921.25,1827
2026-05-27 11:15:00,921.2,922.0,920.05,921.0,893
2026-05-27 12:15:00,920.15,922.5,920.0,922.5,982
2026-05-27 13:15:00,920.95,922.55,919.0,921.1,1866
2026-05-27 14:15:00,920.05,921.85,917.15,919.8,1891
2026-05-27 15:15:00,918.65,923.0,917.0,923.0,1315
2026-05-29 09:15:00,925.0,930.0,914.35,916.8,6871
2026-05-29 10:15:00,918.2,921.0,916.65,920.85,1098
2026-05-29 11:15:00,920.85,921.0,918.2,918.4,882
2026-05-29 12:15:00,919.95,920.8,918.0,919.75,1896
2026-05-29 13:15:00,918.35,920.25,907.55,909.65,8696
2026-05-29 14:15:00,908.85,909.2,894.7,895.55,4127
2026-05-29 15:15:00,895.25,908.0,892.55,908.0,4391
2026-06-01 09:15:00,907.45,921.0,901.45,919.85,10503
2026-06-01 10:15:00,922.8,939.0,918.25,935.4,20249
2026-06-01 11:15:00,933.95,936.95,929.0,936.65,7622
2026-06-01 12:15:00,935.3,938.0,932.85,933.0,12539
2026-06-01 13:15:00,934.2,934.2,928.45,929.0,1781
2026-06-01 14:15:00,929.0,933.75,921.8,932.15,7282
2026-06-01 15:15:00,932.9,939.9,921.0,938.0,6649
2026-06-02 09:15:00,915.35,931.25,915.35,926.6,4179
2026-06-02 10:15:00,926.25,929.4,923.05,923.05,1036
2026-06-02 11:15:00,923.2,925.95,921.3,923.65,689
2026-06-02 12:15:00,923.45,923.95,918.0,921.3,2044
2026-06-02 13:15:00,921.3,926.45,921.05,924.5,1415
2026-06-02 14:15:00,924.5,925.0,922.25,923.35,609
2026-06-02 15:15:00,923.5,923.9,920.0,920.0,1127
2026-06-03 09:15:00,922.8,923.9,916.0,917.2,1580
2026-06-03 10:15:00,917.2,919.3,915.2,917.65,592
2026-06-03 11:15:00,917.55,917.95,910.5,910.9,1022
2026-06-03 12:15:00,911.8,915.45,910.9,914.35,1506
2026-06-03 13:15:00,916.15,916.15,911.35,913.0,613
2026-06-03 14:15:00,913.0,918.85,913.0,913.4,2907
2026-06-03 15:15:00,913.9,915.0,911.1,914.5,936
2026-06-04 09:15:00,912.75,917.25,912.2,915.75,1726
2026-06-04 10:15:00,915.0,915.9,911.95,912.35,1469
2026-06-04 11:15:00,911.05,911.05,907.9,907.9,1443
2026-06-04 12:15:00,908.45,910.35,903.65,907.95,2017
2026-06-04 13:15:00,907.05,908.0,905.45,907.5,1417
2026-06-04 14:15:00,907.35,910.55,903.95,905.25,3278
2026-06-04 15:15:00,905.2,909.0,903.25,909.0,1768
2026-06-05 09:15:00,916.45,916.45,900.55,904.25,4857
2026-06-05 10:15:00,904.0,907.0,899.6,906.45,2354
2026-06-05 11:15:00,904.8,906.8,902.0,902.0,802
2026-06-05 12:15:00,902.85,905.0,896.75,898.3,3325
2026-06-05 13:15:00,898.65,902.05,897.0,899.0,1815
2026-06-05 14:15:00,898.95,901.35,893.2,895.5,6167
2026-06-05 15:15:00,895.0,902.05,893.05,902.05,2216
2026-06-08 09:15:00,893.1,905.4,891.95,899.4,2577
2026-06-08 10:15:00,899.3,899.3,895.05,897.5,1060
2026-06-08 11:15:00,897.1,898.45,895.0,895.8,1372
2026-06-08 12:15:00,896.3,897.95,895.0,895.05,574
2026-06-08 13:15:00,895.2,897.1,894.2,894.8,1266
2026-06-08 14:15:00,894.15,896.05,891.8,894.3,1562
2026-06-08 15:15:00,893.25,893.25,890.5,890.5,993
2026-06-09 09:15:00,885.65,902.9,885.65,898.55,2306
2026-06-09 10:15:00,899.75,900.2,896.3,898.85,464
2026-06-09 11:15:00,897.2,932.3,897.2,923.9,12224
2026-06-09 12:15:00,923.0,923.0,907.2,911.95,8212
2026-06-09 13:15:00,912.05,914.4,904.4,910.0,1313
2026-06-09 14:15:00,910.0,915.95,910.0,914.6,2165
2026-06-09 15:15:00,914.7,916.45,912.15,913.5,881
2026-06-10 09:15:00,912.0,917.7,908.7,911.55,3228
2026-06-10 10:15:00,911.55,915.2,910.5,911.9,898
2026-06-10 11:15:00,911.9,912.35,906.3,908.1,590
2026-06-10 12:15:00,906.6,909.2,906.0,906.0,148
2026-06-10 13:15:00,905.55,905.55,893.45,895.0,4560
2026-06-10 14:15:00,896.35,897.0,891.0,893.0,2368
2026-06-10 15:15:00,892.75,893.0,891.0,892.0,1421
2026-06-11 09:15:00,892.1,906.8,889.85,905.0,8621
2026-06-11 10:15:00,907.15,909.2,900.7,903.65,1589
2026-06-11 11:15:00,904.8,908.9,900.0,905.55,2216
2026-06-11 12:15:00,907.0,908.8,900.15,901.55,893
2026-06-11 13:15:00,903.3,905.25,901.75,905.25,195
2026-06-11 14:15:00,904.8,904.95,900.0,900.3,845
2026-06-11 15:15:00,900.2,903.5,900.0,902.35,2451
2026-06-12 09:15:00,910.0,916.95,909.85,910.25,1397
2026-06-12 10:15:00,912.05,913.45,911.0,912.65,260
2026-06-12 11:15:00,911.75,916.4,911.75,914.7,391
2026-06-12 12:15:00,912.8,913.9,911.0,912.15,333
2026-06-12 13:15:00,912.15,913.8,910.05,912.0,929
2026-06-12 14:15:00,912.0,920.0,910.15,914.3,3802
2026-06-12 15:15:00,915.1,920.0,910.25,920.0,1503
2026-06-15 09:15:00,919.55,930.0,919.05,922.5,4488
2026-06-15 10:15:00,922.5,923.0,920.3,920.5,538
2026-06-15 11:15:00,920.5,921.65,912.8,915.0,2135
2026-06-15 12:15:00,913.1,914.15,910.75,914.05,1065
2026-06-15 13:15:00,914.05,915.0,909.6,910.55,3625
2026-06-15 14:15:00,911.5,912.45,909.6,911.9,985
2026-06-15 15:15:00,911.6,914.1,910.0,910.15,609
2026-06-16 09:15:00,910.0,915.8,910.0,912.35,4318
2026-06-16 10:15:00,912.35,914.35,911.15,912.45,764
2026-06-16 11:15:00,912.45,913.0,911.05,912.2,414
2026-06-16 12:15:00,912.2,916.4,909.8,910.0,1778
2026-06-16 13:15:00,910.0,910.0,907.65,908.9,2336
2026-06-16 14:15:00,908.45,911.0,907.0,910.0,3651
2026-06-16 15:15:00,910.0,914.9,906.0,910.0,1168
2026-06-17 09:15:00,910.05,922.25,909.65,912.3,6612
2026-06-17 10:15:00,913.1,914.9,910.0,914.25,1623
2026-06-17 11:15:00,914.2,914.5,912.0,912.85,645
2026-06-17 12:15:00,913.0,916.45,913.0,915.45,589
2026-06-17 13:15:00,914.2,915.4,912.0,914.05,932
2026-06-17 14:15:00,913.95,916.0,912.0,914.25,2924
2026-06-17 15:15:00,915.95,918.6,914.05,918.0,1635
2026-06-18 09:15:00,927.8,927.8,915.55,922.6,7615
2026-06-18 10:15:00,921.45,922.6,920.55,921.0,1979
2026-06-18 11:15:00,921.0,927.55,921.0,921.45,1724
2026-06-18 12:15:00,922.95,927.25,922.95,925.5,3798
2026-06-18 13:15:00,926.95,926.95,925.0,925.45,1132
2026-06-18 14:15:00,925.0,928.0,922.95,924.0,6459
2026-06-18 15:15:00,924.0,925.4,922.0,922.0,1501
2026-06-19 09:15:00,924.35,924.35,915.0,915.0,2892
2026-06-19 10:15:00,916.0,922.35,912.7,921.65,8565
2026-06-19 11:15:00,921.65,921.65,916.8,916.8,1959
2026-06-19 12:15:00,918.5,919.5,918.5,919.4,2146
2026-06-19 13:15:00,919.5,919.7,916.65,916.65,1185
2026-06-19 14:15:00,916.65,922.95,916.0,921.1,5804
2026-06-19 15:15:00,921.5,922.8,919.9,920.1,1681
2026-06-22 09:15:00,920.75,925.9,915.25,924.4,3016
2026-06-22 10:15:00,922.6,923.55,920.2,922.9,481
2026-06-22 11:15:00,921.2,923.95,915.0,917.25,2668
2026-06-22 12:15:00,917.55,920.2,915.9,918.65,513
2026-06-22 13:15:00,920.0,920.2,916.85,916.9,2431
2026-06-22 14:15:00,916.8,920.0,915.55,920.0,2044
2026-06-22 15:15:00,918.95,920.0,915.0,915.0,409
2026-06-23 09:15:00,919.05,920.2,912.45,920.05,4536
2026-06-23 10:15:00,920.0,920.0,913.8,916.0,1302
2026-06-23 11:15:00,916.3,917.4,906.6,910.1,5385
2026-06-23 12:15:00,910.1,910.55,904.9,904.9,16664
2026-06-23 13:15:00,904.9,905.7,900.0,901.6,13514
2026-06-23 14:15:00,901.0,908.45,900.0,903.55,16077
2026-06-23 15:15:00,903.55,919.0,900.05,919.0,2541
2026-06-24 09:15:00,908.15,912.2,905.0,908.8,1284
2026-06-24 10:15:00,909.3,912.6,905.2,910.8,1999
2026-06-24 11:15:00,912.5,920.0,910.0,914.45,2732
2026-06-24 12:15:00,915.85,915.95,912.1,914.4,356
2026-06-24 13:15:00,911.65,915.3,910.2,914.45,564
2026-06-24 14:15:00,914.1,915.6,912.5,915.6,959
2026-06-24 15:15:00,913.95,917.0,912.5,914.75,794
2026-06-25 09:15:00,908.65,924.9,908.6,920.5,5707
2026-06-25 10:15:00,920.0,922.65,918.2,921.6,2003
2026-06-25 11:15:00,920.85,923.15,919.6,920.95,1037
2026-06-25 12:15:00,920.15,921.0,910.15,917.35,3530
2026-06-25 13:15:00,917.4,923.85,910.6,920.0,3995
2026-06-25 14:15:00,920.2,922.45,914.6,917.7,4960
2026-06-25 15:15:00,918.45,920.0,911.65,917.05,2194
2026-06-29 09:15:00,920.0,932.4,918.0,922.2,4018
2026-06-29 10:15:00,921.7,921.7,917.1,920.85,923
2026-06-29 11:15:00,920.75,924.0,918.15,922.4,3383
2026-06-29 12:15:00,922.75,925.65,922.0,922.0,802
2026-06-29 13:15:00,923.55,925.5,922.9,925.0,329
2026-06-29 14:15:00,924.35,928.15,922.5,927.0,4196
2026-06-29 15:15:00,927.35,929.95,922.0,929.0,4572
2026-06-30 09:15:00,921.05,929.9,919.65,927.5,2415
2026-06-30 10:15:00,927.45,928.0,921.8,921.9,7637
2026-06-30 11:15:00,923.1,923.65,917.0,921.8,2920
2026-06-30 12:15:00,921.0,924.65,920.85,924.25,3006
2026-06-30 13:15:00,924.65,925.1,919.7,921.7,2534
2026-06-30 14:15:00,921.0,922.95,917.0,918.1,3250
2026-06-30 15:15:00,918.1,921.2,917.85,919.0,2678
2026-07-01 09:15:00,920.0,927.95,919.45,921.0,3137
2026-07-01 10:15:00,921.0,925.0,920.0,920.05,3276
2026-07-01 11:15:00,921.0,921.0,920.0,920.0,773
2026-07-01 12:15:00,920.65,921.95,918.0,918.0,2563
2026-07-01 13:15:00,918.05,921.0,917.75,920.0,1443
2026-07-01 14:15:00,920.05,920.9,919.7,920.3,517
2026-07-01 15:15:00,920.35,921.0,920.0,920.0,1120
2026-07-02 09:15:00,918.0,921.5,912.25,913.2,5762
2026-07-02 10:15:00,913.2,916.45,906.6,910.2,6270
2026-07-02 11:15:00,910.2,914.1,910.0,911.3,6248
2026-07-02 12:15:00,910.25,911.45,908.0,908.5,2986
2026-07-02 13:15:00,908.75,911.05,908.0,909.3,5286
2026-07-02 14:15:00,909.3,918.0,907.5,915.35,11417
2026-07-02 15:15:00,915.35,921.0,913.5,913.55,2710
2026-07-03 09:15:00,915.0,916.9,910.5,911.05,3970
2026-07-03 10:15:00,911.2,913.0,909.0,909.05,1999
2026-07-03 11:15:00,909.15,923.3,908.3,909.1,14090
2026-07-03 12:15:00,909.1,914.4,907.5,908.0,5967
2026-07-03 13:15:00,908.05,909.6,906.15,908.0,4248
2026-07-03 14:15:00,908.0,909.95,907.2,908.35,2157
2026-07-03 15:15:00,908.35,909.95,906.95,907.0,3071
2026-07-06 09:15:00,910.0,913.05,902.25,904.2,15461
2026-07-06 10:15:00,904.2,907.8,897.8,898.0,11233
2026-07-06 11:15:00,898.2,900.95,895.0,895.05,8635
2026-07-06 12:15:00,895.15,901.8,895.0,899.1,8946
2026-07-06 13:15:00,898.85,910.0,897.0,898.2,11504
2026-07-06 14:15:00,898.5,907.45,897.1,904.0,10045
2026-07-06 15:15:00,904.1,907.15,898.0,898.0,3437
2026-07-07 09:15:00,896.8,909.9,896.8,898.85,3866
2026-07-07 10:15:00,898.85,900.85,896.8,897.05,4995
2026-07-07 11:15:00,897.15,898.95,894.5,895.95,5289
2026-07-07 12:15:00,895.95,899.5,894.5,894.5,4216
2026-07-07 13:15:00,894.5,898.95,894.5,895.7,3388
2026-07-07 14:15:00,896.0,898.9,895.25,896.0,7155
2026-07-07 15:15:00,897.0,902.0,895.2,902.0,2222
2026-07-08 09:15:00,898.9,910.0,896.05,906.05,7111
2026-07-08 10:15:00,906.7,913.0,905.25,909.95,1649
2026-07-08 11:15:00,911.35,911.7,906.35,910.05,1846
2026-07-08 12:15:00,909.15,909.95,905.05,908.1,1094
2026-07-08 13:15:00,909.25,910.0,899.25,899.45,2923
2026-07-08 14:15:00,900.0,906.9,897.0,899.85,4868
2026-07-08 15:15:00,899.65,910.0,899.0,899.0,6231
2026-07-09 09:15:00,907.1,908.05,902.8,905.0,5006
2026-07-09 10:15:00,905.0,908.95,904.0,904.8,2771
2026-07-09 11:15:00,904.15,905.0,902.9,904.65,1206
2026-07-09 12:15:00,903.7,905.0,902.55,903.6,874
2026-07-09 13:15:00,903.6,906.45,903.05,904.35,584
2026-07-09 14:15:00,904.55,905.95,902.6,905.0,2663
2026-07-09 15:15:00,905.0,905.75,902.55,903.0,1539
2026-07-10 09:15:00,908.0,908.0,897.55,905.0,4849
2026-07-10 10:15:00,904.9,905.85,903.7,904.35,2316
2026-07-10 11:15:00,904.35,905.7,902.15,904.5,1177
2026-07-10 12:15:00,904.55,905.0,902.35,904.8,239
2026-07-10 13:15:00,903.75,905.2,903.7,905.0,1630
2026-07-10 14:15:00,905.0,905.5,902.5,903.0,6756
2026-07-10 15:15:00,903.05,904.0,901.9,903.3,1643
2026-07-13 09:15:00,903.25,906.9,897.0,901.85,4470
2026-07-13 10:15:00,901.45,908.05,899.2,902.0,1789
2026-07-13 11:15:00,901.9,910.15,901.45,902.0,1684
2026-07-13 12:15:00,902.0,910.0,900.6,902.0,22653
2026-07-13 13:15:00,902.0,903.9,900.25,901.3,1218
2026-07-13 14:15:00,901.3,907.5,900.25,900.4,61034
2026-07-13 15:15:00,900.55,903.5,899.0,902.0,8132
2026-07-14 09:15:00,907.3,952.1,907.3,935.65,41909
2026-07-14 10:15:00,934.2,935.15,920.0,921.65,7970
2026-07-14 11:15:00,921.9,925.95,918.05,921.55,3795
2026-07-14 12:15:00,922.2,930.0,919.95,924.05,4434
2026-07-14 13:15:00,925.3,926.95,923.0,925.45,1428
2026-07-14 14:15:00,923.75,930.45,920.15,925.75,9438
2026-07-14 15:15:00,925.7,942.0,922.1,930.0,23975
2026-07-15 09:15:00,938.55,941.95,924.05,931.1,6632
2026-07-15 10:15:00,931.1,933.25,929.25,932.15,1167
2026-07-15 11:15:00,931.25,932.5,930.0,930.85,734
2026-07-15 12:15:00,932.0,932.9,930.0,930.55,1499
2026-07-15 13:15:00,930.55,936.45,930.0,932.0,803
2026-07-15 14:15:00,932.55,935.0,927.45,933.3,1929
2026-07-15 15:15:00,933.1,935.1,924.0,932.0,3014
2026-07-16 09:15:00,935.8,936.0,921.3,929.2,1957
2026-07-16 10:15:00,929.15,929.5,920.05,925.05,5321
2026-07-16 11:15:00,926.45,929.3,917.45,928.25,2632
2026-07-16 12:15:00,928.4,932.05,922.35,926.15,6926
2026-07-16 13:15:00,926.15,926.8,923.1,925.2,134
2026-07-16 14:15:00,925.85,927.2,925.2,925.95,1429
2026-07-16 15:15:00,926.35,930.0,925.9,927.75,1357
2026-07-17 09:15:00,927.0,928.7,919.15,921.2,4383
2026-07-17 10:15:00,921.3,925.0,919.15,919.35,2736
2026-07-17 11:15:00,919.8,920.4,918.5,918.5,1043
2026-07-17 12:15:00,919.7,927.7,918.7,925.35,3085
2026-07-17 13:15:00,925.65,927.35,922.3,926.9,2673
2026-07-17 14:15:00,927.5,930.65,925.0,927.5,3090
2026-07-17 15:15:00,928.4,928.95,925.3,928.95,2244
2026-07-20 09:15:00,938.0,939.7,925.0,930.7,3570
2026-07-20 10:15:00,929.95,935.0,928.45,930.0,3131
2026-07-20 11:15:00,929.6,931.45,929.1,930.9,538
2026-07-20 12:15:00,930.0,931.7,929.25,929.25,1533
2026-07-20 13:15:00,928.45,930.0,928.0,928.0,338
2026-07-20 14:15:00,928.05,930.0,928.05,928.7,802
2026-07-20 15:15:00,928.8,936.0,927.7,927.7,2871
2026-07-21 09:15:00,939.7,940.8,928.5,935.35,7955
2026-07-21 10:15:00,935.35,940.0,931.0,933.6,6411
2026-07-21 11:15:00,933.6,937.5,933.2,934.45,2874
2026-07-21 12:15:00,934.95,939.5,933.2,934.3,5734
2026-07-21 13:15:00,934.3,937.5,928.0,930.0,7410
2026-07-21 14:15:00,929.35,932.25,926.2,926.2,4335
2026-07-21 15:15:00,927.55,932.0,924.0,928.5,3706
2026-07-22 09:15:00,928.0,933.45,894.5,903.5,40907
2026-07-22 10:15:00,903.0,906.2,896.0,904.6,10155
2026-07-22 11:15:00,904.6,908.45,897.4,901.65,5789
2026-07-22 12:15:00,901.0,903.85,897.0,903.15,5957
2026-07-22 13:15:00,904.55,905.0,899.0,899.0,2916
2026-07-22 14:15:00,899.15,900.35,890.0,892.75,15509
2026-07-22 15:15:00,892.8,894.3,890.0,891.5,6956
2026-07-23 09:15:00,892.6,903.35,886.1,886.9,4459
2026-07-23 10:15:00,886.35,887.2,880.05,884.55,10711
2026-07-23 11:15:00,883.95,885.4,882.0,883.95,1049
2026-07-23 12:15:00,884.0,884.0,879.0,883.1,3959
2026-07-23 13:15:00,883.1,883.6,880.5,881.75,378
2026-07-23 14:15:00,881.0,881.0,872.15,874.0,4898
2026-07-23 15:15:00,874.0,882.95,871.7,875.5,4866
2026-07-24 09:15:00,877.6,882.2,874.35,877.1,4173
2026-07-24 10:15:00,878.35,881.95,876.35,880.3,880
2026-07-24 11:15:00,880.3,885.45,874.5,876.65,8114
2026-07-24 12:15:00,876.2,883.6,871.7,881.75,4096
2026-07-24 13:15:00,882.65,891.75,874.6,885.3,5622
2026-07-24 14:15:00,884.3,890.0,882.1,887.0,2779
2026-07-24 15:15:00,887.0,888.5,884.05,887.9,2067
2026-07-27 09:15:00,900.0,900.0,875.05,881.85,7954
2026-07-27 10:15:00,881.7,881.85,868.1,871.6,25482
2026-07-27 11:15:00,871.5,873.4,869.0,871.25,3460
2026-07-27 12:15:00,870.3,872.0,869.4,870.7,3238
2026-07-27 13:15:00,870.5,874.35,869.0,872.7,5024
2026-07-27 14:15:00,872.3,873.35,869.0,871.15,4300
2026-07-27 15:15:00,871.15,891.8,871.0,882.9,3442
2026-07-28 09:15:00,877.0,883.5,867.95,868.4,9912
2026-07-28 10:15:00,868.4,873.0,865.8,866.8,6151
2026-07-28 11:15:00,866.4,872.15,864.5,868.0,3842
2026-07-28 12:15:00,868.0,871.75,865.0,868.1,3191
2026-07-28 13:15:00,868.3,869.45,865.0,868.75,2983
2026-07-28 14:15:00,869.55,871.35,866.65,867.6,1417
2026-07-28 15:15:00,867.55,871.0,867.0,871.0,1860
2026-07-29 09:15:00,879.95,879.95,870.05,876.0,4900
2026-07-29 10:15:00,874.65,879.9,874.65,878.2,2630
2026-07-29 11:15:00,876.7,883.9,876.1,883.45,3076
2026-07-29 12:15:00,882.05,883.9,880.0,883.75,1579
2026-07-29 13:15:00,883.0,887.0,882.1,886.4,966
2026-07-29 14:15:00,886.95,888.0,885.0,885.55,1200
2026-07-29 15:15:00,885.65,887.0,882.0,887.0,1802
2026-07-30 09:15:00,881.2,887.65,874.5,885.0,3338
2026-07-30 10:15:00,885.05,887.85,879.45,883.25,3426
2026-07-30 11:15:00,883.0,885.35,881.6,884.15,1186
2026-07-30 12:15:00,884.65,885.35,875.65,883.3,1292
2026-07-30 13:15:00,883.1,883.1,873.2,879.0,1910
2026-07-30 14:15:00,879.0,881.3,874.05,878.35,856
2026-07-30 15:15:00,878.1,883.55,874.6,874.65,2067
2026-07-31 09:15:00,879.55,891.9,877.05,886.3,3354
2026-07-31 10:15:00,886.0,886.15,880.8,885.1,1211
2026-07-31 11:15:00,885.35,887.15,882.4,884.0,1062
2026-07-31 12:15:00,884.0,887.45,882.1,884.5,647
2026-07-31 13:15:00,884.9,885.3,883.2,884.5,186
2026-07-31 14:15:00,884.0,888.65,882.0,884.75,3038
2026-07-31 15:15:00,884.75,894.0,880.0,890.95,2572
2026-08-03 09:15:00,877.0,894.45,877.0,888.35,5734
2026-08-03 10:15:00,886.9,887.95,883.0,884.45,1365
2026-08-03 11:15:00,883.15,885.0,882.1,884.95,710
2026-08-03 12:15:00,884.0,884.95,882.2,884.0,689
2026-08-03 13:15:00,884.0,884.15,881.0,882.35,1787
2026-08-03 14:15:00,882.3,889.9,881.0,888.05,6912
2026-08-03 15:15:00,886.15,890.8,885.05,886.0,817
2026-08-04 09:15:00,885.15,893.6,885.1,892.05,891
2026-08-04 10:15:00,892.95,894.0,888.9,892.9,4835
2026-08-04 11:15:00,893.05,894.0,888.1,889.75,3337
2026-08-04 12:15:00,888.95,908.0,888.15,899.25,18157
2026-08-04 13:15:00,899.1,899.55,896.0,896.6,2353
2026-08-04 14:15:00,897.0,899.7,886.55,891.5,2964
2026-08-04 15:15:00,892.15,898.75,881.5,890.0,1794
2026-08-05 09:15:00,891.9,922.0,890.0,909.5,31079
2026-08-05 10:15:00,910.0,911.95,906.0,907.05,2694
2026-08-05 11:15:00,908.75,914.1,902.05,910.15,5015
2026-08-05 12:15:00,910.25,911.8,907.5,907.65,1367
2026-08-05 13:15:00,908.8,912.75,907.5,909.6,1292
2026-08-05 14:15:00,911.25,913.8,909.0,911.5,5239
2026-08-05 15:15:00,910.9,912.1,910.0,910.0,2709
2026-08-06 09:15:00,910.6,927.0,909.0,925.5,13878
2026-08-06 10:15:00,926.7,927.6,925.0,925.6,11856
2026-08-06 11:15:00,926.65,939.0,926.65,927.95,18603
2026-08-06 12:15:00,927.95,929.95,925.9,928.4,608
2026-08-06 13:15:00,928.95,930.4,926.95,928.9,1374
2026-08-06 14:15:00,927.8,929.3,925.15,927.5,2627
2026-08-06 15:15:00,927.95,930.0,925.0,925.0,1714
2026-08-07 09:15:00,924.0,948.0,916.0,940.2000122070312,0
2026-08-07 10:15:00,940.2000122070312,941.6500244140624,940.0,940.0,16980
2026-08-07 11:15:00,940.0,941.0499877929688,940.0,940.0999755859376,2628
2026-08-07 12:15:00,940.0999755859376,941.8499755859376,940.0999755859376,940.7000122070312,2190
2026-08-07 13:15:00,941.2999877929688,942.0,940.0,940.0,2232
2026-08-07 14:15:00,940.0499877929688,944.0,940.0,941.4000244140624,3819
2026-08-07 15:15:00,942.2999877929688,943.9000244140624,940.0,941.0999755859376,3110
2026-08-10 09:15:00,927.0,955.5,927.0,951.0499877929688,0
2026-08-10 10:15:00,951.0499877929688,953.75,951.0,952.4000244140625,3547
2026-08-10 11:15:00,952.4000244140625,952.9500122070312,950.0,950.75,3346
2026-08-10 12:15:00,950.7999877929688,952.5,950.7000122070312,952.5,3357
2026-08-10 13:15:00,952.0499877929688,952.0999755859375,950.7000122070312,951.7000122070312,2586
2026-08-10 14:15:00,951.7999877929688,956.7999877929688,951.2999877929688,955.6500244140625,5991
2026-08-10 15:15:00,953.0999755859375,954.9000244140625,950.0,952.9000244140625,2994
2026-08-11 09:15:00,947.25,947.25,932.4000244140625,942.25,0
2026-08-11 10:15:00,940.8499755859375,944.5,940.5499877929688,944.0499877929688,3251
2026-08-11 11:15:00,942.4000244140625,944.2000122070312,942.2999877929688,942.75,259
2026-08-11 12:15:00,942.0999755859375,944.9500122070312,942.0499877929688,942.0999755859375,968
2026-08-11 13:15:00,942.0999755859375,944.75,942.0,944.75,2948
2026-08-11 14:15:00,943.5499877929688,947.0499877929688,942.0,947.0499877929688,3530
2026-08-11 15:15:00,944.2999877929688,944.3499755859375,942.0,942.0,1643
2026-08-12 09:15:00,942.0,955.0,940.0999755859375,953.4000244140625,0
2026-08-12 10:15:00,954.9500122070312,954.9500122070312,940.4500122070312,940.4500122070312,32473
2026-08-12 11:15:00,940.5,952.3499755859375,940.5,951.0499877929688,7710
2026-08-12 12:15:00,951.0499877929688,952.0,950.0499877929688,951.0499877929688,1059
2026-08-12 13:15:00,950.75,951.4000244140625,949.6500244140625,950.0,4202
2026-08-12 14:15:00,950.2999877929688,951.6500244140625,949.6500244140625,950.0,3550
2026-08-12 15:15:00,950.0,951.25,949.0499877929688,950.0499877929688,1675
2026-08-13 09:15:00,949.5,952.1500244140625,942.25,950.4000244140625,0
2026-08-13 10:15:00,951.0,953.4000244140625,949.75,952.0,3271
2026-08-13 11:15:00,952.7999877929688,952.7999877929688,951.0499877929688,952.5,414
2026-08-13 12:15:00,952.5,960.9000244140625,951.3499755859375,959.0,10823
2026-08-13 13:15:00,958.25,963.0,956.2000122070312,960.75,4231
2026-08-13 14:15:00,960.7999877929688,970.2999877929688,960.7999877929688,964.9000244140625,13233
2026-08-13 15:15:00,963.9500122070312,963.9500122070312,960.0,963.9500122070312,3018
2026-08-14 09:15:00,958.7999877929688,986.2000122070312,957.0499877929688,982.0499877929688,0
2026-08-14 10:15:00,980.8499755859375,982.7000122070312,978.75,982.7000122070312,11040
2026-08-14 11:15:00,982.0,986.4000244140625,980.0,980.3499755859375,12016
2026-08-14 12:15:00,980.5499877929688,980.6500244140625,979.4000244140625,980.0,3631
2026-08-14 13:15:00,980.0,980.5,979.4500122070312,979.9000244140625,2096
2026-08-14 14:15:00,979.8499755859375,984.9000244140625,973.5499877929688,980.0499877929688,16175
2026-08-14 15:15:00,980.0,982.2999877929688,980.0,980.0,7104
