Datetime,Open,High,Low,Close,Volume
2021-01-01 09:15:00,3358.2907,3388.7888,3349.7912,3362.2904,18260
2021-01-01 10:15:00,3362.7904,3379.7893,3359.2906,3360.7905,4499
2021-01-01 11:15:00,3360.2905,3413.2872,3321.7929,3372.7898,12632
2021-01-01 12:15:00,3373.7897,3386.2889,3368.79,3377.2895,4738
2021-01-01 13:15:00,3377.2895,3479.7831,3373.2897,3411.7873,40750
2021-01-01 14:15:00,3414.7871,3460.7843,3382.2892,3395.7883,53151
2021-01-01 15:15:00,3388.2888,3397.7882,3368.29,3394.7884,21983
2021-01-04 09:15:00,3419.2869,3654.7722,3409.7875,3648.7726,121969
2021-01-04 10:15:00,3648.2726,3699.7694,3534.7797,3604.7753,102492
2021-01-04 11:15:00,3609.775,3659.7719,3600.2756,3652.7723,29296
2021-01-04 12:15:00,3649.7725,3678.2707,3649.7725,3669.7713,12885
2021-01-04 13:15:00,3669.7713,3839.7607,3669.7713,3772.2649,190476
2021-01-04 14:15:00,3771.7649,3838.7607,3735.7671,3759.7656,85069
2021-01-04 15:15:00,3759.7656,3759.7656,3710.2687,3751.7661,28068
2021-01-05 09:15:00,3766.7652,3929.755,3707.7689,3845.2603,96646
2021-01-05 10:15:00,3844.7603,3943.7542,3841.2606,3937.7546,65970
2021-01-05 11:15:00,3927.2552,3964.7529,3907.2565,3924.7554,80599
2021-01-05 12:15:00,3924.7554,3927.7552,3831.7612,3858.2595,36316
2021-01-05 13:15:00,3852.7598,3860.7594,3770.765,3854.2598,21994
2021-01-05 14:15:00,3855.7597,3887.2577,3843.2604,3844.2604,18760
2021-01-05 15:15:00,3840.7606,3840.7606,3816.2621,3816.2621,13314
2021-01-06 09:15:00,3849.76,3908.2564,3799.7632,3826.2615,33507
2021-01-06 10:15:00,3826.7615,3826.7615,3786.264,3809.7625,9254
2021-01-06 11:15:00,3809.7625,3813.7623,3749.7663,3769.765,9664
2021-01-06 12:15:00,3775.2647,3796.7633,3767.7651,3784.7641,4642
2021-01-06 13:15:00,3786.764,3799.7632,3681.2705,3689.27,17782
2021-01-06 14:15:00,3694.2697,3794.2635,3685.7703,3783.7641,20037
2021-01-06 15:15:00,3771.2649,3781.2643,3749.7663,3774.2647,6765
2021-01-07 09:15:00,3807.7627,3889.7575,3800.2631,3855.2597,22465
2021-01-07 10:15:00,3852.7598,3852.7598,3789.7638,3791.2637,13139
2021-01-07 11:15:00,3799.2632,3859.7594,3799.2632,3857.2596,11376
2021-01-07 12:15:00,3855.7597,3889.2576,3854.2598,3854.2598,10425
2021-01-07 13:15:00,3859.7594,3874.7585,3844.2604,3851.2599,14442
2021-01-07 14:15:00,3861.7593,3865.759,3803.7629,3834.761,19726
2021-01-07 15:15:00,3830.2613,3834.761,3798.2632,3819.2619,10599
2021-01-08 09:15:00,3837.7608,3887.2577,3789.7638,3857.2596,26976
2021-01-08 10:15:00,3850.26,3881.758,3839.7607,3881.758,13810
2021-01-08 11:15:00,3884.7579,3884.7579,3854.7597,3856.2596,5478
2021-01-08 12:15:00,3859.7594,3859.7594,3814.2622,3814.2622,7377
2021-01-08 13:15:00,3818.262,3828.2614,3801.763,3804.2629,5023
2021-01-08 14:15:00,3799.2632,3799.2632,3729.7675,3766.7652,16931
2021-01-08 15:15:00,3766.7652,3770.765,3729.7675,3748.7663,9394
2021-01-11 09:15:00,3779.7644,3804.7628,3729.7675,3749.7663,27143
2021-01-11 10:15:00,3749.7663,3755.2659,3720.2681,3752.7661,16096
2021-01-11 11:15:00,3749.7663,3758.7657,3725.7678,3732.2674,4747
2021-01-11 12:15:00,3735.7671,3735.7671,3689.77,3695.7696,3544
2021-01-11 13:15:00,3695.7696,3699.7694,3679.7706,3699.7694,5579
2021-01-11 14:15:00,3699.7694,3699.7694,3649.7725,3655.2722,5674
2021-01-11 15:15:00,3649.7725,3684.2704,3649.7725,3662.7717,6165
2021-01-12 09:15:00,3667.2714,3815.7622,3667.2714,3748.7663,28201
2021-01-12 10:15:00,3737.767,3748.2664,3723.2679,3744.7666,3004
2021-01-12 11:15:00,3741.7668,3749.2663,3709.7688,3714.7685,2861
2021-01-12 12:15:00,3714.7685,3741.7668,3700.2694,3705.769,4460
2021-01-12 13:15:00,3709.7688,3709.7688,3679.7706,3697.7695,6885
2021-01-12 14:15:00,3697.7695,3697.7695,3654.7722,3665.2715,9182
2021-01-12 15:15:00,3663.2717,3694.7697,3661.7718,3679.2707,6381
2021-01-13 09:15:00,3702.7692,3754.766,3659.7719,3659.7719,14007
2021-01-13 10:15:00,3662.7717,3692.2699,3662.7717,3670.2712,3971
2021-01-13 11:15:00,3670.7712,3672.7711,3650.2725,3660.2718,4767
2021-01-13 12:15:00,3649.7725,3668.7713,3649.7725,3659.7719,2379
2021-01-13 13:15:00,3650.2725,3650.2725,3619.7744,3635.2734,20406
2021-01-13 14:15:00,3623.7741,3696.7696,3619.7744,3671.2712,13505
2021-01-13 15:15:00,3653.7723,3665.2715,3649.7725,3659.2719,3727
2021-01-14 09:15:00,3677.7708,3730.2675,3662.7717,3663.2717,23807
2021-01-14 10:15:00,3663.2717,3698.7694,3663.2717,3694.7697,5148
2021-01-14 11:15:00,3686.7702,3686.7702,3660.2718,3662.2717,4112
2021-01-14 12:15:00,3669.2713,3699.2694,3666.2715,3680.2706,4697
2021-01-14 13:15:00,3691.2699,3699.7694,3682.7704,3699.7694,3373
2021-01-14 14:15:00,3699.7694,3735.7671,3699.7694,3735.7671,16862
2021-01-14 15:15:00,3719.7681,3738.767,3689.77,3720.7681,10343
2021-01-15 09:15:00,3759.7656,3939.7544,3759.7656,3813.7623,40446
2021-01-15 10:15:00,3819.7619,3898.757,3803.7629,3826.7615,52006
2021-01-15 11:15:00,3825.7615,3825.7615,3810.7625,3820.2619,9551
2021-01-15 12:15:00,3820.2619,3999.7507,3818.262,3928.7551,90902
2021-01-15 13:15:00,3929.755,3944.7541,3850.76,3857.2596,36595
2021-01-15 14:15:00,3857.2596,3893.7573,3821.7618,3863.7592,22138
2021-01-15 15:15:00,3863.7592,3886.2578,3860.2594,3869.2588,16572
2021-01-18 09:15:00,3892.7574,3933.7548,3769.765,3789.7638,32295
2021-01-18 10:15:00,3779.7644,3782.7642,3701.2693,3739.7669,13308
2021-01-18 11:15:00,3739.2669,3748.2664,3733.2673,3744.7666,2346
2021-01-18 12:15:00,3744.7666,3779.2644,3738.267,3765.7653,4483
2021-01-18 13:15:00,3761.2656,3807.2627,3759.7656,3807.2627,4037
2021-01-18 14:15:00,3801.2631,3809.7625,3783.7641,3808.2626,9364
2021-01-18 15:15:00,3799.2632,3799.2632,3750.2662,3782.2642,7150
2021-01-19 09:15:00,3794.7635,3860.2594,3756.2659,3858.7595,15476
2021-01-19 10:15:00,3860.2594,3898.757,3843.2604,3843.2604,19198
2021-01-19 11:15:00,3843.2604,3843.2604,3800.7631,3804.7628,5061
2021-01-19 12:15:00,3806.7627,3807.2627,3780.2644,3789.7638,4947
2021-01-19 13:15:00,3789.7638,3801.763,3689.77,3736.7671,35896
2021-01-19 14:15:00,3735.7671,3738.267,3622.7742,3705.269,46177
2021-01-19 15:15:00,3699.7694,3729.7675,3683.7704,3698.2695,15626
2021-01-20 09:15:00,3697.2695,3756.7658,3689.77,3748.7663,17285
2021-01-20 10:15:00,3756.7658,3758.7657,3739.7669,3744.7666,3198
2021-01-20 11:15:00,3747.2664,3749.7663,3740.2669,3740.2669,1965
2021-01-20 12:15:00,3739.7669,3749.7663,3739.7669,3749.7663,2187
2021-01-20 13:15:00,3757.2658,3820.2619,3748.7663,3764.7653,14825
2021-01-20 14:15:00,3769.765,3784.7641,3734.7672,3746.7665,7584
2021-01-20 15:15:00,3746.2665,3771.7649,3730.7675,3747.7664,9081
2021-01-21 09:15:00,3763.7654,3779.7644,3739.7669,3739.7669,7151
2021-01-21 10:15:00,3739.2669,3761.7655,3720.2681,3742.7667,3659
2021-01-21 11:15:00,3739.2669,3739.2669,3695.7696,3695.7696,2750
2021-01-21 12:15:00,3706.7689,3706.7689,3639.7731,3667.2714,10472
2021-01-21 13:15:00,3664.7716,3679.7706,3632.7736,3633.2735,7402
2021-01-21 14:15:00,3637.7732,3665.7715,3577.277,3611.7749,16748
2021-01-21 15:15:00,3620.2743,3630.7737,3581.7767,3606.2752,9728
2021-01-22 09:15:00,3615.2747,3645.2728,3532.2798,3569.7775,16684
2021-01-22 10:15:00,3565.7777,3566.7777,3439.7856,3451.2849,34495
2021-01-22 11:15:00,3449.785,3487.2826,3419.7868,3469.7837,12396
2021-01-22 12:15:00,3469.2838,3479.2831,3429.7862,3434.7859,6303
2021-01-22 13:15:00,3439.2856,3479.7831,3439.2856,3439.7856,6133
2021-01-22 14:15:00,3446.2852,3466.2839,3384.789,3403.7878,13100
2021-01-22 15:15:00,3421.7867,3448.785,3410.2874,3420.7868,10526
2021-01-25 09:15:00,3449.785,3479.7831,3219.7993,3291.2948,52196
2021-01-25 10:15:00,3282.7954,3319.7931,3273.296,3308.2938,14016
2021-01-25 11:15:00,3309.7937,3309.7937,3242.2979,3268.7962,9156
2021-01-25 12:15:00,3260.2968,3289.295,3252.7972,3274.7959,8984
2021-01-25 13:15:00,3274.7959,3331.7923,3234.2984,3246.7976,13864
2021-01-25 14:15:00,3248.2975,3251.2973,3213.7997,3219.7993,19076
2021-01-25 15:15:00,3219.7993,3229.7987,3200.8005,3219.7993,8909
2021-01-27 09:15:00,3189.8012,3217.7994,3128.305,3214.7996,23152
2021-01-27 10:15:00,3209.7999,3209.7999,3161.3029,3169.3025,5392
2021-01-27 11:15:00,3169.3025,3179.3018,3128.805,3136.8045,5345
2021-01-27 12:15:00,3138.8044,3159.803,3128.805,3159.803,7906
2021-01-27 13:15:00,3160.803,3162.8029,3125.3052,3135.8045,5539
2021-01-27 14:15:00,3129.8049,3155.8033,3069.8087,3118.8056,12279
2021-01-27 15:15:00,3118.3056,3147.8038,3117.8057,3123.3053,10083
2021-01-28 09:15:00,3063.3091,3198.3006,2931.8173,3184.3015,26017
2021-01-28 10:15:00,3189.8012,3235.2983,3160.303,3214.7996,5646
2021-01-28 11:15:00,3214.7996,3279.7956,3209.7999,3249.7974,10991
2021-01-28 12:15:00,3254.7971,3267.2963,3239.7981,3239.7981,8454
2021-01-28 13:15:00,3234.7984,3277.7957,3234.7984,3263.7966,5570
2021-01-28 14:15:00,3258.2969,3289.7949,3248.2975,3279.7956,10180
2021-01-28 15:15:00,3289.295,3328.2925,3259.7968,3286.2952,9749
2021-01-29 09:15:00,3349.2912,3381.7892,3299.2943,3362.2904,42235
2021-01-29 10:15:00,3362.7904,3370.7899,3346.7914,3365.7902,15400
2021-01-29 11:15:00,3365.7902,3369.79,3341.7917,3349.7912,13251
2021-01-29 12:15:00,3349.7912,3371.7898,3347.7913,3347.7913,5353
2021-01-29 13:15:00,3349.7912,3362.7904,3338.7919,3361.7905,17638
2021-01-29 14:15:00,3362.7904,3374.7896,3349.7912,3349.7912,15262
2021-01-29 15:15:00,3350.7911,3354.7909,3305.7939,3346.7914,27917
2021-02-01 09:15:00,3370.2899,3399.7881,3286.7951,3350.2912,8156
2021-02-01 10:15:00,3353.791,3388.2888,3346.2914,3349.7912,8903
2021-02-01 11:15:00,3348.2913,3382.2892,3343.7916,3350.7911,2380
2021-02-01 12:15:00,3350.7911,3427.2864,3343.7916,3365.7902,11183
2021-02-01 13:15:00,3364.2903,3409.2875,3364.2903,3389.7887,4141
2021-02-01 14:15:00,3389.7887,3514.7809,3378.7894,3514.2809,16501
2021-02-01 15:15:00,3504.7815,3539.7794,3499.7819,3511.7811,6426
2021-02-02 09:15:00,3529.78,3598.7757,3529.78,3549.7787,17632
2021-02-02 10:15:00,3549.7787,3551.2786,3449.785,3486.7827,14184
2021-02-02 11:15:00,3486.2827,3522.2804,3450.2849,3483.7828,10251
2021-02-02 12:15:00,3483.7828,3489.7825,3459.7843,3479.7831,3102
2021-02-02 13:15:00,3456.2846,3518.7807,3449.785,3505.2815,20293
2021-02-02 14:15:00,3508.7813,3528.2801,3496.2821,3509.7812,5636
2021-02-02 15:15:00,3499.7819,3519.2806,3490.2824,3502.7817,6478
2021-02-03 09:15:00,3519.7806,3633.7735,3519.7806,3594.276,16877
2021-02-03 10:15:00,3602.2755,3629.7737,3591.7761,3610.7749,7341
2021-02-03 11:15:00,3609.775,3667.2714,3609.775,3653.7723,10023
2021-02-03 12:15:00,3644.2728,3669.7713,3630.7737,3647.7726,5210
2021-02-03 13:15:00,3642.273,3693.7698,3634.2735,3667.7714,13362
2021-02-03 14:15:00,3662.2717,3679.7706,3649.7725,3674.271,3871
2021-02-03 15:15:00,3657.772,3849.76,3646.7727,3730.2675,60381
2021-02-04 09:15:00,3680.7706,3764.2654,3649.7725,3749.7663,21026
2021-02-04 10:15:00,3749.7663,3797.2633,3747.2664,3788.2639,14112
2021-02-04 11:15:00,3789.7638,3799.7632,3745.2665,3749.7663,11020
2021-02-04 12:15:00,3749.7663,3767.2652,3745.7665,3758.2657,18736
2021-02-04 13:15:00,3756.7658,3757.2658,3741.7668,3749.7663,19551
2021-02-04 14:15:00,3749.7663,3764.2654,3738.267,3761.2656,14087
2021-02-04 15:15:00,3761.2656,3762.2655,3746.2665,3752.2661,6997
2021-02-05 09:15:00,3769.765,3827.2614,3649.2725,3688.2701,20978
2021-02-05 10:15:00,3663.2717,3709.2688,3659.7719,3700.2694,6154
2021-02-05 11:15:00,3696.7696,3719.7681,3689.77,3689.77,4062
2021-02-05 12:15:00,3697.2695,3699.7694,3680.7706,3684.7703,1349
2021-02-05 13:15:00,3675.2709,3711.7686,3670.7712,3702.2692,5432
2021-02-05 14:15:00,3699.7694,3756.7658,3699.7694,3749.7663,30434
2021-02-05 15:15:00,3756.2659,3763.7654,3720.7681,3749.7663,24938
2021-02-08 09:15:00,3757.7658,3784.7641,3682.2705,3727.7676,11226
2021-02-08 10:15:00,3727.7676,3737.267,3711.7686,3734.7672,3164
2021-02-08 11:15:00,3734.7672,3767.2652,3716.7683,3747.2664,12446
2021-02-08 12:15:00,3749.7663,3755.2659,3743.2667,3746.7665,1184
2021-02-08 13:15:00,3746.7665,3759.7656,3736.2671,3736.2671,7770
2021-02-08 14:15:00,3734.2672,3762.2655,3723.2679,3749.7663,8027
2021-02-08 15:15:00,3744.2666,3758.7657,3742.7667,3749.7663,8605
2021-02-09 09:15:00,3749.7663,3766.7652,3722.268,3747.7664,9009
2021-02-09 10:15:00,3754.766,3779.2644,3719.7681,3754.766,54433
2021-02-09 11:15:00,3751.7661,3763.7654,3702.2692,3752.2661,6591
2021-02-09 12:15:00,3752.2661,3779.7644,3749.7663,3769.765,4222
2021-02-09 13:15:00,3775.2647,3778.7645,3749.7663,3758.2657,3889
2021-02-09 14:15:00,3758.2657,3762.7655,3660.7718,3680.7706,9354
2021-02-09 15:15:00,3688.2701,3727.7676,3524.7803,3678.7707,9230
2021-02-10 09:15:00,3632.2736,3754.766,3588.7763,3745.7665,13763
2021-02-10 10:15:00,3740.7668,3759.2657,3739.7669,3741.7668,7891
2021-02-10 11:15:00,3742.2667,3799.7632,3741.2668,3780.7643,11347
2021-02-10 12:15:00,3780.7643,3797.7633,3760.7656,3763.2654,1993
2021-02-10 13:15:00,3762.2655,3762.2655,3734.2672,3761.2656,2460
2021-02-10 14:15:00,3754.766,3758.7657,3734.7672,3744.7666,2701
2021-02-10 15:15:00,3749.7663,3779.7644,3739.7669,3754.266,4185
2021-02-11 09:15:00,3772.7648,3849.76,3749.2663,3848.2601,16543
2021-02-11 10:15:00,3849.2601,3884.7579,3789.2638,3805.2628,14808
2021-02-11 11:15:00,3805.7628,3808.7626,3799.7632,3799.7632,2116
2021-02-11 12:15:00,3802.263,3802.263,3760.7656,3771.7649,7800
2021-02-11 13:15:00,3779.7644,3798.7632,3756.7658,3779.7644,2470
2021-02-11 14:15:00,3778.7645,3813.7623,3778.7645,3784.7641,7495
2021-02-11 15:15:00,3783.2642,3824.7616,3781.7643,3798.2632,5016
2021-02-12 09:15:00,3816.7621,3859.7594,3793.2636,3839.7607,13191
2021-02-12 10:15:00,3837.2608,3839.7607,3817.762,3817.762,3144
2021-02-12 11:15:00,3815.2622,3834.761,3799.7632,3802.763,5222
2021-02-12 12:15:00,3812.7623,3839.7607,3812.7623,3832.2611,4384
2021-02-12 13:15:00,3829.7613,3869.7588,3792.2636,3797.2633,10682
2021-02-12 14:15:00,3789.7638,3806.2627,3759.7656,3804.7628,7999
2021-02-12 15:15:00,3805.2628,3829.7613,3799.7632,3808.7626,7353
2021-02-15 09:15:00,3939.7544,3979.7519,3830.2613,3868.7589,68584
2021-02-15 10:15:00,3868.7589,3869.7588,3795.7634,3819.7619,26796
2021-02-15 11:15:00,3815.2622,3847.7602,3767.2652,3836.7608,9555
2021-02-15 12:15:00,3838.7607,3838.7607,3759.7656,3784.2641,6290
2021-02-15 13:15:00,3785.764,3807.2627,3767.7651,3773.7648,3835
2021-02-15 14:15:00,3779.7644,3839.2607,3779.7644,3825.7615,17737
2021-02-15 15:15:00,3838.2608,3844.7603,3799.7632,3814.2622,10508
2021-02-16 09:15:00,3818.262,3939.7544,3807.7627,3851.7599,50647
2021-02-16 10:15:00,3852.2599,3852.2599,3792.7636,3811.7624,19971
2021-02-16 11:15:00,3811.7624,3811.7624,3750.2662,3798.7632,10569
2021-02-16 12:15:00,3798.7632,3809.7625,3770.765,3771.7649,6294
2021-02-16 13:15:00,3774.7647,3794.2635,3759.7656,3775.2647,3131
2021-02-16 14:15:00,3757.7658,3784.7641,3710.2687,3723.2679,16461
2021-02-16 15:15:00,3722.768,3732.2674,3661.2718,3691.2699,16595
2021-02-17 09:15:00,3709.7688,3759.2657,3679.7706,3728.7676,13593
2021-02-17 10:15:00,3710.2687,3742.7667,3710.2687,3719.2682,2804
2021-02-17 11:15:00,3717.7683,3720.7681,3658.7719,3664.7716,13467
2021-02-17 12:15:00,3664.7716,3667.7714,3588.2763,3600.2756,13980
2021-02-17 13:15:00,3600.2756,3632.7736,3559.7781,3621.2743,12789
2021-02-17 14:15:00,3614.2747,3632.2736,3514.7809,3527.2801,23301
2021-02-17 15:15:00,3520.2806,3619.7744,3519.7806,3619.7744,24966
2021-02-18 09:15:00,3573.7772,3721.768,3562.7779,3679.7706,32412
2021-02-18 10:15:00,3679.7706,3694.7697,3632.2736,3648.7726,12306
2021-02-18 11:15:00,3655.2722,3707.2689,3655.2722,3674.271,11085
2021-02-18 12:15:00,3670.2712,3685.7703,3663.2717,3679.2707,4417
2021-02-18 13:15:00,3679.7706,3679.7706,3614.7747,3646.7727,9789
2021-02-18 14:15:00,3639.2732,3659.7719,3639.2732,3649.7725,9187
2021-02-18 15:15:00,3645.2728,3674.7709,3629.2738,3669.7713,9607
2021-02-19 09:15:00,3649.2725,3662.2717,3578.7769,3617.2745,24566
2021-02-19 10:15:00,3607.2752,3629.7737,3550.7787,3560.778,26959
2021-02-19 11:15:00,3568.2776,3599.7756,3562.7779,3599.7756,5675
2021-02-19 12:15:00,3604.2753,3669.7713,3598.7757,3627.7739,12768
2021-02-19 13:15:00,3625.774,3629.7737,3597.7757,3609.775,16848
2021-02-19 14:15:00,3609.775,3648.2726,3599.2756,3616.7746,17075
2021-02-19 15:15:00,3621.7742,3646.2727,3611.7749,3621.2743,10210
2021-02-22 09:15:00,3639.7731,3735.2672,3635.2734,3676.7708,22967
2021-02-22 10:15:00,3667.7714,3694.2697,3661.7718,3671.7711,3908
2021-02-22 11:15:00,3676.7708,3676.7708,3639.7731,3640.7731,7397
2021-02-22 12:15:00,3647.2727,3655.2722,3629.7737,3629.7737,4231
2021-02-22 13:15:00,3636.7733,3641.773,3605.7752,3605.7752,2761
2021-02-22 14:15:00,3601.7755,3646.2727,3580.2768,3621.7742,9669
2021-02-22 15:15:00,3628.7738,3639.7731,3619.7744,3631.2737,4846
2021-02-23 09:15:00,3649.2725,3712.2686,3629.2738,3665.2715,9114
2021-02-23 10:15:00,3665.2715,3699.7694,3658.7719,3666.7714,2756
2021-02-23 11:15:00,3671.2712,3681.7705,3655.2722,3669.2713,2882
2021-02-23 12:15:00,3668.7713,3681.7705,3656.2721,3658.7719,3513
2021-02-23 13:15:00,3656.7721,3675.2709,3649.7725,3649.7725,4916
2021-02-23 14:15:00,3655.7721,3829.7613,3652.7723,3769.765,87707
2021-02-23 15:15:00,3779.7644,3779.7644,3739.7669,3768.7651,14037
2021-02-24 09:15:00,3793.2636,3836.7608,3784.7641,3798.7632,23649
2021-02-24 10:15:00,3798.7632,3807.2627,3750.7662,3761.7655,6939
2021-02-24 11:15:00,3760.2656,3779.7644,3741.7668,3742.7667,1958
2021-02-24 15:15:00,3739.7669,3790.7637,3669.7713,3770.265,2779
2021-02-24 16:15:00,3770.265,3808.7626,3757.7658,3784.2641,9711
2021-02-25 09:15:00,3799.2632,3829.7613,3752.2661,3759.2657,20295
2021-02-25 10:15:00,3754.766,4078.7458,3754.766,4009.7501,163222
2021-02-25 11:15:00,4007.7502,4014.7498,3879.7582,3935.2547,43579
2021-02-25 12:15:00,3935.2547,3989.7513,3933.7548,3959.7532,15758
2021-02-25 13:15:00,3959.7532,3963.7529,3917.2558,3936.2546,8412
2021-02-25 14:15:00,3950.2538,3952.2536,3900.7569,3937.7546,14953
2021-02-25 15:15:00,3937.7546,3938.7545,3900.2569,3928.7551,13445
2021-02-26 09:15:00,3886.7577,3939.7544,3799.7632,3936.7546,23872
2021-02-26 10:15:00,3937.2546,3937.2546,3769.765,3818.262,20207
2021-02-26 11:15:00,3813.2623,3826.7615,3779.7644,3793.7635,9309
2021-02-26 12:15:00,3792.7636,3830.7612,3788.7638,3809.7625,8899
2021-02-26 13:15:00,3816.7621,3847.7602,3807.2627,3847.2602,5512
2021-02-26 14:15:00,3849.2601,3849.76,3810.2625,3829.7613,12392
2021-02-26 15:15:00,3829.7613,3844.2604,3770.765,3789.2638,6915
2021-03-01 09:15:00,3853.2598,3904.7566,3829.2613,3879.7582,13923
2021-03-01 10:15:00,3887.2577,3944.7541,3876.7584,3894.2573,14486
2021-03-01 11:15:00,3889.7575,3907.7564,3651.2724,3812.7623,52079
2021-03-01 12:15:00,3813.2623,3834.261,3769.765,3829.7613,6653
2021-03-01 13:15:00,3829.7613,3829.7613,3809.7625,3809.7625,1504
2021-03-01 14:15:00,3809.7625,3814.7622,3719.7681,3761.7655,15676
2021-03-01 15:15:00,3768.7651,3783.7641,3744.7666,3759.7656,10597
2021-03-02 09:15:00,3797.7633,3878.2583,3791.7637,3808.7626,20580
2021-03-02 10:15:00,3799.2632,3807.2627,3767.2652,3775.2647,5835
2021-03-02 11:15:00,3779.2644,3809.7625,3770.265,3807.2627,4733
2021-03-02 12:15:00,3806.7627,3829.7613,3739.7669,3753.2661,13005
2021-03-02 13:15:00,3754.266,3793.7635,3754.266,3793.7635,4658
2021-03-02 14:15:00,3794.2635,3806.7627,3764.7653,3767.2652,6026
2021-03-02 15:15:00,3777.2646,3799.7632,3751.2662,3773.2648,7123
2021-03-03 09:15:00,3799.7632,3939.7544,3784.7641,3915.7559,34774
2021-03-03 10:15:00,3919.7557,3929.755,3873.7585,3899.7569,13471
2021-03-03 11:15:00,3904.2566,3928.7551,3864.7591,3925.7553,9413
2021-03-03 12:15:00,3928.2551,3930.755,3872.7586,3911.7562,9668
2021-03-03 13:15:00,3912.2561,3927.2552,3879.7582,3880.2581,3654
2021-03-03 14:15:00,3888.7576,3895.2572,3869.7588,3877.2583,4725
2021-03-03 15:15:00,3849.76,3860.7594,3829.2613,3852.7598,8981
2021-03-04 09:15:00,3765.7653,3844.2604,3765.7653,3820.7618,9904
2021-03-04 10:15:00,3820.7618,3846.7602,3800.7631,3821.7618,12752
2021-03-04 11:15:00,3830.7612,3830.7612,3790.7637,3825.2616,5029
2021-03-04 12:15:00,3809.7625,3816.7621,3797.2633,3797.2633,1887
2021-03-04 13:15:00,3796.7633,3816.2621,3781.7643,3804.7628,4394
2021-03-04 14:15:00,3817.2621,3828.2614,3780.2644,3791.2637,4910
2021-03-04 15:15:00,3794.2635,3819.7619,3781.7643,3798.2632,5096
2021-03-05 09:15:00,3786.764,3834.261,3769.765,3815.7622,10803
2021-03-05 10:15:00,3809.7625,3816.7621,3749.7663,3754.266,13857
2021-03-05 11:15:00,3758.7657,3774.7647,3720.7681,3731.7674,6832
2021-03-05 12:15:00,3731.7674,3749.2663,3699.7694,3725.2678,6686
2021-03-05 13:15:00,3725.2678,3729.7675,3651.7724,3651.7724,11429
2021-03-05 14:15:00,3656.7721,3694.7697,3630.7737,3678.7707,30654
2021-03-05 15:15:00,3681.2705,3713.7685,3676.2708,3696.2696,7523
2021-03-08 09:15:00,3714.7685,3809.7625,3714.7685,3791.7637,12952
2021-03-08 10:15:00,3788.7638,3805.7628,3733.2673,3755.2659,6753
2021-03-08 11:15:00,3755.2659,3756.7658,3727.7676,3756.7658,783
2021-03-08 12:15:00,3746.7665,3793.2636,3739.7669,3760.2656,13394
2021-03-08 13:15:00,3759.7656,3779.7644,3701.7693,3706.269,10008
2021-03-08 14:15:00,3702.2692,3769.765,3702.2692,3743.7666,16928
2021-03-08 15:15:00,3745.2665,3745.2665,3713.7685,3735.2672,5428
2021-03-09 09:15:00,3709.7688,3769.765,3709.7688,3733.7673,4573
2021-03-09 10:15:00,3729.7675,3734.7672,3679.7706,3702.2692,11513
2021-03-09 11:15:00,3697.2695,3743.7666,3685.2703,3718.2682,7957
2021-03-09 12:15:00,3716.2684,3732.2674,3622.7742,3624.2741,21732
2021-03-09 13:15:00,3622.7742,3636.7733,3597.7757,3615.2747,10440
2021-03-09 14:15:00,3619.7744,3620.2743,3560.778,3582.7767,22485
2021-03-09 15:15:00,3582.2767,3649.7725,3551.2786,3589.2763,21542
2021-03-10 09:15:00,3619.7744,3657.772,3599.7756,3620.7743,13051
2021-03-10 10:15:00,3629.2738,3629.2738,3589.7762,3598.7757,6047
2021-03-10 11:15:00,3599.2756,3599.2756,3562.278,3588.7763,2929
2021-03-10 12:15:00,3588.7763,3588.7763,3529.78,3581.2768,5089
2021-03-10 13:15:00,3579.7769,3599.7756,3567.7776,3599.7756,2815
2021-03-10 14:15:00,3598.2757,3639.7731,3591.7761,3620.7743,8817
2021-03-10 15:15:00,3621.2743,3624.7741,3569.2775,3600.2756,7253
2021-03-12 09:15:00,3613.7747,3703.7691,3585.2765,3670.7712,28501
2021-03-12 10:15:00,3676.7708,3678.7707,3659.7719,3669.2713,3505
2021-03-12 11:15:00,3667.7714,3675.7709,3659.7719,3674.7709,5402
2021-03-12 12:15:00,3674.271,3699.7694,3671.2712,3699.7694,11451
2021-03-12 13:15:00,3699.7694,3709.7688,3658.7719,3686.7702,7443
2021-03-12 14:15:00,3686.7702,3739.7669,3667.7714,3721.768,22394
2021-03-12 15:15:00,3719.2682,3729.7675,3680.2706,3706.7689,6229
2021-03-15 09:15:00,3724.2679,3724.7678,3621.7742,3659.7719,21364
2021-03-15 10:15:00,3656.2721,3656.2721,3643.2729,3652.7723,16654
2021-03-15 11:15:00,3649.7725,3893.7573,3647.7726,3839.7607,36370
2021-03-15 12:15:00,3839.7607,3919.7557,3804.7628,3879.2582,74933
2021-03-15 13:15:00,3879.2582,3914.756,3870.7587,3904.7566,30237
2021-03-15 14:15:00,3898.757,3953.2536,3893.7573,3923.2555,58580
2021-03-15 15:15:00,3923.2555,3999.7507,3920.7556,3959.7532,43137
2021-03-16 09:15:00,4039.2482,4165.7403,4012.7499,4059.7469,161556
2021-03-16 10:15:00,4059.7469,4136.7421,4059.7469,4099.7445,43668
2021-03-16 11:15:00,4094.2448,4155.741,4056.2472,4078.2458,77963
2021-03-16 12:15:00,4078.2458,4228.7364,4078.2458,4166.2403,93498
2021-03-16 13:15:00,4162.7405,4163.7405,4099.7445,4140.2419,29722
2021-03-16 14:15:00,4142.2418,4189.2389,4134.7423,4184.7392,42555
2021-03-16 15:15:00,4185.7391,4209.7376,4159.7407,4174.2398,29055
2021-03-17 09:15:00,4188.7389,4219.737,4044.2479,4062.7468,44493
2021-03-17 10:15:00,4057.7471,4082.7455,4049.7476,4068.7464,6774
2021-03-17 11:15:00,4068.7464,4139.742,4068.7464,4127.7427,11812
2021-03-17 12:15:00,4128.2427,4130.7425,4084.2454,4108.2439,7096
2021-03-17 13:15:00,4108.2439,4208.7377,4100.7444,4159.7407,26308
2021-03-17 14:15:00,4157.7408,4205.7378,4100.7444,4108.7439,31188
2021-03-17 15:15:00,4120.7431,4124.2429,4079.7457,4121.2431,11258
2021-03-18 09:15:00,4166.7403,4366.7278,4133.2424,4245.2354,73848
2021-03-18 10:15:00,4246.2353,4267.734,4159.7407,4220.2369,19592
2021-03-18 11:15:00,4219.737,4263.7342,4209.7376,4239.7357,16694
2021-03-18 12:15:00,4235.736,4254.7348,4222.7368,4244.2354,19778
2021-03-18 13:15:00,4229.7364,4248.7352,4176.7397,4197.7383,52017
2021-03-18 14:15:00,4196.2384,4254.7348,4161.7406,4183.2392,36034
2021-03-18 15:15:00,4182.2393,4211.7375,4155.241,4194.2386,12276
2021-03-19 09:15:00,4149.7413,4175.2397,4044.2479,4132.2424,37229
2021-03-19 10:15:00,4129.7426,4173.7398,4092.7449,4169.7401,14433
2021-03-19 11:15:00,4169.7401,4195.2385,4149.7413,4189.7388,13924
2021-03-19 12:15:00,4189.7388,4249.7351,4189.7388,4205.2379,6796
2021-03-19 13:15:00,4189.7388,4229.7364,4180.2394,4203.738,7333
2021-03-19 14:15:00,4219.737,4224.7367,4149.7413,4149.7413,13923
2021-03-19 15:15:00,4159.2407,4299.732,4139.742,4207.7377,15027
2021-03-22 09:15:00,4229.7364,4339.7295,4165.7403,4269.7339,24036
2021-03-22 10:15:00,4259.7345,4274.7335,4216.2372,4231.7362,3037
2021-03-22 11:15:00,4229.2364,4239.7357,4179.7395,4209.7376,5689
2021-03-22 12:15:00,4210.7375,4217.7371,4179.7395,4189.7388,3485
2021-03-22 13:15:00,4189.7388,4249.2351,4180.2394,4213.7373,3571
2021-03-22 14:15:00,4217.7371,4289.7326,4199.2383,4234.2361,9649
2021-03-22 15:15:00,4233.2361,4249.7351,4219.737,4237.7359,9408
2021-03-23 09:15:00,4264.7342,4348.229,4260.2345,4298.7321,25415
2021-03-23 10:15:00,4296.7322,4476.721,4289.7326,4388.2265,114212
2021-03-23 11:15:00,4388.2265,4391.2263,4281.7331,4321.7306,33183
2021-03-23 12:15:00,4316.231,4325.2304,4289.7326,4309.7314,13903
2021-03-23 13:15:00,4301.2319,4307.2315,4284.7329,4290.7325,9177
2021-03-23 14:15:00,4294.2323,4306.7316,4269.7339,4285.2329,14416
2021-03-23 15:15:00,4284.7329,4284.7329,4253.2349,4274.7335,9636
2021-03-24 09:15:00,4269.7339,4311.2313,4156.2409,4199.7382,13017
2021-03-24 10:15:00,4191.2388,4227.7365,4170.2401,4212.2374,4805
2021-03-24 11:15:00,4211.7375,4255.7347,4209.7376,4251.235,2436
2021-03-24 12:15:00,4246.7353,4265.2341,4235.736,4251.235,4632
2021-03-24 13:15:00,4242.7355,4269.7339,4233.7361,4259.7345,3343
2021-03-24 14:15:00,4260.2345,4308.7314,4259.7345,4274.7335,46977
2021-03-24 15:15:00,4274.7335,4274.7335,4199.7382,4246.2353,6795
2021-03-25 09:15:00,4224.7367,4224.7367,4021.2493,4059.247,25632
2021-03-25 10:15:00,4049.7476,4088.7451,4024.7491,4080.7456,10550
2021-03-25 11:15:00,4079.7457,4119.2432,4079.7457,4109.2439,27918
2021-03-25 12:15:00,4109.7438,4114.7435,4079.7457,4114.7435,8112
2021-03-25 13:15:00,4118.7433,4166.2403,4100.7444,4149.7413,5612
2021-03-25 14:15:00,4149.7413,4270.2338,4139.742,4149.2414,16394
2021-03-25 15:15:00,4149.2414,4229.7364,4140.2419,4185.2391,5266
2021-03-26 09:15:00,4236.7359,4303.7317,4219.737,4229.7364,11530
2021-03-26 10:15:00,4234.736,4269.7339,4210.7375,4238.2358,3959
2021-03-26 11:15:00,4240.2357,4264.2342,4219.737,4253.7349,2532
2021-03-26 12:15:00,4246.2353,4259.7345,4235.736,4248.7352,1363
2021-03-26 13:15:00,4235.736,4241.2356,4190.2388,4224.7367,4212
2021-03-26 14:15:00,4239.2358,4244.7354,4219.737,4227.2365,11806
2021-03-26 15:15:00,4226.7365,4229.7364,4149.7413,4213.7373,7112
2021-03-30 09:15:00,4209.7376,4329.7301,4209.7376,4299.232,20077
2021-03-30 10:15:00,4299.232,4299.732,4249.7351,4289.7326,5082
2021-03-30 11:15:00,4289.7326,4299.732,4249.7351,4249.7351,3727
2021-03-30 12:15:00,4257.2346,4263.7342,4189.7388,4226.2366,9694
2021-03-30 13:15:00,4226.2366,4229.7364,4198.7383,4199.7382,5984
2021-03-30 14:15:00,4199.7382,4277.7334,4194.2386,4245.7354,7116
2021-03-30 15:15:00,4258.7345,4259.7345,4200.2382,4200.2382,6605
2021-03-31 09:15:00,4237.2359,4275.7335,4160.2407,4242.7355,12378
2021-03-31 10:15:00,4242.7355,4309.7314,4235.736,4256.2347,9510
2021-03-31 11:15:00,4259.7345,4299.732,4259.7345,4263.2343,6476
2021-03-31 12:15:00,4267.234,4267.234,4235.236,4235.236,2054
2021-03-31 13:15:00,4226.7365,4249.7351,4220.7369,4220.7369,2032
2021-03-31 14:15:00,4219.737,4239.7357,4208.7377,4208.7377,6017
2021-03-31 15:15:00,4198.7383,4207.7377,4126.2428,4126.2428,9083
2021-04-01 09:15:00,4221.7368,4306.7316,4218.2371,4297.7321,28408
2021-04-01 10:15:00,4298.7321,4299.732,4260.7344,4270.7338,5527
2021-04-01 11:15:00,4279.7332,4413.2249,4259.2345,4312.2312,62353
2021-04-01 12:15:00,4309.7314,4357.2284,4285.7329,4349.7289,60116
2021-04-01 13:15:00,4356.7284,4429.7239,4326.2303,4371.2275,55500
2021-04-01 14:15:00,4382.2268,4419.7245,4363.228,4376.7272,13452
2021-04-01 15:15:00,4374.7273,4379.727,4349.7289,4376.7272,9156
2021-04-05 09:15:00,4378.7271,4629.7114,4356.7284,4383.2268,76154
2021-04-05 10:15:00,4380.7269,4415.7248,4280.2332,4369.7276,38797
2021-04-05 11:15:00,4360.7282,4440.2232,4358.2283,4437.7234,14075
2021-04-05 12:15:00,4424.7242,4439.7233,4419.7245,4429.2239,12659
2021-04-05 13:15:00,4423.7243,4479.7208,4419.7245,4469.2214,14765
2021-04-05 14:15:00,4474.7211,4528.2177,4460.722,4487.7203,24279
2021-04-05 15:15:00,4487.7203,4509.7189,4470.7213,4497.2197,12150
2021-04-06 09:15:00,4547.2166,4597.7134,4506.7191,4563.7155,31820
2021-04-06 10:15:00,4571.2151,4571.2151,4509.7189,4523.2181,9210
2021-04-06 11:15:00,4519.7183,4546.7166,4449.7226,4491.72,5869
2021-04-06 12:15:00,4492.22,4499.7195,4479.7208,4499.7195,3976
2021-04-06 13:15:00,4497.7196,4527.2178,4409.7251,4519.7183,8057
2021-04-06 14:15:00,4527.7178,4560.2158,4484.7205,4501.2194,9355
2021-04-06 15:15:00,4504.7192,4539.717,4503.7193,4516.2185,4980
2021-04-07 09:15:00,4534.7173,4604.713,4509.2189,4572.215,20009
2021-04-07 10:15:00,4569.7152,4576.2148,4514.7186,4534.2174,12127
2021-04-07 11:15:00,4519.7183,4537.2172,4449.7226,4479.7208,9824
2021-04-07 12:15:00,4475.721,4488.7202,4420.2245,4428.224,13861
2021-04-07 13:15:00,4428.224,4457.7221,4410.2251,4429.7239,7433
2021-04-07 14:15:00,4429.7239,4456.7222,4394.2261,4454.2224,13203
2021-04-07 15:15:00,4454.7223,4463.2218,4429.7239,4440.7232,7539
2021-04-08 09:15:00,4478.7208,4519.7183,4446.2229,4500.7195,10150
2021-04-08 10:15:00,4514.2186,4590.7139,4498.7196,4569.2152,17105
2021-04-08 11:15:00,4565.2154,4574.2149,4486.2204,4521.7182,16035
2021-04-08 12:15:00,4522.2181,4674.7086,4522.2181,4651.2101,52372
2021-04-08 13:15:00,4653.7099,4699.7071,4602.7131,4609.7127,29965
2021-04-08 14:15:00,4609.7127,4618.7121,4519.7183,4553.2162,26945
2021-04-08 15:15:00,4553.2162,4577.7147,4525.7179,4543.2168,14107
2021-04-09 09:15:00,4546.7166,4667.7091,4540.217,4662.7094,17609
2021-04-09 10:15:00,4656.2098,4679.2083,4629.7114,4649.7102,13602
2021-04-09 11:15:00,4652.21,4676.7085,4649.7102,4653.21,6480
2021-04-09 12:15:00,4650.7101,4668.209,4620.212,4631.2113,6050
2021-04-09 13:15:00,4631.2113,4654.7099,4564.7155,4589.7139,16915
2021-04-09 14:15:00,4589.7139,4607.2128,4490.2201,4530.2176,17524
2021-04-09 15:15:00,4516.7185,4529.7177,4505.2192,4518.7183,13455
2021-04-12 09:15:00,4443.723,4444.223,4249.7351,4372.2275,27783
2021-04-12 10:15:00,4372.2275,4373.2274,4269.7339,4289.7326,10114
2021-04-12 11:15:00,4299.732,4304.2317,4201.2381,4201.2381,10327
2021-04-12 12:15:00,4232.2362,4293.7324,4202.2381,4289.7326,5932
2021-04-12 13:15:00,4287.2328,4304.2317,4224.7367,4230.2363,7942
2021-04-12 14:15:00,4240.7357,4258.7345,4159.7407,4165.2404,13775
2021-04-12 15:15:00,4165.2404,4187.239,4152.2412,4170.2401,5597
2021-04-13 09:15:00,4196.7384,4316.231,4160.2407,4304.7317,12972
2021-04-13 10:15:00,4296.2322,4299.732,4232.7362,4232.7362,8396
2021-04-13 11:15:00,4239.7357,4242.2356,4206.7378,4234.736,3385
2021-04-13 12:15:00,4239.2358,4309.7314,4220.2369,4254.7348,5748
2021-04-13 13:15:00,4274.2336,4385.2267,4260.2345,4340.2295,8078
2021-04-13 14:15:00,4341.2294,4399.7258,4309.7314,4350.7288,8348
2021-04-13 15:15:00,4370.2276,4399.7258,4367.7277,4379.727,6192
2021-04-15 09:15:00,4439.7233,4445.7229,4269.7339,4288.2327,22491
2021-04-15 10:15:00,4279.7332,4353.7286,4251.735,4312.2312,11338
2021-04-15 11:15:00,4310.2313,4377.7271,4293.7324,4351.2288,11686
2021-04-15 12:15:00,4350.7288,4364.7279,4340.7294,4350.2288,3267
2021-04-15 13:15:00,4350.7288,4398.7258,4340.2295,4396.226,6697
2021-04-15 14:15:00,4389.2264,4398.7258,4359.7282,4382.7268,6187
2021-04-15 15:15:00,4385.2267,4399.7258,4369.7276,4393.2262,10704
2021-04-16 09:15:00,4436.2235,4479.2208,4388.7264,4432.2237,8626
2021-04-16 10:15:00,4424.7242,4439.7233,4410.2251,4419.7245,1932
2021-04-16 11:15:00,4404.7254,4432.7237,4401.7256,4401.7256,6620
2021-04-16 12:15:00,4401.7256,4424.7242,4390.2263,4424.7242,2118
2021-04-16 13:15:00,4420.7244,4470.2214,4417.2247,4422.2244,3418
2021-04-16 14:15:00,4428.224,4433.2237,4320.7307,4328.7302,8257
2021-04-16 15:15:00,4329.7301,4330.2301,4292.7324,4320.7307,7038
2021-04-19 09:15:00,4308.7314,4308.7314,3758.7657,4169.7401,31517
2021-04-19 10:15:00,4178.2396,4249.7351,4149.2414,4234.2361,9397
2021-04-19 11:15:00,4234.2361,4239.2358,4122.743,4169.2401,5955
2021-04-19 12:15:00,4169.7401,4335.7297,4169.7401,4229.7364,29275
2021-04-19 13:15:00,4229.7364,4269.7339,4214.2373,4253.7349,10825
2021-04-19 14:15:00,4253.2349,4307.7315,4239.7357,4239.7357,31345
2021-04-19 15:15:00,4228.7364,4249.2351,4160.2407,4218.737,11550
2021-04-20 09:15:00,4294.7323,4359.7282,4269.7339,4354.2286,20549
2021-04-20 10:15:00,4350.2288,4446.7228,4344.7292,4399.2258,53470
2021-04-20 11:15:00,4399.2258,4459.722,4380.227,4419.7245,19310
2021-04-20 12:15:00,4421.7244,4429.7239,4356.7284,4379.227,13239
2021-04-20 13:15:00,4379.227,4389.7264,4365.2279,4389.7264,6484
2021-04-20 14:15:00,4389.7264,4433.7236,4351.2288,4373.2274,16753
2021-04-20 15:15:00,4375.7273,4389.2264,4322.2306,4363.228,9434
2021-04-22 09:15:00,4347.229,4524.718,4305.2316,4524.718,27781
2021-04-22 10:15:00,4524.718,4618.7121,4499.2196,4599.7133,36613
2021-04-22 11:15:00,4588.714,4747.2041,4580.2145,4739.7046,48211
2021-04-22 12:15:00,4729.7052,4747.2041,4652.71,4681.7082,20675
2021-04-22 13:15:00,4683.2081,4702.2069,4659.7095,4682.2081,18759
2021-04-22 14:15:00,4684.708,4747.2041,4679.7083,4692.7075,29703
2021-04-22 15:15:00,4689.7077,4696.2073,4659.7095,4696.2073,7846
2021-04-23 09:15:00,4699.7071,4885.1955,4696.7072,4832.6988,31588
2021-04-23 10:15:00,4833.1987,4839.6983,4769.7027,4819.6996,7033
2021-04-23 11:15:00,4819.6996,4819.6996,4749.7039,4749.7039,8663
2021-04-23 12:15:00,4750.7039,4763.2031,4749.7039,4750.7039,26599
2021-04-23 13:15:00,4750.7039,4799.7008,4749.7039,4799.7008,3579
2021-04-23 14:15:00,4799.7008,4819.6996,4714.7061,4800.2008,44587
2021-04-23 15:15:00,4800.7008,4833.6987,4771.7026,4800.7008,16909
2021-04-26 09:15:00,4899.6946,4949.6915,4777.2022,4809.7002,18677
2021-04-26 10:15:00,4800.7008,4833.6987,4743.7043,4764.203,8196
2021-04-26 11:15:00,4760.7033,4849.6977,4723.2056,4797.7009,11862
2021-04-26 12:15:00,4805.2005,4805.2005,4709.7064,4772.7025,5964
2021-04-26 13:15:00,4767.2028,4829.199,4734.2049,4739.7046,11504
2021-04-26 14:15:00,4746.2042,4786.2017,4739.7046,4757.7034,5396
2021-04-26 15:15:00,4749.7039,4749.7039,4711.7063,4734.2049,5753
2021-04-27 09:15:00,4733.7049,4869.6965,4733.7049,4791.7013,27023
2021-04-27 10:15:00,4770.2027,4819.6996,4747.7041,4799.7008,15068
2021-04-27 11:15:00,4800.2008,4819.6996,4789.7014,4799.7008,5269
2021-04-27 12:15:00,4799.7008,4829.699,4799.7008,4828.199,2788
2021-04-27 13:15:00,4827.6991,4889.6952,4801.7007,4882.1957,8170
2021-04-27 14:15:00,4889.6952,4985.6892,4874.6961,4894.6949,38513
2021-04-27 15:15:00,4889.6952,4889.6952,4819.6996,4870.6964,10738
2021-04-28 09:15:00,4874.6961,4916.6935,4749.204,4795.7011,33075
2021-04-28 10:15:00,4799.7008,4824.1993,4773.7024,4823.6993,9276
2021-04-28 11:15:00,4822.6994,4841.1982,4812.2,4829.699,10044
2021-04-28 12:15:00,4832.6988,4849.6977,4829.699,4844.698,3602
2021-04-28 13:15:00,4844.698,4869.6965,4834.6986,4849.6977,9346
2021-04-28 14:15:00,4854.6974,5019.6871,4847.6978,4969.6902,52248
2021-04-28 15:15:00,4969.6902,4979.1896,4911.1939,4979.1896,5572
2021-04-29 09:15:00,4930.1927,5124.6806,4925.193,5020.1871,71271
2021-04-29 10:15:00,5020.687,5020.687,4927.6928,4970.6902,25805
2021-04-29 11:15:00,4979.6896,5049.1853,4979.6896,5046.1855,10574
2021-04-29 12:15:00,5022.187,5069.684,4999.6884,5019.6871,16973
2021-04-29 13:15:00,5019.6871,5036.1861,4997.6885,5020.1871,6323
2021-04-29 14:15:00,5026.1867,5039.6859,4979.6896,5035.1861,21480
2021-04-29 15:15:00,5029.6865,5029.6865,4990.6889,5011.6876,12617
2021-04-30 09:15:00,4969.6902,5198.176,4939.1921,5149.679,72665
2021-04-30 10:15:00,5147.1792,5239.6734,5121.6808,5121.6808,33779
2021-04-30 11:15:00,5129.6803,5174.6775,5115.6811,5130.6802,5553
2021-04-30 12:15:00,5125.6805,5199.6759,5039.6859,5074.6837,19940
2021-04-30 13:15:00,5078.1835,5189.6765,5050.6852,5079.6834,23389
2021-04-30 14:15:00,5079.6834,5149.679,5049.6852,5099.6821,16236
2021-04-30 15:15:00,5099.6821,5119.6809,5079.6834,5103.1819,10876
2021-05-03 09:15:00,5119.6809,5264.6718,5119.6809,5209.6753,48667
2021-05-03 10:15:00,5200.1759,5228.6741,5047.1854,5169.6778,36559
2021-05-03 11:15:00,5201.1758,5239.6734,5166.178,5194.6762,15594
2021-05-03 12:15:00,5205.6755,5349.6665,5158.6784,5339.1672,55165
2021-05-03 13:15:00,5339.6672,5849.6354,5283.1707,5693.6451,251005
2021-05-03 14:15:00,5696.6449,5699.6447,5569.6528,5604.6506,53817
2021-05-03 15:15:00,5608.6504,5608.6504,5510.6565,5570.1528,32293
2021-05-04 09:15:00,5651.1478,5814.1376,5510.6565,5579.6522,94984
2021-05-04 10:15:00,5579.6522,5739.6422,5486.158,5721.6434,45314
2021-05-04 11:15:00,5735.6425,5779.6397,5708.6442,5759.641,47609
2021-05-04 12:15:00,5749.6416,5769.1404,5630.1491,5667.1468,37608
2021-05-04 13:15:00,5649.6478,5712.6439,5631.649,5674.1463,15658
2021-05-04 14:15:00,5674.6463,5679.146,5510.6565,5529.6553,25205
2021-05-04 15:15:00,5520.1559,5679.646,5500.6571,5535.655,15278
2021-05-05 09:15:00,5593.6513,5672.1464,5549.6541,5619.6497,31379
2021-05-05 10:15:00,5619.6497,5640.1484,5596.6511,5620.1497,8189
2021-05-05 11:15:00,5620.1497,5633.6488,5590.6515,5619.6497,16325
2021-05-05 12:15:00,5612.1502,5639.6485,5603.6507,5612.6502,6719
2021-05-05 13:15:00,5603.6507,5631.149,5587.6517,5588.1517,6803
2021-05-05 14:15:00,5588.1517,5940.1297,5588.1517,5846.6356,173747
2021-05-05 15:15:00,5849.1354,5849.6354,5810.6378,5847.1355,21375
2021-05-06 09:15:00,5909.6316,6138.6174,5835.6363,5919.631,143011
2021-05-06 10:15:00,5932.6302,6009.6254,5909.6316,5993.1264,25869
2021-05-06 11:15:00,5980.6272,5992.1265,5849.6354,5862.6346,14877
2021-05-06 12:15:00,5857.1349,5899.6323,5839.636,5879.6335,12435
2021-05-06 13:15:00,5886.1331,5889.6329,5809.6379,5850.1353,15324
2021-05-06 14:15:00,5847.6355,5937.1299,5799.6385,5889.6329,47358
2021-05-06 15:15:00,5889.6329,5919.631,5850.1353,5889.1329,21844
2021-05-07 09:15:00,5928.6305,6046.1231,5889.1329,5949.6291,31542
2021-05-07 10:15:00,5937.6299,5939.6298,5750.6415,5788.1392,26723
2021-05-07 11:15:00,5775.14,5779.6397,5689.6454,5741.6421,46168
2021-05-07 12:15:00,5749.6416,5809.6379,5738.6423,5753.1414,13016
2021-05-07 13:15:00,5751.1415,5829.6366,5746.1418,5793.1389,9494
2021-05-07 14:15:00,5799.6385,5859.6348,5760.141,5779.6397,21781
2021-05-07 15:15:00,5771.6402,5819.6372,5771.6402,5789.1392,14037
2021-05-10 09:15:00,5899.6323,5979.6273,5837.1362,5899.6323,50139
2021-05-10 10:15:00,5899.6323,5939.6298,5864.6344,5925.6306,13750
2021-05-10 11:15:00,5920.131,5933.1302,5879.6335,5929.1304,11237
2021-05-10 12:15:00,5924.6307,5929.6304,5899.6323,5900.1322,10337
2021-05-10 13:15:00,5913.6314,5913.6314,5859.6348,5891.1328,14542
2021-05-10 14:15:00,5891.1328,5899.6323,5829.6366,5849.6354,26036
2021-05-10 15:15:00,5849.1354,5869.6341,5800.1385,5844.1357,10136
2021-05-11 09:15:00,5752.6414,5816.1375,5609.1504,5773.6401,39532
2021-05-11 10:15:00,5759.141,5779.6397,5694.645,5748.6417,43613
2021-05-11 11:15:00,5748.6417,5756.1412,5715.1438,5736.6424,9237
2021-05-11 12:15:00,5739.1423,5789.6391,5720.1435,5742.1421,17936
2021-05-11 13:15:00,5734.6425,5734.6425,5696.1449,5697.6449,9191
2021-05-11 14:15:00,5699.1448,5699.6447,5609.1504,5619.1497,26900
2021-05-11 15:15:00,5611.1502,5642.1483,5610.1503,5629.1491,7474
2021-05-12 09:15:00,5659.6472,5818.6373,5579.6522,5749.1416,49148
2021-05-12 10:15:00,5750.1416,5762.1408,5657.6473,5664.6469,27230
2021-05-12 11:15:00,5660.1472,5691.6452,5613.6501,5627.1492,13398
2021-05-12 12:15:00,5621.1496,5699.6447,5614.65,5669.6466,10041
2021-05-12 13:15:00,5669.6466,5699.6447,5650.6478,5691.6452,21840
2021-05-12 14:15:00,5692.6452,5696.6449,5632.6489,5639.6485,34563
2021-05-12 15:15:00,5639.6485,5662.1471,5624.6494,5650.6478,15045
2021-05-14 09:15:00,5680.1459,5739.6422,5450.1603,5511.6564,37953
2021-05-14 10:15:00,5511.6564,5517.6561,5399.6634,5419.6622,31629
2021-05-14 11:15:00,5426.6617,5439.161,5217.6748,5239.1734,34657
2021-05-14 12:15:00,5239.6734,5349.6665,5239.1734,5338.6672,20613
2021-05-14 13:15:00,5338.6672,5338.6672,5258.6722,5291.6702,8244
2021-05-14 14:15:00,5285.6705,5328.6679,5271.1714,5299.6697,5624
2021-05-14 15:15:00,5301.6695,5312.6688,5289.1703,5301.6695,3989
2021-05-17 09:15:00,5368.6654,5368.6654,5119.6809,5254.6725,30591
2021-05-17 10:15:00,5259.6722,5302.1695,5179.6771,5214.675,56924
2021-05-17 11:15:00,5209.6753,5261.672,5179.6771,5245.1731,22228
2021-05-17 12:15:00,5244.6731,5279.6709,5244.6731,5259.6722,8604
2021-05-17 13:15:00,5258.6722,5339.6672,5249.6728,5339.6672,22000
2021-05-17 14:15:00,5355.1662,5479.6584,5321.1683,5409.6628,24787
2021-05-17 15:15:00,5409.6628,5514.6563,5387.6642,5432.6614,10851
2021-05-18 09:15:00,5523.1557,5623.6495,5414.6625,5438.161,29693
2021-05-18 10:15:00,5431.6614,5431.6614,5374.665,5379.6647,17472
2021-05-18 11:15:00,5379.6647,5398.6635,5343.6669,5362.1658,17457
2021-05-18 12:15:00,5363.6657,5394.1638,5289.6703,5339.6672,11596
2021-05-18 13:15:00,5344.6669,5348.6666,5287.1704,5304.6693,11705
2021-05-18 14:15:00,5313.1688,5332.6676,5279.6709,5287.1704,11660
2021-05-18 15:15:00,5288.1704,5299.6697,5279.6709,5293.67,5983
2021-05-19 09:15:00,5318.6685,5419.6622,5299.6697,5383.1645,21438
2021-05-19 10:15:00,5383.1645,5383.1645,5343.6669,5359.6659,5457
2021-05-19 11:15:00,5359.166,5359.166,5270.6715,5339.6672,18814
2021-05-19 12:15:00,5339.6672,5341.1671,5259.1722,5298.6697,23121
2021-05-19 13:15:00,5297.1698,5297.1698,5229.1741,5229.674,18561
2021-05-19 14:15:00,5229.674,5245.673,5187.1767,5239.6734,37592
2021-05-19 15:15:00,5239.6734,5239.6734,5187.6766,5214.675,9044
2021-05-20 09:15:00,5229.674,5266.6717,5062.1845,5149.679,32904
2021-05-20 10:15:00,5145.1793,5168.6778,5131.1802,5154.6787,9703
2021-05-20 11:15:00,5165.678,5192.1764,5139.6796,5189.6765,8821
2021-05-20 12:15:00,5184.6768,5189.6765,5134.6799,5149.679,5820
2021-05-20 13:15:00,5152.1789,5159.6784,5129.6803,5140.6796,10940
2021-05-20 14:15:00,5144.6793,5168.1779,5129.6803,5129.6803,9898
2021-05-20 15:15:00,5127.1804,5138.6797,5099.6821,5114.6812,10563
2021-05-21 09:15:00,5159.6784,5280.1709,5159.1784,5232.6738,17844
2021-05-21 10:15:00,5227.6741,5395.6637,5225.6743,5321.1683,66338
2021-05-21 11:15:00,5317.1686,5349.6665,5184.6768,5234.6737,35340
2021-05-21 12:15:00,5237.1736,5295.6699,5228.6741,5270.1715,5467
2021-05-21 13:15:00,5269.6715,5278.671,5250.6727,5273.6713,5880
2021-05-21 14:15:00,5273.6713,5363.1657,5272.1714,5347.6667,27098
2021-05-21 15:15:00,5347.6667,5369.6653,5308.1691,5340.1671,21696
2021-05-24 09:15:00,5552.6539,5552.6539,5335.1674,5399.6634,104849
2021-05-24 10:15:00,5406.663,5469.6591,5399.6634,5460.1597,30597
2021-05-24 11:15:00,5469.6591,5479.6584,5410.1628,5414.6625,15269
2021-05-24 12:15:00,5409.6628,5497.6573,5409.6628,5464.6594,19304
2021-05-24 13:15:00,5464.6594,5496.1574,5453.1601,5457.6598,8328
2021-05-24 14:15:00,5457.6598,5474.1588,5409.6628,5439.6609,14162
2021-05-24 15:15:00,5439.161,5459.6597,5430.6615,5440.1609,10221
2021-05-25 09:15:00,5519.6559,5547.6542,5399.6634,5449.6603,44039
2021-05-25 10:15:00,5449.1603,5479.6584,5415.6624,5465.6593,17050
2021-05-25 11:15:00,5455.16,5469.6591,5442.1608,5449.6603,3883
2021-05-25 12:15:00,5449.6603,5489.6578,5441.1608,5476.1587,13918
2021-05-25 13:15:00,5479.6584,5489.6578,5399.6634,5404.6631,10951
2021-05-25 14:15:00,5409.1628,5449.6603,5405.1631,5420.6621,9054
2021-05-25 15:15:00,5432.1614,5447.6604,5384.6644,5411.1627,10284
2021-05-26 09:15:00,5438.661,5539.6547,5348.6666,5351.6664,35014
2021-05-26 10:15:00,5347.1667,5362.1658,5346.6667,5359.6659,7877
2021-05-26 11:15:00,5359.166,5373.665,5344.6669,5352.1664,9587
2021-05-26 12:15:00,5352.1664,5369.6653,5279.6709,5297.1698,13104
2021-05-26 13:15:00,5299.6697,5299.6697,5179.6771,5248.1729,27760
2021-05-26 14:15:00,5247.6729,5299.1697,5210.1752,5279.6709,11616
2021-05-26 15:15:00,5279.6709,5281.6708,5220.1746,5259.1722,8304
2021-05-27 09:15:00,5110.1815,5280.1709,5059.6846,5236.6736,24414
2021-05-27 10:15:00,5239.1734,5241.1733,5193.1763,5241.1733,9652
2021-05-27 11:15:00,5249.6728,5249.6728,5213.1751,5229.1741,6326
2021-05-27 12:15:00,5229.1741,5249.6728,5215.1749,5249.6728,13746
2021-05-27 13:15:00,5249.6728,5249.6728,5219.6746,5226.1742,5308
2021-05-27 14:15:00,5227.1742,5249.6728,5181.177,5198.676,15892
2021-05-27 15:15:00,5195.6761,5199.6759,5190.6765,5196.6761,12113
2021-05-28 09:15:00,5256.6723,5414.6625,5256.6723,5279.6709,45643
2021-05-28 10:15:00,5279.6709,5287.1704,5265.1718,5285.1706,8709
2021-05-28 11:15:00,5284.6706,5319.1684,5259.6722,5259.6722,7211
2021-05-28 12:15:00,5257.1723,5308.6691,5257.1723,5270.6715,3538
2021-05-28 13:15:00,5270.6715,5297.6698,5190.1765,5199.6759,16405
2021-05-28 14:15:00,5198.176,5239.6734,5173.1775,5212.1751,10350
2021-05-28 15:15:00,5214.675,5219.6746,5155.1787,5169.1778,7585
2021-05-31 09:15:00,5228.6741,5253.1726,5179.6771,5215.6749,14184
2021-05-31 10:15:00,5215.6749,5219.1747,5179.6771,5179.6771,7983
2021-05-31 11:15:00,5179.6771,5214.675,5139.6796,5209.6753,12786
2021-05-31 12:15:00,5209.6753,5209.6753,5130.1802,5185.6768,4601
2021-05-31 13:15:00,5180.6771,5209.6753,5140.1796,5189.6765,4538
2021-05-31 14:15:00,5189.6765,5199.6759,5144.6793,5166.178,5915
2021-05-31 15:15:00,5169.1778,5170.1777,5139.6796,5163.1782,6779
2021-06-01 09:15:00,5208.6753,5208.6753,5121.1808,5129.6803,12636
2021-06-01 10:15:00,5119.1809,5119.1809,5049.6852,5059.1846,15447
2021-06-01 11:15:00,5059.1846,5059.1846,4961.1908,5024.1868,14108
2021-06-01 12:15:00,5020.687,5059.6846,5019.6871,5058.6847,10894
2021-06-01 13:15:00,5055.1849,5079.6834,5053.185,5070.184,5711
2021-06-01 14:15:00,5078.6834,5097.1823,5070.6839,5073.6837,6023
2021-06-01 15:15:00,5071.1839,5072.1838,5003.6881,5041.6857,9794
2021-06-02 09:15:00,5048.6853,5249.6728,5025.1868,5246.173,26784
2021-06-02 10:15:00,5241.6733,5393.6638,5187.1767,5371.6652,50975
2021-06-02 11:15:00,5366.1655,5372.6651,5285.6705,5359.6659,26301
2021-06-02 12:15:00,5355.6662,5367.6654,5300.1696,5314.1688,22173
2021-06-02 13:15:00,5309.669,5379.6647,5306.6692,5359.6659,11244
2021-06-02 14:15:00,5359.6659,5397.6636,5342.167,5394.1638,21344
2021-06-02 15:15:00,5397.6636,5397.6636,5345.6668,5378.6647,16184
2021-06-03 09:15:00,5399.6634,5428.6616,5351.6664,5367.6654,27864
2021-06-03 10:15:00,5367.6654,5367.6654,5303.6694,5347.6667,13201
2021-06-03 11:15:00,5347.6667,5365.6655,5332.6676,5332.6676,9574
2021-06-03 12:15:00,5338.6672,5397.6636,5333.6675,5337.6673,11963
2021-06-03 13:15:00,5338.1673,5358.166,5309.669,5324.6681,7446
2021-06-03 14:15:00,5323.6682,5363.6657,5300.6696,5345.1668,13224
2021-06-03 15:15:00,5346.6667,5349.6665,5309.669,5334.6675,5137
2021-06-04 09:15:00,5349.6665,5369.6653,5279.6709,5343.6669,23176
2021-06-04 10:15:00,5344.1669,5379.6647,5334.1675,5379.6647,17476
2021-06-04 11:15:00,5379.6647,5379.6647,5333.1676,5349.6665,18745
2021-06-04 12:15:00,5349.6665,5349.6665,5294.67,5320.6684,8193
2021-06-04 13:15:00,5325.1681,5329.6678,5288.6703,5310.669,16147
2021-06-04 14:15:00,5311.1689,5349.6665,5309.669,5329.1678,24006
2021-06-04 15:15:00,5329.1678,5349.6665,5326.668,5334.1675,7462
2021-06-07 09:15:00,5339.6672,5362.1658,5292.1701,5338.6672,41643
2021-06-07 10:15:00,5337.1673,5385.1643,5337.1673,5340.1671,21424
2021-06-07 11:15:00,5339.6672,5374.165,5312.6688,5348.6666,8466
2021-06-07 12:15:00,5347.6667,5349.1666,5303.6694,5322.6682,8042
2021-06-07 13:15:00,5322.6682,5327.1679,5314.6687,5320.1684,2973
2021-06-07 14:15:00,5326.668,5369.6653,5317.1686,5349.6665,16862
2021-06-07 15:15:00,5344.6669,5349.6665,5319.6684,5339.1672,15750
2021-06-08 09:15:00,5309.669,5463.1595,5309.669,5349.6665,30309
2021-06-08 10:15:00,5349.6665,5367.6654,5324.1681,5349.6665,5762
2021-06-08 11:15:00,5341.1671,5367.6654,5341.1671,5365.6655,3708
2021-06-08 12:15:00,5367.6654,5449.6603,5362.1658,5449.1603,36943
2021-06-08 13:15:00,5449.1603,5449.1603,5399.6634,5429.6616,6492
2021-06-08 14:15:00,5425.1618,5433.6613,5379.1647,5431.6614,14388
2021-06-08 15:15:00,5449.6603,5449.6603,5379.6647,5406.663,7336
2021-06-09 09:15:00,5437.6611,5479.6584,5392.1639,5458.6597,23319
2021-06-09 10:15:00,5456.6599,5539.6547,5447.1605,5499.6572,43866
2021-06-09 11:15:00,5499.6572,5539.6547,5498.1573,5517.1561,19560
2021-06-09 12:15:00,5517.1561,5517.1561,5420.6621,5420.6621,13382
2021-06-09 13:15:00,5420.6621,5448.6604,5376.1649,5431.6614,18814
2021-06-09 14:15:00,5431.6614,5471.6589,5280.6708,5419.6622,23904
2021-06-09 15:15:00,5420.1621,5422.662,5359.6659,5397.6636,7599
2021-06-10 09:15:00,5494.6575,5739.6422,5414.6625,5651.6477,344182
2021-06-10 10:15:00,5651.6477,5788.6392,5649.6478,5687.1455,116497
2021-06-10 11:15:00,5689.6454,5719.6435,5661.6471,5677.1461,21825
2021-06-10 12:15:00,5679.646,5681.6459,5586.6518,5619.6497,22838
2021-06-10 13:15:00,5619.6497,5679.646,5619.1497,5669.1466,15183
2021-06-10 14:15:00,5669.1466,5774.1401,5633.6488,5669.1466,115194
2021-06-10 15:15:00,5669.1466,5744.142,5667.6467,5702.6445,33892
2021-06-11 09:15:00,5746.6418,5899.6323,5702.6445,5841.6359,118446
2021-06-11 10:15:00,5843.6358,5849.1354,5720.1435,5736.6424,25647
2021-06-11 11:15:00,5738.1423,5824.6369,5732.1427,5769.6404,25424
2021-06-11 12:15:00,5767.6405,5807.138,5739.6422,5785.1394,13754
2021-06-11 13:15:00,5785.1394,5849.6354,5784.6394,5799.6385,16214
2021-06-11 14:15:00,5803.1383,6488.5956,5802.1383,6308.6068,475714
2021-06-11 15:15:00,6309.1067,6399.6011,6239.1111,6271.1091,137869
2021-06-14 09:15:00,6378.6024,6752.0791,6164.6157,6726.5807,414087
2021-06-14 10:15:00,6744.0796,6759.5787,6471.0966,6524.5933,132124
2021-06-14 11:15:00,6527.0932,6692.0829,6503.0946,6692.0829,57695
2021-06-14 12:15:00,6698.5825,6909.5693,6639.0862,6880.0711,221052
2021-06-14 13:15:00,6879.5712,6914.569,6749.5793,6843.0735,78765
2021-06-14 14:15:00,6839.5737,7076.5589,6809.5755,7014.5628,305750
2021-06-14 15:15:00,7014.5628,7269.5469,7014.5628,7122.556,208412
2021-06-15 09:15:00,7279.0463,7475.534,6968.0657,7149.5544,320155
2021-06-15 10:15:00,7170.0531,7194.5515,6914.569,7009.5631,82521
2021-06-15 11:15:00,7014.0628,7049.5606,6949.5668,7024.0622,23894
2021-06-15 12:15:00,7024.5621,7024.5621,6899.5699,6949.5668,32088
2021-06-15 13:15:00,6946.067,6986.0645,6779.5774,6902.0698,45478
2021-06-15 14:15:00,6908.5694,6939.5674,6780.5774,6836.0739,44005
2021-06-15 15:15:00,6836.0739,6859.5724,6779.5774,6823.0747,23688
2021-06-16 09:15:00,6879.5712,6981.5648,6639.5861,6724.5808,90919
2021-06-16 10:15:00,6710.0817,6717.0813,6570.0905,6701.0823,34112
2021-06-16 11:15:00,6701.0823,6849.5731,6698.0825,6827.0745,21327
2021-06-16 12:15:00,6824.0746,6849.5731,6738.08,6784.0771,12660
2021-06-16 13:15:00,6784.0771,6849.5731,6725.5808,6848.0731,16831
2021-06-16 14:15:00,6834.574,6848.5731,6651.0854,6657.085,26476
2021-06-16 15:15:00,6663.0847,6672.0841,6589.5893,6650.0855,20508
2021-06-17 09:15:00,6549.5917,6886.5707,6449.598,6794.0765,54884
2021-06-17 10:15:00,6794.0765,6809.0756,6661.5848,6779.5774,21603
2021-06-17 11:15:00,6779.5774,6779.5774,6619.5874,6649.0855,10336
2021-06-17 12:15:00,6649.0855,6727.5807,6609.588,6680.5836,9786
2021-06-17 13:15:00,6664.5846,6727.5807,6539.5924,6557.5913,16759
2021-06-17 14:15:00,6559.5911,6599.5886,6500.5948,6531.5929,17321
2021-06-17 15:15:00,6529.593,6559.5911,6501.0948,6537.0925,12429
2021-06-18 09:15:00,6558.5912,6779.5774,6299.6073,6379.6023,55298
2021-06-18 10:15:00,6379.1024,6379.6023,6125.6182,6235.1114,41934
2021-06-18 11:15:00,6235.6113,6334.1052,6209.6129,6267.1094,16032
2021-06-18 12:15:00,6266.6094,6332.6053,6219.6123,6269.1092,9366
2021-06-18 13:15:00,6281.1085,6382.1022,6262.6096,6349.6042,9548
2021-06-18 14:15:00,6339.6048,6396.1013,6250.1104,6290.1079,20342
2021-06-18 15:15:00,6299.6073,6358.1037,6292.1078,6300.6073,12138
2021-06-21 09:15:00,6001.1259,6259.1099,5985.6269,6239.6111,19396
2021-06-21 10:15:00,6239.6111,6539.5924,6100.1198,6539.5924,15235
2021-06-21 11:15:00,6519.5936,6615.5876,6469.5967,6529.093,13547
2021-06-21 12:15:00,6529.093,6615.5876,6509.5942,6609.588,3925
2021-06-21 13:15:00,6540.0923,6609.588,6540.0923,6602.0885,3384
2021-06-21 14:15:00,6602.0885,6613.0878,6449.598,6469.5967,13409
2021-06-21 15:15:00,6469.5967,6578.5899,6329.6055,6468.5968,4358
2021-06-22 09:15:00,6686.5832,6686.5832,6450.5979,6569.5905,13577
2021-06-22 10:15:00,6569.5905,6590.5892,6459.5974,6499.5949,7182
2021-06-22 11:15:00,6499.5949,6669.0843,6459.5974,6668.5843,18220
2021-06-22 12:15:00,6668.5843,6748.5793,6639.5861,6699.5824,12876
2021-06-22 13:15:00,6699.5824,6791.5767,6649.5855,6751.0792,24695
2021-06-22 14:15:00,6791.5767,6791.5767,6749.5793,6791.5767,9556
2021-06-22 15:15:00,6791.5767,6791.5767,6791.5767,6791.5767,546
2021-06-23 09:15:00,6829.5743,6888.5706,6599.5886,6609.588,9487
2021-06-23 10:15:00,6664.5846,6749.5793,6499.5949,6649.5855,6415
2021-06-23 11:15:00,6739.5799,6739.5799,6569.5905,6699.5824,3275
2021-06-23 12:15:00,6649.5855,6729.5805,6614.5877,6729.5805,1904
2021-06-23 13:15:00,6729.5805,6729.5805,6553.0915,6553.0915,7461
2021-06-23 14:15:00,6564.5908,6669.0843,6460.5973,6500.0948,16433
2021-06-23 15:15:00,6594.5889,6637.5863,6479.5961,6535.5926,1587
2021-06-24 09:15:00,6639.5861,6735.5802,6421.5997,6482.096,7612
2021-06-24 10:15:00,6499.5949,6539.5924,6419.5999,6499.5949,5243
2021-06-24 11:15:00,6429.5992,6509.5942,6379.6023,6509.0943,3867
2021-06-24 12:15:00,6469.5967,6589.5893,6469.5967,6480.5961,1029
2021-06-24 13:15:00,6480.5961,6559.5911,6449.598,6449.598,1227
2021-06-24 14:15:00,6449.598,6499.0949,6330.1054,6479.5961,3756
2021-06-24 15:15:00,6419.5999,6489.5955,6349.6042,6404.1008,1779
2021-06-25 09:15:00,6548.0918,6724.0809,6521.5935,6599.5886,23635
2021-06-25 10:15:00,6600.5886,6649.5855,6521.5935,6618.5874,4314
2021-06-25 11:15:00,6618.5874,6618.5874,6521.5935,6529.593,4963
2021-06-25 12:15:00,6529.593,6599.5886,6509.5942,6599.5886,1804
2021-06-25 13:15:00,6594.5889,6599.5886,6451.0979,6451.0979,3455
2021-06-25 14:15:00,6539.5924,6589.5893,6459.5974,6569.5905,2404
2021-06-25 15:15:00,6549.5917,6589.5893,6479.5961,6516.0938,1784
2021-06-28 09:15:00,6639.5861,6649.5855,6499.5949,6599.0887,8344
2021-06-28 10:15:00,6599.5886,6649.5855,6485.0958,6649.5855,9988
2021-06-28 11:15:00,6519.5936,6599.5886,6519.5936,6520.5936,4529
2021-06-28 12:15:00,6520.5936,6549.5917,6489.5955,6499.5949,6337
2021-06-28 13:15:00,6499.5949,6549.5917,6489.5955,6509.5942,2029
2021-06-28 14:15:00,6509.5942,6549.5917,6489.5955,6489.5955,3421
2021-06-28 15:15:00,6489.5955,6499.5949,6466.097,6491.5954,3363
2021-06-29 09:15:00,6548.5918,6599.0887,6419.5999,6419.5999,5891
2021-06-29 10:15:00,6489.5955,6489.5955,6410.6004,6489.5955,3355
2021-06-29 11:15:00,6489.5955,6489.5955,6429.5992,6489.5955,378
2021-06-29 12:15:00,6489.5955,6489.5955,6410.1004,6489.5955,2180
2021-06-29 13:15:00,6410.1004,6489.5955,6410.1004,6479.5961,1903
2021-06-29 14:15:00,6485.5957,6569.0905,6414.6002,6549.5917,3179
2021-06-29 15:15:00,6449.598,6504.5946,6425.5995,6481.096,353
2021-06-30 09:15:00,6499.5949,6569.0905,6299.6073,6419.5999,12257
2021-06-30 10:15:00,6419.5999,6419.5999,6349.6042,6419.5999,5038
2021-06-30 11:15:00,6389.6017,6399.6011,6329.6055,6398.6012,3772
2021-06-30 12:15:00,6389.6017,6449.598,6324.6058,6324.6058,3467
2021-06-30 13:15:00,6379.6023,6419.5999,6199.6136,6349.6042,17505
2021-06-30 14:15:00,6199.6136,6299.6073,6157.1162,6247.6106,32305
2021-06-30 15:15:00,6247.6106,6269.6092,6230.6116,6247.6106,2477
2021-07-01 09:15:00,6247.6106,6339.1049,6189.6142,6189.6142,8156
2021-07-01 10:15:00,6179.6148,6262.6096,6179.6148,6262.6096,14005
2021-07-01 11:15:00,6262.6096,6426.5994,6262.6096,6359.6036,11534
2021-07-01 12:15:00,6399.6011,6449.598,6350.1042,6350.1042,4345
2021-07-01 13:15:00,6397.6012,6448.0981,6350.1042,6448.0981,2527
2021-07-01 14:15:00,6354.6039,6488.5956,6354.6039,6459.5974,6013
2021-07-01 15:15:00,6430.5992,6478.5962,6429.5992,6443.0984,1554
2021-07-02 09:15:00,6449.598,6549.5917,6443.0984,6498.5949,9553
2021-07-02 10:15:00,6479.5961,6498.5949,6350.1042,6350.6042,3000
2021-07-02 11:15:00,6469.5967,6469.5967,6333.6052,6350.6042,941
2021-07-02 12:15:00,6439.5986,6479.0961,6354.6039,6361.1035,2620
2021-07-02 13:15:00,6448.598,6479.0961,6361.1035,6379.6023,6187
2021-07-02 14:15:00,6379.6023,6534.0927,6339.6048,6359.6036,10125
2021-07-02 15:15:00,6354.6039,6434.5989,6334.6051,6378.1024,3014
2021-07-05 09:15:00,6419.5999,6619.5874,6419.5999,6612.5878,26267
2021-07-05 10:15:00,6612.5878,6649.5855,6520.5936,6619.5874,12657
2021-07-05 11:15:00,6619.5874,6648.5856,6540.0923,6579.0899,3013
2021-07-05 12:15:00,6549.5917,6609.588,6539.5924,6599.5886,3809
2021-07-05 13:15:00,6609.588,6629.5868,6539.5924,6559.5911,3586
2021-07-05 14:15:00,6559.5911,6578.5899,6509.5942,6509.5942,3879
2021-07-05 15:15:00,6549.0918,6549.5917,6509.5942,6538.5924,835
2021-07-06 09:15:00,6609.588,6639.5861,6430.5992,6449.598,10368
2021-07-06 10:15:00,6435.0989,6579.5899,6431.0991,6500.5948,3281
2021-07-06 11:15:00,6500.5948,6518.5937,6459.5974,6499.0949,1151
2021-07-06 12:15:00,6499.0949,6499.5949,6449.598,6449.598,5545
2021-07-06 13:15:00,6440.5985,6499.5949,6429.5992,6439.5986,2376
2021-07-06 14:15:00,6485.5957,6485.5957,6369.603,6379.6023,6391
2021-07-06 15:15:00,6372.6028,6399.6011,6372.1028,6398.6012,2864
2021-07-07 09:15:00,6459.5974,6539.5924,6380.1023,6399.6011,1523
2021-07-07 10:15:00,6381.6022,6411.6004,6349.6042,6359.6036,1856
2021-07-07 11:15:00,6359.6036,6399.6011,6350.6042,6359.6036,3996
2021-07-07 12:15:00,6390.1017,6396.6013,6319.6061,6389.6017,2173
2021-07-07 13:15:00,6396.1013,6499.5949,6396.1013,6489.5955,4973
2021-07-07 14:15:00,6489.5955,6653.5853,6459.5974,6579.5899,30168
2021-07-07 15:15:00,6579.5899,6659.5849,6579.5899,6609.088,5457
2021-07-08 09:15:00,6520.5936,6749.5793,6349.6042,6520.5936,16489
2021-07-08 10:15:00,6559.5911,6637.0863,6519.5936,6615.5876,8071
2021-07-08 11:15:00,6519.5936,6615.5876,6519.5936,6549.5917,1062
2021-07-08 12:15:00,6613.5878,6613.5878,6459.5974,6529.593,2254
2021-07-08 13:15:00,6529.593,6587.5894,6476.5963,6476.5963,2790
2021-07-08 14:15:00,6499.5949,6578.5899,6389.6017,6538.5924,7258
2021-07-08 15:15:00,6529.593,6529.593,6419.5999,6482.5959,2174
2021-07-09 09:15:00,6449.598,6517.5937,6399.6011,6499.5949,2826
2021-07-09 10:15:00,6492.5953,6518.5937,6399.6011,6419.0999,2846
2021-07-09 11:15:00,6419.0999,6498.5949,6419.0999,6489.5955,1373
2021-07-09 12:15:00,6459.5974,6629.5868,6459.5974,6594.5889,7847
2021-07-09 13:15:00,6549.5917,6549.5917,6479.5961,6549.5917,4727
2021-07-09 14:15:00,6499.5949,6559.5911,6479.5961,6479.5961,7148
2021-07-09 15:15:00,6479.5961,6499.5949,6460.5973,6475.5964,5330
2021-07-12 09:15:00,6619.0874,6619.0874,6459.5974,6499.5949,9629
2021-07-12 10:15:00,6567.5906,6567.5906,6469.5967,6479.5961,3670
2021-07-12 11:15:00,6479.5961,6499.5949,6460.5973,6461.5972,3276
2021-07-12 12:15:00,6499.5949,6509.5942,6459.5974,6465.597,1559
2021-07-12 13:15:00,6464.597,6509.0943,6351.1041,6385.102,4597
2021-07-12 14:15:00,6399.6011,6459.5974,6385.102,6449.598,3159
2021-07-12 15:15:00,6380.1023,6449.598,6380.1023,6423.0996,1225
2021-07-13 09:15:00,6547.5919,6547.5919,6369.603,6524.5933,4597
2021-07-13 10:15:00,6499.5949,6499.5949,6429.5992,6479.5961,2673
2021-07-13 11:15:00,6479.5961,6499.5949,6449.598,6480.5961,2159
2021-07-13 12:15:00,6463.0971,6480.5961,6463.0971,6479.5961,416
2021-07-13 13:15:00,6464.597,6508.5943,6464.597,6498.5949,4535
2021-07-13 14:15:00,6498.5949,6499.5949,6462.0972,6469.5967,2813
2021-07-13 15:15:00,6489.0955,6499.5949,6450.5979,6472.0966,3437
2021-07-14 09:15:00,6472.0966,6549.5917,6369.603,6434.5989,8726
2021-07-14 10:15:00,6449.598,6498.5949,6429.5992,6439.5986,2413
2021-07-14 11:15:00,6439.5986,6498.5949,6429.5992,6496.5951,2100
2021-07-14 12:15:00,6449.598,6487.5956,6419.5999,6449.598,1906
2021-07-14 13:15:00,6449.598,6479.5961,6360.6035,6399.6011,3832
2021-07-14 14:15:00,6449.598,6498.5949,6360.6035,6431.0991,4816
2021-07-14 15:15:00,6449.598,6449.598,6399.6011,6420.5998,849
2021-07-15 09:15:00,6498.5949,6549.5917,6430.0992,6492.5953,17611
2021-07-15 10:15:00,6492.5953,6492.5953,6429.5992,6431.0991,3494
2021-07-15 11:15:00,6486.5957,6499.5949,6431.0991,6449.598,2354
2021-07-15 12:15:00,6479.5961,6489.0955,6440.5985,6486.5957,581
2021-07-15 13:15:00,6486.5957,6486.5957,6419.5999,6485.0958,3025
2021-07-15 14:15:00,6439.5986,6485.0958,6439.5986,6450.5979,2087
2021-07-15 15:15:00,6469.5967,6475.0964,6449.598,6462.0972,2233
2021-07-16 09:15:00,6528.5931,6550.5917,6459.5974,6544.5921,10209
2021-07-16 10:15:00,6538.5924,6538.5924,6472.0966,6529.593,2289
2021-07-16 11:15:00,6528.5931,6528.5931,6465.597,6480.5961,6337
2021-07-16 12:15:00,6499.5949,6499.5949,6470.5967,6499.5949,2566
2021-07-16 13:15:00,6470.5967,6519.5936,6466.097,6466.097,3009
2021-07-16 14:15:00,6466.097,6499.5949,6449.598,6452.0978,2850
2021-07-16 15:15:00,6452.5978,6509.5942,6445.0983,6461.0973,5975
2021-07-19 09:15:00,6499.0949,6579.5899,6470.0967,6499.5949,7515
2021-07-19 10:15:00,6494.5952,6499.5949,6400.601,6449.598,7316
2021-07-19 11:15:00,6429.5992,6499.5949,6429.5992,6469.5967,2679
2021-07-19 12:15:00,6499.5949,6499.5949,6469.5967,6470.0967,6469
2021-07-19 13:15:00,6479.5961,6499.5949,6431.0991,6499.5949,7508
2021-07-19 14:15:00,6499.5949,6519.5936,6431.0991,6479.5961,8559
2021-07-19 15:15:00,6479.5961,6549.5917,6448.598,6489.0955,3813
2021-07-20 09:15:00,6489.5955,6579.5899,6450.098,6499.5949,21730
2021-07-20 10:15:00,6469.5967,6499.5949,6224.612,6289.608,12975
2021-07-20 11:15:00,6249.6104,6429.5992,6249.6104,6349.6042,7934
2021-07-20 12:15:00,6349.6042,6419.5999,6329.6055,6389.6017,3174
2021-07-20 13:15:00,6389.6017,6389.6017,6289.608,6309.6067,4724
2021-07-20 14:15:00,6349.6042,6399.6011,6259.6098,6299.6073,2605
2021-07-20 15:15:00,6299.6073,6474.5964,6299.6073,6359.6036,1408
2021-07-22 09:15:00,6376.6025,6489.5955,6376.6025,6489.5955,6050
2021-07-22 10:15:00,6454.5977,6519.5936,6454.5977,6499.5949,10233
2021-07-22 11:15:00,6499.5949,6559.5911,6449.598,6559.5911,12536
2021-07-22 12:15:00,6569.5905,6677.5838,6539.5924,6677.5838,23020
2021-07-22 13:15:00,6677.5838,6677.5838,6677.5838,6677.5838,2234
2021-07-22 14:15:00,6677.5838,6677.5838,6677.5838,6677.5838,2440
2021-07-22 15:15:00,6677.5838,6677.5838,6677.5838,6677.5838,214
2021-07-23 09:15:00,6969.5656,7011.063,6949.5668,7011.063,19969
2021-07-23 10:15:00,7011.063,7011.063,7011.063,7011.063,2567
2021-07-23 11:15:00,7011.063,7011.063,7011.063,7011.063,1382
2021-07-23 12:15:00,7011.063,7011.063,7011.063,7011.063,649
2021-07-23 13:15:00,7011.063,7011.063,7011.063,7011.063,756
2021-07-23 14:15:00,7011.063,7011.063,7011.063,7011.063,828
2021-07-23 15:15:00,7011.063,7011.063,7011.063,7011.063,800
2021-07-26 09:15:00,7361.5411,7361.5411,7099.5575,7289.5456,80512
2021-07-26 10:15:00,7289.5456,7358.5413,7099.5575,7249.5481,27819
2021-07-26 11:15:00,7289.5456,7356.0415,7149.5544,7199.5512,18606
2021-07-26 12:15:00,7199.5512,7275.0465,7199.5512,7269.5469,4974
2021-07-26 13:15:00,7269.5469,7339.5425,7220.5499,7259.5475,5469
2021-07-26 14:15:00,7259.5475,7361.5411,7219.55,7339.5425,36464
2021-07-26 15:15:00,7339.5425,7361.5411,7309.5444,7312.5442,2635
2021-07-27 09:15:00,7339.5425,7678.0214,7329.5431,7678.0214,67400
2021-07-27 10:15:00,7678.0214,7678.0214,7678.0214,7678.0214,45473
2021-07-27 11:15:00,7678.0214,7678.0214,7678.0214,7678.0214,24481
2021-07-27 12:15:00,7678.0214,7678.0214,7678.0214,7678.0214,3291
2021-07-27 13:15:00,7678.0214,7678.0214,7678.0214,7678.0214,25644
2021-07-27 14:15:00,7678.0214,7678.0214,7678.0214,7678.0214,1437
2021-07-27 15:15:00,7678.0214,7678.0214,7678.0214,7678.0214,1651
2021-07-28 09:15:00,7949.5045,8061.4975,7879.5089,8061.4975,39995
2021-07-28 10:15:00,8061.4975,8061.4975,7519.5313,7860.51,68843
2021-07-28 11:15:00,7898.5077,8061.4975,7898.5077,8061.4975,21003
2021-07-28 12:15:00,8061.4975,8061.4975,7929.5057,8061.4975,29462
2021-07-28 13:15:00,8061.4975,8061.4975,8061.4975,8061.4975,397
2021-07-28 14:15:00,8061.4975,8061.4975,8061.4975,8061.4975,1483
2021-07-28 15:15:00,8061.4975,8061.4975,8061.4975,8061.4975,1211
2021-07-29 09:15:00,8464.4724,8464.4724,8094.4955,8149.492,72080
2021-07-29 10:15:00,8149.492,8389.4771,8119.4939,8299.4827,13745
2021-07-29 11:15:00,8299.4827,8464.4724,8260.4851,8399.4764,33224
2021-07-29 12:15:00,8379.4777,8459.4727,8249.4858,8299.4827,6643
2021-07-29 13:15:00,8256.4854,8347.4797,8149.492,8199.4889,6910
2021-07-29 14:15:00,8199.4889,8299.4827,8109.4945,8149.492,10016
2021-07-29 15:15:00,8149.492,8175.4904,8099.4951,8175.4904,7389
2021-07-30 09:15:00,82.48,83.49,81.8,83.0,245590
2021-07-30 10:15:00,83.1,83.1,81.9,82.19,45450
2021-07-30 11:15:00,82.19,82.19,77.68,79.4,201640
2021-07-30 12:15:00,78.02,79.3,77.68,78.1,116310
2021-07-30 13:15:00,78.2,79.9,77.75,78.5,153320
2021-07-30 14:15:00,78.52,81.48,78.2,81.4,160430
2021-07-30 15:15:00,81.4,81.4,79.11,80.16,48250
2021-08-02 09:15:00,84.16,84.16,83.53,84.16,703980
2021-08-02 10:15:00,84.16,84.16,84.16,84.16,20330
2021-08-02 11:15:00,84.16,84.16,84.16,84.16,5860
2021-08-02 12:15:00,84.16,84.16,84.16,84.16,9480
2021-08-02 13:15:00,84.16,84.16,84.16,84.16,7310
2021-08-02 14:15:00,84.16,84.16,84.16,84.16,394640
2021-08-02 15:15:00,84.16,84.16,84.16,84.16,46100
2021-08-03 09:15:00,84.94,86.3,80.2,83.5,482100
2021-08-03 10:15:00,83.26,84.88,83.07,84.3,137040
2021-08-03 11:15:00,84.3,84.3,81.0,81.6,148870
2021-08-03 12:15:00,82.0,82.79,80.8,82.0,83140
2021-08-03 13:15:00,82.0,82.7,81.0,81.2,58910
2021-08-03 14:15:00,81.5,82.38,81.0,81.8,157730
2021-08-03 15:15:00,81.8,81.8,80.58,81.34,66580
2021-08-04 09:15:00,81.01,82.0,80.5,80.5,100650
2021-08-04 10:15:00,80.5,81.5,80.0,81.2,80910
2021-08-04 11:15:00,81.0,81.5,77.8,77.8,142600
2021-08-04 12:15:00,77.95,79.0,77.6,78.4,62840
2021-08-04 13:15:00,77.7,78.39,77.5,78.2,62780
2021-08-04 14:15:00,78.2,78.99,77.5,78.15,73620
2021-08-04 15:15:00,78.2,78.93,78.15,78.41,42380
2021-08-05 09:15:00,78.4,78.4,74.49,75.0,255740
2021-08-05 10:15:00,75.2,76.7,74.49,76.7,136040
2021-08-05 11:15:00,76.0,79.97,76.0,79.97,71950
2021-08-05 12:15:00,79.89,80.0,79.0,79.21,65930
2021-08-05 13:15:00,79.5,79.5,77.91,78.3,26320
2021-08-05 14:15:00,79.0,80.49,78.13,79.73,118360
2021-08-05 15:15:00,79.74,80.2,79.0,80.0,9600
2021-08-06 09:15:00,80.39,81.0,76.5,79.2,55590
2021-08-06 10:15:00,79.75,79.88,79.2,79.82,39240
2021-08-06 11:15:00,79.8,79.8,77.11,78.41,36060
2021-08-06 12:15:00,78.42,79.0,77.7,78.69,14100
2021-08-06 13:15:00,77.7,78.69,77.0,77.8,51940
2021-08-06 14:15:00,78.0,78.89,77.31,77.9,34390
2021-08-06 15:15:00,77.5,78.2,77.01,77.48,26400
2021-08-09 09:15:00,79.89,81.35,78.5,79.54,190450
2021-08-09 10:15:00,79.49,79.5,78.0,78.75,61690
2021-08-09 11:15:00,78.75,78.8,77.6,77.6,73300
2021-08-09 12:15:00,77.7,77.7,77.1,77.2,47810
2021-08-09 13:15:00,77.2,77.5,74.5,75.5,141990
2021-08-09 14:15:00,75.6,76.98,75.0,76.3,77160
2021-08-09 15:15:00,76.3,76.85,75.62,76.06,9010
2021-08-10 09:15:00,75.99,75.99,73.29,73.3,153880
2021-08-10 10:15:00,73.5,74.5,73.5,74.35,55230
2021-08-10 11:15:00,74.34,74.34,73.1,74.0,24720
2021-08-10 12:15:00,74.0,74.27,73.5,74.15,26940
2021-08-10 13:15:00,74.2,74.26,72.26,72.26,159330
2021-08-10 14:15:00,72.26,72.32,72.26,72.32,147220
2021-08-10 15:15:00,72.32,72.7,72.26,72.29,13720
2021-08-11 09:15:00,69.72,72.49,68.7,68.84,272960
2021-08-11 10:15:00,68.81,70.36,68.81,69.4,120330
2021-08-11 11:15:00,69.36,70.23,69.25,70.19,35620
2021-08-11 12:15:00,70.19,74.8,70.03,74.0,80540
2021-08-11 13:15:00,74.0,74.8,73.8,74.1,84790
2021-08-11 14:15:00,73.8,74.5,72.81,73.81,42800
2021-08-11 15:15:00,74.0,75.0,73.6,74.41,90580
2021-08-12 09:15:00,74.8,75.78,74.0,75.5,70940
2021-08-12 10:15:00,75.7,76.37,75.5,76.0,59110
2021-08-12 11:15:00,75.7,76.37,75.7,76.0,19500
2021-08-12 12:15:00,76.3,76.37,75.7,76.0,34470
2021-08-12 13:15:00,75.7,76.35,75.6,76.33,9950
2021-08-12 14:15:00,76.0,77.9,75.7,77.49,163190
2021-08-12 15:15:00,77.2,77.2,76.21,77.05,13970
2021-08-13 09:15:00,77.1,78.8,75.8,76.45,59100
2021-08-13 10:15:00,76.2,77.0,76.0,76.3,24370
2021-08-13 11:15:00,76.3,76.8,76.01,76.7,15430
2021-08-13 12:15:00,76.25,76.7,75.81,76.7,26830
2021-08-13 13:15:00,76.01,76.7,75.71,76.2,33070
2021-08-13 14:15:00,76.2,76.4,75.1,75.5,49620
2021-08-13 15:15:00,75.5,76.9,75.0,75.42,38340
2021-08-16 09:15:00,75.6,76.4,73.62,75.09,34240
2021-08-16 10:15:00,74.5,75.1,73.5,75.1,38350
2021-08-16 11:15:00,75.0,75.0,73.5,74.23,15460
2021-08-16 12:15:00,74.23,74.23,73.5,74.03,16190
2021-08-16 13:15:00,74.0,75.1,74.0,74.8,15200
2021-08-16 14:15:00,74.8,77.27,74.5,76.38,185810
2021-08-16 15:15:00,76.38,77.0,75.7,76.5,31420
2021-08-17 09:15:00,77.5,77.5,75.4,76.05,46270
2021-08-17 10:15:00,76.05,76.6,75.5,76.0,21030
2021-08-17 11:15:00,75.95,76.0,73.5,74.96,87550
2021-08-17 12:15:00,74.9,75.49,73.6,75.49,33240
2021-08-17 13:15:00,75.49,76.9,74.4,76.88,105870
2021-08-17 14:15:00,76.88,77.49,74.22,74.6,77260
2021-08-17 15:15:00,74.6,74.64,74.2,74.64,20220
2021-08-18 09:15:00,75.0,75.0,73.5,74.3,28300
2021-08-18 10:15:00,74.46,74.98,73.55,73.8,24770
2021-08-18 11:15:00,74.2,74.2,73.53,73.53,26550
2021-08-18 12:15:00,73.53,74.0,73.4,73.5,26700
2021-08-18 13:15:00,73.4,74.4,73.4,73.53,13320
2021-08-18 14:15:00,73.3,74.9,72.53,73.65,84340
2021-08-18 15:15:00,73.66,74.44,73.66,74.26,5020
2021-08-20 09:15:00,70.55,72.0,70.55,70.55,160020
2021-08-20 10:15:00,70.55,70.55,70.55,70.55,21630
2021-08-20 11:15:00,70.55,70.55,70.55,70.55,21500
2021-08-20 12:15:00,70.55,70.55,70.55,70.55,19640
2021-08-20 13:15:00,70.55,70.55,70.55,70.55,6140
2021-08-20 14:15:00,70.55,70.55,70.55,70.55,48760
2021-08-20 15:15:00,70.55,70.55,70.55,70.55,3760
2021-08-23 09:15:00,67.03,70.3,67.03,67.03,230120
2021-08-23 10:15:00,67.03,67.03,67.03,67.03,30160
2021-08-23 11:15:00,67.03,67.03,67.03,67.03,5250
2021-08-23 12:15:00,67.03,67.03,67.03,67.03,2750
2021-08-23 13:15:00,67.03,67.03,67.03,67.03,12180
2021-08-23 14:15:00,67.03,67.03,67.03,67.03,51400
2021-08-23 15:15:00,67.03,67.03,67.03,67.03,890
2021-08-24 09:15:00,63.93,65.8,63.68,64.0,313570
2021-08-24 10:15:00,64.2,65.69,64.0,65.3,46150
2021-08-24 11:15:00,65.3,66.5,65.23,66.0,28610
2021-08-24 12:15:00,66.0,68.0,66.0,68.0,58450
2021-08-24 13:15:00,68.0,68.0,67.22,68.0,31730
2021-08-24 14:15:00,67.63,68.0,65.0,67.9,100350
2021-08-24 15:15:00,67.85,68.0,67.02,67.71,36330
2021-08-25 09:15:00,68.5,69.8,68.2,68.97,44530
2021-08-25 10:15:00,68.97,69.0,68.5,68.9,17400
2021-08-25 11:15:00,68.9,69.0,68.3,68.7,15000
2021-08-25 12:15:00,68.65,68.8,68.65,68.8,6270
2021-08-25 13:15:00,68.8,68.8,68.44,68.44,2620
2021-08-25 14:15:00,68.4,69.0,68.2,68.23,11220
2021-08-25 15:15:00,68.3,69.0,68.23,68.8,12770
2021-08-26 09:15:00,67.51,68.6,67.5,67.9,21270
2021-08-26 10:15:00,67.9,68.6,67.51,67.83,10200
2021-08-26 11:15:00,67.8,68.4,67.51,67.52,6400
2021-08-26 12:15:00,67.52,68.3,66.2,67.0,18160
2021-08-26 13:15:00,67.0,67.5,66.2,67.49,29480
2021-08-26 14:15:00,67.49,67.5,66.3,66.6,51880
2021-08-26 15:15:00,66.6,66.6,66.4,66.6,19470
2021-08-27 09:15:00,66.7,67.5,65.9,66.5,16870
2021-08-27 10:15:00,66.5,67.01,65.9,65.9,10820
2021-08-27 11:15:00,66.32,68.1,66.32,67.4,23300
2021-08-27 12:15:00,67.4,67.4,66.72,66.73,11170
2021-08-27 13:15:00,67.0,67.0,66.61,67.0,13480
2021-08-27 14:15:00,67.0,69.53,66.58,69.2,88820
2021-08-27 15:15:00,68.71,69.79,68.71,69.32,32600
2021-08-30 09:15:00,69.9,72.37,69.03,71.92,156350
2021-08-30 10:15:00,71.25,72.2,71.25,71.4,28620
2021-08-30 11:15:00,71.33,72.27,71.0,72.27,85470
2021-08-30 12:15:00,71.0,71.6,71.0,71.5,4550
2021-08-30 13:15:00,71.5,72.3,71.13,72.28,37770
2021-08-30 14:15:00,72.27,72.3,71.26,71.5,86540
2021-08-30 15:15:00,72.2,72.34,71.21,72.04,18190
2021-08-31 09:15:00,72.04,73.87,71.0,71.5,30680
2021-08-31 10:15:00,71.11,75.0,71.11,73.5,104090
2021-08-31 11:15:00,73.5,73.8,72.0,73.8,25760
2021-08-31 12:15:00,73.8,73.8,72.3,73.3,59480
2021-08-31 13:15:00,73.0,73.1,72.0,72.21,5780
2021-08-31 14:15:00,72.3,73.5,71.6,73.4,31500
2021-08-31 15:15:00,73.4,73.4,71.63,72.69,12720
2021-09-01 09:15:00,73.94,73.94,70.2,72.75,52580
2021-09-01 10:15:00,72.75,73.0,72.0,72.0,32980
2021-09-01 11:15:00,72.0,72.5,72.0,72.41,30520
2021-09-01 12:15:00,72.0,72.49,72.0,72.1,6360
2021-09-01 13:15:00,72.1,72.5,72.1,72.1,18610
2021-09-01 14:15:00,72.5,72.5,72.0,72.0,46760
2021-09-01 15:15:00,72.0,72.3,71.9,72.29,9640
2021-09-02 09:15:00,72.0,72.0,70.4,71.5,32340
2021-09-02 10:15:00,71.9,72.4,71.11,71.95,17180
2021-09-02 11:15:00,71.91,72.4,71.1,72.19,14040
2021-09-02 12:15:00,71.99,71.99,71.13,71.99,17320
2021-09-02 13:15:00,71.99,72.0,71.13,71.98,12520
2021-09-02 14:15:00,71.95,71.95,71.1,71.21,18670
2021-09-02 15:15:00,71.2,72.0,71.1,71.92,33850
2021-09-03 09:15:00,71.92,72.0,71.12,71.12,12450
2021-09-03 10:15:00,71.12,72.0,70.1,70.1,21210
2021-09-03 11:15:00,70.11,71.56,70.11,71.56,8820
2021-09-03 12:15:00,71.5,72.2,71.0,72.0,15410
2021-09-03 13:15:00,72.0,72.0,70.5,70.71,13140
2021-09-03 14:15:00,70.7,72.0,70.1,71.2,74100
2021-09-03 15:15:00,70.9,71.69,70.9,71.02,16690
2021-09-06 09:15:00,70.31,72.79,67.9,70.39,46830
2021-09-06 10:15:00,70.0,70.48,69.1,69.5,30950
2021-09-06 11:15:00,69.43,70.39,69.4,70.0,13970
2021-09-06 12:15:00,70.0,71.0,69.4,71.0,20450
2021-09-06 13:15:00,70.33,70.7,70.3,70.6,8930
2021-09-06 14:15:00,71.0,71.9,70.8,71.0,14880
2021-09-06 15:15:00,71.2,71.2,69.52,70.9,11160
2021-09-07 09:15:00,69.13,70.97,68.12,69.5,56700
2021-09-07 10:15:00,69.5,69.5,69.0,69.3,14130
2021-09-07 11:15:00,69.3,70.0,68.6,69.07,45680
2021-09-07 12:15:00,70.0,70.0,69.08,69.88,10130
2021-09-07 13:15:00,69.88,70.0,68.5,68.5,17570
2021-09-07 14:15:00,68.5,69.7,68.5,69.49,32360
2021-09-07 15:15:00,69.49,69.5,69.0,69.29,8570
2021-09-08 09:15:00,67.5,70.5,67.5,70.14,65040
2021-09-08 10:15:00,70.0,70.3,69.0,69.89,21870
2021-09-08 11:15:00,69.0,72.29,68.64,71.9,65780
2021-09-08 12:15:00,71.9,72.1,71.7,71.7,30260
2021-09-08 13:15:00,71.6,71.79,70.5,71.6,37960
2021-09-08 14:15:00,71.64,72.0,70.0,71.5,109620
2021-09-08 15:15:00,71.5,71.77,70.31,71.4,6730
2021-09-09 09:15:00,71.2,72.0,70.74,71.99,24830
2021-09-09 10:15:00,71.98,71.98,71.2,71.2,4460
2021-09-09 11:15:00,71.21,71.7,71.1,71.59,2760
2021-09-09 12:15:00,71.23,71.69,71.1,71.1,6570
2021-09-09 13:15:00,71.05,71.3,70.95,70.95,20060
2021-09-09 14:15:00,71.1,71.22,68.11,70.5,53350
2021-09-09 15:15:00,69.62,70.95,69.33,70.5,43550
2021-09-13 09:15:00,70.4,70.4,68.0,69.2,41430
2021-09-13 10:15:00,69.2,70.5,68.8,70.0,31810
2021-09-13 11:15:00,70.0,70.69,69.01,70.5,34600
2021-09-13 12:15:00,69.41,70.5,69.41,69.8,14710
2021-09-13 13:15:00,69.3,69.8,69.22,69.55,9580
2021-09-13 14:15:00,69.5,70.3,69.11,69.46,73770
2021-09-13 15:15:00,69.6,70.3,69.46,69.46,40190
2021-09-14 09:15:00,73.56,73.56,70.22,72.0,96190
2021-09-14 10:15:00,72.0,72.94,71.81,72.07,20490
2021-09-14 11:15:00,72.07,72.49,71.81,71.81,90500
2021-09-14 12:15:00,72.0,72.01,71.8,71.8,11090
2021-09-14 13:15:00,71.8,71.81,71.51,71.8,15460
2021-09-14 14:15:00,71.8,73.0,71.65,72.5,186900
2021-09-14 15:15:00,72.51,73.56,72.0,72.2,80290
2021-09-15 09:15:00,73.45,73.9,73.0,73.4,29220
2021-09-15 10:15:00,73.4,73.5,72.8,73.0,10400
2021-09-15 11:15:00,73.0,73.5,73.0,73.0,26530
2021-09-15 12:15:00,73.2,73.29,73.0,73.29,8420
2021-09-15 13:15:00,72.92,73.5,72.6,72.6,60850
2021-09-15 14:15:00,72.6,73.39,72.18,73.39,119050
2021-09-15 15:15:00,73.4,73.5,72.44,73.1,63200
2021-09-16 09:15:00,72.99,73.47,72.02,72.4,38530
2021-09-16 10:15:00,72.21,73.1,72.21,72.5,11640
2021-09-16 11:15:00,72.5,72.79,72.02,72.3,9120
2021-09-16 12:15:00,72.3,73.0,71.8,72.0,22950
2021-09-16 13:15:00,72.3,72.83,72.3,72.3,23310
2021-09-16 14:15:00,72.46,72.83,72.3,72.3,52460
2021-09-16 15:15:00,72.3,73.0,72.11,72.69,33470
2021-09-17 09:15:00,72.69,73.15,70.5,71.52,49370
2021-09-17 10:15:00,71.6,71.8,71.5,71.8,120120
2021-09-17 11:15:00,71.8,71.9,70.7,70.7,78260
2021-09-17 12:15:00,70.65,70.7,69.5,70.4,70300
2021-09-17 13:15:00,70.4,71.8,70.37,71.41,40810
2021-09-17 14:15:00,71.8,72.0,70.5,70.5,230530
2021-09-17 15:15:00,70.5,71.39,69.93,70.0,185470
2021-09-20 09:15:00,69.7,70.89,67.21,67.21,460110
2021-09-21 09:15:00,65.13,66.87,63.85,63.85,371210
2021-09-21 10:15:00,63.85,64.58,63.85,64.0,175540
2021-09-21 11:15:00,64.0,64.49,63.85,64.4,79410
2021-09-21 12:15:00,64.65,64.89,63.85,63.97,132190
2021-09-21 13:15:00,63.95,64.5,63.85,64.18,758320
2021-09-21 14:15:00,64.04,64.2,63.85,63.85,326410
2021-09-21 15:15:00,63.85,64.59,63.85,63.87,61640
2021-09-22 09:15:00,64.18,65.84,62.5,65.64,145680
2021-09-22 10:15:00,65.63,66.5,64.6,66.0,146490
2021-09-22 11:15:00,66.36,67.0,65.1,66.85,129210
2021-09-22 12:15:00,66.88,67.06,66.5,67.06,55050
2021-09-22 13:15:00,67.06,67.06,67.06,67.06,7170
2021-09-22 14:15:00,67.06,67.06,67.06,67.06,13910
2021-09-22 15:15:00,67.06,67.06,67.06,67.06,7500
2021-09-23 09:15:00,70.41,70.41,69.23,70.41,256550
2021-09-23 10:15:00,70.41,70.41,70.41,70.41,7290
2021-09-23 11:15:00,70.41,70.41,70.41,70.41,43530
2021-09-23 12:15:00,70.41,70.41,70.41,70.41,2610
2021-09-23 13:15:00,70.41,70.41,70.41,70.41,8970
2021-09-23 14:15:00,70.41,70.41,70.41,70.41,9990
2021-09-23 15:15:00,70.41,70.41,70.41,70.41,1860
2021-09-24 09:15:00,72.6,72.6,68.6,69.17,159850
2021-09-24 10:15:00,69.0,69.0,68.5,68.6,29930
2021-09-24 11:15:00,68.6,68.85,67.92,67.92,42570
2021-09-24 12:15:00,68.0,68.0,67.02,67.5,47890
2021-09-24 13:15:00,67.4,67.4,67.0,67.2,41960
2021-09-24 14:15:00,67.2,69.0,66.9,68.37,110580
2021-09-24 15:15:00,68.41,68.7,68.0,68.4,16170
2021-09-27 09:15:00,70.5,70.5,65.08,66.5,203860
2021-09-27 10:15:00,66.53,66.8,65.3,66.38,38640
2021-09-27 11:15:00,66.38,66.46,66.11,66.2,20850
2021-09-27 12:15:00,66.31,66.5,66.02,66.32,28430
2021-09-27 13:15:00,66.16,66.5,66.05,66.21,93950
2021-09-27 14:15:00,66.33,68.19,65.21,67.16,149360
2021-09-27 15:15:00,67.15,67.61,66.51,66.85,27020
2021-09-28 09:15:00,67.89,67.89,65.34,66.64,80930
2021-09-28 10:15:00,66.57,67.75,66.5,67.5,63900
2021-09-28 11:15:00,67.28,67.73,66.6,66.73,34210
2021-09-28 12:15:00,66.79,66.87,66.2,66.41,17050
2021-09-28 13:15:00,66.25,67.45,66.0,66.76,110250
2021-09-28 14:15:00,66.63,66.97,66.2,66.42,95890
2021-09-28 15:15:00,66.45,66.5,66.19,66.42,11260
2021-09-29 09:15:00,65.61,68.74,65.61,67.75,101540
2021-09-29 10:15:00,67.57,68.97,67.57,68.1,105850
2021-09-29 11:15:00,68.18,69.74,68.05,68.7,172660
2021-09-29 12:15:00,68.87,68.96,68.61,68.8,49730
2021-09-29 13:15:00,68.7,69.74,68.52,68.65,212210
2021-09-29 14:15:00,68.65,69.74,68.52,69.59,1210580
2021-09-29 15:15:00,69.42,69.74,69.12,69.64,33420
2021-09-30 09:15:00,70.79,72.5,69.88,70.97,176550
2021-09-30 10:15:00,71.4,72.6,71.4,71.63,119450
2021-09-30 11:15:00,71.63,71.7,71.19,71.56,26580
2021-09-30 12:15:00,71.5,71.57,70.8,70.9,53140
2021-09-30 13:15:00,70.88,71.18,70.5,70.5,36940
2021-09-30 14:15:00,70.56,71.0,70.06,70.9,157380
2021-09-30 15:15:00,70.87,71.18,70.14,71.13,68240
2021-10-01 09:15:00,70.0,71.89,68.0,69.85,113940
2021-10-01 10:15:00,69.79,70.63,69.6,70.0,21290
2021-10-01 11:15:00,69.84,70.6,69.61,70.4,24790
2021-10-01 12:15:00,70.21,70.4,69.61,70.29,18600
2021-10-01 13:15:00,70.07,70.07,69.51,69.76,14940
2021-10-01 14:15:00,69.84,70.5,69.51,69.7,40160
2021-10-01 15:15:00,69.7,69.7,69.55,69.62,25520
2021-10-04 09:15:00,69.64,69.92,68.2,68.91,328530
2021-10-04 10:15:00,69.0,70.7,69.0,70.2,113910
2021-10-04 11:15:00,70.19,73.1,69.71,72.76,499370
2021-10-04 12:15:00,72.81,73.1,72.6,73.1,243020
2021-10-04 13:15:00,73.1,73.1,72.3,72.67,1173810
2021-10-04 14:15:00,72.5,73.1,72.27,73.1,344860
2021-10-04 15:15:00,73.1,73.1,73.1,73.1,15260
2021-10-05 09:15:00,74.0,76.3,74.0,75.38,467850
2021-10-05 10:15:00,75.61,76.0,75.13,75.21,92420
2021-10-05 11:15:00,75.31,75.41,74.21,74.79,56280
2021-10-05 12:15:00,74.71,74.98,74.3,74.92,28590
2021-10-05 13:15:00,74.92,75.5,74.8,75.08,40630
2021-10-05 14:15:00,75.01,76.65,74.86,76.36,275950
2021-10-05 15:15:00,76.35,76.35,75.23,76.14,48020
2021-10-06 09:15:00,76.2,78.9,76.2,77.6,318560
2021-10-06 10:15:00,77.7,77.77,76.15,76.15,131250
2021-10-06 11:15:00,76.15,76.7,75.72,76.06,25390
2021-10-06 12:15:00,76.0,76.74,75.65,76.03,56690
2021-10-06 13:15:00,76.01,76.41,75.02,75.8,206170
2021-10-06 14:15:00,75.81,78.6,75.75,77.01,280250
2021-10-06 15:15:00,77.34,78.0,76.56,77.63,60250
2021-10-07 09:15:00,77.99,79.9,76.82,78.84,239900
2021-10-07 10:15:00,78.7,78.8,78.01,78.18,44310
2021-10-07 11:15:00,78.19,79.5,77.9,78.23,64970
2021-10-07 12:15:00,78.35,78.44,77.99,78.0,22890
2021-10-07 13:15:00,78.0,78.06,77.7,77.72,14810
2021-10-07 14:15:00,77.72,77.85,76.5,77.03,60900
2021-10-07 15:15:00,77.0,77.19,76.53,76.91,30240
2021-10-08 09:15:00,78.68,78.68,77.1,77.23,65310
2021-10-08 10:15:00,77.18,77.66,76.69,77.43,51740
2021-10-08 11:15:00,77.43,77.9,76.72,76.77,50530
2021-10-08 12:15:00,76.6,77.65,76.5,77.5,40490
2021-10-08 13:15:00,77.5,77.5,76.81,76.84,12550
2021-10-08 14:15:00,76.81,77.5,76.5,77.2,83020
2021-10-08 15:15:00,77.3,77.4,77.3,77.33,41190
2021-10-11 09:15:00,77.76,78.4,76.82,77.43,90310
2021-10-11 10:15:00,77.29,77.6,77.2,77.57,35070
2021-10-11 11:15:00,77.65,78.0,77.22,77.36,43510
2021-10-11 12:15:00,77.35,77.9,77.3,77.3,25520
2021-10-11 13:15:00,77.25,77.9,77.2,77.2,64490
2021-10-11 14:15:00,77.31,77.99,77.2,77.31,60590
2021-10-11 15:15:00,77.31,77.4,77.2,77.31,44700
2021-10-12 09:15:00,77.89,78.6,76.62,77.3,162340
2021-10-12 10:15:00,77.09,77.43,76.8,76.92,30070
2021-10-12 11:15:00,76.8,77.01,76.02,76.96,44560
2021-10-12 12:15:00,76.94,77.2,76.58,76.71,21420
2021-10-12 13:15:00,77.18,77.45,76.57,77.3,24070
2021-10-12 14:15:00,76.93,77.7,76.81,77.7,54230
2021-10-12 15:15:00,77.7,78.0,77.2,77.47,22770
2021-10-13 09:15:00,77.07,78.64,77.07,78.04,45800
2021-10-13 10:15:00,78.39,80.1,78.36,79.1,142270
2021-10-13 11:15:00,79.1,79.5,78.32,79.29,36230
2021-10-13 12:15:00,79.01,79.11,78.5,78.72,29050
2021-10-13 13:15:00,78.7,79.2,78.7,78.92,66730
2021-10-13 14:15:00,79.0,79.0,78.7,78.72,48900
2021-10-13 15:15:00,78.7,78.8,78.3,78.59,42690
2021-10-14 09:15:00,78.5,79.29,78.22,79.0,49300
2021-10-14 10:15:00,78.89,79.5,77.5,78.94,71010
2021-10-14 11:15:00,79.37,79.5,78.74,78.91,21210
2021-10-14 12:15:00,78.78,78.8,78.15,78.31,19740
2021-10-14 13:15:00,78.31,78.52,77.9,77.9,31940
2021-10-14 14:15:00,77.9,77.9,75.11,76.9,100750
2021-10-14 15:15:00,76.9,77.06,76.8,77.03,9020
2021-10-18 09:15:00,79.39,81.0,78.21,80.9,272520
2021-10-18 10:15:00,80.85,83.9,80.76,82.7,403780
2021-10-18 11:15:00,82.7,83.45,82.39,82.44,114680
2021-10-18 12:15:00,82.64,83.21,81.73,83.08,95980
2021-10-18 13:15:00,83.16,85.88,82.84,85.5,687810
2021-10-18 14:15:00,85.5,87.4,83.5,84.21,1107580
2021-10-18 15:15:00,84.8,86.6,84.47,85.37,310630
2021-10-19 09:15:00,86.6,87.75,80.02,82.1,506360
2021-10-19 10:15:00,82.24,84.65,82.2,84.4,106480
2021-10-19 11:15:00,84.4,84.8,84.09,84.34,36500
2021-10-19 12:15:00,84.38,84.8,83.53,84.62,99900
2021-10-19 13:15:00,84.62,86.75,81.96,82.32,214310
2021-10-19 14:15:00,82.39,83.15,80.01,80.01,181860
2021-10-19 15:15:00,80.0,80.51,78.56,80.51,117530
2021-10-20 09:15:00,80.01,81.48,76.39,81.26,238450
2021-10-20 10:15:00,81.26,81.26,79.03,80.39,60220
2021-10-20 11:15:00,80.41,81.11,79.43,79.7,37900
2021-10-20 12:15:00,79.71,80.08,79.0,80.08,55780
2021-10-20 13:15:00,80.08,80.3,77.52,77.7,86030
2021-10-20 14:15:00,77.85,78.79,76.8,78.79,114650
2021-10-20 15:15:00,78.79,79.75,78.2,78.53,57690
2021-10-21 09:15:00,79.77,80.46,77.53,78.78,99480
2021-10-21 10:15:00,78.78,78.8,77.92,78.38,55900
2021-10-21 11:15:00,78.33,80.7,78.21,79.5,95860
2021-10-21 12:15:00,79.5,80.0,79.33,79.6,31920
2021-10-21 13:15:00,79.6,80.0,79.01,79.8,34920
2021-10-21 14:15:00,79.8,81.5,79.5,81.29,114040
2021-10-21 15:15:00,81.01,82.3,81.01,81.45,48380
2021-10-22 09:15:00,82.21,84.9,81.6,82.8,303520
2021-10-22 10:15:00,83.0,83.14,82.1,83.02,69090
2021-10-22 11:15:00,83.02,83.05,81.22,82.0,74500
2021-10-22 12:15:00,82.0,82.0,81.3,81.78,24860
2021-10-22 13:15:00,81.72,81.72,79.33,80.0,91280
2021-10-22 14:15:00,80.0,80.5,78.15,80.01,69240
2021-10-22 15:15:00,79.84,80.5,78.51,80.5,61050
2021-10-25 09:15:00,80.9,81.44,76.52,77.8,113750
2021-10-25 10:15:00,77.81,78.2,77.55,77.67,42940
2021-10-25 11:15:00,77.89,79.15,77.7,78.86,42690
2021-10-25 12:15:00,79.0,79.2,78.55,78.65,11260
2021-10-25 13:15:00,78.38,78.53,77.5,77.71,30800
2021-10-25 14:15:00,77.73,79.43,77.14,79.38,64850
2021-10-25 15:15:00,79.44,79.83,78.6,78.94,14160
2021-10-26 09:15:00,80.0,81.49,78.98,81.18,57460
2021-10-26 10:15:00,81.26,81.3,79.74,80.31,48170
2021-10-26 11:15:00,80.49,80.49,79.5,79.72,22180
2021-10-26 12:15:00,79.53,79.8,79.1,79.2,9290
2021-10-26 13:15:00,79.2,80.23,79.13,80.23,16520
2021-10-26 14:15:00,80.24,82.9,80.21,82.69,233740
2021-10-26 15:15:00,82.52,83.04,82.52,82.79,77990
2021-10-27 09:15:00,83.19,83.5,81.96,82.85,96140
2021-10-27 10:15:00,82.85,84.9,82.85,84.5,126310
2021-10-27 11:15:00,84.27,85.4,83.11,84.18,145060
2021-10-27 12:15:00,84.41,84.7,83.9,84.0,33790
2021-10-27 13:15:00,84.02,85.94,83.85,85.6,122020
2021-10-27 14:15:00,85.6,85.73,83.64,83.95,115160
2021-10-27 15:15:00,83.9,83.9,83.71,83.78,34660
2021-10-28 09:15:00,84.2,84.2,81.5,81.8,97330
2021-10-28 10:15:00,81.62,82.22,80.51,81.94,68380
2021-10-28 11:15:00,81.94,83.12,81.3,82.84,47250
2021-10-28 12:15:00,82.74,83.0,82.21,82.88,21380
2021-10-28 13:15:00,82.9,83.2,82.0,82.95,35880
2021-10-28 14:15:00,82.95,83.55,82.5,83.4,99380
2021-10-28 15:15:00,83.35,83.35,82.61,83.19,87710
2021-10-29 09:15:00,82.99,82.99,81.16,81.7,111980
2021-10-29 10:15:00,81.68,82.7,81.61,82.08,47790
2021-10-29 11:15:00,82.4,82.57,82.01,82.31,24520
2021-10-29 12:15:00,82.2,83.0,82.05,82.1,80190
2021-10-29 13:15:00,82.25,82.33,80.45,81.64,104420
2021-10-29 14:15:00,81.88,83.0,81.12,82.09,101930
2021-10-29 15:15:00,82.09,82.8,81.51,82.36,103360
2021-11-01 09:15:00,90.0,90.0,85.5,87.28,946430
2021-11-01 10:15:00,87.0,87.5,86.5,87.02,172090
2021-11-01 11:15:00,87.11,90.7,87.0,90.54,513930
2021-11-01 12:15:00,90.5,94.0,89.1,89.89,1249820
2021-11-01 13:15:00,89.89,91.36,88.88,90.44,293460
2021-11-01 14:15:00,90.18,91.07,89.0,89.2,307240
2021-11-01 15:15:00,89.13,89.8,88.5,89.17,219380
2021-11-02 09:15:00,89.0,89.9,88.01,88.77,242870
2021-11-02 10:15:00,88.77,88.77,88.09,88.34,69440
2021-11-02 11:15:00,88.34,88.6,87.1,87.18,106450
2021-11-02 12:15:00,87.2,88.64,87.15,88.2,115570
2021-11-02 13:15:00,88.21,88.21,87.2,87.44,80510
2021-11-02 14:15:00,87.44,88.07,87.0,87.52,81490
2021-11-02 15:15:00,87.6,87.77,87.5,87.59,94060
2021-11-03 09:15:00,88.25,90.8,87.01,90.0,292010
2021-11-03 10:15:00,90.0,91.8,90.0,91.19,311020
2021-11-03 11:15:00,91.1,91.3,90.71,91.19,127960
2021-11-03 12:15:00,91.19,91.92,90.12,90.12,179520
2021-11-03 13:15:00,90.5,90.89,89.81,90.78,254360
2021-11-03 14:15:00,90.78,91.44,90.2,91.4,146340
2021-11-03 15:15:00,91.44,91.9,91.12,91.4,105310
2021-11-04 17:15:00,92.35,92.35,92.35,92.35,3560
2021-11-04 18:15:00,92.2,93.94,91.51,92.08,358030
2021-11-08 09:15:00,92.6,92.86,88.74,89.45,200450
2021-11-08 10:15:00,89.48,89.9,89.01,89.54,80850
2021-11-08 11:15:00,89.5,90.0,89.28,89.95,47630
2021-11-08 12:15:00,89.95,89.95,89.4,89.4,26100
2021-11-08 13:15:00,89.32,89.5,88.17,88.75,110750
2021-11-08 14:15:00,88.98,89.38,88.22,89.38,69100
2021-11-08 15:15:00,89.49,89.5,88.4,88.88,35990
2021-11-09 09:15:00,89.3,90.0,88.0,88.39,78000
2021-11-09 10:15:00,88.39,88.96,87.0,88.0,63090
2021-11-09 11:15:00,87.85,88.48,87.53,87.53,29720
2021-11-09 12:15:00,87.53,88.11,87.0,88.11,79550
2021-11-09 13:15:00,88.11,89.2,87.68,88.5,58380
2021-11-09 14:15:00,88.4,89.28,87.64,87.71,82060
2021-11-09 15:15:00,87.71,88.17,87.13,87.77,33690
2021-11-10 09:15:00,87.8,89.7,87.33,88.9,121300
2021-11-10 10:15:00,88.99,90.94,88.52,89.3,264190
2021-11-10 11:15:00,89.3,89.65,89.05,89.5,37530
2021-11-10 12:15:00,89.5,89.6,88.86,89.5,39680
2021-11-10 13:15:00,89.5,89.5,89.02,89.4,29770
2021-11-10 14:15:00,89.4,89.46,86.77,87.13,200260
2021-11-10 15:15:00,87.0,87.78,86.8,87.06,29760
2021-11-11 09:15:00,88.73,89.35,87.55,87.87,59430
2021-11-11 10:15:00,87.87,87.87,86.8,87.1,54080
2021-11-11 11:15:00,87.1,87.1,86.84,87.0,13960
2021-11-11 12:15:00,87.0,87.5,86.8,86.99,69670
2021-11-11 13:15:00,86.86,87.0,86.83,86.85,11680
2021-11-11 14:15:00,86.85,87.5,86.51,87.48,96010
2021-11-11 15:15:00,86.54,87.1,86.54,86.93,37210
2021-11-12 09:15:00,88.0,88.81,87.11,87.69,52720
2021-11-12 10:15:00,87.52,87.69,86.0,86.41,34820
2021-11-12 11:15:00,86.3,86.56,84.44,84.61,103880
2021-11-12 12:15:00,84.67,85.62,84.05,84.68,82870
2021-11-12 13:15:00,84.68,84.68,84.48,84.6,22020
2021-11-12 14:15:00,84.65,85.28,81.13,82.2,303380
2021-11-12 15:15:00,82.4,82.4,81.36,81.83,119710
2021-11-15 09:15:00,81.84,82.87,80.12,80.53,154300
2021-11-15 10:15:00,80.49,80.67,77.5,78.9,251420
2021-11-15 11:15:00,79.0,79.15,77.82,78.4,70240
2021-11-15 12:15:00,78.4,80.4,77.6,78.73,176300
2021-11-15 13:15:00,78.94,79.3,78.0,78.75,46450
2021-11-15 14:15:00,78.26,80.0,78.26,78.75,101300
2021-11-15 15:15:00,78.75,78.98,77.89,78.62,64400
2021-11-16 09:15:00,78.5,81.25,77.63,81.25,259060
2021-11-16 10:15:00,81.25,81.88,80.69,81.81,72060
2021-11-16 11:15:00,81.89,83.14,80.69,82.36,169830
2021-11-16 12:15:00,82.36,83.1,82.21,82.71,54090
2021-11-16 13:15:00,82.71,82.81,82.55,82.6,41030
2021-11-16 14:15:00,82.6,82.6,81.7,82.42,94240
2021-11-16 15:15:00,82.43,82.78,82.0,82.44,66120
2021-11-17 09:15:00,82.89,84.06,81.72,82.05,138300
2021-11-17 10:15:00,82.06,82.29,81.8,81.8,16820
2021-11-17 11:15:00,81.86,82.02,80.6,81.22,27090
2021-11-17 12:15:00,81.22,84.8,81.22,82.0,94090
2021-11-17 13:15:00,82.03,82.5,81.84,81.84,100180
2021-11-17 14:15:00,81.9,82.45,80.5,81.2,81840
2021-11-17 15:15:00,81.21,81.98,80.5,80.89,35300
2021-11-18 09:15:00,81.0,82.57,81.0,81.66,71660
2021-11-18 10:15:00,81.62,82.05,80.1,80.5,130190
2021-11-18 11:15:00,80.75,81.69,80.4,80.5,31490
2021-11-18 12:15:00,80.51,81.67,80.0,81.47,52560
2021-11-18 13:15:00,81.6,83.68,81.6,82.38,188940
2021-11-18 14:15:00,82.69,84.0,82.54,83.67,200790
2021-11-18 15:15:00,83.7,84.11,82.5,83.53,70880
2021-11-22 09:15:00,84.3,84.3,81.7,82.08,58890
2021-11-22 10:15:00,82.08,82.67,80.49,80.7,53570
2021-11-22 11:15:00,80.56,81.23,79.1,80.21,97160
2021-11-22 12:15:00,80.23,80.36,79.47,79.8,46800
2021-11-22 13:15:00,79.8,79.8,78.74,79.0,86040
2021-11-22 14:15:00,79.0,79.2,77.85,78.17,116780
2021-11-22 15:15:00,78.39,78.66,77.11,77.89,124660
2021-11-23 09:15:00,78.5,79.51,77.17,77.67,171110
2021-11-23 10:15:00,77.77,79.3,76.9,79.3,126490
2021-11-23 11:15:00,79.1,79.48,79.0,79.21,32450
2021-11-23 12:15:00,79.25,79.39,78.8,79.22,82630
2021-11-23 13:15:00,79.28,79.88,79.2,79.88,79200
2021-11-23 14:15:00,79.76,81.2,79.76,80.5,159690
2021-11-23 15:15:00,79.93,80.5,79.53,80.0,40580
2021-11-24 09:15:00,80.67,81.09,79.79,80.49,58060
2021-11-24 10:15:00,80.5,80.57,80.09,80.09,48100
2021-11-24 11:15:00,80.2,80.2,79.47,79.6,11230
2021-11-24 12:15:00,79.7,80.29,79.5,79.94,57190
2021-11-24 13:15:00,80.0,81.0,80.0,80.56,49730
2021-11-24 14:15:00,80.6,80.6,79.57,80.0,57400
2021-11-24 15:15:00,79.61,79.79,79.02,79.54,21350
2021-11-25 09:15:00,81.54,83.6,81.0,82.1,276500
2021-11-25 10:15:00,82.1,82.9,81.88,82.9,58770
2021-11-25 11:15:00,82.9,83.36,82.8,83.12,91770
2021-11-25 12:15:00,83.12,83.2,83.0,83.0,42510
2021-11-25 13:15:00,83.0,83.4,82.88,83.39,136020
2021-11-25 14:15:00,83.4,83.5,82.8,83.2,141050
2021-11-25 15:15:00,83.35,83.6,82.66,83.29,69560
2021-11-26 09:15:00,82.02,82.41,79.89,79.93,187970
2021-11-26 10:15:00,79.69,80.29,79.02,79.21,98850
2021-11-26 11:15:00,79.22,80.49,79.22,79.24,41160
2021-11-26 12:15:00,79.21,80.49,79.21,79.25,53840
2021-11-26 13:15:00,79.29,79.5,78.0,79.2,91680
2021-11-26 14:15:00,79.22,80.25,78.1,78.38,81380
2021-11-26 15:15:00,78.3,80.3,78.0,79.43,165840
2021-11-29 09:15:00,78.0,78.8,74.2,78.33,236250
2021-11-29 10:15:00,78.33,78.34,76.7,77.65,50410
2021-11-29 11:15:00,77.84,78.19,77.2,77.85,22340
2021-11-29 12:15:00,77.7,79.0,77.21,77.83,28090
2021-11-29 13:15:00,77.82,78.4,76.57,77.41,55340
2021-11-29 14:15:00,77.56,77.86,76.11,77.08,47040
2021-11-29 15:15:00,77.11,77.11,76.5,76.83,31710
2021-11-30 09:15:00,76.8,79.84,76.8,77.9,220300
2021-11-30 10:15:00,77.9,78.88,77.9,78.49,46710
2021-11-30 11:15:00,78.51,78.6,77.07,78.05,86720
2021-11-30 12:15:00,78.0,78.2,77.46,78.03,25110
2021-11-30 13:15:00,78.09,78.5,77.96,78.24,23520
2021-11-30 14:15:00,78.24,79.5,77.64,78.3,157450
2021-11-30 15:15:00,78.51,78.9,77.7,78.74,64000
2021-12-01 09:15:00,78.5,79.15,77.98,78.2,55950
2021-12-01 10:15:00,78.13,78.13,77.2,77.34,43280
2021-12-01 11:15:00,77.5,77.7,76.9,77.11,34070
2021-12-01 12:15:00,76.72,77.49,76.62,77.32,37330
2021-12-01 13:15:00,77.36,77.49,77.21,77.39,6380
2021-12-01 14:15:00,77.39,78.6,77.29,77.59,97720
2021-12-01 15:15:00,78.0,78.19,77.3,77.88,21680
2021-12-02 09:15:00,77.11,79.0,77.05,78.37,53410
2021-12-02 10:15:00,78.34,78.9,78.08,78.4,11460
2021-12-02 11:15:00,78.4,78.4,77.62,77.82,3270
2021-12-02 12:15:00,77.7,78.19,77.6,78.11,8470
2021-12-02 13:15:00,78.1,78.6,78.05,78.6,14720
2021-12-02 14:15:00,78.6,78.96,78.08,78.6,31850
2021-12-02 15:15:00,78.6,78.71,77.5,78.18,26750
2021-12-03 09:15:00,78.34,78.9,77.86,78.69,35450
2021-12-03 10:15:00,78.69,79.15,78.11,79.13,18250
2021-12-03 11:15:00,79.0,79.9,79.0,79.07,34020
2021-12-03 12:15:00,79.07,79.25,78.5,78.51,15060
2021-12-03 13:15:00,78.66,79.27,78.53,79.26,7350
2021-12-03 14:15:00,79.24,79.24,78.5,78.9,21420
2021-12-03 15:15:00,78.5,78.8,78.3,78.59,11690
2021-12-06 09:15:00,78.59,79.8,78.1,79.25,52640
2021-12-06 10:15:00,79.34,79.49,78.71,78.96,18170
2021-12-06 11:15:00,78.71,78.71,76.98,77.44,123780
2021-12-06 12:15:00,77.5,77.7,77.15,77.37,12380
2021-12-06 13:15:00,77.25,77.33,76.5,76.9,16200
2021-12-06 14:15:00,76.91,76.96,76.1,76.8,28400
2021-12-06 15:15:00,76.8,76.8,73.38,75.56,96600
2021-12-07 09:15:00,76.97,77.73,75.75,76.67,144920
2021-12-07 10:15:00,76.66,77.24,76.54,76.66,39130
2021-12-07 11:15:00,76.75,77.28,76.73,77.15,37460
2021-12-07 12:15:00,77.13,77.56,77.13,77.35,10640
2021-12-07 13:15:00,77.3,78.0,77.05,77.83,27330
2021-12-07 14:15:00,77.83,78.1,77.4,78.1,49040
2021-12-07 15:15:00,77.93,78.2,77.53,77.91,70680
2021-12-08 09:15:00,78.0,79.22,77.8,78.14,66710
2021-12-08 10:15:00,78.21,78.21,77.72,77.87,29280
2021-12-08 11:15:00,77.9,77.9,77.5,77.78,14410
2021-12-08 12:15:00,77.8,78.21,77.65,78.14,18890
2021-12-08 13:15:00,78.2,78.64,77.2,78.39,27620
2021-12-08 14:15:00,78.36,78.95,77.76,77.85,111620
2021-12-08 15:15:00,78.1,78.5,77.6,77.87,19320
2021-12-09 09:15:00,77.9,78.35,77.15,77.95,26370
2021-12-09 10:15:00,77.77,78.09,77.7,77.92,20900
2021-12-09 11:15:00,77.83,77.83,76.81,77.43,73930
2021-12-09 12:15:00,77.36,77.85,77.05,77.55,25360
2021-12-09 13:15:00,77.6,77.6,75.83,77.45,81030
2021-12-09 14:15:00,77.46,77.7,75.59,75.7,93510
2021-12-09 15:15:00,75.68,75.99,75.45,75.75,72680
2021-12-10 09:15:00,75.1,77.31,75.1,76.12,56930
2021-12-10 10:15:00,76.27,77.4,76.27,77.15,30620
2021-12-10 11:15:00,77.14,77.94,76.78,76.95,30820
2021-12-10 12:15:00,77.07,77.15,76.6,76.71,5840
2021-12-10 13:15:00,76.74,77.2,76.3,77.19,23280
2021-12-10 14:15:00,77.19,77.2,76.28,76.51,29290
2021-12-10 15:15:00,76.49,76.63,75.8,76.14,58790
2021-12-13 09:15:00,77.0,78.6,76.36,77.9,80740
2021-12-13 10:15:00,77.99,78.08,77.11,77.4,21610
2021-12-13 11:15:00,77.34,77.4,76.51,76.89,51480
2021-12-13 12:15:00,76.88,77.0,76.1,76.46,44980
2021-12-13 13:15:00,76.44,76.69,76.03,76.14,15150
2021-12-13 14:15:00,76.1,77.43,76.09,76.7,26580
2021-12-13 15:15:00,76.75,76.8,76.02,76.53,14100
2021-12-14 09:15:00,76.06,77.4,76.06,76.71,29030
2021-12-14 10:15:00,76.8,76.8,75.8,76.21,20180
2021-12-14 11:15:00,76.29,76.78,76.0,76.78,15930
2021-12-14 12:15:00,76.8,76.9,76.38,76.42,4780
2021-12-14 13:15:00,76.55,76.91,76.5,76.7,13480
2021-12-14 14:15:00,76.7,77.2,76.47,76.7,32720
2021-12-14 15:15:00,76.7,76.75,76.5,76.68,15890
2021-12-15 09:15:00,77.77,78.46,76.83,77.61,121110
2021-12-15 10:15:00,77.68,83.17,77.68,79.9,1692320
2021-12-15 11:15:00,79.9,80.49,79.5,80.03,156640
2021-12-15 12:15:00,80.01,80.77,79.5,80.12,202490
2021-12-15 13:15:00,80.2,80.95,79.61,80.69,166920
2021-12-15 14:15:00,80.69,80.95,79.6,79.6,272000
2021-12-15 15:15:00,79.8,80.79,79.56,80.16,159400
2021-12-16 09:15:00,80.68,81.18,78.68,79.36,183820
2021-12-16 10:15:00,79.43,79.43,78.69,78.91,46050
2021-12-16 11:15:00,78.83,79.04,78.23,79.04,53440
2021-12-16 12:15:00,79.1,80.4,78.9,79.39,83780
2021-12-16 13:15:00,79.52,80.8,79.52,80.29,63080
2021-12-16 14:15:00,80.2,80.27,79.28,79.87,47740
2021-12-16 15:15:00,79.88,79.88,78.5,79.08,36420
2021-12-17 09:15:00,78.9,79.49,77.31,77.46,49980
2021-12-17 10:15:00,77.57,77.96,77.24,77.8,22140
2021-12-17 11:15:00,77.8,77.8,77.31,77.68,15130
2021-12-17 12:15:00,77.7,77.7,77.4,77.5,13300
2021-12-17 13:15:00,77.67,77.8,77.5,77.55,7060
2021-12-17 14:15:00,77.45,77.8,77.21,77.3,57050
2021-12-17 15:15:00,77.65,77.65,77.15,77.45,14480
2021-12-20 09:15:00,76.1,76.2,73.53,73.83,164980
2021-12-20 10:15:00,73.8,75.16,73.13,75.02,115820
2021-12-20 11:15:00,75.02,75.4,73.9,73.94,64510
2021-12-20 12:15:00,73.93,74.0,71.2,72.4,142810
2021-12-20 13:15:00,72.41,73.83,72.41,73.0,67450
2021-12-20 14:15:00,73.0,75.39,72.5,75.39,118690
2021-12-20 15:15:00,75.6,77.9,75.51,76.29,144110
2021-12-21 09:15:00,76.51,81.53,76.51,77.11,60030
2021-12-21 10:15:00,77.2,78.0,76.32,77.06,59850
2021-12-21 11:15:00,76.9,77.7,76.81,77.37,27960
2021-12-21 12:15:00,77.17,78.11,77.17,77.54,57720
2021-12-21 13:15:00,77.53,78.98,77.52,78.96,57440
2021-12-21 14:15:00,78.96,79.16,77.13,77.13,51460
2021-12-21 15:15:00,77.12,77.4,76.5,77.12,21340
2021-12-22 09:15:00,77.49,79.0,77.07,78.16,46860
2021-12-22 10:15:00,78.16,79.29,78.02,78.85,40190
2021-12-22 11:15:00,78.74,79.66,78.49,79.66,29610
2021-12-22 12:15:00,79.6,79.7,78.8,78.8,27620
2021-12-22 13:15:00,78.72,79.13,78.44,78.9,58900
2021-12-22 14:15:00,78.89,78.98,78.5,78.73,36600
2021-12-22 15:15:00,78.74,78.88,77.37,78.28,40070
2021-12-23 09:15:00,78.32,79.27,78.26,78.46,44780
2021-12-23 10:15:00,78.42,78.7,78.4,78.68,13240
2021-12-23 11:15:00,78.68,78.68,74.65,77.67,252370
2021-12-23 12:15:00,77.67,78.43,77.31,77.82,28660
2021-12-23 13:15:00,77.83,77.83,76.82,77.11,22470
2021-12-23 14:15:00,77.04,77.23,75.0,76.47,192660
2021-12-23 15:15:00,76.41,76.6,75.53,76.07,77540
2021-12-24 09:15:00,76.78,77.21,75.14,75.8,63350
2021-12-24 10:15:00,75.82,76.35,75.39,75.64,46900
2021-12-24 11:15:00,75.64,75.7,75.3,75.51,28800
2021-12-24 12:15:00,75.51,76.65,75.31,75.97,55380
2021-12-24 13:15:00,75.97,77.5,75.84,76.6,37030
2021-12-24 14:15:00,76.61,77.93,74.1,75.0,249690
2021-12-24 15:15:00,74.9,75.89,74.71,74.8,36900
2021-12-27 09:15:00,75.28,75.7,74.11,75.25,59650
2021-12-27 10:15:00,75.14,75.8,75.14,75.78,27400
2021-12-27 11:15:00,75.78,75.9,75.25,75.88,8700
2021-12-27 12:15:00,75.9,76.1,75.25,75.33,23640
2021-12-27 13:15:00,75.28,76.05,75.22,75.88,10840
2021-12-27 14:15:00,75.93,75.93,75.0,75.2,27060
2021-12-27 15:15:00,75.2,75.4,75.1,75.19,21260
2021-12-28 09:15:00,75.51,76.32,75.51,76.11,39400
2021-12-28 10:15:00,76.1,77.01,76.02,76.57,35690
2021-12-28 11:15:00,76.96,77.1,76.56,76.8,23500
2021-12-28 12:15:00,76.6,76.83,76.5,76.5,9450
2021-12-28 13:15:00,76.67,76.93,76.6,76.92,17920
2021-12-28 14:15:00,76.92,77.54,76.12,76.36,85770
2021-12-28 15:15:00,76.4,77.2,76.29,76.59,21130
2021-12-29 09:15:00,76.5,77.7,76.5,77.19,37100
2021-12-29 10:15:00,77.08,77.27,76.8,77.02,9610
2021-12-29 11:15:00,77.13,77.15,76.73,76.9,9830
2021-12-29 12:15:00,76.97,76.97,76.52,76.7,17970
2021-12-29 13:15:00,76.7,76.93,76.1,76.69,24780
2021-12-29 14:15:00,76.78,77.05,75.51,75.99,37430
2021-12-29 15:15:00,76.02,76.35,75.86,76.07,26340
2021-12-30 09:15:00,77.5,80.2,77.5,78.3,252940
2021-12-30 10:15:00,78.3,79.9,78.3,79.34,186670
2021-12-30 11:15:00,79.28,79.6,78.72,79.32,428080
2021-12-30 12:15:00,79.16,80.0,79.06,79.7,67510
2021-12-30 13:15:00,79.8,79.8,79.08,79.55,47060
2021-12-30 14:15:00,79.65,80.68,79.2,80.5,339490
2021-12-30 15:15:00,80.5,80.8,79.21,79.85,95660
2021-12-31 09:15:00,80.8,81.39,80.49,80.7,146690
2021-12-31 10:15:00,80.6,80.88,80.5,80.5,12980
2021-12-31 11:15:00,80.5,81.0,79.85,80.71,59250
2021-12-31 12:15:00,80.83,81.0,80.2,80.63,25760
2021-12-31 13:15:00,80.61,80.95,80.5,80.52,20440
2021-12-31 14:15:00,80.51,80.85,79.8,80.56,83850
2021-12-31 15:15:00,79.83,80.79,79.46,80.4,23790
2022-01-03 09:15:00,81.19,82.07,79.8,80.7,188440
2022-01-03 10:15:00,80.4,80.52,79.5,79.98,77500
2022-01-03 11:15:00,79.98,79.98,79.21,79.39,30150
2022-01-03 12:15:00,79.39,79.5,79.0,79.25,23880
2022-01-03 13:15:00,79.26,79.5,79.03,79.35,127850
2022-01-03 14:15:00,79.37,79.41,78.52,78.6,95650
2022-01-03 15:15:00,78.6,79.0,78.5,78.64,50080
2022-01-04 09:15:00,79.49,79.82,79.04,79.7,43120
2022-01-04 10:15:00,79.7,79.77,78.2,78.2,42170
2022-01-04 11:15:00,78.2,78.21,77.0,77.2,100050
2022-01-04 12:15:00,77.2,77.77,77.04,77.04,38410
2022-01-04 13:15:00,77.04,77.2,76.5,76.86,54220
2022-01-04 14:15:00,76.86,77.29,76.82,76.98,72140
2022-01-04 15:15:00,76.98,77.4,76.78,76.93,46520
2022-01-05 09:15:00,78.3,78.3,76.0,76.34,114890
2022-01-05 10:15:00,76.4,76.5,75.91,75.93,134740
2022-01-05 11:15:00,75.9,76.99,75.68,76.85,252420
2022-01-05 12:15:00,76.85,76.95,75.91,76.49,238020
2022-01-05 13:15:00,76.49,76.77,76.25,76.75,35550
2022-01-05 14:15:00,76.73,76.95,76.12,76.48,35760
2022-01-05 15:15:00,76.47,76.6,76.1,76.33,50380
2022-01-06 09:15:00,76.33,77.33,75.9,76.89,95020
2022-01-06 10:15:00,76.87,76.92,76.33,76.92,21400
2022-01-06 11:15:00,76.86,77.06,76.7,76.77,23800
2022-01-06 12:15:00,76.7,76.77,76.2,76.6,15580
2022-01-06 13:15:00,76.6,77.0,76.6,76.99,21610
2022-01-06 14:15:00,76.99,77.44,76.66,77.18,34740
2022-01-06 15:15:00,77.1,77.3,76.51,76.93,24730
2022-01-07 09:15:00,78.0,78.77,77.4,78.59,89920
2022-01-07 10:15:00,78.66,79.0,78.11,78.31,137090
2022-01-07 11:15:00,78.4,78.91,76.93,77.47,111850
2022-01-07 12:15:00,77.38,77.86,76.99,77.45,64320
2022-01-07 13:15:00,77.45,78.05,77.36,77.45,17810
2022-01-07 14:15:00,77.39,77.98,77.12,77.81,79730
2022-01-07 15:15:00,77.43,77.83,77.0,77.37,41300
2022-01-10 09:15:00,78.5,79.59,77.5,78.96,106390
2022-01-10 10:15:00,78.75,79.49,77.82,78.9,121830
2022-01-10 11:15:00,78.9,79.28,78.6,78.9,77830
2022-01-10 12:15:00,79.1,79.15,78.59,78.78,38100
2022-01-10 13:15:00,78.78,78.78,78.2,78.25,43420
2022-01-10 14:15:00,78.25,78.67,78.01,78.19,68780
2022-01-10 15:15:00,78.24,78.24,77.62,78.12,40030
2022-01-11 09:15:00,78.89,78.89,77.1,77.39,115280
2022-01-11 10:15:00,77.37,77.83,77.17,77.81,21900
2022-01-11 11:15:00,77.71,77.82,77.2,77.42,44910
2022-01-11 12:15:00,77.45,77.9,77.23,77.9,28620
2022-01-11 13:15:00,77.94,77.98,77.64,77.9,12580
2022-01-11 14:15:00,77.81,78.0,77.2,77.23,59960
2022-01-11 15:15:00,77.37,77.4,76.67,77.12,39420
2022-01-12 09:15:00,77.97,78.2,77.25,77.83,39960
2022-01-12 10:15:00,77.83,81.32,77.62,81.2,194540
2022-01-12 11:15:00,81.33,81.41,80.17,80.59,255520
2022-01-12 12:15:00,80.38,81.0,80.2,80.25,63380
2022-01-12 13:15:00,80.3,81.4,79.84,79.84,269810
2022-01-12 14:15:00,80.35,80.99,79.75,80.54,100460
2022-01-12 15:15:00,80.6,81.2,80.31,80.78,95830
2022-01-13 09:15:00,81.8,84.44,81.51,82.94,520330
2022-01-13 10:15:00,82.83,86.47,82.5,85.75,824410
2022-01-13 11:15:00,85.8,86.0,84.5,85.3,331920
2022-01-13 12:15:00,85.34,85.5,83.86,84.35,216100
2022-01-13 13:15:00,84.31,84.43,81.45,82.6,281960
2022-01-13 14:15:00,82.6,85.74,81.83,85.51,751300
2022-01-13 15:15:00,85.51,85.75,85.0,85.36,143830
2022-01-14 09:15:00,86.4,87.7,85.6,87.2,334470
2022-01-14 10:15:00,87.2,87.4,86.1,86.33,41530
2022-01-14 11:15:00,86.3,86.5,84.6,85.3,86130
2022-01-14 12:15:00,85.3,86.03,85.13,85.93,33910
2022-01-14 13:15:00,85.85,85.85,84.3,85.0,77300
2022-01-14 14:15:00,85.04,85.5,84.71,85.21,63320
2022-01-14 15:15:00,85.2,85.2,84.48,84.92,53200
2022-01-17 09:15:00,85.9,86.4,85.0,86.22,113030
2022-01-17 10:15:00,86.33,86.36,85.1,85.15,35580
2022-01-17 11:15:00,85.12,85.17,84.6,84.9,67190
2022-01-17 12:15:00,84.96,85.25,84.52,84.6,105080
2022-01-17 13:15:00,84.7,84.99,84.32,84.85,45210
2022-01-17 14:15:00,84.85,85.5,84.33,84.33,104550
2022-01-17 15:15:00,84.39,84.49,83.5,84.24,66680
2022-01-18 09:15:00,84.3,85.76,82.5,82.85,143440
2022-01-18 10:15:00,83.0,83.59,82.63,83.5,63480
2022-01-18 11:15:00,83.5,84.02,83.24,83.74,48100
2022-01-18 12:15:00,83.75,84.5,83.5,84.21,58680
2022-01-18 13:15:00,84.2,84.2,82.5,82.5,54060
2022-01-18 14:15:00,82.69,83.03,81.53,81.65,127990
2022-01-18 15:15:00,81.6,83.2,81.52,81.97,59580
2022-01-19 09:15:00,82.3,83.47,81.3,82.63,130420
2022-01-19 10:15:00,82.94,83.3,82.41,82.9,59290
2022-01-19 11:15:00,82.9,82.92,82.46,82.56,31410
2022-01-19 12:15:00,82.5,83.99,82.5,83.98,69350
2022-01-19 13:15:00,83.98,85.39,83.88,84.35,159500
2022-01-19 14:15:00,84.35,84.5,83.41,84.19,82760
2022-01-19 15:15:00,84.19,84.5,83.0,83.59,45280
2022-01-20 09:15:00,83.87,85.1,83.27,85.0,74100
2022-01-20 10:15:00,84.99,86.3,84.8,85.2,123460
2022-01-20 11:15:00,85.2,85.49,84.8,85.0,55640
2022-01-20 12:15:00,85.0,86.3,84.92,85.64,120380
2022-01-20 13:15:00,85.64,85.64,84.5,85.12,99970
2022-01-20 14:15:00,85.16,85.18,84.2,84.58,73700
2022-01-20 15:15:00,84.6,84.6,83.51,84.19,50740
2022-01-21 09:15:00,84.0,84.98,83.31,84.8,107450
2022-01-21 10:15:00,84.69,84.9,83.91,84.42,42680
2022-01-21 11:15:00,84.42,84.45,83.7,84.45,31660
2022-01-21 12:15:00,84.45,85.0,84.37,84.59,41270
2022-01-21 13:15:00,84.4,84.4,83.61,83.71,21870
2022-01-21 14:15:00,83.77,84.61,83.02,83.88,93340
2022-01-21 15:15:00,83.86,84.0,83.2,83.57,58090
2022-01-24 09:15:00,83.5,83.51,80.84,81.17,114530
2022-01-24 10:15:00,80.94,81.09,78.69,79.01,131150
2022-01-24 11:15:00,78.98,79.5,78.25,78.26,48210
2022-01-24 12:15:00,78.2,78.43,77.22,78.28,60660
2022-01-24 13:15:00,78.25,78.25,77.5,77.7,37940
2022-01-24 14:15:00,77.53,78.28,77.5,78.27,96450
2022-01-24 15:15:00,78.27,78.28,77.5,77.97,40070
2022-01-25 09:15:00,77.49,80.7,76.26,79.68,113100
2022-01-25 10:15:00,79.68,80.7,79.6,80.7,106240
2022-01-25 11:15:00,80.61,81.62,80.61,80.8,68340
2022-01-25 12:15:00,80.87,81.14,80.1,80.49,113650
2022-01-25 13:15:00,80.44,81.2,80.44,81.07,31020
2022-01-25 14:15:00,81.07,81.5,80.3,80.94,70620
2022-01-25 15:15:00,80.94,81.24,80.4,80.8,25440
2022-01-27 09:15:00,80.7,80.7,78.69,79.46,86980
2022-01-27 10:15:00,79.28,79.38,78.6,78.94,23100
2022-01-27 11:15:00,79.01,79.71,79.0,79.07,31260
2022-01-27 12:15:00,78.98,80.25,78.9,80.01,11200
2022-01-27 13:15:00,79.91,80.01,79.6,80.01,42640
2022-01-27 14:15:00,80.0,81.99,80.0,81.2,62810
2022-01-27 15:15:00,81.11,81.9,81.01,81.38,19210
2022-01-28 09:15:00,83.95,83.95,82.09,82.1,49170
2022-01-28 10:15:00,82.2,84.57,82.2,84.55,91390
2022-01-28 11:15:00,84.51,85.56,84.17,85.5,106500
2022-01-28 12:15:00,85.53,85.6,84.6,84.87,95460
2022-01-28 13:15:00,84.91,85.3,82.67,82.8,91450
2022-01-28 14:15:00,82.76,83.24,82.21,82.24,51450
2022-01-28 15:15:00,82.24,82.3,82.0,82.21,33090
2022-01-31 09:15:00,82.7,83.85,82.7,83.3,47000
2022-01-31 10:15:00,83.39,83.4,81.5,81.81,51380
2022-01-31 11:15:00,81.82,81.83,81.02,81.32,52110
2022-01-31 12:15:00,81.28,82.39,81.2,82.27,40670
2022-01-31 13:15:00,82.27,82.5,82.16,82.49,10490
2022-01-31 14:15:00,82.49,83.25,82.37,82.56,32800
2022-01-31 15:15:00,82.55,82.99,82.0,82.36,32490
2022-02-01 09:15:00,82.5,84.84,82.5,84.43,112750
2022-02-01 10:15:00,84.44,84.73,83.8,83.98,78360
2022-02-01 11:15:00,83.9,84.38,83.13,83.82,67410
2022-02-01 12:15:00,83.71,84.0,83.3,83.3,68150
2022-02-01 13:15:00,83.3,86.48,83.04,86.4,184170
2022-02-01 14:15:00,86.4,89.4,85.58,87.28,811640
2022-02-01 15:15:00,87.0,88.5,87.0,87.32,165210
2022-02-02 09:15:00,89.5,92.0,88.51,91.7,575270
2022-02-02 10:15:00,91.7,92.66,90.8,91.8,357670
2022-02-02 11:15:00,91.8,91.8,89.75,90.25,175830
2022-02-02 12:15:00,90.17,90.8,89.74,90.8,133230
2022-02-02 13:15:00,90.8,91.25,90.7,91.14,70140
2022-02-02 14:15:00,90.76,92.0,90.7,91.8,134320
2022-02-02 15:15:00,91.69,91.8,91.2,91.64,71300
2022-02-03 09:15:00,92.2,93.4,90.25,92.81,306270
2022-02-03 10:15:00,92.86,92.88,91.2,91.76,73390
2022-02-03 11:15:00,91.76,92.7,91.7,91.9,66920
2022-02-03 12:15:00,92.08,93.54,91.96,93.37,134800
2022-02-03 13:15:00,93.36,94.47,92.5,93.91,298670
2022-02-03 14:15:00,93.9,94.8,92.5,94.61,344610
2022-02-03 15:15:00,94.51,94.51,93.5,94.12,176560
2022-02-04 09:15:00,93.02,95.4,91.7,94.8,435690
2022-02-04 10:15:00,94.69,95.0,94.03,95.0,120900
2022-02-04 11:15:00,95.0,96.0,94.55,94.69,277370
2022-02-04 12:15:00,94.6,95.0,94.4,94.5,73840
2022-02-04 13:15:00,94.4,94.8,94.06,94.35,58020
2022-02-04 14:15:00,94.2,94.97,94.06,94.1,145780
2022-02-04 15:15:00,94.05,94.85,93.7,94.39,151700
2022-02-07 09:15:00,88.7,88.7,84.08,86.95,811210
2022-02-07 10:15:00,86.79,88.0,86.7,86.73,206350
2022-02-07 11:15:00,86.7,86.88,86.22,86.44,74580
2022-02-07 12:15:00,86.32,87.0,86.32,86.71,54140
2022-02-07 13:15:00,86.71,86.73,85.14,85.58,176720
2022-02-07 14:15:00,85.58,86.59,85.48,86.23,138410
2022-02-07 15:15:00,86.21,86.4,85.0,85.78,121320
2022-02-08 09:15:00,87.4,87.51,84.62,84.84,159530
2022-02-08 10:15:00,84.71,85.12,83.15,83.85,87250
2022-02-08 11:15:00,83.69,85.47,83.69,84.03,104840
2022-02-08 12:15:00,84.13,85.32,84.13,85.0,112950
2022-02-08 13:15:00,85.0,86.5,84.8,85.2,72880
2022-02-08 14:15:00,85.33,85.38,84.82,85.07,70910
2022-02-08 15:15:00,85.07,85.9,84.24,85.28,29240
2022-02-09 09:15:00,86.94,87.22,85.5,86.71,203230
2022-02-09 10:15:00,86.87,87.8,85.93,87.65,144690
2022-02-09 11:15:00,87.65,89.39,87.5,89.01,260550
2022-02-09 12:15:00,89.0,89.4,87.68,87.68,150480
2022-02-09 13:15:00,87.82,88.71,87.69,88.39,60310
2022-02-09 14:15:00,88.25,88.6,88.1,88.37,73240
2022-02-09 15:15:00,88.37,88.7,87.62,88.22,57600
2022-02-10 09:15:00,88.17,88.7,86.0,88.5,212330
2022-02-10 10:15:00,88.3,88.65,88.2,88.38,35960
2022-02-10 11:15:00,88.27,88.9,88.2,88.63,78020
2022-02-10 12:15:00,88.63,90.59,88.51,90.4,248260
2022-02-10 13:15:00,90.06,90.7,89.2,90.26,116260
2022-02-10 14:15:00,90.25,90.76,89.69,90.0,68510
2022-02-10 15:15:00,89.85,90.14,89.0,89.82,61690
2022-02-11 09:15:00,89.28,89.43,87.1,87.6,179880
2022-02-11 10:15:00,87.5,87.68,86.61,87.16,102870
2022-02-11 11:15:00,87.22,87.6,86.78,87.35,40300
2022-02-11 12:15:00,87.44,88.19,86.99,87.98,63020
2022-02-11 13:15:00,88.0,88.2,87.0,87.21,49290
2022-02-11 14:15:00,87.2,87.47,86.0,86.4,81120
2022-02-11 15:15:00,86.4,88.1,86.0,86.54,72890
2022-02-14 09:15:00,80.1,85.3,80.1,85.0,236270
2022-02-14 10:15:00,85.01,85.4,85.0,85.1,40320
2022-02-14 11:15:00,85.12,85.19,84.16,84.32,23230
2022-02-14 12:15:00,84.01,84.35,83.83,84.32,26430
2022-02-14 13:15:00,84.19,84.4,83.21,83.21,45340
2022-02-14 14:15:00,83.12,83.39,80.73,81.55,157840
2022-02-14 15:15:00,81.31,83.18,80.51,81.97,93200
2022-02-15 09:15:00,81.52,83.81,79.86,80.11,155680
2022-02-15 10:15:00,80.04,80.91,79.37,80.71,71820
2022-02-15 11:15:00,80.7,80.7,79.7,79.92,52380
2022-02-15 12:15:00,79.83,80.94,79.52,80.48,57610
2022-02-15 13:15:00,80.5,82.09,80.28,82.07,35690
2022-02-15 14:15:00,82.06,84.4,82.0,83.12,133100
2022-02-15 15:15:00,84.34,84.4,83.12,83.52,37240
2022-02-16 09:15:00,85.51,86.0,82.5,83.05,92110
2022-02-16 10:15:00,83.22,84.2,82.85,82.87,72300
2022-02-16 11:15:00,82.85,83.49,82.8,83.2,15990
2022-02-16 12:15:00,83.25,83.98,83.25,83.71,22540
2022-02-16 13:15:00,83.55,83.98,83.29,83.62,20430
2022-02-16 14:15:00,83.79,84.01,82.5,82.61,57870
2022-02-16 15:15:00,82.6,83.21,82.11,82.73,38550
2022-02-17 09:15:00,83.2,83.65,82.49,82.69,34880
2022-02-17 10:15:00,82.65,82.8,82.2,82.71,30560
2022-02-17 11:15:00,82.78,82.89,82.31,82.52,32380
2022-02-17 12:15:00,82.45,82.5,82.09,82.3,34140
2022-02-17 13:15:00,82.3,82.3,82.08,82.27,14300
2022-02-17 14:15:00,82.12,82.3,80.83,81.13,62810
2022-02-17 15:15:00,81.09,81.83,80.5,81.17,32580
2022-02-18 09:15:00,81.28,81.7,80.2,81.6,35680
2022-02-18 10:15:00,81.65,82.17,81.13,82.06,33680
2022-02-18 11:15:00,82.06,82.35,81.66,81.66,19300
2022-02-18 12:15:00,81.66,82.27,81.53,81.74,36580
2022-02-18 13:15:00,81.58,81.71,81.19,81.38,23720
2022-02-18 14:15:00,81.23,81.94,80.9,80.92,25090
2022-02-18 15:15:00,80.96,81.3,80.88,81.1,20160
2022-02-21 09:15:00,80.2,80.69,78.61,79.43,113930
2022-02-21 10:15:00,79.54,79.97,79.31,79.75,17260
2022-02-21 11:15:00,79.94,80.25,79.72,79.99,8190
2022-02-21 12:15:00,79.9,80.0,79.6,79.88,18090
2022-02-21 13:15:00,79.85,79.85,79.12,79.25,13590
2022-02-21 14:15:00,79.29,79.56,77.7,78.0,63290
2022-02-21 15:15:00,77.95,78.0,77.26,77.61,26380
2022-02-22 09:15:00,75.7,76.37,74.17,74.93,144770
2022-02-22 10:15:00,75.04,77.37,74.67,76.58,129090
2022-02-22 11:15:00,76.78,76.99,76.0,76.31,65050
2022-02-22 12:15:00,76.15,76.65,75.49,75.63,62770
2022-02-22 13:15:00,75.63,76.9,75.01,76.9,33710
2022-02-22 14:15:00,76.81,77.01,76.0,76.04,33760
2022-02-22 15:15:00,76.0,76.89,76.0,76.25,25970
2022-02-23 09:15:00,76.0,78.63,76.0,77.53,164880
2022-02-23 10:15:00,77.7,77.95,77.31,77.95,13420
2022-02-23 11:15:00,77.93,78.89,77.8,78.4,29680
2022-02-23 12:15:00,78.3,78.48,77.11,78.48,34310
2022-02-23 13:15:00,78.2,78.87,78.2,78.73,18960
2022-02-23 14:15:00,78.85,79.4,78.38,78.79,32120
2022-02-23 15:15:00,78.73,78.96,78.31,78.6,23250
2022-02-24 09:15:00,75.0,76.95,74.9,76.8,171190
2022-02-24 10:15:00,76.8,77.0,76.51,77.0,45500
2022-02-24 11:15:00,77.2,77.5,76.19,76.37,35530
2022-02-24 12:15:00,76.44,76.51,73.3,74.47,110570
2022-02-24 13:15:00,74.3,75.45,72.71,74.88,85780
2022-02-24 14:15:00,74.75,76.5,73.5,76.5,121040
2022-02-24 15:15:00,76.5,78.39,75.0,76.54,112840
2022-02-25 09:15:00,76.23,80.05,76.23,79.0,201430
2022-02-25 10:15:00,79.0,80.6,78.8,79.72,82270
2022-02-25 11:15:00,79.82,80.1,79.3,79.3,15980
2022-02-25 12:15:00,79.34,79.69,78.8,79.44,22710
2022-02-25 13:15:00,79.5,80.25,79.0,79.5,59920
2022-02-25 14:15:00,79.31,81.5,79.31,80.69,222620
2022-02-25 15:15:00,80.57,80.67,79.6,80.63,30100
2022-02-28 09:15:00,79.78,80.5,76.73,79.87,131900
2022-02-28 10:15:00,79.8,80.92,79.7,80.56,76170
2022-02-28 11:15:00,80.57,80.78,80.22,80.49,39330
2022-02-28 12:15:00,80.49,82.5,80.0,82.35,115160
2022-02-28 13:15:00,82.6,82.6,80.13,80.29,105640
2022-02-28 14:15:00,80.29,85.03,80.2,84.8,284690
2022-02-28 15:15:00,84.88,84.88,83.29,83.65,74380
2022-03-02 09:15:00,85.5,88.7,84.51,88.41,451820
2022-03-02 10:15:00,88.4,92.84,88.4,91.34,665920
2022-03-02 11:15:00,91.33,91.91,89.8,89.8,203740
2022-03-02 12:15:00,89.8,90.48,89.03,90.27,155540
2022-03-02 13:15:00,90.27,90.96,89.9,90.67,146080
2022-03-02 14:15:00,90.67,91.7,90.06,90.67,168130
2022-03-02 15:15:00,90.61,91.69,90.53,91.14,100340
2022-03-03 09:15:00,93.4,95.68,92.5,93.2,703790
2022-03-03 10:15:00,93.3,93.95,92.71,93.0,90650
2022-03-03 11:15:00,92.96,93.15,92.39,92.94,45090
2022-03-03 12:15:00,92.96,94.99,92.8,93.76,300200
2022-03-03 13:15:00,93.75,99.4,93.25,99.4,1312980
2022-03-03 14:15:00,99.3,99.96,97.4,97.72,1529180
2022-03-03 15:15:00,97.52,97.98,96.11,97.27,352750
2022-03-04 09:15:00,98.0,99.8,95.13,95.3,772820
2022-03-04 10:15:00,95.45,95.5,93.43,94.55,386310
2022-03-04 11:15:00,94.67,95.5,94.45,94.8,76450
2022-03-04 12:15:00,94.74,94.93,93.01,93.37,208580
2022-03-04 13:15:00,93.36,93.95,91.62,92.48,249410
2022-03-04 14:15:00,92.48,93.0,91.03,91.5,249610
2022-03-04 15:15:00,91.65,92.0,90.11,91.29,172250
2022-03-07 09:15:00,90.0,91.0,88.0,90.6,270810
2022-03-07 10:15:00,90.46,95.71,89.45,93.72,414860
2022-03-07 11:15:00,93.98,94.5,93.2,93.59,105240
2022-03-07 12:15:00,93.59,94.22,91.05,91.55,130040
2022-03-07 13:15:00,91.55,92.39,91.21,91.8,35280
2022-03-07 14:15:00,91.93,95.0,91.06,91.84,260840
2022-03-07 15:15:00,91.84,92.51,91.11,91.68,53860
2022-03-08 09:15:00,92.02,94.57,92.0,92.68,215760
2022-03-08 10:15:00,92.49,96.14,92.4,93.67,512940
2022-03-08 11:15:00,93.5,93.7,92.0,92.65,63010
2022-03-08 12:15:00,92.44,93.5,92.3,93.34,60600
2022-03-08 13:15:00,93.21,94.44,92.96,94.2,139870
2022-03-08 14:15:00,94.4,95.49,94.4,95.3,204330
2022-03-08 15:15:00,95.11,95.4,93.9,95.0,70350
2022-03-09 09:15:00,95.97,97.88,94.37,95.37,439510
2022-03-09 10:15:00,95.45,95.49,94.36,94.59,121080
2022-03-09 11:15:00,94.7,96.73,94.67,96.47,264970
2022-03-09 12:15:00,96.31,97.4,96.26,96.86,211180
2022-03-09 13:15:00,96.95,97.0,96.06,96.74,72160
2022-03-09 14:15:00,96.74,97.35,95.82,96.3,115220
2022-03-09 15:15:00,96.38,96.4,95.5,96.04,76570
2022-03-10 09:15:00,96.44,98.0,95.0,97.92,285880
2022-03-10 10:15:00,97.95,98.2,96.41,96.9,125380
2022-03-10 11:15:00,96.9,97.0,96.15,96.95,62310
2022-03-10 12:15:00,96.89,97.2,95.92,96.0,82980
2022-03-10 13:15:00,96.0,99.3,91.32,95.18,760160
2022-03-10 14:15:00,94.91,96.83,94.67,96.22,192340
2022-03-10 15:15:00,96.22,97.5,96.22,96.82,149760
2022-03-11 09:15:00,95.7,99.99,100.08,101.33,947550
2022-03-11 10:15:00,101.4,99.99,100.0,100.4,263450
2022-03-11 11:15:00,100.24,103.4,100.0,103.2,378840
2022-03-11 12:15:00,103.37,106.59,101.58,104.08,1497720
2022-03-11 13:15:00,103.71,108.99,103.14,108.61,1256220
2022-03-11 14:15:00,108.76,113.3,106.5,106.61,2222840
2022-03-11 15:15:00,106.61,108.0,106.23,107.78,296500
2022-03-14 09:15:00,110.88,113.36,107.78,108.68,1077300
2022-03-14 10:15:00,108.7,108.83,106.66,107.56,184370
2022-03-14 11:15:00,107.37,109.13,107.0,107.77,145030
2022-03-14 12:15:00,107.88,108.2,107.15,108.2,56950
2022-03-14 13:15:00,108.2,112.95,107.1,112.37,543550
2022-03-14 14:15:00,112.39,112.5,110.16,110.47,186790
2022-03-14 15:15:00,110.24,111.45,110.0,110.64,102530
2022-03-15 09:15:00,109.5,111.43,107.5,108.7,342080
2022-03-15 10:15:00,108.9,109.37,108.0,108.9,40610
2022-03-15 11:15:00,108.89,108.9,107.64,107.89,92760
2022-03-15 12:15:00,107.98,108.0,106.11,106.95,88340
2022-03-15 13:15:00,106.46,107.1,105.95,106.8,79730
2022-03-15 14:15:00,106.79,107.9,105.31,106.58,127290
2022-03-15 15:15:00,106.55,106.71,105.65,106.49,61070
2022-03-16 09:15:00,108.43,111.37,104.5,106.13,620770
2022-03-16 10:15:00,106.3,107.0,106.2,106.77,60930
2022-03-16 11:15:00,106.75,107.0,106.2,106.83,50770
2022-03-16 12:15:00,106.75,107.0,106.31,106.45,42550
2022-03-16 13:15:00,106.0,106.89,105.22,105.68,62050
2022-03-16 14:15:00,105.58,105.67,103.25,103.86,144460
2022-03-16 15:15:00,103.85,104.4,103.65,103.94,63480
2022-03-17 09:15:00,105.77,106.95,102.5,106.2,144390
2022-03-17 10:15:00,106.0,107.9,105.57,106.96,176990
2022-03-17 11:15:00,106.89,107.0,106.12,106.8,53560
2022-03-17 12:15:00,106.8,107.5,106.69,107.4,71280
2022-03-17 13:15:00,107.58,108.84,106.71,108.0,266410
2022-03-17 14:15:00,107.96,109.32,107.75,108.45,221550
2022-03-17 15:15:00,108.0,109.5,107.02,108.48,77100
2022-03-21 09:15:00,110.24,113.4,109.21,112.72,420140
2022-03-21 10:15:00,112.72,115.0,111.88,114.01,337410
2022-03-21 11:15:00,114.01,114.9,113.25,114.1,145860
2022-03-21 12:15:00,114.1,119.76,113.8,116.29,1346850
2022-03-21 13:15:00,116.42,117.0,113.5,114.2,553090
2022-03-21 14:15:00,114.4,114.5,111.36,112.48,366340
2022-03-21 15:15:00,112.48,113.29,110.85,112.08,162890
2022-03-22 09:15:00,112.85,116.87,110.21,114.51,356070
2022-03-22 10:15:00,114.6,114.99,114.0,114.88,97080
2022-03-22 11:15:00,114.9,116.16,113.69,114.62,176320
2022-03-22 12:15:00,114.62,116.3,114.23,116.02,123140
2022-03-22 13:15:00,115.8,117.5,114.61,115.43,317810
2022-03-22 14:15:00,115.43,117.5,115.2,117.18,240980
2022-03-22 15:15:00,117.18,117.5,116.07,116.87,125350
2022-03-23 09:15:00,117.0,118.34,114.2,115.27,166710
2022-03-23 10:15:00,114.7,115.4,113.9,114.41,36020
2022-03-23 11:15:00,114.3,115.4,114.02,114.7,41460
2022-03-23 12:15:00,114.5,115.04,114.0,114.75,48780
2022-03-23 13:15:00,114.51,115.87,114.33,115.4,47610
2022-03-23 14:15:00,115.6,115.92,114.27,115.6,66150
2022-03-23 15:15:00,115.5,115.6,114.1,115.23,31970
2022-03-24 09:15:00,113.49,115.4,113.49,114.9,48110
2022-03-24 10:15:00,114.9,115.2,113.69,115.18,18110
2022-03-24 11:15:00,115.17,115.2,113.99,114.71,17770
2022-03-24 12:15:00,114.7,114.71,113.5,114.22,26960
2022-03-24 13:15:00,114.27,114.7,113.5,114.43,32570
2022-03-24 14:15:00,114.7,115.0,113.61,114.31,32370
2022-03-24 15:15:00,114.0,114.71,113.6,113.99,25780
2022-03-25 09:15:00,114.8,115.19,112.59,114.5,61210
2022-03-25 10:15:00,114.5,114.68,113.1,114.0,18030
2022-03-25 11:15:00,114.0,114.0,113.52,113.52,40500
2022-03-25 12:15:00,113.52,113.76,113.01,113.44,22250
2022-03-25 13:15:00,113.44,114.5,111.71,114.39,44770
2022-03-25 14:15:00,114.4,118.24,114.1,114.59,110490
2022-03-25 15:15:00,114.59,115.28,114.4,114.64,17130
2022-03-28 09:15:00,115.6,116.66,112.2,113.5,99420
2022-03-28 10:15:00,113.5,114.59,112.8,113.0,22740
2022-03-28 11:15:00,113.0,113.0,110.9,112.3,38230
2022-03-28 12:15:00,112.37,112.53,110.5,112.4,22090
2022-03-28 13:15:00,112.4,113.43,112.36,113.43,30750
2022-03-28 14:15:00,113.43,114.48,111.1,113.4,39540
2022-03-28 15:15:00,113.49,113.63,110.4,112.18,40520
2022-03-29 09:15:00,113.5,116.14,113.5,115.8,66280
2022-03-29 10:15:00,115.28,118.5,115.03,117.49,207860
2022-03-29 11:15:00,117.5,117.79,115.15,116.35,58410
2022-03-29 12:15:00,116.49,117.0,115.23,116.5,26410
2022-03-29 13:15:00,115.66,117.0,115.32,116.9,26980
2022-03-29 14:15:00,116.9,117.0,115.33,116.33,65840
2022-03-29 15:15:00,116.32,116.49,115.08,115.91,45270
2022-03-30 09:15:00,117.97,119.5,112.62,113.67,166870
2022-03-30 10:15:00,113.6,114.9,113.06,114.64,37280
2022-03-30 11:15:00,114.57,114.88,113.66,114.27,15290
2022-03-30 12:15:00,114.21,114.79,112.47,113.25,48570
2022-03-30 13:15:00,113.55,116.6,112.6,113.77,103510
2022-03-30 14:15:00,113.77,116.2,113.68,115.08,47820
2022-03-30 15:15:00,115.14,115.8,113.5,115.02,50880
2022-03-31 09:15:00,114.83,116.26,114.28,114.87,32110
2022-03-31 10:15:00,114.69,115.0,112.37,113.5,65620
2022-03-31 11:15:00,113.5,114.4,112.52,114.0,19390
2022-03-31 12:15:00,114.01,114.4,113.2,113.67,5800
2022-03-31 13:15:00,113.6,113.67,112.82,112.86,14740
2022-03-31 14:15:00,113.0,113.59,111.6,113.12,51680
2022-03-31 15:15:00,113.36,113.45,112.63,113.27,22900
2022-04-01 09:15:00,112.65,115.96,112.65,115.1,49530
2022-04-01 10:15:00,115.62,115.99,113.98,114.41,17710
2022-04-01 11:15:00,114.19,114.47,113.5,113.6,13790
2022-04-01 12:15:00,114.03,115.9,113.6,114.43,18780
2022-04-01 13:15:00,114.17,115.0,113.89,114.3,10040
2022-04-01 14:15:00,114.3,115.3,113.91,114.16,25090
2022-04-01 15:15:00,113.95,114.13,112.8,113.46,25670
2022-04-04 09:15:00,114.3,119.6,114.17,117.4,272140
2022-04-04 10:15:00,117.22,118.69,116.44,117.5,66850
2022-04-04 11:15:00,118.0,119.0,117.0,118.86,62580
2022-04-04 12:15:00,118.57,119.0,115.57,117.96,82830
2022-04-04 13:15:00,118.0,118.5,117.23,118.18,31400
2022-04-04 14:15:00,118.3,118.5,117.22,118.2,72350
2022-04-04 15:15:00,118.2,118.35,117.28,117.88,47780
2022-04-05 09:15:00,119.5,122.4,117.97,119.85,239460
2022-04-05 10:15:00,119.87,121.5,119.55,121.11,132120
2022-04-05 11:15:00,121.46,124.0,120.13,123.0,201000
2022-04-05 12:15:00,122.54,122.96,120.71,121.43,97140
2022-04-05 13:15:00,121.36,121.98,120.36,121.53,58070
2022-04-05 14:15:00,121.6,121.95,120.73,121.1,70530
2022-04-05 15:15:00,121.1,121.47,120.24,120.74,53660
2022-04-06 09:15:00,121.44,123.56,120.27,121.4,159540
2022-04-06 10:15:00,121.4,121.8,118.46,120.62,60810
2022-04-06 11:15:00,120.8,121.2,120.47,121.06,31930
2022-04-06 12:15:00,121.06,121.72,119.25,120.28,41070
2022-04-06 13:15:00,120.45,121.8,118.81,121.37,43980
2022-04-06 14:15:00,121.37,121.8,120.49,120.98,33380
2022-04-06 15:15:00,120.98,121.02,120.23,120.71,22930
2022-04-07 09:15:00,121.47,122.79,120.3,121.63,58230
2022-04-07 10:15:00,122.0,122.5,120.3,121.7,35900
2022-04-07 11:15:00,121.5,121.98,120.2,121.3,26770
2022-04-07 12:15:00,121.43,121.5,120.4,120.56,19800
2022-04-07 13:15:00,120.87,120.95,105.01,112.5,502750
2022-04-07 14:15:00,112.5,115.14,112.0,114.85,133670
2022-04-07 15:15:00,114.95,115.0,113.7,114.56,44490
2022-04-08 09:15:00,117.0,118.17,115.58,116.69,73880
2022-04-08 10:15:00,116.7,117.2,116.38,117.2,23660
2022-04-08 11:15:00,117.2,117.5,117.0,117.5,8700
2022-04-08 12:15:00,116.29,117.0,116.06,116.26,16610
2022-04-08 13:15:00,116.17,117.0,115.5,116.5,32430
2022-04-08 14:15:00,116.5,116.9,113.59,114.99,53380
2022-04-08 15:15:00,114.99,115.6,113.99,114.67,24970
2022-04-11 09:15:00,118.8,118.8,115.0,117.13,120770
2022-04-11 10:15:00,117.2,118.0,116.96,117.75,63260
2022-04-11 11:15:00,117.75,118.5,116.99,118.0,53110
2022-04-11 12:15:00,118.5,120.0,118.0,119.48,60830
2022-04-11 13:15:00,119.45,119.8,118.6,119.0,25220
2022-04-11 14:15:00,118.87,119.1,117.0,118.24,46390
2022-04-11 15:15:00,118.24,119.0,117.0,117.87,24280
2022-04-12 09:15:00,118.77,121.99,117.6,118.25,177080
2022-04-12 10:15:00,118.4,118.4,115.49,117.7,32850
2022-04-12 11:15:00,117.7,118.8,117.7,118.2,19310
2022-04-12 12:15:00,118.1,118.8,117.71,118.0,15310
2022-04-12 13:15:00,118.0,118.8,115.6,118.7,54630
2022-04-12 14:15:00,118.7,119.6,118.16,118.3,32970
2022-04-12 15:15:00,118.21,118.3,117.2,117.95,26760
2022-04-13 09:15:00,116.74,122.0,116.74,119.9,213180
2022-04-13 10:15:00,119.76,120.5,117.62,120.0,61660
2022-04-13 11:15:00,119.8,120.93,119.7,120.8,24010
2022-04-13 12:15:00,120.71,123.04,119.83,121.45,223210
2022-04-13 13:15:00,121.79,127.4,121.2,125.82,415720
2022-04-13 14:15:00,125.82,126.3,124.0,125.89,166490
2022-04-13 15:15:00,125.74,126.6,125.6,125.87,110570
2022-04-18 09:15:00,127.4,130.0,127.1,129.18,501630
2022-04-18 10:15:00,129.13,135.1,128.5,132.73,685040
2022-04-18 11:15:00,132.85,133.05,131.11,132.0,211490
2022-04-18 12:15:00,132.0,132.0,128.9,130.59,165210
2022-04-18 13:15:00,130.59,131.7,130.27,131.34,75640
2022-04-18 14:15:00,131.3,136.0,128.21,129.07,1469640
2022-04-18 15:15:00,129.07,129.5,128.46,129.33,251060
2022-04-19 09:15:00,130.27,130.27,126.7,127.83,329170
2022-04-19 10:15:00,127.7,128.83,127.5,128.6,56160
2022-04-19 11:15:00,128.6,128.79,128.09,128.7,31740
2022-04-19 12:15:00,128.7,130.3,128.39,128.69,57670
2022-04-19 13:15:00,128.63,132.31,128.63,132.18,166410
2022-04-19 14:15:00,132.11,132.5,126.9,127.52,205450
2022-04-19 15:15:00,127.3,127.49,126.0,127.0,102310
2022-04-20 09:15:00,127.8,129.66,127.35,128.51,125330
2022-04-20 10:15:00,128.57,129.4,127.51,128.35,51340
2022-04-20 11:15:00,128.49,128.96,126.05,127.57,59080
2022-04-20 12:15:00,127.71,128.0,127.11,127.16,31510
2022-04-20 13:15:00,127.0,127.79,126.29,126.65,65860
2022-04-20 14:15:00,126.79,126.83,123.33,123.5,131990
2022-04-20 15:15:00,123.26,124.19,122.51,123.64,57980
2022-04-21 09:15:00,124.5,126.63,124.3,126.0,104440
2022-04-21 10:15:00,126.0,126.29,125.59,125.63,27710
2022-04-21 11:15:00,125.63,127.2,125.4,127.16,41040
2022-04-21 12:15:00,127.1,127.47,126.9,127.33,32540
2022-04-21 13:15:00,127.0,127.8,125.95,125.96,90080
2022-04-21 14:15:00,125.96,126.1,122.1,123.58,228840
2022-04-21 15:15:00,123.85,123.94,123.3,123.45,46370
2022-04-22 09:15:00,123.4,125.33,122.8,124.86,109870
2022-04-22 10:15:00,125.0,127.7,125.0,126.93,89740
2022-04-22 11:15:00,127.15,128.4,126.25,127.81,85800
2022-04-22 12:15:00,127.8,128.49,127.19,128.43,168740
2022-04-22 13:15:00,128.49,130.99,128.09,130.51,192060
2022-04-22 14:15:00,130.68,132.5,129.66,130.94,366030
2022-04-22 15:15:00,131.0,131.62,130.5,131.02,139630
2022-04-25 09:15:00,130.9,130.99,126.0,128.64,516410
2022-04-25 10:15:00,128.64,129.5,128.26,128.76,165200
2022-04-25 11:15:00,128.88,129.0,127.7,127.7,75560
2022-04-25 12:15:00,127.7,128.4,126.11,126.64,159590
2022-04-25 13:15:00,126.84,127.0,126.46,126.73,71800
2022-04-25 14:15:00,126.78,126.99,125.2,125.48,184550
2022-04-25 15:15:00,125.48,126.5,124.13,125.19,91030
2022-04-26 09:15:00,127.0,128.0,124.89,126.37,173060
2022-04-26 10:15:00,126.35,127.8,126.2,127.6,75430
2022-04-26 11:15:00,127.59,127.7,124.79,124.91,315740
2022-04-26 12:15:00,124.9,124.95,122.6,123.7,319710
2022-04-26 13:15:00,123.7,124.99,123.7,124.79,82090
2022-04-26 14:15:00,124.79,124.99,123.81,124.0,82160
2022-04-26 15:15:00,123.99,124.5,123.1,123.65,59340
2022-04-27 09:15:00,122.5,123.63,118.1,119.39,732130
2022-04-27 10:15:00,119.22,119.85,118.24,119.64,244370
2022-04-27 11:15:00,119.48,119.8,119.1,119.74,32950
2022-04-27 12:15:00,119.75,119.8,119.02,119.65,42880
2022-04-27 13:15:00,119.65,120.0,119.41,119.94,139160
2022-04-27 14:15:00,119.87,121.88,119.84,120.48,79660
2022-04-27 15:15:00,120.48,120.87,119.02,120.36,49650
2022-04-28 09:15:00,120.1,121.63,119.62,120.07,191180
2022-04-28 10:15:00,120.07,121.29,120.0,120.13,202850
2022-04-28 11:15:00,120.03,123.8,119.6,121.5,253390
2022-04-28 12:15:00,121.35,121.49,120.3,120.71,37530
2022-04-28 13:15:00,120.71,122.4,120.24,122.0,82710
2022-04-28 14:15:00,122.14,122.89,121.6,122.7,103970
2022-04-28 15:15:00,122.53,123.0,122.51,122.63,43920
2022-04-29 09:15:00,123.73,123.73,121.7,122.68,59250
2022-04-29 10:15:00,122.7,122.91,122.03,122.44,30650
2022-04-29 11:15:00,122.44,123.19,121.99,122.5,73480
2022-04-29 12:15:00,122.23,122.5,122.1,122.5,34780
2022-04-29 13:15:00,122.49,122.5,121.48,121.6,32360
2022-04-29 14:15:00,121.6,122.2,119.4,119.42,96880
2022-04-29 15:15:00,119.69,120.86,119.39,120.55,32000
2022-05-02 09:15:00,119.9,121.03,118.79,119.6,366690
2022-05-02 10:15:00,119.65,120.9,119.29,120.34,45570
2022-05-02 11:15:00,120.27,120.6,119.7,120.0,35540
2022-05-02 12:15:00,120.22,120.87,119.5,119.87,89030
2022-05-02 13:15:00,119.96,120.54,119.5,120.24,49050
2022-05-02 14:15:00,120.24,123.0,120.0,122.08,129180
2022-05-02 15:15:00,121.77,122.0,120.1,121.55,59830
2022-05-04 09:15:00,122.23,127.0,122.23,127.0,486420
2022-05-04 10:15:00,126.6,128.2,125.51,127.16,325470
2022-05-04 11:15:00,127.2,128.9,126.7,127.3,295150
2022-05-04 12:15:00,127.52,127.8,125.27,126.8,236400
2022-05-04 13:15:00,126.69,127.5,125.1,125.9,125250
2022-05-04 14:15:00,125.61,126.6,122.02,122.79,218060
2022-05-04 15:15:00,122.8,122.8,121.81,122.48,90080
2022-05-05 09:15:00,122.0,122.9,120.42,122.1,384840
2022-05-05 10:15:00,122.1,124.0,122.1,122.64,91080
2022-05-05 11:15:00,122.41,122.95,122.11,122.88,17360
2022-05-05 12:15:00,122.85,123.34,122.4,122.55,14780
2022-05-05 13:15:00,122.54,123.01,121.91,122.11,43720
2022-05-05 14:15:00,122.11,122.22,119.07,119.3,118220
2022-05-05 15:15:00,119.3,120.5,118.13,119.39,65770
2022-05-06 09:15:00,117.6,117.6,113.37,116.09,378350
2022-05-06 10:15:00,116.09,116.09,113.06,113.84,71410
2022-05-06 11:15:00,113.53,114.38,112.6,113.4,49820
2022-05-06 12:15:00,113.58,114.02,112.0,112.7,343410
2022-05-06 13:15:00,112.7,114.7,110.71,114.49,104560
2022-05-06 14:15:00,114.46,118.0,111.66,118.0,209210
2022-05-06 15:15:00,118.0,119.87,116.72,116.72,75240
2022-05-09 09:15:00,114.83,117.8,111.8,112.8,370000
2022-05-09 10:15:00,112.49,113.71,110.5,110.87,106970
2022-05-09 11:15:00,110.72,112.29,110.4,112.19,43240
2022-05-09 12:15:00,112.18,112.87,111.52,112.2,76460
2022-05-09 13:15:00,112.2,112.2,111.56,111.95,71290
2022-05-09 14:15:00,111.91,116.44,111.56,115.98,168860
2022-05-09 15:15:00,115.68,115.97,113.02,114.82,48360
2022-05-10 09:15:00,112.0,116.19,112.0,113.16,288850
2022-05-10 10:15:00,113.18,114.77,112.58,113.14,59120
2022-05-10 11:15:00,113.5,114.12,112.02,112.91,132950
2022-05-10 12:15:00,112.97,112.97,111.56,111.87,57060
2022-05-10 13:15:00,111.93,111.93,107.34,108.19,100010
2022-05-10 14:15:00,108.35,109.2,106.56,107.5,190790
2022-05-10 15:15:00,107.63,107.9,105.1,105.4,67020
2022-05-11 09:15:00,105.0,107.78,103.71,104.15,141900
2022-05-11 10:15:00,104.0,104.83,101.56,102.08,85210
2022-05-11 11:15:00,101.87,104.35,101.87,103.5,100100
2022-05-11 12:15:00,103.41,103.5,100.1,101.14,96030
2022-05-11 13:15:00,101.14,102.3,100.18,101.55,91070
2022-05-11 14:15:00,101.41,107.58,100.57,106.33,233980
2022-05-11 15:15:00,106.16,106.53,101.4,104.26,84150
2022-05-12 09:15:00,102.5,103.23,101.44,102.11,177950
2022-05-12 10:15:00,102.11,103.44,100.7,100.7,157280
2022-05-12 11:15:00,100.7,99.97,100.0,99.66,102800
2022-05-12 12:15:00,99.65,99.95,96.67,98.4,174650
2022-05-12 13:15:00,98.4,99.39,96.1,96.3,82730
2022-05-12 14:15:00,96.32,99.5,100.02,100.9,236490
2022-05-12 15:15:00,100.9,99.94,100.23,100.24,96960
2022-05-13 09:15:00,100.9,103.1,100.0,100.01,254040
2022-05-13 10:15:00,100.0,99.8,98.0,99.15,213170
2022-05-13 11:15:00,99.21,99.98,100.0,100.1,115950
2022-05-13 12:15:00,100.27,99.99,100.0,99.74,210570
2022-05-13 13:15:00,99.87,99.98,100.0,98.59,119060
2022-05-13 14:15:00,98.51,99.12,95.21,95.29,215860
2022-05-13 15:15:00,95.3,97.2,95.01,96.01,76550
2022-05-16 09:15:00,90.37,94.24,90.3,91.21,522230
2022-05-16 10:15:00,91.23,92.44,91.04,92.01,176770
2022-05-16 11:15:00,92.05,93.0,91.52,91.62,102640
2022-05-16 12:15:00,91.62,92.25,91.03,91.9,51610
2022-05-16 13:15:00,91.99,93.47,91.67,93.32,115380
2022-05-16 14:15:00,93.41,94.9,92.45,93.2,134330
2022-05-16 15:15:00,92.97,94.0,92.6,93.58,52000
2022-05-17 09:15:00,93.61,99.6,93.61,97.82,355210
2022-05-17 10:15:00,98.05,99.5,97.9,98.8,91800
2022-05-17 11:15:00,98.92,99.14,98.0,98.0,104140
2022-05-17 12:15:00,98.0,98.31,96.51,98.27,158740
2022-05-17 13:15:00,98.27,99.4,97.91,99.4,87320
2022-05-17 14:15:00,99.5,99.54,97.33,98.89,111200
2022-05-17 15:15:00,98.8,99.9,100.01,99.19,58540
2022-05-18 09:15:00,99.22,99.84,100.03,101.09,260530
2022-05-18 10:15:00,101.02,101.6,100.65,100.77,105930
2022-05-18 11:15:00,100.71,101.59,100.69,101.4,35130
2022-05-18 12:15:00,101.39,99.99,100.0,100.1,48930
2022-05-18 13:15:00,100.14,101.8,100.14,101.17,32190
2022-05-18 14:15:00,101.33,102.47,101.15,101.3,77600
2022-05-18 15:15:00,101.15,102.14,101.0,101.44,37100
2022-05-19 09:15:00,98.13,99.79,96.91,99.41,82370
2022-05-19 10:15:00,99.42,99.71,99.0,99.02,63840
2022-05-19 11:15:00,99.01,99.18,98.34,98.7,45190
2022-05-19 12:15:00,98.7,99.14,98.41,99.14,54000
2022-05-19 13:15:00,99.1,99.89,99.0,99.41,52680
2022-05-19 14:15:00,99.29,99.94,100.0,99.22,132400
2022-05-19 15:15:00,99.98,99.93,100.0,99.97,24660
2022-05-20 09:15:00,101.97,119.95,101.9,102.98,125710
2022-05-20 10:15:00,102.98,103.4,102.15,103.01,69780
2022-05-20 11:15:00,103.17,103.19,101.14,101.33,62580
2022-05-20 12:15:00,101.12,101.9,100.78,101.35,37340
2022-05-20 13:15:00,101.13,102.0,100.87,101.86,57900
2022-05-20 14:15:00,102.18,104.2,100.86,104.2,177000
2022-05-20 15:15:00,104.45,104.87,104.0,104.07,56090
2022-05-23 09:15:00,97.1,98.01,86.1,89.72,2241660
2022-05-23 10:15:00,89.7,90.04,83.62,86.88,1765340
2022-05-23 11:15:00,86.89,87.51,83.83,84.33,780050
2022-05-23 12:15:00,84.11,85.6,83.26,83.26,1112460
2022-05-23 13:15:00,83.26,83.26,83.26,83.26,262940
2022-05-23 14:15:00,83.26,83.26,83.26,83.26,74900
2022-05-23 15:15:00,83.26,83.26,83.26,83.26,19190
2022-05-24 09:15:00,82.9,86.44,82.9,84.36,1072850
2022-05-24 10:15:00,84.2,85.33,84.02,84.9,225990
2022-05-24 11:15:00,84.93,86.02,84.65,85.4,275260
2022-05-24 12:15:00,85.41,86.49,84.91,85.01,315310
2022-05-24 13:15:00,85.1,85.5,84.51,84.86,115330
2022-05-24 14:15:00,84.86,85.94,83.57,85.2,364080
2022-05-24 15:15:00,85.15,85.31,82.59,84.77,230590
2022-05-25 09:15:00,84.0,85.85,84.0,85.03,263780
2022-05-25 10:15:00,84.94,86.5,84.9,86.15,185660
2022-05-25 11:15:00,86.17,86.3,85.3,85.85,131740
2022-05-25 12:15:00,85.89,86.13,84.68,85.55,117970
2022-05-25 13:15:00,85.55,87.39,85.3,86.87,233740
2022-05-25 14:15:00,86.87,86.87,86.1,86.54,224810
2022-05-25 15:15:00,86.6,86.75,85.7,86.44,76500
2022-05-26 09:15:00,88.8,88.8,84.5,85.18,288720
2022-05-26 10:15:00,85.1,85.44,83.7,85.4,116570
2022-05-26 11:15:00,85.4,86.8,85.2,86.69,73620
2022-05-26 12:15:00,86.57,88.96,86.57,87.7,194420
2022-05-26 13:15:00,87.7,88.18,86.31,87.58,106020
2022-05-26 14:15:00,87.68,89.7,87.4,89.5,366850
2022-05-26 15:15:00,89.3,90.14,89.2,89.48,113100
2022-05-27 09:15:00,90.47,91.48,87.3,88.0,214870
2022-05-27 10:15:00,87.88,88.6,87.5,88.45,100570
2022-05-27 11:15:00,88.47,89.26,88.47,88.81,90130
2022-05-27 12:15:00,88.81,89.14,88.61,88.7,26990
2022-05-27 13:15:00,88.73,89.9,88.63,89.85,57920
2022-05-27 14:15:00,89.78,89.97,88.51,88.57,112870
2022-05-27 15:15:00,88.79,88.8,87.7,88.5,58310
2022-05-30 09:15:00,88.0,89.8,88.0,89.5,109070
2022-05-30 10:15:00,89.39,89.67,88.66,88.71,33060
2022-05-30 11:15:00,88.8,88.8,88.25,88.5,29590
2022-05-30 12:15:00,88.48,88.78,88.26,88.65,20940
2022-05-30 13:15:00,88.64,89.63,88.55,89.21,55780
2022-05-30 14:15:00,89.42,89.46,88.91,88.91,49930
2022-05-30 15:15:00,89.15,89.29,88.32,88.9,35070
2022-05-31 09:15:00,88.89,90.0,88.2,90.0,89430
2022-05-31 10:15:00,90.01,90.45,89.75,89.84,54560
2022-05-31 11:15:00,89.79,89.89,88.91,89.27,29820
2022-05-31 12:15:00,89.09,89.43,88.98,89.09,16340
2022-05-31 13:15:00,89.18,89.57,89.0,89.3,28760
2022-05-31 14:15:00,89.3,91.0,88.99,90.99,166810
2022-05-31 15:15:00,90.99,92.0,90.7,90.97,110360
2022-06-01 09:15:00,92.68,92.68,91.06,91.71,98220
2022-06-01 10:15:00,91.9,92.9,91.7,92.58,101410
2022-06-01 11:15:00,92.5,92.5,92.0,92.01,25420
2022-06-01 12:15:00,92.07,92.69,91.99,92.2,29500
2022-06-01 13:15:00,92.2,92.5,91.72,92.21,47310
2022-06-01 14:15:00,92.19,92.19,90.31,90.71,105670
2022-06-01 15:15:00,91.0,91.28,90.11,90.83,56620
2022-06-02 09:15:00,91.77,92.4,90.5,91.05,84820
2022-06-02 10:15:00,91.07,91.09,88.31,89.04,106490
2022-06-02 11:15:00,89.04,89.1,88.52,88.89,62430
2022-06-02 12:15:00,88.73,88.96,88.32,88.32,77070
2022-06-02 13:15:00,88.3,88.79,88.13,88.4,67040
2022-06-02 14:15:00,88.42,88.6,88.02,88.28,92830
2022-06-02 15:15:00,88.28,88.5,88.2,88.31,54420
2022-06-03 09:15:00,89.49,89.75,88.6,88.78,58260
2022-06-03 10:15:00,88.89,89.17,88.78,89.16,20260
2022-06-03 11:15:00,89.21,89.62,88.91,89.62,17730
2022-06-03 12:15:00,89.51,89.61,88.74,88.82,22970
2022-06-03 13:15:00,88.93,88.96,87.81,88.06,68350
2022-06-03 14:15:00,88.15,88.3,87.54,87.93,38700
2022-06-03 15:15:00,87.81,89.3,87.75,88.12,27150
2022-06-06 09:15:00,87.97,88.31,86.14,87.76,70320
2022-06-06 10:15:00,87.6,88.29,87.27,87.89,36890
2022-06-06 11:15:00,87.9,88.28,87.67,88.21,17770
2022-06-06 12:15:00,88.15,88.5,87.83,88.18,14270
2022-06-06 13:15:00,88.32,88.65,88.0,88.51,14650
2022-06-06 14:15:00,88.41,88.49,87.83,87.83,39330
2022-06-06 15:15:00,87.99,88.29,87.48,87.81,26220
2022-06-07 09:15:00,87.79,87.79,85.91,86.44,63810
2022-06-07 10:15:00,86.48,86.48,85.28,85.32,73820
2022-06-07 11:15:00,85.3,86.3,85.3,86.2,47940
2022-06-07 12:15:00,86.1,87.21,86.02,87.14,40870
2022-06-07 13:15:00,87.38,87.5,87.0,87.22,38190
2022-06-07 14:15:00,87.2,87.68,87.0,87.5,27400
2022-06-07 15:15:00,87.23,87.5,86.87,87.3,15670
2022-06-08 09:15:00,87.5,87.5,86.54,87.2,41390
2022-06-08 10:15:00,87.2,87.95,86.99,87.5,27540
2022-06-08 11:15:00,87.49,87.72,86.95,86.95,21440
2022-06-08 12:15:00,86.95,87.38,86.5,87.0,43070
2022-06-08 13:15:00,86.9,87.43,86.54,87.22,21400
2022-06-08 14:15:00,87.2,88.29,87.05,87.91,52510
2022-06-08 15:15:00,88.3,88.5,88.05,88.1,20010
2022-06-09 09:15:00,88.13,90.9,87.34,90.35,169110
2022-06-09 10:15:00,90.11,91.27,89.1,89.1,93000
2022-06-09 11:15:00,89.1,89.7,89.0,89.65,21540
2022-06-09 12:15:00,89.43,89.68,88.81,88.81,18900
2022-06-09 13:15:00,88.87,89.81,88.81,89.81,27880
2022-06-09 14:15:00,90.2,90.22,89.53,89.82,28100
2022-06-09 15:15:00,89.82,89.83,89.0,89.61,22610
2022-06-10 09:15:00,87.03,88.61,87.03,88.15,34580
2022-06-10 10:15:00,88.37,88.93,88.37,88.81,20060
2022-06-10 11:15:00,88.81,89.33,88.32,89.3,21610
2022-06-10 12:15:00,89.3,89.53,88.75,88.79,8920
2022-06-10 13:15:00,88.92,88.92,88.21,88.3,32930
2022-06-10 14:15:00,88.3,89.79,88.29,89.0,34010
2022-06-10 15:15:00,89.0,89.1,87.57,88.48,22140
2022-06-13 09:15:00,86.19,87.02,85.51,86.02,63890
2022-06-13 10:15:00,85.96,86.39,85.6,86.19,17990
2022-06-13 11:15:00,86.18,86.18,85.52,85.62,20610
2022-06-13 12:15:00,85.77,85.8,84.64,84.8,45160
2022-06-13 13:15:00,84.8,85.18,84.19,84.83,39110
2022-06-13 14:15:00,84.7,85.36,84.3,85.18,31620
2022-06-13 15:15:00,85.17,85.18,84.5,84.95,21890
2022-06-14 09:15:00,85.97,85.97,83.82,84.09,78200
2022-06-14 10:15:00,84.18,84.5,84.0,84.49,38080
2022-06-14 11:15:00,84.39,84.4,83.22,83.73,90560
2022-06-14 12:15:00,83.7,83.8,82.73,83.5,36860
2022-06-14 13:15:00,83.49,83.56,82.42,82.5,54450
2022-06-14 14:15:00,82.53,82.96,81.5,82.23,60550
2022-06-14 15:15:00,82.22,83.28,82.0,82.49,47190
2022-06-15 09:15:00,83.37,83.9,82.52,83.4,55930
2022-06-15 10:15:00,83.3,83.76,83.0,83.51,31950
2022-06-15 11:15:00,83.5,83.69,83.13,83.62,7100
2022-06-15 12:15:00,83.46,84.02,83.38,83.9,15390
2022-06-15 13:15:00,84.0,84.1,83.65,83.87,7190
2022-06-15 14:15:00,83.89,83.93,83.42,83.42,19140
2022-06-15 15:15:00,83.39,83.98,82.85,83.28,30590
2022-06-16 09:15:00,84.9,85.03,83.59,83.6,54550
2022-06-16 10:15:00,83.62,83.67,82.91,82.91,12080
2022-06-16 11:15:00,82.9,82.9,81.1,81.34,45150
2022-06-16 12:15:00,81.34,81.65,80.61,80.74,25980
2022-06-16 13:15:00,80.93,81.2,79.54,79.88,77860
2022-06-16 14:15:00,79.53,79.78,78.0,79.55,117690
2022-06-16 15:15:00,79.55,79.55,78.3,79.12,34090
2022-06-17 09:15:00,77.7,79.72,77.05,78.31,106470
2022-06-17 10:15:00,78.22,79.17,78.01,78.66,23340
2022-06-17 11:15:00,78.42,78.57,77.67,78.0,24790
2022-06-17 12:15:00,77.87,78.28,77.61,77.72,18930
2022-06-17 13:15:00,77.78,78.16,77.65,78.11,19620
2022-06-17 14:15:00,78.2,78.8,77.2,77.51,41650
2022-06-17 15:15:00,77.6,77.72,76.34,77.41,27400
2022-06-20 09:15:00,76.94,77.32,71.73,72.52,274230
2022-06-20 10:15:00,72.37,73.15,72.09,72.84,31310
2022-06-20 11:15:00,72.68,73.5,72.51,73.05,41360
2022-06-20 12:15:00,73.02,74.11,72.96,73.81,95800
2022-06-20 13:15:00,73.81,73.92,72.46,72.5,81240
2022-06-20 14:15:00,72.33,72.5,70.9,71.69,99510
2022-06-20 15:15:00,71.63,72.0,70.0,71.35,51750
2022-06-21 09:15:00,72.0,74.96,72.0,74.73,114390
2022-06-21 10:15:00,74.67,75.0,74.49,74.72,17830
2022-06-21 11:15:00,74.63,75.33,74.59,75.14,17570
2022-06-21 12:15:00,75.1,75.5,74.4,75.5,31600
2022-06-21 13:15:00,75.36,76.42,75.3,76.25,45440
2022-06-21 14:15:00,76.26,77.0,76.2,76.6,33000
2022-06-21 15:15:00,76.75,77.0,76.7,76.72,18210
2022-06-22 09:15:00,76.2,78.35,74.1,77.4,146460
2022-06-22 10:15:00,77.19,77.7,76.68,77.62,28930
2022-06-22 11:15:00,77.69,77.7,77.36,77.58,13410
2022-06-22 12:15:00,77.5,78.0,77.27,77.77,18710
2022-06-22 13:15:00,77.63,78.14,77.51,77.82,21330
2022-06-22 14:15:00,77.54,79.8,77.54,78.2,69670
2022-06-22 15:15:00,78.2,78.8,78.0,78.45,18130
2022-06-23 09:15:00,77.7,78.91,77.0,78.28,83130
2022-06-23 10:15:00,78.28,78.37,77.77,77.8,9520
2022-06-23 11:15:00,77.8,78.19,76.18,76.54,43320
2022-06-23 12:15:00,76.48,76.8,76.01,76.37,25530
2022-06-23 13:15:00,76.32,77.29,76.3,76.66,12940
2022-06-23 14:15:00,76.76,77.2,76.5,77.04,7650
2022-06-23 15:15:00,76.91,77.15,76.12,76.77,30340
2022-06-24 09:15:00,77.0,79.01,77.0,78.56,51600
2022-06-24 10:15:00,78.49,79.14,78.42,78.7,21870
2022-06-24 11:15:00,78.95,79.02,78.47,78.55,8470
2022-06-24 12:15:00,78.5,79.04,78.5,78.73,6720
2022-06-24 13:15:00,78.64,79.64,78.59,79.56,15220
2022-06-24 14:15:00,79.39,79.95,78.9,79.95,29600
2022-06-24 15:15:00,79.95,80.6,79.5,80.0,36280
2022-06-27 09:15:00,82.4,83.98,82.4,83.24,195290
2022-06-27 10:15:00,83.24,83.4,82.23,82.7,21820
2022-06-27 11:15:00,82.72,83.0,82.0,82.01,17030
2022-06-27 12:15:00,82.11,82.49,81.85,82.46,14010
2022-06-27 13:15:00,82.47,82.48,82.0,82.44,33090
2022-06-27 14:15:00,82.44,83.1,81.21,81.52,74650
2022-06-27 15:15:00,81.5,81.67,80.6,81.29,38860
2022-06-28 09:15:00,80.6,81.12,79.9,80.77,67990
2022-06-28 10:15:00,80.78,81.18,80.6,81.13,30220
2022-06-28 11:15:00,81.2,82.65,81.2,82.3,37970
2022-06-28 12:15:00,82.24,82.51,82.1,82.1,13350
2022-06-28 13:15:00,82.3,82.99,82.13,82.52,22080
2022-06-28 14:15:00,82.16,82.99,81.86,82.5,20620
2022-06-28 15:15:00,82.7,82.9,82.2,82.6,19430
2022-06-29 09:15:00,82.2,83.74,81.24,82.9,35490
2022-06-29 10:15:00,83.04,83.44,82.82,83.26,19770
2022-06-29 11:15:00,83.26,83.48,83.18,83.2,8500
2022-06-29 12:15:00,83.32,83.48,82.63,83.32,15830
2022-06-29 13:15:00,83.39,83.66,81.73,82.34,45550
2022-06-29 14:15:00,82.56,82.6,81.6,81.6,20310
2022-06-29 15:15:00,81.67,81.94,81.5,81.8,8660
2022-06-30 09:15:00,82.97,82.97,80.6,81.01,113920
2022-06-30 10:15:00,80.7,81.38,80.26,80.7,30970
2022-06-30 11:15:00,80.6,81.27,80.5,81.12,11830
2022-06-30 12:15:00,81.1,81.9,81.09,81.9,27720
2022-06-30 13:15:00,81.9,82.44,81.5,82.21,51710
2022-06-30 14:15:00,82.21,82.69,81.15,81.25,53630
2022-06-30 15:15:00,81.3,81.6,80.55,81.22,21740
2022-07-01 09:15:00,80.3,81.8,80.15,80.2,33620
2022-07-01 10:15:00,80.2,80.8,80.11,80.8,10800
2022-07-01 11:15:00,80.8,81.6,80.72,81.0,20580
2022-07-01 12:15:00,81.06,81.37,81.06,81.36,4430
2022-07-01 13:15:00,81.36,81.64,80.8,81.21,32340
2022-07-01 14:15:00,81.21,82.0,81.05,82.0,20890
2022-07-01 15:15:00,82.04,82.44,81.31,81.83,11470
2022-07-04 09:15:00,81.29,82.61,81.01,81.82,37040
2022-07-04 10:15:00,81.88,82.16,81.41,81.6,15390
2022-07-04 11:15:00,81.6,83.16,81.04,83.13,73580
2022-07-04 12:15:00,83.06,83.15,82.5,82.86,11070
2022-07-04 13:15:00,82.87,83.21,82.66,82.9,10480
2022-07-04 14:15:00,83.0,84.88,82.94,84.49,70740
2022-07-04 15:15:00,84.21,84.88,84.03,84.54,25870
2022-07-05 09:15:00,85.0,85.05,83.81,84.46,29610
2022-07-05 10:15:00,84.14,84.78,83.2,84.69,19390
2022-07-05 11:15:00,84.61,84.88,84.27,84.5,21660
2022-07-05 12:15:00,84.35,84.6,84.2,84.5,7250
2022-07-05 13:15:00,84.5,84.56,82.78,83.5,38900
2022-07-05 14:15:00,83.44,84.39,82.93,83.38,45380
2022-07-05 15:15:00,83.38,84.0,83.0,83.21,14750
2022-07-06 09:15:00,82.8,83.34,81.5,82.37,42690
2022-07-06 10:15:00,82.38,82.6,81.6,81.93,23720
2022-07-06 11:15:00,81.73,82.3,81.7,82.0,13050
2022-07-06 12:15:00,82.2,82.69,82.1,82.62,7540
2022-07-06 13:15:00,82.62,83.31,82.44,83.17,20410
2022-07-06 14:15:00,83.37,83.9,82.45,83.22,34900
2022-07-06 15:15:00,83.37,83.37,82.15,82.65,28320
2022-07-07 09:15:00,84.0,84.87,83.76,84.42,32000
2022-07-07 10:15:00,84.14,84.52,83.53,83.67,17120
2022-07-07 11:15:00,83.67,84.6,83.26,84.6,23820
2022-07-07 12:15:00,84.62,86.83,84.5,86.2,73360
2022-07-07 13:15:00,86.33,86.57,86.0,86.0,19690
2022-07-07 14:15:00,86.0,88.8,85.52,88.4,149560
2022-07-07 15:15:00,88.25,88.25,87.5,87.89,30420
2022-07-08 09:15:00,88.79,90.42,88.02,89.49,98780
2022-07-08 10:15:00,89.49,90.5,87.74,89.03,247900
2022-07-08 11:15:00,89.07,89.96,88.8,88.96,60090
2022-07-08 12:15:00,88.9,89.24,88.15,88.36,18720
2022-07-08 13:15:00,88.3,88.96,88.22,88.51,20030
2022-07-08 14:15:00,88.54,89.0,87.64,88.2,32450
2022-07-08 15:15:00,88.01,88.06,87.06,87.75,36070
2022-07-11 09:15:00,87.31,87.55,86.62,87.07,30360
2022-07-11 10:15:00,87.17,88.56,87.17,87.7,29900
2022-07-11 11:15:00,87.49,87.96,87.4,87.91,8390
2022-07-11 12:15:00,88.12,88.38,87.6,87.96,6790
2022-07-11 13:15:00,88.0,91.7,88.0,90.5,128220
2022-07-11 14:15:00,90.45,90.9,90.1,90.32,33350
2022-07-11 15:15:00,90.32,90.68,90.3,90.44,31560
2022-07-12 09:15:00,89.25,90.36,89.2,90.04,57410
2022-07-12 10:15:00,90.04,90.04,88.52,88.7,36590
2022-07-12 11:15:00,88.91,88.91,87.6,88.12,25280
2022-07-12 12:15:00,88.29,88.37,87.45,87.5,16320
2022-07-12 13:15:00,87.5,89.0,87.5,88.9,19820
2022-07-12 14:15:00,89.0,90.11,88.51,88.95,70130
2022-07-12 15:15:00,88.73,88.89,88.11,88.55,18690
2022-07-13 09:15:00,89.0,90.47,89.0,89.21,44560
2022-07-13 10:15:00,89.21,89.4,88.3,88.5,14720
2022-07-13 11:15:00,88.34,88.73,88.21,88.59,18100
2022-07-13 12:15:00,88.6,88.9,88.38,88.4,6620
2022-07-13 13:15:00,88.45,88.45,87.58,88.05,16610
2022-07-13 14:15:00,88.0,88.32,87.76,88.06,9100
2022-07-13 15:15:00,88.05,88.3,87.0,87.43,35950
2022-07-14 09:15:00,87.33,87.6,85.88,86.42,66900
2022-07-14 10:15:00,86.39,86.5,86.2,86.29,14670
2022-07-14 11:15:00,86.29,86.42,86.16,86.42,15500
2022-07-14 12:15:00,86.4,86.68,86.18,86.33,10200
2022-07-14 13:15:00,86.31,86.4,86.0,86.09,15850
2022-07-14 14:15:00,86.09,86.48,85.89,86.26,15950
2022-07-14 15:15:00,86.12,86.49,86.0,86.28,13900
2022-07-15 09:15:00,85.53,86.77,85.32,85.63,30800
2022-07-15 10:15:00,85.7,87.42,85.6,86.86,56900
2022-07-15 11:15:00,86.86,86.87,86.0,86.0,17790
2022-07-15 12:15:00,86.19,86.4,85.52,86.06,15000
2022-07-15 13:15:00,86.06,87.0,85.7,86.57,77260
2022-07-15 14:15:00,86.47,87.45,86.43,87.17,82200
2022-07-15 15:15:00,87.13,87.2,86.63,87.03,20910
2022-07-18 09:15:00,87.03,87.85,87.03,87.44,16070
2022-07-18 10:15:00,87.43,87.8,87.32,87.75,8310
2022-07-18 11:15:00,87.74,87.75,87.31,87.75,3660
2022-07-18 12:15:00,87.79,87.92,87.3,87.69,10080
2022-07-18 13:15:00,87.54,88.2,87.39,87.67,24580
2022-07-18 14:15:00,87.68,87.92,87.0,87.29,29380
2022-07-18 15:15:00,87.32,87.59,86.6,87.15,16740
2022-07-19 09:15:00,87.17,89.6,86.46,89.4,87620
2022-07-19 10:15:00,89.21,89.39,88.81,89.11,92570
2022-07-19 11:15:00,89.01,89.16,85.8,86.76,114530
2022-07-19 12:15:00,86.65,87.83,86.65,87.15,30510
2022-07-19 13:15:00,87.15,87.46,85.92,86.83,101220
2022-07-19 14:15:00,86.63,90.36,86.53,89.02,141670
2022-07-19 15:15:00,88.41,89.25,88.41,89.25,28270
2022-07-20 09:15:00,90.0,91.5,90.0,91.4,94160
2022-07-20 10:15:00,91.39,91.65,90.8,91.27,67850
2022-07-20 11:15:00,91.26,91.71,91.2,91.27,31410
2022-07-20 12:15:00,91.27,91.8,90.55,90.55,18130
2022-07-20 13:15:00,90.6,90.79,90.3,90.52,16310
2022-07-20 14:15:00,90.52,90.52,88.54,88.54,51450
2022-07-20 15:15:00,88.96,89.53,88.5,89.06,20280
2022-07-21 09:15:00,90.4,91.94,90.13,91.39,99270
2022-07-21 10:15:00,91.5,91.5,90.6,91.26,21790
2022-07-21 11:15:00,91.09,91.49,90.92,91.16,19010
2022-07-21 12:15:00,91.1,91.35,90.7,90.71,11120
2022-07-21 13:15:00,90.7,91.06,90.16,90.57,20190
2022-07-21 14:15:00,90.7,90.8,90.25,90.41,14700
2022-07-21 15:15:00,90.4,90.9,89.72,90.24,26610
2022-07-22 09:15:00,90.97,91.7,90.33,90.72,43690
2022-07-22 10:15:00,90.62,90.88,90.0,90.22,14490
2022-07-22 11:15:00,90.2,91.14,90.1,90.98,22860
2022-07-22 12:15:00,91.2,93.65,91.05,93.0,138610
2022-07-22 13:15:00,93.0,93.51,92.8,92.99,71990
2022-07-22 14:15:00,93.13,93.2,92.17,92.94,69080
2022-07-22 15:15:00,92.71,92.95,92.41,92.63,30600
2022-07-25 09:15:00,92.26,93.05,90.97,91.33,83560
2022-07-25 10:15:00,91.27,91.5,91.1,91.1,11590
2022-07-25 11:15:00,91.19,91.6,91.19,91.24,9760
2022-07-25 12:15:00,91.24,91.6,91.15,91.17,11360
2022-07-25 13:15:00,91.18,91.84,91.12,91.72,8290
2022-07-25 14:15:00,91.63,91.72,91.01,91.7,17730
2022-07-25 15:15:00,91.71,91.9,91.32,91.64,36640
2022-07-26 09:15:00,91.64,91.98,91.13,91.29,26370
2022-07-26 10:15:00,91.3,91.3,90.8,90.93,23080
2022-07-26 11:15:00,90.81,90.81,90.2,90.33,15880
2022-07-26 12:15:00,90.5,90.6,90.11,90.43,4040
2022-07-26 13:15:00,90.34,90.7,90.34,90.53,5530
2022-07-26 14:15:00,90.66,90.84,90.11,90.2,16650
2022-07-26 15:15:00,90.21,90.6,89.7,90.17,35010
2022-07-27 09:15:00,90.97,90.97,89.3,89.77,33210
2022-07-27 10:15:00,89.77,89.98,89.62,89.62,6960
2022-07-27 11:15:00,89.62,89.89,89.6,89.61,12380
2022-07-27 12:15:00,89.71,89.84,89.2,89.29,38220
2022-07-27 13:15:00,89.29,90.64,89.29,90.5,33420
2022-07-27 14:15:00,90.5,91.39,89.06,91.0,48030
2022-07-27 15:15:00,91.1,91.15,89.17,90.61,15350
2022-07-28 09:15:00,91.0,92.37,91.0,91.7,45840
2022-07-28 10:15:00,91.62,92.0,91.57,91.79,13450
2022-07-28 11:15:00,91.94,92.0,91.38,91.52,13470
2022-07-28 12:15:00,91.54,91.65,91.45,91.45,6680
2022-07-28 13:15:00,91.4,92.95,91.4,92.5,53110
2022-07-28 14:15:00,92.5,93.1,92.5,92.89,64740
2022-07-28 15:15:00,92.9,93.0,92.0,92.68,12130
2022-07-29 09:15:00,92.5,94.9,92.5,94.2,71590
2022-07-29 10:15:00,94.06,94.5,93.4,93.53,37010
2022-07-29 11:15:00,93.55,93.65,92.12,92.3,83290
2022-07-29 12:15:00,92.3,92.4,92.11,92.27,14400
2022-07-29 13:15:00,92.23,92.27,90.2,91.6,107700
2022-07-29 14:15:00,91.51,94.8,91.5,94.77,129050
2022-07-29 15:15:00,94.8,96.97,94.55,95.39,225940
2022-08-01 09:15:00,92.78,93.75,90.74,91.97,265650
2022-08-01 10:15:00,92.05,92.33,91.34,91.67,88360
2022-08-01 11:15:00,91.97,92.69,91.4,92.1,178720
2022-08-01 12:15:00,92.31,92.8,92.1,92.76,50670
2022-08-01 13:15:00,92.6,93.58,92.37,93.3,87930
2022-08-01 14:15:00,93.32,94.47,92.74,94.2,171630
2022-08-01 15:15:00,94.47,94.47,93.1,94.02,42420
2022-08-02 09:15:00,93.78,93.78,90.7,91.5,202700
2022-08-02 10:15:00,91.5,91.63,91.29,91.35,31200
2022-08-02 11:15:00,91.5,91.65,91.11,91.25,48580
2022-08-02 12:15:00,91.28,91.29,90.85,90.85,38840
2022-08-02 13:15:00,90.8,91.1,90.8,91.1,83780
2022-08-02 14:15:00,91.1,91.7,90.92,91.08,79660
2022-08-02 15:15:00,91.08,91.18,90.85,90.99,83910
2022-08-03 09:15:00,90.5,91.49,88.5,88.59,169900
2022-08-03 10:15:00,88.53,89.0,88.5,88.75,32950
2022-08-03 11:15:00,88.73,88.75,88.12,88.38,27690
2022-08-03 12:15:00,88.38,88.6,88.28,88.6,26860
2022-08-03 13:15:00,88.6,88.8,87.8,88.8,51130
2022-08-03 14:15:00,88.8,88.8,87.92,88.29,41580
2022-08-03 15:15:00,88.2,88.3,87.71,87.96,42040
2022-08-04 09:15:00,88.29,88.29,86.66,87.8,63620
2022-08-04 10:15:00,87.91,88.2,87.8,87.85,30510
2022-08-04 11:15:00,87.94,87.94,86.85,87.2,36190
2022-08-04 12:15:00,87.2,87.2,86.87,87.0,26490
2022-08-04 13:15:00,87.0,87.7,86.84,87.7,36570
2022-08-04 14:15:00,87.7,88.0,86.7,87.9,48320
2022-08-04 15:15:00,87.12,87.48,86.4,87.11,45790
2022-08-05 09:15:00,87.2,87.89,86.86,87.21,70390
2022-08-05 10:15:00,87.13,87.33,86.5,86.85,29180
2022-08-05 11:15:00,86.82,87.0,86.46,86.82,29630
2022-08-05 12:15:00,86.9,87.0,86.66,87.0,11780
2022-08-05 13:15:00,86.9,87.8,86.9,87.7,54080
2022-08-05 14:15:00,87.7,87.87,87.4,87.7,48200
2022-08-05 15:15:00,87.5,87.9,87.25,87.51,38790
2022-08-08 09:15:00,87.6,87.62,86.51,86.69,49720
2022-08-08 10:15:00,86.7,86.72,86.26,86.4,30910
2022-08-08 11:15:00,86.4,86.46,86.1,86.3,28140
2022-08-08 12:15:00,86.2,86.29,86.0,86.14,31680
2022-08-08 13:15:00,86.14,86.5,86.01,86.46,60150
2022-08-08 14:15:00,86.47,86.48,85.5,85.7,59410
2022-08-08 15:15:00,85.71,85.86,85.61,85.81,34280
2022-08-10 09:15:00,86.84,86.84,85.31,85.6,65690
2022-08-10 10:15:00,85.53,86.67,85.36,86.65,32630
2022-08-10 11:15:00,86.61,86.65,85.5,85.67,22680
2022-08-10 12:15:00,85.91,86.0,85.36,85.59,25230
2022-08-10 13:15:00,85.58,86.0,85.08,85.73,36920
2022-08-10 14:15:00,85.68,87.0,85.43,86.57,87140
2022-08-10 15:15:00,86.6,86.6,85.62,86.41,26820
2022-08-11 09:15:00,86.79,88.05,86.77,87.54,58640
2022-08-11 10:15:00,87.5,87.67,87.06,87.2,18850
2022-08-11 11:15:00,87.2,87.3,86.9,87.14,4720
2022-08-11 12:15:00,87.14,87.48,87.02,87.09,5830
2022-08-11 13:15:00,87.16,87.16,86.33,86.77,22260
2022-08-11 14:15:00,86.59,87.0,85.5,86.8,65080
2022-08-11 15:15:00,86.8,87.7,86.8,86.85,43960
2022-08-12 09:15:00,87.29,89.3,87.13,88.75,82920
2022-08-12 10:15:00,88.7,88.96,88.53,88.73,31970
2022-08-12 11:15:00,88.7,88.72,87.9,88.2,27360
2022-08-12 12:15:00,88.24,88.67,87.91,88.25,20360
2022-08-12 13:15:00,88.25,88.32,87.9,88.0,11700
2022-08-12 14:15:00,87.86,88.0,87.0,87.2,34870
2022-08-12 15:15:00,87.38,87.47,86.4,86.97,19240
2022-08-16 09:15:00,87.8,88.12,87.0,87.94,51670
2022-08-16 10:15:00,87.88,87.97,87.62,87.68,18270
2022-08-16 11:15:00,87.94,87.96,87.21,87.6,17470
2022-08-16 12:15:00,87.48,87.7,87.48,87.57,5560
2022-08-16 13:15:00,87.69,87.88,87.4,87.77,16730
2022-08-16 14:15:00,87.56,89.5,87.56,89.18,92940
2022-08-16 15:15:00,89.2,89.56,85.4,87.76,105720
2022-08-17 09:15:00,87.6,89.01,87.59,88.5,53900
2022-08-17 10:15:00,88.7,89.14,88.57,89.14,11960
2022-08-17 11:15:00,89.2,89.38,88.2,88.77,46420
2022-08-17 12:15:00,88.62,88.99,88.6,88.85,10490
2022-08-17 13:15:00,88.85,89.3,88.4,88.82,33960
2022-08-17 14:15:00,88.87,89.04,88.3,88.9,44830
2022-08-17 15:15:00,88.94,89.0,88.2,88.68,20610
2022-08-18 09:15:00,89.55,89.9,89.0,89.41,58820
2022-08-18 10:15:00,89.38,89.38,88.1,88.72,54440
2022-08-18 11:15:00,88.75,89.03,88.4,88.41,27890
2022-08-18 12:15:00,88.41,89.03,88.41,89.03,8390
2022-08-18 13:15:00,89.18,89.18,88.5,88.8,17130
2022-08-18 14:15:00,88.8,89.6,88.8,89.18,37980
2022-08-18 15:15:00,88.95,89.3,88.6,88.98,11900
2022-08-19 09:15:00,89.37,89.6,89.0,89.25,45570
2022-08-19 10:15:00,89.33,89.4,88.84,88.95,25780
2022-08-19 11:15:00,88.99,89.1,88.45,88.55,17280
2022-08-19 12:15:00,88.64,88.64,87.9,88.36,19000
2022-08-19 13:15:00,88.4,88.99,88.27,88.53,15960
2022-08-19 14:15:00,88.58,88.85,88.5,88.5,20320
2022-08-19 15:15:00,88.57,88.57,87.55,88.09,18520
2022-08-22 09:15:00,87.9,88.3,87.17,87.66,35090
2022-08-22 10:15:00,87.69,88.01,87.4,87.4,9070
2022-08-22 11:15:00,87.59,87.84,87.2,87.84,23360
2022-08-22 12:15:00,87.84,88.2,87.31,88.03,24090
2022-08-22 13:15:00,88.15,88.2,87.8,87.83,9980
2022-08-22 14:15:00,88.0,89.43,87.64,88.93,54710
2022-08-22 15:15:00,88.93,89.3,88.81,88.98,19260
2022-08-23 09:15:00,87.22,89.48,87.22,89.29,65580
2022-08-23 10:15:00,89.12,89.4,87.8,87.96,43480
2022-08-23 11:15:00,87.8,88.44,87.62,88.15,19720
2022-08-23 12:15:00,87.97,88.6,87.97,88.4,3650
2022-08-23 13:15:00,88.3,89.3,88.17,88.5,18140
2022-08-23 14:15:00,88.35,89.3,88.09,88.68,30700
2022-08-23 15:15:00,88.5,88.77,88.12,88.47,19170
2022-08-24 09:15:00,88.46,89.45,88.31,89.08,34700
2022-08-24 10:15:00,89.2,89.2,88.6,88.91,8890
2022-08-24 11:15:00,88.68,89.0,88.68,88.84,14760
2022-08-24 12:15:00,88.8,89.0,88.6,88.7,11120
2022-08-24 13:15:00,88.94,88.94,88.58,88.7,14740
2022-08-24 14:15:00,88.51,89.0,88.51,88.8,24700
2022-08-24 15:15:00,88.72,89.12,88.62,88.96,12530
2022-08-25 09:15:00,89.37,89.9,88.8,89.11,65320
2022-08-25 10:15:00,88.81,88.99,88.46,88.66,35890
2022-08-25 11:15:00,88.66,88.69,88.1,88.61,16260
2022-08-25 12:15:00,88.7,89.2,88.6,88.95,17320
2022-08-25 13:15:00,89.03,89.15,88.8,89.0,12340
2022-08-25 14:15:00,89.0,89.09,88.22,88.22,51850
2022-08-25 15:15:00,88.23,88.76,88.01,88.56,14870
2022-08-26 09:15:00,88.31,89.7,88.31,89.19,38940
2022-08-26 10:15:00,88.99,89.2,88.7,89.0,15770
2022-08-26 11:15:00,88.93,89.39,88.8,89.05,25670
2022-08-26 12:15:00,89.09,89.5,89.0,89.23,143820
2022-08-26 13:15:00,89.48,89.8,88.93,89.4,19530
2022-08-26 14:15:00,89.41,89.8,89.08,89.5,20400
2022-08-26 15:15:00,89.47,89.47,88.8,89.07,30960
2022-08-29 09:15:00,88.77,88.77,86.77,87.67,49510
2022-08-29 10:15:00,87.7,88.0,87.47,87.91,21220
2022-08-29 11:15:00,87.92,88.99,87.8,88.51,24210
2022-08-29 12:15:00,88.72,91.35,88.67,90.36,132180
2022-08-29 13:15:00,90.13,91.07,90.04,90.28,31880
2022-08-29 14:15:00,90.29,91.0,90.05,90.15,58070
2022-08-29 15:15:00,90.2,90.8,89.86,90.37,18990
2022-08-30 09:15:00,91.0,91.5,90.86,90.9,31520
2022-08-30 10:15:00,90.9,90.94,90.5,90.7,15050
2022-08-30 11:15:00,90.92,90.92,90.17,90.34,9990
2022-08-30 12:15:00,90.33,90.4,90.04,90.4,11950
2022-08-30 13:15:00,90.4,91.06,90.4,91.06,38650
2022-08-30 14:15:00,91.06,92.0,90.0,91.92,240510
2022-08-30 15:15:00,91.94,92.3,90.8,91.71,126770
2022-09-01 09:15:00,91.74,91.74,90.26,90.83,34270
2022-09-01 10:15:00,90.79,90.94,90.35,90.61,14020
2022-09-01 11:15:00,90.51,90.63,90.3,90.4,11090
2022-09-01 12:15:00,90.44,90.44,88.5,89.09,52180
2022-09-01 13:15:00,89.19,89.5,88.9,89.48,33370
2022-09-01 14:15:00,89.4,89.81,88.95,89.45,32430
2022-09-01 15:15:00,89.48,90.49,89.29,89.62,29210
2022-09-02 09:15:00,89.52,90.2,88.85,88.85,20530
2022-09-02 10:15:00,88.92,89.0,88.74,88.82,15750
2022-09-02 11:15:00,88.97,88.97,88.5,88.9,25950
2022-09-02 12:15:00,88.6,89.3,88.57,88.9,18570
2022-09-02 13:15:00,88.93,89.07,88.51,88.84,8610
2022-09-02 14:15:00,88.6,89.3,88.5,89.01,43410
2022-09-02 15:15:00,88.63,89.01,88.6,88.8,23220
2022-09-05 09:15:00,89.23,90.3,88.82,90.23,42980
2022-09-05 10:15:00,90.26,93.47,90.14,92.55,220440
2022-09-05 11:15:00,92.55,92.82,91.9,92.61,47890
2022-09-05 12:15:00,92.56,92.82,92.2,92.55,66910
2022-09-05 13:15:00,92.7,92.79,91.16,91.63,60180
2022-09-05 14:15:00,91.65,91.98,91.31,91.31,47730
2022-09-05 15:15:00,91.44,91.5,91.05,91.43,28090
2022-09-06 09:15:00,91.89,93.06,91.0,91.6,73190
2022-09-06 10:15:00,91.58,91.58,90.01,91.4,40070
2022-09-06 11:15:00,91.42,91.81,90.88,91.06,30660
2022-09-06 12:15:00,91.01,91.33,89.36,89.99,108370
2022-09-06 13:15:00,89.41,90.59,89.3,89.87,129450
2022-09-06 14:15:00,90.0,90.5,89.8,89.9,31040
2022-09-06 15:15:00,90.18,90.21,89.52,89.92,34670
2022-09-07 09:15:00,88.99,89.8,88.99,89.72,30830
2022-09-07 10:15:00,89.91,90.36,89.53,89.54,32200
2022-09-07 11:15:00,89.72,89.88,89.54,89.68,63550
2022-09-07 12:15:00,89.84,90.3,89.63,89.84,15960
2022-09-07 13:15:00,89.74,90.6,89.62,90.6,25380
2022-09-07 14:15:00,90.7,91.88,90.2,91.51,66450
2022-09-07 15:15:00,91.75,92.09,91.5,91.77,38750
2022-09-08 09:15:00,92.22,94.5,92.06,93.54,386510
2022-09-08 10:15:00,93.53,93.79,93.35,93.6,57800
2022-09-08 11:15:00,93.55,93.55,92.51,92.59,45070
2022-09-08 12:15:00,92.73,92.84,92.11,92.36,40560
2022-09-08 13:15:00,92.25,92.75,90.41,90.68,66860
2022-09-08 14:15:00,90.64,92.35,90.4,91.7,72900
2022-09-08 15:15:00,91.66,91.8,91.01,91.67,45010
2022-09-09 09:15:00,92.0,92.4,91.04,91.67,39610
2022-09-09 10:15:00,91.7,91.7,91.33,91.42,21080
2022-09-09 11:15:00,91.43,91.5,91.33,91.41,2830
2022-09-09 12:15:00,91.33,91.51,91.01,91.01,17300
2022-09-09 13:15:00,91.01,91.01,89.9,90.52,29570
2022-09-09 14:15:00,90.68,91.1,89.8,90.0,48180
2022-09-09 15:15:00,90.11,90.11,88.97,89.62,39090
2022-09-12 09:15:00,90.07,91.1,89.93,90.87,50860
2022-09-12 10:15:00,90.7,90.7,89.0,90.0,59360
2022-09-12 11:15:00,90.0,90.34,89.29,89.7,41590
2022-09-12 12:15:00,89.7,89.92,89.59,89.9,5320
2022-09-12 13:15:00,89.8,90.0,89.3,89.81,30600
2022-09-12 14:15:00,89.8,90.26,88.72,89.63,57750
2022-09-12 15:15:00,89.52,89.79,89.37,89.37,11360
2022-09-13 09:15:00,90.77,91.0,90.17,90.8,56600
2022-09-13 10:15:00,90.77,90.88,90.3,90.42,19090
2022-09-13 11:15:00,90.4,90.79,90.31,90.79,7840
2022-09-13 12:15:00,90.6,90.72,89.83,90.18,26550
2022-09-13 13:15:00,90.18,90.5,89.8,90.25,18900
2022-09-13 14:15:00,90.38,90.4,89.21,89.5,40430
2022-09-13 15:15:00,89.59,89.81,89.41,89.79,12830
2022-09-14 09:15:00,88.5,89.57,88.22,89.2,57980
2022-09-14 10:15:00,89.15,89.59,89.06,89.3,8120
2022-09-14 11:15:00,89.3,90.15,89.3,89.9,18880
2022-09-14 12:15:00,89.9,90.02,89.15,89.75,16520
2022-09-14 13:15:00,89.78,91.79,89.48,90.7,91180
2022-09-14 14:15:00,90.7,90.85,90.46,90.85,28670
2022-09-14 15:15:00,91.0,91.44,90.6,90.89,27100
2022-09-15 09:15:00,91.67,91.8,90.2,90.2,48150
2022-09-15 10:15:00,90.39,90.75,89.81,90.05,27590
2022-09-15 11:15:00,89.93,90.4,89.41,90.0,27780
2022-09-15 12:15:00,90.0,90.32,89.92,90.01,14420
2022-09-15 13:15:00,90.15,91.5,90.01,91.5,31890
2022-09-15 14:15:00,91.48,91.99,90.4,90.89,97160
2022-09-15 15:15:00,90.95,91.0,90.2,90.68,22640
2022-09-16 09:15:00,90.3,90.9,89.64,90.09,33400
2022-09-16 10:15:00,89.91,90.43,89.89,90.39,19900
2022-09-16 11:15:00,90.39,90.5,89.98,90.15,40800
2022-09-16 12:15:00,90.15,90.49,89.95,89.96,52120
2022-09-16 13:15:00,89.79,90.4,89.12,89.29,46520
2022-09-16 14:15:00,89.31,90.9,88.8,90.18,145680
2022-09-16 15:15:00,90.34,92.2,90.08,90.86,96490
2022-09-19 09:15:00,91.86,91.86,89.3,90.7,59140
2022-09-19 10:15:00,90.71,90.83,90.3,90.74,13670
2022-09-19 11:15:00,90.8,90.8,89.5,89.66,19490
2022-09-19 12:15:00,89.66,90.01,89.51,89.8,13310
2022-09-19 13:15:00,89.87,91.0,89.77,90.89,24480
2022-09-19 14:15:00,90.8,90.89,89.43,89.84,33400
2022-09-19 15:15:00,89.8,89.85,89.5,89.71,21900
2022-09-20 09:15:00,90.16,91.28,90.16,90.79,30110
2022-09-20 10:15:00,90.49,90.72,90.21,90.48,7580
2022-09-20 11:15:00,90.56,90.62,89.5,90.02,24960
2022-09-20 12:15:00,89.93,89.93,88.9,89.25,24690
2022-09-20 13:15:00,89.3,89.34,88.23,88.7,38320
2022-09-20 14:15:00,88.51,89.37,88.12,89.01,21190
2022-09-20 15:15:00,88.91,89.5,88.21,88.79,21320
2022-09-21 09:15:00,88.83,89.93,88.46,89.27,29730
2022-09-21 10:15:00,89.29,89.34,88.56,88.89,18980
2022-09-21 11:15:00,89.04,89.04,88.02,88.2,13210
2022-09-21 12:15:00,88.36,88.36,86.1,86.27,65180
2022-09-21 13:15:00,86.06,88.58,85.77,88.02,57210
2022-09-21 14:15:00,87.9,88.02,86.99,87.0,24600
2022-09-21 15:15:00,87.21,87.21,86.2,86.65,20380
2022-09-22 09:15:00,86.0,88.38,85.97,87.94,46580
2022-09-22 10:15:00,87.95,88.19,87.28,87.31,18530
2022-09-22 11:15:00,87.28,87.84,87.15,87.46,4810
2022-09-22 12:15:00,87.48,87.97,85.87,86.65,41900
2022-09-22 13:15:00,86.66,87.24,86.01,86.54,23730
2022-09-22 14:15:00,86.67,87.84,86.49,86.81,29460
2022-09-22 15:15:00,86.8,87.02,86.62,86.84,14310
2022-09-23 09:15:00,86.6,87.76,86.23,86.27,24630
2022-09-23 10:15:00,86.44,86.61,86.02,86.34,31560
2022-09-23 11:15:00,86.33,86.83,86.15,86.6,8780
2022-09-23 12:15:00,86.59,86.59,85.61,85.9,29670
2022-09-23 13:15:00,85.65,85.9,85.5,85.74,14260
2022-09-23 14:15:00,85.75,85.75,84.6,85.54,77130
2022-09-23 15:15:00,85.29,85.57,84.62,85.06,18110
2022-09-26 09:15:00,84.12,84.12,80.15,80.5,78770
2022-09-26 10:15:00,80.56,81.74,80.42,81.28,41330
2022-09-26 11:15:00,81.22,81.39,80.71,81.0,18900
2022-09-26 12:15:00,81.0,81.99,80.99,81.99,16320
2022-09-26 13:15:00,81.99,81.99,80.53,80.59,42770
2022-09-26 14:15:00,80.7,80.9,80.07,80.07,47140
2022-09-26 15:15:00,80.29,81.1,80.28,80.57,49960
2022-09-27 09:15:00,81.1,81.9,80.64,81.12,48170
2022-09-27 10:15:00,81.08,81.5,80.71,80.9,13350
2022-09-27 11:15:00,80.81,81.8,80.72,81.7,8250
2022-09-27 12:15:00,81.62,82.18,81.5,81.92,9490
2022-09-27 13:15:00,81.89,82.07,81.61,81.77,17520
2022-09-27 14:15:00,81.77,81.77,80.21,80.21,78900
2022-09-27 15:15:00,80.52,81.5,80.01,80.73,36840
2022-09-28 09:15:00,80.0,81.41,79.6,81.39,32970
2022-09-28 10:15:00,81.5,81.5,80.9,81.0,5870
2022-09-28 11:15:00,80.51,81.5,80.39,81.48,12890
2022-09-28 12:15:00,81.39,81.39,81.0,81.05,9080
2022-09-28 13:15:00,81.13,81.2,81.0,81.12,21160
2022-09-28 14:15:00,81.24,81.33,80.88,81.0,13590
2022-09-28 15:15:00,81.0,81.29,80.42,80.93,13110
2022-09-29 09:15:00,81.33,82.3,81.23,81.8,36440
2022-09-29 10:15:00,81.8,82.23,81.7,81.8,28260
2022-09-29 11:15:00,81.8,82.79,81.73,82.1,81260
2022-09-29 12:15:00,82.03,82.45,81.98,82.24,21850
2022-09-29 13:15:00,82.34,82.64,82.02,82.59,36260
2022-09-29 14:15:00,82.6,83.25,82.42,82.7,54510
2022-09-29 15:15:00,82.99,83.6,82.65,82.8,18480
2022-09-30 09:15:00,83.22,83.37,81.73,81.89,13690
2022-09-30 10:15:00,81.9,83.0,81.82,82.5,53660
2022-09-30 11:15:00,82.8,83.2,82.53,83.07,35630
2022-09-30 12:15:00,83.2,85.31,83.0,84.4,45960
2022-09-30 13:15:00,84.5,85.52,84.2,84.68,30080
2022-09-30 14:15:00,84.68,87.0,84.65,87.0,44410
2022-09-30 15:15:00,87.0,88.44,86.5,87.1,58330
2022-10-03 09:15:00,87.0,87.0,84.42,85.17,38620
2022-10-03 10:15:00,85.34,85.34,83.98,84.63,22780
2022-10-03 11:15:00,84.47,84.7,84.15,84.36,15830
2022-10-03 12:15:00,84.7,84.7,84.28,84.55,3540
2022-10-03 13:15:00,84.55,84.56,83.66,83.83,11480
2022-10-03 14:15:00,83.98,84.0,82.83,83.0,27070
2022-10-03 15:15:00,83.0,83.6,82.85,83.16,19460
2022-10-04 09:15:00,84.0,85.0,84.0,84.61,45920
2022-10-04 10:15:00,85.0,86.35,84.0,84.5,239930
2022-10-04 11:15:00,84.5,85.18,84.27,85.11,45540
2022-10-04 12:15:00,85.1,85.4,84.54,84.63,33210
2022-10-04 13:15:00,84.63,84.63,84.24,84.46,13130
2022-10-04 14:15:00,84.5,84.5,83.81,84.01,42570
2022-10-04 15:15:00,84.01,84.4,83.8,84.07,19750
2022-10-06 09:15:00,84.49,85.5,84.44,84.7,47130
2022-10-06 10:15:00,84.52,84.7,84.21,84.53,29200
2022-10-06 11:15:00,84.4,84.4,84.01,84.28,21840
2022-10-06 12:15:00,84.31,84.55,84.14,84.42,8050
2022-10-06 13:15:00,84.25,84.5,84.01,84.19,24680
2022-10-06 14:15:00,84.12,84.39,84.0,84.29,26300
2022-10-06 15:15:00,84.3,84.3,84.01,84.15,10640
2022-10-07 09:15:00,84.16,84.5,83.5,84.01,15050
2022-10-07 10:15:00,83.81,85.21,83.68,84.8,61820
2022-10-07 11:15:00,85.13,85.2,84.5,84.93,23100
2022-10-07 12:15:00,84.94,85.01,84.54,84.56,20670
2022-10-07 13:15:00,84.56,85.32,84.1,84.91,36240
2022-10-07 14:15:00,84.92,85.41,84.64,84.74,19460
2022-10-07 15:15:00,85.1,87.1,84.76,85.81,33710
2022-10-10 09:15:00,85.77,85.77,84.15,84.88,26210
2022-10-10 10:15:00,84.8,85.0,84.45,84.9,19030
2022-10-10 11:15:00,84.57,85.2,84.38,84.88,10270
2022-10-10 12:15:00,85.18,85.18,84.41,84.68,3080
2022-10-10 13:15:00,84.68,84.9,84.51,84.9,12540
2022-10-10 14:15:00,84.9,85.8,84.58,84.78,28160
2022-10-10 15:15:00,84.85,87.0,84.55,85.62,45830
2022-10-11 09:15:00,85.63,85.87,84.7,85.01,22460
2022-10-11 10:15:00,85.0,85.03,84.3,84.83,17660
2022-10-11 11:15:00,84.6,84.86,84.6,84.7,39110
2022-10-11 12:15:00,84.71,84.82,84.7,84.79,5080
2022-10-11 13:15:00,84.79,85.37,84.75,85.1,7630
2022-10-11 14:15:00,85.29,85.45,84.6,84.91,97630
2022-10-11 15:15:00,84.91,85.36,84.22,84.8,19220
2022-10-12 09:15:00,85.19,85.2,83.98,83.98,12230
2022-10-12 10:15:00,84.14,84.49,83.9,84.13,4510
2022-10-12 11:15:00,83.98,84.5,83.9,84.02,7200
2022-10-12 12:15:00,84.02,84.29,84.02,84.02,1320
2022-10-12 13:15:00,84.11,84.29,84.09,84.25,2200
2022-10-12 14:15:00,84.26,84.9,83.9,83.93,28870
2022-10-12 15:15:00,84.0,84.6,84.0,84.13,12800
2022-10-13 09:15:00,83.14,83.97,83.08,83.08,39720
2022-10-13 10:15:00,83.28,83.33,83.0,83.31,14540
2022-10-13 11:15:00,83.14,83.23,82.15,82.16,25710
2022-10-13 12:15:00,82.44,83.0,82.32,82.74,9380
2022-10-13 13:15:00,82.69,82.96,82.64,82.95,4680
2022-10-13 14:15:00,82.95,82.95,82.21,82.21,10000
2022-10-13 15:15:00,82.37,82.37,81.63,81.97,33940
2022-10-14 09:15:00,83.0,83.79,82.61,83.04,24350
2022-10-14 10:15:00,83.2,83.4,83.01,83.4,5960
2022-10-14 11:15:00,82.96,83.28,82.5,83.2,23180
2022-10-14 12:15:00,83.3,83.5,82.97,83.3,11520
2022-10-14 13:15:00,83.21,83.5,82.88,83.17,10970
2022-10-14 14:15:00,83.12,83.34,82.0,82.1,15870
2022-10-14 15:15:00,82.1,82.1,80.72,81.33,41490
2022-10-17 09:15:00,80.87,81.26,80.3,80.7,36030
2022-10-17 10:15:00,80.65,80.79,79.91,80.26,30920
2022-10-17 11:15:00,80.25,80.76,79.96,80.24,22120
2022-10-17 12:15:00,80.39,80.7,80.25,80.6,13110
2022-10-17 13:15:00,80.5,82.49,80.3,82.18,27980
2022-10-17 14:15:00,82.19,83.98,82.14,83.29,49370
2022-10-17 15:15:00,83.31,83.6,83.0,83.28,29900
2022-10-18 09:15:00,83.28,83.77,82.66,83.44,15010
2022-10-18 10:15:00,83.6,84.27,83.0,84.02,47460
2022-10-18 11:15:00,84.11,85.3,83.98,84.71,54730
2022-10-18 12:15:00,84.77,85.0,84.36,84.85,5660
2022-10-18 13:15:00,84.63,85.04,84.5,84.99,21200
2022-10-18 14:15:00,84.99,85.29,83.7,85.1,89610
2022-10-18 15:15:00,85.1,85.1,84.2,84.79,23150
2022-10-19 09:15:00,84.9,85.4,84.1,84.29,22800
2022-10-19 10:15:00,84.34,84.69,84.34,84.4,3350
2022-10-19 11:15:00,84.12,84.33,83.81,83.81,7780
2022-10-19 12:15:00,83.8,83.9,83.47,83.47,5190
2022-10-19 13:15:00,83.68,83.68,82.76,82.85,13640
2022-10-19 14:15:00,83.0,83.0,81.99,82.11,41750
2022-10-19 15:15:00,82.1,82.77,81.9,82.41,13870
2022-10-20 09:15:00,82.7,83.11,82.18,82.82,25550
2022-10-20 10:15:00,82.67,82.86,82.5,82.55,3070
2022-10-20 11:15:00,82.66,82.96,82.66,82.93,2220
2022-10-20 12:15:00,82.93,82.95,82.5,82.95,2540
2022-10-20 13:15:00,82.7,82.9,82.5,82.73,4680
2022-10-20 14:15:00,82.64,82.72,81.5,82.4,16220
2022-10-20 15:15:00,82.5,82.69,82.2,82.39,6680
2022-10-21 09:15:00,82.8,83.09,82.31,82.77,16290
2022-10-21 10:15:00,82.32,82.63,82.1,82.2,6590
2022-10-21 11:15:00,82.2,82.3,81.5,82.2,18620
2022-10-21 12:15:00,82.07,82.4,81.99,81.99,5730
2022-10-21 13:15:00,81.92,82.33,81.85,81.95,4860
2022-10-21 14:15:00,82.06,82.44,81.2,81.95,25930
2022-10-21 15:15:00,82.24,82.3,81.41,81.93,7930
2022-10-24 17:15:00,81.63,81.63,81.63,81.63,1140
2022-10-24 18:15:00,82.05,84.0,81.7,82.52,29750
2022-10-25 09:15:00,82.71,83.41,82.36,82.53,13110
2022-10-25 10:15:00,82.5,82.5,82.25,82.25,3130
2022-10-25 11:15:00,82.25,82.25,81.7,82.25,24720
2022-10-25 12:15:00,82.25,82.25,82.01,82.17,7160
2022-10-25 13:15:00,82.01,83.05,81.5,82.99,34700
2022-10-25 14:15:00,83.05,83.55,82.93,83.55,13020
2022-10-25 15:15:00,83.54,83.54,83.04,83.35,6070
2022-10-27 09:15:00,83.77,84.0,82.98,83.1,19170
2022-10-27 10:15:00,83.0,83.3,82.11,82.59,22370
2022-10-27 11:15:00,82.09,82.47,81.43,82.06,20290
2022-10-27 12:15:00,82.2,82.47,81.51,82.35,16980
2022-10-27 13:15:00,82.18,82.56,81.6,82.2,16590
2022-10-27 14:15:00,82.25,82.8,81.81,82.33,17120
2022-10-27 15:15:00,82.47,82.75,82.34,82.58,9900
2022-10-28 09:15:00,82.98,83.16,82.21,82.8,12020
2022-10-28 10:15:00,82.8,83.05,82.67,83.05,3510
2022-10-28 11:15:00,83.09,83.09,82.51,82.88,2750
2022-10-28 12:15:00,82.86,82.86,81.88,81.99,13260
2022-10-28 13:15:00,82.0,82.3,81.52,82.07,33330
2022-10-28 14:15:00,82.08,82.46,81.06,82.3,63290
2022-10-28 15:15:00,82.04,82.46,81.6,81.88,4450
2022-10-31 09:15:00,83.4,83.4,81.79,82.16,18120
2022-10-31 10:15:00,82.03,82.25,82.0,82.0,2700
2022-10-31 11:15:00,81.95,82.0,81.51,81.95,10930
2022-10-31 12:15:00,81.9,81.9,81.35,81.38,8470
2022-10-31 13:15:00,81.4,81.97,81.21,81.7,31110
2022-10-31 14:15:00,81.71,85.0,81.52,85.0,123240
2022-10-31 15:15:00,84.99,85.14,84.12,84.21,47280
2022-11-01 09:15:00,84.02,85.2,83.3,83.46,30660
2022-11-01 10:15:00,83.45,83.87,83.45,83.87,17750
2022-11-01 11:15:00,83.74,83.99,83.02,83.97,20390
2022-11-01 12:15:00,83.76,83.98,83.65,83.9,6260
2022-11-01 13:15:00,83.9,83.9,83.47,83.71,27300
2022-11-01 14:15:00,83.71,85.2,83.6,85.02,59750
2022-11-01 15:15:00,85.02,85.2,84.67,84.93,19290
2022-11-02 09:15:00,85.19,85.19,84.22,84.22,22700
2022-11-02 10:15:00,84.32,84.46,83.59,84.4,15300
2022-11-02 11:15:00,84.21,84.39,83.8,84.04,5190
2022-11-02 12:15:00,84.24,84.4,83.63,84.4,24270
2022-11-02 13:15:00,84.4,84.6,83.9,83.9,37080
2022-11-02 14:15:00,83.95,84.6,83.43,83.5,26770
2022-11-02 15:15:00,83.5,84.26,83.3,83.74,10350
2022-11-03 09:15:00,83.98,84.91,83.58,84.0,33230
2022-11-03 10:15:00,84.0,84.0,83.61,83.76,6410
2022-11-03 11:15:00,83.87,83.99,83.7,83.7,2500
2022-11-03 12:15:00,83.73,83.74,83.25,83.29,10330
2022-11-03 13:15:00,83.29,83.8,83.25,83.7,27020
2022-11-03 14:15:00,83.7,83.7,83.25,83.26,25700
2022-11-03 15:15:00,83.38,83.38,83.25,83.32,13600
2022-11-04 09:15:00,83.33,84.23,83.3,83.5,21640
2022-11-04 10:15:00,83.5,83.87,82.98,83.22,49690
2022-11-04 11:15:00,83.22,83.69,83.17,83.59,5350
2022-11-04 12:15:00,83.59,84.4,83.59,84.37,11770
2022-11-04 13:15:00,84.28,86.0,84.2,84.9,79410
2022-11-04 14:15:00,84.9,84.98,84.11,84.12,18780
2022-11-04 15:15:00,84.2,84.5,84.0,84.18,37510
2022-11-07 09:15:00,85.54,88.37,84.91,88.1,165310
2022-11-07 10:15:00,88.01,88.3,87.18,88.06,77730
2022-11-07 11:15:00,88.11,89.81,87.5,88.7,110560
2022-11-07 12:15:00,88.78,89.51,88.12,88.8,101640
2022-11-07 13:15:00,88.71,89.25,88.19,88.84,39860
2022-11-07 14:15:00,88.75,89.5,88.6,88.9,60310
2022-11-07 15:15:00,88.93,89.3,88.9,89.28,37920
2022-11-09 09:15:00,89.8,90.39,89.0,89.47,123030
2022-11-09 10:15:00,89.45,89.53,89.0,89.32,15130
2022-11-09 11:15:00,89.25,89.43,88.38,88.94,23230
2022-11-09 12:15:00,88.73,89.0,88.3,89.0,34950
2022-11-09 13:15:00,88.96,89.4,88.01,89.2,49530
2022-11-09 14:15:00,89.09,90.22,88.59,90.03,78700
2022-11-09 15:15:00,89.82,90.1,89.62,89.9,16220
2022-11-10 09:15:00,89.51,89.51,86.95,87.39,58430
2022-11-10 10:15:00,87.4,87.65,86.65,86.65,9130
2022-11-10 11:15:00,86.5,86.9,86.23,86.5,27420
2022-11-10 12:15:00,86.5,86.5,86.0,86.32,15420
2022-11-10 13:15:00,86.4,86.97,86.0,86.33,35840
2022-11-10 14:15:00,86.3,87.8,85.64,86.74,50220
2022-11-10 15:15:00,86.74,86.8,85.56,86.58,18840
2022-11-11 09:15:00,86.99,87.21,85.48,85.7,41090
2022-11-11 10:15:00,85.77,85.96,85.52,85.83,16850
2022-11-11 11:15:00,85.89,86.0,85.72,85.91,8130
2022-11-11 12:15:00,85.98,86.0,85.7,86.0,11630
2022-11-11 13:15:00,86.0,87.87,85.87,86.58,87200
2022-11-11 14:15:00,86.54,87.6,86.42,87.08,58590
2022-11-11 15:15:00,87.11,87.29,86.23,87.1,13050
2022-11-14 09:15:00,87.0,91.04,86.93,90.38,177880
2022-11-14 10:15:00,90.06,90.2,89.4,89.7,23720
2022-11-14 11:15:00,89.6,89.82,89.11,89.37,16280
2022-11-14 12:15:00,89.56,89.59,88.81,88.9,18160
2022-11-14 13:15:00,88.77,89.4,88.22,89.4,35590
2022-11-14 14:15:00,89.4,90.0,89.4,90.0,40120
2022-11-14 15:15:00,90.0,90.66,90.0,90.22,52800
2022-11-15 09:15:00,90.47,90.86,89.41,89.61,40880
2022-11-15 10:15:00,89.62,89.8,88.88,89.4,18090
2022-11-15 11:15:00,89.35,89.35,88.85,89.04,8440
2022-11-15 12:15:00,89.03,89.03,88.55,88.64,20860
2022-11-15 13:15:00,88.7,89.3,88.41,89.3,14980
2022-11-15 14:15:00,89.3,89.91,88.1,88.59,76760
2022-11-15 15:15:00,88.61,88.72,88.11,88.72,21130
2022-11-16 09:15:00,88.6,89.3,87.7,88.13,63910
2022-11-16 10:15:00,88.15,88.5,87.7,88.22,23640
2022-11-16 11:15:00,88.22,88.7,88.19,88.59,43860
2022-11-16 12:15:00,88.46,90.47,88.26,90.11,75320
2022-11-16 13:15:00,90.38,91.43,90.0,90.3,163480
2022-11-16 14:15:00,90.3,90.5,88.14,88.99,96550
2022-11-16 15:15:00,88.7,88.86,88.32,88.67,24880
2022-11-17 09:15:00,88.61,88.9,88.05,88.67,22090
2022-11-17 10:15:00,88.66,88.9,88.51,88.53,7090
2022-11-17 11:15:00,89.13,89.4,88.64,88.7,18390
2022-11-17 12:15:00,88.7,89.39,88.45,89.38,7800
2022-11-17 13:15:00,89.38,90.4,89.38,90.25,55020
2022-11-17 14:15:00,90.25,90.68,90.0,90.1,110280
2022-11-17 15:15:00,90.25,90.5,89.8,90.15,34810
2022-11-18 09:15:00,90.6,90.6,89.96,90.16,33360
2022-11-18 10:15:00,90.0,90.3,89.3,89.6,22660
2022-11-18 11:15:00,89.41,90.3,89.41,90.2,33120
2022-11-18 12:15:00,90.2,90.21,89.88,90.05,22810
2022-11-18 13:15:00,90.05,90.16,90.0,90.01,18980
2022-11-18 14:15:00,90.01,90.34,90.0,90.29,26420
2022-11-18 15:15:00,90.15,90.7,89.73,90.3,20390
2022-11-21 09:15:00,94.8,98.0,94.1,94.87,763500
2022-11-21 10:15:00,94.89,94.89,93.71,93.79,167400
2022-11-21 11:15:00,93.71,94.59,93.51,94.5,152330
2022-11-21 12:15:00,94.5,94.61,94.01,94.38,159850
2022-11-21 13:15:00,94.5,94.5,93.6,93.77,32460
2022-11-21 14:15:00,93.77,93.84,92.26,92.53,106720
2022-11-21 15:15:00,92.69,93.1,91.54,92.36,116070
2022-11-22 09:15:00,92.48,92.71,90.9,91.52,54910
2022-11-22 10:15:00,91.51,91.85,91.04,91.62,36120
2022-11-22 11:15:00,91.6,91.7,91.5,91.52,21620
2022-11-22 12:15:00,91.51,92.5,91.51,92.12,34120
2022-11-22 13:15:00,92.12,92.46,92.12,92.25,14620
2022-11-22 14:15:00,92.26,92.3,91.36,91.5,50910
2022-11-22 15:15:00,91.5,91.6,91.5,91.54,20770
2022-11-23 09:15:00,91.97,92.99,91.69,92.5,66600
2022-11-23 10:15:00,92.44,92.78,91.82,92.1,35170
2022-11-23 11:15:00,92.28,92.6,92.25,92.5,10430
2022-11-23 12:15:00,92.52,92.67,92.41,92.62,22950
2022-11-23 13:15:00,92.5,92.7,92.43,92.69,7810
2022-11-23 14:15:00,92.63,92.69,92.31,92.5,27640
2022-11-23 15:15:00,92.59,92.7,92.44,92.44,19370
2022-11-24 09:15:00,92.89,93.1,92.19,92.51,49280
2022-11-24 10:15:00,92.69,92.69,92.0,92.61,29400
2022-11-24 11:15:00,92.5,92.59,92.41,92.5,14020
2022-11-24 12:15:00,92.58,92.69,92.05,92.2,18480
2022-11-24 13:15:00,92.2,92.69,92.12,92.5,37540
2022-11-24 14:15:00,92.5,92.7,91.81,92.5,22150
2022-11-24 15:15:00,92.5,92.7,92.41,92.49,23090
2022-11-25 09:15:00,92.95,93.25,92.41,93.1,39030
2022-11-25 10:15:00,93.1,93.1,93.0,93.0,10440
2022-11-25 11:15:00,93.0,93.1,93.0,93.01,6400
2022-11-25 12:15:00,93.0,93.1,92.9,93.1,28170
2022-11-25 13:15:00,93.0,93.2,92.8,93.08,274700
2022-11-25 14:15:00,93.08,93.2,92.8,93.15,21830
2022-11-25 15:15:00,93.13,93.15,92.85,93.02,13370
2022-11-28 09:15:00,93.48,94.03,93.33,93.41,18830
2022-11-28 10:15:00,93.42,93.42,93.12,93.21,14500
2022-11-28 11:15:00,93.2,93.42,93.1,93.1,5750
2022-11-28 12:15:00,93.0,93.1,93.0,93.0,10570
2022-11-28 13:15:00,93.0,93.04,91.79,91.8,19840
2022-11-28 14:15:00,91.8,92.69,91.8,92.3,19980
2022-11-28 15:15:00,92.3,92.4,92.01,92.27,12640
2022-11-29 09:15:00,92.98,93.3,92.27,93.0,31250
2022-11-29 10:15:00,93.0,93.39,93.0,93.21,42710
2022-11-29 11:15:00,93.16,93.3,92.82,93.1,11370
2022-11-29 12:15:00,93.1,93.17,92.91,93.0,10430
2022-11-29 13:15:00,93.0,93.1,92.85,93.05,19030
2022-11-29 14:15:00,93.05,93.12,92.86,93.0,37990
2022-11-29 15:15:00,93.0,93.2,92.83,92.99,14710
2022-11-30 09:15:00,92.62,94.94,92.61,94.75,73460
2022-11-30 10:15:00,94.75,95.88,94.42,95.7,92310
2022-11-30 11:15:00,95.53,95.8,95.1,95.8,58450
2022-11-30 12:15:00,95.41,95.8,95.0,95.07,15830
2022-11-30 13:15:00,95.03,95.49,95.01,95.39,23820
2022-11-30 14:15:00,95.35,96.7,95.22,96.63,153280
2022-11-30 15:15:00,96.7,96.81,95.5,96.31,47170
2022-12-01 09:15:00,96.97,97.1,96.21,96.58,57570
2022-12-01 10:15:00,96.57,96.58,95.56,96.0,36210
2022-12-01 11:15:00,96.0,96.2,95.35,95.84,49560
2022-12-01 12:15:00,95.97,97.71,95.77,96.64,89440
2022-12-01 13:15:00,96.64,99.99,100.0,99.87,390950
2022-12-01 14:15:00,99.9,99.9,100.0,100.46,87140
2022-12-01 15:15:00,100.23,99.82,100.01,100.16,41060
2022-12-02 09:15:00,101.09,102.87,100.61,102.37,149960
2022-12-02 10:15:00,102.38,102.76,100.9,102.04,108980
2022-12-02 11:15:00,101.8,102.59,101.54,102.51,66530
2022-12-02 12:15:00,102.51,104.45,102.1,104.2,109850
2022-12-02 13:15:00,104.38,105.9,103.71,105.1,176750
2022-12-02 14:15:00,105.13,105.5,103.74,104.7,137050
2022-12-02 15:15:00,104.42,105.24,103.7,104.56,90280
2022-12-05 09:15:00,107.48,107.48,104.6,104.86,184370
2022-12-05 10:15:00,105.07,105.66,104.6,104.89,81340
2022-12-05 11:15:00,104.72,104.82,103.0,103.61,71480
2022-12-05 12:15:00,103.71,104.28,102.01,102.31,71380
2022-12-05 13:15:00,102.31,102.31,100.06,100.2,118780
2022-12-05 14:15:00,100.25,101.48,100.19,101.39,88040
2022-12-05 15:15:00,101.6,103.06,101.11,101.65,52560
2022-12-06 09:15:00,101.21,102.59,100.91,102.59,42300
2022-12-06 10:15:00,102.38,102.51,101.68,101.68,12640
2022-12-06 11:15:00,101.6,101.86,100.58,100.89,19080
2022-12-06 12:15:00,100.82,101.68,100.53,101.44,18970
2022-12-06 13:15:00,101.4,101.4,100.52,101.07,9440
2022-12-06 14:15:00,101.09,101.39,100.5,101.14,16090
2022-12-06 15:15:00,101.15,101.97,100.75,101.33,70190
2022-12-07 09:15:00,101.59,101.84,100.81,100.94,41200
2022-12-07 10:15:00,100.96,101.5,100.17,100.33,27420
2022-12-07 11:15:00,100.4,99.96,100.02,100.25,20680
2022-12-07 12:15:00,100.1,100.4,100.0,100.21,10280
2022-12-07 13:15:00,100.31,99.84,100.02,99.65,49390
2022-12-07 14:15:00,99.68,99.97,100.0,100.7,51880
2022-12-07 15:15:00,100.62,101.1,100.14,100.98,10110
2022-12-08 09:15:00,101.48,101.95,100.6,101.44,27100
2022-12-08 10:15:00,101.41,101.9,100.8,101.71,25870
2022-12-08 11:15:00,101.49,101.88,100.98,100.98,16820
2022-12-08 12:15:00,100.98,101.0,100.53,100.8,10900
2022-12-08 13:15:00,100.8,102.0,100.52,101.92,48590
2022-12-08 14:15:00,101.92,102.0,101.0,101.59,59550
2022-12-08 15:15:00,101.59,101.94,101.28,101.63,13510
2022-12-09 09:15:00,101.9,103.37,101.9,102.26,60780
2022-12-09 10:15:00,102.0,102.24,101.2,102.04,53110
2022-12-09 11:15:00,102.01,102.73,101.94,102.56,22760
2022-12-09 12:15:00,102.5,102.61,101.59,102.0,63440
2022-12-09 13:15:00,102.0,102.25,101.86,101.86,18910
2022-12-09 14:15:00,101.85,103.59,101.81,102.53,83860
2022-12-09 15:15:00,102.53,102.94,102.5,102.94,24200
2022-12-12 09:15:00,103.3,104.77,101.36,103.41,119420
2022-12-12 10:15:00,103.4,103.54,103.0,103.1,9700
2022-12-12 11:15:00,103.1,103.25,103.0,103.25,11200
2022-12-12 12:15:00,103.25,103.73,103.22,103.32,10880
2022-12-12 13:15:00,103.23,103.5,102.71,103.3,16510
2022-12-12 14:15:00,103.3,103.95,102.59,103.05,64480
2022-12-12 15:15:00,102.97,103.1,102.59,103.07,26430
2022-12-13 09:15:00,103.57,104.3,103.18,103.5,35810
2022-12-13 10:15:00,103.5,103.5,102.32,102.78,64980
2022-12-13 11:15:00,102.56,102.85,102.46,102.46,11910
2022-12-13 12:15:00,102.69,103.19,102.69,103.01,15520
2022-12-13 13:15:00,103.0,103.4,102.6,103.25,21030
2022-12-13 14:15:00,103.4,103.51,102.21,102.41,72070
2022-12-13 15:15:00,102.4,102.5,102.02,102.37,15490
2022-12-14 09:15:00,102.87,103.35,102.43,102.63,16540
2022-12-14 10:15:00,102.82,103.9,102.67,103.7,16170
2022-12-14 11:15:00,103.59,104.3,103.53,103.53,9650
2022-12-14 12:15:00,103.65,103.87,103.12,103.22,10870
2022-12-14 13:15:00,103.21,103.9,103.07,103.2,15860
2022-12-14 14:15:00,103.11,103.74,102.34,102.72,39720
2022-12-14 15:15:00,102.61,102.76,102.0,102.57,21920
2022-12-15 09:15:00,102.84,103.35,102.49,102.7,52670
2022-12-15 10:15:00,102.7,102.72,102.5,102.54,5270
2022-12-15 11:15:00,102.59,102.74,102.41,102.65,15720
2022-12-15 12:15:00,102.63,102.99,102.41,102.84,51710
2022-12-15 13:15:00,102.69,103.8,102.41,103.73,51450
2022-12-15 14:15:00,103.73,104.0,101.89,102.14,40720
2022-12-15 15:15:00,102.33,103.1,101.23,102.2,20010
2022-12-16 09:15:00,101.53,102.32,100.46,101.81,73800
2022-12-16 10:15:00,102.02,102.2,101.81,102.2,21580
2022-12-16 11:15:00,102.5,102.96,102.4,102.8,7900
2022-12-16 12:15:00,102.8,103.47,102.53,102.62,13740
2022-12-16 13:15:00,102.55,103.06,102.5,102.51,18620
2022-12-16 14:15:00,102.52,103.4,102.4,103.2,49030
2022-12-16 15:15:00,103.2,103.5,103.01,103.12,41330
2022-12-19 09:15:00,102.31,104.52,102.31,103.5,46090
2022-12-19 10:15:00,103.5,104.06,103.1,103.48,27990
2022-12-19 11:15:00,103.48,104.2,103.48,103.66,15780
2022-12-19 12:15:00,103.52,103.6,102.79,102.81,21780
2022-12-19 13:15:00,102.81,102.95,102.56,102.85,9090
2022-12-19 14:15:00,102.98,104.48,102.55,104.09,57630
2022-12-19 15:15:00,103.57,104.0,103.0,103.76,27920
2022-12-20 09:15:00,103.76,103.76,101.78,102.68,42320
2022-12-20 10:15:00,102.75,103.16,102.61,102.74,8960
2022-12-20 11:15:00,102.69,102.77,102.46,102.77,13470
2022-12-20 12:15:00,102.77,102.9,102.51,102.84,6490
2022-12-20 13:15:00,102.84,102.85,102.5,102.72,13060
2022-12-20 14:15:00,102.82,104.17,102.69,103.48,54600
2022-12-20 15:15:00,103.15,103.86,103.02,103.86,7350
2022-12-21 09:15:00,103.31,106.46,103.31,104.7,97810
2022-12-21 10:15:00,104.45,104.7,103.93,104.5,50050
2022-12-21 11:15:00,104.5,104.7,103.33,103.33,44800
2022-12-21 12:15:00,103.32,103.32,102.41,102.5,66250
2022-12-21 13:15:00,102.68,102.96,101.02,101.83,99330
2022-12-21 14:15:00,101.91,103.0,101.48,101.48,80250
2022-12-21 15:15:00,101.88,101.88,100.1,101.38,17190
2022-12-22 09:15:00,101.27,102.11,100.2,101.6,180660
2022-12-22 10:15:00,101.51,99.8,100.12,98.69,119320
2022-12-22 11:15:00,98.54,98.8,96.83,97.46,34990
2022-12-22 12:15:00,97.45,98.21,97.3,97.6,23900
2022-12-22 13:15:00,97.73,98.48,97.3,97.98,28940
2022-12-22 14:15:00,98.38,98.84,97.59,97.86,44570
2022-12-22 15:15:00,97.82,98.24,97.59,98.38,41030
2022-12-23 09:15:00,97.97,98.07,94.36,94.4,103180
2022-12-23 10:15:00,94.3,94.41,92.8,92.99,55800
2022-12-23 11:15:00,93.0,93.23,91.29,91.9,67130
2022-12-23 12:15:00,92.02,93.12,91.89,91.9,45580
2022-12-23 13:15:00,91.9,92.29,91.9,91.98,32440
2022-12-23 14:15:00,91.95,92.54,91.88,91.9,75680
2022-12-23 15:15:00,91.92,92.84,91.54,92.24,51610
2022-12-26 09:15:00,91.5,93.74,90.82,93.6,91230
2022-12-26 10:15:00,93.59,94.46,93.06,94.4,28490
2022-12-26 11:15:00,94.35,94.35,93.8,93.97,10650
2022-12-26 12:15:00,94.07,94.07,93.0,93.8,28680
2022-12-26 13:15:00,93.65,93.65,93.1,93.36,9700
2022-12-26 14:15:00,93.4,94.13,93.04,93.6,26590
2022-12-26 15:15:00,93.6,94.5,93.6,94.07,17340
2022-12-27 09:15:00,94.5,96.81,94.5,96.32,42500
2022-12-27 10:15:00,96.32,98.0,96.32,97.26,46570
2022-12-27 11:15:00,97.28,98.39,97.17,98.34,31240
2022-12-27 12:15:00,98.19,98.8,97.65,97.84,46240
2022-12-27 13:15:00,97.84,98.99,97.72,98.16,33680
2022-12-27 14:15:00,98.43,100.5,98.26,100.28,91000
2022-12-27 15:15:00,100.28,104.0,100.28,102.03,165580
2022-12-28 09:15:00,102.0,103.38,100.66,101.89,143220
2022-12-28 10:15:00,101.98,101.98,100.48,100.82,24580
2022-12-28 11:15:00,100.98,101.98,100.91,101.8,19380
2022-12-28 12:15:00,101.8,101.8,100.79,100.98,16660
2022-12-28 13:15:00,100.95,101.18,99.1,99.68,32640
2022-12-28 14:15:00,99.55,99.8,98.24,99.11,86690
2022-12-28 15:15:00,99.2,99.27,98.7,98.98,21460
2022-12-29 09:15:00,99.27,101.79,97.11,101.26,99790
2022-12-29 10:15:00,101.24,101.42,99.62,99.67,35210
2022-12-29 11:15:00,99.69,100.11,99.62,99.62,6870
2022-12-29 12:15:00,99.62,100.81,99.51,100.8,20350
2022-12-29 13:15:00,100.87,101.0,100.48,100.73,10520
2022-12-29 14:15:00,100.9,100.9,100.01,100.43,27360
2022-12-29 15:15:00,100.5,100.5,99.51,99.93,33320
2022-12-30 09:15:00,100.38,104.2,100.38,101.91,165230
2022-12-30 10:15:00,102.0,102.95,101.7,101.92,65480
2022-12-30 11:15:00,101.82,101.82,100.52,101.27,32160
2022-12-30 12:15:00,101.1,101.26,100.67,100.9,4870
2022-12-30 13:15:00,101.0,101.9,100.6,101.84,53700
2022-12-30 14:15:00,101.83,104.75,101.53,104.7,273050
2022-12-30 15:15:00,104.7,105.0,102.0,104.2,161160
2023-01-02 09:15:00,103.49,108.99,103.0,108.29,272200
2023-01-02 10:15:00,108.3,109.65,107.9,108.6,144170
2023-01-02 11:15:00,108.6,109.45,108.5,109.25,106150
2023-01-02 12:15:00,109.36,112.4,108.5,112.16,363710
2023-01-02 13:15:00,112.25,112.33,110.83,111.9,165190
2023-01-02 14:15:00,111.9,111.9,110.0,111.3,205200
2023-01-02 15:15:00,111.38,112.5,110.51,111.33,156550
2023-01-03 09:15:00,112.2,113.6,111.33,112.09,185140
2023-01-03 10:15:00,111.79,112.18,111.5,111.8,143360
2023-01-03 11:15:00,111.8,112.18,111.56,111.75,84560
2023-01-03 12:15:00,111.5,112.09,110.64,111.93,146020
2023-01-03 13:15:00,111.93,112.4,111.61,112.1,115500
2023-01-03 14:15:00,112.0,112.31,111.5,111.65,76400
2023-01-03 15:15:00,111.65,111.95,111.12,111.73,59020
2023-01-04 09:15:00,111.2,111.73,107.11,107.78,133420
2023-01-04 10:15:00,107.97,108.47,106.46,106.5,42170
2023-01-04 11:15:00,106.9,107.06,106.17,106.4,60200
2023-01-04 12:15:00,106.46,107.8,106.4,107.2,41930
2023-01-04 13:15:00,107.2,107.59,106.76,107.59,32650
2023-01-04 14:15:00,107.59,107.72,106.44,106.52,52720
2023-01-04 15:15:00,106.68,107.24,106.5,106.86,42350
2023-01-05 09:15:00,107.2,108.5,105.81,106.74,54230
2023-01-05 10:15:00,107.13,107.92,107.03,107.92,12190
2023-01-05 11:15:00,107.9,108.46,107.12,108.4,160120
2023-01-05 12:15:00,108.01,109.51,107.31,107.36,62380
2023-01-05 13:15:00,107.37,108.25,107.31,107.57,76150
2023-01-05 14:15:00,107.7,109.8,107.47,109.8,59680
2023-01-05 15:15:00,109.77,111.9,109.64,110.68,60600
2023-01-06 09:15:00,110.5,111.1,109.02,109.31,51030
2023-01-06 10:15:00,109.32,109.87,109.21,109.21,67030
2023-01-06 11:15:00,109.27,110.7,109.18,110.51,120160
2023-01-06 12:15:00,110.7,110.71,109.13,109.7,66480
2023-01-06 13:15:00,109.7,109.97,108.11,108.2,58050
2023-01-06 14:15:00,108.2,110.0,107.66,109.57,67870
2023-01-06 15:15:00,109.55,109.66,108.54,109.27,14990
2023-01-09 09:15:00,111.0,112.5,110.15,110.55,96580
2023-01-09 10:15:00,110.42,110.55,108.67,108.98,30020
2023-01-09 11:15:00,109.0,109.66,108.65,109.42,27140
2023-01-09 12:15:00,109.31,110.29,109.3,109.55,14860
2023-01-09 13:15:00,109.7,109.96,108.61,109.7,7550
2023-01-09 14:15:00,109.61,109.95,108.52,109.0,25250
2023-01-09 15:15:00,109.0,109.25,108.52,109.17,9930
2023-01-10 09:15:00,109.2,110.47,109.17,109.43,38400
2023-01-10 10:15:00,109.49,109.7,107.64,107.92,24330
2023-01-10 11:15:00,107.61,107.98,106.78,107.31,18090
2023-01-10 12:15:00,107.47,107.5,106.41,106.74,18440
2023-01-10 13:15:00,106.69,109.21,106.41,106.91,50130
2023-01-10 14:15:00,107.15,108.6,106.72,108.0,53680
2023-01-10 15:15:00,108.0,108.85,107.22,108.09,12510
2023-01-11 09:15:00,108.31,109.74,108.31,109.39,94910
2023-01-11 10:15:00,109.42,110.37,108.94,108.94,53010
2023-01-11 11:15:00,109.0,109.0,108.43,108.85,53850
2023-01-11 12:15:00,108.64,108.94,108.63,108.88,2220
2023-01-11 13:15:00,108.99,109.2,108.65,108.78,14550
2023-01-11 14:15:00,108.89,109.2,108.12,108.54,43120
2023-01-11 15:15:00,108.55,109.67,108.5,109.06,43100
2023-01-12 09:15:00,109.6,109.97,108.31,108.51,21610
2023-01-12 10:15:00,108.49,108.9,107.9,108.29,15020
2023-01-12 11:15:00,108.52,108.59,108.16,108.24,4910
2023-01-12 12:15:00,108.2,108.2,107.7,108.1,9320
2023-01-12 13:15:00,108.1,108.1,107.06,107.36,41120
2023-01-12 14:15:00,107.45,107.67,107.0,107.44,25880
2023-01-12 15:15:00,107.54,107.9,107.0,107.46,26510
2023-01-13 09:15:00,108.0,108.28,107.63,107.64,19340
2023-01-13 10:15:00,107.6,110.23,107.6,109.9,36520
2023-01-13 11:15:00,109.9,109.9,108.68,108.72,24250
2023-01-13 12:15:00,108.72,109.0,108.6,108.81,14240
2023-01-13 13:15:00,108.81,109.0,108.61,108.98,9670
2023-01-13 14:15:00,108.98,109.2,108.27,109.18,17620
2023-01-13 15:15:00,109.17,109.17,108.44,108.88,12830
2023-01-16 09:15:00,109.97,111.5,109.11,109.21,102980
2023-01-16 10:15:00,109.2,109.97,109.0,109.71,28500
2023-01-16 11:15:00,109.86,109.86,109.0,109.64,17440
2023-01-16 12:15:00,109.53,110.11,109.19,109.6,21360
2023-01-16 13:15:00,109.6,109.63,108.06,109.48,46920
2023-01-16 14:15:00,109.48,109.49,107.29,108.5,57270
2023-01-16 15:15:00,108.58,108.6,107.65,108.38,21730
2023-01-17 09:15:00,108.3,109.02,107.5,108.0,33610
2023-01-17 10:15:00,108.0,108.49,107.83,108.06,46240
2023-01-17 11:15:00,107.96,108.0,107.8,107.87,11790
2023-01-17 12:15:00,107.76,108.01,107.52,107.7,47770
2023-01-17 13:15:00,107.53,107.9,107.19,107.27,33770
2023-01-17 14:15:00,107.27,107.27,105.0,105.62,88160
2023-01-17 15:15:00,105.63,106.2,105.63,105.8,30090
2023-01-18 09:15:00,105.7,107.39,105.7,106.89,52920
2023-01-18 10:15:00,107.2,108.4,107.05,108.01,50480
2023-01-18 11:15:00,107.8,108.0,107.78,107.78,10630
2023-01-18 12:15:00,107.65,109.5,107.65,109.11,55760
2023-01-18 13:15:00,109.12,109.97,109.01,109.65,48260
2023-01-18 14:15:00,109.7,113.0,109.61,111.5,276670
2023-01-18 15:15:00,111.84,111.99,111.5,111.76,66460
2023-01-19 09:15:00,111.9,113.3,110.41,110.84,110650
2023-01-19 10:15:00,111.1,112.6,110.84,112.44,60850
2023-01-19 11:15:00,112.44,112.53,112.06,112.15,26960
2023-01-19 12:15:00,112.32,115.78,112.11,114.51,247540
2023-01-19 13:15:00,114.54,114.55,113.53,114.0,38500
2023-01-19 14:15:00,113.9,115.95,113.7,115.65,160330
2023-01-19 15:15:00,115.67,115.87,114.92,115.4,50270
2023-01-20 09:15:00,116.37,117.2,115.42,116.57,159340
2023-01-20 10:15:00,116.4,116.44,114.0,114.45,74980
2023-01-20 11:15:00,114.45,115.5,114.45,114.59,30500
2023-01-20 12:15:00,114.69,114.82,113.68,113.9,51430
2023-01-20 13:15:00,113.9,113.9,112.32,112.5,49860
2023-01-20 14:15:00,112.66,112.93,111.49,111.72,47410
2023-01-20 15:15:00,111.91,112.0,110.8,111.58,60320
2023-01-23 09:15:00,111.8,112.82,110.3,110.91,67930
2023-01-23 10:15:00,110.91,111.2,110.8,111.03,74110
2023-01-23 11:15:00,111.3,112.56,111.3,111.61,35950
2023-01-23 12:15:00,111.66,111.66,110.6,110.7,28980
2023-01-23 13:15:00,110.7,111.0,107.81,108.08,81680
2023-01-23 14:15:00,107.92,110.5,107.51,110.01,102960
2023-01-23 15:15:00,110.32,110.5,110.16,110.35,31360
2023-01-24 09:15:00,111.77,111.77,109.38,110.39,118330
2023-01-24 10:15:00,110.23,110.34,109.64,109.91,21570
2023-01-24 11:15:00,110.03,110.27,109.6,110.08,22180
2023-01-24 12:15:00,110.27,110.27,109.9,110.0,6020
2023-01-24 13:15:00,109.88,109.9,108.25,108.94,27390
2023-01-24 14:15:00,108.9,112.4,108.9,111.1,117300
2023-01-24 15:15:00,111.43,111.47,110.13,110.99,19110
2023-01-25 09:15:00,110.79,110.8,108.0,108.12,45450
2023-01-25 10:15:00,108.33,108.67,107.56,108.3,27880
2023-01-25 11:15:00,108.31,108.9,107.87,108.43,33910
2023-01-25 12:15:00,108.33,108.81,108.2,108.71,6110
2023-01-25 13:15:00,108.7,109.15,108.31,108.43,11320
2023-01-25 14:15:00,108.4,110.12,108.31,109.5,59730
2023-01-25 15:15:00,109.4,109.88,108.53,109.52,12420
2023-01-27 09:15:00,109.5,111.3,107.12,107.12,44000
2023-01-27 10:15:00,107.02,107.89,106.67,107.42,30170
2023-01-27 11:15:00,107.3,107.57,105.55,105.79,21150
2023-01-27 12:15:00,105.6,105.6,103.51,104.25,53190
2023-01-27 13:15:00,104.58,105.45,104.0,104.91,59490
2023-01-27 14:15:00,104.76,106.41,104.61,106.25,33930
2023-01-27 15:15:00,106.26,107.79,106.0,106.48,27980
2023-01-30 09:15:00,106.0,107.29,100.55,105.5,103360
2023-01-30 10:15:00,105.63,105.82,103.9,104.41,50660
2023-01-30 11:15:00,104.21,105.5,104.21,104.96,23600
2023-01-30 12:15:00,105.09,105.4,104.28,105.0,21820
2023-01-30 13:15:00,105.0,105.3,104.46,105.12,15730
2023-01-30 14:15:00,104.94,106.2,104.73,104.98,20210
2023-01-30 15:15:00,104.82,105.21,103.77,105.15,18340
2023-01-31 09:15:00,105.64,107.03,105.55,106.88,21690
2023-01-31 10:15:00,106.9,108.0,106.73,107.43,37020
2023-01-31 11:15:00,107.4,108.21,107.09,108.03,17220
2023-01-31 12:15:00,107.81,108.9,107.81,108.19,27340
2023-01-31 13:15:00,108.18,109.49,108.15,109.32,23040
2023-01-31 14:15:00,109.32,109.33,108.32,108.93,23290
2023-01-31 15:15:00,109.1,110.51,108.55,109.52,32090
2023-02-01 09:15:00,110.07,111.36,108.56,109.34,39960
2023-02-01 10:15:00,109.39,109.7,109.18,109.5,28610
2023-02-01 11:15:00,109.5,109.9,108.7,108.9,48870
2023-02-01 12:15:00,108.9,110.0,108.71,109.11,35280
2023-02-01 13:15:00,108.95,108.95,106.61,106.61,27560
2023-02-01 14:15:00,106.61,109.32,104.99,108.99,92880
2023-02-01 15:15:00,109.02,110.44,108.5,108.68,30540
2023-02-02 09:15:00,107.11,110.25,107.11,110.25,22470
2023-02-02 10:15:00,110.19,110.3,110.0,110.0,54610
2023-02-02 11:15:00,110.07,111.44,109.11,109.83,117700
2023-02-02 12:15:00,109.83,111.29,109.2,109.83,60760
2023-02-02 13:15:00,109.98,109.98,106.77,106.83,44860
2023-02-02 14:15:00,106.95,109.24,106.51,107.41,54900
2023-02-02 15:15:00,107.95,108.83,107.51,107.81,13320
2023-02-03 09:15:00,108.31,108.91,106.16,106.75,35650
2023-02-03 10:15:00,106.95,107.27,104.83,105.49,40040
2023-02-03 11:15:00,105.59,106.87,105.25,105.93,22730
2023-02-03 12:15:00,106.17,106.7,105.69,106.48,17080
2023-02-03 13:15:00,106.5,106.5,104.95,105.63,36260
2023-02-03 14:15:00,105.66,106.49,105.49,105.8,34250
2023-02-03 15:15:00,105.87,106.3,105.45,105.85,25980
2023-02-06 09:15:00,106.01,107.3,104.2,105.19,55250
2023-02-06 10:15:00,105.19,105.19,104.39,104.48,14670
2023-02-06 11:15:00,104.72,105.5,104.44,105.1,15490
2023-02-06 12:15:00,105.15,105.3,104.6,104.69,13800
2023-02-06 13:15:00,104.9,105.37,104.65,105.3,10870
2023-02-06 14:15:00,105.1,105.51,104.01,105.03,48020
2023-02-06 15:15:00,104.92,105.8,104.5,104.91,15750
2023-02-07 09:15:00,105.14,106.34,104.59,105.95,28680
2023-02-07 10:15:00,105.86,105.99,105.3,105.51,8910
2023-02-07 11:15:00,105.4,106.1,105.39,106.1,6350
2023-02-07 12:15:00,106.1,106.8,105.59,105.94,23230
2023-02-07 13:15:00,106.03,106.31,102.44,102.61,60070
2023-02-07 14:15:00,102.75,104.97,102.58,104.5,27200
2023-02-07 15:15:00,104.75,105.87,104.32,104.92,12470
2023-02-08 09:15:00,105.07,106.8,104.98,105.63,36010
2023-02-08 10:15:00,105.58,105.6,104.92,105.3,6460
2023-02-08 11:15:00,105.44,106.9,105.1,106.4,17470
2023-02-08 12:15:00,106.7,106.7,106.0,106.4,10620
2023-02-08 13:15:00,106.27,107.1,106.27,106.77,13480
2023-02-08 14:15:00,106.77,108.6,106.71,108.28,43660
2023-02-08 15:15:00,108.27,108.79,107.55,108.18,42510
2023-02-09 09:15:00,108.73,109.0,106.69,107.86,47190
2023-02-09 10:15:00,107.84,108.44,107.66,107.7,11130
2023-02-09 11:15:00,107.83,108.1,106.64,106.74,26100
2023-02-09 12:15:00,106.91,107.13,106.7,106.83,4400
2023-02-09 13:15:00,106.64,108.2,106.1,108.09,61310
2023-02-09 14:15:00,108.03,108.68,107.38,108.09,38540
2023-02-09 15:15:00,107.87,108.39,107.23,108.1,10930
2023-02-10 09:15:00,108.47,113.44,108.01,113.17,267790
2023-02-10 10:15:00,113.05,113.15,111.3,112.64,142460
2023-02-10 11:15:00,112.91,113.15,111.5,111.5,61630
2023-02-10 12:15:00,111.5,111.79,111.38,111.65,54710
2023-02-10 13:15:00,111.65,111.92,111.24,111.6,51010
2023-02-10 14:15:00,111.6,112.6,110.5,111.73,148580
2023-02-10 15:15:00,111.5,112.4,111.4,111.93,67990
2023-02-13 09:15:00,109.91,109.97,107.22,107.71,133650
2023-02-13 10:15:00,107.8,108.19,106.57,107.34,85640
2023-02-13 11:15:00,107.26,108.1,107.1,108.0,63010
2023-02-13 12:15:00,107.99,108.1,106.61,107.3,69400
2023-02-13 13:15:00,107.3,108.09,106.94,107.76,84900
2023-02-13 14:15:00,107.7,108.1,107.63,107.94,107950
2023-02-13 15:15:00,107.94,108.2,107.53,107.95,33950
2023-02-14 09:15:00,107.8,110.48,106.63,108.19,124910
2023-02-14 10:15:00,108.21,109.58,107.71,109.43,42270
2023-02-14 11:15:00,109.49,110.61,109.1,110.44,35600
2023-02-14 12:15:00,110.44,110.45,109.8,110.3,23590
2023-02-14 13:15:00,110.3,110.6,108.78,109.62,49550
2023-02-14 14:15:00,109.65,111.0,109.65,110.97,59450
2023-02-14 15:15:00,110.97,110.97,108.63,110.05,32480
2023-02-15 09:15:00,109.3,112.35,108.78,111.0,87100
2023-02-15 10:15:00,110.8,112.0,110.62,110.77,22140
2023-02-15 11:15:00,110.77,111.0,109.0,110.02,70590
2023-02-15 12:15:00,110.06,110.84,109.12,109.44,82810
2023-02-15 13:15:00,109.2,110.11,109.17,110.11,40880
2023-02-15 14:15:00,110.23,110.73,109.7,110.5,40230
2023-02-15 15:15:00,110.48,111.2,110.12,110.7,43770
2023-02-16 09:15:00,110.21,112.25,110.21,111.0,85250
2023-02-16 10:15:00,111.1,112.0,110.69,110.79,57150
2023-02-16 11:15:00,110.79,111.0,110.21,110.58,21930
2023-02-16 12:15:00,110.57,110.77,109.99,110.46,24770
2023-02-16 13:15:00,110.5,110.9,110.21,110.49,40600
2023-02-16 14:15:00,110.5,110.5,109.26,109.26,29640
2023-02-16 15:15:00,109.54,110.5,109.07,109.69,25970
2023-02-17 09:15:00,109.55,111.65,109.43,110.66,59460
2023-02-17 10:15:00,110.61,110.8,109.73,109.8,29620
2023-02-17 11:15:00,109.93,110.0,109.6,109.93,7850
2023-02-17 12:15:00,109.93,110.63,109.24,109.93,64460
2023-02-17 13:15:00,109.8,110.8,109.7,110.8,17300
2023-02-17 14:15:00,110.8,111.48,110.8,111.4,103860
2023-02-17 15:15:00,111.4,111.4,110.02,110.81,24470
2023-02-20 09:15:00,111.1,113.26,110.1,110.9,126940
2023-02-20 10:15:00,110.59,110.6,110.1,110.4,27390
2023-02-20 11:15:00,110.45,110.5,109.5,110.21,18900
2023-02-20 12:15:00,110.16,110.7,109.95,110.44,29050
2023-02-20 13:15:00,110.5,111.0,110.1,110.89,49450
2023-02-20 14:15:00,110.81,111.0,110.23,110.3,47700
2023-02-20 15:15:00,110.3,110.3,109.64,110.09,19630
2023-02-21 09:15:00,110.18,111.6,110.17,110.66,73150
2023-02-21 10:15:00,110.7,110.7,110.32,110.5,11480
2023-02-21 11:15:00,110.41,111.58,110.41,111.33,87260
2023-02-21 12:15:00,111.21,111.56,111.03,111.25,40490
2023-02-21 13:15:00,111.25,111.5,111.16,111.41,27180
2023-02-21 14:15:00,111.41,112.09,110.25,111.96,145970
2023-02-21 15:15:00,112.06,112.06,111.03,111.55,24210
2023-02-22 09:15:00,111.47,113.19,110.38,110.7,143070
2023-02-22 10:15:00,110.7,111.31,110.5,111.11,30000
2023-02-22 11:15:00,111.2,111.33,110.5,110.74,27060
2023-02-22 12:15:00,110.71,110.82,110.05,110.72,32250
2023-02-22 13:15:00,110.72,110.72,109.2,109.5,28050
2023-02-22 14:15:00,109.5,109.98,109.06,109.63,54020
2023-02-22 15:15:00,109.58,109.8,109.06,109.33,40640
2023-02-23 09:15:00,110.5,114.44,110.5,112.38,422090
2023-02-23 10:15:00,112.43,112.49,111.55,111.73,67450
2023-02-23 11:15:00,111.65,112.2,111.64,111.89,40600
2023-02-23 12:15:00,111.74,111.9,109.61,110.52,67580
2023-02-23 13:15:00,110.52,111.1,110.2,110.68,80530
2023-02-23 14:15:00,110.68,110.92,110.04,110.5,82130
2023-02-23 15:15:00,110.5,110.5,108.52,109.6,118730
2023-02-24 09:15:00,110.16,112.4,110.14,110.57,99230
2023-02-24 10:15:00,110.66,112.26,110.57,111.83,46610
2023-02-24 11:15:00,111.96,112.62,111.52,111.9,50230
2023-02-24 12:15:00,111.85,111.9,111.17,111.71,31210
2023-02-24 13:15:00,111.64,111.7,110.6,110.85,59200
2023-02-24 14:15:00,110.85,112.49,110.56,112.03,87850
2023-02-24 15:15:00,111.87,112.6,111.64,112.06,31960
2023-02-27 09:15:00,112.14,112.57,109.97,110.49,62740
2023-02-27 10:15:00,110.49,111.97,109.0,111.55,85950
2023-02-27 11:15:00,111.55,112.86,111.02,111.21,56760
2023-02-27 12:15:00,111.28,112.22,109.73,109.75,74730
2023-02-27 13:15:00,109.78,112.0,109.22,111.68,108890
2023-02-27 14:15:00,111.68,112.35,111.38,111.72,79520
2023-02-27 15:15:00,111.42,112.45,111.42,111.92,28990
2023-02-28 09:15:00,112.9,112.9,110.77,112.5,90400
2023-02-28 10:15:00,112.59,113.25,112.0,112.31,80130
2023-02-28 11:15:00,112.34,112.8,111.85,112.09,57480
2023-02-28 12:15:00,112.09,112.9,112.09,112.9,30500
2023-02-28 13:15:00,112.89,114.43,110.85,111.24,160940
2023-02-28 14:15:00,111.24,111.98,110.51,110.89,554310
2023-02-28 15:15:00,110.89,110.89,108.1,110.14,743940
2023-03-01 09:15:00,109.29,111.78,108.97,111.05,94520
2023-03-01 10:15:00,111.09,111.47,110.74,111.22,20870
2023-03-01 11:15:00,111.06,111.7,110.84,111.57,37320
2023-03-01 12:15:00,111.57,111.79,108.66,111.67,80620
2023-03-01 13:15:00,111.49,112.0,111.45,111.57,28580
2023-03-01 14:15:00,111.68,112.56,111.55,112.2,56040
2023-03-01 15:15:00,112.24,112.6,111.61,112.13,36960
2023-03-02 09:15:00,112.3,112.89,111.62,112.04,34980
2023-03-02 10:15:00,112.0,112.58,111.62,112.22,25310
2023-03-02 11:15:00,112.41,113.1,112.32,112.43,28620
2023-03-02 12:15:00,112.38,112.7,112.2,112.21,26630
2023-03-02 13:15:00,112.2,112.4,111.22,111.68,16920
2023-03-02 14:15:00,111.68,111.68,110.5,111.04,21070
2023-03-02 15:15:00,111.39,111.39,110.55,111.04,10640
2023-03-03 09:15:00,111.0,112.76,111.0,112.76,24580
2023-03-03 10:15:00,112.68,112.8,112.12,112.14,16810
2023-03-03 11:15:00,112.01,112.2,112.0,112.13,7110
2023-03-03 12:15:00,112.06,112.18,111.94,112.05,9420
2023-03-03 13:15:00,112.05,112.2,111.89,111.96,8860
2023-03-03 14:15:00,112.2,113.08,112.0,112.4,60330
2023-03-03 15:15:00,112.4,112.62,110.11,111.2,41800
2023-03-06 09:15:00,111.5,113.03,111.5,112.9,60280
2023-03-06 10:15:00,112.99,113.5,112.87,113.5,45000
2023-03-06 11:15:00,113.4,113.42,112.82,112.83,15880
2023-03-06 12:15:00,112.85,113.4,112.22,112.22,47820
2023-03-06 13:15:00,112.03,113.0,110.5,112.71,97910
2023-03-06 14:15:00,112.7,113.3,112.27,113.3,22940
2023-03-06 15:15:00,113.29,113.97,113.02,113.45,79810
2023-03-08 09:15:00,113.0,118.95,113.0,117.28,353560
2023-03-08 10:15:00,117.3,117.36,115.56,115.91,162000
2023-03-08 11:15:00,115.91,116.7,115.41,115.8,108140
2023-03-08 12:15:00,115.9,116.41,115.41,115.5,36220
2023-03-08 13:15:00,115.43,116.0,114.62,114.62,74530
2023-03-08 14:15:00,114.6,115.94,114.3,115.5,84780
2023-03-08 15:15:00,115.34,118.0,115.34,116.06,94410
2023-03-09 09:15:00,117.5,121.94,117.48,119.52,389750
2023-03-09 10:15:00,119.8,120.06,118.22,120.06,88670
2023-03-09 11:15:00,120.06,121.69,119.3,121.02,163320
2023-03-09 12:15:00,120.9,121.2,120.0,120.37,50450
2023-03-09 13:15:00,120.22,120.26,118.97,119.14,56840
2023-03-09 14:15:00,119.0,119.12,118.05,118.6,61700
2023-03-09 15:15:00,118.6,119.02,118.2,118.57,33580
2023-03-10 09:15:00,117.7,120.5,117.11,117.85,149780
2023-03-10 10:15:00,117.9,119.39,117.36,119.15,93360
2023-03-10 11:15:00,119.17,119.39,118.68,119.0,24020
2023-03-10 12:15:00,119.0,119.13,118.59,118.7,7140
2023-03-10 13:15:00,118.7,118.9,118.08,118.47,22330
2023-03-10 14:15:00,118.47,121.9,118.22,119.32,112380
2023-03-10 15:15:00,119.32,119.68,118.6,119.51,36160
2023-03-13 09:15:00,119.51,120.97,116.56,117.39,117550
2023-03-13 10:15:00,117.45,117.54,117.01,117.01,21950
2023-03-13 11:15:00,117.0,117.3,116.4,116.9,28340
2023-03-13 12:15:00,117.14,117.17,116.12,116.12,14300
2023-03-13 13:15:00,116.12,116.63,115.8,116.2,31290
2023-03-13 14:15:00,116.0,116.49,115.0,115.16,45950
2023-03-13 15:15:00,115.15,116.49,114.6,115.28,31690
2023-03-14 09:15:00,114.99,117.35,114.12,114.12,62170
2023-03-14 10:15:00,114.2,115.0,113.41,114.46,63670
2023-03-14 11:15:00,114.66,116.4,114.4,116.17,38880
2023-03-14 12:15:00,116.34,116.4,113.93,114.33,24910
2023-03-14 13:15:00,114.18,114.79,113.97,113.98,6070
2023-03-14 14:15:00,113.97,116.27,113.05,115.11,45230
2023-03-14 15:15:00,114.82,115.98,114.75,115.43,23810
2023-03-15 09:15:00,115.36,116.27,114.41,114.8,47680
2023-03-15 10:15:00,114.98,115.11,114.5,114.8,11180
2023-03-15 11:15:00,114.74,115.64,114.5,115.56,10100
2023-03-15 12:15:00,115.38,115.8,115.3,115.5,34660
2023-03-15 13:15:00,115.41,115.74,115.31,115.7,14620
2023-03-15 14:15:00,115.7,116.99,115.42,116.2,87870
2023-03-15 15:15:00,116.22,116.9,115.62,116.3,11430
2023-03-16 09:15:00,119.21,119.21,114.5,114.9,275100
2023-03-16 10:15:00,114.9,115.2,114.6,115.1,59040
2023-03-16 11:15:00,115.1,115.2,113.62,114.38,86630
2023-03-16 12:15:00,114.14,114.6,113.63,113.84,26560
2023-03-16 13:15:00,113.84,114.11,112.33,112.53,80760
2023-03-16 14:15:00,112.43,112.98,112.01,112.64,113370
2023-03-16 15:15:00,112.66,112.9,110.55,111.73,124430
2023-03-17 09:15:00,112.0,113.47,110.7,111.17,70280
2023-03-17 10:15:00,111.47,111.65,110.74,110.93,11270
2023-03-17 11:15:00,110.85,111.0,110.47,110.81,11000
2023-03-17 12:15:00,110.81,110.81,108.6,109.16,68920
2023-03-17 13:15:00,109.1,109.61,108.65,109.42,20740
2023-03-17 14:15:00,109.49,109.6,108.5,108.51,65280
2023-03-17 15:15:00,108.79,109.48,108.5,108.8,36180
2023-03-20 09:15:00,109.48,109.54,105.14,105.24,115550
2023-03-20 10:15:00,105.16,105.62,104.68,105.37,83380
2023-03-20 11:15:00,105.13,105.59,104.74,104.85,28030
2023-03-20 12:15:00,104.89,105.0,103.1,103.21,56130
2023-03-20 13:15:00,103.21,103.51,100.02,101.03,229630
2023-03-20 14:15:00,101.03,104.8,100.01,104.6,255590
2023-03-20 15:15:00,104.57,105.47,104.38,104.62,40660
2023-03-21 09:15:00,105.4,106.77,103.67,104.32,54010
2023-03-21 10:15:00,104.28,104.28,103.81,103.93,4400
2023-03-21 11:15:00,103.8,103.96,103.32,103.46,4620
2023-03-21 12:15:00,103.33,104.44,103.33,103.7,18240
2023-03-21 13:15:00,103.7,105.77,103.3,105.54,53590
2023-03-21 14:15:00,105.54,106.39,104.11,104.99,52890
2023-03-21 15:15:00,104.99,105.46,104.81,105.01,35500
2023-03-22 09:15:00,105.09,105.77,104.9,105.47,37170
2023-03-22 10:15:00,105.37,105.37,103.21,103.9,33620
2023-03-22 11:15:00,103.95,104.42,103.95,104.25,1540
2023-03-22 12:15:00,104.22,104.29,103.97,104.02,10410
2023-03-22 13:15:00,103.83,104.48,103.33,104.06,48080
2023-03-22 14:15:00,104.06,104.06,102.51,102.8,28210
2023-03-22 15:15:00,102.94,102.96,101.01,101.97,48430
2023-03-23 09:15:00,102.47,103.77,102.16,102.7,95960
2023-03-23 10:15:00,102.89,103.43,102.89,103.12,15640
2023-03-23 11:15:00,103.2,105.0,103.2,104.0,33010
2023-03-23 12:15:00,104.0,104.0,103.21,103.28,15690
2023-03-23 13:15:00,103.49,104.47,103.35,104.04,14660
2023-03-23 14:15:00,103.88,105.3,101.04,103.8,70300
2023-03-23 15:15:00,103.51,103.82,101.81,102.81,34910
2023-03-24 09:15:00,102.9,103.16,100.81,101.08,44930
2023-03-24 10:15:00,101.21,101.28,100.5,101.28,14670
2023-03-24 11:15:00,101.29,101.47,100.95,100.95,18430
2023-03-24 12:15:00,101.11,101.49,100.95,101.18,14510
2023-03-24 13:15:00,101.35,101.36,100.6,100.74,8580
2023-03-24 14:15:00,100.63,101.99,99.98,101.49,73430
2023-03-24 15:15:00,101.49,101.59,99.05,101.08,64570
2023-03-27 09:15:00,101.26,99.99,100.0,99.81,39200
2023-03-27 10:15:00,99.75,99.82,99.19,99.24,21840
2023-03-27 11:15:00,99.24,99.82,99.22,99.3,10620
2023-03-27 12:15:00,99.2,99.95,100.0,100.5,36150
2023-03-27 13:15:00,100.5,103.14,100.5,103.1,51860
2023-03-27 14:15:00,103.14,104.2,101.08,101.08,64450
2023-03-27 15:15:00,101.2,101.61,101.08,101.46,11280
2023-03-28 09:15:00,99.4,100.98,97.4,97.97,241450
2023-03-28 10:15:00,97.78,97.87,96.68,97.63,80450
2023-03-28 11:15:00,97.89,99.0,97.76,98.3,31070
2023-03-28 12:15:00,98.3,99.0,98.28,99.0,25620
2023-03-28 13:15:00,99.02,99.47,98.82,99.2,46860
2023-03-28 14:15:00,99.33,102.8,98.56,102.79,191330
2023-03-28 15:15:00,102.55,104.5,101.66,102.39,86000
2023-03-29 09:15:00,102.3,104.4,102.07,103.63,33600
2023-03-29 10:15:00,103.54,104.1,102.7,103.07,32100
2023-03-29 11:15:00,103.06,103.11,102.7,102.9,9160
2023-03-29 12:15:00,103.0,104.31,102.99,103.86,13530
2023-03-29 13:15:00,103.85,104.4,103.72,104.28,25080
2023-03-29 14:15:00,104.16,105.48,103.95,105.0,31040
2023-03-29 15:15:00,105.1,105.5,103.33,104.93,28850
2023-03-31 09:15:00,104.0,104.5,102.6,103.07,78770
2023-03-31 10:15:00,103.01,103.2,102.61,102.7,19500
2023-03-31 11:15:00,102.87,102.9,102.56,102.64,9040
2023-03-31 12:15:00,102.58,102.58,101.5,101.94,32940
2023-03-31 13:15:00,102.12,103.0,101.93,102.11,56200
2023-03-31 14:15:00,102.12,105.97,101.16,105.2,158160
2023-03-31 15:15:00,105.4,109.01,104.7,106.76,156260
2023-04-03 09:15:00,107.28,110.1,105.74,108.91,94080
2023-04-03 10:15:00,108.91,109.71,108.65,109.45,27430
2023-04-03 11:15:00,109.36,110.7,109.36,110.45,46730
2023-04-03 12:15:00,110.34,110.9,110.0,110.9,31320
2023-04-03 13:15:00,110.9,111.88,110.7,111.52,34110
2023-04-03 14:15:00,111.52,111.67,110.97,111.39,22330
2023-04-03 15:15:00,111.39,113.0,111.39,111.98,42580
2023-04-05 09:15:00,112.54,113.29,111.51,112.35,39980
2023-04-05 10:15:00,112.17,112.35,112.05,112.05,7750
2023-04-05 11:15:00,112.1,112.1,110.14,110.75,23190
2023-04-05 12:15:00,110.55,110.97,110.33,110.54,9940
2023-04-05 13:15:00,110.56,110.66,110.23,110.54,12640
2023-04-05 14:15:00,110.55,111.1,110.02,110.57,45700
2023-04-05 15:15:00,110.94,110.94,109.56,110.48,13690
2023-04-06 09:15:00,111.0,111.38,109.63,110.7,62000
2023-04-06 10:15:00,110.79,110.79,110.4,110.55,2250
2023-04-06 11:15:00,110.71,111.0,110.71,110.8,5400
2023-04-06 12:15:00,110.8,110.8,109.0,109.87,14350
2023-04-06 13:15:00,109.87,109.95,107.5,108.73,48530
2023-04-06 14:15:00,108.73,110.5,108.73,109.79,33560
2023-04-06 15:15:00,109.59,109.8,108.7,109.59,19400
2023-04-10 09:15:00,109.59,110.77,109.59,110.7,21720
2023-04-10 10:15:00,110.75,110.9,110.62,110.73,6660
2023-04-10 11:15:00,110.5,110.67,110.04,110.22,5360
2023-04-10 12:15:00,110.07,112.06,109.95,111.3,31380
2023-04-10 13:15:00,111.26,112.1,111.26,111.45,23800
2023-04-10 14:15:00,111.64,113.1,111.12,112.0,59660
2023-04-10 15:15:00,111.91,111.91,110.9,111.56,8780
2023-04-11 09:15:00,112.12,112.2,110.99,111.32,25850
2023-04-11 10:15:00,111.27,111.81,111.1,111.76,12110
2023-04-11 11:15:00,111.78,111.78,111.1,111.29,8430
2023-04-11 12:15:00,111.46,111.46,111.1,111.3,4950
2023-04-11 13:15:00,111.3,114.5,111.3,113.8,67580
2023-04-11 14:15:00,113.8,113.8,111.56,112.0,27840
2023-04-11 15:15:00,112.02,115.01,111.9,113.5,54970
2023-04-12 09:15:00,113.5,114.7,113.5,114.32,25710
2023-04-12 10:15:00,114.4,115.75,114.24,114.82,41090
2023-04-12 11:15:00,114.75,115.56,114.04,114.1,22990
2023-04-12 12:15:00,114.28,114.86,114.1,114.36,4980
2023-04-12 13:15:00,114.61,114.89,114.25,114.71,9390
2023-04-12 14:15:00,114.66,114.73,112.6,114.7,75030
2023-04-12 15:15:00,114.7,115.1,113.9,113.9,24870
2023-04-13 09:15:00,114.02,115.4,114.02,114.19,11720
2023-04-13 10:15:00,114.3,114.31,113.11,113.16,29440
2023-04-13 11:15:00,113.16,114.67,112.58,114.21,23950
2023-04-13 12:15:00,114.4,114.55,113.78,114.51,13670
2023-04-13 13:15:00,114.49,114.58,114.33,114.47,6580
2023-04-13 14:15:00,114.47,115.0,112.78,114.6,49960
2023-04-13 15:15:00,114.79,115.1,114.08,114.59,15800
2023-04-17 09:15:00,116.0,117.45,114.57,114.9,164820
2023-04-17 10:15:00,114.81,115.12,113.86,114.87,67560
2023-04-17 11:15:00,114.91,115.0,114.62,114.86,11270
2023-04-17 12:15:00,114.97,115.0,113.7,114.37,49480
2023-04-17 13:15:00,114.14,115.1,114.13,115.0,56210
2023-04-17 14:15:00,115.0,115.0,114.16,114.16,40240
2023-04-17 15:15:00,113.53,114.7,112.5,113.89,83680
2023-04-18 09:15:00,114.6,114.6,110.91,112.5,72270
2023-04-18 10:15:00,112.36,112.95,111.76,111.76,11250
2023-04-18 11:15:00,111.83,112.17,111.6,111.73,18880
2023-04-18 12:15:00,111.91,113.3,111.91,113.0,18620
2023-04-18 13:15:00,113.0,113.99,112.23,113.85,24000
2023-04-18 14:15:00,113.85,114.57,113.54,113.75,75080
2023-04-18 15:15:00,113.7,113.7,112.5,113.45,17900
2023-04-19 09:15:00,113.87,114.7,112.84,113.13,45620
2023-04-19 10:15:00,113.13,113.8,112.89,113.67,16190
2023-04-19 11:15:00,113.88,113.88,113.2,113.33,2300
2023-04-19 12:15:00,113.51,113.52,113.0,113.16,11610
2023-04-19 13:15:00,113.2,113.3,112.6,112.75,18260
2023-04-19 14:15:00,112.86,113.49,112.1,112.3,37760
2023-04-19 15:15:00,112.41,112.99,112.0,112.49,8280
2023-04-20 09:15:00,112.49,113.88,110.62,111.48,157440
2023-04-20 10:15:00,111.67,111.67,111.33,111.37,5470
2023-04-20 11:15:00,111.31,111.82,111.28,111.6,4470
2023-04-20 12:15:00,111.55,112.16,111.3,112.16,13770
2023-04-20 13:15:00,112.02,112.02,110.8,111.23,25680
2023-04-20 14:15:00,111.24,112.19,110.5,110.77,44230
2023-04-20 15:15:00,110.91,110.98,110.13,110.64,26180
2023-04-21 09:15:00,110.6,110.9,109.4,109.59,27600
2023-04-21 10:15:00,109.51,109.82,109.51,109.64,2570
2023-04-21 11:15:00,109.51,109.62,109.26,109.32,2790
2023-04-21 12:15:00,109.43,109.43,108.14,108.2,17370
2023-04-21 13:15:00,108.2,109.47,108.2,109.29,11500
2023-04-21 14:15:00,109.29,109.8,108.63,108.63,22930
2023-04-21 15:15:00,108.64,108.88,108.01,108.79,23980
2023-04-24 09:15:00,108.89,109.3,107.51,108.2,48580
2023-04-24 10:15:00,108.08,108.21,107.5,107.9,15990
2023-04-24 11:15:00,107.88,107.88,107.14,107.39,7560
2023-04-24 12:15:00,107.58,107.58,107.0,107.15,12700
2023-04-24 13:15:00,107.19,107.97,107.0,107.74,11990
2023-04-24 14:15:00,107.74,107.74,106.1,106.7,36730
2023-04-24 15:15:00,106.7,107.2,106.12,106.6,7890
2023-04-25 09:15:00,107.0,107.45,105.77,106.12,43970
2023-04-25 10:15:00,106.11,106.45,105.8,105.91,12360
2023-04-25 11:15:00,105.88,106.5,105.88,106.01,12770
2023-04-25 12:15:00,106.18,106.4,105.87,105.87,11100
2023-04-25 13:15:00,105.87,106.1,105.3,105.69,25130
2023-04-25 14:15:00,105.71,105.85,105.11,105.55,34030
2023-04-25 15:15:00,105.57,105.88,105.22,105.46,16160
2023-04-26 09:15:00,104.61,106.19,104.61,105.8,42360
2023-04-26 10:15:00,105.61,105.61,105.0,105.3,18170
2023-04-26 11:15:00,105.47,105.99,105.47,105.63,6250
2023-04-26 12:15:00,105.66,107.47,105.66,106.48,20530
2023-04-26 13:15:00,106.47,107.39,106.03,106.25,11630
2023-04-26 14:15:00,106.25,111.0,106.25,109.01,146170
2023-04-26 15:15:00,109.22,110.35,109.15,109.96,25270
2023-04-27 09:15:00,109.87,113.0,109.8,111.44,70970
2023-04-27 10:15:00,111.4,112.47,111.4,111.65,14430
2023-04-27 11:15:00,111.7,111.86,111.43,111.7,8710
2023-04-27 12:15:00,111.87,112.48,111.5,112.04,15170
2023-04-27 13:15:00,112.04,112.44,111.75,111.8,17720
2023-04-27 14:15:00,111.83,112.9,111.6,112.58,28610
2023-04-27 15:15:00,112.51,112.75,111.3,112.02,31520
2023-04-28 09:15:00,111.23,111.65,110.59,110.9,27970
2023-04-28 10:15:00,111.0,111.5,110.77,111.34,8950
2023-04-28 11:15:00,111.29,111.57,111.29,111.57,3060
2023-04-28 12:15:00,111.44,111.5,110.61,110.61,8160
2023-04-28 13:15:00,110.61,112.98,110.6,112.89,15650
2023-04-28 14:15:00,112.89,113.3,111.7,112.26,43760
2023-04-28 15:15:00,112.44,112.6,111.7,112.22,30520
2023-05-02 09:15:00,112.6,113.22,110.3,111.5,42840
2023-05-02 10:15:00,111.33,111.89,111.2,111.87,14120
2023-05-02 11:15:00,111.67,112.77,111.28,112.43,34130
2023-05-02 12:15:00,112.22,113.0,112.01,112.72,13150
2023-05-02 13:15:00,112.89,112.89,112.34,112.34,14100
2023-05-02 14:15:00,112.33,112.39,111.44,111.5,26990
2023-05-02 15:15:00,111.47,112.5,110.6,111.48,34600
2023-05-03 09:15:00,111.97,112.38,111.32,111.71,13710
2023-05-03 10:15:00,112.05,112.19,111.5,111.62,5020
2023-05-03 11:15:00,111.62,112.01,111.58,112.01,4870
2023-05-03 12:15:00,112.01,113.01,112.01,112.6,15170
2023-05-03 13:15:00,112.5,112.96,112.5,112.79,26600
2023-05-03 14:15:00,112.64,113.39,112.51,112.87,42470
2023-05-03 15:15:00,112.83,112.96,112.03,112.73,25710
2023-05-04 09:15:00,112.73,114.99,112.73,114.51,52700
2023-05-04 10:15:00,113.8,114.0,113.33,113.87,35370
2023-05-04 11:15:00,113.87,114.8,113.58,114.8,72980
2023-05-04 12:15:00,114.8,115.4,114.56,114.56,19190
2023-05-04 13:15:00,114.56,114.76,114.22,114.29,9720
2023-05-04 14:15:00,114.1,115.17,113.89,115.1,39690
2023-05-04 15:15:00,115.08,115.5,114.93,114.94,21930
2023-05-05 09:15:00,114.9,115.41,111.24,113.65,73710
2023-05-05 10:15:00,113.47,113.55,111.88,112.05,28100
2023-05-05 11:15:00,112.2,112.2,111.1,111.47,29910
2023-05-05 12:15:00,111.79,112.04,111.48,111.9,19860
2023-05-05 13:15:00,111.76,111.99,111.17,111.33,15800
2023-05-05 14:15:00,111.22,112.23,110.7,111.68,25560
2023-05-05 15:15:00,111.22,111.6,110.45,111.04,25040
2023-05-08 09:15:00,111.3,112.8,111.1,112.5,33390
2023-05-08 10:15:00,112.48,112.5,111.83,111.93,5670
2023-05-08 11:15:00,111.9,112.74,111.8,112.54,3280
2023-05-08 12:15:00,112.39,112.53,110.26,110.35,28790
2023-05-08 13:15:00,110.5,110.98,110.28,110.67,12250
2023-05-08 14:15:00,110.95,113.55,110.89,112.49,54420
2023-05-08 15:15:00,112.39,113.4,111.87,112.65,20930
2023-05-09 09:15:00,112.24,113.16,111.11,111.3,29030
2023-05-09 10:15:00,111.3,111.71,110.85,111.52,32990
2023-05-09 11:15:00,111.77,111.77,110.92,111.18,7220
2023-05-09 12:15:00,111.1,111.3,110.86,111.3,10000
2023-05-09 13:15:00,111.47,112.0,111.0,111.1,35920
2023-05-09 14:15:00,110.95,111.89,110.11,110.81,52970
2023-05-09 15:15:00,110.93,111.44,110.43,111.32,17910
2023-05-10 09:15:00,110.51,111.31,110.51,110.7,12040
2023-05-10 10:15:00,110.7,112.1,110.7,111.72,22340
2023-05-10 11:15:00,111.86,112.49,111.81,112.13,6440
2023-05-10 12:15:00,112.13,112.49,112.13,112.15,3980
2023-05-10 13:15:00,112.13,113.0,112.0,113.0,40420
2023-05-10 14:15:00,113.0,113.6,112.02,112.24,32520
2023-05-10 15:15:00,112.25,113.78,112.0,113.13,49810
2023-05-11 09:15:00,113.5,113.82,112.71,113.1,15120
2023-05-11 10:15:00,112.8,113.0,112.4,112.41,14510
2023-05-11 11:15:00,112.4,112.6,112.2,112.2,12070
2023-05-11 12:15:00,112.2,113.7,111.5,113.19,52910
2023-05-11 13:15:00,113.19,115.39,112.57,115.16,55580
2023-05-11 14:15:00,114.97,115.1,112.61,113.59,39820
2023-05-11 15:15:00,113.26,115.01,113.26,114.11,33930
2023-05-12 09:15:00,114.64,114.7,112.91,113.27,20170
2023-05-12 10:15:00,113.3,113.5,113.21,113.5,7570
2023-05-12 11:15:00,113.5,113.5,112.9,112.9,8230
2023-05-12 12:15:00,113.0,113.3,112.65,112.65,16340
2023-05-12 13:15:00,112.66,113.3,112.65,113.2,16660
2023-05-12 14:15:00,113.2,115.65,111.5,112.33,325290
2023-05-12 15:15:00,112.38,112.76,111.2,112.02,52470
2023-05-15 09:15:00,111.2,113.03,109.05,109.32,106720
2023-05-15 10:15:00,109.22,110.46,108.98,110.13,50520
2023-05-15 11:15:00,110.0,110.75,110.0,110.5,8290
2023-05-15 12:15:00,110.5,111.48,110.35,110.63,24830
2023-05-15 13:15:00,110.61,111.2,109.49,111.2,54870
2023-05-15 14:15:00,111.15,111.15,109.53,110.55,40630
2023-05-15 15:15:00,110.54,110.78,109.65,110.28,23530
2023-05-16 09:15:00,111.47,111.64,110.8,110.93,15560
2023-05-16 10:15:00,110.93,110.93,110.35,110.83,14290
2023-05-16 11:15:00,110.63,110.63,110.28,110.28,3380
2023-05-16 12:15:00,110.1,110.6,110.1,110.4,2180
2023-05-16 13:15:00,110.4,110.99,110.3,110.49,6430
2023-05-16 14:15:00,110.33,110.59,109.32,109.32,17760
2023-05-16 15:15:00,109.32,109.77,107.22,108.78,57470
2023-05-17 09:15:00,108.56,108.56,107.5,107.7,46430
2023-05-17 10:15:00,107.65,108.66,107.35,108.3,19400
2023-05-17 11:15:00,108.37,108.69,108.2,108.31,10320
2023-05-17 12:15:00,108.45,108.46,107.91,108.22,12060
2023-05-17 13:15:00,108.24,109.08,107.9,108.65,33680
2023-05-17 14:15:00,108.69,113.58,108.6,113.5,113380
2023-05-17 15:15:00,114.3,114.3,110.62,112.0,100090
2023-05-18 09:15:00,113.17,114.27,113.0,113.36,84580
2023-05-18 10:15:00,113.37,113.52,112.9,112.9,17900
2023-05-18 11:15:00,113.02,113.42,112.9,113.23,14430
2023-05-18 12:15:00,113.33,113.33,112.9,113.0,17900
2023-05-18 13:15:00,113.0,113.0,112.11,112.11,19670
2023-05-18 14:15:00,112.17,113.99,112.0,113.5,55580
2023-05-18 15:15:00,113.5,113.56,112.3,113.02,28380
2023-05-19 09:15:00,113.1,113.8,112.51,112.88,17610
2023-05-19 10:15:00,112.97,113.57,112.73,113.5,20010
2023-05-19 11:15:00,113.5,113.7,113.0,113.6,20180
2023-05-19 12:15:00,113.53,113.6,112.81,112.84,8480
2023-05-19 13:15:00,112.85,113.05,112.71,113.0,7580
2023-05-19 14:15:00,113.05,113.8,113.0,113.6,27460
2023-05-19 15:15:00,113.73,113.8,113.6,113.73,19760
2023-05-22 09:15:00,114.0,114.0,112.32,112.76,53820
2023-05-22 10:15:00,112.76,112.76,112.0,112.69,18580
2023-05-22 11:15:00,112.72,113.0,112.4,112.8,12360
2023-05-22 12:15:00,112.93,113.0,112.3,112.65,9050
2023-05-22 13:15:00,112.65,112.9,111.62,112.47,30250
2023-05-22 14:15:00,112.09,112.83,111.52,111.81,32450
2023-05-22 15:15:00,111.9,112.49,111.7,111.99,21660
2023-05-23 09:15:00,111.8,113.99,111.79,112.9,54440
2023-05-23 10:15:00,112.9,113.68,112.82,113.5,17040
2023-05-23 11:15:00,113.5,113.5,112.81,113.01,7540
2023-05-23 12:15:00,113.12,113.8,113.11,113.37,36950
2023-05-23 13:15:00,113.26,113.8,112.85,113.8,40230
2023-05-23 14:15:00,113.8,113.86,113.11,113.43,33140
2023-05-23 15:15:00,113.43,113.98,113.16,113.57,16290
2023-05-24 09:15:00,113.87,116.27,113.37,113.86,99310
2023-05-24 10:15:00,113.86,115.15,113.81,114.5,29260
2023-05-24 11:15:00,114.82,115.05,114.46,114.75,11220
2023-05-24 12:15:00,114.69,115.96,114.3,114.3,45900
2023-05-24 13:15:00,114.34,116.99,114.34,116.8,50200
2023-05-24 14:15:00,116.8,119.1,116.59,117.12,226820
2023-05-24 15:15:00,117.34,118.39,117.1,117.73,47970
2023-05-25 09:15:00,118.5,119.0,117.5,118.78,81120
2023-05-25 10:15:00,118.64,119.0,118.1,118.1,23350
2023-05-25 11:15:00,118.1,118.4,117.5,117.62,21940
2023-05-25 12:15:00,117.62,118.0,117.62,117.82,5100
2023-05-25 13:15:00,118.0,118.4,116.05,118.4,55820
2023-05-25 14:15:00,118.44,118.86,117.03,117.8,69420
2023-05-25 15:15:00,117.53,118.0,116.9,117.72,29910
2023-05-26 09:15:00,116.71,118.9,116.31,116.57,51320
2023-05-26 10:15:00,116.57,117.33,115.87,116.6,60310
2023-05-26 11:15:00,116.64,116.76,116.2,116.75,15470
2023-05-26 12:15:00,116.97,116.97,115.9,115.9,40420
2023-05-26 13:15:00,115.9,115.96,114.22,115.39,66900
2023-05-26 14:15:00,115.34,115.8,113.02,113.32,113010
2023-05-26 15:15:00,113.32,113.45,112.52,113.45,57570
2023-05-29 09:15:00,116.71,118.49,114.54,116.0,404160
2023-05-29 10:15:00,116.0,116.86,115.51,116.51,44950
2023-05-29 11:15:00,116.32,116.82,116.0,116.4,28260
2023-05-29 12:15:00,116.23,116.51,113.75,115.3,90120
2023-05-29 13:15:00,115.29,115.55,113.8,114.74,43620
2023-05-29 14:15:00,114.74,115.62,114.36,114.83,36650
2023-05-29 15:15:00,114.91,116.85,114.5,115.59,59800
2023-05-30 09:15:00,116.1,116.17,114.67,115.3,131550
2023-05-30 10:15:00,115.36,115.42,114.33,114.97,33390
2023-05-30 11:15:00,114.67,115.9,114.67,115.9,24240
2023-05-30 12:15:00,115.84,116.0,115.18,115.18,75250
2023-05-30 13:15:00,115.01,115.27,114.3,115.24,21900
2023-05-30 14:15:00,115.27,115.5,114.8,115.49,65270
2023-05-30 15:15:00,115.5,115.5,114.5,115.18,42230
2023-05-31 09:15:00,113.91,114.8,112.99,113.9,54980
2023-05-31 10:15:00,113.97,114.2,112.4,113.02,62000
2023-05-31 11:15:00,113.23,113.47,112.77,113.47,30510
2023-05-31 12:15:00,113.4,114.92,113.25,114.77,33430
2023-05-31 13:15:00,114.34,115.0,113.7,114.75,51270
2023-05-31 14:15:00,114.9,116.9,114.66,116.77,178300
2023-05-31 15:15:00,116.77,118.1,116.02,116.94,115920
2023-06-01 09:15:00,117.0,117.2,116.0,116.34,54300
2023-06-01 10:15:00,116.12,116.87,115.8,115.96,22030
2023-06-01 11:15:00,115.83,115.9,115.49,115.6,15610
2023-06-01 12:15:00,115.67,116.69,115.49,116.02,27570
2023-06-01 13:15:00,115.87,116.2,115.71,116.09,6290
2023-06-01 14:15:00,116.1,118.2,115.11,116.6,76610
2023-06-01 15:15:00,116.62,116.79,115.12,116.24,35020
2023-06-02 09:15:00,116.77,117.74,116.1,117.11,46910
2023-06-02 10:15:00,117.3,120.9,116.65,120.09,166320
2023-06-02 11:15:00,120.2,120.5,118.5,118.86,66240
2023-06-02 12:15:00,118.91,119.14,118.5,118.67,15810
2023-06-02 13:15:00,118.66,119.6,118.3,119.25,30660
2023-06-02 14:15:00,119.45,119.45,117.17,118.01,87670
2023-06-02 15:15:00,118.01,118.5,117.59,118.06,38970
2023-06-05 09:15:00,118.5,120.85,118.0,119.8,89520
2023-06-05 10:15:00,119.93,120.46,119.67,120.05,29100
2023-06-05 11:15:00,120.26,120.32,120.0,120.32,39170
2023-06-05 12:15:00,120.38,120.42,119.69,119.69,33510
2023-06-05 13:15:00,119.82,120.4,119.03,120.37,38460
2023-06-05 14:15:00,120.2,120.41,120.0,120.0,42630
2023-06-05 15:15:00,120.1,120.5,119.9,120.13,45680
2023-06-06 09:15:00,120.23,126.0,119.91,123.1,406140
2023-06-06 10:15:00,123.06,123.06,121.0,121.41,120230
2023-06-06 11:15:00,121.69,122.03,121.4,122.01,89730
2023-06-06 12:15:00,122.01,122.01,121.7,121.71,10890
2023-06-06 13:15:00,121.9,122.18,121.5,121.91,45570
2023-06-06 14:15:00,122.0,122.1,121.51,121.58,64690
2023-06-06 15:15:00,121.61,122.39,120.75,121.6,49690
2023-06-07 09:15:00,121.6,123.42,121.6,122.62,57100
2023-06-07 10:15:00,122.47,123.04,121.81,122.77,39010
2023-06-07 11:15:00,122.7,123.71,122.0,123.35,116110
2023-06-07 12:15:00,123.39,123.6,123.0,123.38,33180
2023-06-07 13:15:00,123.48,123.53,121.81,122.39,45710
2023-06-07 14:15:00,122.43,126.0,122.43,125.4,185940
2023-06-07 15:15:00,125.4,125.6,125.0,125.36,72270
2023-06-08 09:15:00,125.36,127.21,124.58,125.14,109140
2023-06-08 10:15:00,125.36,126.67,125.0,125.0,84500
2023-06-08 11:15:00,125.12,125.2,123.06,123.61,76320
2023-06-08 12:15:00,123.5,123.83,123.26,123.43,29190
2023-06-08 13:15:00,123.43,123.97,122.51,123.51,42820
2023-06-08 14:15:00,123.54,123.86,122.11,123.43,72970
2023-06-08 15:15:00,122.94,123.35,122.15,122.79,26590
2023-06-09 09:15:00,122.71,124.53,122.5,123.17,51500
2023-06-09 10:15:00,123.2,123.5,122.4,122.9,29150
2023-06-09 11:15:00,122.8,127.0,122.47,126.6,310920
2023-06-09 12:15:00,126.18,130.88,125.86,129.5,627370
2023-06-09 13:15:00,129.48,130.36,128.53,129.3,346520
2023-06-09 14:15:00,129.2,129.34,127.7,128.0,186660
2023-06-09 15:15:00,128.23,128.64,127.5,128.04,116300
2023-06-12 09:15:00,129.77,132.5,128.61,131.0,322510
2023-06-12 10:15:00,131.01,131.9,130.52,131.2,71970
2023-06-12 11:15:00,131.2,131.72,130.65,131.7,59010
2023-06-12 12:15:00,131.57,134.47,131.57,133.4,544710
2023-06-12 13:15:00,133.4,136.8,133.3,135.21,422050
2023-06-12 14:15:00,135.21,136.8,134.7,136.59,286950
2023-06-12 15:15:00,136.4,138.9,136.31,137.59,301460
2023-06-13 09:15:00,139.37,140.0,138.01,138.68,405810
2023-06-13 10:15:00,138.52,138.57,136.7,137.48,168360
2023-06-13 11:15:00,137.26,137.5,136.47,136.5,67380
2023-06-13 12:15:00,136.47,137.0,136.11,136.22,71140
2023-06-13 13:15:00,136.34,136.93,136.19,136.44,30320
2023-06-13 14:15:00,136.3,136.88,136.0,136.34,84170
2023-06-13 15:15:00,136.11,136.8,135.5,136.14,72580
2023-06-14 09:15:00,136.5,138.5,135.8,137.7,185440
2023-06-14 10:15:00,137.86,137.86,137.29,137.45,180180
2023-06-14 11:15:00,137.5,142.21,137.35,140.8,389420
2023-06-14 12:15:00,140.8,142.5,139.37,142.0,281850
2023-06-14 13:15:00,142.2,142.2,141.41,141.7,98880
2023-06-14 14:15:00,141.7,142.0,140.3,140.68,169920
2023-06-14 15:15:00,140.9,141.75,140.58,141.41,45700
2023-06-15 09:15:00,142.7,143.59,140.16,140.49,214180
2023-06-15 10:15:00,140.48,140.93,140.0,140.21,79440
2023-06-15 11:15:00,140.21,140.21,138.77,138.96,94620
2023-06-15 12:15:00,138.85,141.5,138.85,140.79,100940
2023-06-15 13:15:00,140.79,141.63,140.3,141.37,119120
2023-06-15 14:15:00,141.38,143.99,140.9,141.01,169090
2023-06-15 15:15:00,141.05,141.5,140.17,140.95,39630
2023-06-16 09:15:00,141.4,144.51,141.4,141.8,277060
2023-06-16 10:15:00,141.95,142.48,141.0,141.01,108950
2023-06-16 11:15:00,141.01,142.2,140.5,141.6,73000
2023-06-16 12:15:00,141.48,144.52,141.4,143.47,164860
2023-06-16 13:15:00,143.55,144.9,143.5,144.0,70850
2023-06-16 14:15:00,144.08,144.17,142.35,143.0,58840
2023-06-16 15:15:00,143.0,143.0,142.02,142.75,34600
2023-06-19 09:15:00,143.5,145.63,143.01,143.2,161900
2023-06-19 10:15:00,143.02,143.2,142.56,142.6,40390
2023-06-19 11:15:00,142.85,143.2,142.01,142.47,451810
2023-06-19 12:15:00,142.51,142.91,142.1,142.37,54880
2023-06-19 13:15:00,142.49,143.12,142.32,142.51,31530
2023-06-19 14:15:00,142.7,142.7,141.56,141.7,62860
2023-06-19 15:15:00,141.61,142.0,140.04,141.14,83200
2023-06-20 09:15:00,140.98,142.4,140.69,140.74,70370
2023-06-20 10:15:00,140.9,140.96,139.2,139.7,72930
2023-06-20 11:15:00,139.79,139.87,138.73,139.05,25250
2023-06-20 12:15:00,139.05,139.4,138.83,139.2,32780
2023-06-20 13:15:00,139.09,139.2,138.55,139.2,32410
2023-06-20 14:15:00,139.2,139.77,138.7,139.59,72110
2023-06-20 15:15:00,139.6,139.6,139.0,139.22,22830
2023-06-21 09:15:00,140.0,142.66,139.99,142.57,161880
2023-06-21 10:15:00,142.57,142.57,140.67,140.86,70170
2023-06-21 11:15:00,140.82,141.12,140.48,140.75,49140
2023-06-21 12:15:00,140.76,141.08,140.31,140.95,34330
2023-06-21 13:15:00,140.95,140.95,138.91,139.12,38720
2023-06-21 14:15:00,139.12,140.44,138.83,139.0,56060
2023-06-21 15:15:00,138.61,139.43,138.22,139.02,42450
2023-06-22 09:15:00,139.23,140.01,138.0,138.17,45710
2023-06-22 10:15:00,138.19,140.31,138.1,139.36,30680
2023-06-22 11:15:00,139.39,139.5,137.5,137.79,34060
2023-06-22 12:15:00,137.63,138.1,137.15,137.85,22500
2023-06-22 13:15:00,137.79,138.8,137.39,138.19,29010
2023-06-22 14:15:00,137.95,137.95,137.1,137.28,32420
2023-06-22 15:15:00,137.14,137.5,136.63,137.19,32130
2023-06-23 09:15:00,138.56,138.56,134.0,134.5,103330
2023-06-23 10:15:00,134.5,135.68,134.5,135.53,35880
2023-06-23 11:15:00,135.56,137.31,135.4,136.77,52380
2023-06-23 12:15:00,136.73,137.92,136.73,137.0,19760
2023-06-23 13:15:00,136.9,137.15,135.4,135.4,50290
2023-06-23 14:15:00,135.4,135.52,134.2,134.41,47990
2023-06-23 15:15:00,134.41,135.5,134.31,134.75,53080
2023-06-26 09:15:00,134.99,136.12,133.22,133.49,43080
2023-06-26 10:15:00,133.49,133.97,133.3,133.7,32030
2023-06-26 11:15:00,133.69,136.6,133.5,136.45,45500
2023-06-26 12:15:00,136.29,137.25,136.11,136.5,36840
2023-06-26 13:15:00,136.51,139.55,136.51,138.38,72210
2023-06-26 14:15:00,138.38,141.82,138.38,140.88,140020
2023-06-26 15:15:00,140.81,142.2,140.79,141.1,60860
2023-06-27 09:15:00,141.98,143.1,139.56,141.47,209200
2023-06-27 10:15:00,141.56,142.25,140.8,141.26,40630
2023-06-27 11:15:00,141.4,143.46,141.07,143.46,43320
2023-06-27 12:15:00,143.35,145.0,142.9,144.39,102570
2023-06-27 13:15:00,144.45,147.9,144.33,147.28,399100
2023-06-27 14:15:00,147.28,148.0,146.23,147.49,195150
2023-06-27 15:15:00,147.48,147.5,146.13,147.15,85730
2023-06-28 09:15:00,147.8,148.5,144.33,144.7,125920
2023-06-28 10:15:00,144.7,145.04,144.24,144.35,17010
2023-06-28 11:15:00,144.4,145.5,144.19,144.2,30130
2023-06-28 12:15:00,144.11,146.59,144.11,145.81,59000
2023-06-28 13:15:00,145.69,145.83,142.01,142.49,82780
2023-06-28 14:15:00,142.49,143.41,142.2,142.63,85870
2023-06-28 15:15:00,142.62,143.0,141.4,142.54,74920
2023-06-30 09:15:00,143.03,144.7,142.21,142.95,62430
2023-06-30 10:15:00,142.96,144.9,142.53,144.42,58090
2023-06-30 11:15:00,144.36,144.54,143.9,144.28,22670
2023-06-30 12:15:00,144.35,146.9,144.34,146.26,95720
2023-06-30 13:15:00,146.39,147.9,146.0,147.65,73510
2023-06-30 14:15:00,147.61,148.2,145.2,146.99,111810
2023-06-30 15:15:00,146.9,147.2,146.02,146.78,59490
2023-07-03 09:15:00,147.7,149.47,146.78,146.93,142390
2023-07-03 10:15:00,146.95,147.2,146.52,146.79,24420
2023-07-03 11:15:00,146.78,148.0,146.07,147.98,57690
2023-07-03 12:15:00,147.98,148.4,147.62,147.93,26110
2023-07-03 13:15:00,148.21,149.4,147.93,149.0,115460
2023-07-03 14:15:00,148.78,148.9,147.35,147.67,61160
2023-07-03 15:15:00,147.68,147.99,147.22,147.74,17290
2023-07-04 09:15:00,148.37,149.4,145.12,147.18,85250
2023-07-04 10:15:00,147.5,147.9,147.3,147.62,16800
2023-07-04 11:15:00,147.62,147.74,146.81,147.4,21930
2023-07-04 12:15:00,147.36,147.9,147.34,147.47,22140
2023-07-04 13:15:00,147.48,147.9,147.1,147.19,27650
2023-07-04 14:15:00,147.2,147.5,143.12,143.29,83310
2023-07-04 15:15:00,143.46,144.37,143.0,143.68,78660
2023-07-05 09:15:00,144.19,147.8,144.19,147.74,84910
2023-07-05 10:15:00,147.75,147.8,144.9,146.4,55620
2023-07-05 11:15:00,146.4,146.9,145.86,146.8,28350
2023-07-05 12:15:00,146.79,148.8,146.4,148.48,120490
2023-07-05 13:15:00,148.49,148.9,147.0,147.98,117620
2023-07-05 14:15:00,148.0,148.5,146.68,146.68,62800
2023-07-05 15:15:00,146.8,146.8,145.52,146.46,52490
2023-07-06 09:15:00,146.7,148.5,145.64,148.34,81880
2023-07-06 10:15:00,148.64,148.8,147.32,147.72,25120
2023-07-06 11:15:00,147.62,148.4,147.5,148.05,38590
2023-07-06 12:15:00,148.21,149.5,147.9,149.17,65330
2023-07-06 13:15:00,149.24,149.98,148.53,149.0,61060
2023-07-06 14:15:00,149.0,149.79,148.63,149.74,75980
2023-07-06 15:15:00,149.6,149.6,149.0,149.33,46250
2023-07-07 09:15:00,149.33,149.8,149.0,149.55,46420
2023-07-07 10:15:00,149.37,150.0,149.0,149.9,38480
2023-07-07 11:15:00,149.9,151.99,149.29,151.67,167140
2023-07-07 12:15:00,151.5,152.99,151.4,152.59,125610
2023-07-07 13:15:00,152.57,153.56,152.21,152.82,104820
2023-07-07 14:15:00,152.83,154.72,152.71,154.08,155240
2023-07-07 15:15:00,154.08,154.24,152.6,153.44,45730
2023-07-10 09:15:00,153.3,157.6,151.92,157.16,133710
2023-07-10 10:15:00,157.22,158.59,156.22,158.32,115560
2023-07-10 11:15:00,158.45,159.5,157.6,158.08,88210
2023-07-10 12:15:00,158.09,158.5,157.99,158.4,55440
2023-07-10 13:15:00,158.4,158.5,157.89,158.09,39000
2023-07-10 14:15:00,158.13,158.29,156.12,156.78,73150
2023-07-10 15:15:00,156.79,156.82,154.58,156.16,61300
2023-07-11 09:15:00,156.51,157.43,155.71,157.0,47420
2023-07-11 10:15:00,157.45,158.19,156.34,157.81,38990
2023-07-11 11:15:00,157.71,160.6,157.7,160.24,99850
2023-07-11 12:15:00,160.01,160.01,158.24,158.82,49870
2023-07-11 13:15:00,158.83,160.4,158.66,159.79,53790
2023-07-11 14:15:00,159.52,159.79,158.34,158.35,62660
2023-07-11 15:15:00,158.76,159.43,158.0,158.63,33770
2023-07-12 09:15:00,158.99,161.87,158.61,160.43,116150
2023-07-12 10:15:00,160.17,162.4,159.9,160.04,146910
2023-07-12 11:15:00,160.0,160.33,158.7,159.16,37330
2023-07-12 12:15:00,159.21,161.5,159.2,161.5,86010
2023-07-12 13:15:00,161.5,162.1,161.3,161.7,67510
2023-07-12 14:15:00,161.78,162.9,161.6,162.72,175710
2023-07-12 15:15:00,162.73,163.1,162.52,162.72,64280
2023-07-13 09:15:00,162.7,163.7,160.3,161.0,147110
2023-07-13 10:15:00,161.05,161.5,160.9,161.31,19640
2023-07-13 11:15:00,161.4,162.5,161.21,162.37,73850
2023-07-13 12:15:00,162.39,163.9,162.0,163.81,37370
2023-07-13 13:15:00,163.9,164.48,160.23,160.31,64230
2023-07-13 14:15:00,160.45,162.38,160.24,161.85,68310
2023-07-13 15:15:00,161.9,163.51,160.81,161.99,43140
2023-07-14 09:15:00,162.9,164.8,162.33,163.39,70110
2023-07-14 10:15:00,163.37,163.8,160.71,160.8,73680
2023-07-14 11:15:00,161.0,162.27,160.47,162.26,49210
2023-07-14 12:15:00,162.26,162.61,161.7,161.85,12250
2023-07-14 13:15:00,161.85,162.5,160.1,160.6,46440
2023-07-14 14:15:00,160.82,160.97,157.65,158.2,69990
2023-07-14 15:15:00,158.21,159.09,157.62,158.7,46830
2023-07-17 09:15:00,160.96,161.77,158.01,159.75,89600
2023-07-17 10:15:00,159.58,159.7,156.6,156.91,122730
2023-07-17 11:15:00,156.91,158.97,156.66,158.85,73780
2023-07-17 12:15:00,158.85,160.39,158.27,159.28,39340
2023-07-17 13:15:00,159.25,159.62,158.95,159.24,25220
2023-07-17 14:15:00,159.15,161.0,159.15,159.44,151930
2023-07-17 15:15:00,159.19,160.42,159.1,159.7,43880
2023-07-18 09:15:00,162.17,166.0,162.1,165.83,381520
2023-07-18 10:15:00,165.84,166.17,163.9,165.89,118390
2023-07-18 11:15:00,165.9,166.3,164.1,164.76,80430
2023-07-18 12:15:00,164.76,165.98,164.31,165.84,69620
2023-07-18 13:15:00,165.87,168.88,165.67,168.8,343290
2023-07-18 14:15:00,168.8,172.8,168.23,172.18,514170
2023-07-18 15:15:00,172.18,174.92,171.82,172.83,276890
2023-07-19 09:15:00,176.0,178.38,172.8,173.8,458650
2023-07-19 10:15:00,173.8,176.2,171.32,172.91,164600
2023-07-19 11:15:00,172.79,173.6,170.5,173.35,106770
2023-07-19 12:15:00,173.35,174.2,172.67,173.13,47340
2023-07-19 13:15:00,173.16,173.69,172.62,173.3,26280
2023-07-19 14:15:00,173.3,176.9,172.31,176.78,135870
2023-07-19 15:15:00,176.6,177.5,175.23,176.28,101880
2023-07-20 09:15:00,176.28,178.0,175.06,177.5,110200
2023-07-20 10:15:00,177.73,178.0,177.43,177.65,49340
2023-07-20 11:15:00,177.65,178.0,177.48,177.63,37850
2023-07-20 12:15:00,177.88,178.0,177.53,177.92,24720
2023-07-20 13:15:00,177.92,179.21,177.75,177.85,73720
2023-07-20 14:15:00,178.0,178.6,177.39,177.59,42930
2023-07-20 15:15:00,177.58,178.18,176.91,177.7,44250
2023-07-21 09:15:00,178.4,178.4,174.46,175.82,92930
2023-07-21 10:15:00,175.97,177.5,175.66,176.54,48850
2023-07-21 11:15:00,176.42,176.7,175.52,176.41,215830
2023-07-21 12:15:00,176.46,176.5,175.64,176.4,34450
2023-07-21 13:15:00,176.4,176.4,175.0,175.0,59390
2023-07-21 14:15:00,174.89,176.5,174.18,176.49,81800
2023-07-21 15:15:00,176.12,176.5,176.03,176.37,39510
2023-07-24 09:15:00,178.4,178.4,176.5,177.53,67030
2023-07-24 10:15:00,177.7,178.2,175.79,176.28,46460
2023-07-24 11:15:00,176.28,176.55,175.7,176.22,11450
2023-07-24 12:15:00,176.24,177.5,176.24,177.34,20550
2023-07-24 13:15:00,177.34,177.48,175.5,175.78,41560
2023-07-24 14:15:00,175.69,177.39,175.57,177.06,28880
2023-07-24 15:15:00,177.0,178.0,175.5,177.03,48960
2023-07-25 09:15:00,178.17,179.8,177.1,177.9,96600
2023-07-25 10:15:00,177.89,178.01,176.41,177.85,27600
2023-07-25 11:15:00,177.89,178.95,177.34,178.4,38140
2023-07-25 12:15:00,178.49,178.97,178.2,178.82,30050
2023-07-25 13:15:00,178.87,178.87,175.5,176.54,63570
2023-07-25 14:15:00,176.65,179.8,176.5,179.6,108850
2023-07-25 15:15:00,179.59,180.0,179.2,179.6,30350
2023-07-26 09:15:00,181.72,184.2,180.67,183.84,189740
2023-07-26 10:15:00,183.67,184.7,182.57,182.57,65940
2023-07-26 11:15:00,182.48,183.34,181.92,182.47,47410
2023-07-26 12:15:00,182.47,184.97,182.3,184.7,77360
2023-07-26 13:15:00,184.7,186.4,184.48,186.05,108970
2023-07-26 14:15:00,186.05,187.44,185.89,187.4,132250
2023-07-26 15:15:00,187.16,188.88,187.05,187.69,105100
2023-07-27 09:15:00,189.88,191.2,188.0,189.1,134220
2023-07-27 10:15:00,189.3,189.33,186.39,188.68,90960
2023-07-27 11:15:00,188.92,190.2,188.0,189.65,56870
2023-07-27 12:15:00,189.74,190.88,189.74,190.5,34820
2023-07-27 13:15:00,190.5,191.5,190.11,190.61,45910
2023-07-27 14:15:00,190.61,194.4,188.7,193.9,165800
2023-07-27 15:15:00,194.2,194.47,192.6,193.09,72190
2023-07-28 09:15:00,194.0,194.8,190.83,192.16,139990
2023-07-28 10:15:00,192.59,193.12,192.0,192.4,33670
2023-07-28 11:15:00,192.5,193.84,192.2,193.12,33670
2023-07-28 12:15:00,192.86,193.36,189.0,189.8,95530
2023-07-28 13:15:00,189.82,190.37,187.66,188.76,85420
2023-07-28 14:15:00,188.59,189.08,187.13,188.16,60380
2023-07-28 15:15:00,188.16,188.4,186.5,187.79,62490
2023-07-31 09:15:00,188.97,193.1,188.03,192.54,226910
2023-07-31 10:15:00,192.8,196.32,192.43,195.62,105120
2023-07-31 11:15:00,195.56,199.4,195.56,197.76,259570
2023-07-31 12:15:00,197.98,200.0,197.8,199.44,279870
2023-07-31 13:15:00,199.44,200.38,199.09,199.5,115670
2023-07-31 14:15:00,199.6,202.3,199.5,201.86,257020
2023-07-31 15:15:00,201.89,202.5,200.52,201.78,128930
2023-08-01 09:15:00,203.87,205.0,201.78,203.37,199330
2023-08-01 10:15:00,203.19,203.75,194.17,194.75,301820
2023-08-01 11:15:00,194.8,197.39,194.8,196.83,94900
2023-08-01 12:15:00,196.91,197.46,196.2,197.31,44170
2023-08-01 13:15:00,197.44,197.46,195.54,196.4,29360
2023-08-01 14:15:00,196.49,197.6,195.6,197.0,96190
2023-08-01 15:15:00,196.8,197.2,196.14,196.7,40030
2023-08-02 09:15:00,198.5,200.5,197.0,197.77,178740
2023-08-02 10:15:00,197.67,197.87,192.69,192.94,166460
2023-08-02 11:15:00,192.95,194.6,191.22,193.0,154680
2023-08-02 12:15:00,193.0,194.0,191.0,191.68,88410
2023-08-02 13:15:00,191.61,191.69,188.05,188.9,161640
2023-08-02 14:15:00,188.4,189.0,186.33,187.93,179860
2023-08-02 15:15:00,188.0,189.4,187.51,188.3,93470
2023-08-03 09:15:00,189.87,193.97,187.01,189.04,294500
2023-08-03 10:15:00,189.01,193.31,185.29,193.31,150460
2023-08-03 11:15:00,193.38,193.99,191.81,192.0,130090
2023-08-03 12:15:00,192.0,192.04,188.42,189.0,104530
2023-08-03 13:15:00,189.0,189.15,188.16,188.35,37920
2023-08-03 14:15:00,188.3,193.3,188.3,192.83,178020
2023-08-03 15:15:00,192.62,193.99,192.42,192.92,127150
2023-08-04 09:15:00,193.8,196.05,190.25,194.6,261564
2023-08-04 10:15:00,194.65,199.9,194.2,199.55,147036
2023-08-04 11:15:00,199.7,201.4,198.05,199.45,122818
2023-08-04 12:15:00,199.6,200.45,199.1,200.2,38061
2023-08-04 13:15:00,200.05,200.6,199.45,199.95,38308
2023-08-04 14:15:00,199.95,200.35,196.3,197.45,48253
2023-08-04 15:15:00,197.05,197.4,195.15,197.0,30122
2023-08-07 09:15:00,193.95,193.95,188.1,189.35,169613
2023-08-07 10:15:00,189.5,189.5,188.15,188.65,37021
2023-08-07 11:15:00,188.65,188.9,187.05,187.75,40321
2023-08-07 12:15:00,188.0,192.5,187.95,191.0,118797
2023-08-07 13:15:00,190.95,191.8,189.4,190.0,44442
2023-08-07 14:15:00,190.0,190.75,188.2,188.2,49847
2023-08-07 15:15:00,188.45,188.5,187.3,187.9,29371
2023-08-08 09:15:00,189.95,189.95,177.1,180.4,204334
2023-08-08 10:15:00,180.0,180.1,173.25,176.85,297199
2023-08-08 11:15:00,176.55,178.9,175.9,178.75,120092
2023-08-08 12:15:00,178.6,178.7,177.35,178.0,33873
2023-08-08 13:15:00,178.0,178.2,176.3,176.4,35397
2023-08-08 14:15:00,176.5,177.75,175.5,177.55,70796
2023-08-08 15:15:00,177.55,180.5,177.5,180.15,154799
2023-08-09 09:15:00,178.9,187.2,178.9,185.2,184693
2023-08-09 10:15:00,185.4,193.0,185.0,190.8,508223
2023-08-09 11:15:00,190.75,198.65,190.35,193.1,395418
2023-08-09 12:15:00,193.25,194.7,191.2,193.35,116081
2023-08-09 13:15:00,193.5,195.45,193.0,193.7,80926
2023-08-09 14:15:00,193.85,193.85,188.6,189.45,193132
2023-08-09 15:15:00,189.3,192.75,189.15,192.75,95563
2023-08-10 09:15:00,192.35,196.3,187.5,188.5,159751
2023-08-10 10:15:00,188.45,189.45,185.0,188.45,94552
2023-08-10 11:15:00,188.75,189.7,188.3,188.8,38443
2023-08-10 12:15:00,188.8,190.5,188.75,189.75,49817
2023-08-10 13:15:00,189.85,192.0,188.35,191.15,141125
2023-08-10 14:15:00,191.05,193.0,188.7,192.1,127716
2023-08-10 15:15:00,191.9,194.5,191.65,193.55,87001
2023-08-11 09:15:00,193.7,194.7,188.55,190.05,63864
2023-08-11 10:15:00,190.3,190.9,189.35,190.65,32032
2023-08-11 11:15:00,190.65,191.05,189.15,190.1,27342
2023-08-11 12:15:00,190.05,190.3,189.1,189.75,17509
2023-08-11 13:15:00,189.5,190.2,188.4,190.0,29033
2023-08-11 14:15:00,190.0,190.15,188.3,189.85,38401
2023-08-11 15:15:00,190.0,191.95,188.05,188.7,47726
2023-08-14 09:15:00,189.5,191.05,185.05,190.4,72131
2023-08-14 10:15:00,190.4,190.7,188.05,188.9,26654
2023-08-14 11:15:00,188.7,190.2,188.2,189.75,34896
2023-08-14 12:15:00,189.75,190.05,187.1,189.95,40119
2023-08-14 13:15:00,189.8,190.3,188.4,189.6,32750
2023-08-14 14:15:00,189.55,192.0,189.4,191.25,55125
2023-08-14 15:15:00,191.25,194.8,191.05,194.0,58252
2023-08-16 09:15:00,192.9,193.5,189.6,190.0,59164
2023-08-16 10:15:00,190.0,191.4,190.0,190.45,35696
2023-08-16 11:15:00,190.45,193.0,190.05,192.7,24833
2023-08-16 12:15:00,192.7,192.7,191.5,191.75,27957
2023-08-16 13:15:00,191.75,193.0,191.45,193.0,31262
2023-08-16 14:15:00,193.0,193.0,190.65,190.65,46160
2023-08-16 15:15:00,190.55,191.5,188.8,190.05,53366
2023-08-17 09:15:00,191.85,192.45,189.0,189.2,42676
2023-08-17 10:15:00,189.2,191.5,189.2,190.5,36398
2023-08-17 11:15:00,190.5,191.55,189.85,190.6,41118
2023-08-17 12:15:00,190.3,190.85,189.45,190.55,25729
2023-08-17 13:15:00,190.55,191.45,187.25,189.75,359988
2023-08-17 14:15:00,189.75,192.05,188.4,191.05,40968
2023-08-17 15:15:00,190.8,192.4,190.8,191.0,23048
2023-08-18 09:15:00,194.0,196.4,192.55,195.15,177801
2023-08-18 10:15:00,195.3,198.45,194.85,195.1,152080
2023-08-18 11:15:00,195.1,195.9,194.0,194.2,27422
2023-08-18 12:15:00,194.2,195.05,194.05,194.45,25954
2023-08-18 13:15:00,194.6,197.9,191.35,196.25,479994
2023-08-18 14:15:00,196.1,200.25,195.55,199.3,222134
2023-08-18 15:15:00,198.8,199.9,197.7,198.75,68946
2023-08-21 09:15:00,200.75,212.5,200.75,206.65,439380
2023-08-21 10:15:00,206.65,210.9,206.5,208.75,152182
2023-08-21 11:15:00,209.2,210.25,208.15,208.65,41147
2023-08-21 12:15:00,208.9,209.7,207.55,207.8,152438
2023-08-21 13:15:00,208.25,208.25,202.6,203.2,401177
2023-08-21 14:15:00,203.2,203.95,202.3,203.25,154557
2023-08-21 15:15:00,203.0,203.0,201.0,201.0,135894
2023-08-22 09:15:00,203.8,206.65,203.2,204.55,120145
2023-08-22 10:15:00,204.95,205.0,202.65,203.0,68011
2023-08-22 11:15:00,203.3,203.9,202.1,202.95,46998
2023-08-22 12:15:00,202.75,205.95,202.75,205.95,72494
2023-08-22 13:15:00,206.0,207.1,204.05,204.7,131402
2023-08-22 14:15:00,205.15,205.4,203.6,204.6,38881
2023-08-22 15:15:00,204.4,205.95,204.05,205.0,57683
2023-08-23 09:15:00,206.2,208.0,205.8,206.8,64749
2023-08-23 10:15:00,206.9,208.5,206.3,207.0,25409
2023-08-23 11:15:00,207.0,207.2,206.2,206.85,17986
2023-08-23 12:15:00,206.85,209.7,206.55,209.3,48006
2023-08-23 13:15:00,209.3,211.3,208.75,209.1,122067
2023-08-23 14:15:00,209.0,210.5,208.05,209.15,85155
2023-08-23 15:15:00,209.1,210.35,209.1,209.9,60098
2023-08-24 09:15:00,211.65,213.9,210.4,211.7,131602
2023-08-24 10:15:00,211.7,212.0,210.35,210.35,43208
2023-08-24 11:15:00,210.2,210.95,209.1,209.75,29992
2023-08-24 12:15:00,209.5,210.65,209.15,210.05,18792
2023-08-24 13:15:00,210.25,210.25,207.65,208.05,38233
2023-08-24 14:15:00,208.0,208.05,203.8,206.65,224060
2023-08-24 15:15:00,206.85,207.9,206.55,207.0,32307
2023-08-25 09:15:00,205.0,208.8,205.0,206.0,99384
2023-08-25 10:15:00,206.0,206.45,201.3,203.8,105091
2023-08-25 11:15:00,203.95,205.9,203.5,203.8,47654
2023-08-25 12:15:00,203.95,206.5,203.5,204.55,26836
2023-08-25 13:15:00,204.35,206.0,203.15,205.35,39714
2023-08-25 14:15:00,205.3,207.0,204.7,206.0,48891
2023-08-25 15:15:00,206.0,207.5,205.2,206.95,59698
2023-08-28 09:15:00,208.45,210.95,207.4,208.25,83757
2023-08-28 10:15:00,208.5,208.75,207.5,208.35,33481
2023-08-28 11:15:00,208.7,208.95,208.05,208.8,11393
2023-08-28 12:15:00,208.8,209.9,208.5,209.45,32181
2023-08-28 13:15:00,209.5,209.75,207.5,208.3,49159
2023-08-28 14:15:00,208.3,210.45,208.0,209.0,133941
2023-08-28 15:15:00,209.2,211.0,208.75,210.6,57134
2023-08-29 09:15:00,210.7,214.6,210.7,211.25,137305
2023-08-29 10:15:00,211.35,211.8,210.45,210.85,14730
2023-08-29 11:15:00,210.8,211.0,205.75,207.25,69726
2023-08-29 12:15:00,207.3,209.35,207.3,209.05,23933
2023-08-29 13:15:00,209.0,209.95,208.55,208.6,15558
2023-08-29 14:15:00,208.8,211.8,207.5,211.8,49500
2023-08-29 15:15:00,211.5,211.95,210.35,211.7,31803
2023-08-30 09:15:00,211.4,214.3,211.05,212.45,64389
2023-08-30 10:15:00,212.5,212.5,211.0,211.85,24499
2023-08-30 11:15:00,211.85,212.65,211.15,211.9,14809
2023-08-30 12:15:00,211.65,213.0,211.55,212.65,46154
2023-08-30 13:15:00,212.7,212.8,210.25,210.25,58960
2023-08-30 14:15:00,210.15,211.5,207.8,209.4,82320
2023-08-30 15:15:00,208.7,212.1,208.7,211.8,43025
2023-08-31 09:15:00,212.9,212.9,209.3,209.95,54753
2023-08-31 10:15:00,209.95,213.5,209.05,212.95,72320
2023-08-31 11:15:00,212.95,214.1,212.4,213.0,87604
2023-08-31 12:15:00,213.0,214.6,212.05,213.5,69315
2023-08-31 13:15:00,213.6,214.45,212.1,212.7,39438
2023-08-31 14:15:00,212.8,220.05,212.05,220.05,217121
2023-08-31 15:15:00,220.2,228.1,220.0,228.1,249563
2023-09-01 09:15:00,228.4,247.8,228.1,234.9,904801
2023-09-01 10:15:00,234.55,239.7,234.4,237.9,182195
2023-09-01 11:15:00,237.9,237.95,236.3,237.8,74681
2023-09-01 12:15:00,237.85,238.55,236.05,237.55,76625
2023-09-01 13:15:00,237.9,237.95,232.95,234.85,167453
2023-09-01 14:15:00,234.8,243.95,233.65,242.0,244107
2023-09-01 15:15:00,242.4,243.0,240.1,241.75,88231
2023-09-04 09:15:00,243.85,255.95,242.3,251.8,367203
2023-09-04 10:15:00,251.85,251.9,248.05,248.5,115256
2023-09-04 11:15:00,248.8,249.9,248.0,249.2,68270
2023-09-04 12:15:00,249.2,249.45,244.1,244.9,137852
2023-09-04 13:15:00,244.9,245.95,243.7,243.8,83424
2023-09-04 14:15:00,243.8,244.9,242.65,244.3,114749
2023-09-04 15:15:00,244.4,248.95,243.2,247.75,61342
2023-09-05 09:15:00,248.15,249.1,245.85,248.25,81753
2023-09-05 10:15:00,248.25,248.9,246.05,247.95,35978
2023-09-05 11:15:00,247.9,248.3,246.05,246.15,16441
2023-09-05 12:15:00,246.1,246.95,242.1,244.95,54377
2023-09-05 13:15:00,244.95,246.0,242.2,245.1,41682
2023-09-05 14:15:00,245.5,247.15,242.6,242.75,89513
2023-09-05 15:15:00,242.5,243.35,240.9,241.7,78027
2023-09-06 09:15:00,244.9,245.0,235.5,238.95,123240
2023-09-06 10:15:00,238.5,239.15,237.6,237.6,31610
2023-09-06 11:15:00,237.5,237.6,235.85,235.9,21188
2023-09-06 12:15:00,235.85,237.6,235.0,236.5,22022
2023-09-06 13:15:00,236.5,236.85,235.0,235.7,15949
2023-09-06 14:15:00,235.7,236.7,232.05,232.65,81386
2023-09-06 15:15:00,232.55,233.9,231.3,233.0,50412
2023-09-07 09:15:00,234.6,234.6,223.3,226.75,128709
2023-09-07 10:15:00,226.8,228.75,226.0,227.65,46832
2023-09-07 11:15:00,227.65,230.65,226.0,228.95,38956
2023-09-07 12:15:00,228.8,229.55,227.4,229.0,25172
2023-09-07 13:15:00,228.6,229.95,228.6,229.6,24759
2023-09-07 14:15:00,229.6,233.8,229.0,233.0,87629
2023-09-07 15:15:00,233.0,237.95,232.95,234.95,57188
2023-09-08 09:15:00,234.1,234.1,230.05,231.0,51866
2023-09-08 10:15:00,231.05,231.5,229.75,230.8,33260
2023-09-08 11:15:00,230.55,231.65,228.9,231.0,23347
2023-09-08 12:15:00,230.75,231.4,227.05,228.3,49268
2023-09-08 13:15:00,228.4,230.4,226.0,230.0,63864
2023-09-08 14:15:00,230.0,238.65,229.45,238.65,110486
2023-09-08 15:15:00,238.65,242.4,238.65,240.05,89983
2023-09-11 09:15:00,240.4,242.4,234.05,234.85,60817
2023-09-11 10:15:00,234.5,235.0,232.15,233.15,43946
2023-09-11 11:15:00,233.45,233.95,232.6,233.1,19987
2023-09-11 12:15:00,233.1,239.0,233.0,236.2,38594
2023-09-11 13:15:00,236.25,236.75,234.35,235.05,28681
2023-09-11 14:15:00,235.05,238.0,232.5,233.05,64594
2023-09-11 15:15:00,233.0,235.3,231.1,234.9,31290
2023-09-12 09:15:00,234.85,234.9,215.6,226.75,163526
2023-09-12 10:15:00,226.5,228.45,222.0,226.95,44436
2023-09-12 11:15:00,227.0,227.0,221.1,221.1,36215
2023-09-12 12:15:00,221.0,221.2,218.05,219.0,31788
2023-09-12 13:15:00,219.0,227.4,218.0,227.4,53052
2023-09-12 14:15:00,227.4,228.4,217.5,218.55,125317
2023-09-12 15:15:00,218.55,219.95,215.65,218.9,39329
2023-09-13 09:15:00,219.9,225.95,218.0,218.65,66862
2023-09-13 10:15:00,218.7,218.75,216.05,217.0,33363
2023-09-13 11:15:00,217.0,220.9,217.0,220.1,16843
2023-09-13 12:15:00,220.1,225.6,220.1,223.45,42034
2023-09-13 13:15:00,223.45,223.85,220.0,223.5,26930
2023-09-13 14:15:00,223.45,224.35,221.1,222.1,62064
2023-09-13 15:15:00,221.95,223.45,220.35,223.45,20524
2023-09-14 09:15:00,222.0,230.95,221.95,228.75,75394
2023-09-14 10:15:00,228.45,229.45,224.55,226.65,20204
2023-09-14 11:15:00,226.65,229.9,225.95,229.6,23217
2023-09-14 12:15:00,229.6,229.65,227.45,228.35,28557
2023-09-14 13:15:00,228.75,229.9,227.0,227.8,18970
2023-09-14 14:15:00,227.95,228.55,225.0,226.3,37575
2023-09-14 15:15:00,226.55,229.4,224.65,229.4,40095
2023-09-15 09:15:00,226.35,228.0,219.0,220.15,134962
2023-09-15 10:15:00,220.25,220.6,219.55,220.45,32240
2023-09-15 11:15:00,220.45,221.4,220.0,220.5,51658
2023-09-15 12:15:00,220.5,220.55,219.5,219.7,23924
2023-09-15 13:15:00,219.7,220.7,219.45,220.55,31972
2023-09-15 14:15:00,220.55,221.45,209.45,210.7,435447
2023-09-15 15:15:00,210.3,214.0,209.15,214.0,198960
2023-09-18 09:15:00,214.6,218.8,212.1,217.9,82782
2023-09-18 10:15:00,217.5,219.35,216.55,217.3,30201
2023-09-18 11:15:00,217.3,217.9,212.55,214.1,20964
2023-09-18 12:15:00,214.05,216.3,213.85,215.35,17533
2023-09-18 13:15:00,215.4,219.0,214.95,218.7,49173
2023-09-18 14:15:00,218.6,219.45,217.45,218.85,56741
2023-09-18 15:15:00,218.7,219.5,216.75,218.95,40254
2023-09-20 09:15:00,217.75,217.75,213.05,213.45,31166
2023-09-20 10:15:00,213.45,217.8,212.0,214.9,61478
2023-09-20 11:15:00,215.0,215.1,213.95,213.95,18152
2023-09-20 12:15:00,214.6,215.1,211.5,214.8,30781
2023-09-20 13:15:00,214.8,215.95,213.3,213.9,42914
2023-09-20 14:15:00,214.0,215.7,211.5,214.85,72736
2023-09-20 15:15:00,214.5,216.1,213.0,213.0,26436
2023-09-21 09:15:00,212.25,215.5,212.25,212.7,18847
2023-09-21 10:15:00,212.95,213.1,212.05,212.7,8227
2023-09-21 11:15:00,213.1,216.65,212.8,216.15,10728
2023-09-21 12:15:00,215.9,216.8,214.2,215.3,14567
2023-09-21 13:15:00,215.2,216.25,212.85,215.35,23559
2023-09-21 14:15:00,215.35,217.75,211.7,212.9,68808
2023-09-21 15:15:00,212.95,213.7,211.15,213.5,14222
2023-09-22 09:15:00,212.7,214.75,210.85,211.1,21997
2023-09-22 10:15:00,210.8,212.85,210.1,212.7,15322
2023-09-22 11:15:00,212.7,213.5,212.35,213.45,4796
2023-09-22 12:15:00,213.45,215.65,213.3,215.25,17928
2023-09-22 13:15:00,215.2,216.8,213.5,213.65,22441
2023-09-22 14:15:00,213.65,219.15,212.6,215.5,71405
2023-09-22 15:15:00,215.6,216.8,214.0,216.8,20327
2023-09-25 09:15:00,216.0,219.35,215.1,215.65,34475
2023-09-25 10:15:00,215.75,215.75,214.0,214.55,9986
2023-09-25 11:15:00,214.55,215.35,214.05,215.35,4944
2023-09-25 12:15:00,215.35,219.25,215.1,217.65,24146
2023-09-25 13:15:00,217.9,219.35,217.25,219.1,28177
2023-09-25 14:15:00,219.1,220.45,215.6,216.6,47512
2023-09-25 15:15:00,216.25,220.2,215.9,218.7,23753
2023-09-26 09:15:00,217.5,218.5,216.85,218.05,12433
2023-09-26 10:15:00,217.85,218.7,217.05,217.55,11278
2023-09-26 11:15:00,217.75,218.0,216.5,217.9,8520
2023-09-26 12:15:00,217.8,220.5,217.5,220.5,25847
2023-09-26 13:15:00,220.45,223.6,220.0,220.5,46474
2023-09-26 14:15:00,220.5,223.4,220.0,223.0,24930
2023-09-26 15:15:00,223.0,223.6,221.15,221.15,24414
2023-09-27 09:15:00,222.45,223.95,220.2,221.5,47383
2023-09-27 10:15:00,221.5,222.0,220.55,221.75,11670
2023-09-27 11:15:00,221.6,221.75,220.5,221.05,7372
2023-09-27 12:15:00,221.1,221.8,220.5,220.95,12456
2023-09-27 13:15:00,220.75,221.45,220.35,220.95,13486
2023-09-27 14:15:00,221.3,225.0,220.5,224.7,59449
2023-09-27 15:15:00,224.7,224.95,224.15,224.8,16069
2023-09-28 09:15:00,225.95,226.7,221.45,223.2,47937
2023-09-28 10:15:00,223.1,224.35,223.0,224.15,19848
2023-09-28 11:15:00,224.2,224.4,221.7,221.9,53033
2023-09-28 12:15:00,221.9,222.15,220.5,220.95,11194
2023-09-28 13:15:00,220.95,221.2,218.4,219.05,12883
2023-09-28 14:15:00,219.05,219.9,217.35,219.45,25155
2023-09-28 15:15:00,219.05,220.0,217.0,219.4,27034
2023-09-29 09:15:00,219.0,222.75,219.0,221.85,22144
2023-09-29 10:15:00,222.0,222.15,221.0,221.0,4275
2023-09-29 11:15:00,221.3,221.95,220.7,221.4,4612
2023-09-29 12:15:00,221.25,221.25,218.35,219.35,66586
2023-09-29 13:15:00,219.45,219.95,218.85,218.9,36598
2023-09-29 14:15:00,218.6,220.05,217.9,218.15,23760
2023-09-29 15:15:00,218.25,222.55,218.25,220.0,26040
2023-10-03 09:15:00,224.95,224.95,218.0,220.65,19784
2023-10-03 10:15:00,220.65,225.5,220.0,225.2,51538
2023-10-03 11:15:00,225.0,226.2,224.8,226.0,36645
2023-10-03 12:15:00,226.25,228.0,225.0,225.0,53679
2023-10-03 13:15:00,224.95,226.5,224.6,226.4,16490
2023-10-03 14:15:00,226.25,227.85,222.6,222.7,69922
2023-10-03 15:15:00,223.1,223.2,219.25,221.7,56799
2023-10-04 09:15:00,221.0,223.45,218.9,223.0,24062
2023-10-04 10:15:00,223.2,224.15,222.05,223.75,17355
2023-10-04 11:15:00,224.0,224.2,219.2,219.6,39129
2023-10-04 12:15:00,219.65,220.4,218.15,219.65,21338
2023-10-04 13:15:00,219.6,219.65,215.0,217.0,30550
2023-10-04 14:15:00,217.25,218.0,213.6,216.55,48576
2023-10-04 15:15:00,216.1,218.7,215.6,218.45,31699
2023-10-05 09:15:00,218.8,220.9,218.1,218.7,21866
2023-10-05 10:15:00,218.7,219.0,217.15,219.0,9733
2023-10-05 11:15:00,218.8,220.8,218.05,220.05,18567
2023-10-05 12:15:00,220.4,221.2,218.0,218.45,40370
2023-10-05 13:15:00,219.1,219.1,217.2,217.8,21483
2023-10-05 14:15:00,217.8,218.55,215.55,216.6,42861
2023-10-05 15:15:00,215.55,217.65,213.8,217.0,62693
2023-10-06 09:15:00,218.6,220.25,217.4,220.25,14110
2023-10-06 10:15:00,220.2,220.2,218.05,218.3,5391
2023-10-06 11:15:00,218.3,219.45,218.0,219.1,4491
2023-10-06 12:15:00,218.65,219.05,215.35,216.05,19617
2023-10-06 13:15:00,216.15,216.7,215.5,215.8,16461
2023-10-06 14:15:00,216.0,216.5,215.35,216.0,51102
2023-10-06 15:15:00,215.95,216.0,215.5,216.0,19944
2023-10-09 09:15:00,214.8,214.8,208.1,210.15,57769
2023-10-09 10:15:00,210.2,214.55,210.1,213.3,21616
2023-10-09 11:15:00,213.3,216.8,213.25,216.8,36932
2023-10-09 12:15:00,216.8,217.55,214.15,216.45,35997
2023-10-09 13:15:00,216.45,216.45,211.95,211.95,80100
2023-10-09 14:15:00,211.7,214.1,210.8,212.0,78648
2023-10-09 15:15:00,212.0,212.5,211.9,212.0,27754
2023-10-10 09:15:00,213.9,215.0,212.85,214.2,18263
2023-10-10 10:15:00,214.2,214.65,213.65,214.25,5516
2023-10-10 11:15:00,214.75,218.75,214.6,218.0,62960
2023-10-10 12:15:00,218.0,222.85,217.15,220.6,67040
2023-10-10 13:15:00,220.6,222.0,220.2,220.65,57732
2023-10-10 14:15:00,220.65,221.35,218.0,221.2,42733
2023-10-10 15:15:00,221.35,223.4,220.15,220.25,40459
2023-10-11 09:15:00,219.7,223.45,219.7,220.55,23702
2023-10-11 10:15:00,220.45,222.5,219.15,221.0,31182
2023-10-11 11:15:00,220.9,222.05,220.9,221.95,7752
2023-10-11 12:15:00,221.9,222.5,221.0,222.4,7388
2023-10-11 13:15:00,222.05,222.15,220.75,221.2,8385
2023-10-11 14:15:00,221.2,222.1,220.0,220.9,53634
2023-10-11 15:15:00,220.6,222.5,220.0,221.95,41315
2023-10-12 09:15:00,221.0,223.05,220.0,220.25,21336
2023-10-12 10:15:00,220.55,221.1,220.35,220.75,4926
2023-10-12 11:15:00,220.75,221.3,220.6,220.85,3308
2023-10-12 12:15:00,220.6,222.3,220.6,221.7,9097
2023-10-12 13:15:00,221.7,222.3,216.9,218.0,62128
2023-10-12 14:15:00,218.3,220.95,214.75,220.95,96076
2023-10-12 15:15:00,221.5,222.5,220.25,221.2,22950
2023-10-13 09:15:00,218.4,219.7,217.0,217.55,19700
2023-10-13 10:15:00,217.5,218.5,216.95,218.25,10889
2023-10-13 11:15:00,218.25,218.45,216.05,217.35,20070
2023-10-13 12:15:00,217.45,218.0,217.25,218.0,8186
2023-10-13 13:15:00,218.0,218.0,216.4,216.5,26952
2023-10-13 14:15:00,216.5,217.0,214.9,215.6,54349
2023-10-13 15:15:00,215.5,216.0,213.8,215.0,37120
2023-10-16 09:15:00,217.0,219.8,216.45,218.0,30997
2023-10-16 10:15:00,218.0,218.35,216.0,216.4,13161
2023-10-16 11:15:00,216.4,217.1,215.15,215.4,8708
2023-10-16 12:15:00,215.4,217.4,214.8,215.65,29587
2023-10-16 13:15:00,215.7,217.35,215.0,216.9,20168
2023-10-16 14:15:00,216.65,216.8,214.15,214.85,24295
2023-10-16 15:15:00,214.9,217.35,213.8,215.8,28133
2023-10-17 09:15:00,216.95,218.7,216.95,218.0,29700
2023-10-17 10:15:00,218.2,218.2,215.7,217.1,14154
2023-10-17 11:15:00,217.1,217.5,214.7,217.05,19318
2023-10-17 12:15:00,217.05,218.5,217.05,217.8,26085
2023-10-17 13:15:00,218.0,220.95,217.8,220.95,48909
2023-10-17 14:15:00,220.7,231.75,219.2,230.4,279756
2023-10-17 15:15:00,229.25,231.35,228.85,231.3,112809
2023-10-18 09:15:00,232.45,234.0,224.25,228.15,154815
2023-10-18 10:15:00,228.15,228.55,224.8,225.9,32553
2023-10-18 11:15:00,225.9,228.0,225.55,225.9,24751
2023-10-18 12:15:00,225.9,231.2,225.8,230.7,38254
2023-10-18 13:15:00,230.7,230.9,226.9,228.5,41445
2023-10-18 14:15:00,228.55,229.8,226.2,226.5,38219
2023-10-18 15:15:00,226.4,228.95,223.1,227.4,46340
2023-10-19 09:15:00,226.25,226.7,223.3,223.95,36953
2023-10-19 10:15:00,223.75,224.7,222.0,223.0,17095
2023-10-19 11:15:00,223.0,223.7,221.45,221.95,9587
2023-10-19 12:15:00,221.3,222.8,221.05,222.8,9089
2023-10-19 13:15:00,222.7,222.95,222.05,222.3,8172
2023-10-19 14:15:00,222.0,222.0,219.65,220.1,42540
2023-10-19 15:15:00,220.1,221.45,219.4,219.4,23265
2023-10-20 09:15:00,220.4,222.0,219.9,221.8,12740
2023-10-20 10:15:00,221.85,222.65,221.7,222.35,5858
2023-10-20 11:15:00,222.45,222.45,220.1,220.45,10730
2023-10-20 12:15:00,220.25,220.5,215.1,217.7,39824
2023-10-20 13:15:00,217.75,218.0,216.25,216.75,15020
2023-10-20 14:15:00,216.75,218.9,215.8,216.15,15006
2023-10-20 15:15:00,216.4,217.5,216.2,216.8,9821
2023-10-23 09:15:00,216.45,218.95,209.0,212.5,66150
2023-10-23 10:15:00,212.5,212.5,208.5,209.8,39557
2023-10-23 11:15:00,209.95,210.0,206.8,208.9,39663
2023-10-23 12:15:00,208.9,209.15,203.25,204.05,62298
2023-10-23 13:15:00,204.15,205.05,201.75,203.9,55758
2023-10-23 14:15:00,203.95,205.4,203.2,205.2,30975
2023-10-23 15:15:00,205.35,206.4,201.6,202.65,36288
2023-10-25 09:15:00,205.0,207.85,203.0,207.7,37635
2023-10-25 10:15:00,208.25,210.0,207.2,207.2,16470
2023-10-25 11:15:00,207.1,207.1,198.75,199.0,74371
2023-10-25 12:15:00,199.0,199.0,193.45,195.8,43684
2023-10-25 13:15:00,196.35,198.7,195.2,198.55,61012
2023-10-25 14:15:00,198.55,213.75,198.05,207.15,131851
2023-10-25 15:15:00,206.85,207.5,205.85,207.0,25632
2023-10-26 09:15:00,207.6,207.6,197.35,199.35,85998
2023-10-26 10:15:00,199.0,201.9,198.0,201.1,30298
2023-10-26 11:15:00,201.05,204.0,200.1,201.4,23422
2023-10-26 12:15:00,201.2,209.95,201.2,205.0,46475
2023-10-26 13:15:00,205.0,206.85,203.5,205.0,54406
2023-10-26 14:15:00,205.0,209.95,202.25,203.45,68451
2023-10-26 15:15:00,203.45,206.05,202.5,203.0,28046
2023-10-27 09:15:00,203.1,210.0,203.1,207.1,57524
2023-10-27 10:15:00,207.55,209.65,206.7,209.45,17264
2023-10-27 11:15:00,209.45,209.65,208.15,209.0,10102
2023-10-27 12:15:00,208.9,209.65,208.1,208.8,18175
2023-10-27 13:15:00,208.85,211.45,208.55,211.05,26395
2023-10-27 14:15:00,211.0,214.0,209.6,212.2,60834
2023-10-27 15:15:00,212.2,215.25,212.15,215.15,55900
2023-10-30 09:15:00,200.0,204.1,197.75,202.6,197665
2023-10-30 10:15:00,202.7,204.35,200.95,203.2,78987
2023-10-30 11:15:00,202.8,204.15,201.8,202.9,34142
2023-10-30 12:15:00,203.5,203.85,200.95,201.8,52851
2023-10-30 13:15:00,201.7,203.65,200.3,203.3,51601
2023-10-30 14:15:00,203.2,205.5,203.0,205.3,98664
2023-10-30 15:15:00,205.1,207.5,204.75,206.45,62033
2023-10-31 09:15:00,208.0,208.0,203.05,203.9,52646
2023-10-31 10:15:00,204.0,205.1,203.15,204.35,13812
2023-10-31 11:15:00,204.35,205.85,203.6,203.8,30099
2023-10-31 12:15:00,203.5,204.0,201.0,202.0,27510
2023-10-31 13:15:00,201.95,202.3,200.4,201.0,15007
2023-10-31 14:15:00,201.0,204.0,200.0,201.7,73797
2023-10-31 15:15:00,201.75,204.75,201.3,202.7,30337
2023-11-01 09:15:00,203.1,203.6,200.0,200.7,23995
2023-11-01 10:15:00,200.4,203.3,200.4,202.0,28339
2023-11-01 11:15:00,202.0,204.0,201.5,203.3,27424
2023-11-01 12:15:00,202.9,203.75,199.55,202.5,43657
2023-11-01 13:15:00,202.5,203.0,199.65,201.7,52101
2023-11-01 14:15:00,201.55,202.9,199.8,202.0,36723
2023-11-01 15:15:00,201.7,203.2,201.25,202.0,10291
2023-11-02 09:15:00,201.6,204.25,200.85,202.25,38200
2023-11-02 10:15:00,202.0,204.45,200.95,200.95,21299
2023-11-02 11:15:00,201.25,202.25,200.6,201.45,15511
2023-11-02 12:15:00,201.55,201.7,199.9,201.55,23413
2023-11-02 13:15:00,201.6,202.4,201.15,201.85,19849
2023-11-02 14:15:00,201.5,202.5,199.55,200.55,16900
2023-11-02 15:15:00,200.55,202.9,199.0,201.0,36188
2023-11-03 09:15:00,202.95,207.8,202.95,207.25,80967
2023-11-03 10:15:00,207.0,212.05,207.0,208.8,81878
2023-11-03 11:15:00,208.9,211.0,208.2,210.7,40962
2023-11-03 12:15:00,210.7,217.65,210.5,217.45,69225
2023-11-03 13:15:00,217.5,223.4,215.45,217.15,174921
2023-11-03 14:15:00,217.05,218.35,214.2,215.65,64499
2023-11-03 15:15:00,215.7,217.0,214.2,214.5,54390
2023-11-06 09:15:00,216.05,218.0,213.95,213.95,45946
2023-11-06 10:15:00,213.95,215.0,213.05,214.5,27877
2023-11-06 11:15:00,214.5,214.5,212.45,212.9,18091
2023-11-06 12:15:00,212.9,213.5,211.5,213.15,16173
2023-11-06 13:15:00,213.35,214.3,210.0,210.0,35302
2023-11-06 14:15:00,210.0,211.3,209.1,210.1,40245
2023-11-06 15:15:00,210.3,211.2,209.0,209.0,27344
2023-11-07 09:15:00,211.0,213.4,207.85,208.05,114066
2023-11-07 10:15:00,208.3,209.0,208.1,208.5,10374
2023-11-07 11:15:00,208.5,208.6,208.0,208.5,19867
2023-11-07 12:15:00,208.3,208.95,208.2,208.85,2259
2023-11-07 13:15:00,208.9,211.05,208.15,208.4,39785
2023-11-07 14:15:00,208.3,209.8,206.5,208.45,69733
2023-11-07 15:15:00,208.45,212.0,208.1,211.6,32573
2023-11-08 09:15:00,210.9,214.4,210.65,211.45,18479
2023-11-08 10:15:00,211.85,214.0,211.25,212.25,37466
2023-11-08 11:15:00,212.0,214.0,211.4,213.45,9571
2023-11-08 12:15:00,213.4,213.4,210.15,210.9,11011
2023-11-08 13:15:00,210.9,210.9,210.65,210.85,12378
2023-11-08 14:15:00,210.8,216.0,210.8,215.05,69683
2023-11-08 15:15:00,215.05,218.7,215.05,218.05,111195
2023-11-09 09:15:00,217.4,217.4,211.75,212.45,38091
2023-11-09 10:15:00,212.95,213.3,211.0,212.75,14132
2023-11-09 11:15:00,212.3,213.15,211.8,212.5,6145
2023-11-09 12:15:00,212.55,214.2,211.95,213.95,8901
2023-11-09 13:15:00,213.95,217.4,213.6,216.05,27410
2023-11-09 14:15:00,216.05,216.05,211.5,212.0,20504
2023-11-09 15:15:00,211.95,216.55,211.6,214.85,19981
2023-11-10 09:15:00,216.0,223.5,215.0,215.75,46161
2023-11-10 10:15:00,215.4,216.65,211.75,212.5,35432
2023-11-10 11:15:00,212.2,213.25,211.0,211.5,20215
2023-11-10 12:15:00,211.65,211.95,210.5,211.8,6806
2023-11-10 13:15:00,211.5,214.95,210.7,214.55,24252
2023-11-10 14:15:00,214.95,218.2,214.25,215.3,54780
2023-11-10 15:15:00,215.3,215.35,211.65,212.55,30346
2023-11-12 18:15:00,215.2,219.2,214.05,216.0,45316
2023-11-13 09:15:00,215.85,216.0,213.55,215.45,8262
2023-11-13 10:15:00,215.15,215.8,213.25,213.25,17179
2023-11-13 11:15:00,213.25,213.85,211.2,211.6,33703
2023-11-13 12:15:00,211.6,213.55,207.7,212.25,63601
2023-11-13 13:15:00,211.9,213.4,211.3,212.05,16201
2023-11-13 14:15:00,212.0,217.15,212.0,213.75,38796
2023-11-13 15:15:00,213.75,214.35,212.5,213.6,10056
2023-11-15 09:15:00,221.7,221.7,213.85,215.7,51595
2023-11-15 10:15:00,215.55,216.6,214.45,215.5,11416
2023-11-15 11:15:00,215.45,216.3,214.3,215.9,13751
2023-11-15 12:15:00,215.5,217.0,215.35,216.6,17056
2023-11-15 13:15:00,216.65,219.35,216.65,219.35,34703
2023-11-15 14:15:00,219.0,222.25,219.0,221.5,118618
2023-11-15 15:15:00,221.55,221.7,217.35,217.5,24699
2023-11-16 09:15:00,219.45,219.45,216.0,217.55,25775
2023-11-16 10:15:00,217.5,217.5,215.5,215.8,8657
2023-11-16 11:15:00,215.8,219.3,215.65,218.1,18215
2023-11-16 12:15:00,218.0,219.3,217.5,217.5,11817
2023-11-16 13:15:00,217.5,229.0,217.4,228.0,189007
2023-11-16 14:15:00,227.8,234.0,225.9,229.0,224240
2023-11-16 15:15:00,229.05,232.0,229.05,231.95,53603
2023-11-17 09:15:00,231.0,231.5,226.4,228.2,44465
2023-11-17 10:15:00,228.15,230.8,227.15,228.1,42128
2023-11-17 11:15:00,228.1,230.7,226.0,230.3,29036
2023-11-17 12:15:00,230.3,238.05,229.95,237.0,167058
2023-11-17 13:15:00,236.85,240.8,232.1,232.5,195254
2023-11-17 14:15:00,232.5,236.0,232.0,232.6,147059
2023-11-17 15:15:00,232.9,233.8,231.5,232.8,54400
2023-11-20 09:15:00,233.3,237.9,229.5,232.05,86267
2023-11-20 10:15:00,232.35,238.65,232.35,237.1,49870
2023-11-20 11:15:00,237.1,238.0,236.95,237.75,20645
2023-11-20 12:15:00,238.0,238.2,235.3,235.95,40490
2023-11-20 13:15:00,235.8,241.45,235.8,241.25,71095
2023-11-20 14:15:00,241.3,241.95,238.0,241.8,151517
2023-11-20 15:15:00,241.9,242.2,238.0,241.0,61629
2023-11-21 09:15:00,241.0,247.85,240.8,243.9,136338
2023-11-21 10:15:00,243.9,245.4,242.2,243.25,39139
2023-11-21 11:15:00,243.3,243.3,238.5,239.1,29472
2023-11-21 12:15:00,238.8,240.0,238.1,238.85,22488
2023-11-21 13:15:00,238.85,240.8,238.1,239.3,34468
2023-11-21 14:15:00,239.2,239.9,237.05,237.2,32083
2023-11-21 15:15:00,236.8,238.9,236.6,238.55,15291
2023-11-22 09:15:00,241.45,242.6,235.0,237.2,47046
2023-11-22 10:15:00,237.1,237.4,233.15,234.5,26083
2023-11-22 11:15:00,234.55,234.55,231.25,231.8,14128
2023-11-22 12:15:00,231.5,233.5,228.1,228.95,58816
2023-11-22 13:15:00,228.95,230.7,227.4,228.15,33110
2023-11-22 14:15:00,228.6,237.2,228.0,230.6,35967
2023-11-22 15:15:00,230.5,237.0,230.35,233.95,25948
2023-11-23 09:15:00,233.15,236.35,233.05,235.1,16727
2023-11-23 10:15:00,235.0,235.25,231.85,234.1,17019
2023-11-23 11:15:00,234.4,235.55,232.45,232.45,16983
2023-11-23 12:15:00,232.55,233.0,230.85,231.55,14400
2023-11-23 13:15:00,231.5,235.5,230.0,231.4,47305
2023-11-23 14:15:00,231.5,232.4,229.55,232.0,28625
2023-11-23 15:15:00,232.0,235.45,230.2,232.05,17854
2023-11-24 09:15:00,231.3,234.0,230.5,232.95,13261
2023-11-24 10:15:00,232.6,233.1,232.0,232.0,11840
2023-11-24 11:15:00,232.0,234.95,232.0,233.55,25654
2023-11-24 12:15:00,233.5,233.9,232.6,232.95,3767
2023-11-24 13:15:00,232.65,233.45,232.0,232.15,9811
2023-11-24 14:15:00,232.6,236.6,232.0,234.55,23138
2023-11-24 15:15:00,234.55,236.3,234.4,234.4,6804
2023-11-28 09:15:00,233.6,235.5,232.9,234.15,18110
2023-11-28 10:15:00,234.15,234.4,231.05,231.75,9889
2023-11-28 11:15:00,231.75,232.65,230.05,230.55,12643
2023-11-28 12:15:00,230.55,231.0,229.55,230.7,10189
2023-11-28 13:15:00,230.7,233.4,229.6,233.0,11394
2023-11-28 14:15:00,233.0,241.4,231.15,240.0,52579
2023-11-28 15:15:00,240.45,240.95,232.0,233.85,47341
2023-11-29 09:15:00,236.9,237.7,234.25,235.25,23840
2023-11-29 10:15:00,235.15,243.85,234.5,236.85,87285
2023-11-29 11:15:00,236.7,238.6,236.5,238.6,19952
2023-11-29 12:15:00,239.0,239.5,237.25,237.9,18491
2023-11-29 13:15:00,237.75,238.45,237.2,237.55,23176
2023-11-29 14:15:00,237.55,243.0,237.55,237.65,69178
2023-11-29 15:15:00,237.6,241.0,236.6,237.5,30658
2023-11-30 09:15:00,239.25,239.4,234.0,234.4,22935
2023-11-30 10:15:00,234.5,236.5,234.5,236.0,14815
2023-11-30 11:15:00,236.0,241.25,235.4,239.85,27859
2023-11-30 12:15:00,239.75,240.95,238.05,239.95,49921
2023-11-30 13:15:00,239.8,244.0,238.15,241.25,78019
2023-11-30 14:15:00,241.65,241.65,238.55,240.85,63800
2023-11-30 15:15:00,239.7,239.95,237.5,237.55,53215
2023-12-01 09:15:00,241.5,247.75,241.05,243.6,91852
2023-12-01 10:15:00,243.6,244.0,241.6,243.1,25981
2023-12-01 11:15:00,242.9,244.5,240.05,244.5,28265
2023-12-01 12:15:00,244.5,245.0,242.0,242.5,25300
2023-12-01 13:15:00,242.8,243.0,240.05,242.2,27891
2023-12-01 14:15:00,242.6,247.1,242.0,244.35,72349
2023-12-01 15:15:00,244.05,245.0,243.0,243.5,22720
2023-12-04 09:15:00,255.0,255.0,246.65,247.2,119737
2023-12-04 10:15:00,246.95,249.4,245.95,248.35,55161
2023-12-04 11:15:00,248.75,252.2,248.05,250.45,50187
2023-12-04 12:15:00,250.2,252.0,250.05,251.5,34533
2023-12-04 13:15:00,251.5,252.0,251.0,251.0,17681
2023-12-04 14:15:00,251.0,253.2,249.05,251.6,95319
2023-12-04 15:15:00,251.8,254.0,251.4,251.55,33843
2023-12-05 09:15:00,254.8,256.2,253.0,254.75,58524
2023-12-05 10:15:00,254.7,256.0,254.1,255.2,37859
2023-12-05 11:15:00,255.3,255.3,245.65,248.85,55562
2023-12-05 12:15:00,248.45,251.9,248.25,251.65,19207
2023-12-05 13:15:00,251.4,253.0,250.1,250.2,21290
2023-12-05 14:15:00,250.2,255.15,250.05,254.75,66380
2023-12-05 15:15:00,254.75,256.0,253.55,254.9,46826
2023-12-06 09:15:00,256.7,259.65,253.0,254.2,64238
2023-12-06 10:15:00,254.2,256.5,253.05,254.65,29314
2023-12-06 11:15:00,254.35,256.75,253.35,253.55,16394
2023-12-06 12:15:00,253.3,253.9,248.25,249.2,36515
2023-12-06 13:15:00,249.3,254.6,248.0,254.0,33814
2023-12-06 14:15:00,254.4,259.15,254.3,259.05,63499
2023-12-06 15:15:00,259.0,259.75,254.4,255.9,51519
2023-12-07 09:15:00,257.95,257.95,250.15,254.1,40500
2023-12-07 10:15:00,253.95,254.65,252.35,253.6,23057
2023-12-07 11:15:00,253.55,254.55,252.5,252.8,19444
2023-12-07 12:15:00,252.5,254.25,251.9,254.25,14396
2023-12-07 13:15:00,254.25,262.65,253.9,262.3,97499
2023-12-07 14:15:00,262.6,263.85,253.8,254.65,80600
2023-12-07 15:15:00,254.65,262.1,252.45,261.85,81957
2023-12-08 09:15:00,261.0,263.75,259.55,261.15,70422
2023-12-08 10:15:00,260.6,261.0,257.0,257.5,26751
2023-12-08 11:15:00,257.5,258.9,257.0,258.2,17568
2023-12-08 12:15:00,257.8,258.75,257.4,258.2,11531
2023-12-08 13:15:00,258.6,258.75,254.55,255.2,37288
2023-12-08 14:15:00,254.45,255.45,247.5,248.9,126172
2023-12-08 15:15:00,248.95,253.2,248.0,249.0,82503
2023-12-11 09:15:00,250.95,253.95,250.0,253.25,28991
2023-12-11 10:15:00,253.1,254.35,250.0,251.05,18659
2023-12-11 11:15:00,250.95,252.7,250.0,251.65,12917
2023-12-11 12:15:00,250.6,251.8,249.7,250.1,10434
2023-12-11 13:15:00,250.05,253.6,249.45,253.15,15986
2023-12-11 14:15:00,253.3,257.35,250.3,255.6,51382
2023-12-11 15:15:00,255.35,255.95,253.25,255.4,44574
2023-12-12 09:15:00,257.25,257.25,252.55,252.55,30176
2023-12-12 10:15:00,252.85,256.05,251.95,252.45,41564
2023-12-12 11:15:00,252.15,254.35,250.65,250.85,17358
2023-12-12 12:15:00,250.7,251.15,248.4,248.45,51184
2023-12-12 13:15:00,248.5,249.0,244.5,244.95,55319
2023-12-12 14:15:00,245.05,246.9,242.0,244.6,137456
2023-12-12 15:15:00,244.1,244.7,241.1,242.75,41849
2023-12-13 09:15:00,244.5,245.3,241.35,244.0,62865
2023-12-13 10:15:00,243.9,244.8,242.75,243.3,9426
2023-12-13 11:15:00,243.65,245.85,242.95,243.8,16860
2023-12-13 12:15:00,244.05,248.4,243.5,247.8,30230
2023-12-13 13:15:00,247.85,251.95,246.9,251.5,48621
2023-12-13 14:15:00,251.2,262.95,250.25,260.5,117038
2023-12-13 15:15:00,260.2,264.3,257.0,258.45,152396
2023-12-14 09:15:00,259.95,260.0,252.35,253.9,74568
2023-12-14 10:15:00,253.75,256.45,253.4,256.1,23510
2023-12-14 11:15:00,255.55,258.5,255.15,258.25,33452
2023-12-14 12:15:00,258.05,262.0,257.3,260.2,49041
2023-12-14 13:15:00,259.8,262.0,259.5,260.1,85582
2023-12-14 14:15:00,260.1,260.3,257.7,258.25,44024
2023-12-14 15:15:00,258.0,259.7,258.0,259.0,42970
2023-12-15 09:15:00,258.0,260.25,256.0,257.8,38505
2023-12-15 10:15:00,257.85,259.9,257.05,258.45,26375
2023-12-15 11:15:00,258.45,259.3,257.1,257.1,12960
2023-12-15 12:15:00,257.45,259.35,254.0,259.1,50530
2023-12-15 13:15:00,258.7,261.9,258.65,260.35,61146
2023-12-15 14:15:00,260.0,262.0,256.05,261.05,155911
2023-12-15 15:15:00,261.0,264.8,255.3,256.9,107397
2023-12-18 09:15:00,256.2,259.25,251.75,259.25,62240
2023-12-18 10:15:00,259.05,260.95,257.55,258.8,18374
2023-12-18 11:15:00,258.9,259.3,253.1,253.45,38100
2023-12-18 12:15:00,253.0,254.55,252.0,253.0,50017
2023-12-18 13:15:00,252.7,253.55,250.45,251.7,44833
2023-12-18 14:15:00,251.8,254.95,250.6,252.15,45658
2023-12-18 15:15:00,252.6,261.65,252.15,255.5,93164
2023-12-19 09:15:00,258.0,258.5,251.5,252.55,46637
2023-12-19 10:15:00,252.55,257.95,251.7,257.45,43137
2023-12-19 11:15:00,257.45,261.9,257.2,260.65,60187
2023-12-19 12:15:00,260.95,261.45,257.5,259.05,21134
2023-12-19 13:15:00,259.05,261.95,257.9,261.7,55465
2023-12-19 14:15:00,261.85,261.95,253.6,258.85,71723
2023-12-19 15:15:00,258.9,260.3,257.25,257.8,38116
2023-12-20 09:15:00,257.1,258.95,253.0,254.0,59785
2023-12-20 10:15:00,253.8,255.8,253.0,254.05,22532
2023-12-20 11:15:00,254.2,254.2,248.95,249.45,74615
2023-12-20 12:15:00,249.8,251.0,249.3,249.7,38023
2023-12-20 13:15:00,249.7,250.4,241.5,242.35,131161
2023-12-20 14:15:00,242.4,246.35,238.85,239.0,138077
2023-12-20 15:15:00,239.1,245.0,236.35,240.4,46134
2023-12-21 09:15:00,238.0,241.9,234.15,241.35,127313
2023-12-21 10:15:00,241.7,245.8,240.4,243.2,38965
2023-12-21 11:15:00,243.35,243.5,241.95,243.5,9398
2023-12-21 12:15:00,243.95,245.6,243.3,243.95,12496
2023-12-21 13:15:00,244.0,247.7,243.95,246.15,38709
2023-12-21 14:15:00,246.35,250.8,246.0,249.0,63884
2023-12-21 15:15:00,249.0,249.0,246.5,248.0,29752
2023-12-22 09:15:00,249.7,251.2,246.55,248.75,31159
2023-12-22 10:15:00,248.9,256.25,247.4,250.1,399227
2023-12-22 11:15:00,250.6,254.5,249.05,253.05,179343
2023-12-22 12:15:00,253.1,253.1,247.2,247.85,69348
2023-12-22 13:15:00,247.85,248.5,245.4,247.2,36807
2023-12-22 14:15:00,247.4,252.2,246.05,251.85,93110
2023-12-22 15:15:00,251.9,252.5,248.1,249.7,53543
2023-12-26 09:15:00,250.35,251.6,248.3,249.95,54252
2023-12-26 10:15:00,249.55,251.95,249.15,251.9,14755
2023-12-26 11:15:00,251.9,252.6,248.6,249.8,24889
2023-12-26 12:15:00,249.15,250.0,244.5,245.95,94184
2023-12-26 13:15:00,245.9,246.05,244.3,244.5,20483
2023-12-26 14:15:00,244.6,245.9,244.3,244.55,44219
2023-12-26 15:15:00,244.75,247.2,243.55,245.5,71565
2023-12-27 09:15:00,246.55,250.55,245.35,249.75,37705
2023-12-27 10:15:00,249.65,250.2,247.8,249.15,26450
2023-12-27 11:15:00,249.15,250.0,246.6,246.6,22191
2023-12-27 12:15:00,246.55,246.55,244.4,244.7,27781
2023-12-27 13:15:00,245.0,245.45,244.5,245.0,28676
2023-12-27 14:15:00,245.2,252.3,244.4,250.9,487431
2023-12-27 15:15:00,250.9,251.5,250.05,250.15,55758
2023-12-28 09:15:00,251.9,254.8,248.75,253.15,116213
2023-12-28 10:15:00,253.2,255.3,251.0,251.0,93890
2023-12-28 11:15:00,251.0,251.7,249.2,250.0,23380
2023-12-28 12:15:00,249.95,250.0,246.7,247.6,75296
2023-12-28 13:15:00,247.6,247.65,244.9,246.85,110261
2023-12-28 14:15:00,246.7,250.15,245.8,248.8,107742
2023-12-28 15:15:00,248.65,250.0,247.2,248.9,28074
2023-12-29 09:15:00,245.0,249.3,244.15,247.0,88055
2023-12-29 10:15:00,246.75,248.2,246.45,247.85,40373
2023-12-29 11:15:00,247.85,250.4,247.5,249.9,27987
2023-12-29 12:15:00,249.85,252.35,248.75,251.95,33921
2023-12-29 13:15:00,251.5,254.0,249.8,250.15,90547
2023-12-29 14:15:00,250.15,253.5,248.95,252.6,80684
2023-12-29 15:15:00,252.55,254.5,251.55,253.0,75062
2024-01-01 09:15:00,251.8,254.15,250.55,251.3,52262
2024-01-01 10:15:00,250.9,253.7,250.8,251.5,18815
2024-01-01 11:15:00,251.5,252.2,250.6,251.25,9694
2024-01-01 12:15:00,251.3,252.0,250.2,251.35,18078
2024-01-01 13:15:00,251.4,252.55,251.0,252.2,17435
2024-01-01 14:15:00,252.1,256.7,251.7,254.35,128132
2024-01-01 15:15:00,254.3,254.3,252.15,253.25,28088
2024-01-02 09:15:00,253.95,254.85,249.0,250.95,88260
2024-01-02 10:15:00,251.15,251.65,247.05,251.1,71714
2024-01-02 11:15:00,250.85,252.65,250.6,251.35,33707
2024-01-02 12:15:00,251.75,251.8,250.15,250.95,7106
2024-01-02 13:15:00,250.95,251.2,249.3,250.55,26559
2024-01-02 14:15:00,250.55,251.45,248.35,250.1,35034
2024-01-02 15:15:00,249.9,251.15,249.55,250.15,23456
2024-01-03 09:15:00,250.5,252.1,248.1,249.65,26047
2024-01-03 10:15:00,250.0,250.0,247.45,248.5,30583
2024-01-03 11:15:00,248.4,248.45,247.5,248.15,11567
2024-01-03 12:15:00,248.15,248.65,247.25,248.65,9976
2024-01-03 13:15:00,248.6,249.2,247.6,248.05,13690
2024-01-03 14:15:00,248.05,252.5,248.0,248.6,40997
2024-01-03 15:15:00,248.65,250.3,248.3,248.95,37083
2024-01-04 09:15:00,249.9,254.8,249.35,252.75,78065
2024-01-04 10:15:00,253.2,253.3,251.55,252.1,19545
2024-01-04 11:15:00,252.55,252.55,250.55,251.75,26585
2024-01-04 12:15:00,251.75,252.0,250.95,251.35,9921
2024-01-04 13:15:00,251.1,255.5,250.95,254.8,80203
2024-01-04 14:15:00,254.45,255.8,251.3,252.3,105906
2024-01-04 15:15:00,252.3,253.05,251.15,251.5,27469
2024-01-05 09:15:00,253.8,255.0,252.15,253.8,51601
2024-01-05 10:15:00,254.0,254.25,250.3,251.0,33259
2024-01-05 11:15:00,251.0,251.4,249.4,249.9,25647
2024-01-05 12:15:00,249.5,250.45,249.0,249.95,22676
2024-01-05 13:15:00,249.95,252.5,249.75,250.55,45517
2024-01-05 14:15:00,250.45,252.75,248.75,252.2,40145
2024-01-05 15:15:00,252.45,252.45,249.95,250.5,27774
2024-01-08 09:15:00,252.0,253.0,248.25,248.85,54198
2024-01-08 10:15:00,248.85,251.0,248.5,248.65,17421
2024-01-08 11:15:00,249.0,249.35,247.55,248.0,16727
2024-01-08 12:15:00,247.75,248.75,247.15,247.95,13843
2024-01-08 13:15:00,247.95,250.5,247.35,250.4,15063
2024-01-08 14:15:00,250.4,251.75,249.7,251.65,41512
2024-01-08 15:15:00,252.1,252.1,247.7,249.75,26844
2024-01-09 09:15:00,250.8,252.3,249.4,250.7,35849
2024-01-09 10:15:00,250.7,250.95,249.65,250.35,10938
2024-01-09 11:15:00,250.05,250.55,249.1,249.8,18323
2024-01-09 12:15:00,249.8,253.9,249.65,251.7,67019
2024-01-09 13:15:00,251.7,251.7,250.0,250.4,12502
2024-01-09 14:15:00,250.35,250.7,245.55,246.5,76576
2024-01-09 15:15:00,246.5,247.0,243.5,244.05,62738
2024-01-10 09:15:00,246.0,248.55,244.0,246.55,43996
2024-01-10 10:15:00,247.0,247.9,244.95,247.1,23497
2024-01-10 11:15:00,247.0,249.45,247.0,249.0,20732
2024-01-10 12:15:00,248.9,249.8,248.0,248.55,17884
2024-01-10 13:15:00,248.55,249.0,244.95,245.55,149577
2024-01-10 14:15:00,245.3,247.5,244.55,246.85,47625
2024-01-10 15:15:00,246.75,246.75,244.2,245.5,25968
2024-01-11 09:15:00,246.45,247.85,246.0,246.95,22475
2024-01-11 10:15:00,247.45,247.7,245.85,246.5,20241
2024-01-11 11:15:00,246.55,248.8,246.4,248.55,16154
2024-01-11 12:15:00,248.8,250.7,248.0,249.05,35508
2024-01-11 13:15:00,249.2,252.0,248.65,249.0,64780
2024-01-11 14:15:00,248.95,253.9,248.85,252.7,183057
2024-01-11 15:15:00,252.7,255.0,252.1,254.4,71749
2024-01-12 09:15:00,254.6,262.25,253.5,253.5,290663
2024-01-12 10:15:00,253.5,254.0,249.25,250.5,110257
2024-01-12 11:15:00,250.15,250.45,248.0,248.55,99174
2024-01-12 12:15:00,248.55,250.0,247.0,249.0,60424
2024-01-12 13:15:00,248.95,249.15,246.95,247.75,48278
2024-01-12 14:15:00,248.2,252.3,246.5,247.25,144306
2024-01-12 15:15:00,247.25,248.75,247.0,248.0,34296
2024-01-15 09:15:00,249.95,249.95,245.5,246.25,43725
2024-01-15 10:15:00,246.25,246.7,244.2,244.55,31860
2024-01-15 11:15:00,244.6,246.15,243.75,243.75,31178
2024-01-15 12:15:00,243.75,248.25,243.3,244.95,66845
2024-01-15 13:15:00,244.25,250.0,244.2,249.85,57341
2024-01-15 14:15:00,249.7,250.0,247.85,248.0,93843
2024-01-15 15:15:00,248.05,249.4,247.15,247.5,21659
2024-01-16 09:15:00,253.95,262.2,253.6,256.9,594624
2024-01-16 10:15:00,256.6,256.6,251.65,252.1,162785
2024-01-16 11:15:00,252.1,252.45,250.15,250.7,66704
2024-01-16 12:15:00,250.6,251.5,248.8,249.3,56781
2024-01-16 13:15:00,249.3,254.0,248.15,253.95,87222
2024-01-16 14:15:00,253.7,254.7,251.65,252.2,89740
2024-01-16 15:15:00,252.3,253.15,251.0,252.65,43836
2024-01-17 09:15:00,249.1,252.8,247.3,252.6,83342
2024-01-17 10:15:00,252.0,255.85,251.0,255.2,59491
2024-01-17 11:15:00,255.15,256.5,251.15,251.15,72755
2024-01-17 12:15:00,251.2,253.5,249.7,252.75,40318
2024-01-17 13:15:00,252.75,255.35,252.1,252.35,41611
2024-01-17 14:15:00,252.15,252.3,247.65,249.3,82232
2024-01-17 15:15:00,249.55,249.8,248.25,248.65,20382
2024-01-18 09:15:00,249.2,251.2,243.0,246.3,65188
2024-01-18 10:15:00,246.45,249.5,245.85,249.05,22739
2024-01-18 11:15:00,248.75,249.9,248.0,249.55,30567
2024-01-18 12:15:00,249.75,251.3,248.8,251.15,31122
2024-01-18 13:15:00,251.15,254.5,250.65,254.35,47437
2024-01-18 14:15:00,254.35,254.45,243.85,245.1,241194
2024-01-18 15:15:00,245.15,246.0,244.05,245.0,41805
2024-01-19 09:15:00,246.9,248.85,246.6,247.45,72251
2024-01-19 10:15:00,247.05,247.7,245.4,245.55,25083
2024-01-19 11:15:00,245.55,248.35,245.3,247.6,43504
2024-01-19 12:15:00,247.55,247.95,246.85,247.55,13316
2024-01-19 13:15:00,247.6,250.2,247.3,248.9,53470
2024-01-19 14:15:00,248.9,258.0,248.9,255.4,436018
2024-01-19 15:15:00,255.4,256.4,255.0,255.0,55731
2024-01-20 09:15:00,256.0,257.0,252.4,252.65,50791
2024-01-20 10:15:00,252.8,253.5,252.1,252.2,19087
2024-01-20 11:15:00,252.2,252.75,251.55,252.75,12047
2024-01-20 12:15:00,252.9,253.0,250.95,252.3,42053
2024-01-20 13:15:00,252.3,256.0,252.0,254.3,59564
2024-01-20 14:15:00,254.4,255.0,251.7,252.4,25309
2024-01-20 15:15:00,252.4,252.7,251.25,251.5,16682
2024-01-23 09:15:00,252.25,255.0,248.45,250.45,66369
2024-01-23 10:15:00,250.0,250.1,247.4,248.35,35598
2024-01-23 11:15:00,248.4,248.65,244.5,244.6,63919
2024-01-23 12:15:00,244.95,246.15,242.0,243.15,86746
2024-01-23 13:15:00,243.3,243.5,238.15,239.05,104213
2024-01-23 14:15:00,238.95,240.35,235.9,238.7,100705
2024-01-23 15:15:00,238.65,239.45,237.0,237.0,35870
2024-01-24 09:15:00,240.95,242.85,236.1,239.1,102154
2024-01-24 10:15:00,239.5,241.3,238.2,239.05,32027
2024-01-24 11:15:00,238.95,239.35,229.95,234.85,192251
2024-01-24 12:15:00,234.8,236.6,232.0,235.75,108435
2024-01-24 13:15:00,235.8,236.95,235.1,236.75,23494
2024-01-24 14:15:00,236.7,238.35,235.7,236.9,71241
2024-01-24 15:15:00,236.9,237.8,235.05,236.05,50671
2024-01-25 09:15:00,236.8,239.95,236.8,238.55,53357
2024-01-25 10:15:00,238.55,239.0,237.2,237.25,26832
2024-01-25 11:15:00,237.75,238.6,235.85,236.4,29557
2024-01-25 12:15:00,236.3,237.95,236.0,236.55,31225
2024-01-25 13:15:00,236.65,236.8,233.9,234.7,33558
2024-01-25 14:15:00,234.95,235.3,230.0,230.75,178643
2024-01-25 15:15:00,230.75,232.6,230.1,231.9,70534
2024-01-29 09:15:00,233.35,240.3,233.35,240.0,87231
2024-01-29 10:15:00,239.95,239.95,234.45,234.9,83264
2024-01-29 11:15:00,234.95,236.35,234.05,235.5,57936
2024-01-29 12:15:00,235.8,238.0,234.55,237.95,73218
2024-01-29 13:15:00,238.0,241.35,238.0,240.75,74887
2024-01-29 14:15:00,240.75,243.25,240.35,243.0,94167
2024-01-29 15:15:00,243.2,245.0,243.0,244.8,80884
2024-01-30 09:15:00,245.0,246.55,242.15,242.75,65011
2024-01-30 10:15:00,242.95,247.0,242.75,245.55,46198
2024-01-30 11:15:00,245.95,246.3,242.45,243.05,50594
2024-01-30 12:15:00,243.0,244.0,239.8,242.7,165957
2024-01-30 13:15:00,242.7,245.6,242.0,245.6,91485
2024-01-30 14:15:00,245.7,245.7,241.95,242.75,81113
2024-01-30 15:15:00,243.05,244.8,242.25,243.0,25557
2024-01-31 09:15:00,244.6,250.9,244.55,247.55,192428
2024-01-31 10:15:00,247.65,252.3,246.65,248.2,141838
2024-01-31 11:15:00,248.4,251.7,246.85,247.0,128593
2024-01-31 12:15:00,246.8,248.7,246.65,248.5,28290
2024-01-31 13:15:00,248.5,250.0,247.8,249.8,50151
2024-01-31 14:15:00,249.9,251.7,249.1,251.2,72952
2024-01-31 15:15:00,251.25,251.45,248.4,250.6,53364
2024-02-01 09:15:00,250.9,253.25,246.85,247.0,70918
2024-02-01 10:15:00,247.0,247.0,242.5,242.8,69999
2024-02-01 11:15:00,242.75,244.35,241.55,243.05,49718
2024-02-01 12:15:00,243.1,243.2,242.0,242.5,23682
2024-02-01 13:15:00,242.6,244.4,242.0,243.7,48571
2024-02-01 14:15:00,243.7,249.4,243.5,244.55,111232
2024-02-01 15:15:00,244.6,244.95,243.4,244.45,40684
2024-02-02 09:15:00,246.7,246.7,241.45,242.9,99505
2024-02-02 10:15:00,243.15,246.75,242.5,245.95,59753
2024-02-02 11:15:00,245.75,247.8,245.55,246.55,38109
2024-02-02 12:15:00,246.3,246.35,242.25,242.9,89915
2024-02-02 13:15:00,242.9,251.7,239.0,251.1,304720
2024-02-02 14:15:00,250.85,252.85,247.45,248.5,451766
2024-02-02 15:15:00,248.55,249.25,244.9,245.0,146069
2024-02-05 09:15:00,243.4,244.0,233.1,235.0,446657
2024-02-05 10:15:00,234.75,237.45,233.9,237.45,79130
2024-02-05 11:15:00,237.45,237.9,234.2,236.2,122440
2024-02-05 12:15:00,236.1,240.0,236.0,239.5,104450
2024-02-05 13:15:00,239.7,239.7,237.5,239.25,49814
2024-02-05 14:15:00,239.0,240.15,231.6,236.5,200124
2024-02-05 15:15:00,236.2,236.5,233.45,234.9,43941
2024-02-06 09:15:00,237.35,238.9,234.05,236.1,87723
2024-02-06 10:15:00,236.35,237.5,234.45,234.5,57836
2024-02-06 11:15:00,234.5,236.7,232.9,234.1,87729
2024-02-06 12:15:00,234.0,234.65,231.45,232.0,118289
2024-02-06 13:15:00,232.0,232.95,231.05,231.9,89978
2024-02-06 14:15:00,231.7,233.75,230.9,233.6,73886
2024-02-06 15:15:00,233.6,233.65,231.05,231.7,36715
2024-02-07 09:15:00,234.1,238.9,232.65,238.1,82125
2024-02-07 10:15:00,238.45,238.7,235.8,236.35,57782
2024-02-07 11:15:00,235.55,235.9,231.75,233.7,112470
2024-02-07 12:15:00,233.85,234.55,231.5,232.4,132802
2024-02-07 13:15:00,232.4,232.95,231.0,232.0,57856
2024-02-07 14:15:00,232.0,232.4,231.0,231.7,49296
2024-02-07 15:15:00,231.95,235.0,231.1,232.65,65454
2024-02-08 09:15:00,233.95,235.0,232.2,232.7,54305
2024-02-08 10:15:00,232.85,232.85,229.95,230.65,42776
2024-02-08 11:15:00,230.6,231.9,229.8,231.5,124625
2024-02-08 12:15:00,231.85,232.4,231.3,232.4,19458
2024-02-08 13:15:00,232.4,232.4,228.25,228.55,73210
2024-02-08 14:15:00,228.9,229.0,227.0,227.6,60947
2024-02-08 15:15:00,227.3,228.4,226.05,228.0,69138
2024-02-09 09:15:00,228.95,228.95,222.5,225.55,74933
2024-02-09 10:15:00,225.65,225.9,216.0,220.35,141375
2024-02-09 11:15:00,220.4,222.2,217.15,220.3,121507
2024-02-09 12:15:00,220.5,222.65,220.35,222.2,37842
2024-02-09 13:15:00,222.2,223.5,220.15,220.6,42398
2024-02-09 14:15:00,220.15,224.35,220.15,221.0,130011
2024-02-09 15:15:00,221.0,221.0,217.4,219.3,76939
2024-02-12 09:15:00,222.15,222.15,215.0,215.25,70627
2024-02-12 10:15:00,215.2,216.4,213.85,215.6,43948
2024-02-12 11:15:00,215.6,216.35,213.9,214.85,32871
2024-02-12 12:15:00,214.6,217.8,214.6,217.2,20385
2024-02-12 13:15:00,217.2,218.55,216.8,217.75,28822
2024-02-12 14:15:00,217.75,222.25,215.65,216.05,90661
2024-02-12 15:15:00,216.0,218.75,215.0,218.15,27028
2024-02-13 09:15:00,218.15,218.25,209.75,215.35,146343
2024-02-13 10:15:00,215.45,215.6,214.4,215.1,20937
2024-02-13 11:15:00,215.4,215.5,212.6,212.6,17411
2024-02-13 12:15:00,212.9,217.1,212.8,217.1,34942
2024-02-13 13:15:00,217.2,222.0,216.6,217.6,120970
2024-02-13 14:15:00,217.6,221.2,216.75,221.1,124458
2024-02-13 15:15:00,220.65,221.65,217.4,218.95,59339
2024-02-14 09:15:00,215.25,219.85,214.0,219.55,45867
2024-02-14 10:15:00,219.85,220.0,218.9,219.0,23532
2024-02-14 11:15:00,219.05,220.75,218.25,220.3,12958
2024-02-14 12:15:00,220.3,221.9,220.15,221.6,13700
2024-02-14 13:15:00,221.6,224.0,221.0,223.9,36808
2024-02-14 14:15:00,223.75,225.35,220.65,225.15,129704
2024-02-14 15:15:00,225.15,226.0,224.15,225.65,34542
2024-02-15 09:15:00,225.5,227.6,224.35,227.3,34637
2024-02-15 10:15:00,227.35,227.5,222.6,223.0,66265
2024-02-15 11:15:00,223.0,223.0,219.7,221.75,80256
2024-02-15 12:15:00,221.45,222.25,220.35,222.25,18697
2024-02-15 13:15:00,222.3,223.7,221.6,223.45,35943
2024-02-15 14:15:00,223.2,226.55,222.45,226.55,92195
2024-02-15 15:15:00,226.45,228.0,225.0,225.1,79530
2024-02-16 09:15:00,226.1,229.85,222.95,225.5,154476
2024-02-16 10:15:00,225.5,226.0,224.35,224.85,33618
2024-02-16 11:15:00,224.5,225.15,223.3,224.05,18929
2024-02-16 12:15:00,223.8,230.45,222.8,229.4,204809
2024-02-16 13:15:00,229.65,230.8,227.7,229.5,120024
2024-02-16 14:15:00,229.6,231.0,227.35,230.0,79026
2024-02-16 15:15:00,229.2,229.6,226.25,227.5,36486
2024-02-19 09:15:00,229.85,230.35,223.95,225.0,115974
2024-02-19 10:15:00,224.7,225.8,224.6,224.75,21566
2024-02-19 11:15:00,225.0,229.0,224.6,228.0,77054
2024-02-19 12:15:00,228.05,228.45,226.55,226.95,38420
2024-02-19 13:15:00,226.95,231.7,226.0,228.85,59949
2024-02-19 14:15:00,228.65,229.3,226.5,227.65,56811
2024-02-19 15:15:00,227.6,227.6,225.5,225.7,19250
2024-02-20 09:15:00,224.1,228.95,224.1,224.95,125221
2024-02-20 10:15:00,224.65,225.4,223.6,224.6,24125
2024-02-20 11:15:00,224.45,225.0,223.9,225.0,24332
2024-02-20 12:15:00,224.55,224.7,224.05,224.1,11194
2024-02-20 13:15:00,224.1,228.95,223.55,226.35,99245
2024-02-20 14:15:00,225.8,227.55,223.25,224.1,58560
2024-02-20 15:15:00,223.85,224.25,223.2,223.35,19127
2024-02-21 09:15:00,225.3,225.95,224.15,224.8,27764
2024-02-21 10:15:00,224.0,224.0,219.75,220.4,118325
2024-02-21 11:15:00,220.5,221.0,219.1,220.8,30769
2024-02-21 12:15:00,220.75,221.4,220.1,221.1,12837
2024-02-21 13:15:00,221.45,221.5,219.2,219.25,16210
2024-02-21 14:15:00,219.2,219.85,216.15,217.45,103743
2024-02-21 15:15:00,217.45,219.45,216.7,219.0,49930
2024-02-22 09:15:00,219.0,220.85,213.85,216.85,142729
2024-02-22 10:15:00,216.5,217.0,214.5,214.7,63687
2024-02-22 11:15:00,214.3,215.0,213.85,214.45,29641
2024-02-22 12:15:00,214.05,217.7,213.9,217.35,50863
2024-02-22 13:15:00,217.65,219.8,217.3,219.25,36628
2024-02-22 14:15:00,219.0,222.3,218.0,220.4,89716
2024-02-22 15:15:00,220.25,221.8,220.2,221.0,25906
2024-02-23 09:15:00,220.6,222.0,218.4,218.65,47672
2024-02-23 10:15:00,218.65,219.0,216.5,216.5,35176
2024-02-23 11:15:00,216.95,217.8,216.55,216.75,22137
2024-02-23 12:15:00,216.7,217.55,216.6,217.25,15480
2024-02-23 13:15:00,217.1,217.5,213.0,213.95,129819
2024-02-23 14:15:00,214.0,215.0,213.2,214.25,101073
2024-02-23 15:15:00,214.25,215.9,213.0,215.05,70236
2024-02-26 09:15:00,215.4,216.45,214.4,215.7,31141
2024-02-26 10:15:00,215.65,215.7,212.25,212.55,57360
2024-02-26 11:15:00,212.5,213.5,211.0,212.0,77043
2024-02-26 12:15:00,212.0,212.6,210.95,211.5,54047
2024-02-26 13:15:00,211.5,211.9,210.75,210.75,24065
2024-02-26 14:15:00,210.7,216.3,210.7,211.65,151800
2024-02-26 15:15:00,211.9,212.4,211.1,211.7,47080
2024-02-27 09:15:00,212.0,213.75,211.5,212.8,40299
2024-02-27 10:15:00,212.7,213.05,211.5,211.65,20170
2024-02-27 11:15:00,211.75,212.0,211.0,211.6,15418
2024-02-27 12:15:00,211.6,211.95,211.0,211.7,17727
2024-02-27 13:15:00,211.7,212.6,210.6,211.8,38274
2024-02-27 14:15:00,211.8,216.65,210.75,216.2,110201
2024-02-27 15:15:00,215.95,217.0,212.0,212.0,64549
2024-02-28 09:15:00,214.65,214.65,212.0,212.7,26823
2024-02-28 10:15:00,213.05,213.4,210.75,211.1,33316
2024-02-28 11:15:00,210.95,211.55,210.5,210.95,20116
2024-02-28 12:15:00,210.95,211.2,206.55,207.5,88142
2024-02-28 13:15:00,206.95,211.35,206.95,209.9,115304
2024-02-28 14:15:00,209.9,210.0,207.4,207.75,48339
2024-02-28 15:15:00,208.1,208.75,206.55,208.75,26217
2024-02-29 09:15:00,206.4,208.7,205.5,206.7,37981
2024-02-29 10:15:00,206.95,207.55,205.25,207.15,31176
2024-02-29 11:15:00,207.6,209.0,206.85,208.4,21020
2024-02-29 12:15:00,208.4,209.2,207.3,209.2,22886
2024-02-29 13:15:00,209.4,211.4,208.45,209.9,49272
2024-02-29 14:15:00,210.0,214.1,209.55,213.95,73276
2024-02-29 15:15:00,213.9,215.95,213.75,214.0,40668
2024-03-01 09:15:00,213.0,216.0,213.0,214.9,32838
2024-03-01 10:15:00,214.9,216.25,214.45,215.7,22843
2024-03-01 11:15:00,215.7,216.5,215.2,215.7,29442
2024-03-01 12:15:00,215.7,216.8,215.35,216.25,19226
2024-03-01 13:15:00,216.25,218.8,215.95,218.0,56363
2024-03-01 14:15:00,217.95,219.0,214.3,216.5,117910
2024-03-01 15:15:00,216.0,216.0,215.0,215.4,22175
2024-03-02 09:15:00,217.3,218.2,216.2,217.5,13658
2024-03-02 11:15:00,217.5,219.9,217.5,219.4,27528
2024-03-02 12:15:00,219.4,219.95,218.35,219.35,26914
2024-03-04 09:15:00,219.95,219.95,214.75,215.3,41365
2024-03-04 10:15:00,215.75,215.85,214.1,214.2,23166
2024-03-04 11:15:00,214.05,214.5,212.05,212.2,57085
2024-03-04 12:15:00,212.5,212.95,212.1,212.7,16503
2024-03-04 13:15:00,212.7,214.1,212.35,212.7,38243
2024-03-04 14:15:00,212.7,214.0,211.3,212.0,94083
2024-03-04 15:15:00,212.0,212.35,211.05,211.05,24917
2024-03-05 09:15:00,212.65,213.8,208.05,208.4,81008
2024-03-05 10:15:00,208.3,209.55,207.45,207.75,81115
2024-03-05 11:15:00,207.7,208.7,207.05,207.3,58204
2024-03-05 12:15:00,207.3,208.0,207.2,207.65,21421
2024-03-05 13:15:00,207.7,208.0,207.0,207.35,59414
2024-03-05 14:15:00,207.5,208.5,205.2,206.05,92848
2024-03-05 15:15:00,206.05,206.45,205.0,205.0,49865
2024-03-06 09:15:00,202.6,207.45,201.55,202.95,79800
2024-03-06 10:15:00,202.95,204.2,201.05,201.9,91730
2024-03-06 11:15:00,201.9,201.9,198.85,199.4,71506
2024-03-06 12:15:00,199.6,200.3,199.1,200.05,95472
2024-03-06 13:15:00,200.05,200.5,199.4,199.85,97457
2024-03-06 14:15:00,199.85,205.05,199.45,205.05,120152
2024-03-06 15:15:00,204.8,204.8,201.7,203.0,43100
2024-03-07 09:15:00,204.35,205.6,202.8,204.0,69560
2024-03-07 10:15:00,203.75,203.9,201.0,201.8,32210
2024-03-07 11:15:00,201.75,202.4,201.1,202.15,42175
2024-03-07 12:15:00,202.3,202.55,200.1,201.85,35311
2024-03-07 13:15:00,202.1,203.9,202.0,203.8,45309
2024-03-07 14:15:00,203.55,209.75,203.55,208.1,254589
2024-03-07 15:15:00,208.1,209.7,207.1,207.55,105062
2024-03-11 09:15:00,209.4,211.75,203.65,203.75,146335
2024-03-11 10:15:00,203.9,204.3,201.15,201.6,53554
2024-03-11 11:15:00,201.5,202.6,200.05,200.05,34439
2024-03-11 12:15:00,200.25,205.6,200.1,202.6,62488
2024-03-11 13:15:00,202.65,203.4,201.35,201.35,32270
2024-03-11 14:15:00,201.2,204.7,200.4,200.6,74232
2024-03-11 15:15:00,200.5,201.55,199.8,200.9,57697
2024-03-12 09:15:00,200.0,201.0,193.95,197.05,153130
2024-03-12 10:15:00,197.45,197.9,194.5,195.2,39328
2024-03-12 11:15:00,195.0,195.35,192.1,193.3,28352
2024-03-12 12:15:00,193.35,195.8,193.3,194.75,77316
2024-03-12 13:15:00,194.8,199.4,194.8,198.15,43467
2024-03-12 14:15:00,198.0,199.0,195.3,195.3,117816
2024-03-12 15:15:00,195.3,196.7,193.1,195.8,77638
2024-03-13 09:15:00,195.9,196.95,188.15,191.4,110897
2024-03-13 10:15:00,191.15,191.3,188.1,190.0,95115
2024-03-13 11:15:00,189.75,191.4,186.95,187.15,127645
2024-03-13 12:15:00,187.4,189.35,186.85,187.75,106099
2024-03-13 13:15:00,187.55,187.9,183.55,183.55,52557
2024-03-13 14:15:00,183.65,184.45,181.4,183.15,166449
2024-03-13 15:15:00,183.1,184.8,182.0,182.5,37025
2024-03-14 09:15:00,182.0,189.7,180.25,188.75,100926
2024-03-14 10:15:00,189.0,197.0,188.7,195.9,98580
2024-03-14 11:15:00,195.9,196.15,194.25,195.35,56742
2024-03-14 12:15:00,195.35,196.0,193.6,195.3,60012
2024-03-14 13:15:00,195.3,197.65,193.25,194.2,72402
2024-03-14 14:15:00,194.4,197.0,191.7,196.1,115518
2024-03-14 15:15:00,196.1,196.7,195.0,196.0,21881
2024-03-15 09:15:00,193.8,198.4,193.5,194.85,31316
2024-03-15 10:15:00,194.85,195.0,192.15,192.95,12768
2024-03-15 11:15:00,192.7,193.0,190.3,192.2,24690
2024-03-15 12:15:00,192.85,195.0,192.25,194.3,21451
2024-03-15 13:15:00,194.6,198.0,194.1,197.65,86305
2024-03-15 14:15:00,197.65,200.2,197.05,199.0,61808
2024-03-15 15:15:00,199.0,201.85,199.0,201.8,59797
2024-03-18 09:15:00,201.4,201.6,196.8,197.3,21945
2024-03-18 10:15:00,196.85,197.9,196.35,197.2,23758
2024-03-18 11:15:00,197.0,197.4,196.7,197.4,50906
2024-03-18 12:15:00,197.4,200.85,197.15,200.5,98081
2024-03-18 13:15:00,200.1,200.8,198.8,200.05,42035
2024-03-18 14:15:00,199.95,200.5,199.65,199.95,55508
2024-03-18 15:15:00,199.95,201.3,198.95,200.9,49841
2024-03-19 09:15:00,199.85,202.5,197.7,198.55,48134
2024-03-19 10:15:00,198.45,198.45,197.1,198.3,10249
2024-03-19 11:15:00,198.55,199.1,197.0,198.5,11781
2024-03-19 12:15:00,198.4,200.75,198.4,200.1,53365
2024-03-19 13:15:00,200.1,200.7,196.25,196.6,56866
2024-03-19 14:15:00,196.6,200.25,195.65,197.6,85791
2024-03-19 15:15:00,197.3,197.8,196.25,196.9,18246
2024-03-20 09:15:00,198.85,199.65,193.0,193.0,37405
2024-03-20 10:15:00,193.2,195.25,192.6,193.85,36077
2024-03-20 11:15:00,193.85,194.7,192.2,192.7,27940
2024-03-20 12:15:00,192.5,193.3,191.9,192.95,19486
2024-03-20 13:15:00,193.0,194.55,191.75,194.5,49252
2024-03-20 14:15:00,194.4,194.45,190.35,191.3,52695
2024-03-20 15:15:00,191.0,191.4,189.7,190.5,32261
2024-03-21 09:15:00,192.0,195.4,192.0,194.7,47099
2024-03-21 10:15:00,195.0,196.7,195.0,196.7,23769
2024-03-21 11:15:00,196.7,197.25,195.0,195.65,22359
2024-03-21 12:15:00,195.65,196.5,195.3,196.45,7711
2024-03-21 13:15:00,196.45,196.95,195.4,196.9,142793
2024-03-21 14:15:00,196.9,198.65,194.8,195.55,87132
2024-03-21 15:15:00,195.45,196.5,194.8,195.95,23680
2024-03-22 09:15:00,206.0,223.35,202.0,220.0,2909951
2024-03-22 10:15:00,220.25,224.6,219.5,222.9,1037734
2024-03-22 11:15:00,223.0,225.3,220.45,220.45,927257
2024-03-22 12:15:00,220.65,222.95,219.6,222.1,475488
2024-03-22 13:15:00,221.5,222.95,220.3,221.4,239940
2024-03-22 14:15:00,221.4,222.0,215.95,217.6,533489
2024-03-22 15:15:00,217.0,218.0,215.15,216.5,318992
2024-03-26 09:15:00,219.05,221.05,212.9,214.75,240724
2024-03-26 10:15:00,214.45,214.6,211.8,213.65,68482
2024-03-26 11:15:00,213.65,214.3,212.55,212.95,48541
2024-03-26 12:15:00,212.95,213.4,212.0,213.25,26575
2024-03-26 13:15:00,213.05,214.55,212.0,214.35,49054
2024-03-26 14:15:00,214.15,214.35,211.0,211.8,68043
2024-03-26 15:15:00,211.4,211.4,208.15,210.15,80011
2024-03-27 09:15:00,211.1,212.4,206.3,206.8,137152
2024-03-27 10:15:00,206.8,207.5,205.65,205.75,62588
2024-03-27 11:15:00,206.0,210.55,205.25,210.35,78758
2024-03-27 12:15:00,210.55,211.0,208.8,210.7,101139
2024-03-27 13:15:00,210.7,210.75,210.0,210.3,50164
2024-03-27 14:15:00,210.25,210.3,207.0,207.2,117578
2024-03-27 15:15:00,207.3,207.5,205.9,206.5,66711
2024-03-28 09:15:00,207.15,211.35,207.15,207.7,118061
2024-03-28 10:15:00,207.6,208.5,206.05,208.15,81518
2024-03-28 11:15:00,208.15,208.4,206.25,207.0,37405
2024-03-28 12:15:00,206.8,207.2,205.0,205.4,38809
2024-03-28 13:15:00,205.25,205.45,204.35,205.1,41475
2024-03-28 14:15:00,205.1,205.2,203.2,203.8,85814
2024-03-28 15:15:00,203.0,203.85,200.2,202.85,70503
2024-04-01 09:15:00,203.0,209.0,203.0,206.85,87122
2024-04-01 10:15:00,206.95,208.5,206.05,207.75,39456
2024-04-01 11:15:00,207.5,207.75,206.7,207.25,17042
2024-04-01 12:15:00,207.15,209.9,206.75,208.55,47317
2024-04-01 13:15:00,208.5,210.65,208.05,209.85,44134
2024-04-01 14:15:00,209.5,209.85,207.05,207.5,73744
2024-04-01 15:15:00,207.3,207.5,206.2,206.45,41100
2024-04-02 09:15:00,208.7,208.8,206.6,207.95,41080
2024-04-02 10:15:00,207.85,211.0,205.5,205.95,240781
2024-04-02 11:15:00,206.1,207.5,205.0,207.15,51875
2024-04-02 12:15:00,207.0,207.5,206.2,206.35,27192
2024-04-02 13:15:00,206.65,207.65,205.8,207.05,61155
2024-04-02 14:15:00,207.05,207.4,205.6,207.2,65995
2024-04-02 15:15:00,207.2,207.4,206.05,207.0,38636
2024-04-03 09:15:00,207.65,216.0,206.7,215.1,193622
2024-04-03 10:15:00,215.1,215.8,213.65,214.4,49385
2024-04-03 11:15:00,214.7,218.95,214.1,218.35,120171
2024-04-03 12:15:00,218.5,221.35,218.0,221.0,169221
2024-04-03 13:15:00,221.0,221.25,217.2,217.95,75947
2024-04-03 14:15:00,217.55,222.6,217.55,219.75,183427
2024-04-03 15:15:00,219.8,220.9,219.5,220.5,77221
2024-04-04 09:15:00,221.95,223.2,218.35,219.2,192487
2024-04-04 10:15:00,219.5,220.85,217.55,219.35,39147
2024-04-04 11:15:00,219.3,220.0,218.35,218.95,23858
2024-04-04 12:15:00,218.95,222.25,218.0,221.4,50571
2024-04-04 13:15:00,221.4,221.55,219.15,219.55,26101
2024-04-04 14:15:00,219.55,222.65,217.85,221.1,79397
2024-04-04 15:15:00,221.1,222.0,220.1,221.7,36035
2024-04-05 09:15:00,221.7,221.7,217.05,218.95,49034
2024-04-05 10:15:00,218.55,221.5,218.4,220.5,30422
2024-04-05 11:15:00,220.5,222.6,218.8,221.95,46069
2024-04-05 12:15:00,221.75,222.0,219.5,219.5,42934
2024-04-05 13:15:00,219.3,221.0,219.1,220.45,26122
2024-04-05 14:15:00,220.45,220.9,218.05,219.6,38455
2024-04-05 15:15:00,219.6,219.8,218.0,219.0,23302
2024-04-08 09:15:00,221.7,221.7,216.5,217.1,52727
2024-04-08 10:15:00,216.3,217.7,216.3,217.4,10777
2024-04-08 11:15:00,217.4,218.25,217.15,217.8,13660
2024-04-08 12:15:00,217.8,218.2,217.5,218.2,7645
2024-04-08 13:15:00,218.2,218.2,217.1,217.5,12323
2024-04-08 14:15:00,217.5,219.0,215.55,217.15,46299
2024-04-08 15:15:00,217.4,217.75,216.35,217.1,14883
2024-04-09 09:15:00,216.4,221.3,216.2,219.2,65037
2024-04-09 10:15:00,219.2,219.9,217.7,218.7,43424
2024-04-09 11:15:00,219.1,219.15,217.75,218.05,12062
2024-04-09 12:15:00,217.9,218.0,216.35,216.9,10036
2024-04-09 13:15:00,216.95,218.1,215.4,215.65,47379
2024-04-09 14:15:00,215.65,217.0,213.5,215.5,46391
2024-04-09 15:15:00,215.5,216.8,215.05,215.05,15208
2024-04-10 09:15:00,216.7,220.5,216.0,218.7,86008
2024-04-10 10:15:00,218.95,227.3,218.5,225.15,294526
2024-04-10 11:15:00,225.15,228.05,225.0,227.45,185447
2024-04-10 12:15:00,227.15,228.0,225.4,227.4,102212
2024-04-10 13:15:00,227.4,229.5,226.95,229.15,195498
2024-04-10 14:15:00,229.1,230.0,228.1,229.25,232422
2024-04-10 15:15:00,229.25,231.65,228.9,231.1,168760
2024-04-12 09:15:00,231.0,233.25,224.85,225.4,250437
2024-04-12 10:15:00,225.7,231.75,225.35,229.7,86798
2024-04-12 11:15:00,229.7,233.5,229.15,231.0,294912
2024-04-12 12:15:00,230.9,230.9,227.05,227.9,67808
2024-04-12 13:15:00,227.75,230.25,227.05,228.85,49597
2024-04-12 14:15:00,228.85,229.85,227.0,227.0,129284
2024-04-12 15:15:00,227.0,230.0,225.75,227.9,67640
2024-04-15 09:15:00,223.0,225.1,216.55,220.75,337958
2024-04-15 10:15:00,220.95,224.9,220.0,223.1,51899
2024-04-15 11:15:00,222.75,226.95,222.75,225.0,88579
2024-04-15 12:15:00,224.75,227.0,224.65,225.85,38271
2024-04-15 13:15:00,225.85,228.2,224.95,227.75,48592
2024-04-15 14:15:00,227.75,228.7,223.15,223.45,137341
2024-04-15 15:15:00,223.5,225.95,222.9,224.0,34726
2024-04-16 09:15:00,222.85,228.4,221.55,227.6,80633
2024-04-16 10:15:00,227.6,229.45,226.85,228.5,43764
2024-04-16 11:15:00,228.5,229.45,227.95,228.9,34358
2024-04-16 12:15:00,228.9,229.0,225.0,225.9,37881
2024-04-16 13:15:00,225.9,233.4,223.9,233.0,188007
2024-04-16 14:15:00,233.0,233.4,227.05,228.0,80174
2024-04-16 15:15:00,228.0,230.0,227.1,227.5,48989
2024-04-18 09:15:00,228.2,231.35,227.6,229.1,90672
2024-04-18 10:15:00,229.5,231.0,229.0,230.3,33268
2024-04-18 11:15:00,229.85,230.35,229.5,229.8,16942
2024-04-18 12:15:00,229.75,229.95,227.05,227.25,32328
2024-04-18 13:15:00,227.3,227.9,223.5,226.2,80322
2024-04-18 14:15:00,226.3,226.8,223.0,223.45,84787
2024-04-18 15:15:00,223.45,223.45,220.5,223.25,92056
2024-04-19 09:15:00,220.35,221.35,217.05,219.15,65934
2024-04-19 10:15:00,219.15,221.95,218.7,219.05,34057
2024-04-19 11:15:00,219.1,221.8,219.0,220.5,44439
2024-04-19 12:15:00,220.5,224.3,220.5,222.95,35264
2024-04-19 13:15:00,223.15,223.95,221.85,223.5,24166
2024-04-19 14:15:00,223.5,225.95,222.15,222.15,55163
2024-04-19 15:15:00,222.15,223.25,221.55,223.0,14614
2024-04-22 09:15:00,224.95,228.0,223.3,224.3,55703
2024-04-22 10:15:00,224.45,226.95,224.2,226.95,32367
2024-04-22 11:15:00,226.95,229.1,226.7,227.1,32334
2024-04-22 12:15:00,227.45,229.0,227.0,228.85,34862
2024-04-22 13:15:00,228.4,229.95,228.1,228.15,52871
2024-04-22 14:15:00,228.45,228.45,225.35,226.95,50932
2024-04-22 15:15:00,226.9,228.0,226.55,228.0,19228
2024-04-23 09:15:00,228.0,228.5,226.3,227.45,46491
2024-04-23 10:15:00,227.3,227.75,226.0,226.0,21660
2024-04-23 11:15:00,225.9,227.4,225.4,227.4,17207
2024-04-23 12:15:00,227.1,227.25,225.8,226.1,11190
2024-04-23 13:15:00,226.0,226.3,225.25,225.85,13097
2024-04-23 14:15:00,225.85,227.0,222.35,224.15,51843
2024-04-23 15:15:00,224.15,225.4,223.15,224.5,28669
2024-04-24 09:15:00,225.8,229.05,225.05,227.3,44036
2024-04-24 10:15:00,227.3,231.5,226.9,231.0,122310
2024-04-24 11:15:00,231.0,231.95,229.35,229.7,33277
2024-04-24 12:15:00,230.0,233.2,229.55,233.1,75852
2024-04-24 13:15:00,233.0,236.75,232.0,232.65,207927
2024-04-24 14:15:00,232.7,235.55,230.05,233.0,96475
2024-04-24 15:15:00,233.4,234.55,232.0,233.5,60688
2024-04-25 09:15:00,232.7,233.95,230.45,230.6,77772
2024-04-25 10:15:00,230.75,231.3,228.95,230.55,39686
2024-04-25 11:15:00,230.7,230.85,229.1,229.55,14062
2024-04-25 12:15:00,229.35,239.0,229.35,237.85,528753
2024-04-25 13:15:00,237.7,239.4,234.8,238.7,170574
2024-04-25 14:15:00,238.7,242.0,236.55,237.0,381905
2024-04-25 15:15:00,237.0,238.4,236.8,237.1,47790
2024-04-26 09:15:00,238.0,239.0,233.3,234.15,105681
2024-04-26 10:15:00,234.15,235.7,234.1,234.55,30119
2024-04-26 11:15:00,234.9,235.8,234.3,235.0,39823
2024-04-26 12:15:00,235.0,235.85,234.25,234.7,19760
2024-04-26 13:15:00,234.7,234.8,231.0,231.5,88473
2024-04-26 14:15:00,231.5,235.2,231.35,232.6,82912
2024-04-26 15:15:00,232.6,233.0,231.05,232.5,45969
2024-04-29 09:15:00,233.6,235.7,231.25,231.25,52814
2024-04-29 10:15:00,231.25,236.95,231.2,235.75,63746
2024-04-29 11:15:00,235.75,236.0,233.05,234.5,40875
2024-04-29 12:15:00,234.2,234.9,233.55,234.2,9022
2024-04-29 13:15:00,234.2,234.65,233.55,234.35,13408
2024-04-29 14:15:00,234.3,235.6,233.35,233.9,48212
2024-04-29 15:15:00,233.95,233.95,232.9,233.0,22676
2024-04-30 09:15:00,234.85,240.0,233.15,238.75,169092
2024-04-30 10:15:00,238.75,240.9,238.0,238.2,72521
2024-04-30 11:15:00,238.15,241.45,238.05,240.65,75994
2024-04-30 12:15:00,240.7,241.5,240.0,241.3,51609
2024-04-30 13:15:00,241.3,242.4,241.05,241.15,78794
2024-04-30 14:15:00,241.15,241.9,239.0,241.3,141681
2024-04-30 15:15:00,241.3,241.6,238.65,240.0,111578
2024-05-02 09:15:00,245.6,253.8,241.3,250.3,576597
2024-05-02 10:15:00,250.3,255.9,250.0,252.9,373192
2024-05-02 11:15:00,252.7,254.8,251.2,253.45,163671
2024-05-02 12:15:00,253.65,255.0,251.8,254.65,173979
2024-05-02 13:15:00,254.65,262.85,254.3,258.85,577681
2024-05-02 14:15:00,258.85,262.5,256.65,261.9,363889
2024-05-02 15:15:00,261.35,268.8,260.4,268.0,383267
2024-05-03 09:15:00,270.0,283.95,270.0,272.25,1429753
2024-05-03 10:15:00,272.25,274.0,270.3,271.8,279445
2024-05-03 11:15:00,271.8,271.8,268.0,268.8,254660
2024-05-03 12:15:00,268.8,271.6,268.0,268.3,153265
2024-05-03 13:15:00,268.4,268.85,265.55,267.1,137345
2024-05-03 14:15:00,267.1,269.5,266.1,269.35,212982
2024-05-03 15:15:00,269.35,269.45,265.05,267.7,133511
2024-05-06 09:15:00,270.0,271.0,261.0,266.7,275892
2024-05-06 10:15:00,266.05,274.0,263.95,272.3,235750
2024-05-06 11:15:00,272.0,272.45,266.95,271.9,237169
2024-05-06 12:15:00,271.9,271.9,270.15,270.95,52319
2024-05-06 13:15:00,270.95,271.5,268.6,268.75,91589
2024-05-06 14:15:00,268.75,269.35,265.5,266.0,125364
2024-05-06 15:15:00,266.05,270.0,265.7,269.25,72532
2024-05-07 09:15:00,266.45,276.0,261.6,274.5,402331
2024-05-07 10:15:00,274.5,274.5,271.5,272.05,119875
2024-05-07 11:15:00,272.0,272.5,267.6,269.95,110945
2024-05-07 12:15:00,269.95,270.8,262.95,264.1,136231
2024-05-07 13:15:00,264.1,267.0,263.35,264.5,77032
2024-05-07 14:15:00,264.5,266.05,262.25,265.05,70506
2024-05-07 15:15:00,265.05,265.5,262.0,264.15,50103
2024-05-08 09:15:00,264.95,269.8,264.1,268.05,93023
2024-05-08 10:15:00,267.55,277.95,267.45,274.65,344322
2024-05-08 11:15:00,275.1,277.85,273.1,275.3,117560
2024-05-08 12:15:00,275.4,276.0,273.35,273.4,64597
2024-05-08 13:15:00,273.6,273.9,271.15,271.75,49782
2024-05-08 14:15:00,272.0,273.65,270.25,272.5,134637
2024-05-08 15:15:00,272.5,276.9,272.5,273.85,67778
2024-05-09 09:15:00,276.2,279.5,267.6,268.15,280319
2024-05-09 10:15:00,268.15,268.95,266.3,266.75,46958
2024-05-09 11:15:00,266.95,267.15,264.55,265.25,37769
2024-05-09 12:15:00,265.45,266.6,259.4,260.75,135362
2024-05-09 13:15:00,260.75,261.75,258.95,261.0,73696
2024-05-09 14:15:00,261.0,261.1,255.1,257.5,160712
2024-05-09 15:15:00,257.7,259.7,256.6,259.0,59383
2024-05-10 09:15:00,261.0,263.35,256.15,260.55,105654
2024-05-10 10:15:00,260.95,262.45,259.35,260.45,26263
2024-05-10 11:15:00,260.15,265.0,260.0,263.6,52565
2024-05-10 12:15:00,263.6,264.85,257.0,259.5,158981
2024-05-10 13:15:00,259.5,263.25,259.45,261.7,57363
2024-05-10 14:15:00,261.75,269.8,261.3,268.05,188528
2024-05-10 15:15:00,268.05,271.45,267.0,268.95,78195
2024-05-13 09:15:00,271.05,271.05,258.0,261.3,131782
2024-05-13 10:15:00,261.2,263.7,258.6,262.05,46338
2024-05-13 11:15:00,262.55,272.35,262.3,271.5,148851
2024-05-13 12:15:00,271.9,276.0,271.25,275.45,171652
2024-05-13 13:15:00,275.35,275.65,271.6,274.4,109322
2024-05-13 14:15:00,274.4,275.0,270.45,273.35,120733
2024-05-13 15:15:00,273.05,275.5,272.6,274.75,54530
2024-05-14 09:15:00,273.95,274.95,267.2,267.75,135654
2024-05-14 10:15:00,267.75,270.0,267.75,269.7,31555
2024-05-14 11:15:00,269.7,270.5,266.85,270.4,89829
2024-05-14 12:15:00,270.85,273.0,269.2,269.7,41560
2024-05-14 13:15:00,269.7,270.0,268.1,268.2,36238
2024-05-14 14:15:00,268.2,268.45,265.7,266.9,52310
2024-05-14 15:15:00,266.45,266.65,264.2,266.4,42029
2024-05-15 09:15:00,267.0,269.7,264.0,265.25,103074
2024-05-15 10:15:00,265.15,268.55,264.0,267.35,44285
2024-05-15 11:15:00,267.5,268.0,265.25,265.55,16092
2024-05-15 12:15:00,265.55,271.0,265.5,269.5,123325
2024-05-15 13:15:00,269.5,272.95,268.0,268.5,133811
2024-05-15 14:15:00,268.55,268.6,265.1,266.6,83040
2024-05-15 15:15:00,266.6,268.0,266.6,268.0,28758
2024-05-16 09:15:00,266.7,269.0,266.7,267.25,41307
2024-05-16 10:15:00,267.25,270.0,266.05,267.35,48591
2024-05-16 11:15:00,267.65,267.7,265.75,266.9,17549
2024-05-16 12:15:00,266.9,267.25,263.55,264.7,76827
2024-05-16 13:15:00,264.7,265.7,262.55,264.9,34557
2024-05-16 14:15:00,264.9,265.0,262.55,263.3,56669
2024-05-16 15:15:00,263.0,263.75,262.0,262.5,33895
2024-05-17 09:15:00,263.9,266.4,263.6,265.6,33146
2024-05-17 10:15:00,265.6,267.25,264.05,266.0,42290
2024-05-17 11:15:00,266.0,270.0,265.2,268.85,123824
2024-05-17 12:15:00,268.85,268.85,265.5,266.75,23295
2024-05-17 13:15:00,266.75,267.45,265.5,266.65,23977
2024-05-17 14:15:00,266.6,271.6,266.55,267.1,130182
2024-05-17 15:15:00,267.1,267.95,266.0,267.6,33588
2024-05-18 09:15:00,268.95,269.1,266.9,268.8,16484
2024-05-18 11:15:00,270.85,270.85,267.7,269.5,26433
2024-05-18 12:15:00,269.6,270.0,269.3,269.9,12380
2024-05-21 09:15:00,270.95,278.8,267.05,268.15,369023
2024-05-21 10:15:00,268.5,268.65,265.2,265.5,88036
2024-05-21 11:15:00,265.5,267.05,264.5,266.55,50145
2024-05-21 12:15:00,266.8,267.25,266.1,266.5,12791
2024-05-21 13:15:00,266.25,268.0,266.2,267.3,29754
2024-05-21 14:15:00,267.25,269.15,266.55,268.5,89616
2024-05-21 15:15:00,268.5,270.0,267.0,268.5,51705
2024-05-22 09:15:00,268.6,270.0,264.0,266.5,82122
2024-05-22 10:15:00,266.5,266.85,265.0,266.85,21246
2024-05-22 11:15:00,266.45,266.65,265.0,265.55,14397
2024-05-22 12:15:00,265.55,268.9,265.55,268.55,32299
2024-05-22 13:15:00,268.55,269.2,266.8,268.0,25822
2024-05-22 14:15:00,267.9,274.25,267.9,269.8,441607
2024-05-22 15:15:00,269.75,274.9,269.1,269.85,175260
2024-05-23 09:15:00,270.5,273.5,267.65,268.6,90314
2024-05-23 10:15:00,268.6,270.0,267.85,270.0,41806
2024-05-23 11:15:00,270.0,270.7,269.0,270.3,58349
2024-05-23 12:15:00,270.3,271.0,268.7,268.85,99781
2024-05-23 13:15:00,269.15,269.7,268.2,269.5,30957
2024-05-23 14:15:00,269.5,270.0,268.1,268.9,74549
2024-05-23 15:15:00,269.2,269.2,265.75,266.5,46630
2024-05-24 09:15:00,267.85,272.6,266.25,267.0,65455
2024-05-24 10:15:00,266.85,268.75,266.15,267.1,14936
2024-05-24 11:15:00,267.1,269.75,266.45,269.6,40718
2024-05-24 12:15:00,269.6,270.0,267.2,267.7,30444
2024-05-24 13:15:00,267.7,268.0,266.3,267.5,31294
2024-05-24 14:15:00,267.5,267.6,263.95,264.85,42480
2024-05-24 15:15:00,264.85,265.0,262.8,263.0,44427
2024-05-27 09:15:00,254.15,255.0,235.6,241.6,718331
2024-05-27 10:15:00,241.6,247.1,241.0,243.2,241947
2024-05-27 11:15:00,243.0,244.6,242.65,243.65,59802
2024-05-27 12:15:00,243.35,247.5,243.1,246.5,104534
2024-05-27 13:15:00,246.35,246.8,245.45,245.95,55920
2024-05-27 14:15:00,246.3,246.4,243.05,243.05,90771
2024-05-27 15:15:00,243.05,243.1,235.0,241.35,149925
2024-05-28 09:15:00,243.0,250.0,235.25,236.45,151022
2024-05-28 10:15:00,236.5,239.5,236.25,237.95,68231
2024-05-28 11:15:00,237.6,238.4,234.05,235.2,65523
2024-05-28 12:15:00,235.0,236.45,233.05,235.55,57607
2024-05-28 13:15:00,235.5,237.6,235.5,236.35,28402
2024-05-28 14:15:00,236.4,237.0,234.2,235.65,79534
2024-05-28 15:15:00,235.65,236.7,234.1,236.7,42109
2024-05-29 09:15:00,234.0,238.7,231.5,232.2,110845
2024-05-29 10:15:00,232.2,233.7,232.0,232.45,25477
2024-05-29 11:15:00,232.45,232.9,231.3,231.5,50978
2024-05-29 12:15:00,231.3,233.05,230.15,231.65,59822
2024-05-29 13:15:00,231.65,233.25,229.85,230.55,62263
2024-05-29 14:15:00,230.55,232.7,230.0,231.6,74595
2024-05-29 15:15:00,231.6,232.65,230.7,231.8,51607
2024-05-30 09:15:00,230.35,232.3,222.85,224.3,306546
2024-05-30 10:15:00,224.3,225.45,224.05,224.75,44322
2024-05-30 11:15:00,224.95,225.2,222.9,223.7,42919
2024-05-30 12:15:00,223.65,224.0,222.25,223.8,57641
2024-05-30 13:15:00,223.8,228.45,222.65,224.6,115143
2024-05-30 14:15:00,224.65,224.95,219.95,221.5,139523
2024-05-30 15:15:00,221.5,222.9,215.4,220.8,123406
2024-05-31 09:15:00,222.3,225.05,219.25,219.8,98664
2024-05-31 10:15:00,219.65,223.75,218.75,223.75,52134
2024-05-31 11:15:00,223.8,224.65,222.1,223.5,25112
2024-05-31 12:15:00,223.1,224.5,222.0,223.45,36080
2024-05-31 13:15:00,223.1,229.4,222.65,229.4,69741
2024-05-31 14:15:00,229.3,229.3,223.65,224.55,124781
2024-05-31 15:15:00,224.25,227.0,221.1,222.9,86691
2024-06-03 09:15:00,234.95,235.05,227.05,232.55,119586
2024-06-03 10:15:00,232.55,232.55,231.45,232.05,37722
2024-06-03 11:15:00,232.05,232.05,226.6,226.75,97433
2024-06-03 12:15:00,226.75,229.4,225.6,228.35,106752
2024-06-03 13:15:00,228.35,229.65,228.2,229.4,34688
2024-06-03 14:15:00,229.4,230.05,226.9,228.45,62809
2024-06-03 15:15:00,228.75,231.45,228.0,228.0,49829
2024-06-04 09:15:00,230.0,230.0,219.0,223.5,94257
2024-06-04 10:15:00,223.5,223.95,210.55,210.65,140232
2024-06-04 11:15:00,210.9,218.8,208.8,210.85,145339
2024-06-04 12:15:00,211.25,222.9,201.0,216.0,154167
2024-06-04 13:15:00,216.0,220.7,214.6,216.85,52937
2024-06-04 14:15:00,216.9,216.9,210.45,213.15,43187
2024-06-04 15:15:00,213.2,219.4,209.7,210.0,57641
2024-06-05 09:15:00,214.9,215.7,202.85,210.95,100939
2024-06-05 10:15:00,210.45,218.65,210.3,218.65,49303
2024-06-05 11:15:00,218.45,224.35,217.1,223.9,90502
2024-06-05 12:15:00,223.65,224.15,220.05,223.45,27517
2024-06-05 13:15:00,223.45,227.6,222.25,226.5,86295
2024-06-05 14:15:00,226.5,228.0,225.25,225.6,63072
2024-06-05 15:15:00,225.6,227.0,224.1,225.25,21563
2024-06-06 09:15:00,228.0,230.0,220.45,221.6,236140
2024-06-06 10:15:00,221.65,224.7,221.0,222.6,154001
2024-06-06 11:15:00,222.9,223.3,217.8,218.7,178269
2024-06-06 12:15:00,218.7,219.45,215.95,217.0,128604
2024-06-06 13:15:00,217.1,223.95,216.6,219.15,184216
2024-06-06 14:15:00,219.45,220.1,217.15,218.35,124109
2024-06-06 15:15:00,218.4,219.35,217.15,218.5,65985
2024-06-07 09:15:00,219.7,221.0,217.8,220.45,128228
2024-06-07 10:15:00,220.45,226.0,219.85,222.1,360053
2024-06-07 11:15:00,222.0,222.9,220.4,220.95,57601
2024-06-07 12:15:00,220.95,223.5,220.0,222.15,56287
2024-06-07 13:15:00,222.15,222.9,221.55,221.75,64657
2024-06-07 14:15:00,221.75,221.95,220.0,220.8,124490
2024-06-07 15:15:00,220.8,221.7,220.55,221.0,45066
2024-06-10 09:15:00,221.1,228.55,221.0,227.52,115416
2024-06-10 10:15:00,227.47,230.0,227.1,229.37,193783
2024-06-10 11:15:00,229.37,231.18,227.05,228.35,82538
2024-06-10 12:15:00,228.38,229.0,226.96,228.39,28686
2024-06-10 13:15:00,228.47,232.0,227.6,227.94,46001
2024-06-10 14:15:00,228.05,229.83,227.16,228.8,57842
2024-06-10 15:15:00,228.77,229.22,226.9,227.6,25005
2024-06-11 09:15:00,228.4,230.11,225.37,228.72,81807
2024-06-11 10:15:00,228.65,229.31,227.05,227.95,32570
2024-06-11 11:15:00,227.95,228.58,224.6,225.6,64114
2024-06-11 12:15:00,225.55,227.07,225.21,226.23,60156
2024-06-11 13:15:00,226.23,228.07,224.01,225.88,96319
2024-06-11 14:15:00,225.83,227.48,225.35,225.51,62682
2024-06-11 15:15:00,225.5,226.5,225.06,225.6,36603
2024-06-12 09:15:00,226.48,229.23,226.48,228.15,62133
2024-06-12 10:15:00,228.16,228.89,227.65,228.32,25099
2024-06-12 11:15:00,228.45,229.11,228.06,228.97,27334
2024-06-12 12:15:00,228.97,230.0,228.52,230.0,46113
2024-06-12 13:15:00,230.0,230.8,229.1,229.49,50109
2024-06-12 14:15:00,229.49,229.78,228.0,228.92,46038
2024-06-12 15:15:00,228.92,229.31,228.26,229.0,19801
2024-06-13 09:15:00,229.54,231.8,228.72,230.7,76246
2024-06-13 10:15:00,231.11,232.34,229.0,230.25,53749
2024-06-13 11:15:00,230.18,230.97,229.0,230.0,41746
2024-06-13 12:15:00,230.0,234.35,230.0,234.0,74454
2024-06-13 13:15:00,234.0,234.84,232.5,233.7,61714
2024-06-13 14:15:00,233.52,238.5,232.5,236.04,234445
2024-06-13 15:15:00,236.35,237.05,235.35,236.8,37122
2024-06-14 09:15:00,238.0,242.4,236.41,240.67,181165
2024-06-14 10:15:00,240.67,240.78,238.22,238.95,52857
2024-06-14 11:15:00,238.95,240.0,238.05,239.09,25630
2024-06-14 12:15:00,239.09,240.63,238.21,239.52,45163
2024-06-14 13:15:00,239.72,241.37,238.82,239.14,38419
2024-06-14 14:15:00,239.14,239.18,236.02,236.37,62734
2024-06-14 15:15:00,236.17,236.69,235.1,236.3,37044
2024-06-18 09:15:00,237.42,239.25,232.46,233.58,115911
2024-06-18 10:15:00,233.58,234.41,232.31,233.7,40873
2024-06-18 11:15:00,233.7,233.7,230.5,231.77,70951
2024-06-18 12:15:00,232.1,232.47,231.01,231.53,14457
2024-06-18 13:15:00,231.54,231.99,230.01,231.9,34759
2024-06-18 14:15:00,231.9,232.35,230.65,231.65,54636
2024-06-18 15:15:00,231.65,232.3,231.0,231.8,30178
2024-06-19 09:15:00,232.05,232.79,226.02,228.41,96319
2024-06-19 10:15:00,228.02,229.95,227.12,228.41,42642
2024-06-19 11:15:00,228.85,231.2,228.6,230.8,22529
2024-06-19 12:15:00,230.8,230.8,227.01,229.83,40759
2024-06-19 13:15:00,229.83,231.7,229.25,230.23,35672
2024-06-19 14:15:00,230.23,230.25,227.35,227.65,95049
2024-06-19 15:15:00,227.98,228.02,227.0,227.5,25017
2024-06-20 09:15:00,227.61,232.1,226.75,231.55,99946
2024-06-20 10:15:00,231.55,232.35,229.65,230.54,56885
2024-06-20 11:15:00,230.54,230.95,229.34,230.27,24380
2024-06-20 12:15:00,230.21,234.59,229.59,233.59,51925
2024-06-20 13:15:00,233.59,233.63,231.0,231.46,39939
2024-06-20 14:15:00,231.48,232.5,229.0,229.51,53498
2024-06-20 15:15:00,229.9,233.35,229.1,233.35,47654
2024-06-21 09:15:00,230.81,233.34,230.81,231.92,54795
2024-06-21 10:15:00,231.61,232.44,229.77,231.52,31560
2024-06-21 11:15:00,231.52,232.4,230.76,231.68,14996
2024-06-21 12:15:00,231.67,231.73,227.1,228.47,95242
2024-06-21 13:15:00,228.47,228.71,227.26,228.21,42857
2024-06-21 14:15:00,228.14,228.47,226.5,226.77,65448
2024-06-21 15:15:00,226.7,227.4,225.15,227.0,41386
2024-06-24 09:15:00,226.0,228.74,224.5,227.86,81352
2024-06-24 10:15:00,227.87,228.99,227.5,228.94,17101
2024-06-24 11:15:00,228.94,230.75,228.71,230.22,33993
2024-06-24 12:15:00,230.2,231.8,229.55,230.69,37861
2024-06-24 13:15:00,230.73,233.0,230.45,232.2,66739
2024-06-24 14:15:00,232.43,234.61,232.15,234.15,80496
2024-06-24 15:15:00,234.13,234.5,232.7,234.5,48730
2024-06-25 09:15:00,235.0,237.49,233.01,233.76,122887
2024-06-25 10:15:00,233.54,236.32,233.33,235.26,33786
2024-06-25 11:15:00,235.0,235.8,234.75,235.48,23481
2024-06-25 12:15:00,235.45,235.91,232.76,233.5,94011
2024-06-25 13:15:00,233.57,234.0,232.55,233.65,72818
2024-06-25 14:15:00,233.65,233.65,231.01,232.56,52650
2024-06-25 15:15:00,232.5,235.41,231.8,232.99,65504
2024-06-26 09:15:00,233.19,233.5,230.5,232.05,40724
2024-06-26 10:15:00,231.8,232.44,230.95,231.05,17667
2024-06-26 11:15:00,231.05,233.6,230.91,232.75,41760
2024-06-26 12:15:00,232.75,233.75,232.15,233.02,27413
2024-06-26 13:15:00,233.29,235.0,231.99,234.0,31396
2024-06-26 14:15:00,234.0,235.9,233.81,235.02,77166
2024-06-26 15:15:00,235.02,235.44,235.0,235.0,20795
2024-06-27 09:15:00,237.94,238.0,233.26,233.54,43595
2024-06-27 10:15:00,233.61,236.58,232.1,236.06,50053
2024-06-27 11:15:00,236.09,236.47,234.02,234.4,26029
2024-06-27 12:15:00,234.4,234.82,232.71,233.06,14184
2024-06-27 13:15:00,232.72,234.04,231.1,231.46,52320
2024-06-27 14:15:00,231.16,232.51,231.0,231.18,23396
2024-06-27 15:15:00,231.18,232.27,230.7,230.7,31793
2024-06-28 09:15:00,232.7,233.34,230.25,231.24,54899
2024-06-28 10:15:00,231.25,231.5,230.11,231.04,11876
2024-06-28 11:15:00,231.04,231.04,229.51,230.15,23579
2024-06-28 12:15:00,229.92,233.9,229.5,232.95,47037
2024-06-28 13:15:00,232.95,234.99,232.66,234.41,94810
2024-06-28 14:15:00,234.41,234.67,231.62,232.0,50697
2024-06-28 15:15:00,231.75,233.2,231.18,232.9,29644
2024-07-01 09:15:00,229.99,234.73,229.99,232.65,55684
2024-07-01 10:15:00,232.65,233.58,231.28,232.84,32236
2024-07-01 11:15:00,232.71,232.99,232.12,232.61,15855
2024-07-01 12:15:00,232.31,233.51,232.12,232.89,8506
2024-07-01 13:15:00,232.9,233.4,230.48,230.8,27408
2024-07-01 14:15:00,230.8,232.5,229.92,231.8,53868
2024-07-01 15:15:00,232.04,234.0,231.11,232.0,21893
2024-07-02 09:15:00,233.19,241.09,231.52,235.67,193793
2024-07-02 10:15:00,235.67,235.91,234.49,234.99,28462
2024-07-02 11:15:00,234.56,234.78,233.22,233.59,38398
2024-07-02 12:15:00,233.59,234.39,231.95,233.35,20657
2024-07-02 13:15:00,233.35,233.8,232.6,232.86,25342
2024-07-02 14:15:00,232.62,233.68,232.0,232.51,49024
2024-07-02 15:15:00,232.51,232.69,231.22,231.75,31077
2024-07-03 09:15:00,233.74,233.8,231.0,231.98,45117
2024-07-03 10:15:00,231.74,233.0,231.6,232.9,22689
2024-07-03 11:15:00,232.9,233.8,232.15,232.67,23662
2024-07-03 12:15:00,232.61,232.75,231.6,232.02,10030
2024-07-03 13:15:00,232.06,233.0,231.5,231.89,20036
2024-07-03 14:15:00,232.2,236.5,231.92,236.37,84448
2024-07-03 15:15:00,236.15,236.37,235.0,235.2,24985
2024-07-04 09:15:00,235.82,236.68,234.21,235.94,48621
2024-07-04 10:15:00,235.99,240.58,235.99,239.0,155724
2024-07-04 11:15:00,239.01,239.83,238.05,239.5,44018
2024-07-04 12:15:00,239.22,241.0,236.82,239.13,148498
2024-07-04 13:15:00,239.08,239.57,238.05,239.1,28953
2024-07-04 14:15:00,239.1,242.0,238.0,240.5,116805
2024-07-04 15:15:00,240.5,245.0,240.5,242.8,49922
2024-07-05 09:15:00,242.5,243.0,237.0,240.19,161957
2024-07-05 10:15:00,240.09,242.54,239.74,240.6,107280
2024-07-05 11:15:00,240.61,241.85,239.72,240.51,18436
2024-07-05 12:15:00,240.52,241.42,239.3,240.39,30900
2024-07-05 13:15:00,240.39,240.68,237.63,240.1,83074
2024-07-05 14:15:00,240.0,249.1,239.51,246.1,202534
2024-07-05 15:15:00,246.25,251.0,244.55,248.47,137664
2024-07-08 09:15:00,246.89,254.64,244.4,253.8,227840
2024-07-08 10:15:00,253.85,257.32,250.85,251.88,183244
2024-07-08 11:15:00,251.88,252.65,249.01,249.2,98282
2024-07-08 12:15:00,249.2,255.0,249.01,254.5,108597
2024-07-08 13:15:00,254.13,254.17,250.55,251.04,26446
2024-07-08 14:15:00,251.08,252.13,246.0,246.99,106791
2024-07-08 15:15:00,246.99,247.0,245.5,246.01,39531
2024-07-09 09:15:00,249.25,258.9,249.25,254.69,347172
2024-07-09 10:15:00,254.88,256.25,252.97,254.42,110951
2024-07-09 11:15:00,254.53,257.0,251.36,256.41,115307
2024-07-09 12:15:00,256.41,273.09,256.0,272.5,1237214
2024-07-09 13:15:00,272.2,274.28,268.5,271.84,719370
2024-07-09 14:15:00,271.84,277.74,266.24,268.7,1103046
2024-07-09 15:15:00,268.47,270.2,265.82,270.2,231203
2024-07-10 09:15:00,270.35,271.51,254.6,258.22,368892
2024-07-10 10:15:00,258.13,259.39,254.5,257.9,240288
2024-07-10 11:15:00,257.9,268.02,257.21,267.5,287007
2024-07-10 12:15:00,267.67,277.0,267.5,268.15,274887
2024-07-10 13:15:00,268.16,272.4,268.07,270.4,101133
2024-07-10 14:15:00,270.27,275.9,269.99,272.23,208441
2024-07-10 15:15:00,272.26,274.9,271.15,272.9,118961
2024-07-11 09:15:00,270.89,279.0,268.09,275.2,427945
2024-07-11 10:15:00,275.25,288.8,272.45,287.5,800928
2024-07-11 11:15:00,287.5,290.0,280.01,285.72,773733
2024-07-11 12:15:00,285.76,287.47,282.55,286.41,180017
2024-07-11 13:15:00,286.41,286.48,277.75,278.77,252874
2024-07-11 14:15:00,278.63,281.9,275.31,279.35,227345
2024-07-11 15:15:00,279.7,282.0,279.02,281.5,127933
2024-07-12 09:15:00,281.99,282.85,278.18,281.39,191220
2024-07-12 10:15:00,281.4,281.7,275.81,276.12,91133
2024-07-12 11:15:00,276.2,279.8,276.12,278.01,71551
2024-07-12 12:15:00,278.0,282.0,277.63,280.7,85500
2024-07-12 13:15:00,280.65,281.13,279.05,280.13,65178
2024-07-12 14:15:00,280.0,280.15,272.0,272.04,465313
2024-07-12 15:15:00,272.04,280.0,270.81,278.7,91617
2024-07-15 09:15:00,274.4,275.7,266.02,274.67,204122
2024-07-15 10:15:00,274.85,279.0,274.62,275.35,92460
2024-07-15 11:15:00,275.73,276.8,273.3,274.96,41497
2024-07-15 12:15:00,274.96,275.0,272.48,273.01,20856
2024-07-15 13:15:00,273.01,274.9,271.0,272.61,44884
2024-07-15 14:15:00,272.73,278.0,271.9,273.14,65615
2024-07-15 15:15:00,273.05,273.05,268.2,270.5,62259
2024-07-16 09:15:00,270.65,279.0,270.65,275.6,117099
2024-07-16 10:15:00,275.93,289.89,275.92,288.5,343875
2024-07-16 11:15:00,288.6,293.0,284.16,285.0,752130
2024-07-16 12:15:00,284.8,286.3,281.0,282.69,199871
2024-07-16 13:15:00,282.75,283.4,280.0,280.6,87722
2024-07-16 14:15:00,280.95,284.68,278.5,283.98,209268
2024-07-16 15:15:00,283.97,289.0,283.7,289.0,180366
2024-07-18 09:15:00,295.0,299.0,290.0,293.09,797175
2024-07-18 10:15:00,293.51,293.61,286.35,287.13,257880
2024-07-18 11:15:00,287.4,289.61,283.1,286.03,258447
2024-07-18 12:15:00,286.03,287.97,283.78,284.59,92675
2024-07-18 13:15:00,284.59,286.99,282.9,284.0,104582
2024-07-18 14:15:00,284.0,285.46,280.0,280.36,179198
2024-07-18 15:15:00,280.36,282.25,275.25,282.0,192981
2024-07-19 09:15:00,280.15,281.42,270.12,271.01,223185
2024-07-19 10:15:00,271.0,274.8,270.69,271.48,90946
2024-07-19 11:15:00,271.46,273.66,268.94,272.73,102700
2024-07-19 12:15:00,272.68,272.98,269.54,271.59,56455
2024-07-19 13:15:00,271.5,273.8,270.02,272.24,71285
2024-07-19 14:15:00,272.2,272.84,270.66,270.66,46156
2024-07-19 15:15:00,270.73,274.0,270.5,273.0,23594
2024-07-22 09:15:00,268.99,274.2,266.17,273.25,142312
2024-07-22 10:15:00,273.0,274.0,272.13,273.0,42283
2024-07-22 11:15:00,273.01,274.0,272.2,273.32,36740
2024-07-22 12:15:00,273.58,276.0,273.0,274.43,92032
2024-07-22 13:15:00,274.47,277.75,274.42,277.07,69634
2024-07-22 14:15:00,277.3,279.0,274.15,274.15,103170
2024-07-22 15:15:00,274.15,274.55,271.0,272.6,57406
2024-07-23 09:15:00,273.0,273.51,267.72,269.07,111295
2024-07-23 10:15:00,269.06,272.1,269.06,271.39,24374
2024-07-23 11:15:00,271.39,273.0,268.0,270.89,72738
2024-07-23 12:15:00,270.85,271.04,252.55,267.91,181538
2024-07-23 13:15:00,267.75,269.37,266.07,267.93,53186
2024-07-23 14:15:00,267.8,272.05,266.0,269.55,69059
2024-07-23 15:15:00,269.55,270.0,268.1,268.8,22186
2024-07-24 09:15:00,270.68,275.94,270.22,275.04,72036
2024-07-24 10:15:00,275.33,275.33,273.3,274.0,24925
2024-07-24 11:15:00,274.0,274.28,271.66,273.22,35779
2024-07-24 12:15:00,273.4,273.52,271.38,271.38,31040
2024-07-24 13:15:00,271.19,272.83,270.04,272.29,32055
2024-07-24 14:15:00,272.29,274.67,271.46,271.74,48785
2024-07-24 15:15:00,271.74,273.65,271.74,272.6,16704
2024-07-25 09:15:00,270.0,280.03,268.25,275.95,116784
2024-07-25 10:15:00,276.0,281.8,275.61,281.0,103119
2024-07-25 11:15:00,281.0,284.0,279.2,279.5,150367
2024-07-25 12:15:00,279.5,281.21,277.8,279.33,69564
2024-07-25 13:15:00,278.85,279.33,274.15,275.86,84905
2024-07-25 14:15:00,275.6,277.8,272.0,272.98,60162
2024-07-25 15:15:00,272.97,274.69,272.97,274.64,30478
2024-07-26 09:15:00,277.3,280.17,274.99,275.62,76443
2024-07-26 10:15:00,275.24,275.5,273.96,274.9,29679
2024-07-26 11:15:00,274.69,281.0,274.69,277.61,108926
2024-07-26 12:15:00,277.59,277.97,274.18,274.93,48232
2024-07-26 13:15:00,274.93,275.19,274.2,274.43,45034
2024-07-26 14:15:00,274.5,277.65,273.66,274.33,226633
2024-07-26 15:15:00,274.41,275.69,273.1,273.4,34189
2024-07-29 09:15:00,278.01,278.29,274.01,274.3,65143
2024-07-29 10:15:00,274.61,277.88,274.05,277.27,29125
2024-07-29 11:15:00,277.0,280.0,276.07,278.73,63424
2024-07-29 12:15:00,278.63,279.9,276.9,278.19,36565
2024-07-29 13:15:00,278.19,279.87,276.81,277.35,41709
2024-07-29 14:15:00,277.34,280.0,276.09,278.36,58133
2024-07-29 15:15:00,278.8,279.92,278.0,279.0,20911
2024-07-30 09:15:00,278.69,282.39,277.11,279.08,84947
2024-07-30 10:15:00,278.82,279.5,276.2,278.0,66295
2024-07-30 11:15:00,277.7,279.9,277.5,279.52,26493
2024-07-30 12:15:00,279.55,280.0,278.42,280.0,43980
2024-07-30 13:15:00,279.86,280.5,278.92,279.4,41354
2024-07-30 14:15:00,278.98,279.95,277.66,279.11,36600
2024-07-30 15:15:00,278.88,279.38,275.6,277.45,39685
2024-07-31 09:15:00,277.2,281.59,275.6,279.0,107768
2024-07-31 10:15:00,279.0,280.25,278.05,278.78,34240
2024-07-31 11:15:00,278.59,278.95,274.55,275.28,60534
2024-07-31 12:15:00,275.28,276.17,273.37,275.0,60735
2024-07-31 13:15:00,275.0,275.41,271.27,271.47,71033
2024-07-31 14:15:00,271.47,272.82,269.11,269.29,100979
2024-07-31 15:15:00,269.31,270.2,268.5,269.8,57651
2024-08-01 09:15:00,271.35,271.55,266.3,269.7,179863
2024-08-01 10:15:00,269.7,270.75,265.45,266.25,383397
2024-08-01 11:15:00,265.95,270.0,265.95,268.0,135564
2024-08-01 12:15:00,268.0,274.0,268.0,273.75,87845
2024-08-01 13:15:00,273.5,274.85,270.5,271.4,65986
2024-08-01 14:15:00,271.05,272.45,270.05,270.3,49994
2024-08-01 15:15:00,270.4,273.0,270.1,273.0,41353
2024-08-02 09:15:00,268.05,271.25,263.85,266.5,152075
2024-08-02 10:15:00,266.55,268.45,264.0,266.25,98435
2024-08-02 11:15:00,266.3,266.5,263.75,263.95,29735
2024-08-02 12:15:00,264.15,265.0,262.0,263.0,47048
2024-08-02 13:15:00,263.3,263.4,261.05,261.05,46064
2024-08-02 14:15:00,261.1,261.95,258.45,260.7,69780
2024-08-02 15:15:00,260.5,260.95,256.8,257.9,50142
2024-08-05 09:15:00,257.0,274.7,255.95,264.55,752950
2024-08-05 10:15:00,264.7,265.0,250.35,252.5,337653
2024-08-05 11:15:00,252.2,253.2,247.3,252.65,163544
2024-08-05 12:15:00,252.4,253.9,248.4,249.95,59275
2024-08-05 13:15:00,249.95,253.0,249.15,249.85,99680
2024-08-05 14:15:00,250.4,250.8,248.0,248.1,135630
2024-08-05 15:15:00,248.15,249.8,248.0,248.25,50570
2024-08-06 09:15:00,253.05,261.1,253.05,257.3,181095
2024-08-06 10:15:00,257.65,258.15,252.05,254.0,53232
2024-08-06 11:15:00,254.0,255.2,252.85,253.2,16875
2024-08-06 12:15:00,253.1,253.65,247.25,249.75,89908
2024-08-06 13:15:00,249.75,251.25,248.0,248.75,37434
2024-08-06 14:15:00,248.75,250.6,245.5,245.85,56608
2024-08-06 15:15:00,245.5,254.9,245.0,250.0,44669
2024-08-07 09:15:00,250.7,252.25,247.05,247.45,64674
2024-08-07 10:15:00,247.85,251.4,245.4,249.7,126802
2024-08-07 11:15:00,249.7,262.35,249.0,259.05,290443
2024-08-07 12:15:00,259.05,270.55,258.25,267.75,255795
2024-08-07 13:15:00,267.7,273.4,259.5,270.0,765519
2024-08-07 14:15:00,270.2,272.0,269.5,270.0,198263
2024-08-07 15:15:00,270.0,283.45,270.0,280.9,334434
2024-08-08 09:15:00,281.05,281.75,273.3,274.65,237153
2024-08-08 10:15:00,274.65,276.45,273.2,273.7,56800
2024-08-08 11:15:00,273.85,274.5,272.4,273.6,23830
2024-08-08 12:15:00,273.9,275.0,271.75,272.15,34617
2024-08-08 13:15:00,272.15,273.0,270.7,272.2,39987
2024-08-08 14:15:00,272.1,288.0,268.55,285.9,269615
2024-08-08 15:15:00,286.4,291.0,285.05,290.0,299974
2024-08-09 09:15:00,289.7,290.7,278.5,279.4,158733
2024-08-09 10:15:00,279.35,279.5,277.0,278.8,72989
2024-08-09 11:15:00,278.6,280.0,277.3,279.3,39839
2024-08-09 12:15:00,279.4,281.8,278.0,278.2,44404
2024-08-09 13:15:00,278.25,278.95,275.95,276.2,69973
2024-08-09 14:15:00,276.2,278.95,276.0,277.3,67614
2024-08-09 15:15:00,277.3,281.75,276.0,280.2,57660
2024-08-12 09:15:00,276.25,276.95,271.2,273.35,95574
2024-08-12 10:15:00,273.35,275.15,273.3,274.2,29059
2024-08-12 11:15:00,274.4,281.0,273.15,279.1,92046
2024-08-12 12:15:00,278.9,284.0,277.5,283.9,137968
2024-08-12 13:15:00,283.9,283.9,279.05,279.5,59291
2024-08-12 14:15:00,279.5,280.0,276.55,278.0,112860
2024-08-12 15:15:00,277.95,278.9,276.5,276.9,387019
2024-08-13 09:15:00,279.85,295.85,279.8,291.9,1096345
2024-08-13 10:15:00,291.8,295.35,284.65,284.9,662354
2024-08-13 11:15:00,284.9,305.35,284.6,303.55,1057999
2024-08-13 12:15:00,303.95,307.55,292.15,294.3,1119183
2024-08-13 13:15:00,294.7,295.9,285.85,285.95,392855
2024-08-13 14:15:00,286.0,304.0,284.0,299.4,1014097
2024-08-13 15:15:00,299.4,301.0,295.65,298.0,327804
2024-08-14 09:15:00,307.9,330.9,306.0,330.45,4029890
2024-08-14 10:15:00,330.85,336.0,315.0,316.55,3122659
2024-08-14 11:15:00,316.25,318.9,313.0,315.0,468141
2024-08-14 12:15:00,315.0,319.45,311.6,318.4,403727
2024-08-14 13:15:00,318.7,322.0,315.0,319.0,333447
2024-08-14 14:15:00,319.15,329.0,316.65,326.1,959160
2024-08-14 15:15:00,326.1,328.0,323.7,326.15,351150
2024-08-16 09:15:00,328.4,329.25,315.45,315.85,1414989
2024-08-16 10:15:00,316.05,332.9,315.3,332.9,767841
2024-08-16 11:15:00,332.6,335.3,331.7,333.95,649291
2024-08-16 12:15:00,333.95,335.7,332.7,335.25,279658
2024-08-16 13:15:00,335.25,336.35,333.6,335.3,262838
2024-08-16 14:15:00,335.3,338.25,335.0,336.6,414145
2024-08-16 15:15:00,336.4,338.9,334.0,335.0,233273
2024-08-19 09:15:00,340.15,349.0,336.0,337.85,1694392
2024-08-19 10:15:00,337.65,338.0,329.7,336.8,486835
2024-08-19 11:15:00,336.65,339.25,333.75,339.0,198830
2024-08-19 12:15:00,339.0,339.95,334.4,339.45,206966
2024-08-19 13:15:00,339.3,340.35,335.55,336.45,161260
2024-08-19 14:15:00,336.45,339.2,336.05,338.0,166911
2024-08-19 15:15:00,337.8,338.05,334.15,334.5,153222
2024-08-20 09:15:00,335.05,336.0,329.25,330.45,291223
2024-08-20 10:15:00,330.15,331.4,326.7,328.85,212607
2024-08-20 11:15:00,328.85,329.95,325.95,326.6,109187
2024-08-20 12:15:00,326.6,329.7,326.15,328.45,74479
2024-08-20 13:15:00,328.45,330.0,327.6,327.65,72376
2024-08-20 14:15:00,327.9,337.0,326.1,327.1,331307
2024-08-20 15:15:00,327.55,328.9,326.0,327.0,97571
2024-08-21 09:15:00,328.5,342.0,327.4,339.15,788497
2024-08-21 10:15:00,339.15,343.0,336.35,342.15,1047205
2024-08-21 11:15:00,342.15,346.9,340.15,343.8,445071
2024-08-21 12:15:00,343.8,347.0,342.0,344.5,444685
2024-08-21 13:15:00,344.45,345.1,342.65,344.65,133853
2024-08-21 14:15:00,344.35,347.8,343.55,345.25,342098
2024-08-21 15:15:00,345.05,345.5,344.55,345.5,108694
2024-08-22 09:15:00,349.05,356.75,344.25,350.6,617119
2024-08-22 10:15:00,350.6,351.45,347.0,347.45,125524
2024-08-22 11:15:00,347.2,349.5,346.15,348.15,78394
2024-08-22 12:15:00,348.2,352.0,347.55,349.05,93790
2024-08-22 13:15:00,349.45,349.55,347.2,347.8,51171
2024-08-22 14:15:00,347.8,348.05,346.0,347.75,109626
2024-08-22 15:15:00,347.5,349.5,346.0,348.5,83719
2024-08-23 09:15:00,349.4,351.25,342.0,342.5,630859
2024-08-23 10:15:00,342.5,343.0,340.2,341.95,74216
2024-08-23 11:15:00,341.95,342.65,341.35,342.3,39392
2024-08-23 12:15:00,342.25,346.9,342.0,345.75,80397
2024-08-23 13:15:00,345.45,345.8,344.35,345.0,50602
2024-08-23 14:15:00,345.0,347.9,343.7,347.2,129164
2024-08-23 15:15:00,347.15,348.45,345.9,347.95,111341
2024-08-26 09:15:00,348.5,350.0,342.1,345.4,146006
2024-08-26 10:15:00,345.2,345.95,344.6,345.0,40795
2024-08-26 11:15:00,345.0,346.05,344.0,345.0,43868
2024-08-26 12:15:00,345.0,345.45,344.7,345.25,37665
2024-08-26 13:15:00,345.05,345.4,343.4,345.0,92697
2024-08-26 14:15:00,345.0,349.95,342.7,348.0,128846
2024-08-26 15:15:00,348.0,352.0,348.0,350.0,80669
2024-08-27 09:15:00,352.0,366.5,352.0,363.1,1393889
2024-08-27 10:15:00,363.3,368.9,357.0,357.9,370112
2024-08-27 11:15:00,357.9,358.0,354.1,357.15,102471
2024-08-27 12:15:00,357.15,357.9,354.85,356.3,34185
2024-08-27 13:15:00,356.15,356.3,354.15,354.35,49715
2024-08-27 14:15:00,354.6,356.7,350.1,350.5,117955
2024-08-27 15:15:00,350.45,350.5,347.3,348.45,124231
2024-08-28 09:15:00,350.05,355.9,348.9,350.1,197709
2024-08-28 10:15:00,349.95,351.65,349.2,350.1,51383
2024-08-28 11:15:00,350.15,352.95,348.3,351.9,56675
2024-08-28 12:15:00,351.75,352.45,350.1,351.3,46418
2024-08-28 13:15:00,351.35,353.9,351.0,352.45,54927
2024-08-28 14:15:00,352.45,352.45,345.6,346.55,80079
2024-08-28 15:15:00,346.5,352.95,346.0,348.0,65153
2024-08-29 09:15:00,348.4,354.0,346.05,352.0,100459
2024-08-29 10:15:00,351.65,356.5,348.45,349.9,110685
2024-08-29 11:15:00,349.9,349.9,347.05,347.25,25578
2024-08-29 12:15:00,347.15,349.35,346.95,347.85,35653
2024-08-29 13:15:00,347.75,349.05,343.95,344.25,41267
2024-08-29 14:15:00,344.15,347.7,342.15,347.0,54224
2024-08-29 15:15:00,347.0,348.8,346.1,348.4,32023
2024-08-30 09:15:00,350.7,358.0,348.5,349.6,128516
2024-08-30 10:15:00,349.95,352.45,349.4,351.65,37248
2024-08-30 11:15:00,351.65,351.7,348.3,349.8,35211
2024-08-30 12:15:00,349.65,349.7,346.5,348.4,40527
2024-08-30 13:15:00,348.15,349.05,347.55,348.8,16849
2024-08-30 14:15:00,348.75,352.3,348.0,351.85,86195
2024-08-30 15:15:00,352.0,353.0,350.1,350.65,75296
2024-09-02 09:15:00,352.35,353.4,346.95,349.25,106241
2024-09-02 10:15:00,349.0,350.95,348.05,349.8,28628
2024-09-02 11:15:00,349.3,350.15,348.35,349.1,21640
2024-09-02 12:15:00,349.0,351.5,345.95,346.9,77507
2024-09-02 13:15:00,346.5,346.55,343.7,344.65,63676
2024-09-02 14:15:00,344.9,345.35,342.2,345.2,85951
2024-09-02 15:15:00,345.3,346.0,343.0,346.0,42235
2024-09-03 09:15:00,346.65,352.45,345.9,350.85,134366
2024-09-03 10:15:00,351.2,351.4,342.5,344.0,78989
2024-09-03 11:15:00,343.95,345.6,343.4,344.9,26665
2024-09-03 12:15:00,344.9,345.5,344.25,345.1,23457
2024-09-03 13:15:00,345.1,350.7,343.0,349.75,213396
2024-09-03 14:15:00,349.5,351.4,344.1,345.0,102735
2024-09-03 15:15:00,344.55,345.95,344.2,345.0,39625
2024-09-04 09:15:00,343.8,356.5,341.3,356.2,356055
2024-09-04 10:15:00,356.0,358.45,352.05,353.65,188213
2024-09-04 11:15:00,353.4,355.95,352.95,353.4,53201
2024-09-04 12:15:00,353.9,353.95,350.0,350.6,54917
2024-09-04 13:15:00,350.2,353.0,350.05,352.0,43233
2024-09-04 14:15:00,352.0,355.9,347.6,355.2,180223
2024-09-04 15:15:00,355.6,356.55,352.55,354.95,62797
2024-09-05 09:15:00,355.65,363.8,354.0,361.3,219417
2024-09-05 10:15:00,361.0,362.0,359.05,359.65,63639
2024-09-05 11:15:00,359.65,362.35,356.75,356.85,111118
2024-09-05 12:15:00,356.85,357.35,355.0,355.05,97082
2024-09-05 13:15:00,355.05,355.95,354.9,355.0,66603
2024-09-05 14:15:00,355.0,361.5,353.15,357.45,142546
2024-09-05 15:15:00,357.45,359.05,356.25,356.85,35910
2024-09-06 09:15:00,358.2,359.9,348.85,349.5,113731
2024-09-06 10:15:00,349.5,351.0,348.0,348.5,60094
2024-09-06 11:15:00,348.5,352.5,347.1,352.1,57996
2024-09-06 12:15:00,352.1,353.8,350.0,353.5,69313
2024-09-06 13:15:00,353.05,357.4,352.0,357.4,82093
2024-09-06 14:15:00,356.9,359.9,355.3,356.8,111871
2024-09-06 15:15:00,356.6,358.3,354.0,354.6,48712
2024-09-09 09:15:00,356.9,364.0,348.85,359.2,291965
2024-09-09 10:15:00,359.3,361.6,356.55,359.6,78428
2024-09-09 11:15:00,359.25,359.5,353.6,354.0,51069
2024-09-09 12:15:00,353.8,355.6,353.0,354.5,22508
2024-09-09 13:15:00,354.5,357.3,351.55,352.65,74984
2024-09-09 14:15:00,352.55,355.9,350.2,353.8,92950
2024-09-09 15:15:00,353.85,355.35,352.85,354.55,41680
2024-09-10 09:15:00,354.05,358.35,353.0,355.55,74495
2024-09-10 10:15:00,355.55,357.65,354.6,356.65,31032
2024-09-10 11:15:00,356.15,356.8,355.05,356.0,11050
2024-09-10 12:15:00,356.05,360.8,355.55,357.75,103825
2024-09-10 13:15:00,357.75,363.0,357.45,361.55,111666
2024-09-10 14:15:00,361.55,369.95,361.55,368.45,298808
2024-09-10 15:15:00,368.85,369.95,366.4,368.95,81675
2024-09-11 09:15:00,370.0,376.95,366.05,368.45,275617
2024-09-11 10:15:00,368.05,372.0,367.85,370.0,64750
2024-09-11 11:15:00,370.0,371.65,368.5,370.45,42791
2024-09-11 12:15:00,370.15,370.45,363.25,365.75,53281
2024-09-11 13:15:00,365.6,367.95,364.85,366.0,39920
2024-09-11 14:15:00,366.0,370.25,365.05,367.0,80255
2024-09-11 15:15:00,367.05,371.6,366.75,370.0,45127
2024-09-12 09:15:00,371.65,378.2,370.1,372.45,121490
2024-09-12 10:15:00,372.45,373.9,369.5,371.0,110576
2024-09-12 11:15:00,371.25,372.95,370.0,372.95,52525
2024-09-12 12:15:00,372.95,375.75,372.0,374.95,93937
2024-09-12 13:15:00,374.95,375.2,369.3,370.45,61069
2024-09-12 14:15:00,369.9,378.2,369.0,377.8,150175
2024-09-12 15:15:00,377.75,377.75,375.0,375.8,34427
2024-09-13 09:15:00,378.15,390.9,375.8,384.5,355466
2024-09-13 10:15:00,384.5,386.3,382.45,384.45,41012
2024-09-13 11:15:00,384.15,388.0,383.3,386.8,53047
2024-09-13 12:15:00,386.8,392.95,386.65,389.55,106593
2024-09-13 13:15:00,389.65,389.65,382.1,382.25,120416
2024-09-13 14:15:00,382.25,384.75,379.8,382.25,126546
2024-09-13 15:15:00,382.3,384.2,381.0,382.95,53202
2024-09-16 09:15:00,384.7,390.0,384.65,387.35,75598
2024-09-16 10:15:00,387.1,391.45,384.1,384.7,63268
2024-09-16 11:15:00,384.45,386.95,384.45,386.05,19982
2024-09-16 12:15:00,386.55,388.8,385.1,386.8,46706
2024-09-16 13:15:00,387.3,389.85,386.4,388.85,31544
2024-09-16 14:15:00,388.45,393.9,386.5,393.7,67727
2024-09-16 15:15:00,393.7,394.0,389.7,390.25,43531
2024-09-17 09:15:00,393.5,395.0,385.1,386.3,131871
2024-09-17 10:15:00,386.0,404.95,385.85,400.95,286643
2024-09-17 11:15:00,401.6,409.9,401.0,402.45,282694
2024-09-17 12:15:00,402.1,405.0,400.0,400.7,225617
2024-09-17 13:15:00,400.95,402.5,397.05,400.4,72948
2024-09-17 14:15:00,400.4,403.4,400.0,402.85,64152
2024-09-17 15:15:00,402.85,410.0,401.9,410.0,123336
2024-09-18 09:15:00,413.4,418.1,408.0,414.45,229181
2024-09-18 10:15:00,414.45,416.0,410.5,415.45,99002
2024-09-18 11:15:00,415.45,421.9,414.15,418.45,199778
2024-09-18 12:15:00,418.8,422.0,416.4,417.95,108129
2024-09-18 13:15:00,417.85,420.45,417.0,418.0,96754
2024-09-18 14:15:00,418.05,424.85,417.5,424.5,148854
2024-09-18 15:15:00,424.45,426.5,420.0,421.35,93725
2024-09-19 09:15:00,426.8,427.7,413.6,415.05,227422
2024-09-19 10:15:00,414.6,419.0,412.2,412.8,99986
2024-09-19 11:15:00,412.55,412.7,398.95,407.1,216139
2024-09-19 12:15:00,407.0,414.0,404.8,410.7,116384
2024-09-19 13:15:00,410.75,413.0,410.0,410.1,34149
2024-09-19 14:15:00,410.1,414.65,409.05,413.0,133033
2024-09-19 15:15:00,413.3,415.6,412.8,415.4,69734
2024-09-20 09:15:00,415.8,420.55,410.5,416.75,191372
2024-09-20 10:15:00,416.8,421.9,415.15,418.85,91129
2024-09-20 11:15:00,419.35,421.5,416.4,419.6,27588
2024-09-20 12:15:00,419.05,419.55,414.6,416.35,22221
2024-09-20 13:15:00,416.05,419.0,414.0,418.9,45675
2024-09-20 14:15:00,418.45,420.95,416.5,418.0,78490
2024-09-20 15:15:00,418.0,419.95,415.55,416.6,44299
2024-09-23 09:15:00,418.4,436.6,418.05,427.2,275865
2024-09-23 10:15:00,427.0,432.1,424.35,430.25,67451
2024-09-23 11:15:00,430.6,434.0,428.35,432.75,94679
2024-09-23 12:15:00,432.75,434.5,431.25,432.3,155658
2024-09-23 13:15:00,432.05,433.8,432.0,432.3,28933
2024-09-23 14:15:00,432.3,434.6,431.25,431.7,90835
2024-09-23 15:15:00,431.6,433.9,430.65,433.5,51144
2024-09-24 09:15:00,432.7,439.2,429.0,434.6,158304
2024-09-24 10:15:00,434.7,439.5,434.05,437.55,67965
2024-09-24 11:15:00,437.95,439.5,433.0,437.35,89956
2024-09-24 12:15:00,438.0,446.95,436.9,445.0,244022
2024-09-24 13:15:00,445.0,446.8,443.0,445.55,72770
2024-09-24 14:15:00,446.1,446.65,441.65,442.35,81130
2024-09-24 15:15:00,442.45,444.0,440.8,442.2,34168
2024-09-25 09:15:00,452.85,466.65,451.25,454.8,497047
2024-09-25 10:15:00,454.75,459.6,453.2,459.45,103819
2024-09-25 11:15:00,459.5,464.05,456.0,460.85,213460
2024-09-25 12:15:00,460.45,466.65,460.2,465.5,149345
2024-09-25 13:15:00,465.6,466.6,457.0,458.0,194007
2024-09-25 14:15:00,458.05,459.7,452.6,455.05,179243
2024-09-25 15:15:00,455.0,455.55,450.1,454.5,88953
2024-09-26 09:15:00,458.0,460.15,445.15,450.1,182156
2024-09-26 10:15:00,450.05,451.8,445.95,447.2,53537
2024-09-26 11:15:00,446.95,446.95,437.1,440.15,125566
2024-09-26 12:15:00,440.4,440.85,434.0,434.8,73487
2024-09-26 13:15:00,435.15,438.3,433.15,433.35,55710
2024-09-26 14:15:00,433.35,441.0,430.3,438.95,165084
2024-09-26 15:15:00,438.95,441.95,435.15,439.4,119334
2024-09-27 09:15:00,439.2,446.85,433.55,434.7,180134
2024-09-27 10:15:00,435.1,442.05,434.0,439.5,51762
2024-09-27 11:15:00,439.5,441.95,438.9,440.5,35450
2024-09-27 12:15:00,440.5,440.85,438.75,439.0,38877
2024-09-27 13:15:00,439.0,440.2,437.6,438.65,69929
2024-09-27 14:15:00,438.9,439.6,438.8,439.0,55539
2024-09-27 15:15:00,439.0,440.1,438.05,439.45,42961
2024-09-30 09:15:00,443.0,455.0,442.1,448.75,280714
2024-09-30 10:15:00,448.4,452.4,447.35,450.15,113377
2024-09-30 11:15:00,450.25,450.25,448.0,448.75,50949
2024-09-30 12:15:00,448.3,448.8,445.2,446.85,47812
2024-09-30 13:15:00,446.9,447.05,442.55,442.9,56911
2024-09-30 14:15:00,442.75,447.4,441.85,443.9,61666
2024-09-30 15:15:00,443.25,444.9,441.05,442.5,35417
2024-10-01 09:15:00,444.0,450.0,433.2,436.15,185936
2024-10-01 10:15:00,436.6,454.8,435.0,447.55,210617
2024-10-01 11:15:00,447.9,455.9,446.0,453.0,136273
2024-10-01 12:15:00,453.05,454.75,450.15,451.1,44453
2024-10-01 13:15:00,450.95,456.5,450.05,450.05,88020
2024-10-01 14:15:00,450.2,452.7,447.9,450.3,77352
2024-10-01 15:15:00,450.3,452.95,449.55,452.85,38920
2024-10-03 09:15:00,450.0,478.8,440.55,467.0,783964
2024-10-03 10:15:00,467.0,473.9,466.85,472.6,222061
2024-10-03 11:15:00,472.95,473.0,467.0,468.15,74799
2024-10-03 12:15:00,468.1,489.9,467.15,480.3,622283
2024-10-03 13:15:00,480.0,486.7,472.95,483.0,556119
2024-10-03 14:15:00,483.4,496.0,482.55,493.9,1593346
2024-10-03 15:15:00,493.35,494.8,489.0,490.8,291263
2024-10-04 09:15:00,494.5,497.95,480.1,493.55,658727
2024-10-04 10:15:00,493.95,499.25,486.2,493.0,239028
2024-10-04 11:15:00,493.0,495.95,491.05,492.95,86025
2024-10-04 12:15:00,492.45,494.5,486.0,488.9,123071
2024-10-04 13:15:00,488.6,490.95,475.7,475.7,206220
2024-10-04 14:15:00,475.6,485.0,474.9,479.5,339104
2024-10-04 15:15:00,479.9,481.85,475.85,478.5,102044
2024-10-07 09:15:00,482.7,483.9,450.35,453.15,386667
2024-10-07 10:15:00,453.5,454.4,445.5,452.75,250602
2024-10-07 11:15:00,452.8,458.65,452.7,458.15,125036
2024-10-07 12:15:00,458.15,463.95,454.9,462.55,131762
2024-10-07 13:15:00,462.4,464.3,457.25,462.4,154911
2024-10-07 14:15:00,462.45,465.1,456.8,458.0,210029
2024-10-07 15:15:00,457.85,458.4,454.1,455.8,66485
2024-10-08 09:15:00,456.95,458.85,443.95,453.15,243181
2024-10-08 10:15:00,452.75,467.95,452.0,465.8,155442
2024-10-08 11:15:00,466.2,467.6,458.05,461.7,122310
2024-10-08 12:15:00,461.65,473.0,461.5,472.55,106135
2024-10-08 13:15:00,472.45,477.0,470.0,476.0,124579
2024-10-08 14:15:00,476.2,480.9,470.55,480.35,187268
2024-10-08 15:15:00,480.0,485.8,478.5,484.8,87193
2024-10-09 09:15:00,484.9,518.3,481.9,505.35,707245
2024-10-09 10:15:00,505.0,507.5,500.25,503.7,183697
2024-10-09 11:15:00,503.7,504.45,491.7,493.0,139222
2024-10-09 12:15:00,492.7,497.85,489.0,496.5,113121
2024-10-09 13:15:00,496.25,502.8,492.85,499.55,265683
2024-10-09 14:15:00,499.25,500.35,488.05,494.25,250263
2024-10-09 15:15:00,493.6,502.0,493.0,501.95,280897
2024-10-10 09:15:00,502.95,508.0,498.05,501.0,266878
2024-10-10 10:15:00,500.9,504.1,495.1,495.75,87974
2024-10-10 11:15:00,495.85,500.5,493.1,496.9,66335
2024-10-10 12:15:00,496.45,503.0,493.5,497.3,75952
2024-10-10 13:15:00,497.3,502.15,495.05,498.0,166320
2024-10-10 14:15:00,497.5,500.95,496.05,499.15,67697
2024-10-10 15:15:00,499.15,500.0,494.15,497.7,57749
2024-10-11 09:15:00,497.25,498.8,487.3,494.55,142098
2024-10-11 10:15:00,495.0,495.3,492.4,493.8,28414
2024-10-11 11:15:00,493.5,502.55,492.0,496.9,134607
2024-10-11 12:15:00,497.4,501.5,496.2,498.95,27947
2024-10-11 13:15:00,498.4,501.85,495.75,498.0,71824
2024-10-11 14:15:00,498.0,505.0,498.0,499.5,79946
2024-10-11 15:15:00,499.5,501.0,496.55,496.55,40376
2024-10-14 09:15:00,499.0,509.9,496.6,504.55,165219
2024-10-14 10:15:00,504.65,507.95,501.1,504.8,62196
2024-10-14 11:15:00,504.55,513.0,504.55,511.75,120872
2024-10-14 12:15:00,511.2,512.0,509.45,510.9,46439
2024-10-14 13:15:00,511.05,511.65,508.4,510.5,41683
2024-10-14 14:15:00,510.95,514.5,508.4,513.5,74421
2024-10-14 15:15:00,513.85,514.9,511.0,512.0,64600
2024-10-15 09:15:00,517.4,525.0,512.05,514.45,194740
2024-10-15 10:15:00,513.65,516.4,508.1,508.1,53647
2024-10-15 11:15:00,508.4,510.9,506.8,508.3,55014
2024-10-15 12:15:00,508.85,509.55,504.9,507.05,33001
2024-10-15 13:15:00,507.05,511.15,505.5,510.7,49090
2024-10-15 14:15:00,510.15,516.65,509.2,514.1,67232
2024-10-15 15:15:00,513.8,514.5,507.1,510.0,48372
2024-10-16 09:15:00,511.0,511.0,503.85,507.0,86033
2024-10-16 10:15:00,507.0,509.0,504.35,505.35,23715
2024-10-16 11:15:00,505.0,505.7,500.35,504.95,40549
2024-10-16 12:15:00,504.6,507.0,502.65,506.15,29924
2024-10-16 13:15:00,506.2,508.25,505.8,507.7,21466
2024-10-16 14:15:00,507.7,508.5,502.0,507.5,93598
2024-10-16 15:15:00,507.5,508.65,506.5,506.5,25922
2024-10-17 09:15:00,508.4,510.3,501.1,501.75,65552
2024-10-17 10:15:00,501.85,502.65,498.0,500.05,36191
2024-10-17 11:15:00,500.45,500.65,496.0,496.75,30044
2024-10-17 12:15:00,496.9,500.25,495.85,497.05,24761
2024-10-17 13:15:00,497.9,498.25,491.1,492.0,39044
2024-10-17 14:15:00,491.85,501.2,491.85,500.1,88041
2024-10-17 15:15:00,500.1,502.25,497.0,502.0,62857
2024-10-18 09:15:00,495.4,496.6,484.1,495.55,94601
2024-10-18 10:15:00,495.55,499.95,494.65,498.05,33870
2024-10-18 11:15:00,498.55,506.95,497.85,505.65,63876
2024-10-18 12:15:00,505.0,506.4,504.45,505.5,28070
2024-10-18 13:15:00,505.5,508.75,504.85,505.6,39014
2024-10-18 14:15:00,505.55,509.2,505.2,505.3,41407
2024-10-18 15:15:00,505.25,509.0,504.2,506.0,35597
2024-10-21 09:15:00,511.15,513.75,495.1,499.65,109453
2024-10-21 10:15:00,499.7,500.65,495.1,495.6,29802
2024-10-21 11:15:00,495.55,495.95,491.7,492.45,26645
2024-10-21 12:15:00,492.4,494.0,491.1,492.85,23989
2024-10-21 13:15:00,492.95,497.35,492.4,493.75,20813
2024-10-21 14:15:00,493.1,495.05,491.4,492.0,43324
2024-10-21 15:15:00,491.55,491.95,485.1,488.0,43696
2024-10-22 09:15:00,484.4,488.4,468.0,469.45,144531
2024-10-22 10:15:00,469.95,472.4,464.5,468.55,88731
2024-10-22 11:15:00,467.95,474.3,464.8,472.2,91381
2024-10-22 12:15:00,472.05,473.5,465.6,468.65,81050
2024-10-22 13:15:00,468.45,471.95,466.1,468.1,46149
2024-10-22 14:15:00,467.9,469.7,461.0,461.7,65748
2024-10-22 15:15:00,461.7,464.2,460.55,463.7,48355
2024-10-23 09:15:00,460.0,473.45,452.15,470.75,126913
2024-10-23 10:15:00,470.75,473.7,466.6,470.9,47945
2024-10-23 11:15:00,470.9,470.9,465.0,465.0,45453
2024-10-23 12:15:00,465.45,468.2,463.65,467.0,123630
2024-10-23 13:15:00,467.0,473.4,465.0,469.2,33646
2024-10-23 14:15:00,469.5,472.15,464.9,470.2,50569
2024-10-23 15:15:00,470.2,476.0,470.05,474.4,70327
2024-10-24 09:15:00,473.95,478.2,465.1,473.8,73500
2024-10-24 10:15:00,473.8,474.85,468.25,468.9,27724
2024-10-24 11:15:00,468.35,470.75,467.0,467.8,22965
2024-10-24 12:15:00,468.3,469.75,466.1,467.55,12471
2024-10-24 13:15:00,467.55,469.9,461.6,464.05,40769
2024-10-24 14:15:00,464.0,464.65,460.05,460.95,47763
2024-10-24 15:15:00,461.0,462.0,459.05,461.25,33076
2024-10-25 09:15:00,461.25,463.4,445.35,449.95,127599
2024-10-25 10:15:00,449.2,455.0,448.35,452.25,103851
2024-10-25 11:15:00,452.25,458.9,451.1,456.6,56383
2024-10-25 12:15:00,456.35,459.1,454.35,458.6,47337
2024-10-25 13:15:00,458.6,461.95,456.4,456.9,85579
2024-10-25 14:15:00,456.85,465.6,451.0,462.05,120581
2024-10-25 15:15:00,462.05,463.0,460.0,461.5,37124
2024-10-28 09:15:00,460.0,461.75,448.8,456.9,168549
2024-10-28 10:15:00,456.85,468.75,456.85,467.95,47117
2024-10-28 11:15:00,467.95,468.4,465.3,466.85,19217
2024-10-28 12:15:00,466.4,467.55,465.3,467.3,18544
2024-10-28 13:15:00,467.4,467.8,465.6,466.0,23376
2024-10-28 14:15:00,466.0,468.0,462.35,462.75,38795
2024-10-28 15:15:00,462.75,467.75,462.75,465.9,22871
2024-10-29 09:15:00,467.25,472.8,463.55,466.0,57838
2024-10-29 10:15:00,465.75,468.0,462.05,466.5,32398
2024-10-29 11:15:00,465.95,474.2,465.95,473.8,27025
2024-10-29 12:15:00,474.05,486.45,471.85,472.0,125097
2024-10-29 13:15:00,472.0,474.5,470.1,473.05,33074
2024-10-29 14:15:00,473.0,477.1,472.35,476.35,49659
2024-10-29 15:15:00,476.4,479.05,474.1,479.0,90562
2024-10-30 09:15:00,480.65,482.0,463.3,464.3,147909
2024-10-30 10:15:00,464.8,465.0,447.75,454.0,320901
2024-10-30 11:15:00,454.7,454.8,446.6,447.6,111947
2024-10-30 12:15:00,447.9,448.1,436.0,436.7,193275
2024-10-30 13:15:00,437.0,440.9,429.05,436.55,288188
2024-10-30 14:15:00,436.15,440.4,412.15,440.0,845727
2024-10-30 15:15:00,440.05,440.3,435.0,436.0,175311
2024-10-31 09:15:00,437.4,455.85,432.2,446.25,357361
2024-10-31 10:15:00,446.05,450.0,445.75,445.75,125478
2024-10-31 11:15:00,445.75,454.9,439.2,452.55,184643
2024-10-31 12:15:00,452.95,454.75,446.0,447.35,83134
2024-10-31 13:15:00,447.25,447.45,442.55,443.7,98929
2024-10-31 14:15:00,443.7,455.6,441.55,455.0,220077
2024-10-31 15:15:00,455.2,456.0,451.1,451.1,137554
2024-11-01 18:00:00,457.9,463.0,451.3,452.95,80142
2024-11-04 09:15:00,451.0,451.0,434.0,435.35,184424
2024-11-04 10:15:00,434.85,438.6,433.5,436.1,77103
2024-11-04 11:15:00,436.1,441.8,435.5,438.0,42173
2024-11-04 12:15:00,438.5,438.75,435.45,437.65,20717
2024-11-04 13:15:00,437.7,438.7,436.05,438.65,12936
2024-11-04 14:15:00,438.6,439.0,434.4,434.55,46515
2024-11-04 15:15:00,435.05,435.15,429.0,433.5,84063
2024-11-05 09:15:00,430.0,443.0,428.6,442.35,146992
2024-11-05 10:15:00,442.3,442.3,439.5,441.25,43198
2024-11-05 11:15:00,440.6,445.55,440.6,444.2,50242
2024-11-05 12:15:00,444.55,445.25,443.4,444.35,25642
2024-11-05 13:15:00,444.6,446.9,444.0,446.2,25387
2024-11-05 14:15:00,446.15,447.65,444.3,445.3,31009
2024-11-05 15:15:00,445.3,447.0,442.1,447.0,46723
2024-11-06 09:15:00,447.85,454.3,444.7,453.7,82365
2024-11-06 10:15:00,453.5,453.85,448.75,452.75,27826
2024-11-06 11:15:00,452.05,453.9,450.4,453.0,20072
2024-11-06 12:15:00,452.9,458.25,452.9,457.65,50646
2024-11-06 13:15:00,457.85,461.65,450.4,452.35,130871
2024-11-06 14:15:00,451.9,454.5,446.15,450.0,110546
2024-11-06 15:15:00,449.95,455.0,448.1,452.8,77766
2024-11-07 09:15:00,451.0,457.9,450.75,452.75,95362
2024-11-07 10:15:00,452.9,454.45,446.6,453.6,67826
2024-11-07 11:15:00,453.7,457.3,453.05,455.9,37442
2024-11-07 12:15:00,455.25,461.9,454.65,460.4,69939
2024-11-07 13:15:00,460.4,464.0,459.95,462.55,76196
2024-11-07 14:15:00,462.9,471.7,462.5,471.15,182873
2024-11-07 15:15:00,471.15,471.8,465.1,466.45,59139
2024-11-08 09:15:00,470.4,472.35,460.0,463.85,151925
2024-11-08 10:15:00,464.35,469.8,460.45,460.8,124967
2024-11-08 11:15:00,460.6,461.5,458.0,460.65,39093
2024-11-08 12:15:00,460.65,469.1,460.5,467.45,58635
2024-11-08 13:15:00,467.85,468.0,463.0,463.7,38300
2024-11-08 14:15:00,463.15,466.0,462.35,463.2,51101
2024-11-08 15:15:00,463.05,464.35,460.1,463.95,66917
2024-11-11 09:15:00,458.2,469.4,455.3,466.3,106196
2024-11-11 10:15:00,466.8,469.4,464.6,465.8,43977
2024-11-11 11:15:00,465.5,466.85,460.8,462.9,28780
2024-11-11 12:15:00,463.55,464.4,461.4,462.7,13631
2024-11-11 13:15:00,463.35,463.4,460.85,461.05,14309
2024-11-11 14:15:00,460.55,464.35,458.6,460.4,40124
2024-11-11 15:15:00,459.95,462.65,457.0,461.55,27943
2024-11-12 09:15:00,461.6,465.0,457.3,461.7,63941
2024-11-12 10:15:00,461.65,464.15,459.15,459.8,19847
2024-11-12 11:15:00,459.7,460.4,457.5,458.85,10211
2024-11-12 12:15:00,458.85,459.2,453.85,454.4,17540
2024-11-12 13:15:00,453.85,454.0,447.85,451.9,64728
2024-11-12 14:15:00,451.75,452.6,445.25,446.55,33542
2024-11-12 15:15:00,446.35,448.0,444.3,448.0,30637
2024-11-13 09:15:00,447.0,448.55,427.9,429.75,129598
2024-11-13 10:15:00,429.4,442.2,429.3,438.55,88355
2024-11-13 11:15:00,439.45,439.45,433.7,434.8,12273
2024-11-13 12:15:00,434.3,437.0,432.0,434.3,16429
2024-11-13 13:15:00,433.75,437.1,430.2,432.35,32825
2024-11-13 14:15:00,432.35,432.35,421.75,423.0,112601
2024-11-13 15:15:00,422.95,432.0,422.1,429.8,60716
2024-11-14 09:15:00,425.25,440.3,425.0,437.3,110218
2024-11-14 10:15:00,437.3,437.65,432.5,433.25,36179
2024-11-14 11:15:00,433.0,435.1,431.1,434.65,16464
2024-11-14 12:15:00,434.4,434.5,430.0,433.6,20672
2024-11-14 13:15:00,433.3,434.45,425.85,426.2,22346
2024-11-14 14:15:00,426.6,430.95,425.25,429.5,46175
2024-11-14 15:15:00,429.45,429.7,425.15,429.35,29388
2024-11-18 09:15:00,430.5,435.65,420.0,427.55,112420
2024-11-18 10:15:00,427.5,428.4,420.8,422.9,48553
2024-11-18 11:15:00,422.9,429.0,422.8,426.8,19323
2024-11-18 12:15:00,427.0,431.0,425.6,426.55,32129
2024-11-18 13:15:00,427.05,429.65,425.8,427.95,29710
2024-11-18 14:15:00,428.0,428.0,421.15,422.9,53869
2024-11-18 15:15:00,422.9,424.95,417.45,420.6,51753
2024-11-19 09:15:00,428.4,428.4,422.75,425.5,49829
2024-11-19 10:15:00,425.2,425.9,419.3,420.1,30562
2024-11-19 11:15:00,420.3,420.75,415.15,415.75,41323
2024-11-19 12:15:00,416.2,417.0,412.5,413.25,48174
2024-11-19 13:15:00,413.25,418.05,413.0,413.75,32874
2024-11-19 14:15:00,413.95,416.8,409.7,410.15,78088
2024-11-19 15:15:00,409.85,410.6,407.15,408.4,52386
2024-11-21 09:15:00,409.9,424.0,403.0,418.0,310019
2024-11-21 10:15:00,417.8,422.05,414.25,420.6,47425
2024-11-21 11:15:00,420.6,422.0,418.45,420.55,19058
2024-11-21 12:15:00,420.55,421.85,417.9,420.6,19108
2024-11-21 13:15:00,420.8,423.0,418.05,419.15,25487
2024-11-21 14:15:00,419.2,420.9,415.1,417.45,40973
2024-11-21 15:15:00,417.35,419.0,415.25,418.7,30026
2024-11-22 09:15:00,415.15,418.9,409.15,418.2,47825
2024-11-22 10:15:00,417.95,419.5,414.45,418.35,35337
2024-11-22 11:15:00,418.7,420.95,417.65,420.6,19697
2024-11-22 12:15:00,420.6,421.9,419.1,420.35,19556
2024-11-22 13:15:00,420.35,421.0,417.05,418.4,17192
2024-11-22 14:15:00,418.65,419.15,412.3,413.45,41395
2024-11-22 15:15:00,413.9,415.25,410.65,415.0,33969
2024-11-25 09:15:00,425.0,443.85,425.0,430.65,291594
2024-11-25 10:15:00,430.85,438.8,430.85,436.2,37387
2024-11-25 11:15:00,436.45,445.0,435.95,443.45,115608
2024-11-25 12:15:00,443.0,443.75,438.0,439.3,36632
2024-11-25 13:15:00,438.75,441.85,437.6,438.0,25845
2024-11-25 14:15:00,438.1,440.95,438.0,438.7,29100
2024-11-25 15:15:00,438.55,441.7,436.65,438.0,47026
2024-11-26 09:15:00,445.4,450.6,435.65,437.6,121853
2024-11-26 10:15:00,437.55,445.45,436.55,440.0,56775
2024-11-26 11:15:00,439.5,439.6,436.6,436.65,27562
2024-11-26 12:15:00,436.65,437.35,435.4,436.85,8262
2024-11-26 13:15:00,436.9,436.9,432.6,433.25,21435
2024-11-26 14:15:00,433.1,435.9,430.25,432.8,68932
2024-11-26 15:15:00,432.45,432.85,430.1,430.6,28878
2024-11-27 09:15:00,430.85,431.7,426.05,430.95,29510
2024-11-27 10:15:00,430.85,431.45,428.4,429.9,11381
2024-11-27 11:15:00,429.9,431.1,426.15,427.7,33638
2024-11-27 12:15:00,427.7,431.45,427.0,430.3,12441
2024-11-27 13:15:00,430.3,432.15,428.7,429.55,12787
2024-11-27 14:15:00,429.5,433.45,427.05,432.4,36920
2024-11-27 15:15:00,432.5,439.0,432.1,435.2,15750
2024-11-28 09:15:00,439.1,447.95,435.6,441.85,104823
2024-11-28 10:15:00,441.85,442.4,435.35,440.3,31888
2024-11-28 11:15:00,440.75,441.45,432.4,435.75,85467
2024-11-28 12:15:00,435.75,436.1,433.85,434.0,11456
2024-11-28 13:15:00,434.25,435.55,431.05,433.9,14540
2024-11-28 14:15:00,433.6,434.95,431.25,432.35,31388
2024-11-28 15:15:00,432.35,433.95,431.15,433.7,34454
2024-11-29 09:15:00,433.75,434.85,426.0,426.0,54705
2024-11-29 10:15:00,426.65,430.5,424.2,428.6,41035
2024-11-29 11:15:00,428.5,437.7,427.55,436.6,38984
2024-11-29 12:15:00,436.5,443.8,434.3,443.65,76959
2024-11-29 13:15:00,443.85,452.8,440.4,451.3,129496
2024-11-29 14:15:00,451.3,454.85,449.6,452.0,133417
2024-11-29 15:15:00,452.2,452.5,441.7,446.0,145020
2024-12-02 09:15:00,445.75,445.85,438.95,443.55,41679
2024-12-02 10:15:00,443.95,444.7,440.85,441.1,12382
2024-12-02 11:15:00,441.6,442.0,439.0,439.7,15605
2024-12-02 12:15:00,439.6,442.4,439.6,441.1,10156
2024-12-02 13:15:00,440.7,449.4,440.05,446.85,38445
2024-12-02 14:15:00,446.65,460.0,444.1,459.0,165712
2024-12-02 15:15:00,459.0,459.0,454.5,459.0,26746
2024-12-03 09:15:00,459.0,472.5,457.35,472.45,159605
2024-12-03 10:15:00,472.45,475.25,468.5,470.7,80880
2024-12-03 11:15:00,470.35,470.8,462.3,463.05,43312
2024-12-03 12:15:00,463.05,463.9,461.35,462.85,20114
2024-12-03 13:15:00,462.85,464.45,462.0,463.7,18637
2024-12-03 14:15:00,463.65,463.7,460.55,462.6,40346
2024-12-03 15:15:00,462.2,466.2,460.05,463.0,43288
2024-12-04 09:15:00,464.8,464.85,457.65,461.9,75757
2024-12-04 10:15:00,461.55,478.75,460.0,475.35,156558
2024-12-04 11:15:00,475.4,485.45,467.85,483.6,148922
2024-12-04 12:15:00,483.1,492.45,478.1,480.0,262037
2024-12-04 13:15:00,480.0,482.45,477.7,479.95,83729
2024-12-04 14:15:00,479.7,481.55,478.5,480.0,108713
2024-12-04 15:15:00,480.0,483.7,479.0,480.5,33462
2024-12-05 09:15:00,482.8,488.9,480.2,486.7,155258
2024-12-05 10:15:00,486.25,489.8,479.15,479.95,57177
2024-12-05 11:15:00,479.85,483.5,479.0,481.75,38486
2024-12-05 12:15:00,482.0,483.05,479.5,481.65,21818
2024-12-05 13:15:00,481.65,482.4,479.1,479.65,32294
2024-12-05 14:15:00,479.35,481.65,477.0,478.8,54797
2024-12-05 15:15:00,479.5,480.45,473.1,478.7,62501
2024-12-06 09:15:00,476.3,488.65,471.6,485.8,149752
2024-12-06 10:15:00,485.35,494.0,481.5,483.3,243587
2024-12-06 11:15:00,483.3,484.0,477.0,477.95,66311
2024-12-06 12:15:00,478.35,478.95,476.25,476.7,26635
2024-12-06 13:15:00,476.65,477.45,473.1,474.05,59568
2024-12-06 14:15:00,474.05,476.5,472.3,472.3,72119
2024-12-06 15:15:00,472.5,473.05,469.1,471.5,59577
2024-12-09 09:15:00,471.7,488.7,469.7,484.0,181514
2024-12-09 10:15:00,484.2,488.7,483.35,485.0,62875
2024-12-09 11:15:00,484.55,485.35,482.0,482.45,39790
2024-12-09 12:15:00,482.35,483.2,481.35,482.9,22345
2024-12-09 13:15:00,482.9,483.25,477.85,478.45,46730
2024-12-09 14:15:00,478.1,479.95,476.8,479.65,81327
2024-12-09 15:15:00,479.3,487.45,477.05,486.0,67407
2024-12-10 09:15:00,482.65,500.95,478.8,489.9,281178
2024-12-10 10:15:00,489.5,495.95,486.75,491.0,157958
2024-12-10 11:15:00,491.3,492.0,487.65,488.5,28434
2024-12-10 12:15:00,488.5,489.55,485.1,487.55,31115
2024-12-10 13:15:00,487.15,488.05,485.05,486.45,15617
2024-12-10 14:15:00,486.4,489.7,483.25,487.4,64945
2024-12-10 15:15:00,487.15,489.9,485.05,488.05,41291
2024-12-11 09:15:00,488.85,495.45,485.65,491.95,94482
2024-12-11 10:15:00,491.95,498.45,486.0,487.1,149623
2024-12-11 11:15:00,487.1,497.0,486.75,490.8,184552
2024-12-11 12:15:00,490.75,491.4,487.2,487.85,34060
2024-12-11 13:15:00,487.85,488.5,485.95,487.45,145510
2024-12-11 14:15:00,487.45,496.7,486.9,493.95,233571
2024-12-11 15:15:00,494.0,494.75,492.0,492.9,63809
2024-12-12 09:15:00,494.9,497.6,482.2,482.85,99603
2024-12-12 10:15:00,482.8,487.5,482.8,483.85,37269
2024-12-12 11:15:00,483.75,484.25,478.35,479.5,56772
2024-12-12 12:15:00,479.5,484.5,479.25,482.3,26328
2024-12-12 13:15:00,482.4,483.75,481.4,483.35,34341
2024-12-12 14:15:00,483.35,484.4,478.4,478.5,77083
2024-12-12 15:15:00,478.5,479.75,477.0,479.2,59360
2024-12-13 09:15:00,478.0,483.15,470.85,472.0,78750
2024-12-13 10:15:00,472.0,474.05,467.3,473.3,31496
2024-12-13 11:15:00,473.45,476.6,471.5,475.6,25528
2024-12-13 12:15:00,475.6,475.65,472.3,473.7,7259
2024-12-13 13:15:00,473.95,476.9,471.05,476.6,41537
2024-12-13 14:15:00,476.25,481.2,472.5,478.35,89629
2024-12-13 15:15:00,478.35,478.7,475.15,477.0,26884
2024-12-16 09:15:00,482.65,482.8,474.15,474.7,78608
2024-12-16 10:15:00,474.9,478.55,472.7,475.9,21209
2024-12-16 11:15:00,475.75,477.5,474.4,474.8,16906
2024-12-16 12:15:00,474.8,475.65,473.65,474.3,16742
2024-12-16 13:15:00,474.05,480.0,474.05,478.6,54655
2024-12-16 14:15:00,478.65,485.0,478.65,481.45,78735
2024-12-16 15:15:00,481.45,483.6,481.1,483.45,36969
2024-12-17 09:15:00,485.0,485.0,478.6,481.65,32751
2024-12-17 10:15:00,481.25,485.35,479.2,481.9,32019
2024-12-17 11:15:00,482.45,483.0,480.05,482.75,17018
2024-12-17 12:15:00,482.75,483.75,480.1,480.55,15517
2024-12-17 13:15:00,480.8,481.55,478.0,481.1,18352
2024-12-17 14:15:00,481.1,481.65,476.95,477.5,39456
2024-12-17 15:15:00,477.9,478.65,474.55,476.0,22539
2024-12-18 09:15:00,475.95,483.4,468.0,475.5,83459
2024-12-18 10:15:00,476.1,477.95,475.0,476.15,19571
2024-12-18 11:15:00,476.25,477.95,474.1,474.75,11884
2024-12-18 12:15:00,474.65,476.8,471.6,474.85,22276
2024-12-18 13:15:00,475.0,478.05,473.3,476.85,31361
2024-12-18 14:15:00,477.1,477.2,473.1,474.9,17641
2024-12-18 15:15:00,474.95,475.25,472.05,473.3,29084
2024-12-19 09:15:00,464.95,478.5,461.0,477.8,89330
2024-12-19 10:15:00,478.0,479.45,474.45,478.5,36947
2024-12-19 11:15:00,478.05,480.05,475.55,477.0,39457
2024-12-19 12:15:00,477.0,479.65,475.85,477.5,29100
2024-12-19 13:15:00,477.3,477.65,473.5,476.0,26171
2024-12-19 14:15:00,476.0,479.65,475.25,479.35,45426
2024-12-19 15:15:00,479.4,481.85,478.1,481.85,36343
2024-12-20 09:15:00,482.85,489.0,480.55,483.0,102142
2024-12-20 10:15:00,483.7,492.8,483.45,492.8,80386
2024-12-20 11:15:00,492.8,494.55,488.05,490.8,91474
2024-12-20 12:15:00,490.05,491.7,485.0,486.1,47236
2024-12-20 13:15:00,486.1,488.0,483.05,483.85,36597
2024-12-20 14:15:00,483.65,483.65,467.2,467.65,159748
2024-12-20 15:15:00,467.7,472.1,461.1,461.1,100045
2024-12-23 09:15:00,466.95,474.05,459.05,472.8,109129
2024-12-23 10:15:00,472.85,476.6,468.05,473.8,53374
2024-12-23 11:15:00,473.8,476.4,471.15,472.4,24818
2024-12-23 12:15:00,472.9,474.85,468.7,469.7,35476
2024-12-23 13:15:00,469.75,474.5,468.05,474.0,41016
2024-12-23 14:15:00,474.0,477.85,472.95,473.05,36095
2024-12-23 15:15:00,473.1,475.0,472.4,472.7,23866
2024-12-24 09:15:00,474.0,484.9,473.0,480.45,79145
2024-12-24 10:15:00,480.25,482.4,478.35,479.0,13197
2024-12-24 11:15:00,479.0,479.8,477.1,479.35,8784
2024-12-24 12:15:00,479.35,480.75,476.5,479.55,12753
2024-12-24 13:15:00,479.55,479.7,475.8,477.1,14509
2024-12-24 14:15:00,477.05,478.8,472.7,477.65,28605
2024-12-24 15:15:00,477.6,480.0,476.0,476.15,16540
2024-12-26 09:15:00,480.1,499.7,479.5,495.45,418731
2024-12-26 10:15:00,495.45,517.0,494.95,505.35,1000446
2024-12-26 11:15:00,505.0,505.8,493.0,494.15,422111
2024-12-26 12:15:00,494.6,495.0,488.0,489.8,152204
2024-12-26 13:15:00,489.65,495.2,488.45,491.0,195628
2024-12-26 14:15:00,490.95,495.25,487.05,488.95,246238
2024-12-26 15:15:00,488.95,490.85,486.0,486.8,143958
2024-12-27 09:15:00,490.2,491.7,472.35,478.35,233035
2024-12-27 10:15:00,478.5,480.3,477.25,479.0,33802
2024-12-27 11:15:00,479.0,480.0,478.2,479.4,22050
2024-12-27 12:15:00,479.4,480.5,478.55,479.9,32961
2024-12-27 13:15:00,479.9,480.0,478.55,478.95,17854
2024-12-27 14:15:00,479.45,481.0,478.45,478.7,42646
2024-12-27 15:15:00,479.0,479.75,474.0,477.0,55318
2024-12-30 09:15:00,482.0,487.8,474.05,486.6,94467
2024-12-30 10:15:00,486.6,486.8,482.75,484.95,21493
2024-12-30 11:15:00,484.45,486.4,481.0,482.15,20578
2024-12-30 12:15:00,482.15,487.0,479.9,487.0,23886
2024-12-30 13:15:00,487.45,488.85,483.0,484.55,40685
2024-12-30 14:15:00,484.45,488.0,480.2,484.55,87151
2024-12-30 15:15:00,484.55,487.0,484.3,485.0,24734
2024-12-31 09:15:00,482.5,484.45,478.25,483.3,47672
2024-12-31 10:15:00,483.3,490.95,483.0,486.75,86172
2024-12-31 11:15:00,487.25,487.5,478.8,481.45,55878
2024-12-31 12:15:00,481.4,484.25,479.5,483.7,88176
2024-12-31 13:15:00,483.45,483.95,479.95,483.25,41055
2024-12-31 14:15:00,483.15,485.0,481.35,482.15,39929
2024-12-31 15:15:00,482.6,483.65,480.15,482.0,33873
2025-01-01 09:15:00,482.7,486.8,480.35,482.1,33472
2025-01-01 10:15:00,482.65,490.8,482.0,488.25,83395
2025-01-01 11:15:00,488.25,505.2,486.15,489.95,239980
2025-01-01 12:15:00,489.95,490.55,482.15,483.4,109999
2025-01-01 13:15:00,483.4,485.25,483.0,484.65,18781
2025-01-01 14:15:00,484.6,485.0,481.3,481.9,40803
2025-01-01 15:15:00,481.9,483.0,481.05,481.05,29422
2025-01-02 09:15:00,483.65,490.25,483.65,484.55,98479
2025-01-02 10:15:00,484.4,486.1,483.8,485.0,51330
2025-01-02 11:15:00,484.7,484.95,478.0,479.05,54584
2025-01-02 12:15:00,479.15,480.1,479.0,479.4,15897
2025-01-02 13:15:00,479.4,480.3,478.0,480.0,24315
2025-01-02 14:15:00,480.0,480.65,477.1,478.5,43533
2025-01-02 15:15:00,478.6,480.6,477.45,479.0,60739
2025-01-03 09:15:00,480.7,484.3,477.1,480.9,58729
2025-01-03 10:15:00,480.7,486.45,480.7,485.6,57993
2025-01-03 11:15:00,485.6,485.7,482.65,483.7,32850
2025-01-03 12:15:00,483.5,484.35,482.05,483.3,19370
2025-01-03 13:15:00,483.4,484.95,481.05,481.05,31246
2025-01-03 14:15:00,481.05,483.4,480.4,481.25,35874
2025-01-03 15:15:00,481.25,481.95,479.0,481.75,22331
2025-01-06 09:15:00,485.5,488.95,478.0,484.2,96782
2025-01-06 10:15:00,483.85,494.2,482.05,482.85,171030
2025-01-06 11:15:00,482.25,488.8,480.25,486.45,97140
2025-01-06 12:15:00,486.45,486.45,473.6,474.35,72047
2025-01-06 13:15:00,474.3,474.35,463.5,469.1,89021
2025-01-06 14:15:00,469.1,473.35,466.3,468.85,74816
2025-01-06 15:15:00,468.85,469.65,465.25,467.7,57489
2025-01-07 09:15:00,467.9,490.0,465.15,484.5,193763
2025-01-07 10:15:00,485.0,485.5,483.3,485.0,32216
2025-01-07 11:15:00,485.0,485.7,484.0,484.75,26354
2025-01-07 12:15:00,484.75,485.15,483.05,484.9,27244
2025-01-07 13:15:00,484.55,485.35,481.5,484.7,25099
2025-01-07 14:15:00,485.0,485.05,483.65,484.5,33592
2025-01-07 15:15:00,484.5,485.3,484.2,485.0,30323
2025-01-08 09:15:00,489.85,494.25,473.15,477.65,122110
2025-01-08 10:15:00,477.65,479.9,475.05,478.5,32222
2025-01-08 11:15:00,478.5,479.4,475.65,478.65,21843
2025-01-08 12:15:00,478.9,479.9,476.5,477.75,23873
2025-01-08 13:15:00,477.3,480.1,477.3,479.55,24891
2025-01-08 14:15:00,479.9,480.7,477.45,478.1,43202
2025-01-08 15:15:00,477.8,479.55,477.05,477.5,17905
2025-01-09 09:15:00,478.75,483.6,468.85,472.5,85582
2025-01-09 10:15:00,473.0,476.25,471.9,472.7,28496
2025-01-09 11:15:00,472.65,475.7,472.65,474.35,18313
2025-01-09 12:15:00,474.8,475.35,470.5,471.0,16190
2025-01-09 13:15:00,471.0,472.65,468.3,472.65,29365
2025-01-09 14:15:00,472.1,473.45,471.05,472.3,22646
2025-01-09 15:15:00,472.3,473.0,469.0,469.4,19375
2025-01-10 09:15:00,471.75,474.45,462.25,469.85,115061
2025-01-10 10:15:00,469.35,472.0,466.8,470.1,35034
2025-01-10 11:15:00,470.85,475.85,470.45,472.5,30798
2025-01-10 12:15:00,472.3,478.0,472.3,477.3,39858
2025-01-10 13:15:00,477.3,478.0,474.2,474.3,24198
2025-01-10 14:15:00,474.3,475.45,469.2,471.1,41487
2025-01-10 15:15:00,471.0,474.35,468.45,473.0,38369
2025-01-13 09:15:00,460.0,480.55,459.05,466.0,219548
2025-01-13 10:15:00,466.0,467.2,462.5,463.0,74396
2025-01-13 11:15:00,463.0,463.25,441.85,442.1,136939
2025-01-13 12:15:00,442.35,443.55,435.65,435.9,78383
2025-01-13 13:15:00,435.9,437.95,430.45,432.05,70405
2025-01-13 14:15:00,432.05,433.2,428.0,428.65,84583
2025-01-13 15:15:00,428.9,450.05,424.1,440.0,86136
2025-01-14 09:15:00,432.15,438.2,421.0,430.45,158899
2025-01-14 10:15:00,430.0,430.15,420.6,429.5,245779
2025-01-14 11:15:00,429.55,429.95,421.1,423.95,82504
2025-01-14 12:15:00,424.0,424.0,418.0,419.55,66645
2025-01-14 13:15:00,419.55,420.4,418.0,419.7,41339
2025-01-14 14:15:00,420.0,428.1,419.7,423.3,190094
2025-01-14 15:15:00,423.25,423.75,422.0,423.0,78526
2025-01-15 09:15:00,425.25,435.7,423.6,425.65,201090
2025-01-15 10:15:00,425.35,432.85,424.9,432.55,54267
2025-01-15 11:15:00,432.55,433.0,428.15,429.0,24375
2025-01-15 12:15:00,429.0,433.6,428.55,431.6,38375
2025-01-15 13:15:00,431.3,431.5,425.7,427.8,34063
2025-01-15 14:15:00,427.75,430.4,423.9,424.75,72021
2025-01-15 15:15:00,424.75,426.0,424.15,425.45,30928
2025-01-16 09:15:00,432.35,434.95,429.6,432.0,93755
2025-01-16 10:15:00,432.25,437.25,431.95,434.6,65340
2025-01-16 11:15:00,434.55,435.0,431.25,432.0,32679
2025-01-16 12:15:00,432.35,432.6,430.0,430.8,18666
2025-01-16 13:15:00,430.95,430.95,427.5,428.35,35071
2025-01-16 14:15:00,428.25,429.65,423.6,426.8,283912
2025-01-16 15:15:00,426.8,429.7,426.35,429.7,28656
2025-01-17 09:15:00,425.75,429.55,424.5,429.55,40476
2025-01-17 10:15:00,429.05,429.3,424.25,425.55,23388
2025-01-17 11:15:00,425.9,427.35,424.0,425.2,12038
2025-01-17 12:15:00,425.2,426.15,424.4,425.45,6578
2025-01-17 13:15:00,425.4,429.4,425.0,428.75,14593
2025-01-17 14:15:00,428.75,431.65,426.35,426.6,35325
2025-01-17 15:15:00,426.7,429.15,425.65,426.9,26297
2025-01-20 09:15:00,430.6,431.7,424.3,430.4,80683
2025-01-20 10:15:00,430.35,439.7,430.35,437.5,59651
2025-01-20 11:15:00,437.5,439.6,434.9,435.75,48855
2025-01-20 12:15:00,436.5,437.05,434.85,436.6,15652
2025-01-20 13:15:00,436.7,437.5,433.05,434.25,23152
2025-01-20 14:15:00,434.0,436.5,433.1,435.15,31548
2025-01-20 15:15:00,435.75,437.25,435.5,437.0,33486
2025-01-21 09:15:00,438.0,445.0,430.95,431.8,118012
2025-01-21 10:15:00,432.45,438.4,431.8,436.5,30918
2025-01-21 11:15:00,436.5,439.8,433.55,437.6,59920
2025-01-21 12:15:00,437.75,441.55,436.8,440.1,31176
2025-01-21 13:15:00,440.1,441.7,439.55,440.9,37663
2025-01-21 14:15:00,440.6,441.2,433.85,438.25,133116
2025-01-21 15:15:00,438.45,439.8,436.0,439.0,57282
2025-01-22 09:15:00,437.65,440.0,429.4,433.95,87144
2025-01-22 10:15:00,433.95,437.5,432.75,434.25,20135
2025-01-22 11:15:00,434.25,434.85,429.3,429.55,33706
2025-01-22 12:15:00,429.45,432.95,426.3,432.6,32979
2025-01-22 13:15:00,433.05,434.7,429.3,433.75,62976
2025-01-22 14:15:00,433.9,442.0,432.9,440.1,49685
2025-01-22 15:15:00,439.85,443.6,438.0,441.9,30080
2025-01-23 09:15:00,440.95,448.0,438.3,447.0,67265
2025-01-23 10:15:00,447.0,452.8,446.55,451.35,48855
2025-01-23 11:15:00,450.85,454.6,449.5,453.95,37808
2025-01-23 12:15:00,453.4,455.0,446.45,447.1,84899
2025-01-23 13:15:00,447.1,447.1,444.0,444.6,35292
2025-01-23 14:15:00,444.3,445.5,443.1,443.85,33404
2025-01-23 15:15:00,443.85,445.0,442.55,444.0,14388
2025-01-24 09:15:00,447.8,449.0,439.05,441.15,35143
2025-01-24 10:15:00,441.05,441.95,438.4,440.45,14669
2025-01-24 11:15:00,440.45,440.65,438.4,439.8,19638
2025-01-24 12:15:00,439.75,441.3,438.4,439.9,14387
2025-01-24 13:15:00,439.9,441.45,435.25,435.85,20563
2025-01-24 14:15:00,435.95,438.5,431.1,431.25,72679
2025-01-24 15:15:00,431.1,432.65,428.1,430.85,38916
2025-01-27 09:15:00,426.5,426.8,407.05,410.05,112700
2025-01-27 10:15:00,410.05,413.0,409.2,411.45,28713
2025-01-27 11:15:00,411.6,415.85,409.9,411.5,27026
2025-01-27 12:15:00,411.9,419.6,411.4,418.7,49375
2025-01-27 13:15:00,419.0,419.55,417.3,419.0,26402
2025-01-27 14:15:00,419.15,435.0,418.9,434.0,110422
2025-01-27 15:15:00,434.0,434.0,424.0,424.5,19619
2025-01-28 09:15:00,424.5,425.7,402.6,405.35,119493
2025-01-28 10:15:00,405.25,409.9,400.6,403.8,92982
2025-01-28 11:15:00,403.9,429.0,403.85,425.5,182723
2025-01-28 12:15:00,425.5,430.45,424.55,430.0,52650
2025-01-28 13:15:00,430.0,432.95,429.65,430.5,27373
2025-01-28 14:15:00,430.75,431.85,419.85,424.65,58994
2025-01-28 15:15:00,424.85,427.15,424.45,426.8,32195
2025-01-29 09:15:00,424.1,438.0,424.0,437.35,65135
2025-01-29 10:15:00,437.35,441.45,436.5,440.7,43352
2025-01-29 11:15:00,440.6,442.5,439.1,440.45,27494
2025-01-29 12:15:00,440.45,442.8,439.1,442.5,20254
2025-01-29 13:15:00,442.6,444.25,440.95,444.25,19632
2025-01-29 14:15:00,444.4,447.5,441.6,447.5,43431
2025-01-29 15:15:00,447.35,455.5,447.0,453.85,33664
2025-01-30 09:15:00,449.5,457.5,448.2,453.95,61864
2025-01-30 10:15:00,454.0,458.05,454.0,457.9,27759
2025-01-30 11:15:00,457.85,461.15,456.9,458.95,24002
2025-01-30 12:15:00,458.95,463.65,458.5,460.85,24024
2025-01-30 13:15:00,460.85,461.45,459.0,460.8,27067
2025-01-30 14:15:00,460.65,462.35,460.0,460.15,58531
2025-01-30 15:15:00,460.15,460.9,460.0,460.2,28543
2025-01-31 09:15:00,462.05,473.55,462.05,471.15,84641
2025-01-31 10:15:00,471.15,474.5,470.0,470.3,29262
2025-01-31 11:15:00,470.5,473.95,468.6,472.7,79213
2025-01-31 12:15:00,472.75,473.65,469.7,470.0,54570
2025-01-31 13:15:00,470.0,474.5,470.0,472.15,78028
2025-01-31 14:15:00,472.25,475.0,470.95,474.7,102832
2025-01-31 15:15:00,474.6,474.9,471.25,473.45,49014
2025-02-01 09:15:00,469.4,474.8,466.9,472.95,32785
2025-02-01 10:15:00,472.95,475.0,472.15,473.15,24084
2025-02-01 11:15:00,473.15,473.55,458.0,463.85,41466
2025-02-01 12:15:00,464.2,466.45,458.65,459.95,16768
2025-02-01 13:15:00,459.95,466.0,455.5,464.9,30169
2025-02-01 14:15:00,464.9,471.0,462.8,468.6,33793
2025-02-01 15:15:00,468.25,468.25,458.55,459.4,19931
2025-02-03 09:15:00,458.0,460.0,449.15,455.55,83181
2025-02-03 10:15:00,455.25,458.0,453.6,455.95,20020
2025-02-03 11:15:00,455.95,459.85,450.05,450.8,28896
2025-02-03 12:15:00,450.8,451.0,448.3,449.65,14913
2025-02-03 13:15:00,449.65,450.0,445.5,446.0,25485
2025-02-03 14:15:00,446.0,446.75,443.95,445.0,69017
2025-02-03 15:15:00,445.0,450.35,443.95,446.15,26285
2025-02-04 09:15:00,448.2,463.8,448.15,462.5,71134
2025-02-04 10:15:00,462.5,465.1,457.95,459.85,51782
2025-02-04 11:15:00,459.85,460.0,451.55,453.2,47093
2025-02-04 12:15:00,453.15,453.7,451.75,452.2,57343
2025-02-04 13:15:00,452.2,456.2,451.05,454.05,45011
2025-02-04 14:15:00,453.75,454.85,447.1,451.75,72537
2025-02-04 15:15:00,451.75,453.6,450.6,451.5,24098
2025-02-05 09:15:00,454.7,461.85,453.05,456.8,39464
2025-02-05 10:15:00,456.7,463.65,453.6,461.25,33395
2025-02-05 11:15:00,461.25,466.45,458.65,462.55,37905
2025-02-05 12:15:00,463.0,463.2,460.8,461.25,24781
2025-02-05 13:15:00,461.25,464.5,460.1,462.35,28835
2025-02-05 14:15:00,462.35,462.4,458.2,459.95,49274
2025-02-05 15:15:00,460.0,463.9,457.8,462.9,22174
2025-02-06 09:15:00,468.0,481.0,467.55,471.85,236506
2025-02-06 10:15:00,471.85,472.0,466.05,466.85,60609
2025-02-06 11:15:00,466.8,468.4,464.0,464.85,41146
2025-02-06 12:15:00,464.95,466.6,464.0,465.0,21481
2025-02-06 13:15:00,465.0,465.35,463.5,463.9,19040
2025-02-06 14:15:00,463.9,464.25,457.4,459.3,123614
2025-02-06 15:15:00,459.35,461.4,457.95,458.5,53542
2025-02-07 09:15:00,457.25,463.35,453.8,456.35,58597
2025-02-07 10:15:00,456.7,460.0,451.8,459.7,28028
2025-02-07 11:15:00,459.7,460.45,457.5,458.75,37764
2025-02-07 12:15:00,458.85,465.0,458.3,460.85,41593
2025-02-07 13:15:00,461.15,465.0,459.25,461.9,39252
2025-02-07 14:15:00,461.9,463.4,458.35,459.85,140509
2025-02-07 15:15:00,459.8,475.0,459.2,470.0,138402
2025-02-10 09:15:00,490.0,491.0,463.1,465.7,419624
2025-02-10 10:15:00,465.3,469.25,463.3,468.65,72504
2025-02-10 11:15:00,468.6,471.0,466.6,468.0,47604
2025-02-10 12:15:00,467.85,471.0,467.0,469.0,47435
2025-02-10 13:15:00,468.95,469.8,464.95,466.5,50589
2025-02-10 14:15:00,466.35,467.2,464.0,464.2,123245
2025-02-10 15:15:00,464.2,466.35,458.15,459.65,92721
2025-02-11 09:15:00,458.0,458.0,427.6,430.2,229696
2025-02-11 10:15:00,430.15,435.1,430.1,433.6,91211
2025-02-11 11:15:00,433.65,443.7,432.95,441.2,101170
2025-02-11 12:15:00,441.45,444.4,437.6,437.85,55867
2025-02-11 13:15:00,438.3,442.0,437.0,440.85,38814
2025-02-11 14:15:00,440.8,449.0,434.2,449.0,174264
2025-02-11 15:15:00,449.0,449.8,442.35,445.05,60274
2025-02-12 09:15:00,443.7,444.0,431.9,435.3,65617
2025-02-12 10:15:00,435.55,449.7,432.95,449.15,87986
2025-02-12 11:15:00,449.0,449.15,444.0,445.65,56616
2025-02-12 12:15:00,445.65,449.5,444.6,446.4,48426
2025-02-12 13:15:00,446.15,446.4,442.6,443.5,76693
2025-02-12 14:15:00,443.5,445.1,436.5,441.75,232890
2025-02-12 15:15:00,441.85,444.0,439.15,444.0,36867
2025-02-13 09:15:00,442.35,456.9,441.85,450.85,124598
2025-02-13 10:15:00,450.85,451.8,448.2,448.75,41928
2025-02-13 11:15:00,448.5,463.8,447.4,461.4,218859
2025-02-13 12:15:00,461.4,462.65,455.65,460.5,72607
2025-02-13 13:15:00,460.25,463.2,456.85,462.0,70324
2025-02-13 14:15:00,461.8,462.9,456.05,460.8,72241
2025-02-13 15:15:00,460.8,462.95,460.2,462.1,46822
2025-02-14 09:15:00,460.0,468.2,453.0,453.85,73418
2025-02-14 10:15:00,453.65,454.65,445.85,448.45,76319
2025-02-14 11:15:00,447.9,449.0,441.4,442.8,31156
2025-02-14 12:15:00,442.8,451.35,441.0,450.35,61265
2025-02-14 13:15:00,450.0,452.0,442.05,442.75,58570
2025-02-14 14:15:00,442.75,459.95,442.7,456.4,90793
2025-02-14 15:15:00,456.7,461.95,456.0,456.0,40687
2025-02-17 09:15:00,458.95,459.95,443.4,447.3,67682
2025-02-17 10:15:00,447.3,454.9,444.8,446.95,36334
2025-02-17 11:15:00,446.95,450.0,443.5,446.9,36612
2025-02-17 12:15:00,446.55,452.4,446.25,450.35,21153
2025-02-17 13:15:00,450.3,468.3,449.05,467.05,126468
2025-02-17 14:15:00,467.7,482.0,467.0,481.45,218500
2025-02-17 15:15:00,481.25,485.2,480.0,482.0,106181
2025-02-18 09:15:00,484.35,485.0,469.0,469.1,188136
2025-02-18 10:15:00,469.4,480.75,469.25,473.7,48605
2025-02-18 11:15:00,473.7,479.5,472.3,478.3,82348
2025-02-18 12:15:00,477.95,478.2,473.1,474.6,34068
2025-02-18 13:15:00,474.45,474.65,466.4,468.95,50533
2025-02-18 14:15:00,468.95,475.5,467.9,472.1,82399
2025-02-18 15:15:00,472.65,474.0,467.15,468.0,45357
2025-02-19 09:15:00,471.8,479.9,464.15,466.85,175440
2025-02-19 10:15:00,466.7,479.9,466.7,477.65,106565
2025-02-19 11:15:00,477.9,484.0,475.75,479.65,106905
2025-02-19 12:15:00,479.55,481.25,476.05,478.8,45537
2025-02-19 13:15:00,478.8,479.55,470.0,479.15,84221
2025-02-19 14:15:00,479.15,487.95,476.75,483.2,170048
2025-02-19 15:15:00,483.25,483.25,478.5,478.5,56896
2025-02-20 09:15:00,483.35,487.9,478.05,485.7,169689
2025-02-20 10:15:00,485.65,500.8,483.5,488.75,556707
2025-02-20 11:15:00,488.95,490.2,484.45,488.7,88567
2025-02-20 12:15:00,488.7,491.8,485.2,485.2,159211
2025-02-20 13:15:00,485.65,489.9,485.5,487.65,63730
2025-02-20 14:15:00,487.25,490.0,485.95,488.85,67031
2025-02-20 15:15:00,488.85,489.1,485.25,488.0,62303
2025-02-21 09:15:00,485.95,500.5,483.2,489.1,321222
2025-02-21 10:15:00,489.1,493.2,486.15,488.15,64187
2025-02-21 11:15:00,488.0,491.0,485.95,487.15,37767
2025-02-21 12:15:00,487.15,495.95,486.75,493.7,60985
2025-02-21 13:15:00,494.0,496.0,486.95,491.65,67328
2025-02-21 14:15:00,491.35,493.0,488.55,491.65,67912
2025-02-21 15:15:00,491.65,491.65,487.0,489.75,62016
2025-02-24 09:15:00,489.6,489.6,451.1,474.45,241656
2025-02-24 10:15:00,474.5,478.5,472.5,477.45,37965
2025-02-24 11:15:00,476.9,485.2,476.65,482.05,59034
2025-02-24 12:15:00,482.05,485.7,472.85,475.2,120426
2025-02-24 13:15:00,475.25,476.65,472.2,474.5,36177
2025-02-24 14:15:00,474.5,479.0,473.35,475.0,55748
2025-02-24 15:15:00,475.3,476.0,472.0,473.25,54941
2025-02-25 09:15:00,468.0,485.65,468.0,478.55,90292
2025-02-25 10:15:00,479.0,486.75,474.5,484.3,79517
2025-02-25 11:15:00,484.5,484.5,480.75,482.25,56157
2025-02-25 12:15:00,482.25,483.7,479.25,482.3,36794
2025-02-25 13:15:00,482.3,482.7,475.9,476.7,37990
2025-02-25 14:15:00,477.05,478.05,473.8,474.7,59233
2025-02-25 15:15:00,474.35,476.85,474.35,475.7,36527
2025-02-27 09:15:00,477.0,482.9,463.45,467.2,97792
2025-02-27 10:15:00,467.2,467.7,463.1,463.45,47009
2025-02-27 11:15:00,463.8,463.8,455.3,456.25,69425
2025-02-27 12:15:00,456.2,460.4,455.05,458.1,51415
2025-02-27 13:15:00,458.1,464.5,456.5,464.05,42454
2025-02-27 14:15:00,464.15,467.4,464.05,466.55,86076
2025-02-27 15:15:00,466.55,468.95,465.15,467.0,47035
2025-02-28 09:15:00,460.55,460.55,445.15,448.0,139985
2025-02-28 10:15:00,447.7,452.55,447.55,447.85,46270
2025-02-28 11:15:00,447.85,450.2,445.2,447.5,68333
2025-02-28 12:15:00,447.65,448.75,441.6,442.75,59122
2025-02-28 13:15:00,443.0,447.55,442.25,447.3,53496
2025-02-28 14:15:00,447.35,455.0,444.8,454.95,145338
2025-02-28 15:15:00,454.75,458.6,452.95,458.6,101021
2025-03-03 09:15:00,459.3,459.4,442.05,444.0,73012
2025-03-03 10:15:00,444.0,447.7,439.0,439.05,58483
2025-03-03 11:15:00,439.05,442.25,437.0,440.0,67446
2025-03-03 12:15:00,440.1,448.25,437.9,447.85,68459
2025-03-03 13:15:00,447.9,448.8,444.0,447.65,40584
2025-03-03 14:15:00,447.4,451.8,446.55,448.7,55144
2025-03-03 15:15:00,448.65,451.2,445.1,450.0,40347
2025-03-04 09:15:00,442.55,457.0,442.55,455.0,110968
2025-03-04 10:15:00,455.0,457.5,450.35,452.2,44471
2025-03-04 11:15:00,452.55,454.8,450.05,451.5,30873
2025-03-04 12:15:00,451.5,455.0,447.75,449.55,44495
2025-03-04 13:15:00,449.55,453.4,444.2,453.4,69312
2025-03-04 14:15:00,453.4,455.0,450.5,454.1,48156
2025-03-04 15:15:00,453.95,457.0,453.0,456.6,40877
2025-03-05 09:15:00,454.25,469.6,454.25,463.25,83441
2025-03-05 10:15:00,463.25,465.4,461.15,463.0,38839
2025-03-05 11:15:00,463.0,473.3,462.85,471.0,62320
2025-03-05 12:15:00,470.95,473.5,467.0,468.85,46095
2025-03-05 13:15:00,468.85,469.35,467.5,468.85,33456
2025-03-05 14:15:00,468.5,469.6,464.15,469.6,142575
2025-03-05 15:15:00,469.6,470.0,463.7,465.0,60868
2025-03-06 09:15:00,468.45,484.35,468.45,476.35,240494
2025-03-06 10:15:00,476.35,476.8,473.9,475.0,144519
2025-03-06 11:15:00,475.0,475.05,472.5,474.85,34803
2025-03-06 12:15:00,474.8,486.4,474.6,483.75,176804
2025-03-06 13:15:00,483.75,484.45,477.55,478.35,81665
2025-03-06 14:15:00,478.35,480.0,475.75,477.0,114787
2025-03-06 15:15:00,476.95,477.1,472.1,474.75,94326
2025-03-07 09:15:00,477.0,486.5,474.55,481.3,168701
2025-03-07 10:15:00,481.5,482.55,478.0,478.0,50865
2025-03-07 11:15:00,478.05,478.55,472.25,472.3,83717
2025-03-07 12:15:00,472.7,476.0,472.3,474.25,44641
2025-03-07 13:15:00,474.65,475.2,473.3,474.4,43112
2025-03-07 14:15:00,474.4,475.5,471.6,472.8,90372
2025-03-07 15:15:00,472.8,474.4,467.1,473.0,82066
2025-03-10 09:15:00,473.75,509.0,473.75,503.0,1333530
2025-03-10 10:15:00,502.8,514.85,498.1,509.1,1097918
2025-03-10 11:15:00,509.4,511.5,503.25,505.0,519924
2025-03-10 12:15:00,505.4,512.5,498.0,508.1,659371
2025-03-10 13:15:00,508.4,514.75,506.15,511.55,909442
2025-03-10 14:15:00,510.85,512.3,500.35,505.0,917445
2025-03-10 15:15:00,505.05,507.95,494.3,505.05,480453
2025-03-11 09:15:00,492.0,501.2,483.0,486.65,452839
2025-03-11 10:15:00,486.65,507.2,483.8,502.1,290324
2025-03-11 11:15:00,502.1,522.6,500.45,522.05,694670
2025-03-11 12:15:00,522.45,528.8,516.4,520.0,932126
2025-03-11 13:15:00,520.0,529.95,516.5,529.8,790218
2025-03-11 14:15:00,529.85,532.5,519.8,526.05,727865
2025-03-11 15:15:00,526.55,535.0,525.0,533.0,327346
2025-03-12 09:15:00,531.0,537.4,524.2,531.75,807861
2025-03-12 10:15:00,531.35,535.0,523.35,531.4,255954
2025-03-12 11:15:00,531.35,532.45,526.05,530.4,145481
2025-03-12 12:15:00,530.55,535.9,528.55,535.25,174245
2025-03-12 13:15:00,535.3,536.9,533.5,536.9,150769
2025-03-12 14:15:00,536.85,539.0,534.6,538.7,455797
2025-03-12 15:15:00,538.7,539.95,538.5,539.95,175163
2025-03-13 09:15:00,540.1,545.0,533.6,544.0,716808
2025-03-13 10:15:00,544.0,548.8,539.1,544.85,446817
2025-03-13 11:15:00,544.85,546.0,540.05,545.75,117299
2025-03-13 12:15:00,545.75,549.5,545.4,547.6,211044
2025-03-13 13:15:00,547.5,549.5,543.1,544.05,204141
2025-03-13 14:15:00,544.15,544.5,538.2,539.95,220333
2025-03-13 15:15:00,539.95,543.35,538.0,543.0,106344
2025-03-17 09:15:00,545.05,549.9,531.05,531.5,643483
2025-03-17 10:15:00,531.55,540.15,528.7,536.0,218893
2025-03-17 11:15:00,536.0,536.0,531.25,535.5,89551
2025-03-17 12:15:00,535.5,535.8,526.25,529.5,116467
2025-03-17 13:15:00,529.5,534.95,527.5,534.4,71595
2025-03-17 14:15:00,534.4,540.4,532.6,537.7,188157
2025-03-17 15:15:00,537.55,538.15,534.0,535.6,74969
2025-03-18 09:15:00,538.0,549.9,536.95,549.45,309082
2025-03-18 10:15:00,549.45,555.95,549.15,555.4,426915
2025-03-18 11:15:00,555.4,556.0,551.25,554.85,135479
2025-03-18 12:15:00,554.85,557.0,548.05,556.2,224165
2025-03-18 13:15:00,556.1,557.0,550.2,553.4,147476
2025-03-18 14:15:00,553.4,557.95,552.85,556.3,193305
2025-03-18 15:15:00,556.55,557.95,554.3,557.8,79794
2025-03-19 09:15:00,560.95,563.45,543.0,544.2,365141
2025-03-19 10:15:00,544.5,544.85,537.4,540.6,190168
2025-03-19 11:15:00,540.15,540.95,535.45,539.55,102372
2025-03-19 12:15:00,539.6,541.25,535.6,536.2,83674
2025-03-19 13:15:00,536.35,540.2,535.6,537.55,101366
2025-03-19 14:15:00,537.55,541.5,533.3,537.4,183913
2025-03-19 15:15:00,537.85,540.9,536.55,540.05,116671
2025-03-20 09:15:00,541.8,545.75,528.25,533.85,251266
2025-03-20 10:15:00,533.65,538.3,531.05,538.3,82095
2025-03-20 11:15:00,538.3,548.35,535.25,546.25,159440
2025-03-20 12:15:00,546.35,549.7,544.55,548.3,92985
2025-03-20 13:15:00,548.05,548.8,542.1,542.25,113665
2025-03-20 14:15:00,542.25,543.1,540.3,541.65,90705
2025-03-20 15:15:00,541.55,542.9,540.1,542.0,45900
2025-03-21 09:15:00,542.85,548.85,538.2,540.0,248527
2025-03-21 10:15:00,539.8,544.5,535.85,542.05,255478
2025-03-21 11:15:00,542.65,542.65,538.3,540.0,99545
2025-03-21 12:15:00,540.0,545.45,538.5,539.65,198149
2025-03-21 13:15:00,539.7,539.95,535.0,538.6,128973
2025-03-21 14:15:00,538.75,552.5,527.15,549.25,1894745
2025-03-21 15:15:00,549.25,552.85,536.1,540.8,1807009
2025-03-24 09:15:00,549.75,555.9,536.85,548.15,334209
2025-03-24 10:15:00,548.55,551.0,539.65,539.75,119973
2025-03-24 11:15:00,540.3,540.3,535.45,537.65,99000
2025-03-24 12:15:00,537.65,538.3,536.0,537.2,44757
2025-03-24 13:15:00,537.5,538.85,537.05,537.8,35027
2025-03-24 14:15:00,538.3,539.95,535.25,535.85,115130
2025-03-24 15:15:00,535.85,536.0,532.0,534.9,79281
2025-03-25 09:15:00,535.35,537.65,502.8,506.0,661085
2025-03-25 10:15:00,506.35,511.95,503.0,505.55,178062
2025-03-25 11:15:00,505.5,506.25,497.7,503.0,209529
2025-03-25 12:15:00,503.0,504.05,500.0,501.05,77142
2025-03-25 13:15:00,501.2,501.4,495.55,499.0,114900
2025-03-25 14:15:00,499.05,500.25,486.25,486.6,348736
2025-03-25 15:15:00,486.75,487.1,475.2,477.0,271362
2025-03-26 09:15:00,479.0,486.95,463.9,474.5,544419
2025-03-26 10:15:00,474.5,486.0,472.6,486.0,200208
2025-03-26 11:15:00,486.0,489.3,484.8,487.3,137837
2025-03-26 12:15:00,487.3,489.85,479.2,482.25,104656
2025-03-26 13:15:00,482.0,483.7,477.75,480.0,107217
2025-03-26 14:15:00,480.0,485.7,476.15,484.85,172278
2025-03-26 15:15:00,485.35,488.0,481.4,485.0,127216
2025-03-27 09:15:00,484.55,499.4,482.25,498.45,362959
2025-03-27 10:15:00,498.45,505.95,498.4,501.35,228637
2025-03-27 11:15:00,501.35,508.0,497.0,498.7,138270
2025-03-27 12:15:00,499.25,503.95,499.0,503.85,64357
2025-03-27 13:15:00,503.8,507.5,496.5,497.05,163073
2025-03-27 14:15:00,497.15,510.75,490.1,508.3,697569
2025-03-27 15:15:00,508.8,510.8,506.5,508.15,178229
2025-03-28 09:15:00,510.35,533.0,510.0,526.95,578495
2025-03-28 10:15:00,526.9,527.4,523.4,526.75,59525
2025-03-28 11:15:00,526.7,528.8,523.4,526.4,46300
2025-03-28 12:15:00,526.45,526.7,515.5,516.4,123093
2025-03-28 13:15:00,516.4,516.9,513.0,515.3,118826
2025-03-28 14:15:00,515.6,519.0,511.25,514.0,128850
2025-03-28 15:15:00,513.95,515.95,511.0,514.0,114512
2025-04-01 09:15:00,516.0,539.95,515.05,531.35,465798
2025-04-01 10:15:00,531.7,533.05,527.05,528.05,178088
2025-04-01 11:15:00,528.35,531.7,527.05,529.45,66427
2025-04-01 12:15:00,529.25,531.85,528.4,529.95,40119
2025-04-01 13:15:00,529.95,530.2,527.15,528.45,40971
2025-04-01 14:15:00,528.35,531.4,526.4,527.3,98542
2025-04-01 15:15:00,527.25,531.4,526.0,526.95,80328
2025-04-02 09:15:00,527.15,533.3,518.45,527.05,256764
2025-04-02 10:15:00,527.55,544.15,526.55,529.1,291827
2025-04-02 11:15:00,529.1,535.05,527.05,533.45,87429
2025-04-02 12:15:00,533.5,537.4,530.95,534.5,96473
2025-04-02 13:15:00,534.45,536.0,532.4,534.35,76550
2025-04-02 14:15:00,534.85,538.8,534.3,535.75,129488
2025-04-02 15:15:00,535.35,539.0,535.0,537.7,100600
2025-04-03 09:15:00,528.95,539.5,525.65,532.0,150121
2025-04-03 10:15:00,531.95,532.25,525.4,526.85,86624
2025-04-03 11:15:00,526.85,527.3,522.35,523.7,48944
2025-04-03 12:15:00,523.7,526.7,523.0,526.1,30968
2025-04-03 13:15:00,526.0,527.0,525.25,526.05,12597
2025-04-03 14:15:00,526.05,532.6,525.3,528.45,84530
2025-04-03 15:15:00,528.45,529.35,526.3,527.9,45824
2025-04-04 09:15:00,526.8,527.35,501.05,502.25,232693
2025-04-04 10:15:00,502.25,506.1,499.3,500.05,120506
2025-04-04 11:15:00,500.1,501.8,495.3,496.0,79196
2025-04-04 12:15:00,495.85,499.9,492.15,494.8,121245
2025-04-04 13:15:00,494.65,498.05,491.05,491.55,78127
2025-04-04 14:15:00,491.4,499.8,487.55,495.6,182276
2025-04-04 15:15:00,495.65,496.0,492.85,494.55,47499
2025-04-07 09:15:00,396.6,455.25,396.6,439.25,1057160
2025-04-07 10:15:00,438.7,451.5,432.4,449.2,280996
2025-04-07 11:15:00,449.65,450.2,443.45,444.6,189667
2025-04-07 12:15:00,444.65,451.3,440.75,450.85,187653
2025-04-07 13:15:00,450.85,456.05,449.0,453.7,91569
2025-04-07 14:15:00,453.7,460.0,452.55,455.15,126884
2025-04-07 15:15:00,455.3,459.35,452.35,459.0,78566
2025-04-08 09:15:00,476.85,476.9,439.1,441.75,547115
2025-04-08 10:15:00,441.75,449.0,440.2,446.3,143145
2025-04-08 11:15:00,446.1,447.45,442.85,445.4,65647
2025-04-08 12:15:00,445.8,446.95,442.85,444.85,57685
2025-04-08 13:15:00,444.85,445.65,439.65,444.0,99039
2025-04-08 14:15:00,443.95,448.0,437.5,439.75,193386
2025-04-08 15:15:00,440.3,441.5,436.65,438.0,94287
2025-04-09 09:15:00,441.05,442.0,427.0,428.45,228782
2025-04-09 10:15:00,428.25,431.4,425.2,425.25,132148
2025-04-09 11:15:00,425.5,428.85,423.55,427.6,69894
2025-04-09 12:15:00,427.8,429.85,427.0,428.6,33941
2025-04-09 13:15:00,428.6,428.85,420.35,420.65,92475
2025-04-09 14:15:00,420.65,420.8,414.4,419.5,277848
2025-04-09 15:15:00,419.15,421.7,417.8,420.0,210718
2025-04-11 09:15:00,433.05,458.5,425.55,451.4,1360822
2025-04-11 10:15:00,451.4,458.3,450.3,451.8,727157
2025-04-11 11:15:00,452.0,474.4,448.55,472.2,2020167
2025-04-11 12:15:00,472.45,484.0,467.1,470.0,4622930
2025-04-11 13:15:00,470.0,476.35,458.6,469.0,4157086
2025-04-11 14:15:00,469.1,474.0,460.0,466.55,3458220
2025-04-11 15:15:00,466.55,475.7,463.45,464.95,963648
2025-04-15 09:15:00,477.5,504.5,473.9,494.25,4051260
2025-04-15 10:15:00,494.05,496.2,490.05,493.55,798732
2025-04-15 11:15:00,493.6,493.8,488.0,491.4,442333
2025-04-15 12:15:00,491.4,494.55,490.2,492.35,272119
2025-04-15 13:15:00,492.15,497.0,490.05,492.0,282627
2025-04-15 14:15:00,492.0,492.75,485.15,486.8,568494
2025-04-15 15:15:00,486.95,490.75,482.5,487.0,412385
2025-04-16 09:15:00,486.85,489.95,478.15,486.55,448173
2025-04-16 10:15:00,486.55,491.3,482.95,487.0,305789
2025-04-16 11:15:00,487.0,487.75,485.35,487.3,42228
2025-04-16 12:15:00,487.05,489.75,483.6,486.1,98560
2025-04-16 13:15:00,486.1,486.25,482.1,485.55,54725
2025-04-16 14:15:00,485.85,490.0,483.6,486.1,93913
2025-04-16 15:15:00,486.1,487.4,484.1,485.0,66606
2025-04-17 09:15:00,484.8,486.5,472.0,473.5,273046
2025-04-17 10:15:00,473.5,478.65,473.05,477.35,86102
2025-04-17 11:15:00,477.35,481.1,476.95,478.6,80851
2025-04-17 12:15:00,478.65,481.8,478.0,478.5,49139
2025-04-17 13:15:00,478.7,479.9,477.1,478.35,47051
2025-04-17 14:15:00,478.35,480.85,477.25,479.85,102817
2025-04-17 15:15:00,479.75,480.0,476.1,478.2,50284
2025-04-21 09:15:00,480.0,490.7,479.7,485.4,339926
2025-04-21 10:15:00,485.7,486.8,483.5,486.15,55958
2025-04-21 11:15:00,486.15,487.9,485.9,487.75,41790
2025-04-21 12:15:00,487.85,490.9,487.3,487.75,68388
2025-04-21 13:15:00,487.7,489.0,486.55,488.65,54940
2025-04-21 14:15:00,488.6,492.9,486.95,487.65,120179
2025-04-21 15:15:00,487.6,492.2,486.05,490.9,49142
2025-04-22 09:15:00,492.1,498.7,487.6,489.3,283690
2025-04-22 10:15:00,489.7,498.0,489.3,494.45,102647
2025-04-22 11:15:00,494.1,503.4,491.25,498.95,220746
2025-04-22 12:15:00,498.6,512.95,497.0,510.8,311149
2025-04-22 13:15:00,511.2,522.0,510.0,512.8,617197
2025-04-22 14:15:00,512.75,515.4,503.7,504.55,297647
2025-04-22 15:15:00,504.55,508.0,503.65,507.0,102756
2025-04-23 09:15:00,510.3,524.25,502.0,503.2,438871
2025-04-23 10:15:00,503.5,508.75,501.2,506.7,166879
2025-04-23 11:15:00,506.45,510.9,506.3,508.0,83047
2025-04-23 12:15:00,508.15,510.1,506.45,506.85,42914
2025-04-23 13:15:00,506.85,508.15,503.7,505.5,60419
2025-04-23 14:15:00,505.5,505.95,496.45,498.65,145871
2025-04-23 15:15:00,498.65,503.4,498.65,500.0,88621
2025-04-24 09:15:00,500.85,505.6,491.35,504.35,274334
2025-04-24 10:15:00,504.35,507.0,502.85,503.5,60696
2025-04-24 11:15:00,503.5,505.0,501.55,503.85,50764
2025-04-24 12:15:00,503.85,504.15,499.3,500.1,25133
2025-04-24 13:15:00,500.05,500.75,496.1,496.7,19564
2025-04-24 14:15:00,496.7,501.0,492.75,494.35,119756
2025-04-24 15:15:00,494.35,494.6,492.5,493.35,58438
2025-04-25 09:15:00,498.25,499.0,475.0,480.95,331915
2025-04-25 10:15:00,481.25,481.95,472.0,473.5,136869
2025-04-25 11:15:00,473.9,474.0,466.2,471.4,98767
2025-04-25 12:15:00,471.4,479.0,470.7,477.85,117979
2025-04-25 13:15:00,477.55,479.75,473.0,474.6,78803
2025-04-25 14:15:00,474.7,482.0,474.3,474.85,202397
2025-04-25 15:15:00,474.85,485.0,474.7,477.0,77450
2025-04-28 09:15:00,471.0,496.6,471.0,490.15,426408
2025-04-28 10:15:00,490.25,490.45,484.6,485.0,98534
2025-04-28 11:15:00,485.5,486.4,483.1,485.8,51561
2025-04-28 12:15:00,485.7,485.75,480.1,480.4,66546
2025-04-28 13:15:00,480.55,482.5,479.55,480.75,42188
2025-04-28 14:15:00,480.7,480.95,471.65,473.0,117168
2025-04-28 15:15:00,473.0,476.7,471.5,476.0,51209
2025-04-29 09:15:00,477.65,485.55,468.7,472.15,215943
2025-04-29 10:15:00,472.15,473.2,470.05,471.05,57342
2025-04-29 11:15:00,471.05,471.55,467.0,468.8,66477
2025-04-29 12:15:00,468.8,468.8,464.55,464.95,66432
2025-04-29 13:15:00,464.9,467.2,459.9,466.0,140298
2025-04-29 14:15:00,466.0,467.1,462.5,464.6,80631
2025-04-29 15:15:00,464.2,465.0,460.05,461.55,88708
2025-04-30 09:15:00,465.0,468.2,455.35,466.7,344673
2025-04-30 10:15:00,467.0,469.75,464.05,466.2,81066
2025-04-30 11:15:00,466.2,467.85,464.1,466.2,52753
2025-04-30 12:15:00,466.2,466.5,462.0,462.8,38171
2025-04-30 13:15:00,462.75,462.85,457.65,458.5,37543
2025-04-30 14:15:00,458.5,459.0,452.1,452.8,186073
2025-04-30 15:15:00,452.8,452.85,450.1,452.0,83466
2025-05-02 09:15:00,449.0,459.35,444.4,455.45,158935
2025-05-02 10:15:00,455.3,456.8,449.0,449.55,58846
2025-05-02 11:15:00,449.45,453.0,445.5,447.65,73079
2025-05-02 12:15:00,447.4,448.65,442.7,445.0,105963
2025-05-02 13:15:00,445.35,446.7,441.8,444.1,74382
2025-05-02 14:15:00,444.1,444.4,437.55,441.2,163217
2025-05-02 15:15:00,441.2,455.0,439.95,444.0,40614
2025-05-05 09:15:00,433.05,435.25,421.15,431.0,726173
2025-05-05 10:15:00,431.0,431.55,425.0,427.35,412243
2025-05-05 11:15:00,427.25,447.05,427.25,443.75,348324
2025-05-05 12:15:00,444.0,444.3,442.0,442.65,69791
2025-05-05 13:15:00,443.2,447.85,442.35,445.05,71926
2025-05-05 14:15:00,445.55,446.4,443.5,445.85,125291
2025-05-05 15:15:00,446.0,446.45,444.05,445.8,64716
2025-05-06 09:15:00,446.0,447.85,437.0,437.6,179005
2025-05-06 10:15:00,437.65,440.15,437.15,438.85,34426
2025-05-06 11:15:00,438.6,446.85,438.4,446.55,67340
2025-05-06 12:15:00,446.55,450.4,445.6,446.3,91875
2025-05-06 13:15:00,446.3,446.95,437.0,442.2,90923
2025-05-06 14:15:00,442.0,443.55,437.0,441.95,144283
2025-05-06 15:15:00,442.55,443.5,437.05,438.0,108799
2025-05-07 09:15:00,429.15,444.0,428.7,432.6,233175
2025-05-07 10:15:00,432.95,437.9,431.3,437.5,51059
2025-05-07 11:15:00,437.5,442.2,436.8,439.85,51646
2025-05-07 12:15:00,439.85,442.1,438.85,439.5,54921
2025-05-07 13:15:00,439.05,440.0,433.75,434.95,61039
2025-05-07 14:15:00,434.95,435.8,431.3,433.4,61509
2025-05-07 15:15:00,432.95,434.95,432.0,433.6,41215
2025-05-08 09:15:00,435.05,439.7,431.3,434.45,173261
2025-05-08 10:15:00,434.75,439.25,434.1,436.1,37437
2025-05-08 11:15:00,435.8,436.8,432.2,433.45,35609
2025-05-08 12:15:00,433.45,433.75,427.25,427.6,60838
2025-05-08 13:15:00,427.5,428.9,419.05,421.1,117090
2025-05-08 14:15:00,421.0,427.45,418.65,419.45,111507
2025-05-08 15:15:00,419.2,420.55,412.15,413.25,72714
2025-05-09 09:15:00,403.05,414.15,403.0,408.85,284034
2025-05-09 10:15:00,409.0,411.3,406.05,410.45,68207
2025-05-09 11:15:00,411.0,416.05,410.0,414.6,115493
2025-05-09 12:15:00,414.85,418.8,412.4,417.7,95414
2025-05-09 13:15:00,417.7,424.75,416.65,424.1,137007
2025-05-09 14:15:00,424.05,425.0,417.45,421.6,119837
2025-05-09 15:15:00,421.6,423.2,418.0,420.65,66148
2025-05-12 09:15:00,439.4,444.65,431.5,438.8,182254
2025-05-12 10:15:00,438.85,440.55,433.65,436.45,266220
2025-05-12 11:15:00,436.2,437.0,433.8,434.85,39839
2025-05-12 12:15:00,434.85,441.6,433.5,441.45,90726
2025-05-12 13:15:00,441.2,443.85,440.45,443.15,58321
2025-05-12 14:15:00,443.15,444.65,441.3,442.2,81479
2025-05-12 15:15:00,442.5,444.0,442.1,443.0,41001
2025-05-13 09:15:00,444.65,447.0,439.55,445.95,133800
2025-05-13 10:15:00,445.9,451.65,445.75,447.55,93901
2025-05-13 11:15:00,447.55,449.6,445.5,446.8,68201
2025-05-13 12:15:00,446.7,446.7,441.2,441.75,69602
2025-05-13 13:15:00,441.75,441.75,437.15,438.0,50408
2025-05-13 14:15:00,437.65,450.95,436.1,450.05,206704
2025-05-13 15:15:00,449.6,451.0,444.75,449.95,156373
2025-05-14 09:15:00,448.45,455.15,447.55,454.2,109683
2025-05-14 10:15:00,454.2,454.45,444.25,451.7,340136
2025-05-14 11:15:00,451.5,452.0,448.35,450.45,31466
2025-05-14 12:15:00,450.5,451.6,448.6,450.45,20031
2025-05-14 13:15:00,450.35,451.5,447.2,448.05,52571
2025-05-14 14:15:00,448.05,455.1,447.15,452.7,121633
2025-05-14 15:15:00,452.8,453.0,449.0,451.5,45557
2025-05-15 09:15:00,454.1,455.85,450.2,454.8,63911
2025-05-15 10:15:00,454.5,456.9,450.0,451.65,146171
2025-05-15 11:15:00,451.8,453.35,449.0,450.05,67066
2025-05-15 12:15:00,450.1,453.95,448.2,450.7,53728
2025-05-15 13:15:00,450.6,456.9,449.25,454.8,101829
2025-05-15 14:15:00,454.8,456.9,453.1,456.0,77973
2025-05-15 15:15:00,456.0,459.0,451.25,456.0,131156
2025-05-16 09:15:00,453.95,459.0,453.0,453.15,101388
2025-05-16 10:15:00,453.6,455.0,452.05,452.75,45592
2025-05-16 11:15:00,452.75,455.85,452.75,455.0,50466
2025-05-16 12:15:00,455.0,456.6,454.3,456.05,30455
2025-05-16 13:15:00,456.3,456.3,454.0,454.5,36012
2025-05-16 14:15:00,454.5,456.5,451.05,454.9,122473
2025-05-16 15:15:00,454.9,456.5,453.05,453.55,37297
2025-05-19 09:15:00,455.05,470.1,454.45,467.0,277952
2025-05-19 10:15:00,467.3,472.0,461.55,462.4,155531
2025-05-19 11:15:00,462.55,464.9,461.1,463.95,31641
2025-05-19 12:15:00,463.9,466.7,462.9,464.55,51886
2025-05-19 13:15:00,464.3,469.5,461.0,463.8,152584
2025-05-19 14:15:00,463.9,471.0,461.95,468.8,138238
2025-05-19 15:15:00,469.0,471.95,467.8,471.9,75292
2025-05-20 09:15:00,472.4,475.65,466.9,473.7,137895
2025-05-20 10:15:00,473.65,478.8,473.5,474.25,82028
2025-05-20 11:15:00,474.5,476.95,473.2,475.75,45267
2025-05-20 12:15:00,475.75,477.0,474.3,475.25,35896
2025-05-20 13:15:00,475.35,475.4,467.55,467.85,59575
2025-05-20 14:15:00,467.8,469.6,466.8,468.2,49918
2025-05-20 15:15:00,468.0,468.0,465.0,465.5,38413
2025-05-21 09:15:00,464.35,475.0,459.05,471.7,164301
2025-05-21 10:15:00,471.95,483.0,470.75,475.3,160995
2025-05-21 11:15:00,475.35,478.0,470.55,471.05,88719
2025-05-21 12:15:00,471.05,474.6,468.3,472.0,45363
2025-05-21 13:15:00,472.2,473.4,471.05,473.05,18531
2025-05-21 14:15:00,473.4,476.4,471.55,473.4,42784
2025-05-21 15:15:00,473.3,476.4,471.5,475.9,48484
2025-05-22 09:15:00,475.0,478.35,470.75,475.0,72605
2025-05-22 10:15:00,474.75,477.9,472.65,473.25,75371
2025-05-22 11:15:00,472.9,475.8,472.85,475.15,22126
2025-05-22 12:15:00,475.15,475.2,472.05,473.1,39241
2025-05-22 13:15:00,473.15,473.55,468.35,468.5,20795
2025-05-22 14:15:00,468.5,473.9,465.9,468.6,87990
2025-05-22 15:15:00,468.65,471.5,467.5,471.5,27273
2025-05-23 09:15:00,468.9,474.9,467.1,470.1,77345
2025-05-23 10:15:00,470.25,471.65,468.35,470.95,26931
2025-05-23 11:15:00,470.9,476.0,470.5,474.6,40710
2025-05-23 12:15:00,474.65,475.3,470.45,471.05,57235
2025-05-23 13:15:00,471.0,472.0,469.75,471.0,31427
2025-05-23 14:15:00,470.85,471.25,468.0,469.5,68679
2025-05-23 15:15:00,469.65,470.6,468.5,470.5,44172
2025-05-26 09:15:00,450.2,450.2,434.6,439.45,806996
2025-05-26 10:15:00,439.25,439.45,435.0,437.4,192591
2025-05-26 11:15:00,437.4,445.0,434.7,438.6,468808
2025-05-26 12:15:00,438.4,443.75,438.15,443.65,94308
2025-05-26 13:15:00,443.75,448.7,442.95,448.0,193944
2025-05-26 14:15:00,448.0,451.45,444.0,444.45,314998
2025-05-26 15:15:00,444.45,447.0,442.55,447.0,99673
2025-05-27 09:15:00,443.45,448.55,439.0,440.25,322491
2025-05-27 10:15:00,440.3,444.1,436.35,444.0,208014
2025-05-27 11:15:00,443.8,444.8,437.3,438.2,146119
2025-05-27 12:15:00,438.2,439.9,433.5,433.8,139886
2025-05-27 13:15:00,433.75,434.45,428.25,433.3,332786
2025-05-27 14:15:00,433.3,434.35,429.25,430.85,222333
2025-05-27 15:15:00,430.85,432.9,428.1,430.45,103484
2025-05-28 09:15:00,432.25,446.45,432.05,437.9,318708
2025-05-28 10:15:00,437.7,438.9,433.0,436.4,222795
2025-05-28 11:15:00,436.4,436.9,433.5,434.45,53482
2025-05-28 12:15:00,434.4,435.9,433.1,435.75,52781
2025-05-28 13:15:00,435.7,436.8,434.25,436.25,34270
2025-05-28 14:15:00,436.25,436.6,433.05,434.1,73711
2025-05-28 15:15:00,434.0,438.9,433.25,436.0,76824
2025-05-29 09:15:00,437.05,442.85,433.85,437.75,183871
2025-05-29 10:15:00,437.85,438.05,434.05,435.8,115747
2025-05-29 11:15:00,435.5,436.35,432.05,434.4,121621
2025-05-29 12:15:00,434.05,438.05,434.0,435.95,76866
2025-05-29 13:15:00,435.65,435.95,433.1,434.65,59758
2025-05-29 14:15:00,434.65,437.95,433.45,437.4,75481
2025-05-29 15:15:00,437.4,438.45,435.0,436.45,39880
2025-05-30 09:15:00,441.1,441.1,434.05,434.75,67888
2025-05-30 10:15:00,434.9,435.95,434.35,435.75,23607
2025-05-30 11:15:00,435.75,440.2,435.4,438.5,119981
2025-05-30 12:15:00,438.5,438.8,436.95,438.5,25458
2025-05-30 13:15:00,438.5,438.8,434.65,434.7,37598
2025-05-30 14:15:00,434.7,436.65,434.55,436.15,36531
2025-05-30 15:15:00,436.25,440.0,436.0,437.5,56415
2025-06-02 09:15:00,433.0,436.6,431.1,435.05,87032
2025-06-02 10:15:00,435.05,435.5,433.25,434.05,48282
2025-06-02 11:15:00,434.5,435.85,433.95,435.5,26967
2025-06-02 12:15:00,435.4,435.6,434.0,434.75,14749
2025-06-02 13:15:00,434.35,435.75,434.2,435.55,16246
2025-06-02 14:15:00,435.55,435.55,432.6,434.45,59095
2025-06-02 15:15:00,434.4,434.5,433.05,434.35,23236
2025-06-03 09:15:00,439.7,440.7,434.5,437.6,80309
2025-06-03 10:15:00,437.9,443.45,437.3,439.25,56434
2025-06-03 11:15:00,439.6,440.4,437.6,440.2,21573
2025-06-03 12:15:00,440.25,440.25,436.65,438.15,24175
2025-06-03 13:15:00,438.2,439.25,437.45,438.65,23033
2025-06-03 14:15:00,438.65,438.65,435.05,435.05,47279
2025-06-03 15:15:00,435.35,436.9,434.0,436.9,28551
2025-06-04 09:15:00,435.05,438.9,433.85,436.65,55252
2025-06-04 10:15:00,436.65,438.5,436.25,437.1,19635
2025-06-04 11:15:00,437.5,438.45,436.95,437.8,16617
2025-06-04 12:15:00,437.8,438.5,437.2,437.8,12188
2025-06-04 13:15:00,437.8,441.55,437.15,439.9,54953
2025-06-04 14:15:00,439.85,439.9,437.7,438.55,35275
2025-06-04 15:15:00,438.75,439.85,437.7,438.65,21714
2025-06-05 09:15:00,440.0,445.85,439.05,445.85,82247
2025-06-05 10:15:00,445.85,454.0,445.0,449.9,265515
2025-06-05 11:15:00,450.0,450.4,447.65,448.2,29582
2025-06-05 12:15:00,447.75,448.3,444.6,445.45,42722
2025-06-05 13:15:00,445.4,445.8,441.2,442.3,47484
2025-06-05 14:15:00,442.0,442.45,440.85,442.1,46511
2025-06-05 15:15:00,442.1,444.3,441.2,441.6,39527
2025-06-06 09:15:00,444.2,447.4,440.3,441.6,63327
2025-06-06 10:15:00,441.6,443.5,440.4,442.05,21404
2025-06-06 11:15:00,442.05,442.95,437.95,438.75,50273
2025-06-06 12:15:00,438.75,439.35,437.95,438.9,15857
2025-06-06 13:15:00,438.9,439.55,438.0,438.4,14394
2025-06-06 14:15:00,438.05,438.95,436.0,436.4,36585
2025-06-06 15:15:00,436.6,437.5,434.0,435.8,32605
2025-06-09 09:15:00,438.7,444.7,436.25,440.55,86160
2025-06-09 10:15:00,440.6,441.0,437.5,438.9,36231
2025-06-09 11:15:00,438.85,442.15,438.4,441.9,24599
2025-06-09 12:15:00,441.9,451.2,441.25,448.0,106976
2025-06-09 13:15:00,448.0,451.2,446.55,450.05,100075
2025-06-09 14:15:00,450.35,450.8,446.45,448.0,58233
2025-06-09 15:15:00,448.0,451.2,448.0,450.1,54447
2025-06-10 09:15:00,454.0,456.6,447.35,451.4,184986
2025-06-10 10:15:00,451.15,452.15,450.0,451.35,41551
2025-06-10 11:15:00,451.35,453.5,450.85,452.65,57075
2025-06-10 12:15:00,452.7,452.8,451.75,452.15,57502
2025-06-10 13:15:00,452.25,452.8,447.55,448.15,63278
2025-06-10 14:15:00,448.1,455.45,447.8,453.0,140268
2025-06-10 15:15:00,453.15,455.0,450.1,450.1,31033
2025-06-11 09:15:00,455.1,460.0,451.2,454.1,173210
2025-06-11 10:15:00,454.1,456.9,451.95,455.05,47248
2025-06-11 11:15:00,455.4,458.4,454.75,455.9,49557
2025-06-11 12:15:00,455.9,456.2,453.9,454.55,33588
2025-06-11 13:15:00,454.55,455.7,448.3,453.25,82662
2025-06-11 14:15:00,452.9,457.5,450.55,454.85,48069
2025-06-11 15:15:00,454.85,455.8,447.25,453.05,84649
2025-06-12 09:15:00,451.0,457.5,450.2,453.25,87213
2025-06-12 10:15:00,453.25,455.55,450.3,453.6,53426
2025-06-12 11:15:00,453.55,456.0,452.5,454.1,51051
2025-06-12 12:15:00,454.1,455.25,453.0,454.0,27762
2025-06-12 13:15:00,454.0,454.0,446.25,447.25,86471
2025-06-12 14:15:00,447.3,450.85,446.4,447.8,54360
2025-06-12 15:15:00,447.8,451.9,446.25,449.9,42082
2025-06-13 09:15:00,440.65,453.05,440.0,451.5,99886
2025-06-13 10:15:00,451.8,453.7,449.1,449.2,34717
2025-06-13 11:15:00,449.45,450.8,448.7,449.35,18583
2025-06-13 12:15:00,449.0,449.7,446.35,447.4,20484
2025-06-13 13:15:00,447.4,451.35,447.0,449.65,42300
2025-06-13 14:15:00,449.65,450.0,448.5,449.25,33650
2025-06-13 15:15:00,449.1,450.25,447.15,448.1,29832
2025-06-16 09:15:00,448.95,451.65,441.45,448.85,92610
2025-06-16 10:15:00,448.55,450.35,448.25,448.85,17097
2025-06-16 11:15:00,448.95,451.25,446.5,448.4,21778
2025-06-16 12:15:00,448.35,449.85,447.2,449.4,15212
2025-06-16 13:15:00,449.4,451.1,446.75,448.2,39722
2025-06-16 14:15:00,448.25,449.95,447.6,448.8,20372
2025-06-16 15:15:00,448.95,451.1,447.85,448.8,37475
2025-06-17 09:15:00,448.7,455.9,447.15,455.0,65746
2025-06-17 10:15:00,455.0,456.85,453.15,453.4,47150
2025-06-17 11:15:00,453.75,454.65,450.2,450.8,18856
2025-06-17 12:15:00,450.8,452.0,447.6,448.25,29078
2025-06-17 13:15:00,448.25,451.15,447.05,450.0,44408
2025-06-17 14:15:00,450.0,453.6,447.6,448.05,54556
2025-06-17 15:15:00,448.05,451.95,447.45,450.0,95145
2025-06-18 09:15:00,450.05,453.25,447.6,452.15,32715
2025-06-18 10:15:00,452.05,452.2,449.3,450.5,17356
2025-06-18 11:15:00,450.85,452.05,449.65,450.8,15726
2025-06-18 12:15:00,451.15,451.35,448.6,450.65,19761
2025-06-18 13:15:00,450.65,451.0,448.5,450.3,16616
2025-06-18 14:15:00,450.3,450.5,446.1,450.0,34587
2025-06-18 15:15:00,450.05,451.0,448.15,450.6,34782
2025-06-19 09:15:00,450.95,455.35,448.05,451.85,77364
2025-06-19 10:15:00,451.85,459.0,450.35,457.6,121947
2025-06-19 11:15:00,457.6,459.5,448.0,449.05,129781
2025-06-19 12:15:00,448.6,449.55,444.6,446.3,38825
2025-06-19 13:15:00,446.2,447.9,443.0,444.1,26662
2025-06-19 14:15:00,444.4,445.75,441.8,441.8,20738
2025-06-19 15:15:00,441.85,442.35,437.35,437.9,27307
2025-06-20 09:15:00,440.05,447.5,436.3,438.85,90305
2025-06-20 10:15:00,439.1,443.95,437.05,441.1,24629
2025-06-20 11:15:00,441.1,441.2,437.15,437.6,18647
2025-06-20 12:15:00,437.3,437.3,432.85,433.55,36760
2025-06-20 13:15:00,433.5,434.5,431.8,432.25,19731
2025-06-20 14:15:00,432.35,435.4,430.0,431.9,110818
2025-06-20 15:15:00,431.85,435.0,427.95,432.0,133118
2025-06-23 09:15:00,430.05,434.4,423.95,426.2,107591
2025-06-23 10:15:00,426.25,426.45,421.35,422.75,70846
2025-06-23 11:15:00,422.8,426.8,420.75,424.85,52356
2025-06-23 12:15:00,425.0,431.55,424.65,430.0,75931
2025-06-23 13:15:00,430.15,431.65,428.75,429.35,40965
2025-06-23 14:15:00,429.4,431.45,429.0,430.0,33661
2025-06-23 15:15:00,430.05,432.0,429.05,430.0,25854
2025-06-24 09:15:00,435.05,438.4,434.0,436.65,50584
2025-06-24 10:15:00,436.65,443.0,436.5,442.5,103826
2025-06-24 11:15:00,442.3,447.0,442.0,445.85,63123
2025-06-24 12:15:00,445.6,447.0,444.4,444.95,29652
2025-06-24 13:15:00,444.9,446.6,437.9,440.0,55698
2025-06-24 14:15:00,440.0,442.9,439.55,440.3,68526
2025-06-24 15:15:00,440.3,441.6,438.7,440.5,24776
2025-06-25 09:15:00,444.3,450.8,443.45,447.05,68294
2025-06-25 10:15:00,447.05,448.4,446.3,446.8,17765
2025-06-25 11:15:00,446.85,446.95,442.55,442.75,28862
2025-06-25 12:15:00,443.0,443.3,439.7,440.0,18774
2025-06-25 13:15:00,440.0,441.9,437.25,438.6,44109
2025-06-25 14:15:00,438.6,441.2,438.35,438.75,41043
2025-06-25 15:15:00,438.8,440.4,437.75,440.0,31434
2025-06-26 09:15:00,440.1,448.4,440.1,443.5,71434
2025-06-26 10:15:00,443.65,443.95,441.2,442.3,16770
2025-06-26 11:15:00,442.25,442.4,438.05,442.0,24717
2025-06-26 12:15:00,442.0,442.0,437.05,438.95,22496
2025-06-26 13:15:00,438.6,441.85,438.2,441.0,20076
2025-06-26 14:15:00,441.2,450.0,440.7,445.25,266426
2025-06-26 15:15:00,445.3,446.5,445.0,446.1,54961
2025-06-27 09:15:00,448.0,451.95,446.2,449.55,110930
2025-06-27 10:15:00,449.55,449.6,444.85,445.7,31077
2025-06-27 11:15:00,445.7,447.55,445.0,446.45,16834
2025-06-27 12:15:00,446.45,448.9,445.25,447.3,32614
2025-06-27 13:15:00,447.3,450.0,446.1,448.45,23600
2025-06-27 14:15:00,448.85,452.0,445.15,451.3,120970
2025-06-27 15:15:00,451.6,452.0,448.85,450.2,71325
2025-06-30 09:15:00,450.25,453.6,445.3,446.85,60034
2025-06-30 10:15:00,446.85,450.0,444.75,445.5,43935
2025-06-30 11:15:00,445.8,446.8,445.25,446.0,15474
2025-06-30 12:15:00,445.95,446.55,443.2,443.95,15798
2025-06-30 13:15:00,443.9,445.5,443.1,444.05,24784
2025-06-30 14:15:00,444.05,445.25,441.5,444.55,48706
2025-06-30 15:15:00,444.4,444.95,442.0,444.35,29524
2025-07-01 09:15:00,444.5,445.55,437.5,437.8,58036
2025-07-01 10:15:00,437.6,438.45,435.7,437.05,30279
2025-07-01 11:15:00,437.0,437.25,435.05,435.5,19844
2025-07-01 12:15:00,435.5,438.2,435.5,436.5,19377
2025-07-01 13:15:00,436.35,436.8,435.5,435.7,20302
2025-07-01 14:15:00,435.85,440.7,435.65,438.05,36513
2025-07-01 15:15:00,438.1,438.1,435.1,435.5,27785
2025-07-02 09:15:00,436.6,441.85,432.1,433.0,62279
2025-07-02 10:15:00,433.25,434.5,432.5,434.4,17491
2025-07-02 11:15:00,434.5,434.85,433.4,434.35,15522
2025-07-02 12:15:00,434.3,436.5,433.3,435.35,15848
2025-07-02 13:15:00,435.5,436.55,431.0,432.9,42221
2025-07-02 14:15:00,432.85,433.3,428.75,432.1,83598
2025-07-02 15:15:00,432.3,432.95,430.15,432.5,29678
2025-07-03 09:15:00,432.7,436.95,431.1,431.2,42800
2025-07-03 10:15:00,431.4,431.95,430.5,431.1,15543
2025-07-03 11:15:00,430.85,433.7,430.65,433.5,17742
2025-07-03 12:15:00,433.5,434.05,432.45,433.15,20622
2025-07-03 13:15:00,433.25,434.45,432.0,432.4,13093
2025-07-03 14:15:00,432.05,435.0,430.4,433.2,36241
2025-07-03 15:15:00,433.3,434.9,432.95,434.05,15817
2025-07-04 09:15:00,435.6,437.95,431.25,432.6,27755
2025-07-04 10:15:00,432.6,433.7,431.85,432.35,13023
2025-07-04 11:15:00,432.35,433.2,430.05,430.3,15626
2025-07-04 12:15:00,430.7,432.55,430.3,432.45,13679
2025-07-04 13:15:00,432.5,432.5,428.95,430.65,23298
2025-07-04 14:15:00,430.25,435.0,430.05,432.6,20961
2025-07-04 15:15:00,432.85,433.0,431.0,432.0,13449
2025-07-07 09:15:00,433.1,435.6,428.3,429.75,40365
2025-07-07 10:15:00,429.9,430.15,429.25,429.5,11923
2025-07-07 11:15:00,429.5,430.1,426.5,427.35,35291
2025-07-07 12:15:00,427.35,428.35,425.7,425.7,46632
2025-07-07 13:15:00,425.7,426.75,425.25,425.45,27982
2025-07-07 14:15:00,425.45,428.45,423.3,427.4,45110
2025-07-07 15:15:00,427.3,428.0,425.0,425.35,19291
2025-07-08 09:15:00,427.2,435.2,423.85,425.65,59809
2025-07-08 10:15:00,425.65,425.95,421.0,421.8,30697
2025-07-08 11:15:00,421.85,424.0,421.45,422.85,25337
2025-07-08 12:15:00,422.45,424.0,422.2,423.55,9783
2025-07-08 13:15:00,423.9,425.6,423.0,425.3,19022
2025-07-08 14:15:00,425.05,425.45,421.2,423.1,46669
2025-07-08 15:15:00,423.4,425.4,422.8,424.0,15894
2025-07-09 09:15:00,425.0,429.5,423.2,424.7,42900
2025-07-09 10:15:00,424.65,427.0,423.6,426.75,16136
2025-07-09 11:15:00,426.75,437.0,424.25,431.75,178109
2025-07-09 12:15:00,431.7,432.55,429.1,429.25,38281
2025-07-09 13:15:00,429.25,436.5,429.0,434.85,100161
2025-07-09 14:15:00,435.2,435.4,432.45,433.4,54844
2025-07-09 15:15:00,433.8,434.0,431.6,433.0,38972
2025-07-10 09:15:00,429.25,432.4,422.8,426.1,199115
2025-07-10 10:15:00,426.1,427.2,425.1,425.5,29090
2025-07-10 11:15:00,425.5,433.0,425.5,432.05,55919
2025-07-10 12:15:00,432.45,434.95,426.8,427.0,37256
2025-07-10 13:15:00,427.2,431.35,426.8,430.8,23810
2025-07-10 14:15:00,430.65,443.0,430.5,441.55,254404
2025-07-10 15:15:00,441.9,443.9,440.6,442.2,52105
2025-07-11 09:15:00,441.4,467.0,440.7,460.8,1351056
2025-07-11 10:15:00,460.7,462.3,453.3,454.15,392663
2025-07-11 11:15:00,454.65,456.8,451.0,451.6,147869
2025-07-11 12:15:00,451.8,453.6,448.55,450.45,98679
2025-07-11 13:15:00,450.45,451.85,450.0,451.8,40232
2025-07-11 14:15:00,451.45,455.15,450.2,452.5,208294
2025-07-11 15:15:00,452.6,454.6,450.1,453.2,87795
2025-07-14 09:15:00,453.2,457.25,444.8,448.2,91987
2025-07-14 10:15:00,448.15,449.85,447.1,447.85,18419
2025-07-14 11:15:00,447.6,449.4,447.5,448.75,18486
2025-07-14 12:15:00,448.75,450.35,448.5,449.55,25000
2025-07-14 13:15:00,449.5,450.0,446.0,448.2,25822
2025-07-14 14:15:00,448.0,450.5,440.45,444.1,152571
2025-07-14 15:15:00,444.1,444.7,437.25,440.0,96964
2025-07-15 09:15:00,440.0,448.8,439.15,442.2,76665
2025-07-15 10:15:00,442.15,446.6,440.9,444.0,30793
2025-07-15 11:15:00,443.85,444.0,441.5,442.35,11882
2025-07-15 12:15:00,442.35,443.3,441.45,442.55,15943
2025-07-15 13:15:00,442.55,443.8,441.85,443.25,13086
2025-07-15 14:15:00,443.45,445.4,439.15,444.3,79722
2025-07-15 15:15:00,444.3,445.0,440.15,443.0,35336
2025-07-16 09:15:00,444.95,448.0,441.75,445.55,79585
2025-07-16 10:15:00,445.6,446.95,444.3,445.85,12651
2025-07-16 11:15:00,445.9,446.6,445.05,446.1,8971
2025-07-16 12:15:00,446.0,448.95,445.45,448.45,40867
2025-07-16 13:15:00,448.45,449.5,445.25,445.9,19282
2025-07-16 14:15:00,445.9,445.9,443.55,445.1,27668
2025-07-16 15:15:00,445.35,445.75,444.15,444.4,13289
2025-07-17 09:15:00,446.65,447.8,444.05,446.8,29984
2025-07-17 10:15:00,446.75,447.9,445.25,445.95,15148
2025-07-17 11:15:00,445.55,446.15,444.85,445.5,14059
2025-07-17 12:15:00,445.55,449.6,443.6,443.95,32061
2025-07-17 13:15:00,443.9,444.0,442.3,443.1,21146
2025-07-17 14:15:00,443.1,444.85,442.1,442.9,19411
2025-07-17 15:15:00,442.9,445.0,442.1,444.0,14297
2025-07-18 09:15:00,443.0,446.55,440.05,440.85,51162
2025-07-18 10:15:00,440.85,440.85,437.0,440.2,23768
2025-07-18 11:15:00,440.2,441.9,439.65,440.8,13516
2025-07-18 12:15:00,440.8,444.75,439.2,444.35,13040
2025-07-18 13:15:00,444.35,444.35,441.15,442.7,11237
2025-07-18 14:15:00,442.7,444.7,442.0,443.0,20652
2025-07-18 15:15:00,443.0,444.0,441.0,441.0,12013
2025-07-21 09:15:00,443.0,454.2,439.55,447.35,109309
2025-07-21 10:15:00,447.15,454.95,446.0,454.9,69711
2025-07-21 11:15:00,454.9,456.9,447.0,447.6,125571
2025-07-21 12:15:00,447.75,448.6,445.85,446.95,13768
2025-07-21 13:15:00,446.95,449.1,446.25,446.95,22718
2025-07-21 14:15:00,446.95,449.85,445.35,447.1,25749
2025-07-21 15:15:00,447.2,450.2,445.15,446.8,24179
2025-07-22 09:15:00,449.9,453.85,447.6,448.05,32831
2025-07-22 10:15:00,448.5,448.5,445.25,446.85,13963
2025-07-22 11:15:00,446.85,455.45,446.0,452.5,49937
2025-07-22 12:15:00,452.7,452.9,449.8,450.8,19106
2025-07-22 13:15:00,450.7,450.95,447.65,448.0,11842
2025-07-22 14:15:00,448.0,452.75,447.85,448.6,34969
2025-07-22 15:15:00,448.3,450.0,447.55,447.9,12964
2025-07-23 09:15:00,449.25,451.4,445.05,448.85,48271
2025-07-23 10:15:00,449.0,450.15,447.25,448.1,16599
2025-07-23 11:15:00,448.1,449.35,447.1,447.4,8385
2025-07-23 12:15:00,447.4,448.65,446.25,446.85,10753
2025-07-23 13:15:00,446.85,448.5,445.35,447.1,11323
2025-07-23 14:15:00,447.15,454.0,445.5,451.5,75709
2025-07-23 15:15:00,451.85,455.45,450.0,452.0,66091
2025-07-24 09:15:00,455.15,460.45,451.0,454.0,81874
2025-07-24 10:15:00,453.7,453.7,450.3,451.15,25734
2025-07-24 11:15:00,451.05,452.85,450.05,451.3,15079
2025-07-24 12:15:00,451.35,451.9,449.0,450.45,14853
2025-07-24 13:15:00,450.45,451.8,448.8,449.6,13743
2025-07-24 14:15:00,449.85,451.45,447.75,451.45,33250
2025-07-24 15:15:00,451.05,451.5,447.1,448.5,15456
2025-07-25 09:15:00,448.05,449.45,443.2,443.75,38092
2025-07-25 10:15:00,443.6,443.6,438.0,438.85,26245
2025-07-25 11:15:00,438.5,441.8,437.5,439.85,25936
2025-07-25 12:15:00,439.85,443.55,437.5,440.25,33969
2025-07-25 13:15:00,440.2,441.3,437.35,437.45,16343
2025-07-25 14:15:00,437.75,439.9,435.85,436.9,31476
2025-07-25 15:15:00,436.9,436.9,433.55,434.1,21551
2025-07-28 09:15:00,438.9,439.55,433.45,436.8,41165
2025-07-28 10:15:00,437.2,439.2,434.0,434.25,23971
2025-07-28 11:15:00,434.25,435.35,433.0,433.4,14891
2025-07-28 12:15:00,433.75,434.8,430.0,430.5,13263
2025-07-28 13:15:00,430.75,433.0,430.25,431.4,16266
2025-07-28 14:15:00,431.4,434.45,429.3,430.6,43635
2025-07-28 15:15:00,430.65,433.15,430.0,430.65,17170
2025-07-29 09:15:00,431.0,438.0,429.6,435.75,39375
2025-07-29 10:15:00,435.85,436.75,433.5,435.45,14756
2025-07-29 11:15:00,435.45,437.9,434.7,436.6,11988
2025-07-29 12:15:00,436.6,448.9,436.6,447.95,59852
2025-07-29 13:15:00,447.55,447.55,441.2,442.75,63134
2025-07-29 14:15:00,443.0,446.5,442.2,446.2,35765
2025-07-29 15:15:00,446.2,448.0,445.1,445.1,20398
2025-07-30 09:15:00,446.0,453.65,445.75,447.25,64561
2025-07-30 10:15:00,447.0,448.35,444.0,444.75,26007
2025-07-30 11:15:00,444.7,448.0,443.1,445.65,34269
2025-07-30 12:15:00,445.6,446.5,443.5,444.6,11824
2025-07-30 13:15:00,444.6,447.5,443.35,446.4,16377
2025-07-30 14:15:00,446.4,448.3,446.0,446.75,34377
2025-07-30 15:15:00,447.1,449.5,446.0,448.4,14639
2025-07-31 09:15:00,445.05,449.3,436.1,443.75,44882
2025-07-31 10:15:00,443.75,447.9,443.75,446.9,9798
2025-07-31 11:15:00,447.05,452.4,446.7,448.95,43591
2025-07-31 12:15:00,448.75,451.4,448.5,450.65,11276
2025-07-31 13:15:00,450.6,455.0,450.05,450.5,38977
2025-07-31 14:15:00,450.55,451.1,446.05,446.75,47236
2025-07-31 15:15:00,446.65,448.45,446.0,446.45,17625
2025-08-01 09:15:00,447.0,450.8,444.6,445.85,42548
2025-08-01 10:15:00,445.8,447.55,445.15,445.8,12465
2025-08-01 11:15:00,445.8,446.35,443.95,444.25,16941
2025-08-01 12:15:00,444.45,449.95,442.3,443.5,53407
2025-08-01 13:15:00,443.5,444.1,440.25,441.9,18021
2025-08-01 14:15:00,441.4,443.95,438.1,439.65,50805
2025-08-01 15:15:00,439.65,439.75,438.15,438.3,15756
2025-08-04 09:15:00,527.15,527.15,497.5,512.85,6679985
2025-08-04 10:15:00,512.8,516.2,509.0,513.45,1370151
2025-08-04 11:15:00,513.75,525.0,513.15,520.75,2572734
2025-08-04 12:15:00,520.85,523.7,516.1,518.25,789455
2025-08-04 13:15:00,518.35,518.7,512.25,514.55,1214455
2025-08-04 14:15:00,514.65,527.15,511.55,527.15,2289502
2025-08-04 15:15:00,527.15,527.15,527.15,527.15,257073
2025-08-05 09:15:00,518.0,546.6,515.1,534.55,4117931
2025-08-05 10:15:00,534.55,555.9,534.2,546.0,3276388
2025-08-05 11:15:00,545.5,545.9,533.0,541.2,1172530
2025-08-05 12:15:00,541.2,546.5,540.15,543.4,714738
2025-08-05 13:15:00,543.35,554.5,538.5,542.65,1816544
2025-08-05 14:15:00,542.65,546.05,533.2,537.55,1668953
2025-08-05 15:15:00,537.75,543.9,536.65,539.0,494768
2025-08-06 09:15:00,539.0,554.3,532.6,549.9,1465331
2025-08-06 10:15:00,549.9,550.5,541.1,544.5,505562
2025-08-06 11:15:00,544.5,548.75,542.5,543.2,260005
2025-08-06 12:15:00,543.2,557.9,542.95,553.3,978274
2025-08-06 13:15:00,553.2,599.0,553.15,593.55,4844683
2025-08-06 14:15:00,593.05,607.75,566.0,587.8,10981425
2025-08-06 15:15:00,587.75,596.75,584.0,586.2,2053119
2025-08-07 09:15:00,587.0,607.0,566.05,573.0,4760886
2025-08-07 10:15:00,573.0,575.0,564.4,565.75,881382
2025-08-07 11:15:00,565.85,565.85,556.6,559.55,801549
2025-08-07 12:15:00,559.85,572.3,558.3,563.15,669056
2025-08-07 13:15:00,562.95,563.6,558.0,560.35,358441
2025-08-07 14:15:00,560.6,564.0,553.25,554.6,805948
2025-08-07 15:15:00,554.65,560.7,553.0,554.05,691642
2025-08-08 09:15:00,558.0,562.0,536.0,540.2,786998
2025-08-08 10:15:00,540.15,544.5,537.65,540.95,236277
2025-08-08 11:15:00,541.45,543.4,536.0,538.2,190644
2025-08-08 12:15:00,538.2,539.65,533.1,536.35,227199
2025-08-08 13:15:00,535.5,537.95,530.95,535.2,188616
2025-08-08 14:15:00,535.55,537.95,534.1,535.1,254220
2025-08-08 15:15:00,535.1,536.8,532.0,533.05,184978
2025-08-11 09:15:00,539.9,569.8,537.85,553.7,1280449
2025-08-11 10:15:00,553.7,564.5,552.45,556.8,388787
2025-08-11 11:15:00,556.7,564.0,552.5,559.0,218932
2025-08-11 12:15:00,558.5,560.95,556.6,559.55,109555
2025-08-11 13:15:00,559.4,562.8,556.9,558.0,139173
2025-08-11 14:15:00,558.5,559.5,555.05,556.2,227058
2025-08-11 15:15:00,556.65,558.75,555.1,556.45,134441
2025-08-12 09:15:00,561.8,565.0,551.3,557.1,338012
2025-08-12 10:15:00,557.1,561.95,554.45,560.9,100013
2025-08-12 11:15:00,560.5,562.8,554.65,559.9,119167
2025-08-12 12:15:00,559.9,561.5,557.8,560.0,36766
2025-08-12 13:15:00,560.15,560.75,555.0,555.0,59152
2025-08-12 14:15:00,555.5,557.75,550.25,553.3,124529
2025-08-12 15:15:00,552.9,553.75,548.15,550.0,90759
2025-08-13 09:15:00,553.95,557.75,540.0,552.85,227162
2025-08-13 10:15:00,553.6,572.7,552.0,565.8,463979
2025-08-13 11:15:00,566.2,576.0,562.95,564.05,364983
2025-08-13 12:15:00,564.05,567.45,558.0,561.75,193314
2025-08-13 13:15:00,561.75,565.0,558.85,561.95,83139
2025-08-13 14:15:00,561.95,563.0,557.3,558.95,133110
2025-08-13 15:15:00,559.15,559.25,555.95,558.0,101571
2025-08-14 09:15:00,561.65,564.8,551.05,552.5,158471
2025-08-14 10:15:00,552.95,563.4,552.95,558.45,105709
2025-08-14 11:15:00,558.45,559.9,555.05,556.5,26826
2025-08-14 12:15:00,556.5,556.75,554.1,554.7,27962
2025-08-14 13:15:00,554.7,555.1,548.4,554.45,79575
2025-08-14 14:15:00,554.45,557.7,550.85,554.9,72790
2025-08-14 15:15:00,554.95,554.95,552.0,553.7,62435
2025-08-18 09:15:00,562.0,584.0,559.6,581.4,736077
2025-08-18 10:15:00,581.4,582.55,571.1,581.45,243660
2025-08-18 11:15:00,581.05,588.0,575.1,578.85,374244
2025-08-18 12:15:00,578.2,586.0,576.05,581.4,249903
2025-08-18 13:15:00,580.95,584.35,578.05,580.0,128466
2025-08-18 14:15:00,580.4,586.0,576.3,578.9,363687
2025-08-18 15:15:00,578.9,581.15,576.1,576.1,130315
2025-08-19 09:15:00,582.9,590.95,577.9,580.9,381153
2025-08-19 10:15:00,580.9,587.2,580.0,586.9,153677
2025-08-19 11:15:00,586.9,598.0,585.0,596.15,497483
2025-08-19 12:15:00,596.55,596.55,583.3,587.75,335447
2025-08-19 13:15:00,587.8,590.0,583.15,586.8,149594
2025-08-19 14:15:00,586.9,590.0,585.75,589.85,145890
2025-08-19 15:15:00,590.0,593.0,589.05,592.0,128467
2025-08-20 09:15:00,595.55,603.8,577.2,582.0,765535
2025-08-20 10:15:00,581.95,587.9,578.1,586.95,153764
2025-08-20 11:15:00,586.9,600.0,585.6,598.9,285950
2025-08-20 12:15:00,598.9,605.95,597.5,604.0,363714
2025-08-20 13:15:00,604.8,619.0,603.65,610.9,950614
2025-08-20 14:15:00,610.85,615.0,598.0,599.4,524974
2025-08-20 15:15:00,599.7,600.0,597.3,599.0,153631
2025-08-21 09:15:00,602.9,607.5,594.0,597.15,409552
2025-08-21 10:15:00,597.4,598.7,593.8,598.1,112393
2025-08-21 11:15:00,598.3,601.75,596.75,599.65,67215
2025-08-21 12:15:00,599.65,600.8,598.15,599.25,48025
2025-08-21 13:15:00,599.25,599.35,594.95,598.75,62223
2025-08-21 14:15:00,598.75,600.35,597.9,598.65,139274
2025-08-21 15:15:00,598.25,600.0,596.1,596.5,151866
2025-08-22 09:15:00,595.95,608.95,590.85,597.55,361583
2025-08-22 10:15:00,597.55,604.9,597.4,599.15,201347
2025-08-22 11:15:00,599.3,606.95,598.0,598.9,156196
2025-08-22 12:15:00,598.5,600.5,598.0,600.0,43018
2025-08-22 13:15:00,600.0,600.2,596.85,597.8,62055
2025-08-22 14:15:00,597.8,600.0,594.9,597.8,97342
2025-08-22 15:15:00,597.75,599.0,591.15,597.55,135678
2025-08-25 09:15:00,604.7,606.6,597.55,602.3,271245
2025-08-25 10:15:00,602.3,604.7,597.55,598.9,108160
2025-08-25 11:15:00,598.9,600.05,596.45,597.3,45964
2025-08-25 12:15:00,597.3,598.95,596.3,598.7,24716
2025-08-25 13:15:00,598.7,600.4,597.0,599.5,50275
2025-08-25 14:15:00,599.3,600.0,592.05,593.4,131004
2025-08-25 15:15:00,593.1,595.0,592.0,593.95,94994
2025-08-26 09:15:00,593.9,595.6,581.5,591.4,217521
2025-08-26 10:15:00,591.1,592.6,588.8,591.05,56443
2025-08-26 11:15:00,590.8,598.7,590.6,597.55,119795
2025-08-26 12:15:00,597.6,600.0,592.0,598.5,127510
2025-08-26 13:15:00,598.25,600.0,596.3,596.75,96744
2025-08-26 14:15:00,596.75,597.75,592.0,592.5,111861
2025-08-26 15:15:00,592.7,594.95,588.5,592.0,79172
2025-08-28 09:15:00,591.0,597.3,582.45,595.05,199364
2025-08-28 10:15:00,594.8,597.95,593.0,593.3,68185
2025-08-28 11:15:00,593.45,596.9,592.0,594.75,35766
2025-08-28 12:15:00,594.75,594.75,591.0,591.7,37527
2025-08-28 13:15:00,591.7,594.6,587.75,589.5,46815
2025-08-28 14:15:00,589.5,591.3,583.0,585.0,142760
2025-08-28 15:15:00,585.0,587.9,583.45,586.15,66923
2025-08-29 09:15:00,590.0,599.5,588.1,595.2,177646
2025-08-29 10:15:00,595.5,605.0,590.65,598.25,454641
2025-08-29 11:15:00,598.25,604.9,598.15,600.3,147329
2025-08-29 12:15:00,600.3,601.35,596.55,598.85,75854
2025-08-29 13:15:00,598.85,601.4,595.35,598.0,86607
2025-08-29 14:15:00,598.1,600.95,595.3,597.65,193085
2025-08-29 15:15:00,597.9,599.25,594.05,597.0,90321
2025-09-01 09:15:00,600.0,604.9,595.6,599.45,190396
2025-09-01 10:15:00,599.3,611.6,597.85,606.7,263797
2025-09-01 11:15:00,606.75,607.25,594.35,596.85,168840
2025-09-01 12:15:00,596.9,600.55,596.85,599.75,110927
2025-09-01 13:15:00,599.75,602.0,599.0,600.0,154717
2025-09-01 14:15:00,599.95,606.9,598.2,600.0,228005
2025-09-01 15:15:00,599.9,600.6,598.15,599.95,162816
2025-09-02 09:15:00,601.45,609.9,598.05,600.5,329459
2025-09-02 10:15:00,600.2,600.8,599.25,599.9,57144
2025-09-02 11:15:00,599.85,600.0,596.15,596.55,63356
2025-09-02 12:15:00,596.3,596.7,585.85,587.9,152727
2025-09-02 13:15:00,587.9,588.05,569.5,574.25,373222
2025-09-02 14:15:00,574.6,580.05,572.85,577.95,182532
2025-09-02 15:15:00,577.9,578.0,574.15,576.5,138866
2025-09-03 09:15:00,576.8,591.4,573.6,587.8,272969
2025-09-03 10:15:00,587.5,592.4,585.2,590.45,74789
2025-09-03 11:15:00,590.95,594.0,588.6,591.5,64699
2025-09-03 12:15:00,591.5,591.5,585.55,587.0,53864
2025-09-03 13:15:00,586.9,588.0,585.3,585.95,38770
2025-09-03 14:15:00,586.0,589.7,585.25,586.25,61978
2025-09-03 15:15:00,586.45,588.8,583.3,588.0,77430
2025-09-04 09:15:00,589.05,595.0,570.0,572.15,294225
2025-09-04 10:15:00,572.1,575.0,570.95,572.15,86519
2025-09-04 11:15:00,572.15,574.85,570.3,573.2,60401
2025-09-04 12:15:00,573.3,574.6,571.5,573.85,35654
2025-09-04 13:15:00,573.85,573.85,564.15,564.7,134098
2025-09-04 14:15:00,564.7,565.7,558.5,559.05,207092
2025-09-04 15:15:00,559.1,562.45,556.65,561.5,116377
2025-09-05 09:15:00,563.0,574.15,559.1,573.0,203332
2025-09-05 10:15:00,572.5,583.65,571.0,575.5,278992
2025-09-05 11:15:00,575.25,578.0,572.85,572.9,78820
2025-09-05 12:15:00,573.35,575.9,572.5,573.05,71045
2025-09-05 13:15:00,573.35,577.4,572.95,577.2,49958
2025-09-05 14:15:00,577.2,577.95,567.55,569.45,147264
2025-09-05 15:15:00,569.4,571.0,565.8,568.7,82926
2025-09-08 09:15:00,564.9,583.55,559.8,575.25,356016
2025-09-08 10:15:00,575.2,583.5,572.1,581.2,286802
2025-09-08 11:15:00,580.8,582.6,577.9,580.4,82058
2025-09-08 12:15:00,580.45,584.95,577.0,582.0,93470
2025-09-08 13:15:00,581.7,583.95,578.2,580.0,100776
2025-09-08 14:15:00,579.75,581.0,576.0,576.7,87256
2025-09-08 15:15:00,576.7,578.95,574.3,578.95,61315
2025-09-09 09:15:00,577.95,582.55,569.8,572.5,190953
2025-09-09 10:15:00,572.15,572.85,568.9,570.25,47194
2025-09-09 11:15:00,570.5,580.45,570.05,576.8,68745
2025-09-09 12:15:00,577.15,580.95,576.95,578.55,63886
2025-09-09 13:15:00,578.45,578.8,575.15,576.35,19243
2025-09-09 14:15:00,576.8,588.8,575.5,582.85,332430
2025-09-09 15:15:00,582.75,587.0,579.5,587.0,125786
2025-09-10 09:15:00,585.0,592.3,580.5,587.0,207053
2025-09-10 10:15:00,587.0,588.65,582.1,585.8,60883
2025-09-10 11:15:00,585.8,586.95,582.9,585.0,29903
2025-09-10 12:15:00,585.0,586.85,583.0,585.2,24602
2025-09-10 13:15:00,585.2,586.8,583.8,585.75,51498
2025-09-10 14:15:00,586.0,587.9,581.25,581.95,136265
2025-09-10 15:15:00,581.95,583.35,580.0,581.8,46207
2025-09-11 09:15:00,584.4,587.8,578.2,579.8,103864
2025-09-11 10:15:00,579.8,583.9,579.75,583.85,31620
2025-09-11 11:15:00,583.85,586.9,580.1,586.3,48483
2025-09-11 12:15:00,586.3,587.5,580.05,581.45,59920
2025-09-11 13:15:00,581.55,583.2,580.5,582.75,20026
2025-09-11 14:15:00,582.7,585.0,582.15,583.0,50838
2025-09-11 15:15:00,583.05,586.0,583.0,585.9,44248
2025-09-12 09:15:00,585.0,602.35,579.95,591.65,386734
2025-09-12 10:15:00,591.6,592.0,582.2,588.05,135028
2025-09-12 11:15:00,588.0,595.0,587.9,593.8,100312
2025-09-12 12:15:00,593.35,599.9,593.0,598.85,158192
2025-09-12 13:15:00,598.5,599.9,594.7,596.35,87549
2025-09-12 14:15:00,596.4,596.6,587.2,588.85,223133
2025-09-12 15:15:00,588.85,590.5,587.1,588.5,48945
2025-09-15 09:15:00,590.2,601.0,590.2,597.3,244442
2025-09-15 10:15:00,597.3,601.95,596.0,600.0,308996
2025-09-15 11:15:00,600.0,600.7,597.95,598.4,119097
2025-09-15 12:15:00,598.5,604.5,598.3,604.5,420597
2025-09-15 13:15:00,604.4,638.9,604.0,625.55,3258953
2025-09-15 14:15:00,625.5,634.5,622.1,625.45,1368196
2025-09-15 15:15:00,625.6,632.0,623.4,631.0,345023
2025-09-16 09:15:00,639.75,639.75,618.05,622.35,965837
2025-09-16 10:15:00,622.4,625.6,620.05,621.15,192820
2025-09-16 11:15:00,621.15,622.25,615.6,616.95,251660
2025-09-16 12:15:00,616.8,617.25,605.8,608.0,404447
2025-09-16 13:15:00,608.0,622.8,607.5,619.8,486260
2025-09-16 14:15:00,619.8,624.55,614.3,620.05,335950
2025-09-16 15:15:00,620.05,620.35,615.05,617.0,178947
2025-09-17 09:15:00,621.0,621.95,609.0,609.7,232648
2025-09-17 10:15:00,609.3,614.2,608.0,608.1,119253
2025-09-17 11:15:00,608.1,610.45,607.05,607.55,61923
2025-09-17 12:15:00,607.55,608.1,602.75,606.85,85807
2025-09-17 13:15:00,606.85,607.9,603.15,604.8,67531
2025-09-17 14:15:00,604.5,607.05,601.6,603.4,144386
2025-09-17 15:15:00,603.4,604.0,600.2,601.8,142037
2025-09-18 09:15:00,605.2,605.3,588.25,590.85,362633
2025-09-18 10:15:00,591.0,593.0,583.55,585.1,170055
2025-09-18 11:15:00,585.2,586.6,580.6,582.8,225998
2025-09-18 12:15:00,582.8,583.55,573.5,575.8,356828
2025-09-18 13:15:00,576.15,576.5,572.0,574.25,174179
2025-09-18 14:15:00,574.1,575.0,567.05,568.8,373994
2025-09-18 15:15:00,568.8,569.95,566.0,568.3,309496
2025-09-19 09:15:00,570.55,576.5,565.0,575.75,539390
2025-09-19 10:15:00,575.75,578.6,572.3,575.65,225284
2025-09-19 11:15:00,575.65,578.0,573.0,576.4,147972
2025-09-19 12:15:00,576.3,576.3,571.2,572.75,93077
2025-09-19 13:15:00,572.75,574.85,570.75,573.65,69835
2025-09-19 14:15:00,573.9,576.55,572.25,574.15,276297
2025-09-19 15:15:00,574.1,575.0,573.0,575.0,214205
2025-09-22 09:15:00,575.0,597.4,570.0,595.8,627589
2025-09-22 10:15:00,595.3,612.0,588.0,589.2,1551485
2025-09-22 11:15:00,589.2,596.0,586.0,591.4,441421
2025-09-22 12:15:00,591.4,593.05,586.2,588.95,144574
2025-09-22 13:15:00,588.6,592.25,587.5,588.9,135340
2025-09-22 14:15:00,588.75,589.0,581.25,585.9,236506
2025-09-22 15:15:00,585.9,587.65,581.0,584.8,206274
2025-09-23 09:15:00,585.0,592.0,581.75,587.0,312579
2025-09-23 10:15:00,586.6,589.2,585.0,588.55,65852
2025-09-23 11:15:00,588.3,588.3,583.1,583.65,109815
2025-09-23 12:15:00,583.4,589.7,583.05,587.2,86351
2025-09-23 13:15:00,587.4,589.9,585.0,587.65,76060
2025-09-23 14:15:00,587.3,591.5,585.15,586.0,197530
2025-09-23 15:15:00,586.0,587.6,580.3,585.2,142084
2025-09-24 09:15:00,585.35,589.5,582.9,588.0,136513
2025-09-24 10:15:00,587.55,588.9,585.0,586.8,56008
2025-09-24 11:15:00,586.9,587.8,585.0,586.0,19302
2025-09-24 12:15:00,586.2,587.7,585.05,586.0,21289
2025-09-24 13:15:00,585.95,587.45,585.0,586.25,37687
2025-09-24 14:15:00,586.25,586.55,577.6,582.0,143835
2025-09-24 15:15:00,581.85,582.25,579.15,581.9,74855
2025-09-25 09:15:00,583.05,587.95,580.95,587.05,116266
2025-09-25 10:15:00,587.05,594.65,585.8,586.75,187606
2025-09-25 11:15:00,586.9,587.75,582.5,583.4,37015
2025-09-25 12:15:00,583.65,584.9,582.05,583.5,32127
2025-09-25 13:15:00,583.5,584.75,582.0,584.1,34375
2025-09-25 14:15:00,584.1,590.0,582.55,584.15,173844
2025-09-25 15:15:00,584.15,586.65,582.0,583.3,46159
2025-09-26 09:15:00,582.0,583.8,559.95,576.25,422391
2025-09-26 10:15:00,576.25,577.85,575.0,576.55,39338
2025-09-26 11:15:00,576.1,576.45,567.2,567.45,104977
2025-09-26 12:15:00,567.45,569.75,565.0,566.1,46146
2025-09-26 13:15:00,566.1,566.2,560.2,563.0,122318
2025-09-26 14:15:00,563.0,566.95,562.0,566.0,85494
2025-09-26 15:15:00,566.3,568.05,564.45,565.15,67322
2025-09-29 09:15:00,572.0,575.5,564.05,570.3,135091
2025-09-29 10:15:00,570.3,573.5,563.55,570.3,121597
2025-09-29 11:15:00,570.4,570.4,561.2,562.9,114953
2025-09-29 12:15:00,562.8,563.4,557.1,559.7,72649
2025-09-29 13:15:00,560.0,560.55,558.2,559.7,27459
2025-09-29 14:15:00,559.5,560.3,551.25,551.5,156218
2025-09-29 15:15:00,551.5,553.95,551.25,553.5,66186
2025-09-30 09:15:00,558.0,559.8,550.0,553.5,165110
2025-09-30 10:15:00,553.65,554.85,547.65,548.5,64675
2025-09-30 11:15:00,548.3,549.6,546.2,547.3,38649
2025-09-30 12:15:00,547.7,548.7,544.0,544.9,47561
2025-09-30 13:15:00,544.9,545.2,540.2,540.6,54316
2025-09-30 14:15:00,540.85,542.2,536.4,537.3,134798
2025-09-30 15:15:00,537.25,543.0,536.75,543.0,81961
2025-10-01 09:15:00,542.9,551.55,540.15,544.35,156613
2025-10-01 10:15:00,544.2,546.65,541.25,542.4,38151
2025-10-01 11:15:00,542.4,545.6,542.0,543.25,51943
2025-10-01 12:15:00,543.25,545.9,542.1,544.25,40703
2025-10-01 13:15:00,544.35,549.4,543.8,547.45,55626
2025-10-01 14:15:00,547.2,552.65,546.65,550.8,113706
2025-10-01 15:15:00,550.8,552.4,549.05,550.75,58719
2025-10-03 09:15:00,552.9,561.45,550.0,559.55,191791
2025-10-03 10:15:00,559.9,573.95,558.05,568.55,238931
2025-10-03 11:15:00,568.6,577.65,568.0,573.85,255504
2025-10-03 12:15:00,573.8,573.85,567.5,571.25,158198
2025-10-03 13:15:00,571.2,579.35,569.3,576.75,180164
2025-10-03 14:15:00,576.8,578.2,575.25,577.2,147693
2025-10-03 15:15:00,577.05,579.0,576.05,577.5,107018
2025-10-06 09:15:00,578.0,579.35,572.85,576.1,108382
2025-10-06 10:15:00,576.0,583.8,574.9,580.35,103043
2025-10-06 11:15:00,580.75,582.0,578.0,581.5,47139
2025-10-06 12:15:00,581.75,581.9,578.0,579.8,30326
2025-10-06 13:15:00,579.8,583.0,576.05,581.6,62217
2025-10-06 14:15:00,581.8,586.0,580.6,583.55,82086
2025-10-06 15:15:00,583.55,584.7,580.15,582.0,43102
2025-10-07 09:15:00,580.0,587.9,580.0,581.05,115892
2025-10-07 10:15:00,581.15,582.7,578.3,580.3,45150
2025-10-07 11:15:00,580.3,580.85,576.8,579.25,31674
2025-10-07 12:15:00,579.25,579.7,576.65,577.5,20927
2025-10-07 13:15:00,577.5,578.6,575.0,577.9,34374
2025-10-07 14:15:00,577.6,577.9,572.1,572.6,61137
2025-10-07 15:15:00,572.65,575.65,570.0,572.15,43988
2025-10-08 09:15:00,573.05,573.5,566.75,568.25,78264
2025-10-08 10:15:00,568.1,571.75,565.65,569.65,41848
2025-10-08 11:15:00,569.65,570.9,568.0,569.2,10735
2025-10-08 12:15:00,569.35,570.2,567.0,567.2,15502
2025-10-08 13:15:00,567.1,567.95,564.1,565.15,53191
2025-10-08 14:15:00,565.2,565.45,560.5,560.55,60847
2025-10-08 15:15:00,560.85,563.8,560.5,561.1,31743
2025-10-09 09:15:00,558.0,570.85,558.0,565.2,102146
2025-10-09 10:15:00,565.5,575.2,565.5,574.5,106076
2025-10-09 11:15:00,574.1,576.6,571.25,573.4,78841
2025-10-09 12:15:00,573.6,573.8,569.2,571.45,28354
2025-10-09 13:15:00,571.45,572.65,570.05,571.45,25797
2025-10-09 14:15:00,571.45,573.85,569.7,571.95,48492
2025-10-09 15:15:00,571.95,573.0,568.1,571.0,56506
2025-10-10 09:15:00,574.1,574.1,564.1,564.8,85604
2025-10-10 10:15:00,564.8,568.0,564.55,568.0,42491
2025-10-10 11:15:00,568.05,568.15,562.5,564.15,47905
2025-10-10 12:15:00,564.15,566.5,563.9,566.0,15465
2025-10-10 13:15:00,566.1,569.7,565.5,567.0,40483
2025-10-10 14:15:00,567.3,572.55,567.3,569.5,47982
2025-10-10 15:15:00,569.35,569.35,565.05,567.5,37787
2025-10-13 09:15:00,564.1,564.1,555.0,557.9,114003
2025-10-13 10:15:00,557.5,557.9,553.55,555.25,49378
2025-10-13 11:15:00,555.2,556.8,552.35,553.55,42725
2025-10-13 12:15:00,553.55,560.1,553.5,558.45,36725
2025-10-13 13:15:00,558.05,558.4,555.0,557.2,27202
2025-10-13 14:15:00,556.85,559.35,555.1,556.8,33282
2025-10-13 15:15:00,556.9,559.0,556.8,559.0,38493
2025-10-14 09:15:00,560.0,562.0,545.55,546.4,143033
2025-10-14 10:15:00,546.4,548.0,542.0,543.0,86603
2025-10-14 11:15:00,542.85,544.4,540.6,540.7,64743
2025-10-14 12:15:00,540.75,544.6,539.55,540.25,75083
2025-10-14 13:15:00,540.25,545.15,540.05,541.25,51961
2025-10-14 14:15:00,541.45,543.95,540.0,541.3,90252
2025-10-14 15:15:00,541.15,542.05,540.0,541.3,63127
2025-10-15 09:15:00,542.0,549.8,542.0,549.0,107265
2025-10-15 10:15:00,548.55,549.7,547.0,549.4,74300
2025-10-15 11:15:00,549.2,549.4,545.3,547.5,45099
2025-10-15 12:15:00,547.5,555.15,546.8,549.25,128255
2025-10-15 13:15:00,549.3,550.35,548.15,548.7,29113
2025-10-15 14:15:00,548.7,550.65,545.85,547.65,118038
2025-10-15 15:15:00,547.6,551.9,547.3,551.9,66379
2025-10-16 09:15:00,550.8,554.5,550.0,551.25,73754
2025-10-16 10:15:00,551.1,552.5,545.8,546.15,45332
2025-10-16 11:15:00,546.15,551.15,545.1,550.95,33825
2025-10-16 12:15:00,550.95,551.55,547.0,550.05,39373
2025-10-16 13:15:00,550.05,550.55,543.35,544.75,63706
2025-10-16 14:15:00,544.7,546.9,543.5,545.5,38286
2025-10-16 15:15:00,545.5,546.0,543.35,544.1,31397
2025-10-17 09:15:00,542.05,548.5,539.05,539.55,132363
2025-10-17 10:15:00,539.6,540.6,532.45,536.9,93780
2025-10-17 11:15:00,536.5,539.0,535.4,537.25,27710
2025-10-17 12:15:00,537.25,538.0,527.7,528.2,88603
2025-10-17 13:15:00,527.9,531.85,525.0,530.4,96190
2025-10-17 14:15:00,530.5,531.95,527.0,527.8,71811
2025-10-17 15:15:00,527.8,529.95,526.8,527.7,61292
2025-10-20 09:15:00,529.1,530.35,517.05,518.0,220336
2025-10-20 10:15:00,518.25,519.9,512.4,514.95,160608
2025-10-20 11:15:00,514.75,530.0,513.95,523.95,220455
2025-10-20 12:15:00,524.35,527.75,522.15,526.3,77184
2025-10-20 13:15:00,526.3,530.8,523.15,525.1,90587
2025-10-20 14:15:00,525.25,528.85,523.5,525.2,181651
2025-10-20 15:15:00,525.55,528.0,524.8,527.0,40502
2025-10-21 13:45:00,529.0,549.9,529.0,549.0,313045
2025-10-23 09:15:00,550.95,562.5,539.0,543.05,493008
2025-10-23 10:15:00,543.2,544.15,540.2,541.0,50847
2025-10-23 11:15:00,540.95,541.55,537.0,537.65,46942
2025-10-23 12:15:00,537.65,538.8,535.8,538.1,40767
2025-10-23 13:15:00,537.8,538.8,535.55,536.2,37190
2025-10-23 14:15:00,536.25,539.4,534.1,534.9,93996
2025-10-23 15:15:00,534.85,535.95,533.0,534.0,75743
2025-10-24 09:15:00,534.0,538.75,530.7,533.8,94177
2025-10-24 10:15:00,533.75,534.15,530.3,530.6,30355
2025-10-24 11:15:00,530.6,540.0,529.15,538.3,91487
2025-10-24 12:15:00,538.3,545.7,537.3,540.8,132098
2025-10-24 13:15:00,540.75,540.95,536.1,537.1,59798
2025-10-24 14:15:00,537.15,540.95,536.25,539.05,78721
2025-10-24 15:15:00,539.0,540.6,538.2,538.9,36811
2025-10-27 09:15:00,539.2,549.25,538.2,541.65,122431
2025-10-27 10:15:00,541.65,542.7,538.5,539.25,33460
2025-10-27 11:15:00,539.25,540.0,537.65,538.7,32691
2025-10-27 12:15:00,538.7,540.0,537.8,538.3,20627
2025-10-27 13:15:00,538.45,539.05,537.45,538.5,16464
2025-10-27 14:15:00,538.5,541.9,538.4,541.7,79094
2025-10-27 15:15:00,541.7,542.45,541.0,542.45,54438
2025-10-28 09:15:00,541.0,554.6,539.95,549.05,211842
2025-10-28 10:15:00,549.0,549.2,547.0,548.3,36114
2025-10-28 11:15:00,547.85,551.0,547.65,550.0,20379
2025-10-28 12:15:00,549.6,551.9,548.55,549.25,23943
2025-10-28 13:15:00,549.25,549.25,544.75,546.35,44497
2025-10-28 14:15:00,546.3,547.95,543.0,544.3,64304
2025-10-28 15:15:00,544.3,548.0,542.9,545.7,40452
2025-10-29 09:15:00,548.9,578.5,547.15,573.5,1058340
2025-10-29 10:15:00,574.0,575.0,568.0,570.2,281295
2025-10-29 11:15:00,570.65,574.9,564.1,566.3,253239
2025-10-29 12:15:00,566.2,566.2,559.1,562.5,158038
2025-10-29 13:15:00,562.5,563.5,559.0,560.05,88864
2025-10-29 14:15:00,560.05,561.0,555.0,558.15,130109
2025-10-29 15:15:00,558.15,561.0,557.3,560.0,83477
2025-10-30 09:15:00,562.9,562.9,546.1,547.45,166083
2025-10-30 10:15:00,547.3,549.0,544.5,544.55,79679
2025-10-30 11:15:00,544.55,545.15,537.2,537.55,158945
2025-10-30 12:15:00,537.65,539.7,536.6,537.0,70530
2025-10-30 13:15:00,536.95,539.0,535.55,538.0,99501
2025-10-30 14:15:00,538.0,539.05,532.75,535.1,158078
2025-10-30 15:15:00,535.1,537.0,534.0,536.7,109596
2025-10-31 09:15:00,537.9,539.9,530.5,531.9,133082
2025-10-31 10:15:00,531.8,533.0,528.3,528.6,67529
2025-10-31 11:15:00,528.65,530.8,527.65,529.65,37708
2025-10-31 12:15:00,529.4,531.8,529.25,531.45,25008
2025-10-31 13:15:00,531.45,532.95,529.65,532.1,31046
2025-10-31 14:15:00,532.1,532.55,529.0,529.05,42687
2025-10-31 15:15:00,529.25,530.0,528.6,529.6,56276
2025-11-03 09:15:00,531.0,537.1,527.1,530.35,169247
2025-11-03 10:15:00,530.6,547.5,529.6,544.0,377866
2025-11-03 11:15:00,543.6,548.0,541.8,543.15,122522
2025-11-03 12:15:00,543.15,547.15,542.75,545.5,37874
2025-11-03 13:15:00,545.0,546.6,542.9,545.25,54643
2025-11-03 14:15:00,545.65,549.0,544.8,545.85,155703
2025-11-03 15:15:00,545.85,547.0,545.0,546.0,54650
2025-11-04 09:15:00,547.55,549.5,539.05,539.75,125334
2025-11-04 10:15:00,539.35,542.0,537.3,541.1,44558
2025-11-04 11:15:00,540.7,541.1,538.5,539.8,34762
2025-11-04 12:15:00,539.5,540.0,535.3,536.0,36964
2025-11-04 13:15:00,536.0,538.0,535.65,536.1,35745
2025-11-04 14:15:00,536.05,538.5,534.0,534.9,102005
2025-11-04 15:15:00,535.25,536.5,534.55,535.4,32987
2025-11-06 09:15:00,535.5,539.7,527.25,527.95,108748
2025-11-06 10:15:00,527.9,534.6,526.8,532.15,54611
2025-11-06 11:15:00,532.1,532.35,529.15,529.15,21812
2025-11-06 12:15:00,529.3,531.5,527.35,530.6,19525
2025-11-06 13:15:00,530.6,531.85,529.0,530.3,30172
2025-11-06 14:15:00,530.3,532.15,527.0,527.0,54737
2025-11-06 15:15:00,527.15,528.45,525.2,527.5,52413
2025-11-07 09:15:00,532.0,533.6,521.0,523.75,161141
2025-11-07 10:15:00,523.75,530.8,523.35,529.8,43968
2025-11-07 11:15:00,529.8,535.0,528.0,528.8,68021
2025-11-07 12:15:00,528.8,531.8,527.05,530.95,25082
2025-11-07 13:15:00,531.05,538.0,531.0,536.85,132000
2025-11-07 14:15:00,536.85,537.9,532.6,533.75,77870
2025-11-07 15:15:00,533.75,537.0,532.1,536.05,66811
2025-11-10 09:15:00,535.0,537.75,528.2,529.9,166461
2025-11-10 10:15:00,529.7,537.9,528.0,536.5,105890
2025-11-10 11:15:00,536.8,539.95,532.75,537.9,182019
2025-11-10 12:15:00,537.85,541.35,536.9,537.7,138135
2025-11-10 13:15:00,537.95,542.8,536.6,538.55,204216
2025-11-10 14:15:00,538.65,555.0,536.55,543.2,1710930
2025-11-10 15:15:00,543.35,543.9,540.0,541.0,155754
2025-11-11 09:15:00,541.0,544.55,530.0,534.75,301102
2025-11-11 10:15:00,535.1,536.9,531.5,531.8,78003
2025-11-11 11:15:00,531.8,533.45,528.0,531.9,106432
2025-11-11 12:15:00,531.9,534.1,530.35,533.6,42293
2025-11-11 13:15:00,533.3,534.5,530.2,531.25,40375
2025-11-11 14:15:00,530.9,533.0,528.0,528.3,104191
2025-11-11 15:15:00,528.3,530.6,525.55,530.6,75764
2025-11-12 09:15:00,529.9,532.0,524.45,525.4,152379
2025-11-12 10:15:00,525.55,531.9,525.55,527.75,42832
2025-11-12 11:15:00,527.75,529.6,524.45,524.55,57833
2025-11-12 12:15:00,524.7,525.1,523.05,524.15,39710
2025-11-12 13:15:00,524.4,528.0,521.5,525.6,72410
2025-11-12 14:15:00,525.6,529.25,525.6,526.6,71285
2025-11-12 15:15:00,526.6,526.65,523.1,523.1,45125
2025-11-13 09:15:00,528.0,531.5,525.35,526.35,111941
2025-11-13 10:15:00,526.45,529.95,522.45,522.5,76036
2025-11-13 11:15:00,522.5,522.8,517.75,520.5,67242
2025-11-13 12:15:00,520.5,521.45,517.75,518.75,35704
2025-11-13 13:15:00,518.75,520.3,515.5,515.6,69336
2025-11-13 14:15:00,516.0,517.25,513.25,514.6,92535
2025-11-13 15:15:00,514.8,515.15,512.95,513.05,76633
2025-11-14 09:15:00,509.2,520.7,508.0,515.0,149487
2025-11-14 10:15:00,514.95,522.0,514.0,516.85,105640
2025-11-14 11:15:00,516.65,517.8,515.1,516.0,25409
2025-11-14 12:15:00,516.0,519.0,515.1,517.75,58273
2025-11-14 13:15:00,517.7,525.0,517.0,520.5,114476
2025-11-14 14:15:00,520.25,522.6,515.0,519.05,107154
2025-11-14 15:15:00,519.2,519.4,516.0,516.8,48364
2025-11-17 09:15:00,513.0,516.35,512.2,514.95,91695
2025-11-17 10:15:00,514.7,522.8,514.1,520.5,86476
2025-11-17 11:15:00,520.4,520.7,517.25,518.8,34496
2025-11-17 12:15:00,518.7,523.55,518.05,521.25,26223
2025-11-17 13:15:00,521.15,525.8,519.7,524.65,75373
2025-11-17 14:15:00,524.3,525.3,521.75,522.6,60322
2025-11-17 15:15:00,522.3,523.0,520.05,523.0,32538
2025-11-18 09:15:00,519.55,520.9,512.15,512.3,96069
2025-11-18 10:15:00,512.45,516.7,512.4,514.85,43972
2025-11-18 11:15:00,514.5,516.2,513.15,514.45,20097
2025-11-18 12:15:00,514.1,514.9,513.4,513.45,21376
2025-11-18 13:15:00,513.4,515.9,512.05,514.0,52577
2025-11-18 14:15:00,514.35,516.2,510.85,511.4,81858
2025-11-18 15:15:00,511.45,511.45,506.0,507.5,74850
2025-11-19 09:15:00,508.1,510.3,504.15,505.6,83594
2025-11-19 10:15:00,505.6,508.4,503.45,504.0,34599
2025-11-19 11:15:00,503.9,506.95,503.0,504.95,29085
2025-11-19 12:15:00,504.95,508.0,501.9,502.7,40424
2025-11-19 13:15:00,502.8,507.0,500.6,503.4,74603
2025-11-19 14:15:00,503.4,505.8,501.3,503.1,63376
2025-11-19 15:15:00,503.2,505.3,503.0,504.25,78332
2025-11-20 09:15:00,506.6,509.9,501.45,503.35,105461
2025-11-20 10:15:00,503.35,513.0,502.5,509.4,78667
2025-11-20 11:15:00,509.35,511.8,505.55,506.3,49863
2025-11-20 12:15:00,506.35,508.8,505.0,505.5,27601
2025-11-20 13:15:00,505.7,508.6,505.0,507.45,16168
2025-11-20 14:15:00,507.45,509.0,503.05,505.2,56481
2025-11-20 15:15:00,504.95,506.75,503.0,506.0,31542
2025-11-21 09:15:00,502.9,508.15,498.35,499.55,81473
2025-11-21 10:15:00,499.5,500.6,497.7,498.55,39408
2025-11-21 11:15:00,498.55,502.9,498.2,499.0,41246
2025-11-21 12:15:00,499.3,501.25,495.9,496.0,33405
2025-11-21 13:15:00,496.0,497.25,495.0,496.65,34748
2025-11-21 14:15:00,496.65,497.25,489.0,489.95,74514
2025-11-21 15:15:00,489.95,490.8,488.05,490.0,45075
2025-11-24 09:15:00,486.0,488.6,481.95,483.85,131508
2025-11-24 10:15:00,483.65,484.2,474.8,477.15,155100
2025-11-24 11:15:00,477.1,477.2,471.15,471.45,109442
2025-11-24 12:15:00,471.85,481.0,470.4,477.7,173580
2025-11-24 13:15:00,477.8,477.8,474.0,474.55,33218
2025-11-24 14:15:00,474.8,475.45,472.6,473.55,61851
2025-11-24 15:15:00,473.6,474.95,470.0,473.0,62872
2025-11-25 09:15:00,473.0,509.95,471.75,485.5,488657
2025-11-25 10:15:00,485.5,486.85,479.0,481.35,94896
2025-11-25 11:15:00,481.1,490.6,479.0,486.6,183003
2025-11-25 12:15:00,486.35,497.3,485.05,495.5,258649
2025-11-25 13:15:00,495.6,496.5,490.05,494.2,91614
2025-11-25 14:15:00,494.2,495.0,487.25,487.45,115256
2025-11-25 15:15:00,487.45,491.0,487.35,489.0,59317
2025-11-26 09:15:00,487.0,502.4,486.05,493.1,139208
2025-11-26 10:15:00,493.1,495.65,491.5,491.7,23205
2025-11-26 11:15:00,491.75,492.0,488.25,489.35,39865
2025-11-26 12:15:00,489.45,491.7,485.3,489.55,35897
2025-11-26 13:15:00,490.0,490.3,486.0,486.6,46478
2025-11-26 14:15:00,487.05,488.0,485.0,486.1,37983
2025-11-26 15:15:00,486.2,486.3,483.35,485.0,62638
2025-11-27 09:15:00,491.0,496.45,487.1,490.0,226336
2025-11-27 10:15:00,490.0,493.05,489.55,490.8,39462
2025-11-27 11:15:00,490.8,490.95,486.0,489.15,89327
2025-11-27 12:15:00,489.15,489.65,487.5,487.5,12206
2025-11-27 13:15:00,487.85,488.25,485.6,487.15,27958
2025-11-27 14:15:00,487.5,489.0,483.75,487.2,69180
2025-11-27 15:15:00,487.15,489.05,486.5,488.8,34868
2025-11-28 09:15:00,489.25,494.65,484.0,486.95,97581
2025-11-28 10:15:00,487.2,490.15,486.75,489.1,23686
2025-11-28 11:15:00,489.05,491.5,487.75,487.75,60661
2025-11-28 12:15:00,488.15,488.4,485.5,486.5,26311
2025-11-28 13:15:00,486.3,488.75,485.25,487.3,30047
2025-11-28 14:15:00,487.45,491.05,486.0,488.5,49292
2025-11-28 15:15:00,488.45,491.95,488.05,491.75,30417
2025-12-01 09:15:00,494.9,501.0,490.1,498.15,108846
2025-12-01 10:15:00,497.85,498.75,494.0,497.95,37756
2025-12-01 11:15:00,497.95,499.5,495.95,497.55,82680
2025-12-01 12:15:00,497.55,504.0,496.45,501.0,73862
2025-12-01 13:15:00,501.0,504.9,498.45,501.7,108729
2025-12-01 14:15:00,501.7,505.5,500.0,500.95,120932
2025-12-01 15:15:00,501.3,503.45,497.95,500.0,45175
2025-12-02 09:15:00,500.45,500.45,492.3,492.3,72989
2025-12-02 10:15:00,492.3,493.45,488.3,488.75,31670
2025-12-02 11:15:00,488.4,489.7,486.5,489.7,29065
2025-12-02 12:15:00,489.55,491.75,489.0,490.2,21792
2025-12-02 13:15:00,490.0,494.4,490.0,490.75,35784
2025-12-02 14:15:00,490.3,493.3,489.25,492.2,47934
2025-12-02 15:15:00,492.15,493.75,491.35,492.8,34787
2025-12-03 09:15:00,493.3,494.9,484.25,486.15,70957
2025-12-03 10:15:00,486.45,486.6,482.0,483.05,36771
2025-12-03 11:15:00,483.15,485.05,480.1,484.4,43249
2025-12-03 12:15:00,484.4,484.7,481.7,482.6,22197
2025-12-03 13:15:00,482.85,484.95,481.3,481.4,25639
2025-12-03 14:15:00,481.4,485.15,478.7,483.55,59587
2025-12-03 15:15:00,483.6,483.95,481.1,482.0,27343
2025-12-04 09:15:00,485.0,485.1,480.45,483.55,38314
2025-12-04 10:15:00,483.15,486.15,482.2,484.25,18977
2025-12-04 11:15:00,483.8,483.8,478.25,480.3,33195
2025-12-04 12:15:00,479.9,480.2,477.0,477.5,15638
2025-12-04 13:15:00,477.3,480.65,476.25,480.0,26508
2025-12-04 14:15:00,480.3,482.65,476.7,480.6,65779
2025-12-04 15:15:00,480.6,482.0,480.0,480.0,19234
2025-12-05 09:15:00,481.15,481.15,475.0,477.3,30573
2025-12-05 10:15:00,477.4,480.8,476.0,479.7,29396
2025-12-05 11:15:00,479.65,483.5,477.1,477.65,61072
2025-12-05 12:15:00,477.65,479.6,477.05,478.0,17221
2025-12-05 13:15:00,477.85,478.75,473.6,475.5,31886
2025-12-05 14:15:00,475.5,477.45,473.25,476.25,43394
2025-12-05 15:15:00,476.25,477.0,474.1,474.7,21791
2025-12-08 09:15:00,475.85,485.5,472.25,482.15,85400
2025-12-08 10:15:00,482.2,483.2,481.15,482.3,22327
2025-12-08 11:15:00,482.0,486.5,480.15,484.65,134470
2025-12-08 12:15:00,484.3,486.2,483.6,486.0,53276
2025-12-08 13:15:00,485.8,485.85,475.45,476.4,127849
2025-12-08 14:15:00,476.3,479.8,475.0,475.65,54465
2025-12-08 15:15:00,475.6,476.3,470.1,470.65,58630
2025-12-09 09:15:00,472.05,472.05,456.2,463.25,203743
2025-12-09 10:15:00,463.25,479.9,463.25,478.0,188330
2025-12-09 11:15:00,477.65,477.75,472.15,473.7,50729
2025-12-09 12:15:00,473.75,474.45,470.0,474.15,41103
2025-12-09 13:15:00,474.15,476.8,472.8,476.6,19672
2025-12-09 14:15:00,476.6,482.35,474.1,482.2,118043
2025-12-09 15:15:00,482.05,483.0,480.65,482.0,39785
2025-12-10 09:15:00,480.9,499.4,479.9,491.4,142047
2025-12-10 10:15:00,491.8,492.85,483.6,486.05,35755
2025-12-10 11:15:00,486.2,489.0,485.55,486.55,20150
2025-12-10 12:15:00,486.75,487.4,484.3,486.0,15028
2025-12-10 13:15:00,486.2,489.9,485.85,488.45,19717
2025-12-10 14:15:00,488.85,490.45,487.15,488.75,66990
2025-12-10 15:15:00,488.7,490.85,488.0,490.5,40295
2025-12-11 09:15:00,488.0,493.8,485.85,487.85,49735
2025-12-11 10:15:00,487.85,489.3,486.3,488.1,18450
2025-12-11 11:15:00,487.85,488.85,486.3,487.9,11363
2025-12-11 12:15:00,488.4,490.8,485.45,486.5,28375
2025-12-11 13:15:00,486.5,491.0,485.8,486.7,251743
2025-12-11 14:15:00,486.75,488.3,485.6,486.6,30204
2025-12-11 15:15:00,486.65,487.55,485.0,485.0,20633
2025-12-12 09:15:00,489.0,505.85,487.0,498.55,206603
2025-12-12 10:15:00,498.8,501.0,497.5,498.15,138668
2025-12-12 11:15:00,498.0,515.95,497.9,507.85,356994
2025-12-12 12:15:00,507.7,510.75,507.1,508.75,107351
2025-12-12 13:15:00,508.9,510.25,505.3,510.2,69822
2025-12-12 14:15:00,510.2,512.85,508.3,511.75,109791
2025-12-12 15:15:00,511.8,513.25,510.25,511.5,71936
2025-12-15 09:15:00,511.0,514.55,505.55,511.9,90700
2025-12-15 10:15:00,511.85,515.5,508.75,514.0,112919
2025-12-15 11:15:00,514.0,517.3,502.5,506.5,198841
2025-12-15 12:15:00,506.5,509.95,505.65,508.45,49875
2025-12-15 13:15:00,508.45,515.85,508.1,515.35,85137
2025-12-15 14:15:00,515.3,521.0,514.15,520.15,195068
2025-12-15 15:15:00,520.4,522.6,519.9,521.1,76064
2025-12-16 09:15:00,520.0,521.7,510.3,511.1,103984
2025-12-16 10:15:00,511.25,517.25,510.8,515.55,58143
2025-12-16 11:15:00,515.55,516.25,507.15,509.15,64571
2025-12-16 12:15:00,509.2,510.1,507.65,508.8,23337
2025-12-16 13:15:00,508.8,514.0,507.8,509.85,40654
2025-12-16 14:15:00,509.85,510.0,507.4,508.65,39497
2025-12-16 15:15:00,508.5,508.9,505.15,505.5,36033
2025-12-17 09:15:00,509.0,509.0,502.25,502.8,45464
2025-12-17 10:15:00,502.8,502.95,498.25,499.7,28438
2025-12-17 11:15:00,499.7,505.0,499.4,503.7,25269
2025-12-17 12:15:00,503.7,504.95,502.8,503.55,9690
2025-12-17 13:15:00,503.65,504.7,503.15,504.6,40896
2025-12-17 14:15:00,504.3,508.0,503.55,506.3,97555
2025-12-17 15:15:00,506.3,506.85,505.0,505.0,22204
2025-12-18 09:15:00,502.0,504.2,495.05,499.0,65019
2025-12-18 10:15:00,499.0,504.9,498.9,501.4,57907
2025-12-18 11:15:00,501.4,508.05,501.2,508.0,26455
2025-12-18 12:15:00,508.0,511.5,506.5,510.0,48643
2025-12-18 13:15:00,510.0,511.9,509.0,510.0,53470
2025-12-18 14:15:00,510.25,511.75,509.25,511.45,42235
2025-12-18 15:15:00,511.1,513.4,511.0,511.0,42134
2025-12-19 09:15:00,512.9,521.0,512.8,517.8,138759
2025-12-19 10:15:00,517.6,519.15,512.05,512.5,39085
2025-12-19 11:15:00,512.5,513.05,510.15,512.35,18537
2025-12-19 12:15:00,512.35,512.35,504.1,504.1,53436
2025-12-19 13:15:00,504.55,507.6,504.55,505.5,30616
2025-12-19 14:15:00,505.5,512.95,505.15,510.8,70886
2025-12-19 15:15:00,510.85,512.95,507.1,512.95,38881
2025-12-22 09:15:00,516.9,520.0,513.15,513.8,52228
2025-12-22 10:15:00,513.85,515.85,512.75,513.6,21842
2025-12-22 11:15:00,513.6,518.3,513.45,517.25,22167
2025-12-22 12:15:00,517.25,517.35,514.1,515.5,29106
2025-12-22 13:15:00,515.5,517.35,514.0,514.2,17456
2025-12-22 14:15:00,514.55,514.8,510.95,511.9,40776
2025-12-22 15:15:00,511.95,512.7,509.05,510.0,41810
2025-12-23 09:15:00,511.3,526.6,511.3,525.1,179393
2025-12-23 10:15:00,525.55,531.0,521.55,525.45,266673
2025-12-23 11:15:00,525.25,534.5,523.35,528.85,335131
2025-12-23 12:15:00,528.75,530.15,523.7,528.15,120434
2025-12-23 13:15:00,528.15,529.5,524.3,529.0,95682
2025-12-23 14:15:00,528.95,530.2,526.5,528.95,113574
2025-12-23 15:15:00,528.95,532.45,528.0,531.0,123332
2025-12-24 09:15:00,533.8,534.0,527.0,532.6,137284
2025-12-24 10:15:00,532.6,535.0,529.0,529.5,129663
2025-12-24 11:15:00,530.1,532.0,529.0,531.75,25557
2025-12-24 12:15:00,531.35,535.95,531.35,535.85,98573
2025-12-24 13:15:00,535.9,536.9,535.0,535.5,104455
2025-12-24 14:15:00,535.85,537.7,535.0,536.5,99123
2025-12-24 15:15:00,536.1,537.0,535.0,535.6,68067
2025-12-26 09:15:00,538.0,538.0,527.5,528.0,144619
2025-12-26 10:15:00,528.0,529.8,525.75,526.85,53142
2025-12-26 11:15:00,526.85,534.0,525.65,531.6,124687
2025-12-26 12:15:00,531.9,532.85,528.05,530.1,57736
2025-12-26 13:15:00,530.1,530.2,528.0,528.5,36103
2025-12-26 14:15:00,528.5,528.7,523.35,524.25,62075
2025-12-26 15:15:00,524.25,524.65,521.25,523.15,66001
2025-12-29 09:15:00,524.95,534.0,523.15,528.0,128497
2025-12-29 10:15:00,528.0,528.5,525.65,526.0,25222
2025-12-29 11:15:00,526.55,528.7,525.65,526.85,26018
2025-12-29 12:15:00,527.1,527.3,512.7,515.1,97775
2025-12-29 13:15:00,515.1,519.65,513.4,517.95,38783
2025-12-29 14:15:00,517.7,517.75,513.55,515.7,38537
2025-12-29 15:15:00,515.15,516.95,512.7,516.0,38046
2025-12-30 09:15:00,517.25,522.4,511.4,522.25,67560
2025-12-30 10:15:00,522.4,522.95,516.5,517.55,38430
2025-12-30 11:15:00,517.9,524.15,517.3,523.35,35452
2025-12-30 12:15:00,523.4,523.9,515.85,519.0,41991
2025-12-30 13:15:00,519.0,524.05,515.55,521.1,142317
2025-12-30 14:15:00,521.1,522.45,515.55,516.4,74084
2025-12-30 15:15:00,516.4,521.0,515.1,519.75,53814
2025-12-31 09:15:00,523.95,527.0,521.05,523.5,70907
2025-12-31 10:15:00,524.0,527.25,522.15,523.25,45702
2025-12-31 11:15:00,523.45,523.8,521.8,522.9,29630
2025-12-31 12:15:00,522.85,524.95,522.25,523.9,18849
2025-12-31 13:15:00,524.45,524.95,523.0,523.8,21300
2025-12-31 14:15:00,524.1,524.1,520.2,520.8,31822
2025-12-31 15:15:00,520.8,521.5,519.0,520.55,30775
2026-01-01 09:15:00,520.95,523.0,513.1,513.85,81330
2026-01-01 10:15:00,513.7,514.6,512.0,513.25,26640
2026-01-01 11:15:00,513.2,514.6,511.55,514.25,59210
2026-01-01 12:15:00,514.1,514.15,511.0,511.7,15118
2026-01-01 13:15:00,511.7,512.5,507.45,508.15,65510
2026-01-01 14:15:00,508.55,511.0,505.2,509.5,86531
2026-01-01 15:15:00,509.35,513.0,507.5,512.0,50983
2026-01-02 09:15:00,511.35,518.4,511.3,516.55,88989
2026-01-02 10:15:00,516.9,525.8,516.55,521.75,92071
2026-01-02 11:15:00,521.7,523.0,520.05,521.2,22311
2026-01-02 12:15:00,521.3,523.0,519.0,520.0,29950
2026-01-02 13:15:00,520.0,522.3,519.55,521.5,37698
2026-01-02 14:15:00,521.25,523.3,521.05,522.75,33101
2026-01-02 15:15:00,522.55,524.95,522.2,524.95,43863
2026-01-05 09:15:00,525.8,525.8,513.35,516.1,66974
2026-01-05 10:15:00,516.1,517.0,513.45,514.55,23678
2026-01-05 11:15:00,515.25,515.3,500.95,511.2,292579
2026-01-05 12:15:00,510.9,511.9,508.15,509.45,46953
2026-01-05 13:15:00,509.45,512.75,508.9,510.05,53550
2026-01-05 14:15:00,510.05,518.6,510.0,517.7,123322
2026-01-05 15:15:00,517.65,517.7,513.75,515.25,44692
2026-01-06 09:15:00,517.7,517.9,512.9,513.7,50598
2026-01-06 10:15:00,513.7,514.05,505.0,505.8,56099
2026-01-06 11:15:00,505.75,506.0,503.05,505.0,59077
2026-01-06 12:15:00,505.25,506.8,504.3,505.65,17485
2026-01-06 13:15:00,505.8,506.65,502.85,503.2,36602
2026-01-06 14:15:00,503.2,506.25,502.05,504.15,66480
2026-01-06 15:15:00,504.25,505.55,501.1,503.0,92177
2026-01-07 09:15:00,503.5,511.6,501.55,510.5,54885
2026-01-07 10:15:00,510.5,510.9,507.7,509.8,25506
2026-01-07 11:15:00,509.9,509.9,506.75,508.85,19880
2026-01-07 12:15:00,508.8,509.8,507.45,509.4,11376
2026-01-07 13:15:00,509.55,512.55,508.3,510.25,55386
2026-01-07 14:15:00,510.4,512.9,508.9,511.1,67953
2026-01-07 15:15:00,511.1,511.5,509.4,510.5,15492
2026-01-08 09:15:00,509.9,511.05,500.1,501.2,73481
2026-01-08 10:15:00,501.2,501.5,493.0,493.1,84159
2026-01-08 11:15:00,493.15,493.15,481.85,486.2,184939
2026-01-08 12:15:00,486.45,494.4,485.4,493.3,68259
2026-01-08 13:15:00,493.3,494.9,491.5,494.0,74292
2026-01-08 14:15:00,493.95,497.4,493.5,494.5,127384
2026-01-08 15:15:00,494.5,496.0,493.95,495.8,62713
2026-01-09 09:15:00,494.8,494.85,485.1,488.45,73897
2026-01-09 10:15:00,488.7,491.05,485.5,485.75,21042
2026-01-09 11:15:00,485.75,486.15,480.8,481.3,56343
2026-01-09 12:15:00,481.6,484.75,478.1,483.0,51076
2026-01-09 13:15:00,483.05,483.55,478.05,478.3,35238
2026-01-09 14:15:00,478.3,481.5,476.15,478.15,72951
2026-01-09 15:15:00,478.15,478.4,475.0,475.9,57346
2026-01-12 09:15:00,477.75,478.4,465.0,471.6,92365
2026-01-12 10:15:00,471.6,474.25,469.2,469.3,48923
2026-01-12 11:15:00,469.35,480.7,465.0,473.0,173824
2026-01-12 12:15:00,473.1,479.8,472.9,478.85,46974
2026-01-12 13:15:00,478.85,488.45,478.05,487.85,196115
2026-01-12 14:15:00,487.85,496.0,487.85,492.3,225108
2026-01-12 15:15:00,492.7,497.55,492.2,496.0,70433
2026-01-13 09:15:00,495.05,498.3,488.5,489.7,88612
2026-01-13 10:15:00,489.7,491.55,487.25,487.45,17895
2026-01-13 11:15:00,487.65,487.65,485.0,485.25,27037
2026-01-13 12:15:00,485.25,485.25,481.6,482.3,16191
2026-01-13 13:15:00,482.3,483.35,477.25,479.15,44275
2026-01-13 14:15:00,479.15,483.25,478.5,482.85,46947
2026-01-13 15:15:00,482.85,483.9,482.05,483.8,45517
2026-01-14 09:15:00,482.7,492.4,481.55,487.3,88957
2026-01-14 10:15:00,487.3,490.85,484.05,490.65,26454
2026-01-14 11:15:00,490.65,492.0,487.8,488.25,89050
2026-01-14 12:15:00,488.25,490.7,487.9,489.0,9358
2026-01-14 13:15:00,489.3,490.9,488.35,489.65,36371
2026-01-14 14:15:00,489.65,489.7,485.2,486.0,81183
2026-01-14 15:15:00,486.15,487.05,486.0,486.5,31796
2026-01-16 09:15:00,486.45,494.3,483.05,490.35,47212
2026-01-16 10:15:00,490.65,491.85,488.95,489.6,48341
2026-01-16 11:15:00,489.6,490.9,487.9,490.05,19940
2026-01-16 12:15:00,490.05,492.0,489.15,491.0,48597
2026-01-16 13:15:00,491.1,493.3,489.5,492.4,33599
2026-01-16 14:15:00,492.4,493.7,490.8,491.95,47311
2026-01-16 15:15:00,491.55,492.0,490.25,491.0,31039
2026-01-19 09:15:00,488.2,490.6,480.6,487.05,120313
2026-01-19 10:15:00,487.6,487.6,484.0,486.1,39769
2026-01-19 11:15:00,486.1,486.8,485.7,486.4,22513
2026-01-19 12:15:00,486.4,487.15,486.05,486.55,15611
2026-01-19 13:15:00,486.55,488.0,486.25,487.05,19567
2026-01-19 14:15:00,487.05,493.0,486.85,487.3,73022
2026-01-19 15:15:00,487.3,488.0,485.0,487.4,47551
2026-01-20 09:15:00,487.55,491.1,478.15,479.75,64920
2026-01-20 10:15:00,480.0,482.7,475.8,475.9,27052
2026-01-20 11:15:00,476.25,479.7,474.45,474.9,32985
2026-01-20 12:15:00,475.2,475.95,473.0,474.3,20410
2026-01-20 13:15:00,474.65,474.95,466.65,467.1,28708
2026-01-20 14:15:00,467.05,469.55,461.5,463.8,87064
2026-01-20 15:15:00,463.5,463.85,459.95,462.55,30534
2026-01-21 09:15:00,462.4,465.1,453.1,457.9,87371
2026-01-21 10:15:00,458.05,464.4,457.0,462.9,84725
2026-01-21 11:15:00,462.9,466.6,459.9,466.6,31857
2026-01-21 12:15:00,466.6,467.0,462.9,466.3,34857
2026-01-21 13:15:00,466.3,467.8,460.35,461.35,33845
2026-01-21 14:15:00,461.25,463.95,460.95,462.45,37100
2026-01-21 15:15:00,462.45,464.6,460.7,460.7,28221
2026-01-22 09:15:00,464.5,471.0,462.95,468.15,51691
2026-01-22 10:15:00,468.2,468.5,463.0,463.7,12778
2026-01-22 11:15:00,463.7,464.05,461.5,462.85,15477
2026-01-22 12:15:00,462.85,467.3,462.45,465.65,31563
2026-01-22 13:15:00,466.15,468.3,464.7,467.1,13350
2026-01-22 14:15:00,467.2,470.0,466.6,467.8,32783
2026-01-22 15:15:00,467.75,469.25,467.5,468.0,14598
2026-01-23 09:15:00,468.0,471.75,465.65,470.95,29789
2026-01-23 10:15:00,470.75,471.5,468.1,470.9,24601
2026-01-23 11:15:00,471.35,472.95,469.6,472.35,70444
2026-01-23 12:15:00,472.35,474.9,471.5,473.55,25087
2026-01-23 13:15:00,473.5,474.25,472.15,473.7,45414
2026-01-23 14:15:00,473.65,474.55,463.05,464.25,44125
2026-01-23 15:15:00,464.45,464.8,462.05,463.0,15861
2026-01-27 09:15:00,464.9,470.65,459.45,468.65,70745
2026-01-27 10:15:00,468.55,468.55,459.6,462.5,24105
2026-01-27 11:15:00,462.6,470.7,462.0,469.95,20045
2026-01-27 12:15:00,470.0,474.95,469.55,474.2,34157
2026-01-27 13:15:00,474.2,476.05,472.6,475.05,100604
2026-01-27 14:15:00,475.05,476.95,475.0,476.2,40513
2026-01-27 15:15:00,476.2,479.9,475.5,478.9,36101
2026-01-28 09:15:00,477.5,482.4,475.5,479.65,43893
2026-01-28 10:15:00,480.35,484.9,480.0,484.9,30851
2026-01-28 11:15:00,484.85,485.0,482.65,483.15,28288
2026-01-28 12:15:00,483.15,483.35,479.0,481.25,17787
2026-01-28 13:15:00,481.25,483.0,478.9,480.15,22871
2026-01-28 14:15:00,480.2,486.7,479.3,482.25,41458
2026-01-28 15:15:00,482.25,484.5,481.1,483.95,13925
2026-01-29 09:15:00,482.2,488.3,476.8,484.75,126340
2026-01-29 10:15:00,484.8,485.0,480.5,483.6,40416
2026-01-29 11:15:00,483.6,486.7,482.4,482.5,15559
2026-01-29 12:15:00,482.75,485.2,481.1,483.7,28116
2026-01-29 13:15:00,483.85,485.4,481.65,483.05,10938
2026-01-29 14:15:00,482.9,490.0,480.7,486.75,72778
2026-01-29 15:15:00,486.65,490.05,485.55,488.5,32603
2026-01-30 09:15:00,483.35,487.45,476.3,484.35,58469
2026-01-30 10:15:00,484.35,485.95,481.8,483.9,17679
2026-01-30 11:15:00,483.9,485.7,481.95,484.65,16184
2026-01-30 12:15:00,484.65,485.5,482.85,485.0,12085
2026-01-30 13:15:00,485.0,488.6,483.05,487.05,34650
2026-01-30 14:15:00,486.75,489.9,485.85,488.4,23981
2026-01-30 15:15:00,488.15,492.0,488.15,492.0,35785
2026-02-01 09:15:00,489.85,491.25,484.1,486.9,18785
2026-02-01 10:15:00,486.9,489.85,485.0,489.8,17540
2026-02-01 11:15:00,489.2,489.6,480.6,481.05,15592
2026-02-01 12:15:00,481.05,483.0,474.0,477.5,39068
2026-02-01 13:15:00,477.7,479.8,474.5,479.05,20458
2026-02-01 14:15:00,479.05,479.45,471.0,471.1,13963
2026-02-01 15:15:00,471.5,475.8,471.25,474.5,13119
2026-02-02 09:15:00,471.0,477.5,467.0,476.15,48103
2026-02-02 10:15:00,475.95,476.25,470.0,473.2,49877
2026-02-02 11:15:00,473.1,476.45,472.0,475.6,28938
2026-02-02 12:15:00,475.95,477.4,475.3,475.6,10827
2026-02-02 13:15:00,475.95,478.4,474.5,478.0,19434
2026-02-02 14:15:00,478.0,488.55,476.95,487.65,43496
2026-02-02 15:15:00,487.65,489.75,484.1,484.1,26211
2026-02-03 09:15:00,495.0,501.0,489.15,499.25,121250
2026-02-03 10:15:00,499.3,501.0,496.55,499.75,38075
2026-02-03 11:15:00,499.6,503.95,498.95,500.55,44924
2026-02-03 12:15:00,500.65,502.5,499.9,501.0,28890
2026-02-03 13:15:00,501.0,503.65,500.3,502.05,30113
2026-02-03 14:15:00,502.55,508.95,501.95,503.9,134796
2026-02-03 15:15:00,503.9,507.5,502.0,504.0,41179
2026-02-04 09:15:00,501.05,515.95,498.95,511.7,94705
2026-02-04 10:15:00,511.75,512.5,508.35,510.7,35456
2026-02-04 11:15:00,510.55,514.5,509.4,513.9,51809
2026-02-04 12:15:00,513.85,528.55,513.85,520.4,258462
2026-02-04 13:15:00,520.05,522.85,519.75,521.55,57936
2026-02-04 14:15:00,521.55,522.4,520.0,522.0,59884
2026-02-04 15:15:00,522.0,523.0,520.2,520.65,34979
2026-02-05 09:15:00,521.35,538.0,517.25,522.35,312909
2026-02-05 10:15:00,522.35,523.7,519.05,522.55,34960
2026-02-05 11:15:00,522.5,523.8,520.15,521.5,17980
2026-02-05 12:15:00,521.55,522.5,518.75,520.4,21650
2026-02-05 13:15:00,519.95,520.55,515.3,517.55,19881
2026-02-05 14:15:00,517.95,532.6,515.05,530.3,253000
2026-02-05 15:15:00,530.3,531.4,527.45,530.0,68906
2026-02-06 09:15:00,529.45,534.0,517.7,520.85,79414
2026-02-06 10:15:00,520.8,524.45,520.3,523.15,29513
2026-02-06 11:15:00,523.1,527.35,522.8,525.8,38034
2026-02-06 12:15:00,525.6,527.25,524.5,526.1,18113
2026-02-06 13:15:00,526.45,531.0,525.7,530.45,83743
2026-02-06 14:15:00,530.0,531.45,526.05,530.0,73687
2026-02-06 15:15:00,530.25,530.5,528.0,530.0,75777
2026-02-09 09:15:00,499.0,516.5,490.0,508.75,590596
2026-02-09 10:15:00,509.0,515.1,506.35,513.95,94121
2026-02-09 11:15:00,513.55,514.5,508.5,512.55,113742
2026-02-09 12:15:00,512.55,516.0,511.25,515.0,50433
2026-02-09 13:15:00,515.0,518.95,511.15,513.45,132424
2026-02-09 14:15:00,513.35,518.0,511.25,514.0,146541
2026-02-09 15:15:00,514.0,515.0,511.45,514.55,128402
2026-02-10 09:15:00,515.7,519.7,512.3,519.45,102556
2026-02-10 10:15:00,519.45,522.85,516.2,520.8,69647
2026-02-10 11:15:00,520.35,521.75,515.2,516.75,46852
2026-02-10 12:15:00,516.9,516.9,511.3,512.05,49864
2026-02-10 13:15:00,511.8,515.0,510.8,514.65,28914
2026-02-10 14:15:00,514.65,519.1,510.1,510.15,87199
2026-02-10 15:15:00,510.75,512.3,509.05,510.4,45748
2026-02-11 09:15:00,510.15,512.1,495.35,498.05,111257
2026-02-11 10:15:00,498.0,501.8,497.0,498.5,69583
2026-02-11 11:15:00,498.5,504.0,497.8,502.8,24466
2026-02-11 12:15:00,502.8,503.5,499.75,500.8,23590
2026-02-11 13:15:00,500.8,503.55,497.0,501.85,27595
2026-02-11 14:15:00,501.8,504.2,500.0,501.95,40254
2026-02-11 15:15:00,501.95,504.0,500.9,503.6,26418
2026-02-12 09:15:00,510.0,510.0,501.1,505.35,60006
2026-02-12 10:15:00,505.4,506.95,504.0,505.05,14151
2026-02-12 11:15:00,505.5,505.55,501.6,502.0,8554
2026-02-12 12:15:00,501.6,510.0,501.6,503.45,50324
2026-02-12 13:15:00,503.45,512.0,503.45,509.45,93362
2026-02-12 14:15:00,509.4,511.55,498.0,498.85,83647
2026-02-12 15:15:00,498.95,500.8,498.0,499.6,31986
2026-02-13 09:15:00,496.4,497.25,490.3,493.15,79734
2026-02-13 10:15:00,492.35,499.0,491.4,498.7,27150
2026-02-13 11:15:00,498.7,499.9,496.6,498.65,18136
2026-02-13 12:15:00,498.65,502.85,497.8,500.15,21920
2026-02-13 13:15:00,499.95,501.85,497.0,501.85,32265
2026-02-13 14:15:00,501.85,506.65,501.25,503.05,38327
2026-02-13 15:15:00,503.45,504.0,500.3,501.5,25233
2026-02-16 09:15:00,497.5,497.5,492.65,496.75,43749
2026-02-16 10:15:00,496.3,499.85,493.5,499.3,25416
2026-02-16 11:15:00,499.25,499.25,495.55,496.9,14330
2026-02-16 12:15:00,496.8,504.35,495.75,504.1,36922
2026-02-16 13:15:00,504.1,506.5,502.55,503.05,28977
2026-02-16 14:15:00,503.25,505.8,502.05,504.6,45116
2026-02-16 15:15:00,504.6,505.95,504.0,505.95,20919
2026-02-17 09:15:00,508.0,510.4,502.0,507.3,52388
2026-02-17 10:15:00,506.9,508.4,502.1,503.4,28707
2026-02-17 11:15:00,503.4,511.5,501.2,510.45,58317
2026-02-17 12:15:00,510.45,511.4,509.05,510.2,21748
2026-02-17 13:15:00,510.2,516.9,509.8,515.1,134885
2026-02-17 14:15:00,515.6,515.9,510.0,512.7,40656
2026-02-17 15:15:00,512.85,513.25,512.0,512.5,21319
2026-02-18 09:15:00,515.0,519.25,513.05,516.75,59926
2026-02-18 10:15:00,516.25,518.65,515.55,517.55,19845
2026-02-18 11:15:00,517.7,518.25,514.0,514.4,13203
2026-02-18 12:15:00,514.0,514.75,512.05,512.75,10902
2026-02-18 13:15:00,512.75,514.65,511.15,512.5,20831
2026-02-18 14:15:00,512.45,512.45,508.6,510.4,45209
2026-02-18 15:15:00,510.75,512.1,510.0,510.5,20541
2026-02-19 09:15:00,511.95,517.9,511.95,514.2,19812
2026-02-19 10:15:00,513.75,513.9,512.0,512.6,13527
2026-02-19 11:15:00,512.25,512.95,511.0,511.45,11674
2026-02-19 12:15:00,511.6,512.45,510.0,511.35,20284
2026-02-19 13:15:00,511.0,512.4,510.15,511.35,6360
2026-02-19 14:15:00,511.0,513.2,508.8,512.0,56507
2026-02-19 15:15:00,512.0,512.15,504.5,506.0,49213
2026-02-20 09:15:00,507.0,513.35,504.05,511.85,36836
2026-02-20 10:15:00,512.45,516.3,512.3,514.25,17229
2026-02-20 11:15:00,514.5,514.9,513.0,513.1,6681
2026-02-20 12:15:00,513.15,513.5,511.4,512.7,5357
2026-02-20 13:15:00,512.7,513.05,511.6,512.2,15475
2026-02-20 14:15:00,512.05,514.0,511.75,511.75,19595
2026-02-20 15:15:00,512.0,512.85,510.0,511.0,21600
2026-02-23 09:15:00,512.0,515.75,508.3,512.1,21968
2026-02-23 10:15:00,512.1,514.65,511.2,512.3,22272
2026-02-23 11:15:00,512.55,522.55,511.15,519.4,114198
2026-02-23 12:15:00,519.05,520.2,516.45,517.25,59469
2026-02-23 13:15:00,516.75,518.9,513.35,514.3,43218
2026-02-23 14:15:00,514.15,515.0,507.35,512.75,83855
2026-02-23 15:15:00,512.75,513.2,510.35,510.35,29247
2026-02-24 09:15:00,511.25,514.3,508.25,511.5,37562
2026-02-24 10:15:00,511.5,517.8,511.0,514.5,64777
2026-02-24 11:15:00,514.7,519.2,514.35,518.2,29702
2026-02-24 12:15:00,518.2,520.0,516.0,518.9,80248
2026-02-24 13:15:00,519.3,519.7,515.85,519.5,45734
2026-02-24 14:15:00,519.5,520.0,517.5,519.2,54242
2026-02-24 15:15:00,519.2,521.0,517.0,517.0,81844
2026-02-25 09:15:00,519.35,526.25,517.85,525.4,79174
2026-02-25 10:15:00,525.45,530.85,521.5,527.7,115720
2026-02-25 11:15:00,527.6,527.7,521.5,523.0,19705
2026-02-25 12:15:00,523.0,524.55,515.55,516.4,44327
2026-02-25 13:15:00,516.8,521.0,515.1,520.0,29085
2026-02-25 14:15:00,520.3,534.95,520.0,532.9,223121
2026-02-25 15:15:00,532.85,535.0,530.05,534.0,102836
2026-02-26 09:15:00,536.0,536.8,527.35,528.1,75805
2026-02-26 10:15:00,528.2,529.7,523.95,525.0,42715
2026-02-26 11:15:00,525.4,526.45,521.6,521.6,29444
2026-02-26 12:15:00,521.95,522.75,521.0,521.55,21459
2026-02-26 13:15:00,522.05,524.2,520.2,520.8,34609
2026-02-26 14:15:00,521.25,521.8,519.0,519.75,55270
2026-02-26 15:15:00,519.75,519.75,516.8,518.9,45665
2026-02-27 09:15:00,518.9,542.4,515.95,536.95,534125
2026-02-27 10:15:00,536.45,558.5,535.0,553.15,1692661
2026-02-27 11:15:00,553.2,559.9,547.05,549.85,1323864
2026-02-27 12:15:00,549.6,561.0,546.0,552.5,1279285
2026-02-27 13:15:00,552.85,553.0,546.2,549.5,478954
2026-02-27 14:15:00,549.5,551.0,543.0,548.05,576899
2026-02-27 15:15:00,548.05,559.0,548.0,549.0,430956
2026-03-02 09:15:00,537.95,556.9,531.1,553.4,314483
2026-03-02 10:15:00,553.4,556.9,543.8,547.0,146330
2026-03-02 11:15:00,547.25,547.5,542.0,542.25,67446
2026-03-02 12:15:00,542.55,543.85,538.65,543.0,86995
2026-03-02 13:15:00,543.0,543.0,532.7,541.4,182120
2026-03-02 14:15:00,541.2,549.5,540.2,542.1,142877
2026-03-02 15:15:00,542.1,548.8,542.1,547.6,67565
2026-03-04 09:15:00,534.95,542.5,526.15,532.85,187561
2026-03-04 10:15:00,532.85,533.2,527.2,527.5,46872
2026-03-04 11:15:00,527.5,527.95,525.0,525.5,43389
2026-03-04 12:15:00,525.3,527.3,519.2,523.65,89313
2026-03-04 13:15:00,523.7,525.85,520.0,524.9,44703
2026-03-04 14:15:00,524.85,529.95,521.1,521.25,83916
2026-03-04 15:15:00,521.2,522.6,516.05,516.05,46930
2026-03-05 09:15:00,522.0,528.95,522.0,527.45,85156
2026-03-05 10:15:00,527.4,539.8,524.85,536.4,172318
2026-03-05 11:15:00,536.25,537.4,526.7,533.25,111001
2026-03-05 12:15:00,533.8,538.95,533.55,536.85,50716
2026-03-05 13:15:00,536.85,538.0,535.5,536.55,41859
2026-03-05 14:15:00,537.0,544.0,533.0,541.9,224721
2026-03-05 15:15:00,541.9,545.5,541.1,543.25,76494
2026-03-06 09:15:00,545.7,562.05,545.25,556.2,434859
2026-03-06 10:15:00,556.0,557.35,551.0,553.0,182700
2026-03-06 11:15:00,553.45,556.45,550.0,555.25,51465
2026-03-06 12:15:00,555.35,555.95,554.9,555.3,35938
2026-03-06 13:15:00,555.35,556.15,553.0,555.75,64412
2026-03-06 14:15:00,555.75,556.0,550.15,553.6,92397
2026-03-06 15:15:00,553.6,555.0,552.05,553.8,54685
2026-03-09 09:15:00,545.0,545.3,531.15,533.5,155713
2026-03-09 10:15:00,533.05,533.05,522.35,525.0,111193
2026-03-09 11:15:00,525.45,529.1,524.2,524.85,31905
2026-03-09 12:15:00,524.45,532.8,524.05,531.15,54807
2026-03-09 13:15:00,531.2,534.35,531.0,533.35,48098
2026-03-09 14:15:00,533.75,540.95,531.4,539.0,122724
2026-03-09 15:15:00,539.55,543.0,538.0,542.0,55428
2026-03-10 09:15:00,550.4,554.95,547.9,549.15,83143
2026-03-10 10:15:00,549.1,557.0,548.0,553.45,80987
2026-03-10 11:15:00,553.45,555.6,548.25,549.9,59583
2026-03-10 12:15:00,549.6,550.4,547.05,548.25,30282
2026-03-10 13:15:00,548.25,550.0,546.0,549.2,53519
2026-03-10 14:15:00,549.2,549.2,544.6,544.7,40141
2026-03-10 15:15:00,544.7,545.65,542.6,544.7,40226
2026-03-11 09:15:00,544.85,556.9,544.85,551.8,96426
2026-03-11 10:15:00,551.8,556.1,549.1,549.1,57337
2026-03-11 11:15:00,549.9,555.8,547.0,553.0,62595
2026-03-11 12:15:00,553.0,553.0,547.55,548.05,34398
2026-03-11 13:15:00,548.1,551.7,547.5,548.05,21037
2026-03-11 14:15:00,548.05,548.75,543.15,544.85,53196
2026-03-11 15:15:00,544.55,546.15,540.5,540.5,23256
2026-03-12 09:15:00,541.95,543.0,530.0,535.65,64802
2026-03-12 10:15:00,535.6,552.0,533.9,550.25,76229
2026-03-12 11:15:00,550.9,553.95,548.05,553.95,50149
2026-03-12 12:15:00,553.95,555.0,549.0,552.7,65912
2026-03-12 13:15:00,553.05,553.8,549.9,550.85,36202
2026-03-12 14:15:00,550.85,554.0,549.5,549.55,79990
2026-03-12 15:15:00,549.8,550.9,549.15,549.8,33646
2026-03-13 09:15:00,546.0,548.0,534.05,536.55,117321
2026-03-13 10:15:00,536.35,538.05,530.0,533.0,86247
2026-03-13 11:15:00,533.0,536.0,532.0,533.15,21995
2026-03-13 12:15:00,533.2,537.9,532.05,535.3,55019
2026-03-13 13:15:00,535.1,535.95,532.8,534.8,34898
2026-03-13 14:15:00,534.7,535.4,530.25,534.4,48876
2026-03-13 15:15:00,533.9,534.8,525.2,531.95,51334
2026-03-16 09:15:00,531.95,531.95,515.55,519.15,158042
2026-03-16 10:15:00,519.75,519.75,504.0,508.3,140881
2026-03-16 11:15:00,508.2,512.75,505.1,505.7,32161
2026-03-16 12:15:00,505.7,514.75,499.05,512.4,167549
2026-03-16 13:15:00,512.4,512.7,503.1,505.45,42882
2026-03-16 14:15:00,505.4,511.0,500.15,503.15,112659
2026-03-16 15:15:00,503.15,520.45,502.05,510.0,83103
2026-03-17 09:15:00,513.1,513.1,502.2,508.85,106633
2026-03-17 10:15:00,508.85,515.0,506.5,512.9,82929
2026-03-17 11:15:00,512.8,514.0,509.8,511.75,22089
2026-03-17 12:15:00,511.6,517.0,508.75,516.35,25483
2026-03-17 13:15:00,516.7,519.85,515.55,519.3,45606
2026-03-17 14:15:00,518.8,524.0,518.0,522.5,85416
2026-03-17 15:15:00,522.25,524.55,521.0,524.0,37384
2026-03-18 09:15:00,528.0,534.6,523.45,526.15,199815
2026-03-18 10:15:00,526.2,533.8,525.5,533.45,49771
2026-03-18 11:15:00,533.45,533.85,527.7,529.75,35174
2026-03-18 12:15:00,529.7,530.8,529.15,530.3,7411
2026-03-18 13:15:00,530.3,534.0,529.55,530.3,45748
2026-03-18 14:15:00,530.25,531.75,525.65,527.25,52916
2026-03-18 15:15:00,527.25,528.45,525.6,527.0,28768
2026-03-19 09:15:00,519.0,522.15,511.4,518.0,65482
2026-03-19 10:15:00,517.85,519.5,516.2,516.35,19632
2026-03-19 11:15:00,516.35,517.7,514.8,516.15,24013
2026-03-19 12:15:00,516.1,518.85,515.25,516.0,25421
2026-03-19 13:15:00,515.45,517.9,510.1,510.75,46413
2026-03-19 14:15:00,510.65,512.5,507.5,509.7,48770
2026-03-19 15:15:00,508.95,513.8,507.0,508.15,65329
2026-03-20 09:15:00,520.5,525.5,512.0,519.55,115649
2026-03-20 10:15:00,519.15,524.0,517.7,521.75,66158
2026-03-20 11:15:00,521.95,523.95,519.5,520.05,19293
2026-03-20 12:15:00,520.05,520.05,514.35,515.95,27752
2026-03-20 13:15:00,515.95,517.0,511.3,513.8,53566
2026-03-20 14:15:00,513.8,513.8,506.3,508.45,111043
2026-03-20 15:15:00,508.45,510.5,507.4,509.5,63869
2026-03-23 09:15:00,501.0,504.45,483.9,484.3,129533
2026-03-23 10:15:00,484.05,487.85,480.25,483.2,78937
2026-03-23 11:15:00,483.4,484.5,481.05,482.25,28768
2026-03-23 12:15:00,482.45,483.5,477.8,482.0,68950
2026-03-23 13:15:00,482.0,488.35,482.0,486.6,38433
2026-03-23 14:15:00,486.15,488.8,482.1,485.8,99505
2026-03-23 15:15:00,485.7,488.2,484.0,486.7,67584
2026-03-24 09:15:00,494.05,495.9,488.5,489.95,79735
2026-03-24 10:15:00,489.5,490.2,485.7,487.7,19417
2026-03-24 11:15:00,487.7,498.2,487.0,496.55,46289
2026-03-24 12:15:00,496.5,507.75,496.3,505.0,96462
2026-03-24 13:15:00,504.95,511.95,504.5,510.25,89319
2026-03-24 14:15:00,509.9,513.0,508.8,512.05,94231
2026-03-24 15:15:00,512.05,516.0,511.55,514.0,85092
2026-03-25 09:15:00,514.0,525.6,512.7,522.2,98686
2026-03-25 10:15:00,522.2,526.35,520.75,523.0,65066
2026-03-25 11:15:00,522.75,523.0,519.5,521.7,25005
2026-03-25 12:15:00,521.7,525.95,520.1,520.7,47903
2026-03-25 13:15:00,520.25,522.2,518.5,520.3,48750
2026-03-25 14:15:00,520.35,520.9,517.05,518.4,34520
2026-03-25 15:15:00,518.75,519.3,516.35,518.0,37592
2026-03-27 09:15:00,516.5,516.5,508.55,510.45,66145
2026-03-27 10:15:00,510.4,513.2,506.5,506.95,50926
2026-03-27 11:15:00,506.85,513.9,506.05,512.1,49529
2026-03-27 12:15:00,512.2,513.4,509.6,512.85,32879
2026-03-27 13:15:00,512.85,516.0,511.05,513.3,45034
2026-03-27 14:15:00,513.0,514.15,508.4,510.75,134060
2026-03-27 15:15:00,510.3,510.85,505.1,507.9,57984
2026-03-30 09:15:00,500.0,508.35,495.4,500.85,73970
2026-03-30 10:15:00,501.25,505.5,496.2,505.0,57738
2026-03-30 11:15:00,504.6,507.5,500.5,506.95,41269
2026-03-30 12:15:00,507.35,514.35,505.75,513.9,80087
2026-03-30 13:15:00,513.85,517.15,511.5,511.5,124247
2026-03-30 14:15:00,511.5,514.7,509.25,510.0,183367
2026-03-30 15:15:00,510.05,512.95,508.0,510.0,62798
2026-04-01 09:15:00,515.0,532.4,510.2,531.35,238186
2026-04-01 10:15:00,531.35,533.05,524.7,526.35,74222
2026-04-01 11:15:00,525.9,527.15,523.3,526.95,27745
2026-04-01 12:15:00,526.9,531.45,525.4,527.8,66995
2026-04-01 13:15:00,528.85,529.95,520.25,523.65,38520
2026-04-01 14:15:00,523.65,528.0,518.65,526.3,61657
2026-04-01 15:15:00,526.25,528.0,521.6,525.45,43770
2026-04-02 09:15:00,515.6,517.6,503.25,506.15,113172
2026-04-02 10:15:00,505.55,508.85,502.0,508.25,55293
2026-04-02 11:15:00,508.25,517.5,508.25,516.45,41736
2026-04-02 12:15:00,516.45,517.6,512.65,513.95,30535
2026-04-02 13:15:00,514.0,519.0,513.2,518.95,33237
2026-04-02 14:15:00,518.55,525.05,513.75,524.2,193125
2026-04-02 15:15:00,524.2,526.7,511.1,515.0,338657
2026-04-06 09:15:00,517.9,524.0,514.1,518.4,97006
2026-04-06 10:15:00,518.4,524.25,517.9,522.75,35612
2026-04-06 11:15:00,523.2,523.55,520.0,520.55,24403
2026-04-06 12:15:00,520.85,523.3,518.55,522.45,25793
2026-04-06 13:15:00,522.55,523.0,520.45,521.65,12636
2026-04-06 14:15:00,522.05,526.35,521.9,525.3,41655
2026-04-06 15:15:00,525.45,525.65,522.2,522.2,26419
2026-04-07 09:15:00,520.5,532.6,519.4,524.15,190206
2026-04-07 10:15:00,525.1,528.7,525.1,526.05,35958
2026-04-07 11:15:00,526.35,527.35,524.75,526.3,20293
2026-04-07 12:15:00,526.25,526.4,523.95,525.65,17161
2026-04-07 13:15:00,525.95,530.6,525.35,527.35,46198
2026-04-07 14:15:00,527.8,529.4,527.0,529.0,39228
2026-04-07 15:15:00,529.0,529.5,525.0,528.0,32199
2026-04-08 09:15:00,545.0,554.4,536.9,543.0,183739
2026-04-08 10:15:00,543.0,549.1,541.0,545.7,64711
2026-04-08 11:15:00,545.7,546.65,542.05,543.25,26483
2026-04-08 12:15:00,543.6,545.5,542.5,544.5,13429
2026-04-08 13:15:00,544.5,544.65,541.0,541.4,18347
2026-04-08 14:15:00,541.4,544.05,540.3,542.6,27837
2026-04-08 15:15:00,542.25,542.8,539.65,542.5,39128
2026-04-09 09:15:00,541.55,555.0,541.0,547.8,178406
2026-04-09 10:15:00,547.55,559.0,545.95,555.2,190269
2026-04-09 11:15:00,555.25,558.8,552.2,556.45,83879
2026-04-09 12:15:00,556.45,556.8,546.35,547.85,87075
2026-04-09 13:15:00,547.8,549.15,545.0,548.4,48966
2026-04-09 14:15:00,548.4,548.4,543.85,547.5,58789
2026-04-09 15:15:00,547.25,547.65,545.15,547.3,32270
2026-04-10 09:15:00,550.0,555.5,550.0,554.0,84919
2026-04-10 10:15:00,553.65,554.0,548.25,552.0,43678
2026-04-10 11:15:00,552.0,554.7,551.9,553.35,26967
2026-04-10 12:15:00,553.3,553.6,550.1,551.3,21532
2026-04-10 13:15:00,551.3,552.0,549.0,551.25,23580
2026-04-10 14:15:00,551.1,554.9,547.0,554.2,123718
2026-04-10 15:15:00,554.2,557.75,553.65,556.0,61294
2026-04-13 09:15:00,550.95,574.3,543.15,571.45,754182
2026-04-13 10:15:00,571.4,594.3,569.0,582.0,2371139
2026-04-13 11:15:00,582.25,585.0,576.5,579.1,755114
2026-04-13 12:15:00,579.5,581.85,574.0,576.5,277312
2026-04-13 13:15:00,576.6,579.9,575.3,578.3,148575
2026-04-13 14:15:00,578.3,579.55,574.2,576.6,189071
2026-04-13 15:15:00,576.6,583.9,575.15,583.0,314636
2026-04-15 09:15:00,589.8,592.0,579.35,583.7,292489
2026-04-15 10:15:00,584.2,589.35,583.2,583.2,145207
2026-04-15 11:15:00,583.2,585.75,580.1,583.15,86702
2026-04-15 12:15:00,583.6,583.7,580.4,583.1,39308
2026-04-15 13:15:00,583.25,584.8,582.75,583.75,37035
2026-04-15 14:15:00,583.8,584.6,582.5,583.0,76781
2026-04-15 15:15:00,583.35,583.7,582.0,583.65,47189
2026-04-16 09:15:00,589.0,595.0,585.95,592.0,312757
2026-04-16 10:15:00,591.6,599.2,590.55,594.8,509652
2026-04-16 11:15:00,594.5,596.7,590.0,591.95,128858
2026-04-16 12:15:00,591.95,594.0,590.8,592.55,73624
2026-04-16 13:15:00,592.5,596.75,591.3,596.75,116363
2026-04-16 14:15:00,596.75,599.2,595.9,597.5,239105
2026-04-16 15:15:00,597.75,597.85,595.0,597.0,88240
2026-04-17 09:15:00,600.0,604.0,595.8,601.45,345329
2026-04-17 10:15:00,601.45,601.65,594.0,595.85,142624
2026-04-17 11:15:00,595.6,597.0,592.55,595.0,71872
2026-04-17 12:15:00,594.5,598.0,591.85,598.0,48379
2026-04-17 13:15:00,597.85,600.0,596.3,598.8,72678
2026-04-17 14:15:00,598.6,598.95,595.75,596.7,91185
2026-04-17 15:15:00,596.6,596.75,592.6,594.0,71037
2026-04-20 09:15:00,598.0,598.3,585.0,588.2,153865
2026-04-20 10:15:00,588.0,593.45,587.4,589.0,45571
2026-04-20 11:15:00,589.05,590.75,587.15,588.6,22171
2026-04-20 12:15:00,588.65,591.85,587.15,588.45,33890
2026-04-20 13:15:00,588.45,588.45,582.0,583.95,84671
2026-04-20 14:15:00,584.3,587.75,582.1,585.95,75658
2026-04-20 15:15:00,585.95,587.05,582.05,582.5,104740
2026-04-21 09:15:00,585.6,590.0,582.2,582.8,76285
2026-04-21 10:15:00,583.0,584.95,581.85,582.4,29802
2026-04-21 11:15:00,581.95,582.95,578.0,578.7,41135
2026-04-21 12:15:00,578.95,579.8,575.05,577.3,35624
2026-04-21 13:15:00,577.3,577.75,575.25,575.75,20296
2026-04-21 14:15:00,575.3,576.25,572.0,573.45,62449
2026-04-21 15:15:00,573.55,577.95,572.65,577.95,50181
2026-04-22 09:15:00,575.95,586.25,574.5,580.8,119719
2026-04-22 10:15:00,580.35,583.0,579.15,580.7,27800
2026-04-22 11:15:00,580.7,586.5,579.5,585.75,85628
2026-04-22 12:15:00,585.75,587.55,581.3,587.0,111948
2026-04-22 13:15:00,586.75,590.0,586.2,589.7,107059
2026-04-22 14:15:00,589.95,592.6,588.25,592.2,124859
2026-04-22 15:15:00,592.2,593.2,590.1,592.55,55160
2026-04-23 09:15:00,591.7,597.0,589.15,594.25,171743
2026-04-23 10:15:00,594.25,598.35,592.25,593.65,121936
2026-04-23 11:15:00,593.7,595.85,593.65,594.4,25127
2026-04-23 12:15:00,594.4,594.75,589.65,590.95,46433
2026-04-23 13:15:00,591.0,593.8,589.3,589.75,38778
2026-04-23 14:15:00,589.5,589.8,585.1,586.85,40528
2026-04-23 15:15:00,586.6,587.95,585.05,585.1,37512
2026-04-24 09:15:00,586.6,594.4,580.1,584.9,85684
2026-04-24 10:15:00,585.0,585.5,581.0,582.9,15250
2026-04-24 11:15:00,582.9,584.8,581.1,583.85,20366
2026-04-24 12:15:00,583.55,586.7,583.25,583.85,18082
2026-04-24 13:15:00,583.85,584.25,581.1,582.85,14283
2026-04-24 14:15:00,582.5,585.5,580.1,580.9,28828
2026-04-24 15:15:00,580.5,582.1,580.05,581.0,27198
2026-04-27 09:15:00,588.4,614.0,587.0,609.5,1300903
2026-04-27 10:15:00,609.5,612.4,602.0,606.05,297457
2026-04-27 11:15:00,605.85,611.8,605.3,610.8,173000
2026-04-27 12:15:00,610.8,613.0,606.15,611.5,160195
2026-04-27 13:15:00,611.5,612.0,608.0,608.45,80618
2026-04-27 14:15:00,608.6,612.4,606.3,612.05,147893
2026-04-27 15:15:00,612.25,615.0,610.05,614.3,204501
2026-04-28 09:15:00,617.0,622.2,614.4,617.6,322827
2026-04-28 10:15:00,617.6,624.0,616.6,619.0,137148
2026-04-28 11:15:00,618.95,619.25,607.15,612.25,133319
2026-04-28 12:15:00,612.2,614.9,610.85,611.65,41411
2026-04-28 13:15:00,611.65,611.85,602.5,602.6,115648
2026-04-28 14:15:00,602.6,607.6,601.0,603.85,98180
2026-04-28 15:15:00,604.2,604.35,600.0,602.8,128471
2026-04-29 09:15:00,605.05,608.5,596.3,598.6,176131
2026-04-29 10:15:00,599.2,603.8,598.55,601.6,56437
2026-04-29 11:15:00,602.1,602.5,598.2,600.25,32769
2026-04-29 12:15:00,600.3,603.4,599.55,601.3,35698
2026-04-29 13:15:00,601.0,601.7,595.3,597.1,33039
2026-04-29 14:15:00,597.1,597.75,594.0,594.25,63385
2026-04-29 15:15:00,593.95,598.8,589.1,598.0,91393
2026-04-30 09:15:00,593.25,596.7,583.5,585.95,134195
2026-04-30 10:15:00,585.95,588.95,583.15,585.5,62298
2026-04-30 11:15:00,585.85,590.9,584.55,589.65,39433
2026-04-30 12:15:00,589.75,594.75,588.4,593.75,31424
2026-04-30 13:15:00,593.75,596.0,590.25,590.5,34543
2026-04-30 14:15:00,590.5,593.55,590.0,591.4,48397
2026-04-30 15:15:00,590.85,594.25,590.35,591.0,40635
2026-05-04 09:15:00,596.2,598.7,592.0,592.95,71885
2026-05-04 10:15:00,592.9,595.95,590.75,594.15,34368
2026-05-04 11:15:00,594.15,597.95,591.5,591.5,31726
2026-05-04 12:15:00,591.85,593.0,588.0,588.75,22869
2026-05-04 13:15:00,588.75,589.9,585.2,589.5,44247
2026-05-04 14:15:00,589.65,590.7,586.7,590.5,39442
2026-05-04 15:15:00,590.5,598.0,590.1,596.55,32978
2026-05-05 09:15:00,593.95,597.6,589.85,590.0,59027
2026-05-05 10:15:00,589.8,590.35,586.0,589.85,38829
2026-05-05 11:15:00,589.5,589.5,580.75,585.9,39090
2026-05-05 12:15:00,585.9,591.9,585.35,591.0,44173
2026-05-05 13:15:00,591.05,591.1,586.0,586.5,20145
2026-05-05 14:15:00,586.5,587.8,584.15,585.4,43679
2026-05-05 15:15:00,585.4,586.0,582.85,585.4,55234
2026-05-06 09:15:00,589.0,589.75,580.1,584.45,110776
2026-05-06 10:15:00,584.45,586.95,580.05,581.15,43880
2026-05-06 11:15:00,581.1,581.75,575.6,578.85,61552
2026-05-06 12:15:00,579.15,585.05,577.35,583.5,54519
2026-05-06 13:15:00,583.4,585.0,582.05,583.55,31939
2026-05-06 14:15:00,583.55,588.0,583.35,585.4,51969
2026-05-06 15:15:00,585.4,592.0,585.25,591.4,47147
2026-05-07 09:15:00,592.2,599.25,588.0,589.75,94051
2026-05-07 10:15:00,589.8,593.95,589.15,592.0,26037
2026-05-07 11:15:00,591.65,599.25,591.65,596.65,90312
2026-05-07 12:15:00,596.8,599.0,594.5,595.0,34908
2026-05-07 13:15:00,595.0,598.45,592.15,598.45,42796
2026-05-07 14:15:00,598.45,599.7,589.5,592.75,131883
2026-05-07 15:15:00,592.3,596.0,592.3,596.0,44407
2026-05-08 09:15:00,594.05,605.85,590.4,592.0,175963
2026-05-08 10:15:00,592.0,595.45,590.75,593.0,40473
2026-05-08 11:15:00,593.6,598.8,592.0,596.8,26997
2026-05-08 12:15:00,596.9,596.9,592.0,593.2,26460
2026-05-08 13:15:00,593.6,593.6,586.4,588.75,72163
2026-05-08 14:15:00,588.4,592.8,588.0,588.75,30159
2026-05-08 15:15:00,588.8,591.9,588.0,591.9,23615
2026-05-11 09:15:00,588.0,593.5,581.2,583.0,97187
2026-05-11 10:15:00,583.0,583.65,581.1,583.5,33699
2026-05-11 11:15:00,583.6,588.95,580.05,587.1,39278
2026-05-11 12:15:00,587.2,587.9,584.1,585.4,16870
2026-05-11 13:15:00,585.2,586.35,582.3,582.35,35772
2026-05-11 14:15:00,582.35,585.0,575.5,578.65,102718
2026-05-11 15:15:00,578.45,580.9,578.35,580.0,35289
2026-05-12 09:15:00,579.0,580.95,571.5,579.1,81859
2026-05-12 10:15:00,579.5,582.15,573.9,574.65,46274
2026-05-12 11:15:00,574.65,575.9,572.05,572.05,15766
2026-05-12 12:15:00,572.6,573.3,565.0,566.35,65831
2026-05-12 13:15:00,566.8,568.5,565.0,567.0,54989
2026-05-12 14:15:00,567.0,577.65,560.1,560.5,126562
2026-05-12 15:15:00,560.35,565.5,560.15,565.5,34192
2026-05-13 09:15:00,563.4,583.95,563.4,570.0,266477
2026-05-13 10:15:00,570.0,573.75,558.1,563.15,175407
2026-05-13 11:15:00,563.15,565.6,563.0,564.95,31890
2026-05-13 12:15:00,564.95,578.55,563.2,577.65,119303
2026-05-13 13:15:00,577.65,578.4,570.4,574.25,46420
2026-05-13 14:15:00,574.85,574.95,569.55,571.15,53680
2026-05-13 15:15:00,571.2,571.95,566.35,569.65,42293
2026-05-14 09:15:00,573.35,580.65,572.4,577.4,101655
2026-05-14 10:15:00,577.15,577.55,567.0,569.4,47727
2026-05-14 11:15:00,569.85,574.65,567.7,574.1,40773
2026-05-14 12:15:00,574.15,575.9,568.1,569.5,24661
2026-05-14 13:15:00,569.5,570.0,565.45,565.7,74667
2026-05-14 14:15:00,566.2,566.25,560.95,563.75,89564
2026-05-14 15:15:00,563.75,564.9,562.05,563.9,34742
2026-05-15 09:15:00,564.0,565.6,553.8,562.25,86949
2026-05-15 10:15:00,562.35,565.0,561.95,562.3,12377
2026-05-15 11:15:00,562.5,562.7,558.15,559.5,16374
2026-05-15 12:15:00,559.5,562.2,556.75,560.1,13690
2026-05-15 13:15:00,559.6,562.8,552.8,553.8,97438
2026-05-15 14:15:00,553.85,554.3,545.0,546.0,154749
2026-05-15 15:15:00,545.9,545.9,542.15,543.8,86530
2026-05-18 09:15:00,541.0,542.0,519.15,522.05,285858
2026-05-18 10:15:00,521.95,522.85,515.4,518.4,113221
2026-05-18 11:15:00,518.5,520.0,516.05,517.0,70714
2026-05-18 12:15:00,516.95,519.8,516.1,519.65,58082
2026-05-18 13:15:00,519.65,534.4,518.05,533.9,231781
2026-05-18 14:15:00,533.85,538.8,530.8,538.4,118892
2026-05-18 15:15:00,538.2,539.4,535.25,535.25,34820
2026-05-19 09:15:00,535.25,539.45,526.8,536.0,82894
2026-05-19 10:15:00,535.8,540.0,534.7,539.7,66325
2026-05-19 11:15:00,539.6,539.6,536.3,536.85,15790
2026-05-19 12:15:00,537.1,537.6,534.15,537.55,19136
2026-05-19 13:15:00,537.25,541.05,535.0,537.15,32773
2026-05-19 14:15:00,537.15,537.9,532.05,537.5,48438
2026-05-19 15:15:00,537.45,539.5,536.5,538.05,38325
2026-05-20 09:15:00,535.5,547.4,530.1,542.0,98606
2026-05-20 10:15:00,542.0,551.0,541.25,550.15,104242
2026-05-20 11:15:00,550.6,554.9,548.8,551.0,101768
2026-05-20 12:15:00,551.0,551.95,548.0,549.0,38552
2026-05-20 13:15:00,548.95,557.85,548.0,555.0,158403
2026-05-20 14:15:00,555.4,556.95,552.7,554.8,117253
2026-05-20 15:15:00,554.85,555.0,553.05,554.0,43266
2026-05-21 09:15:00,559.5,569.95,557.2,563.2,168412
2026-05-21 10:15:00,563.15,565.9,561.95,565.55,40587
2026-05-21 11:15:00,565.55,568.85,563.2,565.4,49608
2026-05-21 12:15:00,565.4,573.0,562.2,562.85,226787
2026-05-21 13:15:00,563.25,567.2,560.3,566.55,43499
2026-05-21 14:15:00,566.15,566.95,560.0,562.0,49546
2026-05-21 15:15:00,561.4,565.0,561.0,564.0,20734
2026-05-22 09:15:00,565.95,569.4,560.75,563.5,83492
2026-05-22 10:15:00,563.5,568.15,563.1,567.1,38906
2026-05-22 11:15:00,567.65,568.4,565.7,566.85,13930
2026-05-22 12:15:00,566.8,566.8,562.05,564.3,22941
2026-05-22 13:15:00,564.4,567.0,564.0,565.75,11805
2026-05-22 14:15:00,565.75,569.75,565.0,568.9,70311
2026-05-22 15:15:00,568.85,570.0,567.1,570.0,44201
2026-05-25 09:15:00,572.0,578.8,551.35,559.25,441915
2026-05-25 10:15:00,559.3,559.9,550.05,551.2,176089
2026-05-25 11:15:00,551.1,552.3,546.8,547.95,232284
2026-05-25 12:15:00,548.0,550.0,547.3,548.25,135055
2026-05-25 13:15:00,548.25,549.25,547.1,547.6,89327
2026-05-25 14:15:00,547.6,548.8,545.1,545.65,207580
2026-05-25 15:15:00,545.25,545.25,539.0,541.5,152350
2026-05-26 09:15:00,543.9,547.65,538.95,539.6,182766
2026-05-26 10:15:00,539.95,540.2,532.7,534.6,89114
2026-05-26 11:15:00,534.6,535.0,532.2,534.05,119875
2026-05-26 12:15:00,534.0,535.0,531.95,533.2,203922
2026-05-26 13:15:00,533.15,536.6,528.15,529.55,138942
2026-05-26 14:15:00,529.6,535.0,527.0,532.65,272970
2026-05-26 15:15:00,532.65,535.0,531.0,533.95,53597
2026-05-27 09:15:00,532.85,544.5,532.85,533.75,183943
2026-05-27 10:15:00,534.0,537.25,533.4,534.7,56586
2026-05-27 11:15:00,534.7,537.7,532.7,533.5,33522
2026-05-27 12:15:00,533.6,534.2,525.5,526.45,91578
2026-05-27 13:15:00,526.6,529.0,522.55,523.25,89733
2026-05-27 14:15:00,523.25,524.2,520.2,520.95,98564
2026-05-27 15:15:00,520.85,522.8,520.2,521.55,49839
2026-05-29 09:15:00,523.7,525.5,507.1,510.85,217951
2026-05-29 10:15:00,511.05,514.4,510.3,511.55,70320
2026-05-29 11:15:00,511.55,516.0,510.6,515.8,136291
2026-05-29 12:15:00,515.55,518.5,512.6,513.45,80476
2026-05-29 13:15:00,513.6,517.05,510.3,511.5,80348
2026-05-29 14:15:00,511.5,514.0,507.0,513.15,154240
2026-05-29 15:15:00,513.15,517.0,507.25,515.0,204604
2026-06-01 09:15:00,514.95,529.5,514.15,525.0,183706
2026-06-01 10:15:00,524.8,529.75,522.7,529.5,58966
2026-06-01 11:15:00,529.5,529.7,525.15,526.7,23875
2026-06-01 12:15:00,526.35,530.95,524.25,526.2,47126
2026-06-01 13:15:00,526.15,526.95,524.25,524.3,38157
2026-06-01 14:15:00,524.3,524.8,521.15,522.35,47225
2026-06-01 15:15:00,522.35,522.75,519.05,519.8,24064
2026-06-02 09:15:00,524.45,527.9,518.35,519.5,67085
2026-06-02 10:15:00,519.2,523.95,518.5,521.75,22702
2026-06-02 11:15:00,521.7,522.85,519.2,519.35,10347
2026-06-02 12:15:00,519.35,522.75,519.1,522.0,29106
2026-06-02 13:15:00,522.05,523.95,520.05,523.3,27743
2026-06-02 14:15:00,523.3,524.95,519.15,520.65,69243
2026-06-02 15:15:00,520.65,521.95,518.5,521.0,22700
2026-06-03 09:15:00,520.3,521.8,512.35,514.45,80143
2026-06-03 10:15:00,514.85,518.9,514.5,517.4,16175
2026-06-03 11:15:00,517.5,519.9,517.1,518.0,20216
2026-06-03 12:15:00,518.25,522.65,517.95,522.0,26478
2026-06-03 13:15:00,522.45,524.25,520.25,521.6,42328
2026-06-03 14:15:00,521.05,524.1,519.0,520.55,52516
2026-06-03 15:15:00,520.75,521.55,518.0,518.4,15331
2026-06-04 09:15:00,519.2,524.2,517.15,524.0,50454
2026-06-04 10:15:00,523.6,524.5,519.0,519.35,25051
2026-06-04 11:15:00,519.85,521.4,518.65,519.1,15354
2026-06-04 12:15:00,519.45,527.95,517.65,527.0,107244
2026-06-04 13:15:00,527.0,533.7,526.65,531.15,135378
2026-06-04 14:15:00,531.1,532.8,531.0,532.0,77893
2026-06-04 15:15:00,532.05,533.0,532.0,532.5,38254
2026-06-05 09:15:00,534.4,552.0,532.5,543.2,344791
2026-06-05 10:15:00,543.2,555.0,540.9,553.55,333898
2026-06-05 11:15:00,553.5,558.0,549.55,550.55,251897
2026-06-05 12:15:00,550.55,551.95,548.25,550.5,186468
2026-06-05 13:15:00,550.5,552.9,544.1,545.1,107050
2026-06-05 14:15:00,545.05,547.4,543.35,545.85,99728
2026-06-05 15:15:00,545.8,550.0,545.75,550.0,142199
2026-06-08 09:15:00,534.0,545.45,530.5,538.5,77832
2026-06-08 10:15:00,538.2,547.9,538.1,546.5,47090
2026-06-08 11:15:00,547.0,548.85,541.85,543.1,58381
2026-06-08 12:15:00,543.4,545.3,540.8,541.25,33528
2026-06-08 13:15:00,541.25,542.25,538.9,540.35,32299
2026-06-08 14:15:00,540.5,541.45,536.5,538.35,67464
2026-06-08 15:15:00,538.3,538.35,535.5,538.0,22147
2026-06-09 09:15:00,538.25,541.2,530.85,532.55,37545
2026-06-09 10:15:00,532.15,532.85,529.4,531.5,21505
2026-06-09 11:15:00,531.5,534.0,530.5,532.3,12413
2026-06-09 12:15:00,532.3,533.45,528.2,530.4,49995
2026-06-09 13:15:00,530.4,535.45,529.5,533.4,43447
2026-06-09 14:15:00,533.8,536.4,532.1,533.25,44360
2026-06-09 15:15:00,533.25,533.95,531.7,532.0,19854
2026-06-10 09:15:00,532.95,536.2,527.35,531.05,36148
2026-06-10 10:15:00,530.55,532.0,529.1,529.8,19275
2026-06-10 11:15:00,529.9,530.7,527.6,528.45,14311
2026-06-10 12:15:00,528.1,528.1,525.5,525.5,16918
2026-06-10 13:15:00,525.6,527.0,523.6,524.0,35759
2026-06-10 14:15:00,524.1,525.55,523.15,524.05,32109
2026-06-10 15:15:00,524.0,526.5,524.0,526.0,20723
2026-06-11 09:15:00,524.3,524.5,517.1,523.0,21786
2026-06-11 10:15:00,522.85,526.5,522.1,522.75,12840
2026-06-11 11:15:00,522.7,524.9,520.0,520.1,9301
2026-06-11 12:15:00,520.1,520.35,517.25,518.2,20609
2026-06-11 13:15:00,518.25,520.0,517.8,519.8,36648
2026-06-11 14:15:00,519.75,523.8,518.05,523.15,57622
2026-06-11 15:15:00,523.2,524.7,521.0,523.25,16071
2026-06-12 09:15:00,526.05,530.0,517.3,518.15,82728
2026-06-12 10:15:00,517.75,519.0,515.6,516.0,45201
2026-06-12 11:15:00,516.0,516.05,508.85,509.0,142777
2026-06-12 12:15:00,509.0,515.0,508.05,513.6,194435
2026-06-12 13:15:00,513.6,517.4,513.05,514.8,90330
2026-06-12 14:15:00,514.8,525.95,513.05,520.65,156802
2026-06-12 15:15:00,520.65,522.0,519.0,521.0,38777
2026-06-15 09:15:00,529.95,537.25,525.6,527.85,100509
2026-06-15 10:15:00,528.4,531.15,527.85,530.15,14890
2026-06-15 11:15:00,530.15,531.95,529.15,530.85,10838
2026-06-15 12:15:00,530.9,531.0,528.7,531.0,15080
2026-06-15 13:15:00,531.0,532.5,526.35,529.5,28160
2026-06-15 14:15:00,529.5,529.8,523.4,524.05,29041
2026-06-15 15:15:00,524.1,526.15,520.55,522.7,37686
2026-06-16 09:15:00,524.85,533.0,524.85,529.45,36169
2026-06-16 10:15:00,529.4,530.4,527.35,527.75,18079
2026-06-16 11:15:00,527.75,528.0,523.15,523.3,29146
2026-06-16 12:15:00,523.65,524.95,521.5,524.8,20778
2026-06-16 13:15:00,524.8,526.0,522.75,524.1,44435
2026-06-16 14:15:00,524.1,525.9,522.65,524.0,32268
2026-06-16 15:15:00,524.0,525.0,522.0,525.0,25977
2026-06-17 09:15:00,529.05,529.05,523.8,524.15,29060
2026-06-17 10:15:00,524.15,525.5,523.0,524.55,19351
2026-06-17 11:15:00,524.55,525.9,523.45,523.7,14608
2026-06-17 12:15:00,523.5,523.95,521.45,521.75,22205
2026-06-17 13:15:00,521.65,524.5,520.35,523.6,32606
2026-06-17 14:15:00,523.5,524.45,521.05,522.6,35228
2026-06-17 15:15:00,522.55,524.0,522.0,523.9,25256
2026-06-18 09:15:00,525.0,526.35,519.5,519.5,32576
2026-06-18 10:15:00,519.5,521.05,518.0,518.75,21520
2026-06-18 11:15:00,518.75,519.9,517.3,518.35,20784
2026-06-18 12:15:00,518.35,519.6,517.4,518.35,21895
2026-06-18 13:15:00,518.35,518.45,516.25,516.55,15969
2026-06-18 14:15:00,516.8,520.25,516.5,519.9,42641
2026-06-18 15:15:00,519.9,520.2,519.1,519.9,13880
2026-06-19 09:15:00,519.0,519.0,510.0,516.7,50920
2026-06-19 10:15:00,516.85,524.85,515.9,524.0,38774
2026-06-19 11:15:00,523.85,525.0,522.95,523.25,25685
2026-06-19 12:15:00,523.35,523.95,522.0,522.3,17450
2026-06-19 13:15:00,522.8,527.5,521.6,524.55,42891
2026-06-19 14:15:00,524.8,525.95,517.5,523.95,66006
2026-06-19 15:15:00,523.95,527.0,522.1,524.05,38323
2026-06-22 09:15:00,528.6,529.45,524.6,527.6,43778
2026-06-22 10:15:00,527.55,535.4,527.5,532.85,89758
2026-06-22 11:15:00,532.85,534.75,531.35,532.75,48690
2026-06-22 12:15:00,532.9,534.3,532.6,533.4,15222
2026-06-22 13:15:00,533.4,534.45,532.05,532.8,11289
2026-06-22 14:15:00,532.8,533.25,530.0,530.75,36985
2026-06-22 15:15:00,530.75,531.75,528.8,530.9,40732
2026-06-23 09:15:00,532.95,534.9,526.3,533.2,35600
2026-06-23 10:15:00,533.15,533.25,528.55,530.7,24159
2026-06-23 11:15:00,530.7,531.15,523.05,523.7,31837
2026-06-23 12:15:00,523.7,524.9,521.15,521.5,16761
2026-06-23 13:15:00,521.45,523.5,515.05,518.4,84716
2026-06-23 14:15:00,518.5,523.5,517.5,521.0,109952
2026-06-23 15:15:00,521.0,524.0,521.0,523.0,37321
2026-06-24 09:15:00,521.9,522.3,513.0,514.05,65821
2026-06-24 10:15:00,514.0,516.25,513.4,516.05,14749
2026-06-24 11:15:00,516.05,517.05,514.75,516.2,11562
2026-06-24 12:15:00,516.25,517.9,515.5,517.15,14514
2026-06-24 13:15:00,517.55,518.9,516.65,517.2,18447
2026-06-24 14:15:00,517.65,517.65,513.3,514.8,46090
2026-06-24 15:15:00,514.8,515.5,512.7,513.5,25798
2026-06-25 09:15:00,513.95,522.55,510.1,521.55,89899
2026-06-25 10:15:00,521.05,521.95,517.75,519.3,19637
2026-06-25 11:15:00,519.3,522.0,518.6,521.25,22081
2026-06-25 12:15:00,521.0,521.85,520.7,521.8,21370
2026-06-25 13:15:00,521.65,524.8,521.0,521.4,38366
2026-06-25 14:15:00,521.3,521.85,520.45,521.0,57103
2026-06-25 15:15:00,521.05,521.95,521.0,521.0,18344
2026-06-29 09:15:00,518.5,519.9,510.4,513.45,83385
2026-06-29 10:15:00,513.35,513.75,511.0,511.6,18142
2026-06-29 11:15:00,511.8,512.65,508.05,509.5,34711
2026-06-29 12:15:00,509.85,510.25,504.2,508.95,45603
2026-06-29 13:15:00,509.0,511.85,508.15,510.95,28988
2026-06-29 14:15:00,510.95,511.45,505.1,506.3,46521
2026-06-29 15:15:00,506.3,507.1,503.7,506.2,48490
2026-06-30 09:15:00,506.55,511.35,505.1,506.15,34511
2026-06-30 10:15:00,506.15,509.1,506.0,508.7,9214
2026-06-30 11:15:00,508.2,511.5,507.65,508.75,17981
2026-06-30 12:15:00,508.5,509.35,502.4,502.8,40733
2026-06-30 13:15:00,502.8,503.9,498.3,499.35,65241
2026-06-30 14:15:00,499.35,500.4,496.0,496.65,57064
2026-06-30 15:15:00,496.65,496.85,494.85,495.0,31997
2026-07-01 09:15:00,498.0,500.5,493.1,495.0,80019
2026-07-01 10:15:00,495.5,499.1,494.25,498.45,34769
2026-07-01 11:15:00,498.45,499.8,497.75,498.95,19923
2026-07-01 12:15:00,499.2,499.3,496.9,498.0,12847
2026-07-01 13:15:00,498.2,499.5,493.75,495.5,34673
2026-07-01 14:15:00,495.2,497.5,493.2,494.0,49306
2026-07-01 15:15:00,494.0,494.5,490.7,491.5,43057
2026-07-02 09:15:00,492.55,503.95,492.55,501.95,45415
2026-07-02 10:15:00,501.6,504.8,501.1,502.4,43513
2026-07-02 11:15:00,502.85,503.1,500.25,501.85,30081
2026-07-02 12:15:00,502.2,502.5,500.1,500.55,33493
2026-07-02 13:15:00,500.85,501.15,498.0,498.05,41647
2026-07-02 14:15:00,498.35,502.25,497.35,501.35,267272
2026-07-02 15:15:00,501.0,502.0,496.5,501.0,29458
2026-07-03 09:15:00,512.15,521.4,502.8,505.35,326525
2026-07-03 10:15:00,505.3,505.4,500.45,503.8,55303
2026-07-03 11:15:00,504.2,509.2,502.85,508.2,49288
2026-07-03 12:15:00,508.0,508.5,507.1,508.45,25225
2026-07-03 13:15:00,508.45,512.0,507.05,510.5,90972
2026-07-03 14:15:00,510.5,510.5,507.2,508.15,36417
2026-07-03 15:15:00,508.0,508.95,506.0,508.0,41976
2026-07-06 09:15:00,508.0,508.5,501.0,503.45,65374
2026-07-06 10:15:00,503.45,506.95,503.0,505.15,31410
2026-07-06 11:15:00,505.5,505.65,503.1,503.85,8635
2026-07-06 12:15:00,503.85,504.55,501.3,501.8,16050
2026-07-06 13:15:00,501.6,503.6,501.5,502.2,10545
2026-07-06 14:15:00,502.2,505.5,502.0,504.7,56412
2026-07-06 15:15:00,504.7,507.0,504.0,507.0,30761
2026-07-07 09:15:00,507.0,507.55,498.0,498.2,50595
2026-07-07 10:15:00,498.05,498.5,496.05,497.1,19825
2026-07-07 11:15:00,497.1,499.85,496.95,499.0,13673
2026-07-07 12:15:00,498.7,499.4,496.85,497.3,17222
2026-07-07 13:15:00,497.3,499.35,496.65,499.25,7871
2026-07-07 14:15:00,499.25,500.3,495.0,495.55,41308
2026-07-07 15:15:00,495.55,496.7,494.0,494.9,20827
2026-07-08 09:15:00,495.0,496.7,491.9,495.3,31228
2026-07-08 10:15:00,495.35,496.6,495.0,496.0,8013
2026-07-08 11:15:00,495.6,501.6,495.6,501.3,37849
2026-07-08 12:15:00,501.3,502.6,499.25,502.55,16159
2026-07-08 13:15:00,502.3,502.95,490.25,491.3,39977
2026-07-08 14:15:00,491.25,493.95,489.0,491.8,55288
2026-07-08 15:15:00,491.8,496.5,491.05,493.8,15010
2026-07-09 09:15:00,493.8,498.65,490.95,497.6,41019
2026-07-09 10:15:00,497.6,499.0,496.05,496.55,8769
2026-07-09 11:15:00,496.45,498.5,496.0,498.05,18403
2026-07-09 12:15:00,498.05,504.85,497.1,504.35,33505
2026-07-09 13:15:00,504.3,504.7,500.05,501.25,29516
2026-07-09 14:15:00,501.25,501.25,493.5,494.9,59033
2026-07-09 15:15:00,494.85,499.5,494.0,495.0,14648
2026-07-10 09:15:00,497.0,507.0,497.0,505.05,52777
2026-07-10 10:15:00,505.4,505.85,503.1,503.8,20689
2026-07-10 11:15:00,503.8,504.5,502.4,504.1,10277
2026-07-10 12:15:00,504.1,504.4,499.65,502.0,51561
2026-07-10 13:15:00,502.0,503.0,501.0,502.45,11499
2026-07-10 14:15:00,502.45,503.05,500.0,502.4,39601
2026-07-10 15:15:00,502.3,503.65,498.0,501.0,30786
2026-07-13 09:15:00,501.2,502.25,495.3,496.2,24908
2026-07-13 10:15:00,496.2,499.4,495.0,495.2,22071
2026-07-13 11:15:00,495.3,495.75,493.5,495.25,22169
2026-07-13 12:15:00,495.3,497.4,495.1,496.6,8874
2026-07-13 13:15:00,496.65,496.75,494.45,496.45,16914
2026-07-13 14:15:00,496.45,502.85,495.3,500.95,64963
2026-07-13 15:15:00,500.95,501.2,497.7,500.85,17504
2026-07-14 09:15:00,503.15,504.95,497.7,498.0,49933
2026-07-14 10:15:00,498.3,499.25,496.0,497.7,18204
2026-07-14 11:15:00,497.7,499.7,496.05,496.3,16684
2026-07-14 12:15:00,496.75,497.8,495.0,496.4,32187
2026-07-14 13:15:00,496.3,497.0,494.0,495.15,17007
2026-07-14 14:15:00,495.1,495.7,492.0,493.0,43386
2026-07-14 15:15:00,493.3,494.0,490.9,493.0,27348
2026-07-15 09:15:00,493.95,496.85,492.6,495.5,50904
2026-07-15 10:15:00,495.5,497.05,495.1,495.15,12146
2026-07-15 11:15:00,495.3,496.85,495.1,496.7,10922
2026-07-15 12:15:00,496.7,497.0,495.1,496.3,12649
2026-07-15 13:15:00,495.95,498.95,494.2,496.2,30875
2026-07-15 14:15:00,496.0,498.85,494.4,495.9,35773
2026-07-15 15:15:00,495.35,496.85,494.55,496.7,13151
2026-07-16 09:15:00,497.35,497.85,491.45,492.3,22249
2026-07-16 10:15:00,492.4,495.0,492.3,494.0,13428
2026-07-16 11:15:00,494.0,497.95,493.15,493.5,13343
2026-07-16 12:15:00,493.5,495.7,490.0,491.4,29998
2026-07-16 13:15:00,491.4,494.7,491.4,493.85,49586
2026-07-16 14:15:00,493.9,494.85,492.95,494.2,33693
2026-07-16 15:15:00,493.75,494.9,493.05,493.6,18370
2026-07-17 09:15:00,494.05,497.45,492.0,493.65,26113
2026-07-17 10:15:00,493.65,495.95,493.3,494.45,16294
2026-07-17 11:15:00,494.45,494.45,492.0,492.5,23907
2026-07-17 12:15:00,492.5,493.9,492.15,493.5,10241
2026-07-17 13:15:00,493.5,494.35,492.1,493.8,14250
2026-07-17 14:15:00,493.85,500.25,493.5,499.65,51843
2026-07-17 15:15:00,499.65,502.5,495.2,502.5,45348
2026-07-20 09:15:00,498.25,507.4,496.0,506.0,53757
2026-07-20 10:15:00,506.5,509.0,505.2,505.25,26927
2026-07-20 11:15:00,505.65,505.85,501.0,502.5,13663
2026-07-20 12:15:00,502.7,502.95,498.3,501.8,23131
2026-07-20 13:15:00,502.0,503.2,501.5,502.05,12677
2026-07-20 14:15:00,501.8,503.15,500.5,502.2,18420
2026-07-20 15:15:00,502.4,505.0,501.0,504.8,17244
2026-07-21 09:15:00,505.0,512.7,504.1,506.05,128420
2026-07-21 10:15:00,506.05,507.55,505.0,507.25,20327
2026-07-21 11:15:00,507.0,508.8,505.55,506.75,21394
2026-07-21 12:15:00,506.75,508.75,505.0,505.85,17173
2026-07-21 13:15:00,505.85,510.0,505.2,508.4,31995
2026-07-21 14:15:00,508.45,509.55,507.1,507.45,27129
2026-07-21 15:15:00,507.9,509.9,507.35,509.25,22430
2026-07-22 09:15:00,509.35,509.65,501.05,503.7,36050
2026-07-22 10:15:00,503.3,504.9,502.5,504.1,7297
2026-07-22 11:15:00,504.2,504.85,502.75,502.75,5452
2026-07-22 12:15:00,502.75,505.95,502.5,503.65,18843
2026-07-22 13:15:00,503.65,504.95,503.2,503.45,7611
2026-07-22 14:15:00,503.2,503.7,499.5,499.5,35361
2026-07-22 15:15:00,499.6,499.75,498.0,498.0,13112
2026-07-23 09:15:00,498.0,502.95,495.0,502.45,24665
2026-07-23 10:15:00,502.15,507.0,501.95,505.9,18664
2026-07-23 11:15:00,505.9,506.9,504.5,505.45,13660
2026-07-23 12:15:00,505.45,505.7,501.05,502.5,12403
2026-07-23 13:15:00,502.1,503.35,500.05,500.55,20606
2026-07-23 14:15:00,500.85,504.95,499.2,504.3,29330
2026-07-23 15:15:00,504.1,504.25,500.55,504.0,13081
2026-07-24 09:15:00,500.0,500.1,491.7,491.7,38215
2026-07-24 10:15:00,492.0,497.0,491.65,494.75,17476
2026-07-24 11:15:00,494.4,497.5,494.3,497.45,6088
2026-07-24 12:15:00,497.45,499.5,496.9,497.85,5809
2026-07-24 13:15:00,497.85,498.05,495.0,496.2,12574
2026-07-24 14:15:00,495.65,503.0,495.0,502.55,38718
2026-07-24 15:15:00,502.55,504.3,500.0,500.0,11212
2026-07-27 09:15:00,505.5,513.9,504.75,512.8,69455
2026-07-27 10:15:00,512.8,513.0,510.65,511.5,9310
2026-07-27 11:15:00,511.5,511.75,510.0,510.85,8018
2026-07-27 12:15:00,510.85,511.9,508.35,511.25,38586
2026-07-27 13:15:00,510.8,511.8,507.2,510.2,31210
2026-07-27 14:15:00,510.2,513.0,507.3,512.75,65624
2026-07-27 15:15:00,512.75,513.0,512.0,513.0,27491
2026-07-28 09:15:00,513.0,515.0,508.6,511.5,67497
2026-07-28 10:15:00,511.5,518.1,511.0,517.0,48458
2026-07-28 11:15:00,517.0,524.25,516.55,521.6,142779
2026-07-28 12:15:00,521.6,522.4,519.55,520.3,50849
2026-07-28 13:15:00,520.05,520.55,514.0,514.45,132927
2026-07-28 14:15:00,514.45,515.4,510.05,510.55,32203
2026-07-28 15:15:00,510.55,510.85,509.0,510.1,29788
2026-07-29 09:15:00,513.5999755859375,529.0,513.5999755859375,521.5499877929688,0
2026-07-29 10:15:00,521.0499877929688,523.7000122070312,519.2000122070312,521.9500122070312,58762
2026-07-29 11:15:00,522.2000122070312,522.2999877929688,519.0499877929688,519.5499877929688,24103
2026-07-29 12:15:00,519.4500122070312,519.9500122070312,517.0499877929688,519.1500244140625,27313
2026-07-29 13:15:00,519.2999877929688,523.25,519.0499877929688,522.6500244140625,32961
2026-07-29 14:15:00,522.1500244140625,524.7999877929688,522.0499877929688,523.7999877929688,91518
2026-07-29 15:15:00,524.5,524.5,522.5,523.5999755859375,31228
2026-07-30 09:15:00,525.0,525.0,515.0,515.25,0
2026-07-30 10:15:00,515.5999755859375,517.7999877929688,515.0,516.8499755859375,13985
2026-07-30 11:15:00,516.8499755859375,517.9500122070312,515.0499877929688,516.6500244140625,17747
2026-07-30 12:15:00,516.4000244140625,517.9000244140625,514.0,514.7999877929688,20503
2026-07-30 13:15:00,514.7999877929688,515.7999877929688,512.0,512.7999877929688,14602
2026-07-30 14:15:00,512.7999877929688,514.0499877929688,511.0,511.75,28265
2026-07-30 15:15:00,511.7999877929688,512.4500122070312,510.7999877929688,511.0,23969
2026-07-31 09:15:00,513.7000122070312,519.2000122070312,508.7999877929688,516.9000244140625,0
2026-07-31 10:15:00,516.8499755859375,519.4500122070312,516.0,519.1500244140625,13601
2026-07-31 11:15:00,518.7000122070312,519.0,516.0999755859375,516.7999877929688,15103
2026-07-31 12:15:00,516.7999877929688,517.7000122070312,513.9500122070312,514.5,21955
2026-07-31 13:15:00,514.0999755859375,516.0999755859375,513.3499755859375,514.8499755859375,6794
2026-07-31 14:15:00,514.4000244140625,519.75,511.5499877929688,517.5,77000
2026-07-31 15:15:00,517.5,518.9500122070312,514.2000122070312,516.5999755859375,45751
2026-08-03 09:15:00,534.8499755859375,534.8499755859375,515.7000122070312,518.0999755859375,0
2026-08-03 10:15:00,518.4500122070312,520.0,517.0999755859375,519.8499755859375,45802
2026-08-03 11:15:00,519.6500244140625,523.0,519.0,521.2000122070312,44937
2026-08-03 12:15:00,521.75,525.0,521.1500244140625,524.4000244140625,74399
2026-08-03 13:15:00,524.4000244140625,524.7999877929688,520.0,521.2999877929688,40316
2026-08-03 14:15:00,521.3499755859375,521.7999877929688,515.2999877929688,516.4000244140625,98935
2026-08-03 15:15:00,516.4500122070312,517.0999755859375,515.4000244140625,516.2000122070312,25155
2026-08-04 09:15:00,518.0499877929688,526.0,516.9000244140625,521.4500122070312,0
2026-08-04 10:15:00,521.5,524.2999877929688,520.0,524.2999877929688,29356
2026-08-04 11:15:00,524.2999877929688,524.2999877929688,519.5,521.25,20938
2026-08-04 12:15:00,521.5999755859375,522.0,518.0499877929688,518.0499877929688,18910
2026-08-04 13:15:00,518.4500122070312,518.4500122070312,510.2000122070313,513.9500122070312,90707
2026-08-04 14:15:00,513.9500122070312,514.4000244140625,510.3500061035156,511.1499938964844,37373
2026-08-04 15:15:00,511.0499877929688,511.0499877929688,505.5,509.3999938964844,28335
2026-08-05 09:15:00,511.7999877929688,513.7999877929688,507.1000061035156,509.7000122070313,0
2026-08-05 10:15:00,509.5,509.6499938964844,505.5499877929688,506.2000122070313,40330
2026-08-05 11:15:00,506.5,506.5499877929688,501.2000122070313,502.6000061035156,62788
2026-08-05 12:15:00,502.6000061035156,504.0,499.0,499.0,101969
2026-08-05 13:15:00,499.0,501.0499877929688,495.1000061035156,497.7999877929688,93077
2026-08-05 14:15:00,497.7999877929688,500.7999877929688,496.5,500.25,68892
2026-08-05 15:15:00,500.25,500.5,499.0,499.7000122070313,21684
2026-08-06 09:15:00,504.3500061035156,508.2000122070313,499.7999877929688,499.8999938964844,0
2026-08-06 10:15:00,500.0,504.3500061035156,499.5,500.1000061035156,72058
2026-08-06 11:15:00,500.1499938964844,500.5,499.5499877929688,500.25,16364
2026-08-06 12:15:00,500.25,500.5499877929688,499.2999877929688,499.7000122070313,27635
2026-08-06 13:15:00,499.7000122070313,502.2999877929688,499.3999938964844,502.0,25818
2026-08-06 14:15:00,502.0,502.3999938964844,499.6000061035156,500.6499938964844,21435
2026-08-06 15:15:00,501.0499877929688,501.7999877929688,500.0,500.8999938964844,14783
2026-08-07 09:15:00,500.1000061035156,501.7000122070313,499.1499938964844,499.8500061035156,0
2026-08-07 10:15:00,500.2000122070313,502.5499877929688,498.5,499.0,47424
2026-08-07 11:15:00,499.0,501.0,498.1499938964844,499.0499877929688,56813
2026-08-07 12:15:00,498.75,501.3500061035156,497.8999938964844,500.8999938964844,33924
2026-08-07 13:15:00,500.8999938964844,500.8999938964844,496.6000061035156,496.6000061035156,66169
2026-08-07 14:15:00,496.6000061035156,498.6000061035156,496.1499938964844,496.8999938964844,145299
2026-08-07 15:15:00,497.3999938964844,498.7000122070313,497.0,497.8500061035156,10133
2026-08-10 09:15:00,499.8999938964844,504.8999938964844,496.25,503.75,0
2026-08-10 10:15:00,504.25,505.8999938964844,502.7000122070313,503.8500061035156,52557
2026-08-10 11:15:00,504.0,504.9500122070313,502.1000061035156,502.8999938964844,12749
2026-08-10 12:15:00,502.9500122070313,503.8500061035156,501.3999938964844,503.4500122070313,20099
2026-08-10 13:15:00,503.4500122070313,504.0,501.0,501.75,29601
2026-08-10 14:15:00,501.6499938964844,502.0,500.0,501.1000061035156,27186
2026-08-10 15:15:00,501.25,501.4500122070313,500.0,500.5,7489
2026-08-11 09:15:00,500.5,502.7000122070313,499.0,499.75,0
2026-08-11 10:15:00,499.75,500.75,499.1499938964844,499.6499938964844,6928
2026-08-11 11:15:00,500.1000061035156,502.2999877929688,499.3999938964844,501.0,12321
2026-08-11 12:15:00,501.0499877929688,501.5,499.0,500.0,13342
2026-08-11 13:15:00,500.0,500.25,497.25,497.6000061035156,17812
2026-08-11 14:15:00,497.6000061035156,498.1000061035156,495.5,496.0,44465
2026-08-11 15:15:00,495.8500061035156,496.0,495.0,495.8500061035156,13594
2026-08-12 09:15:00,497.5499877929688,499.6499938964844,495.1000061035156,495.3999938964844,0
2026-08-12 10:15:00,495.1000061035156,496.75,495.0,495.7000122070313,11926
2026-08-12 11:15:00,495.5,497.3500061035156,495.2999877929688,495.75,11089
2026-08-12 12:15:00,496.0499877929688,496.7000122070313,495.1000061035156,496.2000122070313,14201
2026-08-12 13:15:00,496.2000122070313,496.25,490.5,490.5499877929688,28893
2026-08-12 14:15:00,490.2999877929688,491.5,488.0,489.0,63208
2026-08-12 15:15:00,488.75,490.0,488.5,489.4500122070313,12064
2026-08-13 09:15:00,495.0,529.5999755859375,494.25,525.1500244140625,2952155
2026-08-13 10:15:00,525.0999755859375,542.1500244140625,525.0999755859375,532.5,8356690
2026-08-13 11:15:00,532.5,537.5,524.2999877929688,527.0999755859375,4924908
2026-08-13 12:15:00,527.0999755859375,530.9000244140625,525.2000122070312,528.5,1645151
2026-08-13 13:15:00,528.7000122070312,533.0,526.5,530.1500244140625,1837193
2026-08-13 14:15:00,530.4500122070312,536.25,524.5499877929688,526.2000122070312,2889675
2026-08-13 15:15:00,526.0,527.25,513.8499755859375,518.0,769230
2026-08-14 09:15:00,518.75,527.0,512.75,527.0,0
2026-08-14 10:15:00,527.0,527.4500122070312,523.25,524.8499755859375,193775
2026-08-14 11:15:00,524.9000244140625,526.0,522.9500122070312,525.4500122070312,113410
2026-08-14 12:15:00,525.4500122070312,527.0,524.4000244140625,525.9000244140625,83419
2026-08-14 13:15:00,525.9000244140625,530.0,524.7000122070312,529.0499877929688,171497
2026-08-14 14:15:00,529.4000244140625,532.0,526.4000244140625,530.75,310754
2026-08-14 15:15:00,531.0,533.9000244140625,530.5999755859375,533.8499755859375,103942
2026-08-17 09:15:00,531.0,531.0,523.0,524.5,0
2026-08-17 10:15:00,524.0999755859375,524.5499877929688,520.0,520.4500122070312,41255
2026-08-17 11:15:00,520.4500122070312,520.5,518.4000244140625,519.7000122070312,60064
2026-08-17 12:15:00,519.7000122070312,523.9000244140625,519.0,521.2000122070312,59992
2026-08-17 13:15:00,521.5,522.75,521.5,522.25,33476
2026-08-17 14:15:00,522.25,522.5999755859375,521.0,521.7000122070312,56864
2026-08-17 15:15:00,521.7000122070312,522.0499877929688,519.5,521.1500244140625,36212
2026-08-18 09:15:00,521.25,523.5,517.6500244140625,521.75,0
2026-08-18 10:15:00,521.75,523.7000122070312,519.5,520.5999755859375,40362
2026-08-18 11:15:00,521.0,521.0999755859375,519.3499755859375,519.5499877929688,9983
2026-08-18 12:15:00,520.0,521.5,519.4500122070312,520.6500244140625,9905
2026-08-18 13:15:00,520.75,520.8499755859375,519.0,519.3499755859375,19899
2026-08-18 14:15:00,519.3499755859375,519.9500122070312,517.0999755859375,518.0,44950
2026-08-18 15:15:00,518.2999877929688,518.9500122070312,516.2000122070312,518.1500244140625,12006
2026-08-19 09:15:00,518.0,518.0,514.0999755859375,515.7000122070312,0
2026-08-19 10:15:00,515.25,515.25,513.2000122070312,513.3499755859375,7766
2026-08-19 11:15:00,513.1500244140625,516.8499755859375,513.0499877929688,516.0,43527
2026-08-19 12:15:00,516.4500122070312,516.4500122070312,512.2999877929688,512.6500244140625,197750
2026-08-19 13:15:00,512.6500244140625,514.25,511.1000061035156,511.7999877929688,39148
2026-08-19 14:15:00,511.3500061035156,514.4500122070312,508.5,514.1500244140625,56455
2026-08-19 15:15:00,514.3499755859375,514.3499755859375,509.75,512.0499877929688,64975
2026-08-20 09:15:00,514.0499877929688,516.5,510.3500061035156,513.5499877929688,0
2026-08-20 10:15:00,513.5499877929688,513.75,512.0,512.2999877929688,9177
2026-08-20 11:15:00,512.3499755859375,512.9000244140625,511.3999938964844,512.0,8135
2026-08-20 12:15:00,512.0,512.7000122070312,510.25,511.3500061035156,15623
2026-08-20 13:15:00,511.3500061035156,511.5,508.0,511.2000122070313,77164
2026-08-20 14:15:00,511.2000122070313,511.5,508.5,509.6000061035156,103232
2026-08-20 15:15:00,509.0499877929688,509.7999877929688,507.1499938964844,509.3500061035156,32770
2026-08-21 09:15:00,510.6000061035156,511.9500122070313,508.5,511.2000122070313,0
2026-08-21 10:15:00,510.75,514.0999755859375,510.3999938964844,513.25,28447
2026-08-21 11:15:00,513.25,521.9000244140625,512.6500244140625,520.7000122070312,95256
2026-08-21 12:15:00,520.2999877929688,520.9000244140625,513.0,514.0999755859375,149290
2026-08-21 13:15:00,514.0499877929688,514.7000122070312,512.0,513.4500122070312,25664
2026-08-21 14:15:00,514.0,514.0,510.2999877929688,511.0,33735
2026-08-21 15:15:00,511.4500122070313,511.5499877929688,509.1000061035156,509.9500122070313,29800
2026-08-24 09:15:00,514.0,515.5,508.9500122070313,509.5499877929688,0
2026-08-24 10:15:00,509.2000122070313,511.0499877929688,506.6000061035156,506.6000061035156,41860
2026-08-24 11:15:00,507.2000122070313,507.6499938964844,506.3500061035156,507.0,13588
2026-08-24 12:15:00,507.0,508.25,505.3500061035156,507.3999938964844,29052
2026-08-24 13:15:00,507.3999938964844,508.0,504.7999877929688,506.2000122070313,37123
2026-08-24 14:15:00,506.5,509.5,505.7000122070313,507.1000061035156,47951
2026-08-24 15:15:00,507.2999877929688,507.4500122070313,505.25,507.0,20867
2026-08-25 09:15:00,507.0,512.1500244140625,507.0,508.0,0
2026-08-25 10:15:00,508.1000061035156,508.3500061035156,503.1499938964844,505.25,48988
2026-08-25 11:15:00,505.1499938964844,507.0,505.1499938964844,506.8500061035156,18697
2026-08-25 12:15:00,506.70001220703125,507.1000061035156,506.0,506.3500061035156,21399
2026-08-25 13:15:00,506.29998779296875,509.25,506.0,507.29998779296875,21747
2026-08-25 14:15:00,507.3500061035156,507.95001220703125,505.6000061035156,506.0,25533
2026-08-25 15:15:00,505.6499938964844,508.0,505.6000061035156,506.5,9955
2026-08-26 09:15:00,510.0,510.0,505.79998779296875,507.6499938964844,20329
2026-08-26 10:15:00,507.1000061035156,508.3999938964844,506.04998779296875,508.1000061035156,12276
2026-08-26 11:15:00,507.6499938964844,508.5,507.04998779296875,507.79998779296875,8695
2026-08-26 12:15:00,507.45001220703125,508.45001220703125,505.20001220703125,508.20001220703125,16896
2026-08-26 13:15:00,508.29998779296875,508.8500061035156,507.1000061035156,507.5,10324
2026-08-26 14:15:00,507.54998779296875,515.7000122070312,507.29998779296875,513.9500122070312,159218
2026-08-26 15:15:00,513.9500122070312,514.9500122070312,512.5499877929688,514.4000244140625,17738
2026-08-27 09:15:00,513.0,513.9000244140625,510.3500061035156,511.75,13769
2026-08-27 10:15:00,511.54998779296875,512.0,509.20001220703125,510.25,26749
2026-08-27 11:15:00,510.29998779296875,511.04998779296875,510.0,510.5,10010
2026-08-27 12:15:00,511.70001220703125,511.95001220703125,510.5,511.3999938964844,11021
2026-08-27 13:15:00,511.20001220703125,511.79998779296875,507.6000061035156,508.75,50232
2026-08-27 14:15:00,508.75,510.70001220703125,508.70001220703125,509.1000061035156,22279
2026-08-27 15:15:00,509.5,511.0,509.0,509.6000061035156,0
2026-08-28 09:15:00,508.8999938964844,513.9500122070312,508.0,512.0,30357
2026-08-28 10:15:00,512.4500122070312,512.75,510.6000061035156,511.95001220703125,17127
2026-08-28 11:15:00,511.8500061035156,511.8500061035156,509.6000061035156,511.0,12116
2026-08-28 12:15:00,511.0,512.7999877929688,510.0,512.4500122070312,27428
2026-08-28 13:15:00,512.4500122070312,513.5,508.75,509.04998779296875,16212
2026-08-28 14:15:00,508.75,510.1499938964844,507.54998779296875,508.3999938964844,30720
2026-08-28 15:15:00,508.1499938964844,510.20001220703125,508.1499938964844,508.25,5272
2026-08-31 09:15:00,508.1000061035156,508.1000061035156,499.70001220703125,502.04998779296875,0
2026-08-31 10:15:00,501.6000061035156,503.8500061035156,500.5,503.25,22705
2026-08-31 11:15:00,502.8999938964844,504.8999938964844,502.5,503.8999938964844,21738
2026-08-31 12:15:00,504.0,504.0,499.5,501.79998779296875,35486
2026-08-31 13:15:00,501.79998779296875,502.95001220703125,500.8500061035156,501.3500061035156,16506
2026-08-31 14:15:00,501.5,503.3999938964844,498.04998779296875,498.54998779296875,66129
2026-08-31 15:15:00,498.04998779296875,499.25,497.1000061035156,498.8999938964844,38727
