Datetime,Open,High,Low,Close,Volume
2021-01-01 09:15:00,90.7101,92.3079,90.1432,91.2771,490380
2021-01-01 10:15:00,91.2255,91.6894,91.1225,91.3802,111010
2021-01-01 11:15:00,91.2771,91.3802,90.9163,91.2255,78354
2021-01-01 12:15:00,91.2255,91.9471,91.0709,91.4832,237885
2021-01-01 13:15:00,91.5348,91.5348,90.9678,91.3286,115933
2021-01-01 14:15:00,91.2771,91.4832,90.9678,91.2771,197875
2021-01-01 15:15:00,91.3286,91.3802,90.8648,91.174,175899
2021-01-04 09:15:00,92.2563,96.5857,92.0502,93.6479,3585598
2021-01-04 10:15:00,93.5964,94.0087,92.3079,92.9779,1148953
2021-01-04 11:15:00,93.0294,93.2356,92.3594,92.7717,328067
2021-01-04 12:15:00,92.7717,94.8333,92.5656,94.3695,705269
2021-01-04 13:15:00,94.3179,94.8333,93.8025,94.0602,530957
2021-01-04 14:15:00,94.0602,94.2664,93.4933,93.751,380507
2021-01-04 15:15:00,93.6994,93.8025,93.4933,93.6479,342739
2021-01-05 09:15:00,93.751,93.751,92.1532,92.3594,570077
2021-01-05 10:15:00,92.3594,92.6686,91.7925,92.514,189115
2021-01-05 11:15:00,92.514,92.7202,92.3079,92.4109,133761
2021-01-05 12:15:00,92.4625,93.5964,92.3079,92.9263,221048
2021-01-05 13:15:00,92.8748,92.9779,92.3594,92.6171,144671
2021-01-05 14:15:00,92.5656,92.7202,92.1532,92.514,204201
2021-01-05 15:15:00,92.5656,92.6171,92.0502,92.2048,206985
2021-01-06 09:15:00,92.7717,92.7717,91.5348,91.844,423154
2021-01-06 10:15:00,91.844,92.1532,91.7409,91.7925,141408
2021-01-06 11:15:00,91.8955,92.1532,91.7409,92.0502,261786
2021-01-06 12:15:00,91.9986,92.9779,91.7925,92.1017,225694
2021-01-06 13:15:00,92.1532,92.2563,90.8132,91.0194,410630
2021-01-06 14:15:00,91.0194,91.4832,90.8132,91.2771,376321
2021-01-06 15:15:00,91.2771,91.3802,91.0709,91.2255,110726
2021-01-07 09:15:00,91.9471,92.7717,91.174,91.4317,357102
2021-01-07 10:15:00,91.4832,91.6378,90.3494,90.9678,199289
2021-01-07 11:15:00,90.8648,91.4832,90.7101,91.4317,88098
2021-01-07 12:15:00,91.4317,91.9986,91.2255,91.844,173498
2021-01-07 13:15:00,91.844,91.9471,90.9678,91.4317,77472
2021-01-07 14:15:00,91.4832,91.6378,90.7101,91.1225,172303
2021-01-07 15:15:00,91.1225,91.174,90.7101,90.9678,108982
2021-01-08 09:15:00,91.7409,92.0502,90.3494,90.9163,357287
2021-01-08 10:15:00,90.9163,91.2771,90.7101,91.0194,316826
2021-01-08 11:15:00,91.0194,91.6378,90.7101,90.7617,160494
2021-01-08 12:15:00,90.8648,90.9163,90.504,90.7617,135541
2021-01-08 13:15:00,90.8132,90.8132,90.504,90.6071,109016
2021-01-08 14:15:00,90.6071,90.9678,90.4524,90.8132,220940
2021-01-08 15:15:00,90.9163,90.9678,90.504,90.7617,306854
2021-01-11 09:15:00,91.174,91.2255,89.937,89.9886,297144
2021-01-11 10:15:00,89.937,89.9886,88.8547,89.1124,241512
2021-01-11 11:15:00,89.1124,89.1124,88.5455,89.1124,160364
2021-01-11 12:15:00,89.0609,89.1124,88.8032,88.9062,66699
2021-01-11 13:15:00,88.9062,89.1124,88.8032,89.0609,54786
2021-01-11 14:15:00,89.0609,89.1124,88.1331,88.4939,311917
2021-01-11 15:15:00,88.4939,88.8547,88.1331,88.3908,145713
2021-01-12 09:15:00,88.5455,91.0194,83.7007,89.3701,676626
2021-01-12 10:15:00,89.2155,90.6071,89.0093,90.0401,555613
2021-01-12 11:15:00,90.0401,90.2463,89.6278,89.9886,102760
2021-01-12 12:15:00,89.834,90.3494,89.6793,89.834,93817
2021-01-12 13:15:00,89.937,90.1432,89.7824,90.0401,63457
2021-01-12 14:15:00,90.0401,90.6586,89.7309,89.8855,185168
2021-01-12 15:15:00,89.8855,90.4009,89.8855,90.1432,156097
2021-01-13 09:15:00,90.6586,91.1225,89.9886,90.4009,331398
2021-01-13 10:15:00,90.2463,90.3494,89.4216,89.834,199209
2021-01-13 11:15:00,89.8855,89.8855,89.4732,89.5247,97881
2021-01-13 12:15:00,89.5247,89.7309,89.0093,89.1639,126901
2021-01-13 13:15:00,89.1124,89.1639,87.6177,88.2362,241360
2021-01-13 14:15:00,88.3393,89.0609,88.0816,88.9578,149250
2021-01-13 15:15:00,89.0093,89.1639,88.3908,88.8547,117350
2021-01-14 09:15:00,89.7309,90.1947,88.0301,88.2878,512845
2021-01-14 10:15:00,88.2878,88.6485,87.8754,88.4424,140734
2021-01-14 11:15:00,88.5455,89.834,88.2362,89.1124,174362
2021-01-14 12:15:00,89.0093,89.4732,88.9062,89.0609,86877
2021-01-14 13:15:00,89.1639,89.6278,89.0093,89.2155,109160
2021-01-14 14:15:00,89.2155,89.3186,88.9578,89.1639,111999
2021-01-14 15:15:00,89.1124,89.5763,88.9062,89.2155,117716
2021-01-15 09:15:00,89.5763,89.6278,87.8239,88.2878,310252
2021-01-15 10:15:00,88.3908,88.4424,87.927,87.9785,82488
2021-01-15 11:15:00,87.9785,88.6485,87.7724,88.3393,118860
2021-01-15 12:15:00,88.3393,88.4939,88.2362,88.3393,23268
2021-01-15 13:15:00,88.3393,88.4939,87.6693,87.8754,74836
2021-01-15 14:15:00,87.8754,88.6485,86.9993,88.3908,259622
2021-01-15 15:15:00,88.597,88.597,88.1331,88.3908,123439
2021-01-18 09:15:00,88.3393,88.3393,86.5869,86.69,343176
2021-01-18 10:15:00,86.69,86.69,86.0715,86.4323,175979
2021-01-18 11:15:00,86.4839,86.69,86.3808,86.5354,80005
2021-01-18 12:15:00,86.5869,86.9993,86.5354,86.8446,49667
2021-01-18 13:15:00,86.9477,87.1023,86.5354,87.1023,95919
2021-01-18 14:15:00,87.1539,87.2054,85.8654,86.3808,167464
2021-01-18 15:15:00,86.2262,86.5869,86.02,86.2262,91708
2021-01-19 09:15:00,86.69,88.9062,86.3292,88.4939,320375
2021-01-19 10:15:00,88.5455,88.8032,88.0816,88.4424,241540
2021-01-19 11:15:00,88.3908,88.5455,88.3393,88.4424,72405
2021-01-19 12:15:00,88.4939,89.1639,88.3393,88.9062,170282
2021-01-19 13:15:00,88.9578,89.0609,88.4939,88.7516,128395
2021-01-19 14:15:00,88.7516,89.8855,88.6485,89.7824,226112
2021-01-19 15:15:00,89.7824,89.834,89.1124,89.5247,152973
2021-01-20 09:15:00,89.2155,89.4732,87.8754,88.0301,163686
2021-01-20 10:15:00,87.8754,89.0093,87.7724,88.2878,127720
2021-01-20 11:15:00,88.2878,88.3908,87.9785,88.2878,54002
2021-01-20 12:15:00,88.1847,88.9062,88.1847,88.7516,71157
2021-01-20 13:15:00,88.7516,90.0917,88.5455,89.3186,189674
2021-01-20 14:15:00,89.3701,89.8855,89.1639,89.4216,154827
2021-01-20 15:15:00,89.3701,89.4732,88.8547,89.2155,97084
2021-01-21 09:15:00,89.4732,89.6793,88.2362,88.3908,183899
2021-01-21 10:15:00,88.3908,88.3908,88.0301,88.0816,119043
2021-01-21 11:15:00,88.1331,88.6485,87.8754,88.3908,90278
2021-01-21 12:15:00,88.3908,91.7409,88.2362,90.7617,1559929
2021-01-21 13:15:00,90.7101,90.8132,89.1639,89.1639,279513
2021-01-21 14:15:00,89.1639,89.7309,88.1331,88.597,310556
2021-01-21 15:15:00,88.5455,88.7516,88.2362,88.5455,115281
2021-01-22 09:15:00,88.4424,89.1639,87.1023,87.9785,306728
2021-01-22 10:15:00,87.927,88.0301,87.2054,87.257,118364
2021-01-22 11:15:00,87.257,87.36,86.5869,87.2054,159411
2021-01-22 12:15:00,87.1023,87.257,86.1231,86.1231,134770
2021-01-22 13:15:00,86.1231,86.8962,86.0715,86.69,150480
2021-01-22 14:15:00,86.69,87.4116,86.5869,86.6385,124840
2021-01-22 15:15:00,86.69,87.257,86.5869,86.8962,80009
2021-01-25 09:15:00,87.5662,88.3393,86.2777,87.8754,316639
2021-01-25 10:15:00,87.8754,87.8754,86.7931,87.1023,133589
2021-01-25 11:15:00,87.257,87.4631,86.3808,86.8446,158752
2021-01-25 12:15:00,86.7416,87.4631,86.7416,87.3085,40912
2021-01-25 13:15:00,87.36,87.5147,86.4323,86.6385,69348
2021-01-25 14:15:00,86.4839,86.69,86.2262,86.5354,119172
2021-01-25 15:15:00,86.5354,86.7931,86.2777,86.4839,81226
2021-01-27 09:15:00,86.8962,86.9477,85.35,86.5869,250770
2021-01-27 10:15:00,86.4323,87.9785,85.7623,87.7208,323420
2021-01-27 11:15:00,87.7724,87.7724,86.0715,86.2262,200699
2021-01-27 12:15:00,86.2262,86.4323,85.8654,86.1746,121021
2021-01-27 13:15:00,86.0715,86.1746,85.4531,85.6077,97800
2021-01-27 14:15:00,85.4531,85.9169,85.4531,85.5046,269031
2021-01-27 15:15:00,85.4531,86.02,85.4531,85.6077,92217
2021-01-28 09:15:00,85.1438,86.2262,84.9377,86.2262,274697
2021-01-28 10:15:00,86.2262,86.4323,85.9169,86.2262,93864
2021-01-28 11:15:00,86.3292,86.3292,85.6077,85.6592,53790
2021-01-28 12:15:00,85.6592,85.9169,85.35,85.4531,72879
2021-01-28 13:15:00,85.4531,85.6077,84.8346,85.4531,175815
2021-01-28 14:15:00,85.35,86.9477,85.0923,86.7931,193084
2021-01-28 15:15:00,86.5869,86.6385,85.6592,86.0715,168337
2021-01-29 09:15:00,86.6385,88.1331,86.6385,87.3085,457546
2021-01-29 10:15:00,87.3085,88.0816,87.1539,87.8239,127227
2021-01-29 11:15:00,87.927,87.9785,87.36,87.5662,73104
2021-01-29 12:15:00,87.5662,87.7724,87.2054,87.2054,55607
2021-01-29 13:15:00,87.36,87.6177,86.8962,87.3085,87926
2021-01-29 14:15:00,87.36,89.4216,87.3085,88.1331,1134455
2021-01-29 15:15:00,88.0816,88.1847,87.5147,87.8754,162960
2021-02-01 09:15:00,89.3186,89.3186,87.7208,88.4424,453164
2021-02-01 10:15:00,88.5455,91.6378,88.4939,91.0709,1425379
2021-02-01 11:15:00,91.0709,93.5964,90.1947,90.7101,2888044
2021-02-01 12:15:00,90.8132,90.9163,89.7309,89.834,531458
2021-02-01 13:15:00,89.9886,90.8648,89.2155,89.7309,369415
2021-02-01 14:15:00,89.7309,91.5348,89.6278,91.2771,536690
2021-02-01 15:15:00,91.2255,91.7409,90.2463,91.0709,351368
2021-02-02 09:15:00,92.0502,92.8748,89.1639,89.1639,564487
2021-02-02 10:15:00,89.2155,89.6278,88.9578,89.4732,251597
2021-02-02 11:15:00,89.5763,89.8855,89.0093,89.4732,107684
2021-02-02 12:15:00,89.4216,89.4732,88.9578,89.267,48898
2021-02-02 13:15:00,89.0609,89.7309,89.0609,89.4732,64649
2021-02-02 14:15:00,89.4732,89.6793,89.267,89.3701,148101
2021-02-02 15:15:00,89.3701,89.6278,89.267,89.4216,105241
2021-02-03 09:15:00,90.6586,90.6586,89.1639,89.5247,217093
2021-02-03 10:15:00,89.5247,90.1432,89.0609,89.1639,173617
2021-02-03 11:15:00,89.1639,89.6278,89.1124,89.4216,72193
2021-02-03 12:15:00,89.4216,89.5763,89.1639,89.3186,73410
2021-02-03 13:15:00,89.2155,89.4216,89.1124,89.2155,61462
2021-02-03 14:15:00,89.2155,89.6278,89.1639,89.267,180099
2021-02-03 15:15:00,89.267,89.3701,89.0609,89.2155,80366
2021-02-04 09:15:00,89.4732,90.9163,89.267,90.2978,378522
2021-02-04 10:15:00,90.3494,90.9163,90.1947,90.8132,151434
2021-02-04 11:15:00,90.8648,90.8648,90.3494,90.3494,100014
2021-02-04 12:15:00,90.3494,90.6586,90.0917,90.0917,90089
2021-02-04 13:15:00,90.1432,90.504,90.0917,90.1432,86491
2021-02-04 14:15:00,90.1947,90.504,90.1432,90.3494,135965
2021-02-04 15:15:00,90.4524,90.504,90.1947,90.2978,118174
2021-02-05 09:15:00,91.9471,92.9263,91.2771,91.4317,889406
2021-02-05 10:15:00,91.5348,93.4933,91.4317,92.514,835051
2021-02-05 11:15:00,92.514,93.4933,91.844,93.1325,514376
2021-02-05 12:15:00,93.184,93.2356,92.7717,92.7717,407106
2021-02-05 13:15:00,92.8233,93.1325,92.0502,92.2048,510030
2021-02-05 14:15:00,92.2048,92.514,91.2771,91.3802,339151
2021-02-05 15:15:00,91.4832,92.3079,91.3286,92.3079,282120
2021-02-08 09:15:00,89.6793,89.6793,87.7724,88.0816,949778
2021-02-08 10:15:00,87.9785,89.0609,87.927,88.4424,363890
2021-02-08 11:15:00,88.4424,89.2155,88.4424,88.8032,235710
2021-02-08 12:15:00,88.8032,88.9062,88.3908,88.4424,136983
2021-02-08 13:15:00,88.4424,88.6485,88.3908,88.4424,80792
2021-02-08 14:15:00,88.5455,88.5455,88.2362,88.2878,293690
2021-02-08 15:15:00,88.3393,88.3908,88.2362,88.2878,245505
2021-02-09 09:15:00,88.6485,89.6278,88.3393,89.3186,232347
2021-02-09 10:15:00,89.267,89.6278,88.5455,88.7516,163378
2021-02-09 11:15:00,88.6485,89.2155,88.4424,88.9062,153579
2021-02-09 12:15:00,88.8547,88.8547,88.4424,88.5455,95585
2021-02-09 13:15:00,88.5455,88.5455,88.1331,88.1331,103444
2021-02-09 14:15:00,88.2878,89.3701,87.7724,88.0301,662276
2021-02-09 15:15:00,88.0816,88.1331,87.5147,88.0301,148810
2021-02-10 09:15:00,88.8547,89.267,87.8754,88.1847,321348
2021-02-10 10:15:00,88.0301,88.0301,86.9993,87.5147,257725
2021-02-10 11:15:00,87.5147,87.6693,86.9477,87.5147,307997
2021-02-10 12:15:00,87.4631,88.1847,87.3085,87.7208,190065
2021-02-10 13:15:00,87.7208,87.8754,87.5147,87.6177,108532
2021-02-10 14:15:00,87.6177,87.8239,87.1023,87.4631,178374
2021-02-10 15:15:00,87.4631,87.8754,87.1023,87.36,118616
2021-02-11 09:15:00,87.4116,87.927,87.1023,87.5147,296690
2021-02-11 10:15:00,87.6177,88.2878,86.9477,87.257,268688
2021-02-11 11:15:00,87.36,87.5147,86.8446,87.257,221206
2021-02-11 12:15:00,87.257,87.4631,87.0508,87.257,53644
2021-02-11 13:15:00,87.257,91.6378,86.8962,90.2463,1844614
2021-02-11 14:15:00,90.2463,90.3494,89.2155,89.4732,602023
2021-02-11 15:15:00,89.4732,89.8855,89.3701,89.6278,219888
2021-02-12 09:15:00,90.1947,93.3902,89.3701,92.2563,3494169
2021-02-12 10:15:00,92.2563,92.3079,90.4009,90.9678,988692
2021-02-12 11:15:00,90.8648,91.4317,90.8132,90.9163,134452
2021-02-12 12:15:00,90.8648,91.1225,90.5555,90.8648,119168
2021-02-12 13:15:00,90.8132,91.5348,90.1947,90.4009,911273
2021-02-12 14:15:00,90.2463,91.4832,90.0917,90.6586,1095503
2021-02-12 15:15:00,90.6586,91.2255,88.6485,90.4009,662573
2021-02-15 09:15:00,90.504,90.504,89.0609,89.4216,572657
2021-02-15 10:15:00,89.267,89.5763,89.267,89.4732,115256
2021-02-15 11:15:00,89.4216,89.6793,89.3186,89.4216,72128
2021-02-15 12:15:00,89.5247,89.6278,89.3701,89.5763,55699
2021-02-15 13:15:00,89.4732,89.5763,89.3701,89.3701,62153
2021-02-15 14:15:00,89.4216,89.7824,89.2155,89.4216,172428
2021-02-15 15:15:00,89.267,89.3186,88.8547,89.1639,229600
2021-02-16 09:15:00,89.1639,89.5763,88.1847,88.4424,283915
2021-02-16 10:15:00,88.4424,88.597,87.8239,87.9785,220367
2021-02-16 11:15:00,87.927,88.3393,87.1539,88.0301,365390
2021-02-16 12:15:00,87.9785,88.0301,87.257,87.5662,106618
2021-02-16 13:15:00,87.4631,88.6485,87.36,88.0816,201684
2021-02-16 14:15:00,88.1847,88.3908,87.7724,88.2878,123244
2021-02-16 15:15:00,88.3393,89.1639,88.1847,89.1124,190283
2021-02-17 09:15:00,88.8547,94.4725,87.8754,92.9779,3914319
2021-02-17 10:15:00,92.8233,93.1325,92.3079,92.3594,957412
2021-02-17 11:15:00,92.4109,92.6686,91.9986,92.3079,444411
2021-02-17 12:15:00,92.2563,92.7717,92.1532,92.4625,286431
2021-02-17 13:15:00,92.4109,92.7717,92.1017,92.4625,576279
2021-02-17 14:15:00,92.4625,93.6479,92.3079,93.081,1031107
2021-02-17 15:15:00,92.9779,93.4933,92.6171,92.9779,517909
2021-02-18 09:15:00,93.8025,93.8025,91.1225,92.2563,687762
2021-02-18 10:15:00,92.2563,92.514,91.4317,91.9986,285082
2021-02-18 11:15:00,91.9986,92.1017,91.3802,91.7925,568587
2021-02-18 12:15:00,91.7925,95.2456,91.2771,94.9364,953972
2021-02-18 13:15:00,94.9364,94.9364,92.6686,93.6479,939600
2021-02-18 14:15:00,93.6994,106.1721,93.6479,101.6881,13713924
2021-02-18 15:15:00,101.5335,102.3581,100.245,101.2758,2047208
2021-02-19 09:15:00,102.1004,104.3682,98.4411,101.6366,3746435
2021-02-19 10:15:00,101.7912,102.152,100.1935,100.6058,843318
2021-02-19 11:15:00,100.4512,100.7604,100.0388,100.3996,309224
2021-02-19 12:15:00,100.3481,101.3273,100.1935,100.1935,408871
2021-02-19 13:15:00,100.1935,100.6058,96.1218,96.4826,1652597
2021-02-19 14:15:00,96.2764,100.0388,96.2764,100.0388,1242632
2021-02-19 15:15:00,99.9873,100.9666,99.8842,99.8842,819680
2021-02-22 09:15:00,99.4719,99.4719,96.1734,97.668,1137125
2021-02-22 10:15:00,97.668,98.0803,96.998,97.7196,358516
2021-02-22 11:15:00,97.668,97.9257,96.328,96.6372,523405
2021-02-22 12:15:00,96.7403,96.8434,94.3179,96.0703,913480
2021-02-22 13:15:00,96.1218,96.5857,94.9879,96.0187,1095863
2021-02-22 14:15:00,96.0703,97.668,95.4518,96.998,751562
2021-02-22 15:15:00,96.8949,97.3072,94.5241,95.9157,614678
2021-02-23 09:15:00,95.8126,99.7296,94.0087,97.7711,1764853
2021-02-23 10:15:00,97.7711,97.9257,96.4826,96.7403,571525
2021-02-23 11:15:00,96.7403,97.3588,96.4311,96.8434,320092
2021-02-23 12:15:00,96.7918,97.6165,96.0703,97.2557,292280
2021-02-23 13:15:00,97.2557,97.668,96.6372,97.3072,593937
2021-02-23 14:15:00,97.4103,99.5234,96.3795,98.6473,712649
2021-02-23 15:15:00,98.7503,99.2657,97.9773,98.3896,492335
2021-02-24 09:15:00,102.7189,108.0275,101.2758,105.1413,6128799
2021-02-24 10:15:00,105.1413,105.8113,103.8013,104.729,1034097
2021-02-24 11:15:00,104.6259,104.6259,103.4405,103.9043,575081
2021-02-24 15:15:00,103.6982,103.9559,100.5027,102.7705,362626
2021-02-24 16:15:00,102.7705,105.8113,101.482,103.9043,1822185
2021-02-25 09:15:00,106.069,106.5844,104.4197,104.9351,1351473
2021-02-25 10:15:00,104.7805,105.2444,104.5228,104.729,403429
2021-02-25 11:15:00,104.5744,104.9867,103.6466,104.9351,443082
2021-02-25 12:15:00,104.9351,106.4813,104.6774,105.2959,1201927
2021-02-25 13:15:00,105.399,105.7598,103.8528,104.059,1003269
2021-02-25 14:15:00,104.1105,104.4197,103.0797,103.6466,874518
2021-02-25 15:15:00,103.5951,104.0074,103.1828,103.6466,409440
2021-02-26 09:15:00,101.9458,107.0998,100.7089,105.0382,1850218
2021-02-26 10:15:00,105.0898,105.0898,103.2859,103.7497,850846
2021-02-26 11:15:00,103.6982,104.162,103.1312,103.9559,538299
2021-02-26 12:15:00,103.8528,104.1105,102.5643,103.2859,899555
2021-02-26 13:15:00,103.3889,104.162,102.6674,104.1105,617653
2021-02-26 14:15:00,104.1105,106.069,102.0489,103.0797,2638448
2021-02-26 15:15:00,103.0282,103.3889,102.5643,103.0797,386251
2021-03-01 09:15:00,105.0898,106.4813,104.6774,104.9351,1020495
2021-03-01 10:15:00,104.9867,109.986,104.9867,108.4398,3185591
2021-03-01 11:15:00,108.3883,109.0583,106.739,106.739,934625
2021-03-01 12:15:00,106.7906,111.0168,106.5329,108.8522,3655361
2021-03-01 13:15:00,108.8522,109.2645,107.3575,107.976,695778
2021-03-01 14:15:00,107.976,110.3984,106.8421,107.6667,2276414
2021-03-01 15:15:00,107.6667,107.7183,104.2136,106.9452,1142175
2021-03-02 09:15:00,121.634,127.3034,119.057,122.7679,16739374
2021-03-02 10:15:00,122.871,124.108,120.9125,122.7679,2969680
2021-03-02 11:15:00,122.6648,124.6234,121.7371,123.5926,1952200
2021-03-02 12:15:00,123.541,123.7987,122.7164,123.2833,853821
2021-03-02 13:15:00,123.3864,123.8503,122.0464,122.5618,1444776
2021-03-02 14:15:00,122.5618,128.3342,122.3556,128.3342,6027551
2021-03-02 15:15:00,128.3342,128.3342,128.3342,128.3342,145371
2021-03-03 09:15:00,136.3744,138.1268,128.8496,132.2513,15206794
2021-03-03 10:15:00,132.5605,133.3851,131.1174,131.5297,1958621
2021-03-03 11:15:00,131.5812,131.7874,129.1073,130.1897,1498675
2021-03-03 12:15:00,130.1897,130.9112,127.8188,130.3958,2097460
2021-03-03 13:15:00,130.4474,131.8905,129.4166,130.1381,1271008
2021-03-03 14:15:00,130.1381,130.9112,128.1796,128.3342,1500131
2021-03-03 15:15:00,128.1796,128.3858,125.2934,127.4065,2008396
2021-03-04 09:15:00,123.6956,131.942,122.2525,130.602,4627944
2021-03-04 10:15:00,130.7051,136.426,129.2104,136.0652,4024741
2021-03-04 11:15:00,136.0652,138.7968,134.8282,136.0137,4873049
2021-03-04 12:15:00,135.9621,137.4568,134.1067,136.5806,2025977
2021-03-04 13:15:00,136.5291,136.8898,134.2098,135.1375,1109345
2021-03-04 14:15:00,135.1375,135.3952,131.3235,132.5605,2508475
2021-03-04 15:15:00,132.612,133.9521,132.1482,132.9728,893219
2021-03-05 09:15:00,134.1067,136.9929,132.3543,134.1582,2093681
2021-03-05 10:15:00,134.1582,134.3128,130.9628,131.5297,939130
2021-03-05 11:15:00,131.4782,133.3336,131.2205,131.7359,475736
2021-03-05 12:15:00,131.7359,134.2613,131.4782,132.7151,1073780
2021-03-05 13:15:00,132.6636,133.5913,130.1381,130.7566,675647
2021-03-05 14:15:00,130.602,132.9728,129.8289,132.7666,1133380
2021-03-05 15:15:00,132.7151,133.7459,132.0451,132.9213,726432
2021-03-08 09:15:00,134.1582,136.9414,133.0759,134.4675,2126151
2021-03-08 10:15:00,134.519,135.5498,133.2305,133.9521,1114774
2021-03-08 11:15:00,133.9521,134.4675,133.282,133.9005,558060
2021-03-08 12:15:00,133.9005,134.0551,133.0759,133.7974,262221
2021-03-08 13:15:00,133.7974,134.0036,133.3336,133.5913,364111
2021-03-08 14:15:00,133.5913,134.0036,132.7151,133.4882,839326
2021-03-08 15:15:00,133.5397,133.7459,132.8697,133.2305,401474
2021-03-09 09:15:00,136.0137,136.5806,133.5913,134.2613,1425510
2021-03-09 10:15:00,134.2613,134.4159,132.5089,133.2305,598947
2021-03-09 11:15:00,133.3336,133.6428,131.7359,132.1997,858321
2021-03-09 12:15:00,132.1997,132.7151,121.9948,126.4272,1950427
2021-03-09 13:15:00,126.6334,129.1589,125.7572,128.5404,808109
2021-03-09 14:15:00,128.5404,130.7051,127.5096,129.8804,2065955
2021-03-09 15:15:00,129.8804,130.9112,129.1589,130.035,464810
2021-03-10 09:15:00,130.8597,131.7359,127.2519,130.1897,993711
2021-03-10 10:15:00,130.1897,130.1897,128.3858,128.5404,251775
2021-03-10 11:15:00,128.5404,129.0558,127.9734,128.1281,139365
2021-03-10 12:15:00,128.3342,129.0042,127.9734,128.695,109641
2021-03-10 13:15:00,128.6435,128.8496,127.9734,128.695,396395
2021-03-10 14:15:00,128.6435,128.7981,127.5611,128.0765,304377
2021-03-10 15:15:00,128.1281,128.3342,127.8188,128.0765,209747
2021-03-12 09:15:00,129.4681,129.4681,125.9634,127.1488,1023026
2021-03-12 10:15:00,127.2519,127.7157,126.6849,126.8396,512667
2021-03-12 11:15:00,126.788,127.4065,126.4272,126.9942,509401
2021-03-12 12:15:00,127.2003,127.2003,126.5819,126.788,134133
2021-03-12 13:15:00,126.788,126.8911,125.8603,125.8603,433163
2021-03-12 14:15:00,125.8603,126.0665,124.211,124.6749,862886
2021-03-12 15:15:00,124.7264,124.9841,124.4687,124.9326,246895
2021-03-15 09:15:00,125.8088,126.0665,120.7063,122.4071,908217
2021-03-15 10:15:00,122.2525,123.0772,121.531,121.7887,317352
2021-03-15 11:15:00,121.634,122.9741,121.4279,122.5102,638077
2021-03-15 12:15:00,122.5102,129.8804,122.2525,126.6849,3295625
2021-03-15 13:15:00,126.5819,127.4065,125.1388,126.0665,763512
2021-03-15 14:15:00,126.1695,128.3858,124.778,128.3342,959134
2021-03-15 15:15:00,128.3858,128.3858,127.0973,127.3034,421616
2021-03-16 09:15:00,127.9734,127.9734,124.9841,125.7057,644481
2021-03-16 10:15:00,125.7057,127.5096,124.3141,124.5718,649445
2021-03-16 11:15:00,124.5718,124.6749,123.9018,124.108,355228
2021-03-16 12:15:00,124.108,125.1388,123.9018,124.0564,474782
2021-03-16 13:15:00,124.0564,124.8295,123.3864,124.4687,211345
2021-03-16 14:15:00,124.4687,125.2934,124.2626,124.4172,288120
2021-03-16 15:15:00,124.4172,124.7264,123.541,124.0564,299892
2021-03-17 09:15:00,124.0049,124.0049,120.8094,120.964,801053
2021-03-17 10:15:00,121.0156,121.0156,118.5417,120.5517,731551
2021-03-17 11:15:00,120.6032,121.1186,118.954,119.4694,370315
2021-03-17 12:15:00,119.4694,119.4694,117.7686,119.2117,638566
2021-03-17 13:15:00,119.2632,119.8301,118.2324,118.4386,301501
2021-03-17 14:15:00,118.4901,118.5417,116.2224,116.5831,561236
2021-03-17 15:15:00,116.4801,117.2016,115.9647,116.7378,270606
2021-03-18 09:15:00,118.4386,119.057,115.5523,116.1193,619632
2021-03-18 10:15:00,116.2224,116.377,111.4807,112.6661,992670
2021-03-18 11:15:00,112.6661,114.1608,112.2538,114.0577,273594
2021-03-18 12:15:00,114.0061,114.1092,110.3468,110.5014,463042
2021-03-18 13:15:00,110.5014,110.9653,108.3883,108.4398,761142
2021-03-18 14:15:00,108.4914,110.8107,107.409,110.8107,842843
2021-03-18 15:15:00,110.7076,110.8622,109.8314,110.3468,320454
2021-03-19 09:15:00,108.2337,109.1614,102.0489,108.8522,2497254
2021-03-19 10:15:00,108.8522,111.7899,107.976,109.5737,1036476
2021-03-19 11:15:00,109.8314,110.1407,106.6875,106.9967,667403
2021-03-19 12:15:00,106.7906,108.0275,106.3267,107.8729,309214
2021-03-19 13:15:00,107.8729,112.6146,107.5121,110.9653,1086876
2021-03-19 14:15:00,110.9653,111.8415,109.7799,110.0376,649909
2021-03-19 15:15:00,110.1407,111.2745,109.5222,110.3984,315712
2021-03-22 09:15:00,110.9653,125.5511,108.6975,124.0049,7898877
2021-03-22 10:15:00,123.9533,124.0049,121.8917,123.0256,1417760
2021-03-22 11:15:00,123.2318,124.1595,122.5618,122.6648,841453
2021-03-22 12:15:00,122.8195,123.2318,120.8609,123.0772,917450
2021-03-22 13:15:00,123.0772,124.108,122.1494,123.0256,1143463
2021-03-22 14:15:00,123.0772,127.2003,122.0979,123.6956,4044134
2021-03-22 15:15:00,123.6956,124.108,122.5618,123.6956,814222
2021-03-23 09:15:00,123.6956,124.5203,121.2217,122.2525,1616829
2021-03-23 10:15:00,122.2525,122.871,121.4279,121.7371,353507
2021-03-23 11:15:00,121.7371,122.3556,120.6548,121.3248,319558
2021-03-23 12:15:00,121.3248,121.9948,120.8094,121.0156,138859
2021-03-23 13:15:00,120.8609,121.8917,120.7063,121.634,155906
2021-03-23 14:15:00,121.634,122.9225,120.5517,120.9125,544056
2021-03-23 15:15:00,120.7579,121.1186,120.0878,120.7063,387866
2021-03-24 09:15:00,119.9332,119.9332,116.5831,116.7893,1054694
2021-03-24 10:15:00,116.8924,117.9232,115.0885,115.9131,611220
2021-03-24 11:15:00,115.9131,116.5831,115.4493,116.1708,206226
2021-03-24 12:15:00,116.1708,116.377,115.707,115.707,157586
2021-03-24 13:15:00,115.7585,116.2739,114.9854,115.6554,287171
2021-03-24 14:15:00,115.7585,116.377,114.9339,115.7585,525846
2021-03-24 15:15:00,115.6554,118.9024,114.5215,115.81,554322
2021-03-25 09:15:00,116.4285,116.9955,112.0476,114.47,988157
2021-03-25 10:15:00,114.3154,120.1394,113.6454,117.6655,1279307
2021-03-25 11:15:00,117.6655,118.1293,114.7792,115.5523,596240
2021-03-25 12:15:00,115.707,119.2632,115.6039,117.2016,665344
2021-03-25 13:15:00,117.3047,118.9024,117.0985,118.5417,619796
2021-03-25 14:15:00,118.4901,119.2117,116.9955,117.6139,745137
2021-03-25 15:15:00,117.6139,117.7686,117.2016,117.5109,312587
2021-03-26 09:15:00,119.057,120.6032,117.7686,118.5417,811276
2021-03-26 10:15:00,118.6447,118.954,118.0263,118.3355,223271
2021-03-26 11:15:00,118.3355,119.3147,117.9232,118.8509,266319
2021-03-26 12:15:00,118.8509,119.057,118.1293,118.4386,183818
2021-03-26 13:15:00,118.3355,118.6963,117.717,118.0778,182926
2021-03-26 14:15:00,118.1293,118.954,117.6139,118.0263,336562
2021-03-26 15:15:00,118.0778,118.4386,117.5109,117.9747,264498
2021-03-30 09:15:00,119.057,119.5209,117.8201,118.1809,449755
2021-03-30 10:15:00,118.284,118.387,117.2532,117.8716,270808
2021-03-30 11:15:00,117.8716,118.0263,117.3562,117.4078,178635
2021-03-30 12:15:00,117.4078,117.5109,117.047,117.2016,117067
2021-03-30 13:15:00,117.3562,117.5109,116.8408,116.9955,124566
2021-03-30 14:15:00,117.0985,117.5109,116.6347,117.2532,325000
2021-03-30 15:15:00,117.2016,117.3562,116.3254,116.6347,222055
2021-03-31 09:15:00,115.4493,117.3562,115.0369,116.2224,508477
2021-03-31 10:15:00,116.2739,116.4285,114.6246,115.3977,187463
2021-03-31 11:15:00,115.3462,115.8616,115.14,115.6554,95512
2021-03-31 12:15:00,115.6554,115.7585,115.2431,115.2946,83559
2021-03-31 13:15:00,115.3977,115.3977,114.7277,115.3462,154192
2021-03-31 14:15:00,115.3462,115.3462,113.4907,114.2638,260484
2021-03-31 15:15:00,114.2638,114.4185,113.3877,113.8,192332
2021-04-01 09:15:00,115.8616,118.2324,114.7792,116.9955,823567
2021-04-01 10:15:00,116.9955,117.047,116.3254,116.7893,163412
2021-04-01 11:15:00,116.7378,120.0878,116.377,118.387,875347
2021-04-01 12:15:00,118.3355,118.4901,117.2016,118.284,321607
2021-04-01 13:15:00,118.284,118.4386,117.7686,118.1293,92227
2021-04-01 14:15:00,118.1293,118.284,116.8408,117.6139,289748
2021-04-01 15:15:00,117.6655,117.9747,117.3047,117.8201,186535
2021-04-05 09:15:00,116.4801,116.7893,112.9753,113.3361,725290
2021-04-05 10:15:00,113.4392,113.8,112.6661,112.9753,335232
2021-04-05 11:15:00,112.8723,113.3877,112.4599,113.1815,153494
2021-04-05 12:15:00,113.233,113.8,113.0269,113.3877,111066
2021-04-05 13:15:00,113.4392,113.8,113.1815,113.4392,141514
2021-04-05 14:15:00,113.3877,114.1092,113.3877,113.8515,210890
2021-04-05 15:15:00,113.9031,113.9031,113.4392,113.6454,115527
2021-04-06 09:15:00,114.3154,115.6554,112.7176,114.9339,634912
2021-04-06 10:15:00,115.0369,119.2632,113.8515,116.8924,1265033
2021-04-06 11:15:00,116.8408,117.4078,116.4801,116.7893,338219
2021-04-06 12:15:00,116.7893,116.7893,114.7792,116.1193,362564
2021-04-06 13:15:00,116.0162,116.2739,114.5731,115.2946,254458
2021-04-06 14:15:00,115.14,117.7686,115.14,116.8924,907182
2021-04-06 15:15:00,116.8924,117.5109,116.5831,117.1501,263518
2021-04-07 09:15:00,120.0878,121.634,119.1601,119.7786,1722122
2021-04-07 10:15:00,119.8301,119.9848,119.2117,119.624,337559
2021-04-07 11:15:00,119.4694,119.8817,118.5417,119.2117,317937
2021-04-07 12:15:00,119.2117,119.9848,118.954,119.3663,242084
2021-04-07 13:15:00,119.3663,119.3663,118.8509,119.057,189084
2021-04-07 14:15:00,119.057,119.2632,118.7478,118.8509,340197
2021-04-07 15:15:00,118.954,119.057,118.3355,118.8509,254177
2021-04-08 09:15:00,119.4694,119.4694,117.7686,117.9747,488056
2021-04-08 10:15:00,117.9747,118.7993,117.4078,117.4078,312735
2021-04-08 11:15:00,117.4078,117.9747,117.1501,117.7686,256903
2021-04-08 12:15:00,117.8201,117.9747,116.9955,117.6655,139124
2021-04-08 13:15:00,117.6139,117.9747,117.4078,117.5109,156471
2021-04-08 14:15:00,117.5109,117.6139,116.7893,117.3562,295061
2021-04-08 15:15:00,117.3047,117.4078,116.4801,117.0985,131058
2021-04-09 09:15:00,116.4285,118.2324,115.4493,116.8408,589194
2021-04-09 10:15:00,116.8924,116.9439,115.6039,116.0162,179575
2021-04-09 11:15:00,115.9131,116.2224,115.0369,115.81,154402
2021-04-09 12:15:00,115.8616,115.8616,115.14,115.3462,91496
2021-04-09 13:15:00,115.3462,115.5008,114.6762,114.9854,142747
2021-04-09 14:15:00,114.9854,115.707,114.47,115.3462,245373
2021-04-09 15:15:00,115.3462,115.6039,114.9854,115.4493,128497
2021-04-12 09:15:00,112.3569,112.3569,105.1928,109.1099,1454831
2021-04-12 10:15:00,109.1099,109.1099,107.2029,107.5121,298678
2021-04-12 11:15:00,107.6667,107.7183,103.5951,104.8321,564113
2021-04-12 12:15:00,104.8836,106.1205,103.1828,105.8628,698941
2021-04-12 13:15:00,105.9144,106.0175,105.0382,105.8113,159818
2021-04-12 14:15:00,105.7598,105.9144,103.0797,104.2136,773107
2021-04-12 15:15:00,104.4197,104.729,103.7497,104.3167,207379
2021-04-13 09:15:00,104.1105,108.1306,104.1105,107.8729,612813
2021-04-13 10:15:00,107.7183,108.646,106.1721,106.6875,308266
2021-04-13 11:15:00,106.6875,106.6875,105.2444,105.7082,183114
2021-04-13 12:15:00,105.8113,106.8936,105.6051,106.1205,103916
2021-04-13 13:15:00,105.9659,107.1513,105.8628,106.9967,111563
2021-04-13 14:15:00,106.9967,109.9345,106.5329,109.8314,559582
2021-04-13 15:15:00,109.6768,110.7076,109.3676,109.3676,301733
2021-04-15 09:15:00,109.2645,109.2645,106.2236,106.5329,583987
2021-04-15 10:15:00,106.4813,106.4813,105.1928,105.6567,245131
2021-04-15 11:15:00,105.7082,106.6359,105.2444,106.2752,165000
2021-04-15 12:15:00,106.1721,106.9452,105.8628,106.5329,127022
2021-04-15 13:15:00,106.2752,107.0998,106.1721,106.7906,138428
2021-04-15 14:15:00,106.8936,107.2029,106.2236,106.6875,208256
2021-04-15 15:15:00,106.6875,106.7906,106.3267,106.6875,123614
2021-04-16 09:15:00,107.0998,109.5737,106.2752,109.1614,596093
2021-04-16 10:15:00,109.1614,110.8107,108.3368,108.7491,358815
2021-04-16 11:15:00,108.5945,108.6975,107.2544,107.6667,173263
2021-04-16 12:15:00,107.8214,108.4914,107.6667,108.0275,69601
2021-04-16 13:15:00,108.1306,108.1306,107.306,107.7698,101843
2021-04-16 14:15:00,107.7698,108.0275,106.9967,106.9967,190809
2021-04-16 15:15:00,107.0998,107.3575,106.3782,107.0998,151110
2021-04-19 09:15:00,102.2551,104.1105,99.9873,102.7705,1062735
2021-04-19 10:15:00,102.7705,102.7705,102.1004,102.2551,189588
2021-04-19 11:15:00,102.2551,102.3066,101.4304,101.7912,203377
2021-04-19 12:15:00,101.6366,102.3581,101.2758,101.9458,273054
2021-04-19 13:15:00,101.9458,102.6674,101.5335,102.4097,302773
2021-04-19 14:15:00,102.2551,102.2551,101.6366,101.8943,267727
2021-04-19 15:15:00,101.9974,102.152,101.5335,101.9458,175362
2021-04-20 09:15:00,103.5951,105.3474,103.1828,103.2859,520953
2021-04-20 10:15:00,103.3374,103.9043,102.7189,103.1312,253477
2021-04-20 11:15:00,103.2343,103.3889,102.6674,102.9251,119057
2021-04-20 12:15:00,103.0282,103.0282,102.4612,102.9251,168882
2021-04-20 13:15:00,102.9251,103.4405,102.6674,103.0282,263356
2021-04-20 14:15:00,102.8735,102.9766,101.585,102.3581,330151
2021-04-20 15:15:00,102.4097,102.4097,102.0489,102.3066,99548
2021-04-22 09:15:00,102.0489,102.0489,100.8119,101.1212,503189
2021-04-22 10:15:00,101.2758,102.5128,101.0696,101.5335,341263
2021-04-22 11:15:00,101.585,106.6359,101.5335,105.9659,1110953
2021-04-22 12:15:00,105.9659,107.8729,105.8628,106.5329,1001286
2021-04-22 13:15:00,106.4298,106.5844,105.4505,105.6567,298004
2021-04-22 14:15:00,105.5536,106.1721,104.9351,105.8628,312888
2021-04-22 15:15:00,105.8113,105.9144,104.8836,105.5021,215944
2021-04-23 09:15:00,104.6774,107.409,104.1105,106.6359,541701
2021-04-23 10:15:00,106.8421,107.1513,105.7082,106.2236,221821
2021-04-23 11:15:00,106.1721,106.6359,105.6051,106.0175,143268
2021-04-23 12:15:00,106.0175,106.0175,105.1928,105.7598,82252
2021-04-23 13:15:00,105.7082,106.4298,105.2959,105.5536,108071
2021-04-23 14:15:00,105.5021,105.7082,103.5436,104.8321,380139
2021-04-23 15:15:00,104.8321,105.5536,104.2136,104.9867,143304
2021-04-26 09:15:00,105.0382,106.9967,104.7805,105.7598,528409
2021-04-26 10:15:00,105.7598,106.7906,105.4505,106.6875,210631
2021-04-26 11:15:00,106.6875,106.8421,105.7598,105.8628,92937
2021-04-26 12:15:00,105.8113,106.5329,105.7598,105.7598,121347
2021-04-26 13:15:00,105.7598,106.2752,105.2959,105.399,132045
2021-04-26 14:15:00,105.3474,105.6567,104.2136,104.4713,283442
2021-04-26 15:15:00,104.4713,104.6774,103.492,104.2651,137022
2021-04-27 09:15:00,105.0898,112.8207,104.7805,110.6045,4296776
2021-04-27 10:15:00,110.6045,110.6045,109.5737,109.7799,476815
2021-04-27 11:15:00,109.7799,110.2953,109.316,110.0891,326944
2021-04-27 12:15:00,110.0891,112.1507,109.4706,111.3776,772916
2021-04-27 13:15:00,111.3776,111.5838,109.8314,110.6045,442308
2021-04-27 14:15:00,110.6045,111.223,110.2953,111.0684,662093
2021-04-27 15:15:00,111.1199,111.6353,110.3468,110.9138,664209
2021-04-28 09:15:00,111.7384,111.7899,109.2645,109.9345,644797
2021-04-28 10:15:00,109.9345,109.9345,108.8006,109.1099,220901
2021-04-28 11:15:00,109.0068,109.986,109.0068,109.6253,254099
2021-04-28 12:15:00,109.5737,109.8314,109.2129,109.7799,90973
2021-04-28 13:15:00,109.7283,109.7283,108.5945,109.1099,185753
2021-04-28 14:15:00,109.1099,109.5222,108.9552,109.2645,214861
2021-04-28 15:15:00,109.1099,109.2645,108.9552,109.1099,135588
2021-04-29 09:15:00,109.0068,110.1407,107.976,108.6975,472818
2021-04-29 10:15:00,108.5429,108.6975,106.8421,107.2029,210874
2021-04-29 11:15:00,107.3575,107.5637,106.9967,107.409,115957
2021-04-29 12:15:00,107.409,107.6152,107.0483,107.2544,104130
2021-04-29 13:15:00,107.1513,107.4606,106.4298,106.7906,279074
2021-04-29 14:15:00,106.8421,107.9244,106.7906,107.0998,249549
2021-04-29 15:15:00,107.0998,107.1513,105.7598,106.7906,247187
2021-04-30 09:15:00,106.4298,110.6561,105.5536,110.0891,1003464
2021-04-30 10:15:00,109.883,110.2953,108.9552,109.6768,287538
2021-04-30 11:15:00,109.7283,110.0376,109.0583,109.5222,134279
2021-04-30 12:15:00,109.5222,110.0376,108.646,108.9552,199654
2021-04-30 13:15:00,108.8522,109.5222,107.409,108.0275,229339
2021-04-30 14:15:00,108.1306,108.4398,107.4606,108.0275,207308
2021-04-30 15:15:00,108.0275,108.0275,107.409,107.6667,179203
2021-05-03 09:15:00,106.7906,110.0376,105.1413,109.1614,744098
2021-05-03 10:15:00,109.2129,112.0992,108.8522,111.7384,910633
2021-05-03 11:15:00,111.7384,112.8723,109.986,110.7076,1230834
2021-05-03 12:15:00,110.7076,112.8723,110.2953,111.8415,661093
2021-05-03 13:15:00,111.9446,111.9961,110.8622,111.2745,230929
2021-05-03 14:15:00,111.2745,111.7899,109.9345,111.1199,436210
2021-05-03 15:15:00,111.1199,111.5322,110.8107,111.0168,224489
2021-05-04 09:15:00,111.9446,113.9031,110.3984,112.2022,939221
2021-05-04 10:15:00,112.2538,113.233,111.6869,112.4599,386660
2021-05-04 11:15:00,112.4084,113.2846,111.9446,112.1507,289644
2021-05-04 12:15:00,112.1507,112.3053,109.4706,109.883,439017
2021-05-04 13:15:00,109.883,111.0684,109.5737,110.8107,229828
2021-05-04 14:15:00,110.6045,111.1199,108.8006,110.1407,259081
2021-05-04 15:15:00,110.1407,112.3569,109.6253,111.0168,500270
2021-05-05 09:15:00,112.563,113.3877,111.3261,111.6353,739646
2021-05-05 10:15:00,111.6353,113.3361,111.4807,112.6146,679797
2021-05-05 11:15:00,112.6146,118.387,112.1507,117.717,4006099
2021-05-05 12:15:00,117.717,120.0363,116.8408,118.4386,4066631
2021-05-05 13:15:00,118.387,118.7993,117.0985,117.5109,1220109
2021-05-05 14:15:00,117.6655,121.4279,117.4593,119.2632,4822741
2021-05-05 15:15:00,119.2632,121.1186,119.1601,119.8301,2408372
2021-05-06 09:15:00,121.1702,125.6541,118.7993,120.6032,5906890
2021-05-06 10:15:00,120.6032,121.5825,119.9332,120.8609,768781
2021-05-06 11:15:00,120.8094,121.1186,120.3971,120.8609,272843
2021-05-06 12:15:00,120.8609,120.9125,119.3663,119.624,417918
2021-05-06 13:15:00,119.5209,119.8817,117.717,118.284,702306
2021-05-06 14:15:00,118.284,119.4694,118.1293,119.4694,553750
2021-05-06 15:15:00,119.5209,119.8817,116.1708,118.6963,862690
2021-05-07 09:15:00,119.3147,121.1186,117.6655,119.2117,1268864
2021-05-07 10:15:00,119.057,119.7786,117.2016,118.3355,652426
2021-05-07 11:15:00,118.3355,118.6963,117.8716,117.9747,160829
2021-05-07 12:15:00,117.9747,121.9948,117.6655,120.6548,1915694
2021-05-07 13:15:00,120.6548,122.0979,119.8301,120.1394,897180
2021-05-07 14:15:00,120.1909,120.7579,119.1601,119.4694,657480
2021-05-07 15:15:00,119.3663,119.5724,118.4901,119.4178,413961
2021-05-10 09:15:00,120.5002,122.6648,118.4386,120.8609,1649333
2021-05-10 10:15:00,120.8609,120.964,118.954,120.0363,816117
2021-05-10 11:15:00,120.0363,121.2733,119.8817,120.9125,508403
2021-05-10 12:15:00,120.8609,121.634,120.1394,120.3455,865679
2021-05-10 13:15:00,120.3455,120.7579,119.8301,120.4486,374217
2021-05-10 14:15:00,120.3455,124.108,119.6755,122.7164,1433047
2021-05-10 15:15:00,122.9741,122.9741,121.8917,122.5618,379922
2021-05-11 09:15:00,121.3248,129.365,121.3248,127.5096,5047647
2021-05-11 10:15:00,127.5096,127.7157,126.118,126.9942,1681076
2021-05-11 11:15:00,127.1488,127.9734,126.4788,127.3034,1048823
2021-05-11 12:15:00,127.4065,127.458,126.0149,126.1695,1719837
2021-05-11 13:15:00,126.118,126.788,124.9841,126.4788,896780
2021-05-11 14:15:00,126.4788,129.0042,125.9118,126.788,1837360
2021-05-11 15:15:00,126.6849,126.8396,125.1903,126.3242,594917
2021-05-12 09:15:00,127.3034,127.7673,124.2626,124.6749,1323986
2021-05-12 10:15:00,124.7264,125.0357,122.1494,122.9225,2587140
2021-05-12 11:15:00,122.9741,124.4687,122.7164,123.9533,467534
2021-05-12 12:15:00,123.6956,123.9533,121.8917,122.3556,918576
2021-05-12 13:15:00,122.3041,122.4071,121.1186,121.7371,739817
2021-05-12 14:15:00,121.7887,121.8917,117.2016,119.3147,1524605
2021-05-12 15:15:00,119.3147,119.4694,117.5109,118.6963,708921
2021-05-14 09:15:00,115.4493,117.5109,113.4392,116.9955,2041593
2021-05-14 10:15:00,116.9439,117.0985,114.7277,114.8308,1426653
2021-05-14 11:15:00,114.7277,115.3977,112.7176,114.0061,652832
2021-05-14 12:15:00,114.0577,115.3977,113.6969,115.0369,277151
2021-05-14 13:15:00,115.0369,115.3462,114.1092,114.6246,154276
2021-05-14 14:15:00,114.7277,114.8823,113.233,113.5423,564141
2021-05-14 15:15:00,113.5423,113.8515,112.4084,113.3877,478779
2021-05-17 09:15:00,113.9031,115.8616,113.6454,115.5523,884750
2021-05-17 10:15:00,115.4493,115.6554,114.7792,114.9339,201789
2021-05-17 11:15:00,114.9339,115.2431,114.8308,114.8823,91929
2021-05-17 12:15:00,114.9339,115.2431,114.5215,114.9339,145172
2021-05-17 13:15:00,114.9339,115.0885,114.5215,114.6246,201635
2021-05-17 14:15:00,114.8308,114.8823,114.0061,114.1608,272524
2021-05-17 15:15:00,114.3154,114.3154,113.5938,114.0061,281231
2021-05-18 09:15:00,114.6762,116.2739,114.4185,115.1916,830510
2021-05-18 10:15:00,115.2946,117.717,115.1916,116.4285,691074
2021-05-18 11:15:00,116.4801,116.5831,115.6554,115.81,151035
2021-05-18 12:15:00,115.9131,116.0162,115.2431,115.3977,209829
2021-05-18 13:15:00,115.6039,116.2224,115.2946,115.6554,376217
2021-05-18 14:15:00,115.7585,116.2739,115.5008,115.81,254656
2021-05-18 15:15:00,115.81,115.8616,115.4493,115.6554,185917
2021-05-19 09:15:00,115.4493,116.4801,115.2431,115.4493,598112
2021-05-19 10:15:00,115.5523,115.707,114.6762,115.4493,161136
2021-05-19 11:15:00,115.5523,115.5523,114.47,115.0885,315271
2021-05-19 12:15:00,114.8823,116.377,114.6246,115.0369,754776
2021-05-19 13:15:00,115.0885,115.14,114.0061,114.0061,255266
2021-05-19 14:15:00,114.1092,114.5731,113.5423,114.4185,436917
2021-05-19 15:15:00,114.4185,114.4185,113.7484,114.1608,155155
2021-05-20 09:15:00,114.6762,117.2532,114.0577,117.047,721184
2021-05-20 10:15:00,116.8924,120.2425,116.8924,118.1809,2296146
2021-05-20 11:15:00,118.4386,119.2117,118.2324,118.954,417241
2021-05-20 12:15:00,118.954,118.954,118.284,118.5417,195962
2021-05-20 13:15:00,118.5417,119.3663,118.387,118.5932,374123
2021-05-20 14:15:00,118.6447,119.6755,117.6655,118.1809,937851
2021-05-20 15:15:00,118.0778,118.7993,117.7686,118.1293,339242
2021-05-21 09:15:00,118.954,119.0055,117.2532,118.0263,510939
2021-05-21 10:15:00,118.1293,119.7786,117.9747,118.5417,534702
2021-05-21 11:15:00,118.387,119.1601,118.1293,118.5417,178993
2021-05-21 12:15:00,118.5417,119.0055,118.387,118.7993,104706
2021-05-21 13:15:00,118.6447,118.8509,118.4386,118.6447,110004
2021-05-21 14:15:00,118.6447,118.7478,117.6655,117.6655,279745
2021-05-21 15:15:00,117.6655,117.9747,117.5109,117.7686,226407
2021-05-24 09:15:00,117.5624,118.4386,115.7585,116.3254,660913
2021-05-24 10:15:00,116.2224,116.6862,115.7585,116.0677,196557
2021-05-24 11:15:00,116.0162,117.0985,116.0162,116.2739,396078
2021-05-24 12:15:00,116.377,116.9955,116.3254,116.6862,279788
2021-05-24 13:15:00,116.6862,117.4593,116.4285,117.0985,416388
2021-05-24 14:15:00,117.0985,120.294,116.6862,118.7478,1558403
2021-05-24 15:15:00,118.7993,119.0055,117.6139,119.0055,318785
2021-05-25 09:15:00,119.057,119.4178,118.0263,118.5417,655716
2021-05-25 10:15:00,118.5417,118.8509,118.0778,118.2324,129307
2021-05-25 11:15:00,118.284,118.284,117.5109,117.6139,175352
2021-05-25 12:15:00,117.717,117.8716,116.9439,117.3562,158719
2021-05-25 13:15:00,117.3047,117.4078,116.5831,116.8408,177085
2021-05-25 14:15:00,116.9439,117.1501,116.5831,116.6347,198352
2021-05-25 15:15:00,116.7378,116.9439,116.377,116.6347,187175
2021-05-26 09:15:00,117.2532,118.9024,116.5831,118.1293,522293
2021-05-26 10:15:00,118.1293,118.387,117.6655,117.7686,125378
2021-05-26 11:15:00,117.9232,118.0263,116.2739,116.8924,286477
2021-05-26 12:15:00,116.7378,116.8924,116.0677,116.2739,224644
2021-05-26 13:15:00,116.2224,116.7893,116.0162,116.6347,162871
2021-05-26 14:15:00,116.5316,116.5831,115.9647,116.3254,241306
2021-05-26 15:15:00,116.3254,116.4801,115.9647,116.1708,151680
2021-05-27 09:15:00,116.7893,117.0985,115.7585,116.7378,356698
2021-05-27 10:15:00,116.5831,116.9439,116.1708,116.6347,190746
2021-05-27 11:15:00,116.4801,116.8924,116.377,116.6347,85629
2021-05-27 12:15:00,116.7378,118.0263,116.5316,117.5109,327787
2021-05-27 13:15:00,117.5109,118.284,117.2016,117.5109,274860
2021-05-27 14:15:00,117.5109,119.8817,117.4593,119.6755,1147427
2021-05-27 15:15:00,119.624,120.8094,119.3147,119.7786,1052487
2021-05-28 09:15:00,123.6956,124.5718,121.634,121.6856,3114449
2021-05-28 10:15:00,121.634,122.6648,121.1702,121.531,807922
2021-05-28 11:15:00,121.4794,122.201,121.2217,121.6856,351173
2021-05-28 12:15:00,121.7887,122.0464,121.4279,121.634,264376
2021-05-28 13:15:00,121.7371,121.9948,121.2733,121.4279,303854
2021-05-28 14:15:00,121.4794,121.7887,119.5724,120.1909,795417
2021-05-28 15:15:00,120.2425,120.294,119.4694,120.294,513250
2021-05-31 09:15:00,119.5724,119.5724,118.0263,118.6447,395346
2021-05-31 10:15:00,118.7478,119.2632,118.2324,118.5932,385587
2021-05-31 11:15:00,118.6963,118.7478,117.9747,118.2324,115917
2021-05-31 12:15:00,118.2324,118.4901,117.8201,118.284,169971
2021-05-31 13:15:00,118.1809,118.284,117.8716,117.9747,126435
2021-05-31 14:15:00,117.9747,118.2324,117.5624,117.8201,185121
2021-05-31 15:15:00,117.8716,117.9747,117.5109,117.6655,162599
2021-06-01 09:15:00,118.0263,118.7478,116.8408,117.0985,464560
2021-06-01 10:15:00,117.2016,117.2016,116.1708,116.4801,219079
2021-06-01 11:15:00,116.3254,116.7378,115.9647,116.5831,187880
2021-06-01 12:15:00,116.5316,119.7786,116.4285,118.2324,968176
2021-06-01 13:15:00,118.3355,118.6447,116.9439,117.047,288942
2021-06-01 14:15:00,117.0985,117.1501,116.4801,116.5316,228347
2021-06-01 15:15:00,116.5831,116.7378,116.377,116.5316,173360
2021-06-02 09:15:00,117.2016,118.7478,116.4801,117.9747,520240
2021-06-02 10:15:00,117.9232,118.0778,117.2016,117.4078,139535
2021-06-02 11:15:00,117.4078,117.717,117.1501,117.2016,72681
2021-06-02 12:15:00,117.2532,117.4593,116.6862,117.4593,143604
2021-06-02 13:15:00,117.2532,117.5624,116.9955,117.4078,98881
2021-06-02 14:15:00,117.2532,117.717,117.1501,117.6139,119654
2021-06-02 15:15:00,117.6139,118.0263,117.5624,117.717,178834
2021-06-03 09:15:00,118.4386,122.5102,118.0778,120.0363,4616472
2021-06-03 10:15:00,119.9332,120.964,119.9332,120.4486,474088
2021-06-03 11:15:00,120.3455,121.1702,120.1394,120.3455,307615
2021-06-03 12:15:00,120.2425,120.5002,119.8817,120.1394,199894
2021-06-03 13:15:00,120.1394,120.1394,119.2632,119.8301,295536
2021-06-03 14:15:00,119.8301,119.8817,118.7993,119.3147,469003
2021-06-03 15:15:00,119.1601,119.5209,118.7478,119.2117,317693
2021-06-04 09:15:00,120.0878,120.5517,119.1086,120.0363,497867
2021-06-04 10:15:00,120.0363,120.3455,119.3147,119.4694,256110
2021-06-04 11:15:00,119.4694,119.9332,118.7993,119.6755,206104
2021-06-04 12:15:00,119.6755,120.3455,119.5724,119.9332,191857
2021-06-04 13:15:00,119.9332,120.2425,119.0055,119.4694,327159
2021-06-04 14:15:00,119.4694,119.7786,118.954,119.3663,183703
2021-06-04 15:15:00,119.2632,119.4178,119.057,119.2117,166887
2021-06-07 09:15:00,120.0363,121.0156,119.1086,120.1909,604421
2021-06-07 10:15:00,120.2425,121.3763,119.8817,120.294,449115
2021-06-07 11:15:00,120.2425,120.8094,119.8301,120.3455,183066
2021-06-07 12:15:00,120.2425,120.2425,118.954,119.3147,387928
2021-06-07 13:15:00,119.3147,119.6755,119.2117,119.2117,311692
2021-06-07 14:15:00,119.1601,119.5209,117.7686,118.284,722830
2021-06-07 15:15:00,118.284,118.5417,117.8201,118.1809,279743
2021-06-08 09:15:00,118.7993,119.3663,117.2532,117.7686,428134
2021-06-08 10:15:00,117.7686,120.8094,117.5624,119.8817,550114
2021-06-08 11:15:00,119.9848,119.9848,117.3562,118.0263,574258
2021-06-08 12:15:00,118.0263,118.1809,117.2016,117.9232,362579
2021-06-08 13:15:00,117.8716,118.387,117.5109,117.6655,201319
2021-06-08 14:15:00,117.6655,118.0263,117.3047,117.3562,426943
2021-06-08 15:15:00,117.4078,117.717,117.2532,117.4593,228539
2021-06-09 09:15:00,118.387,122.4587,117.8716,120.294,2359260
2021-06-09 10:15:00,120.1909,121.1702,119.7786,121.0671,573000
2021-06-09 11:15:00,121.1186,121.1702,120.1909,120.4486,320681
2021-06-09 12:15:00,120.4486,120.6032,118.0263,118.2324,663724
2021-06-09 13:15:00,118.1293,118.8509,117.5624,118.387,430674
2021-06-09 14:15:00,118.387,118.5417,116.2739,117.9747,863072
2021-06-09 15:15:00,117.8201,117.9232,117.1501,117.5109,192250
2021-06-10 09:15:00,118.387,119.1086,118.0263,118.6963,451908
2021-06-10 10:15:00,118.6447,118.8509,117.7686,117.9232,145975
2021-06-10 11:15:00,117.9747,118.2324,117.3047,117.5109,250480
2021-06-10 12:15:00,117.5109,117.717,116.9439,117.2016,199608
2021-06-10 13:15:00,117.2532,117.5109,116.7893,117.3047,320560
2021-06-10 14:15:00,117.047,117.5109,116.9955,117.0985,263558
2021-06-10 15:15:00,117.1501,117.5109,116.9955,117.2016,251972
2021-06-11 09:15:00,117.5109,118.4386,117.2532,117.6139,415475
2021-06-11 10:15:00,117.6139,117.9747,117.4593,117.6139,145075
2021-06-11 11:15:00,117.6655,117.7686,116.5831,116.9955,281596
2021-06-11 12:15:00,116.9955,117.5109,116.8924,117.3047,65367
2021-06-11 13:15:00,117.4078,117.6655,116.9955,117.2532,149983
2021-06-11 14:15:00,117.2016,117.2532,116.377,116.7893,302082
2021-06-11 15:15:00,116.6862,116.9955,116.5831,116.7378,165304
2021-06-14 09:15:00,116.9955,117.0985,113.6969,115.7585,726152
2021-06-14 10:15:00,115.6554,115.8616,115.0885,115.2946,180773
2021-06-14 11:15:00,115.3977,115.6039,114.7277,115.2946,210487
2021-06-14 12:15:00,115.3977,115.4493,115.0885,115.2431,85143
2021-06-14 13:15:00,115.3462,115.4493,114.9339,115.2946,160183
2021-06-14 14:15:00,115.2946,115.4493,114.9854,115.0369,207348
2021-06-14 15:15:00,114.9854,115.2946,114.8823,115.0885,131104
2021-06-15 09:15:00,115.4493,116.7893,115.4493,116.4285,295487
2021-06-15 10:15:00,116.5316,116.6862,115.9647,116.2224,192592
2021-06-15 11:15:00,116.377,116.377,115.1916,115.4493,252138
2021-06-15 12:15:00,115.4493,115.5523,115.2431,115.4493,115334
2021-06-15 13:15:00,115.4493,115.9647,115.2431,115.5008,93160
2021-06-15 14:15:00,115.4493,117.717,115.2431,116.9955,793402
2021-06-15 15:15:00,117.047,117.5624,116.8924,117.047,419363
2021-06-16 09:15:00,120.294,121.634,119.6755,120.0363,4380191
2021-06-16 10:15:00,119.9332,120.0878,119.1601,119.624,764202
2021-06-16 11:15:00,119.5724,120.294,118.2324,119.2117,1102805
2021-06-16 12:15:00,119.2117,120.0363,119.057,119.3147,424608
2021-06-16 13:15:00,119.2632,119.9332,118.954,119.624,325002
2021-06-16 14:15:00,119.5724,119.9332,118.387,118.5417,955339
2021-06-16 15:15:00,118.4386,118.7478,117.5109,118.387,673568
2021-06-17 09:15:00,118.2324,119.2117,116.7893,118.6447,757637
2021-06-17 10:15:00,118.5417,118.7478,117.9232,118.1809,205600
2021-06-17 11:15:00,118.1809,118.5932,117.5624,118.1293,250183
2021-06-17 12:15:00,118.1293,118.1293,117.047,117.4078,177197
2021-06-17 13:15:00,117.4078,117.5624,116.8408,116.8408,158341
2021-06-17 14:15:00,116.7378,116.9955,115.2946,115.9647,612660
2021-06-17 15:15:00,115.9647,116.377,115.4493,115.8616,148867
2021-06-18 09:15:00,116.7893,117.1501,114.1608,114.8308,657517
2021-06-18 10:15:00,114.7792,115.0885,109.7283,112.9238,837341
2021-06-18 11:15:00,112.9753,113.4907,112.3569,112.9238,429146
2021-06-18 12:15:00,112.9753,114.0061,112.6661,112.7692,207681
2021-06-18 13:15:00,112.9753,113.3877,112.6661,113.3877,154542
2021-06-18 14:15:00,113.3877,113.9031,112.6146,113.2846,284884
2021-06-18 15:15:00,113.2846,113.3877,112.9753,113.1815,248828
2021-06-21 09:15:00,111.3261,112.8207,110.553,112.0992,450286
2021-06-21 10:15:00,112.1507,112.8207,112.0476,112.0476,147551
2021-06-21 11:15:00,112.0476,112.3569,111.893,111.9446,91827
2021-06-21 12:15:00,111.9446,112.8207,111.893,112.8207,125069
2021-06-21 13:15:00,112.8723,113.1815,112.2022,112.8723,221313
2021-06-21 14:15:00,112.9753,114.7792,112.6146,112.8723,467375
2021-06-21 15:15:00,112.8207,113.1815,112.7692,112.9753,143125
2021-06-22 09:15:00,113.8,115.7585,113.0269,114.9854,602886
2021-06-22 10:15:00,115.0885,115.9131,114.7277,114.8823,291413
2021-06-22 11:15:00,115.0369,115.3977,114.5731,114.9339,209669
2021-06-22 12:15:00,114.9339,115.0369,114.5215,114.7277,86507
2021-06-22 13:15:00,114.7277,114.7277,113.9031,114.2638,102934
2021-06-22 14:15:00,114.2638,117.717,114.0061,117.3047,1442513
2021-06-22 15:15:00,117.3047,117.8201,116.8408,117.2016,385445
2021-06-23 09:15:00,118.5417,120.0363,117.0985,117.4078,1478720
2021-06-23 10:15:00,117.3562,118.284,116.1708,117.8201,644071
2021-06-23 11:15:00,117.8201,117.8716,116.9439,117.1501,128525
2021-06-23 12:15:00,117.1501,117.5109,116.7893,116.9955,99848
2021-06-23 13:15:00,116.9439,117.2016,116.2739,116.2739,211976
2021-06-23 14:15:00,116.3254,116.7893,114.9339,115.7585,465115
2021-06-23 15:15:00,115.6039,115.6039,114.5215,115.2946,221834
2021-06-24 09:15:00,115.7585,115.8616,114.6762,114.8823,323369
2021-06-24 10:15:00,114.9854,115.2946,114.2123,114.6246,114756
2021-06-24 11:15:00,114.7277,114.7277,114.0577,114.47,91069
2021-06-24 12:15:00,114.5215,114.6762,114.2638,114.3669,57491
2021-06-24 13:15:00,114.3669,114.6762,114.1608,114.2638,83900
2021-06-24 14:15:00,114.3669,114.5215,113.6454,114.0061,159179
2021-06-24 15:15:00,114.0061,114.7277,113.8,114.1608,146028
2021-06-25 09:15:00,115.0369,115.7585,114.4185,115.2946,240380
2021-06-25 10:15:00,115.2431,115.3977,114.6246,114.7277,116662
2021-06-25 11:15:00,114.7277,115.0369,114.4185,114.6246,113075
2021-06-25 12:15:00,114.6246,114.7277,114.4185,114.6246,48893
2021-06-25 13:15:00,114.5215,114.6246,114.47,114.5731,67840
2021-06-25 14:15:00,114.5215,114.9339,114.4185,114.47,234080
2021-06-25 15:15:00,114.47,114.5731,114.0061,114.3154,164660
2021-06-28 09:15:00,115.14,115.14,113.8,114.3154,231071
2021-06-28 10:15:00,114.3154,114.47,113.9546,114.0061,79766
2021-06-28 11:15:00,114.1092,114.4185,113.8515,114.0061,85131
2021-06-28 12:15:00,113.9546,114.1608,112.2022,112.3569,239430
2021-06-28 13:15:00,112.3569,113.8,112.3569,113.0784,206696
2021-06-28 14:15:00,113.0784,114.5215,112.8723,114.2638,333250
2021-06-28 15:15:00,114.2123,116.4285,113.9546,114.8308,386086
2021-06-29 09:15:00,117.2016,117.2532,115.5523,116.0162,1232244
2021-06-29 10:15:00,115.9647,116.377,115.0369,115.4493,324975
2021-06-29 11:15:00,115.4493,115.6554,115.0885,115.2946,172570
2021-06-29 12:15:00,115.2946,115.3462,115.0885,115.2431,81804
2021-06-29 13:15:00,115.2431,115.4493,114.9854,115.2431,178089
2021-06-29 14:15:00,115.3462,115.3977,114.47,114.8308,353948
2021-06-29 15:15:00,114.8308,114.9339,114.4185,114.7792,226856
2021-06-30 09:15:00,115.81,116.9439,115.3462,116.5831,763224
2021-06-30 10:15:00,116.5831,116.7378,115.1916,115.4493,476297
2021-06-30 11:15:00,115.4493,115.4493,114.9339,115.4493,172484
2021-06-30 12:15:00,115.4493,115.4493,114.7792,114.9339,135887
2021-06-30 13:15:00,114.8823,114.9339,114.4185,114.6246,146782
2021-06-30 14:15:00,114.6246,114.8308,113.6969,114.3154,296373
2021-06-30 15:15:00,114.3154,114.3154,113.8515,114.1092,100651
2021-07-01 09:15:00,114.6762,114.7792,113.8,114.0061,276738
2021-07-01 10:15:00,114.0061,114.3669,113.8,114.3154,48763
2021-07-01 11:15:00,114.3154,114.3669,113.8515,113.9546,41895
2021-07-01 12:15:00,113.9546,114.0577,113.6454,113.8,73009
2021-07-01 13:15:00,113.8,114.3154,113.5938,113.8515,97347
2021-07-01 14:15:00,113.7484,113.8515,113.3877,113.5423,146564
2021-07-01 15:15:00,113.4392,113.9031,113.1815,113.4907,106495
2021-07-02 09:15:00,113.8515,114.3154,113.3361,113.7484,218594
2021-07-02 10:15:00,113.9031,114.0061,113.3877,113.5423,82950
2021-07-02 11:15:00,113.5423,113.6454,113.3361,113.5938,52916
2021-07-02 12:15:00,113.5938,114.0061,113.4907,113.8515,53455
2021-07-02 13:15:00,113.7484,113.8515,113.0784,113.3361,67861
2021-07-02 14:15:00,113.4907,113.6454,112.0476,112.4599,600517
2021-07-02 15:15:00,112.6146,113.0269,112.3569,112.5115,150227
2021-07-05 09:15:00,113.4907,113.6969,112.6661,113.0269,201603
2021-07-05 10:15:00,113.0269,113.3361,112.7692,113.233,114962
2021-07-05 11:15:00,113.13,114.0577,113.0784,113.233,140666
2021-07-05 12:15:00,113.233,113.3361,113.0269,113.13,46465
2021-07-05 13:15:00,113.233,113.5938,113.0784,113.3877,71194
2021-07-05 14:15:00,113.5423,113.5423,112.563,112.7176,147580
2021-07-05 15:15:00,112.7692,113.233,112.6661,112.8723,108520
2021-07-06 09:15:00,112.8723,113.1815,112.4599,112.8723,231672
2021-07-06 10:15:00,112.8207,112.8723,111.9961,112.6661,154130
2021-07-06 11:15:00,112.6661,112.6661,112.3569,112.563,53932
2021-07-06 12:15:00,112.563,112.563,112.2022,112.2022,59169
2021-07-06 13:15:00,112.3053,112.5115,112.1507,112.3053,58507
2021-07-06 14:15:00,112.3053,112.3569,111.0684,111.1199,313195
2021-07-06 15:15:00,111.0684,111.3776,110.9138,111.3776,154896
2021-07-07 09:15:00,111.3776,111.8415,110.6045,110.9138,263947
2021-07-07 10:15:00,110.9138,113.8515,110.8107,112.2022,703292
2021-07-07 11:15:00,112.2022,112.2538,111.4292,112.0992,121901
2021-07-07 12:15:00,112.0476,112.4084,111.6869,111.893,66277
2021-07-07 13:15:00,111.893,112.2538,111.1715,111.5322,130535
2021-07-07 14:15:00,111.4292,112.4084,110.9653,111.9446,371977
2021-07-07 15:15:00,111.9446,112.2022,111.3776,111.9961,172089
2021-07-08 09:15:00,112.6146,112.8207,111.3261,112.0992,207899
2021-07-08 10:15:00,111.9446,112.0992,111.223,111.3261,244283
2021-07-08 11:15:00,111.223,111.6353,110.8107,111.1715,149510
2021-07-08 12:15:00,111.0684,111.9446,111.0684,111.6353,110296
2021-07-08 13:15:00,111.6353,111.8415,110.8107,111.223,186099
2021-07-08 14:15:00,111.3261,111.5838,110.8622,111.4292,104814
2021-07-08 15:15:00,111.3776,111.5322,110.6045,111.0168,193267
2021-07-09 09:15:00,110.7591,111.3261,109.986,110.7591,197966
2021-07-09 10:15:00,110.7591,110.9138,110.3984,110.553,60145
2021-07-09 11:15:00,110.3984,110.553,110.1407,110.5014,96144
2021-07-09 12:15:00,110.4499,110.6561,110.2953,110.3984,57615
2021-07-09 13:15:00,110.3984,110.553,110.2437,110.553,51397
2021-07-09 14:15:00,110.5014,110.6045,110.1922,110.2953,108716
2021-07-09 15:15:00,110.2953,110.3984,110.1922,110.2953,74670
2021-07-12 09:15:00,111.3261,112.1507,110.553,110.8107,331947
2021-07-12 10:15:00,110.7591,110.8107,109.8314,110.6561,294171
2021-07-12 11:15:00,110.6045,110.8107,110.3984,110.6045,117481
2021-07-12 12:15:00,110.6045,110.7076,110.3984,110.3984,83565
2021-07-12 13:15:00,110.3468,110.7591,110.0891,110.6045,102476
2021-07-12 14:15:00,110.553,110.8107,109.2129,109.2645,301800
2021-07-12 15:15:00,109.2129,117.9232,109.0068,115.1916,3839632
2021-07-13 09:15:00,115.707,116.2224,113.9546,116.1193,1016750
2021-07-13 10:15:00,115.7585,116.1708,114.6246,114.9854,403237
2021-07-13 11:15:00,114.9854,115.6039,114.9339,115.14,176701
2021-07-13 12:15:00,115.14,117.717,114.9854,117.2016,1486928
2021-07-13 13:15:00,117.1501,117.4593,116.1193,116.4285,678368
2021-07-13 14:15:00,116.4801,116.8408,115.81,115.8616,506686
2021-07-13 15:15:00,115.9131,115.9647,115.1916,115.7585,252959
2021-07-14 09:15:00,115.2946,116.8408,114.9854,115.6039,564602
2021-07-14 10:15:00,115.6554,115.81,115.4493,115.5523,189241
2021-07-14 11:15:00,115.5523,121.2217,115.5008,119.4694,5513402
2021-07-14 12:15:00,119.5209,119.8301,118.4386,119.4694,1684639
2021-07-14 13:15:00,119.3147,119.5209,118.1293,119.4178,1244838
2021-07-14 14:15:00,119.5724,120.3455,118.3355,118.4386,1080523
2021-07-14 15:15:00,118.5417,119.4694,118.0263,118.7478,1110864
2021-07-15 09:15:00,120.0363,120.8094,119.0055,119.3663,1616624
2021-07-15 10:15:00,119.4178,119.5209,118.6963,119.1086,483419
2021-07-15 11:15:00,119.1086,119.3147,118.0778,118.4386,286883
2021-07-15 12:15:00,118.4386,118.5417,118.0778,118.1809,154401
2021-07-15 13:15:00,118.1809,118.2324,117.6139,117.8716,173225
2021-07-15 14:15:00,117.9232,118.0263,117.0985,117.4593,413845
2021-07-15 15:15:00,117.4078,117.5109,116.9955,117.3562,323461
2021-07-16 09:15:00,118.1809,118.1809,115.9131,116.377,421014
2021-07-16 10:15:00,116.2739,116.377,115.6554,115.8616,168823
2021-07-16 11:15:00,115.9131,115.9647,115.0885,115.0885,186467
2021-07-16 12:15:00,115.3462,115.707,115.2431,115.6554,69144
2021-07-16 13:15:00,115.6554,115.7585,115.3462,115.5523,74593
2021-07-16 14:15:00,115.5523,115.7585,115.1916,115.5008,227063
2021-07-16 15:15:00,115.3977,115.4493,115.1916,115.3977,127539
2021-07-19 09:15:00,114.3154,115.0885,113.6969,114.7277,402197
2021-07-19 10:15:00,114.7277,116.1708,114.4185,115.1916,243840
2021-07-19 11:15:00,115.14,115.14,114.6246,115.0369,53251
2021-07-19 12:15:00,115.0369,115.0885,113.9031,114.5215,125460
2021-07-19 13:15:00,114.5215,121.634,114.0577,119.1086,5091058
2021-07-19 14:15:00,119.2117,119.8301,118.1809,119.5209,1537887
2021-07-19 15:15:00,119.5724,119.624,118.6447,119.3663,467432
2021-07-20 09:15:00,119.5724,120.1394,117.3047,118.2324,1016026
2021-07-20 10:15:00,118.3355,119.057,116.0677,116.4801,815270
2021-07-20 11:15:00,116.3254,117.1501,115.8616,116.0677,248368
2021-07-20 12:15:00,116.1193,117.4078,116.0677,117.1501,217970
2021-07-20 13:15:00,117.0985,117.6139,116.9955,117.0985,107067
2021-07-20 14:15:00,117.0985,117.4593,116.377,116.7893,300034
2021-07-20 15:15:00,116.4801,116.7893,116.2224,116.6862,229179
2021-07-22 09:15:00,116.8924,118.0263,116.8924,117.4593,403055
2021-07-22 10:15:00,117.4593,117.5624,116.8924,117.3562,121468
2021-07-22 11:15:00,117.3562,117.7686,117.2532,117.4593,115804
2021-07-22 12:15:00,117.3562,118.0263,117.0985,117.2016,143936
2021-07-22 13:15:00,117.3562,117.6655,117.047,117.2532,122699
2021-07-22 14:15:00,117.2532,118.7478,116.2224,116.5316,779025
2021-07-22 15:15:00,116.5316,116.6347,114.7792,116.1193,292042
2021-07-23 09:15:00,116.9955,117.0985,115.2431,115.8616,427103
2021-07-23 10:15:00,115.7585,116.2224,115.0369,116.0162,223330
2021-07-23 11:15:00,116.0677,116.1708,115.81,116.0162,103855
2021-07-23 12:15:00,115.9647,117.7686,115.8616,117.2016,282000
2021-07-23 13:15:00,117.2016,118.0263,116.2739,118.0263,388344
2021-07-23 14:15:00,117.8716,119.1601,116.2224,116.2739,1085914
2021-07-23 15:15:00,116.4285,116.4801,115.3462,116.1708,239611
2021-07-26 09:15:00,116.8924,116.9955,115.8616,116.8408,321165
2021-07-26 10:15:00,116.9955,116.9955,116.4801,116.8408,126070
2021-07-26 11:15:00,116.7893,117.2016,116.4801,116.5316,212471
2021-07-26 12:15:00,116.5831,116.8408,116.4801,116.5831,74532
2021-07-26 13:15:00,116.5831,116.7378,115.9131,116.0677,93415
2021-07-26 14:15:00,116.2224,116.3254,115.5523,116.0162,140791
2021-07-26 15:15:00,115.9647,116.0677,115.81,115.9647,82087
2021-07-27 09:15:00,116.5831,116.5831,115.2946,115.7585,261795
2021-07-27 10:15:00,115.707,115.9131,115.2431,115.6039,103848
2021-07-27 11:15:00,115.5008,115.81,115.1916,115.3462,59860
2021-07-27 12:15:00,115.5008,115.5523,114.7277,114.8823,109288
2021-07-27 13:15:00,114.8823,115.2946,114.7277,114.9339,58124
2021-07-27 14:15:00,114.9854,115.2431,114.1092,114.7792,219896
2021-07-27 15:15:00,114.8823,115.1916,114.6762,114.8823,90045
2021-07-28 09:15:00,115.3462,115.3462,112.8723,113.6454,352950
2021-07-28 10:15:00,113.6969,113.7484,112.5115,112.9753,162312
2021-07-28 11:15:00,112.9238,113.7484,112.9238,113.6454,72471
2021-07-28 12:15:00,113.6454,114.2638,113.5423,114.0577,76736
2021-07-28 13:15:00,114.0577,114.4185,113.1815,113.3361,147333
2021-07-28 14:15:00,113.3877,113.3877,111.0684,111.5322,699209
2021-07-28 15:15:00,111.4807,111.7899,111.3776,111.5838,146429
2021-07-29 09:15:00,112.2538,113.5423,112.2538,113.1815,302967
2021-07-29 10:15:00,113.3361,113.3877,112.9753,113.233,107881
2021-07-29 11:15:00,113.3361,114.1092,113.13,113.6454,173684
2021-07-29 12:15:00,113.6969,113.8,113.1815,113.3361,80113
2021-07-29 13:15:00,113.3361,113.5938,112.7692,113.0269,131203
2021-07-29 14:15:00,112.9753,113.13,112.7692,113.0269,105051
2021-07-29 15:15:00,112.9753,113.0784,112.7692,112.9238,100191
2021-07-30 09:15:00,112.3569,114.0061,112.0476,113.8,398878
2021-07-30 10:15:00,113.6454,114.1092,113.2846,113.8,142338
2021-07-30 11:15:00,113.8,115.2946,113.5423,114.1608,167614
2021-07-30 12:15:00,114.1608,114.8308,113.8515,114.2638,108884
2021-07-30 13:15:00,114.2123,114.3669,113.9031,113.9546,59682
2021-07-30 14:15:00,114.0061,114.4185,113.6454,113.7484,236654
2021-07-30 15:15:00,113.7484,113.9031,113.4907,113.8,93064
2021-08-02 09:15:00,114.8308,114.8308,113.8,114.0061,153147
2021-08-02 10:15:00,114.0061,114.3669,113.6454,113.9546,127887
2021-08-02 11:15:00,113.8515,114.2123,113.8515,113.9031,54706
2021-08-02 12:15:00,114.0061,114.3154,113.9031,114.0061,53583
2021-08-02 13:15:00,114.0577,114.1092,112.8207,113.3361,217779
2021-08-02 14:15:00,113.3361,113.4907,112.7176,112.9753,173753
2021-08-02 15:15:00,113.0269,113.233,112.8723,113.0784,107665
2021-08-03 09:15:00,113.4907,115.9647,113.4392,115.707,885835
2021-08-03 10:15:00,115.707,116.0162,115.2431,115.707,375302
2021-08-03 11:15:00,115.707,115.7585,114.9339,115.14,153791
2021-08-03 12:15:00,115.1916,116.8924,115.0369,116.2739,475331
2021-08-03 13:15:00,116.2739,116.4801,115.4493,115.6039,205945
2021-08-03 14:15:00,115.6039,117.3047,114.9339,116.3254,1572099
2021-08-03 15:15:00,116.3254,116.8924,115.14,115.81,1229572
2021-08-04 09:15:00,114.4185,114.7277,113.0269,113.4907,692715
2021-08-04 10:15:00,113.4392,113.5938,112.9753,113.0269,213402
2021-08-04 11:15:00,113.13,113.3877,112.4599,113.13,212573
2021-08-04 12:15:00,113.13,113.13,111.8415,111.893,197728
2021-08-04 13:15:00,111.9446,112.1507,111.1715,112.0476,367210
2021-08-04 14:15:00,112.0476,112.6661,111.6353,112.0992,293636
2021-08-04 15:15:00,112.0476,112.0992,111.3776,111.8415,169437
2021-08-05 09:15:00,115.1916,115.8616,113.6454,114.5731,2360599
2021-08-05 10:15:00,114.5731,114.8823,114.1092,114.6762,232226
2021-08-05 11:15:00,114.7277,114.7277,114.1092,114.5215,208458
2021-08-05 12:15:00,114.5731,115.6554,114.2123,114.2638,603351
2021-08-05 13:15:00,114.2638,114.4185,113.4907,114.1608,228988
2021-08-05 14:15:00,114.1092,114.3154,113.4392,114.1092,375899
2021-08-05 15:15:00,113.9031,114.1092,113.5938,113.9546,283725
2021-08-06 09:15:00,114.5731,114.5731,113.13,113.4907,239678
2021-08-06 10:15:00,113.5423,113.8515,113.3877,113.5423,77553
2021-08-06 11:15:00,113.5423,113.9031,113.3361,113.6454,60692
2021-08-06 12:15:00,113.8,113.8515,113.0784,113.2846,99617
2021-08-06 13:15:00,113.3877,113.3877,112.9753,113.0784,69444
2021-08-06 14:15:00,113.0784,113.2846,112.7692,113.0784,114016
2021-08-06 15:15:00,113.0269,113.13,112.7692,112.9753,86725
2021-08-09 09:15:00,113.3877,113.5423,112.0476,112.1507,259760
2021-08-09 10:15:00,112.1507,112.3569,111.9446,112.2022,94139
2021-08-09 11:15:00,112.2022,114.0061,112.0476,113.2846,278028
2021-08-09 12:15:00,113.2846,113.6454,111.9446,112.0476,241304
2021-08-09 13:15:00,112.0476,112.0992,111.1199,111.4807,294541
2021-08-09 14:15:00,111.4807,111.7384,111.1199,111.3261,188471
2021-08-09 15:15:00,111.3261,111.5322,111.1199,111.3776,115836
2021-08-10 09:15:00,111.3261,111.8415,110.6045,110.9138,356801
2021-08-10 10:15:00,111.0684,111.1715,110.8107,110.8107,69018
2021-08-10 11:15:00,110.9138,111.223,110.4499,110.9138,110995
2021-08-10 12:15:00,110.9138,111.2745,110.8107,111.1715,73366
2021-08-10 13:15:00,111.0684,111.1199,107.306,107.5121,364295
2021-08-10 14:15:00,107.6667,109.2645,107.306,108.2337,401891
2021-08-10 15:15:00,108.2337,108.3368,106.739,107.8729,234589
2021-08-11 09:15:00,108.2337,108.5429,104.6774,105.3474,562909
2021-08-11 10:15:00,105.2959,106.4813,104.6774,105.5536,471276
2021-08-11 11:15:00,105.5536,107.409,105.2444,107.0998,323960
2021-08-11 12:15:00,107.0998,109.0583,106.9967,108.0791,336572
2021-08-11 13:15:00,108.1306,109.1099,107.7698,108.0275,229721
2021-08-11 14:15:00,108.2337,108.7491,107.7698,108.4914,196669
2021-08-11 15:15:00,108.3883,108.6975,107.6152,108.2852,120887
2021-08-12 09:15:00,108.8006,108.8006,107.9244,108.4914,283409
2021-08-12 10:15:00,108.4398,108.6975,108.1306,108.2852,75486
2021-08-12 11:15:00,108.2337,108.5945,107.7183,108.3368,98211
2021-08-12 12:15:00,108.4398,108.4914,108.1821,108.2852,28671
2021-08-12 13:15:00,108.2852,109.9345,108.0791,108.9037,162749
2021-08-12 14:15:00,108.8006,109.5737,108.7491,109.0583,215704
2021-08-12 15:15:00,109.0583,109.1614,108.9037,109.0583,79054
2021-08-13 09:15:00,109.2645,109.2645,108.646,108.9037,126549
2021-08-13 10:15:00,108.9037,109.2129,108.2852,108.8006,133983
2021-08-13 11:15:00,109.0068,109.0583,108.0275,108.2337,89158
2021-08-13 12:15:00,108.2337,108.4914,107.7698,107.8214,104413
2021-08-13 13:15:00,107.8729,108.5429,107.4606,107.6667,58661
2021-08-13 14:15:00,107.6667,108.1821,106.7906,107.7698,193289
2021-08-13 15:15:00,107.7183,107.976,107.5637,107.7183,94995
2021-08-16 09:15:00,108.1821,108.1821,106.5844,106.9967,213556
2021-08-16 10:15:00,107.1513,107.2029,106.4298,106.7906,114457
2021-08-16 11:15:00,106.6875,106.8421,106.4298,106.5329,46177
2021-08-16 12:15:00,106.5844,106.8936,106.1721,106.4813,108837
2021-08-16 13:15:00,106.3782,106.5844,105.8113,105.9144,72558
2021-08-16 14:15:00,105.9144,106.1721,105.8628,105.9144,100768
2021-08-16 15:15:00,105.9144,106.1721,105.7598,105.9659,78619
2021-08-17 09:15:00,106.5844,106.5844,105.3474,105.8113,170547
2021-08-17 10:15:00,105.8113,106.8936,105.3474,105.7598,124340
2021-08-17 11:15:00,105.7598,105.7598,104.6259,105.0382,152831
2021-08-17 12:15:00,104.9351,105.2959,104.6259,105.0382,63262
2021-08-17 13:15:00,105.0382,105.0898,104.5228,104.7805,50489
2021-08-17 14:15:00,104.5744,105.2444,104.5228,104.8836,114012
2021-08-17 15:15:00,104.9351,104.9351,104.6259,104.8321,60070
2021-08-18 09:15:00,105.1413,105.2959,104.3167,104.6259,124175
2021-08-18 10:15:00,104.729,104.729,104.2136,104.4197,78562
2021-08-18 11:15:00,104.4197,104.9351,104.2651,104.4713,44354
2021-08-18 12:15:00,104.3682,104.7805,104.2136,104.6259,61718
2021-08-18 13:15:00,104.7805,105.5536,104.6259,104.9351,138625
2021-08-18 14:15:00,104.9351,105.2444,104.3682,104.4197,106219
2021-08-18 15:15:00,104.4197,104.4197,103.6466,104.162,129132
2021-08-20 09:15:00,103.0797,103.6982,102.3581,102.4612,309900
2021-08-20 10:15:00,102.4612,102.5643,100.0904,100.7089,313531
2021-08-20 11:15:00,100.8635,101.482,100.7604,101.1727,130736
2021-08-20 12:15:00,101.3273,101.4304,99.4204,99.6781,224739
2021-08-20 13:15:00,99.6781,100.1419,99.6265,100.0904,122060
2021-08-20 14:15:00,100.1419,100.6573,98.9565,99.0596,297695
2021-08-20 15:15:00,99.0596,99.4204,97.9257,99.0596,200710
2021-08-23 09:15:00,99.9873,101.8427,98.5957,98.8019,290924
2021-08-23 10:15:00,98.8019,98.8019,96.0187,96.9465,295462
2021-08-23 11:15:00,96.9465,98.5442,96.4826,98.1834,181935
2021-08-23 12:15:00,98.1834,98.4926,98.0803,98.1834,73775
2021-08-23 13:15:00,98.1834,98.338,98.0803,98.1834,53562
2021-08-23 14:15:00,98.1834,98.3896,98.0288,98.1834,117802
2021-08-23 15:15:00,98.1834,98.7503,97.3588,98.0288,155110
2021-08-24 09:15:00,98.4411,99.4719,97.5649,98.1319,218702
2021-08-24 10:15:00,98.0288,98.1319,97.6165,97.9773,56732
2021-08-24 11:15:00,97.8742,98.905,97.8226,98.5957,71495
2021-08-24 12:15:00,98.5957,99.2142,98.4926,99.1111,60708
2021-08-24 13:15:00,99.1111,99.4719,98.9565,99.0596,77860
2021-08-24 14:15:00,99.1111,100.4512,98.9565,100.0904,179698
2021-08-24 15:15:00,100.1419,100.1935,99.2657,99.9358,126500
2021-08-25 09:15:00,101.0181,102.9766,100.5027,102.6158,324872
2021-08-25 10:15:00,102.5643,103.9559,102.3581,103.3374,306868
2021-08-25 11:15:00,103.3374,103.3374,102.3581,102.5643,127716
2021-08-25 12:15:00,102.5643,103.5951,102.5643,103.1312,118854
2021-08-25 13:15:00,103.1828,103.5436,103.0797,103.1828,50078
2021-08-25 14:15:00,103.1828,105.9659,102.5643,104.059,857081
2021-08-25 15:15:00,104.059,105.0382,103.8013,104.1105,232677
2021-08-26 09:15:00,105.0382,107.2029,103.9043,106.9967,657608
2021-08-26 10:15:00,106.8936,107.5637,105.9659,106.1721,316170
2021-08-26 11:15:00,106.1721,106.5329,105.9659,105.9659,84882
2021-08-26 12:15:00,106.0175,106.1205,104.6774,105.399,126251
2021-08-26 13:15:00,105.3474,105.6051,104.8836,105.1413,56746
2021-08-26 14:15:00,105.1413,114.6762,104.9867,110.1407,5596998
2021-08-26 15:15:00,110.1407,110.9138,109.9345,110.1922,543998
2021-08-27 09:15:00,110.553,110.9653,108.5429,110.1407,833463
2021-08-27 10:15:00,110.1407,110.553,109.4706,109.7283,128601
2021-08-27 11:15:00,109.8314,110.2437,109.6768,109.8314,93378
2021-08-27 12:15:00,109.6768,110.6045,109.6768,109.986,100556
2021-08-27 13:15:00,109.9345,110.1407,108.9037,109.2645,131165
2021-08-27 14:15:00,109.2645,110.7591,109.0583,110.3468,244850
2021-08-27 15:15:00,110.3984,110.3984,109.2645,109.2645,196388
2021-08-30 09:15:00,110.7076,110.7076,108.7491,109.3676,352268
2021-08-30 10:15:00,109.4706,109.883,108.6975,109.1099,161582
2021-08-30 11:15:00,109.1099,110.1407,109.1099,109.986,119839
2021-08-30 12:15:00,109.883,111.0684,109.5222,110.0891,235436
2021-08-30 13:15:00,110.2953,112.6661,109.6768,111.7384,502066
2021-08-30 14:15:00,111.7899,111.893,109.7799,109.986,347961
2021-08-30 15:15:00,109.9345,110.2437,108.7491,109.5737,161203
2021-08-31 09:15:00,110.0376,110.0376,107.976,108.7491,351823
2021-08-31 10:15:00,108.8006,109.4706,108.6975,109.1614,108572
2021-08-31 11:15:00,109.1614,109.2129,108.3883,108.7491,140672
2021-08-31 12:15:00,108.8006,108.9037,108.5429,108.8006,42541
2021-08-31 13:15:00,108.8006,108.8006,108.0791,108.5429,149161
2021-08-31 14:15:00,108.4398,109.3676,108.2337,109.1099,150902
2021-08-31 15:15:00,109.1614,109.3676,108.9552,109.0583,264927
2021-09-01 09:15:00,109.0583,109.8314,108.6975,109.2129,189469
2021-09-01 10:15:00,109.1099,109.2645,108.7491,108.9552,174082
2021-09-01 11:15:00,109.0068,110.2437,108.7491,110.2437,95845
2021-09-01 12:15:00,110.2437,110.553,109.4191,109.8314,111963
2021-09-01 13:15:00,109.7799,112.3053,108.5429,108.8522,895466
2021-09-01 14:15:00,108.9552,109.3676,108.5945,108.646,170353
2021-09-01 15:15:00,108.8006,109.0583,108.2852,108.5429,123408
2021-09-02 09:15:00,109.1614,109.5737,108.5945,108.6975,187396
2021-09-02 10:15:00,108.7491,108.7491,108.4914,108.7491,102370
2021-09-02 11:15:00,108.7491,108.8006,108.5429,108.7491,54235
2021-09-02 12:15:00,108.7491,109.5737,108.646,109.1099,101426
2021-09-02 13:15:00,109.1099,110.7076,108.646,109.6768,258540
2021-09-02 14:15:00,109.6768,109.8314,108.5945,108.7491,206167
2021-09-02 15:15:00,108.7491,108.9552,108.5429,108.8006,114723
2021-09-03 09:15:00,109.316,109.7283,109.0583,109.316,189748
2021-09-03 10:15:00,109.316,109.5737,108.7491,108.8522,98769
2021-09-03 11:15:00,108.8006,109.3676,108.7491,109.1614,55062
2021-09-03 12:15:00,109.2645,109.4706,108.8522,108.9037,51403
2021-09-03 13:15:00,108.9552,109.2129,108.5429,108.646,141758
2021-09-03 14:15:00,108.5945,109.2129,108.4914,109.0068,113117
2021-09-03 15:15:00,108.9552,109.0068,108.3883,108.4398,100155
2021-09-06 09:15:00,109.316,109.3676,108.0275,108.2337,183985
2021-09-06 10:15:00,108.0791,108.2337,107.7698,108.0275,57514
2021-09-06 11:15:00,107.976,108.1306,107.9244,108.0275,40241
2021-09-06 12:15:00,108.0791,108.6975,107.9244,107.9244,93632
2021-09-06 13:15:00,107.976,108.3368,107.9244,108.2852,75246
2021-09-06 14:15:00,108.2852,109.1614,108.2852,108.3368,163854
2021-09-06 15:15:00,108.2852,108.3368,108.0275,108.1306,84357
2021-09-07 09:15:00,109.5737,110.3984,108.646,109.4191,528709
2021-09-07 10:15:00,109.4191,111.2745,109.3676,110.5014,706330
2021-09-07 11:15:00,110.3984,111.0168,109.986,110.9138,243757
2021-09-07 12:15:00,110.9653,111.0684,110.3468,110.9138,170664
2021-09-07 13:15:00,110.9138,111.223,110.3468,110.6045,182217
2021-09-07 14:15:00,110.6045,110.6561,109.4191,109.4706,322846
2021-09-07 15:15:00,109.4706,109.8314,109.4191,109.6768,126971
2021-09-08 09:15:00,110.2437,110.6561,109.6253,110.5014,265374
2021-09-08 10:15:00,110.2953,113.8,110.1922,111.7384,1494148
2021-09-08 11:15:00,111.7384,113.3877,111.4807,112.7176,466734
2021-09-08 12:15:00,112.7176,112.7176,111.4807,111.5322,248937
2021-09-08 13:15:00,111.6353,112.4599,110.9653,111.9446,305673
2021-09-08 14:15:00,111.893,112.3053,111.4807,111.7384,207486
2021-09-08 15:15:00,111.7384,112.8723,111.6869,111.7384,250390
2021-09-09 09:15:00,112.1507,112.9238,111.0684,112.4599,285498
2021-09-09 10:15:00,112.4599,115.4493,112.2022,115.14,762958
2021-09-09 11:15:00,115.0885,115.0885,113.6454,113.6969,374303
2021-09-09 12:15:00,113.6969,114.0061,113.0784,113.5938,168803
2021-09-09 13:15:00,113.5938,114.0577,113.1815,113.6969,138327
2021-09-09 14:15:00,113.8515,114.1608,113.4392,113.5938,241467
2021-09-09 15:15:00,113.5938,113.9031,113.3877,113.4392,173962
2021-09-13 09:15:00,114.4185,117.5109,114.4185,115.9647,1446285
2021-09-13 10:15:00,115.9647,117.5109,115.9131,116.5831,591454
2021-09-13 11:15:00,116.5316,118.4386,116.5316,118.1293,1073699
2021-09-13 12:15:00,118.284,118.3355,117.6655,117.8716,313179
2021-09-13 13:15:00,117.9232,118.4386,117.1501,118.0778,428754
2021-09-13 14:15:00,118.1293,118.1809,117.6139,118.0263,460855
2021-09-13 15:15:00,117.9747,119.4178,117.9232,118.7478,943508
2021-09-14 09:15:00,120.5002,120.5002,118.0778,118.4386,832980
2021-09-14 10:15:00,118.4901,119.0055,118.1809,118.6963,278434
2021-09-14 11:15:00,118.6963,118.954,118.2324,118.387,178084
2021-09-14 12:15:00,118.2324,118.4901,117.6139,118.387,268442
2021-09-14 13:15:00,118.4386,118.4901,117.8201,117.9232,93306
2021-09-14 14:15:00,117.9232,118.387,117.8716,118.1809,221967
2021-09-14 15:15:00,118.1293,118.2324,117.5109,117.717,210399
2021-09-15 09:15:00,119.1601,121.0156,118.7993,119.624,1271507
2021-09-15 10:15:00,119.624,120.1909,119.2632,119.5724,246675
2021-09-15 11:15:00,119.5724,120.0363,119.1601,119.2117,167460
2021-09-15 12:15:00,119.2632,119.7786,119.2117,119.4694,198488
2021-09-15 13:15:00,119.4694,119.8301,118.8509,119.057,299584
2021-09-15 14:15:00,119.1601,120.5517,118.954,120.5517,525213
2021-09-15 15:15:00,120.5517,120.6032,119.6755,119.7786,309698
2021-09-16 09:15:00,120.0878,120.3971,117.9232,118.1293,662379
2021-09-16 10:15:00,118.284,118.9024,117.8201,118.6447,255267
2021-09-16 11:15:00,118.6447,119.0055,118.5417,118.7993,104980
2021-09-16 12:15:00,118.7993,119.057,117.9747,118.4386,128196
2021-09-16 13:15:00,118.387,118.4386,118.0263,118.1293,86599
2021-09-16 14:15:00,118.1293,118.4386,117.7686,118.2324,203174
2021-09-16 15:15:00,118.2324,118.3355,117.8716,118.1293,118016
2021-09-17 09:15:00,119.1086,119.5724,117.3047,118.0263,423292
2021-09-17 10:15:00,118.1293,118.7993,118.0778,118.4386,162814
2021-09-17 11:15:00,118.4386,118.5417,114.6246,115.3977,535172
2021-09-17 12:15:00,115.3462,116.3254,114.7277,116.0677,200407
2021-09-17 13:15:00,115.9131,116.6347,115.81,116.377,159701
2021-09-17 14:15:00,116.377,116.4285,114.6762,115.6039,384483
2021-09-17 15:15:00,115.4493,115.7585,115.2946,115.6039,139845
2021-09-20 09:15:00,117.5109,122.1494,116.6347,120.8094,2253805
2021-09-20 10:15:00,120.9125,121.634,120.2425,120.4486,952170
2021-09-20 11:15:00,120.3971,120.4486,119.3147,119.3147,505323
2021-09-20 12:15:00,119.3663,119.9332,118.9024,119.6755,198550
2021-09-20 13:15:00,119.6755,119.8817,118.5417,118.9024,190559
2021-09-20 14:15:00,118.8509,120.294,117.2016,117.2016,648878
2021-09-20 15:15:00,117.2016,117.9747,117.047,117.5624,237786
2021-09-21 09:15:00,118.5417,119.2117,115.6554,115.9647,547530
2021-09-21 10:15:00,115.9131,117.5109,115.6039,116.4285,205658
2021-09-21 11:15:00,116.377,116.7378,115.9647,116.4801,99098
2021-09-21 12:15:00,116.4801,117.3562,116.3254,117.047,94993
2021-09-21 13:15:00,117.2016,117.9232,117.0985,117.4078,115064
2021-09-21 14:15:00,117.4593,119.7786,117.4593,119.2632,733395
2021-09-21 15:15:00,119.2632,119.5209,119.1601,119.4178,185114
2021-09-22 09:15:00,120.5002,121.0156,118.7478,119.8817,515325
2021-09-22 10:15:00,119.8817,120.4486,119.3663,119.5724,163237
2021-09-22 11:15:00,119.5724,119.8817,118.8509,119.7271,156727
2021-09-22 12:15:00,119.6755,120.0878,119.5724,119.7786,120430
2021-09-22 13:15:00,119.8817,120.4486,119.5724,120.1394,168498
2021-09-22 14:15:00,120.1394,120.3971,119.3147,119.3147,234032
2021-09-22 15:15:00,119.2632,119.5209,119.057,119.2632,147997
2021-09-23 09:15:00,119.9332,121.3763,119.9332,120.294,507610
2021-09-23 10:15:00,120.3971,120.4486,119.7271,119.8817,135837
2021-09-23 11:15:00,119.7786,119.8817,119.3147,119.5209,161837
2021-09-23 12:15:00,119.5209,120.6032,119.3663,119.624,237570
2021-09-23 13:15:00,119.624,120.1909,119.3663,119.8301,149870
2021-09-23 14:15:00,119.8301,120.1909,119.3663,119.9332,302433
2021-09-23 15:15:00,119.8817,119.9332,119.4178,119.7271,120489
2021-09-24 09:15:00,120.6032,121.2733,119.5724,119.7786,460818
2021-09-24 10:15:00,119.7786,119.8817,118.7478,119.2117,185157
2021-09-24 11:15:00,119.2117,119.3147,118.5932,118.954,101286
2021-09-24 12:15:00,118.954,119.2632,117.2532,117.5109,204634
2021-09-24 13:15:00,117.3562,117.6139,116.7378,117.0985,125957
2021-09-24 14:15:00,117.047,119.4694,117.047,118.0778,572239
2021-09-24 15:15:00,118.1809,118.387,117.5109,117.7686,99976
2021-09-27 09:15:00,118.5417,118.8509,117.047,117.4593,167197
2021-09-27 10:15:00,117.3562,117.5109,116.5316,116.9955,82597
2021-09-27 11:15:00,116.8408,117.5624,116.8408,117.4593,302426
2021-09-27 12:15:00,117.4593,120.5002,116.9955,119.7786,423826
2021-09-27 13:15:00,119.6755,119.8301,118.0778,118.2324,278783
2021-09-27 14:15:00,118.284,118.4901,117.6139,117.7686,163506
2021-09-27 15:15:00,117.9747,117.9747,117.0985,117.5109,126074
2021-09-28 09:15:00,118.3355,119.057,117.2016,118.1293,262129
2021-09-28 10:15:00,118.1293,118.1809,117.3562,117.6139,75023
2021-09-28 11:15:00,117.5624,118.0778,117.2532,117.3562,94615
2021-09-28 12:15:00,117.4078,117.6139,116.7893,116.8408,104108
2021-09-28 13:15:00,116.8408,117.5109,116.5316,116.5831,65729
2021-09-28 14:15:00,116.5831,116.9955,115.9647,116.5316,257401
2021-09-28 15:15:00,116.5831,116.7893,116.1193,116.377,119974
2021-09-29 09:15:00,116.7893,118.2324,116.1193,118.2324,214651
2021-09-29 10:15:00,118.284,122.0464,118.0778,121.4279,1443606
2021-09-29 11:15:00,121.3763,121.4794,119.8817,120.4486,584565
2021-09-29 12:15:00,120.3455,120.6032,120.1394,120.3455,178859
2021-09-29 13:15:00,120.3455,120.6032,120.0878,120.294,161684
2021-09-29 14:15:00,120.3455,121.9948,119.9848,121.1702,1439065
2021-09-29 15:15:00,121.2217,121.2217,120.1394,121.0671,398307
2021-09-30 09:15:00,122.0464,125.7572,121.9948,124.1595,3416770
2021-09-30 10:15:00,124.211,126.1695,122.4587,126.118,1647182
2021-09-30 11:15:00,126.0149,127.7157,125.1388,127.0973,2024143
2021-09-30 12:15:00,127.1488,127.8188,127.0973,127.4065,1215490
2021-09-30 13:15:00,127.4065,127.5096,125.448,125.6541,1107204
2021-09-30 14:15:00,125.6026,125.7057,124.7264,125.0357,661990
2021-09-30 15:15:00,125.0357,125.1903,124.4687,124.9841,369522
2021-10-01 09:15:00,124.8295,130.1897,124.1595,128.1281,3182568
2021-10-01 10:15:00,128.4373,129.7258,127.8188,129.3135,1013910
2021-10-01 11:15:00,129.2619,130.8081,129.1073,129.4166,1535657
2021-10-01 12:15:00,129.4681,131.942,129.4166,131.2205,1603623
2021-10-01 13:15:00,131.2205,131.3751,128.9527,130.0866,922508
2021-10-01 14:15:00,129.932,130.4474,128.9527,129.2104,604266
2021-10-01 15:15:00,129.1589,129.5712,128.4373,128.9527,533253
2021-10-04 09:15:00,130.0866,133.6944,129.8804,132.8182,2285930
2021-10-04 10:15:00,132.8182,133.179,132.3028,132.4574,465651
2021-10-04 11:15:00,132.3028,132.9213,131.7359,132.5089,478539
2021-10-04 12:15:00,132.5089,133.179,131.942,132.9213,532492
2021-10-04 13:15:00,132.9213,135.2406,132.1482,134.8798,2172411
2021-10-04 14:15:00,134.8282,137.5083,134.5705,135.859,4189667
2021-10-04 15:15:00,135.859,136.2714,135.4983,135.756,797038
2021-10-05 09:15:00,136.9414,137.3537,131.7359,132.3543,2123251
2021-10-05 10:15:00,132.2513,133.3336,132.0451,132.3543,354959
2021-10-05 11:15:00,132.3028,132.7151,131.7874,132.0451,350138
2021-10-05 12:15:00,132.1482,132.7151,131.7359,132.612,241733
2021-10-05 13:15:00,132.612,132.8697,132.0451,132.4059,166106
2021-10-05 14:15:00,132.5089,132.9728,132.0451,132.3543,315996
2021-10-05 15:15:00,132.4059,132.4059,131.942,132.1997,308054
2021-10-06 09:15:00,133.2305,133.4882,130.0866,130.1897,867866
2021-10-06 10:15:00,130.3443,131.1174,129.365,130.3958,462833
2021-10-06 11:15:00,130.2927,130.9112,130.0866,130.0866,126112
2021-10-06 12:15:00,130.1381,130.6535,128.1796,128.1796,309340
2021-10-06 13:15:00,128.1281,128.5919,127.458,128.2311,499260
2021-10-06 14:15:00,128.3342,128.3342,126.0665,126.9426,534024
2021-10-06 15:15:00,126.8396,127.0973,126.3242,126.788,260859
2021-10-07 09:15:00,128.7981,130.0866,127.9219,129.1589,610408
2021-10-07 10:15:00,129.3135,129.5196,128.1796,128.5919,157166
2021-10-07 11:15:00,128.3858,129.0558,127.9219,128.4888,125485
2021-10-07 12:15:00,128.5919,128.5919,127.5611,127.9734,121334
2021-10-07 13:15:00,128.025,128.7465,127.9219,128.1796,96128
2021-10-07 14:15:00,128.1796,128.5919,127.7157,128.2311,217672
2021-10-07 15:15:00,128.1281,128.3342,127.4065,127.6127,129711
2021-10-08 09:15:00,129.365,131.8905,128.9527,130.7566,946105
2021-10-08 10:15:00,130.9112,131.7359,129.8804,130.035,397563
2021-10-08 11:15:00,129.932,130.6535,129.7258,129.7773,209116
2021-10-08 12:15:00,129.7258,129.7773,128.3342,128.695,409464
2021-10-08 13:15:00,128.7465,129.7773,128.4373,128.7465,256064
2021-10-08 14:15:00,128.7465,130.1381,128.3858,129.6743,436118
2021-10-08 15:15:00,129.6743,129.7258,128.8496,129.3135,176589
2021-10-11 09:15:00,130.9112,138.8484,130.9112,136.2714,3071335
2021-10-11 10:15:00,136.2714,137.8691,135.3952,137.7145,973795
2021-10-11 11:15:00,137.8176,138.0753,136.5806,137.6629,827105
2021-10-11 12:15:00,137.6629,143.2808,137.3537,142.0438,4964010
2021-10-11 13:15:00,142.0954,142.25,140.4976,141.6315,1287240
2021-10-11 14:15:00,141.683,144.2085,140.9099,142.92,2727183
2021-10-11 15:15:00,142.8169,144.3116,142.6623,143.3323,1620176
2021-10-12 09:15:00,143.6416,145.6001,142.6108,143.7962,2590320
2021-10-12 10:15:00,143.7962,144.0539,141.9407,142.6623,974406
2021-10-12 11:15:00,142.6623,143.2808,142.0954,142.7654,426560
2021-10-12 12:15:00,142.7654,142.92,141.4769,141.9407,459090
2021-10-12 13:15:00,141.8377,144.1054,140.7038,143.6931,647203
2021-10-12 14:15:00,143.8477,145.0331,142.3531,144.4147,1373323
2021-10-12 15:15:00,144.4147,145.3424,144.4147,144.827,699951
2021-10-13 09:15:00,145.8062,146.2701,142.3015,142.8685,1255667
2021-10-13 10:15:00,142.92,143.7962,142.25,142.8169,433769
2021-10-13 11:15:00,142.9715,143.3839,142.4046,143.0231,318496
2021-10-13 12:15:00,142.9715,143.1262,141.6315,142.0438,310281
2021-10-13 13:15:00,142.0954,142.3015,141.2192,141.5284,232062
2021-10-13 14:15:00,141.5284,143.1777,141.2192,142.8685,531481
2021-10-13 15:15:00,142.8685,147.404,142.6108,145.9608,3035262
2021-10-14 09:15:00,148.4348,149.981,146.6824,146.8886,1901771
2021-10-14 10:15:00,147.0947,147.0947,144.1054,145.3939,787024
2021-10-14 11:15:00,145.6001,146.0639,144.9816,145.497,239452
2021-10-14 12:15:00,145.6001,146.9916,145.3424,146.0639,358670
2021-10-14 13:15:00,146.2701,146.9916,144.827,145.497,441582
2021-10-14 14:15:00,145.3939,146.6824,144.5177,146.5793,646889
2021-10-14 15:15:00,146.5793,147.1463,145.9608,146.3732,450791
2021-10-18 09:15:00,148.8471,149.2079,146.4762,147.7647,1672995
2021-10-18 10:15:00,147.9194,148.2286,146.9916,147.1463,390721
2021-10-18 11:15:00,147.1463,147.6101,146.9401,147.2493,195244
2021-10-18 12:15:00,147.2493,148.2801,146.5278,146.5278,301878
2021-10-18 13:15:00,146.5793,147.3009,144.827,146.7339,393633
2021-10-18 14:15:00,146.837,147.9194,146.2701,147.6101,494516
2021-10-18 15:15:00,147.6101,147.9194,146.9401,147.0947,237074
2021-10-19 09:15:00,148.4348,148.4348,138.8484,141.7346,1219782
2021-10-19 10:15:00,141.6315,143.4354,141.013,142.0954,1011946
2021-10-19 11:15:00,142.1984,143.7446,141.9407,143.4354,357633
2021-10-19 12:15:00,143.4354,143.6931,142.5077,143.5385,203235
2021-10-19 13:15:00,143.4869,143.5385,142.25,142.25,134865
2021-10-19 14:15:00,141.7861,143.2808,139.2607,139.2607,676642
2021-10-19 15:15:00,139.4153,139.7761,138.1268,139.4153,368431
2021-10-20 09:15:00,139.1576,141.8377,133.7459,140.1368,1424715
2021-10-20 10:15:00,140.1368,140.343,136.6837,137.6629,435798
2021-10-20 11:15:00,137.5599,137.9722,135.7044,135.9106,228746
2021-10-20 12:15:00,135.859,137.096,135.5498,136.8898,195871
2021-10-20 13:15:00,136.9414,137.3022,136.0652,136.0652,141714
2021-10-20 14:15:00,135.9621,137.9206,135.2921,137.9206,331974
2021-10-20 15:15:00,137.9206,138.9514,137.5599,138.0237,198387
2021-10-21 09:15:00,138.7453,140.1368,137.1991,139.8791,510224
2021-10-21 10:15:00,139.9307,140.0853,137.1991,137.4052,220177
2021-10-21 11:15:00,137.3537,138.3845,137.096,137.6114,143595
2021-10-21 12:15:00,137.766,138.2814,137.3537,137.9722,64252
2021-10-21 13:15:00,137.9206,137.9206,134.6221,135.5498,256899
2021-10-21 14:15:00,135.6529,137.5083,135.2406,136.0137,259872
2021-10-21 15:15:00,136.0652,136.8383,135.8075,136.3744,124806
2021-10-22 09:15:00,137.0445,139.6214,136.0652,138.436,521896
2021-10-22 10:15:00,138.5391,139.1576,137.1475,137.1475,229392
2021-10-22 11:15:00,137.3537,138.1783,136.426,137.1991,221573
2021-10-22 12:15:00,137.1991,137.4568,136.0652,136.3229,182680
2021-10-22 13:15:00,136.2714,137.3022,135.6529,136.9414,185767
2021-10-22 14:15:00,137.0445,137.1475,135.0344,136.0137,207105
2021-10-22 15:15:00,136.0137,136.2198,135.0344,135.859,116449
2021-10-25 09:15:00,136.6837,136.6837,127.4065,130.8081,1038070
2021-10-25 10:15:00,130.602,131.942,130.1897,131.4782,202624
2021-10-25 11:15:00,131.5297,132.4574,129.6227,129.8804,259440
2021-10-25 12:15:00,129.8289,130.602,129.6227,129.8804,148525
2021-10-25 13:15:00,129.8804,130.7051,129.7258,130.2927,58267
2021-10-25 14:15:00,130.035,134.6736,129.6227,134.2613,550735
2021-10-25 15:15:00,134.519,135.6013,133.0759,133.849,191200
2021-10-26 09:15:00,134.3644,136.5806,133.4367,135.859,340580
2021-10-26 10:15:00,135.859,136.2714,134.4159,135.2406,158113
2021-10-26 11:15:00,135.2921,136.2198,134.5705,135.859,83004
2021-10-26 12:15:00,136.0137,136.0137,135.0859,135.3952,58070
2021-10-26 13:15:00,135.3952,135.7044,134.8798,135.0859,111983
2021-10-26 14:15:00,135.1375,140.8584,134.8282,137.4568,732085
2021-10-26 15:15:00,137.5599,137.5599,136.5806,137.3022,147308
2021-10-27 09:15:00,138.1268,138.8484,137.1991,137.5083,293584
2021-10-27 10:15:00,137.6114,137.7145,136.5806,137.1991,153684
2021-10-27 11:15:00,137.2506,137.7145,137.096,137.1475,79492
2021-10-27 12:15:00,136.8898,137.3022,136.6837,136.8383,73829
2021-10-27 13:15:00,136.8383,137.5599,136.7352,137.3022,50061
2021-10-27 14:15:00,137.2506,137.4568,135.6529,136.426,184992
2021-10-27 15:15:00,136.426,137.0445,136.0137,136.3744,112063
2021-10-28 09:15:00,135.859,137.096,134.0551,135.7044,306885
2021-10-28 10:15:00,135.9106,136.6321,134.7252,135.3952,195392
2021-10-28 11:15:00,135.4467,136.3229,135.0859,135.7044,73135
2021-10-28 12:15:00,135.7044,140.1368,135.189,139.1576,466669
2021-10-28 13:15:00,139.1576,139.3637,135.756,136.5291,612187
2021-10-28 14:15:00,136.4775,138.4876,136.3229,137.4052,466013
2021-10-28 15:15:00,137.5083,137.6114,135.3436,136.9414,196024
2021-10-29 09:15:00,132.9728,133.4882,130.3958,133.0759,862356
2021-10-29 10:15:00,133.0759,133.7974,132.0451,132.9728,352841
2021-10-29 11:15:00,132.9728,133.3336,132.2513,132.6636,98785
2021-10-29 12:15:00,132.5605,133.179,132.1997,132.3028,127280
2021-10-29 13:15:00,132.2513,132.612,131.4266,132.4059,173473
2021-10-29 14:15:00,132.2513,132.9213,131.9936,132.1997,219933
2021-10-29 15:15:00,132.0966,132.3543,131.5297,132.0966,127514
2021-11-01 09:15:00,132.8697,135.859,132.4059,135.1375,431819
2021-11-01 10:15:00,135.1375,135.6529,134.1582,134.7767,135006
2021-11-01 11:15:00,134.7767,134.8282,134.1582,134.7252,45493
2021-11-01 12:15:00,134.6221,134.8282,134.3128,134.6221,71670
2021-11-01 13:15:00,134.6221,136.0652,134.6221,135.0344,195577
2021-11-01 14:15:00,135.0344,136.9929,134.8282,136.7352,187305
2021-11-01 15:15:00,136.4775,136.8383,136.1167,136.4775,151801
2021-11-02 09:15:00,139.4153,142.6623,138.436,139.7761,1597000
2021-11-02 10:15:00,139.8276,139.8791,138.2814,138.9514,287769
2021-11-02 11:15:00,138.9514,139.1061,138.1268,138.6937,199010
2021-11-02 12:15:00,138.6422,139.1061,138.1783,138.7968,97079
2021-11-02 13:15:00,138.7968,139.1061,138.2299,138.8999,185735
2021-11-02 14:15:00,138.8999,139.1061,137.1475,137.5083,326847
2021-11-02 15:15:00,137.4568,138.0237,136.9414,137.4052,253793
2021-11-03 09:15:00,138.6422,138.6422,137.096,138.0237,362600
2021-11-03 10:15:00,138.1268,138.5907,137.1475,137.6629,124859
2021-11-03 11:15:00,137.6629,137.9206,137.2506,137.5083,58411
2021-11-03 12:15:00,137.5599,137.6114,136.1683,136.3744,111498
2021-11-03 13:15:00,136.3744,137.4052,135.8075,136.7868,103957
2021-11-03 14:15:00,136.7868,136.8383,135.9106,136.6837,142258
2021-11-03 15:15:00,136.6321,136.6837,136.0652,136.426,103646
2021-11-04 17:15:00,137.1475,137.6114,137.1475,137.6114,9792
2021-11-04 18:15:00,137.5599,137.7145,136.1683,136.3229,284252
2021-11-08 09:15:00,136.4775,136.7868,134.5705,136.1683,224720
2021-11-08 10:15:00,136.1683,136.2714,135.2921,135.8075,76387
2021-11-08 11:15:00,135.756,136.5806,135.0344,136.0652,187321
2021-11-08 12:15:00,135.9621,136.1167,135.5498,136.0137,37809
2021-11-08 13:15:00,136.0137,136.2714,135.3952,135.6013,80247
2021-11-08 14:15:00,135.6529,138.5391,135.6529,137.7145,319930
2021-11-08 15:15:00,137.7145,137.9206,137.1991,137.6629,90326
2021-11-09 09:15:00,137.6114,139.1576,137.3022,138.6937,373341
2021-11-09 10:15:00,138.5907,140.4461,137.9722,139.2607,352860
2021-11-09 11:15:00,139.3637,139.673,138.7453,139.0545,61942
2021-11-09 12:15:00,139.0545,139.9822,138.7453,138.7968,82315
2021-11-09 13:15:00,138.8484,141.013,138.2299,140.1884,286887
2021-11-09 14:15:00,140.1368,140.6522,139.3637,140.6007,311470
2021-11-09 15:15:00,140.2399,140.5492,138.8484,139.8276,272299
2021-11-10 09:15:00,140.6522,142.7654,139.5699,139.8276,681344
2021-11-10 10:15:00,139.9307,140.6007,139.8276,139.8276,91294
2021-11-10 11:15:00,139.9822,140.0338,139.1061,139.2091,70788
2021-11-10 12:15:00,139.2607,140.5492,139.1576,139.8791,69118
2021-11-10 13:15:00,139.7245,140.2915,138.5907,139.9307,101739
2021-11-10 14:15:00,139.9307,140.0338,138.1783,138.8999,160398
2021-11-10 15:15:00,138.8999,140.343,138.8484,139.1576,121393
2021-11-11 09:15:00,138.5391,139.8791,137.9206,137.9722,283830
2021-11-11 10:15:00,137.9206,138.436,136.8898,137.6114,107898
2021-11-11 11:15:00,137.4568,143.1777,137.1991,140.1884,735336
2021-11-11 12:15:00,140.343,140.343,139.1576,139.9822,272121
2021-11-11 13:15:00,140.0853,140.4461,139.3122,139.3122,165249
2021-11-11 14:15:00,139.3122,140.1368,139.2091,139.7761,152586
2021-11-11 15:15:00,139.8276,139.8791,139.003,139.5699,125691
2021-11-12 09:15:00,141.0646,141.0646,138.1783,138.333,216218
2021-11-12 10:15:00,138.3845,138.5391,136.8383,138.0753,175024
2021-11-12 11:15:00,138.0237,138.0753,136.8898,137.3537,105302
2021-11-12 12:15:00,137.3022,137.766,137.1991,137.3537,41300
2021-11-12 13:15:00,137.3022,137.766,136.7868,136.9929,119707
2021-11-12 14:15:00,137.0445,138.3845,136.8898,138.1783,289777
2021-11-12 15:15:00,138.2814,138.2814,137.3022,137.8176,129835
2021-11-15 09:15:00,137.8176,138.2299,136.3744,136.426,238114
2021-11-15 10:15:00,136.426,136.6321,135.2406,136.1167,86749
2021-11-15 11:15:00,136.0652,136.3229,134.1067,134.8798,179620
2021-11-15 12:15:00,134.8798,135.0344,134.6221,134.7767,88959
2021-11-15 13:15:00,134.7767,135.0344,134.6736,134.9829,43458
2021-11-15 14:15:00,134.8798,136.3229,134.7767,135.756,327997
2021-11-15 15:15:00,135.8075,135.8075,134.8282,135.4983,153336
2021-11-16 09:15:00,135.0344,137.3022,134.2613,136.7868,352050
2021-11-16 10:15:00,136.7352,137.2506,134.6736,134.7767,185290
2021-11-16 11:15:00,134.7767,135.0344,134.1067,134.4159,193494
2021-11-16 12:15:00,134.3128,134.7252,134.2613,134.7252,75033
2021-11-16 13:15:00,134.6736,134.6736,133.9521,134.4675,153214
2021-11-16 14:15:00,134.2613,134.3644,133.282,133.3336,196394
2021-11-16 15:15:00,133.3851,133.4882,132.1997,133.0759,98563
2021-11-17 09:15:00,132.9728,133.4367,131.9936,132.8182,236824
2021-11-17 10:15:00,132.8697,133.3851,132.0966,132.7666,98182
2021-11-17 11:15:00,132.8697,133.6428,132.5605,133.3336,95491
2021-11-17 12:15:00,133.282,136.6837,132.4059,135.0344,1379242
2021-11-17 13:15:00,135.1375,136.8898,133.3851,136.3229,779823
2021-11-17 14:15:00,136.3229,137.5083,133.6428,134.0036,771428
2021-11-17 15:15:00,134.0551,134.0551,132.8182,133.5397,181481
2021-11-18 09:15:00,134.6221,142.25,134.4675,140.6007,2568557
2021-11-18 10:15:00,140.4976,144.7239,139.673,144.3116,3734384
2021-11-18 11:15:00,144.3116,144.7239,142.25,143.1777,2195587
2021-11-18 12:15:00,143.0746,143.5385,140.4976,141.2707,1433513
2021-11-18 13:15:00,141.5284,145.8062,140.8584,144.6724,2880393
2021-11-18 14:15:00,144.827,147.1978,144.3116,144.8785,3888787
2021-11-18 15:15:00,144.8785,146.7855,144.3116,144.9816,1471675
2021-11-22 09:15:00,145.0847,148.0224,142.3015,146.5278,2628930
2021-11-22 10:15:00,146.5278,146.5793,143.3323,143.6416,806799
2021-11-22 11:15:00,143.6931,144.6208,142.7654,142.8685,477540
2021-11-22 12:15:00,142.8169,144.9816,142.5077,143.8993,533007
2021-11-22 13:15:00,143.8993,144.4662,141.8377,142.3015,384724
2021-11-22 14:15:00,142.1984,142.9715,139.4668,142.3531,775365
2021-11-22 15:15:00,142.5077,142.6108,140.6007,141.9407,258740
2021-11-23 09:15:00,141.9407,145.3424,141.2707,143.3839,1164496
2021-11-23 10:15:00,143.4354,144.2085,143.1777,143.8993,211028
2021-11-23 11:15:00,144.0023,144.0539,143.3839,143.4869,110504
2021-11-23 12:15:00,143.6416,143.7962,141.9407,142.1469,320571
2021-11-23 13:15:00,142.25,143.1262,141.9923,142.92,191029
2021-11-23 14:15:00,143.0746,144.3116,142.7654,143.5385,356709
2021-11-23 15:15:00,143.5385,143.5385,142.1984,143.1262,182577
2021-11-24 09:15:00,142.7654,147.3009,142.7654,146.9401,1457884
2021-11-24 10:15:00,146.8886,153.7949,146.8886,152.0941,5012644
2021-11-24 11:15:00,152.3003,152.3003,149.8779,150.8571,1209199
2021-11-24 12:15:00,150.7025,151.321,148.8471,149.3109,617676
2021-11-24 13:15:00,149.3109,149.4656,146.9916,148.074,749471
2021-11-24 14:15:00,148.074,148.2286,146.9401,146.9401,720389
2021-11-24 15:15:00,147.1978,147.3524,146.3732,147.0947,406118
2021-11-25 09:15:00,147.8163,150.4964,146.9401,150.4964,1408758
2021-11-25 10:15:00,150.4964,150.4964,148.5378,148.9502,375284
2021-11-25 11:15:00,148.9502,148.9502,147.507,148.5894,257050
2021-11-25 12:15:00,148.5378,149.0017,146.5278,147.3524,346948
2021-11-25 13:15:00,147.404,147.8678,147.1463,147.6101,186506
2021-11-25 14:15:00,147.6101,149.8779,147.1978,148.0224,651476
2021-11-25 15:15:00,148.2286,149.3625,148.0224,148.4863,257804
2021-11-26 09:15:00,146.3732,151.9395,145.4455,148.8471,1677644
2021-11-26 10:15:00,148.8986,149.0532,146.3732,148.074,769495
2021-11-26 11:15:00,147.9194,156.2173,147.8163,154.1041,3103095
2021-11-26 12:15:00,154.1041,154.8257,152.9703,154.2588,830675
2021-11-26 13:15:00,154.1041,154.5165,151.7849,153.9495,1024361
2021-11-26 14:15:00,153.9495,155.7534,150.9087,152.1456,1676767
2021-11-26 15:15:00,152.3003,152.3518,150.4964,151.7849,718095
2021-11-29 09:15:00,152.5064,152.8156,146.2701,150.7025,1593918
2021-11-29 10:15:00,150.7025,157.6089,149.6717,156.8358,2645626
2021-11-29 11:15:00,156.7327,159.1035,155.3926,156.2173,1811809
2021-11-29 12:15:00,156.2173,156.5781,155.1865,156.1142,476982
2021-11-29 13:15:00,156.0627,157.145,155.3411,155.908,501353
2021-11-29 14:15:00,156.2173,156.5265,153.4857,154.6711,1026063
2021-11-29 15:15:00,154.5165,154.7226,153.6403,154.4134,509862
2021-11-30 09:15:00,155.6503,158.5366,155.1865,156.2173,1118294
2021-11-30 10:15:00,156.3204,156.6296,154.7742,155.4957,403682
2021-11-30 11:15:00,155.4957,155.5988,152.8156,154.0011,448325
2021-11-30 12:15:00,153.8464,155.7534,153.8464,154.3103,389829
2021-11-30 13:15:00,154.2072,156.1657,154.1041,155.6503,329316
2021-11-30 14:15:00,155.7019,155.9596,152.9703,153.3826,1264169
2021-11-30 15:15:00,153.3826,153.5372,152.661,153.1764,1124125
2021-12-01 09:15:00,155.7534,157.4542,153.8464,155.4442,1008986
2021-12-01 10:15:00,155.7534,156.0627,154.7226,155.1349,237120
2021-12-01 11:15:00,155.0834,158.1243,154.4134,155.6503,695072
2021-12-01 12:15:00,155.7019,156.0627,154.8772,155.8565,210315
2021-12-01 13:15:00,155.908,156.2173,154.7742,155.0319,183925
2021-12-01 14:15:00,155.0319,155.6503,154.1041,155.4442,386662
2021-12-01 15:15:00,155.5988,155.6503,155.0319,155.238,212321
2021-12-02 09:15:00,155.6503,163.5875,154.9288,161.8867,2788258
2021-12-02 10:15:00,162.0413,162.0928,160.2889,160.5982,604426
2021-12-02 11:15:00,160.7528,161.2682,159.9281,160.5982,344583
2021-12-02 12:15:00,160.5982,165.1337,160.5982,163.1236,2849551
2021-12-02 13:15:00,163.2782,164.8244,162.4021,162.8144,1052293
2021-12-02 14:15:00,162.8659,162.969,161.8867,162.1959,727856
2021-12-02 15:15:00,162.1959,162.4021,161.4743,162.0413,489581
2021-12-03 09:15:00,162.5567,163.3298,159.8766,161.1651,929969
2021-12-03 10:15:00,161.1651,162.4021,160.5982,162.1959,334026
2021-12-03 11:15:00,162.1959,162.4021,159.052,159.6189,489897
2021-12-03 12:15:00,159.5674,160.0312,157.0935,158.1243,760945
2021-12-03 13:15:00,158.1243,159.0004,157.8666,158.382,163007
2021-12-03 14:15:00,158.382,159.0004,157.5058,158.5881,395404
2021-12-03 15:15:00,158.6912,158.9489,158.0727,158.485,254313
2021-12-06 09:15:00,159.6189,159.6704,157.4027,157.815,625210
2021-12-06 10:15:00,157.815,159.2581,157.4542,158.2273,264124
2021-12-06 11:15:00,158.1243,158.3304,156.7842,157.0419,309135
2021-12-06 12:15:00,157.0419,157.0419,155.8565,156.6296,270462
2021-12-06 13:15:00,156.475,156.8873,155.7534,155.805,375024
2021-12-06 14:15:00,155.7534,156.1657,153.4341,153.5372,671151
2021-12-06 15:15:00,153.4857,153.9495,152.558,153.7434,251212
2021-12-07 09:15:00,154.9288,156.3204,153.0733,154.4649,601234
2021-12-07 10:15:00,154.6711,154.7742,153.0733,153.2795,252813
2021-12-07 11:15:00,153.2795,153.2795,152.0426,152.558,195832
2021-12-07 12:15:00,152.558,152.6095,151.7849,152.2487,264795
2021-12-07 13:15:00,152.1456,153.3826,152.1456,152.9187,225416
2021-12-07 14:15:00,152.9703,153.898,152.1972,152.8672,313247
2021-12-07 15:15:00,152.8156,152.9187,152.0941,152.5064,183112
2021-12-08 09:15:00,153.898,155.1349,153.228,154.6195,438249
2021-12-08 10:15:00,154.4134,157.6604,153.898,157.0419,502034
2021-12-08 11:15:00,157.0419,157.1965,154.2588,155.1349,308284
2021-12-08 12:15:00,154.9803,155.0834,153.3826,153.8464,194875
2021-12-08 13:15:00,153.8464,154.1041,153.3826,153.4341,115735
2021-12-08 14:15:00,153.5887,153.9495,152.7126,153.4857,226243
2021-12-08 15:15:00,153.4857,153.7949,152.7641,153.331,241301
2021-12-09 09:15:00,154.3618,155.9596,153.0733,154.6711,612777
2021-12-09 10:15:00,154.8257,155.4957,153.9495,154.1041,269373
2021-12-09 11:15:00,153.898,154.3103,153.2795,153.5887,204886
2021-12-09 12:15:00,153.6403,153.7949,153.1764,153.3826,120204
2021-12-09 13:15:00,153.3826,154.4649,152.8672,154.2072,177319
2021-12-09 14:15:00,154.2072,154.568,153.6403,154.1041,125784
2021-12-09 15:15:00,154.2072,154.6195,153.8464,154.2072,129493
2021-12-10 09:15:00,155.0319,155.0319,152.9703,153.2795,263798
2021-12-10 10:15:00,153.1249,153.7949,153.0733,153.3826,86533
2021-12-10 11:15:00,153.228,153.7949,153.0218,153.0733,77168
2021-12-10 12:15:00,153.1764,153.5887,152.7126,153.5887,77831
2021-12-10 13:15:00,153.3826,157.0935,153.0218,154.0526,549906
2021-12-10 14:15:00,154.0526,154.568,153.1764,154.2072,276546
2021-12-10 15:15:00,154.3103,154.3103,153.2795,153.898,204405
2021-12-13 09:15:00,155.238,155.8565,154.4134,154.8772,353541
2021-12-13 10:15:00,154.8772,155.1865,154.2072,154.3103,212109
2021-12-13 11:15:00,154.4134,154.5165,152.3003,152.4549,248588
2021-12-13 12:15:00,152.3518,152.8672,150.7025,151.0633,378835
2021-12-13 13:15:00,151.0118,152.4549,151.0118,151.991,145699
2021-12-13 14:15:00,152.0426,152.5064,151.2695,152.0941,141931
2021-12-13 15:15:00,152.0941,153.0218,151.7849,152.1972,186630
2021-12-14 09:15:00,151.5272,154.1041,151.1148,153.7949,388729
2021-12-14 10:15:00,153.8464,155.9596,153.5887,155.2896,467862
2021-12-14 11:15:00,155.3411,155.805,154.8257,155.3411,135188
2021-12-14 12:15:00,155.3411,155.5473,154.9288,155.3926,58333
2021-12-14 13:15:00,155.3926,155.5473,152.558,152.7641,496166
2021-12-14 14:15:00,152.7126,153.4341,152.1972,153.1764,285677
2021-12-14 15:15:00,153.1249,154.0011,152.7641,153.2795,179464
2021-12-15 09:15:00,153.6918,155.4957,153.6918,155.0834,380469
2021-12-15 10:15:00,155.1349,155.9596,154.4649,155.3411,350423
2021-12-15 11:15:00,155.3926,155.5473,152.4549,152.558,370532
2021-12-15 12:15:00,152.6095,152.7126,151.7849,152.558,171345
2021-12-15 13:15:00,152.558,152.558,151.1148,152.2487,192019
2021-12-15 14:15:00,152.2487,152.558,151.4241,151.4241,227433
2021-12-15 15:15:00,151.4756,151.8879,151.0118,151.5272,190505
2021-12-16 09:15:00,152.4549,153.5372,152.0426,152.3003,431548
2021-12-16 10:15:00,152.4033,153.4341,151.5787,151.6818,219564
2021-12-16 11:15:00,151.6818,151.7849,149.8263,149.981,209673
2021-12-16 12:15:00,149.8779,150.9602,149.7748,150.8056,120553
2021-12-16 13:15:00,150.7541,152.7641,150.4448,151.8364,223265
2021-12-16 14:15:00,151.7849,152.558,150.8571,151.4241,187060
2021-12-16 15:15:00,151.4241,151.5272,150.9087,151.3725,151315
2021-12-17 09:15:00,150.9087,151.2695,143.7962,145.1878,978103
2021-12-17 10:15:00,145.1878,147.0947,143.0231,146.7855,470119
2021-12-17 11:15:00,146.7855,147.9709,146.4762,147.0947,191367
2021-12-17 12:15:00,146.8886,148.1255,145.9093,147.507,172448
2021-12-17 13:15:00,147.4555,148.5378,147.404,147.9709,113954
2021-12-17 14:15:00,147.9194,147.9709,145.7547,146.2701,205559
2021-12-17 15:15:00,146.2185,146.6824,146.167,146.2701,108184
2021-12-20 09:15:00,144.3116,144.3116,139.4668,139.9307,735792
2021-12-20 10:15:00,139.7761,140.1368,138.1268,139.4668,457133
2021-12-20 11:15:00,139.4153,139.8791,137.766,138.0237,185281
2021-12-20 12:15:00,138.0237,138.0237,133.6944,134.1582,615255
2021-12-20 13:15:00,134.2613,136.7868,134.2613,136.3744,342622
2021-12-20 14:15:00,136.3744,137.7145,136.2198,137.3537,348841
2021-12-20 15:15:00,137.4052,137.4052,135.4467,136.7352,195144
2021-12-21 09:15:00,138.0237,140.7038,137.7145,140.1368,559962
2021-12-21 10:15:00,140.0853,140.8069,139.8276,140.3945,169336
2021-12-21 11:15:00,140.5492,141.3738,140.343,140.9615,90129
2021-12-21 12:15:00,140.9615,140.9615,139.2607,139.4153,145264
2021-12-21 13:15:00,139.4153,139.8791,138.7453,138.8999,123588
2021-12-21 14:15:00,138.7453,138.9514,136.7868,137.8176,296658
2021-12-21 15:15:00,137.8176,138.8999,137.5083,137.8691,63753
2021-12-22 09:15:00,139.3637,141.4769,138.8484,139.8276,262323
2021-12-22 10:15:00,139.6214,140.1368,138.7453,139.9822,81568
2021-12-22 11:15:00,139.8276,140.1884,139.4153,139.4153,58943
2021-12-22 12:15:00,139.4153,139.6214,138.6937,139.1576,63621
2021-12-22 13:15:00,138.6422,139.7761,135.2921,137.6114,211484
2021-12-22 14:15:00,137.7145,140.2399,137.6114,138.8484,210920
2021-12-22 15:15:00,138.8484,139.0545,137.766,138.8999,134114
2021-12-23 09:15:00,139.5699,141.013,139.3122,139.4153,303747
2021-12-23 10:15:00,139.2607,139.673,137.1475,139.003,231709
2021-12-23 11:15:00,139.1576,139.1576,138.1268,138.3845,91942
2021-12-23 12:15:00,138.3845,138.5391,137.6114,138.0237,97749
2021-12-23 13:15:00,138.2299,138.5907,137.6114,138.5907,132990
2021-12-23 14:15:00,138.5907,143.2808,138.0237,143.0231,1087599
2021-12-23 15:15:00,142.9715,144.1054,142.8169,142.9715,393725
2021-12-24 09:15:00,143.8993,144.0023,139.7761,139.9822,405573
2021-12-24 10:15:00,139.9822,140.3945,139.7245,140.1368,93318
2021-12-24 11:15:00,140.1884,140.8069,139.9307,140.7038,74266
2021-12-24 12:15:00,140.7038,140.8069,139.7761,140.2399,60202
2021-12-24 13:15:00,140.2399,141.1676,140.2399,140.9615,58785
2021-12-24 14:15:00,141.013,141.1676,139.9822,140.1884,92061
2021-12-24 15:15:00,140.1368,140.7038,139.9307,140.2915,94430
2021-12-27 09:15:00,139.5699,139.673,137.3022,138.436,208808
2021-12-27 10:15:00,138.4876,138.8999,137.9722,138.1783,80956
2021-12-27 11:15:00,138.436,139.1061,138.1268,139.003,71602
2021-12-27 12:15:00,139.0545,139.1576,138.333,138.7968,138193
2021-12-27 13:15:00,138.6422,138.7968,138.1268,138.5391,83149
2021-12-27 14:15:00,138.333,138.8999,138.1783,138.2814,84891
2021-12-27 15:15:00,138.5907,138.5907,137.6114,138.1783,74749
2021-12-28 09:15:00,138.6422,139.9307,138.1268,139.4153,167650
2021-12-28 10:15:00,139.3122,140.5492,139.2091,139.7761,137209
2021-12-28 11:15:00,139.8276,140.1884,139.3637,140.1884,97832
2021-12-28 12:15:00,140.1884,141.4253,140.1368,140.2915,171299
2021-12-28 13:15:00,140.2399,140.6007,140.0338,140.3945,50637
2021-12-28 14:15:00,140.3945,140.6522,139.673,140.1884,92239
2021-12-28 15:15:00,140.1884,141.7346,139.9307,140.6522,141024
2021-12-29 09:15:00,141.2192,142.0438,140.4976,141.013,174167
2021-12-29 10:15:00,140.9099,141.4253,140.2399,140.4461,97789
2021-12-29 11:15:00,140.2915,140.4976,139.7245,139.8276,46717
2021-12-29 12:15:00,139.7761,139.9822,139.2607,139.6214,41911
2021-12-29 13:15:00,139.7761,139.7761,137.7145,139.3637,138113
2021-12-29 14:15:00,139.4668,141.9407,139.4153,139.9822,277337
2021-12-29 15:15:00,139.9822,140.1884,139.1576,139.8791,92227
2021-12-30 09:15:00,139.5699,140.9099,139.1576,139.9307,195660
2021-12-30 10:15:00,139.9307,140.1368,139.5184,139.6214,49223
2021-12-30 11:15:00,139.5699,139.7245,138.8999,139.003,173314
2021-12-30 12:15:00,139.003,139.8791,138.6422,139.7761,130530
2021-12-30 13:15:00,139.673,140.0338,139.3637,139.7761,56879
2021-12-30 14:15:00,139.7761,139.8276,139.1576,139.673,109630
2021-12-30 15:15:00,139.6214,140.1368,139.2091,139.5184,81915
2021-12-31 09:15:00,139.2607,140.6007,139.2091,139.4668,170663
2021-12-31 10:15:00,139.4668,140.8584,139.4668,139.9822,166444
2021-12-31 11:15:00,139.9822,140.4976,139.673,139.7245,82808
2021-12-31 12:15:00,139.7761,140.1368,139.4668,139.673,70374
2021-12-31 13:15:00,139.5184,139.8791,139.2607,139.2607,50096
2021-12-31 14:15:00,139.3122,139.7245,138.7968,139.003,133682
2021-12-31 15:15:00,139.003,139.1576,138.6937,139.1061,81873
2022-01-03 09:15:00,139.7245,146.7339,138.9514,143.8993,892845
2022-01-03 10:15:00,143.9508,144.3116,143.3323,143.59,166555
2022-01-03 11:15:00,143.59,143.59,142.7654,142.9715,86068
2022-01-03 12:15:00,143.0231,143.6931,142.7138,143.5385,86850
2022-01-03 13:15:00,143.7962,144.3116,142.4046,144.2085,428118
2022-01-03 14:15:00,144.1054,144.3116,143.7962,144.0023,303108
2022-01-03 15:15:00,143.8993,145.0847,143.6931,144.2085,190868
2022-01-04 09:15:00,151.5272,151.7849,146.6309,147.9194,2477321
2022-01-04 10:15:00,147.9194,147.9709,146.5793,146.7855,501538
2022-01-04 11:15:00,146.8886,147.0432,145.7032,146.0639,379263
2022-01-04 12:15:00,146.0639,146.4762,145.8062,146.3732,203778
2022-01-04 13:15:00,146.3732,147.4555,146.0124,146.6824,376229
2022-01-04 14:15:00,146.837,147.8163,146.4247,146.5278,522830
2022-01-04 15:15:00,146.4247,146.4762,145.6516,146.2701,353263
2022-01-05 09:15:00,145.8578,147.9709,145.3424,147.404,398424
2022-01-05 10:15:00,147.1978,147.9194,146.9401,147.5586,207202
2022-01-05 11:15:00,147.4555,148.8986,147.4555,147.9194,323829
2022-01-05 12:15:00,147.8163,148.0224,146.9916,147.4555,232781
2022-01-05 13:15:00,147.404,147.6617,146.2701,146.837,189932
2022-01-05 14:15:00,146.7339,146.8886,145.497,146.1155,380985
2022-01-05 15:15:00,146.2185,146.3732,145.7032,146.1155,101459
2022-01-06 09:15:00,144.9816,146.0639,144.4147,145.5485,326797
2022-01-06 10:15:00,145.6001,145.9093,144.9301,145.4455,85527
2022-01-06 11:15:00,145.3424,145.7032,145.0847,145.497,83703
2022-01-06 12:15:00,145.497,145.497,143.4354,144.5693,214733
2022-01-06 13:15:00,144.2085,144.3116,143.8993,144.157,76552
2022-01-06 14:15:00,144.1054,145.2908,144.1054,144.7754,224212
2022-01-06 15:15:00,144.827,144.827,144.2085,144.5693,91933
2022-01-07 09:15:00,146.0124,146.0124,144.827,145.0331,191253
2022-01-07 10:15:00,145.2908,145.6516,142.9715,143.2292,262883
2022-01-07 11:15:00,143.1262,143.2808,142.3531,142.8169,205455
2022-01-07 12:15:00,142.7138,142.7138,141.4253,142.0438,136313
2022-01-07 13:15:00,142.1469,142.25,141.9407,141.9923,101245
2022-01-07 14:15:00,141.9407,143.1262,141.8892,143.0746,154722
2022-01-07 15:15:00,143.0231,143.1262,142.7654,142.9715,72527
2022-01-10 09:15:00,142.9715,144.1054,142.4561,143.5385,263809
2022-01-10 10:15:00,143.4869,143.59,141.8377,141.9407,186019
2022-01-10 11:15:00,142.1469,142.25,141.4253,141.7346,148915
2022-01-10 12:15:00,141.7346,142.1984,141.7346,141.8377,55922
2022-01-10 13:15:00,141.9407,142.25,141.7346,141.8892,68808
2022-01-10 14:15:00,141.9923,142.1469,141.7346,141.9923,78867
2022-01-10 15:15:00,141.9407,142.0954,141.4253,141.683,109586
2022-01-11 09:15:00,141.2707,142.0954,139.3122,140.6007,350533
2022-01-11 10:15:00,140.6522,140.7553,140.0853,140.6522,132636
2022-01-11 11:15:00,140.7038,140.7038,139.6214,139.8791,106945
2022-01-11 12:15:00,139.8791,140.0853,139.4153,139.5184,186452
2022-01-11 13:15:00,139.673,140.1368,139.4668,139.8276,119157
2022-01-11 14:15:00,139.8276,139.8791,139.3637,139.5699,133028
2022-01-11 15:15:00,139.5699,139.5699,138.5391,139.2091,172440
2022-01-12 09:15:00,140.2399,142.6623,140.0338,142.1469,330408
2022-01-12 10:15:00,142.0438,142.5592,141.2192,141.3223,277829
2022-01-12 11:15:00,141.3223,142.1469,140.9615,142.0954,80245
2022-01-12 12:15:00,142.0954,144.157,142.0438,142.6623,476140
2022-01-12 13:15:00,142.7138,142.7654,141.8892,142.4561,116183
2022-01-12 14:15:00,142.6623,145.1362,142.5077,144.0023,402673
2022-01-12 15:15:00,144.0023,144.0023,143.0746,144.0023,140509
2022-01-13 09:15:00,144.6208,144.7754,142.4561,143.3323,293217
2022-01-13 10:15:00,143.1777,143.6416,142.8169,143.1777,55579
2022-01-13 11:15:00,143.0231,143.6931,143.0231,143.5385,31695
2022-01-13 12:15:00,143.3839,144.2085,143.1777,143.8993,50954
2022-01-13 13:15:00,143.7446,144.2085,143.6931,144.1054,67798
2022-01-13 14:15:00,144.0539,144.3116,143.3323,143.4354,136947
2022-01-13 15:15:00,143.4869,143.7446,140.1884,142.3015,203060
2022-01-14 09:15:00,141.683,143.3839,140.6007,143.0231,158153
2022-01-14 10:15:00,142.92,143.0746,142.5592,142.7654,53366
2022-01-14 11:15:00,142.6623,143.0746,142.5592,143.0746,59207
2022-01-14 12:15:00,142.9715,143.4354,142.8685,143.2292,36098
2022-01-14 13:15:00,143.0746,143.3839,142.8169,142.9715,45230
2022-01-14 14:15:00,142.8685,145.0847,142.6108,143.4869,175001
2022-01-14 15:15:00,143.3323,143.5385,142.8169,143.5385,90904
2022-01-17 09:15:00,143.5385,147.3524,142.8685,146.3732,711052
2022-01-17 10:15:00,146.3732,148.2286,145.9608,146.5793,539196
2022-01-17 11:15:00,146.4247,147.8163,146.1155,146.6824,369983
2022-01-17 12:15:00,146.6824,147.1463,146.4247,146.8886,109954
2022-01-17 13:15:00,146.8886,147.0947,146.4762,146.5793,56728
2022-01-17 14:15:00,146.7855,148.3317,146.3216,146.4247,354103
2022-01-17 15:15:00,146.5793,146.8886,146.0639,146.5278,139510
2022-01-18 09:15:00,141.3738,143.9508,139.673,140.7038,1429807
2022-01-18 10:15:00,140.7038,141.2192,139.9822,140.6007,381888
2022-01-18 11:15:00,140.7553,141.2707,140.343,140.9615,177455
2022-01-18 12:15:00,140.9099,141.5284,140.5492,141.2192,184992
2022-01-18 13:15:00,141.2192,141.2707,140.0853,140.4976,269664
2022-01-18 14:15:00,140.2915,140.6007,138.2814,138.3845,585403
2022-01-18 15:15:00,138.436,139.6214,138.333,138.7453,176469
2022-01-19 09:15:00,138.1268,138.1268,132.6636,134.3128,911177
2022-01-19 10:15:00,134.4675,134.7767,133.2305,133.6428,316696
2022-01-19 11:15:00,133.6428,133.6428,129.7773,130.6535,1175762
2022-01-19 12:15:00,130.7566,131.8389,129.8804,130.9628,570775
2022-01-19 13:15:00,131.1689,131.3751,130.4989,131.3751,318094
2022-01-19 14:15:00,131.3751,131.6843,130.6535,131.1689,459964
2022-01-19 15:15:00,131.1689,131.5297,130.9112,131.1689,216408
2022-01-20 09:15:00,131.4782,135.3436,131.4266,134.6736,730630
2022-01-20 10:15:00,134.6221,135.1375,134.4675,134.6221,144022
2022-01-20 11:15:00,134.4675,134.8798,133.2305,133.3336,197342
2022-01-20 12:15:00,133.3851,133.6944,131.5297,131.9936,215419
2022-01-20 13:15:00,131.9936,132.8182,131.5812,132.1482,249891
2022-01-20 14:15:00,132.0451,132.1482,130.2927,131.7874,286950
2022-01-20 15:15:00,131.8905,131.942,131.3751,131.7359,124538
2022-01-21 09:15:00,131.6328,132.9728,130.6535,132.8697,356205
2022-01-21 10:15:00,132.7666,132.8182,131.942,132.5089,118691
2022-01-21 11:15:00,132.5089,132.7151,131.9936,132.7151,72989
2022-01-21 12:15:00,132.7151,132.7151,131.9936,132.3543,56194
2022-01-21 13:15:00,132.2513,132.3543,131.3751,131.4782,125817
2022-01-21 14:15:00,131.4782,131.5297,129.7258,130.7051,292670
2022-01-21 15:15:00,131.0143,131.0143,127.8188,129.7773,197106
2022-01-24 09:15:00,129.6743,132.1997,126.9942,127.6642,538848
2022-01-24 10:15:00,127.5611,127.5611,126.1695,126.2726,323295
2022-01-24 11:15:00,126.3242,126.7365,125.7572,125.8603,92724
2022-01-24 12:15:00,125.8603,126.2211,124.5203,125.9118,186923
2022-01-24 13:15:00,125.7057,126.3242,122.6648,122.6648,297844
2022-01-24 14:15:00,122.9741,125.448,122.871,125.2418,305509
2022-01-24 15:15:00,125.3965,125.448,124.1595,124.8811,149491
2022-01-25 09:15:00,124.0564,125.2418,121.2217,123.9533,492062
2022-01-25 10:15:00,123.9018,124.5718,123.2833,123.6441,132868
2022-01-25 11:15:00,123.4895,124.108,122.7679,123.2318,111597
2022-01-25 12:15:00,123.0772,123.1802,122.2525,123.1287,112494
2022-01-25 13:15:00,123.1287,123.9533,123.1287,123.6441,120836
2022-01-25 14:15:00,123.4895,125.9118,123.2318,124.5203,312897
2022-01-25 15:15:00,124.5203,124.7264,123.7987,124.6234,134119
2022-01-27 09:15:00,123.6441,124.3141,122.6133,123.8503,343006
2022-01-27 10:15:00,123.4379,123.4895,122.8195,123.1802,103521
2022-01-27 11:15:00,123.1802,123.3864,122.8195,122.9741,84795
2022-01-27 12:15:00,122.8195,128.1281,122.4587,127.4065,537069
2022-01-27 13:15:00,127.5611,127.8188,126.1695,127.2003,411603
2022-01-27 14:15:00,127.2003,128.7465,126.9942,128.6435,326418
2022-01-27 15:15:00,128.5404,129.0042,127.9219,128.1796,150224
2022-01-28 09:15:00,129.7773,132.4574,129.2104,131.5297,484399
2022-01-28 10:15:00,131.5297,131.6843,129.5196,129.6743,225242
2022-01-28 11:15:00,129.7258,129.8804,128.5404,128.8496,203991
2022-01-28 12:15:00,128.8496,128.8496,128.4888,128.8496,83801
2022-01-28 13:15:00,128.7981,129.0558,127.4065,128.025,100092
2022-01-28 14:15:00,127.8704,128.4373,126.4272,126.788,145490
2022-01-28 15:15:00,126.8396,127.6127,126.5303,126.9942,77932
2022-01-31 09:15:00,126.788,128.8496,125.4995,126.3242,409400
2022-01-31 10:15:00,126.4788,130.8081,125.7572,128.4888,898493
2022-01-31 11:15:00,128.5404,128.7465,126.3757,126.788,329950
2022-01-31 12:15:00,126.6849,127.2519,126.4788,126.6849,96885
2022-01-31 13:15:00,126.6849,126.8911,126.1695,126.7365,97508
2022-01-31 14:15:00,126.6849,127.8188,126.0665,126.4788,279892
2022-01-31 15:15:00,126.2726,126.6334,126.0149,126.3757,159281
2022-02-01 09:15:00,133.7459,140.0338,133.7459,137.5599,6321750
2022-02-01 10:15:00,137.4052,137.9722,135.6529,136.2198,1229617
2022-02-01 11:15:00,136.1167,136.5291,134.519,134.8282,1089478
2022-02-01 12:15:00,134.9313,135.2406,131.4266,131.7874,1358272
2022-02-01 13:15:00,131.9936,135.9106,131.5297,135.5498,1074903
2022-02-01 14:15:00,135.5498,135.7044,132.7666,133.6944,980372
2022-02-01 15:15:00,133.6944,135.859,133.4882,133.9005,568402
2022-02-02 09:15:00,134.8282,137.3022,134.6736,135.1375,713379
2022-02-02 10:15:00,135.1375,135.7044,134.9313,135.5498,177305
2022-02-02 11:15:00,135.4467,135.5498,135.0344,135.3436,102418
2022-02-02 12:15:00,135.189,135.6013,133.7974,133.7974,326115
2022-02-02 13:15:00,133.849,134.2613,132.6636,133.9005,200000
2022-02-02 14:15:00,133.9005,134.8282,133.5913,134.6736,200415
2022-02-02 15:15:00,134.6736,134.9829,134.3644,134.6221,125518
2022-02-03 09:15:00,135.3436,136.3229,134.0551,134.3644,318972
2022-02-03 10:15:00,134.3128,135.4983,134.2613,135.2406,110089
2022-02-03 11:15:00,135.2406,135.2406,134.2613,134.3644,114305
2022-02-03 12:15:00,134.2613,134.9313,134.2613,134.7252,83961
2022-02-03 13:15:00,134.7252,134.9829,133.9005,134.2613,139097
2022-02-03 14:15:00,134.2613,134.519,134.0036,134.3128,103772
2022-02-03 15:15:00,134.3128,134.4159,133.6428,134.0551,107702
2022-02-04 09:15:00,134.9829,136.5806,134.519,135.6013,676351
2022-02-04 10:15:00,135.4467,137.4052,135.4467,137.096,316768
2022-02-04 11:15:00,137.096,137.1991,133.7459,133.9005,481868
2022-02-04 12:15:00,133.9005,134.2613,133.3851,133.849,156557
2022-02-04 13:15:00,133.9005,134.4159,133.6428,134.4159,85562
2022-02-04 14:15:00,134.4159,134.519,133.9005,134.4159,114178
2022-02-04 15:15:00,134.3128,134.3644,133.7459,134.1067,204240
2022-02-07 09:15:00,133.4367,134.3128,131.5812,131.8905,415361
2022-02-07 10:15:00,131.7359,132.3543,131.6328,131.942,148857
2022-02-07 11:15:00,131.8389,132.0451,131.4782,131.6843,85387
2022-02-07 12:15:00,131.6843,132.6636,131.6328,132.1997,78667
2022-02-07 13:15:00,132.0966,132.2513,131.4782,132.2513,61929
2022-02-07 14:15:00,132.2513,132.612,131.1174,132.4059,150502
2022-02-07 15:15:00,132.4059,132.4574,130.3958,131.8905,98873
2022-02-08 09:15:00,132.7666,132.9728,130.035,130.1897,204024
2022-02-08 10:15:00,130.1897,130.2927,128.5919,129.2619,163832
2022-02-08 11:15:00,129.2619,130.1381,129.1589,129.6743,92667
2022-02-08 12:15:00,129.7773,130.3958,129.1073,129.3135,50296
2022-02-08 13:15:00,129.365,130.035,129.2619,129.3135,40376
2022-02-08 14:15:00,129.4681,129.9835,129.1589,129.6227,75556
2022-02-08 15:15:00,129.4166,129.8289,129.0558,129.4166,81454
2022-02-09 09:15:00,129.8289,132.8697,129.6743,131.1174,259919
2022-02-09 10:15:00,131.2205,131.2205,129.365,130.2927,190541
2022-02-09 11:15:00,130.2927,130.3958,129.2104,129.4681,133377
2022-02-09 12:15:00,129.5196,131.1174,129.5196,130.2927,118802
2022-02-09 13:15:00,130.3443,130.6535,129.932,130.0866,68787
2022-02-09 14:15:00,130.1897,130.5504,128.695,129.8804,182511
2022-02-09 15:15:00,129.8804,130.3443,129.6227,129.8289,84807
2022-02-10 09:15:00,130.1381,131.2205,129.0042,130.8597,253830
2022-02-10 10:15:00,130.7566,131.1174,129.5712,129.7258,149738
2022-02-10 11:15:00,129.6743,129.8804,128.9012,129.6227,92724
2022-02-10 12:15:00,129.6743,130.9628,129.5712,130.602,154809
2022-02-10 13:15:00,130.6535,130.9112,128.4373,128.5404,205974
2022-02-10 14:15:00,128.5404,128.8496,128.4888,128.8496,147309
2022-02-10 15:15:00,128.7981,128.8496,127.9219,128.4373,143492
2022-02-11 09:15:00,127.8704,130.035,127.2003,129.2619,247015
2022-02-11 10:15:00,129.1073,129.365,128.1796,128.3858,213521
2022-02-11 11:15:00,128.4888,128.695,127.6127,128.4888,323159
2022-02-11 12:15:00,128.3342,128.5404,127.6642,127.8188,94248
2022-02-11 13:15:00,127.8188,127.9219,127.355,127.7673,72822
2022-02-11 14:15:00,127.5611,127.8188,127.3034,127.7673,88521
2022-02-11 15:15:00,127.7673,127.8188,127.355,127.6642,91435
2022-02-14 09:15:00,126.5819,126.5819,123.4379,124.6749,379672
2022-02-14 10:15:00,124.6234,125.8603,124.211,125.0872,163246
2022-02-14 11:15:00,125.0872,126.0665,124.4687,124.5718,94272
2022-02-14 12:15:00,124.6234,124.8811,124.0049,124.1595,137182
2022-02-14 13:15:00,124.2626,124.2626,123.6956,123.8503,98065
2022-02-14 14:15:00,123.8503,124.0564,121.2217,121.4279,227743
2022-02-14 15:15:00,121.4794,121.634,120.4486,121.2217,189665
2022-02-15 09:15:00,121.2217,122.8195,117.5109,118.1293,547980
2022-02-15 10:15:00,118.1293,119.5209,117.9232,119.1086,347971
2022-02-15 11:15:00,119.1086,120.0363,118.9024,119.4694,107766
2022-02-15 12:15:00,119.5209,120.2425,118.7993,119.7786,174691
2022-02-15 13:15:00,119.8817,121.1702,119.5724,120.8094,154689
2022-02-15 14:15:00,121.0156,122.0464,120.5517,121.0671,168096
2022-02-15 15:15:00,121.0671,121.1702,120.6032,121.0156,93441
2022-02-16 09:15:00,121.6856,127.1488,121.6856,124.1595,428033
2022-02-16 10:15:00,124.211,128.3858,124.0564,127.1488,472410
2022-02-16 11:15:00,127.1488,127.7673,125.3965,125.6541,213382
2022-02-16 12:15:00,125.7057,125.7572,123.7987,125.4995,368958
2022-02-16 13:15:00,125.7057,126.5819,125.2418,125.8603,121710
2022-02-16 14:15:00,125.8603,126.3242,125.0872,126.0665,189211
2022-02-16 15:15:00,126.0149,127.0973,125.9634,126.4788,139772
2022-02-17 09:15:00,126.788,127.7157,125.8603,126.4788,185661
2022-02-17 10:15:00,126.3242,126.4788,124.6234,125.3965,143183
2022-02-17 11:15:00,125.5511,125.7057,124.9326,124.9326,48939
2022-02-17 12:15:00,124.9326,125.6026,124.778,125.5511,52159
2022-02-17 13:15:00,125.5511,126.0149,125.0872,125.0872,52553
2022-02-17 14:15:00,125.0872,125.448,124.0049,124.0049,73252
2022-02-17 15:15:00,124.0564,124.211,123.6956,124.0564,56420
2022-02-18 09:15:00,122.6648,124.0564,120.7579,122.3556,180830
2022-02-18 10:15:00,122.2525,122.4071,121.634,122.0464,70530
2022-02-18 11:15:00,122.0979,122.4071,121.7887,121.9948,59756
2022-02-18 12:15:00,121.9948,121.9948,120.5517,120.8609,283244
2022-02-18 13:15:00,120.8609,121.3763,120.3455,120.6032,152149
2022-02-18 14:15:00,120.5517,120.964,120.0363,120.6032,119355
2022-02-18 15:15:00,120.6548,120.8609,119.5724,120.3971,106403
2022-02-21 09:15:00,119.4694,119.8301,117.5109,118.5932,223973
2022-02-21 10:15:00,118.5417,118.8509,116.9955,117.0985,296615
2022-02-21 11:15:00,117.0985,118.4901,116.9439,118.284,215619
2022-02-21 12:15:00,118.3355,118.5932,117.7686,118.3355,85088
2022-02-21 13:15:00,118.387,118.387,117.3047,117.3562,93314
2022-02-21 14:15:00,117.4593,117.8201,116.9439,117.1501,93696
2022-02-21 15:15:00,117.047,117.1501,115.9647,116.6862,106738
2022-02-22 09:15:00,114.3669,114.3669,110.8622,112.9753,483356
2022-02-22 10:15:00,112.8723,114.1092,112.8723,113.8,151746
2022-02-22 11:15:00,113.9031,114.8823,113.233,114.4185,123733
2022-02-22 12:15:00,114.4185,115.9647,114.4185,115.6554,332936
2022-02-22 13:15:00,115.6039,115.9131,114.9854,115.4493,137161
2022-02-22 14:15:00,115.4493,116.5316,115.2431,116.1193,138784
2022-02-22 15:15:00,116.2739,116.4801,115.6554,116.0677,58051
2022-02-23 09:15:00,118.1293,119.0055,116.5831,118.2324,193307
2022-02-23 10:15:00,118.284,118.7478,115.9647,116.2739,297467
2022-02-23 11:15:00,116.4285,116.6347,115.8616,116.0677,98128
2022-02-23 12:15:00,116.0162,116.2224,115.81,116.0677,85063
2022-02-23 13:15:00,115.9647,116.2224,115.707,116.1193,45150
2022-02-23 14:15:00,116.1193,116.2224,115.14,115.4493,124493
2022-02-23 15:15:00,115.4493,115.6554,115.0369,115.4493,93584
2022-02-24 09:15:00,110.2953,111.1199,107.6667,109.7799,660702
2022-02-24 10:15:00,109.7799,110.3984,108.5429,108.646,198919
2022-02-24 11:15:00,108.646,109.2645,107.2029,107.9244,239241
2022-02-24 12:15:00,107.9244,108.2852,106.1721,106.8421,257731
2022-02-24 13:15:00,106.8421,106.8936,104.1105,105.7598,450266
2022-02-24 14:15:00,105.7598,106.1205,103.1312,104.1105,442065
2022-02-24 15:15:00,103.9559,104.1105,103.0797,103.8528,166753
2022-02-25 09:15:00,109.1614,112.2538,107.2029,109.1614,662517
2022-02-25 10:15:00,109.2129,109.986,108.8006,109.0068,222946
2022-02-25 11:15:00,108.9552,109.0068,107.3575,107.4606,167301
2022-02-25 12:15:00,107.5637,108.1821,107.2029,107.9244,96350
2022-02-25 13:15:00,107.976,108.0275,105.8113,106.0175,198425
2022-02-25 14:15:00,106.0175,107.8214,105.5536,107.7698,274300
2022-02-25 15:15:00,107.7698,107.8729,107.1513,107.3575,119691
2022-02-28 09:15:00,107.2544,107.3575,103.9043,105.1413,337204
2022-02-28 10:15:00,105.0382,106.9452,104.729,106.8936,169538
2022-02-28 11:15:00,106.9452,107.4606,106.2752,107.2029,182623
2022-02-28 12:15:00,107.2029,107.409,106.7906,107.3575,129080
2022-02-28 13:15:00,107.306,107.5121,104.8836,105.1413,359933
2022-02-28 14:15:00,105.0898,106.9967,105.0898,106.9452,161103
2022-02-28 15:15:00,106.9967,108.1306,106.8421,107.1513,115304
2022-03-02 09:15:00,107.0998,109.8314,106.2236,109.2645,353651
2022-03-02 10:15:00,109.1614,109.4191,108.3368,109.1099,107046
2022-03-02 11:15:00,109.2129,109.3676,108.5945,108.7491,108894
2022-03-02 12:15:00,108.7491,110.0891,108.2852,109.6253,101137
2022-03-02 13:15:00,109.6768,109.6768,108.9552,109.0583,84029
2022-03-02 14:15:00,109.0583,110.2953,108.5945,109.9345,147706
2022-03-02 15:15:00,109.986,109.986,108.8522,109.6768,82083
2022-03-03 09:15:00,111.3261,112.6146,110.6045,110.7076,280735
2022-03-03 10:15:00,110.8622,111.4292,110.6045,110.8107,78720
2022-03-03 11:15:00,110.7076,111.1199,110.5014,110.9138,82240
2022-03-03 12:15:00,110.8622,110.8622,109.8314,110.0376,104207
2022-03-03 13:15:00,110.0891,116.4801,109.7799,116.0677,553667
2022-03-03 14:15:00,116.9439,128.7465,115.6554,128.2311,12717023
2022-03-03 15:15:00,128.5404,130.3958,127.9734,127.9734,2218100
2022-03-04 09:15:00,128.2311,128.2311,122.201,122.5102,2699789
2022-03-04 10:15:00,122.4071,122.9741,120.9125,121.6856,782839
2022-03-04 11:15:00,121.6856,122.3556,120.964,121.3248,395388
2022-03-04 12:15:00,121.2733,122.3556,121.1186,122.2525,442128
2022-03-04 13:15:00,122.1494,122.7679,120.0878,120.7063,500248
2022-03-04 14:15:00,120.6032,121.0156,119.8817,120.3455,553309
2022-03-04 15:15:00,120.294,120.5002,118.7993,120.1909,334999
2022-03-07 09:15:00,115.9647,117.7686,114.4185,117.2016,678118
2022-03-07 10:15:00,117.2016,120.0878,116.7893,118.8509,512831
2022-03-07 11:15:00,118.9024,119.4178,118.387,118.5417,187479
2022-03-07 12:15:00,118.5417,119.2632,118.3355,118.3355,117632
2022-03-07 13:15:00,118.3355,119.057,116.8924,116.8924,139031
2022-03-07 14:15:00,116.9955,117.4593,115.9647,117.0985,198878
2022-03-07 15:15:00,117.2016,117.2016,116.3254,116.7378,110874
2022-03-08 09:15:00,117.4078,121.1186,117.4078,120.0878,615573
2022-03-08 10:15:00,120.0878,120.1394,118.1293,118.1809,230092
2022-03-08 11:15:00,118.4901,120.2425,117.8716,119.2117,407739
2022-03-08 12:15:00,119.2117,119.8817,117.7686,118.1293,191252
2022-03-08 13:15:00,118.1293,119.5724,118.0778,118.4386,202062
2022-03-08 14:15:00,118.4386,119.4694,118.0778,118.5417,175461
2022-03-08 15:15:00,118.5417,118.6963,117.6655,118.387,110234
2022-03-09 09:15:00,119.2632,120.294,117.0985,118.0263,428241
2022-03-09 10:15:00,118.1293,118.6447,117.9232,117.9747,99743
2022-03-09 11:15:00,118.0778,118.5417,117.7686,118.4901,76525
2022-03-09 12:15:00,118.4386,118.5417,117.9232,118.0263,165253
2022-03-09 13:15:00,117.9747,118.5417,117.717,118.1293,725295
2022-03-09 14:15:00,118.2324,118.5417,117.7686,118.0263,321594
2022-03-09 15:15:00,117.8716,118.0263,116.9955,117.717,226150
2022-03-10 09:15:00,119.057,122.1494,119.057,121.3248,630839
2022-03-10 10:15:00,121.1186,121.9433,120.7579,120.8094,209137
2022-03-10 11:15:00,120.9125,121.0671,120.3971,120.5002,170996
2022-03-10 12:15:00,120.5517,120.9125,120.2425,120.8094,148197
2022-03-10 13:15:00,120.8609,120.9125,119.4694,119.5724,180279
2022-03-10 14:15:00,119.5209,119.624,119.2632,119.4694,144392
2022-03-10 15:15:00,119.2632,119.5724,119.2632,119.4178,75827
2022-03-11 09:15:00,118.1293,120.1909,117.2016,118.9024,383066
2022-03-11 10:15:00,118.9024,119.0055,118.1293,118.387,139383
2022-03-11 11:15:00,118.4386,118.7993,118.0778,118.3355,233928
2022-03-11 12:15:00,118.3355,119.4178,118.0263,118.4901,157800
2022-03-11 13:15:00,118.3355,118.9024,118.284,118.7478,81280
2022-03-11 14:15:00,118.7478,118.954,118.2324,118.284,110049
2022-03-11 15:15:00,118.1809,118.9024,117.8716,118.1809,134047
2022-03-14 09:15:00,118.5417,119.5209,117.2532,117.8201,188385
2022-03-14 10:15:00,117.8201,118.387,117.5624,117.8201,45089
2022-03-14 11:15:00,117.8201,118.0263,116.8924,116.9439,165869
2022-03-14 12:15:00,116.9955,117.2016,116.0162,116.1708,216777
2022-03-14 13:15:00,116.1193,117.047,116.0162,116.7893,82329
2022-03-14 14:15:00,116.7893,117.0985,116.4801,116.5316,106328
2022-03-14 15:15:00,116.5316,116.7378,115.9647,116.3254,132727
2022-03-15 09:15:00,116.5831,117.8201,116.5831,117.0985,197798
2022-03-15 10:15:00,117.3047,118.954,117.1501,118.4386,217582
2022-03-15 11:15:00,118.4386,118.7478,118.1809,118.5417,111789
2022-03-15 12:15:00,118.5417,118.5417,117.2016,117.2016,166931
2022-03-15 13:15:00,117.2532,117.2532,116.4801,116.8408,153086
2022-03-15 14:15:00,116.7893,117.3047,116.0162,117.2532,145409
2022-03-15 15:15:00,117.4078,118.3355,117.3047,117.6655,117362
2022-03-16 09:15:00,119.057,119.3663,117.9232,118.7993,233317
2022-03-16 10:15:00,118.7478,119.1601,118.1809,118.5417,94236
2022-03-16 11:15:00,118.6447,118.7993,118.5417,118.5417,25892
2022-03-16 12:15:00,118.5417,120.0878,118.387,118.7478,274792
2022-03-16 13:15:00,118.5417,119.0055,118.5417,118.7478,41678
2022-03-16 14:15:00,118.7478,119.4694,118.387,118.9024,182669
2022-03-16 15:15:00,118.7993,118.9024,118.284,118.5417,88841
2022-03-17 09:15:00,119.5724,120.2425,119.2117,119.624,178467
2022-03-17 10:15:00,119.5209,120.2425,119.057,119.5209,112011
2022-03-17 11:15:00,119.5209,119.8817,119.3147,119.5724,56131
2022-03-17 12:15:00,119.5724,119.8817,119.2632,119.5724,45969
2022-03-17 13:15:00,119.7271,119.7271,118.7478,119.0055,55160
2022-03-17 14:15:00,119.0055,119.2117,116.4801,117.8716,237660
2022-03-17 15:15:00,117.9747,118.1293,117.6139,117.9232,93204
2022-03-21 09:15:00,117.9232,118.7478,115.4493,117.6655,529818
2022-03-21 10:15:00,117.5624,119.9848,117.5624,119.4694,303310
2022-03-21 11:15:00,119.3663,119.9332,118.6447,118.6963,182114
2022-03-21 12:15:00,118.6447,119.2632,118.3355,118.6963,126194
2022-03-21 13:15:00,118.6447,119.1086,118.4386,118.954,38325
2022-03-21 14:15:00,118.9024,119.0055,118.1293,118.3355,112265
2022-03-21 15:15:00,118.4901,118.5417,117.9747,118.284,88052
2022-03-22 09:15:00,118.5417,119.9332,118.0263,118.4901,274531
2022-03-22 10:15:00,118.4386,118.9024,118.2324,118.7993,108896
2022-03-22 11:15:00,118.7993,118.8509,118.1809,118.4386,62333
2022-03-22 12:15:00,118.4386,118.6447,118.1809,118.5417,82847
2022-03-22 13:15:00,118.5417,118.6447,118.3355,118.4386,51801
2022-03-22 14:15:00,118.4386,121.531,118.2324,119.8301,422610
2022-03-22 15:15:00,119.7271,121.0671,119.7271,120.2425,210434
2022-03-23 09:15:00,121.634,124.9326,121.634,123.1802,1161451
2022-03-23 10:15:00,123.1802,123.6956,122.4587,122.7679,192344
2022-03-23 11:15:00,122.8195,123.0772,121.5825,121.7371,156991
2022-03-23 12:15:00,121.8917,122.0979,120.2425,121.0156,244416
2022-03-23 13:15:00,120.964,121.3248,120.1909,120.7063,113497
2022-03-23 14:15:00,120.7063,121.3763,120.4486,120.8609,136547
2022-03-23 15:15:00,120.9125,120.964,120.2425,120.6032,97215
2022-03-24 09:15:00,120.6032,121.531,119.8817,120.6548,206672
2022-03-24 10:15:00,120.6548,120.8094,120.0363,120.4486,84463
2022-03-24 11:15:00,120.5517,120.7579,120.0878,120.0878,59530
2022-03-24 12:15:00,120.0878,120.294,118.6963,119.1086,191335
2022-03-24 13:15:00,119.1601,119.3663,118.5417,119.1086,123000
2022-03-24 14:15:00,119.1086,119.8817,118.7478,119.4178,113998
2022-03-24 15:15:00,119.5209,119.5724,119.057,119.3663,63326
2022-03-25 09:15:00,120.0878,120.5002,119.1086,119.2117,249418
2022-03-25 10:15:00,119.2117,119.2632,118.1809,118.4901,131867
2022-03-25 11:15:00,118.5417,118.954,118.0778,118.2324,112223
2022-03-25 12:15:00,118.3355,118.5417,118.2324,118.4901,53729
2022-03-25 13:15:00,118.5417,118.5932,117.9232,118.2324,152929
2022-03-25 14:15:00,118.2324,118.7478,117.2016,117.6655,155432
2022-03-25 15:15:00,117.6655,117.9747,117.2016,117.6139,72439
2022-03-28 09:15:00,118.5417,119.1086,116.9955,117.1501,289309
2022-03-28 10:15:00,116.7893,116.9955,116.4801,116.7893,120253
2022-03-28 11:15:00,116.8924,117.8716,116.8408,117.2532,199334
2022-03-28 12:15:00,117.3047,123.0256,117.1501,120.8609,1319166
2022-03-28 13:15:00,120.8609,121.2217,119.624,120.6032,420562
2022-03-28 14:15:00,120.5517,120.7579,119.8301,119.9332,298211
2022-03-28 15:15:00,119.9332,120.0878,119.4178,119.9848,174672
2022-03-29 09:15:00,120.7063,122.0464,119.6755,119.9332,539516
2022-03-29 10:15:00,120.0363,120.964,119.8301,120.0878,147465
2022-03-29 11:15:00,120.0878,120.3971,119.8817,119.9332,154180
2022-03-29 12:15:00,119.8817,120.0878,119.057,119.1601,127368
2022-03-29 13:15:00,119.3147,119.6755,117.9232,118.0778,318435
2022-03-29 14:15:00,118.1293,119.1601,117.6139,117.9747,459324
2022-03-29 15:15:00,117.9232,117.9747,116.9439,117.6139,227136
2022-03-30 09:15:00,119.5724,122.6648,119.3147,121.634,854948
2022-03-30 10:15:00,121.5825,121.634,120.1909,120.5517,172869
2022-03-30 11:15:00,120.6032,120.6548,119.6755,120.4486,250754
2022-03-30 12:15:00,120.4486,120.7579,120.3455,120.5002,45387
2022-03-30 13:15:00,120.5002,120.7063,119.7786,120.0878,98919
2022-03-30 14:15:00,120.0878,121.0156,119.9332,120.6032,382430
2022-03-30 15:15:00,120.6548,121.1186,119.8301,120.6548,120924
2022-03-31 09:15:00,122.1494,122.1494,119.8817,120.3971,177972
2022-03-31 10:15:00,120.3971,120.4486,119.6755,119.9332,68317
2022-03-31 11:15:00,119.9332,120.294,119.4178,119.7271,101472
2022-03-31 12:15:00,119.6755,120.0363,119.5724,119.8301,43531
2022-03-31 13:15:00,119.8301,119.8301,119.3663,119.3663,70479
2022-03-31 14:15:00,119.3663,119.624,118.5417,118.5932,210154
2022-03-31 15:15:00,118.6963,119.6755,118.5417,118.9024,124121
2022-04-01 09:15:00,119.4694,121.531,119.2117,121.3763,285836
2022-04-01 10:15:00,121.2217,121.3763,120.9125,121.0156,73432
2022-04-01 11:15:00,121.1186,121.3248,120.6548,120.8609,92061
2022-04-01 12:15:00,120.8094,121.531,120.8094,121.2217,106896
2022-04-01 13:15:00,122.0464,123.0256,121.3248,121.8402,249713
2022-04-01 14:15:00,121.7371,122.3041,121.7371,121.7887,146784
2022-04-01 15:15:00,121.8917,122.0464,121.634,121.8402,141453
2022-04-04 09:15:00,122.201,125.1903,122.0979,123.4895,607785
2022-04-04 10:15:00,123.541,123.6956,123.1802,123.6441,177322
2022-04-04 11:15:00,123.3864,123.9533,123.2833,123.3864,98790
2022-04-04 12:15:00,123.3864,124.7264,123.3349,124.3657,245346
2022-04-04 13:15:00,124.3141,127.2003,124.108,126.118,570831
2022-04-04 14:15:00,126.118,127.458,125.9634,127.4065,399561
2022-04-04 15:15:00,127.3034,130.602,126.9942,128.5919,1301861
2022-04-05 09:15:00,128.2827,128.2827,125.9634,127.0457,476897
2022-04-05 10:15:00,127.2003,127.3034,126.4788,126.9426,147192
2022-04-05 11:15:00,126.8396,127.355,126.6849,126.9942,79142
2022-04-05 12:15:00,127.0457,127.3034,126.6849,126.9942,67006
2022-04-05 13:15:00,127.0973,129.4681,127.0457,127.8704,468142
2022-04-05 14:15:00,128.0765,130.602,127.7157,128.4373,373414
2022-04-05 15:15:00,128.2311,128.5404,127.2003,128.5404,214062
2022-04-06 09:15:00,127.6127,130.0866,126.4272,129.2619,506274
2022-04-06 10:15:00,129.365,130.7051,129.1073,129.6743,207036
2022-04-06 11:15:00,129.7773,133.2305,129.365,132.2513,994746
2022-04-06 12:15:00,132.2513,132.5089,131.0658,131.5812,211779
2022-04-06 13:15:00,131.5812,133.7974,131.1174,131.7874,562735
2022-04-06 14:15:00,131.8905,132.2513,130.7051,131.1689,306514
2022-04-06 15:15:00,130.8597,131.6328,129.9835,131.0143,268772
2022-04-07 09:15:00,131.8389,136.4775,130.3958,134.8282,1777517
2022-04-07 10:15:00,134.8798,135.2921,133.2305,135.0344,518235
2022-04-07 11:15:00,134.9313,135.189,133.7459,135.0344,180912
2022-04-07 12:15:00,135.0344,135.0344,133.6428,133.9005,125208
2022-04-07 13:15:00,133.6944,134.1582,131.4782,131.7359,357653
2022-04-07 14:15:00,131.6843,132.4574,131.0143,131.3235,326119
2022-04-07 15:15:00,131.3751,133.282,130.9112,131.6843,200843
2022-04-08 09:15:00,132.2513,133.4367,131.4266,133.0243,466648
2022-04-08 10:15:00,133.0243,133.0759,131.7359,132.1997,198989
2022-04-08 11:15:00,132.2513,132.612,131.8905,132.0451,64378
2022-04-08 12:15:00,132.2513,133.2305,131.942,132.3028,117542
2022-04-08 13:15:00,132.4574,133.6944,132.3543,132.5605,152891
2022-04-08 14:15:00,132.5605,133.5397,132.3543,132.4059,215198
2022-04-08 15:15:00,132.4574,133.0243,132.0966,132.7151,117600
2022-04-11 09:15:00,133.4367,134.9313,132.3543,133.9521,350006
2022-04-11 10:15:00,133.9521,134.7252,133.0243,133.179,149434
2022-04-11 11:15:00,133.0243,134.2613,133.0243,134.1582,79725
2022-04-11 12:15:00,134.2098,134.519,133.179,134.0036,85268
2022-04-11 13:15:00,134.0036,135.0344,132.9728,134.2613,275722
2022-04-11 14:15:00,134.2613,134.3128,132.1997,133.0243,245066
2022-04-11 15:15:00,133.1274,133.4367,132.7666,133.0243,86362
2022-04-12 09:15:00,132.612,133.3336,127.5096,127.9734,661541
2022-04-12 10:15:00,127.9734,130.4989,127.3034,130.3958,314209
2022-04-12 11:15:00,130.3958,131.3235,129.6227,130.3958,381614
2022-04-12 12:15:00,130.3958,130.5504,128.9012,129.6743,220535
2022-04-12 13:15:00,129.5196,130.035,128.1281,129.8804,244255
2022-04-12 14:15:00,129.8804,131.3235,129.4166,129.7258,343640
2022-04-12 15:15:00,129.7258,130.2927,129.7258,129.932,102419
2022-04-13 09:15:00,130.2927,131.4266,129.7773,131.272,337556
2022-04-13 10:15:00,131.1689,135.756,130.6535,135.2406,905096
2022-04-13 11:15:00,135.2406,136.5291,133.5397,134.0551,1730860
2022-04-13 12:15:00,134.0551,136.9929,133.282,136.0652,1386293
2022-04-13 13:15:00,136.0652,138.0237,135.3952,136.1167,1056090
2022-04-13 14:15:00,136.2198,138.4876,135.3436,137.9722,1482763
2022-04-13 15:15:00,138.0237,138.8484,137.1475,137.9722,1007293
2022-04-18 09:15:00,138.436,138.436,136.1167,136.5291,868004
2022-04-18 10:15:00,136.4775,137.1991,135.6529,136.6837,301509
2022-04-18 11:15:00,136.4775,137.6114,136.3744,137.1991,133383
2022-04-18 12:15:00,137.3537,137.5083,135.5498,136.2198,238808
2022-04-18 13:15:00,136.0137,138.0753,135.9621,137.2506,251020
2022-04-18 14:15:00,137.3022,140.4461,137.096,140.0853,1100352
2022-04-18 15:15:00,140.1368,140.1884,139.7245,139.8276,208248
2022-04-19 09:15:00,140.9615,141.9407,138.7453,140.6007,783651
2022-04-19 10:15:00,140.7038,140.7038,139.4668,139.8276,202362
2022-04-19 11:15:00,139.8276,140.2915,139.2091,139.4668,200760
2022-04-19 12:15:00,139.4668,140.7038,138.8484,139.1576,304021
2022-04-19 13:15:00,139.0545,140.8584,139.0545,140.3945,218164
2022-04-19 14:15:00,140.4461,141.5284,134.2613,135.4467,628504
2022-04-19 15:15:00,135.189,135.7044,133.4882,135.2406,324380
2022-04-20 09:15:00,135.9621,136.9929,134.6221,136.3744,396114
2022-04-20 10:15:00,136.5806,136.5806,135.0344,135.8075,158090
2022-04-20 11:15:00,135.9106,136.0652,132.6636,133.5397,258257
2022-04-20 12:15:00,133.6428,134.8282,133.6428,134.0551,195895
2022-04-20 13:15:00,134.1067,135.0344,133.1274,133.5397,152034
2022-04-20 14:15:00,133.4882,134.1067,133.1274,133.5913,154847
2022-04-20 15:15:00,133.6428,134.519,133.5397,133.9005,141767
2022-04-21 09:15:00,133.9005,135.9621,133.9005,134.9313,253718
2022-04-21 10:15:00,135.0344,139.9822,134.2098,137.4568,1765248
2022-04-21 11:15:00,137.4568,137.4568,135.6529,136.3744,282859
2022-04-21 12:15:00,136.4775,137.0445,136.0652,136.7868,99377
2022-04-21 13:15:00,136.9929,138.9514,136.3744,138.6422,318729
2022-04-21 14:15:00,138.6422,138.6422,136.9414,137.3537,310845
2022-04-21 15:15:00,137.2506,138.2814,136.8898,137.6629,247541
2022-04-22 09:15:00,136.8898,137.9722,136.2198,136.5806,309427
2022-04-22 10:15:00,136.5806,137.3022,136.426,136.8383,113589
2022-04-22 11:15:00,136.8383,137.1991,135.859,136.7352,137144
2022-04-22 12:15:00,136.6837,144.7239,136.6837,142.25,3143480
2022-04-22 13:15:00,142.25,142.6623,139.673,140.4976,684153
2022-04-22 14:15:00,140.2915,140.9099,139.3637,139.4153,486036
2022-04-22 15:15:00,139.6214,139.6214,138.9514,139.4668,320578
2022-04-25 09:15:00,137.4568,138.5391,136.3229,137.1991,533579
2022-04-25 10:15:00,137.1991,137.5083,136.3744,136.8898,99574
2022-04-25 11:15:00,136.8383,136.9414,136.2198,136.2198,82434
2022-04-25 12:15:00,136.2198,136.3744,135.0859,135.7044,163494
2022-04-25 13:15:00,135.8075,136.3229,135.6013,135.859,89466
2022-04-25 14:15:00,135.7044,135.756,134.1067,134.1582,219784
2022-04-25 15:15:00,134.1067,134.4675,133.179,134.0036,129597
2022-04-26 09:15:00,135.0344,136.6837,135.0344,135.756,332632
2022-04-26 10:15:00,135.8075,136.0652,135.7044,135.8075,64574
2022-04-26 11:15:00,135.8075,136.3744,135.7044,136.0652,100949
2022-04-26 12:15:00,136.0137,136.1683,135.7044,135.9621,99043
2022-04-26 13:15:00,135.9621,139.3637,135.8075,138.2814,681358
2022-04-26 14:15:00,138.3845,138.5907,137.3537,137.9206,194331
2022-04-26 15:15:00,137.766,138.1268,137.4052,137.8176,111721
2022-04-27 09:15:00,136.0652,140.1368,134.3644,139.1061,970171
2022-04-27 10:15:00,139.1061,141.58,138.4876,140.6007,1125224
2022-04-27 11:15:00,140.4976,142.8685,140.343,141.683,668526
2022-04-27 12:15:00,141.7346,142.1469,139.9307,140.2915,382039
2022-04-27 13:15:00,140.343,140.9615,139.673,140.1368,262917
2022-04-27 14:15:00,140.0853,140.1368,139.2091,139.3122,339809
2022-04-27 15:15:00,139.3122,139.4668,138.4876,139.1576,273485
2022-04-28 09:15:00,141.013,141.013,138.5907,138.6422,426799
2022-04-28 10:15:00,138.6422,139.3637,137.3022,138.2814,169146
2022-04-28 11:15:00,138.2814,138.8484,138.1268,138.5391,129950
2022-04-28 12:15:00,138.5391,139.1061,138.4876,138.4876,92438
2022-04-28 13:15:00,138.4876,138.8484,137.9206,138.5391,161373
2022-04-28 14:15:00,138.5391,138.8484,138.1268,138.333,187227
2022-04-28 15:15:00,138.3845,139.6214,138.1783,138.7453,141185
2022-04-29 09:15:00,139.4153,140.8584,138.333,138.5391,390035
2022-04-29 10:15:00,138.5907,140.2915,138.2814,139.8791,161868
2022-04-29 11:15:00,139.9307,140.1884,139.7761,139.9307,77989
2022-04-29 12:15:00,139.9307,140.2399,139.673,139.8791,107981
2022-04-29 13:15:00,139.9307,142.1984,139.4153,140.2915,470709
2022-04-29 14:15:00,140.1884,140.3945,135.6013,136.4775,381052
2022-04-29 15:15:00,136.426,138.7453,136.426,137.6629,223438
2022-05-02 09:15:00,136.0652,136.9414,134.7767,135.756,302777
2022-05-02 10:15:00,135.9106,137.6629,135.6529,137.1475,177472
2022-05-02 11:15:00,137.096,137.1991,136.1167,136.8383,67496
2022-05-02 12:15:00,136.6321,137.3537,136.3229,136.8898,79308
2022-05-02 13:15:00,136.8898,137.5083,136.5806,137.5083,127447
2022-05-02 14:15:00,137.5599,138.6937,136.6321,138.1268,208336
2022-05-02 15:15:00,138.1268,138.4876,136.7868,137.6629,181266
2022-05-04 09:15:00,138.436,138.7453,136.5291,137.1475,212090
2022-05-04 10:15:00,137.0445,137.1991,136.1683,136.5806,73707
2022-05-04 11:15:00,136.5806,137.0445,135.7044,135.9621,65069
2022-05-04 12:15:00,135.9621,136.0652,133.6944,134.6221,198692
2022-05-04 13:15:00,134.4675,136.4775,133.7974,134.9313,149157
2022-05-04 14:15:00,134.6221,135.4983,132.0451,132.4574,301273
2022-05-04 15:15:00,132.5605,132.9213,132.0451,132.5089,149460
2022-05-05 09:15:00,133.7459,135.1375,133.2305,135.0344,303758
2022-05-05 10:15:00,135.0344,136.9929,134.519,135.4467,222188
2022-05-05 11:15:00,135.4983,135.4983,134.2613,134.7252,65503
2022-05-05 12:15:00,134.7252,138.1268,133.9005,134.0036,470999
2022-05-05 13:15:00,134.0036,137.1991,133.5397,136.9929,701783
2022-05-05 14:15:00,136.9414,137.4052,132.5605,132.7151,789642
2022-05-05 15:15:00,132.7151,132.9728,132.1482,132.9213,175525
2022-05-06 09:15:00,130.8081,130.8597,128.6435,129.6743,508106
2022-05-06 10:15:00,129.5196,130.3958,129.2619,129.4681,175974
2022-05-06 11:15:00,129.365,129.9835,128.695,129.5196,127682
2022-05-06 12:15:00,129.5196,129.8289,127.0973,127.5096,191367
2022-05-06 13:15:00,127.5096,128.695,127.4065,128.3858,157857
2022-05-06 14:15:00,128.6435,128.6435,127.458,127.7673,126498
2022-05-06 15:15:00,127.7673,129.8804,127.6642,128.4888,144371
2022-05-09 09:15:00,125.7572,125.7572,123.1802,124.0564,810144
2022-05-09 10:15:00,124.1595,124.3141,123.6956,124.1595,169162
2022-05-09 11:15:00,124.1595,124.5203,123.7472,124.4687,114145
2022-05-09 12:15:00,124.4172,124.4172,123.2318,123.541,200259
2022-05-09 13:15:00,123.5926,123.6956,121.531,121.7887,260284
2022-05-09 14:15:00,121.7887,122.2525,120.8094,121.5825,370246
2022-05-09 15:15:00,121.5825,121.5825,120.7063,121.2733,143007
2022-05-10 09:15:00,121.2733,124.4172,120.964,121.9948,447680
2022-05-10 10:15:00,122.0464,123.3864,121.9433,122.8195,134136
2022-05-10 11:15:00,122.9741,123.4379,122.5618,122.9225,64781
2022-05-10 12:15:00,122.9225,123.2833,122.2525,122.4071,52748
2022-05-10 13:15:00,122.4071,122.6648,121.6856,122.0979,123065
2022-05-10 14:15:00,122.0979,123.5926,120.7579,121.4279,255232
2022-05-10 15:15:00,121.4279,121.4279,120.0878,121.0156,157660
2022-05-11 09:15:00,121.634,122.6648,118.6963,119.3663,361814
2022-05-11 10:15:00,119.5209,119.8817,117.717,118.2324,144835
2022-05-11 11:15:00,118.0778,118.9024,117.9232,118.1809,144640
2022-05-11 12:15:00,118.1809,118.284,112.6661,113.6454,338591
2022-05-11 13:15:00,113.5938,114.9854,112.9753,114.9854,424280
2022-05-11 14:15:00,114.9339,115.9131,113.9031,114.3669,206563
2022-05-11 15:15:00,114.4185,115.2946,114.4185,114.7277,113432
2022-05-12 09:15:00,113.4907,114.1608,110.2437,113.0784,418000
2022-05-12 10:15:00,112.8207,113.6454,112.4599,112.4599,110805
2022-05-12 11:15:00,112.3569,113.5938,111.893,113.4907,109136
2022-05-12 12:15:00,113.5423,113.8515,112.8723,113.4907,98977
2022-05-12 13:15:00,113.6454,114.8823,113.6454,114.1608,194517
2022-05-12 14:15:00,114.1608,114.3154,112.9238,113.9546,203953
2022-05-12 15:15:00,114.0061,114.4185,113.5423,114.0061,117186
2022-05-13 09:15:00,116.0162,117.6655,116.0162,116.4285,274528
2022-05-13 10:15:00,116.4801,118.4386,116.2739,118.2324,123963
2022-05-13 11:15:00,118.2324,118.284,117.3047,117.717,46433
2022-05-13 12:15:00,117.717,118.5417,117.4593,118.5417,98770
2022-05-13 13:15:00,118.5417,119.2117,117.7686,117.8716,160458
2022-05-13 14:15:00,118.0263,118.0778,115.3462,115.5523,211156
2022-05-13 15:15:00,115.707,116.7893,115.5523,116.1708,66868
2022-05-16 09:15:00,118.3355,118.5417,116.6347,117.6655,227807
2022-05-16 10:15:00,117.5624,118.4901,117.2532,118.3355,87442
2022-05-16 11:15:00,118.284,118.4386,115.6554,115.9131,162808
2022-05-16 12:15:00,115.8616,116.8924,115.7585,116.6347,84920
2022-05-16 13:15:00,116.6347,116.9955,116.1708,116.5316,61368
2022-05-16 14:15:00,116.5831,117.3047,116.0162,116.4801,136628
2022-05-16 15:15:00,116.3254,116.7893,116.2224,116.4285,47711
2022-05-17 09:15:00,116.4285,116.9955,115.8616,116.5831,163953
2022-05-17 10:15:00,116.5831,116.7893,116.0677,116.3254,96752
2022-05-17 11:15:00,116.3254,118.8509,116.2224,117.2016,315069
2022-05-17 12:15:00,117.2016,117.9747,117.2016,117.9232,50801
2022-05-17 13:15:00,117.7686,117.9232,117.0985,117.9232,78752
2022-05-17 14:15:00,117.9747,118.0778,116.9955,117.9232,168207
2022-05-17 15:15:00,117.9232,118.1809,117.5624,117.8716,88028
2022-05-18 09:15:00,118.0263,121.0156,118.0263,119.4178,386273
2022-05-18 10:15:00,119.4178,120.7063,118.5417,120.294,219553
2022-05-18 11:15:00,120.1394,121.3248,119.6755,119.9332,155967
2022-05-18 12:15:00,119.8301,119.8301,118.7478,119.0055,141627
2022-05-18 13:15:00,118.954,121.0671,118.8509,120.3455,234746
2022-05-18 14:15:00,120.2425,121.9948,119.9848,120.5517,350714
2022-05-18 15:15:00,120.6032,121.0156,120.3455,120.6548,124058
2022-05-19 09:15:00,118.5417,123.0256,117.4078,123.0256,596292
2022-05-19 10:15:00,123.0772,126.3757,122.9741,125.448,1180528
2022-05-19 11:15:00,125.3449,125.7572,124.8295,125.1903,265755
2022-05-19 12:15:00,125.2418,126.6849,124.7264,126.0149,397623
2022-05-19 13:15:00,126.0149,127.458,124.7264,124.778,864853
2022-05-19 14:15:00,124.7264,125.2418,123.4895,124.4687,488645
2022-05-19 15:15:00,124.8295,125.1903,123.8503,124.5203,230912
2022-05-20 09:15:00,127.6127,127.6127,125.448,126.6334,363821
2022-05-20 10:15:00,126.6334,126.8911,126.3757,126.7365,79290
2022-05-20 11:15:00,126.6334,127.1488,126.2726,126.3242,158329
2022-05-20 12:15:00,126.2726,126.9942,125.9634,126.9942,81361
2022-05-20 13:15:00,126.9942,127.2003,126.5819,126.788,85068
2022-05-20 14:15:00,126.8911,126.9942,124.3657,125.448,312417
2022-05-20 15:15:00,125.6026,125.7572,124.5203,125.3449,129794
2022-05-23 09:15:00,126.6334,126.6334,123.8503,125.5511,223346
2022-05-23 10:15:00,125.5511,125.6026,124.5203,124.8811,87260
2022-05-23 11:15:00,124.8811,125.0872,124.4172,124.9841,60808
2022-05-23 12:15:00,124.9841,125.1903,124.4172,124.7264,35222
2022-05-23 13:15:00,124.8295,124.9841,123.8503,124.3141,53958
2022-05-23 14:15:00,124.3141,125.448,121.0671,121.7371,219630
2022-05-23 15:15:00,121.7371,122.3041,120.6032,122.3041,98225
2022-05-24 09:15:00,123.4895,123.4895,121.2733,121.8402,175274
2022-05-24 10:15:00,121.9948,122.6648,121.0671,121.1702,150882
2022-05-24 11:15:00,121.2217,122.7164,120.7063,121.4279,187798
2022-05-24 12:15:00,121.4279,121.634,119.8817,120.3455,161826
2022-05-24 13:15:00,120.2425,120.6032,119.3147,119.4178,105905
2022-05-24 14:15:00,119.4694,119.5724,118.3355,118.387,163550
2022-05-24 15:15:00,118.387,118.7478,117.8201,118.4901,66876
2022-05-25 09:15:00,118.7478,119.4694,114.4185,115.8616,358667
2022-05-25 10:15:00,115.9131,116.7893,115.3462,116.3254,166492
2022-05-25 11:15:00,116.4285,116.4285,114.7792,115.3977,77364
2022-05-25 12:15:00,115.3977,116.9955,115.3977,116.5831,172838
2022-05-25 13:15:00,116.5316,119.0055,116.1708,118.7478,250681
2022-05-25 14:15:00,118.7478,119.8817,117.1501,118.4901,337152
2022-05-25 15:15:00,118.387,118.4386,116.9955,117.9747,78077
2022-05-26 09:15:00,118.5417,119.8301,116.0677,116.6862,187526
2022-05-26 10:15:00,116.6347,118.2324,115.4493,117.717,210782
2022-05-26 11:15:00,117.717,118.4386,117.2532,118.0778,85138
2022-05-26 12:15:00,118.0778,118.9024,117.9232,118.6963,94199
2022-05-26 13:15:00,118.7993,119.5209,117.9747,118.5417,105375
2022-05-26 14:15:00,118.5417,119.4694,118.5417,119.3147,64417
2022-05-26 15:15:00,119.3663,119.4694,118.6963,119.2117,90541
2022-05-27 09:15:00,119.7786,121.5825,118.6963,119.7271,323301
2022-05-27 10:15:00,119.3663,119.6755,117.6139,118.9024,154439
2022-05-27 11:15:00,118.9024,119.9848,118.3355,119.4694,99895
2022-05-27 12:15:00,119.4694,119.8301,119.2117,119.624,60245
2022-05-27 13:15:00,119.5724,120.0363,119.3663,119.624,78364
2022-05-27 14:15:00,119.6755,120.1394,119.4694,119.7786,129733
2022-05-27 15:15:00,119.7271,119.8301,119.1601,119.624,84799
2022-05-30 09:15:00,121.0156,122.0979,119.8301,121.3248,620757
2022-05-30 10:15:00,121.2217,122.201,121.1186,121.4279,88342
2022-05-30 11:15:00,121.5825,121.5825,120.9125,120.964,31228
2022-05-30 12:15:00,121.0671,122.3556,120.7063,122.0464,130169
2022-05-30 13:15:00,122.0464,122.201,121.5825,121.7371,52580
2022-05-30 14:15:00,121.6856,124.0564,121.6856,124.0049,323062
2022-05-30 15:15:00,124.0049,124.108,123.0772,123.541,62835
2022-05-31 09:15:00,123.2833,124.5203,122.2525,123.5926,157739
2022-05-31 10:15:00,123.5926,123.9533,123.1802,123.7987,81674
2022-05-31 11:15:00,123.6441,123.7987,123.0256,123.0256,32578
2022-05-31 12:15:00,122.9741,123.6441,122.8195,123.2318,63376
2022-05-31 13:15:00,123.2318,124.0049,123.0772,123.6441,62779
2022-05-31 14:15:00,123.4379,123.6956,122.0464,122.0464,224426
2022-05-31 15:15:00,121.9948,121.9948,121.1702,121.8917,135562
2022-06-01 09:15:00,121.8917,124.7264,121.8402,123.6956,211323
2022-06-01 10:15:00,123.7987,128.0765,123.6956,124.4687,1411237
2022-06-01 11:15:00,124.6234,124.8295,123.541,124.0564,206506
2022-06-01 12:15:00,124.1595,124.2626,123.3864,123.4895,108663
2022-06-01 13:15:00,123.4895,125.7572,123.3864,124.211,381833
2022-06-01 14:15:00,124.108,124.6234,123.1802,123.9533,257561
2022-06-01 15:15:00,124.0564,124.1595,123.1287,123.7472,212617
2022-06-02 09:15:00,122.7164,126.5303,122.4071,125.9634,404157
2022-06-02 10:15:00,125.9118,126.0665,124.211,124.6749,124431
2022-06-02 11:15:00,124.8811,124.8811,123.541,124.778,171830
2022-06-02 12:15:00,124.6749,125.1903,124.6234,124.9841,44442
2022-06-02 13:15:00,124.9841,125.3965,124.0564,124.5718,104468
2022-06-02 14:15:00,124.6234,124.7264,123.8503,124.7264,88554
2022-06-02 15:15:00,124.7264,125.448,124.5718,124.8295,79364
2022-06-03 09:15:00,125.1903,126.4272,124.5203,125.4995,231610
2022-06-03 10:15:00,125.448,125.448,121.634,122.5102,333560
2022-06-03 11:15:00,122.6133,123.1802,122.201,123.1802,70229
2022-06-03 12:15:00,123.0772,123.2318,122.0979,122.5618,69658
2022-06-03 13:15:00,122.4587,122.7679,121.9433,122.5102,55886
2022-06-03 14:15:00,122.1494,122.3556,120.6548,121.1186,209503
2022-06-03 15:15:00,121.1186,121.9433,120.6032,121.2733,138166
2022-06-06 09:15:00,120.2425,122.3041,120.1909,121.3248,226733
2022-06-06 10:15:00,121.1186,121.9948,120.7579,121.1186,83070
2022-06-06 11:15:00,121.1186,122.0464,121.1186,121.7887,35577
2022-06-06 12:15:00,121.9433,121.9433,120.3971,121.3763,82422
2022-06-06 13:15:00,121.3248,122.1494,121.3248,121.7371,31854
2022-06-06 14:15:00,121.7887,122.6133,121.3248,122.4587,56167
2022-06-06 15:15:00,122.7164,123.6441,122.3041,122.8195,134345
2022-06-07 09:15:00,122.5618,123.541,121.8917,122.9225,91963
2022-06-07 10:15:00,122.8195,123.3864,122.3041,122.6133,40930
2022-06-07 11:15:00,122.5618,122.6648,121.0671,121.9433,75825
2022-06-07 12:15:00,121.9948,122.6648,121.634,122.3041,45358
2022-06-07 13:15:00,122.3041,122.8195,122.3041,122.4071,24500
2022-06-07 14:15:00,122.2525,122.871,121.5825,122.5618,105010
2022-06-07 15:15:00,122.6133,122.8195,120.7579,122.3041,46937
2022-06-08 09:15:00,121.9433,123.5926,121.531,123.1287,118919
2022-06-08 10:15:00,123.1287,123.2318,120.964,121.3248,257844
2022-06-08 11:15:00,121.5825,122.0979,121.4279,121.7371,37383
2022-06-08 12:15:00,121.8917,122.201,121.4794,121.634,41293
2022-06-08 13:15:00,121.531,121.9433,121.1702,121.7371,36852
2022-06-08 14:15:00,121.634,121.8402,121.1186,121.4279,57330
2022-06-08 15:15:00,121.1186,121.531,119.7786,120.964,86066
2022-06-09 09:15:00,120.5517,122.0464,120.0363,121.0156,80284
2022-06-09 10:15:00,120.8609,121.3763,120.6548,120.964,31191
2022-06-09 11:15:00,121.0156,121.0671,120.7063,120.7063,13142
2022-06-09 12:15:00,120.0878,121.4794,119.6755,121.3248,88201
2022-06-09 13:15:00,121.3248,121.4279,120.294,120.5517,51561
2022-06-09 14:15:00,120.5517,120.6032,118.8509,119.5209,336241
2022-06-09 15:15:00,119.5209,119.5724,118.5417,119.2632,127670
2022-06-10 09:15:00,118.387,119.4178,118.1293,119.057,119331
2022-06-10 10:15:00,119.057,119.7786,118.284,118.284,120973
2022-06-10 11:15:00,118.284,118.284,117.3047,117.8201,70604
2022-06-10 12:15:00,118.0263,118.0263,117.0985,117.4593,49746
2022-06-10 13:15:00,117.4078,117.5109,116.5831,116.9439,105019
2022-06-10 14:15:00,116.9955,117.4078,116.7893,117.047,67757
2022-06-10 15:15:00,116.9955,117.2016,116.4801,116.7893,89051
2022-06-13 09:15:00,114.4185,115.0885,112.3569,112.8723,267299
2022-06-13 10:15:00,112.8207,113.0269,111.5322,112.3569,123629
2022-06-13 11:15:00,112.3569,112.6661,111.0684,111.3261,122625
2022-06-13 12:15:00,111.3261,111.3776,109.5737,110.1407,104720
2022-06-13 13:15:00,110.2437,110.8107,108.6975,109.316,162371
2022-06-13 14:15:00,109.4706,110.8107,109.2645,109.6768,129571
2022-06-13 15:15:00,109.6768,110.0891,109.1614,109.5737,117452
2022-06-14 09:15:00,109.1614,111.1199,108.3368,110.1922,221426
2022-06-14 10:15:00,110.2953,112.2538,109.9345,111.0168,121170
2022-06-14 11:15:00,110.8107,110.9138,109.883,110.0891,96961
2022-06-14 12:15:00,109.986,110.1922,106.8421,107.7183,259057
2022-06-14 13:15:00,107.7183,107.9244,105.5536,106.0175,265757
2022-06-14 14:15:00,105.9659,106.9452,105.7082,106.6875,135777
2022-06-14 15:15:00,106.6875,106.9967,106.2236,106.6359,104944
2022-06-15 09:15:00,107.409,108.7491,107.0998,107.5637,240250
2022-06-15 10:15:00,107.5637,108.1306,106.9967,107.3575,113307
2022-06-15 11:15:00,107.5121,108.8522,107.3575,108.2337,118029
2022-06-15 12:15:00,108.1306,108.5429,107.8214,108.1306,49546
2022-06-15 13:15:00,108.1306,108.1306,107.6152,107.6667,37747
2022-06-15 14:15:00,107.5121,108.0791,107.2544,107.6152,63548
2022-06-15 15:15:00,108.0275,108.1306,107.306,107.7183,57247
2022-06-16 09:15:00,108.8006,110.1922,107.8214,108.0275,206192
2022-06-16 10:15:00,107.8214,108.1306,107.1513,107.2544,76381
2022-06-16 11:15:00,107.1513,107.2029,105.1413,105.6567,110078
2022-06-16 12:15:00,105.5536,105.8113,104.1105,104.6259,206434
2022-06-16 13:15:00,104.6774,104.6774,101.3273,101.5335,366022
2022-06-16 14:15:00,101.5335,101.9458,101.0696,101.7912,339934
2022-06-16 15:15:00,101.585,101.9458,101.2243,101.585,134312
2022-06-17 09:15:00,102.2035,102.7189,100.1419,101.585,350010
2022-06-17 10:15:00,101.6366,103.0282,101.1727,101.8943,206401
2022-06-17 11:15:00,101.6881,102.2035,101.2758,101.6881,69909
2022-06-17 12:15:00,101.7397,102.3581,101.6366,101.9458,112508
2022-06-17 13:15:00,101.7912,102.4097,101.7912,102.2035,69095
2022-06-17 14:15:00,102.2551,103.4405,101.3273,102.3581,182246
2022-06-17 15:15:00,102.3581,102.3581,101.9458,102.2035,85396
2022-06-20 09:15:00,102.7189,102.7189,95.4518,97.8742,268166
2022-06-20 10:15:00,97.7711,98.4411,94.8849,95.5033,682352
2022-06-20 11:15:00,95.4003,95.9672,95.1426,95.658,116788
2022-06-20 12:15:00,95.7095,96.328,93.8025,94.2664,255945
2022-06-20 13:15:00,94.3179,94.3179,92.8748,94.0602,122366
2022-06-20 14:15:00,94.0602,94.421,93.0294,94.1118,168682
2022-06-20 15:15:00,94.0087,95.4003,93.8025,94.5241,206369
2022-06-21 09:15:00,95.9672,96.7918,94.5241,96.3795,334070
2022-06-21 10:15:00,96.3795,96.7403,93.5964,93.8025,338281
2022-06-21 11:15:00,93.8025,95.9672,93.4417,95.6064,250444
2022-06-21 12:15:00,95.5549,96.6888,95.2972,96.5341,204062
2022-06-21 13:15:00,96.6372,97.1011,95.8641,96.6888,466412
2022-06-21 14:15:00,96.6888,98.6988,96.3795,98.1319,203460
2022-06-21 15:15:00,98.235,98.338,97.1011,97.5649,86658
2022-06-22 09:15:00,96.9465,98.235,96.0187,96.998,238511
2022-06-22 10:15:00,96.9465,99.1111,96.8434,98.4411,170425
2022-06-22 11:15:00,98.4411,98.5442,97.9257,98.1834,41551
2022-06-22 12:15:00,98.2865,98.5442,97.668,98.0803,42161
2022-06-22 13:15:00,98.0803,98.235,96.998,97.3588,129034
2022-06-22 14:15:00,97.2042,97.3588,93.8025,93.9571,636645
2022-06-22 15:15:00,94.2148,94.6272,88.2362,91.9986,791443
2022-06-23 09:15:00,90.0401,97.9257,89.937,97.5134,1458407
2022-06-23 10:15:00,97.5134,97.5134,96.1734,97.1526,490895
2022-06-23 11:15:00,97.2042,97.6165,95.091,95.4518,403895
2022-06-23 12:15:00,95.4518,95.5549,93.9056,94.9879,317938
2022-06-23 13:15:00,94.9879,96.4311,94.7302,95.8641,469976
2022-06-23 14:15:00,95.8126,96.2764,95.2456,95.8126,262288
2022-06-23 15:15:00,95.8641,96.5341,95.6064,96.0187,253680
2022-06-24 09:15:00,96.5341,97.6165,95.3487,96.7403,351766
2022-06-24 10:15:00,96.7403,97.2557,96.4826,97.0495,122481
2022-06-24 11:15:00,96.8949,98.338,96.2764,97.1011,285701
2022-06-24 12:15:00,97.1011,97.2557,96.5857,96.7403,338819
2022-06-24 13:15:00,96.6888,96.9465,96.4311,96.6888,128366
2022-06-24 14:15:00,96.6888,97.8742,96.4311,97.5649,170474
2022-06-24 15:15:00,97.7711,98.235,97.3072,97.4619,183624
2022-06-27 09:15:00,98.9565,99.8842,98.3896,98.905,203799
2022-06-27 10:15:00,98.8534,98.9565,97.9773,98.4411,163212
2022-06-27 11:15:00,98.4926,98.905,98.1319,98.6473,57601
2022-06-27 12:15:00,98.6473,99.008,98.5442,98.905,19621
2022-06-27 13:15:00,98.7503,99.1627,98.6473,98.7503,43121
2022-06-27 14:15:00,98.8534,99.008,98.3896,98.6473,74059
2022-06-27 15:15:00,98.4926,98.6988,98.338,98.5957,40341
2022-06-28 09:15:00,97.9773,98.338,96.9465,97.7196,127169
2022-06-28 10:15:00,97.7196,99.6265,97.5649,99.1111,119601
2022-06-28 11:15:00,99.008,100.5542,98.9565,99.3173,413402
2022-06-28 12:15:00,99.3173,99.8327,98.5442,99.5234,202065
2022-06-28 13:15:00,99.4719,99.8842,99.1627,99.4719,53400
2022-06-28 14:15:00,99.4719,101.0181,99.2142,100.6573,211026
2022-06-28 15:15:00,100.6058,102.0489,100.5542,101.2758,149967
2022-06-29 09:15:00,100.7604,101.3273,100.3996,100.915,167234
2022-06-29 10:15:00,100.8635,101.2243,100.1935,100.7604,447140
2022-06-29 11:15:00,100.8119,101.1727,100.7089,100.9666,35331
2022-06-29 12:15:00,100.9666,100.9666,100.245,100.245,49206
2022-06-29 13:15:00,100.245,100.5542,100.0904,100.3996,41348
2022-06-29 14:15:00,100.3996,100.5542,99.9873,100.0388,79593
2022-06-29 15:15:00,100.0388,100.245,99.5234,100.0904,50463
2022-06-30 09:15:00,99.8842,101.1212,99.8842,100.6058,89215
2022-06-30 10:15:00,100.6058,100.915,100.6058,100.7089,51551
2022-06-30 11:15:00,100.7089,100.8119,100.5542,100.5542,76302
2022-06-30 12:15:00,100.6058,100.6573,100.3996,100.5027,19575
2022-06-30 13:15:00,100.5027,100.7604,100.3996,100.6058,24811
2022-06-30 14:15:00,100.6058,100.7604,100.4512,100.7604,42058
2022-06-30 15:15:00,100.7604,100.7604,100.245,100.6573,42358
2022-07-01 09:15:00,100.245,101.0181,98.6988,99.1627,77440
2022-07-01 10:15:00,99.2657,100.4512,98.6988,100.2965,69773
2022-07-01 11:15:00,100.3481,100.6058,99.8842,100.0904,24505
2022-07-01 12:15:00,100.0388,100.0904,99.575,100.0388,56577
2022-07-01 13:15:00,100.1419,100.1419,99.575,99.575,19254
2022-07-01 14:15:00,99.575,100.1419,99.2142,100.0904,74099
2022-07-01 15:15:00,100.0904,100.0904,99.6265,99.8842,45445
2022-07-04 09:15:00,99.2142,100.6058,98.9565,99.0596,70653
2022-07-04 10:15:00,99.008,99.3688,98.8019,99.2657,47080
2022-07-04 11:15:00,99.2657,99.3688,99.0596,99.2657,11336
2022-07-04 12:15:00,99.2142,99.4719,99.1111,99.1627,46653
2022-07-04 13:15:00,99.2657,99.3688,98.8534,99.008,38878
2022-07-04 14:15:00,99.008,99.1111,98.1834,98.6473,82441
2022-07-04 15:15:00,98.5957,98.6473,98.1319,98.4411,68805
2022-07-05 09:15:00,98.905,99.8327,98.7503,99.0596,78615
2022-07-05 10:15:00,99.0596,99.5234,98.905,99.1627,233680
2022-07-05 11:15:00,99.1627,99.3173,99.008,99.2142,15952
2022-07-05 12:15:00,99.2657,99.4719,99.0596,99.3173,25143
2022-07-05 13:15:00,99.3173,99.6265,98.2865,98.5442,132009
2022-07-05 14:15:00,98.5442,98.905,98.1319,98.5442,264036
2022-07-05 15:15:00,98.7503,99.575,98.5957,99.0596,47467
2022-07-06 09:15:00,99.1111,99.7296,97.5649,97.7196,151626
2022-07-06 10:15:00,97.8226,99.4204,97.6165,97.9773,188711
2022-07-06 11:15:00,98.0288,99.008,98.0288,98.338,46936
2022-07-06 12:15:00,98.338,98.8534,98.0288,98.6988,51652
2022-07-06 13:15:00,98.8534,98.905,98.1834,98.4411,69172
2022-07-06 14:15:00,98.4926,99.4204,98.4411,99.1111,102799
2022-07-06 15:15:00,99.3688,101.1727,99.2657,99.6265,80560
2022-07-07 09:15:00,100.6058,101.6366,99.8327,100.3996,199779
2022-07-07 10:15:00,100.3996,100.7089,99.8327,100.1935,97929
2022-07-07 11:15:00,100.1935,100.5027,99.8842,100.3481,26284
2022-07-07 12:15:00,100.3996,100.6573,100.1935,100.5542,36772
2022-07-07 13:15:00,100.5542,100.8119,99.7811,99.9358,30345
2022-07-07 14:15:00,99.8327,101.0181,99.575,100.8635,124091
2022-07-07 15:15:00,100.915,101.0181,100.6573,100.7604,31766
2022-07-08 09:15:00,100.7604,102.5128,100.5027,101.0181,222406
2022-07-08 10:15:00,101.0696,101.4304,100.6058,101.2243,50819
2022-07-08 11:15:00,101.2758,101.3273,100.915,100.9666,29112
2022-07-08 12:15:00,100.9666,101.8427,100.915,101.5335,44198
2022-07-08 13:15:00,101.482,101.7397,101.3273,101.3273,38861
2022-07-08 14:15:00,101.3273,101.7912,101.1212,101.5335,64977
2022-07-08 15:15:00,101.5335,101.585,100.1935,101.1727,46936
2022-07-11 09:15:00,100.6058,101.9974,100.6058,101.8943,126472
2022-07-11 10:15:00,101.7912,102.0489,101.7397,101.9974,31612
2022-07-11 11:15:00,102.0489,104.059,101.585,103.6982,208650
2022-07-11 12:15:00,103.7497,103.8528,103.0797,103.2859,88806
2022-07-11 13:15:00,103.2343,107.0998,102.9251,104.8836,339285
2022-07-11 14:15:00,105.0382,109.5737,103.8013,106.7906,2257488
2022-07-11 15:15:00,106.6875,106.7906,105.7598,106.6359,263173
2022-07-12 09:15:00,107.4606,107.7183,105.8628,106.4813,360875
2022-07-12 10:15:00,106.5329,106.8421,106.1721,106.3267,110869
2022-07-12 11:15:00,106.3267,106.3782,104.6774,105.0382,138293
2022-07-12 12:15:00,105.2444,106.3782,104.6259,105.6051,106074
2022-07-12 13:15:00,105.6051,107.1513,105.6051,106.1205,84516
2022-07-12 14:15:00,106.069,106.1721,104.6774,105.399,137259
2022-07-12 15:15:00,105.399,105.7598,105.1413,105.2959,94150
2022-07-13 09:15:00,106.069,106.3782,105.399,105.7082,92125
2022-07-13 10:15:00,105.7598,105.7598,104.5744,104.8836,84077
2022-07-13 11:15:00,104.8836,105.5021,104.7805,104.9867,30371
2022-07-13 12:15:00,104.9867,105.1413,104.4713,104.6259,15713
2022-07-13 13:15:00,104.6774,105.7082,104.6259,105.3474,71584
2022-07-13 14:15:00,105.2959,106.069,104.9351,105.6051,85733
2022-07-13 15:15:00,105.6051,105.8628,105.3474,105.6051,59711
2022-07-14 09:15:00,105.5536,106.6875,105.3474,105.8113,110339
2022-07-14 10:15:00,105.6567,106.2236,105.2444,105.7082,59789
2022-07-14 11:15:00,105.8628,105.8628,104.5744,104.729,55503
2022-07-14 12:15:00,104.729,105.1928,104.6259,104.8321,19999
2022-07-14 13:15:00,105.0382,105.0382,104.0074,104.0074,56688
2022-07-14 14:15:00,104.0074,104.7805,103.3374,104.5228,87396
2022-07-14 15:15:00,104.5228,104.5228,103.7497,104.3682,38713
2022-07-15 09:15:00,104.9351,105.0382,102.7705,102.9251,89683
2022-07-15 10:15:00,102.9251,104.3682,102.9251,103.9043,87636
2022-07-15 11:15:00,103.8528,104.059,103.0797,103.0797,134834
2022-07-15 12:15:00,103.0797,103.3889,102.9766,103.0282,125254
2022-07-15 13:15:00,103.0282,103.0797,102.822,103.0797,42892
2022-07-15 14:15:00,103.0282,104.0074,102.7705,103.0797,67419
2022-07-15 15:15:00,102.9251,103.0797,102.6158,103.0282,53145
2022-07-18 09:15:00,103.8528,104.8836,102.9251,104.059,185536
2022-07-18 10:15:00,104.059,104.059,103.1828,103.5951,80986
2022-07-18 11:15:00,103.4405,103.6982,103.1828,103.3374,41887
2022-07-18 12:15:00,103.3374,103.6982,102.4612,102.9251,253261
2022-07-18 13:15:00,103.0797,104.1105,102.8735,102.8735,105294
2022-07-18 14:15:00,102.9766,103.4405,102.3066,102.9766,127966
2022-07-18 15:15:00,102.9766,103.3374,102.8735,103.0797,59425
2022-07-19 09:15:00,103.5436,105.1413,103.1828,104.5744,269014
2022-07-19 10:15:00,104.5744,106.8936,104.5744,105.6051,924191
2022-07-19 11:15:00,105.6051,105.8113,104.5228,105.1928,165067
2022-07-19 12:15:00,105.1928,105.5536,104.6259,104.7805,101344
2022-07-19 13:15:00,104.7805,105.399,104.729,105.1928,61249
2022-07-19 14:15:00,105.1413,105.9144,104.8836,105.1413,185329
2022-07-19 15:15:00,105.2444,105.2959,104.8836,105.0382,137417
2022-07-20 09:15:00,105.8628,106.8421,105.6567,106.1205,199638
2022-07-20 10:15:00,106.0175,106.2752,105.8628,106.069,46426
2022-07-20 11:15:00,106.069,106.5844,106.0175,106.2752,39165
2022-07-20 12:15:00,106.2752,106.2752,105.7598,105.8628,48847
2022-07-20 13:15:00,105.5021,105.8113,105.1928,105.2444,57247
2022-07-20 14:15:00,105.2444,105.5021,104.8836,105.1413,50790
2022-07-20 15:15:00,105.1413,105.2959,104.1105,104.7805,90668
2022-07-21 09:15:00,104.7805,105.6567,104.2136,105.1413,125537
2022-07-21 10:15:00,105.1928,105.5536,104.8321,105.0382,52298
2022-07-21 11:15:00,105.1413,105.8113,104.8836,105.0382,63074
2022-07-21 12:15:00,105.0898,105.0898,104.4197,104.6774,50501
2022-07-21 13:15:00,104.6259,104.729,104.3167,104.5744,65371
2022-07-21 14:15:00,104.5744,104.8836,104.3682,104.5744,54778
2022-07-21 15:15:00,104.6259,105.2959,104.5744,104.7805,67612
2022-07-22 09:15:00,104.6259,105.8113,104.6259,104.8836,119574
2022-07-22 10:15:00,104.9351,106.9967,104.8321,105.7082,241301
2022-07-22 11:15:00,105.6567,105.9659,105.5536,105.7598,52530
2022-07-22 12:15:00,105.7082,106.2236,105.6051,105.6567,36350
2022-07-22 13:15:00,105.7598,105.9659,105.5536,105.6567,36924
2022-07-22 14:15:00,105.6051,106.3782,105.6051,106.0175,57368
2022-07-22 15:15:00,105.9144,105.9659,105.4505,105.7598,59823
2022-07-25 09:15:00,106.2236,107.0998,105.2959,105.6051,177107
2022-07-25 10:15:00,105.5536,105.5536,104.9351,105.0898,68085
2022-07-25 11:15:00,105.0382,105.2959,104.5744,104.729,81452
2022-07-25 12:15:00,104.6259,104.8836,104.5228,104.729,17731
2022-07-25 13:15:00,104.8836,105.0382,104.5228,104.9351,26357
2022-07-25 14:15:00,104.9351,106.5844,104.9351,105.2444,205189
2022-07-25 15:15:00,105.399,105.8628,105.2959,105.5021,71226
2022-07-26 09:15:00,105.399,106.069,105.1928,105.2959,92609
2022-07-26 10:15:00,105.2959,105.7598,103.0797,103.3889,218367
2022-07-26 11:15:00,103.3889,105.8113,103.3374,104.3167,189613
2022-07-26 12:15:00,104.2651,106.1721,104.1105,105.2444,197176
2022-07-26 13:15:00,105.2959,105.3474,104.7805,105.0382,23858
2022-07-26 14:15:00,104.9351,105.0898,103.8528,103.8528,92238
2022-07-26 15:15:00,103.8528,104.4197,103.8013,103.9043,68776
2022-07-27 09:15:00,104.0074,104.8321,103.4405,104.6259,75108
2022-07-27 10:15:00,104.6259,104.9867,104.3167,104.6774,19074
2022-07-27 11:15:00,104.5228,105.5021,104.5228,104.9351,53401
2022-07-27 12:15:00,104.9867,105.2444,104.729,105.1928,18699
2022-07-27 13:15:00,105.1928,105.6051,104.9351,105.2959,35454
2022-07-27 14:15:00,105.2959,105.4505,105.1413,105.399,22872
2022-07-27 15:15:00,105.3474,105.4505,103.5436,105.0382,55631
2022-07-28 09:15:00,105.5021,108.1821,105.5021,107.3575,578879
2022-07-28 10:15:00,107.3575,107.9244,106.8936,107.306,143911
2022-07-28 11:15:00,107.306,108.7491,106.7906,107.6667,206826
2022-07-28 12:15:00,107.7183,108.0275,107.0483,107.4606,90705
2022-07-28 13:15:00,107.5121,107.5121,106.6875,106.8936,58297
2022-07-28 14:15:00,106.8421,106.9967,106.4813,106.9452,60366
2022-07-28 15:15:00,107.0998,107.2029,106.5844,106.8421,71020
2022-07-29 09:15:00,107.0998,107.7698,106.9452,107.409,94664
2022-07-29 10:15:00,107.4606,107.6152,106.6875,106.9967,42166
2022-07-29 11:15:00,108.2337,108.5429,105.9144,106.8421,302046
2022-07-29 12:15:00,106.8421,106.9452,106.3782,106.8421,43032
2022-07-29 13:15:00,106.6875,106.9452,106.2752,106.4298,32046
2022-07-29 14:15:00,106.4298,108.4398,106.3267,107.4606,331323
2022-07-29 15:15:00,107.7183,107.7183,107.306,107.409,58990
2022-08-01 09:15:00,108.1821,109.986,107.2029,109.4706,298893
2022-08-01 10:15:00,109.5222,110.8622,108.9037,110.2437,481359
2022-08-01 11:15:00,110.2953,110.3984,108.8522,109.8314,219258
2022-08-01 12:15:00,109.7799,110.1922,109.5737,110.0376,55604
2022-08-01 13:15:00,110.0891,110.2953,109.6768,110.1922,59455
2022-08-01 14:15:00,110.1922,110.1922,109.6768,109.9345,94682
2022-08-01 15:15:00,109.883,110.2953,109.6768,109.9345,90822
2022-08-02 09:15:00,109.9345,111.7899,109.7799,110.7076,428812
2022-08-02 10:15:00,110.7076,112.5115,110.7076,111.8415,343795
2022-08-02 11:15:00,111.8415,112.2538,111.5838,112.0476,121583
2022-08-02 12:15:00,111.893,112.6661,111.7384,112.3569,185924
2022-08-02 13:15:00,112.2538,112.9753,111.893,112.1507,220886
2022-08-02 14:15:00,112.0992,112.4599,111.5838,111.5838,217584
2022-08-02 15:15:00,111.5838,112.3569,111.5838,111.9961,162412
2022-08-03 09:15:00,112.2538,112.6146,110.553,111.223,224910
2022-08-03 10:15:00,111.1715,111.223,110.6045,110.8107,58137
2022-08-03 11:15:00,110.7591,111.3261,110.6045,110.7591,47728
2022-08-03 12:15:00,110.9138,111.1715,110.7076,111.0168,23768
2022-08-03 13:15:00,111.0684,112.3569,110.9653,112.2538,95173
2022-08-03 14:15:00,112.2538,115.14,111.9961,113.8515,729560
2022-08-03 15:15:00,113.9031,114.1608,113.13,113.8,115880
2022-08-04 09:15:00,114.7277,115.3462,114.0577,114.1608,370999
2022-08-04 10:15:00,114.1608,115.0369,113.9031,114.9339,211739
2022-08-04 11:15:00,114.9339,118.9024,114.1092,118.5417,1267462
2022-08-04 12:15:00,118.6963,119.0055,116.4801,118.284,505356
2022-08-04 13:15:00,118.1293,119.2632,117.6655,118.3355,680060
2022-08-04 14:15:00,118.4386,119.5724,117.9232,118.6447,398902
2022-08-04 15:15:00,118.6447,118.9024,117.717,118.6447,272798
2022-08-05 09:15:00,118.5417,118.954,117.2016,117.717,343223
2022-08-05 10:15:00,117.7686,117.9747,117.2532,117.6655,78592
2022-08-05 11:15:00,117.6655,118.284,117.5624,117.7686,69038
2022-08-05 12:15:00,117.6655,118.9024,117.3562,117.5109,100917
2022-08-05 13:15:00,117.5109,118.0778,117.3562,117.3562,66600
2022-08-05 14:15:00,117.3047,117.5109,115.9647,116.4801,159236
2022-08-05 15:15:00,116.4285,116.4801,115.9131,116.2739,78420
2022-08-08 09:15:00,109.6768,111.0168,108.5429,109.0583,828485
2022-08-08 10:15:00,109.0583,110.9653,108.9552,109.8314,333567
2022-08-08 11:15:00,109.986,110.1407,109.4191,109.986,93649
2022-08-08 12:15:00,109.7799,110.2437,109.5222,110.0891,114382
2022-08-08 13:15:00,110.0891,111.4292,109.9345,110.7591,244671
2022-08-08 14:15:00,110.7591,110.8622,109.9345,110.0891,168254
2022-08-08 15:15:00,110.0891,110.2437,109.9345,110.1407,118657
2022-08-10 09:15:00,110.2953,111.1199,109.0583,109.2645,302522
2022-08-10 10:15:00,109.2645,109.7283,108.9552,109.6253,133096
2022-08-10 11:15:00,109.6253,110.3984,109.5737,110.0376,51598
2022-08-10 12:15:00,110.0376,110.0891,109.6253,109.9345,32681
2022-08-10 13:15:00,109.986,110.8107,109.986,110.4499,130866
2022-08-10 14:15:00,110.4499,110.5014,109.3676,109.5222,84727
2022-08-10 15:15:00,109.6768,109.7799,109.316,109.4706,81458
2022-08-11 09:15:00,109.7799,110.7591,109.2129,109.6768,159914
2022-08-11 10:15:00,109.7283,110.0376,109.3676,109.4706,38330
2022-08-11 11:15:00,109.5737,109.8314,108.4914,108.4914,123551
2022-08-11 12:15:00,108.4914,108.8006,108.0275,108.2337,152036
2022-08-11 13:15:00,108.2337,108.646,107.7183,108.3883,161715
2022-08-11 14:15:00,108.3883,118.9024,108.2337,115.3462,1807496
2022-08-11 15:15:00,115.3462,115.3977,112.7176,115.3977,444265
2022-08-12 09:15:00,114.8308,114.8308,112.9753,114.2123,249900
2022-08-12 10:15:00,114.0061,114.4185,112.1507,113.0784,178710
2022-08-12 11:15:00,113.233,115.6554,113.0784,114.6246,207655
2022-08-12 12:15:00,114.3669,114.5731,113.9031,114.2123,73426
2022-08-12 13:15:00,114.2123,114.47,114.0061,114.3154,39240
2022-08-12 14:15:00,114.2123,115.0885,114.0061,114.6762,129960
2022-08-12 15:15:00,114.7792,114.8308,113.9031,114.5215,137138
2022-08-16 09:15:00,115.3977,118.8509,115.0369,116.6862,528546
2022-08-16 10:15:00,116.7893,117.717,116.1708,116.7893,349940
2022-08-16 11:15:00,116.9439,117.2532,116.3254,116.7893,75896
2022-08-16 12:15:00,116.8408,116.8408,116.2224,116.3254,42377
2022-08-16 13:15:00,116.2739,116.9955,116.2739,116.7893,52936
2022-08-16 14:15:00,116.6347,116.9439,116.377,116.8408,119670
2022-08-16 15:15:00,116.8408,117.1501,116.5831,116.7893,126245
2022-08-17 09:15:00,117.6655,118.0263,116.6862,117.047,114231
2022-08-17 10:15:00,117.2016,120.0878,115.5523,117.6139,1026851
2022-08-17 11:15:00,117.5109,117.717,116.7893,117.717,157926
2022-08-17 12:15:00,117.6655,117.7686,117.1501,117.6139,93263
2022-08-17 13:15:00,117.6139,118.2324,117.3047,117.9747,202124
2022-08-17 14:15:00,117.8716,118.4901,117.5624,117.8201,231303
2022-08-17 15:15:00,117.8201,118.0263,117.4593,117.9232,148743
2022-08-18 09:15:00,117.9232,119.9332,117.5624,118.954,469902
2022-08-18 10:15:00,118.7993,119.057,118.1293,118.7993,150395
2022-08-18 11:15:00,118.7993,119.057,118.2324,118.6963,75576
2022-08-18 12:15:00,118.6963,119.057,118.2324,118.954,74976
2022-08-18 13:15:00,118.954,118.954,118.387,118.6447,34753
2022-08-18 14:15:00,118.6447,118.7478,118.1293,118.3355,93693
2022-08-18 15:15:00,118.3355,118.4901,118.1293,118.2324,79546
2022-08-19 09:15:00,119.2117,119.2117,117.5624,118.5417,218681
2022-08-19 10:15:00,118.6447,118.9024,116.7893,117.2532,151302
2022-08-19 11:15:00,117.1501,117.4593,116.6862,116.9955,99115
2022-08-19 12:15:00,116.9955,117.3562,116.0677,117.3047,95110
2022-08-19 13:15:00,117.3047,117.9232,116.2739,117.1501,110036
2022-08-19 14:15:00,117.1501,117.4078,116.5316,117.2532,80807
2022-08-19 15:15:00,117.2532,117.2532,116.2739,116.8408,56696
2022-08-22 09:15:00,116.8924,117.5109,115.4493,116.7893,260836
2022-08-22 10:15:00,116.6862,119.5209,116.5831,117.5624,331969
2022-08-22 11:15:00,117.5109,119.057,117.4078,117.9747,219574
2022-08-22 12:15:00,117.9747,118.2324,117.3562,117.6139,206509
2022-08-22 13:15:00,117.6655,117.9747,117.3047,117.4593,72489
2022-08-22 14:15:00,117.4078,117.9232,116.8924,117.3562,125752
2022-08-22 15:15:00,117.3562,117.5109,116.7378,117.1501,71996
2022-08-23 09:15:00,117.1501,118.6963,116.5831,117.5624,123375
2022-08-23 10:15:00,117.5109,117.8716,116.7378,117.0985,77237
2022-08-23 11:15:00,117.0985,117.717,116.9955,117.3047,56020
2022-08-23 12:15:00,117.1501,117.5624,116.8408,117.2532,49768
2022-08-23 13:15:00,117.2016,121.0156,117.1501,120.9125,993879
2022-08-23 14:15:00,120.8609,121.3248,119.2632,119.6755,1525721
2022-08-23 15:15:00,119.7271,119.8817,119.1601,119.624,309098
2022-08-24 09:15:00,120.6032,121.8402,119.5209,120.3455,674956
2022-08-24 10:15:00,120.5002,120.6032,119.8301,120.3971,127801
2022-08-24 11:15:00,120.4486,120.7063,119.9332,120.0363,128750
2022-08-24 12:15:00,120.0363,120.5002,119.9332,120.0878,62676
2022-08-24 13:15:00,120.0878,120.7063,119.8817,120.3971,79312
2022-08-24 14:15:00,120.3971,120.5002,119.9848,120.294,113504
2022-08-24 15:15:00,120.0878,120.294,119.8817,120.0878,123030
2022-08-25 09:15:00,120.7063,121.531,120.1909,120.4486,250694
2022-08-25 10:15:00,120.4486,120.7579,120.0363,120.294,131312
2022-08-25 11:15:00,120.3455,120.8094,120.0363,120.5002,82282
2022-08-25 12:15:00,120.5002,120.6548,120.1909,120.3971,43004
2022-08-25 13:15:00,120.3971,121.0671,120.3455,120.964,135039
2022-08-25 14:15:00,121.0156,121.1186,120.0363,120.1909,116701
2022-08-25 15:15:00,120.3455,120.3971,120.0878,120.1909,94586
2022-08-26 09:15:00,120.7063,121.8402,120.3971,121.1186,387879
2022-08-26 10:15:00,121.0156,121.634,120.7063,120.8609,138665
2022-08-26 11:15:00,120.8609,121.3248,120.7063,121.1186,58960
2022-08-26 12:15:00,121.1186,121.7887,120.8094,120.8609,130218
2022-08-26 13:15:00,120.8094,121.0156,119.7271,120.6548,198715
2022-08-26 14:15:00,120.7579,120.8094,118.0263,119.3663,446391
2022-08-26 15:15:00,119.5209,119.9332,119.4178,119.5724,125151
2022-08-29 09:15:00,115.6554,118.387,114.6246,117.5109,426357
2022-08-29 10:15:00,117.5109,118.0778,116.9955,117.2016,121199
2022-08-29 11:15:00,117.2532,117.9232,117.047,117.6139,70121
2022-08-29 12:15:00,117.717,117.8716,117.4078,117.6655,58780
2022-08-29 13:15:00,117.6655,118.7478,117.5109,117.6655,173067
2022-08-29 14:15:00,117.5624,118.1293,117.2532,117.6655,110797
2022-08-29 15:15:00,117.5109,117.7686,117.3562,117.5109,58753
2022-08-30 09:15:00,120.6032,124.211,120.6032,121.3763,1657033
2022-08-30 10:15:00,121.4279,123.4379,121.3248,122.3556,389521
2022-08-30 11:15:00,122.3041,123.1287,121.7887,122.6648,190200
2022-08-30 12:15:00,122.6648,122.6648,121.7887,122.2525,106041
2022-08-30 13:15:00,122.1494,122.9225,121.7371,122.0464,165576
2022-08-30 14:15:00,122.0464,123.4895,121.4279,122.0979,518473
2022-08-30 15:15:00,121.9433,122.201,121.3763,121.8917,203912
2022-09-01 09:15:00,121.8917,123.6441,121.8917,122.7679,325907
2022-09-01 10:15:00,122.871,123.0256,122.4587,122.6133,114780
2022-09-01 11:15:00,122.6133,122.871,122.1494,122.201,99531
2022-09-01 12:15:00,122.3041,122.5102,122.1494,122.1494,44417
2022-09-01 13:15:00,122.1494,122.2525,121.0156,121.5825,131816
2022-09-01 14:15:00,121.634,123.2833,121.531,123.2318,155013
2022-09-01 15:15:00,123.2318,123.4379,122.7679,122.9225,120472
2022-09-02 09:15:00,123.6956,123.9533,121.8402,122.2525,255711
2022-09-02 10:15:00,122.4587,124.8295,122.4587,123.8503,290106
2022-09-02 11:15:00,123.7987,123.8503,122.5618,123.0772,156345
2022-09-02 12:15:00,122.9741,123.1802,122.8195,122.9741,25681
2022-09-02 13:15:00,122.7679,123.0256,122.5102,122.871,59017
2022-09-02 14:15:00,122.871,123.6441,122.4587,123.1287,197756
2022-09-02 15:15:00,123.0772,123.6956,122.871,123.3349,118032
2022-09-05 09:15:00,124.108,125.0357,123.7987,124.1595,178370
2022-09-05 10:15:00,124.211,124.6234,123.7472,124.3141,99249
2022-09-05 11:15:00,124.3657,124.3657,123.9533,124.1595,27809
2022-09-05 12:15:00,124.0049,124.5203,124.0049,124.211,63593
2022-09-05 13:15:00,124.1595,124.5203,124.0049,124.108,67051
2022-09-05 14:15:00,124.0564,124.4172,123.1802,124.3141,225702
2022-09-05 15:15:00,124.3141,124.4172,123.7987,124.2626,65601
2022-09-06 09:15:00,124.7264,124.9326,122.9225,122.9741,223095
2022-09-06 10:15:00,122.9225,123.2318,121.7371,122.4587,238662
2022-09-06 11:15:00,122.4587,122.6648,122.0464,122.3556,35502
2022-09-06 12:15:00,122.3556,122.4587,121.8402,122.0979,58022
2022-09-06 13:15:00,122.1494,122.3556,121.9433,122.0464,45883
2022-09-06 14:15:00,122.0464,122.2525,121.7371,121.8917,95267
2022-09-06 15:15:00,121.7887,122.201,121.7371,121.8917,106347
2022-09-07 09:15:00,121.5825,122.8195,121.2217,121.9948,115766
2022-09-07 10:15:00,122.0464,122.6648,121.9948,122.4587,35619
2022-09-07 11:15:00,122.3556,123.9018,122.1494,123.0772,118969
2022-09-07 12:15:00,123.1802,126.6849,122.9741,125.6026,316766
2022-09-07 13:15:00,125.6541,126.7365,123.4895,125.0357,651667
2022-09-07 14:15:00,125.0872,131.8389,124.3141,126.6849,1328219
2022-09-07 15:15:00,126.7365,127.8188,125.2418,127.8188,456207
2022-09-08 09:15:00,128.8496,132.8697,128.8496,131.2205,1271322
2022-09-08 10:15:00,131.2205,131.3235,129.7258,130.7566,230167
2022-09-08 11:15:00,130.7566,130.7566,129.932,130.2412,86248
2022-09-08 12:15:00,130.2412,130.5504,128.3342,129.2619,216845
2022-09-08 13:15:00,129.2619,129.9835,128.9012,129.1589,77609
2022-09-08 14:15:00,129.1589,130.1381,128.8496,129.4166,152652
2022-09-08 15:15:00,129.365,129.8804,128.8496,129.3135,152557
2022-09-09 09:15:00,129.9835,132.4574,129.8804,130.9112,536951
2022-09-09 10:15:00,130.9112,131.2205,129.2619,130.1897,239430
2022-09-09 11:15:00,130.1897,130.1897,128.5404,128.9012,147672
2022-09-09 12:15:00,128.9527,129.4681,128.7981,129.1589,47268
2022-09-09 13:15:00,129.365,129.8804,128.7465,129.2619,89338
2022-09-09 14:15:00,129.1589,130.3958,129.1589,129.4166,126175
2022-09-09 15:15:00,129.4681,130.4474,129.2619,129.7773,165788
2022-09-12 09:15:00,130.2927,130.3958,129.1073,129.4166,169234
2022-09-12 10:15:00,129.365,130.2412,129.1589,130.035,72229
2022-09-12 11:15:00,129.9835,131.3751,129.9835,130.2412,172469
2022-09-12 12:15:00,130.0866,130.2412,129.6227,129.7773,53837
2022-09-12 13:15:00,129.6743,130.4989,129.6227,130.3958,58456
2022-09-12 14:15:00,130.5504,131.2205,130.0866,130.2927,161943
2022-09-12 15:15:00,130.3443,130.9112,130.0866,130.3443,74285
2022-09-13 09:15:00,131.0143,131.0143,129.6743,129.932,165522
2022-09-13 10:15:00,129.8804,129.932,129.2619,129.4166,92068
2022-09-13 11:15:00,129.4166,129.6743,129.2619,129.6743,34923
2022-09-13 12:15:00,129.7258,130.0866,129.6227,129.8804,37124
2022-09-13 13:15:00,129.6743,130.1381,129.6743,129.7258,26783
2022-09-13 14:15:00,129.7258,132.4059,128.5919,132.2513,546344
2022-09-13 15:15:00,132.3543,132.9728,131.942,132.2513,365390
2022-09-14 09:15:00,130.0866,132.0966,130.0866,131.1174,291422
2022-09-14 10:15:00,131.0143,131.7359,130.9628,131.3751,65672
2022-09-14 11:15:00,131.2205,131.4266,131.0143,131.272,33404
2022-09-14 12:15:00,131.3235,131.3751,130.3958,130.602,141752
2022-09-14 13:15:00,130.602,131.272,130.035,131.2205,103954
2022-09-14 14:15:00,131.2205,131.6843,130.8597,131.1174,113488
2022-09-14 15:15:00,131.1174,131.272,130.4989,131.0658,88011
2022-09-15 09:15:00,131.4266,132.0966,129.9835,130.5504,181571
2022-09-15 10:15:00,130.5504,130.7566,129.6743,129.6743,83103
2022-09-15 11:15:00,129.6743,129.8804,128.9527,129.5196,83425
2022-09-15 12:15:00,129.5196,129.8804,129.1073,129.5196,40657
2022-09-15 13:15:00,129.6227,129.6743,129.2104,129.6227,36970
2022-09-15 14:15:00,129.5712,130.1897,129.4681,129.7773,73174
2022-09-15 15:15:00,129.7773,130.0866,128.9527,129.5196,78722
2022-09-16 09:15:00,129.365,129.365,126.8911,127.4065,280144
2022-09-16 10:15:00,127.3034,129.1073,126.8911,127.6127,190711
2022-09-16 11:15:00,127.6127,127.7157,126.788,127.355,97370
2022-09-16 12:15:00,127.4065,127.458,126.2726,126.3757,49586
2022-09-16 13:15:00,126.1695,126.3757,124.9326,124.9841,85911
2022-09-16 14:15:00,124.8295,126.2211,122.7679,123.0256,348005
2022-09-16 15:15:00,123.0772,124.1595,122.6648,123.3349,201620
2022-09-19 09:15:00,122.4587,124.6234,120.6548,124.0564,406606
2022-09-19 10:15:00,124.108,124.9326,123.3349,123.8503,114324
2022-09-19 11:15:00,123.8503,123.9018,122.3556,123.1802,98666
2022-09-19 12:15:00,123.0772,123.2318,122.5618,122.6133,33459
2022-09-19 13:15:00,122.5102,123.6956,122.201,123.541,76467
2022-09-19 14:15:00,123.541,123.5926,122.4587,122.6648,139059
2022-09-19 15:15:00,122.6648,123.0256,122.3041,122.6648,71674
2022-09-20 09:15:00,123.3349,124.5203,123.3349,124.108,161352
2022-09-20 10:15:00,124.1595,124.4687,123.7987,124.0564,88859
2022-09-20 11:15:00,124.2626,125.2418,124.2626,124.8811,188397
2022-09-20 12:15:00,124.9841,124.9841,124.0564,124.1595,53405
2022-09-20 13:15:00,124.3141,124.3657,123.1802,123.5926,104391
2022-09-20 14:15:00,123.5926,123.8503,123.1802,123.4379,81076
2022-09-20 15:15:00,123.2833,123.5926,123.2833,123.3864,45255
2022-09-21 09:15:00,123.4379,124.3141,122.9741,123.6441,131513
2022-09-21 10:15:00,123.5926,123.7987,122.6648,123.0256,53925
2022-09-21 11:15:00,123.1802,123.1802,121.2217,121.634,146471
2022-09-21 12:15:00,121.7887,122.201,120.8609,121.3763,209884
2022-09-21 13:15:00,121.4279,123.1802,121.4279,122.2525,118229
2022-09-21 14:15:00,122.201,122.3556,121.3248,121.9948,103359
2022-09-21 15:15:00,122.1494,122.3556,120.6032,121.8402,76033
2022-09-22 09:15:00,121.1186,122.9225,121.1186,122.4071,121344
2022-09-22 10:15:00,122.3556,122.4071,121.6856,121.8917,50908
2022-09-22 11:15:00,121.9433,121.9948,121.2733,121.4794,36747
2022-09-22 12:15:00,121.4794,122.3556,121.4794,122.201,29362
2022-09-22 13:15:00,122.1494,122.9225,122.1494,122.7164,85382
2022-09-22 14:15:00,122.6648,123.3864,122.4071,122.5618,59229
2022-09-22 15:15:00,122.7164,122.9225,122.201,122.7164,54859
2022-09-23 09:15:00,122.7164,122.9225,120.8094,121.7887,163025
2022-09-23 10:15:00,121.7371,121.7371,121.1186,121.3248,56137
2022-09-23 11:15:00,121.2733,121.5825,121.0156,121.0156,34331
2022-09-23 12:15:00,120.964,121.3248,120.8609,121.1186,29922
2022-09-23 13:15:00,121.0671,121.634,120.8609,121.1186,35645
2022-09-23 14:15:00,121.1702,121.2217,120.6032,120.7579,91922
2022-09-23 15:15:00,120.8094,120.964,120.6032,120.7579,45612
2022-09-26 09:15:00,119.5724,120.5002,116.5831,117.2532,308849
2022-09-26 10:15:00,117.3047,117.3047,115.5008,115.7585,178391
2022-09-26 11:15:00,115.7585,117.5109,115.5523,116.9955,192247
2022-09-26 12:15:00,117.0985,117.7686,116.6347,117.1501,71392
2022-09-26 13:15:00,117.1501,117.1501,116.4801,116.5316,32044
2022-09-26 14:15:00,116.5316,117.2016,116.1193,116.4285,85922
2022-09-26 15:15:00,116.4285,116.6347,115.9647,116.3254,62011
2022-09-27 09:15:00,116.3254,118.7478,116.3254,117.6139,191508
2022-09-27 10:15:00,117.5109,118.1809,116.9439,117.3047,77621
2022-09-27 11:15:00,117.3047,118.954,117.0985,118.7478,78526
2022-09-27 12:15:00,118.7478,118.7478,117.5109,117.7686,73272
2022-09-27 13:15:00,117.7686,119.3147,117.6655,117.7686,103322
2022-09-27 14:15:00,117.8201,118.5417,117.6139,118.5417,75950
2022-09-27 15:15:00,118.6447,119.0055,117.4593,118.0778,119578
2022-09-28 09:15:00,115.8616,118.1809,115.707,117.8716,124768
2022-09-28 10:15:00,117.8716,117.9232,117.5109,117.7686,23195
2022-09-28 11:15:00,117.7686,118.0263,117.5624,117.9232,29872
2022-09-28 12:15:00,117.9232,118.3355,117.2532,117.4593,60177
2022-09-28 13:15:00,117.4593,117.717,117.047,117.2532,31631
2022-09-28 14:15:00,117.2016,117.3047,116.4801,116.8408,101736
2022-09-28 15:15:00,116.8408,117.1501,116.4801,116.7378,33784
2022-09-29 09:15:00,117.8201,118.3355,116.9955,117.6139,84733
2022-09-29 10:15:00,117.5109,118.0263,116.9955,117.717,105275
2022-09-29 11:15:00,117.6655,117.6655,116.8924,117.047,39564
2022-09-29 12:15:00,117.047,117.6655,116.5831,116.9955,59148
2022-09-29 13:15:00,116.8924,116.8924,115.707,115.9131,68911
2022-09-29 14:15:00,115.81,116.377,115.0369,115.7585,154616
2022-09-29 15:15:00,115.7585,116.2739,115.707,116.0162,61121
2022-09-30 09:15:00,116.377,116.9439,115.5523,116.0162,72153
2022-09-30 10:15:00,116.2224,116.7378,116.0677,116.6347,36597
2022-09-30 11:15:00,116.4285,117.0985,116.1708,116.8924,41673
2022-09-30 12:15:00,116.8924,116.9955,116.2739,116.7378,73342
2022-09-30 13:15:00,116.7378,117.717,116.6862,117.6655,56494
2022-09-30 14:15:00,117.5109,117.6139,116.9439,117.2532,60117
2022-09-30 15:15:00,117.2532,117.9232,117.2016,117.3562,45307
2022-10-03 09:15:00,117.2016,119.5724,116.7893,118.7993,271706
2022-10-03 10:15:00,118.5932,118.8509,117.717,118.2324,88071
2022-10-03 11:15:00,118.1809,118.6963,117.8716,118.0263,63308
2022-10-03 12:15:00,117.9747,118.6963,117.717,118.2324,92411
2022-10-03 13:15:00,118.2324,118.4386,116.8924,117.2016,66264
2022-10-03 14:15:00,117.0985,117.2532,115.5523,116.377,147396
2022-10-03 15:15:00,116.377,116.9439,116.0162,116.3254,55077
2022-10-04 09:15:00,117.7686,118.6447,117.5624,117.717,95066
2022-10-04 10:15:00,117.8716,118.1809,117.2016,117.4593,56699
2022-10-04 11:15:00,117.4593,117.717,116.5831,116.5831,104544
2022-10-04 12:15:00,116.7378,117.0985,116.5316,116.9955,55079
2022-10-04 13:15:00,116.8924,117.5109,116.7378,117.0985,33336
2022-10-04 14:15:00,117.0985,117.717,116.9955,117.717,82516
2022-10-04 15:15:00,117.6139,117.717,117.1501,117.5624,38705
2022-10-06 09:15:00,118.1809,121.5825,118.1809,119.5209,523383
2022-10-06 10:15:00,119.5209,119.8817,119.1086,119.5209,97783
2022-10-06 11:15:00,119.5209,119.5209,118.8509,118.954,35042
2022-10-06 12:15:00,118.9024,119.3663,118.7993,119.057,25106
2022-10-06 13:15:00,119.057,119.057,118.3355,118.3355,62801
2022-10-06 14:15:00,118.3355,119.0055,118.2324,118.4901,120853
2022-10-06 15:15:00,118.4901,118.7993,118.2324,118.5417,68901
2022-10-07 09:15:00,118.5417,119.5724,118.4386,119.057,152301
2022-10-07 10:15:00,119.0055,120.5002,118.5932,119.8817,197810
2022-10-07 11:15:00,119.9332,119.9848,119.2632,119.4178,51096
2022-10-07 12:15:00,119.4694,119.7271,119.1086,119.3663,52981
2022-10-07 13:15:00,119.2632,121.3763,119.2632,120.3971,250736
2022-10-07 14:15:00,120.5002,120.964,119.5209,120.294,247097
2022-10-07 15:15:00,120.1394,120.6548,120.1394,120.3455,100156
2022-10-10 09:15:00,119.0055,121.3248,118.5417,120.1394,210774
2022-10-10 10:15:00,120.0878,122.0979,119.7786,122.0464,218446
2022-10-10 11:15:00,121.7887,122.6648,121.2733,121.9948,267373
2022-10-10 12:15:00,121.9948,122.6648,121.4794,122.0464,213604
2022-10-10 13:15:00,122.0464,122.3556,120.7579,121.634,154367
2022-10-10 14:15:00,121.634,122.3556,120.4486,120.6548,181494
2022-10-10 15:15:00,120.6548,120.8609,119.4178,120.0363,167476
2022-10-11 09:15:00,121.1186,127.7157,120.8609,126.1695,3049045
2022-10-11 10:15:00,126.0665,126.4788,125.3965,126.0149,769479
2022-10-11 11:15:00,125.9634,126.4788,124.3141,124.3657,613143
2022-10-11 12:15:00,124.4172,124.9841,123.2318,123.4379,567278
2022-10-11 13:15:00,123.3349,123.6956,122.7164,123.3864,246264
2022-10-11 14:15:00,123.2833,125.0357,122.9741,123.0772,839251
2022-10-11 15:15:00,123.1802,123.1802,121.3248,122.5102,512409
2022-10-12 09:15:00,123.4895,125.2418,122.1494,123.3864,622044
2022-10-12 10:15:00,123.3864,124.211,120.8094,122.5618,278073
2022-10-12 11:15:00,122.5618,122.9741,121.7371,122.9741,85883
2022-10-12 12:15:00,123.0256,123.4379,122.4587,122.6133,59367
2022-10-12 13:15:00,122.5102,123.2318,122.201,123.0256,48454
2022-10-12 14:15:00,123.0256,124.3657,123.0256,124.108,298981
2022-10-12 15:15:00,124.108,124.7264,123.7472,124.108,244483
2022-10-13 09:15:00,124.5203,126.2211,124.211,124.5718,388857
2022-10-13 10:15:00,124.6749,124.7264,123.2833,123.7472,154496
2022-10-13 11:15:00,123.6956,123.8503,123.1287,123.5926,60136
2022-10-13 12:15:00,123.6441,124.108,123.3349,123.4895,23385
2022-10-13 13:15:00,123.5926,124.108,123.4379,123.9533,63559
2022-10-13 14:15:00,123.9533,124.5718,122.9741,123.7987,246231
2022-10-13 15:15:00,123.7987,124.108,123.4379,123.541,63859
2022-10-14 09:15:00,124.7264,125.4995,124.211,124.5718,234329
2022-10-14 10:15:00,124.5203,124.6234,123.4895,124.0049,152912
2022-10-14 11:15:00,124.0049,124.108,123.6956,123.9018,25819
2022-10-14 12:15:00,123.8503,124.0564,123.4379,123.9018,51031
2022-10-14 13:15:00,124.0049,124.0564,122.2525,123.3349,101319
2022-10-14 14:15:00,123.2318,123.3349,119.8817,119.9848,204944
2022-10-14 15:15:00,119.9332,120.5517,118.5417,120.1394,146958
2022-10-17 09:15:00,119.9332,120.7579,118.5417,119.4178,140280
2022-10-17 10:15:00,119.4694,121.0156,119.3663,120.8094,78419
2022-10-17 11:15:00,120.6032,121.1186,119.6755,119.9848,64083
2022-10-17 12:15:00,119.9848,120.1909,119.7271,119.8301,18607
2022-10-17 13:15:00,119.8817,120.1909,119.6755,119.7786,36478
2022-10-17 14:15:00,119.9848,121.2733,119.6755,120.7579,178403
2022-10-17 15:15:00,120.8094,121.1186,120.7579,120.8094,48107
2022-10-18 09:15:00,121.5825,122.5102,121.0156,121.8402,141446
2022-10-18 10:15:00,121.7371,122.201,121.4794,121.4794,27139
2022-10-18 11:15:00,121.2733,121.8402,121.0671,121.7887,30083
2022-10-18 12:15:00,121.7371,122.1494,121.4279,121.9948,51581
2022-10-18 13:15:00,121.9948,122.0464,121.634,121.7887,16724
2022-10-18 14:15:00,121.7887,122.0464,121.2733,121.7887,83283
2022-10-18 15:15:00,121.7371,122.3556,121.634,121.8402,73017
2022-10-19 09:15:00,121.9433,124.108,121.9433,123.1802,258741
2022-10-19 10:15:00,123.0772,123.4379,122.3556,122.6648,84536
2022-10-19 11:15:00,122.6648,122.6648,121.8917,122.3556,82119
2022-10-19 12:15:00,122.2525,122.3556,121.4279,121.5825,33324
2022-10-19 13:15:00,121.7371,121.8917,121.531,121.7887,39810
2022-10-19 14:15:00,121.7887,123.9533,121.634,123.1802,325974
2022-10-19 15:15:00,123.1802,123.3864,122.9741,123.1287,83829
2022-10-20 09:15:00,121.9433,123.4379,121.9433,122.6133,133396
2022-10-20 10:15:00,122.6133,123.2833,122.4587,123.2318,33668
2022-10-20 11:15:00,123.1287,123.2833,122.2525,122.4587,103454
2022-10-20 12:15:00,122.5618,122.7679,122.3041,122.3556,18598
2022-10-20 13:15:00,122.1494,122.201,121.634,121.9948,68205
2022-10-20 14:15:00,121.8917,122.5618,121.7371,122.5618,54815
2022-10-20 15:15:00,122.4071,122.5102,121.6856,122.1494,50196
2022-10-21 09:15:00,122.6133,122.7679,121.8402,122.1494,71535
2022-10-21 10:15:00,122.1494,126.2726,122.1494,125.4995,704498
2022-10-21 11:15:00,125.6026,126.6334,125.5511,125.8603,404694
2022-10-21 12:15:00,125.9118,128.2827,125.7057,127.6127,687087
2022-10-21 13:15:00,127.5611,130.602,127.5096,128.3342,1375231
2022-10-21 14:15:00,128.3858,128.7981,127.6127,127.9734,380115
2022-10-21 15:15:00,127.9219,128.2311,127.4065,127.8188,252111
2022-10-24 18:15:00,129.1073,129.8804,126.4272,129.1589,495968
2022-10-25 09:15:00,129.1589,129.5196,126.9942,128.1281,240243
2022-10-25 10:15:00,128.1281,128.2311,127.355,127.6127,91142
2022-10-25 11:15:00,127.6642,127.7673,127.355,127.4065,73949
2022-10-25 12:15:00,127.458,127.458,126.0149,126.2726,152063
2022-10-25 13:15:00,126.4272,127.7157,126.1695,127.0457,129748
2022-10-25 14:15:00,126.8396,127.2519,126.3242,126.8911,96295
2022-10-25 15:15:00,126.8396,126.8396,126.2726,126.5819,58646
2022-10-27 09:15:00,126.9942,128.6435,126.5819,128.3858,217581
2022-10-27 10:15:00,128.3858,131.4266,127.9219,130.4474,772668
2022-10-27 11:15:00,130.4474,130.6535,129.2619,129.8804,211460
2022-10-27 12:15:00,129.8804,132.8182,129.5712,131.2205,1008185
2022-10-27 13:15:00,131.272,133.3336,130.8081,132.0966,561419
2022-10-27 14:15:00,131.5812,132.3543,130.3958,131.0658,1095395
2022-10-27 15:15:00,131.0143,131.2205,126.5819,130.8081,194765
2022-10-28 09:15:00,131.942,133.6944,131.4266,131.9936,690041
2022-10-28 10:15:00,132.0451,132.0966,130.4989,131.0143,202796
2022-10-28 11:15:00,131.1689,132.1997,131.0143,131.5812,79320
2022-10-28 12:15:00,131.4266,131.5812,130.7566,130.9628,99172
2022-10-28 13:15:00,130.8081,131.4266,130.6535,131.0143,86866
2022-10-28 14:15:00,131.1174,131.6843,130.6535,131.4266,164298
2022-10-28 15:15:00,131.5812,132.0451,131.1689,131.5812,242756
2022-10-31 09:15:00,132.3028,135.3436,131.7874,134.1067,853130
2022-10-31 10:15:00,134.1067,134.1067,133.0759,133.282,155305
2022-10-31 11:15:00,133.282,133.282,132.5089,133.2305,106383
2022-10-31 12:15:00,133.0759,133.6428,132.5605,133.282,159470
2022-10-31 13:15:00,133.2305,133.9521,132.9728,133.2305,172055
2022-10-31 14:15:00,133.4882,134.0036,133.3336,134.0036,251261
2022-10-31 15:15:00,133.9005,134.2613,133.6944,134.0036,242314
2022-11-01 09:15:00,135.0344,135.756,134.1067,134.6221,290713
2022-11-01 10:15:00,134.6221,136.3744,134.4159,134.8798,273262
2022-11-01 11:15:00,134.9829,135.1375,134.7252,134.8282,69942
2022-11-01 12:15:00,134.7252,135.3436,134.4159,134.4675,94086
2022-11-01 13:15:00,134.4159,135.189,134.2613,134.519,85522
2022-11-01 14:15:00,134.6221,135.6529,134.519,135.1375,178157
2022-11-01 15:15:00,135.2406,135.2406,134.5705,134.9313,105223
2022-11-02 09:15:00,135.3952,138.1268,135.189,137.1475,611566
2022-11-02 10:15:00,136.8898,137.7145,136.6321,137.096,243186
2022-11-02 11:15:00,137.1475,137.5599,136.4775,136.5291,110725
2022-11-02 12:15:00,136.5806,136.6837,136.0652,136.0652,117355
2022-11-02 13:15:00,136.0652,136.6321,135.6529,135.859,158497
2022-11-02 14:15:00,135.859,136.2714,135.7044,136.1683,106980
2022-11-02 15:15:00,136.3229,136.5806,135.7044,136.2714,217678
2022-11-03 09:15:00,135.9621,138.0237,135.7044,137.1991,374982
2022-11-03 10:15:00,137.1991,137.4568,135.9621,136.2198,165676
2022-11-03 11:15:00,136.1167,136.426,135.5498,136.2714,101144
2022-11-03 12:15:00,136.3229,136.6837,135.189,135.8075,121550
2022-11-03 13:15:00,135.8075,135.9621,135.3436,135.859,83713
2022-11-03 14:15:00,135.859,136.0137,134.6221,134.8798,181446
2022-11-03 15:15:00,134.8798,135.2921,133.6428,134.6736,256707
2022-11-04 09:15:00,134.9829,135.3952,132.9728,134.3128,305864
2022-11-04 10:15:00,134.3128,134.5705,133.7974,134.4159,98886
2022-11-04 11:15:00,134.4159,135.8075,134.3128,134.9313,163512
2022-11-04 12:15:00,134.9313,135.5498,134.7767,135.0859,55484
2022-11-04 13:15:00,135.0859,135.756,134.8282,135.189,62906
2022-11-04 14:15:00,135.189,135.4983,135.0859,135.3436,119278
2022-11-04 15:15:00,135.3952,135.5498,135.0344,135.3436,88183
2022-11-07 09:15:00,132.9728,132.9728,128.8496,129.7773,774490
2022-11-07 10:15:00,129.8804,130.2927,129.5712,130.1897,144296
2022-11-07 11:15:00,129.9835,130.3958,129.4166,129.6227,134046
2022-11-07 12:15:00,129.6743,129.9835,129.365,129.8804,225076
2022-11-07 13:15:00,129.8804,130.2412,129.6743,129.8804,136247
2022-11-07 14:15:00,129.8804,131.2205,129.8804,130.7566,340310
2022-11-07 15:15:00,130.7566,131.4266,129.932,130.8597,261404
2022-11-09 09:15:00,131.0143,132.3543,130.9112,131.6328,176647
2022-11-09 10:15:00,131.6328,132.7666,131.4782,132.2513,104557
2022-11-09 11:15:00,132.2513,135.4983,131.9936,134.9829,632175
2022-11-09 12:15:00,134.9829,135.8075,134.7252,135.2921,293714
2022-11-09 13:15:00,135.4467,135.4983,134.6736,135.0344,285669
2022-11-09 14:15:00,135.0344,135.8075,134.1582,135.0344,415805
2022-11-09 15:15:00,135.189,135.7044,134.8282,135.0344,135946
2022-11-10 09:15:00,135.4983,139.9822,135.0344,137.7145,1429308
2022-11-10 10:15:00,137.8176,137.8176,136.426,136.7868,228920
2022-11-10 11:15:00,136.7868,138.1268,136.7868,137.0445,158777
2022-11-10 12:15:00,137.0445,137.9206,136.6837,137.3022,128339
2022-11-10 13:15:00,137.3022,138.1268,137.1991,137.8176,171799
2022-11-10 14:15:00,137.5599,137.9722,136.8898,137.2506,251825
2022-11-10 15:15:00,137.2506,137.8176,137.1475,137.5083,148821
2022-11-11 09:15:00,138.7968,139.5184,136.4775,137.3022,345521
2022-11-11 10:15:00,137.3022,137.4052,136.0652,136.9929,140468
2022-11-11 11:15:00,136.9414,136.9929,136.4775,136.5806,65026
2022-11-11 12:15:00,136.5806,138.2299,136.426,137.5599,339661
2022-11-11 13:15:00,137.5083,137.5599,135.9106,136.5806,103541
2022-11-11 14:15:00,136.4775,138.5907,136.0652,137.9206,378162
2022-11-11 15:15:00,137.8176,138.1268,137.3022,137.8691,127024
2022-11-14 09:15:00,138.0237,139.9822,137.9206,138.6422,483422
2022-11-14 10:15:00,138.436,138.5391,137.6629,138.0237,142563
2022-11-14 11:15:00,138.0237,138.1268,137.7145,137.766,34007
2022-11-14 12:15:00,137.766,138.5907,137.1475,137.4052,250256
2022-11-14 13:15:00,137.4052,138.8484,137.4052,137.8176,228960
2022-11-14 14:15:00,137.8176,139.1576,136.6837,136.7868,413825
2022-11-14 15:15:00,137.0445,137.7145,136.2714,137.1991,162559
2022-11-15 09:15:00,137.1991,137.7145,136.2714,136.3744,128956
2022-11-15 10:15:00,136.3744,136.6321,135.756,136.0137,110774
2022-11-15 11:15:00,136.0652,136.1683,132.3028,133.6428,290273
2022-11-15 12:15:00,133.6428,133.9005,132.9728,133.9005,87794
2022-11-15 13:15:00,133.849,134.2613,133.7459,133.9521,180374
2022-11-15 14:15:00,133.9521,134.2613,133.5913,134.0036,110824
2022-11-15 15:15:00,133.9521,134.2613,133.4882,133.9521,190379
2022-11-16 09:15:00,134.0036,134.7252,131.8389,133.3851,201201
2022-11-16 10:15:00,133.4882,133.6428,133.0759,133.282,51496
2022-11-16 11:15:00,133.3336,133.6944,133.2305,133.4882,40572
2022-11-16 12:15:00,133.3851,134.6221,133.2305,134.0036,92900
2022-11-16 13:15:00,134.2613,134.519,133.6428,133.6944,62255
2022-11-16 14:15:00,133.6428,133.9005,133.0243,133.282,117804
2022-11-16 15:15:00,133.4882,133.9005,133.0243,133.4367,93651
2022-11-17 09:15:00,132.7666,134.519,132.3543,134.519,176350
2022-11-17 10:15:00,134.519,135.6529,133.9521,134.3128,204285
2022-11-17 11:15:00,134.4675,134.519,133.9005,134.1067,50851
2022-11-17 12:15:00,134.1067,134.3644,133.5913,133.5913,50929
2022-11-17 13:15:00,133.5397,134.0036,133.5397,133.9005,30732
2022-11-17 14:15:00,133.849,134.2098,133.0243,133.1274,155559
2022-11-17 15:15:00,133.3336,133.7974,132.4574,133.1274,180655
2022-11-18 09:15:00,133.4882,134.2098,133.0243,133.4882,150290
2022-11-18 10:15:00,133.5397,133.7459,132.8697,133.5913,73778
2022-11-18 11:15:00,133.6944,134.519,133.5397,133.7974,89088
2022-11-18 12:15:00,133.6428,133.7459,133.0243,133.2305,35480
2022-11-18 13:15:00,133.3336,133.4882,132.3543,132.4574,65101
2022-11-18 14:15:00,132.4574,132.9728,131.272,132.5089,221854
2022-11-18 15:15:00,132.5089,132.8697,132.1482,132.4059,61223
2022-11-21 09:15:00,131.942,134.0036,131.8905,133.6944,234714
2022-11-21 10:15:00,133.6428,133.7459,132.9728,133.6944,102663
2022-11-21 11:15:00,133.6944,133.6944,132.9728,133.5913,28073
2022-11-21 12:15:00,133.3336,133.4882,133.1274,133.3851,53552
2022-11-21 13:15:00,133.282,134.519,133.2305,133.4882,242108
2022-11-21 14:15:00,133.5913,133.6944,133.282,133.4882,77610
2022-11-21 15:15:00,133.4882,133.849,133.2305,133.4882,81026
2022-11-22 09:15:00,133.7459,137.0445,133.7459,134.8798,527187
2022-11-22 10:15:00,134.9829,135.2921,134.6221,134.7252,89458
2022-11-22 11:15:00,134.6221,135.5498,134.519,134.8282,67192
2022-11-22 12:15:00,134.9313,135.0344,134.5705,134.5705,18476
2022-11-22 13:15:00,134.5705,135.5498,134.5705,135.3436,60245
2022-11-22 14:15:00,135.4467,135.8075,135.2921,135.3952,131873
2022-11-22 15:15:00,135.3436,135.5498,134.7767,135.189,91633
2022-11-23 09:15:00,135.0344,136.8383,134.9829,135.6013,186155
2022-11-23 10:15:00,135.6013,136.4775,135.3436,135.9106,248493
2022-11-23 11:15:00,135.7044,139.4668,135.5498,138.6937,851288
2022-11-23 12:15:00,138.6422,139.0545,138.1783,138.436,166702
2022-11-23 13:15:00,138.436,138.4876,137.7145,138.1268,124831
2022-11-23 14:15:00,138.0237,138.5391,137.1991,137.2506,340647
2022-11-23 15:15:00,137.3022,138.0237,137.1991,137.5083,151470
2022-11-24 09:15:00,138.2299,139.003,137.1991,137.2506,255991
2022-11-24 10:15:00,137.3537,138.8484,136.9929,138.0237,140863
2022-11-24 11:15:00,138.1268,143.4354,137.8176,142.4561,1570287
2022-11-24 12:15:00,142.3015,142.92,141.4769,141.5284,567082
2022-11-24 13:15:00,141.5284,141.7346,139.7245,141.2192,265855
2022-11-24 14:15:00,141.2192,142.1984,140.1884,140.9099,329931
2022-11-24 15:15:00,140.9099,140.9099,140.2915,140.4976,137798
2022-11-25 09:15:00,141.2192,142.9715,140.7553,142.3531,363828
2022-11-25 10:15:00,142.25,142.5592,141.4253,141.58,151639
2022-11-25 11:15:00,141.58,142.3015,141.4253,141.7346,102266
2022-11-25 12:15:00,141.7346,142.25,141.4253,142.0954,94716
2022-11-25 13:15:00,142.0438,142.9715,141.683,141.683,180608
2022-11-25 14:15:00,141.7346,142.9715,140.4976,141.683,455652
2022-11-25 15:15:00,141.683,141.683,140.9615,141.3223,93735
2022-11-28 09:15:00,141.4769,144.26,141.3738,142.5592,620576
2022-11-28 10:15:00,142.4561,145.2393,142.4561,143.7962,869001
2022-11-28 11:15:00,143.6931,143.9508,143.1777,143.1777,151701
2022-11-28 12:15:00,143.3323,143.7446,142.8685,143.2808,139031
2022-11-28 13:15:00,143.3839,143.4869,143.0231,143.0746,97455
2022-11-28 14:15:00,143.1777,143.8477,142.6108,142.6108,265660
2022-11-28 15:15:00,142.7138,142.8685,142.3531,142.7654,147739
2022-11-29 09:15:00,143.4869,144.9816,142.0954,143.2292,409719
2022-11-29 10:15:00,143.1777,143.2808,142.6623,142.8685,96770
2022-11-29 11:15:00,142.8685,143.2292,142.4046,142.8169,78378
2022-11-29 12:15:00,142.7138,142.9715,142.5077,142.8169,64319
2022-11-29 13:15:00,142.8685,142.8685,142.5592,142.6623,59496
2022-11-29 14:15:00,142.6623,142.6623,141.8377,142.0954,236446
2022-11-29 15:15:00,141.8377,143.4354,141.8377,142.7654,193796
2022-11-30 09:15:00,143.0231,143.5385,141.8377,142.1469,216508
2022-11-30 10:15:00,142.0438,142.5592,141.58,141.9923,78237
2022-11-30 11:15:00,141.9923,142.3531,141.8377,141.9923,39793
2022-11-30 12:15:00,141.9923,142.25,141.013,141.2192,164395
2022-11-30 13:15:00,141.2192,141.58,139.2091,140.0338,345313
2022-11-30 14:15:00,140.1884,140.7038,138.5907,139.8791,347499
2022-11-30 15:15:00,139.8276,139.8791,139.3637,139.4153,89375
2022-12-01 09:15:00,140.2399,140.8069,139.2607,139.673,197166
2022-12-01 10:15:00,139.8276,140.1368,139.6214,139.673,50261
2022-12-01 11:15:00,139.7761,139.7761,139.1576,139.1576,72588
2022-12-01 12:15:00,139.1576,139.4153,138.7453,139.4153,41102
2022-12-01 13:15:00,139.3122,139.3637,138.333,138.7968,86197
2022-12-01 14:15:00,138.7968,139.3122,138.6937,139.0545,78296
2022-12-01 15:15:00,138.9514,139.0545,138.1783,138.8484,74910
2022-12-02 09:15:00,139.673,141.013,139.2607,139.4153,207261
2022-12-02 10:15:00,139.4153,139.6214,137.8176,138.4876,220351
2022-12-02 11:15:00,138.4876,138.7453,137.4568,137.4568,181251
2022-12-02 12:15:00,137.4568,138.333,137.4052,137.9722,172768
2022-12-02 13:15:00,137.9722,138.2299,137.1475,137.6114,138313
2022-12-02 14:15:00,137.6114,138.333,137.1475,137.9206,260687
2022-12-02 15:15:00,137.7145,138.3845,137.7145,138.0237,135305
2022-12-05 09:15:00,138.6937,143.6931,138.4876,141.9923,1240189
2022-12-05 10:15:00,142.3015,142.4561,141.7346,142.4046,172876
2022-12-05 11:15:00,142.3015,142.6108,140.7038,141.2192,255638
2022-12-05 12:15:00,141.1161,141.6315,140.4976,140.8069,113936
2022-12-05 13:15:00,140.7038,140.8584,139.4668,140.4461,198516
2022-12-05 14:15:00,140.6522,141.1161,139.2607,140.0853,193566
2022-12-05 15:15:00,140.0853,140.5492,139.673,140.1368,128515
2022-12-06 09:15:00,139.9307,141.2192,139.7245,140.4461,180407
2022-12-06 10:15:00,140.5492,141.7346,140.2915,140.5492,115881
2022-12-06 11:15:00,140.5492,141.1161,140.5492,140.8584,65656
2022-12-06 12:15:00,141.013,141.013,140.2915,140.7038,36262
2022-12-06 13:15:00,140.7038,141.013,140.7038,140.9615,29746
2022-12-06 14:15:00,140.8069,140.9615,139.673,140.3945,126995
2022-12-06 15:15:00,140.3945,140.6522,139.9307,140.2915,60717
2022-12-07 09:15:00,140.7038,140.8069,139.4153,139.6214,151649
2022-12-07 10:15:00,139.5184,139.7761,138.2814,138.2814,102291
2022-12-07 11:15:00,138.2814,138.8999,138.1268,138.7968,87496
2022-12-07 12:15:00,138.8999,139.2091,138.3845,138.6422,56779
2022-12-07 13:15:00,138.6937,138.7453,137.9206,137.9722,94094
2022-12-07 14:15:00,138.0753,139.673,137.096,138.6422,179853
2022-12-07 15:15:00,138.6422,139.2091,138.2299,138.6422,79474
2022-12-08 09:15:00,138.5391,139.6214,138.333,139.3637,127374
2022-12-08 10:15:00,139.5184,139.5184,137.6114,138.1268,100393
2022-12-08 11:15:00,138.0237,138.6937,137.9206,138.0237,40004
2022-12-08 12:15:00,138.0753,138.9514,137.5599,138.1268,177781
2022-12-08 13:15:00,137.9722,138.8999,137.7145,138.8484,69884
2022-12-08 14:15:00,138.8484,140.0853,138.2299,139.2091,211216
2022-12-08 15:15:00,139.2091,139.2607,138.436,139.2607,99248
2022-12-09 09:15:00,139.7761,139.9307,138.7453,139.2607,222590
2022-12-09 10:15:00,139.1576,139.4153,138.0753,138.3845,160710
2022-12-09 11:15:00,138.2299,139.003,137.1991,137.7145,175254
2022-12-09 12:15:00,137.6114,137.6629,135.4467,136.1167,178540
2022-12-09 13:15:00,136.0652,136.4775,134.8282,134.8798,95123
2022-12-09 14:15:00,134.8798,134.8798,133.4882,134.519,217799
2022-12-09 15:15:00,134.519,134.6736,134.0551,134.3128,66077
2022-12-12 09:15:00,135.0344,136.3744,133.5397,135.8075,186293
2022-12-12 10:15:00,135.8075,135.9621,135.1375,135.756,60350
2022-12-12 11:15:00,135.9106,135.9621,134.5705,135.4467,81778
2022-12-12 12:15:00,135.2406,135.756,135.1375,135.5498,30645
2022-12-12 13:15:00,135.3436,136.2198,134.2098,136.0652,141986
2022-12-12 14:15:00,136.0652,140.7038,135.4467,137.4568,1234428
2022-12-12 15:15:00,137.4568,138.1268,136.8383,137.4052,246464
2022-12-13 09:15:00,138.0237,142.6623,137.766,141.5284,1145037
2022-12-13 10:15:00,141.5284,142.5592,140.4976,141.6315,370677
2022-12-13 11:15:00,141.6315,141.7346,140.4976,140.7038,117694
2022-12-13 12:15:00,140.7038,140.7038,138.8999,139.003,190681
2022-12-13 13:15:00,139.003,139.1576,138.4876,138.6422,124351
2022-12-13 14:15:00,138.6422,138.8999,137.7145,137.7145,193514
2022-12-13 15:15:00,137.8176,137.8691,136.1683,137.1991,309760
2022-12-14 09:15:00,137.6114,137.9206,135.4467,135.859,327705
2022-12-14 10:15:00,135.859,136.8898,135.6529,136.4775,175688
2022-12-14 11:15:00,136.4775,136.8898,135.859,136.1167,108852
2022-12-14 12:15:00,136.1167,136.2198,135.6529,135.859,103201
2022-12-14 13:15:00,135.8075,135.9106,135.2921,135.5498,229761
2022-12-14 14:15:00,135.5498,135.7044,135.189,135.189,120332
2022-12-14 15:15:00,135.2406,135.4983,134.9313,135.2406,149580
2022-12-15 09:15:00,135.0344,137.0445,134.9829,136.7352,312618
2022-12-15 10:15:00,136.5291,136.6837,136.0652,136.2714,41627
2022-12-15 11:15:00,136.1167,137.0445,136.0652,136.3744,77157
2022-12-15 12:15:00,136.6321,136.8383,136.0652,136.3744,41718
2022-12-15 13:15:00,136.2198,136.8898,136.1167,136.5806,47523
2022-12-15 14:15:00,136.6837,136.8383,135.3436,135.9621,161919
2022-12-15 15:15:00,136.0652,136.3744,135.6013,136.0137,89495
2022-12-16 09:15:00,135.756,136.5291,134.1067,134.1582,202006
2022-12-16 10:15:00,134.1582,134.6736,134.1067,134.5705,92465
2022-12-16 11:15:00,134.5705,135.0344,134.3128,134.5705,53724
2022-12-16 12:15:00,134.519,135.0344,134.4675,134.7767,53882
2022-12-16 13:15:00,134.7767,134.7767,134.1067,134.4159,67312
2022-12-16 14:15:00,134.2613,134.2613,132.6636,133.282,283382
2022-12-16 15:15:00,133.282,133.3851,132.3543,133.0243,241374
2022-12-19 09:15:00,134.2098,137.4052,134.2098,136.3229,448415
2022-12-19 10:15:00,136.3229,138.8484,136.3229,137.766,252392
2022-12-19 11:15:00,137.8176,138.2299,137.4052,137.8176,105148
2022-12-19 12:15:00,137.9206,138.1268,136.8898,137.0445,115679
2022-12-19 13:15:00,136.9929,141.8377,136.8898,140.1884,1058316
2022-12-19 14:15:00,140.2399,146.3216,140.1884,144.827,1880958
2022-12-19 15:15:00,144.827,146.7855,143.8993,144.6724,1124926
2022-12-20 09:15:00,147.507,156.0627,147.1978,151.0118,11524490
2022-12-20 10:15:00,150.8056,151.4756,148.6925,148.7955,1290255
2022-12-20 11:15:00,148.744,150.1356,147.9194,148.744,1073332
2022-12-20 12:15:00,148.6409,150.4964,148.5894,149.5171,697557
2022-12-20 13:15:00,149.414,149.6717,148.5378,149.0532,447095
2022-12-20 14:15:00,149.0532,150.1871,145.3424,145.5485,1918769
2022-12-20 15:15:00,145.6516,145.9608,144.4662,145.6001,1066447
2022-12-21 09:15:00,145.8578,148.074,144.7754,145.9608,1312602
2022-12-21 10:15:00,145.9608,146.3216,144.7239,145.7032,237203
2022-12-21 11:15:00,145.6516,146.167,145.1878,145.497,86657
2022-12-21 12:15:00,145.497,145.8062,142.1469,142.8685,579675
2022-12-21 13:15:00,142.8169,143.8993,139.1576,141.3738,725058
2022-12-21 14:15:00,141.2192,142.3531,139.8276,139.8276,399930
2022-12-21 15:15:00,139.9307,140.5492,139.2607,139.9307,316056
2022-12-22 09:15:00,141.1676,141.7346,136.8898,137.1991,803111
2022-12-22 10:15:00,137.1991,140.6007,137.1475,139.1061,628728
2022-12-22 11:15:00,139.003,139.4153,137.7145,138.0237,200299
2022-12-22 12:15:00,137.9206,138.2814,136.8898,137.6629,292051
2022-12-22 13:15:00,137.8176,138.7968,137.5083,138.4876,158045
2022-12-22 14:15:00,138.4876,138.6422,137.1475,137.8691,211660
2022-12-22 15:15:00,137.8176,137.9722,137.2506,137.6114,126635
2022-12-23 09:15:00,136.8383,137.0445,133.4882,133.7459,954148
2022-12-23 10:15:00,133.6944,134.0036,132.9728,133.6944,183647
2022-12-23 11:15:00,133.849,133.9521,131.4782,132.6636,458481
2022-12-23 12:15:00,132.8182,133.3851,132.5089,132.612,84476
2022-12-23 13:15:00,132.6636,132.8182,131.3235,131.9936,215221
2022-12-23 14:15:00,131.942,133.2305,130.9628,131.1174,233612
2022-12-23 15:15:00,131.3235,131.4266,130.2927,131.272,189472
2022-12-26 09:15:00,132.4574,135.7044,131.942,134.9313,638476
2022-12-26 10:15:00,134.9313,138.6937,134.9313,137.9206,490828
2022-12-26 11:15:00,137.8176,138.8999,137.2506,137.4052,196567
2022-12-26 12:15:00,137.4568,137.6629,136.3744,137.3022,122953
2022-12-26 13:15:00,137.2506,137.8691,136.0652,137.5083,152378
2022-12-26 14:15:00,137.6114,138.7453,137.3022,138.436,217098
2022-12-26 15:15:00,138.5907,140.6522,138.5907,139.4153,364279
2022-12-27 09:15:00,140.4976,142.0438,137.4052,138.5907,589444
2022-12-27 10:15:00,138.5391,139.5699,138.1268,138.7453,212096
2022-12-27 11:15:00,138.6422,138.6422,137.8691,138.0237,126653
2022-12-27 12:15:00,138.0237,138.1268,136.8898,137.096,152805
2022-12-27 13:15:00,137.096,137.2506,136.8383,137.096,175698
2022-12-27 14:15:00,137.0445,137.8691,136.5806,136.9414,199703
2022-12-27 15:15:00,136.9414,137.7145,136.7868,137.096,165510
2022-12-28 09:15:00,136.426,138.7968,135.859,138.6937,349030
2022-12-28 10:15:00,138.8484,146.2701,138.4876,144.5693,1718945
2022-12-28 11:15:00,144.5177,146.8886,143.9508,145.1362,1055295
2022-12-28 12:15:00,145.1362,145.7032,140.8069,141.4253,1189974
2022-12-28 13:15:00,141.2192,144.0023,140.9615,143.7962,313585
2022-12-28 14:15:00,143.7962,146.1155,143.2808,144.1054,997195
2022-12-28 15:15:00,144.26,145.2393,143.8993,144.5177,362022
2022-12-29 09:15:00,144.4662,150.4964,143.4869,147.9194,2958537
2022-12-29 10:15:00,147.9709,148.5378,146.7339,147.404,816442
2022-12-29 11:15:00,147.5586,147.8678,146.8886,147.404,245106
2022-12-29 12:15:00,147.404,149.1563,146.4762,148.5378,481589
2022-12-29 13:15:00,148.5378,148.9502,145.497,146.167,491852
2022-12-29 14:15:00,146.167,146.167,144.1054,144.6208,721219
2022-12-29 15:15:00,144.6724,144.6724,141.3223,143.6416,796029
2022-12-30 09:15:00,140.7038,142.6623,140.1884,140.9615,965701
2022-12-30 10:15:00,141.1161,141.9923,140.6522,141.1161,382907
2022-12-30 11:15:00,141.1161,141.2707,139.2607,139.8791,329650
2022-12-30 12:15:00,139.9307,140.1884,139.673,140.1368,104524
2022-12-30 13:15:00,140.0853,140.3945,139.4153,139.9822,273300
2022-12-30 14:15:00,139.9822,140.1884,139.5184,139.7761,206191
2022-12-30 15:15:00,139.7761,140.7553,139.7761,140.1368,269469
2023-01-02 09:15:00,134.1067,137.3537,134.1067,135.4467,1566583
2023-01-02 10:15:00,135.4983,144.9301,135.189,142.4561,3853563
2023-01-02 11:15:00,142.7138,144.5177,141.7861,142.25,1197569
2023-01-02 12:15:00,142.25,143.8477,141.4253,142.5592,505546
2023-01-02 13:15:00,142.6623,145.3424,142.1984,144.5693,732258
2023-01-02 14:15:00,144.6208,149.0532,143.3839,147.8678,2984458
2023-01-02 15:15:00,147.9194,148.2286,146.9916,147.507,507525
2023-01-03 09:15:00,148.5894,149.5171,145.7547,147.404,1637956
2023-01-03 10:15:00,147.404,147.5586,146.6824,147.5586,245781
2023-01-03 11:15:00,147.507,148.2801,146.167,146.167,263984
2023-01-03 12:15:00,146.167,147.1463,145.497,146.6309,461703
2023-01-03 13:15:00,146.6309,152.8672,146.2701,149.0532,2704282
2023-01-03 14:15:00,149.2079,154.3103,149.0017,152.3003,3552926
2023-01-03 15:15:00,152.3003,153.4341,152.0941,152.6095,775339
2023-01-04 09:15:00,154.0526,155.2896,150.5994,151.6302,1992341
2023-01-04 10:15:00,151.7849,152.3003,150.7541,151.1664,504903
2023-01-04 11:15:00,151.0633,151.6302,148.744,149.3109,622275
2023-01-04 12:15:00,149.1048,151.1148,148.8471,150.1356,461524
2023-01-04 13:15:00,150.1356,150.9087,148.6925,150.7025,443153
2023-01-04 14:15:00,150.7541,151.0118,149.4656,150.1871,467794
2023-01-04 15:15:00,150.1871,150.1871,149.0532,149.7748,394483
2023-01-05 09:15:00,150.7025,151.7333,147.404,148.5378,862232
2023-01-05 10:15:00,148.8471,149.2079,147.9194,148.8986,168933
2023-01-05 11:15:00,148.8986,148.8986,148.0224,148.3317,100191
2023-01-05 12:15:00,148.2286,148.2286,146.5793,147.0432,249741
2023-01-05 13:15:00,147.0947,147.2493,146.0124,146.6824,265699
2023-01-05 14:15:00,146.8886,148.8471,146.6824,148.0224,298177
2023-01-05 15:15:00,148.074,148.5378,147.507,148.2286,252650
2023-01-06 09:15:00,148.4863,148.9502,147.0947,147.6617,444533
2023-01-06 10:15:00,147.4555,147.9194,146.8886,147.3009,121832
2023-01-06 11:15:00,147.3009,147.9194,146.167,146.7855,210835
2023-01-06 12:15:00,146.6309,146.8886,145.6001,146.0124,130877
2023-01-06 13:15:00,145.9093,146.0639,144.4147,144.8785,202223
2023-01-06 14:15:00,144.6724,146.5278,144.5693,146.3216,393900
2023-01-06 15:15:00,146.3216,146.8886,145.9608,146.4247,195267
2023-01-09 09:15:00,147.507,148.074,146.7855,146.9401,286013
2023-01-09 10:15:00,147.0947,149.0532,145.9608,148.5378,255935
2023-01-09 11:15:00,148.3317,149.2079,147.6101,148.5378,150529
2023-01-09 12:15:00,148.4863,149.1563,147.6617,147.8678,133313
2023-01-09 13:15:00,147.8163,147.9709,146.3732,147.0432,153570
2023-01-09 14:15:00,146.9916,149.414,146.9916,148.744,363341
2023-01-09 15:15:00,148.744,149.3109,148.1771,148.8471,259434
2023-01-10 09:15:00,149.414,149.5686,146.8886,147.7132,297963
2023-01-10 10:15:00,147.8163,148.2801,147.1978,147.8678,74882
2023-01-10 11:15:00,147.8678,148.6409,146.9916,147.1978,148728
2023-01-10 12:15:00,147.1978,147.3009,145.9608,146.2185,125707
2023-01-10 13:15:00,146.2701,146.3216,142.92,144.7239,302889
2023-01-10 14:15:00,144.7754,145.5485,144.0023,145.1878,163983
2023-01-10 15:15:00,145.1878,145.3424,144.6208,145.0847,115926
2023-01-11 09:15:00,145.2393,146.6309,144.4662,146.3732,283856
2023-01-11 10:15:00,146.5793,146.5793,145.0331,145.3939,136581
2023-01-11 11:15:00,145.497,145.497,143.9508,144.5693,297055
2023-01-11 12:15:00,144.5177,144.7754,144.0539,144.4147,114287
2023-01-11 13:15:00,144.4662,145.0847,144.3116,144.7239,87879
2023-01-11 14:15:00,144.7239,145.8578,144.4662,145.1362,324356
2023-01-11 15:15:00,144.9816,145.0847,144.827,144.9816,90642
2023-01-12 09:15:00,145.7547,145.7547,144.4147,144.6724,204343
2023-01-12 10:15:00,144.5693,144.7754,144.0023,144.4662,94355
2023-01-12 11:15:00,144.3116,144.6724,143.3839,143.8993,89239
2023-01-12 12:15:00,143.8993,144.3116,143.7962,144.1054,41770
2023-01-12 13:15:00,144.3631,144.5177,142.6623,142.92,192600
2023-01-12 14:15:00,143.0231,146.0124,142.6623,143.6416,333331
2023-01-12 15:15:00,143.6416,144.4147,143.59,144.157,126613
2023-01-13 09:15:00,144.2085,147.3524,144.1054,146.167,438164
2023-01-13 10:15:00,146.1155,151.3725,145.9093,150.4964,1335353
2023-01-13 11:15:00,150.3417,150.8056,149.7748,150.0325,478839
2023-01-13 12:15:00,150.1356,151.6818,149.6202,149.7233,576045
2023-01-13 13:15:00,149.7233,149.7748,149.1563,149.5686,235515
2023-01-13 14:15:00,149.4656,149.8263,148.0224,148.074,553292
2023-01-13 15:15:00,148.074,148.1255,147.3524,148.1255,320622
2023-01-16 09:15:00,149.1048,149.1048,146.4762,147.1463,420465
2023-01-16 10:15:00,147.1463,150.9602,147.0947,148.1255,526859
2023-01-16 11:15:00,147.9709,148.0224,147.2493,147.6101,114071
2023-01-16 12:15:00,147.6101,148.8986,146.9401,148.6925,112070
2023-01-16 13:15:00,148.744,149.3625,147.7132,148.1255,148000
2023-01-16 14:15:00,148.1255,148.6409,146.6309,148.0224,310921
2023-01-16 15:15:00,147.9709,148.1771,147.7647,148.0224,87107
2023-01-17 09:15:00,147.8678,148.1255,146.9401,147.2493,233405
2023-01-17 10:15:00,147.404,148.744,147.0947,148.4348,109284
2023-01-17 11:15:00,148.2286,148.3317,147.1978,147.404,114909
2023-01-17 12:15:00,147.3009,147.3524,145.0331,145.1878,211652
2023-01-17 13:15:00,145.3424,146.3732,145.1878,146.1155,93193
2023-01-17 14:15:00,146.2701,147.6101,145.497,147.2493,257189
2023-01-17 15:15:00,147.0947,147.404,146.4247,147.1463,102412
2023-01-18 09:15:00,147.6101,148.0224,146.6309,147.5586,194324
2023-01-18 10:15:00,147.5586,149.2079,146.7855,148.6925,282036
2023-01-18 11:15:00,148.6409,148.9502,147.2493,147.9194,487839
2023-01-18 12:15:00,147.9194,148.0224,147.4555,147.4555,91226
2023-01-18 13:15:00,147.4555,147.7132,147.2493,147.404,89259
2023-01-18 14:15:00,147.404,147.8678,146.9401,147.1978,254155
2023-01-18 15:15:00,147.2493,147.3524,145.6516,146.8886,216392
2023-01-19 09:15:00,146.3732,148.9502,146.3732,147.0432,441261
2023-01-19 10:15:00,146.9916,147.507,146.8886,147.0947,57733
2023-01-19 11:15:00,146.7855,147.6101,146.0124,146.2701,150038
2023-01-19 12:15:00,146.2701,146.3732,145.8062,146.1155,67972
2023-01-19 13:15:00,146.0639,146.2701,145.9093,146.0639,34215
2023-01-19 14:15:00,146.2185,146.3732,145.2393,145.4455,264148
2023-01-19 15:15:00,145.497,145.9608,144.8785,145.4455,171804
2023-01-20 09:15:00,146.3732,146.7855,144.9301,145.7547,246583
2023-01-20 10:15:00,145.7547,146.2701,145.4455,146.0639,40919
2023-01-20 11:15:00,146.167,146.9916,146.0639,146.167,147310
2023-01-20 12:15:00,146.4247,146.4247,145.3424,145.7032,91586
2023-01-20 13:15:00,145.5485,145.8578,145.2393,145.5485,62201
2023-01-20 14:15:00,145.7547,146.3732,145.497,145.8062,141757
2023-01-20 15:15:00,145.8062,146.1155,145.4455,145.8578,85116
2023-01-23 09:15:00,146.2701,146.4762,144.9816,145.3939,117638
2023-01-23 10:15:00,145.4455,145.6516,145.3424,145.4455,36683
2023-01-23 11:15:00,145.6001,145.7547,145.3424,145.5485,24414
2023-01-23 12:15:00,145.3424,145.6516,144.9301,145.0331,55722
2023-01-23 13:15:00,145.0331,145.3939,145.0331,145.2393,24654
2023-01-23 14:15:00,145.2908,145.2908,143.59,144.0539,148469
2023-01-23 15:15:00,144.1054,144.1054,143.2808,143.7446,127246
2023-01-24 09:15:00,144.2085,144.827,143.59,144.1054,113639
2023-01-24 10:15:00,144.1054,144.9816,143.7446,144.5693,71688
2023-01-24 11:15:00,144.5177,144.8785,142.8685,143.0746,190546
2023-01-24 12:15:00,143.2292,143.4869,141.58,141.9923,154309
2023-01-24 13:15:00,141.9407,142.4046,141.5284,142.4046,55333
2023-01-24 14:15:00,142.4046,142.92,142.0438,142.3531,140419
2023-01-24 15:15:00,142.3531,142.4561,142.0438,142.25,65981
2023-01-25 09:15:00,141.2192,143.7446,141.2192,141.7346,246530
2023-01-25 10:15:00,141.7861,143.2808,141.7346,142.8169,91362
2023-01-25 11:15:00,142.9715,142.9715,141.8377,141.9923,73753
2023-01-25 12:15:00,141.9407,142.0954,140.2399,141.7346,151431
2023-01-25 13:15:00,141.8377,142.1469,140.6007,141.1161,159114
2023-01-25 14:15:00,141.1161,141.1161,139.673,140.1368,173433
2023-01-25 15:15:00,140.1368,140.9615,139.9822,140.2915,138312
2023-01-27 09:15:00,139.4153,140.343,136.1683,136.3744,504344
2023-01-27 10:15:00,136.3744,138.5391,135.1375,135.5498,262293
2023-01-27 11:15:00,135.5498,136.0652,134.519,134.5705,120239
2023-01-27 12:15:00,134.8282,134.8282,130.5504,131.942,568280
2023-01-27 13:15:00,132.0966,133.282,131.4266,131.8389,225197
2023-01-27 14:15:00,131.7874,132.8182,131.6843,132.5089,143177
2023-01-27 15:15:00,132.3543,133.0243,132.1997,132.5605,85450
2023-01-30 09:15:00,133.282,135.2406,132.0966,132.7666,425434
2023-01-30 10:15:00,132.7666,132.9213,129.932,130.8081,149788
2023-01-30 11:15:00,130.6535,132.3028,130.4989,132.1482,86163
2023-01-30 12:15:00,132.0451,132.3028,130.9628,130.9628,49647
2023-01-30 13:15:00,131.1174,131.5297,130.1897,131.3751,112082
2023-01-30 14:15:00,130.9112,131.272,130.035,130.1381,144006
2023-01-30 15:15:00,130.2927,130.8081,129.932,130.2412,163469
2023-01-31 09:15:00,131.4266,131.4266,129.5196,130.2927,249668
2023-01-31 10:15:00,130.2927,132.4059,130.2412,132.1482,224971
2023-01-31 11:15:00,132.0966,132.5605,131.8389,132.0451,111327
2023-01-31 12:15:00,132.0966,132.8697,131.9936,132.2513,79878
2023-01-31 13:15:00,132.3028,133.3851,131.942,132.4059,171250
2023-01-31 14:15:00,132.3543,137.7145,132.0451,137.096,571028
2023-01-31 15:15:00,137.1991,138.6422,136.9414,136.9414,245640
2023-02-01 09:15:00,83.6631,83.999,82.1677,82.5436,352457
2023-02-01 10:15:00,82.5756,83.0714,82.2957,82.7915,169965
2023-02-01 11:15:00,82.7275,82.8874,81.8958,82.0478,242326
2023-02-01 12:15:00,81.9838,82.6955,81.424,81.6159,215256
2023-02-01 13:15:00,81.6159,81.6159,79.7207,80.0965,327406
2023-02-01 14:15:00,80.1845,80.1845,77.7934,78.1693,740760
2023-02-01 15:15:00,78.2013,78.6011,76.0901,77.8254,374747
2023-02-02 09:15:00,77.2736,80.3444,76.0021,79.4408,792834
2023-02-02 10:15:00,79.4408,79.8166,78.4492,78.6331,169821
2023-02-02 11:15:00,78.5131,79.1929,78.4492,78.977,115921
2023-02-02 12:15:00,78.793,78.825,77.6735,77.9534,82101
2023-02-02 13:15:00,77.8574,77.9854,77.2416,77.5775,180786
2023-02-02 14:15:00,77.7055,78.881,77.5455,78.2013,166656
2023-02-02 15:15:00,78.0733,78.2972,77.9214,78.1693,79135
2023-02-03 09:15:00,78.793,78.945,75.9062,76.0021,535720
2023-02-03 10:15:00,76.0021,76.1861,71.4679,73.0193,1204563
2023-02-03 11:15:00,73.1153,74.8186,73.1153,74.1069,600435
2023-02-03 12:15:00,74.1069,74.5707,73.4511,73.891,278650
2023-02-03 13:15:00,73.891,74.5387,73.6431,73.9789,314663
2023-02-03 14:15:00,73.9789,75.0025,73.859,74.2268,522594
2023-02-03 15:15:00,74.3228,75.0025,74.2908,74.6027,202208
2023-02-06 09:15:00,75.0665,78.2972,75.0665,75.8742,1186453
2023-02-06 10:15:00,75.7462,77.0257,75.6903,76.9298,222258
2023-02-06 11:15:00,76.9298,77.3936,76.6499,77.2976,199600
2023-02-06 12:15:00,77.2976,77.2976,76.274,76.7458,164981
2023-02-06 13:15:00,76.6819,77.2736,76.6819,76.9937,176223
2023-02-06 14:15:00,76.9618,77.0497,76.306,76.8018,257466
2023-02-06 15:15:00,76.7458,76.8658,76.25,76.7139,202342
2023-02-07 09:15:00,76.8978,77.1137,75.3784,75.7462,284556
2023-02-07 10:15:00,75.7462,76.0581,74.4507,74.6667,291879
2023-02-07 11:15:00,74.6986,75.7222,74.6347,75.2824,279094
2023-02-07 12:15:00,75.3784,75.4104,75.2264,75.2264,164402
2023-02-07 13:15:00,75.2504,75.7222,75.2264,75.5943,91263
2023-02-07 14:15:00,75.4983,75.9382,75.2824,75.5303,131710
2023-02-07 15:15:00,75.5943,75.6263,74.7866,75.3784,128018
2023-02-08 09:15:00,75.6903,75.8102,74.7546,75.2264,262734
2023-02-08 10:15:00,75.2504,75.6903,74.9466,75.3144,131089
2023-02-08 11:15:00,75.2504,75.5943,74.8826,75.0985,118267
2023-02-08 12:15:00,75.0985,75.3464,74.7866,75.0665,91665
2023-02-08 13:15:00,75.0665,75.3144,75.0665,75.2504,46751
2023-02-08 14:15:00,75.2504,75.4424,74.7546,74.7866,182608
2023-02-08 15:15:00,74.8186,75.0345,74.6986,74.8186,109838
2023-02-09 09:15:00,74.7546,75.4104,74.1389,74.9466,430699
2023-02-09 10:15:00,74.9466,75.5623,74.8506,74.9785,142820
2023-02-09 11:15:00,75.0345,75.2824,74.5067,74.6986,110966
2023-02-09 12:15:00,74.7226,74.8826,74.2588,74.4507,51107
2023-02-09 13:15:00,74.3548,74.6027,73.827,74.0109,124045
2023-02-09 14:15:00,73.9549,74.2908,73.4511,73.763,299474
2023-02-09 15:15:00,73.6111,74.6027,73.4831,73.763,183088
2023-02-10 09:15:00,73.6111,74.2908,73.5151,74.2588,172206
2023-02-10 10:15:00,74.2588,74.8826,73.699,74.6986,193140
2023-02-10 11:15:00,74.6986,75.1305,74.3228,74.7546,82766
2023-02-10 12:15:00,74.9146,75.3464,74.4507,74.7546,90925
2023-02-10 13:15:00,74.7226,75.4424,74.5707,75.1625,93744
2023-02-10 14:15:00,75.0985,75.2264,74.6667,74.7866,111994
2023-02-10 15:15:00,74.8186,75.0665,73.891,74.4507,173143
2023-02-13 09:15:00,74.4507,74.5387,73.3952,73.6111,213849
2023-02-13 10:15:00,73.6111,74.3548,73.5151,74.3548,168264
2023-02-13 11:15:00,74.2268,74.2268,73.2992,73.5791,70148
2023-02-13 12:15:00,73.5151,73.5791,73.0513,73.2672,123665
2023-02-13 13:15:00,73.2672,73.6111,73.2032,73.4511,32125
2023-02-13 14:15:00,73.5151,73.6111,72.8354,73.3312,173328
2023-02-13 15:15:00,73.3952,73.5791,72.5875,73.1792,164204
2023-02-14 09:15:00,73.2352,73.6431,70.3564,71.348,587228
2023-02-14 10:15:00,71.348,71.7798,70.9721,71.0681,234502
2023-02-14 11:15:00,71.0681,72.1796,70.8202,71.8118,238711
2023-02-14 12:15:00,71.8438,72.4036,71.6838,71.8118,90553
2023-02-14 13:15:00,71.8758,72.5555,71.4039,72.5235,190389
2023-02-14 14:15:00,72.4915,72.7714,72.2116,72.5875,158427
2023-02-14 15:15:00,72.5875,74.6347,72.5875,73.4831,361460
2023-02-15 09:15:00,73.827,74.3548,73.1153,73.795,156647
2023-02-15 10:15:00,73.795,74.2588,73.699,73.891,133847
2023-02-15 11:15:00,73.923,74.0749,73.5471,73.9549,45778
2023-02-15 12:15:00,74.0429,75.5623,73.9549,74.7866,452871
2023-02-15 13:15:00,74.7866,74.9785,74.4507,74.7546,129464
2023-02-15 14:15:00,74.8506,75.8102,74.7866,75.7462,189316
2023-02-15 15:15:00,75.8102,75.8742,75.1945,75.4983,116770
2023-02-16 09:15:00,76.0581,76.1221,74.7226,74.8826,205634
2023-02-16 10:15:00,74.9466,75.0345,74.7546,74.8186,52779
2023-02-16 11:15:00,74.8506,75.0025,74.6347,74.6347,23314
2023-02-16 12:15:00,74.7546,74.9466,74.6347,74.8826,19269
2023-02-16 13:15:00,74.8506,75.5303,74.8186,75.4983,83937
2023-02-16 14:15:00,75.4983,75.6263,74.7546,75.1305,155412
2023-02-16 15:15:00,75.0665,75.1945,74.7866,75.0345,44061
2023-02-17 09:15:00,74.4188,75.0025,74.0749,74.3228,154308
2023-02-17 10:15:00,74.2588,75.2824,74.1389,74.4507,133393
2023-02-17 11:15:00,74.4507,74.5387,74.2588,74.4507,47359
2023-02-17 12:15:00,74.3868,74.5387,74.2588,74.3228,33732
2023-02-17 13:15:00,74.2908,74.4507,73.731,74.0749,155429
2023-02-17 14:15:00,73.9789,74.1069,73.699,73.699,53257
2023-02-17 15:15:00,73.891,73.9789,73.6431,73.891,48858
2023-02-20 09:15:00,74.3228,74.6347,71.9637,72.7074,236573
2023-02-20 10:15:00,72.8034,73.1473,72.5555,72.8994,76631
2023-02-20 11:15:00,72.9553,73.0193,72.6195,72.8034,38472
2023-02-20 12:15:00,72.7074,73.1473,72.6754,73.0193,88891
2023-02-20 13:15:00,73.0833,73.0833,72.5235,72.5235,41367
2023-02-20 14:15:00,72.5875,73.0193,72.0277,72.1556,148484
2023-02-20 15:15:00,72.1556,72.5875,72.1556,72.4036,54970
2023-02-21 09:15:00,72.4036,73.9549,72.0917,73.6431,241110
2023-02-21 10:15:00,73.6431,73.827,73.4831,73.6111,66399
2023-02-21 11:15:00,73.6111,74.0749,73.2672,73.3312,111596
2023-02-21 12:15:00,73.3632,73.3632,72.8354,72.8994,59748
2023-02-21 13:15:00,72.9553,73.0513,72.7714,72.8354,26379
2023-02-21 14:15:00,72.8034,72.8994,72.2756,72.5555,90241
2023-02-21 15:15:00,72.5555,72.8994,72.5555,72.6515,73442
2023-02-22 09:15:00,72.2116,73.0513,72.0277,72.2756,231603
2023-02-22 10:15:00,72.1556,72.1556,71.7798,71.9317,73080
2023-02-22 11:15:00,72.0277,72.1237,71.5639,71.7478,72424
2023-02-22 12:15:00,71.8118,71.8438,71.188,71.4359,149620
2023-02-22 13:15:00,71.5319,71.5959,71.132,71.316,44232
2023-02-22 14:15:00,71.284,71.8118,71.0361,71.6518,76120
2023-02-22 15:15:00,71.5959,71.5959,71.0361,71.38,66095
2023-02-23 09:15:00,71.348,71.4679,70.0125,71.22,299113
2023-02-23 10:15:00,71.132,77.1777,70.8762,74.4507,2193953
2023-02-23 11:15:00,74.4188,75.4983,73.5471,75.1945,1167370
2023-02-23 12:15:00,75.1305,77.1137,74.6347,76.8658,1406039
2023-02-23 13:15:00,76.8658,77.4576,75.8102,75.8102,1497231
2023-02-23 14:15:00,75.8102,78.4172,75.4424,78.0173,1569136
2023-02-23 15:15:00,77.9534,80.0326,77.7375,78.4812,3890195
2023-02-24 09:15:00,78.3532,78.3532,76.5539,77.1137,1485856
2023-02-24 10:15:00,77.1457,77.3936,76.6819,76.8018,279113
2023-02-24 11:15:00,76.7139,76.8658,76.37,76.6819,258331
2023-02-24 12:15:00,76.6819,76.7458,75.6903,76.1221,363152
2023-02-24 13:15:00,76.0901,76.7698,75.8422,76.2181,212604
2023-02-24 14:15:00,76.2181,76.7139,76.0581,76.306,288367
2023-02-24 15:15:00,76.402,76.6499,76.1861,76.434,236385
2023-02-27 09:15:00,75.6903,75.6903,73.2032,73.4831,448617
2023-02-27 10:15:00,73.4271,74.2028,73.0833,74.1069,363440
2023-02-27 11:15:00,74.2028,75.2824,74.0429,74.7866,288708
2023-02-27 12:15:00,74.7546,74.7546,74.1709,74.2028,93014
2023-02-27 13:15:00,74.1709,74.6986,73.9789,74.3868,73433
2023-02-27 14:15:00,74.4507,75.2264,73.9549,75.0665,327450
2023-02-27 15:15:00,75.0665,75.3784,74.9146,75.0025,129727
2023-02-28 09:15:00,75.4104,75.5623,74.4188,74.7546,513821
2023-02-28 10:15:00,74.8186,74.9466,74.6027,74.7546,106412
2023-02-28 11:15:00,74.6986,75.2824,74.5387,75.1305,183073
2023-02-28 12:15:00,75.2264,75.3144,74.9466,75.0025,102543
2023-02-28 13:15:00,75.0665,75.3144,74.4747,74.4747,118406
2023-02-28 14:15:00,74.6027,75.0345,74.4747,74.6347,133431
2023-02-28 15:15:00,74.6347,74.6347,73.6431,74.2268,268860
2023-03-01 09:15:00,74.2588,74.6027,73.763,74.3868,215791
2023-03-01 10:15:00,74.3868,75.0985,74.0429,74.7546,187462
2023-03-01 11:15:00,74.7546,74.9146,74.6027,74.6667,55072
2023-03-01 12:15:00,74.6667,74.9785,74.4507,74.6986,74415
2023-03-01 13:15:00,74.6667,75.8422,74.6347,75.0345,135080
2023-03-01 14:15:00,75.0025,75.0345,74.3228,74.4188,90663
2023-03-01 15:15:00,74.3548,74.9146,74.1709,74.4747,104551
2023-03-02 09:15:00,74.4188,75.0025,74.2268,74.3228,187317
2023-03-02 10:15:00,74.3228,74.3548,73.827,74.0429,94981
2023-03-02 11:15:00,74.0109,74.0429,73.5791,73.699,164532
2023-03-02 12:15:00,73.699,73.795,73.5151,73.5791,64342
2023-03-02 13:15:00,73.6751,73.9789,73.5151,73.923,122266
2023-03-02 14:15:00,73.891,74.3228,73.859,74.1389,274100
2023-03-02 15:15:00,74.1069,74.1389,73.827,74.0429,111769
2023-03-03 09:15:00,74.1389,75.0025,73.827,74.0749,598308
2023-03-03 10:15:00,74.0429,74.3868,73.6751,74.1709,454845
2023-03-03 11:15:00,74.1069,74.2588,73.923,74.0429,113968
2023-03-03 12:15:00,74.0429,74.2028,73.827,73.9789,58111
2023-03-03 13:15:00,73.9549,74.1389,73.795,73.923,88630
2023-03-03 14:15:00,73.923,73.923,73.2672,73.5151,474403
2023-03-03 15:15:00,73.5151,73.5151,73.3312,73.4831,134227
2023-03-06 09:15:00,73.923,74.4507,73.763,74.2588,274791
2023-03-06 10:15:00,74.3548,74.7546,74.0109,74.1709,102420
2023-03-06 11:15:00,74.1709,74.6347,74.0749,74.4747,94696
2023-03-06 12:15:00,74.3868,75.2824,74.1389,74.6986,343439
2023-03-06 13:15:00,74.4747,74.5067,74.0749,74.1709,168864
2023-03-06 14:15:00,74.1069,74.3868,74.0429,74.0429,122550
2023-03-06 15:15:00,74.0429,74.2028,73.859,74.0429,149256
2023-03-08 09:15:00,73.827,74.2588,73.4511,74.2588,143244
2023-03-08 10:15:00,74.2588,74.2908,73.6751,74.0109,82180
2023-03-08 11:15:00,74.0109,74.0429,73.5791,73.763,59394
2023-03-08 12:15:00,73.731,73.827,73.5791,73.699,37092
2023-03-08 13:15:00,73.6431,73.763,73.5151,73.6751,55103
2023-03-08 14:15:00,73.6751,74.0109,73.5791,73.795,233057
2023-03-08 15:15:00,73.795,74.1709,73.5471,73.795,216263
2023-03-09 09:15:00,73.9789,74.4188,73.827,74.0109,188256
2023-03-09 10:15:00,74.0109,74.7546,73.9549,74.2268,125878
2023-03-09 11:15:00,74.2268,74.2268,73.923,74.0749,43392
2023-03-09 12:15:00,74.0749,74.1389,73.859,74.1389,48616
2023-03-09 13:15:00,74.1389,74.1709,73.6751,73.891,63173
2023-03-09 14:15:00,73.859,73.9549,73.699,73.795,159081
2023-03-09 15:15:00,73.795,73.827,73.6751,73.763,113934
2023-03-10 09:15:00,73.2032,73.3952,72.6754,73.0513,238435
2023-03-10 10:15:00,73.0833,73.2032,72.7074,72.7074,90311
2023-03-10 11:15:00,72.7714,72.9873,72.7714,72.9233,31114
2023-03-10 12:15:00,72.9233,73.0833,72.6754,72.9873,68574
2023-03-10 13:15:00,73.0513,73.2032,72.9233,73.0833,95134
2023-03-10 14:15:00,73.0833,76.1221,72.8674,74.9466,1397177
2023-03-10 15:15:00,74.9785,75.3464,74.6667,75.1945,293210
2023-03-13 09:15:00,77.8574,78.4812,76.6179,77.6735,2751875
2023-03-13 10:15:00,77.6735,79.0409,77.5455,78.945,1210464
2023-03-13 11:15:00,78.945,79.9046,78.945,79.6887,1997547
2023-03-13 12:15:00,79.7527,80.1525,79.1289,79.3448,1135312
2023-03-13 13:15:00,79.3448,79.6247,78.849,78.945,652997
2023-03-13 14:15:00,78.977,79.4408,78.5131,79.009,1179715
2023-03-13 15:15:00,79.0729,79.2888,78.793,79.0729,537072
2023-03-14 09:15:00,79.5687,80.5603,79.1289,79.1609,1103610
2023-03-14 10:15:00,79.1609,79.2249,78.3532,78.913,372537
2023-03-14 11:15:00,78.881,79.3768,78.6011,79.2249,137033
2023-03-14 12:15:00,79.2249,80.0006,79.0729,79.2569,197341
2023-03-14 13:15:00,79.2249,79.7846,78.881,79.009,174314
2023-03-14 14:15:00,79.0729,79.3768,78.793,79.0729,227670
2023-03-14 15:15:00,79.1289,79.2888,78.849,79.1609,163012
2023-03-15 09:15:00,79.6567,79.7207,78.3532,78.6331,392037
2023-03-15 10:15:00,78.7291,78.945,78.5451,78.793,75269
2023-03-15 11:15:00,78.793,78.913,78.0173,78.2333,255540
2023-03-15 12:15:00,78.2333,78.2972,77.8894,78.0733,88772
2023-03-15 13:15:00,77.9534,78.6011,77.9534,78.3532,143114
2023-03-15 14:15:00,78.3532,78.4812,77.8254,78.0493,200604
2023-03-15 15:15:00,78.1053,78.1053,77.4896,77.8254,132071
2023-03-16 09:15:00,77.5455,77.5455,75.7782,76.5219,521014
2023-03-16 10:15:00,76.5219,77.0817,76.338,77.0257,180557
2023-03-16 11:15:00,77.0257,77.1777,76.466,76.466,77347
2023-03-16 12:15:00,76.466,76.8658,76.434,76.7458,50321
2023-03-16 13:15:00,76.8018,77.2416,76.7458,76.9937,63524
2023-03-16 14:15:00,76.9937,77.3936,76.4979,77.2736,204824
2023-03-16 15:15:00,77.2976,77.7055,77.1137,77.2416,130210
2023-03-17 09:15:00,77.8574,79.5367,77.8574,78.913,481725
2023-03-17 10:15:00,78.945,79.1929,78.7291,78.7611,133177
2023-03-17 11:15:00,78.7611,78.977,78.6011,78.7291,104268
2023-03-17 12:15:00,78.793,79.7846,78.6971,79.7207,210844
2023-03-17 13:15:00,79.7846,80.0326,79.2249,79.8166,337643
2023-03-17 14:15:00,79.8486,80.2165,79.4088,79.7846,373046
2023-03-17 15:15:00,79.7846,80.2805,79.7207,79.9366,293726
2023-03-20 09:15:00,80.6483,80.6483,78.881,79.009,416855
2023-03-20 10:15:00,79.009,79.7207,78.825,79.2249,95441
2023-03-20 11:15:00,79.2569,79.4728,78.945,79.2569,49555
2023-03-20 12:15:00,79.2569,79.3448,79.009,79.2888,86276
2023-03-20 13:15:00,79.1289,82.4796,79.1289,80.2805,1155598
2023-03-20 14:15:00,80.3444,83.1913,80.1845,81.5839,1846221
2023-03-20 15:15:00,81.6159,82.2317,81.1441,81.6719,501905
2023-03-21 09:15:00,83.0714,83.6311,81.7359,82.1997,901841
2023-03-21 10:15:00,82.1677,82.3277,81.7999,82.1677,247715
2023-03-21 11:15:00,82.1677,82.3596,81.9838,82.2317,87606
2023-03-21 12:15:00,82.1997,83.4392,82.0797,82.9434,360262
2023-03-21 13:15:00,82.9194,83.2233,82.6075,82.6955,230640
2023-03-21 14:15:00,82.6955,85.3025,82.6955,84.3748,2288335
2023-03-21 15:15:00,84.4388,85.5824,84.4388,84.9026,538281
2023-03-22 09:15:00,86.2381,86.454,85.0226,85.6463,971721
2023-03-22 10:15:00,85.6463,86.6699,85.6463,86.0782,552649
2023-03-22 11:15:00,86.0782,86.8539,85.9902,86.1741,594183
2023-03-22 12:15:00,86.2381,86.3261,85.7423,85.7983,209754
2023-03-22 13:15:00,85.7983,85.9582,85.3984,85.5504,261627
2023-03-22 14:15:00,85.5824,86.0782,85.5184,85.7983,368506
2023-03-22 15:15:00,85.8942,85.9902,85.5184,85.8303,294379
2023-03-23 09:15:00,85.7103,85.7423,84.6867,84.6867,656299
2023-03-23 10:15:00,84.7187,84.9346,82.8874,83.2553,632605
2023-03-23 11:15:00,83.2553,83.6311,83.2553,83.4392,259821
2023-03-23 12:15:00,83.4152,83.5992,82.1117,82.2637,445861
2023-03-23 13:15:00,82.1677,83.3193,82.0478,83.1353,228276
2023-03-23 14:15:00,82.9754,83.1673,82.6395,82.9754,232997
2023-03-23 15:15:00,82.9754,83.0714,82.7595,82.8874,209699
2023-03-24 09:15:00,83.1353,84.1589,82.3277,83.8471,677343
2023-03-24 10:15:00,83.7831,83.8471,81.7359,82.2637,492636
2023-03-24 11:15:00,82.2317,82.7915,82.0158,82.7595,161390
2023-03-24 12:15:00,82.6395,83.0714,82.6395,82.9754,134132
2023-03-24 13:15:00,83.0714,83.4392,82.5116,82.9754,384548
2023-03-24 14:15:00,82.9194,82.9434,82.0797,82.2637,315801
2023-03-24 15:15:00,82.2637,82.3596,82.0797,82.2317,184756
2023-03-27 09:15:00,82.0797,82.2317,79.0409,79.4088,1030406
2023-03-27 10:15:00,79.4088,79.4088,78.4172,78.6331,604182
2023-03-27 11:15:00,78.4812,79.2569,78.2013,78.945,480957
2023-03-27 12:15:00,78.945,79.3768,78.825,78.977,310789
2023-03-27 13:15:00,78.881,79.3448,78.825,78.977,269952
2023-03-27 14:15:00,78.945,79.0969,78.2333,78.2972,311032
2023-03-27 15:15:00,78.2652,78.2652,77.6095,78.0733,297791
2023-03-28 09:15:00,78.3532,78.3852,75.9382,76.7458,1031263
2023-03-28 10:15:00,76.7458,77.5455,76.6819,76.6819,132256
2023-03-28 11:15:00,76.7698,76.8018,75.4424,75.6903,280825
2023-03-28 12:15:00,75.6583,75.6903,74.5707,75.0345,651449
2023-03-28 13:15:00,75.0345,75.0985,71.7158,72.5875,1185387
2023-03-28 14:15:00,72.5235,74.0749,71.9637,72.4595,1298304
2023-03-28 15:15:00,72.4915,73.1792,72.4036,72.6754,242266
2023-03-29 09:15:00,72.5875,76.6819,72.5875,76.0581,1450287
2023-03-29 10:15:00,76.1221,76.37,75.3784,75.6583,342188
2023-03-29 11:15:00,75.6583,75.6583,74.0749,74.1389,520258
2023-03-29 12:15:00,74.1389,75.6583,73.6431,75.2824,597553
2023-03-29 13:15:00,75.2504,75.8742,75.0665,75.6263,422651
2023-03-29 14:15:00,75.6263,75.6263,74.5707,74.6667,664537
2023-03-29 15:15:00,74.5707,75.6263,74.4507,74.8506,635820
2023-03-31 09:15:00,93.9051,106.5323,91.6889,95.8636,390305
2023-03-31 10:15:00,95.8636,97.9252,92.7713,94.369,304882
2023-03-31 11:15:00,94.369,95.8636,93.9051,95.7605,130930
2023-03-31 12:15:00,95.7605,98.4406,95.5029,98.3891,136604
2023-03-31 13:15:00,98.3891,98.4406,97.4098,97.4098,102281
2023-03-31 14:15:00,97.4098,97.9252,95.9152,96.8429,212997
2023-03-31 15:15:00,96.8429,97.4098,95.9152,96.8944,105342
2023-04-03 09:15:00,96.6367,96.6367,91.8435,92.8743,169622
2023-04-03 10:15:00,93.132,93.2351,92.2043,92.462,78236
2023-04-03 11:15:00,92.6682,92.6682,91.8951,92.2043,58785
2023-04-03 12:15:00,91.9982,93.2351,91.8951,92.7713,114215
2023-04-03 13:15:00,92.7713,92.8743,92.2559,92.4105,45920
2023-04-03 14:15:00,92.462,92.9774,91.6889,91.6889,151441
2023-04-03 15:15:00,91.6889,91.6889,91.6889,91.6889,18091
2023-04-05 09:15:00,88.545,89.4212,87.1019,87.7204,460128
2023-04-05 10:15:00,87.875,87.875,87.1019,87.1019,257213
2023-04-05 11:15:00,87.1019,87.1019,87.1019,87.1019,46494
2023-04-05 12:15:00,87.1019,87.1019,87.1019,87.1019,47772
2023-04-05 13:15:00,87.1019,87.1019,87.1019,87.1019,23940
2023-04-05 14:15:00,87.1019,87.1019,87.1019,87.1019,34727
2023-04-05 15:15:00,87.1019,87.1019,87.1019,87.1019,19786
2023-04-06 09:15:00,82.9272,86.2773,82.9272,86.2773,454917
2023-04-06 10:15:00,86.0711,86.0711,85.0919,86.0711,65851
2023-04-06 11:15:00,85.8649,86.0711,85.5557,86.0711,76733
2023-04-06 12:15:00,86.0711,86.535,85.0919,85.5557,109160
2023-04-06 13:15:00,85.1434,85.968,85.0403,85.5557,33082
2023-04-06 14:15:00,85.5042,85.6073,84.1641,85.0403,222142
2023-04-06 15:15:00,84.5249,84.9372,82.7726,83.4426,517306
2023-04-10 09:15:00,81.6387,85.968,81.6387,84.0095,278795
2023-04-10 10:15:00,84.0095,85.3496,83.7003,84.5249,70738
2023-04-10 11:15:00,84.5249,85.1949,83.8034,84.9372,139335
2023-04-10 12:15:00,84.9372,84.9372,83.391,84.5249,89860
2023-04-10 13:15:00,84.4218,84.5249,83.7518,84.0095,38437
2023-04-10 14:15:00,84.0095,84.0611,83.391,83.7003,135422
2023-04-10 15:15:00,83.7003,83.7003,82.9787,83.4426,52904
2023-04-11 09:15:00,83.4941,84.4218,83.4426,84.0095,296741
2023-04-11 10:15:00,84.0095,87.5658,83.8034,87.5658,703763
2023-04-11 11:15:00,87.5658,87.5658,87.5658,87.5658,14456
2023-04-11 12:15:00,87.5658,87.5658,87.5658,87.5658,379670
2023-04-11 13:15:00,87.5658,87.5658,87.5658,87.5658,9950
2023-04-11 14:15:00,87.5658,87.5658,87.5658,87.5658,46423
2023-04-11 15:15:00,87.5658,87.5658,87.5658,87.5658,977
2023-04-12 09:15:00,91.8951,91.8951,91.8951,91.8951,153338
2023-04-12 10:15:00,91.8951,91.8951,91.8951,91.8951,16142
2023-04-12 11:15:00,91.8951,91.8951,91.8951,91.8951,3704
2023-04-12 12:15:00,91.8951,91.8951,91.8951,91.8951,7437
2023-04-12 13:15:00,91.8951,91.8951,91.8951,91.8951,1379
2023-04-12 14:15:00,91.8951,91.8951,91.8951,91.8951,1070
2023-04-12 15:15:00,91.8951,91.8951,91.8951,91.8951,838
2023-04-13 09:15:00,96.4306,96.4306,92.7713,95.5544,1180642
2023-04-13 10:15:00,95.5029,95.6059,94.1113,94.2144,160422
2023-04-13 11:15:00,94.2144,95.0905,93.0805,94.0082,92410
2023-04-13 12:15:00,93.9567,94.7298,93.5959,94.1628,100366
2023-04-13 13:15:00,94.1628,94.1628,93.6474,94.1113,50680
2023-04-13 14:15:00,93.5959,94.2144,93.1836,93.5443,133182
2023-04-13 15:15:00,93.5443,93.5443,91.7405,92.8743,204111
2023-04-17 09:15:00,93.802,94.5236,90.7097,92.7197,173495
2023-04-17 10:15:00,92.6682,92.7713,91.5343,92.7197,56027
2023-04-17 11:15:00,92.7197,92.7713,91.5343,92.6682,34619
2023-04-17 12:15:00,92.6682,94.2144,92.6682,93.8536,53009
2023-04-17 13:15:00,94.0082,94.3174,93.2866,93.699,26695
2023-04-17 14:15:00,93.699,94.1628,93.2866,93.5443,74635
2023-04-17 15:15:00,93.4928,93.5443,92.8228,92.8743,65742
2023-04-18 09:15:00,93.3897,93.699,89.9366,91.7405,182958
2023-04-18 10:15:00,91.7405,93.3897,91.5343,92.8228,44083
2023-04-18 11:15:00,92.9774,93.3897,91.9466,92.5136,50163
2023-04-18 12:15:00,91.9466,93.3382,91.9466,93.2866,25094
2023-04-18 13:15:00,93.2866,93.3382,92.0497,92.7197,64146
2023-04-18 14:15:00,92.6682,93.2866,92.3074,93.1836,20569
2023-04-18 15:15:00,93.1836,93.2866,93.029,93.132,26496
2023-04-19 09:15:00,96.946,102.2545,96.946,98.5952,3133316
2023-04-19 10:15:00,98.5437,98.6468,97.4614,97.4614,399754
2023-04-19 11:15:00,97.4614,98.6468,97.4098,97.7191,198551
2023-04-19 12:15:00,97.7191,98.6468,97.6675,97.9252,167295
2023-04-19 13:15:00,97.9768,98.2344,97.4098,97.6675,159962
2023-04-19 14:15:00,97.616,97.9252,96.9975,97.4614,345582
2023-04-19 15:15:00,97.4614,98.2344,97.1006,97.7191,332337
2023-04-20 09:15:00,98.3375,98.6983,95.3482,95.8636,503775
2023-04-20 10:15:00,95.8636,96.4306,95.6059,95.709,264367
2023-04-20 11:15:00,95.8121,96.2244,95.5029,95.6059,117387
2023-04-20 12:15:00,95.5544,95.9152,95.5029,95.6059,118181
2023-04-20 13:15:00,95.6059,95.7605,95.1421,95.1421,119965
2023-04-20 14:15:00,95.1421,95.2967,94.7298,95.039,148636
2023-04-20 15:15:00,95.039,95.2967,94.8844,95.0905,76336
2023-04-21 09:15:00,95.7605,96.1213,95.1421,95.5544,268160
2023-04-21 10:15:00,95.4513,96.7398,95.4513,95.8636,201620
2023-04-21 11:15:00,95.8636,96.0182,95.6059,95.9152,85318
2023-04-21 12:15:00,96.0182,96.0182,95.6059,95.7605,140444
2023-04-21 13:15:00,95.7605,95.8636,95.6059,95.7605,57481
2023-04-21 14:15:00,95.7605,95.8121,94.6267,94.7298,127077
2023-04-21 15:15:00,94.7298,95.0905,93.9051,94.7813,85733
2023-04-24 09:15:00,95.3482,95.5029,93.9051,94.0082,198878
2023-04-24 10:15:00,94.0082,94.1628,93.802,94.0597,37300
2023-04-24 11:15:00,94.0597,94.3174,93.9051,94.0597,19150
2023-04-24 12:15:00,94.0597,94.1628,93.5443,93.7505,93473
2023-04-24 13:15:00,93.699,93.9567,93.4928,93.9567,47594
2023-04-24 14:15:00,93.9567,94.0597,93.6474,93.7505,92100
2023-04-24 15:15:00,93.699,93.9051,93.4928,93.699,85986
2023-04-25 09:15:00,93.5959,94.2659,92.6682,92.9774,218838
2023-04-25 10:15:00,92.9774,93.0805,91.8951,92.5651,112964
2023-04-25 11:15:00,92.6682,92.7713,92.462,92.6682,63987
2023-04-25 12:15:00,92.6682,92.7713,92.3074,92.3074,45825
2023-04-25 13:15:00,92.462,92.5136,92.2559,92.3589,55484
2023-04-25 14:15:00,92.2559,92.9259,92.2043,92.5651,99693
2023-04-25 15:15:00,92.5651,92.9774,92.3589,92.6166,116026
2023-04-26 09:15:00,92.7713,94.5751,91.8435,94.1113,286060
2023-04-26 10:15:00,94.0082,94.1113,93.029,93.4928,48825
2023-04-26 11:15:00,93.4413,93.9567,93.132,93.7505,37812
2023-04-26 12:15:00,93.7505,93.9567,93.3897,93.5443,31735
2023-04-26 13:15:00,93.5443,94.2659,93.4928,94.0597,38434
2023-04-26 14:15:00,94.0597,94.1113,93.5959,94.0597,129134
2023-04-26 15:15:00,93.9567,94.0082,93.5443,93.7505,68402
2023-04-27 09:15:00,94.1113,94.1628,92.6682,93.132,176385
2023-04-27 10:15:00,93.1836,93.1836,92.6682,92.7713,94356
2023-04-27 11:15:00,92.8228,93.029,92.7197,92.9774,39277
2023-04-27 12:15:00,92.9259,93.3897,92.8743,93.3382,39937
2023-04-27 13:15:00,93.3382,93.3897,92.9259,93.0805,24499
2023-04-27 14:15:00,92.9774,94.0597,92.8743,93.6474,106853
2023-04-27 15:15:00,93.5959,93.9567,93.132,93.4928,69367
2023-04-28 09:15:00,94.1113,94.5236,93.2866,94.2144,157296
2023-04-28 10:15:00,94.2144,94.3174,93.4928,93.699,84408
2023-04-28 11:15:00,93.6474,93.699,93.3382,93.4928,56778
2023-04-28 12:15:00,93.5443,93.802,93.4928,93.6474,37830
2023-04-28 13:15:00,93.6474,93.802,93.5443,93.802,32942
2023-04-28 14:15:00,93.802,94.1113,93.4928,94.0082,81734
2023-04-28 15:15:00,94.1113,94.2659,93.802,94.0082,69146
2023-05-02 09:15:00,93.802,95.2452,93.802,94.5751,230587
2023-05-02 10:15:00,94.5751,95.5029,94.4721,94.8844,203879
2023-05-02 11:15:00,94.8328,95.0905,94.5236,95.0905,39753
2023-05-02 12:15:00,95.0905,95.0905,94.6267,94.7298,46316
2023-05-02 13:15:00,94.8328,95.039,94.6267,94.8844,23222
2023-05-02 14:15:00,94.7813,94.9359,94.6267,94.6782,78738
2023-05-02 15:15:00,94.6267,94.8328,94.4721,94.6267,78915
2023-05-03 09:15:00,94.5751,100.193,94.3174,98.4921,1719101
2023-05-03 10:15:00,98.3891,98.956,98.0283,98.5952,343363
2023-05-03 11:15:00,98.5952,98.6983,97.616,97.8221,208365
2023-05-03 12:15:00,97.7191,99.0591,97.6675,98.6983,209656
2023-05-03 13:15:00,98.5952,99.2137,98.4406,98.8529,224466
2023-05-03 14:15:00,98.8529,98.9045,97.7706,98.286,298968
2023-05-03 15:15:00,98.2344,98.5437,97.9768,98.2344,209367
2023-05-04 09:15:00,99.4199,99.626,98.4406,98.8014,233347
2023-05-04 10:15:00,98.7498,99.3683,98.7498,99.1106,104166
2023-05-04 11:15:00,99.0075,99.5229,98.6983,98.8014,121700
2023-05-04 12:15:00,98.8529,99.2652,98.8014,99.2137,54715
2023-05-04 13:15:00,99.2652,99.2652,98.7498,98.8014,96290
2023-05-04 14:15:00,98.8014,98.9045,98.4921,98.5952,150422
2023-05-04 15:15:00,98.7498,99.4199,98.5437,98.7498,140513
2023-05-05 09:15:00,99.0591,99.1622,98.1314,98.3891,155656
2023-05-05 10:15:00,98.4921,99.1106,98.286,98.7498,106916
2023-05-05 11:15:00,98.6983,98.8529,98.4406,98.6468,52385
2023-05-05 12:15:00,98.4921,98.8529,98.4406,98.6983,21689
2023-05-05 13:15:00,98.6983,99.8837,98.4921,98.6983,117859
2023-05-05 14:15:00,98.6468,98.7498,97.7191,97.8221,95640
2023-05-05 15:15:00,97.8221,98.7498,97.8221,97.9768,48046
2023-05-08 09:15:00,98.9045,98.9045,97.9768,98.0798,152521
2023-05-08 10:15:00,98.1829,98.4921,98.1314,98.3891,63275
2023-05-08 11:15:00,98.3891,98.6468,98.286,98.5437,46177
2023-05-08 12:15:00,98.5952,99.7806,98.3891,99.2652,195550
2023-05-08 13:15:00,99.3168,99.3168,98.956,99.0075,66585
2023-05-08 14:15:00,99.0075,99.7806,98.956,99.2652,142266
2023-05-08 15:15:00,99.2652,99.6776,99.2137,99.3683,120202
2023-05-09 09:15:00,100.0383,100.6053,99.0075,99.0075,224965
2023-05-09 10:15:00,99.0075,99.3683,99.0075,99.1622,52005
2023-05-09 11:15:00,99.1106,100.2445,99.0591,100.0383,111320
2023-05-09 12:15:00,100.0899,100.6568,99.3683,99.6776,185704
2023-05-09 13:15:00,99.5229,99.8837,98.5437,98.8014,133695
2023-05-09 14:15:00,98.9045,99.2652,96.5852,97.1521,256591
2023-05-09 15:15:00,96.9975,97.1521,96.7913,97.1006,137537
2023-05-10 09:15:00,102.0484,105.0892,100.7599,104.11,8208960
2023-05-10 10:15:00,104.11,105.8623,102.203,102.9761,3954242
2023-05-10 11:15:00,102.9246,103.4915,102.1515,102.3061,797757
2023-05-10 12:15:00,102.4607,103.3369,102.4607,102.5638,582051
2023-05-10 13:15:00,102.5122,103.3884,102.2545,103.0792,751084
2023-05-10 14:15:00,103.0792,103.543,102.5638,102.7184,1111175
2023-05-10 15:15:00,102.7184,102.873,102.3061,102.7184,692955
2023-05-11 09:15:00,104.11,104.3161,101.6876,103.0792,844023
2023-05-11 10:15:00,103.0792,103.2853,102.6669,102.9246,186290
2023-05-11 11:15:00,102.9761,102.9761,102.203,102.3576,94154
2023-05-11 12:15:00,102.203,102.5638,102.1515,102.203,70696
2023-05-11 13:15:00,102.203,102.5638,102.0484,102.3576,101372
2023-05-11 14:15:00,102.2545,102.6153,101.7391,101.8422,318968
2023-05-11 15:15:00,101.8422,101.9453,101.6361,101.8422,205529
2023-05-12 09:15:00,101.4814,101.9453,100.0383,100.3991,326360
2023-05-12 10:15:00,100.5022,100.6568,99.4714,99.8322,172907
2023-05-12 11:15:00,99.8322,100.3476,99.5745,100.3476,98919
2023-05-12 12:15:00,100.4507,100.6568,100.0899,100.193,37674
2023-05-12 13:15:00,100.0899,100.3476,99.9868,99.9868,39633
2023-05-12 14:15:00,100.0899,100.193,99.3683,99.8837,195473
2023-05-12 15:15:00,99.8837,100.1414,99.5229,99.7291,113758
2023-05-15 09:15:00,100.193,100.193,98.7498,99.2652,234606
2023-05-15 10:15:00,99.3683,99.4714,98.956,99.2652,75996
2023-05-15 11:15:00,99.2652,99.7806,98.9045,99.7806,87968
2023-05-15 12:15:00,99.7806,100.6053,99.5229,100.1414,178170
2023-05-15 13:15:00,100.1414,100.6568,99.9868,100.5022,64039
2023-05-15 14:15:00,100.4507,100.8114,99.9868,100.0899,158010
2023-05-15 15:15:00,100.0899,100.296,99.9353,100.0899,61185
2023-05-16 09:15:00,100.0899,100.9145,99.9868,100.0383,234030
2023-05-16 10:15:00,100.1414,100.193,99.7806,99.9868,82448
2023-05-16 11:15:00,99.9868,100.3991,99.7806,100.193,70209
2023-05-16 12:15:00,100.0899,100.6053,99.7806,100.4507,130785
2023-05-16 13:15:00,100.296,100.6053,100.0383,100.0383,72478
2023-05-16 14:15:00,100.0899,100.1414,99.4714,99.5229,166668
2023-05-16 15:15:00,99.5229,99.8322,99.5229,99.626,76677
2023-05-17 09:15:00,99.626,100.6053,98.956,99.626,207697
2023-05-17 10:15:00,99.4714,99.7291,99.3683,99.626,62602
2023-05-17 11:15:00,99.626,99.8322,99.2652,99.3168,53613
2023-05-17 12:15:00,99.2652,99.5745,99.1106,99.1622,41361
2023-05-17 13:15:00,99.2652,99.3683,98.956,99.3168,46438
2023-05-17 14:15:00,99.1622,99.4199,98.956,99.2652,93637
2023-05-17 15:15:00,99.2652,99.3168,98.5952,99.1106,98814
2023-05-18 09:15:00,100.7083,101.7907,100.193,101.0176,557084
2023-05-18 10:15:00,101.0176,101.1207,100.8114,101.0176,52821
2023-05-18 11:15:00,100.9145,101.3268,100.7599,100.863,67094
2023-05-18 12:15:00,100.863,100.863,100.5022,100.6568,36417
2023-05-18 13:15:00,100.6053,100.9145,100.1414,100.1414,52853
2023-05-18 14:15:00,100.2445,100.4507,99.7291,100.3991,159472
2023-05-18 15:15:00,100.3476,100.3476,99.6776,99.9868,58029
2023-05-19 09:15:00,99.9353,99.9353,97.8737,98.1314,215967
2023-05-19 10:15:00,98.1314,99.1106,96.4821,98.1314,362036
2023-05-19 11:15:00,98.1829,98.3891,97.9252,98.286,72353
2023-05-19 12:15:00,98.1314,98.2344,97.6675,97.9252,41382
2023-05-19 13:15:00,97.9252,98.3375,97.8737,98.1829,34257
2023-05-19 14:15:00,98.1829,98.1829,97.5129,97.7706,97700
2023-05-19 15:15:00,97.8737,98.1829,97.7706,97.9252,48937
2023-05-22 09:15:00,97.8737,97.9252,96.4821,97.2037,198961
2023-05-22 10:15:00,97.2552,97.4098,97.049,97.1006,39009
2023-05-22 11:15:00,97.2552,97.4098,97.049,97.3583,42416
2023-05-22 12:15:00,97.2552,97.5129,97.2037,97.4098,29859
2023-05-22 13:15:00,97.4098,97.4098,97.1006,97.1521,48624
2023-05-22 14:15:00,97.1521,97.7706,97.1521,97.5129,60791
2023-05-22 15:15:00,97.5129,97.616,97.4098,97.5129,65525
2023-05-23 09:15:00,98.286,99.8322,98.286,99.1106,304112
2023-05-23 10:15:00,99.1106,99.3168,99.0075,99.1106,46039
2023-05-23 11:15:00,99.1106,99.1106,98.8014,99.0075,47479
2023-05-23 12:15:00,99.1106,99.2137,98.6468,98.7498,50800
2023-05-23 13:15:00,98.7498,98.9045,98.5952,98.7498,42180
2023-05-23 14:15:00,98.7498,98.8014,98.2344,98.4406,52490
2023-05-23 15:15:00,98.3891,98.7498,98.2344,98.4406,47573
2023-05-24 09:15:00,98.6983,98.7498,97.616,98.2344,108870
2023-05-24 10:15:00,98.3375,98.5437,98.0798,98.286,35232
2023-05-24 11:15:00,98.3375,98.5952,98.0283,98.1314,28956
2023-05-24 12:15:00,98.1314,98.1829,97.9252,98.0283,31798
2023-05-24 13:15:00,98.0283,98.4406,97.7706,98.1829,59816
2023-05-24 14:15:00,98.2344,98.286,97.7706,98.1314,55984
2023-05-24 15:15:00,97.9768,98.8014,97.9768,98.3375,88124
2023-05-25 09:15:00,98.4921,98.9045,97.9768,98.0283,108424
2023-05-25 10:15:00,98.0283,98.4921,97.9768,98.2344,34473
2023-05-25 11:15:00,98.2344,98.2344,97.9768,98.1314,37645
2023-05-25 12:15:00,98.1314,98.1314,97.5129,97.8221,54334
2023-05-25 13:15:00,97.8221,97.8221,97.5129,97.6675,29710
2023-05-25 14:15:00,97.5644,97.8737,97.5129,97.7706,40995
2023-05-25 15:15:00,97.7706,97.9252,97.4098,97.7191,52220
2023-05-26 09:15:00,98.3375,98.3375,97.2552,98.1829,133981
2023-05-26 10:15:00,98.1829,98.1829,97.616,97.616,30509
2023-05-26 11:15:00,97.616,97.9768,97.616,97.6675,34892
2023-05-26 12:15:00,97.7706,97.8737,97.6675,97.7706,49130
2023-05-26 13:15:00,97.6675,98.2344,97.6675,97.7706,60640
2023-05-26 14:15:00,97.9252,98.286,97.7191,97.9768,112413
2023-05-26 15:15:00,98.0798,98.1829,97.7706,98.0283,49539
2023-05-29 09:15:00,98.3375,98.8014,97.6675,98.0798,85955
2023-05-29 10:15:00,98.0798,98.3375,97.9768,98.2344,26893
2023-05-29 11:15:00,98.286,98.3375,98.0283,98.1829,32558
2023-05-29 12:15:00,98.286,98.3375,98.1314,98.1314,27514
2023-05-29 13:15:00,98.2344,98.3891,98.1829,98.2344,32003
2023-05-29 14:15:00,98.2344,98.2344,97.7191,97.8737,73608
2023-05-29 15:15:00,97.8737,97.9252,97.7191,97.8737,42402
2023-05-30 09:15:00,98.286,98.956,97.5129,98.7498,118384
2023-05-30 10:15:00,98.6468,98.8529,98.2344,98.4406,89042
2023-05-30 11:15:00,98.3891,98.8529,98.286,98.3891,55913
2023-05-30 12:15:00,98.4406,98.4921,98.0798,98.1314,12554
2023-05-30 13:15:00,98.1314,98.286,97.9768,98.2344,14874
2023-05-30 14:15:00,98.286,98.3891,98.0798,98.286,41887
2023-05-30 15:15:00,98.1314,98.286,98.0283,98.1829,42936
2023-05-31 09:15:00,97.7191,98.1829,97.5129,97.9252,100227
2023-05-31 10:15:00,97.8221,98.0283,97.5129,97.9252,73947
2023-05-31 11:15:00,98.0283,98.0798,97.5129,97.5129,37815
2023-05-31 12:15:00,97.616,97.9252,97.5129,97.7191,24442
2023-05-31 13:15:00,97.6675,97.8737,97.616,97.8737,30390
2023-05-31 14:15:00,97.8221,97.9768,97.6675,97.8737,47312
2023-05-31 15:15:00,97.8221,98.0283,97.7191,97.7706,32873
2023-06-01 09:15:00,98.5437,98.7498,98.0798,98.4406,69963
2023-06-01 10:15:00,98.286,99.3683,98.286,98.7498,102825
2023-06-01 11:15:00,98.6983,99.1106,98.6983,98.9045,77980
2023-06-01 12:15:00,98.9045,99.2137,98.8014,99.0075,148360
2023-06-01 13:15:00,99.1106,99.3683,98.5952,98.5952,77790
2023-06-01 14:15:00,98.6983,99.0591,98.1829,98.8014,99824
2023-06-01 15:15:00,98.8529,99.2137,98.6468,98.8014,45557
2023-06-02 09:15:00,99.2137,100.3991,99.2137,99.7806,239413
2023-06-02 10:15:00,99.7806,99.9353,99.626,99.7291,46166
2023-06-02 11:15:00,99.7291,100.193,99.6776,99.6776,61289
2023-06-02 12:15:00,99.6776,100.0899,99.6776,99.9868,36251
2023-06-02 13:15:00,99.9868,100.0899,99.7291,99.9353,31979
2023-06-02 14:15:00,99.8322,99.9353,99.3683,99.5229,85779
2023-06-02 15:15:00,99.5229,99.7806,99.4199,99.5745,73308
2023-06-05 09:15:00,99.6776,101.533,99.6776,101.0176,446519
2023-06-05 10:15:00,101.0176,102.6153,101.0176,102.1515,609817
2023-06-05 11:15:00,102.1515,102.7699,102.0999,102.3061,160652
2023-06-05 12:15:00,102.3061,102.9761,102.1515,102.3061,261398
2023-06-05 13:15:00,102.4092,107.8208,102.3061,106.8416,2843025
2023-06-05 14:15:00,106.79,107.2023,105.3469,106.3777,1723198
2023-06-05 15:15:00,106.1715,106.79,105.9654,106.4808,581883
2023-06-06 09:15:00,106.8931,109.1608,105.7592,106.4808,1606720
2023-06-06 10:15:00,106.3777,106.4808,105.0892,105.45,226758
2023-06-06 11:15:00,105.5015,106.4808,105.1923,105.7592,207008
2023-06-06 12:15:00,105.7592,106.0685,105.6561,106.0169,213291
2023-06-06 13:15:00,105.8623,106.9962,105.8108,106.8416,188020
2023-06-06 14:15:00,106.9446,108.7485,106.9446,107.5116,661200
2023-06-06 15:15:00,107.46,107.9239,107.4085,107.8724,243686
2023-06-07 09:15:00,108.2331,108.5424,106.6869,107.2023,320787
2023-06-07 10:15:00,107.0477,107.2539,105.8108,106.0169,202447
2023-06-07 11:15:00,106.0169,106.3262,105.5531,106.2231,111097
2023-06-07 12:15:00,106.0685,106.2746,105.7077,106.2231,61827
2023-06-07 13:15:00,106.2746,110.8101,106.2746,108.8001,1411490
2023-06-07 14:15:00,108.8001,109.6247,108.027,108.027,335303
2023-06-07 15:15:00,108.0785,109.1608,107.9239,108.5939,219434
2023-06-08 09:15:00,109.1093,110.0886,108.4393,108.8001,310235
2023-06-08 10:15:00,108.7485,109.1093,108.027,108.2331,88345
2023-06-08 11:15:00,108.13,108.2331,105.8623,106.5839,293281
2023-06-08 12:15:00,106.5323,106.9962,106.5323,106.79,59672
2023-06-08 13:15:00,106.79,107.5116,106.6869,106.8931,68997
2023-06-08 14:15:00,106.9962,106.9962,106.3262,106.5323,101806
2023-06-08 15:15:00,106.5323,106.9962,106.3262,106.5839,67420
2023-06-09 09:15:00,107.2023,107.2023,105.0377,105.9654,293955
2023-06-09 10:15:00,105.8623,106.0169,105.5531,105.7592,39873
2023-06-09 11:15:00,105.8623,106.79,105.6561,106.12,58647
2023-06-09 12:15:00,106.2231,106.2231,105.5531,105.7592,36787
2023-06-09 13:15:00,105.7592,105.9138,105.2954,105.3985,43811
2023-06-09 14:15:00,105.3985,105.6561,105.2954,105.3985,85147
2023-06-09 15:15:00,105.3985,105.6046,105.2954,105.45,68106
2023-06-12 09:15:00,108.027,110.7586,107.2539,109.1093,1131872
2023-06-12 10:15:00,109.0062,109.367,108.3362,108.3877,189716
2023-06-12 11:15:00,108.4393,108.4393,107.6662,107.9239,142018
2023-06-12 12:15:00,108.027,109.4185,107.9754,109.0578,169917
2023-06-12 13:15:00,109.1608,109.4185,107.7693,108.0785,275917
2023-06-12 14:15:00,108.1816,108.4908,107.7693,108.027,198195
2023-06-12 15:15:00,107.9239,108.4393,107.7177,108.027,156022
2023-06-13 09:15:00,108.027,108.9547,106.9446,107.0993,422134
2023-06-13 10:15:00,107.1508,107.9754,106.8416,107.7693,76056
2023-06-13 11:15:00,107.9239,108.4393,107.46,108.2847,78045
2023-06-13 12:15:00,108.2847,109.0578,108.2847,108.5424,233301
2023-06-13 13:15:00,108.5424,108.697,107.7177,107.7693,72671
2023-06-13 14:15:00,107.7177,108.7485,107.5116,108.6454,158821
2023-06-13 15:15:00,108.4393,108.8001,108.2847,108.4908,99862
2023-06-14 09:15:00,107.9754,108.2331,107.3054,107.4085,146741
2023-06-14 10:15:00,107.4085,107.8208,107.3054,107.4085,60933
2023-06-14 11:15:00,107.46,107.6147,107.0477,107.0993,76642
2023-06-14 12:15:00,107.0993,107.3054,106.6869,107.0477,60151
2023-06-14 13:15:00,106.9962,107.4085,106.6869,106.79,80909
2023-06-14 14:15:00,106.8931,107.7693,106.6869,107.0477,159880
2023-06-14 15:15:00,107.0477,107.4085,106.6354,106.9962,143545
2023-06-15 09:15:00,107.2023,110.2947,106.6354,109.2124,619505
2023-06-15 10:15:00,109.2124,109.4185,108.2331,108.3362,177151
2023-06-15 11:15:00,108.2847,108.2847,107.4085,107.5116,133289
2023-06-15 12:15:00,107.6147,108.13,107.6147,107.8724,101654
2023-06-15 13:15:00,107.9239,108.0785,107.0477,107.1508,87085
2023-06-15 14:15:00,107.1508,107.3054,105.5531,106.8416,271202
2023-06-15 15:15:00,106.7385,107.0993,106.2231,106.4292,108229
2023-06-16 09:15:00,107.2023,109.7278,107.1508,108.7485,550034
2023-06-16 10:15:00,108.697,108.9031,107.8208,107.9754,138983
2023-06-16 11:15:00,107.9754,109.9855,107.9754,108.9031,561686
2023-06-16 12:15:00,108.8516,109.2124,108.3362,108.4908,123618
2023-06-16 13:15:00,108.5939,108.6454,107.8208,108.2331,156207
2023-06-16 14:15:00,108.13,109.1093,108.13,108.2847,333552
2023-06-16 15:15:00,108.4908,108.4908,107.9239,108.0785,108153
2023-06-19 09:15:00,108.2847,108.8516,107.8208,108.1816,200792
2023-06-19 10:15:00,108.1816,108.4908,107.5631,108.0785,101716
2023-06-19 11:15:00,108.2847,109.6762,108.2331,108.5424,300587
2023-06-19 12:15:00,108.4393,108.697,107.7177,107.7177,78243
2023-06-19 13:15:00,107.7693,107.8724,106.9962,107.5631,146007
2023-06-19 14:15:00,107.6147,107.6147,107.0477,107.357,157569
2023-06-19 15:15:00,107.357,107.46,106.9962,107.4085,93142
2023-06-20 09:15:00,107.2023,107.7177,106.5839,107.4085,199022
2023-06-20 10:15:00,107.357,108.7485,106.9446,107.9239,278790
2023-06-20 11:15:00,108.027,108.2847,107.9239,107.9239,48777
2023-06-20 12:15:00,107.9239,108.027,107.2023,107.46,72861
2023-06-20 13:15:00,107.46,107.6662,107.357,107.6147,40164
2023-06-20 14:15:00,107.46,109.2639,107.46,107.9754,287033
2023-06-20 15:15:00,107.9754,108.13,107.7177,107.9239,71811
2023-06-21 09:15:00,108.2331,108.9031,107.7693,108.3877,164449
2023-06-21 10:15:00,108.3877,109.1608,108.1816,108.5939,166205
2023-06-21 11:15:00,108.3877,109.9855,108.027,108.8516,323458
2023-06-21 12:15:00,109.0062,109.1093,108.4908,108.6454,66899
2023-06-21 13:15:00,108.6454,109.2124,108.2847,108.8516,99676
2023-06-21 14:15:00,108.8516,108.8516,107.8208,108.13,187793
2023-06-21 15:15:00,108.027,108.1816,107.8724,107.9754,98803
2023-06-22 09:15:00,108.2331,108.5939,107.7177,108.3362,161454
2023-06-22 10:15:00,108.4393,109.1093,108.13,108.2331,146081
2023-06-22 11:15:00,108.1816,108.2331,107.3054,107.3054,78238
2023-06-22 12:15:00,107.357,107.6662,106.6354,106.9446,129478
2023-06-22 13:15:00,106.9962,107.6147,106.9446,107.2023,63562
2023-06-22 14:15:00,107.2539,108.1816,106.9962,107.7177,138742
2023-06-22 15:15:00,107.6662,107.7177,106.9962,107.2023,92905
2023-06-23 09:15:00,107.357,107.5116,104.7284,105.6561,411465
2023-06-23 10:15:00,105.6046,106.3262,105.2438,105.5015,108404
2023-06-23 11:15:00,105.5015,105.8108,105.3469,105.45,39870
2023-06-23 12:15:00,105.6046,106.5323,105.5531,105.7077,89039
2023-06-23 13:15:00,105.8108,105.8623,105.2954,105.2954,15854
2023-06-23 14:15:00,105.2438,105.3469,104.6769,104.9346,115426
2023-06-23 15:15:00,104.8315,104.9861,104.6769,104.9346,78926
2023-06-26 09:15:00,105.1408,105.7077,104.3161,104.78,158990
2023-06-26 10:15:00,104.78,105.1408,104.5738,104.9346,83303
2023-06-26 11:15:00,104.9346,105.0892,104.6254,104.9346,12688
2023-06-26 12:15:00,104.9346,104.9346,104.3677,104.4192,29217
2023-06-26 13:15:00,104.4192,104.8831,104.213,104.5223,33015
2023-06-26 14:15:00,104.5223,105.45,104.5223,105.2954,122144
2023-06-26 15:15:00,105.2954,105.7592,105.0377,105.3985,66781
2023-06-27 09:15:00,105.1408,107.1508,105.1408,106.3262,275499
2023-06-27 10:15:00,106.3777,108.4393,106.0685,106.79,514555
2023-06-27 11:15:00,106.79,106.9962,106.1715,106.4808,101012
2023-06-27 12:15:00,106.4808,106.5839,105.6561,106.0169,68256
2023-06-27 13:15:00,105.8623,106.12,105.7077,105.8623,18817
2023-06-27 14:15:00,105.9654,106.1715,105.45,105.8108,132217
2023-06-27 15:15:00,105.9654,105.9654,104.213,105.0892,169683
2023-06-28 09:15:00,105.9654,106.4808,105.5531,105.5531,156264
2023-06-28 10:15:00,105.5531,105.7592,105.2954,105.45,77306
2023-06-28 11:15:00,105.45,105.6046,105.2954,105.3985,30943
2023-06-28 12:15:00,105.3985,105.3985,104.78,104.9346,68076
2023-06-28 13:15:00,104.9861,105.0892,104.6254,104.6769,76672
2023-06-28 14:15:00,104.6769,104.8831,104.4192,104.5738,113913
2023-06-28 15:15:00,104.5738,104.8831,104.5223,104.7284,50508
2023-06-30 09:15:00,104.78,105.7592,103.6461,104.11,247920
2023-06-30 10:15:00,104.11,104.5223,104.0069,104.2646,93933
2023-06-30 11:15:00,104.213,104.3677,104.0584,104.11,43593
2023-06-30 12:15:00,104.1615,104.4192,103.2338,103.6461,193582
2023-06-30 13:15:00,103.6976,103.7492,103.4399,103.5946,74728
2023-06-30 14:15:00,103.5946,104.2646,103.4915,103.8523,135460
2023-06-30 15:15:00,104.0584,104.0584,103.8007,103.8007,85770
2023-07-03 09:15:00,104.0584,104.8315,104.0584,104.3161,210474
2023-07-03 10:15:00,104.2646,104.8315,104.213,104.4707,60787
2023-07-03 11:15:00,104.4707,104.5738,104.11,104.4192,80760
2023-07-03 12:15:00,104.4192,104.78,104.3161,104.6769,63171
2023-07-03 13:15:00,104.7284,105.8108,104.4192,104.6254,179572
2023-07-03 14:15:00,104.5223,105.1923,104.4192,105.1408,95531
2023-07-03 15:15:00,105.0377,105.0892,104.8831,105.0377,58355
2023-07-04 09:15:00,105.1408,105.6046,103.6976,104.6254,155266
2023-07-04 10:15:00,104.5738,104.7284,104.3677,104.6769,52834
2023-07-04 11:15:00,104.6769,104.7284,104.11,104.4192,74291
2023-07-04 12:15:00,104.4192,104.4707,103.9038,104.0069,63313
2023-07-04 13:15:00,104.0069,104.0584,103.543,103.6461,107839
2023-07-04 14:15:00,103.5946,104.0069,103.4915,103.9038,91446
2023-07-04 15:15:00,103.9038,104.0069,103.7492,103.8007,54231
2023-07-05 09:15:00,103.5946,104.5738,103.543,104.11,152032
2023-07-05 10:15:00,103.9038,104.5223,103.8007,104.4192,64317
2023-07-05 11:15:00,104.4192,104.5223,103.543,103.5946,203811
2023-07-05 12:15:00,103.5946,103.7492,103.3369,103.5946,37469
2023-07-05 13:15:00,103.5946,103.8007,103.0792,103.1822,93119
2023-07-05 14:15:00,103.1822,103.5946,103.0792,103.4399,93518
2023-07-05 15:15:00,103.3884,103.6461,102.1515,103.3884,121511
2023-07-06 09:15:00,103.3884,105.2438,103.2853,104.8315,200999
2023-07-06 10:15:00,104.8315,105.3469,104.5738,104.9861,92892
2023-07-06 11:15:00,104.9861,104.9861,104.3677,104.4707,160130
2023-07-06 12:15:00,104.4707,104.5223,103.9038,104.11,57512
2023-07-06 13:15:00,104.11,104.11,103.8007,104.0069,38834
2023-07-06 14:15:00,104.0584,104.11,103.7492,103.9038,80870
2023-07-06 15:15:00,103.9038,104.11,103.7492,103.8007,86972
2023-07-07 09:15:00,104.213,104.8315,104.0584,104.3161,124426
2023-07-07 10:15:00,104.2646,104.2646,103.0792,103.3884,113071
2023-07-07 11:15:00,103.543,103.6461,102.873,103.0276,109728
2023-07-07 12:15:00,103.0276,103.0792,102.873,103.0276,64093
2023-07-07 13:15:00,102.9761,103.2853,102.9246,103.1822,70771
2023-07-07 14:15:00,103.2853,103.2853,102.9246,103.1307,192091
2023-07-07 15:15:00,102.9761,103.0792,102.203,102.6669,184781
2023-07-10 09:15:00,103.0792,103.3884,102.4092,102.5638,108877
2023-07-10 10:15:00,102.5638,102.8215,102.3061,102.6669,77891
2023-07-10 11:15:00,102.7699,103.0792,102.3576,102.3576,119629
2023-07-10 12:15:00,102.3576,102.7184,101.7391,102.0484,120222
2023-07-10 13:15:00,101.9968,102.1515,101.8938,101.9968,61312
2023-07-10 14:15:00,101.9968,102.0484,101.8422,101.9968,84535
2023-07-10 15:15:00,101.9968,102.0484,101.7907,101.9453,59117
2023-07-11 09:15:00,102.2545,106.0685,102.1515,105.9138,1223155
2023-07-11 10:15:00,105.9138,105.9654,104.9346,105.3985,226705
2023-07-11 11:15:00,105.2438,105.3985,104.8315,105.2954,108576
2023-07-11 12:15:00,105.1923,105.2954,104.6769,104.8831,255629
2023-07-11 13:15:00,104.8315,105.2438,104.7284,105.0892,129322
2023-07-11 14:15:00,105.0892,105.2438,104.3161,104.4707,229313
2023-07-11 15:15:00,104.6254,104.7284,104.2646,104.4707,189238
2023-07-12 09:15:00,105.5015,105.9654,104.78,104.8315,264462
2023-07-12 10:15:00,104.7284,105.9654,104.5738,105.0892,273399
2023-07-12 11:15:00,105.1408,105.2438,103.8007,104.11,181773
2023-07-12 12:15:00,104.11,104.11,103.8523,104.11,51363
2023-07-12 13:15:00,104.11,104.11,103.8523,104.11,60606
2023-07-12 14:15:00,104.11,104.9861,104.0069,104.6254,160564
2023-07-12 15:15:00,104.6769,104.8315,104.4192,104.8315,81379
2023-07-13 09:15:00,105.1408,105.1408,104.0069,104.4192,163815
2023-07-13 10:15:00,104.4192,104.4707,103.8007,103.9038,64496
2023-07-13 11:15:00,103.9038,104.3161,102.873,103.0276,270625
2023-07-13 12:15:00,103.0792,103.2853,102.9761,103.2853,119208
2023-07-13 13:15:00,103.2853,103.5946,102.6153,102.873,70686
2023-07-13 14:15:00,102.7699,103.5946,102.6153,103.2338,86242
2023-07-13 15:15:00,103.2338,103.3369,102.9761,103.2853,49589
2023-07-14 09:15:00,103.0792,104.9346,102.873,103.6976,263140
2023-07-14 10:15:00,103.6976,104.0584,103.2338,103.543,62741
2023-07-14 11:15:00,103.4915,104.0069,102.9761,103.0792,97036
2023-07-14 12:15:00,103.0276,103.2853,102.5638,103.1822,169647
2023-07-14 13:15:00,103.2853,103.543,103.0792,103.2338,48496
2023-07-14 14:15:00,103.1307,103.543,102.9761,103.4915,145023
2023-07-14 15:15:00,103.3369,104.0584,103.3369,104.0069,134750
2023-07-17 09:15:00,104.0584,104.3677,103.1822,103.7492,213175
2023-07-17 10:15:00,103.8523,104.4707,103.4915,104.11,86547
2023-07-17 11:15:00,104.11,104.11,102.9246,102.9761,140043
2023-07-17 12:15:00,103.0792,103.0792,102.873,103.0792,66872
2023-07-17 13:15:00,103.0792,103.0792,102.873,102.9246,55624
2023-07-17 14:15:00,102.9761,103.0792,102.5638,102.873,137226
2023-07-17 15:15:00,102.873,103.0792,102.7699,102.9761,108355
2023-07-18 09:15:00,103.0792,104.11,102.8215,103.0792,231376
2023-07-18 10:15:00,103.0792,103.1307,102.873,102.9761,58244
2023-07-18 11:15:00,103.0792,103.0792,101.7907,101.8422,257302
2023-07-18 12:15:00,101.8422,102.1515,101.6361,102.0484,139920
2023-07-18 13:15:00,102.0484,102.203,101.8422,102.0484,21882
2023-07-18 14:15:00,102.0484,102.3576,101.8422,102.2545,77141
2023-07-18 15:15:00,102.3576,102.4607,102.0484,102.2545,74554
2023-07-19 09:15:00,103.1307,103.2853,102.5638,102.8215,170946
2023-07-19 10:15:00,102.8215,102.8215,102.1515,102.1515,65211
2023-07-19 11:15:00,102.1515,102.3576,101.9453,101.9968,60517
2023-07-19 12:15:00,101.9968,102.2545,101.9453,102.1515,70321
2023-07-19 13:15:00,102.0484,102.2545,101.9453,102.0999,48020
2023-07-19 14:15:00,102.0999,102.873,101.9968,102.1515,138457
2023-07-19 15:15:00,102.0999,102.3061,101.8422,102.0484,93022
2023-07-20 09:15:00,102.0484,102.6669,102.0484,102.3576,135414
2023-07-20 10:15:00,102.4607,102.4607,102.0999,102.1515,77756
2023-07-20 11:15:00,102.1515,102.3061,100.8114,101.0691,295263
2023-07-20 12:15:00,101.0691,101.2753,100.9145,101.2237,128361
2023-07-20 13:15:00,101.2753,101.533,101.2237,101.2753,62049
2023-07-20 14:15:00,101.2753,101.4299,101.0176,101.2237,105740
2023-07-20 15:15:00,101.2753,101.4814,101.1722,101.4814,76333
2023-07-21 09:15:00,101.533,101.9968,101.3268,101.7907,164240
2023-07-21 10:15:00,101.8938,102.4092,101.6361,101.9453,70310
2023-07-21 11:15:00,101.9453,101.9968,101.5845,101.7907,39462
2023-07-21 12:15:00,101.8938,101.9453,101.2753,101.6876,71378
2023-07-21 13:15:00,101.5845,101.8938,101.3784,101.533,52050
2023-07-21 14:15:00,101.4814,101.6361,101.2237,101.5845,103552
2023-07-21 15:15:00,101.533,101.6876,101.2753,101.2753,73084
2023-07-24 09:15:00,101.533,102.4092,101.2753,101.5845,187977
2023-07-24 10:15:00,101.533,101.8422,101.3268,101.3784,106008
2023-07-24 11:15:00,101.2753,101.4814,101.1207,101.3784,58472
2023-07-24 12:15:00,101.3784,101.7391,101.2753,101.6361,32046
2023-07-24 13:15:00,101.6361,101.6361,101.2753,101.3268,45694
2023-07-24 14:15:00,101.3784,101.4814,101.1207,101.2753,52801
2023-07-24 15:15:00,101.2237,101.3268,101.1207,101.3268,61237
2023-07-25 09:15:00,101.5845,102.6669,101.4814,102.3061,283124
2023-07-25 10:15:00,102.1515,102.3061,101.4299,101.533,162600
2023-07-25 11:15:00,101.533,101.5845,101.0176,101.2237,83448
2023-07-25 12:15:00,101.1722,101.4814,101.1207,101.2237,39652
2023-07-25 13:15:00,101.1722,101.4299,100.966,101.0176,110693
2023-07-25 14:15:00,101.0176,101.1722,100.7599,100.9145,161244
2023-07-25 15:15:00,100.9145,101.0176,100.7083,100.9145,90166
2023-07-26 09:15:00,101.3268,101.7907,101.0691,101.5845,127814
2023-07-26 10:15:00,101.7391,102.1515,101.5845,101.9453,109342
2023-07-26 11:15:00,101.9453,101.9453,101.5845,101.7391,44916
2023-07-26 12:15:00,101.7391,101.7907,100.6053,100.9145,190896
2023-07-26 13:15:00,100.9145,101.0176,100.8114,101.0176,57421
2023-07-26 14:15:00,101.0176,101.0691,100.8114,100.9145,110780
2023-07-26 15:15:00,101.0176,101.0176,100.7599,101.0176,85276
2023-07-27 09:15:00,101.1722,101.533,100.9145,101.0176,188772
2023-07-27 10:15:00,101.0176,101.2753,100.9145,101.0176,86968
2023-07-27 11:15:00,101.0176,101.0176,100.2445,100.3476,178544
2023-07-27 12:15:00,100.3991,100.6053,99.7806,100.2445,153419
2023-07-27 13:15:00,100.1414,100.5537,100.1414,100.5537,59755
2023-07-27 14:15:00,100.5022,100.6053,99.9868,100.3991,107837
2023-07-27 15:15:00,100.3476,100.4507,100.0899,100.3991,67057
2023-07-28 09:15:00,100.6568,100.966,100.0899,100.8114,105849
2023-07-28 10:15:00,100.7083,101.4299,100.5022,101.0691,146780
2023-07-28 11:15:00,101.0691,101.2237,100.7083,100.7599,36373
2023-07-28 12:15:00,100.7083,101.0176,100.6053,100.966,54229
2023-07-28 13:15:00,100.966,101.0176,100.5022,100.7599,55236
2023-07-28 14:15:00,100.6568,100.9145,100.5537,100.9145,150580
2023-07-28 15:15:00,100.9145,101.0176,100.7083,100.9145,53899
2023-07-31 09:15:00,101.1207,101.9968,101.0176,101.7391,238074
2023-07-31 10:15:00,101.8422,102.5638,101.6361,102.3576,234462
2023-07-31 11:15:00,102.3576,106.0169,102.3061,105.3469,1154066
2023-07-31 12:15:00,105.3985,105.5531,104.7284,104.9346,523814
2023-07-31 13:15:00,104.8315,105.5015,104.7284,105.2954,312634
2023-07-31 14:15:00,105.2954,107.4085,104.9346,106.9962,1420729
2023-07-31 15:15:00,107.0477,107.4085,106.8931,107.1508,462602
2023-08-01 09:15:00,107.5631,107.5631,105.9654,106.6869,737773
2023-08-01 10:15:00,106.79,106.9446,106.0169,106.5323,259927
2023-08-01 11:15:00,106.5323,107.0477,106.3262,106.7385,94764
2023-08-01 12:15:00,106.79,106.79,106.1715,106.3262,118525
2023-08-01 13:15:00,106.3262,106.79,106.3262,106.5323,62799
2023-08-01 14:15:00,106.6354,106.6869,106.12,106.4292,190625
2023-08-01 15:15:00,106.3777,106.3777,105.7592,106.12,144830
2023-08-02 09:15:00,105.9654,107.357,105.45,106.9446,459684
2023-08-02 10:15:00,106.9446,107.1508,104.9346,105.45,331391
2023-08-02 11:15:00,105.45,105.6046,104.3161,104.8315,324081
2023-08-02 12:15:00,104.78,105.0377,104.2646,104.3161,78703
2023-08-02 13:15:00,104.3161,104.4192,103.6461,103.8523,223674
2023-08-02 14:15:00,103.8523,104.0584,103.3369,104.0069,235604
2023-08-02 15:15:00,103.9553,103.9553,103.6461,103.8523,127872
2023-08-03 09:15:00,103.6461,104.78,103.4399,104.3161,269353
2023-08-03 10:15:00,104.3677,106.5839,104.213,105.9654,273151
2023-08-03 11:15:00,106.0685,106.7385,105.3985,105.3985,213957
2023-08-03 12:15:00,105.3985,105.5015,104.3161,104.5223,131661
2023-08-03 13:15:00,104.5223,104.7284,103.9553,104.0069,122263
2023-08-03 14:15:00,104.11,105.5531,104.11,105.2954,175050
2023-08-03 15:15:00,105.2438,105.5015,104.8831,105.5015,104968
2023-08-04 09:15:00,105.8623,107.4085,105.8623,106.4292,520455
2023-08-04 10:15:00,106.4292,107.4085,105.9654,106.9962,360591
2023-08-04 11:15:00,106.9962,107.1508,106.3262,106.5839,99224
2023-08-04 12:15:00,106.6354,106.7385,106.2231,106.4808,74961
2023-08-04 13:15:00,106.4808,106.4808,105.9138,105.9654,122997
2023-08-04 14:15:00,106.0169,106.2746,105.9654,106.12,127030
2023-08-04 15:15:00,106.2231,106.2746,105.7592,105.9138,117071
2023-08-07 09:15:00,106.6354,106.6354,103.3369,103.4399,551948
2023-08-07 10:15:00,103.4915,103.4915,102.5638,103.1822,423222
2023-08-07 11:15:00,103.0792,103.3884,102.9761,103.3884,85078
2023-08-07 12:15:00,103.3884,103.4915,103.1307,103.3884,83399
2023-08-07 13:15:00,103.2338,103.4915,102.9761,103.3369,119796
2023-08-07 14:15:00,103.2853,103.4915,103.0276,103.0792,101247
2023-08-07 15:15:00,103.1822,103.2853,102.873,103.2853,82070
2023-08-08 09:15:00,103.0276,104.0069,102.7184,103.4399,283479
2023-08-08 10:15:00,103.3884,103.7492,102.5638,102.7699,189677
2023-08-08 11:15:00,102.6153,102.8215,102.3576,102.6669,107151
2023-08-08 12:15:00,102.7699,102.7699,102.5122,102.7184,33959
2023-08-08 13:15:00,102.6669,102.7699,102.5122,102.6669,32322
2023-08-08 14:15:00,102.6669,102.873,102.3576,102.4607,97748
2023-08-08 15:15:00,102.4092,102.6669,102.3576,102.6669,65614
2023-08-09 09:15:00,103.0276,103.1822,102.1515,102.5638,151393
2023-08-09 10:15:00,102.6153,102.873,102.4092,102.5122,35311
2023-08-09 11:15:00,102.5122,102.7184,102.3061,102.4607,59859
2023-08-09 12:15:00,102.4607,102.5638,102.3576,102.4092,22805
2023-08-09 13:15:00,102.5638,102.6153,102.4607,102.5122,27005
2023-08-09 14:15:00,102.6153,103.0276,102.5638,102.8215,130659
2023-08-09 15:15:00,102.8215,103.0792,102.7184,103.0276,64314
2023-08-10 09:15:00,103.0792,104.6254,102.9246,103.9038,341212
2023-08-10 10:15:00,103.9038,104.0069,103.2853,103.9038,83037
2023-08-10 11:15:00,103.9038,104.213,103.8007,104.1615,82908
2023-08-10 12:15:00,104.1615,106.12,103.8523,104.4707,581552
2023-08-10 13:15:00,104.3677,104.6254,103.1822,103.3369,198197
2023-08-10 14:15:00,103.3369,104.0584,103.2338,104.0584,117366
2023-08-10 15:15:00,104.0069,104.0584,103.3369,103.5946,100614
2023-08-11 09:15:00,103.6976,106.1715,103.6461,105.5531,572218
2023-08-11 10:15:00,105.6561,106.12,104.6769,104.8315,192598
2023-08-11 11:15:00,104.9346,104.9346,104.3161,104.6254,103764
2023-08-11 12:15:00,104.5223,104.8315,104.3677,104.78,61525
2023-08-11 13:15:00,104.78,104.8315,104.4192,104.7284,57274
2023-08-11 14:15:00,104.7284,107.0993,104.3677,106.79,1631473
2023-08-11 15:15:00,106.8416,106.8931,106.2231,106.3777,337420
2023-08-14 09:15:00,106.1715,106.1715,104.213,104.9346,375128
2023-08-14 10:15:00,105.0377,106.1715,104.5223,105.6561,178398
2023-08-14 11:15:00,105.7592,106.5839,104.3677,104.8315,363969
2023-08-14 12:15:00,104.8315,105.0377,104.6254,105.0377,64530
2023-08-14 13:15:00,105.0377,105.1923,104.78,105.0377,51972
2023-08-14 14:15:00,105.0377,105.1408,104.6254,104.8315,123663
2023-08-14 15:15:00,104.8315,109.2124,104.8315,108.7485,1880391
2023-08-16 09:15:00,107.8724,111.7378,106.9446,111.0163,2061444
2023-08-16 10:15:00,111.0163,111.377,109.7793,110.2947,902540
2023-08-16 11:15:00,110.3463,111.0163,109.5732,109.7278,567475
2023-08-16 12:15:00,109.8309,112.0471,109.8309,111.7894,1364342
2023-08-16 13:15:00,111.7894,112.614,111.1709,111.8409,1102262
2023-08-16 14:15:00,111.8409,112.3048,110.707,111.7378,888122
2023-08-16 15:15:00,111.6863,112.0471,111.377,111.5317,442588
2023-08-17 09:15:00,112.5625,120.448,112.0471,119.778,7045727
2023-08-17 10:15:00,119.7265,120.9634,118.8503,119.2626,2908221
2023-08-17 11:15:00,119.3657,119.4688,117.9741,119.1595,1421726
2023-08-17 12:15:00,119.1595,119.7265,118.4895,119.4688,731373
2023-08-17 13:15:00,119.4688,120.7572,119.2626,120.0872,1289494
2023-08-17 14:15:00,120.1903,122.355,120.0357,121.2726,3546520
2023-08-17 15:15:00,121.3242,121.3242,119.6749,120.8603,1365065
2023-08-18 09:15:00,121.6334,126.5812,121.6334,122.5611,5800114
2023-08-18 10:15:00,122.6642,124.1073,122.4581,124.1073,707505
2023-08-18 11:15:00,124.1073,124.1073,122.7673,122.7673,651655
2023-08-18 12:15:00,122.8704,122.9734,122.1488,122.2004,770456
2023-08-18 13:15:00,122.2004,122.5096,119.108,121.8396,1539790
2023-08-18 14:15:00,121.8911,122.1488,120.9119,121.5303,768766
2023-08-18 15:15:00,121.5819,121.5819,120.3965,120.8603,540899
2023-08-21 09:15:00,122.2519,122.2519,117.4072,117.6649,1362839
2023-08-21 10:15:00,117.6133,118.7472,117.6133,118.2833,335520
2023-08-21 11:15:00,118.2318,119.3141,118.1287,119.2111,219448
2023-08-21 12:15:00,119.2111,119.5718,118.9018,119.4172,112981
2023-08-21 13:15:00,119.4172,119.6749,118.9018,118.9018,156115
2023-08-21 14:15:00,118.9534,120.0872,118.7472,118.9018,360048
2023-08-21 15:15:00,118.8503,119.0564,118.438,118.541,251599
2023-08-22 09:15:00,118.541,121.9427,117.871,121.3757,1438670
2023-08-22 10:15:00,121.2726,121.3757,120.0872,120.0872,235514
2023-08-22 11:15:00,120.0872,120.8603,120.0872,120.8603,103827
2023-08-22 12:15:00,120.8603,121.0665,119.778,120.9119,195802
2023-08-22 13:15:00,120.8603,121.4273,119.9326,120.1903,174458
2023-08-22 14:15:00,120.1903,121.6334,120.0872,121.118,635265
2023-08-22 15:15:00,121.118,122.2004,120.7057,122.2004,431218
2023-08-23 09:15:00,122.5611,132.4567,122.5611,132.1475,8972477
2023-08-23 10:15:00,131.9929,132.766,130.6013,132.3021,3047645
2023-08-23 11:15:00,132.3537,132.766,131.0136,131.4259,1894595
2023-08-23 12:15:00,131.4259,131.4259,130.0859,130.7559,914476
2023-08-23 13:15:00,130.7559,132.0444,130.4467,131.2713,740754
2023-08-23 14:15:00,131.1682,134.6729,130.9105,132.4052,4234736
2023-08-23 15:15:00,132.5598,132.9721,131.7352,132.5598,1201187
2023-08-24 09:15:00,134.0029,134.0029,130.4982,131.3744,1644015
2023-08-24 10:15:00,131.3229,134.0545,131.3229,132.5598,1426231
2023-08-24 11:15:00,132.5598,133.2814,132.3021,132.4567,218854
2023-08-24 12:15:00,132.5598,132.5598,131.7352,132.1475,223094
2023-08-24 13:15:00,132.0444,132.7144,131.5806,132.4052,255162
2023-08-24 14:15:00,132.5083,132.8175,130.3951,131.9413,509389
2023-08-24 15:15:00,131.8383,132.5598,131.5806,131.7867,398877
2023-08-25 09:15:00,131.4259,134.8791,131.2198,131.7352,2327902
2023-08-25 10:15:00,131.6321,131.7867,128.5397,130.0859,1004378
2023-08-25 11:15:00,130.0859,130.3436,129.3644,129.3644,194162
2023-08-25 12:15:00,129.4159,129.5705,128.5913,129.0036,268564
2023-08-25 13:15:00,129.1067,129.5705,128.849,129.0551,108134
2023-08-25 14:15:00,129.0551,129.4674,128.1789,128.5397,379703
2023-08-25 15:15:00,128.6428,129.2097,128.0243,128.4366,235688
2023-08-28 09:15:00,128.849,131.8898,128.849,130.7044,830363
2023-08-28 10:15:00,130.859,131.4775,130.1375,130.6528,192932
2023-08-28 11:15:00,130.6528,131.1167,129.9313,130.7044,153892
2023-08-28 12:15:00,130.7044,131.0136,130.6528,130.9621,120217
2023-08-28 13:15:00,130.7559,130.9105,129.4674,129.5705,201134
2023-08-28 14:15:00,129.6736,130.0859,129.2097,129.8282,274410
2023-08-28 15:15:00,129.9828,130.189,129.6736,130.1375,157278
2023-08-29 09:15:00,130.859,131.3229,129.7251,129.9828,342411
2023-08-29 10:15:00,129.9828,130.0859,129.1067,129.5705,165906
2023-08-29 11:15:00,129.5705,130.8075,129.4674,130.4982,167307
2023-08-29 12:15:00,130.6013,130.6013,129.3644,129.5705,131840
2023-08-29 13:15:00,129.5705,133.6937,128.849,133.3329,886933
2023-08-29 14:15:00,133.2298,133.2298,131.6321,132.766,694357
2023-08-29 15:15:00,132.6629,132.766,131.6836,131.8383,192897
2023-08-30 09:15:00,132.9721,133.6937,130.9105,133.3329,907459
2023-08-30 10:15:00,133.3844,135.343,132.9721,133.8483,1165487
2023-08-30 11:15:00,133.8483,133.8483,132.5598,133.1783,318199
2023-08-30 12:15:00,133.0752,134.6214,132.9721,133.6421,597395
2023-08-30 13:15:00,133.7452,133.8483,132.766,132.766,193735
2023-08-30 14:15:00,132.766,133.5391,131.8898,132.3537,520036
2023-08-30 15:15:00,132.3021,132.5598,131.4775,132.0444,195560
2023-08-31 09:15:00,132.5598,134.6214,132.2506,133.5391,1005369
2023-08-31 10:15:00,133.5391,133.6421,132.9206,133.2298,146582
2023-08-31 11:15:00,133.3329,133.4875,133.0237,133.0237,65568
2023-08-31 12:15:00,133.0237,133.8483,132.4567,132.8175,183291
2023-08-31 13:15:00,132.8175,133.2814,132.3537,132.9721,188812
2023-08-31 14:15:00,133.0237,136.116,132.6114,133.7968,1514852
2023-08-31 15:15:00,133.9514,134.2606,133.5906,133.5906,303788
2023-09-01 09:15:00,134.9822,135.8068,133.3329,133.4875,845983
2023-09-01 10:15:00,133.4875,134.3122,132.6629,133.5906,306468
2023-09-01 11:15:00,133.5906,135.446,133.4875,134.4668,328403
2023-09-01 12:15:00,134.4152,134.776,133.7968,133.9514,141576
2023-09-01 13:15:00,133.7452,134.1575,133.5391,133.7452,125295
2023-09-01 14:15:00,133.7452,134.5699,133.4875,133.7452,337996
2023-09-01 15:15:00,133.6937,134.0029,132.5083,133.7968,389930
2023-09-04 09:15:00,136.0645,145.7024,136.0645,140.9608,4919810
2023-09-04 10:15:00,140.9608,143.8985,140.7031,143.5893,1426612
2023-09-04 11:15:00,143.3831,144.5685,142.3008,142.4039,2366865
2023-09-04 12:15:00,142.507,143.3316,142.3008,142.5585,386549
2023-09-04 13:15:00,142.5585,148.8463,142.5585,148.8463,2572788
2023-09-04 14:15:00,148.8463,149.9802,146.3724,147.4548,3043618
2023-09-04 15:15:00,147.4548,147.4548,145.7024,147.3517,814135
2023-09-05 09:15:00,147.9186,148.1763,143.4862,144.6201,2087311
2023-09-05 10:15:00,144.7232,148.7948,143.5893,148.0732,1357686
2023-09-05 11:15:00,147.9701,158.2265,147.5063,155.1342,6826978
2023-09-05 12:15:00,155.1857,157.6081,151.0625,152.2479,2513420
2023-09-05 13:15:00,152.4026,153.7941,150.2894,153.3818,1414315
2023-09-05 14:15:00,153.1241,154.0518,151.011,153.2272,1269153
2023-09-05 15:15:00,153.2272,153.3818,151.7325,152.2995,593338
2023-09-06 09:15:00,153.3303,153.3303,148.4855,148.9494,1439243
2023-09-06 10:15:00,149.104,149.9287,147.6609,148.0217,545980
2023-09-06 11:15:00,148.0217,148.1248,146.9394,147.6609,440345
2023-09-06 12:15:00,147.6609,148.3825,145.9601,146.2178,431937
2023-09-06 13:15:00,146.0632,146.3209,143.7954,144.3108,762486
2023-09-06 14:15:00,144.3108,146.1663,144.1047,144.3108,1310625
2023-09-06 15:15:00,144.3108,144.5685,143.6924,144.3108,544033
2023-09-07 09:15:00,145.3416,150.2894,144.9809,149.0009,4124963
2023-09-07 10:15:00,149.1556,149.9802,148.434,148.7432,1002680
2023-09-07 11:15:00,148.7432,152.0933,148.1248,149.9287,2357731
2023-09-07 12:15:00,149.9287,150.6502,148.7948,149.1556,602660
2023-09-07 13:15:00,149.1556,150.4956,148.7432,149.3102,676114
2023-09-07 14:15:00,149.3102,150.2379,148.5886,148.9494,1044995
2023-09-07 15:15:00,148.7948,149.0525,148.4855,148.7948,521186
2023-09-08 09:15:00,150.0317,162.1435,150.0317,161.6281,11906521
2023-09-08 10:15:00,161.7312,164.2567,161.0612,161.7828,5871083
2023-09-08 11:15:00,161.7312,168.1737,160.5973,164.4113,6030307
2023-09-08 12:15:00,164.5144,164.7721,161.0612,162.2982,2209921
2023-09-08 13:15:00,162.2982,164.6174,161.8858,163.0712,2130943
2023-09-08 14:15:00,163.1228,163.2774,158.845,159.3604,2341144
2023-09-08 15:15:00,159.6696,159.9273,158.7419,159.4635,946505
2023-09-11 09:15:00,165.9575,168.586,161.5251,163.0197,4321236
2023-09-11 10:15:00,163.1228,163.3289,160.5973,161.6797,1122667
2023-09-11 11:15:00,161.6797,163.3805,161.4735,162.9682,570247
2023-09-11 12:15:00,163.1228,163.1228,161.8858,162.5559,377484
2023-09-11 13:15:00,162.5559,163.0197,161.4735,161.5766,563476
2023-09-11 14:15:00,161.5766,162.8135,160.3396,161.5251,1351902
2023-09-11 15:15:00,161.6281,162.0405,161.1643,162.0405,605280
2023-09-12 09:15:00,163.1743,163.1743,147.1971,151.681,3520588
2023-09-12 10:15:00,151.3718,154.4641,150.341,154.1034,870956
2023-09-12 11:15:00,154.1549,154.258,150.7017,150.8048,437601
2023-09-12 12:15:00,150.7017,150.8564,147.8671,149.4648,851256
2023-09-12 13:15:00,149.4648,149.9802,148.7948,149.7225,358887
2023-09-12 14:15:00,149.5679,149.8256,145.9601,146.3724,867229
2023-09-12 15:15:00,146.3724,147.094,145.4447,146.9909,519154
2023-09-13 09:15:00,144.3108,151.2171,141.5277,141.7339,2512421
2023-09-13 10:15:00,141.6308,144.4139,140.2908,144.1562,793637
2023-09-13 11:15:00,144.1562,145.857,143.28,145.7024,593084
2023-09-13 12:15:00,145.4962,146.8363,145.0839,146.3209,484785
2023-09-13 13:15:00,146.3209,146.6301,144.3108,145.4962,256873
2023-09-13 14:15:00,145.4962,147.764,145.4962,145.8055,754301
2023-09-13 15:15:00,145.7024,146.3724,145.0324,146.3209,266888
2023-09-14 09:15:00,147.1971,150.7533,147.094,148.3825,1276066
2023-09-14 10:15:00,148.434,149.3617,147.4548,149.3617,245752
2023-09-14 11:15:00,149.3617,153.7941,148.2278,151.8872,2046656
2023-09-14 12:15:00,151.8356,152.7633,149.7225,149.9802,673858
2023-09-14 13:15:00,149.6194,150.0833,148.6402,149.2071,296219
2023-09-14 14:15:00,149.2586,150.0833,148.7432,149.4133,508714
2023-09-14 15:15:00,149.4133,149.4133,148.8979,149.0009,266073
2023-09-15 09:15:00,149.5679,149.9802,146.7847,148.434,852514
2023-09-15 10:15:00,148.1763,149.1556,147.7125,147.8671,300913
2023-09-15 11:15:00,148.0217,148.0732,146.9909,147.1971,174324
2023-09-15 12:15:00,147.1455,147.2486,146.0632,146.7332,209626
2023-09-15 13:15:00,146.8363,147.5063,146.424,147.3001,134357
2023-09-15 14:15:00,147.3001,147.5063,146.6817,146.9909,264323
2023-09-15 15:15:00,146.9909,148.0217,146.9909,147.1971,290817
2023-09-18 09:15:00,147.3517,147.9701,145.6509,145.9601,577892
2023-09-18 10:15:00,145.9601,145.9601,144.1047,144.1047,370888
2023-09-18 11:15:00,144.2078,144.5685,143.6408,143.7954,265779
2023-09-18 12:15:00,143.7954,143.9501,143.2285,143.5377,265752
2023-09-18 13:15:00,143.6924,143.847,142.8677,142.9193,189913
2023-09-18 14:15:00,142.9193,143.28,142.7647,142.9193,277762
2023-09-18 15:15:00,142.9193,143.3831,142.4554,143.177,219257
2023-09-20 09:15:00,142.8677,146.0632,141.2185,145.0324,1301033
2023-09-20 10:15:00,144.8778,145.8055,144.4655,144.9293,236000
2023-09-20 11:15:00,144.8778,145.2901,144.1047,144.6201,151875
2023-09-20 12:15:00,144.6201,144.9293,144.0016,144.3108,68622
2023-09-20 13:15:00,144.3108,144.7747,143.1254,144.7747,193217
2023-09-20 14:15:00,144.6716,151.681,144.1562,149.4648,4221675
2023-09-20 15:15:00,149.4133,151.2171,149.3102,150.8048,713264
2023-09-21 09:15:00,151.1656,151.5264,147.9186,148.8979,1200766
2023-09-21 10:15:00,149.0525,149.1556,147.6609,148.1763,323517
2023-09-21 11:15:00,148.1763,148.2794,145.9601,146.1663,403967
2023-09-21 12:15:00,146.2178,146.424,144.1047,144.3108,405339
2023-09-21 13:15:00,144.4655,145.2386,143.1254,143.1254,560195
2023-09-21 14:15:00,143.0223,144.3624,142.8162,143.3831,409512
2023-09-21 15:15:00,143.3831,144.0531,142.8677,143.5377,376197
2023-09-22 09:15:00,144.0531,144.0531,140.8061,142.0946,825912
2023-09-22 10:15:00,141.94,143.8985,141.4246,143.0739,279734
2023-09-22 11:15:00,143.177,144.8262,141.8885,144.4655,279007
2023-09-22 12:15:00,144.4655,145.857,143.7954,144.2593,407503
2023-09-22 13:15:00,144.3108,144.8262,142.9708,144.517,234900
2023-09-22 14:15:00,144.5685,144.9293,143.5377,144.3624,276467
2023-09-22 15:15:00,144.3108,144.6201,143.6924,143.8985,201842
2023-09-25 09:15:00,144.3108,145.5478,143.0739,143.847,563880
2023-09-25 10:15:00,143.6408,146.2178,143.5377,144.6716,352196
2023-09-25 11:15:00,144.6716,145.9086,144.1562,145.3416,245494
2023-09-25 12:15:00,145.3416,150.3925,145.1355,148.0217,1574577
2023-09-25 13:15:00,148.0217,148.434,146.7332,147.094,343037
2023-09-25 14:15:00,146.9394,148.8979,146.7847,148.5886,447605
2023-09-25 15:15:00,148.4855,148.7432,148.0217,148.434,357407
2023-09-26 09:15:00,148.7432,149.7225,147.5578,149.2586,651943
2023-09-26 10:15:00,149.2586,150.2894,148.5886,149.5163,471157
2023-09-26 11:15:00,149.5679,150.444,147.764,147.9186,377918
2023-09-26 12:15:00,148.0217,148.2794,146.424,147.1971,214024
2023-09-26 13:15:00,147.3001,152.9695,146.7847,152.8149,1539564
2023-09-26 14:15:00,152.6087,154.3095,151.0625,152.4026,4349502
2023-09-26 15:15:00,152.2479,153.2787,152.1449,153.021,997223
2023-09-27 09:15:00,152.8664,157.4019,151.3718,154.928,3916889
2023-09-27 10:15:00,155.0826,155.3918,153.8972,154.5672,1017149
2023-09-27 11:15:00,154.5672,155.3918,153.2787,153.2787,593348
2023-09-27 12:15:00,153.2787,154.5157,153.1756,153.2787,334577
2023-09-27 13:15:00,153.3818,153.691,152.9695,152.9695,295447
2023-09-27 14:15:00,153.1241,155.6495,152.9695,155.3918,1244838
2023-09-27 15:15:00,155.6495,156.4226,155.5465,155.9072,1053069
2023-09-28 09:15:00,155.3403,156.8865,152.2995,154.4641,1636901
2023-09-28 10:15:00,154.3095,154.6188,152.2995,152.4541,532347
2023-09-28 11:15:00,152.4541,152.9179,152.1449,152.5572,439076
2023-09-28 12:15:00,152.5572,152.5572,152.1449,152.1964,128554
2023-09-28 13:15:00,152.1964,152.5572,151.5264,151.8356,437253
2023-09-28 14:15:00,151.8356,152.4541,148.7948,149.2586,827394
2023-09-28 15:15:00,149.3617,150.8048,148.9494,150.8048,378618
2023-09-29 09:15:00,150.5471,152.5056,149.7225,151.1141,793850
2023-09-29 10:15:00,151.1141,152.351,150.5987,151.2687,220710
2023-09-29 11:15:00,151.2171,151.4233,150.3925,150.9079,140049
2023-09-29 12:15:00,150.7017,151.1141,150.341,150.7017,79578
2023-09-29 13:15:00,150.5471,151.2687,150.5471,150.8564,139667
2023-09-29 14:15:00,150.5471,152.4026,150.1864,150.5471,486621
2023-09-29 15:15:00,150.4956,150.9079,149.8256,150.1864,237891
2023-10-03 09:15:00,150.341,150.8048,148.4855,149.0009,502831
2023-10-03 10:15:00,148.7432,153.4333,148.7432,151.5264,693909
2023-10-03 11:15:00,151.5779,151.9387,150.8564,151.011,125256
2023-10-03 12:15:00,151.0625,151.2171,149.9287,150.2379,133815
2023-10-03 13:15:00,150.2894,150.2894,148.8979,149.0009,507820
2023-10-03 14:15:00,149.0009,149.5679,148.5886,148.9494,214784
2023-10-03 15:15:00,148.9494,149.4133,148.434,148.6402,304442
2023-10-04 09:15:00,147.4032,148.6917,146.1147,146.2178,557531
2023-10-04 10:15:00,146.3209,148.0732,145.9601,147.8671,340819
2023-10-04 11:15:00,147.7125,148.2794,143.847,144.6716,1684417
2023-10-04 12:15:00,144.6716,145.1355,142.7647,143.177,415973
2023-10-04 13:15:00,143.177,144.8262,142.9708,144.6201,359565
2023-10-04 14:15:00,144.6201,145.0324,144.0016,144.7232,333049
2023-10-04 15:15:00,144.6201,145.0324,144.0531,144.3108,267042
2023-10-05 09:15:00,145.3932,153.3818,145.3932,152.6087,3763103
2023-10-05 10:15:00,152.5572,157.4534,152.2479,157.4534,4827056
2023-10-05 11:15:00,157.505,160.3912,155.8557,156.835,5226630
2023-10-05 12:15:00,156.835,157.6596,155.0311,155.8042,1705462
2023-10-05 13:15:00,155.7011,155.9072,154.2064,154.9795,1036094
2023-10-05 14:15:00,154.9795,156.6803,154.4126,155.0311,1583792
2023-10-05 15:15:00,155.0826,155.3403,154.258,154.5672,1377781
2023-10-06 09:15:00,155.9072,157.0411,153.7941,154.7734,1722859
2023-10-06 10:15:00,154.8765,155.1342,154.2064,154.258,230049
2023-10-06 11:15:00,154.258,154.258,152.1964,152.6087,505149
2023-10-06 12:15:00,152.5056,152.7118,151.7325,152.4026,259075
2023-10-06 13:15:00,152.4026,152.5572,152.1449,152.351,159623
2023-10-06 14:15:00,152.351,152.9695,151.8872,152.0418,630145
2023-10-06 15:15:00,151.9902,152.1964,151.1141,152.0418,450007
2023-10-09 09:15:00,148.434,148.434,145.4962,147.6094,1059071
2023-10-09 10:15:00,147.6094,147.6094,146.1663,146.3724,297798
2023-10-09 11:15:00,146.527,146.6301,145.6509,146.0116,181868
2023-10-09 12:15:00,146.0116,146.0116,144.517,144.6201,347990
2023-10-09 13:15:00,144.7747,146.424,144.5685,145.9086,475696
2023-10-09 14:15:00,145.9086,148.4855,145.8055,148.4855,816914
2023-10-09 15:15:00,148.434,150.1864,148.0732,149.7225,530829
2023-10-10 09:15:00,154.6188,157.9688,152.7633,153.1756,3997670
2023-10-10 10:15:00,153.1756,153.9487,151.7325,153.3303,803731
2023-10-10 11:15:00,153.4333,153.4849,151.5779,152.4026,791362
2023-10-10 12:15:00,152.351,152.5572,151.3202,151.8872,361274
2023-10-10 13:15:00,151.9387,152.2479,151.1141,151.6295,289217
2023-10-10 14:15:00,151.5264,152.5056,151.1141,151.7841,613523
2023-10-10 15:15:00,151.7325,151.7841,151.011,151.5264,500335
2023-10-11 09:15:00,152.1964,152.6603,151.6295,152.2479,538964
2023-10-11 10:15:00,152.2479,152.4026,151.681,151.9387,115090
2023-10-11 11:15:00,151.9902,152.0418,150.7017,151.5779,354856
2023-10-11 12:15:00,151.5779,153.4849,151.2687,152.4026,429635
2023-10-11 13:15:00,152.351,152.5572,151.5779,151.6295,172205
2023-10-11 14:15:00,151.5779,152.5572,151.0625,151.1141,326950
2023-10-11 15:15:00,151.1141,151.681,150.8564,150.8564,216459
2023-10-12 09:15:00,152.0418,155.1857,150.4956,153.5364,1042360
2023-10-12 10:15:00,153.6395,153.8457,152.8664,153.1756,264465
2023-10-12 11:15:00,153.1756,154.3611,152.6087,153.2787,225037
2023-10-12 12:15:00,153.0726,153.4849,152.6087,152.7118,93228
2023-10-12 13:15:00,152.8149,152.9695,152.0933,152.2995,109055
2023-10-12 14:15:00,152.2995,152.7118,151.8356,152.1964,197996
2023-10-12 15:15:00,152.1964,152.5056,151.9902,152.0418,187435
2023-10-13 09:15:00,151.011,155.4434,151.011,153.691,963023
2023-10-13 10:15:00,153.5364,153.7941,152.8149,153.2787,160213
2023-10-13 11:15:00,153.2787,153.588,152.8664,152.9695,86161
2023-10-13 12:15:00,153.021,153.2272,152.6603,152.9179,69405
2023-10-13 13:15:00,152.9179,152.9179,152.2479,152.5572,106172
2023-10-13 14:15:00,152.5572,153.4333,151.3202,151.5264,328439
2023-10-13 15:15:00,151.5779,152.1449,151.1141,151.3202,226813
2023-10-16 09:15:00,152.0418,159.2058,152.0418,156.2165,3536354
2023-10-16 10:15:00,156.3196,156.6803,155.3403,156.3196,468406
2023-10-16 11:15:00,156.3196,159.2573,155.9072,158.2265,1205094
2023-10-16 12:15:00,158.2265,162.8651,158.175,161.8858,5007113
2023-10-16 13:15:00,161.9889,164.2051,161.6797,162.5043,3332321
2023-10-16 14:15:00,162.5043,164.3082,161.0097,161.6797,3221230
2023-10-16 15:15:00,161.8858,161.8858,161.0097,161.4735,897201
2023-10-17 09:15:00,164.8236,164.8236,161.8343,162.092,1960144
2023-10-17 10:15:00,162.092,167.4006,161.3189,167.0398,3841550
2023-10-17 11:15:00,167.0398,167.4006,163.2774,164.9267,2720360
2023-10-17 12:15:00,165.0298,165.0298,163.4836,163.8959,676759
2023-10-17 13:15:00,163.8959,164.1536,162.092,162.3497,732268
2023-10-17 14:15:00,162.1951,163.3289,162.092,162.4528,644740
2023-10-17 15:15:00,162.5043,162.8135,162.1951,162.5559,599647
2023-10-18 09:15:00,163.2774,163.7413,160.9581,161.5251,1206836
2023-10-18 10:15:00,161.5251,161.7828,157.1957,157.2988,890916
2023-10-18 11:15:00,157.2988,158.9996,157.1957,157.8657,545020
2023-10-18 12:15:00,157.8657,158.175,157.0411,158.175,274971
2023-10-18 13:15:00,158.2781,158.3811,157.5565,158.0204,236355
2023-10-18 14:15:00,158.0204,158.0719,156.938,157.4534,545403
2023-10-18 15:15:00,157.2988,158.175,157.1957,158.0204,333081
2023-10-19 09:15:00,156.9896,158.9481,155.1342,157.6596,1052376
2023-10-19 10:15:00,157.7111,157.7111,156.2165,156.6803,448099
2023-10-19 11:15:00,156.7319,159.2573,156.5257,158.7935,427343
2023-10-19 12:15:00,158.6388,158.845,157.7111,157.8142,189152
2023-10-19 13:15:00,157.8142,158.1234,157.2473,157.6596,146063
2023-10-19 14:15:00,157.6596,157.8142,157.0927,157.2988,288222
2023-10-19 15:15:00,157.2988,157.505,156.8865,157.4019,231789
2023-10-20 09:15:00,157.1957,158.6388,156.3711,157.1442,526592
2023-10-20 10:15:00,156.938,157.0927,155.8042,156.1649,174808
2023-10-20 11:15:00,156.2165,156.268,153.8972,154.9795,320492
2023-10-20 12:15:00,154.8765,155.0311,152.9695,153.2787,214959
2023-10-20 13:15:00,153.1241,154.0518,152.7633,153.4849,161625
2023-10-20 14:15:00,153.3818,154.2064,153.3303,153.588,217378
2023-10-20 15:15:00,153.588,154.0003,152.0418,153.4849,289441
2023-10-23 09:15:00,154.258,154.258,146.2693,146.6301,912331
2023-10-23 10:15:00,146.527,147.8155,145.5993,147.5578,722186
2023-10-23 11:15:00,147.4032,147.6094,146.0632,146.7847,263642
2023-10-23 12:15:00,146.6301,147.4032,144.8262,145.0324,304771
2023-10-23 13:15:00,144.8262,145.857,143.7954,145.8055,388554
2023-10-23 14:15:00,145.857,146.0632,143.0739,143.5377,432156
2023-10-23 15:15:00,143.2285,143.28,141.0638,142.3523,406783
2023-10-25 09:15:00,144.5685,147.1971,142.9708,143.6924,885700
2023-10-25 10:15:00,143.7439,145.187,143.28,143.4862,150089
2023-10-25 11:15:00,143.5893,143.7954,141.9916,142.9193,199187
2023-10-25 12:15:00,142.9193,143.2285,136.683,136.9407,491242
2023-10-25 13:15:00,136.9407,141.0123,136.9407,141.0123,258749
2023-10-25 14:15:00,140.9092,141.3215,139.26,139.4661,288590
2023-10-25 15:15:00,139.4146,139.93,138.8992,139.0538,211680
2023-10-26 09:15:00,137.9715,138.5384,133.2814,133.8483,1013316
2023-10-26 10:15:00,133.6937,134.6729,132.4567,134.0545,388511
2023-10-26 11:15:00,134.2606,136.5284,134.0029,135.6006,318078
2023-10-26 12:15:00,135.6006,138.4353,135.3945,138.023,331985
2023-10-26 13:15:00,138.1261,138.8476,136.8891,138.5899,187426
2023-10-26 14:15:00,138.5899,140.8577,137.7138,138.6415,730123
2023-10-26 15:15:00,138.5899,140.1877,138.3838,138.7446,200595
2023-10-27 09:15:00,141.2185,147.3001,141.0638,144.5685,1580501
2023-10-27 10:15:00,144.6716,146.3724,144.517,145.7539,292148
2023-10-27 11:15:00,145.7539,145.7539,144.9809,145.2901,110631
2023-10-27 12:15:00,145.2901,145.4447,143.9501,144.4655,175229
2023-10-27 13:15:00,144.5685,145.3416,144.517,145.2386,97613
2023-10-27 14:15:00,145.5478,146.3724,144.6716,144.6716,264942
2023-10-27 15:15:00,144.8778,145.7539,144.3624,144.3624,206212
2023-10-30 09:15:00,146.2693,147.2486,143.3831,144.4139,547390
2023-10-30 10:15:00,144.5685,146.1663,144.1047,145.5478,145862
2023-10-30 11:15:00,145.4447,145.4962,144.517,144.8778,66558
2023-10-30 12:15:00,144.8778,145.6509,144.6201,145.1355,85801
2023-10-30 13:15:00,145.187,145.4962,144.2078,144.7232,112142
2023-10-30 14:15:00,144.4655,144.4655,143.1254,143.5377,296600
2023-10-30 15:15:00,143.5377,144.0016,143.3316,143.7954,137056
2023-10-31 09:15:00,144.3108,146.7332,144.3108,145.6509,437819
2023-10-31 10:15:00,145.6509,146.0116,144.1047,144.5685,146376
2023-10-31 11:15:00,144.5685,144.8262,143.5893,143.7954,89387
2023-10-31 12:15:00,143.7954,144.3108,143.6924,144.1047,29955
2023-10-31 13:15:00,144.1047,145.0324,143.6924,144.3108,108486
2023-10-31 14:15:00,144.3624,144.6716,143.5893,143.6408,99207
2023-10-31 15:15:00,143.6408,143.7439,142.9193,143.7439,145509
2023-11-01 09:15:00,144.3108,144.3108,142.5585,143.6408,283474
2023-11-01 10:15:00,143.5893,143.6408,141.8885,142.4039,153596
2023-11-01 11:15:00,142.4039,142.5585,141.9916,142.1462,55020
2023-11-01 12:15:00,142.1977,142.2493,140.8061,141.2185,108062
2023-11-01 13:15:00,141.1669,142.1462,141.0123,141.3731,153437
2023-11-01 14:15:00,141.4246,142.6616,141.3215,141.8885,134142
2023-11-01 15:15:00,141.8885,142.2493,141.1154,142.0946,128896
2023-11-02 09:15:00,143.0739,144.4655,142.8677,142.9193,308059
2023-11-02 10:15:00,142.9193,143.4347,142.4554,142.9708,94659
2023-11-02 11:15:00,142.8677,143.4347,142.4554,142.5585,48861
2023-11-02 12:15:00,142.4039,143.177,142.3008,143.0223,37868
2023-11-02 13:15:00,143.0223,143.3831,143.0223,143.0223,40131
2023-11-02 14:15:00,143.0223,144.2593,143.0223,143.4862,129047
2023-11-02 15:15:00,143.6408,143.7954,143.0739,143.6408,77312
2023-11-03 09:15:00,144.7747,145.1355,144.0531,144.4655,246716
2023-11-03 10:15:00,144.517,144.9293,144.2078,144.5685,96928
2023-11-03 11:15:00,144.5685,144.5685,143.7954,143.7954,81283
2023-11-03 12:15:00,143.8985,144.4139,143.1254,143.177,96144
2023-11-03 13:15:00,143.2285,143.7439,142.8677,143.28,90182
2023-11-03 14:15:00,143.28,143.5377,142.8162,143.4347,87519
2023-11-03 15:15:00,143.3316,143.4862,143.0739,143.4347,90742
2023-11-06 09:15:00,135.0337,139.1569,135.0337,137.4045,1326630
2023-11-06 10:15:00,137.4561,137.6622,136.5799,136.683,293810
2023-11-06 11:15:00,136.7861,137.9199,135.343,137.6622,596586
2023-11-06 12:15:00,137.6622,138.0745,137.1984,137.6622,316420
2023-11-06 13:15:00,137.6622,137.8169,136.683,137.3015,199797
2023-11-06 14:15:00,137.4045,137.5076,135.5491,135.8583,363463
2023-11-06 15:15:00,136.013,136.8376,135.8583,136.7861,280839
2023-11-07 09:15:00,137.0953,139.1053,136.8376,138.1261,786146
2023-11-07 10:15:00,138.2292,138.8992,137.6622,138.4353,193118
2023-11-07 11:15:00,138.4869,138.9507,137.8684,138.1261,187050
2023-11-07 12:15:00,138.2292,138.5384,137.5592,137.8684,117730
2023-11-07 13:15:00,137.8684,137.8684,136.8891,136.9922,154069
2023-11-07 14:15:00,136.9407,137.6107,136.5799,137.4045,156591
2023-11-07 15:15:00,137.4045,137.9715,137.1468,137.9715,167209
2023-11-08 09:15:00,138.8476,141.0123,138.8476,139.5177,691989
2023-11-08 10:15:00,139.6723,140.0331,139.4661,139.5692,328595
2023-11-08 11:15:00,139.6207,139.7754,137.3015,137.9715,575361
2023-11-08 12:15:00,137.9715,137.9715,137.3015,137.5592,177563
2023-11-08 13:15:00,137.5592,138.1261,137.5076,137.8169,98175
2023-11-08 14:15:00,137.8169,137.9199,137.4045,137.7653,123245
2023-11-08 15:15:00,137.7138,137.7138,136.8891,137.3015,181526
2023-11-09 09:15:00,138.2807,138.5384,137.4045,137.7653,273279
2023-11-09 10:15:00,137.5592,137.9199,137.0953,137.4561,102909
2023-11-09 11:15:00,137.6107,137.6107,136.9407,137.2499,101576
2023-11-09 12:15:00,137.1984,137.2499,135.6522,135.8068,218974
2023-11-09 13:15:00,135.9099,136.0645,135.5491,135.9614,116916
2023-11-09 14:15:00,136.013,136.0645,135.446,135.7553,114964
2023-11-09 15:15:00,135.6522,136.013,135.446,135.8583,114096
2023-11-10 09:15:00,135.9614,137.353,135.0337,137.2499,385081
2023-11-10 10:15:00,137.2499,137.7138,136.116,136.2707,229323
2023-11-10 11:15:00,136.116,136.5284,135.9614,136.2191,63455
2023-11-10 12:15:00,136.2707,136.9922,135.6522,135.6522,115777
2023-11-10 13:15:00,135.7553,136.0645,135.1368,135.2914,112767
2023-11-10 14:15:00,135.1883,135.9614,135.1368,135.6522,199879
2023-11-10 15:15:00,135.6522,136.013,135.6006,135.7553,119607
2023-11-12 18:15:00,136.683,137.4045,136.0645,136.5284,331246
2023-11-13 09:15:00,136.1676,136.683,135.7037,136.5284,134144
2023-11-13 10:15:00,136.5284,140.6515,135.9614,139.4146,931924
2023-11-13 11:15:00,139.4661,139.93,139.26,139.8784,176491
2023-11-13 12:15:00,139.8784,140.0331,139.363,139.4146,104359
2023-11-13 13:15:00,139.5177,139.7754,139.4146,139.5692,82683
2023-11-13 14:15:00,139.6723,139.6723,139.26,139.4661,112316
2023-11-13 15:15:00,139.4661,139.6723,139.26,139.6207,122607
2023-11-15 09:15:00,139.6723,141.1669,139.4146,140.0331,570940
2023-11-15 10:15:00,140.0331,140.1877,139.6723,139.8784,114490
2023-11-15 11:15:00,139.8784,140.0846,139.6723,139.9815,57573
2023-11-15 12:15:00,139.9815,140.8577,138.7446,139.1569,468709
2023-11-15 13:15:00,139.1569,144.0531,138.9507,141.5792,1366590
2023-11-15 14:15:00,141.5792,143.7439,141.27,142.61,1026465
2023-11-15 15:15:00,142.7131,142.8162,142.3008,142.6616,227463
2023-11-16 09:15:00,142.9193,143.28,141.7854,141.7854,309522
2023-11-16 10:15:00,141.8369,142.8677,141.8369,142.3008,208990
2023-11-16 11:15:00,142.3008,142.8677,142.3008,142.61,125185
2023-11-16 12:15:00,142.61,142.7647,141.5277,141.6308,91975
2023-11-16 13:15:00,141.5277,141.7854,141.3731,141.6308,80669
2023-11-16 14:15:00,141.6308,141.6823,139.5177,139.6723,181000
2023-11-16 15:15:00,139.6207,141.1154,139.363,141.0638,170742
2023-11-17 09:15:00,140.3423,141.4762,140.0846,141.0123,229757
2023-11-17 10:15:00,140.8061,141.0123,140.2392,140.5484,115086
2023-11-17 11:15:00,140.6515,141.1154,140.3938,141.1154,155164
2023-11-17 12:15:00,141.1154,141.1154,139.3115,139.7238,177228
2023-11-17 13:15:00,139.7238,139.8784,138.9507,139.4661,204231
2023-11-17 14:15:00,139.4661,139.4661,138.2292,138.4353,232600
2023-11-17 15:15:00,138.2292,138.8476,138.2292,138.8476,118107
2023-11-20 09:15:00,138.9507,139.26,137.7138,137.9715,363132
2023-11-20 10:15:00,137.9715,139.1569,137.9715,138.0745,364963
2023-11-20 11:15:00,138.0745,138.4869,136.7345,137.1468,214327
2023-11-20 12:15:00,137.0438,137.2499,136.7861,136.8376,76142
2023-11-20 13:15:00,136.9407,137.0953,136.7861,136.8376,36463
2023-11-20 14:15:00,136.8376,137.0953,136.4253,136.8376,239757
2023-11-20 15:15:00,136.8376,137.0953,136.5284,137.0438,123643
2023-11-21 09:15:00,137.6107,139.7238,137.2499,139.0538,850266
2023-11-21 10:15:00,138.8992,139.4146,138.1776,139.363,207636
2023-11-21 11:15:00,139.363,143.28,139.1569,141.2185,1153699
2023-11-21 12:15:00,141.1154,141.1154,139.8784,140.1361,251158
2023-11-21 13:15:00,140.1361,140.6515,139.6723,140.0331,181867
2023-11-21 14:15:00,140.0331,140.0846,138.7961,138.8992,224246
2023-11-21 15:15:00,138.8476,139.1569,138.6415,139.0538,208376
2023-11-22 09:15:00,138.3838,139.1053,137.1984,138.1261,655228
2023-11-22 10:15:00,138.1776,138.8476,138.023,138.5899,238618
2023-11-22 11:15:00,138.5899,138.9507,137.7138,137.8684,513483
2023-11-22 12:15:00,137.8684,137.8684,136.5799,136.7861,198613
2023-11-22 13:15:00,137.1984,137.2499,136.2707,136.3737,252474
2023-11-22 14:15:00,136.4253,136.683,135.7553,136.2191,409323
2023-11-22 15:15:00,136.2191,136.683,135.7553,136.683,178517
2023-11-23 09:15:00,136.7345,138.693,136.683,137.8169,498329
2023-11-23 10:15:00,137.8169,138.3838,137.6622,137.8169,82635
2023-11-23 11:15:00,137.7653,138.1261,137.7138,137.8169,84865
2023-11-23 12:15:00,137.8169,141.0123,137.4561,139.4146,917841
2023-11-23 13:15:00,139.4146,139.5692,138.4353,138.7446,143449
2023-11-23 14:15:00,138.7446,138.7961,137.4045,137.5076,168153
2023-11-23 15:15:00,137.4561,137.7653,137.0953,137.5076,193157
2023-11-24 09:15:00,138.023,141.9916,137.5592,141.6823,1510752
2023-11-24 10:15:00,141.7854,141.9916,139.5177,139.7754,464983
2023-11-24 11:15:00,139.7238,139.8784,138.6415,138.8992,342901
2023-11-24 12:15:00,138.8992,139.7238,138.8476,139.1053,234486
2023-11-24 13:15:00,139.1053,139.3115,138.5899,138.9507,81899
2023-11-24 14:15:00,139.1053,139.1053,137.9715,138.1261,258483
2023-11-24 15:15:00,138.1261,138.7446,137.8684,138.4869,152100
2023-11-28 09:15:00,138.7961,139.9815,138.2292,138.5384,418496
2023-11-28 10:15:00,138.5384,142.4554,138.2292,141.5792,1144681
2023-11-28 11:15:00,141.5792,142.0431,141.0123,141.1669,273166
2023-11-28 12:15:00,141.1669,142.6616,140.8577,142.0431,460600
2023-11-28 13:15:00,142.0431,144.5685,141.3215,144.3108,1272445
2023-11-28 14:15:00,144.3108,144.5685,143.0739,143.0739,1119338
2023-11-28 15:15:00,143.0223,143.2285,142.3523,142.5585,367971
2023-11-29 09:15:00,143.6924,147.9701,141.5792,147.6609,2734172
2023-11-29 10:15:00,147.6094,149.104,147.4032,148.2278,1439965
2023-11-29 11:15:00,148.1763,149.104,147.9186,149.0009,659473
2023-11-29 12:15:00,149.0009,149.671,147.1971,147.3517,1113625
2023-11-29 13:15:00,147.3517,147.4032,145.6509,145.7539,359754
2023-11-29 14:15:00,145.7539,145.9086,144.9293,145.2901,334278
2023-11-29 15:15:00,145.187,145.857,145.0324,145.857,227806
2023-11-30 09:15:00,146.3724,153.0726,146.3724,150.4956,4627615
2023-11-30 10:15:00,150.444,150.5471,148.7432,148.9494,766143
2023-11-30 11:15:00,148.8463,150.7017,148.8463,149.3617,487600
2023-11-30 12:15:00,149.3617,149.774,148.2794,148.6402,468543
2023-11-30 13:15:00,148.6402,149.1556,147.9701,148.0732,264693
2023-11-30 14:15:00,148.0732,148.8463,148.0217,148.3825,576418
2023-11-30 15:15:00,148.2278,148.2794,147.5578,148.0217,346949
2023-12-01 09:15:00,149.0009,153.1241,148.6402,152.2479,1669480
2023-12-01 10:15:00,152.2479,152.9695,152.0418,152.5572,965167
2023-12-01 11:15:00,152.4026,152.8149,152.1449,152.351,355709
2023-12-01 12:15:00,152.351,153.4849,152.1964,153.4849,489287
2023-12-01 13:15:00,153.4849,153.4849,152.1449,153.2272,363981
2023-12-01 14:15:00,153.0726,153.3303,151.3202,151.5264,475291
2023-12-01 15:15:00,151.4233,151.681,150.6502,151.4233,286066
2023-12-04 09:15:00,155.6495,159.515,153.3303,159.3604,2652112
2023-12-04 10:15:00,159.2058,162.6589,158.8965,162.1435,3039878
2023-12-04 11:15:00,162.092,162.4528,161.3189,161.8343,1129820
2023-12-04 12:15:00,161.8343,162.5559,161.2158,161.8858,910132
2023-12-04 13:15:00,161.9374,162.6589,160.5973,160.5973,725809
2023-12-04 14:15:00,160.6489,161.6797,159.1542,160.6489,1035405
2023-12-04 15:15:00,160.8035,161.2158,159.9273,160.3912,375697
2023-12-05 09:15:00,161.8858,162.1951,158.2265,158.4327,935674
2023-12-05 10:15:00,158.2781,160.8035,157.7627,160.5458,786589
2023-12-05 11:15:00,160.3912,164.102,160.0304,164.102,1631711
2023-12-05 12:15:00,164.102,164.6174,160.8035,161.1643,1018017
2023-12-05 13:15:00,161.2158,161.6797,160.4943,160.5973,190279
2023-12-05 14:15:00,160.5458,161.2158,158.5873,159.2058,502235
2023-12-05 15:15:00,159.2058,160.1335,158.845,159.6181,356332
2023-12-06 09:15:00,160.4943,162.2982,158.5873,158.7419,710550
2023-12-06 10:15:00,158.6904,159.7727,158.3296,159.7212,366831
2023-12-06 11:15:00,159.6696,159.7727,158.7935,158.9481,162850
2023-12-06 12:15:00,158.845,161.0612,157.9688,160.5973,472722
2023-12-06 13:15:00,160.5973,163.3289,159.4119,161.3704,1031998
2023-12-06 14:15:00,161.422,162.092,160.2881,160.5458,471138
2023-12-06 15:15:00,160.5458,161.0097,160.0304,161.0097,218325
2023-12-07 09:15:00,160.8035,170.0806,160.3396,168.2252,7717167
2023-12-07 10:15:00,168.019,168.4314,166.3182,166.8336,1611678
2023-12-07 11:15:00,166.5759,167.4521,166.1636,166.8852,659033
2023-12-07 12:15:00,166.7821,166.8852,165.5967,166.2152,619230
2023-12-07 13:15:00,166.2152,166.2667,165.5451,165.6482,497829
2023-12-07 14:15:00,165.5967,166.2667,163.7928,163.9474,1100649
2023-12-07 15:15:00,163.8959,164.3597,163.0197,164.3597,602947
2023-12-08 09:15:00,165.0298,169.256,165.0298,166.7821,2088735
2023-12-08 10:15:00,166.7821,167.916,165.2874,165.7513,894808
2023-12-08 11:15:00,165.7513,167.1944,165.5451,167.0398,318751
2023-12-08 12:15:00,167.0398,167.1944,164.4113,164.9782,599356
2023-12-08 13:15:00,165.1328,165.3905,163.0712,164.4628,867533
2023-12-08 14:15:00,164.8751,166.1636,164.1536,165.7513,366992
2023-12-08 15:15:00,165.6998,166.7306,165.5967,166.2667,257405
2023-12-11 09:15:00,166.9883,172.6576,166.679,167.5037,2657677
2023-12-11 10:15:00,167.4006,167.6583,166.2667,167.2975,458640
2023-12-11 11:15:00,167.2975,167.8644,167.0398,167.6067,195886
2023-12-11 12:15:00,167.6067,167.8644,166.4729,166.7821,176182
2023-12-11 13:15:00,166.7821,167.1429,165.6482,166.5244,274419
2023-12-11 14:15:00,166.4729,167.349,165.8028,166.2667,388746
2023-12-11 15:15:00,166.1121,166.5244,165.5451,166.5244,209928
2023-12-12 09:15:00,167.2975,167.6067,163.1228,163.432,718347
2023-12-12 10:15:00,163.3289,163.3805,161.6797,162.5559,635728
2023-12-12 11:15:00,162.7105,163.7928,162.1435,163.2259,300014
2023-12-12 12:15:00,163.1228,163.2259,162.1951,162.4012,256186
2023-12-12 13:15:00,162.2982,163.2259,162.2466,162.2466,169712
2023-12-12 14:15:00,162.3497,163.1228,161.3189,162.8651,457531
2023-12-12 15:15:00,162.8135,163.6897,162.4528,162.4528,250598
2023-12-13 09:15:00,163.7928,163.7928,160.5458,162.0405,591511
2023-12-13 10:15:00,162.1951,162.2982,160.9581,161.7312,190180
2023-12-13 11:15:00,161.7312,161.8343,160.5973,161.0097,119293
2023-12-13 12:15:00,160.9581,163.0712,160.9066,162.1951,206798
2023-12-13 13:15:00,162.2466,162.762,161.5766,162.4012,119945
2023-12-13 14:15:00,162.5043,162.6074,161.3704,161.7828,265949
2023-12-13 15:15:00,161.7828,162.3497,161.6797,162.3497,236099
2023-12-14 09:15:00,163.3805,163.9474,161.6281,162.1951,647172
2023-12-14 10:15:00,162.3497,162.3497,160.855,161.422,288996
2023-12-14 11:15:00,161.5766,166.3698,161.3704,164.2567,1092315
2023-12-14 12:15:00,164.2051,164.2567,162.092,162.5559,374768
2023-12-14 13:15:00,162.3497,162.5559,161.4735,161.7828,148813
2023-12-14 14:15:00,161.7828,161.8343,160.9066,161.422,384336
2023-12-14 15:15:00,161.422,161.7312,160.7004,161.7312,230958
2023-12-15 09:15:00,162.8651,170.8537,162.8651,165.9575,3115027
2023-12-15 10:15:00,166.2667,166.679,164.7205,164.9267,398145
2023-12-15 11:15:00,164.9782,165.4421,164.1536,164.3082,397860
2023-12-15 12:15:00,164.3082,164.9267,164.3082,164.6174,121364
2023-12-15 13:15:00,164.6174,164.6174,163.1228,163.2259,322797
2023-12-15 14:15:00,163.3289,164.9267,163.1743,164.4628,660665
2023-12-15 15:15:00,164.4628,164.5144,162.6074,162.762,470401
2023-12-18 09:15:00,164.7205,168.4829,162.4528,166.1121,2046540
2023-12-18 10:15:00,166.1121,166.2152,164.5144,165.6998,700480
2023-12-18 11:15:00,165.9575,166.8852,163.9474,163.999,529431
2023-12-18 12:15:00,163.9474,164.1536,163.4836,163.4836,223268
2023-12-18 13:15:00,163.6382,163.7928,162.7105,163.432,426368
2023-12-18 14:15:00,163.432,171.9876,163.3289,171.7299,6199917
2023-12-18 15:15:00,171.6268,173.3792,171.5237,173.2761,5093465
2023-12-19 09:15:00,176.2654,178.2754,173.3792,175.08,8778035
2023-12-19 10:15:00,175.0284,178.0177,174.9254,177.2446,2681468
2023-12-19 11:15:00,177.2446,177.5023,175.4407,176.0592,1222545
2023-12-19 12:15:00,176.1108,176.6262,174.9769,175.5438,741738
2023-12-19 13:15:00,175.5438,177.1416,174.3584,176.4715,1096830
2023-12-19 14:15:00,176.5746,177.09,174.41,174.513,1477689
2023-12-19 15:15:00,174.4615,174.7192,173.6884,174.2038,920439
2023-12-20 09:15:00,175.9561,176.0077,173.6884,174.9254,1727054
2023-12-20 10:15:00,174.9254,180.3885,174.8738,178.8424,4124509
2023-12-20 11:15:00,178.7393,178.7393,175.9561,177.1931,1056878
2023-12-20 12:15:00,177.09,178.0177,175.4407,175.5438,659217
2023-12-20 13:15:00,175.5438,175.6984,166.5759,167.7613,2567510
2023-12-20 14:15:00,167.8129,169.926,163.8443,164.4113,1675262
2023-12-20 15:15:00,164.3082,164.9267,160.2881,162.762,754444
2023-12-21 09:15:00,160.855,169.1014,159.3089,168.1737,2265444
2023-12-21 10:15:00,168.0706,169.5137,166.9883,168.4314,850668
2023-12-21 11:15:00,168.4314,168.4829,167.1944,168.2252,255528
2023-12-21 12:15:00,168.2252,170.1837,167.6583,168.7921,745911
2023-12-21 13:15:00,168.8952,170.5445,165.8028,166.4729,932167
2023-12-21 14:15:00,166.3182,169.9776,166.2152,169.4106,611285
2023-12-21 15:15:00,169.4106,169.7714,168.7921,168.8437,445814
2023-12-22 09:15:00,170.1322,172.5545,169.926,171.163,1194273
2023-12-22 10:15:00,171.3176,172.1422,170.6991,171.1114,325649
2023-12-22 11:15:00,171.1114,171.1114,169.8229,169.926,302422
2023-12-22 12:15:00,170.0291,170.0291,167.7613,168.1221,600232
2023-12-22 13:15:00,168.019,168.7921,166.7306,168.2252,322062
2023-12-22 14:15:00,168.6891,170.1322,167.4006,169.4106,802230
2023-12-22 15:15:00,169.4622,169.8229,168.7406,169.5137,293090
2023-12-26 09:15:00,169.5652,172.0391,169.1014,171.9361,1034519
2023-12-26 10:15:00,171.833,172.6576,170.7506,171.9361,613609
2023-12-26 11:15:00,171.9876,175.4407,171.4207,173.4307,1556912
2023-12-26 12:15:00,173.3792,173.843,171.3691,171.4722,467588
2023-12-26 13:15:00,171.4722,171.8845,170.6476,170.9568,331695
2023-12-26 14:15:00,170.9053,172.1422,170.9053,171.266,515521
2023-12-26 15:15:00,171.2145,171.833,171.0083,171.6268,251652
2023-12-27 09:15:00,172.4515,176.1623,172.1422,172.8122,1829520
2023-12-27 10:15:00,172.8638,172.8638,171.163,171.266,505561
2023-12-27 11:15:00,171.266,173.0184,171.163,171.9876,383754
2023-12-27 12:15:00,172.1422,172.2453,169.256,170.3383,652549
2023-12-27 13:15:00,170.2868,171.0599,169.5652,169.8229,263583
2023-12-27 14:15:00,169.926,170.8022,169.5137,170.1837,541391
2023-12-27 15:15:00,170.2868,171.1114,170.1322,170.9053,385318
2023-12-28 09:15:00,171.5237,172.1422,168.6375,169.256,703613
2023-12-28 10:15:00,169.3591,170.0291,169.0498,170.0291,304160
2023-12-28 11:15:00,169.8745,171.3176,169.7199,170.2868,317817
2023-12-28 12:15:00,170.1322,172.6576,170.1322,171.266,345333
2023-12-28 13:15:00,171.266,171.6784,170.6991,171.266,178603
2023-12-28 14:15:00,171.1114,171.3176,169.6683,169.8745,302268
2023-12-28 15:15:00,169.8745,170.6991,169.8745,170.596,194657
2023-12-29 09:15:00,171.3691,171.3691,168.5344,168.5344,669694
2023-12-29 10:15:00,168.7406,169.3075,167.916,168.6375,462774
2023-12-29 11:15:00,168.6375,168.9983,168.3283,168.7406,162988
2023-12-29 12:15:00,168.7406,168.8952,168.019,168.5344,174935
2023-12-29 13:15:00,168.5344,168.5344,167.6583,167.7098,190393
2023-12-29 14:15:00,167.6067,168.3283,167.5037,167.6583,300154
2023-12-29 15:15:00,167.7098,168.019,167.5552,167.6583,203511
2024-01-01 09:15:00,168.4314,168.4314,164.4628,164.5659,1252088
2024-01-01 10:15:00,164.5144,169.9776,164.4113,169.1014,1664395
2024-01-01 11:15:00,169.1014,169.1014,167.2975,168.1221,349862
2024-01-01 12:15:00,168.3283,169.1014,167.5552,168.586,199654
2024-01-01 13:15:00,168.586,169.256,168.0706,169.0498,210466
2024-01-01 14:15:00,168.8437,170.9053,168.6891,168.9468,1306186
2024-01-01 15:15:00,168.9468,168.9468,167.7098,168.3283,382174
2024-01-02 09:15:00,169.0498,173.6884,168.7406,170.6476,1993052
2024-01-02 10:15:00,170.6991,172.3484,168.2252,169.8229,878623
2024-01-02 11:15:00,169.8745,177.2962,169.5652,176.2654,4407268
2024-01-02 12:15:00,176.2654,176.7808,173.9461,174.2038,1557850
2024-01-02 13:15:00,174.2038,178.5847,173.9461,178.5847,2579954
2024-01-02 14:15:00,178.4816,181.3678,178.1723,179.8732,7458184
2024-01-02 15:15:00,179.9762,179.9762,178.3785,179.7701,1620675
2024-01-03 09:15:00,180.8009,184.3571,177.8116,179.1001,4051480
2024-01-03 10:15:00,179.1516,181.007,178.0693,180.3885,1278291
2024-01-03 11:15:00,180.337,181.1101,179.4093,180.0278,614905
2024-01-03 12:15:00,180.0793,180.8009,179.0485,180.0793,478117
2024-01-03 13:15:00,180.1824,181.4193,179.8732,181.1101,800992
2024-01-03 14:15:00,181.1101,181.3678,179.4093,179.7701,964451
2024-01-03 15:15:00,180.0278,180.1308,179.1516,179.7701,473180
2024-01-04 09:15:00,181.0586,182.5532,179.7701,182.3471,1755203
2024-01-04 10:15:00,182.244,182.3471,180.0793,180.2855,730514
2024-01-04 11:15:00,180.337,180.9555,179.5639,179.5639,328304
2024-01-04 12:15:00,179.6155,180.2339,178.8939,179.2547,403752
2024-01-04 13:15:00,179.2547,179.5639,178.7908,179.1001,329145
2024-01-04 14:15:00,179.1001,179.3578,178.1723,178.2239,517574
2024-01-04 15:15:00,178.2239,178.6362,177.9662,178.1723,318951
2024-01-05 09:15:00,179.1001,179.5124,177.09,178.6362,977340
2024-01-05 10:15:00,178.43,178.5847,175.3377,176.2654,664788
2024-01-05 11:15:00,176.42,176.42,175.4407,175.9046,274643
2024-01-05 12:15:00,175.9561,176.42,175.9046,176.1623,137568
2024-01-05 13:15:00,176.2654,176.7292,174.6161,174.7192,323889
2024-01-05 14:15:00,174.6161,176.6777,173.6884,176.2654,547383
2024-01-05 15:15:00,176.2654,176.3169,175.5438,176.0077,222478
2024-01-08 09:15:00,177.1416,179.1001,175.5438,179.1001,1282598
2024-01-08 10:15:00,179.5639,181.2132,176.3169,176.7808,1547009
2024-01-08 11:15:00,176.7292,177.5023,175.5954,175.9561,389224
2024-01-08 12:15:00,175.9561,176.7292,175.75,176.7292,226048
2024-01-08 13:15:00,176.7808,177.0385,174.6677,175.3377,384490
2024-01-08 14:15:00,175.3892,175.5954,172.5545,172.8122,638893
2024-01-08 15:15:00,172.6576,174.1523,171.8845,173.6884,446690
2024-01-09 09:15:00,174.6677,181.3163,174.6677,178.8424,3841191
2024-01-09 10:15:00,178.7393,179.667,178.5331,178.8424,374609
2024-01-09 11:15:00,178.9454,180.337,178.7393,179.3578,579769
2024-01-09 12:15:00,179.3578,180.2855,179.2547,179.5639,310614
2024-01-09 13:15:00,179.667,180.1824,179.2547,179.3578,408623
2024-01-09 14:15:00,179.3578,179.8732,178.3785,178.4816,679383
2024-01-09 15:15:00,178.5331,178.6362,177.9662,178.327,305508
2024-01-10 09:15:00,178.8424,179.4093,176.4715,176.7808,672184
2024-01-10 10:15:00,176.9869,177.6569,176.1108,176.5746,240519
2024-01-10 11:15:00,176.6262,176.6777,174.4615,174.9254,653022
2024-01-10 12:15:00,174.9254,175.3377,174.2553,175.08,207919
2024-01-10 13:15:00,175.1315,175.3377,174.7192,175.2346,165854
2024-01-10 14:15:00,175.2346,176.2138,174.7192,175.9046,743821
2024-01-10 15:15:00,175.9046,176.4715,175.75,176.3685,262470
2024-01-11 09:15:00,176.7808,179.667,176.6262,177.9662,1073811
2024-01-11 10:15:00,178.1208,178.1723,176.6262,177.1931,264817
2024-01-11 11:15:00,177.2446,177.2446,175.9561,176.2654,247534
2024-01-11 12:15:00,176.3169,177.0385,176.1108,176.9354,136425
2024-01-11 13:15:00,176.7808,178.2239,176.3169,176.5746,234538
2024-01-11 14:15:00,176.5231,177.2962,176.2654,176.6262,243804
2024-01-11 15:15:00,176.6777,177.0385,176.2654,177.0385,189971
2024-01-12 09:15:00,177.8116,179.8732,176.8323,179.2547,1048658
2024-01-12 10:15:00,179.3578,183.4294,179.2031,179.3578,2893624
2024-01-12 11:15:00,179.5124,179.6155,178.5847,178.8424,511115
2024-01-12 12:15:00,178.7908,180.1308,178.5331,179.9247,342470
2024-01-12 13:15:00,179.9247,180.5947,177.9662,178.4816,469988
2024-01-12 14:15:00,178.43,178.6877,177.6569,177.6569,522320
2024-01-12 15:15:00,177.6569,178.327,177.09,178.0693,350509
2024-01-15 09:15:00,179.1516,180.337,175.9046,177.2446,1171451
2024-01-15 10:15:00,177.5023,180.5947,177.3477,180.3885,912165
2024-01-15 11:15:00,180.5947,182.6563,179.7701,181.5224,2150131
2024-01-15 12:15:00,181.2647,181.7286,179.9762,180.7493,452010
2024-01-15 13:15:00,180.8524,181.574,179.1001,179.7701,683041
2024-01-15 14:15:00,179.8732,180.6978,179.2547,179.5639,798592
2024-01-15 15:15:00,179.4093,179.4608,178.8424,179.2547,407447
2024-01-16 09:15:00,180.2855,185.0786,179.3062,181.4193,3330809
2024-01-16 10:15:00,181.3678,181.5224,180.1824,180.6978,449823
2024-01-16 11:15:00,180.8009,182.4501,179.5639,179.9762,878272
2024-01-16 12:15:00,179.9762,180.1308,176.4715,176.9354,625958
2024-01-16 13:15:00,176.9354,177.09,174.6161,176.6262,929677
2024-01-16 14:15:00,176.6777,177.3993,176.2138,176.4715,356106
2024-01-16 15:15:00,176.6262,177.2962,176.3685,177.2446,323723
2024-01-17 09:15:00,175.9561,179.3578,174.3584,177.9662,923896
2024-01-17 10:15:00,177.8116,179.1516,176.6777,177.9662,606972
2024-01-17 11:15:00,177.9146,178.7908,175.8531,176.8323,344598
2024-01-17 12:15:00,176.6777,177.1416,175.0284,175.4923,463343
2024-01-17 13:15:00,175.4923,176.2654,174.8738,176.0592,186738
2024-01-17 14:15:00,176.0077,176.1108,174.6161,175.6984,365316
2024-01-17 15:15:00,175.6984,176.1623,175.2861,175.9046,207471
2024-01-18 09:15:00,176.0592,176.9869,167.916,172.3999,1614695
2024-01-18 10:15:00,172.1422,174.1523,171.4207,173.9976,433536
2024-01-18 11:15:00,173.9976,175.183,173.4307,174.9254,246822
2024-01-18 12:15:00,174.9254,174.9254,172.7091,172.8638,262672
2024-01-18 13:15:00,173.0184,173.4822,172.3484,173.4822,117642
2024-01-18 14:15:00,173.4822,174.2038,172.5545,173.9461,263847
2024-01-18 15:15:00,173.9461,174.2038,173.3276,174.1007,253385
2024-01-19 09:15:00,175.4407,176.9354,175.0284,175.9561,699860
2024-01-19 10:15:00,176.0592,177.0385,175.3892,175.6469,512752
2024-01-19 11:15:00,175.6469,175.8531,174.7192,175.4407,251890
2024-01-19 12:15:00,175.4407,175.9561,174.8223,175.75,275138
2024-01-19 13:15:00,175.75,175.8015,174.7192,175.2346,136711
2024-01-19 14:15:00,175.08,176.3169,174.8738,176.2138,307494
2024-01-19 15:15:00,176.1108,176.7292,175.6469,176.1623,230073
2024-01-20 09:15:00,177.2962,179.7701,176.42,178.2754,1083316
2024-01-20 10:15:00,178.2239,178.997,177.9662,178.8424,399503
2024-01-20 11:15:00,178.8424,179.3062,178.0177,179.2547,242272
2024-01-20 12:15:00,179.2031,190.5934,179.0485,189.4595,11186629
2024-01-20 13:15:00,189.2534,192.2427,186.9341,189.5111,4618525
2024-01-20 14:15:00,189.6657,191.0057,187.9133,189.7688,3360991
2024-01-20 15:15:00,189.5626,189.6657,187.9133,188.5318,815689
2024-01-23 09:15:00,193.3765,208.2199,193.2734,202.2413,17618721
2024-01-23 10:15:00,202.3444,202.7567,197.6028,202.5506,3160466
2024-01-23 11:15:00,202.8598,203.4783,195.9535,197.0358,2154857
2024-01-23 12:15:00,197.0358,199.7674,197.0358,198.0151,1488079
2024-01-23 13:15:00,198.1697,198.8913,196.3658,196.7781,1093181
2024-01-23 14:15:00,196.7266,197.3451,187.501,189.6141,3912907
2024-01-23 15:15:00,189.4595,194.8712,189.0472,194.2012,1241851
2024-01-24 09:15:00,193.8404,202.2929,192.2942,197.1389,5013308
2024-01-24 10:15:00,197.3966,200.9013,194.9227,195.2835,1420325
2024-01-24 11:15:00,195.1804,196.1081,192.5519,193.9435,1350011
2024-01-24 12:15:00,193.7373,195.7989,193.2734,195.6443,586146
2024-01-24 13:15:00,195.4381,197.9635,194.8712,197.8089,870874
2024-01-24 14:15:00,197.8089,198.0151,195.0258,195.1804,894762
2024-01-24 15:15:00,195.5927,196.572,195.335,196.5204,446200
2024-01-25 09:15:00,197.242,221.0017,196.8812,219.9194,19365027
2024-01-25 10:15:00,219.9709,220.744,215.487,218.6825,5036323
2024-01-25 11:15:00,218.734,219.8679,215.6416,216.0539,2295367
2024-01-25 12:15:00,216.0539,217.6001,214.7139,216.9817,1318376
2024-01-25 13:15:00,216.9817,218.9917,214.9716,215.7447,1980681
2024-01-25 14:15:00,215.5901,218.4248,213.9924,216.724,3433004
2024-01-25 15:15:00,216.724,216.7755,215.0747,215.7962,1517817
2024-01-29 09:15:00,218.0124,220.9502,213.5285,215.3324,3411293
2024-01-29 10:15:00,215.3324,219.7648,214.817,218.8886,2410132
2024-01-29 11:15:00,218.734,219.0432,216.724,216.724,1126043
2024-01-29 12:15:00,216.724,217.2394,215.0747,215.2808,473935
2024-01-29 13:15:00,215.2293,215.7962,214.4047,214.7655,487377
2024-01-29 14:15:00,214.817,215.3324,212.6523,212.7554,792833
2024-01-29 15:15:00,212.8585,214.817,212.4977,214.817,519762
2024-01-30 09:15:00,215.2293,218.2701,213.5285,213.9408,2525336
2024-01-30 10:15:00,213.9408,214.5078,210.3846,212.7039,1000394
2024-01-30 11:15:00,212.7039,214.3016,212.2916,212.5492,705117
2024-01-30 12:15:00,212.5492,212.8585,211.7246,212.5492,187926
2024-01-30 13:15:00,212.5492,217.1363,211.9823,216.7755,908738
2024-01-30 14:15:00,216.9817,218.4763,212.7554,213.1162,1470501
2024-01-30 15:15:00,213.1162,215.487,212.5492,214.9716,593927
2024-01-31 09:15:00,214.9201,226.3103,213.9408,222.4964,5884228
2024-01-31 10:15:00,222.4448,224.4034,220.8987,221.981,2162103
2024-01-31 11:15:00,221.981,222.9602,219.2494,219.3009,918588
2024-01-31 12:15:00,219.2494,219.8163,218.0124,218.6825,721532
2024-01-31 13:15:00,218.734,221.0533,218.1155,218.1155,603554
2024-01-31 14:15:00,218.2186,220.2286,216.7755,217.7547,1087153
2024-01-31 15:15:00,217.9609,219.5586,217.6517,219.1463,547542
2024-02-01 09:15:00,224.0941,246.7715,223.3726,240.5352,18540675
2024-02-01 10:15:00,240.4322,243.7822,235.4328,236.6182,5452573
2024-02-01 11:15:00,236.5152,239.9168,230.8973,233.8351,4427380
2024-02-01 12:15:00,233.6805,234.4536,230.8973,233.8866,2426393
2024-02-01 13:15:00,233.8866,234.8659,231.6704,233.062,1376231
2024-02-01 14:15:00,232.9589,236.9275,231.3612,236.5152,2981222
2024-02-01 15:15:00,236.4636,241.9268,235.5359,239.9683,2313058
2024-02-02 09:15:00,242.3907,267.8512,239.2468,264.965,17830416
2024-02-02 10:15:00,264.965,272.129,257.6979,271.0982,8445493
2024-02-02 11:15:00,270.8921,272.129,263.6765,264.295,4417139
2024-02-02 12:15:00,264.295,265.5835,259.3472,262.3365,3543919
2024-02-02 13:15:00,262.1303,267.542,260.3264,265.6866,2724719
2024-02-02 14:15:00,265.635,277.5922,259.811,274.4483,6411231
2024-02-02 15:15:00,274.4483,278.3138,270.6344,276.7676,4923736
2024-02-05 09:15:00,280.1176,284.4985,272.9536,279.0353,11114123
2024-02-05 10:15:00,279.0353,280.3753,275.7883,277.1799,2457685
2024-02-05 11:15:00,277.1799,279.9115,276.9222,278.5199,939736
2024-02-05 12:15:00,278.6745,279.9115,277.0768,279.0353,923051
2024-02-05 13:15:00,279.0353,299.445,277.6953,294.8064,13710672
2024-02-05 14:15:00,294.8064,296.198,277.2314,286.5601,8936914
2024-02-05 15:15:00,286.5601,289.6525,284.4985,287.2301,1640912
2024-02-06 09:15:00,288.8278,288.9309,265.9958,270.0674,6063222
2024-02-06 10:15:00,270.119,270.5828,263.8311,270.3767,1856328
2024-02-06 11:15:00,269.8613,271.7682,269.449,270.2736,653773
2024-02-06 12:15:00,270.2736,271.5621,268.9336,270.4797,499522
2024-02-06 13:15:00,270.4797,273.7267,268.8305,270.8921,857870
2024-02-06 14:15:00,271.0467,276.2522,270.8921,274.1906,1441568
2024-02-06 15:15:00,274.2937,274.5514,270.2736,272.2836,885861
2024-02-07 09:15:00,273.1598,275.8399,267.9028,269.0366,2337029
2024-02-07 10:15:00,269.1913,269.449,262.5942,264.965,1176331
2024-02-07 11:15:00,265.0165,265.1712,261.0995,263.4704,856211
2024-02-07 12:15:00,263.6765,264.2435,262.3365,262.4911,343346
2024-02-07 13:15:00,262.4396,263.6765,260.378,263.1096,651323
2024-02-07 14:15:00,262.955,263.5219,261.0995,261.2026,493352
2024-02-07 15:15:00,261.3057,262.8003,260.8418,262.6457,448011
2024-02-08 09:15:00,263.6765,263.6765,253.5748,256.4094,1926096
2024-02-08 10:15:00,256.8733,267.5935,256.2548,261.1511,2459662
2024-02-08 11:15:00,261.048,264.295,258.6256,264.0888,625078
2024-02-08 12:15:00,264.0373,267.3874,262.1303,262.4911,1199605
2024-02-08 13:15:00,262.4911,262.4911,258.7803,258.7803,478400
2024-02-08 14:15:00,258.7803,260.2749,256.9764,258.2133,649266
2024-02-08 15:15:00,258.1102,258.8833,257.801,258.3679,278832
2024-02-09 09:15:00,257.6979,257.9041,238.4221,243.1122,3240285
2024-02-09 10:15:00,242.8545,243.5245,233.3197,238.0613,1562557
2024-02-09 11:15:00,238.1129,240.9991,235.0205,239.5045,653312
2024-02-09 12:15:00,239.6591,241.7207,238.5252,240.226,366793
2024-02-09 13:15:00,239.9683,241.566,236.9275,240.2775,506616
2024-02-09 14:15:00,240.4837,242.6999,239.556,241.1537,572967
2024-02-09 15:15:00,241.1537,241.3083,239.4014,240.8445,452037
2024-02-12 09:15:00,241.7207,244.8646,225.3826,226.6711,3033094
2024-02-12 10:15:00,226.568,229.5573,222.2387,225.4341,1604342
2024-02-12 11:15:00,225.6403,226.3103,221.2079,222.8056,1036618
2024-02-12 12:15:00,222.7025,228.8358,222.7025,225.228,601580
2024-02-12 13:15:00,225.5888,228.8358,224.4549,228.7327,432857
2024-02-12 14:15:00,228.4234,228.7842,217.6001,217.9094,1018341
2024-02-12 15:15:00,218.0124,221.2594,216.6724,220.5894,611609
2024-02-13 09:15:00,219.404,226.2588,211.1577,223.321,2717681
2024-02-13 10:15:00,223.5787,226.7742,221.2079,225.5372,1231642
2024-02-13 11:15:00,225.5372,225.7434,218.3732,218.5278,643617
2024-02-13 12:15:00,218.734,221.2594,217.1363,219.8679,554247
2024-02-13 13:15:00,220.1256,222.7541,219.3009,221.0533,460634
2024-02-13 14:15:00,220.8987,224.0941,219.6617,223.991,467716
2024-02-13 15:15:00,223.991,226.3103,223.6818,225.5372,516145
2024-02-14 09:15:00,223.6818,228.9388,218.8371,228.0111,1385201
2024-02-14 10:15:00,227.805,230.5366,227.135,227.238,712291
2024-02-14 11:15:00,227.4442,228.5781,224.7126,225.228,396329
2024-02-14 12:15:00,225.3826,226.7742,224.2487,226.0011,421545
2024-02-14 13:15:00,226.0011,226.3103,224.0941,224.3003,293231
2024-02-14 14:15:00,224.6095,227.2896,224.4034,227.238,666598
2024-02-14 15:15:00,227.1865,232.8558,226.7742,232.3404,805193
2024-02-15 09:15:00,234.9174,236.5667,232.5981,236.3605,1498239
2024-02-15 10:15:00,236.0513,239.4014,234.8143,236.2575,1205283
2024-02-15 11:15:00,236.2575,236.5667,231.9281,232.9589,560570
2024-02-15 12:15:00,233.1651,233.1651,230.6912,232.1858,415807
2024-02-15 13:15:00,232.1858,233.732,231.5158,232.5466,362845
2024-02-15 14:15:00,232.4435,237.5975,231.5158,237.5459,850536
2024-02-15 15:15:00,237.5459,237.5975,235.2267,235.639,437593
2024-02-16 09:15:00,238.1129,241.1022,236.979,238.4737,1026694
2024-02-16 10:15:00,238.4737,239.2983,237.2367,237.9067,329526
2024-02-16 11:15:00,237.7521,238.5767,234.0928,235.5359,261118
2024-02-16 12:15:00,235.4844,236.8759,234.8143,236.8244,124032
2024-02-16 13:15:00,236.8244,239.6075,236.4121,237.3913,269005
2024-02-16 14:15:00,237.3913,237.5459,234.1443,234.8659,272204
2024-02-16 15:15:00,234.7113,235.4844,233.9897,235.4844,189216
2024-02-19 09:15:00,237.0821,246.6685,236.6698,246.6685,1385336
2024-02-19 10:15:00,246.6685,246.6685,246.6685,246.6685,109474
2024-02-19 11:15:00,246.6685,246.6685,246.6685,246.6685,54277
2024-02-19 12:15:00,246.6685,246.6685,246.6685,246.6685,30628
2024-02-19 13:15:00,246.6685,246.6685,246.6685,246.6685,25311
2024-02-19 14:15:00,246.6685,246.6685,246.6685,246.6685,46066
2024-02-19 15:15:00,246.6685,246.6685,246.6685,246.6685,40498
2024-02-20 09:15:00,246.6685,258.8318,245.2253,256.9248,3762334
2024-02-20 10:15:00,256.9764,258.1618,254.6055,257.6979,781705
2024-02-20 11:15:00,257.6464,258.9864,257.3371,258.8833,1392593
2024-02-20 12:15:00,258.7803,258.9864,258.3679,258.9864,214897
2024-02-20 13:15:00,258.9864,258.9864,257.8525,258.9864,422709
2024-02-20 14:15:00,258.9864,258.9864,258.9864,258.9864,137182
2024-02-20 15:15:00,258.9864,258.9864,258.9864,258.9864,97573
2024-02-21 09:15:00,261.8211,266.6658,255.3271,257.9041,2466971
2024-02-21 10:15:00,257.801,259.7595,256.1002,258.0072,547092
2024-02-21 11:15:00,258.0072,258.9349,256.6671,258.7287,392244
2024-02-21 12:15:00,258.6772,259.7595,255.894,256.5641,389838
2024-02-21 13:15:00,256.6156,256.9764,252.0286,252.9563,541628
2024-02-21 14:15:00,252.9563,253.8325,249.0908,250.0701,1002397
2024-02-21 15:15:00,249.967,250.3793,248.2146,249.5547,380792
2024-02-22 09:15:00,253.5232,253.5232,241.463,246.3592,875621
2024-02-22 10:15:00,246.5138,252.544,245.5861,249.9154,466431
2024-02-22 11:15:00,249.8124,250.9462,247.4415,250.8947,253702
2024-02-22 12:15:00,250.6885,254.7602,249.0393,253.1109,391523
2024-02-22 13:15:00,253.1109,258.3679,252.4924,256.0487,790445
2024-02-22 14:15:00,255.9971,257.6979,255.0694,256.9248,321775
2024-02-22 15:15:00,256.9248,257.1825,255.4302,255.6363,214777
2024-02-23 09:15:00,258.7287,259.5533,255.1209,256.3579,510536
2024-02-23 10:15:00,256.4094,256.6156,253.9355,254.2448,234053
2024-02-23 11:15:00,254.1932,255.1209,252.544,253.884,166263
2024-02-23 12:15:00,253.884,254.1932,252.2347,253.1624,208753
2024-02-23 13:15:00,253.1624,254.6055,252.0286,253.0594,133340
2024-02-23 14:15:00,253.2655,254.8117,252.2347,252.647,215222
2024-02-23 15:15:00,252.7501,253.7294,252.3378,253.5748,169759
2024-02-26 09:15:00,253.5748,255.4302,247.4415,249.1939,511976
2024-02-26 10:15:00,249.0908,249.2454,247.39,247.9569,167976
2024-02-26 11:15:00,247.6477,247.6477,244.7099,246.7715,250410
2024-02-26 12:15:00,246.6169,247.6992,245.7407,247.3385,93923
2024-02-26 13:15:00,247.2354,247.5446,246.4623,246.9262,86557
2024-02-26 14:15:00,246.9262,247.2354,245.0707,245.0707,143694
2024-02-26 15:15:00,245.1738,245.8438,244.4523,245.8438,128321
2024-02-27 09:15:00,244.7099,245.7923,236.7213,239.9683,1130360
2024-02-27 10:15:00,240.1229,240.1229,238.7314,239.5045,193203
2024-02-27 11:15:00,239.5045,239.6075,236.8759,237.7521,245362
2024-02-27 12:15:00,237.9583,238.4737,237.0821,237.8036,140064
2024-02-27 13:15:00,237.8036,238.0613,234.4536,235.0205,298660
2024-02-27 14:15:00,235.0205,236.1028,233.8866,234.402,318598
2024-02-27 15:15:00,234.299,235.3813,234.0413,235.1751,126407
2024-02-28 09:15:00,236.8759,245.2253,235.6905,241.7207,1231373
2024-02-28 10:15:00,241.5145,242.0299,235.1751,237.3398,520148
2024-02-28 11:15:00,237.5459,238.4737,233.4228,236.309,415888
2024-02-28 12:15:00,236.309,236.8759,231.5158,231.5158,298539
2024-02-28 13:15:00,231.5158,237.4429,231.5158,236.4636,319511
2024-02-28 14:15:00,236.6182,236.8759,234.299,234.6082,248395
2024-02-28 15:15:00,234.6082,235.3813,233.8866,235.0205,144378
2024-02-29 09:15:00,235.8967,236.2059,228.8873,232.8043,691715
2024-02-29 10:15:00,232.9074,233.8351,230.1242,231.9281,221041
2024-02-29 11:15:00,231.9281,233.4228,230.7943,233.4228,185276
2024-02-29 12:15:00,233.4228,234.5051,232.7528,234.5051,106221
2024-02-29 13:15:00,234.5567,235.072,233.062,233.4743,179509
2024-02-29 14:15:00,233.5259,245.8438,233.2166,245.38,1007049
2024-02-29 15:15:00,245.6377,246.4623,245.38,246.4623,392380
2024-03-01 09:15:00,249.297,250.1731,243.9369,245.3284,534080
2024-03-01 10:15:00,245.1738,245.8954,243.8853,244.4523,141605
2024-03-01 11:15:00,244.5038,244.6584,242.7514,243.0091,138858
2024-03-01 12:15:00,243.0091,245.1223,243.0091,244.813,91923
2024-03-01 13:15:00,244.813,245.8438,244.7615,244.9161,122670
2024-03-01 14:15:00,244.9161,244.9161,239.6591,239.9683,352428
2024-03-01 15:15:00,240.1745,241.1537,239.2468,240.7929,197860
2024-03-02 09:15:00,242.6484,244.0915,239.1437,244.0915,162688
2024-03-02 11:15:00,244.0915,244.0915,240.7929,241.3083,92442
2024-03-02 12:15:00,241.5145,241.9784,241.2053,241.5145,33417
2024-03-04 09:15:00,241.6691,249.4516,241.6691,249.1939,927890
2024-03-04 10:15:00,249.2454,249.2454,245.6892,246.5654,319832
2024-03-04 11:15:00,246.6169,246.6169,244.8646,245.2253,111881
2024-03-04 12:15:00,244.9676,247.0292,244.3492,245.3284,126008
2024-03-04 13:15:00,245.2253,245.9984,243.8853,243.9884,169928
2024-03-04 14:15:00,244.1946,244.7099,243.473,243.7822,226133
2024-03-04 15:15:00,244.0915,245.7923,243.0607,245.7923,187240
2024-03-05 09:15:00,244.813,246.4623,243.3184,243.6792,400061
2024-03-05 10:15:00,243.6792,244.143,240.896,241.3083,319464
2024-03-05 11:15:00,241.3599,241.9268,239.3498,241.566,164689
2024-03-05 12:15:00,241.5145,242.236,240.6899,240.896,88180
2024-03-05 13:15:00,240.8445,242.236,240.6899,241.463,86747
2024-03-05 14:15:00,241.4114,242.236,240.9476,241.8753,132584
2024-03-05 15:15:00,241.7722,242.236,241.2053,242.0814,167960
2024-03-06 09:15:00,238.6798,242.3907,233.7836,235.5874,669607
2024-03-06 10:15:00,235.5359,237.0821,234.0413,234.4536,285558
2024-03-06 11:15:00,234.5051,234.9174,232.5981,233.6805,199204
2024-03-06 12:15:00,233.6805,233.7836,231.8251,232.8558,188397
2024-03-06 13:15:00,232.8558,235.0205,232.392,234.969,117781
2024-03-06 14:15:00,235.0205,235.1751,233.1135,233.1135,143343
2024-03-06 15:15:00,233.062,233.732,232.9589,233.5774,128544
2024-03-07 09:15:00,235.4328,239.6591,235.0205,238.5252,396708
2024-03-07 10:15:00,238.2675,238.4221,236.5667,237.8036,108217
2024-03-07 11:15:00,237.8036,239.1437,237.3913,238.1129,83832
2024-03-07 12:15:00,238.2675,238.4221,237.3913,238.0098,41434
2024-03-07 13:15:00,237.9583,238.0613,236.8244,237.1336,51886
2024-03-07 14:15:00,237.0306,237.0821,232.4951,233.9897,287084
2024-03-07 15:15:00,233.5774,233.9897,232.9589,233.9897,125757
2024-03-11 09:15:00,233.4743,233.4743,228.9904,231.155,415050
2024-03-11 10:15:00,230.6912,230.7943,226.3619,226.568,296127
2024-03-11 11:15:00,226.3619,227.2896,224.3518,224.7126,236182
2024-03-11 12:15:00,224.9703,226.7226,224.1972,225.8465,150446
2024-03-11 13:15:00,225.9495,226.4649,224.8157,226.0526,196549
2024-03-11 14:15:00,225.8465,226.2588,224.7126,224.9703,142432
2024-03-11 15:15:00,225.0734,225.1764,223.888,224.4034,119391
2024-03-12 09:15:00,224.8157,225.3311,216.724,223.1664,582253
2024-03-12 10:15:00,223.1664,223.1664,217.2909,218.2186,276913
2024-03-12 11:15:00,218.2701,218.2701,214.5078,216.4663,332567
2024-03-12 12:15:00,216.5693,217.9609,214.5593,214.817,221702
2024-03-12 13:15:00,214.8685,219.6617,214.7655,218.0124,189282
2024-03-12 14:15:00,218.2186,218.4248,215.487,216.1055,196185
2024-03-12 15:15:00,216.157,216.4663,215.3324,215.8478,159778
2024-03-13 09:15:00,216.4663,218.5278,205.4368,207.2922,1045610
2024-03-13 10:15:00,207.653,207.9107,205.4368,205.4368,378685
2024-03-13 11:15:00,205.4368,205.4368,205.4368,205.4368,48090
2024-03-13 12:15:00,205.4368,205.4368,205.4368,205.4368,46188
2024-03-13 13:15:00,205.4368,205.4368,205.4368,205.4368,40446
2024-03-13 14:15:00,205.4368,205.4368,205.4368,205.4368,36031
2024-03-13 15:15:00,205.4368,205.4368,205.4368,205.4368,15274
2024-03-14 09:15:00,195.3866,204.0968,195.3866,200.7982,1113043
2024-03-14 10:15:00,201.0559,210.1269,199.4582,208.6322,578759
2024-03-14 11:15:00,208.8899,209.9207,205.6945,207.9107,278366
2024-03-14 12:15:00,207.4984,208.993,204.1483,206.416,234780
2024-03-14 13:15:00,206.2614,208.6322,204.7152,205.5914,230028
2024-03-14 14:15:00,205.4368,213.0131,205.1275,209.6115,530319
2024-03-14 15:15:00,209.5084,209.663,207.7045,208.9415,208825
2024-03-15 09:15:00,208.7353,212.6523,201.9321,203.3752,546137
2024-03-15 10:15:00,203.3752,203.5298,199.0459,199.0974,398950
2024-03-15 11:15:00,199.0974,200.2313,199.0459,199.149,160966
2024-03-15 12:15:00,199.0459,200.489,199.0459,200.489,104299
2024-03-15 13:15:00,200.489,205.1275,200.3859,203.8906,250644
2024-03-15 14:15:00,204.0968,205.2306,202.5506,203.8391,269474
2024-03-15 15:15:00,203.7875,205.746,203.736,205.746,148141
2024-03-18 09:15:00,209.2507,214.6108,209.0961,211.1577,937744
2024-03-18 10:15:00,211.1577,211.8277,206.2099,206.3645,326394
2024-03-18 11:15:00,206.3645,208.7353,206.3645,208.323,109517
2024-03-18 12:15:00,208.2715,208.5292,207.7045,207.9622,68661
2024-03-18 13:15:00,207.9622,209.2507,207.9107,208.5807,88972
2024-03-18 14:15:00,208.5807,209.4569,207.7045,208.8899,185120
2024-03-18 15:15:00,208.4776,209.1992,208.2199,208.9415,124959
2024-03-19 09:15:00,210.1784,212.2916,205.3337,205.7976,458370
2024-03-19 10:15:00,205.7976,206.1068,202.0352,202.4475,292212
2024-03-19 11:15:00,202.499,202.6021,200.1282,200.7982,217769
2024-03-19 12:15:00,200.5921,203.169,199.9736,202.0352,221121
2024-03-19 13:15:00,202.0352,203.2721,201.5713,202.2929,137889
2024-03-19 14:15:00,202.1383,202.3444,200.3859,200.7467,145881
2024-03-19 15:15:00,200.489,201.4167,200.3859,200.5405,125088
2024-03-20 09:15:00,203.4783,203.8391,197.1389,197.4997,399851
2024-03-20 10:15:00,197.4482,198.3759,195.8504,197.3451,272428
2024-03-20 11:15:00,197.242,197.242,195.9535,196.3658,142980
2024-03-20 12:15:00,196.3658,201.7775,195.9535,201.1075,273784
2024-03-20 13:15:00,201.159,203.2721,199.8705,200.9013,226169
2024-03-20 14:15:00,200.9528,201.0044,198.4789,198.8397,117215
2024-03-20 15:15:00,198.8397,199.8705,198.4789,199.3551,72408
2024-03-21 09:15:00,201.829,205.5914,201.4167,204.3029,364490
2024-03-21 10:15:00,204.3029,204.6122,203.066,204.0968,150021
2024-03-21 11:15:00,203.8906,204.6122,201.7259,201.9836,131525
2024-03-21 12:15:00,202.0867,204.406,201.8806,204.2514,198922
2024-03-21 13:15:00,204.0968,208.9415,203.736,206.8799,546070
2024-03-21 14:15:00,206.3645,207.7045,206.0553,206.2614,224105
2024-03-21 15:15:00,206.2099,207.3438,206.0037,207.2407,129938
2024-03-22 09:15:00,207.1891,210.2815,203.4783,204.6637,545152
2024-03-22 10:15:00,204.6122,205.4883,204.2514,204.4575,217353
2024-03-22 11:15:00,204.7152,205.3337,204.2514,204.6637,124392
2024-03-22 12:15:00,204.5091,204.8183,204.0968,204.7152,132882
2024-03-22 13:15:00,204.7152,204.9214,203.8391,204.0968,175654
2024-03-22 14:15:00,204.0968,204.3545,203.1175,203.2206,167332
2024-03-22 15:15:00,203.1175,203.3752,202.5506,202.6536,211882
2024-03-26 09:15:00,203.9937,203.9937,197.8089,199.3036,431556
2024-03-26 10:15:00,199.3036,199.7674,198.5305,199.4067,185329
2024-03-26 11:15:00,199.4067,200.9528,198.9428,199.3551,140938
2024-03-26 12:15:00,199.3551,200.489,199.252,200.1797,119142
2024-03-26 13:15:00,200.1282,201.7775,199.5097,200.3344,354300
2024-03-26 14:15:00,200.2828,200.7982,198.4274,198.4274,229295
2024-03-26 15:15:00,198.582,198.582,197.912,198.3243,181512
2024-03-27 09:15:00,198.9428,207.7045,198.9428,205.3852,1139172
2024-03-27 10:15:00,205.5399,208.1684,204.8699,205.3852,1112170
2024-03-27 11:15:00,205.3852,208.1684,205.3852,206.5707,512754
2024-03-27 12:15:00,207.1891,208.1684,207.1891,208.1684,267626
2024-03-27 13:15:00,208.1684,208.1684,208.1684,208.1684,48124
2024-03-27 14:15:00,208.1684,208.1684,208.1684,208.1684,77205
2024-03-27 15:15:00,208.1684,208.1684,208.1684,208.1684,51386
2024-03-28 09:15:00,209.9207,218.5278,205.2306,216.5178,2375827
2024-03-28 10:15:00,216.5693,217.394,212.2916,213.477,514782
2024-03-28 11:15:00,213.477,213.5285,211.9308,212.1885,184902
2024-03-28 12:15:00,212.3431,213.9408,211.8277,213.3739,185956
2024-03-28 13:15:00,213.3739,218.3217,212.91,217.2394,867989
2024-03-28 14:15:00,217.0332,217.394,214.6624,215.2808,390911
2024-03-28 15:15:00,215.2808,215.6932,212.7554,215.2293,330213
2024-04-01 09:15:00,216.9817,222.5479,215.2293,216.4663,779271
2024-04-01 10:15:00,216.4663,220.8987,216.2601,218.9917,508765
2024-04-01 11:15:00,218.9917,221.0017,218.5794,219.6102,218843
2024-04-01 12:15:00,219.7648,223.5787,219.4556,223.3726,382154
2024-04-01 13:15:00,223.3726,225.0218,221.6202,221.9295,481814
2024-04-01 14:15:00,221.9295,223.4756,220.9502,223.4241,267547
2024-04-01 15:15:00,223.4241,224.9187,222.7541,223.9395,253056
2024-04-02 09:15:00,224.3518,227.7534,222.1872,224.5064,946603
2024-04-02 10:15:00,224.5064,225.228,222.2387,222.9602,331201
2024-04-02 11:15:00,222.9602,227.7019,222.9602,224.9703,327806
2024-04-02 12:15:00,225.0734,226.1557,223.9395,225.7434,314377
2024-04-02 13:15:00,225.7434,226.0011,222.7541,223.4756,208147
2024-04-02 14:15:00,223.4756,224.1972,223.2179,223.7849,172953
2024-04-02 15:15:00,223.6818,224.8672,223.1664,223.9395,208918
2024-04-03 09:15:00,223.6818,230.3304,221.7233,229.4542,1215211
2024-04-03 10:15:00,229.3512,235.0205,228.1142,233.2682,1451789
2024-04-03 11:15:00,233.4743,234.1959,230.6912,231.155,415004
2024-04-03 12:15:00,231.2066,231.9281,230.485,231.2066,206069
2024-04-03 13:15:00,231.2066,231.9281,229.2481,230.6396,327258
2024-04-03 14:15:00,230.6396,231.6189,229.9181,231.1035,314553
2024-04-03 15:15:00,230.8973,232.9074,230.8973,231.9281,346233
2024-04-04 09:15:00,233.8351,236.1544,226.7226,227.8565,966425
2024-04-04 10:15:00,227.805,231.3097,227.0319,228.0111,342818
2024-04-04 11:15:00,228.1657,230.1242,227.805,227.8565,242832
2024-04-04 12:15:00,227.8565,231.6189,226.9288,230.8973,242808
2024-04-04 13:15:00,230.8973,233.7836,230.0727,231.4127,331793
2024-04-04 14:15:00,231.4127,233.6289,231.0004,231.8251,434354
2024-04-04 15:15:00,231.8251,232.6497,231.4643,232.6497,193737
2024-04-05 09:15:00,232.8558,233.8866,226.1042,228.9388,1851587
2024-04-05 10:15:00,228.9388,230.6396,227.8565,229.8665,481391
2024-04-05 11:15:00,229.8665,241.2053,227.4957,238.4221,2666144
2024-04-05 12:15:00,238.1129,240.1745,234.6597,235.5874,1465571
2024-04-05 13:15:00,235.5874,237.8036,235.4844,236.7213,505158
2024-04-05 14:15:00,236.5667,239.0406,234.299,236.979,985576
2024-04-05 15:15:00,237.0821,237.9067,236.2575,237.0821,485950
2024-04-08 09:15:00,238.886,241.2053,234.6082,235.2782,1101441
2024-04-08 10:15:00,235.2782,236.309,233.2682,233.8351,252501
2024-04-08 11:15:00,234.1443,236.1028,233.5259,235.4328,233470
2024-04-08 12:15:00,235.4328,237.7006,233.4743,236.8759,679556
2024-04-08 13:15:00,236.8759,236.8759,231.1035,231.5674,531026
2024-04-08 14:15:00,231.5158,234.1959,230.9489,232.0828,359073
2024-04-08 15:15:00,231.9797,232.1858,231.4643,232.0828,206046
2024-04-09 09:15:00,233.7836,233.7836,227.5473,230.5366,628035
2024-04-09 10:15:00,230.485,231.0004,228.9388,229.0935,158615
2024-04-09 11:15:00,229.0935,230.8458,228.8873,229.4542,100010
2024-04-09 12:15:00,229.4542,230.3304,225.7434,226.7742,380860
2024-04-09 13:15:00,226.6711,227.238,224.4549,224.9187,293762
2024-04-09 14:15:00,224.9703,226.4649,222.2902,223.6303,629418
2024-04-09 15:15:00,223.6303,225.1249,223.4756,224.6611,205796
2024-04-10 09:15:00,225.1249,230.5881,223.3726,230.3819,1055464
2024-04-10 10:15:00,230.3819,230.3819,227.3926,227.5473,346825
2024-04-10 11:15:00,227.4957,228.2173,226.5165,227.4957,170609
2024-04-10 12:15:00,227.4442,228.3719,227.2896,227.6503,67063
2024-04-10 13:15:00,227.7019,231.8766,227.3411,229.2996,393433
2024-04-10 14:15:00,229.2996,230.8458,229.2996,230.2273,346238
2024-04-10 15:15:00,230.3819,230.7427,230.1242,230.4335,175031
2024-04-12 09:15:00,228.3719,231.6704,227.2896,228.5265,528737
2024-04-12 10:15:00,228.5781,233.7836,227.8565,232.1343,547308
2024-04-12 11:15:00,231.9797,232.1343,230.3819,230.5881,105255
2024-04-12 12:15:00,230.5881,230.8458,228.3719,229.145,173823
2024-04-12 13:15:00,228.8873,229.8665,228.4234,228.475,92752
2024-04-12 14:15:00,228.475,228.7842,226.9288,227.0319,183833
2024-04-12 15:15:00,226.9803,227.5988,226.6196,227.238,168508
2024-04-15 09:15:00,216.5693,221.4656,211.6215,219.9709,1245658
2024-04-15 10:15:00,219.9709,222.651,218.2186,220.074,450680
2024-04-15 11:15:00,220.0225,221.8779,219.7648,221.5687,116373
2024-04-15 12:15:00,221.6202,222.9602,220.5894,221.9295,150691
2024-04-15 13:15:00,221.9295,222.651,219.1979,219.9194,204749
2024-04-15 14:15:00,219.7133,220.074,216.7755,217.4455,290390
2024-04-15 15:15:00,217.4455,218.2186,215.5385,217.497,202045
2024-04-16 09:15:00,216.157,222.1356,215.1262,220.8987,562091
2024-04-16 10:15:00,220.641,221.1564,219.8679,221.0533,126965
2024-04-16 11:15:00,221.0533,221.1564,219.8679,220.5379,71044
2024-04-16 12:15:00,220.4348,221.1048,218.4763,220.0225,164470
2024-04-16 13:15:00,219.8163,221.6202,219.7133,221.1048,98629
2024-04-16 14:15:00,221.1048,221.1048,218.8886,219.6617,130269
2024-04-16 15:15:00,219.6617,221.3625,219.5586,221.1048,108803
2024-04-18 09:15:00,221.1048,223.4756,219.6617,220.7956,450637
2024-04-18 10:15:00,220.8471,222.0841,220.744,221.7233,132094
2024-04-18 11:15:00,221.6202,222.651,221.0533,221.1048,115660
2024-04-18 12:15:00,221.0017,221.1564,219.9194,220.5894,75032
2024-04-18 13:15:00,220.5894,221.0017,219.0432,219.3525,129549
2024-04-18 14:15:00,219.4556,219.9709,216.4663,217.0332,281237
2024-04-18 15:15:00,217.0332,218.0124,216.4663,218.0124,153236
2024-04-19 09:15:00,211.6731,215.3839,209.3023,214.5078,526081
2024-04-19 10:15:00,214.5078,215.8993,212.3946,212.5492,196611
2024-04-19 11:15:00,212.7554,214.817,212.4462,214.7139,99586
2024-04-19 12:15:00,214.7139,215.8478,214.3531,215.1778,98349
2024-04-19 13:15:00,215.1778,217.497,214.6624,216.9301,184532
2024-04-19 14:15:00,216.9301,217.1878,215.0747,215.7962,173497
2024-04-19 15:15:00,215.7962,216.3116,214.9716,216.2086,82014
2024-04-22 09:15:00,218.0124,221.8264,217.9609,219.0948,316865
2024-04-22 10:15:00,219.2494,219.8679,218.3732,219.5071,83854
2024-04-22 11:15:00,219.5071,219.6102,218.5278,219.0432,50569
2024-04-22 12:15:00,219.0432,219.2494,217.4455,218.1671,76581
2024-04-22 13:15:00,218.1671,218.8886,217.0847,217.8578,113915
2024-04-22 14:15:00,217.7032,217.9609,217.0332,217.7032,110127
2024-04-22 15:15:00,217.6517,218.3217,216.6209,218.0124,114353
2024-04-23 09:15:00,219.3009,221.5687,217.1878,221.0017,708027
2024-04-23 10:15:00,220.8987,227.805,220.2802,227.1865,1445151
2024-04-23 11:15:00,227.1865,227.2896,224.9703,225.1764,388587
2024-04-23 12:15:00,225.1764,226.7226,223.5787,224.4549,324939
2024-04-23 13:15:00,224.3518,231.0004,223.5787,228.0111,1083499
2024-04-23 14:15:00,228.1657,229.6604,226.3103,226.8773,607488
2024-04-23 15:15:00,226.7742,228.2173,226.3103,227.805,266140
2024-04-24 09:15:00,228.3204,231.8251,227.4442,228.4234,871010
2024-04-24 10:15:00,228.5265,230.0727,227.805,229.0935,189879
2024-04-24 11:15:00,229.1965,229.2996,228.3204,228.5265,122577
2024-04-24 12:15:00,228.7327,229.6604,228.0111,229.3512,110158
2024-04-24 13:15:00,229.2996,229.6604,227.0834,229.0419,311391
2024-04-24 14:15:00,229.0419,229.4542,227.1865,228.1657,209680
2024-04-24 15:15:00,228.0627,228.7327,227.4957,228.7327,167808
2024-04-25 09:15:00,228.0627,242.9576,227.3926,240.3806,4444503
2024-04-25 10:15:00,240.4322,241.6691,236.5667,239.8652,2836413
2024-04-25 11:15:00,239.9168,241.6691,239.1437,240.6383,855884
2024-04-25 12:15:00,240.5868,241.1022,239.2983,239.7621,560586
2024-04-25 13:15:00,239.7621,241.8237,239.2983,239.7106,694423
2024-04-25 14:15:00,239.7106,240.6899,238.1644,239.7621,824384
2024-04-25 15:15:00,239.6075,240.5868,238.8344,240.4322,563292
2024-04-26 09:15:00,241.463,242.3391,236.1544,236.6182,1350224
2024-04-26 10:15:00,236.7729,238.9375,235.3297,238.8344,416855
2024-04-26 11:15:00,238.8344,241.1022,238.2675,240.0198,331627
2024-04-26 12:15:00,240.0198,240.6899,239.3498,239.7106,227972
2024-04-26 13:15:00,239.9168,240.0198,238.1129,238.1644,248179
2024-04-26 14:15:00,238.1644,239.3498,238.1129,238.6283,251690
2024-04-26 15:15:00,238.6283,240.6899,238.4221,239.1437,367098
2024-04-29 09:15:00,241.1022,242.7514,237.8036,238.0098,719816
2024-04-29 10:15:00,238.0098,239.6075,237.7006,238.1129,176979
2024-04-29 11:15:00,238.1129,238.6283,237.9067,238.3706,108901
2024-04-29 12:15:00,238.2675,239.9683,238.1644,239.6591,103097
2024-04-29 13:15:00,239.6591,239.6591,238.216,239.3498,149077
2024-04-29 14:15:00,239.3498,239.6591,238.2675,239.2468,168858
2024-04-29 15:15:00,239.1437,241.6691,238.6283,240.5868,292916
2024-04-30 09:15:00,240.5868,241.2053,237.8552,239.556,484643
2024-04-30 10:15:00,239.556,239.556,236.6182,237.0821,187753
2024-04-30 11:15:00,237.1336,237.5975,236.0513,236.6698,137961
2024-04-30 12:15:00,236.6698,237.4429,236.4636,236.7729,103094
2024-04-30 13:15:00,236.7729,237.2882,236.4636,236.5667,104968
2024-04-30 14:15:00,236.6182,237.5459,232.4951,233.062,423168
2024-04-30 15:15:00,233.062,235.4328,232.8043,235.2782,192805
2024-05-02 09:15:00,235.0205,239.0406,232.0828,236.4121,740752
2024-05-02 10:15:00,236.1544,238.1129,235.6905,236.3605,219191
2024-05-02 11:15:00,236.3605,238.886,235.3297,237.0306,302677
2024-05-02 12:15:00,237.0306,237.0306,235.9482,236.5667,91494
2024-05-02 13:15:00,236.5667,236.6182,234.0928,234.402,147437
2024-05-02 14:15:00,234.299,235.6905,233.5259,234.8143,166249
2024-05-02 15:15:00,234.8143,235.7936,234.5051,235.5359,106947
2024-05-03 09:15:00,236.2575,237.4429,232.5466,232.8558,601070
2024-05-03 10:15:00,232.8558,233.9382,230.8973,231.5674,354701
2024-05-03 11:15:00,231.5674,231.7735,227.238,227.805,626107
2024-05-03 12:15:00,227.805,230.3819,227.3411,228.7842,394719
2024-05-03 13:15:00,228.6296,229.3512,227.3411,227.3926,261575
2024-05-03 14:15:00,227.3926,228.8358,227.3926,228.4234,386852
2024-05-03 15:15:00,228.4234,228.8358,227.8565,228.6811,189367
2024-05-06 09:15:00,229.8665,229.9181,219.6617,221.0533,869805
2024-05-06 10:15:00,221.0533,225.9495,220.074,224.8157,323952
2024-05-06 11:15:00,224.8157,225.228,223.7333,224.5064,102261
2024-05-06 12:15:00,224.5064,224.9187,223.2179,223.4241,78698
2024-05-06 13:15:00,223.4241,224.5064,222.651,223.2179,109468
2024-05-06 14:15:00,222.9087,223.5272,221.6202,221.7748,277832
2024-05-06 15:15:00,221.8264,222.5479,221.2079,222.1356,119922
2024-05-07 09:15:00,222.3418,224.5064,218.9402,222.2902,450262
2024-05-07 10:15:00,222.2902,222.4448,218.2186,218.4248,230365
2024-05-07 11:15:00,218.2701,218.2701,215.4355,216.1055,333093
2024-05-07 12:15:00,215.8993,216.724,212.4977,214.147,266207
2024-05-07 13:15:00,214.0439,216.9817,213.6316,216.724,197959
2024-05-07 14:15:00,216.724,218.064,214.9201,216.6724,238773
2024-05-07 15:15:00,216.5693,216.8786,215.3324,216.3632,115123
2024-05-08 09:15:00,216.724,221.2079,213.9924,220.9502,554588
2024-05-08 10:15:00,221.1048,221.1048,216.8786,218.0124,201523
2024-05-08 11:15:00,218.4248,219.6102,217.497,219.0432,101183
2024-05-08 12:15:00,218.8886,221.1048,218.8886,220.4863,105631
2024-05-08 13:15:00,220.4863,221.4141,218.6825,218.8371,141986
2024-05-08 14:15:00,219.1463,219.404,217.5486,218.3217,92216
2024-05-08 15:15:00,218.3217,219.5071,217.497,218.9402,105578
2024-05-09 09:15:00,219.1463,220.1771,215.487,215.487,268013
2024-05-09 10:15:00,215.6416,215.9509,212.8585,214.3016,209513
2024-05-09 11:15:00,214.3016,215.487,213.477,214.817,68881
2024-05-09 12:15:00,214.817,215.1262,213.3739,213.4254,54993
2024-05-09 13:15:00,213.477,214.9716,212.5492,214.1985,82075
2024-05-09 14:15:00,214.4047,214.7139,212.1369,212.4977,241584
2024-05-09 15:15:00,212.4977,213.58,211.8792,213.58,133716
2024-05-10 09:15:00,214.3016,215.3839,206.7253,213.2708,535694
2024-05-10 10:15:00,213.0646,213.3739,210.8484,211.8277,208524
2024-05-10 11:15:00,211.7246,213.477,210.4877,211.1577,178263
2024-05-10 12:15:00,210.6938,211.57,209.3538,210.2815,82822
2024-05-10 13:15:00,210.2815,210.9,208.8384,209.56,296239
2024-05-10 14:15:00,209.56,212.24,209.0446,212.0339,343001
2024-05-10 15:15:00,212.0339,213.3739,211.9308,213.3739,130645
2024-05-13 09:15:00,212.3431,213.2193,206.3645,207.653,362444
2024-05-13 10:15:00,207.653,208.1168,204.406,206.983,374378
2024-05-13 11:15:00,207.0345,209.2507,206.8799,209.0446,149029
2024-05-13 12:15:00,209.0446,211.0031,208.4261,209.9207,103508
2024-05-13 13:15:00,209.9207,210.4877,207.9107,209.9723,110776
2024-05-13 14:15:00,209.7146,210.1784,208.7353,209.1992,181702
2024-05-13 15:15:00,209.1476,209.2507,208.323,209.1476,146177
2024-05-14 09:15:00,210.3846,219.3525,210.3846,213.6831,1168867
2024-05-14 10:15:00,213.7347,216.8786,213.5285,216.7755,443346
2024-05-14 11:15:00,216.7755,216.9817,215.8478,216.0539,294212
2024-05-14 12:15:00,216.2601,216.5693,215.487,215.7962,155742
2024-05-14 13:15:00,215.7962,216.4147,214.9201,215.2808,345228
2024-05-14 14:15:00,215.2808,215.9509,213.6316,215.0747,667026
2024-05-14 15:15:00,215.0747,216.157,214.0439,215.9509,253735
2024-05-15 09:15:00,216.5693,232.7012,216.4663,226.2588,2657835
2024-05-15 10:15:00,226.0526,227.5988,224.2487,225.7434,774623
2024-05-15 11:15:00,225.7434,225.898,223.2179,223.4241,250297
2024-05-15 12:15:00,223.4756,225.6918,223.1664,223.9395,192781
2024-05-15 13:15:00,223.7849,224.8157,223.4241,224.0426,133581
2024-05-15 14:15:00,224.1972,234.5051,223.888,231.0004,3424833
2024-05-15 15:15:00,231.1035,231.3097,230.0212,230.7943,474634
2024-05-16 09:15:00,232.6497,240.896,228.8873,239.1437,3902282
2024-05-16 10:15:00,239.1437,241.1022,236.6698,238.319,1204158
2024-05-16 11:15:00,238.319,241.1022,236.2575,239.9683,1315097
2024-05-16 12:15:00,240.0198,240.6383,238.5252,239.1952,471714
2024-05-16 13:15:00,239.1952,239.6591,236.9275,238.2675,516155
2024-05-16 14:15:00,238.319,242.0299,238.216,240.3291,1160990
2024-05-16 15:15:00,240.3291,240.9476,239.3498,239.7106,417673
2024-05-17 09:15:00,240.896,241.9784,238.319,238.3706,1147009
2024-05-17 10:15:00,238.319,238.5252,235.5874,238.0098,555289
2024-05-17 11:15:00,238.1129,240.1745,237.5975,239.2468,458429
2024-05-17 12:15:00,239.4529,244.0915,239.2983,240.3806,1534144
2024-05-17 13:15:00,240.2775,243.7822,239.8137,242.7514,904366
2024-05-17 14:15:00,242.5968,244.4007,241.5145,241.566,1306147
2024-05-17 15:15:00,241.566,242.7514,241.2568,242.4937,510916
2024-05-18 09:15:00,236.2059,242.0299,233.5259,240.3806,964040
2024-05-18 11:15:00,240.2775,240.9991,237.4429,237.8552,470719
2024-05-18 12:15:00,237.8036,238.319,237.5975,238.1129,135357
2024-05-21 09:15:00,238.3706,250.3793,235.7421,249.7608,4393801
2024-05-21 10:15:00,249.967,252.1832,248.2146,249.8124,3085159
2024-05-21 11:15:00,249.7608,250.1216,248.06,248.4208,773951
2024-05-21 12:15:00,248.4208,248.4723,244.4523,244.7615,928686
2024-05-21 13:15:00,244.7615,247.3385,244.0399,246.1531,543423
2024-05-21 14:15:00,245.8954,249.3485,245.1223,245.9984,1080746
2024-05-21 15:15:00,245.8438,246.3592,245.0192,245.8438,466686
2024-05-22 09:15:00,247.6477,250.9978,238.9375,249.2454,2718054
2024-05-22 10:15:00,249.4516,250.6885,245.7407,246.72,855659
2024-05-22 11:15:00,246.9262,247.5962,245.8438,246.5654,219366
2024-05-22 12:15:00,246.3592,246.8231,245.1738,245.5346,178056
2024-05-22 13:15:00,245.3284,248.1116,244.6584,246.9262,326387
2024-05-22 14:15:00,246.9777,247.3385,244.7099,246.8746,299759
2024-05-22 15:15:00,246.7715,247.39,246.2046,247.3385,218667
2024-05-23 09:15:00,248.1116,278.1076,247.9054,271.2013,15669293
2024-05-23 10:15:00,271.1498,275.9429,267.3358,270.789,5050661
2024-05-23 11:15:00,270.8405,279.3446,270.0674,278.4684,5539310
2024-05-23 12:15:00,278.623,279.8599,271.1498,271.5621,2583527
2024-05-23 13:15:00,271.459,275.0668,271.2013,273.1598,1437076
2024-05-23 14:15:00,272.9536,273.3144,269.6036,270.789,1734259
2024-05-23 15:15:00,270.8921,271.8198,270.0674,270.222,962240
2024-05-24 09:15:00,269.9643,283.1585,263.058,277.1283,6784981
2024-05-24 10:15:00,277.0253,277.6437,273.4175,274.8091,1354795
2024-05-24 11:15:00,274.7575,278.1076,274.5514,275.7883,838872
2024-05-24 12:15:00,275.9429,276.2006,273.6752,274.2421,374036
2024-05-24 13:15:00,274.3968,275.4791,273.7267,274.1391,352794
2024-05-24 14:15:00,273.9844,274.2937,267.2327,270.789,1484530
2024-05-24 15:15:00,270.7374,271.0982,269.2943,269.552,450772
2024-05-27 09:15:00,274.6544,277.953,262.0273,264.9135,2908217
2024-05-27 10:15:00,264.9135,268.0058,264.0888,265.9443,608738
2024-05-27 11:15:00,265.9443,266.9751,264.965,265.9443,173961
2024-05-27 12:15:00,265.9443,265.9443,264.3465,265.4289,203481
2024-05-27 13:15:00,265.635,269.8613,265.2227,269.2428,452907
2024-05-27 14:15:00,269.449,269.5005,265.1196,266.8204,556274
2024-05-27 15:15:00,266.9751,268.3666,266.2535,266.9751,364131
2024-05-28 09:15:00,268.5212,268.9336,255.6363,257.4402,1750381
2024-05-28 10:15:00,257.5948,260.1203,257.2856,259.038,480016
2024-05-28 11:15:00,258.7803,259.0895,255.1725,255.7394,399126
2024-05-28 12:15:00,255.791,257.7495,252.544,256.7187,680597
2024-05-28 13:15:00,256.7702,258.7287,256.2548,257.4918,300888
2024-05-28 14:15:00,257.4402,258.6256,254.3994,255.1209,587326
2024-05-28 15:15:00,255.1209,257.0794,253.7809,255.9971,381091
2024-05-29 09:15:00,253.4717,262.5426,251.5132,259.708,1836670
2024-05-29 10:15:00,259.7595,260.1718,257.0279,257.9556,334042
2024-05-29 11:15:00,257.9556,258.0072,255.1725,257.7495,605611
2024-05-29 12:15:00,257.4918,260.7903,256.6671,258.6256,388696
2024-05-29 13:15:00,258.6256,260.2749,257.6979,259.141,330127
2024-05-29 14:15:00,259.2441,260.378,256.7702,258.9349,439745
2024-05-29 15:15:00,258.9349,259.4503,257.9041,258.3679,269840
2024-05-30 09:15:00,258.5741,259.0895,253.0594,253.1624,880546
2024-05-30 10:15:00,253.1624,255.3786,252.5955,253.214,278746
2024-05-30 11:15:00,253.214,253.7809,251.7709,252.647,239251
2024-05-30 12:15:00,252.647,253.7809,251.2039,252.5955,199482
2024-05-30 13:15:00,252.5955,253.5232,252.0801,252.4409,157658
2024-05-30 14:15:00,252.4409,252.4409,248.627,248.8847,505801
2024-05-30 15:15:00,248.8847,250.4824,247.7508,249.7093,265128
2024-05-31 09:15:00,250.3278,251.977,241.0506,243.6792,1484805
2024-05-31 10:15:00,243.6792,245.38,242.236,245.0707,433197
2024-05-31 11:15:00,244.9676,247.8023,244.2976,246.7715,334108
2024-05-31 12:15:00,246.72,248.8847,245.483,248.6785,213805
2024-05-31 13:15:00,248.5239,259.3987,248.1631,258.0072,1869227
2024-05-31 14:15:00,257.9041,258.1618,252.8532,253.214,713007
2024-05-31 15:15:00,253.0594,254.1932,251.7193,253.6263,442809
2024-06-03 09:15:00,272.1805,275.0152,264.9135,269.3459,3412431
2024-06-03 10:15:00,269.3459,269.3974,262.3365,265.9443,944094
2024-06-03 11:15:00,265.9443,272.2836,265.1712,269.0366,1248541
2024-06-03 12:15:00,269.1913,272.129,268.882,269.8613,627624
2024-06-03 13:15:00,269.8613,270.3767,266.9751,269.1397,352660
2024-06-03 14:15:00,269.1397,270.3251,265.5835,267.2843,705190
2024-06-03 15:15:00,267.2843,268.4182,266.9751,267.4904,296376
2024-06-04 09:15:00,263.2642,263.2642,241.3599,253.3686,2760765
2024-06-04 10:15:00,253.5232,253.7294,223.321,227.4957,2434445
2024-06-04 11:15:00,227.4957,234.402,216.4663,220.6925,1378195
2024-06-04 12:15:00,220.6925,231.2066,213.7862,230.6396,1395399
2024-06-04 13:15:00,230.485,235.5874,226.7742,227.9596,1260781
2024-06-04 14:15:00,228.2173,228.5265,221.6202,222.1356,1087138
2024-06-04 15:15:00,222.1356,224.1457,218.8886,222.651,522183
2024-06-05 09:15:00,224.9187,229.815,209.663,216.0024,1597354
2024-06-05 10:15:00,215.7447,225.898,213.3739,223.991,733035
2024-06-05 11:15:00,223.8364,227.805,222.651,225.9495,669605
2024-06-05 12:15:00,225.9495,230.8973,224.3003,228.8358,596576
2024-06-05 13:15:00,228.8358,230.8973,225.7434,228.8358,750423
2024-06-05 14:15:00,228.6811,232.9589,226.9803,231.5158,829784
2024-06-05 15:15:00,231.5158,231.9281,231.0004,231.9281,205634
2024-06-06 09:15:00,236.0513,251.0493,235.4844,248.4723,2903510
2024-06-06 10:15:00,248.6785,251.6163,247.4931,248.6785,1154306
2024-06-06 11:15:00,248.6785,249.4001,243.8338,247.6992,1026263
2024-06-06 12:15:00,247.9054,255.224,247.5962,249.4516,2051079
2024-06-06 13:15:00,249.4516,253.3686,249.4001,250.5339,729628
2024-06-06 14:15:00,250.6885,251.2555,248.0085,250.7401,556222
2024-06-06 15:15:00,250.6885,251.9255,249.2454,250.2247,415397
2024-06-07 09:15:00,251.307,254.0386,246.3592,249.967,1136496
2024-06-07 10:15:00,250.2762,252.3893,249.7608,250.2762,233415
2024-06-07 11:15:00,250.2762,250.2762,248.5754,248.7816,154454
2024-06-07 12:15:00,248.627,251.3586,247.9569,250.6885,279958
2024-06-07 13:15:00,250.6885,253.5748,250.2762,253.0594,571618
2024-06-07 14:15:00,253.1624,255.0694,251.5132,253.7809,912525
2024-06-07 15:15:00,253.7809,255.4302,252.647,254.8117,508104
2024-06-10 09:15:00,255.626,257.0794,249.266,253.5645,819831
2024-06-10 10:15:00,253.3686,254.3272,252.647,253.0491,272551
2024-06-10 11:15:00,252.8532,255.9147,252.647,252.9563,304487
2024-06-10 12:15:00,252.9563,253.5748,251.6884,252.0492,155748
2024-06-10 13:15:00,252.0389,253.0594,251.5132,251.977,142166
2024-06-10 14:15:00,251.9255,252.3893,250.1731,250.5339,309633
2024-06-10 15:15:00,250.5442,250.5855,248.0188,249.2454,317074
2024-06-11 09:15:00,251.5132,259.141,249.0702,254.1005,1779818
2024-06-11 10:15:00,254.0902,254.9148,251.8224,252.8532,399661
2024-06-11 11:15:00,252.946,255.1106,252.3893,254.4715,188947
2024-06-11 12:15:00,254.3994,256.3064,253.6778,255.492,331199
2024-06-11 13:15:00,255.5023,256.6671,254.6159,254.9663,365735
2024-06-11 14:15:00,255.1209,255.9971,253.214,253.5748,395104
2024-06-11 15:15:00,253.5748,254.3994,252.5543,254.2963,173712
2024-06-12 09:15:00,265.0681,275.9429,264.9444,271.9538,8596709
2024-06-12 10:15:00,271.9538,273.469,268.6759,269.6036,1839422
2024-06-12 11:15:00,269.6448,270.0674,266.9854,267.2843,889325
2024-06-12 12:15:00,267.2946,270.5313,266.6658,269.0469,817096
2024-06-12 13:15:00,269.0469,270.1705,268.1089,268.3872,489607
2024-06-12 14:15:00,268.3975,270.0571,267.1297,267.7069,814056
2024-06-12 15:15:00,267.5935,268.4182,267.0781,267.9028,606953
2024-06-13 09:15:00,269.985,269.9953,262.2953,264.295,1811088
2024-06-13 10:15:00,264.2641,264.5527,261.2851,261.6871,468079
2024-06-13 11:15:00,261.6871,263.2539,260.378,262.1303,375183
2024-06-13 12:15:00,261.9345,263.058,261.9345,262.8416,156977
2024-06-13 13:15:00,262.8519,264.9135,262.3468,264.1404,339215
2024-06-13 14:15:00,264.0373,268.5212,262.8519,267.1812,1159270
2024-06-13 15:15:00,267.2534,272.8506,266.2226,270.7271,1347691
2024-06-14 09:15:00,272.1805,279.8084,267.0266,274.4792,4581562
2024-06-14 10:15:00,274.2318,276.0976,273.3144,275.1802,810109
2024-06-14 11:15:00,274.9534,275.7059,272.4898,275.3657,587424
2024-06-14 12:15:00,275.4791,277.283,273.6133,274.2731,980238
2024-06-14 13:15:00,274.4483,281.9421,273.1598,280.8598,3058829
2024-06-14 14:15:00,280.8598,282.7462,279.3549,279.8599,5049437
2024-06-14 15:15:00,280.0558,280.0764,278.1076,279.0353,873955
2024-06-18 09:15:00,281.7051,293.1572,281.6638,287.0755,7990743
2024-06-18 10:15:00,287.2301,290.3534,286.5601,289.034,1403165
2024-06-18 11:15:00,288.8691,289.6009,287.0961,288.3434,844531
2024-06-18 12:15:00,288.3124,293.0541,288.0238,291.7347,1679496
2024-06-18 13:15:00,291.9305,298.6204,291.7141,295.3321,5450711
2024-06-18 14:15:00,295.4661,295.8269,292.0439,294.188,2153137
2024-06-18 15:15:00,294.0539,294.291,291.7141,292.2294,901208
2024-06-19 09:15:00,296.0434,296.868,278.489,282.5606,4374359
2024-06-19 10:15:00,282.6328,285.9313,281.4061,285.1582,1442732
2024-06-19 11:15:00,285.2716,286.0447,284.0243,285.6118,372848
2024-06-19 12:15:00,285.5087,285.7355,282.9729,283.3028,356004
2024-06-19 13:15:00,283.3028,285.0036,282.1277,284.0862,378259
2024-06-19 14:15:00,284.2717,284.4779,280.6846,281.6123,702731
2024-06-19 15:15:00,281.6123,284.4882,281.0969,283.4471,556642
2024-06-20 09:15:00,287.2507,287.8486,279.5301,281.3546,1815111
2024-06-20 10:15:00,281.2103,283.4677,280.9629,282.4369,410192
2024-06-20 11:15:00,282.4369,283.9213,280.8907,281.1897,402711
2024-06-20 12:15:00,281.2103,284.5191,280.8083,281.4989,956129
2024-06-20 13:15:00,281.4989,282.942,280.396,281.5711,453309
2024-06-20 14:15:00,281.5092,282.3338,280.6846,280.7877,409668
2024-06-20 15:15:00,280.8392,282.9008,280.767,282.0246,404305
2024-06-21 09:15:00,282.942,283.8285,274.7575,275.8914,1743229
2024-06-21 10:15:00,275.778,276.8707,273.2113,274.304,676093
2024-06-21 11:15:00,274.304,277.1283,273.7783,275.7162,365183
2024-06-21 12:15:00,275.6337,275.7368,273.2216,274.1906,354374
2024-06-21 13:15:00,274.1906,275.6749,273.2629,274.6957,438778
2024-06-21 14:15:00,274.6854,274.706,272.129,273.366,648673
2024-06-21 15:15:00,273.366,273.5721,272.9536,273.366,277616
2024-06-24 09:15:00,268.1708,276.716,264.5012,273.9844,2283934
2024-06-24 10:15:00,274.036,275.2111,272.6959,273.4897,463477
2024-06-24 11:15:00,273.4072,274.1906,271.7785,272.7063,200227
2024-06-24 12:15:00,272.7475,273.1495,268.5109,269.6963,437709
2024-06-24 13:15:00,269.6963,270.9951,269.3046,269.6139,230017
2024-06-24 14:15:00,269.552,270.3251,268.1605,268.5831,423637
2024-06-24 15:15:00,268.7583,270.0674,268.0058,269.8613,243370
2024-06-25 09:15:00,270.119,272.4898,269.0366,270.7787,617619
2024-06-25 10:15:00,270.9024,275.2935,269.7479,274.1906,819320
2024-06-25 11:15:00,274.1803,274.6854,270.6962,270.9436,384984
2024-06-25 12:15:00,270.9436,271.6136,270.1705,270.5828,164016
2024-06-25 13:15:00,270.5828,273.1495,269.3459,272.8093,425864
2024-06-25 14:15:00,272.799,275.0152,268.4697,268.9129,702570
2024-06-25 15:15:00,268.9129,268.9336,268.0058,268.9336,156355
2024-06-26 09:15:00,269.6551,270.2736,265.1505,265.4186,969311
2024-06-26 10:15:00,265.5732,268.6243,265.2227,267.0781,413078
2024-06-26 11:15:00,267.2431,267.4904,265.9546,266.5833,184381
2024-06-26 12:15:00,266.5112,266.7586,265.5319,265.934,237480
2024-06-26 13:15:00,266.068,266.7586,265.5319,266.0783,162967
2024-06-26 14:15:00,265.9958,266.0783,264.0888,264.6558,307461
2024-06-26 15:15:00,264.6558,264.6558,262.8519,263.2642,289055
2024-06-27 09:15:00,264.0785,268.614,263.3673,266.7174,757707
2024-06-27 10:15:00,266.738,267.9131,264.0476,265.1093,285202
2024-06-27 11:15:00,265.2846,267.6966,264.9135,266.2947,209534
2024-06-27 12:15:00,266.2947,266.872,263.2642,263.7899,231958
2024-06-27 13:15:00,263.7796,269.0366,259.3266,260.9965,1094765
2024-06-27 14:15:00,260.9965,261.6355,256.0074,260.11,743675
2024-06-27 15:15:00,260.11,260.8934,259.2338,260.78,232323
2024-06-28 09:15:00,261.3572,268.7274,260.6872,266.2638,1103439
2024-06-28 10:15:00,266.2638,266.2638,263.3673,264.3053,239307
2024-06-28 11:15:00,264.3053,264.4908,262.12,262.5942,145226
2024-06-28 12:15:00,262.4911,262.7179,260.378,262.12,242748
2024-06-28 13:15:00,262.12,262.4293,260.7903,261.8005,153721
2024-06-28 14:15:00,261.8211,262.3056,258.8318,259.5121,430485
2024-06-28 15:15:00,259.4193,260.7903,259.1204,260.6872,165347
2024-07-01 09:15:00,260.6872,262.6457,259.2957,261.9242,472168
2024-07-01 10:15:00,262.0788,264.6042,260.9449,261.6665,284311
2024-07-01 11:15:00,261.6149,262.8003,260.7903,262.2849,170052
2024-07-01 12:15:00,262.2849,262.2849,260.2749,260.7388,101168
2024-07-01 13:15:00,260.6872,264.3981,259.7595,261.7696,530016
2024-07-01 14:15:00,261.6149,265.5319,254.2448,264.965,1730554
2024-07-01 15:15:00,264.8619,265.6866,264.5012,264.965,314653
2024-07-02 09:15:00,266.0989,266.872,262.3365,264.1919,698229
2024-07-02 10:15:00,263.9858,265.4289,263.2642,264.5012,167493
2024-07-02 11:15:00,264.5012,265.0165,262.0273,262.0273,187565
2024-07-02 12:15:00,261.9242,262.5426,259.2957,260.7388,226874
2024-07-02 13:15:00,260.8418,263.1611,260.4295,261.9242,181100
2024-07-02 14:15:00,261.9242,262.4396,259.2441,261.8211,302476
2024-07-02 15:15:00,261.8726,262.0273,260.378,262.0273,174018
2024-07-03 09:15:00,262.3365,272.1805,261.9242,270.0674,1768499
2024-07-03 10:15:00,270.0674,276.7676,270.0674,272.7475,1887269
2024-07-03 11:15:00,272.7475,273.2113,271.0467,271.9744,617015
2024-07-03 12:15:00,271.9229,272.3867,269.9643,270.789,311846
2024-07-03 13:15:00,270.6859,273.1083,270.5313,271.2013,333820
2024-07-03 14:15:00,271.2528,272.6444,270.8405,271.6652,491357
2024-07-03 15:15:00,271.6652,271.8198,270.222,270.5828,335488
2024-07-04 09:15:00,272.4382,281.4061,271.0982,277.0253,3308838
2024-07-04 10:15:00,276.9737,277.6437,273.366,275.6337,906688
2024-07-04 11:15:00,275.6852,276.9222,275.2729,276.046,354359
2024-07-04 12:15:00,276.046,280.0661,275.6337,277.3345,814995
2024-07-04 13:15:00,277.3345,282.4369,277.0253,280.3753,2402860
2024-07-04 14:15:00,280.2723,280.4784,277.4891,278.1076,988503
2024-07-04 15:15:00,278.1076,278.7261,277.7984,278.3138,471820
2024-07-05 09:15:00,278.2107,282.8492,274.7575,281.7154,2563944
2024-07-05 10:15:00,281.4577,284.9624,280.0661,280.3753,1568697
2024-07-05 11:15:00,280.3753,280.3753,278.7261,279.5507,386675
2024-07-05 12:15:00,279.5507,279.7569,277.386,278.0045,347715
2024-07-05 13:15:00,278.2107,280.3753,277.386,279.5507,411335
2024-07-05 14:15:00,279.5507,279.7569,275.1698,277.0253,694792
2024-07-05 15:15:00,276.8707,277.4376,275.1183,276.9737,406752
2024-07-08 09:15:00,278.2622,287.5909,277.7468,282.5915,2665656
2024-07-08 10:15:00,282.6431,282.9523,274.8606,277.386,1010583
2024-07-08 11:15:00,277.5407,279.8599,276.8191,277.5922,365454
2024-07-08 12:15:00,277.5407,281.4061,277.283,281.3546,309165
2024-07-08 13:15:00,281.2515,281.6638,279.6538,280.3753,278763
2024-07-08 14:15:00,280.2723,281.3546,278.9838,278.9838,361546
2024-07-08 15:15:00,278.9322,280.0146,278.8292,279.7053,243396
2024-07-09 09:15:00,281.6123,287.0755,280.4269,282.0761,2097645
2024-07-09 10:15:00,282.0761,282.0761,275.8399,279.0869,869160
2024-07-09 11:15:00,279.0353,279.293,277.7468,278.9838,213895
2024-07-09 12:15:00,278.9838,279.5507,277.8499,278.8292,153161
2024-07-09 13:15:00,278.6745,279.8084,278.1076,279.4992,167289
2024-07-09 14:15:00,279.5507,279.5507,276.4583,276.5614,420902
2024-07-09 15:15:00,276.5614,278.2107,276.2522,277.283,244379
2024-07-10 09:15:00,278.5199,279.4476,268.5728,270.1705,1142018
2024-07-10 10:15:00,270.3251,270.8921,263.9342,269.5005,907938
2024-07-10 11:15:00,269.3974,271.7167,268.5728,270.8921,375557
2024-07-10 12:15:00,270.8405,271.9229,269.6551,270.3767,154663
2024-07-10 13:15:00,270.5828,285.4778,269.6551,282.4369,3287821
2024-07-10 14:15:00,282.4369,287.5909,281.5608,282.6946,3419193
2024-07-10 15:15:00,282.54,286.4055,281.4061,285.787,1008042
2024-07-11 09:15:00,289.6525,334.0796,289.6525,329.3895,42975289
2024-07-11 10:15:00,329.1833,339.1305,327.4825,337.3266,13478155
2024-07-11 11:15:00,337.3266,340.3159,335.3681,340.3159,7652609
2024-07-11 12:15:00,340.3159,340.3159,340.3159,340.3159,276028
2024-07-11 13:15:00,340.3159,340.3159,340.3159,340.3159,209468
2024-07-11 14:15:00,340.3159,340.3159,340.3159,340.3159,134728
2024-07-11 15:15:00,340.3159,340.3159,340.3159,340.3159,75109
2024-07-12 09:15:00,358.2001,396.0302,356.1901,367.838,39138083
2024-07-12 10:15:00,367.5803,370.9819,359.2309,361.1894,5611286
2024-07-12 11:15:00,361.2925,362.6841,356.6539,360.674,3649725
2024-07-12 12:15:00,360.674,363.6633,352.7369,358.0455,4110067
2024-07-12 13:15:00,358.0455,363.0448,355.3139,360.674,3073090
2024-07-12 14:15:00,360.674,362.2202,354.85,356.9632,4003773
2024-07-12 15:15:00,356.9116,356.9632,352.6854,355.6231,1902136
2024-07-15 09:15:00,358.3547,362.7356,335.6773,340.1613,6613163
2024-07-15 10:15:00,340.1613,342.6352,339.182,340.8828,1651547
2024-07-15 11:15:00,340.8828,344.1298,339.7489,343.2536,1782262
2024-07-15 12:15:00,343.2536,343.3052,340.2128,341.5013,575295
2024-07-15 13:15:00,341.6044,344.9544,340.9344,342.0682,797167
2024-07-15 14:15:00,342.0682,342.7382,337.7904,338.7697,1186997
2024-07-15 15:15:00,338.8728,345.3152,337.3266,342.2228,1114567
2024-07-16 09:15:00,344.336,351.5,339.6459,342.1198,3972890
2024-07-16 10:15:00,342.1198,342.6352,339.3882,341.6559,748962
2024-07-16 11:15:00,341.759,341.9651,337.275,338.2028,739186
2024-07-16 12:15:00,338.2028,338.512,336.0381,337.3781,432946
2024-07-16 13:15:00,337.5327,338.2028,333.1003,334.6981,738954
2024-07-16 14:15:00,334.5434,336.605,332.1211,333.6673,900187
2024-07-16 15:15:00,333.4611,334.9042,332.4819,334.4919,497535
2024-07-18 09:15:00,330.8326,336.605,318.36,324.1324,4407380
2024-07-18 10:15:00,324.1324,326.3487,318.6177,319.1846,1408194
2024-07-18 11:15:00,319.0816,324.5963,318.9785,323.8232,573402
2024-07-18 12:15:00,323.8232,324.184,322.1739,323.6171,336642
2024-07-18 13:15:00,323.6171,324.6994,321.4009,322.0709,391310
2024-07-18 14:15:00,322.0193,322.4832,319.597,321.4524,1492030
2024-07-18 15:15:00,321.4524,322.4832,320.1124,322.0709,1091863
2024-07-19 09:15:00,320.3701,329.441,314.3915,316.0923,4719327
2024-07-19 10:15:00,316.1438,320.0093,313.3607,314.5976,1057790
2024-07-19 11:15:00,314.5976,316.9684,312.8968,316.4015,688250
2024-07-19 12:15:00,316.4015,319.8547,315.4223,318.5146,575477
2024-07-19 13:15:00,318.7208,327.431,317.5869,320.6793,1764819
2024-07-19 14:15:00,320.3185,321.5555,313.5153,314.0307,1003789
2024-07-19 15:15:00,314.0307,315.4223,313.103,315.4223,484754
2024-07-22 09:15:00,313.3607,345.2121,310.8868,338.6666,9306755
2024-07-22 10:15:00,338.6666,340.5736,327.1217,327.5341,3771242
2024-07-22 11:15:00,327.3794,329.8533,326.5033,329.1833,1272059
2024-07-22 12:15:00,329.2864,331.348,326.864,329.0803,923866
2024-07-22 13:15:00,329.0287,332.5334,323.8232,325.2148,1159711
2024-07-22 14:15:00,325.2148,334.8011,324.854,328.101,2370473
2024-07-22 15:15:00,328.101,330.3687,326.5548,329.3379,993771
2024-07-23 09:15:00,332.9457,335.0073,326.091,327.8948,3645742
2024-07-23 10:15:00,328.2041,328.6164,323.7201,324.4932,2171149
2024-07-23 11:15:00,324.3386,334.4404,316.9684,322.0193,5069974
2024-07-23 12:15:00,321.9678,322.2255,287.1786,308.2067,5226520
2024-07-23 13:15:00,308.2067,309.7014,296.4042,303.8259,5891175
2024-07-23 14:15:00,303.9289,308.0006,301.352,301.5066,2168739
2024-07-23 15:15:00,301.5581,306.4544,300.9912,306.3513,925624
2024-07-24 09:15:00,306.9698,315.783,305.9905,308.516,3451565
2024-07-24 10:15:00,308.4129,308.9283,303.9289,304.2382,1118102
2024-07-24 11:15:00,304.3412,305.0113,302.2281,302.8466,579945
2024-07-24 12:15:00,302.8981,303.0528,299.5996,300.8366,785634
2024-07-24 13:15:00,301.1458,301.8673,299.0327,299.3419,1036755
2024-07-24 14:15:00,299.1358,300.785,298.208,298.7234,1143745
2024-07-24 15:15:00,298.6719,301.5066,298.2596,301.5066,606595
2024-07-25 09:15:00,296.7649,308.0006,293.3633,294.6518,4680959
2024-07-25 10:15:00,294.6003,296.1465,291.8171,295.5795,1971812
2024-07-25 11:15:00,295.528,295.7857,291.7656,292.951,971835
2024-07-25 12:15:00,292.951,293.6726,288.1063,290.6317,1322945
2024-07-25 13:15:00,290.5802,292.4871,289.704,292.1779,739629
2024-07-25 14:15:00,292.3841,292.5902,288.6217,289.3432,1076444
2024-07-25 15:15:00,289.2917,291.7141,288.1063,291.2502,737042
2024-07-26 09:15:00,291.8171,295.8372,289.8586,292.5902,2376175
2024-07-26 10:15:00,292.5387,292.6418,290.8894,291.7141,525438
2024-07-26 11:15:00,291.7141,292.7964,290.1679,292.3841,625323
2024-07-26 12:15:00,292.3841,297.8988,291.5079,292.6933,2077550
2024-07-26 13:15:00,292.6933,292.7448,291.4048,291.6625,476644
2024-07-26 14:15:00,291.6625,291.7141,286.0962,286.3539,1308702
2024-07-26 15:15:00,286.4055,287.5909,285.787,286.8178,726942
2024-07-29 09:15:00,289.6525,301.8158,289.6525,298.7234,4599030
2024-07-29 10:15:00,298.7234,301.9189,292.3325,293.6726,2440853
2024-07-29 11:15:00,293.6726,294.7549,287.9001,288.6217,1993924
2024-07-29 12:15:00,288.6217,289.0855,285.3747,288.6217,1636406
2024-07-29 13:15:00,288.5701,291.3017,288.1063,289.4463,1111288
2024-07-29 14:15:00,289.4463,291.6625,288.6732,290.0648,991206
2024-07-29 15:15:00,290.2709,291.3533,289.1371,291.1987,653609
2024-07-30 09:15:00,292.1779,300.3727,288.8278,289.6525,5424144
2024-07-30 10:15:00,289.6525,297.3319,289.3948,296.198,2698193
2024-07-30 11:15:00,295.9918,296.868,294.291,295.0641,649876
2024-07-30 12:15:00,295.2187,297.3834,294.291,296.7649,896630
2024-07-30 13:15:00,296.7649,298.3627,295.3734,295.6311,877475
2024-07-30 14:15:00,295.6311,298.6719,293.9303,294.0333,1700720
2024-07-30 15:15:00,293.9818,296.3526,293.2602,296.2495,680012
2024-07-31 09:15:00,296.1465,300.2696,293.9303,295.3734,1656882
2024-07-31 10:15:00,295.2703,296.7649,294.291,295.3218,356862
2024-07-31 11:15:00,295.3218,296.2495,294.291,295.6826,288679
2024-07-31 12:15:00,295.6826,295.8372,294.7549,295.0641,183343
2024-07-31 13:15:00,294.9095,295.6311,293.9818,294.0333,226248
2024-07-31 14:15:00,294.291,295.8888,294.0333,295.0641,431470
2024-07-31 15:15:00,295.2187,296.3526,294.8064,296.1465,385568
2024-08-01 09:15:00,296.8165,305.7328,296.8165,301.7127,4682158
2024-08-01 10:15:00,301.7127,303.4135,298.6204,300.4758,1224382
2024-08-01 11:15:00,300.5789,300.785,297.8988,298.208,462607
2024-08-01 12:15:00,298.0534,299.1873,296.3526,298.105,511201
2024-08-01 13:15:00,298.105,298.8265,296.3526,297.4349,370766
2024-08-01 14:15:00,297.3834,297.4349,294.291,295.5795,764409
2024-08-01 15:15:00,295.5795,295.8372,294.8064,295.8372,453750
2024-08-02 09:15:00,291.3017,294.188,287.6424,292.4356,1767734
2024-08-02 10:15:00,292.4871,294.188,291.9202,293.4664,498095
2024-08-02 11:15:00,293.4664,294.7549,291.8171,292.281,277554
2024-08-02 12:15:00,292.4871,293.3633,291.9202,293.2087,150627
2024-08-02 13:15:00,293.0541,293.9818,292.4356,292.951,265052
2024-08-02 14:15:00,292.7448,293.7241,291.0956,291.5594,431955
2024-08-02 15:15:00,291.5594,293.7756,291.3533,293.7756,274035
2024-08-05 09:15:00,283.3646,284.9624,272.6444,280.8907,2414024
2024-08-05 10:15:00,280.8907,281.2,273.5206,273.9329,915427
2024-08-05 11:15:00,273.8814,275.7368,271.4075,275.1183,941535
2024-08-05 12:15:00,275.1183,275.4275,271.0982,273.6752,557051
2024-08-05 13:15:00,273.6752,275.9945,273.2113,274.2937,398919
2024-08-05 14:15:00,274.3452,275.0668,272.129,273.3144,464315
2024-08-05 15:15:00,273.3144,273.6752,271.6136,272.3352,377770
2024-08-06 09:15:00,279.2415,281.5092,274.4998,277.7984,1564372
2024-08-06 10:15:00,278.0561,279.3446,273.2113,275.9429,524839
2024-08-06 11:15:00,275.9429,276.6645,274.4483,275.5822,200071
2024-08-06 12:15:00,275.5822,275.7368,273.6752,274.2937,176143
2024-08-06 13:15:00,274.2937,274.4483,266.2535,266.3566,720427
2024-08-06 14:15:00,266.4081,266.9235,258.3679,259.2441,2890180
2024-08-06 15:15:00,259.2441,259.7595,255.9971,258.6772,1464900
2024-08-07 09:15:00,266.2535,266.6658,258.7803,261.3057,1991683
2024-08-07 10:15:00,261.3572,269.0366,260.7903,265.5835,828439
2024-08-07 11:15:00,265.6866,267.4904,264.6558,266.5627,333248
2024-08-07 12:15:00,266.6143,267.3874,265.3258,266.5627,194057
2024-08-07 13:15:00,266.5627,272.5413,265.0165,270.9436,707527
2024-08-07 14:15:00,270.789,274.1391,270.0159,271.3559,841562
2024-08-07 15:15:00,271.5621,274.0875,271.3559,273.8814,361092
2024-08-08 09:15:00,273.1083,273.469,267.2327,269.9643,1365849
2024-08-08 10:15:00,269.8097,270.9436,268.7274,269.3459,464867
2024-08-08 11:15:00,269.3459,270.8921,269.1397,270.2736,224644
2024-08-08 12:15:00,270.2736,272.4898,268.8305,269.0366,442453
2024-08-08 13:15:00,269.0366,270.0159,267.6966,267.9543,295888
2024-08-08 14:15:00,268.0058,268.4182,265.5319,266.4081,544598
2024-08-08 15:15:00,266.305,266.8204,265.0165,266.7174,293420
2024-08-09 09:15:00,269.552,271.5105,267.2843,268.0058,1152621
2024-08-09 10:15:00,267.9543,267.9543,263.8827,267.0266,477494
2024-08-09 11:15:00,267.1812,267.5935,265.2227,265.7896,222360
2024-08-09 12:15:00,265.8412,267.0266,265.2742,265.8412,171642
2024-08-09 13:15:00,265.8412,268.0058,265.4289,267.3874,191524
2024-08-09 14:15:00,267.2327,267.4904,264.9135,265.3773,444729
2024-08-09 15:15:00,265.3773,265.9443,264.9135,265.8927,218891
2024-08-12 09:15:00,279.3961,297.6411,274.8606,288.6217,13302178
2024-08-12 10:15:00,288.6217,291.7141,288.3124,290.4771,1694647
2024-08-12 11:15:00,290.4771,293.6726,286.9209,287.1786,2355076
2024-08-12 12:15:00,287.3847,288.9825,283.5193,286.1993,1536558
2024-08-12 13:15:00,286.1993,287.694,285.7355,287.0239,778694
2024-08-12 14:15:00,287.0239,287.1786,280.9938,282.54,2022944
2024-08-12 15:15:00,282.54,283.9316,280.8907,283.0554,1227323
2024-08-13 09:15:00,284.9108,285.3231,276.2522,277.1283,1962845
2024-08-13 10:15:00,277.0253,278.2622,275.9945,277.6953,596604
2024-08-13 11:15:00,277.6437,278.0045,276.0976,277.1799,295990
2024-08-13 12:15:00,277.1799,277.1799,274.3452,276.046,357277
2024-08-13 13:15:00,275.8914,276.6645,273.7267,274.9637,426807
2024-08-13 14:15:00,274.9637,275.2214,271.9229,272.4898,611159
2024-08-13 15:15:00,272.4898,274.3968,271.2013,273.2113,559086
2024-08-14 09:15:00,274.9121,277.1799,267.4904,270.2736,1555777
2024-08-14 10:15:00,270.4282,271.7682,268.8305,269.5005,365473
2024-08-14 11:15:00,269.3459,270.9951,268.5212,270.8405,158940
2024-08-14 12:15:00,270.9951,272.4898,269.8613,271.0982,174887
2024-08-14 13:15:00,270.9951,271.4075,269.3459,271.0982,159088
2024-08-14 14:15:00,271.0982,273.1598,270.119,271.0982,449199
2024-08-14 15:15:00,270.8921,274.9121,270.3251,273.9844,331525
2024-08-16 09:15:00,274.3968,282.4369,273.1083,278.0045,2923958
2024-08-16 10:15:00,278.1591,279.6538,277.6437,278.8292,439074
2024-08-16 11:15:00,278.6745,281.2,278.2622,279.8084,375402
2024-08-16 12:15:00,279.963,280.8392,278.8292,280.1692,321836
2024-08-16 13:15:00,280.1692,280.3753,278.5715,279.293,269980
2024-08-16 14:15:00,279.1384,279.3961,277.6953,279.0869,388193
2024-08-16 15:15:00,279.0353,280.2207,278.8807,279.5507,367235
2024-08-19 09:15:00,280.7877,286.457,280.4784,285.3231,1351871
2024-08-19 10:15:00,285.5293,286.0447,283.4677,284.1377,535561
2024-08-19 11:15:00,284.1377,284.8593,283.4677,283.88,169876
2024-08-19 12:15:00,283.7254,283.9831,282.54,282.8492,125274
2024-08-19 13:15:00,282.8492,283.5193,282.0246,282.5915,196218
2024-08-19 14:15:00,282.5915,282.7462,281.4061,281.6638,232305
2024-08-19 15:15:00,281.6638,283.2616,281.4061,283.2616,272137
2024-08-20 09:15:00,283.3131,285.3231,280.2207,281.0969,906636
2024-08-20 10:15:00,281.0969,281.4061,276.5614,277.283,686015
2024-08-20 11:15:00,277.283,278.0045,276.3037,277.6437,288892
2024-08-20 12:15:00,277.6437,277.9014,276.7676,277.4376,192038
2024-08-20 13:15:00,277.5407,280.9938,277.3345,279.6022,254772
2024-08-20 14:15:00,279.4476,279.6022,277.3345,277.8499,256532
2024-08-20 15:15:00,277.8499,283.2616,277.7984,279.8599,321323
2024-08-21 09:15:00,278.8292,286.3539,277.953,281.9215,1332044
2024-08-21 10:15:00,281.9215,282.3854,280.0146,280.3753,236635
2024-08-21 11:15:00,280.5815,281.1484,280.0146,280.9938,131684
2024-08-21 12:15:00,280.9938,280.9938,280.3753,280.7361,89212
2024-08-21 13:15:00,280.7361,282.6946,280.4784,280.9938,213225
2024-08-21 14:15:00,281.1484,281.3031,280.4784,280.8907,237524
2024-08-21 15:15:00,280.7877,281.3546,280.5815,280.9938,194539
2024-08-22 09:15:00,282.0246,283.9831,278.9322,280.8392,857506
2024-08-22 10:15:00,280.8392,281.9215,280.0146,280.5815,210201
2024-08-22 11:15:00,280.5815,281.0454,280.2207,280.53,122667
2024-08-22 12:15:00,280.633,280.7361,278.9322,278.9322,191791
2024-08-22 13:15:00,278.9322,283.4162,278.9322,282.4369,478572
2024-08-22 14:15:00,282.54,282.8492,281.7669,282.2823,313947
2024-08-22 15:15:00,282.4369,282.6946,281.9215,282.54,216359
2024-08-23 09:15:00,283.4162,287.0239,281.9215,285.5293,1244238
2024-08-23 10:15:00,285.4262,289.4463,284.0347,284.6016,1150922
2024-08-23 11:15:00,284.55,285.9932,283.9831,284.1893,231093
2024-08-23 12:15:00,284.1893,284.447,283.4677,283.7254,177092
2024-08-23 13:15:00,283.7254,284.1377,282.6431,282.6431,179579
2024-08-23 14:15:00,282.6431,285.7355,282.6431,285.1685,403885
2024-08-23 15:15:00,285.1685,285.1685,284.0347,284.7047,237801
2024-08-26 09:15:00,286.3539,288.5186,282.4885,283.7254,657379
2024-08-26 10:15:00,283.7254,284.55,282.54,283.3131,174048
2024-08-26 11:15:00,283.3131,284.1893,282.6431,283.1585,188557
2024-08-26 12:15:00,283.1585,283.7254,282.54,282.54,155438
2024-08-26 13:15:00,282.54,283.4162,282.4369,283.0554,114113
2024-08-26 14:15:00,283.21,283.6739,282.4885,283.2616,203980
2024-08-26 15:15:00,283.21,284.1893,281.4061,282.8492,300360
2024-08-27 09:15:00,282.6431,285.2716,282.1792,283.1069,468576
2024-08-27 10:15:00,283.1069,283.5708,281.9215,282.4369,164694
2024-08-27 11:15:00,282.4885,284.1893,282.1792,283.3646,188525
2024-08-27 12:15:00,283.2616,283.2616,280.3753,281.3546,197801
2024-08-27 13:15:00,281.3546,281.6638,280.8907,281.0969,89233
2024-08-27 14:15:00,280.9938,281.9731,280.3753,281.0969,232296
2024-08-27 15:15:00,281.0969,281.4061,280.8907,281.0969,171885
2024-08-28 09:15:00,281.9215,283.9831,281.0969,282.6431,621024
2024-08-28 10:15:00,282.6431,283.8285,281.4577,281.5608,211018
2024-08-28 11:15:00,281.7154,282.0246,280.4784,281.1484,130884
2024-08-28 12:15:00,281.1484,281.7154,279.7569,280.1176,184583
2024-08-28 13:15:00,280.1692,281.3031,279.8599,280.0661,133967
2024-08-28 14:15:00,280.2207,280.4784,278.3138,278.9322,284687
2024-08-28 15:15:00,279.0353,280.1692,278.9322,279.963,130083
2024-08-29 09:15:00,279.293,279.3446,274.706,275.0152,504248
2024-08-29 10:15:00,275.0152,275.1183,272.4382,273.5206,317189
2024-08-29 11:15:00,273.5206,273.6752,272.4898,272.9021,144761
2024-08-29 12:15:00,272.7475,274.9637,272.7475,273.8298,165105
2024-08-29 13:15:00,273.8298,274.6029,273.1598,274.2937,104371
2024-08-29 14:15:00,274.3968,275.3245,273.8814,275.0152,198770
2024-08-29 15:15:00,275.0152,275.7368,274.7575,275.4275,133621
2024-08-30 09:15:00,275.6337,275.9945,270.6344,272.2836,524453
2024-08-30 10:15:00,272.2836,278.1076,272.0775,275.7368,688853
2024-08-30 11:15:00,275.7883,276.046,273.6752,273.6752,171781
2024-08-30 12:15:00,273.6752,274.3452,272.9021,273.8298,141668
2024-08-30 13:15:00,274.0875,275.5822,273.5721,274.6544,103132
2024-08-30 14:15:00,274.6544,278.2107,273.6752,277.6953,425805
2024-08-30 15:15:00,277.8499,278.8292,276.5614,276.5614,342899
2024-09-02 09:15:00,278.7261,278.8292,273.4175,273.5206,570842
2024-09-02 10:15:00,273.4175,273.6237,272.1805,272.8506,339244
2024-09-02 11:15:00,272.8506,273.2113,271.3044,271.7682,197742
2024-09-02 12:15:00,271.7682,271.7682,270.5828,271.3044,190036
2024-09-02 13:15:00,271.2528,272.129,271.0982,271.7682,111871
2024-09-02 14:15:00,271.9229,276.2522,270.5828,272.9021,551011
2024-09-02 15:15:00,272.7475,280.3238,271.2013,275.7368,1198683
2024-09-03 09:15:00,275.9945,284.8077,275.8399,279.1899,1752589
2024-09-03 10:15:00,279.1384,284.9108,277.9014,282.0761,1225465
2024-09-03 11:15:00,282.0761,283.4677,281.4577,281.9215,513743
2024-09-03 12:15:00,282.0246,282.1792,279.3961,280.2723,242036
2024-09-03 13:15:00,280.2723,281.7669,279.5507,280.9938,254367
2024-09-03 14:15:00,280.9938,282.9523,279.3446,279.3961,539209
2024-09-03 15:15:00,279.5507,280.1176,277.7984,279.3446,324889
2024-09-04 09:15:00,277.4891,282.9523,276.2522,281.3031,864847
2024-09-04 10:15:00,281.3031,281.6638,277.953,278.4684,396854
2024-09-04 11:15:00,278.5715,279.2415,277.4891,277.8499,157220
2024-09-04 12:15:00,277.8499,278.6745,277.4891,278.2107,99438
2024-09-04 13:15:00,277.953,279.3446,277.5407,277.7984,120229
2024-09-04 14:15:00,278.0045,278.1591,276.7676,276.9737,176173
2024-09-04 15:15:00,276.8707,277.6953,276.3553,277.283,146511
2024-09-05 09:15:00,278.2622,278.9322,275.376,275.376,346321
2024-09-05 10:15:00,275.4791,275.7368,274.2937,275.3245,196135
2024-09-05 11:15:00,275.3245,275.5306,274.1906,275.1183,99773
2024-09-05 12:15:00,275.0152,275.8399,274.1906,274.6544,82794
2024-09-05 13:15:00,274.5514,274.9637,273.3144,274.0875,145735
2024-09-05 14:15:00,274.0875,274.5514,273.1598,273.469,154652
2024-09-05 15:15:00,273.366,274.3968,273.366,274.0875,168275
2024-09-06 09:15:00,272.8506,272.8506,264.9135,266.0989,971036
2024-09-06 10:15:00,266.0473,268.0058,265.2227,266.7174,338577
2024-09-06 11:15:00,266.7174,268.3151,266.3566,267.2327,200491
2024-09-06 12:15:00,267.2327,267.9028,265.9443,266.202,141233
2024-09-06 13:15:00,266.3566,266.4597,264.6042,264.9135,265522
2024-09-06 14:15:00,264.7588,264.9135,263.5219,263.9858,468720
2024-09-06 15:15:00,263.9342,265.5319,263.625,265.3258,189935
2024-09-09 09:15:00,264.3465,265.0681,254.9663,257.4402,1139460
2024-09-09 10:15:00,257.2341,259.1926,255.7394,258.4195,308561
2024-09-09 11:15:00,258.5226,260.1718,256.7187,257.2341,255212
2024-09-09 12:15:00,257.1825,257.6464,254.6055,255.6879,336219
2024-09-09 13:15:00,255.6879,257.2856,255.3271,256.461,153651
2024-09-09 14:15:00,256.3579,257.9041,255.9971,257.2856,227118
2024-09-09 15:15:00,257.0794,258.6256,256.6671,258.5226,183605
2024-09-10 09:15:00,260.0687,266.4597,260.0172,262.8519,885278
2024-09-10 10:15:00,262.955,263.2127,262.0788,262.4911,126512
2024-09-10 11:15:00,262.4396,262.9034,261.4603,261.6665,137542
2024-09-10 12:15:00,261.8211,262.2849,260.8934,262.1819,105829
2024-09-10 13:15:00,261.9242,263.4704,261.5634,262.0788,78506
2024-09-10 14:15:00,262.2849,262.5426,260.7903,261.6665,148256
2024-09-10 15:15:00,261.6665,262.7488,260.8934,262.7488,161025
2024-09-11 09:15:00,262.5426,265.7381,260.9449,261.8211,487372
2024-09-11 10:15:00,261.8211,262.3365,259.9657,260.6872,168140
2024-09-11 11:15:00,260.6357,260.6357,259.2957,259.6049,112016
2024-09-11 12:15:00,259.6049,260.2234,258.9349,259.3472,85212
2024-09-11 13:15:00,259.3472,259.4503,254.6571,256.5125,372323
2024-09-11 14:15:00,256.5125,256.6156,251.8224,253.3686,662923
2024-09-11 15:15:00,253.3686,254.5025,252.9563,254.5025,150951
2024-09-12 09:15:00,255.7394,257.2856,253.0078,253.0594,521606
2024-09-12 10:15:00,253.1109,255.0694,252.647,253.3171,198046
2024-09-12 11:15:00,253.3171,253.6778,249.1424,249.6062,345583
2024-09-12 12:15:00,249.5031,250.6885,247.39,249.297,570368
2024-09-12 13:15:00,249.4516,250.4824,248.73,249.8639,198474
2024-09-12 14:15:00,249.8639,252.3378,249.8639,252.0286,368234
2024-09-12 15:15:00,251.9255,253.0078,251.1009,252.9563,222699
2024-09-13 09:15:00,253.1109,257.2856,252.544,255.224,694053
2024-09-13 10:15:00,255.3786,256.0487,254.6055,255.2756,107671
2024-09-13 11:15:00,255.2756,255.5848,254.0902,254.554,104946
2024-09-13 12:15:00,254.5025,255.4302,254.1932,255.2756,64969
2024-09-13 13:15:00,255.2756,255.3786,253.3686,253.5748,130569
2024-09-13 14:15:00,253.6263,254.1932,252.9047,253.3171,163450
2024-09-13 15:15:00,253.3171,254.7086,253.1624,254.5025,112415
2024-09-16 09:15:00,254.8632,255.3786,250.4824,250.6885,370707
2024-09-16 10:15:00,250.637,251.5132,250.3278,251.1009,157886
2024-09-16 11:15:00,251.1009,251.5132,247.6477,249.2454,295233
2024-09-16 12:15:00,249.0393,262.5426,248.9362,257.6464,1391585
2024-09-16 13:15:00,257.6979,260.2234,255.3271,256.0487,742312
2024-09-16 14:15:00,255.9456,257.4402,255.1725,256.1517,252221
2024-09-16 15:15:00,256.1517,256.4094,254.6055,255.1209,174614
2024-09-17 09:15:00,256.4094,256.5125,252.8532,253.4717,466965
2024-09-17 10:15:00,253.3686,254.3479,253.0078,253.3171,175208
2024-09-17 11:15:00,253.4717,253.6778,252.544,252.8017,88332
2024-09-17 12:15:00,252.5955,253.4717,251.8224,252.8532,126808
2024-09-17 13:15:00,252.7501,255.0179,252.0286,254.9663,143335
2024-09-17 14:15:00,255.0179,255.224,252.1832,252.5955,158480
2024-09-17 15:15:00,252.544,253.214,252.0286,252.544,153477
2024-09-18 09:15:00,252.4409,255.7394,252.4409,254.3479,406962
2024-09-18 10:15:00,254.3479,255.1209,252.8532,253.214,119051
2024-09-18 11:15:00,253.214,253.214,251.5132,251.6163,130921
2024-09-18 12:15:00,251.6163,251.977,250.0701,250.2247,102293
2024-09-18 13:15:00,250.2247,257.3887,249.3485,255.894,573271
2024-09-18 14:15:00,255.8425,256.3579,254.4509,254.8117,263212
2024-09-18 15:15:00,254.8632,255.4302,254.0902,255.1209,165905
2024-09-19 09:15:00,256.1517,257.6464,250.5339,250.8432,505706
2024-09-19 10:15:00,250.8432,251.5132,249.3485,249.6062,220351
2024-09-19 11:15:00,249.6062,250.3278,247.5962,249.8124,333120
2024-09-19 12:15:00,249.8124,251.4616,248.3693,248.4208,246098
2024-09-19 13:15:00,248.3693,249.6577,248.06,248.3177,139729
2024-09-19 14:15:00,248.3177,249.6062,246.6169,247.5446,346487
2024-09-19 15:15:00,247.5446,248.3177,246.3592,248.2146,184314
2024-09-20 09:15:00,248.3693,251.307,243.9884,249.6577,981955
2024-09-20 10:15:00,249.8124,258.9349,249.7093,257.5948,1383642
2024-09-20 11:15:00,257.5948,261.2026,256.5641,258.1618,1113381
2024-09-20 12:15:00,258.1102,261.7696,257.131,260.1718,942365
2024-09-20 13:15:00,260.1718,261.5634,256.4094,260.378,748340
2024-09-20 14:15:00,260.2749,272.0259,258.3164,267.7997,4955735
2024-09-20 15:15:00,267.7481,270.0674,266.2535,267.6966,2932160
2024-09-23 09:15:00,268.0058,278.2107,264.3981,272.6444,2911010
2024-09-23 10:15:00,272.8506,279.1384,271.3559,275.8399,1438943
2024-09-23 11:15:00,275.7368,277.7984,274.4998,275.3245,483558
2024-09-23 12:15:00,275.5306,275.5822,273.469,274.1906,259284
2024-09-23 13:15:00,273.9844,274.706,273.7783,273.9329,176461
2024-09-23 14:15:00,274.0875,275.5306,273.6752,275.3245,356246
2024-09-23 15:15:00,275.3245,276.7676,274.2937,274.8606,411454
2024-09-24 09:15:00,275.3245,282.6946,274.8606,279.7053,2031224
2024-09-24 10:15:00,279.8084,281.0454,277.9014,278.0045,389901
2024-09-24 11:15:00,278.1076,278.4684,274.9121,275.4791,335350
2024-09-24 12:15:00,275.376,275.7883,272.4382,274.2421,339874
2024-09-24 13:15:00,274.4483,276.2006,273.6752,274.1906,344239
2024-09-24 14:15:00,274.1906,279.4476,273.2629,278.8807,626697
2024-09-24 15:15:00,278.9838,279.4992,277.7984,277.7984,281091
2024-09-25 09:15:00,276.8707,277.6953,274.0875,274.8606,694510
2024-09-25 10:15:00,274.8606,276.5614,274.4483,275.9945,137729
2024-09-25 11:15:00,275.9945,276.0976,272.799,273.0052,390156
2024-09-25 12:15:00,273.0567,273.3144,271.1498,272.2321,122432
2024-09-25 13:15:00,272.2321,275.1698,272.1805,274.6544,210303
2024-09-25 14:15:00,274.6544,275.6852,273.6752,274.3968,258845
2024-09-25 15:15:00,274.3452,277.283,273.8814,276.5614,270508
2024-09-26 09:15:00,275.2214,275.8914,270.6859,271.4075,515186
2024-09-26 10:15:00,271.5105,274.9637,270.8921,274.6544,271219
2024-09-26 11:15:00,274.706,279.293,274.1906,276.2006,593169
2024-09-26 12:15:00,276.0976,277.7984,274.1391,274.706,345888
2024-09-26 13:15:00,274.4998,276.3037,273.7783,275.1183,160668
2024-09-26 14:15:00,275.1183,279.4992,274.4998,278.4684,561531
2024-09-26 15:15:00,278.4684,279.1899,278.2622,278.3138,256132
2024-09-27 09:15:00,278.3138,278.7776,274.8606,275.3245,478776
2024-09-27 10:15:00,275.376,276.7676,274.4483,275.2214,155747
2024-09-27 11:15:00,275.0152,275.5306,274.2937,274.9637,123343
2024-09-27 12:15:00,275.1183,275.2214,272.799,273.2113,126719
2024-09-27 13:15:00,273.2113,274.8091,272.7475,274.1906,81675
2024-09-27 14:15:00,274.036,276.613,274.036,276.2522,652722
2024-09-27 15:15:00,276.2522,277.4891,275.2729,275.7368,448147
2024-09-30 09:15:00,273.6752,275.0668,269.0366,270.6859,566075
2024-09-30 10:15:00,270.4797,270.9951,269.449,270.6859,100419
2024-09-30 11:15:00,270.6859,270.9436,269.552,270.4282,96753
2024-09-30 12:15:00,270.4282,270.7374,269.3459,270.0674,95537
2024-09-30 13:15:00,270.0159,271.5105,269.449,269.552,113095
2024-09-30 14:15:00,269.552,270.5313,269.2428,269.7582,173849
2024-09-30 15:15:00,269.7066,269.7582,268.1605,268.5212,147577
2024-10-01 09:15:00,270.5828,270.8921,267.4904,268.3666,343276
2024-10-01 10:15:00,268.3666,268.5212,265.1196,266.872,215306
2024-10-01 11:15:00,267.0781,267.4904,266.202,266.9751,111946
2024-10-01 12:15:00,266.7689,267.6966,266.5112,267.1297,91206
2024-10-01 13:15:00,267.1812,267.7481,266.9751,267.3358,63775
2024-10-01 14:15:00,267.3358,268.5212,266.5627,268.3151,223001
2024-10-01 15:15:00,268.3151,268.9336,267.542,268.5212,115588
2024-10-03 09:15:00,260.7903,264.0888,259.1926,261.0995,427417
2024-10-03 10:15:00,261.0995,262.1819,260.4295,260.7903,114825
2024-10-03 11:15:00,260.7903,260.7903,258.8318,259.7595,183953
2024-10-03 12:15:00,259.811,260.7388,258.3679,258.7287,121094
2024-10-03 13:15:00,258.7287,259.2957,256.7702,257.2341,208987
2024-10-03 14:15:00,257.6464,258.5226,256.7702,257.801,170336
2024-10-03 15:15:00,257.9041,258.6256,256.6671,257.8525,125338
2024-10-04 09:15:00,257.5948,259.7595,249.9154,256.1517,625125
2024-10-04 10:15:00,256.4094,257.3887,254.1932,256.461,249566
2024-10-04 11:15:00,256.7187,257.0279,255.0179,256.6156,102620
2024-10-04 12:15:00,256.6671,257.1825,252.7501,254.1932,160239
2024-10-04 13:15:00,254.1932,255.2756,253.0078,254.1932,82915
2024-10-04 14:15:00,254.3994,254.5025,251.2039,251.307,201313
2024-10-04 15:15:00,251.307,252.8017,250.637,252.3893,126483
2024-10-07 09:15:00,252.6986,255.3271,243.9884,247.9054,423204
2024-10-07 10:15:00,247.4931,247.8539,240.6899,244.7615,376924
2024-10-07 11:15:00,244.7615,247.39,244.0399,246.1015,223849
2024-10-07 12:15:00,246.1531,246.4623,242.3391,242.5968,133691
2024-10-07 13:15:00,243.0607,244.2461,242.0299,243.7307,167743
2024-10-07 14:15:00,243.7307,243.8853,241.4114,241.7207,212178
2024-10-07 15:15:00,241.6691,241.8237,239.9683,241.0506,168687
2024-10-08 09:15:00,241.0506,246.9262,237.5459,243.7307,599873
2024-10-08 10:15:00,243.7307,246.3592,242.236,245.5346,275550
2024-10-08 11:15:00,245.5346,247.9054,243.6792,244.7099,289769
2024-10-08 12:15:00,244.5038,246.6169,242.9061,245.8438,112153
2024-10-08 13:15:00,246.1015,247.2869,244.8646,246.1015,155744
2024-10-08 14:15:00,246.1015,250.2762,245.0192,249.4516,240557
2024-10-08 15:15:00,249.4516,250.7916,248.2146,250.0701,164182
2024-10-09 09:15:00,250.1731,253.5748,250.1731,252.544,375664
2024-10-09 10:15:00,252.647,253.0594,250.9978,252.1832,152931
2024-10-09 11:15:00,251.8224,252.4409,249.7093,250.4308,148473
2024-10-09 12:15:00,250.4824,251.4616,249.967,250.3793,56844
2024-10-09 13:15:00,250.0701,250.4824,248.4723,249.4516,98283
2024-10-09 14:15:00,249.297,249.4516,247.6992,247.8539,127118
2024-10-09 15:15:00,247.8539,248.9362,247.39,248.4208,92327
2024-10-10 09:15:00,249.6577,257.3887,249.0393,253.2655,644444
2024-10-10 10:15:00,253.4717,256.461,252.6986,255.3786,253430
2024-10-10 11:15:00,255.3786,257.6464,254.6571,256.4094,479349
2024-10-10 12:15:00,256.1517,256.461,253.7809,254.8632,155727
2024-10-10 13:15:00,254.8632,254.8632,252.7501,253.7809,109994
2024-10-10 14:15:00,253.7809,254.0902,253.0594,253.4717,111823
2024-10-10 15:15:00,253.3171,253.7294,252.0286,253.5232,131607
2024-10-11 09:15:00,253.5232,254.554,250.0701,253.1109,311106
2024-10-11 10:15:00,253.1109,253.3686,251.1009,251.5647,134208
2024-10-11 11:15:00,251.3586,252.3893,250.8947,251.5132,46432
2024-10-11 12:15:00,251.5132,252.4924,251.3586,252.4409,31810
2024-10-11 13:15:00,252.4409,253.1624,251.5132,251.9255,54483
2024-10-11 14:15:00,251.9255,252.0286,250.7401,251.4101,90619
2024-10-11 15:15:00,251.4101,251.9255,250.4824,251.2039,80365
2024-10-14 09:15:00,252.4924,256.6671,247.6992,248.9362,759456
2024-10-14 10:15:00,248.9877,249.4001,246.8746,247.0808,224394
2024-10-14 11:15:00,247.2869,248.3177,246.7715,247.1838,102787
2024-10-14 12:15:00,247.39,247.4415,246.3592,246.3592,79643
2024-10-14 13:15:00,246.3592,247.6477,245.8438,247.4415,86445
2024-10-14 14:15:00,247.5962,247.9054,246.3592,246.8231,151656
2024-10-14 15:15:00,246.5654,246.7715,245.5861,246.3592,124913
2024-10-15 09:15:00,247.39,247.4415,243.473,243.7822,327651
2024-10-15 10:15:00,243.9369,250.7916,243.7822,250.1216,481278
2024-10-15 11:15:00,250.0701,253.5748,249.0908,249.1424,818504
2024-10-15 12:15:00,249.1424,249.3485,247.39,248.2662,156682
2024-10-15 13:15:00,247.9569,249.297,246.72,247.0808,123522
2024-10-15 14:15:00,247.0808,247.4415,245.4315,246.2046,192012
2024-10-15 15:15:00,246.2046,246.6169,245.3284,245.5861,160507
2024-10-16 09:15:00,246.3592,252.4924,244.5038,252.1316,686933
2024-10-16 10:15:00,252.4409,257.1825,250.6885,253.3686,2251930
2024-10-16 11:15:00,253.5748,253.8325,251.6678,252.2863,372636
2024-10-16 12:15:00,252.1316,257.3371,252.0801,255.3271,593472
2024-10-16 13:15:00,255.3271,255.3786,253.6778,254.9148,268200
2024-10-16 14:15:00,254.7602,257.2856,253.884,256.6156,658177
2024-10-16 15:15:00,256.6156,257.0279,254.7086,255.224,441287
2024-10-17 09:15:00,256.9764,257.0279,249.6577,250.6885,661263
2024-10-17 10:15:00,250.5339,251.2039,248.9362,249.2454,236464
2024-10-17 11:15:00,249.4001,249.4516,248.2146,248.8847,150137
2024-10-17 12:15:00,248.8847,249.0908,248.06,248.5754,86990
2024-10-17 13:15:00,248.7816,248.8847,247.8023,248.0085,130685
2024-10-17 14:15:00,248.0085,248.2662,246.8746,247.2354,271512
2024-10-17 15:15:00,247.2354,247.39,246.1531,246.8231,180065
2024-10-18 09:15:00,247.0808,247.0808,239.9168,242.133,548174
2024-10-18 10:15:00,242.133,243.6276,241.463,241.8237,172725
2024-10-18 11:15:00,241.8753,244.143,241.5145,243.2668,235020
2024-10-18 12:15:00,243.2668,243.9884,242.3391,242.7514,125076
2024-10-18 13:15:00,242.7514,244.1946,242.6999,243.5245,101619
2024-10-18 14:15:00,243.5245,243.8338,242.236,243.0091,168253
2024-10-18 15:15:00,243.0607,243.5761,242.6999,243.1122,145525
2024-10-21 09:15:00,244.813,247.9054,240.896,244.0915,568976
2024-10-21 10:15:00,244.0915,245.3284,241.5145,242.0814,155857
2024-10-21 11:15:00,241.8753,241.9784,240.4837,240.7414,118476
2024-10-21 12:15:00,240.5868,241.1022,239.1437,240.1745,121657
2024-10-21 13:15:00,240.1745,241.1537,239.6591,239.9168,142758
2024-10-21 14:15:00,239.9168,240.1745,238.1129,238.6798,161365
2024-10-21 15:15:00,238.5252,238.9891,237.0821,237.9583,141821
2024-10-22 09:15:00,237.4944,238.1129,231.3097,231.5158,504303
2024-10-22 10:15:00,231.4643,231.8766,228.8358,230.7943,314306
2024-10-22 11:15:00,230.8458,231.052,227.3926,228.0111,202563
2024-10-22 12:15:00,228.0111,228.6811,226.2588,227.3926,204754
2024-10-22 13:15:00,227.3926,228.4234,226.2588,226.9803,200365
2024-10-22 14:15:00,226.9803,227.1865,220.6925,222.5995,690979
2024-10-22 15:15:00,222.5479,224.1457,221.1048,223.0633,362564
2024-10-23 09:15:00,222.5995,224.4034,212.91,221.8264,1373698
2024-10-23 10:15:00,221.981,225.5888,220.4348,223.2695,449769
2024-10-23 11:15:00,223.5787,224.1457,220.5894,220.8471,270890
2024-10-23 12:15:00,220.8987,223.1664,219.1979,221.7233,245974
2024-10-23 13:15:00,221.7233,225.1764,221.0533,223.0633,209505
2024-10-23 14:15:00,222.9602,223.0633,219.0432,220.4863,275378
2024-10-23 15:15:00,220.5379,221.5171,219.7648,221.1048,135597
2024-10-24 09:15:00,221.1564,225.4857,219.7648,222.7541,539281
2024-10-24 10:15:00,222.7541,227.805,221.6718,224.9187,544163
2024-10-24 11:15:00,225.1249,225.6918,222.8572,223.991,211005
2024-10-24 12:15:00,223.991,224.1457,222.1356,222.8572,95313
2024-10-24 13:15:00,222.8572,223.1664,221.6202,222.0325,98472
2024-10-24 14:15:00,222.0325,222.1872,220.074,221.0017,222666
2024-10-24 15:15:00,221.0017,221.4141,219.8163,221.0017,153044
2024-10-25 09:15:00,222.3933,222.3933,211.3123,211.3123,760093
2024-10-25 10:15:00,211.5185,213.8377,208.0138,210.333,566635
2024-10-25 11:15:00,210.333,211.7246,209.2507,211.2092,292096
2024-10-25 12:15:00,211.2092,211.3638,209.2507,210.7969,150591
2024-10-25 13:15:00,210.9,211.2608,208.3745,209.1476,167420
2024-10-25 14:15:00,209.1476,211.0031,208.2199,209.4053,341344
2024-10-25 15:15:00,209.4053,209.9207,208.0138,209.2507,280605
2024-10-28 09:15:00,210.4361,212.24,205.4368,208.1684,953314
2024-10-28 10:15:00,208.0138,213.7347,207.7045,212.7039,513689
2024-10-28 11:15:00,213.2193,214.7139,211.4669,212.6008,434785
2024-10-28 12:15:00,212.5492,213.7347,211.3123,213.58,209170
2024-10-28 13:15:00,213.5285,214.4047,212.24,212.4462,168330
2024-10-28 14:15:00,212.4462,214.4047,212.24,213.3223,215131
2024-10-28 15:15:00,213.1677,213.8893,212.4462,213.58,117766
2024-10-29 09:15:00,213.58,214.4562,209.663,210.9,535173
2024-10-29 10:15:00,210.9,211.6215,208.2715,208.993,230128
2024-10-29 11:15:00,208.993,210.23,208.7353,209.663,179953
2024-10-29 12:15:00,209.663,210.23,208.7353,209.5084,183493
2024-10-29 13:15:00,209.5084,210.3846,208.7353,210.3846,108861
2024-10-29 14:15:00,210.4361,214.8685,210.23,212.9616,476950
2024-10-29 15:15:00,213.0131,213.8893,212.3431,213.6316,232725
2024-10-30 09:15:00,214.4047,218.3732,213.1162,217.9609,804270
2024-10-30 10:15:00,217.9609,224.0941,217.7547,222.3933,1082759
2024-10-30 11:15:00,222.4964,224.1457,221.9295,223.0633,300182
2024-10-30 12:15:00,223.0633,224.6611,222.7025,223.9395,336833
2024-10-30 13:15:00,223.9395,224.4034,221.7748,221.9295,265017
2024-10-30 14:15:00,221.9295,226.4134,221.7748,224.5064,510706
2024-10-30 15:15:00,224.4549,225.3311,222.7541,223.6818,275065
2024-10-31 09:15:00,222.651,224.7126,220.2286,222.651,598090
2024-10-31 10:15:00,222.5479,222.651,221.2594,221.4141,164896
2024-10-31 11:15:00,221.3625,221.6718,220.641,221.2079,134150
2024-10-31 12:15:00,221.1564,221.981,220.2286,221.9295,161407
2024-10-31 13:15:00,221.8779,222.3933,220.8987,221.1564,91947
2024-10-31 14:15:00,221.3625,222.9087,221.0017,222.9087,249295
2024-10-31 15:15:00,222.9087,224.1457,222.651,223.1664,166094
2024-11-01 18:00:00,224.1972,227.805,223.888,226.7639,535295
2024-11-04 09:15:00,226.6299,226.7226,217.8681,218.5897,547397
2024-11-04 10:15:00,218.6825,220.2493,218.1464,218.734,192752
2024-11-04 11:15:00,218.734,221.5687,218.4248,220.8677,206698
2024-11-04 12:15:00,220.878,221.2079,219.9813,221.1667,86535
2024-11-04 13:15:00,221.1873,221.4141,220.0946,220.7028,114341
2024-11-04 14:15:00,220.7234,220.8471,219.6514,219.8163,142891
2024-11-04 15:15:00,219.7236,220.3111,218.6309,220.074,108563
2024-11-05 09:15:00,220.4451,221.5171,217.6001,220.1771,410824
2024-11-05 10:15:00,220.074,220.3523,218.9402,219.136,152204
2024-11-05 11:15:00,219.0639,219.8885,218.0124,219.6617,93825
2024-11-05 12:15:00,219.7442,220.3936,218.8474,219.4349,124515
2024-11-05 13:15:00,219.3319,223.5272,218.8371,222.8881,413609
2024-11-05 14:15:00,222.8984,223.4344,221.7336,222.7335,229065
2024-11-05 15:15:00,222.7335,222.9293,221.6202,221.6202,134258
2024-11-06 09:15:00,224.0735,225.4857,222.8572,224.826,457447
2024-11-06 10:15:00,224.7229,224.9497,222.7025,224.558,175034
2024-11-06 11:15:00,224.6301,229.0419,224.3827,227.774,611848
2024-11-06 12:15:00,227.6916,228.8358,227.0216,228.6914,190127
2024-11-06 13:15:00,228.6296,229.7532,227.8153,229.5779,194901
2024-11-06 14:15:00,229.4748,230.8973,228.5368,230.1655,477831
2024-11-06 15:15:00,230.1449,230.3613,229.6604,229.8665,161246
2024-11-07 09:15:00,230.1449,234.5567,227.1865,231.3612,1182373
2024-11-07 10:15:00,231.2581,233.5774,229.4748,230.7633,523451
2024-11-07 11:15:00,230.6912,230.9901,228.3204,228.3204,281299
2024-11-07 12:15:00,228.2173,230.1242,228.1657,229.2584,131467
2024-11-07 13:15:00,229.2584,229.3202,228.3616,228.9904,121673
2024-11-07 14:15:00,228.9079,229.7635,226.7742,227.6607,359945
2024-11-07 15:15:00,227.7947,228.6296,226.7742,227.238,173552
2024-11-08 09:15:00,226.3619,226.5165,221.2182,222.6407,562313
2024-11-08 10:15:00,222.7747,222.7747,220.2905,220.507,280360
2024-11-08 11:15:00,220.507,220.7544,218.5794,219.0535,208601
2024-11-08 12:15:00,219.0639,220.6307,218.7443,220.3833,155369
2024-11-08 13:15:00,220.3833,220.6925,219.0432,219.3731,151032
2024-11-08 14:15:00,219.2906,220.3317,218.7443,219.9606,225775
2024-11-08 15:15:00,219.9606,220.2493,218.0124,219.0123,198860
2024-11-11 09:15:00,229.8665,250.1731,228.8358,246.0191,20164402
2024-11-11 10:15:00,245.9881,248.8847,243.6276,247.2663,4289041
2024-11-11 11:15:00,247.2663,251.1524,243.9884,250.0391,5614269
2024-11-11 12:15:00,250.0288,250.2247,245.3284,245.9469,3481734
2024-11-11 13:15:00,245.9469,246.3592,239.2983,240.6383,4227856
2024-11-11 14:15:00,240.4837,242.236,233.8248,235.0308,5086469
2024-11-11 15:15:00,235.0308,235.0308,232.2374,233.7732,1705059
2024-11-12 09:15:00,240.0714,244.813,231.4643,233.4743,5786617
2024-11-12 10:15:00,233.4743,235.7111,232.1858,234.4639,1056808
2024-11-12 11:15:00,234.4639,235.2782,232.0106,232.8662,419488
2024-11-12 12:15:00,232.8662,233.6805,231.722,232.0724,469746
2024-11-12 13:15:00,231.9591,233.4331,230.5263,232.8662,585179
2024-11-12 14:15:00,232.8662,233.8866,230.083,230.1036,686524
2024-11-12 15:15:00,230.1449,231.3612,227.2277,229.5573,772285
2024-11-13 09:15:00,229.6604,229.7532,221.2697,221.8676,1377758
2024-11-13 10:15:00,221.8058,226.5577,221.2594,223.0736,558891
2024-11-13 11:15:00,223.1664,223.6818,221.6408,221.8367,204795
2024-11-13 12:15:00,221.9707,223.4035,220.7028,222.0325,271207
2024-11-13 13:15:00,222.0325,223.8158,221.5171,221.8264,274265
2024-11-13 14:15:00,221.847,221.8573,216.4663,217.7032,771774
2024-11-13 15:15:00,217.7238,218.9402,216.7858,218.734,292704
2024-11-14 09:15:00,218.734,223.5684,216.9301,221.3625,1637951
2024-11-14 10:15:00,221.4759,221.713,216.4766,216.7033,531571
2024-11-14 11:15:00,216.858,218.0743,215.4664,217.7341,433396
2024-11-14 12:15:00,217.7341,220.208,216.6827,219.9503,296315
2024-11-14 13:15:00,219.9194,220.3523,215.4458,216.1261,384372
2024-11-14 14:15:00,216.1261,216.1673,213.5903,214.3428,487908
2024-11-14 15:15:00,214.2294,215.0747,213.8274,214.7551,283767
2024-11-18 09:15:00,215.5282,218.0331,209.9207,214.8479,1299671
2024-11-18 10:15:00,214.6521,215.0128,211.0649,212.3225,408538
2024-11-18 11:15:00,212.3431,215.8375,212.1472,214.7861,354126
2024-11-18 12:15:00,214.7861,215.8478,213.848,214.4665,165126
2024-11-18 13:15:00,214.4665,215.8478,213.8893,213.9202,178564
2024-11-18 14:15:00,213.8996,214.3944,211.8277,214.0748,384191
2024-11-18 15:15:00,214.0645,218.1155,214.0542,217.497,381902
2024-11-19 09:15:00,221.6202,223.053,219.2597,222.2799,1092633
2024-11-19 10:15:00,222.3933,223.888,220.0122,220.8884,354415
2024-11-19 11:15:00,221.1976,222.1356,220.2183,220.6307,177296
2024-11-19 12:15:00,220.7853,221.1048,220.1256,220.641,114132
2024-11-19 13:15:00,220.641,221.0017,219.6514,219.672,107415
2024-11-19 14:15:00,219.6514,220.2802,216.6724,216.858,363800
2024-11-19 15:15:00,216.8064,217.0332,215.9509,216.2395,186799
2024-11-21 09:15:00,216.4559,217.2909,211.4154,212.4256,818371
2024-11-21 10:15:00,212.5183,213.8996,211.5288,213.7759,276303
2024-11-21 11:15:00,213.7759,215.0747,213.4976,214.3428,219537
2024-11-21 12:15:00,214.3325,214.7036,212.8791,214.0542,143981
2024-11-21 13:15:00,214.1779,215.0231,213.3945,213.5594,119264
2024-11-21 14:15:00,213.5697,213.8274,212.0339,212.24,241861
2024-11-21 15:15:00,212.24,213.1677,212.0339,213.0646,117173
2024-11-22 09:15:00,213.3842,221.5171,211.7452,217.7651,1543081
2024-11-22 10:15:00,217.9506,220.0122,217.1878,218.6206,531182
2024-11-22 11:15:00,218.6928,226.6711,217.8166,224.0941,2674040
2024-11-22 12:15:00,224.1457,225.0734,223.1355,223.3519,597308
2024-11-22 13:15:00,223.3519,224.2075,222.2387,223.3726,414658
2024-11-22 14:15:00,223.2695,229.6604,222.7747,226.568,1529401
2024-11-22 15:15:00,226.6402,228.6296,225.9598,227.805,642315
2024-11-25 09:15:00,232.1343,235.4534,230.485,231.8354,1820843
2024-11-25 10:15:00,231.6395,233.8145,231.3097,232.0621,383388
2024-11-25 11:15:00,232.0724,232.7321,230.6087,232.5878,248696
2024-11-25 12:15:00,232.5878,232.5878,228.2585,229.5676,405043
2024-11-25 13:15:00,229.7325,230.1449,228.9801,229.6913,133256
2024-11-25 14:15:00,229.6707,231.6704,229.4542,230.4953,370778
2024-11-25 15:15:00,230.4953,230.5469,228.7842,228.7842,261389
2024-11-26 09:15:00,229.8562,238.8344,227.8153,235.3401,2509894
2024-11-26 10:15:00,235.1648,235.1648,233.0105,234.2062,449315
2024-11-26 11:15:00,234.2062,234.2062,231.9797,232.4332,229606
2024-11-26 12:15:00,232.4126,233.3197,231.5158,232.5363,208183
2024-11-26 13:15:00,232.5569,233.2785,231.423,232.2683,126658
2024-11-26 14:15:00,232.258,233.4743,231.2478,231.7014,309290
2024-11-26 15:15:00,231.6189,232.7528,230.9076,232.5466,233481
2024-11-27 09:15:00,232.7528,239.1952,231.2375,238.0923,1515501
2024-11-27 10:15:00,238.0923,238.8344,236.1647,238.0923,666435
2024-11-27 11:15:00,237.9067,238.082,235.3401,236.2575,300858
2024-11-27 12:15:00,236.2781,237.0615,235.9482,236.6285,199416
2024-11-27 13:15:00,236.7625,237.9892,235.639,237.1336,320593
2024-11-27 14:15:00,237.2779,238.1026,236.9687,237.5666,451688
2024-11-27 15:15:00,237.5459,238.5252,237.2779,238.1129,272915
2024-11-28 09:15:00,238.8654,246.4932,236.0513,245.349,2081229
2024-11-28 10:15:00,245.349,245.5552,241.8753,243.0091,922796
2024-11-28 11:15:00,243.0298,243.9884,241.7722,242.6381,291623
2024-11-28 12:15:00,242.6174,242.8751,240.9785,241.2053,337978
2024-11-28 13:15:00,241.2053,243.5864,239.9683,242.3288,469112
2024-11-28 14:15:00,242.2464,242.7514,240.6796,241.6176,363135
2024-11-28 15:15:00,241.6176,244.0915,241.2568,243.2668,369659
2024-11-29 09:15:00,243.4215,243.4627,239.2468,239.4941,786322
2024-11-29 10:15:00,239.3601,241.0609,238.216,239.0406,313300
2024-11-29 11:15:00,239.0406,240.0611,237.2986,239.3498,272234
2024-11-29 12:15:00,239.2983,240.6589,238.6077,240.5868,166839
2024-11-29 13:15:00,240.5868,244.2976,240.0817,242.6174,471486
2024-11-29 14:15:00,242.7514,243.5245,241.3083,241.7103,368011
2024-11-29 15:15:00,241.566,242.7514,241.5145,241.9268,230195
2024-12-02 09:15:00,240.0714,243.7719,238.9169,240.7414,665744
2024-12-02 10:15:00,240.8445,243.0195,240.3806,241.6176,183426
2024-12-02 11:15:00,241.6176,242.1536,240.5559,241.0197,110063
2024-12-02 12:15:00,240.8342,241.6691,240.1745,240.4322,96239
2024-12-02 13:15:00,240.3806,241.1949,239.6591,240.896,115155
2024-12-02 14:15:00,240.9476,243.1638,240.6383,241.463,364048
2024-12-02 15:15:00,241.4217,241.6279,240.6899,240.9991,152089
2024-12-03 09:15:00,241.164,248.1116,240.7929,244.6069,1170521
2024-12-03 10:15:00,244.5656,244.7615,242.7514,243.8441,247368
2024-12-03 11:15:00,243.6792,245.0604,243.4008,244.411,185028
2024-12-03 12:15:00,244.5038,245.0707,243.2462,245.0707,180753
2024-12-03 13:15:00,245.0707,246.2768,244.411,245.1223,304455
2024-12-03 14:15:00,245.1223,245.6377,244.5759,245.1223,250552
2024-12-03 15:15:00,245.1841,245.5346,244.2976,245.2253,237941
2024-12-04 09:15:00,246.3489,249.8639,245.4315,245.9263,1062403
2024-12-04 10:15:00,245.916,246.586,244.9367,245.4521,244527
2024-12-04 11:15:00,245.5037,246.2664,243.7925,245.0604,162275
2024-12-04 12:15:00,244.9573,245.9881,244.3182,245.6377,118508
2024-12-04 13:15:00,245.6377,245.8438,244.8336,245.2872,79720
2024-12-04 14:15:00,245.2872,245.7923,244.1739,244.6378,210650
2024-12-04 15:15:00,244.679,245.3284,244.2976,245.2047,155179
2024-12-05 09:15:00,245.6583,246.4623,242.3701,244.2873,495983
2024-12-05 10:15:00,244.277,245.648,242.7514,243.7822,188186
2024-12-05 11:15:00,243.875,245.0707,242.1845,244.2152,337735
2024-12-05 12:15:00,244.2461,244.813,243.3596,244.3079,111376
2024-12-05 13:15:00,244.3079,246.1015,243.7822,244.4626,163095
2024-12-05 14:15:00,244.4419,244.844,241.4217,243.5761,326781
2024-12-05 15:15:00,243.5761,244.1739,242.6484,243.7822,124661
2024-12-06 09:15:00,244.3904,246.9777,243.3081,244.411,595609
2024-12-06 10:15:00,244.3079,249.4516,243.9884,248.3486,892326
2024-12-06 11:15:00,248.1322,248.3693,246.0191,246.3798,252188
2024-12-06 12:15:00,246.1737,247.2045,245.8438,246.5654,114188
2024-12-06 13:15:00,246.8231,247.3797,246.0912,246.854,128388
2024-12-06 14:15:00,246.9777,247.1942,245.5346,246.1427,190710
2024-12-06 15:15:00,246.2561,246.8231,245.3593,245.8954,203580
2024-12-09 09:15:00,246.4108,247.8539,244.8646,245.9881,416853
2024-12-09 10:15:00,245.9881,249.2248,245.8438,247.9054,278618
2024-12-09 11:15:00,247.9054,248.0806,246.6788,246.7715,122527
2024-12-09 12:15:00,246.8746,247.3694,246.1737,246.7406,85104
2024-12-09 13:15:00,246.6169,247.0808,245.3284,245.6274,121627
2024-12-09 14:15:00,245.5243,246.0397,244.813,245.6377,142977
2024-12-09 15:15:00,245.5861,246.2561,245.0707,245.0707,113759
2024-12-10 09:15:00,246.5551,247.2663,242.9885,243.4318,454150
2024-12-10 10:15:00,243.2668,245.7407,243.071,244.9676,190895
2024-12-10 11:15:00,245.1223,245.3284,243.473,243.7307,59874
2024-12-10 12:15:00,243.7307,243.7307,242.7308,243.0916,116139
2024-12-10 13:15:00,242.8751,250.4824,242.4628,247.2354,902900
2024-12-10 14:15:00,247.2354,249.297,244.5038,244.813,721535
2024-12-10 15:15:00,245.0604,246.1531,244.5038,245.3284,160790
2024-12-11 09:15:00,245.2666,248.3074,243.7925,247.39,638059
2024-12-11 10:15:00,247.39,247.4828,245.8438,246.0087,163861
2024-12-11 11:15:00,245.8644,247.3385,245.6377,246.3386,167666
2024-12-11 12:15:00,246.3592,246.9777,246.0191,246.4108,80944
2024-12-11 13:15:00,246.4108,246.8746,245.8954,246.0809,68702
2024-12-11 14:15:00,245.8954,246.2046,245.3284,245.5758,143843
2024-12-11 15:15:00,245.6377,245.8335,244.7099,245.1738,121991
2024-12-12 09:15:00,246.1427,247.8539,242.0402,244.5038,621570
2024-12-12 10:15:00,244.5038,246.3489,242.4937,243.0195,257797
2024-12-12 11:15:00,243.0091,243.0916,240.2775,240.7311,208040
2024-12-12 12:15:00,240.7929,242.5659,240.226,241.7722,142914
2024-12-12 13:15:00,241.7619,242.3082,240.8032,241.463,103066
2024-12-12 14:15:00,241.2156,241.566,240.3806,240.5456,112941
2024-12-12 15:15:00,240.6899,240.6899,239.6797,240.1642,108807
2024-12-13 09:15:00,237.917,239.5354,233.8969,234.0,520892
2024-12-13 10:15:00,234.0,235.4844,232.0312,234.8865,240293
2024-12-13 11:15:00,234.8453,236.4945,234.268,235.8348,152039
2024-12-13 12:15:00,235.9585,236.5667,234.5051,235.5153,141048
2024-12-13 13:15:00,235.5153,236.9584,235.0205,236.4739,157310
2024-12-13 14:15:00,236.3708,238.0923,236.175,238.0098,188551
2024-12-13 15:15:00,237.8758,238.1129,237.1955,237.5975,104205
2024-12-16 09:15:00,238.721,243.5761,238.2057,240.7517,523170
2024-12-16 10:15:00,240.7414,241.164,239.1334,239.8343,232677
2024-12-16 11:15:00,239.8446,240.5352,239.2468,239.6591,80178
2024-12-16 12:15:00,239.7828,240.6899,239.5045,240.3394,60745
2024-12-16 13:15:00,240.5352,241.1022,239.824,239.8446,68899
2024-12-16 14:15:00,239.8343,240.6796,239.3498,239.7415,123752
2024-12-16 15:15:00,239.6694,239.8755,239.2468,239.4529,106351
2024-12-17 09:15:00,239.6694,241.4011,236.6389,238.2366,439830
2024-12-17 10:15:00,238.3912,239.9786,236.3708,238.6283,272380
2024-12-17 11:15:00,238.6283,239.0818,236.845,237.4841,171228
2024-12-17 12:15:00,237.2986,238.618,236.7007,237.515,87381
2024-12-17 13:15:00,237.5975,237.948,235.1236,235.3297,142747
2024-12-17 14:15:00,235.2267,236.0822,234.8968,234.9174,150941
2024-12-17 15:15:00,234.9999,235.7936,233.3712,235.237,148865
2024-12-18 09:15:00,233.6805,234.7834,230.6809,230.9489,422784
2024-12-18 10:15:00,231.0932,232.8352,229.8665,230.7427,191436
2024-12-18 11:15:00,230.6396,231.2993,228.6502,228.9285,117404
2024-12-18 12:15:00,228.9285,229.7429,226.8257,228.6296,261917
2024-12-18 13:15:00,228.6296,229.4027,227.805,228.4234,119531
2024-12-18 14:15:00,228.6193,229.6089,227.8565,229.0007,157442
2024-12-18 15:15:00,229.0007,229.279,228.6502,229.279,135694
2024-12-19 09:15:00,224.558,227.1865,223.5169,225.4135,432766
2024-12-19 10:15:00,225.2795,226.9803,224.4755,226.7639,93115
2024-12-19 11:15:00,226.7639,227.805,226.2588,226.7123,140970
2024-12-19 12:15:00,226.7123,226.9803,225.7537,226.032,51593
2024-12-19 13:15:00,226.2072,226.2279,225.2795,225.8052,59659
2024-12-19 14:15:00,225.7434,227.2896,225.228,226.9391,135878
2024-12-19 15:15:00,226.9082,227.3926,226.568,226.7742,82107
2024-12-20 09:15:00,226.8773,228.9388,224.5064,225.2074,462690
2024-12-20 10:15:00,225.1249,227.2174,224.7229,227.2071,143062
2024-12-20 11:15:00,227.1865,227.2896,225.9289,225.9598,65286
2024-12-20 12:15:00,225.8465,225.8465,222.1562,222.4655,285819
2024-12-20 13:15:00,222.2902,223.6818,219.5586,220.3214,294596
2024-12-20 14:15:00,220.3214,221.847,217.497,217.6207,285854
2024-12-20 15:15:00,217.6723,218.9402,216.4663,218.9402,238918
2024-12-23 09:15:00,221.0017,221.5068,214.5593,216.6621,584628
2024-12-23 10:15:00,216.6621,218.1774,215.2293,217.7857,119842
2024-12-23 11:15:00,217.7651,219.0226,216.5796,216.7755,138795
2024-12-23 12:15:00,216.8683,217.8991,216.0024,216.3632,162011
2024-12-23 13:15:00,216.3632,217.2497,215.6004,216.2395,104040
2024-12-23 14:15:00,216.2498,217.0126,215.3118,215.755,122718
2024-12-23 15:15:00,215.6622,215.7241,214.817,215.5385,145276
2024-12-24 09:15:00,216.8786,219.4452,214.8995,218.2701,293849
2024-12-24 10:15:00,218.1671,219.3937,218.0743,218.3526,113149
2024-12-24 11:15:00,218.3423,218.7237,216.4663,216.858,88806
2024-12-24 12:15:00,216.8992,216.9404,215.6932,216.3529,57776
2024-12-24 13:15:00,216.3529,217.0538,215.5385,216.2086,67620
2024-12-24 14:15:00,216.2601,216.6209,215.5385,216.2807,114479
2024-12-24 15:15:00,216.0952,216.7446,216.0539,216.4559,72774
2024-12-26 09:15:00,217.4764,218.9195,215.0231,215.0231,220650
2024-12-26 10:15:00,215.1778,216.3426,214.4562,215.8272,139824
2024-12-26 11:15:00,216.0436,216.2395,214.4562,214.5799,90089
2024-12-26 12:15:00,214.6108,215.3324,214.5593,215.0438,40740
2024-12-26 13:15:00,215.3118,215.3118,213.6316,214.9819,93683
2024-12-26 14:15:00,214.9819,215.7035,214.4047,215.2087,135938
2024-12-26 15:15:00,215.0438,215.5282,214.6624,215.2808,89639
2024-12-27 09:15:00,215.9406,217.3321,214.1161,215.3118,254152
2024-12-27 10:15:00,215.353,215.621,213.9924,214.817,122452
2024-12-27 11:15:00,214.7242,215.3324,214.4047,214.4047,54324
2024-12-27 12:15:00,214.4562,214.4562,212.8585,213.7759,218882
2024-12-27 13:15:00,213.7759,214.817,213.3842,214.7655,270430
2024-12-27 14:15:00,214.7655,218.9402,214.6624,215.2396,624991
2024-12-27 15:15:00,215.1468,215.5489,214.817,215.2808,96859
2024-12-30 09:15:00,215.4355,216.2395,211.6731,213.7553,409674
2024-12-30 10:15:00,213.745,213.9924,212.3431,212.4049,132192
2024-12-30 11:15:00,212.4462,213.879,212.4359,212.508,68357
2024-12-30 12:15:00,212.508,212.7863,211.5803,211.9411,134240
2024-12-30 13:15:00,211.9308,212.4049,210.6011,211.0752,113217
2024-12-30 14:15:00,211.0752,211.9308,210.5907,210.8175,211822
2024-12-30 15:15:00,210.8484,211.3123,210.333,210.6835,102896
2024-12-31 09:15:00,210.8072,212.8069,209.8177,210.632,416096
2024-12-31 10:15:00,210.632,217.1878,210.5701,214.8067,452549
2024-12-31 11:15:00,214.8067,214.8685,212.1369,212.9822,116561
2024-12-31 12:15:00,212.9822,215.0128,212.8585,213.4357,125315
2024-12-31 13:15:00,213.4254,215.6416,213.1677,214.7242,143206
2024-12-31 14:15:00,214.8067,216.59,214.415,215.2499,208613
2024-12-31 15:15:00,215.2808,215.7447,215.0231,215.5798,84244
2025-01-01 09:15:00,215.7447,218.1568,215.0231,217.8578,276127
2025-01-01 10:15:00,217.8578,218.1155,217.0126,217.2703,100819
2025-01-01 11:15:00,217.4661,217.8578,216.4663,217.26,78209
2025-01-01 12:15:00,217.1878,217.4867,216.4663,216.4972,46745
2025-01-01 13:15:00,216.693,217.0847,216.4663,216.724,50710
2025-01-01 14:15:00,216.693,218.064,216.2601,218.064,130123
2025-01-01 15:15:00,217.8578,219.0432,217.7032,218.5278,100750
2025-01-02 09:15:00,219.2494,225.4341,219.2391,221.1254,1206897
2025-01-02 10:15:00,221.3522,222.6098,220.7028,221.1976,235195
2025-01-02 11:15:00,221.1976,221.4553,219.9091,220.8987,149662
2025-01-02 12:15:00,220.7956,221.6202,220.3833,221.2079,94998
2025-01-02 13:15:00,221.1048,222.0325,220.9193,221.5171,99656
2025-01-02 14:15:00,221.5584,221.8676,221.012,221.012,151891
2025-01-02 15:15:00,221.1667,221.2079,220.0843,220.4863,127362
2025-01-03 09:15:00,222.0325,224.1766,221.1048,222.2387,410990
2025-01-03 10:15:00,222.2387,223.0736,221.7233,222.1356,94062
2025-01-03 11:15:00,222.1356,222.8881,221.8264,222.4345,106544
2025-01-03 12:15:00,222.4345,222.651,221.8264,222.1356,78682
2025-01-03 13:15:00,222.1459,223.4447,222.0428,222.6716,182366
2025-01-03 14:15:00,222.7953,222.7953,220.3111,220.8574,257131
2025-01-03 15:15:00,220.8574,221.7645,220.5894,221.4862,102400
2025-01-06 09:15:00,222.1253,222.4448,216.4147,217.1878,379317
2025-01-06 10:15:00,217.26,217.8063,212.5905,212.776,197746
2025-01-06 11:15:00,212.776,214.817,212.3843,213.9408,186600
2025-01-06 12:15:00,214.0645,214.7861,212.8791,213.7965,94120
2025-01-06 13:15:00,213.745,213.745,210.498,210.8691,197860
2025-01-06 14:15:00,211.0237,211.9102,209.3538,210.3949,249351
2025-01-06 15:15:00,210.467,210.7969,209.2507,210.7454,162507
2025-01-07 09:15:00,214.2397,215.9302,211.7246,213.6625,617072
2025-01-07 10:15:00,213.8068,214.6624,212.9925,214.0954,110960
2025-01-07 11:15:00,214.1779,215.3324,213.178,213.4048,115718
2025-01-07 12:15:00,213.4873,214.7758,213.0646,214.3634,66525
2025-01-07 13:15:00,214.1985,214.8376,213.6007,214.7964,59953
2025-01-07 14:15:00,214.6211,215.4355,213.7347,215.3839,143031
2025-01-07 15:15:00,215.4355,216.6621,214.4562,215.2293,134699
2025-01-08 09:15:00,214.1985,216.0333,211.7246,214.1882,312223
2025-01-08 10:15:00,214.1882,215.9509,212.8379,213.7037,181042
2025-01-08 11:15:00,213.7037,214.7964,212.3637,212.5183,86584
2025-01-08 12:15:00,212.374,213.5285,212.3637,212.6833,47687
2025-01-08 13:15:00,212.6833,213.7553,212.1988,213.6007,101940
2025-01-08 14:15:00,213.611,214.3944,212.9616,213.982,143818
2025-01-08 15:15:00,213.7553,213.8893,213.3739,213.879,63418
2025-01-09 09:15:00,211.5597,220.2493,211.3329,217.1363,855154
2025-01-09 10:15:00,216.9817,217.1363,214.0336,214.4562,180240
2025-01-09 11:15:00,214.5902,215.0644,214.2088,214.8995,73413
2025-01-09 12:15:00,214.683,215.3324,213.7656,214.5078,74686
2025-01-09 13:15:00,214.4047,214.6521,213.6934,214.281,83670
2025-01-09 14:15:00,214.281,214.2913,212.0957,212.3637,224827
2025-01-09 15:15:00,212.5596,212.7554,211.3638,211.8277,122480
2025-01-10 09:15:00,209.9723,212.24,204.3545,206.6737,667567
2025-01-10 10:15:00,206.6737,209.1579,206.2099,209.1579,208048
2025-01-10 11:15:00,209.1476,209.962,207.7045,208.1478,128856
2025-01-10 12:15:00,208.1684,209.0961,206.715,207.5499,95216
2025-01-10 13:15:00,207.7148,208.0447,205.746,205.9522,81729
2025-01-10 14:15:00,205.9109,207.1891,205.2822,206.1583,161192
2025-01-10 15:15:00,206.1686,207.0242,205.7873,206.952,86697
2025-01-13 09:15:00,205.1172,205.1172,200.8601,202.6536,468129
2025-01-13 10:15:00,202.7155,203.0453,199.8602,200.3344,176151
2025-01-13 11:15:00,200.2416,200.7158,198.7573,198.8397,118713
2025-01-13 12:15:00,198.8913,198.8913,196.8812,197.3141,226565
2025-01-13 13:15:00,197.3141,197.3141,189.5729,191.2119,655493
2025-01-13 14:15:00,191.1191,192.1293,188.4493,190.9439,757992
2025-01-13 15:15:00,190.9026,191.4696,189.9749,190.6965,144554
2025-01-14 09:15:00,191.2119,200.1694,191.2119,198.1594,1049899
2025-01-14 10:15:00,198.2006,200.489,195.8504,199.7674,408688
2025-01-14 11:15:00,199.7674,200.3756,197.9532,198.2625,242700
2025-01-14 12:15:00,198.4171,198.6439,196.5204,197.0255,260299
2025-01-14 13:15:00,197.2214,198.3965,196.6957,198.3965,110338
2025-01-14 14:15:00,198.4274,200.3859,198.18,199.4685,264452
2025-01-14 15:15:00,199.3448,200.4684,199.3242,200.0767,135950
2025-01-15 09:15:00,200.2828,203.4783,198.4583,199.7365,312469
2025-01-15 10:15:00,199.7365,202.7464,199.6334,201.9218,128660
2025-01-15 11:15:00,202.0352,202.2929,201.0147,201.6229,43806
2025-01-15 12:15:00,201.6229,203.0144,200.6951,200.6951,129235
2025-01-15 13:15:00,200.8188,201.0044,197.5203,198.5614,140278
2025-01-15 14:15:00,198.5614,200.489,197.4997,199.3551,125024
2025-01-15 15:15:00,199.3551,199.7674,198.4892,198.9428,60025
2025-01-16 09:15:00,201.829,205.7357,201.1281,203.8288,431130
2025-01-16 10:15:00,203.8288,206.6222,203.7463,204.9214,234767
2025-01-16 11:15:00,204.8183,207.6014,204.7358,204.9111,184347
2025-01-16 12:15:00,204.9111,206.1583,204.1586,205.6429,99193
2025-01-16 13:15:00,205.4986,206.9727,205.21,206.581,119426
2025-01-16 14:15:00,206.7356,207.6014,205.7357,207.6014,226704
2025-01-16 15:15:00,207.6014,208.6322,207.1891,208.1065,150599
2025-01-17 09:15:00,208.1065,211.1061,205.7769,210.3846,553015
2025-01-17 10:15:00,210.3846,211.2092,207.1788,208.4673,262613
2025-01-17 11:15:00,208.5292,209.2507,207.7148,208.1478,96832
2025-01-17 12:15:00,208.4158,210.23,207.7148,209.8692,137831
2025-01-17 13:15:00,209.7867,211.9411,209.6424,211.1577,202482
2025-01-17 14:15:00,211.2092,211.9102,210.4052,211.0546,227453
2025-01-17 15:15:00,211.1164,211.6937,210.9206,211.6009,127363
2025-01-20 09:15:00,211.4669,215.2087,209.3641,212.8276,525228
2025-01-20 10:15:00,212.8276,213.2708,211.6422,212.4771,111498
2025-01-20 11:15:00,212.6626,214.4047,212.4565,213.8893,127954
2025-01-20 12:15:00,213.8893,214.5078,213.4976,214.4974,105890
2025-01-20 13:15:00,214.4047,214.8376,213.6934,213.9924,143645
2025-01-20 14:15:00,214.0027,214.3841,213.3842,213.8377,149277
2025-01-20 15:15:00,213.8584,214.3016,213.3739,213.8893,101511
2025-01-21 09:15:00,215.4252,217.4352,211.838,211.8586,659737
2025-01-21 10:15:00,211.8895,212.1163,208.4467,209.3435,311451
2025-01-21 11:15:00,209.4466,212.3328,208.6322,210.1269,161664
2025-01-21 12:15:00,210.1269,210.2815,209.261,209.9413,106380
2025-01-21 13:15:00,209.9413,210.1784,208.8384,209.4466,97001
2025-01-21 14:15:00,209.4466,210.1784,208.1168,208.6838,199409
2025-01-21 15:15:00,208.6735,208.6838,206.684,207.6736,149885
2025-01-22 09:15:00,205.1482,206.6737,200.6745,202.2516,530063
2025-01-22 10:15:00,202.3444,203.4783,200.8085,200.8085,190332
2025-01-22 11:15:00,200.8085,200.9528,199.4891,199.5613,161327
2025-01-22 12:15:00,199.6128,200.7261,199.015,200.3962,85103
2025-01-22 13:15:00,200.3962,201.0044,199.015,200.7055,101766
2025-01-22 14:15:00,200.6951,204.138,200.5818,203.3752,255832
2025-01-22 15:15:00,203.3752,203.5814,202.8083,203.3752,61314
2025-01-23 09:15:00,202.0455,206.148,201.4476,205.3852,308358
2025-01-23 10:15:00,205.4471,207.5808,205.4471,206.4573,182771
2025-01-23 11:15:00,206.4367,206.7768,205.0554,205.7873,84539
2025-01-23 12:15:00,205.9419,206.3233,204.8492,205.5502,58218
2025-01-23 13:15:00,205.5399,206.5707,204.8183,205.5296,56109
2025-01-23 14:15:00,205.5192,205.5708,201.5301,203.5814,165338
2025-01-23 15:15:00,203.5814,203.5814,202.2929,202.5506,68574
2025-01-24 09:15:00,203.6947,205.7976,199.8499,200.4271,310009
2025-01-24 10:15:00,200.4271,202.3341,199.4891,202.0249,132414
2025-01-24 11:15:00,202.0249,203.0557,201.3961,202.0455,59140
2025-01-24 12:15:00,202.0558,202.633,200.3653,201.561,58285
2025-01-24 13:15:00,201.5095,202.0146,199.8705,199.9736,113694
2025-01-24 14:15:00,199.9736,200.7982,198.0769,199.7159,155242
2025-01-24 15:15:00,199.7159,202.0352,199.6747,201.427,109678
2025-01-27 09:15:00,198.4068,198.9428,191.6757,192.0262,574328
2025-01-27 10:15:00,192.0056,192.4797,190.4078,191.9334,189188
2025-01-27 11:15:00,191.9437,192.5003,190.9232,191.5005,178334
2025-01-27 12:15:00,191.3252,192.7477,191.1294,192.7168,105027
2025-01-27 13:15:00,192.7168,192.7374,190.6965,191.2119,115088
2025-01-27 14:15:00,191.3149,191.4799,188.7586,191.1088,284712
2025-01-27 15:15:00,190.9851,191.1088,188.6349,190.5934,158072
2025-01-28 09:15:00,195.2216,195.2216,184.1922,185.9857,569387
2025-01-28 10:15:00,185.7487,186.4702,183.2748,185.6971,288424
2025-01-28 11:15:00,185.7693,190.4388,184.6148,190.2532,230055
2025-01-28 12:15:00,190.2738,192.655,190.0264,192.119,319795
2025-01-28 13:15:00,192.119,194.5104,190.1605,191.4489,275766
2025-01-28 14:15:00,191.418,192.655,188.2123,189.4904,205400
2025-01-28 15:15:00,189.243,190.6965,188.9235,189.8306,100798
2025-01-29 09:15:00,188.8101,197.6028,188.8101,196.4483,649740
2025-01-29 10:15:00,196.3761,197.7883,195.3969,195.5309,169522
2025-01-29 11:15:00,195.5309,195.6236,193.9538,194.8918,118745
2025-01-29 12:15:00,194.6238,195.1186,194.1908,194.2012,64723
2025-01-29 13:15:00,194.1393,195.1289,194.0465,195.0979,62297
2025-01-29 14:15:00,195.1804,197.0255,194.2424,196.8812,167363
2025-01-29 15:15:00,196.8812,197.6028,196.3658,197.1286,99862
2025-01-30 09:15:00,196.9843,200.5921,196.7884,200.0354,250882
2025-01-30 10:15:00,200.0354,201.293,198.5305,199.9221,186697
2025-01-30 11:15:00,199.9221,199.953,198.4789,198.5202,49194
2025-01-30 12:15:00,198.4789,198.8913,197.9739,198.4171,56796
2025-01-30 13:15:00,198.4274,198.4274,195.1392,195.9638,159195
2025-01-30 14:15:00,195.9947,197.3863,195.0464,196.8091,119732
2025-01-30 15:15:00,196.8606,197.3966,196.3452,196.8915,66253
2025-01-31 09:15:00,198.1594,201.7775,196.7884,201.6332,318859
2025-01-31 10:15:00,201.6332,207.1376,201.1281,205.9831,523389
2025-01-31 11:15:00,205.8491,206.148,202.5609,202.8392,474452
2025-01-31 12:15:00,202.9423,203.1175,201.0044,201.2415,346088
2025-01-31 13:15:00,201.2312,201.6744,199.6644,199.6644,285050
2025-01-31 14:15:00,199.6644,201.2724,198.8397,201.1075,397558
2025-01-31 15:15:00,201.025,202.9629,200.7982,202.499,226910
2025-02-01 09:15:00,203.066,208.7353,202.7052,207.5396,625367
2025-02-01 10:15:00,207.7045,208.6013,204.942,207.5499,368354
2025-02-01 11:15:00,207.7045,213.7862,203.1278,208.993,2773949
2025-02-01 12:15:00,208.859,210.0341,202.633,204.9832,681020
2025-02-01 13:15:00,204.8492,211.168,203.5814,211.0649,557002
2025-02-01 14:15:00,210.9618,213.5182,208.5807,210.1269,1514002
2025-02-01 15:15:00,210.1784,210.4361,208.5807,209.663,188184
2025-02-03 09:15:00,205.9316,206.983,200.1797,201.3549,774519
2025-02-03 10:15:00,201.2415,203.0763,200.1797,202.6021,270978
2025-02-03 11:15:00,202.4784,203.4989,198.2934,199.6334,268248
2025-02-03 12:15:00,199.5716,200.4271,198.9428,200.1694,98866
2025-02-03 13:15:00,200.1694,200.8188,199.819,200.3653,80681
2025-02-03 14:15:00,200.3859,202.0249,199.5407,201.0456,176677
2025-02-03 15:15:00,201.0456,201.0559,199.4582,199.6128,135718
2025-02-04 09:15:00,202.6743,204.5091,200.3756,200.7776,402311
2025-02-04 10:15:00,200.9116,201.2105,196.6751,197.3966,338678
2025-02-04 11:15:00,197.376,199.118,196.5101,196.8091,214159
2025-02-04 12:15:00,196.7884,198.2109,196.1184,197.6028,134184
2025-02-04 13:15:00,197.7986,198.5923,197.5512,198.0975,129994
2025-02-04 14:15:00,198.1903,199.1077,198.0151,198.6129,179084
2025-02-04 15:15:00,198.6336,198.7263,197.912,198.1182,139580
2025-02-05 09:15:00,199.4479,203.4164,199.4479,201.5095,521517
2025-02-05 10:15:00,201.3342,202.4372,200.8498,201.2105,141777
2025-02-05 11:15:00,201.2105,202.6743,201.1487,201.5816,133983
2025-02-05 12:15:00,201.5301,202.6021,201.4682,202.4269,74273
2025-02-05 13:15:00,202.4166,202.798,201.7775,202.0352,88305
2025-02-05 14:15:00,202.0352,202.5506,200.0767,200.9631,160217
2025-02-05 15:15:00,200.9631,201.3549,200.2828,201.1075,79288
2025-02-06 09:15:00,201.1178,202.798,199.252,201.3858,321343
2025-02-06 10:15:00,201.2312,202.0249,200.2622,200.3962,146575
2025-02-06 11:15:00,200.355,201.3239,200.0045,200.2313,101316
2025-02-06 12:15:00,200.2519,200.8395,199.5613,200.8395,99881
2025-02-06 13:15:00,200.7879,201.9424,199.4582,199.6025,139291
2025-02-06 14:15:00,199.6025,201.3652,199.3448,200.7776,130008
2025-02-06 15:15:00,200.7776,201.2621,200.6642,201.0044,62198
2025-02-07 09:15:00,201.0044,201.5919,197.1905,197.9635,252045
2025-02-07 10:15:00,197.9635,198.7676,195.8504,198.6851,182613
2025-02-07 11:15:00,198.6748,199.8911,196.8915,197.3038,117855
2025-02-07 12:15:00,197.2832,198.4068,196.8812,197.3657,97016
2025-02-07 13:15:00,197.3554,198.0254,195.8504,196.1081,117608
2025-02-07 14:15:00,196.1287,197.912,195.8504,197.3966,165729
2025-02-07 15:15:00,197.4894,197.9017,196.9843,197.5409,105530
2025-02-10 09:15:00,183.4603,188.872,182.6666,186.5218,1245916
2025-02-10 10:15:00,186.5218,187.8309,186.2641,187.3361,253726
2025-02-10 11:15:00,187.3361,187.5113,184.7488,185.2642,580662
2025-02-10 12:15:00,185.2333,186.0579,184.6148,185.1199,193497
2025-02-10 13:15:00,185.1199,185.9651,184.7179,184.8622,162541
2025-02-10 14:15:00,184.8519,186.3671,184.5117,185.5219,314221
2025-02-10 15:15:00,185.4394,185.7487,184.5117,185.4807,204760
2025-02-11 09:15:00,185.4807,186.0476,175.2346,176.2241,1182010
2025-02-11 10:15:00,176.0592,177.0797,175.4511,176.018,286170
2025-02-11 11:15:00,176.018,176.5231,175.6057,176.5231,185241
2025-02-11 12:15:00,176.5643,176.5746,175.616,175.616,277842
2025-02-11 13:15:00,175.6057,175.75,172.6576,174.111,685965
2025-02-11 14:15:00,174.2553,175.6057,173.4926,174.6161,408946
2025-02-11 15:15:00,174.6161,175.0078,169.0601,172.0598,813478
2025-02-12 09:15:00,172.0598,172.8844,163.0712,163.9783,1112330
2025-02-12 10:15:00,163.999,170.0806,162.6177,169.8745,611342
2025-02-12 11:15:00,169.8745,172.6473,169.5137,170.2456,374896
2025-02-12 12:15:00,170.2456,172.3484,169.3282,171.9257,206746
2025-02-12 13:15:00,171.9257,172.2762,168.5654,169.5137,187666
2025-02-12 14:15:00,169.3282,171.2248,168.5448,171.0083,299749
2025-02-12 15:15:00,170.9362,171.833,169.8848,170.998,208916
2025-02-13 09:15:00,170.6579,174.9975,170.6063,172.9668,402942
2025-02-13 10:15:00,173.0081,173.4719,171.967,172.8947,174005
2025-02-13 11:15:00,172.771,172.8638,171.3691,171.7196,140846
2025-02-13 12:15:00,171.7196,172.1319,171.3691,171.3691,57975
2025-02-13 13:15:00,171.3176,171.7814,168.5448,169.3797,140602
2025-02-13 14:15:00,169.5549,169.6065,167.8129,168.6478,226067
2025-02-13 15:15:00,168.6478,168.6891,167.7613,168.1427,136426
2025-02-14 09:15:00,168.4314,169.8539,164.0711,164.4319,486418
2025-02-14 10:15:00,164.267,164.9267,161.3292,162.3497,281977
2025-02-14 11:15:00,162.3394,162.5249,160.4015,160.8654,156470
2025-02-14 12:15:00,160.8654,161.1127,158.2265,159.5047,273927
2025-02-14 13:15:00,159.4738,160.185,157.9173,158.4636,211604
2025-02-14 14:15:00,158.4121,161.5251,158.3605,159.0718,451960
2025-02-14 15:15:00,158.9687,159.515,157.7524,159.1336,232127
2025-02-17 09:15:00,156.67,161.6178,154.1446,156.5051,854315
2025-02-17 10:15:00,156.5154,161.3189,156.0412,157.4534,420573
2025-02-17 11:15:00,157.4431,157.6184,155.866,156.4226,176135
2025-02-17 12:15:00,156.402,159.9686,156.0309,158.3399,207908
2025-02-17 13:15:00,158.3296,161.3189,157.7214,159.3501,230544
2025-02-17 14:15:00,159.3501,160.5252,158.8965,159.5356,267634
2025-02-17 15:15:00,159.5769,160.2778,159.1645,159.8243,108124
2025-02-18 09:15:00,160.8035,161.1849,153.8972,154.0003,460540
2025-02-18 10:15:00,154.0106,155.33,153.0829,154.1755,212813
2025-02-18 11:15:00,154.0827,154.5878,152.9798,153.5983,230252
2025-02-18 12:15:00,153.5983,153.6498,151.8356,152.3819,162818
2025-02-18 13:15:00,152.3922,153.021,151.7944,152.7736,155410
2025-02-18 14:15:00,152.7633,154.5672,152.351,154.3611,463439
2025-02-18 15:15:00,154.3507,154.5672,153.588,153.7941,154813
2025-02-19 09:15:00,152.0418,162.3394,151.7428,161.4735,753997
2025-02-19 10:15:00,161.4735,162.7105,159.2676,160.9581,400790
2025-02-19 11:15:00,160.9684,163.0712,160.5046,162.4012,220772
2025-02-19 12:15:00,162.2982,163.3186,161.9374,162.4734,204900
2025-02-19 13:15:00,162.4734,163.7,161.8343,163.3599,257736
2025-02-19 14:15:00,163.2362,164.267,161.8446,164.2463,287576
2025-02-19 15:15:00,164.2463,168.019,163.8959,166.3698,434955
2025-02-20 09:15:00,163.8959,168.3386,162.9682,166.8543,397471
2025-02-20 10:15:00,166.9883,167.7613,165.9162,167.0913,383750
2025-02-20 11:15:00,167.0913,167.4933,166.5244,166.9264,86873
2025-02-20 12:15:00,166.8543,167.7717,166.2873,166.6378,141720
2025-02-20 13:15:00,166.6481,167.5037,165.9575,167.4727,95579
2025-02-20 14:15:00,167.4006,167.7613,166.4832,166.7409,98779
2025-02-20 15:15:00,166.6687,166.9883,166.2255,166.5656,87833
2025-02-21 09:15:00,165.9472,171.8845,165.8338,166.7512,466135
2025-02-21 10:15:00,166.7512,167.916,164.5865,165.2565,307049
2025-02-21 11:15:00,165.3802,167.246,164.8339,166.1636,100049
2025-02-21 12:15:00,166.1636,167.483,165.4936,166.1327,186148
2025-02-21 13:15:00,166.3079,166.6172,164.0093,164.9267,94379
2025-02-21 14:15:00,164.9576,167.648,164.8648,166.679,192697
2025-02-21 15:15:00,166.5244,166.6687,165.6998,166.1636,93452
2025-02-24 09:15:00,164.5144,164.5144,160.4427,163.1022,298371
2025-02-24 10:15:00,163.1743,163.7103,162.3188,163.3702,95395
2025-02-24 11:15:00,163.2774,165.9575,163.0816,163.9887,170670
2025-02-24 12:15:00,163.9887,164.9267,163.6073,164.6587,100229
2025-02-24 13:15:00,164.6277,164.7102,163.0506,163.6176,69203
2025-02-24 14:15:00,163.6073,164.401,163.1537,163.8237,121304
2025-02-24 15:15:00,163.9474,164.1948,163.3496,164.1948,56341
2025-02-25 09:15:00,162.762,166.4729,162.36,165.2874,261669
2025-02-25 10:15:00,165.4318,165.5555,164.102,165.2978,113014
2025-02-25 11:15:00,165.4215,165.5039,163.1228,163.566,89977
2025-02-25 12:15:00,163.5557,163.8443,162.4631,162.6692,43344
2025-02-25 13:15:00,162.6589,162.7517,161.8858,161.9168,56269
2025-02-25 14:15:00,162.0405,162.0817,160.7623,160.9272,190389
2025-02-25 15:15:00,160.989,160.989,160.1438,160.721,88561
2025-02-27 09:15:00,159.8552,160.4221,156.7834,157.6596,267621
2025-02-27 10:15:00,157.6596,158.1647,156.804,156.835,115402
2025-02-27 11:15:00,156.8968,157.4019,155.9382,155.9897,121638
2025-02-27 12:15:00,156.1031,156.5154,155.7217,156.0722,71622
2025-02-27 13:15:00,156.0722,156.3505,155.7526,156.0412,48195
2025-02-27 14:15:00,156.0103,156.7731,155.9072,156.6082,118117
2025-02-27 15:15:00,156.6803,156.7216,155.6599,155.6599,103869
2025-02-28 09:15:00,153.588,156.1649,151.2687,151.8459,455629
2025-02-28 10:15:00,151.8665,153.6601,151.2893,151.2893,161460
2025-02-28 11:15:00,151.2687,151.8253,150.1348,150.2894,161807
2025-02-28 12:15:00,150.3719,150.7327,148.4959,150.1039,207224
2025-02-28 13:15:00,150.1245,150.8564,149.5679,150.3719,197260
2025-02-28 14:15:00,150.3719,151.3305,149.4751,150.7945,351858
2025-02-28 15:15:00,150.7945,150.7945,148.434,150.5059,247508
2025-03-03 09:15:00,150.7017,153.3406,143.8057,144.383,601116
2025-03-03 10:15:00,144.2696,145.9498,143.5377,144.383,420829
2025-03-03 11:15:00,144.4655,144.4861,142.5173,143.5171,168371
2025-03-03 12:15:00,143.5481,148.8979,142.7234,148.8154,419429
2025-03-03 13:15:00,148.8463,149.1865,146.424,148.8876,585148
2025-03-03 14:15:00,148.8876,150.2482,147.9392,148.3206,528558
2025-03-03 15:15:00,148.3206,148.3206,147.4548,148.3206,154876
2025-03-04 09:15:00,145.3932,152.9489,145.0942,151.6913,672518
2025-03-04 10:15:00,151.8356,152.6087,150.8151,151.5264,132527
2025-03-04 11:15:00,151.6088,152.2479,149.0834,149.6091,124354
2025-03-04 12:15:00,149.506,150.0833,148.7536,149.2689,92512
2025-03-04 13:15:00,149.2586,151.413,148.7432,151.2893,119918
2025-03-04 14:15:00,151.3202,152.7839,151.1656,151.6295,247348
2025-03-04 15:15:00,151.6707,151.9284,151.011,151.3718,130739
2025-03-05 09:15:00,151.8356,156.3196,151.4439,154.8455,461427
2025-03-05 10:15:00,154.8455,155.8557,154.2683,155.4949,121664
2025-03-05 11:15:00,155.3918,155.8557,154.928,155.2063,58369
2025-03-05 12:15:00,155.2063,156.6185,154.7321,155.4434,113752
2025-03-05 13:15:00,155.5155,155.6392,154.8352,155.5671,73215
2025-03-05 14:15:00,155.5671,156.8762,155.1445,156.6494,182034
2025-03-05 15:15:00,156.6288,156.938,155.7629,156.8865,114912
2025-03-06 09:15:00,158.3296,161.5766,157.7214,159.8346,551206
2025-03-06 10:15:00,159.8346,160.9478,159.649,160.9478,169774
2025-03-06 11:15:00,160.9478,161.1746,159.1645,159.6181,134615
2025-03-06 12:15:00,159.4944,160.7932,159.4944,160.5355,82018
2025-03-06 13:15:00,160.4943,161.1334,160.1026,160.7417,59352
2025-03-06 14:15:00,160.6489,160.8138,159.8758,159.8758,116210
2025-03-06 15:15:00,159.8861,160.0716,158.9481,159.2161,107916
2025-03-07 09:15:00,159.2161,166.7306,157.9688,165.9781,772314
2025-03-07 10:15:00,166.1327,166.1739,164.5247,165.0813,466087
2025-03-07 11:15:00,165.071,165.4008,162.8857,163.2568,164508
2025-03-07 12:15:00,163.1537,163.7619,162.4631,162.8239,138072
2025-03-07 13:15:00,162.8239,163.298,161.8446,162.36,124250
2025-03-07 14:15:00,162.3909,164.0917,162.1951,162.6074,205255
2025-03-07 15:15:00,162.6074,162.8548,161.9374,162.5559,136589
2025-03-10 09:15:00,164.401,165.6895,159.515,160.9478,580745
2025-03-10 10:15:00,160.9478,161.2158,159.2573,159.4429,126429
2025-03-10 11:15:00,159.4429,160.2881,159.0099,159.1645,64020
2025-03-10 12:15:00,159.1645,159.1955,158.4842,158.8656,93169
2025-03-10 13:15:00,158.845,159.2058,158.3399,158.577,76631
2025-03-10 14:15:00,158.577,159.2573,156.268,158.845,349263
2025-03-10 15:15:00,158.8347,158.8347,156.6803,157.1957,98984
2025-03-11 09:15:00,154.8043,157.1957,154.0724,155.8557,428408
2025-03-11 10:15:00,155.9794,158.3915,155.3609,157.5462,137758
2025-03-11 11:15:00,157.5359,157.639,156.4742,157.0514,87473
2025-03-11 12:15:00,157.1442,157.2885,155.6495,155.8454,63808
2025-03-11 13:15:00,155.7526,157.4431,155.5465,156.5257,97162
2025-03-11 14:15:00,156.5979,158.7419,156.5773,156.8865,242197
2025-03-11 15:15:00,156.9174,158.2265,156.8865,157.5771,73754
2025-03-12 09:15:00,158.0307,159.2573,156.8453,157.1648,244786
2025-03-12 10:15:00,156.938,157.7111,156.8865,157.1442,88766
2025-03-12 11:15:00,156.9793,157.0927,155.196,155.464,110737
2025-03-12 12:15:00,155.4846,156.0516,155.1857,155.598,63006
2025-03-12 13:15:00,155.598,155.9279,155.2372,155.5155,60279
2025-03-12 14:15:00,155.5155,156.4948,155.3712,156.0103,84466
2025-03-12 15:15:00,156.0103,156.0103,153.8869,154.928,194666
2025-03-13 09:15:00,156.6803,157.0927,154.1034,156.3196,365972
2025-03-13 10:15:00,156.4226,157.907,154.9486,155.9072,276960
2025-03-13 11:15:00,155.7732,155.8969,154.1034,154.4848,139311
2025-03-13 12:15:00,154.3507,154.6188,153.6395,153.691,151612
2025-03-13 13:15:00,153.691,154.1034,153.2787,153.4333,129685
2025-03-13 14:15:00,153.5777,153.825,152.7839,153.423,165582
2025-03-13 15:15:00,153.5261,153.6395,152.9179,153.454,98965
2025-03-17 09:15:00,153.8972,155.0001,152.2067,152.5469,407003
2025-03-17 10:15:00,152.6087,152.7943,151.4955,151.9181,154964
2025-03-17 11:15:00,151.9696,152.3304,151.3202,151.5264,77550
2025-03-17 12:15:00,151.6707,151.6707,149.8256,150.3307,118502
2025-03-17 13:15:00,150.3822,151.011,149.8771,150.6605,81220
2025-03-17 14:15:00,150.6605,150.8976,149.9905,150.1348,148053
2025-03-17 15:15:00,150.0936,150.3925,149.4648,149.5679,156368
2025-03-18 09:15:00,151.6913,153.8663,151.2584,153.3818,494182
2025-03-18 10:15:00,153.3818,153.5777,151.7016,151.8872,193224
2025-03-18 11:15:00,151.8356,152.0418,151.6501,151.949,103657
2025-03-18 12:15:00,151.9387,152.1449,151.0934,151.9078,217092
2025-03-18 13:15:00,151.8253,152.0418,151.3202,151.8872,120818
2025-03-18 14:15:00,151.8872,152.8973,151.7119,152.0418,423933
2025-03-18 15:15:00,152.0418,153.0726,151.6088,153.0726,272844
2025-03-19 09:15:00,153.2478,158.7522,153.2478,157.4328,951727
2025-03-19 10:15:00,157.4225,161.3189,157.4019,161.0818,728201
2025-03-19 11:15:00,161.0612,164.0917,159.8243,162.0405,1252536
2025-03-19 12:15:00,161.9168,162.9888,160.9581,161.8343,586774
2025-03-19 13:15:00,161.9271,162.2466,160.2984,160.4427,596518
2025-03-19 14:15:00,160.5046,163.4114,159.515,161.8858,1168679
2025-03-19 15:15:00,161.9889,163.2774,161.7106,162.6589,477548
2025-03-20 09:15:00,164.9782,172.6576,164.9782,172.369,3868682
2025-03-20 10:15:00,172.3587,184.7179,171.7814,183.9345,16640182
2025-03-20 11:15:00,183.9654,188.1195,180.8009,185.9754,10868711
2025-03-20 12:15:00,185.9445,188.0164,183.9963,183.9963,7624065
2025-03-20 13:15:00,184.0066,190.0264,183.5015,186.6764,9236214
2025-03-20 14:15:00,186.8001,189.1503,181.6358,181.8523,7777626
2025-03-20 15:15:00,181.8523,182.2646,178.43,178.43,2310216
2025-03-21 09:15:00,177.2962,180.1824,175.9665,177.1209,3131834
2025-03-21 10:15:00,177.1209,178.327,175.8737,176.0592,950866
2025-03-21 11:15:00,176.2241,176.7808,174.7398,175.1624,744492
2025-03-21 12:15:00,175.1624,175.2655,174.5337,174.6573,523647
2025-03-21 13:15:00,174.6264,175.0697,174.2038,174.7192,598934
2025-03-21 14:15:00,174.7707,175.3789,174.3069,174.678,814799
2025-03-21 15:15:00,174.5543,174.9872,174.0079,174.3069,656743
2025-03-24 09:15:00,176.2654,190.48,176.2138,185.893,8498464
2025-03-24 10:15:00,185.9033,186.4702,182.7594,183.7592,2537332
2025-03-24 11:15:00,183.7489,183.7902,181.7183,182.3471,767845
2025-03-24 12:15:00,182.3471,183.5943,182.079,183.3985,585272
2025-03-24 13:15:00,183.45,183.9448,182.5635,183.3572,494407
2025-03-24 14:15:00,183.2748,183.584,182.1924,183.2748,939238
2025-03-24 15:15:00,183.2748,183.4294,181.677,181.9863,704862
2025-03-25 09:15:00,186.5527,186.563,180.4195,182.0275,2370613
2025-03-25 10:15:00,182.0378,183.1305,180.5947,181.1307,760890
2025-03-25 11:15:00,181.1307,181.4193,179.667,180.1205,654392
2025-03-25 12:15:00,180.1308,181.1616,179.6155,180.1824,165052
2025-03-25 13:15:00,180.1721,181.0173,179.4196,180.3885,360680
2025-03-25 14:15:00,180.3885,182.0687,179.8113,179.9659,804878
2025-03-25 15:15:00,179.8732,180.5122,179.3784,180.3576,565193
2025-03-26 09:15:00,181.1101,181.6255,176.8117,180.3885,1076702
2025-03-26 10:15:00,180.3576,180.7184,176.9869,177.3168,565181
2025-03-26 11:15:00,177.4199,178.0177,176.2654,177.0488,267995
2025-03-26 12:15:00,177.1828,177.7085,176.2654,176.5334,174542
2025-03-26 13:15:00,176.4612,176.554,174.8532,175.0903,353492
2025-03-26 14:15:00,175.0697,175.2346,171.9876,172.4515,716297
2025-03-26 15:15:00,172.4515,172.5236,171.1114,171.5237,429136
2025-03-27 09:15:00,171.5444,173.9461,170.328,172.3174,1162028
2025-03-27 10:15:00,172.369,180.6978,172.3071,174.1419,2652059
2025-03-27 11:15:00,174.1007,174.2038,169.5859,170.0806,1109730
2025-03-27 12:15:00,170.0806,173.8636,169.3591,172.0701,1368851
2025-03-27 13:15:00,171.9876,173.3482,171.1114,172.6885,524596
2025-03-27 14:15:00,172.6164,172.6164,171.0083,171.9876,780057
2025-03-27 15:15:00,171.9979,173.173,171.7299,172.8638,538681
2025-03-28 09:15:00,172.7813,178.7805,172.7607,178.2857,1514709
2025-03-28 10:15:00,178.2033,179.3578,175.8634,176.1108,1518891
2025-03-28 11:15:00,176.1108,176.5231,173.5544,173.9667,745821
2025-03-28 12:15:00,174.0183,174.0698,171.5237,171.8639,478198
2025-03-28 13:15:00,171.7917,172.3484,170.6166,171.9464,269236
2025-03-28 14:15:00,171.9051,172.8638,170.6991,170.6991,509023
2025-03-28 15:15:00,170.7506,170.761,169.256,169.9466,502342
2025-04-01 09:15:00,169.9363,177.09,169.3178,173.575,2498432
2025-04-01 10:15:00,173.575,173.7915,171.967,172.5648,432480
2025-04-01 11:15:00,172.5648,172.9978,171.4516,172.6473,210739
2025-04-01 12:15:00,172.5648,173.5853,172.2247,173.0802,196901
2025-04-01 13:15:00,172.9668,173.4822,172.2453,173.2039,153599
2025-04-01 14:15:00,173.0905,176.0592,172.637,174.9254,409578
2025-04-01 15:15:00,174.8738,176.6777,174.5543,176.3685,300047
2025-04-02 09:15:00,176.3582,176.3685,171.6371,173.0081,566735
2025-04-02 10:15:00,172.8638,175.5129,172.7298,174.2038,302691
2025-04-02 11:15:00,174.245,175.0387,173.6884,174.8223,123129
2025-04-02 12:15:00,174.8223,175.2346,174.0079,174.6161,130113
2025-04-02 13:15:00,174.6058,175.4717,174.3893,174.4924,108825
2025-04-02 14:15:00,174.41,175.75,174.3378,175.0594,285932
2025-04-02 15:15:00,174.9666,175.75,174.7501,175.5438,204153
2025-04-03 09:15:00,172.5855,178.8114,172.5751,175.8118,1203315
2025-04-03 10:15:00,175.8324,179.7185,175.0284,177.5126,1507565
2025-04-03 11:15:00,177.492,179.2031,176.0077,178.0899,803405
2025-04-03 12:15:00,178.0899,178.2548,177.1416,177.2446,186924
2025-04-03 13:15:00,177.1931,178.327,177.1312,177.5436,174663
2025-04-03 14:15:00,177.5436,177.9765,176.1417,177.2756,630913
2025-04-03 15:15:00,177.2756,177.2859,176.7395,177.0591,185819
2025-04-04 09:15:00,175.1212,176.2963,170.6063,170.6888,976125
2025-04-04 10:15:00,170.7094,172.6061,170.0806,171.9361,317369
2025-04-04 11:15:00,172.0391,172.1422,170.6476,170.9259,145323
2025-04-04 12:15:00,170.9774,173.2658,170.8022,170.8022,428892
2025-04-04 13:15:00,170.8434,171.5134,169.5755,170.4723,263476
2025-04-04 14:15:00,170.4826,171.534,168.7921,170.596,467815
2025-04-04 15:15:00,170.6579,171.4207,170.0909,171.4207,136620
2025-04-07 09:15:00,151.5264,159.4119,151.5264,153.588,1685179
2025-04-07 10:15:00,153.588,156.0619,152.0521,155.2269,1174716
2025-04-07 11:15:00,155.1445,156.7937,154.1034,155.8042,925348
2025-04-07 12:15:00,155.8042,157.4328,155.0105,155.4434,564494
2025-04-07 13:15:00,155.4434,158.7419,155.0311,158.0513,595459
2025-04-07 14:15:00,158.0513,161.8961,157.5668,160.2881,946226
2025-04-07 15:15:00,160.319,165.607,159.7727,164.9267,352853
2025-04-08 09:15:00,167.1326,169.0292,163.5042,164.5453,795655
2025-04-08 10:15:00,164.5762,168.1427,164.5762,167.5758,495923
2025-04-08 11:15:00,167.5552,168.4829,167.0913,168.2252,279012
2025-04-08 12:15:00,168.2252,169.8126,167.9366,168.8952,302373
2025-04-08 13:15:00,168.9365,170.3796,168.6684,169.6889,403615
2025-04-08 14:15:00,169.6683,175.4717,169.4106,175.2449,1037732
2025-04-08 15:15:00,175.3274,175.5954,173.8843,175.4407,692203
2025-04-09 09:15:00,172.503,173.173,169.5755,169.6168,771033
2025-04-09 10:15:00,169.5755,170.596,169.3591,169.9672,141415
2025-04-09 11:15:00,170.0188,171.7814,169.926,170.998,174793
2025-04-09 12:15:00,170.9568,173.0699,170.6476,172.369,169417
2025-04-09 13:15:00,172.2659,172.3484,170.8228,171.4413,142697
2025-04-09 14:15:00,171.4825,171.7093,170.0909,170.2868,234555
2025-04-09 15:15:00,170.2765,172.2453,170.2352,171.9361,282858
2025-04-11 09:15:00,175.1315,179.3062,173.173,177.4508,1372630
2025-04-11 10:15:00,177.3683,178.1105,176.2757,177.6466,371148
2025-04-11 11:15:00,177.7497,177.8219,176.2654,176.7808,216282
2025-04-11 12:15:00,176.7808,176.8839,175.7603,176.0077,139229
2025-04-11 13:15:00,175.9665,176.0798,174.9769,175.3686,191895
2025-04-11 14:15:00,175.2346,177.8116,175.183,177.4508,341220
2025-04-11 15:15:00,177.4302,177.7806,175.8015,175.9561,218457
2025-04-15 09:15:00,178.43,182.244,177.6054,180.1927,1203860
2025-04-15 10:15:00,180.203,180.2752,179.1516,179.5742,370859
2025-04-15 11:15:00,179.5742,179.8628,178.7187,179.2341,234763
2025-04-15 12:15:00,179.3062,179.4505,179.0485,179.3474,97855
2025-04-15 13:15:00,179.3474,180.6772,178.8424,179.9247,255553
2025-04-15 14:15:00,179.9247,180.1205,179.0176,179.3062,320786
2025-04-15 15:15:00,179.3578,179.3578,178.3373,178.4404,227582
2025-04-16 09:15:00,179.4093,184.2746,178.43,181.7183,1449872
2025-04-16 10:15:00,181.7286,182.5429,179.8835,181.7286,504691
2025-04-16 11:15:00,181.7286,182.11,180.9039,181.4193,147416
2025-04-16 12:15:00,181.4193,182.3471,181.3781,181.8317,143432
2025-04-16 13:15:00,181.8317,182.0894,180.2339,181.5327,183510
2025-04-16 14:15:00,181.6152,181.976,180.2545,180.8009,361991
2025-04-16 15:15:00,180.8009,180.8009,180.0381,180.3885,198858
2025-04-17 09:15:00,181.007,183.6458,180.1102,180.4298,729596
2025-04-17 10:15:00,180.4504,182.1924,180.3885,181.5121,188999
2025-04-17 11:15:00,181.5121,181.9347,181.306,181.6255,134947
2025-04-17 12:15:00,181.7595,181.8935,181.5224,181.7286,108158
2025-04-17 13:15:00,181.677,181.7286,181.4296,181.4296,112066
2025-04-17 14:15:00,181.4503,181.677,180.9452,181.0586,285024
2025-04-17 15:15:00,181.1101,181.3678,180.9143,180.9246,170679
2025-04-21 09:15:00,182.7903,185.1302,179.9762,182.5635,976253
2025-04-21 10:15:00,182.5532,183.7283,182.2337,182.9655,220543
2025-04-21 11:15:00,182.9552,183.9963,182.5738,183.852,184231
2025-04-21 12:15:00,183.8108,184.4189,182.9655,183.584,145216
2025-04-21 13:15:00,183.5428,183.6665,182.4501,183.1305,108144
2025-04-21 14:15:00,183.0892,183.4603,182.512,182.9449,301024
2025-04-21 15:15:00,182.9655,183.0171,182.4501,182.6563,178639
2025-04-22 09:15:00,183.5015,184.8313,181.2853,183.8932,603522
2025-04-22 10:15:00,183.8932,184.0994,183.1923,183.5222,142141
2025-04-22 11:15:00,183.5531,183.584,182.2749,182.9655,169993
2025-04-22 12:15:00,183.0686,183.8108,182.4604,182.9655,111504
2025-04-22 13:15:00,182.9655,183.316,182.8212,183.2335,65593
2025-04-22 14:15:00,183.2541,183.4397,181.945,182.1409,176365
2025-04-22 15:15:00,182.1409,182.4501,181.0586,181.677,159115
2025-04-23 09:15:00,182.4398,184.7694,179.7185,179.8732,817485
2025-04-23 10:15:00,179.8732,180.6359,178.8527,180.2133,227549
2025-04-23 11:15:00,180.1412,180.9039,179.8319,180.5844,106909
2025-04-23 12:15:00,180.5844,181.3575,180.5122,181.007,58018
2025-04-23 13:15:00,181.0998,181.7698,180.8215,181.275,139968
2025-04-23 14:15:00,181.3987,182.2852,180.6566,181.6358,308659
2025-04-23 15:15:00,181.6461,182.9552,181.4812,182.8624,170946
2025-04-24 09:15:00,182.914,191.954,182.4501,189.9749,5068398
2025-04-24 10:15:00,190.078,190.5418,188.3772,188.738,1034154
2025-04-24 11:15:00,188.7277,189.2534,187.501,187.7587,535318
2025-04-24 12:15:00,187.7587,188.0061,187.0887,187.5525,224505
2025-04-24 13:15:00,187.5319,188.5833,186.3362,187.769,489199
2025-04-24 14:15:00,187.769,189.109,186.5733,187.099,688550
2025-04-24 15:15:00,187.099,187.1196,185.5425,186.0579,415360
2025-04-25 09:15:00,187.4082,187.4907,178.327,180.471,1681774
2025-04-25 10:15:00,180.4298,180.9039,178.1723,179.1413,357283
2025-04-25 11:15:00,179.1413,179.1928,177.791,179.0485,301105
2025-04-25 12:15:00,179.0485,180.2958,178.9557,179.6361,196172
2025-04-25 13:15:00,179.7907,180.6462,178.7599,179.265,218261
2025-04-25 14:15:00,179.3371,179.8732,178.8424,178.9351,329602
2025-04-25 15:15:00,178.8836,179.3578,178.327,178.7393,215018
2025-04-28 09:15:00,178.5847,182.244,173.7399,180.8215,1359460
2025-04-28 10:15:00,180.8009,181.2956,179.2238,180.2236,402945
2025-04-28 11:15:00,180.2958,180.5432,179.3681,179.7185,215978
2025-04-28 12:15:00,179.8422,180.4916,179.2547,179.5639,157407
2025-04-28 13:15:00,179.5639,185.5425,179.3578,184.0582,2454708
2025-04-28 14:15:00,184.0582,184.2437,181.677,181.7183,840038
2025-04-28 15:15:00,181.7389,182.1821,181.3163,181.6255,272568
2025-04-29 09:15:00,183.4706,185.3467,182.1512,182.8109,748365
2025-04-29 10:15:00,182.914,183.5428,182.1924,182.8831,237167
2025-04-29 11:15:00,182.8934,190.1811,182.5738,189.8924,2964463
2025-04-29 12:15:00,189.8924,194.8093,189.0472,192.6756,7038695
2025-04-29 13:15:00,192.6756,193.1291,189.1915,189.2534,1872200
2025-04-29 14:15:00,189.3977,189.9646,187.0887,187.6556,1322960
2025-04-29 15:15:00,187.6556,192.5519,187.5629,189.6657,1019236
2025-04-30 09:15:00,189.6657,190.0471,185.1611,186.2022,1675607
2025-04-30 10:15:00,186.1507,187.4804,185.8724,186.5011,265307
2025-04-30 11:15:00,186.4805,186.831,186.1919,186.7485,167625
2025-04-30 12:15:00,186.6351,187.0887,186.3774,186.5424,111064
2025-04-30 13:15:00,186.5424,186.6764,184.5736,184.8519,343185
2025-04-30 14:15:00,184.8519,185.6456,183.7386,183.7386,516556
2025-04-30 15:15:00,183.7695,183.852,181.9347,182.2027,418632
2025-05-02 09:15:00,182.1409,185.0477,180.605,183.5222,1076535
2025-05-02 10:15:00,183.6149,184.1922,182.0378,183.5015,297571
2025-05-02 11:15:00,183.4294,183.5118,181.1307,181.4709,299194
2025-05-02 12:15:00,181.5946,181.7801,180.3989,181.1204,179932
2025-05-02 13:15:00,181.1204,182.1306,180.4916,180.9658,123106
2025-05-02 14:15:00,180.8421,180.9658,178.9764,179.3474,375504
2025-05-02 15:15:00,179.3474,179.3578,178.5331,178.8424,198451
2025-05-05 09:15:00,180.6566,181.1513,178.028,180.0999,745427
2025-05-05 10:15:00,180.0999,180.8009,179.4299,180.2442,175966
2025-05-05 11:15:00,180.3576,182.3883,179.7185,182.0275,609592
2025-05-05 12:15:00,182.0584,183.2748,181.2132,181.6977,409534
2025-05-05 13:15:00,181.6152,182.0378,181.44,181.9347,118097
2025-05-05 14:15:00,181.9347,182.0894,180.9039,181.7801,187594
2025-05-05 15:15:00,181.7389,182.4398,181.5533,182.244,178671
2025-05-06 09:15:00,181.9863,183.986,178.7599,179.2238,508779
2025-05-06 10:15:00,179.1516,179.6773,178.4404,178.595,158960
2025-05-06 11:15:00,178.6053,178.6053,177.1931,177.6054,204978
2025-05-06 12:15:00,177.6054,178.2651,176.9869,177.4714,136375
2025-05-06 13:15:00,177.4714,178.9557,176.6777,176.6777,261563
2025-05-06 14:15:00,176.6777,176.8942,175.3377,176.1108,359484
2025-05-06 15:15:00,176.0077,176.1108,173.8946,173.8946,221686
2025-05-07 09:15:00,173.2658,177.09,171.833,172.1731,1378719
2025-05-07 10:15:00,172.1422,174.0904,171.8021,174.0595,205039
2025-05-07 11:15:00,174.0595,178.3785,174.0595,176.3582,509814
2025-05-07 12:15:00,176.3788,176.6983,174.7089,175.4407,103680
2025-05-07 13:15:00,175.4407,176.0489,174.2553,175.6675,103809
2025-05-07 14:15:00,175.6366,175.9561,174.5027,175.1315,190290
2025-05-07 15:15:00,175.1315,175.4098,170.2868,174.7192,483246
2025-05-08 09:15:00,174.915,177.791,174.915,176.1623,328647
2025-05-08 10:15:00,176.1623,176.8942,175.8221,176.1726,141204
2025-05-08 11:15:00,176.3272,176.5952,175.6263,176.2654,81429
2025-05-08 12:15:00,176.2654,176.6571,173.2864,173.307,202851
2025-05-08 13:15:00,173.3173,173.3173,169.5652,169.8745,518066
2025-05-08 14:15:00,169.8745,171.0393,168.2871,168.9261,369216
2025-05-08 15:15:00,168.854,169.1117,165.2668,167.2356,235911
2025-05-09 09:15:00,164.5762,167.2253,162.9269,164.9988,1083584
2025-05-09 10:15:00,165.0401,165.339,163.7722,164.4731,199395
2025-05-09 11:15:00,164.4731,166.1842,163.9783,165.9368,187539
2025-05-09 12:15:00,165.9884,166.4729,164.9164,165.4215,121554
2025-05-09 13:15:00,165.4215,165.6276,164.3494,165.0298,122986
2025-05-09 14:15:00,164.9267,166.7202,164.6381,166.1018,269960
2025-05-09 15:15:00,166.0193,168.8334,165.9987,167.9984,222775
2025-05-12 09:15:00,176.2654,176.2654,173.4616,174.9872,629481
2025-05-12 10:15:00,174.9769,176.9251,174.8326,175.8428,298815
2025-05-12 11:15:00,175.8531,176.3685,175.1006,175.3274,71077
2025-05-12 12:15:00,175.3892,176.8632,175.2346,176.4406,98189
2025-05-12 13:15:00,176.4406,179.0485,176.2654,178.43,383006
2025-05-12 14:15:00,178.43,179.0485,177.09,178.5331,288323
2025-05-12 15:15:00,178.6877,179.1516,178.43,178.43,174273
2025-05-13 09:15:00,178.6362,180.4916,177.0282,180.2545,527332
2025-05-13 10:15:00,180.2339,181.1616,179.265,180.2855,254665
2025-05-13 11:15:00,180.3164,181.9244,180.1618,181.0895,237142
2025-05-13 12:15:00,181.0689,181.4193,179.4196,179.8732,157925
2025-05-13 13:15:00,179.8732,180.0793,178.8424,179.4608,130510
2025-05-13 14:15:00,179.4608,179.8835,178.8011,178.8424,241534
2025-05-13 15:15:00,178.9454,179.6773,178.6671,179.0485,103109
2025-05-14 09:15:00,181.4193,188.5318,179.935,182.4192,2798539
2025-05-14 10:15:00,182.4501,183.3778,181.1101,182.7181,1741532
2025-05-14 11:15:00,182.7594,183.7386,180.0278,181.6255,1189463
2025-05-14 12:15:00,181.6255,182.4398,180.3989,181.5224,437626
2025-05-14 13:15:00,181.5327,182.3574,180.9143,181.2132,372266
2025-05-14 14:15:00,181.2132,181.8317,179.9865,181.007,958832
2025-05-14 15:15:00,181.007,181.5946,180.5947,181.3678,380899
2025-05-15 09:15:00,182.2955,185.5116,181.677,182.4398,1144130
2025-05-15 10:15:00,182.4398,182.5223,180.9039,181.1616,861178
2025-05-15 11:15:00,181.1926,182.4295,181.0586,181.1101,362728
2025-05-15 12:15:00,181.1616,181.1616,180.0793,180.203,291263
2025-05-15 13:15:00,180.2855,180.5226,179.8216,180.1824,268356
2025-05-15 14:15:00,180.0793,180.5844,177.8116,177.8116,961452
2025-05-15 15:15:00,177.8631,178.8321,177.2962,178.4197,798149
2025-05-16 09:15:00,179.9247,188.6349,179.3681,188.5009,3982660
2025-05-16 10:15:00,188.6143,194.4073,188.1195,191.284,5513030
2025-05-16 11:15:00,191.1809,194.9227,191.1809,192.8199,3038811
2025-05-16 12:15:00,192.758,199.4582,192.5519,197.4482,5377539
2025-05-16 13:15:00,197.4482,198.8913,194.3042,194.7372,3156506
2025-05-16 14:15:00,194.7372,196.8709,193.3456,194.6341,2328498
2025-05-16 15:15:00,194.7062,195.0773,193.995,194.3042,1114740
2025-05-19 09:15:00,195.335,201.6435,192.5107,195.1804,5155298
2025-05-19 10:15:00,195.1804,196.3658,194.5207,195.5515,880122
2025-05-19 11:15:00,195.6443,195.9741,194.5722,194.6959,387263
2025-05-19 12:15:00,194.665,195.3247,194.129,194.8196,297943
2025-05-19 13:15:00,194.8196,194.8196,192.0365,192.7477,506348
2025-05-19 14:15:00,192.8611,194.4073,192.4488,193.0157,641423
2025-05-19 15:15:00,192.9333,193.2013,192.2014,192.4488,416096
2025-05-20 09:15:00,193.1085,194.5001,187.3876,188.9441,1517831
2025-05-20 10:15:00,188.9029,190.1605,187.7587,189.7997,439967
2025-05-20 11:15:00,189.7069,189.7997,188.5318,189.2018,214310
2025-05-20 12:15:00,189.0781,189.3771,187.7072,188.0576,144043
2025-05-20 13:15:00,188.1298,188.3772,186.0991,186.2228,261638
2025-05-20 14:15:00,186.1094,186.5011,185.1302,185.5528,495332
2025-05-20 15:15:00,185.5528,185.9548,185.1508,185.7487,244670
2025-05-21 09:15:00,186.0064,188.7792,184.0994,188.2947,1060942
2025-05-21 10:15:00,188.2741,189.6141,187.2433,187.3876,610424
2025-05-21 11:15:00,187.4598,188.1195,185.594,185.7899,199917
2025-05-21 12:15:00,185.6559,187.3464,184.924,186.9856,206119
2025-05-21 13:15:00,186.9856,187.1918,186.0682,186.6351,119138
2025-05-21 14:15:00,186.6764,187.501,186.2538,187.2949,226712
2025-05-21 15:15:00,187.3876,187.7999,187.0887,187.6041,240988
2025-05-22 09:15:00,187.3876,198.6336,186.5733,198.1491,3856243
2025-05-22 10:15:00,198.2109,206.7768,197.0977,204.6225,14903114
2025-05-22 11:15:00,204.6225,205.0245,201.6332,202.9113,5322394
2025-05-22 12:15:00,202.7877,203.066,199.1077,200.5096,2700750
2025-05-22 13:15:00,200.5818,203.9421,200.5096,201.9321,3129100
2025-05-22 14:15:00,201.9218,202.7567,200.489,202.3238,2867381
2025-05-22 15:15:00,202.1692,204.0968,201.0044,203.066,1706102
2025-05-23 09:15:00,204.1071,212.24,201.2105,208.3848,10902275
2025-05-23 10:15:00,208.4673,209.4672,206.1583,208.2818,1740217
2025-05-23 11:15:00,208.2818,208.6322,206.8284,207.9107,792903
2025-05-23 12:15:00,207.9107,208.0035,206.5397,206.9933,496420
2025-05-23 13:15:00,206.983,209.1476,206.7253,207.9828,721435
2025-05-23 14:15:00,207.9622,210.4361,207.2922,209.8383,1743332
2025-05-23 15:15:00,209.9104,209.9104,207.2407,207.8076,1000506
2025-05-26 09:15:00,208.8384,210.2712,205.8594,206.4882,1670051
2025-05-26 10:15:00,206.4882,206.9211,204.6225,206.4367,654235
2025-05-26 11:15:00,206.3439,207.1788,205.9213,206.2923,262400
2025-05-26 12:15:00,206.2923,206.6428,205.7873,206.045,173877
2025-05-26 13:15:00,206.0037,206.1274,205.3956,205.9522,173923
2025-05-26 14:15:00,205.8491,207.1273,205.4471,206.2202,451188
2025-05-26 15:15:00,206.2099,207.0551,205.8079,206.3542,373241
2025-05-27 09:15:00,206.3439,212.0235,206.1583,209.8589,2289882
2025-05-27 10:15:00,209.9001,210.1784,208.7353,209.0755,415962
2025-05-27 11:15:00,209.0446,209.7455,208.7456,209.2301,188160
2025-05-27 12:15:00,209.2507,209.4569,208.2199,208.5807,139328
2025-05-27 13:15:00,208.5704,209.4569,208.2199,208.8384,237494
2025-05-27 14:15:00,208.8384,210.6938,208.2199,209.7661,603125
2025-05-27 15:15:00,209.8383,209.8589,208.2405,208.2405,312642
2025-05-28 09:15:00,209.7661,214.1882,207.8901,212.3946,2899109
2025-05-28 10:15:00,212.4462,212.7554,211.1061,211.9308,724345
2025-05-28 11:15:00,211.9308,213.879,211.6422,212.9409,967113
2025-05-28 12:15:00,212.9513,213.044,211.9823,212.3431,282846
2025-05-28 13:15:00,212.4359,212.6214,211.3123,212.106,285575
2025-05-28 14:15:00,212.106,213.3739,211.8174,212.1369,582079
2025-05-28 15:15:00,212.1472,212.3431,211.1783,211.57,366013
2025-05-29 09:15:00,213.477,213.8893,209.828,210.5907,1120375
2025-05-29 10:15:00,210.5495,210.5907,209.0342,210.0341,235197
2025-05-29 11:15:00,209.9723,210.7763,209.9001,210.5392,127751
2025-05-29 12:15:00,210.5083,210.5083,209.3229,210.3124,155222
2025-05-29 13:15:00,210.333,210.8484,209.4878,210.0238,129888
2025-05-29 14:15:00,210.0444,211.3123,209.5703,210.8278,449871
2025-05-29 15:15:00,210.8381,212.3431,210.2918,211.302,396651
2025-05-30 09:15:00,211.3123,212.6008,208.2612,208.4364,729553
2025-05-30 10:15:00,208.4467,208.6116,207.1891,207.7045,306004
2025-05-30 11:15:00,207.7148,208.5292,207.5499,207.7561,134411
2025-05-30 12:15:00,207.8591,208.3333,207.3953,208.3333,110355
2025-05-30 13:15:00,208.3127,208.6322,207.4984,207.4984,140898
2025-05-30 14:15:00,207.5808,208.4261,207.4984,207.9519,342541
2025-05-30 15:15:00,207.9622,207.9622,207.1891,207.1891,184954
2025-06-02 09:15:00,207.5087,213.982,205.2306,209.663,1818629
2025-06-02 10:15:00,209.8073,209.931,208.4776,209.261,248547
2025-06-02 11:15:00,209.261,210.096,208.8384,209.5703,155056
2025-06-02 12:15:00,209.663,209.6836,208.8178,209.2198,115693
2025-06-02 13:15:00,209.3538,212.1163,209.3435,209.8795,521654
2025-06-02 14:15:00,210.0135,211.1886,209.3744,209.56,370759
2025-06-02 15:15:00,209.5393,209.663,207.8798,208.323,290976
2025-06-03 09:15:00,210.3846,212.5596,208.5395,209.9517,1043058
2025-06-03 10:15:00,209.9517,211.6318,209.261,210.498,354598
2025-06-03 11:15:00,210.498,215.8787,209.663,214.5799,2043588
2025-06-03 12:15:00,214.5902,215.7447,210.5907,211.4978,1412923
2025-06-03 13:15:00,211.5081,212.2812,210.7763,211.4772,321948
2025-06-03 14:15:00,211.5185,212.7451,210.5392,211.2814,644415
2025-06-03 15:15:00,211.1268,211.8277,210.1269,211.7762,388093
2025-06-04 09:15:00,212.6523,220.5894,211.7246,218.734,7621149
2025-06-04 10:15:00,218.6825,219.5586,217.1466,218.0124,1273124
2025-06-04 11:15:00,218.1774,219.2288,216.5487,217.3837,1148478
2025-06-04 12:15:00,217.3837,218.0021,216.4869,216.6724,374856
2025-06-04 13:15:00,216.7446,217.3837,215.0231,216.425,719491
2025-06-04 14:15:00,216.3529,216.6724,215.2499,215.3942,602608
2025-06-04 15:15:00,215.3942,216.2601,214.7139,215.7447,545650
2025-06-05 09:15:00,217.2084,218.5278,216.2086,217.0641,1137842
2025-06-05 10:15:00,217.0847,224.4549,217.0641,219.6102,2743010
2025-06-05 11:15:00,219.5586,219.7648,218.1155,218.3011,478498
2025-06-05 12:15:00,218.2805,221.4141,218.2083,219.8679,599852
2025-06-05 13:15:00,219.9297,222.9602,219.3215,221.0533,1007101
2025-06-05 14:15:00,221.1151,221.4656,219.3525,220.5894,643882
2025-06-05 15:15:00,220.5894,220.5894,219.6617,220.5894,490519
2025-06-06 09:15:00,221.7233,225.4754,219.8266,221.0739,2457930
2025-06-06 10:15:00,221.0636,221.311,218.5278,219.0432,579109
2025-06-06 11:15:00,219.136,220.5379,219.0432,219.9194,282223
2025-06-06 12:15:00,219.806,220.3111,219.5586,219.7339,179445
2025-06-06 13:15:00,219.8266,221.0533,219.5586,220.476,206566
2025-06-06 14:15:00,220.5894,221.6202,219.6205,220.3317,657310
2025-06-06 15:15:00,220.4142,220.8471,219.5586,219.8163,412919
2025-06-09 09:15:00,221.2079,221.8161,217.095,218.7237,1061685
2025-06-09 10:15:00,218.7546,219.8679,218.5278,218.6618,297435
2025-06-09 11:15:00,218.6412,222.651,218.5381,220.2699,696173
2025-06-09 12:15:00,220.2596,222.2387,219.6102,219.9813,282947
2025-06-09 13:15:00,219.9813,221.0945,219.8473,220.5997,195190
2025-06-09 14:15:00,220.5894,221.311,220.1771,220.2802,357621
2025-06-09 15:15:00,220.2493,221.5171,220.2493,220.3833,282961
2025-06-10 09:15:00,221.6614,224.9703,220.61,221.847,1346911
2025-06-10 10:15:00,221.847,222.9602,220.8987,221.2594,320665
2025-06-10 11:15:00,221.1357,221.3522,220.3111,220.4657,216902
2025-06-10 12:15:00,220.4863,220.6822,219.7854,220.2286,109622
2025-06-10 13:15:00,220.239,222.5789,220.0225,222.0016,269792
2025-06-10 14:15:00,221.981,222.5479,221.1048,221.3625,424748
2025-06-10 15:15:00,221.5068,223.1664,221.1048,222.7438,331817
2025-06-11 09:15:00,222.7541,223.2592,220.9605,221.4656,567995
2025-06-11 10:15:00,221.3316,221.4759,220.074,220.2802,238613
2025-06-11 11:15:00,220.3833,221.2801,220.2802,220.5894,115896
2025-06-11 12:15:00,220.5894,220.8162,220.1565,220.3833,103957
2025-06-11 13:15:00,220.373,220.3833,212.8585,215.487,1032331
2025-06-11 14:15:00,215.4973,217.497,214.9716,216.9817,396390
2025-06-11 15:15:00,216.8992,217.8063,216.7755,217.6104,200743
2025-06-12 09:15:00,218.4248,222.0325,216.2086,219.5586,1320920
2025-06-12 10:15:00,219.5586,220.0534,217.497,218.0537,333660
2025-06-12 11:15:00,218.0537,218.0537,215.487,216.1055,309930
2025-06-12 12:15:00,216.1261,217.9815,215.5489,216.0539,200822
2025-06-12 13:15:00,216.0539,216.3426,211.4154,211.5597,415767
2025-06-12 14:15:00,211.4566,213.3223,211.4154,212.2503,411418
2025-06-12 15:15:00,212.3534,213.1162,211.9102,212.8585,198752
2025-06-13 09:15:00,205.4574,224.9291,204.9317,223.1355,6548833
2025-06-13 10:15:00,223.0118,237.5975,222.249,234.6803,16135609
2025-06-13 11:15:00,234.6597,243.1638,233.5877,242.6484,17032079
2025-06-13 12:15:00,242.6484,243.7822,236.3915,237.7006,17566164
2025-06-13 13:15:00,237.7418,240.5765,234.299,234.804,14437239
2025-06-13 14:15:00,234.804,236.7729,231.588,232.2168,9826559
2025-06-13 15:15:00,232.1961,238.6283,231.7529,236.0513,4759600
2025-06-16 09:15:00,240.9373,250.2247,237.2882,241.1125,20297717
2025-06-16 10:15:00,241.2671,242.236,238.6283,239.4426,3654770
2025-06-16 11:15:00,239.4323,240.4219,238.6283,239.2468,1830456
2025-06-16 12:15:00,239.3292,241.0609,238.752,240.7929,1536865
2025-06-16 13:15:00,240.7929,241.0506,239.7312,240.5043,1199398
2025-06-16 14:15:00,240.4631,244.813,237.3501,242.5968,6208070
2025-06-16 15:15:00,242.7102,242.7618,240.9991,241.3083,2141272
2025-06-17 09:15:00,242.9576,243.1638,227.6607,229.4233,9724419
2025-06-17 10:15:00,229.4233,229.6089,228.3204,228.475,1580433
2025-06-17 11:15:00,228.475,228.609,226.8257,226.9803,2015982
2025-06-17 12:15:00,226.8876,227.3411,225.2795,225.9495,1737648
2025-06-17 13:15:00,225.8568,226.6711,224.9703,225.7846,1175297
2025-06-17 14:15:00,225.7434,225.898,222.8262,223.4241,2802549
2025-06-17 15:15:00,223.321,223.4241,220.1359,222.2284,2357988
2025-06-18 09:15:00,223.3726,232.4951,219.4762,230.6603,12181336
2025-06-18 10:15:00,230.6912,231.0004,227.4545,229.2893,4099897
2025-06-18 11:15:00,229.2996,231.2375,228.5987,230.1449,2285017
2025-06-18 12:15:00,230.1449,230.1758,226.1866,227.5885,2020793
2025-06-18 13:15:00,227.4957,228.9595,227.0319,227.4957,977016
2025-06-18 14:15:00,227.4751,230.7427,226.7742,228.6914,2672077
2025-06-18 15:15:00,228.6914,229.3512,227.5576,227.6916,942081
2025-06-19 09:15:00,227.5885,230.8458,224.826,226.2072,4056218
2025-06-19 10:15:00,226.1351,226.3103,223.3932,224.4858,1092761
2025-06-19 11:15:00,224.5064,224.6095,222.651,223.4756,482400
2025-06-19 12:15:00,223.5272,223.6509,220.3936,221.012,851194
2025-06-19 13:15:00,220.9708,221.847,219.5689,221.5481,876278
2025-06-19 14:15:00,221.6099,222.8572,220.3317,221.5378,910943
2025-06-19 15:15:00,221.4759,224.156,220.5894,220.7853,625239
2025-06-20 09:15:00,221.981,224.5064,218.734,222.3315,2852729
2025-06-20 10:15:00,222.383,225.0115,222.0119,223.7333,865356
2025-06-20 11:15:00,223.7333,227.3926,222.9809,225.1249,1125419
2025-06-20 12:15:00,225.1249,226.9803,224.0117,226.0526,897163
2025-06-20 13:15:00,226.0526,226.4649,225.4032,225.8568,389180
2025-06-20 14:15:00,225.8568,227.3411,225.3311,225.9805,831689
2025-06-20 15:15:00,225.9908,226.8773,225.7846,226.2072,453083
2025-06-23 09:15:00,225.5372,237.6078,223.6818,234.6494,13568756
2025-06-23 10:15:00,234.7113,235.7421,231.0004,232.5466,3636279
2025-06-23 11:15:00,232.5466,235.6287,232.4435,234.5051,2047881
2025-06-23 12:15:00,234.5567,235.1236,234.0309,234.5051,678573
2025-06-23 13:15:00,234.4948,235.2164,233.8145,234.4123,677192
2025-06-23 14:15:00,234.4433,235.7936,233.3712,234.8143,1615773
2025-06-23 15:15:00,234.8143,235.0205,233.2682,233.6805,962475
2025-06-24 09:15:00,235.0308,235.4534,227.805,228.877,2666815
2025-06-24 10:15:00,228.9388,230.1552,228.4234,228.7018,467887
2025-06-24 11:15:00,228.6914,229.949,228.3513,229.4439,298008
2025-06-24 12:15:00,229.4439,230.3304,228.6399,228.8358,256886
2025-06-24 13:15:00,228.9388,229.0419,226.9803,227.9802,670406
2025-06-24 14:15:00,227.9596,229.7016,227.7534,228.3719,629740
2025-06-24 15:15:00,228.5162,229.3099,227.805,228.3101,407519
2025-06-25 09:15:00,228.8461,233.7836,228.609,230.8355,1586418
2025-06-25 10:15:00,230.7943,231.8766,230.2892,230.4438,304175
2025-06-25 11:15:00,230.3819,230.9901,229.8459,230.1242,236449
2025-06-25 12:15:00,230.1036,231.3097,229.9902,230.6809,188364
2025-06-25 13:15:00,230.6809,230.887,230.0109,230.3819,247026
2025-06-25 14:15:00,230.3819,231.5055,229.145,230.65,478187
2025-06-25 15:15:00,230.5881,231.2581,230.3819,230.5881,304338
2025-06-26 09:15:00,231.6189,232.4435,228.5265,228.743,861448
2025-06-26 10:15:00,228.743,230.0727,228.3101,228.609,267290
2025-06-26 11:15:00,228.5265,229.1862,227.5988,228.743,220407
2025-06-26 12:15:00,228.7739,229.5985,228.3719,228.8976,173329
2025-06-26 13:15:00,228.7842,229.2584,228.2688,228.8873,101281
2025-06-26 14:15:00,228.9491,230.8973,228.3616,229.2687,556251
2025-06-26 15:15:00,229.2687,229.3512,228.5781,229.1965,234144
2025-06-27 09:15:00,230.2273,235.3297,229.0007,233.4846,2488165
2025-06-27 10:15:00,233.6392,234.9174,232.6703,233.6805,691885
2025-06-27 11:15:00,233.7836,235.9482,233.4743,234.6082,810679
2025-06-27 12:15:00,234.6082,235.0205,233.1754,233.732,365684
2025-06-27 13:15:00,233.7526,234.299,233.3506,233.8763,276102
2025-06-27 14:15:00,233.8763,235.3401,233.5774,233.6186,801665
2025-06-27 15:15:00,233.6392,234.6391,233.5259,233.8145,440698
2025-06-30 09:15:00,235.1236,235.2988,230.9489,231.3097,757632
2025-06-30 10:15:00,231.2272,231.8251,230.6912,231.2272,277208
2025-06-30 11:15:00,231.2066,233.1651,231.1035,232.1446,224886
2025-06-30 12:15:00,232.1858,232.6703,231.0004,231.1653,163375
2025-06-30 13:15:00,231.1653,231.454,230.1449,231.1138,172406
2025-06-30 14:15:00,231.1241,232.124,230.6396,230.8973,255403
2025-06-30 15:15:00,230.8561,231.1035,230.0727,230.2789,255350
2025-07-01 09:15:00,232.0312,234.0825,230.5881,231.9281,1124664
2025-07-01 10:15:00,232.0518,233.6805,231.8251,232.4435,376204
2025-07-01 11:15:00,232.3508,233.3609,232.1961,232.5569,288527
2025-07-01 12:15:00,232.6909,233.0208,231.722,232.2992,168475
2025-07-01 13:15:00,232.1858,233.2063,231.6704,232.3817,233471
2025-07-01 14:15:00,232.3817,232.6497,231.5055,231.7323,308822
2025-07-01 15:15:00,231.722,232.4435,231.2581,231.722,240027
2025-07-02 09:15:00,232.9589,234.4123,230.1139,230.5881,719893
2025-07-02 10:15:00,230.4953,231.6086,230.2789,231.2993,172835
2025-07-02 11:15:00,231.1344,232.4641,230.9386,231.8663,183519
2025-07-02 12:15:00,231.7632,231.9281,230.9076,231.0004,64390
2025-07-02 13:15:00,231.021,231.021,229.145,230.8149,180307
2025-07-02 14:15:00,230.753,231.722,230.3923,231.3509,235229
2025-07-02 15:15:00,231.3509,231.4127,230.3819,230.7736,170918
2025-07-03 09:15:00,231.0829,231.2272,228.7121,230.5159,619687
2025-07-03 10:15:00,230.5159,230.7427,229.3512,229.4542,121856
2025-07-03 11:15:00,229.4542,229.8665,229.2068,229.3718,87832
2025-07-03 12:15:00,229.3615,229.5573,228.8564,228.9904,96689
2025-07-03 13:15:00,229.0935,229.2996,228.7327,228.8254,127681
2025-07-03 14:15:00,228.8254,229.681,228.073,228.8564,248959
2025-07-03 15:15:00,228.9388,229.2481,228.3719,228.5265,124452
2025-07-04 09:15:00,229.3408,231.5674,229.1347,230.0933,688980
2025-07-04 10:15:00,230.0933,230.1552,228.3719,229.0728,267630
2025-07-04 11:15:00,229.0419,229.1244,227.5163,228.042,279691
2025-07-04 12:15:00,228.042,228.042,226.8876,227.6607,165131
2025-07-04 13:15:00,227.4751,228.1142,226.8773,227.4442,145874
2025-07-04 14:15:00,227.5267,228.7739,227.2896,227.908,283563
2025-07-04 15:15:00,227.9596,228.8358,227.8565,227.8565,159090
2025-07-07 09:15:00,229.3512,238.886,229.145,236.6801,7701033
2025-07-07 10:15:00,236.6389,237.5356,235.4844,236.1853,1112667
2025-07-07 11:15:00,236.1956,236.3399,235.0205,235.2164,566041
2025-07-07 12:15:00,235.1236,235.3607,234.299,234.7113,449408
2025-07-07 13:15:00,234.7113,235.3916,234.5051,234.7113,204486
2025-07-07 14:15:00,234.6185,236.5667,232.8868,235.639,1380520
2025-07-07 15:15:00,235.7318,235.7318,234.6391,234.7113,599884
2025-07-08 09:15:00,236.2575,236.6595,231.9384,232.1446,1015902
2025-07-08 10:15:00,232.2374,233.1651,231.3097,231.3612,353438
2025-07-08 11:15:00,231.3612,231.9281,230.4335,231.7941,261949
2025-07-08 12:15:00,231.7941,231.9281,230.9386,231.4643,247953
2025-07-08 13:15:00,231.4643,232.3404,231.2993,231.6601,152500
2025-07-08 14:15:00,231.6911,233.3506,230.6396,233.1651,541281
2025-07-08 15:15:00,233.2166,233.4743,232.2889,232.6497,224876
2025-07-09 09:15:00,233.2785,235.773,231.2066,233.7629,975437
2025-07-09 10:15:00,233.9073,234.4742,232.8352,233.062,180444
2025-07-09 11:15:00,233.1032,233.732,232.9589,233.1754,111417
2025-07-09 12:15:00,233.1754,233.9382,232.4745,232.5054,129307
2025-07-09 13:15:00,232.6909,232.9074,232.1858,232.4435,71786
2025-07-09 14:15:00,232.4435,232.4951,230.5778,231.7941,354363
2025-07-09 15:15:00,231.8147,232.4951,231.2684,231.9281,174318
2025-07-10 09:15:00,232.2683,234.2371,230.8458,231.4643,547657
2025-07-10 10:15:00,231.557,231.6704,229.9799,230.619,137018
2025-07-10 11:15:00,230.619,230.7943,228.8358,229.0935,202377
2025-07-10 12:15:00,229.0935,229.7016,228.7842,229.0935,136547
2025-07-10 13:15:00,229.0935,229.8047,228.5781,229.3408,153782
2025-07-10 14:15:00,229.3305,231.155,229.2481,230.4644,278075
2025-07-10 15:15:00,230.4026,230.8973,229.8975,230.6912,166845
2025-07-11 09:15:00,230.5778,231.3715,228.4131,228.6296,510385
2025-07-11 10:15:00,228.7327,229.0935,227.4957,228.8254,276841
2025-07-11 11:15:00,228.743,228.9182,227.805,228.3719,67998
2025-07-11 12:15:00,228.2791,229.2481,228.2379,228.4544,71927
2025-07-11 13:15:00,228.5574,228.9904,228.0627,228.4544,51899
2025-07-11 14:15:00,228.4544,229.0935,228.0627,228.8048,169051
2025-07-11 15:15:00,228.9079,228.9079,227.805,228.0627,120169
2025-07-14 09:15:00,228.2173,228.4853,222.1047,225.4857,766137
2025-07-14 10:15:00,225.4135,225.5888,224.393,224.4343,145826
2025-07-14 11:15:00,224.4343,224.7435,223.2695,223.9292,158651
2025-07-14 12:15:00,223.9189,224.5374,223.4344,224.0426,108957
2025-07-14 13:15:00,224.0426,224.8775,223.7849,224.1766,79281
2025-07-14 14:15:00,224.1869,224.6095,223.7127,224.022,145577
2025-07-14 15:15:00,223.9189,224.022,223.1664,223.7333,178262
2025-07-15 09:15:00,224.7229,228.2585,224.0941,226.7742,566921
2025-07-15 10:15:00,226.7123,227.1865,225.8465,226.6711,98479
2025-07-15 11:15:00,226.568,226.8876,225.9908,226.0732,70350
2025-07-15 12:15:00,226.1866,226.2588,225.4857,226.1557,46484
2025-07-15 13:15:00,226.0526,226.2279,225.6197,225.898,35412
2025-07-15 14:15:00,225.7743,226.2588,225.7434,226.1042,95274
2025-07-15 15:15:00,226.1042,226.6711,225.764,226.6711,71550
2025-07-16 09:15:00,226.568,228.7327,225.7434,226.0732,329740
2025-07-16 10:15:00,226.1969,227.6607,225.8362,226.1557,155587
2025-07-16 11:15:00,226.1557,226.2485,225.362,226.0526,72378
2025-07-16 12:15:00,226.0526,227.3926,225.9598,226.8773,89740
2025-07-16 13:15:00,227.0009,230.9695,226.7742,229.8459,553489
2025-07-16 14:15:00,229.7325,230.1758,229.0419,229.4542,174536
2025-07-16 15:15:00,229.5058,229.8665,228.8358,229.3512,137559
2025-07-17 09:15:00,230.1758,233.1857,229.1553,229.6089,533085
2025-07-17 10:15:00,229.6089,230.2273,228.8873,229.7119,155814
2025-07-17 11:15:00,229.7119,230.0624,228.4234,228.475,93097
2025-07-17 12:15:00,228.475,229.0728,228.0214,228.5987,67074
2025-07-17 13:15:00,228.4647,228.8151,228.341,228.7327,37646
2025-07-17 14:15:00,228.5781,229.0419,227.805,228.9801,194654
2025-07-17 15:15:00,228.9904,229.0419,227.2896,227.805,117706
2025-07-18 09:15:00,228.2173,229.6089,226.7845,226.8051,280108
2025-07-18 10:15:00,226.7948,226.7948,225.228,226.2588,170846
2025-07-18 11:15:00,226.2485,226.6505,225.9495,226.0526,53917
2025-07-18 12:15:00,226.0526,226.2588,225.5372,225.7434,70604
2025-07-18 13:15:00,225.7434,226.1557,225.5681,225.7228,48902
2025-07-18 14:15:00,225.7022,226.4546,225.5372,225.8155,136872
2025-07-18 15:15:00,225.764,226.3619,225.4341,226.1557,106460
2025-07-21 09:15:00,225.8774,226.4649,223.6818,225.0734,288570
2025-07-21 10:15:00,225.0734,227.1865,224.9497,225.6712,149422
2025-07-21 11:15:00,225.6712,225.8465,225.094,225.2383,51931
2025-07-21 12:15:00,225.2898,226.2588,225.228,225.5372,52141
2025-07-21 13:15:00,225.5372,225.7434,224.7126,225.3723,51587
2025-07-21 14:15:00,225.2589,225.9392,224.6611,225.1868,147488
2025-07-21 15:15:00,225.2177,225.228,224.4755,225.1249,91358
2025-07-22 09:15:00,226.0526,227.7843,225.1352,225.6918,283500
2025-07-22 10:15:00,225.6815,226.1557,224.3106,224.4652,87490
2025-07-22 11:15:00,224.5992,225.0734,224.4034,224.6817,51601
2025-07-22 12:15:00,224.6817,224.8878,223.6921,224.125,72890
2025-07-22 13:15:00,224.125,224.1972,223.4756,223.6096,67848
2025-07-22 14:15:00,223.4963,224.6404,222.7541,223.4859,155323
2025-07-22 15:15:00,223.4756,224.0941,222.651,223.6818,86868
2025-07-23 09:15:00,224.1972,227.2896,223.1664,227.2896,417060
2025-07-23 10:15:00,227.2483,231.155,226.2588,229.6501,1467937
2025-07-23 11:15:00,229.6604,231.3612,228.9491,230.8664,584782
2025-07-23 12:15:00,230.7633,232.1343,230.4026,230.485,714481
2025-07-23 13:15:00,230.5366,231.5158,230.485,231.4952,235513
2025-07-23 14:15:00,231.5158,231.8251,230.8973,231.8251,485258
2025-07-23 15:15:00,231.7323,231.9281,231.155,231.155,355675
2025-07-24 09:15:00,232.258,233.5156,229.6501,230.3923,592691
2025-07-24 10:15:00,230.4232,231.4127,229.6604,229.9593,137895
2025-07-24 11:15:00,229.9593,230.1139,229.0316,229.5058,128397
2025-07-24 12:15:00,229.681,229.8665,229.2584,229.4439,66760
2025-07-24 13:15:00,229.547,229.8047,229.0419,229.2893,74037
2025-07-24 14:15:00,229.145,230.8973,228.8461,229.8872,225409
2025-07-24 15:15:00,229.949,230.0418,228.8564,229.4336,113966
2025-07-25 09:15:00,229.5882,229.5882,226.8051,227.4442,265161
2025-07-25 10:15:00,227.3926,227.3926,225.4651,226.2072,193946
2025-07-25 11:15:00,226.0835,226.6711,225.3723,225.7125,75345
2025-07-25 12:15:00,225.7125,226.0011,225.0218,225.5785,64361
2025-07-25 13:15:00,225.5785,225.9289,224.4137,224.4137,86155
2025-07-25 14:15:00,224.4549,227.1865,223.6921,225.7434,245231
2025-07-25 15:15:00,225.7949,226.0526,225.1352,225.362,104612
2025-07-28 09:15:00,225.7331,226.5577,223.2386,225.1249,317072
2025-07-28 10:15:00,225.0115,225.6403,223.6612,223.9292,115989
2025-07-28 11:15:00,223.9395,224.156,223.2179,223.2386,87673
2025-07-28 12:15:00,223.3623,223.3726,220.878,221.9707,182188
2025-07-28 13:15:00,221.9707,222.0635,219.7236,220.3833,176955
2025-07-28 14:15:00,220.3833,221.6202,219.8679,220.3936,207687
2025-07-28 15:15:00,220.476,220.909,219.8679,220.7853,110098
2025-07-29 09:15:00,219.5586,222.6716,217.8475,220.1771,276323
2025-07-29 10:15:00,220.2183,220.3008,218.0743,218.2701,126300
2025-07-29 11:15:00,218.3835,219.4246,218.3835,219.0845,69276
2025-07-29 12:15:00,219.2185,219.9194,218.8989,219.7545,54114
2025-07-29 13:15:00,219.8885,221.0739,219.672,220.8059,70649
2025-07-29 14:15:00,220.6925,222.3418,220.6925,222.1872,189829
2025-07-29 15:15:00,222.2284,222.5892,221.6202,221.6202,100054
2025-07-30 09:15:00,222.8984,224.7538,221.7542,222.4139,232875
2025-07-30 10:15:00,222.4964,222.7438,221.9295,222.6613,56357
2025-07-30 11:15:00,222.5479,223.3726,222.1768,222.3418,65549
2025-07-30 12:15:00,222.3624,222.6098,221.9295,222.2387,39916
2025-07-30 13:15:00,222.249,222.8572,221.7336,222.8572,40377
2025-07-30 14:15:00,222.651,222.8572,221.6202,222.2078,115837
2025-07-30 15:15:00,222.3418,222.383,221.6202,221.8779,85596
2025-07-31 09:15:00,217.9403,223.8261,216.5487,221.5584,495680
2025-07-31 10:15:00,221.4141,223.8261,220.9914,222.651,182436
2025-07-31 11:15:00,222.5376,223.1664,222.1459,222.517,50525
2025-07-31 12:15:00,222.7025,223.3726,222.5479,222.8675,48761
2025-07-31 13:15:00,222.9499,223.2695,222.4655,222.7129,69865
2025-07-31 14:15:00,222.7129,222.8675,221.7748,222.7335,123563
2025-07-31 15:15:00,222.7335,223.1561,222.249,223.0118,89300
2025-08-01 09:15:00,224.1972,224.1972,220.1153,220.744,177516
2025-08-01 10:15:00,220.6513,221.5171,220.2802,220.5997,62470
2025-08-01 11:15:00,220.5585,220.7956,219.672,220.074,48599
2025-08-01 12:15:00,220.1256,220.1462,218.9402,219.8885,58749
2025-08-01 13:15:00,219.8679,220.2802,218.7031,218.9402,61722
2025-08-01 14:15:00,218.9402,219.136,217.2394,217.8578,182067
2025-08-01 15:15:00,217.8063,217.8578,215.6932,216.0539,116734
2025-08-04 09:15:00,216.4663,218.7752,215.4355,217.3527,255841
2025-08-04 10:15:00,217.3321,217.662,215.7447,216.3323,80133
2025-08-04 11:15:00,216.3323,216.6209,215.9715,216.2601,48233
2025-08-04 12:15:00,216.2601,217.497,216.2601,217.4558,71590
2025-08-04 13:15:00,217.4558,218.6515,217.0847,218.3629,77582
2025-08-04 14:15:00,218.3629,218.7649,217.5486,217.6826,132864
2025-08-04 15:15:00,217.6104,219.3525,217.6001,218.7855,116773
2025-08-05 09:15:00,218.5278,222.3108,218.5278,220.775,352949
2025-08-05 10:15:00,220.5585,220.5585,217.2909,217.5795,196402
2025-08-05 11:15:00,217.6001,218.6103,217.2909,217.7032,68852
2025-08-05 12:15:00,217.7032,217.8269,216.9095,217.4867,56442
2025-08-05 13:15:00,217.4867,217.662,215.9612,216.3323,82089
2025-08-05 14:15:00,216.3013,217.4455,216.0024,216.8167,100359
2025-08-05 15:15:00,216.827,216.827,215.9509,216.2601,80718
2025-08-06 09:15:00,217.497,218.2805,212.6523,213.1471,338408
2025-08-06 10:15:00,213.1368,214.1057,211.57,212.0957,194803
2025-08-06 11:15:00,212.1575,212.3328,210.7866,212.1472,126864
2025-08-06 12:15:00,212.1369,212.6523,211.6422,212.2606,65494
2025-08-06 13:15:00,212.2606,212.5699,211.6009,211.6525,45205
2025-08-06 14:15:00,211.7246,218.7649,210.9309,215.8375,922636
2025-08-06 15:15:00,215.8272,215.8478,214.5593,214.5696,79285
2025-08-07 09:15:00,213.879,214.0954,211.1268,211.4463,346628
2025-08-07 10:15:00,211.4463,213.4254,211.3226,211.8792,134235
2025-08-07 11:15:00,211.8792,212.2091,210.5907,211.2608,92431
2025-08-07 12:15:00,211.2092,211.7349,209.8177,210.0135,86366
2025-08-07 13:15:00,210.0238,211.5185,208.457,211.3535,170809
2025-08-07 14:15:00,211.3535,214.3634,210.8381,213.5491,298052
2025-08-07 15:15:00,213.5491,213.9924,212.4462,213.58,95916
2025-08-08 09:15:00,213.58,214.0851,210.2918,210.7041,252538
2025-08-08 10:15:00,210.6732,211.6009,210.333,211.0546,53871
2025-08-08 11:15:00,211.0649,211.4051,210.4155,210.6938,50581
2025-08-08 12:15:00,210.6938,211.302,210.333,210.632,42728
2025-08-08 13:15:00,210.6011,211.2092,210.1269,210.4052,55154
2025-08-08 14:15:00,210.4774,211.3123,209.5909,209.9723,107139
2025-08-08 15:15:00,209.9723,210.0341,204.9008,205.5399,231150
2025-08-11 09:15:00,210.2815,212.3225,205.4162,206.5191,860821
2025-08-11 10:15:00,206.5191,210.4774,206.3645,208.1272,350626
2025-08-11 11:15:00,207.921,208.1684,205.1482,206.4882,139033
2025-08-11 12:15:00,206.4882,207.251,205.1275,206.9108,113769
2025-08-11 13:15:00,206.8902,211.5185,206.7047,210.4877,539431
2025-08-11 14:15:00,210.467,210.6526,208.4467,208.5189,251208
2025-08-11 15:15:00,208.6529,209.0446,207.1582,208.2199,172991
2025-08-12 09:15:00,209.962,215.1262,209.2713,214.3531,816927
2025-08-12 10:15:00,214.3016,220.3111,210.9103,212.1266,1872456
2025-08-12 11:15:00,212.1266,215.9715,211.838,215.1262,446046
2025-08-12 12:15:00,215.0335,215.1262,213.446,214.2397,258335
2025-08-12 13:15:00,214.2397,215.4355,213.477,214.0645,126971
2025-08-12 14:15:00,213.9305,214.4356,212.8069,213.2708,223356
2025-08-12 15:15:00,213.178,213.3739,210.2815,210.6938,338295
2025-08-13 09:15:00,212.7451,215.1984,210.498,214.8067,649069
2025-08-13 10:15:00,214.6314,216.5281,213.879,214.7345,434868
2025-08-13 11:15:00,214.7655,214.9201,213.4048,213.9717,71841
2025-08-13 12:15:00,214.0439,214.5078,213.477,213.9099,38283
2025-08-13 13:15:00,213.982,215.1881,213.7965,214.1367,73883
2025-08-13 14:15:00,214.1676,214.8067,213.6831,213.7965,130223
2025-08-13 15:15:00,213.7965,215.889,212.9616,215.4355,238578
2025-08-14 09:15:00,214.4047,215.4664,212.2297,212.4771,214770
2025-08-14 10:15:00,212.4771,212.8069,212.1369,212.3843,50180
2025-08-14 11:15:00,212.3843,212.5596,211.7246,212.24,33768
2025-08-14 12:15:00,212.0545,212.6523,211.7143,211.7246,35626
2025-08-14 13:15:00,211.8277,212.5492,211.5185,212.24,35905
2025-08-14 14:15:00,212.24,216.3116,211.704,216.3116,179838
2025-08-14 15:15:00,216.3116,216.4663,212.0545,212.0545,229897
2025-08-18 09:15:00,215.4355,216.2601,212.6936,214.7448,284808
2025-08-18 10:15:00,214.7448,215.2293,214.013,215.0231,89584
2025-08-18 11:15:00,214.9922,214.9922,212.8585,212.8585,76980
2025-08-18 12:15:00,213.0028,213.6831,212.8585,213.3739,36730
2025-08-18 13:15:00,213.2708,216.8064,213.0028,214.9716,216112
2025-08-18 14:15:00,214.9201,221.9295,214.7345,218.4041,2012219
2025-08-18 15:15:00,218.5175,219.5071,218.1155,219.2494,194277
2025-08-19 09:15:00,219.5586,221.6202,218.0124,219.806,419011
2025-08-19 10:15:00,219.8679,220.4554,219.3112,219.6308,160791
2025-08-19 11:15:00,219.672,221.1048,219.5586,219.9916,125818
2025-08-19 12:15:00,219.9916,220.8884,219.6102,220.3214,82529
2025-08-19 13:15:00,220.1771,220.3523,219.6617,219.9194,59201
2025-08-19 14:15:00,219.9194,221.0224,219.672,220.4039,190189
2025-08-19 15:15:00,220.4039,220.7956,219.5586,219.806,137656
2025-08-20 09:15:00,221.4244,222.0841,219.1979,220.3626,241757
2025-08-20 10:15:00,220.476,221.0533,220.373,221.0533,59954
2025-08-20 11:15:00,221.0327,221.0945,220.4863,220.8987,39637
2025-08-20 12:15:00,220.9399,221.0533,220.6203,220.7647,31649
2025-08-20 13:15:00,220.7956,220.7956,219.5792,220.2286,38160
2025-08-20 14:15:00,220.342,221.1048,219.8988,220.878,119988
2025-08-20 15:15:00,220.7337,220.878,219.9091,220.5379,63593
2025-08-21 09:15:00,221.6202,225.7434,219.4452,223.0118,881067
2025-08-21 10:15:00,223.0118,223.7333,221.8676,222.6716,206606
2025-08-21 11:15:00,222.6819,224.424,222.4448,223.1664,162616
2025-08-21 12:15:00,223.1561,223.5272,222.4139,222.8572,88466
2025-08-21 13:15:00,222.9602,223.1767,221.8676,222.7541,73268
2025-08-21 14:15:00,222.7335,223.4756,221.9501,223.4653,193140
2025-08-21 15:15:00,223.4653,223.888,222.6716,223.0633,151160
2025-08-22 09:15:00,223.1664,224.3621,220.9399,223.3726,304976
2025-08-22 10:15:00,223.2798,225.2177,223.0324,223.3623,290211
2025-08-22 11:15:00,223.3623,226.1042,223.2695,223.888,347380
2025-08-22 12:15:00,223.9292,225.7434,223.8983,224.8157,154726
2025-08-22 13:15:00,224.9497,225.2177,224.2075,224.3003,95417
2025-08-22 14:15:00,224.2281,224.393,222.3521,222.9396,383715
2025-08-22 15:15:00,222.919,223.1664,222.4655,222.9602,84219
2025-08-25 09:15:00,224.9703,225.4238,221.6305,222.0841,282892
2025-08-25 10:15:00,222.0841,222.3212,221.6202,221.9191,71210
2025-08-25 11:15:00,221.847,222.0738,221.2697,221.6202,42362
2025-08-25 12:15:00,221.6202,221.8264,221.2697,221.3625,52105
2025-08-25 13:15:00,221.3625,222.2696,221.1357,221.3625,74659
2025-08-25 14:15:00,221.3625,223.1664,220.6616,221.1667,157181
2025-08-25 15:15:00,221.0224,221.1667,220.5894,220.744,83725
2025-08-26 09:15:00,221.0017,221.2285,216.9301,218.6928,310459
2025-08-26 10:15:00,218.6825,218.8371,218.3732,218.5278,77935
2025-08-26 11:15:00,218.5278,218.9298,218.3732,218.5278,31108
2025-08-26 12:15:00,218.5278,218.9402,218.2598,218.8886,38204
2025-08-26 13:15:00,218.8886,218.9402,218.3217,218.4557,43442
2025-08-26 14:15:00,218.4969,218.4969,217.0847,217.1157,204420
2025-08-26 15:15:00,217.1363,217.2394,216.6827,216.6827,91193
2025-08-28 09:15:00,216.6827,220.1153,215.1778,219.5483,434600
2025-08-28 10:15:00,219.5277,223.1664,219.4556,221.9088,426180
2025-08-28 11:15:00,221.9088,222.5995,220.8987,221.1151,257794
2025-08-28 12:15:00,221.1048,221.2594,219.6102,219.9709,119169
2025-08-28 13:15:00,219.8782,220.5894,219.7957,220.1771,96715
2025-08-28 14:15:00,220.074,220.9193,219.2494,220.1153,227380
2025-08-28 15:15:00,220.0946,220.8987,219.6102,220.5894,143210
2025-08-29 09:15:00,220.105,221.4553,218.7855,219.1979,300335
2025-08-29 10:15:00,219.1669,221.2079,218.8577,220.3833,220372
2025-08-29 11:15:00,220.507,222.1459,220.3833,221.2904,185185
2025-08-29 12:15:00,221.2904,221.5171,220.1771,220.3833,97718
2025-08-29 13:15:00,220.3626,221.0017,219.8885,220.3008,60250
2025-08-29 14:15:00,220.342,220.342,218.9402,219.0432,158118
2025-08-29 15:15:00,219.0742,219.0742,216.5693,217.6723,155841
2025-09-01 09:15:00,219.5586,223.4138,218.8268,221.4141,443420
2025-09-01 10:15:00,221.4141,221.847,220.8987,221.3316,185538
2025-09-01 11:15:00,221.3213,222.1356,221.1048,221.8985,110822
2025-09-01 12:15:00,221.8985,223.723,221.7027,223.321,216070
2025-09-01 13:15:00,223.187,224.0632,223.0427,223.6509,147822
2025-09-01 14:15:00,223.6509,225.2486,223.2695,224.1457,600667
2025-09-01 15:15:00,224.1869,224.7126,223.991,224.2075,157244
2025-09-02 09:15:00,225.7434,226.5165,224.4549,225.5372,458197
2025-09-02 10:15:00,225.3414,227.269,225.2898,226.8154,343824
2025-09-02 11:15:00,226.8154,228.4853,225.9495,227.7019,262257
2025-09-02 12:15:00,227.805,228.341,227.0937,227.4751,210887
2025-09-02 13:15:00,227.4957,227.4957,225.7846,226.1454,266133
2025-09-02 14:15:00,226.1454,227.0216,225.8465,226.4856,177275
2025-09-02 15:15:00,226.4856,227.7534,226.3619,227.5988,215997
2025-09-03 09:15:00,228.2173,229.7635,225.8671,228.2688,728573
2025-09-03 10:15:00,228.2688,228.2997,226.9288,228.0627,224808
2025-09-03 11:15:00,228.0524,228.0627,227.2896,227.7225,165637
2025-09-03 12:15:00,227.7534,228.3925,227.506,227.8977,208943
2025-09-03 13:15:00,227.8153,227.9287,227.3205,227.3926,126494
2025-09-03 14:15:00,227.4854,228.6193,227.269,228.3719,436254
2025-09-03 15:15:00,228.3513,229.815,228.3204,229.7635,453254
2025-09-04 09:15:00,219.7,219.7,214.2,214.64,863084
2025-09-04 10:15:00,214.73,215.13,214.21,214.7,166943
2025-09-04 11:15:00,214.59,214.95,214.33,214.46,324559
2025-09-04 12:15:00,214.59,215.47,214.3,214.5,145073
2025-09-04 13:15:00,214.5,214.7,214.29,214.45,88682
2025-09-04 14:15:00,214.45,214.8,214.2,214.39,274795
2025-09-04 15:15:00,214.4,214.5,207.0,211.3,643176
2025-09-05 09:15:00,210.1,211.16,207.77,209.4,453783
2025-09-05 10:15:00,209.34,210.22,209.12,209.6,88898
2025-09-05 11:15:00,209.6,209.6,207.94,208.33,159364
2025-09-05 12:15:00,208.46,208.84,208.0,208.75,65134
2025-09-05 13:15:00,208.83,209.85,208.75,209.49,61052
2025-09-05 14:15:00,209.5,209.64,208.55,208.66,118185
2025-09-05 15:15:00,208.65,209.7,208.5,209.65,90172
2025-09-08 09:15:00,210.0,211.1,207.94,209.33,311781
2025-09-08 10:15:00,209.34,210.04,208.35,208.96,115811
2025-09-08 11:15:00,208.97,209.3,208.5,208.89,72588
2025-09-08 12:15:00,208.89,209.47,208.54,209.39,50395
2025-09-08 13:15:00,209.39,209.39,208.4,208.55,42467
2025-09-08 14:15:00,208.55,209.25,207.1,207.16,168053
2025-09-08 15:15:00,207.16,207.38,206.59,207.3,84403
2025-09-09 09:15:00,208.75,209.32,205.43,207.06,357753
2025-09-09 10:15:00,207.17,207.29,206.38,206.89,87142
2025-09-09 11:15:00,206.88,206.98,206.0,206.46,48206
2025-09-09 12:15:00,206.4,206.88,206.11,206.49,36010
2025-09-09 13:15:00,206.35,206.9,206.08,206.75,71281
2025-09-09 14:15:00,206.75,206.88,206.08,206.49,135148
2025-09-09 15:15:00,206.49,206.7,206.13,206.48,68080
2025-09-10 09:15:00,208.0,209.8,207.21,208.84,258076
2025-09-10 10:15:00,208.84,209.2,208.2,208.67,113619
2025-09-10 11:15:00,208.52,208.52,208.01,208.21,37219
2025-09-10 12:15:00,208.3,208.87,208.3,208.3,42721
2025-09-10 13:15:00,208.3,208.45,207.63,208.0,57416
2025-09-10 14:15:00,207.94,208.8,207.3,208.09,115122
2025-09-10 15:15:00,208.02,208.4,207.7,208.0,56555
2025-09-11 09:15:00,209.8,219.8,209.73,214.31,3801564
2025-09-11 10:15:00,214.3,215.77,214.23,214.69,499896
2025-09-11 11:15:00,214.68,214.9,213.7,214.3,251187
2025-09-11 12:15:00,214.39,214.59,212.61,212.99,259947
2025-09-11 13:15:00,213.01,213.15,211.87,212.25,252892
2025-09-11 14:15:00,212.25,213.8,211.85,212.71,375928
2025-09-11 15:15:00,212.7,213.37,211.5,212.3,375871
2025-09-12 09:15:00,213.0,214.7,212.01,213.99,404990
2025-09-12 10:15:00,213.99,215.49,213.99,214.52,331797
2025-09-12 11:15:00,214.65,216.2,214.25,215.15,226857
2025-09-12 12:15:00,215.15,216.2,214.8,215.36,220734
2025-09-12 13:15:00,215.36,215.53,213.9,213.95,178548
2025-09-12 14:15:00,213.97,214.58,213.5,214.45,237037
2025-09-12 15:15:00,214.42,214.97,214.0,214.5,161978
2025-09-15 09:15:00,215.95,218.8,214.61,216.86,741103
2025-09-15 10:15:00,216.85,216.98,215.5,215.79,141139
2025-09-15 11:15:00,215.79,216.53,215.32,215.76,112521
2025-09-15 12:15:00,215.7,216.2,215.55,216.0,51767
2025-09-15 13:15:00,216.0,216.18,215.02,215.1,84437
2025-09-15 14:15:00,215.1,215.52,214.5,214.99,202752
2025-09-15 15:15:00,214.9,215.0,214.17,214.9,138382
2025-09-16 09:15:00,214.99,216.98,213.49,215.85,451957
2025-09-16 10:15:00,215.76,215.93,214.86,215.87,131947
2025-09-16 11:15:00,215.87,216.5,214.5,215.1,216964
2025-09-16 12:15:00,215.0,216.3,214.75,216.3,66558
2025-09-16 13:15:00,216.17,218.94,215.15,217.4,499549
2025-09-16 14:15:00,217.38,219.85,216.66,218.7,860364
2025-09-16 15:15:00,218.61,218.84,218.05,218.1,229332
2025-09-17 09:15:00,219.4,222.89,217.51,220.41,1374005
2025-09-17 10:15:00,220.41,220.7,218.75,219.67,288290
2025-09-17 11:15:00,219.63,220.8,219.1,220.8,198480
2025-09-17 12:15:00,220.8,220.97,219.9,220.15,163314
2025-09-17 13:15:00,220.15,221.0,219.21,219.29,178511
2025-09-17 14:15:00,219.43,219.95,218.5,219.65,341213
2025-09-17 15:15:00,219.61,219.9,218.49,219.4,283523
2025-09-18 09:15:00,220.0,220.99,218.52,218.65,373321
2025-09-18 10:15:00,218.6,219.65,218.02,219.1,121799
2025-09-18 11:15:00,219.08,220.69,218.72,219.71,257793
2025-09-18 12:15:00,219.6,219.79,217.51,217.64,115261
2025-09-18 13:15:00,217.64,218.43,217.28,218.2,75365
2025-09-18 14:15:00,218.33,219.42,217.65,219.14,184990
2025-09-18 15:15:00,219.15,219.5,217.51,218.6,186649
2025-09-19 09:15:00,219.41,220.95,218.01,220.05,395955
2025-09-19 10:15:00,219.98,220.36,218.71,218.95,134568
2025-09-19 11:15:00,218.97,219.23,218.0,218.84,101721
2025-09-19 12:15:00,218.71,218.9,217.62,218.4,57106
2025-09-19 13:15:00,218.26,218.6,218.0,218.21,46875
2025-09-19 14:15:00,218.21,220.0,218.0,219.59,189119
2025-09-19 15:15:00,219.59,219.8,219.11,219.58,142168
2025-09-22 09:15:00,224.5,237.4,224.46,231.41,13734568
2025-09-22 10:15:00,231.4,232.0,229.2,230.33,2893017
2025-09-22 11:15:00,230.3,231.4,229.4,230.06,1010240
2025-09-22 12:15:00,230.06,233.0,230.01,230.15,1315614
2025-09-22 13:15:00,230.15,230.53,228.94,229.45,718808
2025-09-22 14:15:00,229.52,229.52,227.05,227.73,1622588
2025-09-22 15:15:00,227.73,227.88,225.0,225.3,1236114
2025-09-23 09:15:00,226.54,227.41,221.9,223.8,1205188
2025-09-23 10:15:00,223.62,223.89,221.01,221.21,393843
2025-09-23 11:15:00,221.2,221.95,220.81,221.59,174102
2025-09-23 12:15:00,221.55,223.93,221.5,222.79,391792
2025-09-23 13:15:00,222.79,223.24,222.21,222.98,105432
2025-09-23 14:15:00,222.89,224.01,222.22,222.9,388986
2025-09-23 15:15:00,222.9,224.0,222.69,223.66,242039
2025-09-24 09:15:00,227.0,233.99,227.0,230.5,7718745
2025-09-24 10:15:00,230.5,230.95,228.0,229.17,1568601
2025-09-24 11:15:00,229.16,229.25,227.25,227.74,642998
2025-09-24 12:15:00,227.76,228.1,226.38,228.05,542244
2025-09-24 13:15:00,228.1,234.0,227.6,230.5,6421838
2025-09-24 14:15:00,230.52,233.95,230.2,232.3,2869217
2025-09-24 15:15:00,232.31,233.2,231.8,232.52,1357205
2025-09-25 09:15:00,233.64,236.45,231.0,232.98,6046651
2025-09-25 10:15:00,233.0,234.43,232.0,232.67,781331
2025-09-25 11:15:00,232.67,233.5,231.5,231.61,516342
2025-09-25 12:15:00,231.61,233.18,231.51,232.46,358736
2025-09-25 13:15:00,232.45,232.7,231.2,231.7,316356
2025-09-25 14:15:00,231.7,233.8,230.0,233.35,1396792
2025-09-25 15:15:00,233.39,234.21,232.05,232.47,844386
2025-09-26 09:15:00,232.5,232.78,224.64,226.27,1273317
2025-09-26 10:15:00,226.39,227.25,225.67,226.24,297543
2025-09-26 11:15:00,226.2,227.7,225.5,227.1,301366
2025-09-26 12:15:00,227.07,229.29,227.0,227.39,256099
2025-09-26 13:15:00,227.39,227.39,224.61,224.87,410486
2025-09-26 14:15:00,224.8,226.25,224.5,225.1,441503
2025-09-26 15:15:00,225.1,226.24,224.8,225.95,261238
2025-09-29 09:15:00,225.95,227.8,223.0,225.59,1315334
2025-09-29 10:15:00,225.72,226.6,224.4,224.64,280247
2025-09-29 11:15:00,224.64,224.7,219.72,219.8,570019
2025-09-29 12:15:00,219.81,221.32,219.6,221.09,339006
2025-09-29 13:15:00,221.18,222.05,220.21,221.23,262309
2025-09-29 14:15:00,221.21,223.42,220.0,220.25,434272
2025-09-29 15:15:00,220.25,220.31,218.61,219.9,295214
2025-09-30 09:15:00,220.0,224.2,218.08,221.53,1047051
2025-09-30 10:15:00,221.5,222.21,220.75,222.03,158716
2025-09-30 11:15:00,222.03,222.33,219.8,220.16,223097
2025-09-30 12:15:00,220.16,220.88,219.31,219.59,121593
2025-09-30 13:15:00,219.67,220.62,219.2,220.44,126958
2025-09-30 14:15:00,220.44,223.99,219.81,222.4,367729
2025-09-30 15:15:00,222.49,224.0,222.36,222.5,206561
2025-10-01 09:15:00,221.58,224.0,221.01,223.32,435480
2025-10-01 10:15:00,223.19,225.8,223.0,223.3,781563
2025-10-01 11:15:00,223.3,223.89,222.56,223.24,211234
2025-10-01 12:15:00,223.14,223.74,222.52,223.68,89907
2025-10-01 13:15:00,223.72,224.4,223.02,224.1,108388
2025-10-01 14:15:00,224.0,224.2,223.5,223.65,288986
2025-10-01 15:15:00,223.65,223.9,222.57,223.4,174806
2025-10-03 09:15:00,223.06,227.36,222.85,225.29,753361
2025-10-03 10:15:00,225.29,229.49,225.25,226.05,782406
2025-10-03 11:15:00,226.05,228.25,225.82,227.75,333392
2025-10-03 12:15:00,227.64,229.45,227.14,228.0,435153
2025-10-03 13:15:00,227.98,227.99,227.05,227.28,170128
2025-10-03 14:15:00,227.31,228.99,227.26,228.72,407430
2025-10-03 15:15:00,228.73,229.0,227.9,228.45,282701
2025-10-06 09:15:00,228.61,229.2,225.23,226.26,418374
2025-10-06 10:15:00,226.27,226.3,223.55,223.95,196430
2025-10-06 11:15:00,223.93,224.36,223.18,223.6,175728
2025-10-06 12:15:00,223.6,224.5,223.5,224.41,86076
2025-10-06 13:15:00,224.41,225.21,224.24,224.43,120218
2025-10-06 14:15:00,224.33,225.03,224.0,224.22,161578
2025-10-06 15:15:00,224.22,225.0,223.5,225.0,169777
2025-10-07 09:15:00,224.3,225.59,222.6,222.89,579432
2025-10-07 10:15:00,222.88,223.06,222.04,222.34,213428
2025-10-07 11:15:00,222.44,222.84,222.0,222.41,108675
2025-10-07 12:15:00,222.42,222.92,222.33,222.8,47559
2025-10-07 13:15:00,222.81,222.84,222.0,222.58,97751
2025-10-07 14:15:00,222.57,222.8,222.0,222.03,238364
2025-10-07 15:15:00,222.02,222.8,222.0,222.01,157492
2025-10-08 09:15:00,222.4,222.7,221.31,221.41,232709
2025-10-08 10:15:00,221.42,221.9,220.52,220.76,145663
2025-10-08 11:15:00,220.75,220.83,219.9,220.08,100469
2025-10-08 12:15:00,220.02,220.4,218.89,220.12,110039
2025-10-08 13:15:00,220.02,220.85,219.02,219.21,123113
2025-10-08 14:15:00,219.21,219.81,216.4,216.67,278401
2025-10-08 15:15:00,216.76,217.7,216.67,217.7,112109
2025-10-09 09:15:00,218.58,218.97,216.68,217.68,302638
2025-10-09 10:15:00,217.7,219.59,217.56,218.67,158883
2025-10-09 11:15:00,218.71,220.88,218.6,220.24,205493
2025-10-09 12:15:00,220.34,220.75,219.68,219.83,89762
2025-10-09 13:15:00,219.93,220.05,219.31,219.9,65861
2025-10-09 14:15:00,219.84,221.78,219.42,221.32,207937
2025-10-09 15:15:00,221.2,221.85,221.01,221.16,100066
2025-10-10 09:15:00,225.99,227.5,221.7,223.19,1409174
2025-10-10 10:15:00,223.1,223.25,222.16,222.75,236095
2025-10-10 11:15:00,222.63,222.8,221.5,222.05,147083
2025-10-10 12:15:00,222.2,222.92,221.8,222.48,129538
2025-10-10 13:15:00,222.66,222.96,222.0,222.44,93700
2025-10-10 14:15:00,222.5,223.35,220.69,222.31,353016
2025-10-10 15:15:00,222.21,222.58,220.55,221.2,270502
2025-10-13 09:15:00,222.0,231.89,218.73,228.99,4346375
2025-10-13 10:15:00,228.98,230.5,228.58,229.59,1326810
2025-10-13 11:15:00,229.6,231.6,229.26,231.38,1012034
2025-10-13 12:15:00,231.47,232.65,229.6,229.95,1506574
2025-10-13 13:15:00,229.9,230.95,229.6,229.7,478074
2025-10-13 14:15:00,229.7,230.73,229.7,230.4,792312
2025-10-13 15:15:00,230.4,230.8,229.4,229.6,631649
2025-10-14 09:15:00,231.0,238.25,229.75,237.64,4898944
2025-10-14 10:15:00,237.64,238.7,232.85,234.05,2545367
2025-10-14 11:15:00,234.0,234.63,232.08,232.6,742446
2025-10-14 12:15:00,232.6,232.86,230.8,231.74,421060
2025-10-14 13:15:00,231.79,232.92,231.48,231.62,234072
2025-10-14 14:15:00,231.63,232.97,231.6,231.75,475140
2025-10-14 15:15:00,231.75,231.8,230.11,230.8,349105
2025-10-15 09:15:00,232.0,232.01,227.59,227.9,650535
2025-10-15 10:15:00,227.88,230.53,227.71,229.96,363462
2025-10-15 11:15:00,229.91,233.5,229.25,231.96,633696
2025-10-15 12:15:00,231.92,233.2,231.11,231.84,318803
2025-10-15 13:15:00,231.83,232.8,231.06,231.98,281099
2025-10-15 14:15:00,231.88,233.6,230.41,233.41,503117
2025-10-15 15:15:00,233.45,234.89,233.0,233.0,487311
2025-10-16 09:15:00,235.0,235.0,230.9,231.5,476341
2025-10-16 10:15:00,231.49,231.59,229.5,229.68,313748
2025-10-16 11:15:00,229.68,230.63,228.5,229.17,245752
2025-10-16 12:15:00,229.17,229.64,229.0,229.56,66247
2025-10-16 13:15:00,229.46,229.63,229.0,229.14,94432
2025-10-16 14:15:00,229.14,230.0,228.5,228.73,242930
2025-10-16 15:15:00,228.73,229.0,228.02,228.4,165193
2025-10-17 09:15:00,228.5,233.75,227.7,230.1,736281
2025-10-17 10:15:00,230.11,230.24,228.65,228.8,141679
2025-10-17 11:15:00,228.9,229.7,228.66,228.72,102614
2025-10-17 12:15:00,228.8,229.7,227.16,227.3,150928
2025-10-17 13:15:00,227.28,227.48,225.37,226.16,280674
2025-10-17 14:15:00,226.16,226.61,225.0,225.01,270533
2025-10-17 15:15:00,225.01,225.5,224.49,225.05,182484
2025-10-20 09:15:00,226.32,226.73,223.56,223.6,376525
2025-10-20 10:15:00,223.76,224.71,223.15,224.39,86862
2025-10-20 11:15:00,224.37,225.5,224.04,225.15,111781
2025-10-20 12:15:00,225.15,225.9,224.82,225.65,80245
2025-10-20 13:15:00,225.65,227.08,225.5,225.81,155134
2025-10-20 14:15:00,225.99,226.74,225.4,225.72,184122
2025-10-20 15:15:00,225.7,226.6,225.7,226.2,76297
2025-10-21 13:45:00,231.16,233.1,230.12,231.25,1267998
2025-10-23 09:15:00,232.0,244.56,232.0,244.1,6588327
2025-10-23 10:15:00,243.96,249.58,243.01,245.09,8693033
2025-10-23 11:15:00,245.09,245.89,243.15,243.48,1550347
2025-10-23 12:15:00,243.47,249.75,243.4,249.19,5436340
2025-10-23 13:15:00,249.13,249.36,247.6,247.93,2321139
2025-10-23 14:15:00,247.91,253.9,247.82,250.04,10430578
2025-10-23 15:15:00,250.04,250.5,246.81,247.81,2949445
2025-10-24 09:15:00,248.0,254.5,247.12,252.41,5610950
2025-10-24 10:15:00,252.41,257.5,251.22,256.63,3038158
2025-10-24 11:15:00,256.63,267.5,255.54,266.79,14940380
2025-10-24 12:15:00,266.77,269.49,264.13,268.01,11570332
2025-10-24 13:15:00,268.01,272.0,267.49,270.95,11744062
2025-10-24 14:15:00,271.0,273.0,268.1,273.0,11181093
2025-10-24 15:15:00,272.91,280.5,271.5,274.0,8659460
2025-10-27 09:15:00,273.0,275.72,263.1,272.45,12288328
2025-10-27 10:15:00,272.3,273.67,269.8,271.37,3432451
2025-10-27 11:15:00,271.41,278.0,270.7,274.83,4124516
2025-10-27 12:15:00,274.92,275.29,271.51,272.84,2642312
2025-10-27 13:15:00,272.84,274.3,271.6,273.1,1121460
2025-10-27 14:15:00,273.1,274.0,271.05,271.19,1823898
2025-10-27 15:15:00,271.18,272.58,270.5,271.2,1367168
2025-10-28 09:15:00,268.1,273.88,265.32,265.61,3836048
2025-10-28 10:15:00,265.65,266.31,263.75,264.35,1148696
2025-10-28 11:15:00,264.35,268.0,264.0,267.84,832165
2025-10-28 12:15:00,267.72,268.0,265.27,265.76,770893
2025-10-28 13:15:00,265.79,266.4,262.46,263.5,659535
2025-10-28 14:15:00,263.5,264.08,261.4,261.9,1285944
2025-10-28 15:15:00,261.9,262.2,261.0,261.55,927397
2025-10-29 09:15:00,262.6,271.4,262.33,271.38,3816240
2025-10-29 10:15:00,271.25,274.5,270.1,272.4,3281942
2025-10-29 11:15:00,272.4,277.4,268.24,272.47,4028546
2025-10-29 12:15:00,272.35,273.77,269.19,269.81,1240082
2025-10-29 13:15:00,269.65,270.0,268.5,269.5,511530
2025-10-29 14:15:00,269.44,269.82,266.5,266.9,1079141
2025-10-29 15:15:00,267.0,267.3,265.37,266.8,822780
2025-10-30 09:15:00,268.0,268.0,262.01,263.05,2175254
2025-10-30 10:15:00,263.1,267.9,262.91,267.7,917677
2025-10-30 11:15:00,267.5,267.69,265.74,266.9,388420
2025-10-30 12:15:00,266.9,267.4,264.25,265.55,420351
2025-10-30 13:15:00,265.55,266.0,264.25,264.68,252343
2025-10-30 14:15:00,264.68,265.5,263.11,263.6,420461
2025-10-30 15:15:00,263.6,264.69,262.8,263.5,471364
2025-10-31 09:15:00,264.8,266.39,262.9,266.13,841213
2025-10-31 10:15:00,266.21,267.79,262.31,262.7,1105088
2025-10-31 11:15:00,262.7,271.43,262.61,266.87,1342887
2025-10-31 12:15:00,266.86,268.18,263.24,263.86,852432
2025-10-31 13:15:00,263.73,263.73,259.0,262.08,752022
2025-10-31 14:15:00,262.0,263.0,260.0,260.15,672161
2025-10-31 15:15:00,260.15,260.2,258.1,259.6,604967
2025-11-03 09:15:00,261.0,263.55,259.0,262.45,1329508
2025-11-03 10:15:00,262.3,263.7,262.05,263.2,359505
2025-11-03 11:15:00,263.2,263.35,260.6,261.15,376249
2025-11-03 12:15:00,261.05,261.3,257.1,258.15,443642
2025-11-03 13:15:00,258.15,259.4,258.0,259.2,158508
2025-11-03 14:15:00,259.2,259.65,256.35,256.6,354164
2025-11-03 15:15:00,256.55,257.45,256.35,257.0,300940
2025-11-04 09:15:00,257.95,260.5,250.8,251.6,1312921
2025-11-04 10:15:00,251.55,254.4,250.55,252.25,508962
2025-11-04 11:15:00,252.25,252.65,250.8,251.0,220549
2025-11-04 12:15:00,250.95,252.25,250.55,251.85,184534
2025-11-04 13:15:00,252.0,253.0,251.1,251.4,185528
2025-11-04 14:15:00,251.35,251.5,249.15,250.1,442033
2025-11-04 15:15:00,250.0,251.0,249.5,250.5,269403
2025-11-06 09:15:00,251.7,267.0,251.6,259.8,8633155
2025-11-06 10:15:00,259.8,263.6,258.3,262.35,2431047
2025-11-06 11:15:00,262.4,265.3,259.4,263.25,1865973
2025-11-06 12:15:00,263.25,266.5,262.7,265.15,2282043
2025-11-06 13:15:00,265.2,265.7,262.15,263.15,1115015
2025-11-06 14:15:00,263.2,263.9,259.8,260.0,1137788
2025-11-06 15:15:00,260.2,261.2,259.5,260.0,705628
2025-11-07 09:15:00,261.0,272.8,257.15,269.35,7157869
2025-11-07 10:15:00,269.5,276.8,269.5,271.55,6187485
2025-11-07 11:15:00,271.35,273.45,270.35,271.25,1195325
2025-11-07 12:15:00,271.3,271.65,269.35,270.8,899455
2025-11-07 13:15:00,270.9,271.7,267.4,267.85,942531
2025-11-07 14:15:00,267.85,268.9,266.1,266.85,1147712
2025-11-07 15:15:00,267.0,267.45,265.1,265.95,872530
2025-11-10 09:15:00,259.05,259.5,244.0,244.35,6041399
2025-11-10 10:15:00,244.4,254.9,243.3,254.2,5081731
2025-11-10 11:15:00,254.25,262.0,252.25,259.8,4415885
2025-11-10 12:15:00,259.8,261.75,252.4,252.9,3403242
2025-11-10 13:15:00,252.9,252.95,250.35,252.1,1679010
2025-11-10 14:15:00,252.1,254.95,252.0,252.7,1422274
2025-11-10 15:15:00,252.6,254.5,251.95,252.4,788025
2025-11-11 09:15:00,253.45,271.45,252.05,264.4,16453997
2025-11-11 10:15:00,264.5,266.0,262.55,262.75,3035870
2025-11-11 11:15:00,262.7,264.65,262.15,263.35,900287
2025-11-11 12:15:00,263.35,263.95,260.2,260.6,1310706
2025-11-11 13:15:00,260.6,262.0,259.6,260.55,1175984
2025-11-11 14:15:00,260.6,263.35,258.9,261.1,1493289
2025-11-11 15:15:00,261.2,263.8,259.95,261.5,927023
2025-11-12 09:15:00,264.0,264.35,259.25,262.7,1668627
2025-11-12 10:15:00,262.75,269.7,261.6,267.4,2679987
2025-11-12 11:15:00,267.4,271.0,267.05,268.3,1959215
2025-11-12 12:15:00,268.3,269.5,266.0,266.2,1321615
2025-11-12 13:15:00,266.25,271.9,265.8,269.75,1784760
2025-11-12 14:15:00,269.75,270.85,268.4,269.85,1350666
2025-11-12 15:15:00,269.85,270.3,269.0,269.5,656012
2025-11-13 09:15:00,270.0,274.9,266.05,270.2,2890145
2025-11-13 10:15:00,270.1,270.6,267.45,267.65,667456
2025-11-13 11:15:00,267.7,267.7,266.5,266.85,389792
2025-11-13 12:15:00,266.85,267.0,264.45,265.5,632940
2025-11-13 13:15:00,265.5,266.5,264.55,265.15,354258
2025-11-13 14:15:00,265.2,265.6,263.4,263.6,614550
2025-11-13 15:15:00,263.5,264.35,262.4,262.8,537133
2025-11-14 09:15:00,264.0,265.3,260.65,262.55,1275883
2025-11-14 10:15:00,262.55,264.9,262.5,264.5,336604
2025-11-14 11:15:00,264.55,266.55,263.8,265.85,478833
2025-11-14 12:15:00,265.75,268.75,265.55,267.2,1270101
2025-11-14 13:15:00,267.2,268.1,264.65,266.1,468973
2025-11-14 14:15:00,266.0,266.35,264.5,265.4,453379
2025-11-14 15:15:00,265.45,265.6,264.2,264.8,344856
2025-11-17 09:15:00,266.95,267.4,263.0,264.55,1065633
2025-11-17 10:15:00,264.55,266.5,261.55,262.0,965893
2025-11-17 11:15:00,262.0,262.8,260.75,261.4,484940
2025-11-17 12:15:00,261.4,262.4,261.3,262.15,211262
2025-11-17 13:15:00,262.15,262.6,261.85,262.2,116522
2025-11-17 14:15:00,262.2,262.45,260.85,261.6,396541
2025-11-17 15:15:00,261.45,262.0,260.65,260.75,410452
2025-11-18 09:15:00,262.9,262.9,254.1,254.15,1431310
2025-11-18 10:15:00,254.25,255.0,253.25,254.7,438325
2025-11-18 11:15:00,254.65,257.65,254.2,256.85,564028
2025-11-18 12:15:00,256.8,257.7,256.0,257.35,278010
2025-11-18 13:15:00,257.3,257.65,256.8,257.2,172209
2025-11-18 14:15:00,257.35,257.35,255.5,256.3,494283
2025-11-18 15:15:00,256.3,256.9,255.55,256.0,245146
2025-11-19 09:15:00,254.5,254.8,251.55,252.35,849689
2025-11-19 10:15:00,252.45,253.4,251.0,251.5,410122
2025-11-19 11:15:00,251.65,252.5,251.0,252.15,192273
2025-11-19 12:15:00,252.15,252.3,249.7,250.7,387742
2025-11-19 13:15:00,250.65,250.75,250.0,250.5,143972
2025-11-19 14:15:00,250.5,251.0,248.35,249.3,417026
2025-11-19 15:15:00,249.3,249.8,248.1,248.65,291595
2025-11-20 09:15:00,251.5,251.5,247.05,250.5,880133
2025-11-20 10:15:00,250.4,258.8,250.1,253.2,2472197
2025-11-20 11:15:00,253.3,257.8,251.6,251.95,1072065
2025-11-20 12:15:00,252.0,252.25,248.3,248.55,818109
2025-11-20 13:15:00,248.75,250.35,247.25,249.8,358525
2025-11-20 14:15:00,249.65,250.25,248.2,248.9,687964
2025-11-20 15:15:00,248.9,250.0,247.0,248.4,452732
2025-11-21 09:15:00,247.0,248.05,244.5,244.9,951033
2025-11-21 10:15:00,244.95,244.95,242.1,242.5,465012
2025-11-21 11:15:00,242.5,243.45,241.5,243.3,332373
2025-11-21 12:15:00,243.3,243.7,242.7,242.7,153481
2025-11-21 13:15:00,242.8,243.35,242.15,243.3,127541
2025-11-21 14:15:00,243.3,243.55,241.5,241.85,543232
2025-11-21 15:15:00,241.7,242.35,241.0,241.2,337689
2025-11-24 09:15:00,242.0,248.9,238.05,242.3,2096993
2025-11-24 10:15:00,242.3,244.45,240.3,240.8,316157
2025-11-24 11:15:00,240.8,241.4,239.7,240.25,229538
2025-11-24 12:15:00,240.25,240.9,238.7,238.8,212944
2025-11-24 13:15:00,238.7,239.3,237.35,238.2,196396
2025-11-24 14:15:00,238.2,241.9,236.5,239.7,792834
2025-11-24 15:15:00,239.55,240.95,238.8,238.95,394469
2025-11-25 09:15:00,240.7,241.35,235.2,237.7,1235371
2025-11-25 10:15:00,237.7,238.7,236.25,237.15,260475
2025-11-25 11:15:00,237.05,237.85,235.45,235.9,371217
2025-11-25 12:15:00,235.9,236.65,234.35,236.3,309418
2025-11-25 13:15:00,236.3,236.3,233.65,234.0,394624
2025-11-25 14:15:00,234.0,234.95,231.9,233.25,697964
2025-11-25 15:15:00,233.15,233.35,231.55,232.4,366629
2025-11-26 09:15:00,233.6,235.75,231.6,232.15,1078837
2025-11-26 10:15:00,232.2,235.7,232.15,234.7,981214
2025-11-26 11:15:00,234.7,235.5,233.65,234.0,305942
2025-11-26 12:15:00,234.0,234.35,232.65,232.65,169061
2025-11-26 13:15:00,232.75,233.8,232.6,233.4,115074
2025-11-26 14:15:00,233.4,233.8,232.7,233.35,337857
2025-11-26 15:15:00,233.2,233.7,232.5,233.0,200321
2025-11-27 09:15:00,235.0,240.8,232.55,233.2,1841809
2025-11-27 10:15:00,233.2,233.95,232.0,232.4,386879
2025-11-27 11:15:00,232.25,233.4,230.5,230.65,421122
2025-11-27 12:15:00,230.65,231.6,230.3,230.65,252012
2025-11-27 13:15:00,230.6,230.85,230.25,230.5,104091
2025-11-27 14:15:00,230.65,231.25,229.5,229.8,405651
2025-11-27 15:15:00,229.75,229.9,228.15,228.7,396358
2025-11-28 09:15:00,230.0,234.2,228.55,231.95,1252814
2025-11-28 10:15:00,232.05,233.4,231.4,232.15,306100
2025-11-28 11:15:00,232.15,233.45,231.75,232.5,244485
2025-11-28 12:15:00,232.6,232.75,231.65,231.85,133741
2025-11-28 13:15:00,231.9,232.85,231.2,231.9,146220
2025-11-28 14:15:00,231.8,234.0,231.3,231.6,503188
2025-11-28 15:15:00,231.6,232.95,231.3,232.95,326092
2025-12-01 09:15:00,233.19,235.36,232.01,232.45,957403
2025-12-01 10:15:00,232.45,233.93,230.51,231.35,440092
2025-12-01 11:15:00,231.37,231.71,229.68,230.39,235415
2025-12-01 12:15:00,230.39,230.66,229.92,230.1,92237
2025-12-01 13:15:00,230.12,230.7,229.82,230.39,88004
2025-12-01 14:15:00,230.48,230.62,228.58,228.8,557769
2025-12-01 15:15:00,228.75,230.0,228.21,229.75,231507
2025-12-02 09:15:00,229.65,238.25,229.65,232.2,4382488
2025-12-02 10:15:00,232.09,233.19,230.01,230.13,552834
2025-12-02 11:15:00,230.21,230.49,228.65,228.91,552679
2025-12-02 12:15:00,228.9,229.94,228.49,229.08,328967
2025-12-02 13:15:00,229.05,229.62,228.91,229.35,177990
2025-12-02 14:15:00,229.39,230.55,228.91,229.38,703625
2025-12-02 15:15:00,229.39,229.39,228.0,229.0,543380
2025-12-03 09:15:00,230.1,230.44,225.5,226.39,830934
2025-12-03 10:15:00,226.38,226.65,225.31,225.5,242895
2025-12-03 11:15:00,225.47,226.31,225.0,226.11,201501
2025-12-03 12:15:00,226.18,226.24,225.19,225.52,103846
2025-12-03 13:15:00,225.5,226.7,225.1,226.27,163510
2025-12-03 14:15:00,226.27,228.95,225.91,228.6,508475
2025-12-03 15:15:00,228.49,228.81,228.0,228.31,220383
2025-12-04 09:15:00,228.42,233.8,227.37,230.1,1199549
2025-12-04 10:15:00,230.1,230.85,229.6,230.0,188997
2025-12-04 11:15:00,230.02,230.02,228.71,229.03,132707
2025-12-04 12:15:00,229.1,229.14,227.52,228.0,187154
2025-12-04 13:15:00,228.01,228.9,227.68,228.3,164298
2025-12-04 14:15:00,228.31,229.78,228.03,228.33,326692
2025-12-04 15:15:00,228.3,229.71,228.0,229.5,217112
2025-12-05 09:15:00,229.34,235.9,228.4,232.87,3469462
2025-12-05 10:15:00,232.87,233.65,231.72,232.29,402969
2025-12-05 11:15:00,232.29,232.3,231.25,231.37,189982
2025-12-05 12:15:00,231.38,232.0,230.75,231.09,316335
2025-12-05 13:15:00,231.18,232.85,231.15,231.99,212784
2025-12-05 14:15:00,231.98,232.99,231.86,232.14,432699
2025-12-05 15:15:00,232.24,232.66,232.0,232.15,337376
2025-12-08 09:15:00,232.9,233.08,227.68,228.1,558075
2025-12-08 10:15:00,228.04,228.43,227.15,227.15,171043
2025-12-08 11:15:00,227.24,227.49,225.5,225.5,148866
2025-12-08 12:15:00,225.51,225.59,223.05,223.53,310886
2025-12-08 13:15:00,223.53,223.98,222.4,223.24,204830
2025-12-08 14:15:00,223.19,225.75,221.71,223.05,573124
2025-12-08 15:15:00,223.05,224.7,222.5,223.88,216469
2025-12-09 09:15:00,222.85,223.0,219.75,222.38,833328
2025-12-09 10:15:00,222.42,226.65,222.42,225.9,653914
2025-12-09 11:15:00,226.01,226.69,225.3,226.38,172260
2025-12-09 12:15:00,226.3,226.9,225.1,226.3,127652
2025-12-09 13:15:00,226.27,226.93,225.79,225.9,166914
2025-12-09 14:15:00,225.8,228.35,225.1,227.4,436779
2025-12-09 15:15:00,227.4,228.0,226.39,226.5,224786
2025-12-10 09:15:00,227.5,228.1,224.62,226.85,517095
2025-12-10 10:15:00,226.85,226.97,225.13,225.5,121641
2025-12-10 11:15:00,225.51,225.51,224.62,224.91,94412
2025-12-10 12:15:00,224.92,225.42,223.63,223.88,101587
2025-12-10 13:15:00,223.85,224.75,223.75,224.24,72361
2025-12-10 14:15:00,224.3,225.49,224.1,225.26,196728
2025-12-10 15:15:00,225.1,225.4,224.1,224.3,123174
2025-12-11 09:15:00,224.93,228.54,222.8,225.21,646679
2025-12-11 10:15:00,225.21,226.0,223.3,223.72,244525
2025-12-11 11:15:00,223.72,224.7,223.4,224.03,70850
2025-12-11 12:15:00,224.25,224.6,223.09,223.09,104936
2025-12-11 13:15:00,223.39,224.0,223.05,223.05,77145
2025-12-11 14:15:00,223.05,223.88,222.82,222.99,218823
2025-12-11 15:15:00,223.0,223.0,222.0,222.35,264451
2025-12-12 09:15:00,223.34,224.73,220.75,222.28,770858
2025-12-12 10:15:00,222.3,222.5,221.43,222.39,143303
2025-12-12 11:15:00,222.26,224.39,222.2,223.5,231901
2025-12-12 12:15:00,223.5,226.75,223.22,225.71,592253
2025-12-12 13:15:00,225.71,225.88,224.5,225.68,107116
2025-12-12 14:15:00,225.56,225.85,224.64,225.5,245422
2025-12-12 15:15:00,225.48,226.0,225.05,225.68,188756
2025-12-15 09:15:00,224.66,225.35,222.0,223.04,395847
2025-12-15 10:15:00,223.04,223.7,222.71,223.02,107972
2025-12-15 11:15:00,223.02,223.85,222.9,223.4,76885
2025-12-15 12:15:00,223.4,223.46,222.23,222.45,83276
2025-12-15 13:15:00,222.63,222.9,222.5,222.85,46490
2025-12-15 14:15:00,222.75,223.0,222.1,222.27,157884
2025-12-15 15:15:00,222.25,222.27,221.64,221.98,135673
2025-12-16 09:15:00,221.49,221.99,219.75,219.92,447702
2025-12-16 10:15:00,219.92,220.18,219.11,219.3,86736
2025-12-16 11:15:00,219.2,219.43,218.6,218.92,98675
2025-12-16 12:15:00,218.96,219.93,217.98,218.4,197018
2025-12-16 13:15:00,218.37,218.89,216.98,217.55,157298
2025-12-16 14:15:00,217.53,217.71,216.3,216.74,292783
2025-12-16 15:15:00,216.66,216.85,215.8,216.4,217363
2025-12-17 09:15:00,216.5,217.27,210.99,212.49,1563535
2025-12-17 10:15:00,212.5,213.3,209.81,210.26,965527
2025-12-17 11:15:00,210.3,210.89,207.49,208.11,681491
2025-12-17 12:15:00,208.2,209.29,208.0,208.65,270123
2025-12-17 13:15:00,208.65,208.73,207.77,208.25,212433
2025-12-17 14:15:00,208.2,208.59,207.06,207.96,479721
2025-12-17 15:15:00,208.0,208.0,207.0,207.25,347848
2025-12-18 09:15:00,207.25,208.37,203.65,205.0,693934
2025-12-18 10:15:00,205.02,206.59,204.59,204.92,289524
2025-12-18 11:15:00,204.92,206.99,204.77,206.8,138783
2025-12-18 12:15:00,206.91,208.7,206.02,208.27,399862
2025-12-18 13:15:00,208.2,211.66,208.08,208.65,805496
2025-12-18 14:15:00,208.64,212.0,207.76,209.0,918603
2025-12-18 15:15:00,209.0,209.11,208.35,208.67,235205
2025-12-19 09:15:00,210.02,210.02,203.8,204.19,1596803
2025-12-19 10:15:00,204.2,204.82,203.6,204.0,470104
2025-12-19 11:15:00,204.0,205.45,203.3,205.16,355834
2025-12-19 12:15:00,205.12,205.9,204.75,205.1,255897
2025-12-19 13:15:00,205.1,206.9,205.0,206.57,246162
2025-12-19 14:15:00,206.62,210.0,206.21,209.4,873880
2025-12-19 15:15:00,209.45,210.9,208.92,210.43,382611
2025-12-22 09:15:00,210.43,212.7,209.0,210.32,777790
2025-12-22 10:15:00,210.39,214.4,210.17,213.43,966458
2025-12-22 11:15:00,213.41,214.2,212.53,214.0,280194
2025-12-22 12:15:00,214.0,214.78,213.38,213.68,221918
2025-12-22 13:15:00,213.78,214.68,213.46,214.15,203326
2025-12-22 14:15:00,214.15,215.8,213.85,214.45,524323
2025-12-22 15:15:00,214.4,215.0,213.75,214.52,322054
2025-12-23 09:15:00,215.5,218.0,213.51,216.3,1091870
2025-12-23 10:15:00,216.3,216.59,215.2,215.96,174936
2025-12-23 11:15:00,215.94,217.19,215.6,217.01,151792
2025-12-23 12:15:00,217.1,218.0,216.51,216.6,226720
2025-12-23 13:15:00,216.6,216.99,216.24,216.35,71283
2025-12-23 14:15:00,216.37,217.44,216.15,216.98,295148
2025-12-23 15:15:00,216.98,217.0,216.09,216.3,184747
2025-12-24 09:15:00,216.73,218.85,215.05,217.89,592682
2025-12-24 10:15:00,217.88,220.75,217.48,219.6,665754
2025-12-24 11:15:00,219.6,220.4,218.61,218.61,248076
2025-12-24 12:15:00,218.61,219.78,218.6,218.92,135199
2025-12-24 13:15:00,218.79,218.91,218.0,218.28,119690
2025-12-24 14:15:00,218.28,218.7,217.71,217.97,232149
2025-12-24 15:15:00,217.87,218.21,217.43,217.51,206475
2025-12-26 09:15:00,217.99,225.5,216.21,225.25,1650611
2025-12-26 10:15:00,225.17,228.88,222.35,227.6,2101126
2025-12-26 11:15:00,227.67,227.67,225.74,225.97,456036
2025-12-26 12:15:00,226.0,226.63,224.4,225.62,369695
2025-12-26 13:15:00,225.61,225.99,224.6,224.99,182034
2025-12-26 14:15:00,224.92,225.71,224.25,224.85,393638
2025-12-26 15:15:00,224.85,225.2,224.4,224.9,259704
2025-12-29 09:15:00,228.0,235.0,225.4,234.81,4185245
2025-12-29 10:15:00,234.79,235.9,231.81,233.99,1471122
2025-12-29 11:15:00,233.93,236.85,231.78,233.65,2359743
2025-12-29 12:15:00,233.63,235.53,231.53,233.7,1132516
2025-12-29 13:15:00,233.7,234.43,232.5,233.4,483872
2025-12-29 14:15:00,233.5,234.2,231.1,234.0,888482
2025-12-29 15:15:00,234.0,235.25,233.7,234.3,792851
2025-12-30 09:15:00,234.7,234.8,227.7,231.16,1485381
2025-12-30 10:15:00,231.16,231.39,229.2,230.52,249928
2025-12-30 11:15:00,230.43,230.95,230.2,230.51,168160
2025-12-30 12:15:00,230.45,230.98,227.01,227.6,304016
2025-12-30 13:15:00,227.51,230.49,227.37,229.54,342931
2025-12-30 14:15:00,229.54,230.12,228.05,228.59,340866
2025-12-30 15:15:00,228.64,228.85,228.07,228.57,226339
2025-12-31 09:15:00,228.4,230.8,228.0,229.9,471399
2025-12-31 10:15:00,229.97,231.9,229.97,230.55,312890
2025-12-31 11:15:00,230.55,231.3,229.91,231.12,85377
2025-12-31 12:15:00,231.12,232.02,230.57,231.8,161306
2025-12-31 13:15:00,231.77,232.7,231.25,232.0,193090
2025-12-31 14:15:00,232.0,232.45,231.25,232.03,239642
2025-12-31 15:15:00,232.01,232.24,230.9,231.64,179466
2026-01-01 09:15:00,232.68,233.9,231.2,231.55,326521
2026-01-01 10:15:00,231.59,232.6,230.55,231.26,146643
2026-01-01 11:15:00,231.37,232.89,231.12,231.4,138858
2026-01-01 12:15:00,231.31,231.4,228.01,228.9,262287
2026-01-01 13:15:00,228.9,229.62,227.93,228.93,190258
2026-01-01 14:15:00,228.95,229.92,228.73,229.49,167868
2026-01-01 15:15:00,229.39,229.9,229.0,229.9,139607
2026-01-02 09:15:00,230.14,231.3,228.94,229.64,453432
2026-01-02 10:15:00,229.64,232.4,229.3,232.0,242724
2026-01-02 11:15:00,231.95,232.19,231.13,231.4,95791
2026-01-02 12:15:00,231.44,232.28,231.2,231.5,180544
2026-01-02 13:15:00,231.5,233.26,231.04,232.67,261614
2026-01-02 14:15:00,232.67,235.55,232.08,235.04,976488
2026-01-02 15:15:00,235.15,235.47,234.8,235.1,267191
2026-01-05 09:15:00,235.1,237.5,232.03,233.4,696703
2026-01-05 10:15:00,233.4,233.71,230.61,231.33,316412
2026-01-05 11:15:00,231.2,231.34,230.25,230.96,143852
2026-01-05 12:15:00,230.96,231.6,230.6,231.0,110875
2026-01-05 13:15:00,231.0,231.07,229.26,229.79,180436
2026-01-05 14:15:00,229.79,230.79,228.6,228.9,312213
2026-01-05 15:15:00,228.81,229.19,228.51,228.63,157979
2026-01-06 09:15:00,229.1,229.89,226.76,227.25,455478
2026-01-06 10:15:00,227.3,227.3,225.9,226.5,219425
2026-01-06 11:15:00,226.6,227.04,225.6,226.6,117300
2026-01-06 12:15:00,226.6,228.2,226.15,227.25,99274
2026-01-06 13:15:00,227.24,227.55,226.5,226.89,42770
2026-01-06 14:15:00,226.9,228.03,226.55,227.24,205408
2026-01-06 15:15:00,227.23,228.0,226.5,226.65,114208
2026-01-07 09:15:00,226.99,229.93,226.17,228.56,395654
2026-01-07 10:15:00,228.54,229.23,227.55,228.2,91107
2026-01-07 11:15:00,228.2,228.75,227.67,227.96,49713
2026-01-07 12:15:00,227.97,228.5,227.41,228.4,44247
2026-01-07 13:15:00,228.39,228.5,227.59,228.17,30234
2026-01-07 14:15:00,228.08,228.9,227.61,228.15,147315
2026-01-07 15:15:00,228.2,229.3,227.85,229.01,120308
2026-01-08 09:15:00,228.85,232.25,228.0,228.46,575958
2026-01-08 10:15:00,228.46,228.7,225.39,225.5,284493
2026-01-08 11:15:00,225.55,225.64,221.46,223.33,353637
2026-01-08 12:15:00,223.2,223.5,219.08,220.21,348731
2026-01-08 13:15:00,220.21,220.21,219.15,219.89,197091
2026-01-08 14:15:00,219.79,220.0,218.1,218.13,395448
2026-01-08 15:15:00,218.25,218.25,217.0,217.35,271249
2026-01-09 09:15:00,217.4,219.47,214.81,217.43,568225
2026-01-09 10:15:00,217.3,221.58,217.23,218.32,413145
2026-01-09 11:15:00,218.3,218.44,216.31,216.84,130934
2026-01-09 12:15:00,216.93,219.2,216.84,217.0,242368
2026-01-09 13:15:00,217.0,217.5,215.1,215.1,102058
2026-01-09 14:15:00,215.05,215.9,213.7,215.0,301164
2026-01-09 15:15:00,214.87,215.59,214.1,215.0,119741
2026-01-12 09:15:00,215.0,215.06,208.35,212.58,839782
2026-01-12 10:15:00,212.68,213.9,211.02,211.22,211926
2026-01-12 11:15:00,211.22,212.04,209.64,212.04,147048
2026-01-12 12:15:00,212.18,214.75,212.0,214.34,246733
2026-01-12 13:15:00,214.4,215.4,213.57,214.45,141672
2026-01-12 14:15:00,214.46,215.82,213.8,215.45,258178
2026-01-12 15:15:00,215.5,217.49,215.24,216.99,111075
2026-01-13 09:15:00,216.1,216.13,213.05,213.86,632298
2026-01-13 10:15:00,213.85,215.37,213.3,213.48,244746
2026-01-13 11:15:00,213.48,213.9,211.88,211.93,159822
2026-01-13 12:15:00,211.94,212.75,211.71,212.14,80652
2026-01-13 13:15:00,212.14,212.6,210.0,210.67,148891
2026-01-13 14:15:00,210.67,212.4,208.13,212.09,413803
2026-01-13 15:15:00,212.14,212.85,210.1,212.6,202077
2026-01-14 09:15:00,211.0,215.42,210.6,214.3,379780
2026-01-14 10:15:00,214.3,215.84,213.93,215.4,189367
2026-01-14 11:15:00,215.41,217.35,215.38,216.6,255594
2026-01-14 12:15:00,216.45,217.1,213.96,214.81,272328
2026-01-14 13:15:00,214.82,214.9,214.0,214.71,117958
2026-01-14 14:15:00,214.88,215.2,213.07,214.59,293638
2026-01-14 15:15:00,214.6,215.47,214.4,214.75,120815
2026-01-16 09:15:00,215.1,216.38,212.7,214.5,327575
2026-01-16 10:15:00,214.5,216.0,214.29,214.74,246532
2026-01-16 11:15:00,214.89,216.39,214.8,216.0,158307
2026-01-16 12:15:00,216.0,217.06,214.58,214.78,220941
2026-01-16 13:15:00,214.76,214.95,213.25,213.25,106390
2026-01-16 14:15:00,213.31,213.8,211.57,212.1,222289
2026-01-16 15:15:00,212.1,214.1,211.8,213.2,117168
2026-01-19 09:15:00,211.1,213.39,210.58,212.1,266172
2026-01-19 10:15:00,212.09,212.35,210.91,211.22,88090
2026-01-19 11:15:00,211.22,211.5,210.32,210.55,88098
2026-01-19 12:15:00,210.7,211.07,209.86,210.84,75033
2026-01-19 13:15:00,210.8,212.1,210.42,211.16,104051
2026-01-19 14:15:00,211.23,211.94,209.34,210.44,247634
2026-01-19 15:15:00,210.29,210.6,209.64,210.11,109992
2026-01-20 09:15:00,209.5,211.65,207.05,207.99,477779
2026-01-20 10:15:00,207.97,208.98,207.2,207.28,135880
2026-01-20 11:15:00,207.3,207.71,204.7,205.71,222650
2026-01-20 12:15:00,205.8,206.5,205.15,205.63,123241
2026-01-20 13:15:00,205.51,205.62,203.4,203.58,161909
2026-01-20 14:15:00,203.58,205.5,202.5,202.9,280114
2026-01-20 15:15:00,202.89,204.9,202.56,203.5,152242
2026-01-21 09:15:00,203.45,205.9,201.89,204.0,614523
2026-01-21 10:15:00,203.9,204.09,199.33,202.2,375305
2026-01-21 11:15:00,202.19,204.21,200.11,204.21,182230
2026-01-21 12:15:00,204.21,205.0,203.12,204.25,166845
2026-01-21 13:15:00,204.47,205.2,201.25,201.45,160384
2026-01-21 14:15:00,201.46,203.7,201.36,202.18,191459
2026-01-21 15:15:00,202.18,204.0,201.72,203.5,93852
2026-01-22 09:15:00,205.5,209.8,205.5,208.34,553209
2026-01-22 10:15:00,208.34,208.42,206.15,206.45,168296
2026-01-22 11:15:00,206.54,207.01,205.5,206.4,122765
2026-01-22 12:15:00,206.35,207.0,206.05,206.4,50029
2026-01-22 13:15:00,206.34,207.17,205.71,206.65,84373
2026-01-22 14:15:00,206.69,208.0,206.41,207.36,145909
2026-01-22 15:15:00,207.36,208.5,206.51,208.25,124840
2026-01-23 09:15:00,208.25,208.6,205.6,206.2,209311
2026-01-23 10:15:00,206.18,206.75,204.6,205.15,119386
2026-01-23 11:15:00,205.16,205.23,203.8,203.8,70538
2026-01-23 12:15:00,203.88,204.62,203.25,203.83,73818
2026-01-23 13:15:00,203.75,203.75,202.05,202.2,129073
2026-01-23 14:15:00,202.32,203.48,201.74,201.95,184652
2026-01-23 15:15:00,201.95,202.47,200.31,201.2,144922
2026-01-27 09:15:00,201.94,203.99,195.55,203.66,952544
2026-01-27 10:15:00,203.67,209.88,203.25,209.35,851406
2026-01-27 11:15:00,209.44,212.02,208.6,209.93,931001
2026-01-27 12:15:00,209.96,210.2,208.82,209.18,179017
2026-01-27 13:15:00,209.12,209.28,207.09,207.33,227637
2026-01-27 14:15:00,207.3,210.9,207.0,210.35,582107
2026-01-27 15:15:00,210.35,212.45,210.27,212.09,301350
2026-01-28 09:15:00,212.0,216.39,211.99,214.56,648854
2026-01-28 10:15:00,214.52,216.25,212.29,216.11,385464
2026-01-28 11:15:00,216.11,219.2,215.31,217.66,710372
2026-01-28 12:15:00,217.62,217.99,216.0,217.33,232722
2026-01-28 13:15:00,217.49,218.35,216.53,217.95,167102
2026-01-28 14:15:00,217.95,220.38,217.8,219.94,537289
2026-01-28 15:15:00,219.91,221.1,219.6,220.97,270342
2026-01-29 09:15:00,221.0,223.5,217.72,218.0,705890
2026-01-29 10:15:00,217.99,218.82,216.96,217.64,172102
2026-01-29 11:15:00,217.77,223.0,217.69,220.09,417099
2026-01-29 12:15:00,219.99,224.9,219.16,223.43,577556
2026-01-29 13:15:00,223.5,224.75,223.0,223.8,233893
2026-01-29 14:15:00,223.75,224.5,221.03,222.6,455238
2026-01-29 15:15:00,222.6,222.99,222.0,222.5,137379
2026-01-30 09:15:00,221.0,233.0,217.9,231.6,2911060
2026-01-30 10:15:00,231.6,231.6,227.28,229.5,707657
2026-01-30 11:15:00,229.38,229.58,226.1,227.2,367290
2026-01-30 12:15:00,227.11,227.2,223.75,224.01,454314
2026-01-30 13:15:00,224.01,227.6,223.6,225.52,450144
2026-01-30 14:15:00,225.52,227.26,224.41,225.6,545322
2026-01-30 15:15:00,225.45,225.98,223.5,225.42,360418
2026-02-01 09:15:00,228.85,232.9,226.07,232.5,1008549
2026-02-01 10:15:00,232.56,234.98,231.21,232.87,1411148
2026-02-01 11:15:00,232.84,234.98,222.22,224.6,1696997
2026-02-01 12:15:00,224.6,224.69,213.17,220.65,761867
2026-02-01 13:15:00,220.5,221.95,217.5,218.29,389477
2026-02-01 14:15:00,218.05,220.5,212.63,212.76,431315
2026-02-01 15:15:00,212.64,213.49,211.72,212.3,324559
2026-02-02 09:15:00,213.0,217.79,212.81,215.59,623239
2026-02-02 10:15:00,215.63,215.8,210.21,211.2,365860
2026-02-02 11:15:00,211.0,213.48,210.02,211.43,192194
2026-02-02 12:15:00,211.4,212.8,210.23,212.13,124512
2026-02-02 13:15:00,212.13,213.35,211.1,213.09,135919
2026-02-02 14:15:00,213.26,217.0,212.8,216.61,312039
2026-02-02 15:15:00,216.61,218.0,215.77,218.0,123349
2026-02-03 09:15:00,226.0,226.0,219.06,219.9,644184
2026-02-03 10:15:00,220.04,221.6,220.0,220.9,169704
2026-02-03 11:15:00,220.9,222.29,220.67,221.45,116308
2026-02-03 12:15:00,221.32,222.3,221.12,221.69,84582
2026-02-03 13:15:00,221.67,222.6,221.24,222.43,105222
2026-02-03 14:15:00,222.49,222.95,221.0,221.55,177896
2026-02-03 15:15:00,221.49,222.52,217.35,220.86,219416
2026-02-04 09:15:00,222.35,225.49,222.35,224.59,584218
2026-02-04 10:15:00,224.62,225.2,223.12,223.35,228498
2026-02-04 11:15:00,223.35,225.3,222.64,224.74,194432
2026-02-04 12:15:00,224.88,225.15,224.02,224.11,129329
2026-02-04 13:15:00,224.31,225.1,223.01,224.88,163160
2026-02-04 14:15:00,224.98,227.0,224.94,226.12,426916
2026-02-04 15:15:00,226.12,226.3,225.5,226.2,124850
2026-02-05 09:15:00,227.0,227.35,222.6,223.65,397476
2026-02-05 10:15:00,223.79,224.24,222.0,222.7,161686
2026-02-05 11:15:00,222.72,223.68,222.59,222.84,109642
2026-02-05 12:15:00,222.82,224.5,222.73,223.81,109236
2026-02-05 13:15:00,223.81,224.1,222.51,222.61,58984
2026-02-05 14:15:00,222.64,223.64,222.0,223.12,171455
2026-02-05 15:15:00,223.12,223.75,222.72,223.5,111751
2026-02-06 09:15:00,223.0,223.14,219.1,219.9,370567
2026-02-06 10:15:00,219.9,220.75,219.08,220.41,141252
2026-02-06 11:15:00,220.33,221.45,220.2,220.48,90484
2026-02-06 12:15:00,220.37,220.5,219.33,219.8,68189
2026-02-06 13:15:00,219.8,221.05,219.5,220.65,57639
2026-02-06 14:15:00,220.66,222.5,220.05,221.56,182806
2026-02-06 15:15:00,221.7,222.2,221.4,221.5,103341
2026-02-09 09:15:00,249.0,252.94,241.55,245.85,20758384
2026-02-09 10:15:00,245.85,251.95,243.2,248.7,9132665
2026-02-09 11:15:00,248.67,255.73,248.4,254.54,9567743
2026-02-09 12:15:00,254.6,259.87,253.25,257.96,11675482
2026-02-09 13:15:00,257.98,264.35,256.5,263.22,10678826
2026-02-09 14:15:00,263.21,266.16,262.42,266.16,9062054
2026-02-09 15:15:00,266.16,266.16,266.16,266.16,584492
2026-02-10 09:15:00,261.0,267.3,258.5,264.82,13900822
2026-02-10 10:15:00,264.82,269.9,264.02,267.39,7234649
2026-02-10 11:15:00,267.4,270.0,265.0,268.5,4285897
2026-02-10 12:15:00,268.5,270.0,266.0,267.39,2861266
2026-02-10 13:15:00,267.18,268.35,265.11,266.47,1520684
2026-02-10 14:15:00,266.49,271.9,264.05,268.1,6430081
2026-02-10 15:15:00,268.0,269.7,263.8,265.03,2436145
2026-02-11 09:15:00,264.0,270.9,262.93,266.39,4323857
2026-02-11 10:15:00,266.37,267.9,264.56,265.04,934445
2026-02-11 11:15:00,265.12,267.6,265.01,266.96,653787
2026-02-11 12:15:00,266.96,271.7,266.24,268.31,2229216
2026-02-11 13:15:00,268.4,269.9,267.18,268.13,677242
2026-02-11 14:15:00,267.97,268.48,267.0,267.5,714021
2026-02-11 15:15:00,267.5,268.0,265.35,265.35,660499
2026-02-12 09:15:00,267.04,280.38,265.75,274.6,16451525
2026-02-12 10:15:00,274.6,277.17,273.26,276.05,3278365
2026-02-12 11:15:00,276.05,280.0,275.8,277.57,4346329
2026-02-12 12:15:00,277.43,278.7,272.5,273.44,2863085
2026-02-12 13:15:00,273.3,278.7,273.1,276.45,2945043
2026-02-12 14:15:00,276.4,276.7,273.0,273.6,2131118
2026-02-12 15:15:00,273.74,273.94,272.5,273.29,1316892
2026-02-13 09:15:00,272.98,275.2,268.5,269.1,4121292
2026-02-13 10:15:00,269.0,271.54,268.75,269.52,728929
2026-02-13 11:15:00,269.52,270.05,266.64,269.86,823109
2026-02-13 12:15:00,269.86,271.48,268.51,269.68,614019
2026-02-13 13:15:00,269.66,269.75,267.6,268.05,407355
2026-02-13 14:15:00,268.01,268.75,264.0,264.6,1083758
2026-02-13 15:15:00,264.6,265.04,263.0,263.9,609117
2026-02-16 09:15:00,265.25,268.83,262.56,266.65,2229452
2026-02-16 10:15:00,266.53,266.8,264.5,264.52,494288
2026-02-16 11:15:00,264.68,267.67,264.04,267.28,520457
2026-02-16 12:15:00,267.28,269.3,266.5,267.64,788973
2026-02-16 13:15:00,267.64,268.8,267.54,268.1,320933
2026-02-16 14:15:00,268.22,271.3,267.8,269.01,1086740
2026-02-16 15:15:00,269.01,269.05,268.3,269.0,475998
2026-02-17 09:15:00,266.83,273.79,266.6,273.01,2672370
2026-02-17 10:15:00,273.13,273.15,266.9,267.45,990467
2026-02-17 11:15:00,267.48,276.3,266.91,274.97,2709777
2026-02-17 12:15:00,274.95,277.0,273.43,273.7,1296926
2026-02-17 13:15:00,273.77,275.4,273.3,273.34,609920
2026-02-17 14:15:00,273.37,274.5,272.75,273.55,754956
2026-02-17 15:15:00,273.54,273.54,272.0,272.81,521148
2026-02-18 09:15:00,275.5,278.5,273.32,274.52,1945580
2026-02-18 10:15:00,274.56,274.83,273.05,274.08,397227
2026-02-18 11:15:00,274.12,274.3,271.42,271.56,502453
2026-02-18 12:15:00,271.65,271.7,269.37,270.5,371911
2026-02-18 13:15:00,270.49,271.45,270.09,270.4,258450
2026-02-18 14:15:00,270.4,270.7,267.53,268.18,799856
2026-02-18 15:15:00,268.18,268.75,267.42,267.81,343847
2026-02-19 09:15:00,269.0,271.8,267.21,267.28,992482
2026-02-19 10:15:00,267.28,268.31,266.51,267.57,313071
2026-02-19 11:15:00,267.5,267.5,264.6,264.85,194858
2026-02-19 12:15:00,264.86,266.19,264.15,265.37,283088
2026-02-19 13:15:00,265.4,265.78,263.6,263.97,264473
2026-02-19 14:15:00,263.97,264.25,261.5,261.7,473309
2026-02-19 15:15:00,261.7,262.28,259.0,259.46,483978
2026-02-20 09:15:00,260.7,267.7,259.26,266.5,2148083
2026-02-20 10:15:00,266.56,267.0,260.07,261.15,1061978
2026-02-20 11:15:00,261.15,261.5,259.45,259.94,396599
2026-02-20 12:15:00,259.8,261.9,258.5,259.0,541007
2026-02-20 13:15:00,258.96,259.77,258.5,258.96,191514
2026-02-20 14:15:00,258.9,259.34,253.93,254.6,1011144
2026-02-20 15:15:00,254.6,256.48,253.95,255.33,555683
2026-02-23 09:15:00,258.05,265.3,256.4,263.72,1813118
2026-02-23 10:15:00,263.72,267.88,262.12,263.0,2346364
2026-02-23 11:15:00,263.0,263.0,260.51,260.62,426816
2026-02-23 12:15:00,260.75,261.0,259.23,259.39,214050
2026-02-23 13:15:00,259.39,259.99,256.8,258.3,310893
2026-02-23 14:15:00,258.2,260.56,257.07,260.45,528001
2026-02-23 15:15:00,260.45,260.5,258.5,259.44,418287
2026-02-24 09:15:00,260.5,263.0,258.15,259.87,907025
2026-02-24 10:15:00,259.75,261.22,258.7,259.73,251878
2026-02-24 11:15:00,259.85,260.7,258.29,258.31,162002
2026-02-24 12:15:00,258.27,258.52,257.0,258.5,152667
2026-02-24 13:15:00,258.5,259.64,256.0,259.38,255596
2026-02-24 14:15:00,259.35,260.89,257.51,259.69,401800
2026-02-24 15:15:00,259.68,260.45,259.29,260.3,204674
2026-02-25 09:15:00,261.5,266.85,261.19,264.29,1115409
2026-02-25 10:15:00,264.29,267.0,263.8,264.67,491264
2026-02-25 11:15:00,264.67,267.95,264.55,265.9,656068
2026-02-25 12:15:00,266.0,266.0,264.0,264.52,416490
2026-02-25 13:15:00,264.55,264.96,263.65,264.87,174488
2026-02-25 14:15:00,264.87,265.99,263.7,265.49,368960
2026-02-25 15:15:00,265.49,265.7,264.41,265.3,243753
2026-02-26 09:15:00,266.9,272.4,266.32,269.07,1720723
2026-02-26 10:15:00,269.07,270.86,268.82,269.76,319538
2026-02-26 11:15:00,269.76,270.45,268.4,269.41,354481
2026-02-26 12:15:00,269.45,269.49,268.2,268.9,183828
2026-02-26 13:15:00,268.88,269.07,267.28,267.7,186951
2026-02-26 14:15:00,267.75,268.84,267.28,268.18,282461
2026-02-26 15:15:00,268.18,268.5,267.7,268.27,268070
2026-02-27 09:15:00,268.4,268.75,264.55,265.02,510075
2026-02-27 10:15:00,265.15,266.5,264.52,265.85,225580
2026-02-27 11:15:00,265.85,265.98,263.75,265.15,127202
2026-02-27 12:15:00,265.11,266.0,264.85,265.32,79625
2026-02-27 13:15:00,265.14,265.41,264.31,264.47,74574
2026-02-27 14:15:00,264.58,265.58,262.5,262.7,364228
2026-02-27 15:15:00,262.9,263.6,262.32,263.39,236476
2026-03-02 09:15:00,251.8,263.2,251.0,258.9,1818217
2026-03-02 10:15:00,259.0,261.85,256.6,261.4,501665
2026-03-02 11:15:00,261.2,262.1,257.7,257.7,346169
2026-03-02 12:15:00,257.7,257.9,254.25,255.0,433420
2026-03-02 13:15:00,255.0,255.8,252.0,255.55,367557
2026-03-02 14:15:00,255.8,256.0,254.2,255.45,299152
2026-03-02 15:15:00,255.5,257.9,255.15,257.0,263127
2026-03-04 09:15:00,253.2,256.85,247.85,253.3,2146559
2026-03-04 10:15:00,253.3,253.85,248.6,249.8,516636
2026-03-04 11:15:00,249.85,251.45,248.55,249.45,344781
2026-03-04 12:15:00,249.25,250.25,248.05,250.0,204623
2026-03-04 13:15:00,250.15,251.7,245.2,249.55,684316
2026-03-04 14:15:00,249.55,250.3,244.55,246.25,508608
2026-03-04 15:15:00,246.25,247.5,244.9,245.9,279883
2026-03-05 09:15:00,250.0,250.5,237.1,238.45,3091963
2026-03-05 10:15:00,238.45,239.05,231.2,233.0,2161411
2026-03-05 11:15:00,233.0,239.0,232.9,238.5,1380689
2026-03-05 12:15:00,238.5,247.35,238.2,242.85,1907377
2026-03-05 13:15:00,242.85,243.5,240.0,240.5,592179
2026-03-05 14:15:00,240.5,243.7,239.6,242.15,778756
2026-03-05 15:15:00,242.4,242.8,240.4,242.8,412744
2026-03-06 09:15:00,241.0,246.4,240.2,243.25,1444089
2026-03-06 10:15:00,243.2,243.2,237.4,238.85,849654
2026-03-06 11:15:00,238.9,243.95,238.6,243.05,750997
2026-03-06 12:15:00,243.05,243.7,242.3,243.0,184677
2026-03-06 13:15:00,243.0,243.75,242.3,242.85,145257
2026-03-06 14:15:00,242.75,245.2,241.15,241.95,445177
2026-03-06 15:15:00,241.9,242.0,239.5,240.5,290273
2026-03-09 09:15:00,234.0,236.0,227.55,232.2,1171812
2026-03-09 10:15:00,232.2,232.75,229.5,231.55,398561
2026-03-09 11:15:00,231.4,233.6,231.0,231.6,231705
2026-03-09 12:15:00,231.6,232.7,231.4,231.7,89050
2026-03-09 13:15:00,231.6,233.5,230.6,231.45,226059
2026-03-09 14:15:00,231.35,233.55,231.05,232.55,313888
2026-03-09 15:15:00,232.5,233.95,232.3,233.35,275407
2026-03-10 09:15:00,237.0,239.2,233.35,235.4,810101
2026-03-10 10:15:00,235.25,241.0,234.8,239.2,1034691
2026-03-10 11:15:00,239.2,242.35,239.05,240.2,418736
2026-03-10 12:15:00,240.2,242.95,239.85,242.5,300571
2026-03-10 13:15:00,242.5,244.3,242.1,243.9,378330
2026-03-10 14:15:00,243.85,245.3,242.35,244.45,549965
2026-03-10 15:15:00,244.4,246.75,244.05,245.3,328756
2026-03-11 09:15:00,246.4,256.3,242.65,253.7,2048371
2026-03-11 10:15:00,253.65,253.7,247.7,248.15,1044460
2026-03-11 11:15:00,248.25,249.0,246.1,248.0,308035
2026-03-11 12:15:00,248.0,248.0,244.25,244.95,350409
2026-03-11 13:15:00,244.8,247.95,243.6,244.0,580612
2026-03-11 14:15:00,243.9,244.3,240.0,240.35,493467
2026-03-11 15:15:00,240.25,240.7,238.9,239.3,268107
2026-03-12 09:15:00,240.0,244.75,237.1,242.3,1258586
2026-03-12 10:15:00,242.2,247.4,241.5,246.55,852000
2026-03-12 11:15:00,246.65,249.8,245.05,249.8,897839
2026-03-12 12:15:00,249.7,258.0,248.95,254.3,2484399
2026-03-12 13:15:00,254.1,255.6,252.55,253.5,795990
2026-03-12 14:15:00,253.5,253.5,250.0,250.5,729756
2026-03-12 15:15:00,250.3,251.2,250.0,251.0,420220
2026-03-13 09:15:00,251.85,253.35,243.5,243.8,1826523
2026-03-13 10:15:00,243.8,245.4,242.1,242.1,350471
2026-03-13 11:15:00,242.1,244.0,240.7,242.35,374158
2026-03-13 12:15:00,242.35,242.45,239.45,240.25,258084
2026-03-13 13:15:00,240.1,242.6,239.0,242.45,434402
2026-03-13 14:15:00,242.4,243.45,238.0,239.1,488848
2026-03-13 15:15:00,239.0,239.55,238.0,238.5,238578
2026-03-16 09:15:00,238.5,239.85,234.05,234.85,932287
2026-03-16 10:15:00,234.85,234.9,229.95,231.45,498639
2026-03-16 11:15:00,231.35,233.35,230.6,231.6,281879
2026-03-16 12:15:00,231.45,232.45,230.3,231.55,152000
2026-03-16 13:15:00,231.55,232.6,230.15,232.25,170474
2026-03-16 14:15:00,232.5,236.2,232.15,233.35,636083
2026-03-16 15:15:00,233.1,234.1,232.15,233.5,173754
2026-03-17 09:15:00,235.5,237.1,233.2,235.5,639368
2026-03-17 10:15:00,235.7,236.9,234.45,236.45,249589
2026-03-17 11:15:00,236.45,236.45,232.15,232.85,266595
2026-03-17 12:15:00,232.85,232.85,228.55,231.2,673639
2026-03-17 13:15:00,231.25,234.8,230.7,233.25,408816
2026-03-17 14:15:00,233.25,238.5,232.5,236.5,650963
2026-03-17 15:15:00,236.35,237.4,235.6,236.1,179023
2026-03-18 09:15:00,238.05,243.6,236.55,241.35,976612
2026-03-18 10:15:00,241.5,242.85,241.1,242.25,177946
2026-03-18 11:15:00,242.25,243.7,240.6,241.2,281226
2026-03-18 12:15:00,241.05,241.8,239.25,240.95,265924
2026-03-18 13:15:00,240.95,241.8,239.8,239.8,178200
2026-03-18 14:15:00,239.8,244.8,239.65,240.2,1688052
2026-03-18 15:15:00,240.2,240.4,238.1,239.0,390946
2026-03-19 09:15:00,236.0,237.75,234.0,234.2,769760
2026-03-19 10:15:00,234.1,235.35,233.0,233.35,224684
2026-03-19 11:15:00,233.2,234.15,232.65,233.9,136578
2026-03-19 12:15:00,233.85,234.6,232.8,232.8,97062
2026-03-19 13:15:00,232.8,233.0,230.6,231.1,150319
2026-03-19 14:15:00,231.1,231.65,228.45,229.55,400540
2026-03-19 15:15:00,229.5,234.0,228.95,231.0,198264
2026-03-20 09:15:00,232.5,240.45,232.5,237.95,910629
2026-03-20 10:15:00,238.05,238.4,237.2,237.9,199687
2026-03-20 11:15:00,237.9,238.9,235.5,235.85,248271
2026-03-20 12:15:00,235.9,236.4,234.55,236.0,132288
2026-03-20 13:15:00,235.95,236.45,235.0,235.0,100832
2026-03-20 14:15:00,235.0,235.4,231.8,233.0,322054
2026-03-20 15:15:00,232.9,234.45,232.85,234.0,136270
2026-03-23 09:15:00,230.4,231.3,222.85,223.6,951596
2026-03-23 10:15:00,223.75,223.75,217.9,220.25,609645
2026-03-23 11:15:00,220.25,220.85,219.3,219.6,150487
2026-03-23 12:15:00,219.55,219.95,217.55,218.5,231340
2026-03-23 13:15:00,218.5,222.0,218.45,221.0,290406
2026-03-23 14:15:00,221.05,221.6,218.35,219.75,289395
2026-03-23 15:15:00,219.75,219.85,218.3,219.2,175116
2026-03-24 09:15:00,229.0,229.0,222.3,224.9,1123138
2026-03-24 10:15:00,224.75,225.8,222.55,224.25,328861
2026-03-24 11:15:00,224.25,226.25,223.7,225.7,221340
2026-03-24 12:15:00,225.55,228.5,225.35,227.3,401023
2026-03-24 13:15:00,227.3,227.7,225.9,227.35,179796
2026-03-24 14:15:00,227.35,231.0,227.0,230.75,1076734
2026-03-24 15:15:00,230.75,231.2,229.5,230.3,289725
2026-03-25 09:15:00,233.0,239.8,232.1,238.0,1097725
2026-03-25 10:15:00,238.0,238.5,237.0,238.5,191327
2026-03-25 11:15:00,238.35,238.55,235.65,237.2,226438
2026-03-25 12:15:00,237.2,237.2,234.6,235.3,241692
2026-03-25 13:15:00,235.4,236.6,234.6,234.95,158928
2026-03-25 14:15:00,234.75,235.25,233.1,233.85,282279
2026-03-25 15:15:00,233.65,233.8,232.6,233.6,220379
2026-03-27 09:15:00,230.0,234.95,229.4,230.0,921249
2026-03-27 10:15:00,230.0,233.05,229.2,230.25,451447
2026-03-27 11:15:00,230.2,231.3,229.25,230.3,256972
2026-03-27 12:15:00,230.3,232.0,229.0,231.35,263771
2026-03-27 13:15:00,231.35,232.5,230.1,231.3,290677
2026-03-27 14:15:00,231.3,231.65,228.5,228.7,375836
2026-03-27 15:15:00,228.5,229.8,228.0,229.3,306087
2026-03-30 09:15:00,226.5,231.3,222.3,226.95,992416
2026-03-30 10:15:00,227.15,227.55,224.2,225.15,355159
2026-03-30 11:15:00,224.95,226.15,224.0,225.25,177852
2026-03-30 12:15:00,225.3,226.3,224.2,224.35,149812
2026-03-30 13:15:00,224.5,225.0,222.5,223.55,227795
2026-03-30 14:15:00,223.5,223.5,218.6,220.0,572975
2026-03-30 15:15:00,220.0,221.0,219.0,220.9,275132
2026-04-01 09:15:00,228.0,237.98,226.03,234.88,1800564
2026-04-01 10:15:00,234.89,234.93,231.61,233.61,582728
2026-04-01 11:15:00,233.64,234.95,233.0,234.45,275763
2026-04-01 12:15:00,234.3,235.0,233.84,234.24,196795
2026-04-01 13:15:00,234.29,234.4,230.8,232.67,358628
2026-04-01 14:15:00,232.61,232.63,230.21,231.0,337370
2026-04-01 15:15:00,231.1,232.5,230.98,231.87,186313
2026-04-02 09:15:00,227.96,227.96,220.32,221.2,867147
2026-04-02 10:15:00,221.05,221.96,220.4,220.81,183378
2026-04-02 11:15:00,220.81,223.38,220.61,222.91,335304
2026-04-02 12:15:00,222.95,224.85,222.01,224.65,298635
2026-04-02 13:15:00,224.65,227.7,224.5,227.51,415093
2026-04-02 14:15:00,227.58,229.8,225.52,229.0,502461
2026-04-02 15:15:00,229.0,229.3,228.05,228.5,140593
2026-04-06 09:15:00,230.0,232.54,225.15,227.75,900246
2026-04-06 10:15:00,227.89,229.64,227.15,227.53,238265
2026-04-06 11:15:00,227.66,232.0,227.36,229.75,300476
2026-04-06 12:15:00,229.89,231.62,229.89,231.29,178091
2026-04-06 13:15:00,231.44,232.92,231.05,232.38,246503
2026-04-06 14:15:00,232.5,233.8,230.55,233.0,442672
2026-04-06 15:15:00,233.07,233.25,231.78,232.86,195777
2026-04-07 09:15:00,233.6,238.37,233.17,235.27,1109646
2026-04-07 10:15:00,235.29,236.75,234.23,234.35,335108
2026-04-07 11:15:00,234.41,235.3,234.05,234.81,132053
2026-04-07 12:15:00,234.81,235.02,233.48,233.96,122070
2026-04-07 13:15:00,233.96,234.85,233.1,233.6,172461
2026-04-07 14:15:00,233.6,234.8,232.76,233.84,293760
2026-04-07 15:15:00,233.84,234.25,231.99,232.95,274030
2026-04-08 09:15:00,244.0,245.4,239.53,242.2,1629489
2026-04-08 10:15:00,242.23,245.0,242.1,244.26,585874
2026-04-08 11:15:00,244.26,244.93,240.5,241.0,570691
2026-04-08 12:15:00,240.96,241.0,237.2,238.0,625371
2026-04-08 13:15:00,238.0,238.0,237.21,237.77,318624
2026-04-08 14:15:00,237.66,238.8,236.66,237.83,831076
2026-04-08 15:15:00,237.83,238.0,236.1,237.95,407135
2026-04-09 09:15:00,238.09,243.78,237.15,241.48,1589701
2026-04-09 10:15:00,241.54,244.42,241.0,242.75,919042
2026-04-09 11:15:00,242.77,242.79,241.2,241.99,347851
2026-04-09 12:15:00,242.0,242.34,238.28,238.6,586476
2026-04-09 13:15:00,238.6,238.64,237.41,238.03,314705
2026-04-09 14:15:00,238.11,239.0,237.25,238.86,395935
2026-04-09 15:15:00,238.94,239.39,238.6,239.0,374575
2026-04-10 09:15:00,240.06,247.72,240.06,243.3,2732135
2026-04-10 10:15:00,243.3,244.2,243.1,243.55,273054
2026-04-10 11:15:00,243.55,244.19,243.0,243.64,177804
2026-04-10 12:15:00,243.54,245.0,243.1,244.74,280289
2026-04-10 13:15:00,244.78,245.0,244.0,244.0,221505
2026-04-10 14:15:00,244.11,244.11,242.8,243.09,388262
2026-04-10 15:15:00,243.0,244.25,242.1,243.91,349934
2026-04-13 09:15:00,237.75,242.4,235.2,241.62,1060729
2026-04-13 10:15:00,241.56,248.95,240.81,247.96,1274058
2026-04-13 11:15:00,247.98,252.99,247.1,249.38,1514757
2026-04-13 12:15:00,249.27,249.47,246.8,247.85,464567
2026-04-13 13:15:00,247.8,248.99,247.4,247.62,203698
2026-04-13 14:15:00,247.62,248.0,245.2,245.8,445310
2026-04-13 15:15:00,245.68,248.0,245.33,247.0,292374
2026-04-15 09:15:00,251.1,254.4,249.56,253.37,1478663
2026-04-15 10:15:00,253.3,255.54,252.87,254.2,995268
2026-04-15 11:15:00,254.1,254.75,253.3,254.16,239379
2026-04-15 12:15:00,254.16,254.28,252.87,253.98,240494
2026-04-15 13:15:00,253.83,254.9,253.1,253.85,198918
2026-04-15 14:15:00,253.85,255.0,253.2,253.47,412286
2026-04-15 15:15:00,253.47,253.67,252.05,253.0,313344
2026-04-16 09:15:00,255.75,257.16,251.51,254.43,1154249
2026-04-16 10:15:00,254.36,267.0,253.93,265.16,3409361
2026-04-16 11:15:00,265.11,266.6,260.25,262.5,1229885
2026-04-16 12:15:00,262.63,289.31,260.51,284.69,13855911
2026-04-16 13:15:00,284.69,286.5,278.2,278.4,8572422
2026-04-16 14:15:00,278.58,288.0,277.45,287.19,6214676
2026-04-16 15:15:00,287.2,294.0,285.1,293.01,7389501
2026-04-17 09:15:00,292.29,304.7,292.0,296.37,15601113
2026-04-17 10:15:00,296.49,302.7,295.0,300.15,7191519
2026-04-17 11:15:00,300.03,319.4,299.61,319.05,25374890
2026-04-17 12:15:00,319.05,322.8,312.0,314.5,22720733
2026-04-17 13:15:00,314.5,315.49,305.55,311.38,12440167
2026-04-17 14:15:00,311.49,314.5,303.17,304.89,11820663
2026-04-17 15:15:00,304.77,308.7,304.3,306.0,4535453
2026-04-20 09:15:00,307.0,322.51,306.9,310.03,23463719
2026-04-20 10:15:00,310.0,312.0,307.3,307.3,4917129
2026-04-20 11:15:00,307.47,308.5,306.16,307.69,2349580
2026-04-20 12:15:00,307.69,307.99,301.4,302.8,3703362
2026-04-20 13:15:00,302.8,302.91,297.2,298.72,3678747
2026-04-20 14:15:00,298.8,303.15,298.7,301.11,3959649
2026-04-20 15:15:00,301.15,302.0,296.3,297.55,2769705
2026-04-21 09:15:00,300.49,301.5,296.0,298.82,3082236
2026-04-21 10:15:00,298.82,298.93,296.46,297.2,935336
2026-04-21 11:15:00,297.2,297.36,295.68,296.29,406868
2026-04-21 12:15:00,296.2,298.8,294.25,297.8,926163
2026-04-21 13:15:00,297.9,301.0,297.8,298.28,1259137
2026-04-21 14:15:00,298.27,302.7,297.0,300.22,2044187
2026-04-21 15:15:00,300.1,302.3,299.1,300.21,798379
2026-04-22 09:15:00,300.0,305.9,298.51,302.8,2949772
2026-04-22 10:15:00,302.8,303.3,300.96,301.25,470267
2026-04-22 11:15:00,301.37,301.9,298.3,298.3,514123
2026-04-22 12:15:00,298.36,299.0,298.0,298.49,355585
2026-04-22 13:15:00,298.49,299.75,297.5,299.15,558968
2026-04-22 14:15:00,299.04,299.85,297.5,297.85,699736
2026-04-22 15:15:00,297.9,298.9,297.0,298.8,483888
2026-04-23 09:15:00,297.0,300.0,294.56,296.63,1391272
2026-04-23 10:15:00,296.62,296.87,293.41,295.1,554891
2026-04-23 11:15:00,295.1,299.7,294.13,297.33,692550
2026-04-23 12:15:00,297.21,297.38,292.13,293.89,727568
2026-04-23 13:15:00,293.89,296.25,293.36,293.8,574243
2026-04-23 14:15:00,293.87,293.98,291.75,292.4,580532
2026-04-23 15:15:00,292.3,293.39,291.51,293.25,402955
2026-04-24 09:15:00,293.7,296.71,287.95,293.5,1691199
2026-04-24 10:15:00,293.5,294.8,289.7,289.78,1014409
2026-04-24 11:15:00,289.89,293.01,288.5,292.9,626984
2026-04-24 12:15:00,292.73,292.9,289.0,289.45,280424
2026-04-24 13:15:00,289.56,289.84,284.61,287.21,576622
2026-04-24 14:15:00,287.11,289.19,286.61,287.4,557178
2026-04-24 15:15:00,287.34,292.0,287.0,288.5,524894
2026-04-27 09:15:00,289.9,294.65,289.32,291.6,1293683
2026-04-27 10:15:00,291.6,293.5,291.4,292.14,343495
2026-04-27 11:15:00,292.15,292.52,291.6,292.05,142708
2026-04-27 12:15:00,292.06,294.5,291.9,294.11,409698
2026-04-27 13:15:00,294.15,300.13,293.4,293.57,1750731
2026-04-27 14:15:00,293.57,293.57,289.5,289.61,702859
2026-04-27 15:15:00,289.67,290.33,289.1,290.05,402900
2026-04-28 09:15:00,290.99,299.6,288.65,299.18,2711873
2026-04-28 10:15:00,299.35,304.25,298.74,301.0,4606089
2026-04-28 11:15:00,301.0,304.0,299.25,300.6,1529721
2026-04-28 12:15:00,300.6,300.93,298.12,298.12,766391
2026-04-28 13:15:00,298.15,299.75,296.5,296.62,985588
2026-04-28 14:15:00,296.62,303.75,296.0,303.0,2473093
2026-04-28 15:15:00,303.0,306.6,302.7,306.6,1915226
2026-04-29 09:15:00,307.0,316.48,306.6,312.63,10567014
2026-04-29 10:15:00,312.81,313.29,309.77,312.3,2464999
2026-04-29 11:15:00,312.43,314.69,309.0,310.17,2028592
2026-04-29 12:15:00,310.12,316.0,309.21,310.65,2931789
2026-04-29 13:15:00,310.65,310.92,306.8,308.67,1288333
2026-04-29 14:15:00,308.78,308.81,307.0,307.0,986900
2026-04-29 15:15:00,306.82,310.42,305.49,308.75,1822032
2026-04-30 09:15:00,307.0,311.0,298.6,298.72,2966727
2026-04-30 10:15:00,298.74,301.0,297.1,300.17,1004747
2026-04-30 11:15:00,300.17,304.61,299.88,303.0,819842
2026-04-30 12:15:00,302.9,304.31,301.9,303.87,368611
2026-04-30 13:15:00,303.85,309.38,303.75,305.2,1599065
2026-04-30 14:15:00,305.38,306.0,303.0,304.2,638582
2026-04-30 15:15:00,304.15,305.8,303.96,305.0,495784
2026-05-04 09:15:00,306.95,312.5,301.5,306.35,3156469
2026-05-04 10:15:00,306.45,313.85,305.5,312.65,2593538
2026-05-04 11:15:00,312.75,314.85,311.05,311.3,1560319
2026-05-04 12:15:00,311.2,312.1,309.05,310.3,682459
2026-05-04 13:15:00,310.3,312.3,307.1,311.7,807698
2026-05-04 14:15:00,311.85,319.4,310.85,317.35,4707638
2026-05-04 15:15:00,317.2,319.8,317.0,319.4,1657486
2026-05-05 09:15:00,320.1,328.8,319.25,323.15,7695790
2026-05-05 10:15:00,323.25,324.3,315.15,317.5,2362620
2026-05-05 11:15:00,317.75,322.6,316.7,321.7,1291835
2026-05-05 12:15:00,321.75,321.85,319.5,320.15,490698
2026-05-05 13:15:00,320.15,322.45,318.5,321.15,836506
2026-05-05 14:15:00,321.15,322.4,319.4,321.65,1198633
2026-05-05 15:15:00,321.65,321.95,318.5,319.0,827749
2026-05-06 09:15:00,322.0,323.3,308.5,309.75,3385524
2026-05-06 10:15:00,309.75,311.9,306.5,308.05,1973656
2026-05-06 11:15:00,308.15,311.0,307.3,310.45,967412
2026-05-06 12:15:00,310.45,311.25,307.15,309.55,647492
2026-05-06 13:15:00,309.55,313.3,309.1,311.75,843704
2026-05-06 14:15:00,311.7,313.5,311.0,311.9,901453
2026-05-06 15:15:00,311.7,314.5,310.9,314.5,825711
2026-05-07 09:15:00,314.6,319.15,311.05,315.85,2346561
2026-05-07 10:15:00,315.85,319.0,315.4,318.35,923670
2026-05-07 11:15:00,318.35,322.4,317.3,318.55,1269222
2026-05-07 12:15:00,318.75,319.8,317.1,317.55,400758
2026-05-07 13:15:00,317.55,318.7,316.25,318.0,351905
2026-05-07 14:15:00,318.1,321.6,316.7,319.4,1111553
2026-05-07 15:15:00,319.4,320.3,318.6,318.6,615628
2026-05-08 09:15:00,319.5,342.0,318.75,335.2,14834304
2026-05-08 10:15:00,335.35,342.45,333.4,341.0,3811534
2026-05-08 11:15:00,340.9,345.0,337.3,338.1,4894820
2026-05-08 12:15:00,338.25,338.8,335.0,335.85,1473710
2026-05-08 13:15:00,335.7,344.35,335.4,338.25,3813440
2026-05-08 14:15:00,338.45,343.4,337.15,338.4,2940973
2026-05-08 15:15:00,338.45,340.45,338.0,339.1,1563865
2026-05-11 09:15:00,337.05,368.75,334.4,339.65,25256499
2026-05-11 10:15:00,339.5,345.0,338.5,344.7,3601577
2026-05-11 11:15:00,344.75,344.95,341.55,343.2,1208185
2026-05-11 12:15:00,343.1,343.5,340.5,341.7,841186
2026-05-11 13:15:00,341.85,344.0,340.55,342.35,811108
2026-05-11 14:15:00,342.4,343.5,338.3,340.55,2362963
2026-05-11 15:15:00,340.55,343.0,336.6,342.0,2045319
2026-05-12 09:15:00,339.0,350.85,335.8,342.3,6948543
2026-05-12 10:15:00,342.55,343.75,339.0,339.2,1136675
2026-05-12 11:15:00,339.05,340.15,336.35,336.65,620081
2026-05-12 12:15:00,336.65,337.55,330.75,332.5,1472844
2026-05-12 13:15:00,332.5,332.85,327.4,329.05,1131129
2026-05-12 14:15:00,329.05,331.15,323.4,324.45,1625836
2026-05-12 15:15:00,324.7,329.9,322.95,327.95,1016477
2026-05-13 09:15:00,327.0,342.9,326.6,338.4,4649049
2026-05-13 10:15:00,338.25,338.25,329.5,330.4,1036867
2026-05-13 11:15:00,330.25,335.95,330.0,335.0,928584
2026-05-13 12:15:00,335.1,335.25,330.7,333.6,735897
2026-05-13 13:15:00,333.4,335.95,332.2,335.1,446936
2026-05-13 14:15:00,335.1,335.8,330.8,331.6,877304
2026-05-13 15:15:00,331.5,332.65,331.0,332.35,494880
2026-05-14 09:15:00,334.35,338.5,324.0,327.15,2317909
2026-05-14 10:15:00,327.1,327.75,321.05,323.95,778915
2026-05-14 11:15:00,323.7,326.15,321.0,325.9,1459940
2026-05-14 12:15:00,326.05,329.0,325.35,326.2,549164
2026-05-14 13:15:00,326.2,328.2,325.8,327.0,265947
2026-05-14 14:15:00,327.0,327.75,324.45,327.0,658770
2026-05-14 15:15:00,326.85,329.25,326.0,329.2,617323
2026-05-15 09:15:00,328.85,330.75,318.15,326.65,2446130
2026-05-15 10:15:00,326.55,338.35,325.25,335.9,2756801
2026-05-15 11:15:00,335.9,337.4,334.05,334.7,1137325
2026-05-15 12:15:00,334.6,335.6,332.75,335.5,618970
2026-05-15 13:15:00,335.4,343.1,335.1,337.6,3128401
2026-05-15 14:15:00,337.55,337.8,330.6,331.25,1330200
2026-05-15 15:15:00,331.05,333.5,329.5,333.0,932346
2026-05-18 09:15:00,329.9,343.4,325.25,340.9,6735717
2026-05-18 10:15:00,340.9,351.7,340.8,348.25,9819997
2026-05-18 11:15:00,348.05,350.9,345.1,346.8,2665063
2026-05-18 12:15:00,346.6,347.4,343.15,344.35,1368039
2026-05-18 13:15:00,344.35,346.5,342.5,344.7,1430649
2026-05-18 14:15:00,344.5,346.5,341.75,344.6,1819938
2026-05-18 15:15:00,344.5,345.65,343.35,344.0,1332210
2026-05-19 09:15:00,346.2,351.3,338.75,346.55,3447948
2026-05-19 10:15:00,346.6,349.75,343.6,344.35,1537244
2026-05-19 11:15:00,344.2,344.55,342.6,343.65,596912
2026-05-19 12:15:00,343.75,344.5,341.4,341.75,476406
2026-05-19 13:15:00,341.75,342.4,340.55,341.55,398595
2026-05-19 14:15:00,341.55,342.1,339.0,339.85,981200
2026-05-19 15:15:00,339.85,340.0,333.1,333.8,1153633
2026-05-20 09:15:00,333.4,336.4,326.55,330.7,2510001
2026-05-20 10:15:00,330.7,332.95,328.55,331.1,499136
2026-05-20 11:15:00,331.05,333.1,330.35,331.3,290310
2026-05-20 12:15:00,331.3,332.0,328.15,328.7,358651
2026-05-20 13:15:00,328.7,328.75,326.1,328.0,496250
2026-05-20 14:15:00,328.0,328.8,324.65,327.25,1277592
2026-05-20 15:15:00,327.05,328.25,326.1,327.65,662750
2026-05-21 09:15:00,330.0,334.6,330.0,332.0,1332931
2026-05-21 10:15:00,332.2,333.6,327.55,328.9,636030
2026-05-21 11:15:00,329.0,330.25,327.65,329.7,255371
2026-05-21 12:15:00,329.5,329.8,326.5,328.0,271611
2026-05-21 13:15:00,327.85,329.6,327.4,328.55,215365
2026-05-21 14:15:00,328.55,329.0,326.65,327.4,372427
2026-05-21 15:15:00,327.25,328.0,326.0,326.8,289282
2026-05-22 09:15:00,327.25,333.4,327.25,330.15,1314169
2026-05-22 10:15:00,330.15,330.45,327.6,328.1,289034
2026-05-22 11:15:00,328.1,328.45,323.15,323.25,495816
2026-05-22 12:15:00,323.4,324.0,318.0,321.6,1185581
2026-05-22 13:15:00,321.75,324.5,321.45,323.05,382051
2026-05-22 14:15:00,323.1,323.25,314.2,316.8,2631054
2026-05-22 15:15:00,316.95,317.5,314.75,315.55,821967
2026-05-25 09:15:00,318.65,321.55,307.8,308.65,3011488
2026-05-25 10:15:00,308.45,309.9,301.8,307.8,2825894
2026-05-25 11:15:00,307.8,309.0,303.9,304.55,1133201
2026-05-25 12:15:00,304.65,305.0,302.65,303.4,743673
2026-05-25 13:15:00,303.45,304.15,303.3,303.65,426298
2026-05-25 14:15:00,303.65,304.45,302.5,302.75,984623
2026-05-25 15:15:00,302.95,303.3,300.35,302.8,1021928
2026-05-26 09:15:00,303.95,312.3,301.25,309.6,2703994
2026-05-26 10:15:00,309.5,313.0,309.0,311.85,922074
2026-05-26 11:15:00,311.9,312.6,310.1,311.2,461663
2026-05-26 12:15:00,311.25,312.25,308.75,309.3,457317
2026-05-26 13:15:00,309.2,309.45,305.4,306.95,751165
2026-05-26 14:15:00,306.95,308.15,305.85,307.7,478023
2026-05-26 15:15:00,307.7,309.3,306.8,306.8,480328
2026-05-27 09:15:00,308.1,312.95,305.3,306.25,1495836
2026-05-27 10:15:00,306.25,307.5,305.4,306.5,503328
2026-05-27 11:15:00,306.3,306.5,302.7,303.4,784931
2026-05-27 12:15:00,303.35,304.85,302.9,303.6,299752
2026-05-27 13:15:00,303.45,303.85,302.4,302.65,224761
2026-05-27 14:15:00,302.65,304.0,300.65,303.8,804436
2026-05-27 15:15:00,303.65,304.4,302.85,303.85,412825
2026-05-29 09:15:00,303.8,307.5,298.35,300.9,1599433
2026-05-29 10:15:00,300.85,302.45,300.15,301.65,355058
2026-05-29 11:15:00,301.65,302.2,300.2,300.3,228487
2026-05-29 12:15:00,300.3,301.4,298.8,299.1,257307
2026-05-29 13:15:00,299.1,299.45,298.0,298.55,231110
2026-05-29 14:15:00,298.55,299.4,291.5,292.35,1504847
2026-05-29 15:15:00,292.3,294.4,290.1,294.0,940187
2026-06-01 09:15:00,292.95,294.65,287.0,287.7,2118517
2026-06-01 10:15:00,287.5,292.5,287.05,291.55,708935
2026-06-01 11:15:00,291.55,292.15,289.35,290.45,351981
2026-06-01 12:15:00,290.4,290.4,288.05,288.15,218826
2026-06-01 13:15:00,288.15,290.2,287.5,287.65,255534
2026-06-01 14:15:00,287.8,289.0,286.1,287.25,566331
2026-06-01 15:15:00,287.2,287.7,286.0,286.95,264506
2026-06-02 09:15:00,285.0,291.4,283.6,289.6,1055898
2026-06-02 10:15:00,289.4,293.9,288.8,292.55,777028
2026-06-02 11:15:00,292.5,293.5,289.0,290.3,448995
2026-06-02 12:15:00,290.5,300.8,289.55,300.2,1775584
2026-06-02 13:15:00,300.0,302.95,298.35,299.45,1815385
2026-06-02 14:15:00,299.45,303.0,298.15,302.6,1351325
2026-06-02 15:15:00,302.6,304.05,302.0,303.5,715131
2026-06-03 09:15:00,303.0,306.65,297.7,298.3,2087189
2026-06-03 10:15:00,298.3,303.0,298.3,299.35,601142
2026-06-03 11:15:00,299.3,302.55,297.6,298.45,532117
2026-06-03 12:15:00,298.45,301.95,298.4,300.4,293395
2026-06-03 13:15:00,300.5,302.5,300.35,302.3,332018
2026-06-03 14:15:00,302.3,305.1,302.0,303.45,796419
2026-06-03 15:15:00,303.45,303.95,303.0,303.5,362644
2026-06-04 09:15:00,302.0,308.4,301.55,306.85,1331886
2026-06-04 10:15:00,306.85,307.5,304.4,305.5,417883
2026-06-04 11:15:00,305.5,306.95,305.0,306.7,287975
2026-06-04 12:15:00,306.7,307.5,304.6,305.4,286943
2026-06-04 13:15:00,305.3,306.5,304.6,305.6,185969
2026-06-04 14:15:00,305.7,306.4,303.45,304.45,359377
2026-06-04 15:15:00,304.45,305.05,303.3,304.4,266118
2026-06-05 09:15:00,305.15,324.0,304.7,317.0,9350437
2026-06-05 10:15:00,316.8,320.6,314.5,318.9,1860155
2026-06-05 11:15:00,318.9,324.0,316.8,320.95,2404143
2026-06-05 12:15:00,320.85,321.5,315.2,315.2,1106818
2026-06-05 13:15:00,315.5,316.55,306.05,306.8,2633537
2026-06-05 14:15:00,306.65,306.85,301.55,302.1,4036831
2026-06-05 15:15:00,302.15,303.55,301.95,302.65,1059893
2026-06-08 09:15:00,299.6,301.9,293.6,298.0,2007200
2026-06-08 10:15:00,298.0,298.7,296.25,297.45,433120
2026-06-08 11:15:00,297.7,298.75,296.7,297.6,274423
2026-06-08 12:15:00,297.8,301.4,297.2,299.25,456251
2026-06-08 13:15:00,299.25,299.35,297.0,297.3,246254
2026-06-08 14:15:00,297.3,298.0,292.65,292.95,560909
2026-06-08 15:15:00,292.9,295.0,291.8,293.3,509035
2026-06-09 09:15:00,295.0,299.15,293.25,294.8,1455314
2026-06-09 10:15:00,294.85,294.9,292.65,293.4,390601
2026-06-09 11:15:00,293.55,294.3,291.55,293.45,416590
2026-06-09 12:15:00,293.45,297.9,293.45,295.65,505933
2026-06-09 13:15:00,295.65,296.1,294.65,295.4,209639
2026-06-09 14:15:00,295.5,297.9,295.05,297.6,420515
2026-06-09 15:15:00,297.65,297.85,296.1,297.5,338912
2026-06-10 09:15:00,297.7,300.0,291.0,292.4,1333390
2026-06-10 10:15:00,292.3,293.7,291.35,293.0,300548
2026-06-10 11:15:00,293.0,293.0,290.35,291.9,328019
2026-06-10 12:15:00,291.9,291.9,290.35,291.55,204431
2026-06-10 13:15:00,291.65,291.8,290.3,290.4,185431
2026-06-10 14:15:00,290.3,291.0,287.0,287.55,799813
2026-06-10 15:15:00,287.8,288.0,286.25,287.2,391017
2026-06-11 09:15:00,286.65,300.5,286.1,292.7,3897464
2026-06-11 10:15:00,292.7,294.55,290.85,291.25,536484
2026-06-11 11:15:00,291.4,292.9,290.4,290.7,284866
2026-06-11 12:15:00,290.7,291.1,287.45,287.45,403018
2026-06-11 13:15:00,287.5,288.65,285.6,286.95,488835
2026-06-11 14:15:00,286.8,289.25,284.3,286.25,917691
2026-06-11 15:15:00,286.25,291.75,286.1,291.15,600676
2026-06-12 09:15:00,291.5,295.5,291.5,292.5,885155
2026-06-12 10:15:00,292.5,296.4,292.3,294.2,503076
2026-06-12 11:15:00,294.2,294.5,292.15,292.15,212113
2026-06-12 12:15:00,292.2,292.65,290.55,291.35,180964
2026-06-12 13:15:00,291.35,293.9,289.65,293.85,561973
2026-06-12 14:15:00,293.95,298.0,293.95,296.85,960332
2026-06-12 15:15:00,296.7,297.8,296.25,296.8,324755
2026-06-15 09:15:00,303.1,321.05,302.0,312.45,8670565
2026-06-15 10:15:00,312.45,312.9,308.35,309.0,1604699
2026-06-15 11:15:00,309.15,309.45,307.45,308.55,501769
2026-06-15 12:15:00,308.65,311.0,306.6,307.15,767668
2026-06-15 13:15:00,307.1,311.5,306.95,310.25,903640
2026-06-15 14:15:00,310.25,316.25,309.0,309.5,3435450
2026-06-15 15:15:00,309.5,310.25,307.0,309.45,1015054
2026-06-16 09:15:00,312.0,317.25,309.1,309.6,1713019
2026-06-16 10:15:00,309.55,311.0,308.5,308.95,471259
2026-06-16 11:15:00,308.95,309.55,308.05,308.85,220616
2026-06-16 12:15:00,308.85,309.75,307.6,308.65,222633
2026-06-16 13:15:00,308.6,309.95,308.6,309.6,163361
2026-06-16 14:15:00,309.45,309.8,308.25,308.9,428838
2026-06-16 15:15:00,308.9,309.25,305.5,308.2,547309
2026-06-17 09:15:00,309.6,310.75,306.8,308.9,833412
2026-06-17 10:15:00,308.9,309.9,307.55,308.0,202680
2026-06-17 11:15:00,308.15,309.95,308.0,309.6,211437
2026-06-17 12:15:00,309.6,312.35,309.0,310.5,797959
2026-06-17 13:15:00,310.3,313.65,309.5,310.2,658530
2026-06-17 14:15:00,310.2,311.55,309.3,311.3,516773
2026-06-17 15:15:00,311.25,311.4,309.7,310.65,312659
2026-06-18 09:15:00,311.8,319.5,311.05,314.7,2983581
2026-06-18 10:15:00,314.7,316.35,313.1,313.25,497627
2026-06-18 11:15:00,313.4,314.65,312.4,313.6,347842
2026-06-18 12:15:00,313.6,314.55,313.45,314.25,141055
2026-06-18 13:15:00,314.1,314.25,311.9,311.9,251462
2026-06-18 14:15:00,312.0,312.5,308.55,310.0,855936
2026-06-18 15:15:00,309.85,311.0,307.2,308.5,643364
2026-06-19 09:15:00,309.5,319.5,309.5,315.0,3211415
2026-06-19 10:15:00,314.9,316.2,312.8,314.2,651165
2026-06-19 11:15:00,314.2,314.25,312.8,313.3,302396
2026-06-19 12:15:00,313.3,314.25,311.4,311.4,369387
2026-06-19 13:15:00,311.5,313.5,311.5,312.4,235832
2026-06-19 14:15:00,312.55,312.8,310.1,312.6,611109
2026-06-19 15:15:00,312.55,312.85,311.25,312.2,467932
2026-06-22 09:15:00,314.0,327.9,314.0,322.5,7571877
2026-06-22 10:15:00,322.3,328.9,319.55,325.8,3510472
2026-06-22 11:15:00,325.8,329.0,323.7,324.1,2196812
2026-06-22 12:15:00,324.0,326.3,323.8,324.7,885613
2026-06-22 13:15:00,324.6,325.15,323.1,324.45,594000
2026-06-22 14:15:00,324.3,325.95,323.3,324.25,931344
2026-06-22 15:15:00,324.25,324.5,320.75,321.95,1129110
2026-06-23 09:15:00,324.0,325.7,319.6,324.1,1347840
2026-06-23 10:15:00,324.1,324.85,320.5,321.9,626370
2026-06-23 11:15:00,321.9,327.35,321.65,325.15,1859738
2026-06-23 12:15:00,325.15,325.35,319.65,322.1,783436
2026-06-23 13:15:00,322.35,322.4,320.0,321.55,285782
2026-06-23 14:15:00,321.55,322.5,319.3,320.4,597200
2026-06-23 15:15:00,320.35,321.3,319.05,319.9,415161
2026-06-24 09:15:00,320.6,327.85,320.1,325.45,2324041
2026-06-24 10:15:00,325.45,327.25,324.0,324.85,1046877
2026-06-24 11:15:00,324.8,330.0,323.7,329.4,1968523
2026-06-24 12:15:00,329.4,330.0,324.1,324.95,1547409
2026-06-24 13:15:00,324.95,325.4,320.95,323.25,875010
2026-06-24 14:15:00,323.25,324.45,321.5,323.3,647537
2026-06-24 15:15:00,323.35,324.4,322.0,322.85,450366
2026-06-25 09:15:00,325.0,326.7,320.6,321.7,1195655
2026-06-25 10:15:00,321.7,322.5,320.8,320.95,266188
2026-06-25 11:15:00,320.95,321.05,316.2,316.85,717688
2026-06-25 12:15:00,316.85,317.2,311.1,312.45,858179
2026-06-25 13:15:00,312.45,314.25,311.2,311.3,398891
2026-06-25 14:15:00,311.35,312.8,310.5,311.7,578649
2026-06-25 15:15:00,311.75,312.75,310.55,312.7,354781
2026-06-29 09:15:00,312.6,316.5,305.5,308.8,1119687
2026-06-29 10:15:00,308.8,309.0,307.0,307.35,205666
2026-06-29 11:15:00,307.25,308.5,306.1,306.4,253378
2026-06-29 12:15:00,306.45,307.75,305.6,307.0,179507
2026-06-29 13:15:00,307.2,307.35,306.05,307.35,177707
2026-06-29 14:15:00,307.35,308.0,306.3,306.75,366207
2026-06-29 15:15:00,306.75,309.0,306.5,308.0,346968
2026-06-30 09:15:00,308.5,310.85,303.65,304.35,957115
2026-06-30 10:15:00,304.35,304.8,303.4,303.85,262527
2026-06-30 11:15:00,303.95,305.85,303.95,304.75,277938
2026-06-30 12:15:00,304.7,305.1,303.8,304.3,174166
2026-06-30 13:15:00,304.3,305.5,303.6,303.85,223586
2026-06-30 14:15:00,303.85,305.5,303.55,304.7,516804
2026-06-30 15:15:00,304.9,306.6,304.6,306.45,384424
2026-07-01 09:15:00,306.4,308.8,300.2,303.0,1044576
2026-07-01 10:15:00,303.2,305.65,301.65,305.05,378160
2026-07-01 11:15:00,305.05,305.7,302.7,302.8,255467
2026-07-01 12:15:00,302.8,303.0,301.7,302.0,173281
2026-07-01 13:15:00,302.0,302.25,301.1,302.1,163216
2026-07-01 14:15:00,302.05,302.15,300.35,301.35,364160
2026-07-01 15:15:00,301.35,301.7,300.0,300.7,250567
2026-07-02 09:15:00,302.0,302.9,298.0,299.0,814628
2026-07-02 10:15:00,299.15,299.35,296.5,297.4,389110
2026-07-02 11:15:00,297.4,303.4,296.5,302.6,568313
2026-07-02 12:15:00,302.6,304.0,301.75,302.6,364420
2026-07-02 13:15:00,302.45,303.45,302.0,302.9,169154
2026-07-02 14:15:00,302.9,304.0,302.15,303.7,444031
2026-07-02 15:15:00,303.6,303.9,302.75,303.5,252749
2026-07-03 09:15:00,305.05,307.7,302.15,303.2,789456
2026-07-03 10:15:00,303.1,304.25,302.5,302.7,225286
2026-07-03 11:15:00,302.85,303.65,302.3,302.85,99548
2026-07-03 12:15:00,302.9,303.25,301.75,302.9,134214
2026-07-03 13:15:00,302.85,303.1,302.1,302.65,90812
2026-07-03 14:15:00,302.6,302.95,301.45,301.8,352012
2026-07-03 15:15:00,301.85,301.9,301.2,301.45,213286
2026-07-06 09:15:00,301.45,302.0,293.25,295.35,1437398
2026-07-06 10:15:00,295.35,296.5,292.7,293.15,398071
2026-07-06 11:15:00,293.15,294.2,292.65,292.9,383995
2026-07-06 12:15:00,292.9,293.2,292.15,292.25,259609
2026-07-06 13:15:00,292.2,293.05,292.2,292.7,188056
2026-07-06 14:15:00,292.7,295.2,292.3,293.4,526847
2026-07-06 15:15:00,293.5,294.8,293.05,293.95,323812
2026-07-07 09:15:00,294.45,294.9,288.6,290.15,695714
2026-07-07 10:15:00,290.15,290.45,289.25,290.15,134987
2026-07-07 11:15:00,290.3,290.8,289.45,290.1,122713
2026-07-07 12:15:00,290.1,290.3,288.4,289.35,220781
2026-07-07 13:15:00,289.3,290.0,289.0,289.65,92101
2026-07-07 14:15:00,289.65,291.45,289.55,290.65,252012
2026-07-07 15:15:00,290.65,291.25,289.0,289.7,194549
2026-07-08 09:15:00,287.0,293.3,286.95,291.25,926797
2026-07-08 10:15:00,291.35,292.5,290.3,291.4,203601
2026-07-08 11:15:00,291.25,295.0,291.25,291.85,467453
2026-07-08 12:15:00,291.85,292.45,290.3,291.25,178477
2026-07-08 13:15:00,291.2,291.25,282.2,282.35,810015
2026-07-08 14:15:00,282.5,283.5,275.2,278.35,1688070
2026-07-08 15:15:00,278.2,278.9,276.5,277.45,390257
2026-07-09 09:15:00,278.95,282.45,275.65,281.3,1061272
2026-07-09 10:15:00,281.15,281.9,278.85,278.85,337496
2026-07-09 11:15:00,278.8,279.75,277.9,279.65,280373
2026-07-09 12:15:00,279.8,279.8,278.8,279.35,128378
2026-07-09 13:15:00,279.35,279.9,278.35,278.75,165896
2026-07-09 14:15:00,278.8,280.15,276.5,277.2,407614
2026-07-09 15:15:00,277.2,278.45,276.6,278.05,185743
2026-07-10 09:15:00,279.9,285.8,279.0,284.7,983638
2026-07-10 10:15:00,284.7,285.45,283.25,284.15,227571
2026-07-10 11:15:00,284.15,284.6,283.55,284.0,94511
2026-07-10 12:15:00,284.0,284.25,283.0,283.3,132925
2026-07-10 13:15:00,283.25,284.0,282.7,283.9,98198
2026-07-10 14:15:00,283.9,285.45,283.25,284.6,301817
2026-07-10 15:15:00,284.5,287.0,284.0,285.55,299330
2026-07-13 09:15:00,281.0,284.1,279.55,283.25,410914
2026-07-13 10:15:00,283.25,287.0,283.1,285.2,437148
2026-07-13 11:15:00,285.35,286.35,284.1,285.5,157110
2026-07-13 12:15:00,285.7,286.4,284.55,284.55,221436
2026-07-13 13:15:00,284.6,286.9,284.0,286.6,206122
2026-07-13 14:15:00,286.5,286.9,284.9,285.75,302227
2026-07-13 15:15:00,285.6,287.4,285.05,287.0,182539
2026-07-14 09:15:00,285.0,289.35,285.0,286.3,674353
2026-07-14 10:15:00,286.35,286.8,284.15,285.9,327529
2026-07-14 11:15:00,285.9,285.9,283.15,283.3,172626
2026-07-14 12:15:00,283.4,284.2,283.05,283.6,89844
2026-07-14 13:15:00,283.6,285.15,283.2,284.0,89993
2026-07-14 14:15:00,284.05,288.0,283.4,285.6,362425
2026-07-14 15:15:00,285.6,287.0,282.5,283.65,251360
2026-07-15 09:15:00,284.7,286.5,282.9,285.65,398827
2026-07-15 10:15:00,285.45,285.95,284.1,284.15,90335
2026-07-15 11:15:00,284.3,285.0,283.25,283.85,136121
2026-07-15 12:15:00,283.95,289.35,283.8,289.15,646319
2026-07-15 13:15:00,289.15,290.0,286.6,287.0,278597
2026-07-15 14:15:00,287.0,287.65,286.05,286.95,160600
2026-07-15 15:15:00,286.9,289.9,286.8,288.55,142213
2026-07-16 09:15:00,288.95,296.0,288.55,290.5,962306
2026-07-16 10:15:00,290.5,291.9,289.55,291.05,139046
2026-07-16 11:15:00,291.05,292.55,289.5,291.85,239959
2026-07-16 12:15:00,291.9,292.2,290.35,291.0,102029
2026-07-16 13:15:00,291.25,292.4,290.5,291.85,128923
2026-07-16 14:15:00,291.95,292.15,290.5,290.7,262998
2026-07-16 15:15:00,290.9,291.0,288.5,289.4,176832
2026-07-17 09:15:00,290.5,290.5,286.4,287.5,311581
2026-07-17 10:15:00,287.75,287.95,285.45,285.7,162418
2026-07-17 11:15:00,285.7,285.85,284.05,284.8,137144
2026-07-17 12:15:00,284.8,284.8,281.15,282.45,310335
2026-07-17 13:15:00,282.45,282.5,281.25,281.95,121742
2026-07-17 14:15:00,281.95,284.1,281.05,281.45,367898
2026-07-17 15:15:00,281.45,282.5,281.0,282.25,164044
2026-07-20 09:15:00,281.8,283.95,280.0,282.65,271676
2026-07-20 10:15:00,282.65,283.25,281.5,281.6,83827
2026-07-20 11:15:00,281.6,281.85,279.1,279.7,151706
2026-07-20 12:15:00,279.7,281.0,278.55,281.0,109899
2026-07-20 13:15:00,281.15,282.0,280.6,281.5,127815
2026-07-20 14:15:00,281.5,281.5,280.5,280.85,114531
2026-07-20 15:15:00,280.85,281.2,280.0,280.5,97387
2026-07-21 09:15:00,281.0,283.5,279.5,279.65,287372
2026-07-21 10:15:00,279.5,280.15,277.2,277.85,225608
2026-07-21 11:15:00,277.95,278.15,277.5,277.65,105690
2026-07-21 12:15:00,277.7,277.95,277.0,277.6,113286
2026-07-21 13:15:00,277.65,278.1,276.1,277.25,237340
2026-07-21 14:15:00,277.25,277.4,276.25,276.85,195805
2026-07-21 15:15:00,276.85,278.0,276.5,277.2,129427
2026-07-22 09:15:00,277.0,279.8,273.4,274.6,421000
2026-07-22 10:15:00,274.6,274.6,271.5,271.8,362648
2026-07-22 11:15:00,271.8,272.5,269.6,270.45,230976
2026-07-22 12:15:00,270.4,270.95,269.35,269.65,133993
2026-07-22 13:15:00,269.65,270.5,269.2,269.55,105699
2026-07-22 14:15:00,269.55,270.5,268.7,269.55,228425
2026-07-22 15:15:00,269.7,269.75,267.15,268.15,303894
2026-07-23 09:15:00,268.5,270.5,266.05,269.15,503396
2026-07-23 10:15:00,269.35,271.4,268.55,270.2,222461
2026-07-23 11:15:00,270.0,270.15,268.0,269.35,119764
2026-07-23 12:15:00,269.2,269.45,267.1,267.3,111347
2026-07-23 13:15:00,267.35,269.35,267.05,269.1,84228
2026-07-23 14:15:00,269.0,269.3,267.0,268.9,196093
2026-07-23 15:15:00,268.75,269.0,267.0,268.8,138666
2026-07-24 09:15:00,265.5,266.2,260.2,260.85,680167
2026-07-24 10:15:00,260.85,266.45,260.5,265.8,437776
2026-07-24 11:15:00,265.7,268.3,265.4,267.3,156447
2026-07-24 12:15:00,267.3,270.95,267.2,270.0,270902
2026-07-24 13:15:00,270.4,273.7,270.2,273.5,308352
2026-07-24 14:15:00,273.4,274.6,272.6,274.5,276198
2026-07-24 15:15:00,274.5,277.2,274.5,275.5,213446
2026-07-27 09:15:00,277.15,281.95,275.4,280.8,670762
2026-07-27 10:15:00,280.75,284.2,279.65,283.65,326016
2026-07-27 11:15:00,283.55,287.1,282.8,284.6,522021
2026-07-27 12:15:00,284.45,284.8,283.1,284.0,186425
2026-07-27 13:15:00,284.0,284.3,283.5,284.0,85736
2026-07-27 14:15:00,284.1,285.0,283.1,284.2,252814
2026-07-27 15:15:00,284.2,284.4,282.5,283.3,144766
2026-07-28 09:15:00,285.0,285.5,277.7,278.65,697680
2026-07-28 10:15:00,278.5,281.25,278.35,279.75,220126
2026-07-28 11:15:00,279.65,280.25,279.1,279.7,49278
2026-07-28 12:15:00,279.5,279.8,278.85,279.0,91117
2026-07-28 13:15:00,278.95,279.4,278.5,278.8,47942
2026-07-28 14:15:00,278.8,279.7,277.5,278.95,192680
2026-07-28 15:15:00,278.95,279.8,277.75,278.0,155392
2026-07-29 09:15:00,280.3500061035156,282.5,278.45001220703125,280.8500061035156,0
2026-07-29 10:15:00,280.8500061035156,281.0,279.3999938964844,279.8999938964844,80054
2026-07-29 11:15:00,280.0,281.0,279.20001220703125,280.3999938964844,57162
2026-07-29 12:15:00,280.6000061035156,280.6000061035156,278.0,279.5,188006
2026-07-29 13:15:00,279.5,279.8999938964844,278.6499938964844,278.70001220703125,108254
2026-07-29 14:15:00,278.70001220703125,279.29998779296875,278.5,278.95001220703125,187189
2026-07-29 15:15:00,278.95001220703125,279.04998779296875,277.79998779296875,278.3500061035156,117558
2026-07-30 09:15:00,277.95001220703125,279.3500061035156,275.70001220703125,275.8500061035156,0
2026-07-30 10:15:00,275.8500061035156,277.5,275.3500061035156,277.0,82286
2026-07-30 11:15:00,277.0,278.0,276.6000061035156,277.25,51619
2026-07-30 12:15:00,277.29998779296875,281.0,277.0,279.1000061035156,248982
2026-07-30 13:15:00,279.29998779296875,279.3500061035156,278.0,278.1499938964844,66792
2026-07-30 14:15:00,278.1499938964844,279.75,277.54998779296875,278.45001220703125,119585
2026-07-30 15:15:00,278.5,278.75,277.5,278.20001220703125,75646
2026-07-31 09:15:00,279.6499938964844,281.95001220703125,278.1000061035156,281.75,0
2026-07-31 10:15:00,281.75,285.6499938964844,280.20001220703125,284.25,428141
2026-07-31 11:15:00,284.20001220703125,286.1499938964844,283.70001220703125,285.1000061035156,465497
2026-07-31 12:15:00,285.0,285.6499938964844,284.70001220703125,284.70001220703125,163338
2026-07-31 13:15:00,284.8999938964844,292.6499938964844,284.5,290.3999938964844,968320
2026-07-31 14:15:00,290.3999938964844,292.75,288.6499938964844,291.45001220703125,862743
2026-07-31 15:15:00,291.5,291.8999938964844,290.25,290.5,285353
2026-08-03 09:15:00,294.0,295.54998779296875,292.20001220703125,293.75,0
2026-08-03 10:15:00,293.6000061035156,294.0,292.25,292.45001220703125,207106
2026-08-03 11:15:00,292.3500061035156,292.79998779296875,290.70001220703125,291.3999938964844,185996
2026-08-03 12:15:00,291.3999938964844,293.3500061035156,291.3999938964844,292.3999938964844,154525
2026-08-03 13:15:00,292.3999938964844,294.0,292.20001220703125,293.45001220703125,185781
2026-08-03 14:15:00,293.75,293.75,292.04998779296875,292.70001220703125,276155
2026-08-03 15:15:00,292.70001220703125,292.8999938964844,292.04998779296875,292.6499938964844,92228
2026-08-04 09:15:00,299.25,306.45001220703125,298.79998779296875,302.5,3378826
2026-08-04 10:15:00,302.54998779296875,304.0,301.6499938964844,302.79998779296875,704800
2026-08-04 11:15:00,302.70001220703125,303.79998779296875,301.0,301.1499938964844,456517
2026-08-04 12:15:00,301.5,302.70001220703125,299.29998779296875,300.75,740707
2026-08-04 13:15:00,300.75,303.1000061035156,300.25,301.5,504114
2026-08-04 14:15:00,301.5,303.1000061035156,300.6000061035156,300.70001220703125,771570
2026-08-04 15:15:00,300.6499938964844,301.0,299.5,300.3500061035156,331930
2026-08-05 09:15:00,302.25,304.75,297.54998779296875,300.0,0
2026-08-05 10:15:00,300.0,302.0,299.29998779296875,301.1499938964844,361865
2026-08-05 11:15:00,301.1499938964844,301.3999938964844,298.6000061035156,299.6499938964844,263584
2026-08-05 12:15:00,299.6499938964844,302.70001220703125,299.6499938964844,301.6000061035156,299830
2026-08-05 13:15:00,301.54998779296875,302.3999938964844,300.8999938964844,300.8999938964844,125991
2026-08-05 14:15:00,300.8999938964844,301.8500061035156,300.0,300.54998779296875,279477
2026-08-05 15:15:00,300.70001220703125,301.0,300.04998779296875,300.70001220703125,138292
2026-08-06 09:15:00,302.3500061035156,305.8500061035156,300.8999938964844,304.6499938964844,0
2026-08-06 10:15:00,304.6499938964844,307.5,304.0,305.75,720011
2026-08-06 11:15:00,305.75,308.0,305.04998779296875,306.70001220703125,585660
2026-08-06 12:15:00,306.8999938964844,307.95001220703125,305.5,306.0,445950
2026-08-06 13:15:00,306.0,310.95001220703125,304.1000061035156,308.3500061035156,1578026
2026-08-06 14:15:00,308.25,308.95001220703125,307.20001220703125,307.79998779296875,674978
2026-08-06 15:15:00,307.79998779296875,309.75,306.5,308.6000061035156,0
2026-08-07 09:15:00,316.95001220703125,319.8999938964844,308.6000061035156,310.1499938964844,8036681
2026-08-07 10:15:00,310.1000061035156,311.8500061035156,309.54998779296875,309.54998779296875,865513
2026-08-07 11:15:00,309.54998779296875,310.8500061035156,308.79998779296875,309.1000061035156,638223
2026-08-07 12:15:00,309.1000061035156,309.8999938964844,305.6000061035156,305.6000061035156,1003846
2026-08-07 13:15:00,304.5,305.0,302.20001220703125,304.04998779296875,1210391
2026-08-07 14:15:00,304.1499938964844,306.1000061035156,303.3999938964844,304.79998779296875,1461800
2026-08-07 15:15:00,304.75,305.5,302.20001220703125,303.75,588998
2026-08-10 09:15:00,305.54998779296875,305.54998779296875,298.79998779296875,300.1499938964844,0
2026-08-10 10:15:00,300.20001220703125,301.6000061035156,299.6499938964844,300.75,268038
2026-08-10 11:15:00,300.8999938964844,300.8999938964844,296.6000061035156,297.25,450600
2026-08-10 12:15:00,297.25,298.25,297.1000061035156,297.95001220703125,175697
2026-08-10 13:15:00,297.8999938964844,298.29998779296875,297.1000061035156,297.20001220703125,122622
2026-08-10 14:15:00,297.04998779296875,297.45001220703125,294.1499938964844,294.5,540687
2026-08-10 15:15:00,294.54998779296875,295.6000061035156,294.1499938964844,294.95001220703125,198899
2026-08-11 09:15:00,296.25,298.6499938964844,293.0,294.20001220703125,0
2026-08-11 10:15:00,294.04998779296875,294.5,293.25,294.29998779296875,214176
2026-08-11 11:15:00,294.1499938964844,294.1499938964844,291.70001220703125,292.70001220703125,239738
2026-08-11 12:15:00,292.79998779296875,293.6499938964844,292.3500061035156,292.5,140751
2026-08-11 13:15:00,292.3999938964844,293.25,291.3500061035156,292.8999938964844,213850
2026-08-11 14:15:00,292.75,295.0,292.75,293.8500061035156,251707
2026-08-11 15:15:00,294.20001220703125,294.45001220703125,293.70001220703125,293.8999938964844,97687
2026-08-12 09:15:00,294.0,299.29998779296875,294.0,297.3999938964844,0
2026-08-12 10:15:00,297.3999938964844,297.95001220703125,295.0,295.1000061035156,145320
2026-08-12 11:15:00,295.20001220703125,296.79998779296875,295.04998779296875,296.25,106827
2026-08-12 12:15:00,296.25,297.1000061035156,295.8999938964844,296.8999938964844,97727
2026-08-12 13:15:00,297.0,298.5,296.70001220703125,298.1499938964844,177809
2026-08-12 14:15:00,298.1499938964844,300.8500061035156,297.8500061035156,299.3999938964844,572641
2026-08-12 15:15:00,299.04998779296875,299.75,297.0,297.3999938964844,202680
2026-08-13 09:15:00,298.5,303.5,298.5,300.29998779296875,0
2026-08-13 10:15:00,300.04998779296875,300.6000061035156,298.8500061035156,298.8500061035156,139121
2026-08-13 11:15:00,298.8500061035156,299.79998779296875,298.54998779296875,299.1000061035156,87414
2026-08-13 12:15:00,299.1499938964844,299.5,296.79998779296875,297.1499938964844,201452
2026-08-13 13:15:00,297.1499938964844,297.75,296.04998779296875,296.1499938964844,97525
2026-08-13 14:15:00,296.20001220703125,296.79998779296875,292.75,293.6000061035156,306534
2026-08-13 15:15:00,293.6499938964844,295.45001220703125,293.25,295.45001220703125,136371
2026-08-14 09:15:00,295.5,298.3500061035156,294.6000061035156,294.95001220703125,0
2026-08-14 10:15:00,295.0,295.20001220703125,291.1499938964844,291.95001220703125,323608
2026-08-14 11:15:00,292.0,293.1000061035156,291.6499938964844,293.1000061035156,119334
2026-08-14 12:15:00,293.20001220703125,293.79998779296875,292.6000061035156,293.79998779296875,68529
2026-08-14 13:15:00,293.70001220703125,293.79998779296875,292.1000061035156,292.8999938964844,115859
2026-08-14 14:15:00,292.8500061035156,293.29998779296875,291.5,291.95001220703125,178918
2026-08-14 15:15:00,291.8999938964844,293.20001220703125,291.6499938964844,293.0,74211
2026-08-17 09:15:00,292.95001220703125,293.25,288.29998779296875,291.3500061035156,0
2026-08-17 10:15:00,291.5,291.5,287.6499938964844,287.79998779296875,295525
2026-08-17 11:15:00,287.8500061035156,288.8500061035156,287.29998779296875,287.75,113946
2026-08-17 12:15:00,287.70001220703125,288.6000061035156,287.70001220703125,288.3999938964844,110590
2026-08-17 13:15:00,288.29998779296875,288.5,287.20001220703125,287.20001220703125,144172
2026-08-17 14:15:00,287.45001220703125,287.8500061035156,285.6000061035156,286.3999938964844,360044
2026-08-17 15:15:00,286.3999938964844,287.20001220703125,285.6000061035156,286.75,150940
2026-08-18 09:15:00,285.8999938964844,293.79998779296875,285.3999938964844,290.70001220703125,0
2026-08-18 10:15:00,290.70001220703125,291.6499938964844,290.1499938964844,290.45001220703125,222606
2026-08-18 11:15:00,290.3999938964844,293.1000061035156,290.3999938964844,290.8999938964844,218566
2026-08-18 12:15:00,291.0,291.1499938964844,289.70001220703125,290.0,102347
2026-08-18 13:15:00,290.0,290.5,289.75,290.20001220703125,61350
2026-08-18 14:15:00,290.0,295.75,289.70001220703125,295.70001220703125,943961
2026-08-18 15:15:00,295.6000061035156,297.3999938964844,295.5,296.54998779296875,251375
2026-08-19 09:15:00,298.6499938964844,300.20001220703125,296.1000061035156,296.3500061035156,0
2026-08-19 10:15:00,296.3500061035156,296.3500061035156,294.8500061035156,295.29998779296875,190738
2026-08-19 11:15:00,295.29998779296875,296.20001220703125,295.04998779296875,295.8500061035156,109200
2026-08-19 12:15:00,295.8500061035156,296.20001220703125,294.79998779296875,295.0,98199
2026-08-19 13:15:00,295.04998779296875,295.3999938964844,294.45001220703125,294.70001220703125,102248
2026-08-19 14:15:00,294.5,296.95001220703125,294.1499938964844,294.8999938964844,329975
2026-08-19 15:15:00,295.0,295.3500061035156,294.04998779296875,295.3500061035156,95077
2026-08-20 09:15:00,296.45001220703125,296.6000061035156,293.25,293.3999938964844,0
2026-08-20 10:15:00,293.3999938964844,294.75,292.95001220703125,294.54998779296875,170374
2026-08-20 11:15:00,294.45001220703125,294.6000061035156,293.8500061035156,294.1000061035156,72120
2026-08-20 12:15:00,294.1000061035156,294.3500061035156,293.3999938964844,293.8500061035156,49171
2026-08-20 13:15:00,293.79998779296875,294.0,293.04998779296875,293.3999938964844,75398
2026-08-20 14:15:00,293.29998779296875,293.29998779296875,290.3999938964844,291.0,309949
2026-08-20 15:15:00,290.95001220703125,292.20001220703125,290.20001220703125,291.5,110653
2026-08-21 09:15:00,292.6000061035156,294.45001220703125,291.75,292.8999938964844,0
2026-08-21 10:15:00,293.0,293.79998779296875,291.54998779296875,292.1000061035156,165424
2026-08-21 11:15:00,292.1000061035156,292.20001220703125,291.20001220703125,291.3999938964844,75031
2026-08-21 12:15:00,291.3999938964844,291.75,290.20001220703125,291.1000061035156,116537
2026-08-21 13:15:00,290.95001220703125,291.3999938964844,290.54998779296875,290.75,61778
2026-08-21 14:15:00,290.75,291.1499938964844,290.0,290.5,154338
2026-08-21 15:15:00,290.6000061035156,290.8500061035156,290.0,290.70001220703125,77117
2026-08-24 09:15:00,292.04998779296875,294.95001220703125,292.04998779296875,294.3999938964844,0
2026-08-24 10:15:00,294.54998779296875,294.54998779296875,290.1000061035156,290.1499938964844,158281
2026-08-24 11:15:00,290.20001220703125,290.5,289.54998779296875,289.79998779296875,101595
2026-08-24 12:15:00,289.79998779296875,289.79998779296875,288.79998779296875,288.8500061035156,85813
2026-08-24 13:15:00,289.25,289.5,287.29998779296875,287.5,73892
2026-08-24 14:15:00,287.6000061035156,289.25,287.1000061035156,288.3500061035156,199901
2026-08-24 15:15:00,288.1499938964844,289.79998779296875,288.0,288.45001220703125,86409
2026-08-25 09:15:00,289.8500061035156,293.8500061035156,288.20001220703125,288.75,0
2026-08-25 10:15:00,288.8500061035156,290.25,288.70001220703125,289.54998779296875,103306
2026-08-25 11:15:00,289.75,290.04998779296875,288.8999938964844,289.25,53916
2026-08-25 12:15:00,289.25,289.3999938964844,288.0,288.1499938964844,74024
2026-08-25 13:15:00,288.25,288.54998779296875,287.75,288.1499938964844,48311
2026-08-25 14:15:00,288.1499938964844,288.8999938964844,286.8500061035156,287.5,374651
2026-08-25 15:15:00,287.6000061035156,289.1000061035156,287.6000061035156,288.8999938964844,160393
2026-08-26 09:15:00,290.1499938964844,293.20001220703125,289.5,290.0,0
2026-08-26 10:15:00,289.95001220703125,290.45001220703125,289.20001220703125,290.1499938964844,87460
2026-08-26 11:15:00,290.1000061035156,291.20001220703125,287.8999938964844,288.04998779296875,248093
2026-08-26 12:15:00,288.04998779296875,290.3999938964844,287.3500061035156,289.75,349382
2026-08-26 13:15:00,289.75,289.75,288.29998779296875,288.8999938964844,70417
2026-08-26 14:15:00,288.8999938964844,289.1499938964844,287.70001220703125,288.3999938964844,216802
2026-08-26 15:15:00,288.5,289.20001220703125,288.0,288.5,93540
2026-08-27 09:15:00,289.75,297.5,289.75,295.70001220703125,0
2026-08-27 10:15:00,295.70001220703125,300.5,295.70001220703125,297.29998779296875,1387585
2026-08-27 11:15:00,297.29998779296875,297.45001220703125,295.54998779296875,296.0,326276
2026-08-27 12:15:00,296.1000061035156,296.95001220703125,295.79998779296875,296.25,127965
2026-08-27 13:15:00,296.25,296.25,294.79998779296875,295.29998779296875,158712
2026-08-27 14:15:00,295.29998779296875,295.6499938964844,291.6499938964844,292.20001220703125,480370
2026-08-27 15:15:00,292.25,293.20001220703125,292.25,293.20001220703125,187668
2026-08-28 09:15:00,294.79998779296875,303.6499938964844,294.79998779296875,301.79998779296875,0
2026-08-28 10:15:00,301.70001220703125,302.6499938964844,300.6499938964844,300.75,418930
2026-08-28 11:15:00,300.8999938964844,301.0,298.6499938964844,299.29998779296875,417762
2026-08-28 12:15:00,299.3999938964844,301.75,299.20001220703125,301.45001220703125,315087
2026-08-28 13:15:00,301.6499938964844,302.5,300.5,300.8500061035156,339814
2026-08-28 14:15:00,300.75,301.1499938964844,298.29998779296875,299.20001220703125,554051
2026-08-28 15:15:00,299.5,300.25,298.3500061035156,299.79998779296875,267841
2026-08-31 09:15:00,297.8999938964844,297.8999938964844,289.1499938964844,289.5,0
2026-08-31 10:15:00,289.25,289.8999938964844,288.54998779296875,289.6499938964844,257112
2026-08-31 11:15:00,289.5,291.3999938964844,289.5,290.79998779296875,140537
2026-08-31 12:15:00,290.8999938964844,291.25,290.20001220703125,290.8500061035156,77908
2026-08-31 13:15:00,290.70001220703125,291.25,289.79998779296875,290.25,92263
2026-08-31 14:15:00,290.25,291.29998779296875,288.79998779296875,288.95001220703125,426227
2026-08-31 15:15:00,288.95001220703125,290.25,288.70001220703125,289.79998779296875,285300
2026-09-01 09:15:00,290.45001220703125,293.25,290.45001220703125,292.1499938964844,0
2026-09-01 10:15:00,292.1499938964844,296.70001220703125,291.95001220703125,294.6000061035156,551945
2026-09-01 11:15:00,294.70001220703125,295.1499938964844,292.75,292.75,191168
2026-09-01 12:15:00,292.75,292.75,288.70001220703125,288.75,567002
2026-09-01 13:15:00,288.75,288.95001220703125,285.1499938964844,285.25,460386
2026-09-01 14:15:00,285.1499938964844,287.8999938964844,285.0,287.5,559144
2026-09-01 15:15:00,287.54998779296875,289.6000061035156,287.5,287.5,112840
2026-09-02 09:15:00,285.5,295.3500061035156,285.5,293.3500061035156,0
2026-09-02 10:15:00,293.1000061035156,298.3999938964844,293.04998779296875,294.25,885376
2026-09-02 11:15:00,294.45001220703125,295.04998779296875,293.45001220703125,294.3999938964844,206054
2026-09-02 12:15:00,294.45001220703125,295.6499938964844,294.29998779296875,295.0,190478
2026-09-02 13:15:00,294.79998779296875,295.0,294.25,294.54998779296875,127659
2026-09-02 14:15:00,294.3999938964844,295.0,289.79998779296875,289.95001220703125,729426
2026-09-02 15:15:00,289.95001220703125,292.75,282.79998779296875,288.20001220703125,1162865
